#idx     perf      run   period           start             end          rel_st      slack c_duration   c_period     wu_lat
   0       68     2058     2059      8954556986      8954559045           58385     -49749       2000      10000          0
   0       68     2043     2043      8954559065      8954561109           60464     -41812       2000      10000          0
   0       68     2043     2043      8954561124      8954563167           62523     -33870       2000      10000          0
   0       68     2043     2043      8954563181      8954565224           64580     -25928       2000      10000          0
   0       68     2043     2043      8954565238      8954567281           66637     -17985       2000      10000          0
   0       68     2043     2044      8954567295      8954569338           68694     -10042       2000      10000          0
   0       68     2043     2044      8954569351      8954571395           70750      -2099       2000      10000          0
   0       68     2044     7898      8954571408      8954579306           72807       5845       2000      10000         10
   0       68     2043     9984      8954579321      8954589304           80720       7932       2000      10000          8
   0       68     2043     9986      8954589318      8954599305           90717       7935       2000      10000          8
   0       68     2044     9985      8954599318      8954609303          100717       7934       2000      10000          7
   0       68     2043     9988      8954609317      8954619304          110716       7936       2000      10000          8
   0       68     2043     9987      8954619318      8954629305          120717       7935       2000      10000          8
   0       68     2043     9985      8954629318      8954639304          130717       7935       2000      10000          7
   0       68     2043     9987      8954639317      8954649305          140716       7936       2000      10000          8
   0       68     2043     9986      8954649318      8954659305          150718       7934       2000      10000          8
   0       68     2043     9987      8954659318      8954669305          160717       7935       2000      10000          9
   0       68     2043     9985      8954669319      8954679304          170718       7935       2000      10000          7
   0       68     2043     9987      8954679317      8954689304          180716       7935       2000      10000          8
   0       68     2043     9986      8954689318      8954699304          190717       7935       2000      10000          7
   0       68     2043     9987      8954699317      8954709304          200716       7936       2000      10000          7
   0       68     2043     9987      8954709317      8954719304          210717       7936       2000      10000          8
   0       68     2043     9987      8954719318      8954729304          220717       7936       2000      10000          8
   0       68     2043     9986      8954729318      8954739304          230717       7935       2000      10000          8
   0       68     2043     9987      8954739318      8954749304          240717       7935       2000      10000          8
   0       68     2043     9987      8954749318      8954759304          250717       7935       2000      10000          8
   0       68     2043     9995      8954759317      8954769312          260716       7936       2000      10000         16
   0       68     2043     9975      8954769336      8954779311          270735       7917       2000      10000         15
   0       68     2044     9980      8954779336      8954789316          280735       7916       2000      10000         19
   0       68     2043     9965      8954789348      8954799313          290747       7905       2000      10000         16
   0       68     2043     9964      8954799345      8954809308          300744       7908       2000      10000         11
   0       68     2044     9963      8954809341      8954819304          310740       7911       2000      10000          8
   0       68     2043     9984      8954819321      8954829305          320720       7932       2000      10000          9
   0       68     2043     9901      8954829403      8954839304          330802       7850       2000      10000          7
   0       68     2043     9983      8954839321      8954849303          340720       7933       2000      10000          7
   0       68     2043     9986      8954849318      8954859305          350717       7935       2000      10000          8
   0       68     2043     9985      8954859320      8954869305          360719       7933       2000      10000          8
   0       68     2043     9984      8954869320      8954879304          370719       7933       2000      10000          8
   0       68     2043     9984      8954879319      8954889303          380718       7934       2000      10000          7
   0       68     2043     9985      8954889319      8954899304          390718       7934       2000      10000          8
   0       68     2043     9986      8954899318      8954909305          400717       7934       2000      10000          8
   0       68     2043     9985      8954909319      8954919304          410718       7934       2000      10000          8
   0       68     2043     9985      8954919319      8954929304          420718       7934       2000      10000          8
   0       68     2043     9985      8954929318      8954939304          430717       7935       2000      10000          7
   0       68     2043     9986      8954939317      8954949304          440717       7936       2000      10000          7
   0       68     2043     9987      8954949317      8954959303          450716       7936       2000      10000          7
   0       68     2043     9987      8954959316      8954969304          460716       7937       2000      10000          7
   0       68     2043     9987      8954969316      8954979303          470716       7936       2000      10000          7
   0       68     2043     9986      8954979317      8954989303          480716       7936       2000      10000          7
   0       68     2043     9986      8954989317      8954999303          490717       7936       2000      10000          7
   0       68     2043     9987      8954999317      8955009304          500716       7936       2000      10000          8
   0       68     2043     9984      8955009319      8955019303          510718       7934       2000      10000          7
   0       68     2043     9987      8955019317      8955029304          520716       7937       2000      10000          8
   0       68     2043     9985      8955029319      8955039304          530718       7935       2000      10000          8
   0       68     2043     9984      8955039319      8955049303          540718       7934       2000      10000          7
   0       68     2043     9987      8955049317      8955059304          550716       7936       2000      10000          8
   0       68     2043     9985      8955059319      8955069304          560718       7934       2000      10000          8
   0       68     2044     9983      8955069331      8955079313          570730       7922       2000      10000         17
   0       68     2044     9969      8955079339      8955089308          580738       7914       2000      10000         11
   0       68     2047     9970      8955089341      8955099311          590740       7908       2000      10000         14
   0       68     2043     9966      8955099343      8955109309          600742       7910       2000      10000         11
   0       68     2046     9970      8955109342      8955119312          610741       7907       2000      10000         15
   0       68     2043     9965      8955119344      8955129309          620743       7909       2000      10000         12
   0       68     2046     9968      8955129341      8955139309          630740       7909       2000      10000         12
   0       68     2046     9967      8955139342      8955149309          640741       7907       2000      10000         12
   0       68     2047     9968      8955149341      8955159308          650740       7908       2000      10000         11
   0       68     2046     9923      8955159387      8955169309          660786       7863       2000      10000         12
   0       68     2043     9980      8955169341      8955179321          670740       7912       2000      10000         24
   0       68     2044     9960      8955179349      8955189309          680749       7903       2000      10000         12
   0       68     2046     9968      8955189341      8955199309          690740       7909       2000      10000         12
   0       68     2046     9967      8955199341      8955209309          700740       7909       2000      10000         12
   0       68     2046     9971      8955209338      8955219310          710738       7911       2000      10000         13
   0       68     2046     9967      8955219343      8955229309          720742       7907       2000      10000         12
   0       68     2046     9965      8955229344      8955239309          730743       7906       2000      10000         12
   0       68     2046     9969      8955239340      8955249309          740740       7909       2000      10000         12
   0       68     2046     9969      8955249340      8955259310          750740       7909       2000      10000         13
   0       68     2046     9966      8955259342      8955269308          760741       7908       2000      10000         11
   0       68     2046     9968      8955269341      8955279309          770740       7909       2000      10000         12
   0       68     2044     9970      8955279339      8955289309          780738       7913       2000      10000         12
   0       68     2046     9970      8955289341      8955299311          790740       7909       2000      10000         14
   0       68     2043     9965      8955299342      8955309308          800741       7910       2000      10000         11
   0       68     2043     9965      8955309340      8955319305          810739       7912       2000      10000          9
   0       68     2043     9984      8955319322      8955329306          820721       7932       2000      10000          9
   0       68     2043     9981      8955329323      8955339304          830722       7931       2000      10000          8
   0       68     2043     9984      8955339319      8955349303          840718       7934       2000      10000          7
   0       68     2043     9985      8955349320      8955359305          850719       7933       2000      10000          9
   0       68     2043     9986      8955359319      8955369304          860718       7934       2000      10000          8
   0       68     2044     9984      8955369319      8955379303          870718       7933       2000      10000          7
   0       68     2043     9986      8955379318      8955389304          880718       7935       2000      10000          8
   0       68     2043     9985      8955389319      8955399305          890718       7934       2000      10000          8
   0       68     2043     9985      8955399319      8955409304          900718       7934       2000      10000          8
   0       68     2044     9985      8955409319      8955419304          910719       7933       2000      10000          8
   0       68     2043     9987      8955419318      8955429305          920717       7935       2000      10000          8
   0       68     2043     9985      8955429319      8955439303          930718       7934       2000      10000          7
   0       68     2043     9986      8955439318      8955449304          940717       7935       2000      10000          7
   0       68     2043     9985      8955449319      8955459303          950718       7934       2000      10000          7
   0       68     2043     9987      8955459317      8955469304          960716       7936       2000      10000          8
   0       68     2043     9985      8955469319      8955479303          970718       7935       2000      10000          7
   0       68     2043     9988      8955479317      8955489305          980716       7936       2000      10000          9
   0       68     2043     9950      8955489355      8955499305          990754       7898       2000      10000          8
   0       68     2043     9984      8955499320      8955509305         1000719       7933       2000      10000          8
   0       68     2043     9984      8955509320      8955519304         1010719       7933       2000      10000          8
   0       68     2043     9986      8955519318      8955529304         1020717       7935       2000      10000          8
   0       68     2043     9986      8955529321      8955539307         1030720       7932       2000      10000         10
   0       68     2043     9986      8955539321      8955549307         1040720       7932       2000      10000         10
   0       68     2043     9989      8955549322      8955559311         1050721       7931       2000      10000         15
   0       68     2043     9993      8955559325      8955569318         1060724       7928       2000      10000         22
   0       68     2043     9980      8955569342      8955579322         1070741       7911       2000      10000         25
   0       68     2044     9957      8955579353      8955589310         1080752       7900       2000      10000         13
   0       68     2046     9963      8955589346      8955599309         1090745       7904       2000      10000         12
   0       68     2046     9968      8955599343      8955609311         1100742       7906       2000      10000         14
   0       68     2044     9964      8955609345      8955619309         1110744       7907       2000      10000         12
   0       68     2046     9970      8955619346      8955629316         1120745       7904       2000      10000         19
   0       68     2043     9960      8955629351      8955639311         1130750       7902       2000      10000         14
   0       68     2043     9965      8955639345      8955649310         1140744       7908       2000      10000         13
   0       68     2043     9964      8955649346      8955659310         1150745       7906       2000      10000         13
   0       68     2043     9973      8955659348      8955669321         1160747       7905       2000      10000         24
   0       68     2047     9956      8955669355      8955679311         1170754       7894       2000      10000         14
   0       68     2044     9969      8955679345      8955689314         1180745       7907       2000      10000         17
   0       68     2046     9960      8955689351      8955699311         1190750       7899       2000      10000         14
   0       68     2043     9965      8955699344      8955709309         1200743       7909       2000      10000         12
   0       68     2046     9966      8955709344      8955719310         1210743       7906       2000      10000         13
   0       68     2046     9960      8955719349      8955729309         1220748       7902       2000      10000         12
   0       68     2046     9979      8955729346      8955739326         1230746       7903       2000      10000         29
   0       68     2044     9958      8955739361      8955749319         1240760       7892       2000      10000         22
   0       68     2043     9962      8955749354      8955759316         1250753       7899       2000      10000         19
   0       68     2043     9960      8955759350      8955769310         1260750       7902       2000      10000         13
   0       68     2046     9962      8955769349      8955779311         1270748       7901       2000      10000         13
   0       68     2043     9965      8955779343      8955789308         1280743       7909       2000      10000         11
   0       68     2043     9964      8955789342      8955799306         1290741       7910       2000      10000          9
   0       68     2043     9978      8955799326      8955809304         1300725       7927       2000      10000          8
   0       68     2043     9983      8955809322      8955819305         1310721       7931       2000      10000          8
   0       68     2043     9925      8955819379      8955829304         1320778       7874       2000      10000          8
   0       68     2043     9984      8955829320      8955839304         1330719       7933       2000      10000          8
   0       68     2043     9986      8955839319      8955849305         1340718       7934       2000      10000          8
   0       68     2043     9984      8955849320      8955859304         1350719       7934       2000      10000          7
   0       68     2043     9986      8955859318      8955869304         1360717       7935       2000      10000          8
   0       68     2044     9983      8955869321      8955879303         1370720       7932       2000      10000          7
   0       68     2043     9986      8955879318      8955889304         1380717       7935       2000      10000          7
   0       68     2043     9985      8955889319      8955899305         1390718       7934       2000      10000          8
   0       68     2044     9985      8955899319      8955909304         1400718       7934       2000      10000          8
   0       68     2043     9985      8955909319      8955919304         1410718       7934       2000      10000          8
   0       68     2043     9984      8955919319      8955929303         1420719       7934       2000      10000          7
   0       68     2043     9985      8955929320      8955939304         1430719       7934       2000      10000          8
   0       68     2044     9986      8955939318      8955949304         1440718       7934       2000      10000          8
   0       68     2043     9985      8955949319      8955959305         1450719       7933       2000      10000          8
   0       68     2043     9985      8955959318      8955969303         1460718       7935       2000      10000          7
   0       68     2043     9986      8955969319      8955979305         1470718       7935       2000      10000          8
   0       68     2043     9984      8955979320      8955989304         1480719       7933       2000      10000          8
   0       68     2043     9985      8955989319      8955999304         1490718       7935       2000      10000          7
   0       68     2043     9988      8955999317      8956009305         1500716       7936       2000      10000          8
   0       68     2043     9984      8956009320      8956019304         1510720       7933       2000      10000          8
   0       68     2043     9987      8956019318      8956029304         1520717       7935       2000      10000          8
   0       68     2043     9986      8956029319      8956039305         1530718       7934       2000      10000          8
   0       68     2044     9985      8956039318      8956049303         1540717       7934       2000      10000          6
   0       68     2046     9999      8956049317      8956059316         1550716       7934       2000      10000         19
   0       68     2044     9964      8956059344      8956069308         1560743       7908       2000      10000         11
   0       68     2043     9972      8956069342      8956079314         1570741       7911       2000      10000         17
   0       68     2047     9962      8956079348      8956089310         1580747       7901       2000      10000         13
   0       68     2046     9965      8956089345      8956099310         1590744       7905       2000      10000         13
   0       68     2044     9964      8956099345      8956109309         1600745       7906       2000      10000         12
   0       68     2046     9971      8956109343      8956119313         1610742       7907       2000      10000         16
   0       68     2043     9961      8956119354      8956129315         1620753       7898       2000      10000         18
   0       68     2047     9952      8956129356      8956139308         1630755       7893       2000      10000         11
   0       68     2046     9976      8956139341      8956149317         1640740       7909       2000      10000         20
   0       68     2043     9918      8956149392      8956159310         1650791       7860       2000      10000         13
   0       68     2046     9965      8956159343      8956169309         1660743       7906       2000      10000         12
   0       68     2044     9967      8956169343      8956179310         1670742       7909       2000      10000         13
   0       68     2044     9968      8956179342      8956189309         1680741       7910       2000      10000         12
   0       68     2043     9971      8956189343      8956199314         1690742       7910       2000      10000         17
   0       68     2043     9961      8956199349      8956209310         1700748       7904       2000      10000         13
   0       68     2044     9964      8956209343      8956219308         1710742       7909       2000      10000         11
   0       68     2043     9963      8956219341      8956229305         1720741       7911       2000      10000          8
   0       68     2043     9982      8956229323      8956239305         1730722       7930       2000      10000          8
   0       68     2043     9982      8956239321      8956249303         1740720       7933       2000      10000          7
   0       68     2043     9985      8956249320      8956259304         1750719       7934       2000      10000          8
   0       68     2043     9987      8956259320      8956269307         1760719       7933       2000      10000         11
   0       68     2043     9980      8956269324      8956279304         1770723       7929       2000      10000          8
   0       68     2043     9984      8956279319      8956289304         1780719       7933       2000      10000          7
   0       68     2043     9985      8956289319      8956299304         1790719       7934       2000      10000          8
   0       68     2043     9983      8956299320      8956309303         1800719       7933       2000      10000          7
   0       68     2043     9987      8956309317      8956319304         1810716       7937       2000      10000          7
   0       68     2043     9987      8956319317      8956329305         1820716       7936       2000      10000          8
   0       68     2043     9984      8956329320      8956339304         1830719       7933       2000      10000          7
   0       68     2043     9986      8956339318      8956349304         1840717       7935       2000      10000          7
   0       68     2043     9986      8956349318      8956359304         1850718       7935       2000      10000          8
   0       68     2043     9986      8956359318      8956369304         1860717       7935       2000      10000          8
   0       68     2044     9986      8956369318      8956379304         1870717       7935       2000      10000          7
   0       68     2043     9985      8956379318      8956389303         1880717       7935       2000      10000          7
   0       68     2043     9986      8956389319      8956399305         1890718       7935       2000      10000          8
   0       68     2043     9986      8956399318      8956409304         1900718       7935       2000      10000          8
   0       68     2043     9987      8956409318      8956419305         1910717       7935       2000      10000          8
   0       68     2043     9984      8956419320      8956429304         1920719       7933       2000      10000          8
   0       68     2043     9986      8956429320      8956439306         1930719       7933       2000      10000          9
   0       68     2043     9983      8956439320      8956449303         1940719       7933       2000      10000          7
   0       68     2043     9986      8956449318      8956459305         1950717       7934       2000      10000          8
   0       68     2043     9985      8956459318      8956469304         1960718       7935       2000      10000          7
   0       68     2043     9994      8956469318      8956479312         1970717       7935       2000      10000         16
   0       68     2044     9936      8956479379      8956489315         1980778       7873       2000      10000         18
   0       68     2044     9962      8956489351      8956499312         1990750       7902       2000      10000         15
   0       68     2046     9959      8956499350      8956509309         2000749       7900       2000      10000         12
   0       68     2044     9966      8956509345      8956519311         2010744       7907       2000      10000         14
   0       68     2043     9961      8956519347      8956529308         2020746       7906       2000      10000         11
   0       68     2046     9964      8956529344      8956539308         2030743       7906       2000      10000         11
   0       68     2047     9965      8956539343      8956549308         2040742       7906       2000      10000         11
   0       68     2047     9968      8956549344      8956559312         2050743       7905       2000      10000         15
   0       68     2043     9962      8956559348      8956569310         2060747       7905       2000      10000         12
   0       68     2046     9970      8956569348      8956579319         2070748       7901       2000      10000         22
   0       68     2043     9957      8956579353      8956589310         2080752       7899       2000      10000         13
   0       68     2046     9960      8956589348      8956599308         2090747       7902       2000      10000         11
   0       68     2046     9963      8956599344      8956609308         2100744       7906       2000      10000         11
   0       68     2043     9961      8956609344      8956619305         2110743       7909       2000      10000          8
   0       68     2043     9981      8956619324      8956629304         2120723       7929       2000      10000          8
   0       68     2043     9980      8956629324      8956639304         2130723       7930       2000      10000          7
   0       68     2043     9984      8956639319      8956649303         2140718       7933       2000      10000          7
   0       68     2043     9985      8956649318      8956659304         2150717       7935       2000      10000          7
   0       68     2043     9985      8956659319      8956669303         2160718       7934       2000      10000          7
   0       68     2043     9987      8956669318      8956679305         2170717       7934       2000      10000          8
   0       68     2043     9984      8956679319      8956689304         2180718       7934       2000      10000          7
   0       68     2043     9985      8956689319      8956699304         2190718       7934       2000      10000          8
   0       68     2043     9985      8956699318      8956709303         2200717       7935       2000      10000          7
   0       68     2043     9987      8956709317      8956719304         2210716       7936       2000      10000          8
   0       68     2043     9987      8956719318      8956729305         2220717       7935       2000      10000          9
   0       68     2043     9984      8956729320      8956739304         2230719       7934       2000      10000          8
   0       68     2043     9987      8956739318      8956749305         2240717       7935       2000      10000          9
   0       68     2043     9985      8956749320      8956759305         2250719       7933       2000      10000          8
   0       68     2043     9985      8956759319      8956769304         2260718       7934       2000      10000          8
   0       68     2044     9985      8956769318      8956779304         2270718       7934       2000      10000          7
   0       68     2043     9985      8956779318      8956789303         2280718       7935       2000      10000          7
   0       68     2043     9987      8956789318      8956799304         2290717       7936       2000      10000          8
   0       68     2043     9985      8956799319      8956809304         2300718       7934       2000      10000          7
   0       68     2043     9926      8956809378      8956819304         2310777       7875       2000      10000          7
   0       68     2043     9986      8956819319      8956829305         2320718       7934       2000      10000          9
   0       68     2043     9984      8956829321      8956839305         2330720       7932       2000      10000          8
   0       68     2043     9983      8956839320      8956849303         2340719       7933       2000      10000          6
   0       68     2043     9989      8956849316      8956859305         2350716       7937       2000      10000          9
   0       68     2043     9997      8956859319      8956869317         2360719       7934       2000      10000         20
   0       68     2044     9970      8956869340      8956879310         2370739       7912       2000      10000         13
   0       68     2043     9966      8956879345      8956889311         2380744       7907       2000      10000         14
   0       68     2044     9963      8956889348      8956899311         2390747       7905       2000      10000         14
   0       68     2043     9971      8956899346      8956909316         2400745       7907       2000      10000         19
   0       68     2047     9956      8956909352      8956919308         2410751       7897       2000      10000         11
   0       68     2043     9960      8956919344      8956929304         2420743       7909       2000      10000          8
   0       68     2043     9979      8956929324      8956939304         2430724       7929       2000      10000          7
   0       68     2043     9984      8956939319      8956949303         2440718       7934       2000      10000          6
   0       68     2043     9986      8956949319      8956959305         2450718       7934       2000      10000          8
   0       68     2043     9985      8956959319      8956969304         2460719       7934       2000      10000          8
   0       68     2044     9984      8956969321      8956979304         2470720       7932       2000      10000          8
   0       68     2043     9985      8956979319      8956989304         2480718       7934       2000      10000          8
   0       68     2043     9984      8956989321      8956999305         2490720       7932       2000      10000          8
   0       68     2043     9984      8956999320      8957009303         2500719       7933       2000      10000          7
   0       68     2043     9986      8957009318      8957019304         2510717       7935       2000      10000          7
   0       68     2043     9987      8957019317      8957029305         2520717       7936       2000      10000          8
   0       68     2043     9986      8957029318      8957039304         2530718       7935       2000      10000          8
   0       68     2043     9986      8957039317      8957049303         2540716       7936       2000      10000          7
   0       68     2043     9986      8957049318      8957059304         2550717       7935       2000      10000          8
   0       68     2043     9987      8957059318      8957069304         2560717       7936       2000      10000          8
   0       68     2044     9986      8957069319      8957079305         2570718       7933       2000      10000          9
   0       68     2043     9985      8957079319      8957089304         2580718       7934       2000      10000          7
   0       68     2043     9986      8957089319      8957099305         2590718       7934       2000      10000          8
   0       68     2043     9985      8957099320      8957109304         2600719       7934       2000      10000          8
   0       68     2043     9983      8957109321      8957119305         2610720       7932       2000      10000          8
   0       68     2043     9985      8957119319      8957129304         2620718       7934       2000      10000          8
   0       68     2043     9985      8957129319      8957139304         2630718       7934       2000      10000          8
   0       68     2044     9937      8957139367      8957149304         2640766       7886       2000      10000          8
   0       68     2043     9985      8957149319      8957159304         2650718       7934       2000      10000          8
   0       68     2043     9985      8957159319      8957169304         2660718       7935       2000      10000          7
   0       68     2043     9990      8957169320      8957179310         2670719       7933       2000      10000         14
   0       68     2043     9982      8957179328      8957189310         2680727       7925       2000      10000         12
   0       68     2043     9963      8957189346      8957199309         2690745       7906       2000      10000         12
   0       68     2047     9961      8957199347      8957209308         2700746       7902       2000      10000         11
   0       68     2044     9961      8957209343      8957219304         2710742       7909       2000      10000          8
   0       68     2043     9980      8957219324      8957229304         2720723       7930       2000      10000          7
   0       68     2043     9982      8957229322      8957239304         2730721       7931       2000      10000          8
   0       68     2043     9983      8957239320      8957249303         2740719       7933       2000      10000          7
   0       68     2043     9985      8957249319      8957259304         2750718       7934       2000      10000          8
   0       68     2043     9984      8957259320      8957269305         2760719       7933       2000      10000          8
   0       68     2043     9984      8957269319      8957279303         2770718       7934       2000      10000          7
   0       68     2043     9985      8957279318      8957289303         2780717       7935       2000      10000          7
   0       68     2043     9984      8957289321      8957299305         2790720       7933       2000      10000          9
   0       68     2044     9984      8957299319      8957309303         2800718       7933       2000      10000          7
   0       68     2044     9986      8957309318      8957319303         2810717       7935       2000      10000          7
   0       68     2043     9988      8957319318      8957329306         2820717       7935       2000      10000         10
   0       68     2043     9984      8957329321      8957339304         2830720       7932       2000      10000          8
   0       68     2043     9984      8957339320      8957349303         2840719       7933       2000      10000          7
   0       68     2043     9988      8957349318      8957359305         2850717       7936       2000      10000          9
   0       68     2043     9985      8957359318      8957369304         2860717       7935       2000      10000          7
   0       68     2043     9987      8957369318      8957379306         2870717       7935       2000      10000          9
   0       68     2043     9987      8957379320      8957389306         2880719       7934       2000      10000         10
   0       68     2043     9984      8957389320      8957399304         2890719       7933       2000      10000          8
   0       68     2043     9985      8957399319      8957409305         2900718       7934       2000      10000          8
   0       68     2043     9985      8957409319      8957419304         2910718       7935       2000      10000          8
   0       68     2043     9987      8957419318      8957429305         2920717       7935       2000      10000          9
   0       68     2043     9985      8957429319      8957439304         2930718       7934       2000      10000          8
   0       68     2043     9988      8957439317      8957449305         2940716       7936       2000      10000          8
   0       68     2043     9987      8957449318      8957459304         2950717       7935       2000      10000          8
   0       68     2043     9997      8957459317      8957469314         2960716       7936       2000      10000         18
   0       68     2043     9914      8957469400      8957479315         2970800       7853       2000      10000         18
   0       68     2043     9974      8957479337      8957489311         2980736       7916       2000      10000         14
   0       68     2047     9957      8957489352      8957499309         2990751       7898       2000      10000         12
   0       68     2047     9963      8957499348      8957509311         3000747       7901       2000      10000         14
   0       68     2043     9966      8957509345      8957519311         3010744       7908       2000      10000         14
   0       68     2043     9963      8957519348      8957529311         3020747       7905       2000      10000         14
   0       68     2047     9962      8957529348      8957539310         3030747       7901       2000      10000         13
   0       68     2044     9966      8957539343      8957549309         3040743       7909       2000      10000         12
   0       68     2046     9962      8957549346      8957559308         3050745       7904       2000      10000         11
   0       68     2046     9964      8957559345      8957569309         3060744       7905       2000      10000         12
   0       68     2046     9969      8957569346      8957579315         3070745       7904       2000      10000         18
   0       68     2047     9960      8957579350      8957589310         3080749       7899       2000      10000         13
   0       68     2043     9964      8957589346      8957599310         3090745       7907       2000      10000         13
   0       68     2046     9969      8957599345      8957609313         3100744       7905       2000      10000         16
   0       68     2043     9962      8957609348      8957619310         3110747       7904       2000      10000         13
   0       68     2046     9965      8957619346      8957629310         3120745       7904       2000      10000         13
   0       68     2043     9964      8957629347      8957639311         3130746       7906       2000      10000         14
   0       68     2047     9961      8957639347      8957649308         3140746       7903       2000      10000         11
   0       68     2043     9963      8957649347      8957659311         3150746       7906       2000      10000         14
   0       68     2046     9959      8957659351      8957669310         3160750       7899       2000      10000         12
   0       68     2046     9965      8957669346      8957679311         3170746       7903       2000      10000         14
   0       68     2044     9961      8957679347      8957689309         3180746       7905       2000      10000         12
   0       68     2043     9965      8957689344      8957699309         3190743       7908       2000      10000         12
   0       68     2043     9961      8957699345      8957709307         3200744       7907       2000      10000         10
   0       68     2044     9964      8957709341      8957719305         3210740       7911       2000      10000          8
   0       68     2043     9981      8957719324      8957729304         3220723       7930       2000      10000          8
   0       68     2043     9983      8957729321      8957739304         3230721       7932       2000      10000          8
   0       68     2043     9983      8957739320      8957749303         3240719       7932       2000      10000          7
   0       68     2043     9986      8957749318      8957759304         3250718       7935       2000      10000          8
   0       68     2043     9994      8957759318      8957769313         3260717       7935       2000      10000         16
   0       68     2043     9974      8957769329      8957779304         3270728       7924       2000      10000          7
   0       68     2043     9985      8957779319      8957789304         3280718       7934       2000      10000          7
   0       68     2043     9985      8957789319      8957799304         3290719       7934       2000      10000          8
   0       68     2043     9911      8957799394      8957809305         3300793       7858       2000      10000          9
   0       68     2044     9982      8957809322      8957819304         3310721       7930       2000      10000          7
   0       68     2043     9985      8957819319      8957829303         3320718       7934       2000      10000          7
   0       68     2043     9986      8957829318      8957839304         3330717       7935       2000      10000          8
   0       68     2044     9986      8957839318      8957849304         3340717       7935       2000      10000          8
   0       68     2043     9985      8957849319      8957859304         3350718       7934       2000      10000          7
   0       68     2043     9986      8957859318      8957869304         3360717       7935       2000      10000          8
   0       68     2043     9985      8957869319      8957879304         3370718       7934       2000      10000          7
   0       68     2044     9985      8957879319      8957889304         3380718       7934       2000      10000          7
   0       68     2043     9984      8957889320      8957899304         3390719       7933       2000      10000          8
   0       68     2043     9984      8957899320      8957909304         3400719       7934       2000      10000          7
   0       68     2043     9985      8957909319      8957919304         3410718       7934       2000      10000          7
   0       68     2043     9984      8957919320      8957929304         3420719       7933       2000      10000          7
   0       68     2043     9986      8957929319      8957939304         3430718       7935       2000      10000          8
   0       68     2043     9986      8957939319      8957949304         3440718       7934       2000      10000          8
   0       68     2043     9986      8957949319      8957959305         3450718       7934       2000      10000          8
   0       68     2043     9992      8957959318      8957969310         3460717       7935       2000      10000         14
   0       68     2043     9985      8957969328      8957979313         3470727       7925       2000      10000         17
   0       68     2044     9966      8957979343      8957989309         3480742       7910       2000      10000         11
   0       68     2043     9961      8957989347      8957999308         3490746       7905       2000      10000         11
   0       68     2046     9966      8957999344      8958009310         3500743       7905       2000      10000         13
   0       68     2043     9963      8958009346      8958019309         3510746       7906       2000      10000         12
   0       68     2046     9962      8958019347      8958029309         3520746       7903       2000      10000         12
   0       68     2046     9963      8958029346      8958039309         3530745       7904       2000      10000         12
   0       68     2043     9962      8958039347      8958049308         3540746       7906       2000      10000         11
   0       68     2043     9958      8958049345      8958059303         3550744       7908       2000      10000          7
   0       68     2043     9981      8958059322      8958069303         3560721       7931       2000      10000          7
   0       68     2043     9982      8958069322      8958079304         3570721       7931       2000      10000          8
   0       68     2043     9984      8958079320      8958089304         3580719       7933       2000      10000          8
   0       68     2043     9984      8958089321      8958099304         3590720       7932       2000      10000          8
   0       68     2043     9985      8958099320      8958109305         3600719       7933       2000      10000          9
   0       68     2043     9983      8958109321      8958119304         3610720       7933       2000      10000          8
   0       68     2043     9984      8958119320      8958129304         3620719       7933       2000      10000          7
   0       68     2043     9939      8958129365      8958139305         3630765       7888       2000      10000          8
   0       68     2043     9983      8958139320      8958149304         3640720       7933       2000      10000          7
   0       68     2043     9986      8958149319      8958159305         3650718       7934       2000      10000          8
   0       68     2043     9991      8958159320      8958169311         3660720       7933       2000      10000         15
   0       68     2043     9977      8958169326      8958179304         3670726       7927       2000      10000          8
   0       68     2043     9987      8958179318      8958189305         3680717       7935       2000      10000          8
   0       68     2043     9984      8958189319      8958199304         3690719       7934       2000      10000          7
   0       68     2043     9985      8958199318      8958209304         3700718       7935       2000      10000          7
   0       68     2043     9987      8958209318      8958219305         3710717       7935       2000      10000          9
   0       68     2043     9984      8958219320      8958229304         3720719       7934       2000      10000          8
   0       68     2043     9985      8958229319      8958239304         3730718       7934       2000      10000          7
   0       68     2043     9986      8958239318      8958249305         3740717       7935       2000      10000          8
   0       68     2043     9984      8958249320      8958259304         3750719       7933       2000      10000          8
   0       68     2043     9987      8958259318      8958269305         3760717       7935       2000      10000          9
   0       68     2043     9985      8958269319      8958279304         3770718       7934       2000      10000          8
   0       68     2043     9986      8958279318      8958289303         3780717       7935       2000      10000          7
   0       68     2043     9987      8958289318      8958299305         3790717       7935       2000      10000          8
   0       68     2043     9985      8958299319      8958309304         3800718       7934       2000      10000          8
   0       68     2046     9998      8958309319      8958319317         3810718       7931       2000      10000         20
   0       68     2043     9963      8958319347      8958329310         3820746       7906       2000      10000         13
   0       68     2044     9957      8958329352      8958339309         3830751       7901       2000      10000         12
   0       68     2046     9965      8958339344      8958349308         3840743       7906       2000      10000         11
   0       68     2046     9967      8958349344      8958359311         3850743       7906       2000      10000         14
   0       68     2043     9962      8958359348      8958369310         3860747       7905       2000      10000         12
   0       68     2047     9964      8958369344      8958379309         3870744       7905       2000      10000         12
   0       68     2043     9969      8958379342      8958389311         3880742       7910       2000      10000         14
   0       68     2043     9963      8958389347      8958399310         3890746       7906       2000      10000         12
   0       68     2043     9961      8958399348      8958409309         3900747       7905       2000      10000         12
   0       68     2047     9964      8958409345      8958419309         3910744       7904       2000      10000         12
   0       68     2046     9963      8958419346      8958429309         3920745       7905       2000      10000         12
   0       68     2043     9966      8958429344      8958439310         3930744       7908       2000      10000         13
   0       68     2043     9964      8958439344      8958449308         3940743       7908       2000      10000         11
   0       68     2046     9965      8958449344      8958459309         3950744       7905       2000      10000         12
   0       68     2043     9920      8958459392      8958469311         3960791       7861       2000      10000         14
   0       68     2044     9964      8958469347      8958479311         3970746       7905       2000      10000         14
   0       68     2044     9961      8958479348      8958489309         3980747       7904       2000      10000         12
   0       68     2046     9965      8958489344      8958499308         3990743       7906       2000      10000         11
   0       68     2043     9960      8958499344      8958509304         4000743       7909       2000      10000          8
   0       68     2043     9979      8958509325      8958519304         4010724       7928       2000      10000          8
   0       68     2043     9983      8958519322      8958529305         4020721       7931       2000      10000          8
   0       68     2043     9983      8958529321      8958539304         4030720       7932       2000      10000          8
   0       68     2043     9984      8958539320      8958549304         4040719       7933       2000      10000          7
   0       68     2043     9986      8958549319      8958559305         4050718       7935       2000      10000          9
   0       68     2043     9984      8958559320      8958569304         4060720       7933       2000      10000          8
   0       68     2043     9984      8958569320      8958579304         4070719       7933       2000      10000          8
   0       68     2043     9985      8958579319      8958589304         4080718       7934       2000      10000          8
   0       68     2043     9985      8958589320      8958599305         4090719       7933       2000      10000          9
   0       68     2043     9984      8958599320      8958609304         4100719       7933       2000      10000          8
   0       68     2043     9986      8958609318      8958619303         4110717       7935       2000      10000          7
   0       68     2043     9988      8958619317      8958629305         4120716       7936       2000      10000          8
   0       68     2043     9985      8958629320      8958639305         4130719       7933       2000      10000          8
   0       68     2043     9984      8958639319      8958649304         4140718       7933       2000      10000          7
   0       68     2043     9985      8958649320      8958659305         4150719       7934       2000      10000          8
   0       68     2043     9986      8958659318      8958669305         4160717       7935       2000      10000          8
   0       68     2043     9987      8958669320      8958679307         4170719       7933       2000      10000         11
   0       68     2043     9982      8958679322      8958689304         4180721       7931       2000      10000          7
   0       68     2043     9986      8958689319      8958699305         4190718       7935       2000      10000          8
   0       68     2044     9984      8958699319      8958709303         4200719       7933       2000      10000          7
   0       68     2043     9987      8958709317      8958719305         4210716       7936       2000      10000          8
   0       68     2043     9988      8958719318      8958729306         4220717       7935       2000      10000          9
   0       68     2043     9985      8958729320      8958739305         4230719       7934       2000      10000          8
   0       68     2043     9985      8958739319      8958749304         4240718       7934       2000      10000          8
   0       68     2043     9992      8958749318      8958759309         4250717       7935       2000      10000         13
   0       68     2043     9989      8958759325      8958769314         4260724       7928       2000      10000         18
   0       68     2044     9971      8958769339      8958779310         4270738       7914       2000      10000         13
   0       68     2047     9965      8958779345      8958789310         4280744       7904       2000      10000         13
   0       68     2043     9928      8958789383      8958799311         4290782       7870       2000      10000         13
   0       68     2046     9957      8958799351      8958809308         4300750       7898       2000      10000         11
   0       68     2044     9960      8958809350      8958819310         4310749       7902       2000      10000         13
   0       68     2046     9963      8958819347      8958829310         4320746       7903       2000      10000         13
   0       68     2043     9961      8958829347      8958839308         4330746       7906       2000      10000         11
   0       68     2044     9965      8958839345      8958849310         4340744       7907       2000      10000         14
   0       68     2043     9976      8958849329      8958859304         4350728       7925       2000      10000          8
   0       68     2043     9982      8958859322      8958869305         4360722       7931       2000      10000          8
   0       68     2043     9982      8958869321      8958879304         4370721       7932       2000      10000          8
   0       68     2043     9984      8958879320      8958889304         4380719       7933       2000      10000          8
   0       68     2043     9984      8958889320      8958899304         4390719       7933       2000      10000          7
   0       68     2043     9985      8958899319      8958909304         4400719       7933       2000      10000          8
   0       68     2043     9985      8958909319      8958919304         4410718       7934       2000      10000          8
   0       68     2043     9985      8958919320      8958929305         4420719       7933       2000      10000          8
   0       68     2043     9984      8958929320      8958939304         4430719       7933       2000      10000          7
   0       68     2043     9984      8958939319      8958949303         4440718       7934       2000      10000          7
   0       68     2043     9986      8958949318      8958959305         4450717       7935       2000      10000          8
   0       68     2043     9986      8958959319      8958969305         4460718       7935       2000      10000          8
   0       68     2043     9984      8958969319      8958979303         4470718       7933       2000      10000          7
   0       68     2043     9987      8958979317      8958989303         4480716       7936       2000      10000          7
   0       68     2043     9989      8958989317      8958999305         4490716       7937       2000      10000          9
   0       68     2043     9986      8958999319      8959009305         4500718       7934       2000      10000          8
   0       68     2043     9984      8959009319      8959019303         4510718       7934       2000      10000          7
   0       68     2043     9990      8959019317      8959029306         4520716       7936       2000      10000         10
   0       68     2043     9984      8959029320      8959039304         4530719       7933       2000      10000          7
   0       68     2043     9986      8959039318      8959049304         4540717       7935       2000      10000          8
   0       68     2043     9986      8959049319      8959059305         4550718       7934       2000      10000          9
   0       68     2043     9986      8959059318      8959069304         4560717       7935       2000      10000          8
   0       68     2044     9985      8959069318      8959079303         4570717       7935       2000      10000          7
   0       68     2043     9988      8959079316      8959089304         4580715       7937       2000      10000          8
   0       68     2043     9987      8959089317      8959099304         4590716       7936       2000      10000          8
   0       68     2044     9988      8959099328      8959109316         4600727       7925       2000      10000         19
   0       68     2043     9970      8959109340      8959119310         4610739       7913       2000      10000         13
   0       68     2047     9891      8959119418      8959129310         4620817       7831       2000      10000         13
   0       68     2046     9963      8959129346      8959139309         4630745       7904       2000      10000         12
   0       68     2044     9964      8959139346      8959149310         4640745       7905       2000      10000         13
   0       68     2043     9975      8959149345      8959159321         4650745       7907       2000      10000         24
   0       68     2043     9951      8959159359      8959169310         4660758       7894       2000      10000         13
   0       68     2043     9964      8959169345      8959179309         4670744       7907       2000      10000         12
   0       68     2046     9964      8959179346      8959189310         4680745       7904       2000      10000         13
   0       68     2043     9967      8959189345      8959199312         4690744       7907       2000      10000         15
   0       68     2043     9952      8959199356      8959209308         4700756       7896       2000      10000         11
   0       68     2044     9963      8959209343      8959219306         4710742       7910       2000      10000          9
   0       68     2043     9978      8959219326      8959229304         4720725       7928       2000      10000          7
   0       68     2043     9984      8959229321      8959239305         4730720       7932       2000      10000          8
   0       68     2043     9983      8959239321      8959249304         4740720       7932       2000      10000          7
   0       68     2043     9986      8959249319      8959259305         4750718       7934       2000      10000          8
   0       68     2043     9983      8959259321      8959269304         4760721       7932       2000      10000          8
   0       68     2043     9985      8959269318      8959279303         4770717       7935       2000      10000          7
   0       68     2043     9985      8959279319      8959289304         4780718       7934       2000      10000          8
   0       68     2043     9986      8959289319      8959299305         4790718       7934       2000      10000          9
   0       68     2043     9985      8959299319      8959309303         4800718       7934       2000      10000          7
   0       68     2044     9988      8959309317      8959319305         4810716       7936       2000      10000          9
   0       68     2043     9984      8959319321      8959329305         4820720       7932       2000      10000          8
   0       68     2043     9986      8959329318      8959339304         4830717       7935       2000      10000          8
   0       68     2043     9985      8959339319      8959349303         4840718       7934       2000      10000          7
   0       68     2043     9986      8959349317      8959359304         4850717       7936       2000      10000          7
   0       68     2043     9986      8959359318      8959369304         4860717       7935       2000      10000          8
   0       68     2043     9984      8959369319      8959379303         4870718       7934       2000      10000          7
   0       68     2043     9986      8959379319      8959389305         4880719       7934       2000      10000          9
   0       68     2043     9985      8959389320      8959399305         4890719       7933       2000      10000          8
   0       68     2044     9985      8959399319      8959409304         4900718       7933       2000      10000          7
   0       68     2044     9986      8959409319      8959419305         4910718       7934       2000      10000          8
   0       68     2043     9987      8959419319      8959429307         4920718       7934       2000      10000         10
   0       68     2043     9984      8959429320      8959439304         4930719       7933       2000      10000          7
   0       68     2043     9988      8959439318      8959449306         4940717       7935       2000      10000         10
   0       68     2044     9940      8959449366      8959459306         4950765       7886       2000      10000          9
   0       68     2043     9983      8959459322      8959469305         4960721       7931       2000      10000          9
   0       68     2043     9985      8959469331      8959479317         4970731       7922       2000      10000         20
   0       68     2044     9969      8959479340      8959489309         4980739       7913       2000      10000         12
   0       68     2047     9965      8959489346      8959499311         4990745       7902       2000      10000         14
   0       68     2043     9960      8959499349      8959509309         5000748       7904       2000      10000         12
   0       68     2046     9963      8959509346      8959519309         5010745       7904       2000      10000         12
   0       68     2046     9965      8959519345      8959529310         5020744       7905       2000      10000         12
   0       68     2046     9960      8959529350      8959539310         5030749       7900       2000      10000         13
   0       68     2044     9963      8959539345      8959549308         5040744       7907       2000      10000         11
   0       68     2047     9974      8959549345      8959559319         5050744       7904       2000      10000         22
   0       68     2043     9952      8959559357      8959569309         5060756       7896       2000      10000         12
   0       68     2047     9960      8959569347      8959579308         5070746       7902       2000      10000         11
   0       68     2043     9975      8959579345      8959589321         5080744       7907       2000      10000         24
   0       68     2043     9957      8959589357      8959599314         5090756       7896       2000      10000         17
   0       68     2043     9958      8959599351      8959609309         5100751       7901       2000      10000         12
   0       68     2044     9963      8959609346      8959619309         5110745       7906       2000      10000         12
   0       68     2046     9965      8959619345      8959629310         5120744       7904       2000      10000         13
   0       68     2046     9968      8959629348      8959639317         5130747       7902       2000      10000         19
   0       68     2043     9955      8959639353      8959649307         5140752       7900       2000      10000         10
   0       68     2046     9966      8959649343      8959659309         5150742       7907       2000      10000         12
   0       68     2046     9962      8959659347      8959669308         5160746       7904       2000      10000         11
   0       68     2046     9965      8959669346      8959679311         5170745       7903       2000      10000         14
   0       68     2043     9961      8959679347      8959689308         5180746       7906       2000      10000         11
   0       68     2046     9964      8959689345      8959699309         5190744       7905       2000      10000         12
   0       68     2044     9960      8959699348      8959709308         5200747       7905       2000      10000         11
   0       68     2044     9962      8959709347      8959719309         5210746       7905       2000      10000         12
   0       68     2046     9965      8959719348      8959729312         5220747       7902       2000      10000         15
   0       68     2046     9959      8959729350      8959739309         5230750       7900       2000      10000         12
   0       68     2046     9965      8959739345      8959749310         5240744       7905       2000      10000         13
   0       68     2046     9963      8959749347      8959759310         5250746       7903       2000      10000         13
   0       68     2043     9963      8959759346      8959769310         5260746       7906       2000      10000         13
   0       68     2044     9960      8959769348      8959779308         5270747       7904       2000      10000         11
   0       68     2044     9915      8959779390      8959789305         5280789       7862       2000      10000          9
   0       68     2043     9980      8959789325      8959799305         5290724       7928       2000      10000          8
   0       68     2043     9984      8959799322      8959809307         5300722       7930       2000      10000         11
   0       68     2043     9980      8959809326      8959819305         5310725       7927       2000      10000          9
   0       68     2043     9983      8959819321      8959829305         5320721       7932       2000      10000          8
   0       68     2043     9984      8959829320      8959839304         5330719       7933       2000      10000          7
   0       68     2043     9985      8959839319      8959849304         5340718       7934       2000      10000          8
   0       68     2043     9996      8959849319      8959859315         5350718       7934       2000      10000         18
   0       68     2043     9974      8959859330      8959869304         5360729       7923       2000      10000          7
   0       68     2043     9984      8959869320      8959879304         5370719       7933       2000      10000          7
   0       68     2043     9987      8959879317      8959889304         5380717       7935       2000      10000          8
   0       68     2043     9985      8959889319      8959899305         5390719       7934       2000      10000          8
   0       68     2043     9986      8959899318      8959909303         5400717       7935       2000      10000          7
   0       68     2043     9987      8959909318      8959919305         5410717       7935       2000      10000          8
   0       68     2043     9985      8959919319      8959929304         5420718       7934       2000      10000          8
   0       68     2043     9986      8959929319      8959939304         5430718       7935       2000      10000          8
   0       68     2043     9986      8959939318      8959949304         5440717       7935       2000      10000          7
   0       68     2043     9988      8959949318      8959959305         5450717       7935       2000      10000          9
   0       68     2043     9984      8959959320      8959969304         5460719       7933       2000      10000          8
   0       68     2043     9984      8959969319      8959979303         5470718       7934       2000      10000          7
   0       68     2043     9987      8959979317      8959989304         5480716       7936       2000      10000          7
   0       68     2043     9985      8959989319      8959999304         5490718       7934       2000      10000          8
   0       68     2043     9987      8959999318      8960009304         5500717       7935       2000      10000          8
   0       68     2043     9985      8960009319      8960019304         5510718       7934       2000      10000          8
   0       68     2043     9988      8960019318      8960029305         5520717       7936       2000      10000          9
   0       68     2043     9991      8960029318      8960039309         5530717       7935       2000      10000         13
   0       68     2043     9989      8960039326      8960049315         5540725       7926       2000      10000         18
   0       68     2043     9971      8960049338      8960059309         5550738       7914       2000      10000         12
   0       68     2044     9976      8960059347      8960069323         5560746       7905       2000      10000         26
   0       68     2044     9946      8960069362      8960079308         5570761       7890       2000      10000         11
   0       68     2044     9959      8960079345      8960089304         5580744       7907       2000      10000          8
   0       68     2043     9981      8960089324      8960099305         5590723       7929       2000      10000          8
   0       68     2043     9988      8960099322      8960109310         5600721       7930       2000      10000         14
   0       68     2043     9934      8960109372      8960119306         5610771       7881       2000      10000          9
   0       68     2043     9982      8960119322      8960129304         5620721       7931       2000      10000          8
   0       68     2043     9984      8960129321      8960139305         5630720       7932       2000      10000          8
   0       68     2043     9980      8960139323      8960149303         5640722       7930       2000      10000          7
   0       68     2043     9985      8960149319      8960159304         5650719       7934       2000      10000          8
   0       68     2043     9984      8960159319      8960169304         5660719       7934       2000      10000          7
   0       68     2043     9983      8960169320      8960179303         5670719       7933       2000      10000          7
   0       68     2044     9987      8960179317      8960189304         5680716       7935       2000      10000          7
   0       68     2043     9986      8960189318      8960199305         5690717       7935       2000      10000          8
   0       68     2043     9984      8960199320      8960209304         5700719       7933       2000      10000          7
   0       68     2043     9986      8960209318      8960219304         5710717       7935       2000      10000          8
   0       68     2043     9986      8960219318      8960229305         5720717       7935       2000      10000          8
   0       68     2043     9985      8960229319      8960239304         5730719       7934       2000      10000          8
   0       68     2043     9985      8960239318      8960249303         5740717       7935       2000      10000          7
   0       68     2043     9986      8960249318      8960259304         5750717       7935       2000      10000          7
   0       68     2043     9986      8960259319      8960269305         5760718       7934       2000      10000          8
   0       68     2043     9984      8960269319      8960279304         5770719       7933       2000      10000          7
   0       68     2043     9985      8960279318      8960289304         5780718       7935       2000      10000          7
   0       68     2043     9985      8960289319      8960299304         5790718       7934       2000      10000          8
   0       68     2043     9988      8960299318      8960309306         5800717       7935       2000      10000          9
   0       68     2043     9985      8960309320      8960319304         5810719       7934       2000      10000          8
   0       68     2043     9986      8960319319      8960329305         5820718       7934       2000      10000          9
   0       68     2043     9985      8960329319      8960339304         5830718       7934       2000      10000          8
   0       68     2047     9996      8960339319      8960349315         5840718       7931       2000      10000         19
   0       68     2044     9971      8960349339      8960359310         5850738       7913       2000      10000         13
   0       68     2043     9973      8960359350      8960369324         5860750       7902       2000      10000         26
   0       68     2044     9950      8960369358      8960379307         5870757       7895       2000      10000         11
   0       68     2047     9965      8960379345      8960389310         5880744       7904       2000      10000         13
   0       68     2044     9963      8960389346      8960399309         5890745       7907       2000      10000         12
   0       68     2043     9962      8960399347      8960409309         5900746       7906       2000      10000         12
   0       68     2047     9972      8960409346      8960419318         5910745       7903       2000      10000         21
   0       68     2043     9953      8960419355      8960429309         5920755       7897       2000      10000         12
   0       68     2046     9961      8960429348      8960439308         5930747       7902       2000      10000         11
   0       68     2044     9919      8960439391      8960449310         5940790       7861       2000      10000         13
   0       68     2043     9964      8960449345      8960459310         5950744       7907       2000      10000         13
   0       68     2046     9963      8960459348      8960469310         5960747       7902       2000      10000         13
   0       68     2043     9966      8960469346      8960479311         5970745       7907       2000      10000         14
   0       68     2044     9959      8960479348      8960489307         5980747       7904       2000      10000         10
   0       68     2043     9962      8960489343      8960499305         5990742       7910       2000      10000          8
   0       68     2043     9980      8960499326      8960509306         6000725       7927       2000      10000          9
   0       68     2043     9981      8960509322      8960519304         6010721       7931       2000      10000          7
   0       68     2043     9984      8960519321      8960529305         6020721       7932       2000      10000          9
   0       68     2043     9983      8960529323      8960539305         6030722       7930       2000      10000          9
   0       68     2043     9982      8960539322      8960549303         6040721       7931       2000      10000          7
   0       68     2043     9985      8960549319      8960559304         6050718       7935       2000      10000          8
   0       68     2043     9985      8960559319      8960569304         6060718       7934       2000      10000          8
   0       68     2043     9985      8960569319      8960579304         6070718       7934       2000      10000          8
   0       68     2043     9987      8960579319      8960589306         6080718       7935       2000      10000          9
   0       68     2043     9985      8960589319      8960599305         6090719       7934       2000      10000          8
   0       68     2043     9985      8960599319      8960609304         6100718       7934       2000      10000          8
   0       68     2043     9986      8960609318      8960619304         6110717       7936       2000      10000          7
   0       68     2043     9987      8960619318      8960629306         6120718       7935       2000      10000          9
   0       68     2043     9983      8960629320      8960639303         6130719       7933       2000      10000          7
   0       68     2043     9985      8960639318      8960649303         6140717       7935       2000      10000          7
   0       68     2043     9986      8960649317      8960659303         6150716       7936       2000      10000          6
   0       68     2043     9987      8960659318      8960669305         6160717       7936       2000      10000          9
   0       68     2043     9985      8960669320      8960679305         6170719       7934       2000      10000          8
   0       68     2043     9985      8960679318      8960689303         6180717       7935       2000      10000          7
   0       68     2043     9988      8960689317      8960699305         6190716       7936       2000      10000          8
   0       68     2043     9986      8960699318      8960709304         6200717       7935       2000      10000          7
   0       68     2043     9986      8960709318      8960719304         6210717       7935       2000      10000          7
   0       68     2043     9988      8960719318      8960729306         6220717       7935       2000      10000          9
   0       68     2043     9985      8960729320      8960739304         6230719       7934       2000      10000          8
   0       68     2043     9985      8960739318      8960749303         6240717       7934       2000      10000          7
   0       68     2046    10001      8960749316      8960759317         6250715       7934       2000      10000         20
   0       68     2043     9965      8960759344      8960769309         6260743       7909       2000      10000         12
   0       68     2043     9902      8960769406      8960779307         6270805       7847       2000      10000         10
   0       68     2043     9963      8960779341      8960789304         6280740       7912       2000      10000          7
   0       68     2043     9980      8960789324      8960799304         6290724       7929       2000      10000          8
   0       68     2043     9983      8960799321      8960809304         6300720       7932       2000      10000          8
   0       68     2043     9982      8960809322      8960819305         6310721       7931       2000      10000          8
   0       68     2043     9985      8960819321      8960829306         6320720       7932       2000      10000          9
   0       68     2043     9984      8960829320      8960839304         6330720       7933       2000      10000          8
   0       68     2043     9984      8960839319      8960849304         6340718       7934       2000      10000          7
   0       68     2043     9985      8960849320      8960859305         6350719       7933       2000      10000          9
   0       68     2043     9983      8960859321      8960869304         6360720       7932       2000      10000          8
   0       68     2044     9984      8960869320      8960879304         6370719       7933       2000      10000          8
   0       68     2043     9986      8960879318      8960889305         6380717       7935       2000      10000          8
   0       68     2043     9985      8960889319      8960899304         6390718       7934       2000      10000          8
   0       68     2043     9985      8960899318      8960909304         6400717       7935       2000      10000          7
   0       68     2044     9987      8960909317      8960919304         6410717       7935       2000      10000          8
   0       68     2043     9986      8960919318      8960929304         6420717       7935       2000      10000          7
   0       68     2043     9986      8960929317      8960939304         6430717       7936       2000      10000          7
   0       68     2043     9987      8960939319      8960949305         6440718       7934       2000      10000          9
   0       68     2043     9985      8960949319      8960959304         6450719       7933       2000      10000          8
   0       68     2043     9986      8960959319      8960969305         6460718       7934       2000      10000          9
   0       68     2043     9983      8960969321      8960979304         6470720       7932       2000      10000          8
   0       68     2043     9987      8960979317      8960989304         6480716       7936       2000      10000          8
   0       68     2043     9987      8960989318      8960999304         6490717       7936       2000      10000          8
   0       68     2043     9986      8960999318      8961009304         6500717       7935       2000      10000          8
   0       68     2043     9985      8961009318      8961019304         6510718       7935       2000      10000          8
   0       68     2043     9987      8961019317      8961029304         6520716       7936       2000      10000          8
   0       68     2043     9986      8961029319      8961039304         6530718       7935       2000      10000          8
   0       68     2043     9988      8961039329      8961049316         6540728       7924       2000      10000         20
   0       68     2043     9971      8961049339      8961059311         6550738       7913       2000      10000         13
   0       68     2044     9958      8961059352      8961069310         6560752       7900       2000      10000         13
   0       68     2046     9965      8961069348      8961079313         6570747       7902       2000      10000         16
   0       68     2046     9957      8961079350      8961089307         6580750       7899       2000      10000         11
   0       68     2043     9962      8961089343      8961099304         6590742       7910       2000      10000          8
   0       68     2043     9927      8961099377      8961109304         6600777       7876       2000      10000          8
   0       68     2043     9981      8961109323      8961119304         6610722       7930       2000      10000          8
   0       68     2043     9983      8961119322      8961129305         6620721       7931       2000      10000          8
   0       68     2043     9983      8961129321      8961139304         6630720       7933       2000      10000          7
   0       68     2043     9982      8961139322      8961149304         6640721       7931       2000      10000          7
   0       68     2043     9986      8961149319      8961159304         6650718       7934       2000      10000          8
   0       68     2043     9984      8961159320      8961169303         6660719       7934       2000      10000          7
   0       68     2044     9986      8961169319      8961179305         6670718       7934       2000      10000          8
   0       68     2043     9984      8961179319      8961189303         6680718       7934       2000      10000          7
   0       68     2043     9987      8961189318      8961199305         6690717       7935       2000      10000          8
   0       68     2043     9984      8961199320      8961209304         6700719       7933       2000      10000          8
   0       68     2043     9991      8961209317      8961219308         6710716       7936       2000      10000         12
   0       68     2043     9983      8961219323      8961229306         6720723       7930       2000      10000         10
   0       68     2043     9984      8961229322      8961239306         6730721       7931       2000      10000          9
   0       68     2043     9985      8961239319      8961249304         6740718       7934       2000      10000          8
   0       68     2043     9987      8961249318      8961259305         6750717       7935       2000      10000          8
   0       68     2043     9985      8961259319      8961269304         6760718       7934       2000      10000          8
   0       68     2044     9986      8961269318      8961279304         6770717       7934       2000      10000          7
   0       68     2043     9986      8961279319      8961289304         6780718       7934       2000      10000          8
   0       68     2043     9986      8961289318      8961299305         6790717       7935       2000      10000          8
   0       68     2043     9985      8961299319      8961309304         6800718       7934       2000      10000          7
   0       68     2043     9987      8961309317      8961319305         6810716       7936       2000      10000          8
   0       68     2043     9985      8961319319      8961329305         6820719       7934       2000      10000          8
   0       68     2043     9985      8961329318      8961339303         6830717       7935       2000      10000          7
   0       68     2043     9996      8961339317      8961349314         6840716       7936       2000      10000         17
   0       68     2043     9977      8961349333      8961359311         6850733       7919       2000      10000         14
   0       68     2043     9962      8961359349      8961369311         6860748       7904       2000      10000         14
   0       68     2047     9962      8961369347      8961379309         6870746       7902       2000      10000         12
   0       68     2044     9962      8961379347      8961389308         6880746       7905       2000      10000         11
   0       68     2046     9966      8961389345      8961399311         6890744       7905       2000      10000         13
   0       68     2043     9968      8961399348      8961409316         6900747       7904       2000      10000         19
   0       68     2043     9958      8961409352      8961419310         6910751       7901       2000      10000         13
   0       68     2043     9964      8961419347      8961429311         6920746       7905       2000      10000         14
   0       68     2046     9902      8961429408      8961439310         6930808       7841       2000      10000         14
   0       68     2044     9961      8961439348      8961449309         6940747       7904       2000      10000         12
   0       68     2046     9964      8961449344      8961459309         6950743       7906       2000      10000         12
   0       68     2046     9970      8961459347      8961469317         6960746       7903       2000      10000         20
   0       68     2044     9955      8961469353      8961479308         6970752       7899       2000      10000         11
   0       68     2046     9962      8961479346      8961489308         6980745       7904       2000      10000         11
   0       68     2046     9967      8961489343      8961499310         6990743       7907       2000      10000         13
   0       68     2043     9961      8961499348      8961509309         7000747       7904       2000      10000         12
   0       68     2046     9967      8961509345      8961519312         7010744       7905       2000      10000         15
   0       68     2047     9958      8961519353      8961529311         7020752       7896       2000      10000         14
   0       68     2046     9964      8961529347      8961539311         7030746       7903       2000      10000         14
   0       68     2046     9958      8961539349      8961549308         7040748       7900       2000      10000         11
   0       68     2043     9963      8961549341      8961559304         7050741       7911       2000      10000          8
   0       68     2043     9980      8961559326      8961569305         7060725       7927       2000      10000          9
   0       68     2043     9981      8961569322      8961579303         7070722       7930       2000      10000          7
   0       68     2044     9983      8961579321      8961589304         7080720       7932       2000      10000          7
   0       68     2043     9985      8961589320      8961599305         7090719       7933       2000      10000          9
   0       68     2043     9982      8961599321      8961609303         7100720       7932       2000      10000          7
   0       68     2043     9986      8961609318      8961619304         7110717       7935       2000      10000          7
   0       68     2043     9990      8961619319      8961629309         7120718       7934       2000      10000         12
   0       68     2043     9976      8961629327      8961639304         7130726       7926       2000      10000          7
   0       68     2044     9983      8961639320      8961649303         7140719       7933       2000      10000          7
   0       68     2043     9985      8961649320      8961659304         7150719       7933       2000      10000          8
   0       68     2043     9985      8961659319      8961669304         7160718       7934       2000      10000          7
   0       68     2043     9986      8961669318      8961679303         7170717       7935       2000      10000          7
   0       68     2043     9984      8961679319      8961689303         7180718       7934       2000      10000          7
   0       68     2043     9987      8961689318      8961699305         7190717       7935       2000      10000          8
   0       68     2043     9984      8961699320      8961709304         7200719       7932       2000      10000          8
   0       68     2044     9985      8961709319      8961719305         7210718       7933       2000      10000          8
   0       68     2043     9985      8961719320      8961729305         7220719       7933       2000      10000          8
   0       68     2043     9985      8961729319      8961739304         7230718       7934       2000      10000          8
   0       68     2043     9984      8961739319      8961749303         7240718       7934       2000      10000          7
   0       68     2043     9988      8961749317      8961759305         7250716       7936       2000      10000          8
   0       68     2043     9932      8961759372      8961769304         7260772       7881       2000      10000          8
   0       68     2043     9982      8961769322      8961779304         7270721       7931       2000      10000          7
   0       68     2043     9984      8961779319      8961789303         7280718       7934       2000      10000          7
   0       68     2043     9989      8961789318      8961799307         7290717       7935       2000      10000         11
   0       68     2044     9988      8961799324      8961809312         7300723       7928       2000      10000         16
   0       68     2043     9985      8961809331      8961819315         7310730       7922       2000      10000         18
   0       68     2043     9955      8961819354      8961829309         7320753       7899       2000      10000         12
   0       68     2046     9967      8961829345      8961839312         7330744       7905       2000      10000         15
   0       68     2047     9970      8961839349      8961849318         7340748       7900       2000      10000         21
   0       68     2043     9956      8961849353      8961859309         7350752       7900       2000      10000         12
   0       68     2046     9963      8961859347      8961869310         7360746       7903       2000      10000         12
   0       68     2044     9968      8961869343      8961879312         7370743       7909       2000      10000         14
   0       68     2043     9959      8961879350      8961889309         7380749       7903       2000      10000         12
   0       68     2043     9974      8961889347      8961899322         7390747       7905       2000      10000         24
   0       68     2043     9959      8961899360      8961909318         7400759       7893       2000      10000         21
   0       68     2043     9956      8961909353      8961919310         7410753       7899       2000      10000         13
   0       68     2046     9959      8961919350      8961929309         7420749       7900       2000      10000         12
   0       68     2046     9963      8961929345      8961939308         7430744       7905       2000      10000         11
   0       68     2047     9964      8961939346      8961949310         7440745       7903       2000      10000         13
   0       68     2043     9964      8961949345      8961959310         7450744       7907       2000      10000         12
   0       68     2043     9961      8961959348      8961969309         7460747       7905       2000      10000         12
   0       68     2046     9972      8961969343      8961979315         7470742       7907       2000      10000         18
   0       68     2044     9956      8961979352      8961989308         7480751       7900       2000      10000         11
   0       68     2046     9966      8961989342      8961999308         7490742       7908       2000      10000         11
   0       68     2046     9963      8961999346      8962009309         7500745       7904       2000      10000         12
   0       68     2046     9964      8962009345      8962019310         7510744       7905       2000      10000         12
   0       68     2046     9961      8962019348      8962029310         7520747       7901       2000      10000         13
   0       68     2046     9964      8962029345      8962039309         7530744       7905       2000      10000         12
   0       68     2047     9972      8962039347      8962049319         7540746       7903       2000      10000         22
   0       68     2043     9961      8962049353      8962059314         7550753       7899       2000      10000         17
   0       68     2043     9956      8962059352      8962069309         7560752       7900       2000      10000         12
   0       68     2046     9971      8962069344      8962079315         7570743       7906       2000      10000         18
   0       68     2044     9957      8962079353      8962089309         7580752       7899       2000      10000         12
   0       68     2043     9921      8962089396      8962099317         7590795       7857       2000      10000         20
   0       68     2044     9955      8962099354      8962109309         7600753       7898       2000      10000         12
   0       68     2044     9975      8962109345      8962119320         7610744       7907       2000      10000         23
   0       68     2043     9961      8962119358      8962129319         7620757       7895       2000      10000         22
   0       68     2043     9954      8962129356      8962139310         7630755       7897       2000      10000         13
   0       68     2044     9960      8962139347      8962149307         7640746       7905       2000      10000         10
   0       68     2044     9963      8962149342      8962159305         7650741       7910       2000      10000          8
   0       68     2043     9979      8962159325      8962169305         7660725       7928       2000      10000          8
   0       68     2044     9983      8962169322      8962179305         7670721       7931       2000      10000          8
   0       68     2043     9982      8962179322      8962189304         7680721       7931       2000      10000          8
   0       68     2043     9986      8962189319      8962199305         7690718       7934       2000      10000          9
   0       68     2043     9982      8962199322      8962209304         7700721       7931       2000      10000          7
   0       68     2043     9991      8962209320      8962219311         7710719       7933       2000      10000         14
   0       68     2043     9977      8962219328      8962229304         7720727       7925       2000      10000          8
   0       68     2043     9985      8962229319      8962239305         7730718       7934       2000      10000          8
   0       68     2043     9983      8962239319      8962249303         7740719       7933       2000      10000          6
   0       68     2043     9985      8962249318      8962259304         7750717       7935       2000      10000          7
   0       68     2043     9984      8962259320      8962269304         7760719       7933       2000      10000          7
   0       68     2044     9986      8962269318      8962279304         7770717       7934       2000      10000          8
   0       68     2043     9984      8962279320      8962289304         7780719       7933       2000      10000          8
   0       68     2043     9986      8962289319      8962299304         7790718       7935       2000      10000          8
   0       68     2043     9984      8962299319      8962309303         7800718       7934       2000      10000          7
   0       68     2043     9987      8962309318      8962319305         7810717       7935       2000      10000          8
   0       68     2043     9987      8962319319      8962329306         7820718       7934       2000      10000          9
   0       68     2043     9984      8962329321      8962339304         7830720       7933       2000      10000          8
   0       68     2043     9984      8962339320      8962349304         7840719       7933       2000      10000          8
   0       68     2043     9986      8962349318      8962359304         7850717       7935       2000      10000          7
   0       68     2043     9986      8962359317      8962369304         7860716       7936       2000      10000          7
   0       68     2043     9986      8962369317      8962379304         7870716       7936       2000      10000          7
   0       68     2043     9986      8962379317      8962389304         7880717       7936       2000      10000          7
   0       68     2043     9987      8962389317      8962399304         7890716       7936       2000      10000          8
   0       68     2043     9985      8962399318      8962409303         7900717       7935       2000      10000          7
   0       68     2043     9995      8962409327      8962419322         7910726       7926       2000      10000         25
   0       68     2043     9906      8962419404      8962429310         7920803       7849       2000      10000         13
   0       68     2043     9964      8962429347      8962439311         7930746       7906       2000      10000         13
   0       68     2043     9959      8962439349      8962449308         7940748       7904       2000      10000         11
   0       68     2044     9961      8962449348      8962459309         7950747       7904       2000      10000         12
   0       68     2046     9963      8962459345      8962469308         7960744       7904       2000      10000         11
   0       68     2044     9960      8962469345      8962479305         7970744       7907       2000      10000          8
   0       68     2044     9980      8962479325      8962489304         7980724       7928       2000      10000          8
   0       68     2043     9990      8962489324      8962499313         7990723       7930       2000      10000         17
   0       68     2043     9972      8962499331      8962509304         8000731       7922       2000      10000          7
   0       68     2044     9983      8962509321      8962519304         8010720       7931       2000      10000          8
   0       68     2043     9985      8962519320      8962529305         8020719       7933       2000      10000          9
   0       68     2043     9982      8962529322      8962539304         8030721       7931       2000      10000          7
   0       68     2043     9985      8962539318      8962549303         8040717       7935       2000      10000          7
   0       68     2043     9987      8962549318      8962559304         8050717       7936       2000      10000          8
   0       68     2043     9985      8962559319      8962569304         8060718       7935       2000      10000          7
   0       68     2043     9986      8962569318      8962579304         8070717       7935       2000      10000          8
   0       68     2043     9986      8962579318      8962589304         8080717       7935       2000      10000          8
   0       68     2043     9986      8962589319      8962599305         8090718       7934       2000      10000          8
   0       68     2043     9984      8962599319      8962609304         8100718       7934       2000      10000          7
   0       68     2044     9987      8962609318      8962619305         8110717       7935       2000      10000          9
   0       68     2043     9984      8962619320      8962629303         8120719       7934       2000      10000          7
   0       68     2043     9984      8962629319      8962639303         8130718       7934       2000      10000          7
   0       68     2043     9987      8962639317      8962649304         8140716       7936       2000      10000          8
   0       68     2043     9985      8962649319      8962659304         8150718       7934       2000      10000          8
   0       68     2043     9987      8962659318      8962669304         8160717       7935       2000      10000          8
   0       68     2044     9985      8962669318      8962679303         8170717       7935       2000      10000          7
   0       68     2043     9988      8962679316      8962689304         8180716       7937       2000      10000          8
   0       68     2043     9987      8962689318      8962699305         8190717       7935       2000      10000          9
   0       68     2043     9984      8962699319      8962709303         8200718       7934       2000      10000          7
   0       68     2043     9988      8962709316      8962719305         8210716       7937       2000      10000          8
   0       68     2043     9986      8962719318      8962729305         8220717       7935       2000      10000          8
   0       68     2046     9999      8962729317      8962739316         8230717       7933       2000      10000         20
   0       68     2043     9971      8962739339      8962749310         8240738       7913       2000      10000         13
   0       68     2047     9909      8962749401      8962759310         8250800       7848       2000      10000         13
   0       68     2046     9965      8962759345      8962769310         8260745       7905       2000      10000         13
   0       68     2047     9962      8962769347      8962779309         8270746       7903       2000      10000         12
   0       68     2044     9964      8962779344      8962789308         8280743       7908       2000      10000         11
   0       68     2046     9966      8962789345      8962799310         8290744       7905       2000      10000         13
   0       68     2046     9960      8962799348      8962809308         8300747       7901       2000      10000         11
   0       68     2047     9966      8962809344      8962819310         8310743       7906       2000      10000         13
   0       68     2043     9964      8962819346      8962829310         8320745       7906       2000      10000         13
   0       68     2047     9960      8962829349      8962839309         8330748       7901       2000      10000         12
   0       68     2046     9965      8962839345      8962849310         8340745       7904       2000      10000         13
   0       68     2043     9964      8962849347      8962859311         8350746       7905       2000      10000         14
   0       68     2043     9959      8962859350      8962869310         8360749       7902       2000      10000         13
   0       68     2044     9964      8962869346      8962879310         8370746       7906       2000      10000         13
   0       68     2044     9963      8962879346      8962889309         8380745       7906       2000      10000         12
   0       68     2046     9964      8962889346      8962899310         8390745       7903       2000      10000         13
   0       68     2046     9959      8962899350      8962909309         8400749       7900       2000      10000         12
   0       68     2043     9965      8962909344      8962919309         8410743       7909       2000      10000         12
   0       68     2046     9962      8962919346      8962929308         8420745       7904       2000      10000         11
   0       68     2043     9962      8962929347      8962939309         8430746       7906       2000      10000         12
   0       68     2046     9964      8962939344      8962949308         8440743       7906       2000      10000         11
   0       68     2046     9964      8962949346      8962959310         8450745       7904       2000      10000         13
   0       68     2046     9963      8962959346      8962969309         8460745       7903       2000      10000         12
   0       68     2046     9964      8962969346      8962979309         8470745       7904       2000      10000         12
   0       68     2047     9961      8962979346      8962989307         8480746       7903       2000      10000         10
   0       68     2046     9963      8962989346      8962999309         8490745       7904       2000      10000         12
   0       68     2046     9964      8962999345      8963009309         8500744       7905       2000      10000         12
   0       68     2046     9968      8963009347      8963019314         8510746       7903       2000      10000         17
   0       68     2044     9957      8963019351      8963029307         8520750       7902       2000      10000         10
   0       68     2046     9963      8963029344      8963039307         8530743       7906       2000      10000         10
   0       68     2046     9978      8963039343      8963049320         8540742       7907       2000      10000         23
   0       68     2043     9958      8963049358      8963059316         8550757       7895       2000      10000         19
   0       68     2047     9951      8963059358      8963069309         8560757       7892       2000      10000         12
   0       68     2046     9965      8963069346      8963079311         8570745       7904       2000      10000         14
   0       68     2043     9933      8963079375      8963089308         8580774       7878       2000      10000         11
   0       68     2046     9977      8963089344      8963099322         8590743       7906       2000      10000         25
   0       68     2044     9948      8963099360      8963109308         8600759       7892       2000      10000         11
   0       68     2044     9964      8963109344      8963119308         8610743       7908       2000      10000         11
   0       68     2046     9967      8963119345      8963129311         8620744       7905       2000      10000         14
   0       68     2047     9954      8963129354      8963139308         8630753       7895       2000      10000         11
   0       68     2044     9960      8963139343      8963149303         8640743       7908       2000      10000          7
   0       68     2043     9981      8963149324      8963159304         8650723       7929       2000      10000          8
   0       68     2043     9982      8963159323      8963169305         8660722       7930       2000      10000          9
   0       68     2043     9979      8963169324      8963179303         8670723       7929       2000      10000          7
   0       68     2043     9985      8963179319      8963189304         8680718       7934       2000      10000          8
   0       68     2043     9983      8963189322      8963199304         8690721       7932       2000      10000          8
   0       68     2044     9985      8963199319      8963209304         8700718       7933       2000      10000          8
   0       68     2043     9982      8963209322      8963219303         8710721       7932       2000      10000          7
   0       68     2043     9985      8963219319      8963229304         8720719       7934       2000      10000          8
   0       68     2043     9986      8963229318      8963239304         8730718       7935       2000      10000          8
   0       68     2044     9985      8963239319      8963249303         8740718       7934       2000      10000          7
   0       68     2043     9996      8963249318      8963259315         8750718       7935       2000      10000         18
   0       68     2043     9974      8963259330      8963269303         8760729       7924       2000      10000          7
   0       68     2043     9983      8963269320      8963279303         8770719       7933       2000      10000          7
   0       68     2044     9987      8963279317      8963289304         8780716       7935       2000      10000          7
   0       68     2043     9985      8963289318      8963299303         8790717       7935       2000      10000          7
   0       68     2043     9986      8963299317      8963309304         8800717       7935       2000      10000          7
   0       68     2043     9985      8963309319      8963319304         8810718       7934       2000      10000          8
   0       68     2043     9986      8963319319      8963329305         8820718       7934       2000      10000          8
   0       68     2043     9984      8963329319      8963339303         8830718       7934       2000      10000          7
   0       68     2043     9986      8963339317      8963349303         8840716       7936       2000      10000          7
   0       68     2043     9988      8963349317      8963359305         8850716       7936       2000      10000          9
   0       68     2043     9986      8963359318      8963369305         8860717       7935       2000      10000          8
   0       68     2043     9986      8963369319      8963379305         8870718       7934       2000      10000          8
   0       68     2043     9985      8963379318      8963389304         8880717       7934       2000      10000          7
   0       68     2043     9993      8963389317      8963399311         8890716       7936       2000      10000         14
   0       68     2043     9988      8963399328      8963409316         8900727       7925       2000      10000         19
   0       68     2044     9925      8963409384      8963419309         8910783       7868       2000      10000         12
   0       68     2047     9962      8963419348      8963429310         8920747       7901       2000      10000         13
   0       68     2043     9962      8963429347      8963439308         8930746       7906       2000      10000         11
   0       68     2046     9964      8963439343      8963449308         8940743       7906       2000      10000         11
   0       68     2046     9968      8963449343      8963459311         8950742       7906       2000      10000         14
   0       68     2043     9958      8963459350      8963469308         8960749       7903       2000      10000         11
   0       68     2046     9966      8963469345      8963479311         8970744       7905       2000      10000         14
   0       68     2043     9964      8963479348      8963489312         8980747       7905       2000      10000         15
   0       68     2046     9961      8963489348      8963499309         8990747       7903       2000      10000         12
   0       68     2046     9965      8963499347      8963509312         9000746       7903       2000      10000         14
   0       68     2044     9960      8963509349      8963519308         9010748       7904       2000      10000         11
   0       68     2043     9960      8963519346      8963529305         9020745       7907       2000      10000          9
   0       68     2043     9980      8963529324      8963539304         9030723       7929       2000      10000          8
   0       68     2043     9982      8963539322      8963549304         9040721       7931       2000      10000          7
   0       68     2043     9983      8963549321      8963559304         9050721       7931       2000      10000          8
   0       68     2043     9985      8963559320      8963569305         9060719       7933       2000      10000          8
   0       68     2043     9982      8963569321      8963579303         9070720       7933       2000      10000          6
   0       68     2043     9986      8963579318      8963589304         9080717       7935       2000      10000          8
   0       68     2043     9986      8963589319      8963599305         9090718       7934       2000      10000          8
   0       68     2043     9985      8963599319      8963609304         9100718       7934       2000      10000          8
   0       68     2043     9985      8963609319      8963619304         9110718       7934       2000      10000          8
   0       68     2043     9986      8963619318      8963629304         9120717       7935       2000      10000          7
   0       68     2043     9986      8963629318      8963639304         9130717       7935       2000      10000          8
   0       68     2044     9984      8963639319      8963649303         9140718       7934       2000      10000          7
   0       68     2043     9987      8963649318      8963659305         9150717       7935       2000      10000          9
   0       68     2043     9985      8963659320      8963669304         9160719       7933       2000      10000          8
   0       68     2043     9986      8963669319      8963679305         9170719       7934       2000      10000          9
   0       68     2043     9983      8963679320      8963689303         9180719       7933       2000      10000          7
   0       68     2043     9986      8963689318      8963699304         9190717       7935       2000      10000          7
   0       68     2043     9985      8963699318      8963709303         9200718       7935       2000      10000          7
   0       68     2043     9987      8963709317      8963719304         9210716       7936       2000      10000          8
   0       68     2043     9987      8963719317      8963729304         9220716       7936       2000      10000          7
   0       68     2043     9987      8963729318      8963739305         9230717       7936       2000      10000          8
   0       68     2043     9932      8963739373      8963749305         9240772       7880       2000      10000          8
   0       68     2043     9982      8963749322      8963759304         9250721       7931       2000      10000          8
   0       68     2043     9985      8963759320      8963769305         9260719       7934       2000      10000          9
   0       68     2043     9992      8963769320      8963779312         9270719       7933       2000      10000         16
   0       68     2043     9983      8963779333      8963789315         9280732       7920       2000      10000         19
   0       68     2043     9980      8963789345      8963799325         9290744       7908       2000      10000         28
   0       68     2043     9948      8963799362      8963809310         9300761       7891       2000      10000         13
   0       68     2043     9970      8963809340      8963819311         9310739       7912       2000      10000         14
   0       68     2043     9968      8963819348      8963829316         9320747       7904       2000      10000         19
   0       68     2043     9955      8963829353      8963839309         9330752       7899       2000      10000         12
   0       68     2043     9963      8963839346      8963849309         9340745       7907       2000      10000         12
   0       68     2046     9966      8963849346      8963859312         9350745       7904       2000      10000         15
   0       68     2043     9977      8963859347      8963869325         9360746       7905       2000      10000         28
   0       68     2043     9946      8963869362      8963879308         9370761       7890       2000      10000         11
   0       68     2046     9964      8963879346      8963889309         9380745       7904       2000      10000         12
   0       68     2043     9963      8963889345      8963899308         9390745       7907       2000      10000         11
   0       68     2046     9965      8963899344      8963909309         9400744       7905       2000      10000         12
   0       68     2046     9966      8963909345      8963919311         9410744       7905       2000      10000         14
   0       68     2043     9961      8963919348      8963929309         9420747       7905       2000      10000         12
   0       68     2046     9960      8963929349      8963939309         9430748       7901       2000      10000         12
   0       68     2043     9964      8963939346      8963949310         9440745       7906       2000      10000         13
   0       68     2043     9960      8963949347      8963959308         9450747       7905       2000      10000         11
   0       68     2043     9961      8963959346      8963969308         9460746       7906       2000      10000         11
   0       68     2046     9963      8963969346      8963979309         9470745       7904       2000      10000         12
   0       68     2046     9962      8963979346      8963989308         9480745       7904       2000      10000         11
   0       68     2043     9963      8963989345      8963999308         9490744       7908       2000      10000         11
   0       68     2046     9964      8963999344      8964009308         9500743       7906       2000      10000         11
   0       68     2046     9963      8964009346      8964019309         9510745       7903       2000      10000         12
   0       68     2046     9960      8964019348      8964029308         9520747       7902       2000      10000         12
   0       68     2046     9964      8964029345      8964039309         9530744       7905       2000      10000         12
   0       68     2047     9963      8964039348      8964049311         9540747       7901       2000      10000         14
   0       68     2046     9961      8964049349      8964059310         9550748       7901       2000      10000         13
   0       68     2043     9959      8964059349      8964069307         9560748       7904       2000      10000         10
   0       68     2046     9921      8964069388      8964079308         9570787       7862       2000      10000         11
   0       68     2046     9963      8964079345      8964089308         9580744       7905       2000      10000         11
   0       68     2046     9966      8964089343      8964099309         9590743       7906       2000      10000         12
   0       68     2046     9964      8964099347      8964109311         9600746       7903       2000      10000         14
   0       68     2044     9962      8964109346      8964119308         9610746       7905       2000      10000         11
   0       68     2046     9966      8964119349      8964129315         9620748       7901       2000      10000         18
   0       68     2043     9955      8964129353      8964139309         9630753       7899       2000      10000         12
   0       68     2046     9974      8964139345      8964149320         9640745       7905       2000      10000         23
   0       68     2043     9951      8964149358      8964159310         9650757       7894       2000      10000         12
   0       68     2046     9964      8964159346      8964169310         9660746       7903       2000      10000         13
   0       68     2044     9964      8964169345      8964179309         9670744       7907       2000      10000         12
   0       68     2047     9962      8964179346      8964189308         9680745       7904       2000      10000         11
   0       68     2043     9961      8964189344      8964199305         9690743       7909       2000      10000          8
   0       68     2043     9982      8964199323      8964209305         9700722       7930       2000      10000          8
   0       68     2044     9980      8964209324      8964219304         9710723       7929       2000      10000          8
   0       68     2043     9983      8964219322      8964229305         9720721       7931       2000      10000          9
   0       68     2043     9981      8964229322      8964239304         9730722       7931       2000      10000          7
   0       68     2043     9983      8964239321      8964249304         9740720       7932       2000      10000          7
   0       68     2043     9986      8964249319      8964259305         9750719       7934       2000      10000          9
   0       68     2043     9984      8964259321      8964269304         9760720       7932       2000      10000          8
   0       68     2043     9985      8964269319      8964279304         9770719       7934       2000      10000          8
   0       68     2043     9985      8964279319      8964289304         9780718       7934       2000      10000          8
   0       68     2043     9985      8964289319      8964299304         9790718       7934       2000      10000          7
   0       68     2043     9986      8964299319      8964309305         9800718       7934       2000      10000          8
   0       68     2043     9985      8964309319      8964319304         9810719       7933       2000      10000          8
   0       68     2043     9986      8964319319      8964329305         9820718       7934       2000      10000          9
   0       68     2043     9986      8964329319      8964339306         9830719       7934       2000      10000          9
   0       68     2043     9985      8964339319      8964349304         9840718       7934       2000      10000          7
   0       68     2043     9986      8964349318      8964359304         9850717       7935       2000      10000          7
   0       68     2043     9985      8964359318      8964369303         9860718       7935       2000      10000          7
   0       68     2043     9986      8964369317      8964379303         9870716       7936       2000      10000          7
   0       68     2043     9987      8964379317      8964389304         9880716       7935       2000      10000          8
   0       68     2043     9987      8964389318      8964399305         9890717       7935       2000      10000          9
   0       68     2043     9939      8964399366      8964409305         9900765       7887       2000      10000          8
   0       68     2043     9983      8964409322      8964419305         9910721       7931       2000      10000          9
   0       68     2043     9983      8964419321      8964429305         9920720       7932       2000      10000          8
   0       68     2043     9984      8964429321      8964439304         9930720       7933       2000      10000          8
   0       68     2043     9984      8964439320      8964449304         9940719       7934       2000      10000          7
   0       68     2046     9998      8964449318      8964459316         9950717       7932       2000      10000         20
   0       68     2043     9966      8964459343      8964469309         9960742       7910       2000      10000         12
   0       68     2047     9968      8964469342      8964479311         9970741       7906       2000      10000         14
   0       68     2044     9965      8964479346      8964489310         9980745       7906       2000      10000         13
   0       68     2046     9961      8964489348      8964499310         9990747       7902       2000      10000         13
   0       68     2043     9975      8964499345      8964509319        10000744       7908       2000      10000         22
   0       68     2044     9952      8964509357      8964519309        10010756       7896       2000      10000         12
   0       68     2046     9965      8964519347      8964529312        10020746       7903       2000      10000         15
   0       68     2043     9962      8964529351      8964539313        10030750       7902       2000      10000         16
   0       68     2046     9960      8964539349      8964549309        10040748       7900       2000      10000         12
   0       68     2046     9963      8964549345      8964559308        10050744       7904       2000      10000         11
   0       68     2043     9961      8964559348      8964569309        10060747       7904       2000      10000         12
   0       68     2046     9962      8964569347      8964579309        10070746       7903       2000      10000         12
   0       68     2046     9965      8964579345      8964589309        10080744       7905       2000      10000         12
   0       68     2043     9958      8964589346      8964599305        10090746       7906       2000      10000          8
   0       68     2043     9979      8964599324      8964609303        10100723       7929       2000      10000          7
   0       68     2043     9985      8964609323      8964619308        10110722       7930       2000      10000         11
   0       68     2043     9983      8964619324      8964629307        10120723       7929       2000      10000         10
   0       68     2043     9979      8964629325      8964639304        10130724       7928       2000      10000          8
   0       68     2043     9983      8964639320      8964649303        10140719       7933       2000      10000          7
   0       68     2043     9984      8964649320      8964659305        10150719       7933       2000      10000          8
   0       68     2043     9984      8964659320      8964669303        10160719       7934       2000      10000          7
   0       68     2043     9994      8964669319      8964679313        10170718       7934       2000      10000         17
   0       68     2044     9977      8964679327      8964689304        10180726       7925       2000      10000          7
   0       68     2043     9985      8964689319      8964699304        10190718       7934       2000      10000          7
   0       68     2044     9992      8964699317      8964709309        10200716       7936       2000      10000         13
   0       68     2043     9981      8964709324      8964719305        10210723       7929       2000      10000          9
   0       68     2043     9985      8964719320      8964729305        10220719       7934       2000      10000          8
   0       68     2043     9982      8964729321      8964739304        10230720       7932       2000      10000          7
   0       68     2044     9918      8964739385      8964749303        10240784       7867       2000      10000          7
   0       68     2043     9986      8964749319      8964759304        10250718       7934       2000      10000          8
   0       68     2043     9986      8964759319      8964769305        10260718       7934       2000      10000          9
   0       68     2043     9981      8964769322      8964779303        10270721       7931       2000      10000          7
   0       68     2043     9986      8964779318      8964789304        10280717       7935       2000      10000          8
   0       68     2043     9985      8964789320      8964799305        10290719       7933       2000      10000          8
   0       68     2043     9984      8964799319      8964809303        10300718       7934       2000      10000          7
   0       68     2043     9994      8964809318      8964819312        10310718       7935       2000      10000         16
   0       68     2043     9977      8964819327      8964829304        10320727       7926       2000      10000          8
   0       68     2043     9983      8964829321      8964839304        10330720       7933       2000      10000          7
   0       68     2044     9986      8964839319      8964849305        10340718       7934       2000      10000          8
   0       68     2046     9997      8964849320      8964859317        10350719       7930       2000      10000         20
   0       68     2044     9965      8964859344      8964869309        10360743       7908       2000      10000         12
   0       68     2044     9967      8964869343      8964879309        10370742       7910       2000      10000         13
   0       68     2044     9959      8964879345      8964889304        10380744       7907       2000      10000          8
   0       68     2043     9980      8964889324      8964899304        10390723       7929       2000      10000          8
   0       68     2043     9981      8964899323      8964909304        10400722       7930       2000      10000          8
   0       68     2043     9984      8964909320      8964919304        10410719       7933       2000      10000          7
   0       68     2043     9984      8964919322      8964929306        10420721       7931       2000      10000          9
   0       68     2043     9980      8964929323      8964939304        10430723       7930       2000      10000          7
   0       68     2043     9983      8964939320      8964949303        10440719       7933       2000      10000          7
   0       68     2043     9986      8964949319      8964959304        10450718       7934       2000      10000          8
   0       68     2043     9984      8964959320      8964969305        10460719       7933       2000      10000          8
   0       68     2043     9984      8964969320      8964979305        10470719       7932       2000      10000          8
   0       68     2044     9984      8964979320      8964989304        10480719       7932       2000      10000          8
   0       68     2043     9985      8964989320      8964999305        10490719       7933       2000      10000          9
   0       68     2043     9984      8964999320      8965009304        10500719       7933       2000      10000          7
   0       68     2044     9985      8965009320      8965019305        10510719       7933       2000      10000          8
   0       68     2043     9986      8965019319      8965029305        10520718       7934       2000      10000          9
   0       68     2043     9984      8965029320      8965039304        10530719       7933       2000      10000          8
   0       68     2043     9985      8965039319      8965049304        10540718       7934       2000      10000          7
   0       68     2043     9986      8965049318      8965059304        10550717       7935       2000      10000          8
   0       68     2043     9986      8965059318      8965069304        10560717       7935       2000      10000          8
   0       68     2045     9915      8965069390      8965079305        10570789       7862       2000      10000          8
   0       68     2043     9983      8965079321      8965089304        10580720       7932       2000      10000          8
   0       68     2043     9984      8965089320      8965099304        10590719       7933       2000      10000          7
   0       68     2043     9985      8965099320      8965109304        10600719       7933       2000      10000          8
   0       68     2044     9986      8965109320      8965119306        10610719       7933       2000      10000          9
   0       68     2043     9984      8965119320      8965129304        10620719       7933       2000      10000          8
   0       68     2043     9984      8965129320      8965139304        10630719       7934       2000      10000          7
   0       68     2043     9987      8965139329      8965149316        10640728       7924       2000      10000         20
   0       68     2044     9971      8965149339      8965159309        10650738       7914       2000      10000         12
   0       68     2043     9960      8965159349      8965169308        10660748       7904       2000      10000         11
   0       68     2047     9964      8965169345      8965179309        10670744       7904       2000      10000         12
   0       68     2043     9969      8965179346      8965189315        10680746       7906       2000      10000         18
   0       68     2043     9959      8965189351      8965199310        10690750       7901       2000      10000         13
   0       68     2044     9972      8965199347      8965209319        10700747       7905       2000      10000         22
   0       68     2053     9953      8965209357      8965219310        10710756       7886       2000      10000         13
   0       68     2046     9966      8965219348      8965229315        10720748       7901       2000      10000         18
   0       68     2046     9959      8965229352      8965239310        10730751       7898       2000      10000         13
   0       68     2046     9961      8965239347      8965249308        10740746       7902       2000      10000         12
   0       68     2043     9960      8965249344      8965259305        10750743       7909       2000      10000          8
   0       68     2043     9979      8965259325      8965269304        10760724       7928       2000      10000          8
   0       68     2044     9981      8965269322      8965279303        10770721       7930       2000      10000          7
   0       68     2043     9981      8965279322      8965289303        10780721       7931       2000      10000          7
   0       68     2043     9984      8965289320      8965299304        10790719       7933       2000      10000          7
   0       68     2043     9984      8965299320      8965309303        10800719       7934       2000      10000          7
   0       68     2043     9984      8965309319      8965319303        10810718       7933       2000      10000          7
   0       68     2043     9985      8965319319      8965329304        10820718       7934       2000      10000          8
   0       68     2043     9985      8965329319      8965339304        10830718       7934       2000      10000          8
   0       68     2044     9983      8965339320      8965349303        10840719       7933       2000      10000          7
   0       68     2043     9987      8965349318      8965359305        10850717       7936       2000      10000          9
   0       68     2043     9984      8965359319      8965369303        10860718       7934       2000      10000          7
   0       68     2043     9987      8965369318      8965379305        10870717       7935       2000      10000          8
   0       68     2043     9984      8965379320      8965389304        10880719       7933       2000      10000          7
   0       68     2043     9987      8965389319      8965399306        10890718       7934       2000      10000          9
   0       68     2043     9881      8965399423      8965409304        10900822       7830       2000      10000          8
   0       68     2043     9982      8965409322      8965419304        10910721       7931       2000      10000          8
   0       68     2043     9983      8965419321      8965429304        10920721       7932       2000      10000          8
   0       68     2043     9984      8965429320      8965439304        10930719       7934       2000      10000          7
   0       68     2043     9985      8965439319      8965449304        10940719       7934       2000      10000          8
   0       68     2043     9984      8965449320      8965459304        10950719       7933       2000      10000          8
   0       68     2043     9984      8965459319      8965469303        10960718       7934       2000      10000          7
   0       68     2043     9986      8965469318      8965479303        10970717       7935       2000      10000          7
   0       68     2043     9985      8965479319      8965489304        10980718       7934       2000      10000          8
   0       68     2043     9986      8965489318      8965499304        10990717       7935       2000      10000          8
   0       68     2043     9989      8965499319      8965509308        11000718       7934       2000      10000         11
   0       68     2044     9992      8965509323      8965519314        11010722       7930       2000      10000         18
   0       68     2043     9966      8965519343      8965529309        11020742       7909       2000      10000         12
   0       68     2043     9964      8965529346      8965539310        11030746       7906       2000      10000         13
   0       68     2044     9965      8965539346      8965549311        11040745       7907       2000      10000         14
   0       68     2044     9962      8965549347      8965559309        11050746       7905       2000      10000         12
   0       68     2046     9962      8965559346      8965569308        11060745       7905       2000      10000         11
   0       68     2046     9964      8965569344      8965579308        11070743       7906       2000      10000         11
   0       68     2044     9964      8965579345      8965589309        11080744       7908       2000      10000         13
   0       68     2043     9975      8965589329      8965599304        11090728       7924       2000      10000          7
   0       68     2043     9983      8965599321      8965609304        11100720       7932       2000      10000          8
   0       68     2044     9984      8965609321      8965619304        11110720       7932       2000      10000          8
   0       68     2043     9984      8965619321      8965629305        11120720       7932       2000      10000          8
   0       68     2043     9979      8965629325      8965639304        11130724       7928       2000      10000          7
   0       68     2043     9983      8965639322      8965649304        11140721       7931       2000      10000          8
   0       68     2043     9983      8965649321      8965659304        11150720       7932       2000      10000          8
   0       68     2043     9983      8965659321      8965669304        11160720       7932       2000      10000          8
   0       68     2043     9984      8965669320      8965679303        11170719       7933       2000      10000          7
   0       68     2043     9986      8965679319      8965689305        11180718       7934       2000      10000          8
   0       68     2043     9984      8965689320      8965699304        11190719       7933       2000      10000          8
   0       68     2043     9984      8965699320      8965709304        11200719       7934       2000      10000          7
   0       68     2043     9986      8965709319      8965719305        11210718       7934       2000      10000          9
   0       68     2043     9983      8965719320      8965729303        11220719       7933       2000      10000          7
   0       68     2043     9925      8965729379      8965739304        11230778       7874       2000      10000          8
   0       68     2043     9983      8965739321      8965749304        11240720       7932       2000      10000          7
   0       68     2043     9984      8965749321      8965759305        11250720       7933       2000      10000          8
   0       68     2043     9983      8965759320      8965769304        11260720       7933       2000      10000          7
   0       68     2043     9984      8965769320      8965779304        11270719       7933       2000      10000          7
   0       68     2043     9985      8965779318      8965789304        11280717       7935       2000      10000          7
   0       68     2043     9984      8965789319      8965799303        11290718       7934       2000      10000          7
   0       68     2044     9986      8965799318      8965809304        11300717       7934       2000      10000          8
   0       68     2043     9985      8965809319      8965819304        11310718       7934       2000      10000          8
   0       68     2043     9987      8965819319      8965829306        11320718       7934       2000      10000          9
   0       68     2043     9982      8965829321      8965839303        11330720       7932       2000      10000          7
   0       68     2046     9997      8965839319      8965849316        11340718       7932       2000      10000         19
   0       68     2043     9969      8965849341      8965859309        11350740       7912       2000      10000         12
   0       68     2043     9960      8965859349      8965869309        11360748       7903       2000      10000         12
   0       68     2043     9961      8965869348      8965879308        11370747       7905       2000      10000         12
   0       68     2044     9965      8965879346      8965889311        11380745       7906       2000      10000         13
   0       68     2043     9970      8965889346      8965899316        11390745       7907       2000      10000         19
   0       68     2046     9956      8965899352      8965909309        11400751       7898       2000      10000         12
   0       68     2046     9965      8965909343      8965919309        11410743       7906       2000      10000         12
   0       68     2046     9963      8965919346      8965929309        11420745       7904       2000      10000         12
   0       68     2046     9959      8965929351      8965939310        11430750       7899       2000      10000         13
   0       68     2044     9962      8965939346      8965949308        11440745       7906       2000      10000         11
   0       68     2046     9966      8965949343      8965959308        11450742       7907       2000      10000         11
   0       68     2046     9963      8965959346      8965969309        11460745       7904       2000      10000         12
   0       68     2046     9964      8965969346      8965979310        11470745       7903       2000      10000         13
   0       68     2047     9962      8965979349      8965989310        11480748       7901       2000      10000         13
   0       68     2043     9962      8965989347      8965999310        11490746       7905       2000      10000         13
   0       68     2043     9961      8965999347      8966009308        11500746       7906       2000      10000         11
   0       68     2046     9966      8966009344      8966019310        11510743       7906       2000      10000         13
   0       68     2046     9965      8966019352      8966029318        11520752       7897       2000      10000         21
   0       68     2043     9959      8966029354      8966039312        11530753       7899       2000      10000         15
   0       68     2043     9958      8966039350      8966049308        11540749       7903       2000      10000         11
   0       68     2046     9966      8966049344      8966059310        11550743       7906       2000      10000         12
   0       68     2047     9901      8966059408      8966069309        11560807       7841       2000      10000         12
   0       68     2048     9963      8966069346      8966079309        11570745       7902       2000      10000         13
   0       68     2047     9961      8966079348      8966089309        11580747       7902       2000      10000         12
   0       68     2046     9964      8966089346      8966099310        11590745       7904       2000      10000         13
   0       68     2047     9964      8966099347      8966109310        11600746       7902       2000      10000         13
   0       68     2044     9964      8966109346      8966119309        11610745       7906       2000      10000         12
   0       68     2046     9960      8966119349      8966129309        11620748       7901       2000      10000         12
   0       68     2046     9963      8966129346      8966139309        11630745       7904       2000      10000         12
   0       68     2044     9964      8966139345      8966149308        11640744       7907       2000      10000         11
   0       68     2046     9964      8966149345      8966159309        11650744       7905       2000      10000         12
   0       68     2046     9976      8966159348      8966169324        11660747       7901       2000      10000         27
   0       68     2043     9947      8966169361      8966179308        11670760       7892       2000      10000         11
   0       68     2044     9960      8966179345      8966189305        11680744       7907       2000      10000          8
   0       68     2043     9982      8966189324      8966199305        11690723       7930       2000      10000          9
   0       68     2043     9977      8966199326      8966209303        11700725       7927       2000      10000          7
   0       68     2043     9985      8966209320      8966219304        11710719       7933       2000      10000          8
   0       68     2043     9983      8966219322      8966229305        11720721       7931       2000      10000          9
   0       68     2043     9989      8966229322      8966239311        11730721       7931       2000      10000         15
   0       68     2043     9976      8966239327      8966249304        11740726       7926       2000      10000          7
   0       68     2043     9986      8966249319      8966259304        11750718       7934       2000      10000          8
   0       68     2043     9985      8966259319      8966269305        11760719       7934       2000      10000          8
   0       68     2043     9984      8966269319      8966279303        11770718       7933       2000      10000          7
   0       68     2044     9985      8966279318      8966289303        11780717       7934       2000      10000          7
   0       68     2043     9986      8966289318      8966299304        11790717       7935       2000      10000          7
   0       68     2043     9984      8966299318      8966309303        11800718       7934       2000      10000          6
   0       68     2043     9987      8966309318      8966319305        11810717       7935       2000      10000          9
   0       68     2043     9984      8966319320      8966329304        11820719       7933       2000      10000          8
   0       68     2043     9984      8966329320      8966339304        11830719       7934       2000      10000          8
   0       68     2043     9986      8966339318      8966349304        11840717       7935       2000      10000          7
   0       68     2043     9986      8966349319      8966359305        11850718       7934       2000      10000          8
   0       68     2043     9985      8966359319      8966369304        11860718       7934       2000      10000          8
   0       68     2044     9985      8966369318      8966379303        11870717       7934       2000      10000          7
   0       68     2043     9987      8966379317      8966389304        11880716       7936       2000      10000          8
   0       68     2043     9954      8966389353      8966399307        11890752       7900       2000      10000         11
   0       68     2043     9979      8966399325      8966409304        11900724       7928       2000      10000          7
   0       68     2043     9986      8966409319      8966419305        11910718       7933       2000      10000          9
   0       68     2043     9983      8966419322      8966429305        11920721       7932       2000      10000          8
   0       68     2043     9988      8966429320      8966439309        11930720       7933       2000      10000         12
   0       68     2044     9989      8966439325      8966449314        11940724       7928       2000      10000         18
   0       68     2043     9975      8966449337      8966459312        11950736       7916       2000      10000         14
   0       68     2043     9965      8966459353      8966469318        11960752       7900       2000      10000         21
   0       68     2044     9962      8966469354      8966479315        11970753       7898       2000      10000         18
   0       68     2043     9956      8966479352      8966489308        11980751       7900       2000      10000         11
   0       68     2043     9962      8966489345      8966499307        11990744       7908       2000      10000         11
   0       68     2044     9977      8966499327      8966509304        12000726       7926       2000      10000          7
   0       68     2044     9984      8966509320      8966519304        12010720       7932       2000      10000          8
   0       68     2043     9983      8966519322      8966529305        12020721       7931       2000      10000          8
   0       68     2043     9982      8966529322      8966539304        12030721       7932       2000      10000          8
   0       68     2043     9983      8966539320      8966549303        12040719       7933       2000      10000          7
   0       68     2043     9984      8966549320      8966559304        12050719       7933       2000      10000          8
   0       68     2043     9985      8966559320      8966569304        12060719       7934       2000      10000          8
   0       68     2044     9984      8966569319      8966579304        12070719       7933       2000      10000          8
   0       68     2043     9985      8966579319      8966589304        12080718       7934       2000      10000          7
   0       68     2043     9987      8966589318      8966599305        12090717       7935       2000      10000          9
   0       68     2043     9983      8966599321      8966609303        12100720       7932       2000      10000          7
   0       68     2043     9985      8966609319      8966619304        12110718       7934       2000      10000          7
   0       68     2043     9985      8966619318      8966629304        12120718       7935       2000      10000          7
   0       68     2043     9985      8966629319      8966639304        12130718       7934       2000      10000          8
   0       68     2043     9985      8966639319      8966649303        12140718       7934       2000      10000          7
   0       68     2043     9985      8966649318      8966659303        12150717       7935       2000      10000          7
   0       68     2043     9987      8966659318      8966669305        12160717       7935       2000      10000          9
   0       68     2044     9986      8966669318      8966679305        12170717       7934       2000      10000          8
   0       68     2043     9985      8966679318      8966689303        12180718       7935       2000      10000          7
   0       68     2043     9986      8966689318      8966699305        12190717       7935       2000      10000          8
   0       68     2043     9986      8966699318      8966709303        12200717       7935       2000      10000          7
   0       68     2043     9986      8966709317      8966719304        12210717       7935       2000      10000          7
   0       68     2043     9922      8966719384      8966729306        12220783       7869       2000      10000         10
   0       68     2043     9979      8966729325      8966739304        12230724       7928       2000      10000          7
   0       68     2043     9989      8966739321      8966749311        12240720       7932       2000      10000         14
   0       68     2044     9982      8966749328      8966759310        12250727       7924       2000      10000         13
   0       68     2046     9962      8966759349      8966769311        12260748       7901       2000      10000         14
   0       68     2044     9961      8966769346      8966779307        12270745       7906       2000      10000         10
   0       68     2043     9963      8966779342      8966789305        12280741       7910       2000      10000          9
   0       68     2043     9978      8966789326      8966799304        12290725       7927       2000      10000          7
   0       68     2043     9980      8966799323      8966809303        12300722       7930       2000      10000          7
   0       68     2043     9984      8966809321      8966819305        12310720       7932       2000      10000          9
   0       68     2043     9985      8966819322      8966829306        12320721       7932       2000      10000         10
   0       68     2043     9980      8966829324      8966839304        12330723       7930       2000      10000          7
   0       68     2043     9984      8966839319      8966849303        12340718       7934       2000      10000          7
   0       68     2043     9985      8966849319      8966859304        12350718       7934       2000      10000          7
   0       68     2043     9987      8966859318      8966869305        12360717       7935       2000      10000          8
   0       68     2043     9984      8966869320      8966879304        12370719       7932       2000      10000          8
   0       68     2043     9984      8966879319      8966889304        12380718       7934       2000      10000          7
   0       68     2043     9985      8966889318      8966899304        12390718       7935       2000      10000          7
   0       68     2044     9985      8966899318      8966909303        12400717       7934       2000      10000          7
   0       68     2044     9985      8966909319      8966919304        12410718       7934       2000      10000          7
   0       68     2043     9985      8966919319      8966929304        12420718       7934       2000      10000          8
   0       68     2043     9986      8966929318      8966939304        12430718       7935       2000      10000          8
   0       68     2043     9985      8966939319      8966949303        12440718       7935       2000      10000          7
   0       68     2043     9987      8966949317      8966959304        12450716       7936       2000      10000          8
   0       68     2043     9987      8966959318      8966969304        12460717       7935       2000      10000          8
   0       68     2044     9985      8966969318      8966979303        12470717       7934       2000      10000          7
   0       68     2043     9988      8966979317      8966989304        12480716       7936       2000      10000          8
   0       68     2043     9985      8966989319      8966999304        12490718       7934       2000      10000          8
   0       68     2043     9985      8966999319      8967009304        12500718       7934       2000      10000          8
   0       68     2043     9986      8967009318      8967019304        12510717       7935       2000      10000          8
   0       68     2043     9987      8967019318      8967029305        12520717       7935       2000      10000          9
   0       68     2043     9990      8967029319      8967039309        12530718       7934       2000      10000         13
   0       68     2043     9986      8967039326      8967049312        12540725       7927       2000      10000         15
   0       68     2043     9911      8967049397      8967059308        12550796       7856       2000      10000         12
   0       68     2043     9966      8967059343      8967069309        12560742       7910       2000      10000         11
   0       68     2046     9964      8967069346      8967079310        12570745       7904       2000      10000         13
   0       68     2046     9962      8967079347      8967089309        12580746       7902       2000      10000         12
   0       68     2043     9967      8967089345      8967099311        12590744       7908       2000      10000         14
   0       68     2043     9970      8967099350      8967109320        12600749       7903       2000      10000         23
   0       68     2044     9955      8967109355      8967119311        12610755       7896       2000      10000         13
   0       68     2043     9958      8967119352      8967129310        12620751       7901       2000      10000         13
   0       68     2047     9958      8967129351      8967139308        12630750       7898       2000      10000         11
   0       68     2047     9963      8967139345      8967149308        12640744       7904       2000      10000         11
   0       68     2046     9963      8967149345      8967159309        12650744       7905       2000      10000         12
   0       68     2046     9960      8967159348      8967169309        12660747       7901       2000      10000         12
   0       68     2046     9962      8967169345      8967179307        12670744       7905       2000      10000         10
   0       68     2043     9960      8967179343      8967189304        12680742       7909       2000      10000          7
   0       68     2043     9980      8967189324      8967199304        12690723       7929       2000      10000          7
   0       68     2044     9981      8967199323      8967209304        12700722       7930       2000      10000          7
   0       68     2043     9984      8967209320      8967219304        12710719       7933       2000      10000          7
   0       68     2043     9984      8967219320      8967229304        12720719       7933       2000      10000          8
   0       68     2043     9983      8967229322      8967239304        12730721       7931       2000      10000          8
   0       68     2043     9983      8967239320      8967249303        12740720       7933       2000      10000          7
   0       68     2043     9987      8967249319      8967259306        12750718       7934       2000      10000          9
   0       68     2043     9982      8967259322      8967269303        12760721       7931       2000      10000          7
   0       68     2043     9985      8967269320      8967279304        12770719       7933       2000      10000          8
   0       68     2043     9984      8967279320      8967289304        12780719       7933       2000      10000          7
   0       68     2043     9986      8967289318      8967299304        12790717       7935       2000      10000          8
   0       68     2043     9984      8967299319      8967309304        12800719       7934       2000      10000          7
   0       68     2043     9985      8967309319      8967319304        12810718       7934       2000      10000          8
   0       68     2043     9986      8967319319      8967329305        12820718       7934       2000      10000          8
   0       68     2043     9984      8967329320      8967339304        12830719       7933       2000      10000          7
   0       68     2043     9985      8967339319      8967349303        12840718       7934       2000      10000          7
   0       68     2043     9988      8967349317      8967359304        12850716       7937       2000      10000          8
   0       68     2043     9986      8967359318      8967369305        12860717       7935       2000      10000          8
   0       68     2043     9984      8967369319      8967379303        12870718       7934       2000      10000          7
   0       68     2043     9959      8967379346      8967389305        12880745       7907       2000      10000          8
   0       68     2043     9983      8967389321      8967399304        12890720       7932       2000      10000          8
   0       68     2043     9983      8967399321      8967409304        12900720       7932       2000      10000          8
   0       68     2043     9984      8967409320      8967419304        12910719       7932       2000      10000          8
   0       68     2043     9985      8967419320      8967429306        12920719       7933       2000      10000          9
   0       68     2043     9983      8967429321      8967439304        12930721       7932       2000      10000          8
   0       68     2045     9995      8967439319      8967449314        12940718       7932       2000      10000         18
   0       68     2043     9967      8967449345      8967459312        12950744       7908       2000      10000         15
   0       68     2044     9965      8967459352      8967469317        12960751       7900       2000      10000         20
   0       68     2046     9957      8967469353      8967479310        12970752       7897       2000      10000         13
   0       68     2044     9964      8967479346      8967489310        12980745       7906       2000      10000         13
   0       68     2043     9964      8967489346      8967499310        12990745       7907       2000      10000         13
   0       68     2046     9963      8967499348      8967509311        13000747       7902       2000      10000         14
   0       68     2043     9963      8967509346      8967519309        13010745       7907       2000      10000         12
   0       68     2046     9961      8967519348      8967529309        13020747       7902       2000      10000         12
   0       68     2046     9964      8967529347      8967539311        13030746       7903       2000      10000         14
   0       68     2044     9961      8967539347      8967549308        13040746       7905       2000      10000         11
   0       68     2043     9963      8967549342      8967559305        13050742       7910       2000      10000          9
   0       68     2043     9978      8967559325      8967569303        13060724       7928       2000      10000          7
   0       68     2043     9983      8967569322      8967579305        13070721       7931       2000      10000          8
   0       68     2043     9981      8967579323      8967589303        13080722       7931       2000      10000          7
   0       68     2043     9984      8967589321      8967599305        13090720       7933       2000      10000          8
   0       68     2044     9981      8967599322      8967609303        13100721       7931       2000      10000          7
   0       68     2043     9986      8967609319      8967619305        13110718       7934       2000      10000          8
   0       68     2043     9984      8967619320      8967629305        13120719       7933       2000      10000          8
   0       68     2043     9986      8967629320      8967639305        13130719       7934       2000      10000          9
   0       68     2043     9984      8967639320      8967649304        13140719       7933       2000      10000          8
   0       68     2043     9986      8967649318      8967659304        13150717       7935       2000      10000          7
   0       68     2043     9985      8967659319      8967669305        13160719       7934       2000      10000          8
   0       68     2043     9984      8967669321      8967679304        13170720       7933       2000      10000          8
   0       68     2043     9985      8967679319      8967689304        13180718       7934       2000      10000          7
   0       68     2043     9988      8967689318      8967699306        13190718       7935       2000      10000          9
   0       68     2044     9983      8967699320      8967709303        13200719       7933       2000      10000          7
   0       68     2043     9939      8967709366      8967719305        13210765       7887       2000      10000          9
   0       68     2043     9981      8967719323      8967729304        13220722       7930       2000      10000          8
   0       68     2043     9984      8967729320      8967739304        13230719       7933       2000      10000          8
   0       68     2044     9983      8967739321      8967749304        13240720       7932       2000      10000          7
   0       68     2043     9985      8967749319      8967759304        13250718       7934       2000      10000          8
   0       68     2043     9984      8967759320      8967769304        13260720       7932       2000      10000          8
   0       68     2043     9983      8967769320      8967779303        13270719       7933       2000      10000          7
   0       68     2043     9985      8967779318      8967789303        13280717       7935       2000      10000          7
   0       68     2043     9988      8967789317      8967799305        13290716       7936       2000      10000          8
   0       68     2043     9990      8967799320      8967809309        13300719       7933       2000      10000         13
   0       68     2043     9989      8967809326      8967819316        13310725       7927       2000      10000         19
   0       68     2043     9967      8967819345      8967829312        13320744       7908       2000      10000         15
   0       68     2044     9960      8967829357      8967839318        13330756       7895       2000      10000         21
   0       68     2044     9955      8967839354      8967849310        13340753       7898       2000      10000         13
   0       68     2044     9966      8967849344      8967859310        13350743       7908       2000      10000         12
   0       68     2046     9961      8967859347      8967869308        13360747       7902       2000      10000         11
   0       68     2046     9964      8967869345      8967879309        13370744       7905       2000      10000         12
   0       68     2046     9977      8967879346      8967889323        13380745       7904       2000      10000         26
   0       68     2043     9951      8967889360      8967899311        13390759       7893       2000      10000         14
   0       68     2043     9962      8967899346      8967909308        13400745       7907       2000      10000         11
   0       68     2043     9961      8967909343      8967919304        13410742       7909       2000      10000          8
   0       68     2043     9983      8967919324      8967929306        13420723       7929       2000      10000         10
   0       68     2043     9980      8967929325      8967939304        13430724       7928       2000      10000          8
   0       68     2043     9984      8967939320      8967949304        13440720       7933       2000      10000          8
   0       68     2044     9984      8967949322      8967959305        13450721       7931       2000      10000          9
   0       68     2043     9983      8967959322      8967969304        13460721       7931       2000      10000          8
   0       68     2044     9983      8967969320      8967979303        13470720       7932       2000      10000          7
   0       68     2043     9985      8967979319      8967989304        13480718       7934       2000      10000          7
   0       68     2043     9984      8967989320      8967999304        13490719       7933       2000      10000          7
   0       68     2043     9985      8967999319      8968009305        13500719       7933       2000      10000          8
   0       68     2043     9983      8968009321      8968019304        13510720       7932       2000      10000          8
   0       68     2043     9985      8968019320      8968029304        13520719       7933       2000      10000          8
   0       68     2043     9984      8968029320      8968039304        13530719       7933       2000      10000          8
   0       68     2044     9930      8968039375      8968049304        13540774       7877       2000      10000          8
   0       68     2043     9982      8968049323      8968059305        13550722       7931       2000      10000          8
   0       68     2043     9984      8968059320      8968069305        13560719       7933       2000      10000          8
   0       68     2044     9983      8968069320      8968079303        13570719       7933       2000      10000          7
   0       68     2043     9987      8968079318      8968089305        13580717       7935       2000      10000          9
   0       68     2043     9984      8968089321      8968099305        13590720       7932       2000      10000          8
   0       68     2043     9983      8968099320      8968109303        13600719       7933       2000      10000          7
   0       68     2043     9985      8968109320      8968119304        13610719       7933       2000      10000          8
   0       68     2043     9985      8968119319      8968129304        13620718       7934       2000      10000          8
   0       68     2043     9986      8968129319      8968139305        13630718       7934       2000      10000          8
   0       68     2043     9983      8968139320      8968149303        13640719       7933       2000      10000          6
   0       68     2043     9987      8968149318      8968159305        13650717       7935       2000      10000          8
   0       68     2043     9989      8968159319      8968169308        13660718       7934       2000      10000         12
   0       68     2044     9989      8968169324      8968179314        13670723       7928       2000      10000         17
   0       68     2044     9972      8968179336      8968189309        13680735       7916       2000      10000         11
   0       68     2047     9962      8968189347      8968199309        13690746       7902       2000      10000         12
   0       68     2043     9964      8968199345      8968209309        13700744       7908       2000      10000         12
   0       68     2044     9964      8968209347      8968219310        13710746       7905       2000      10000         13
   0       68     2043     9963      8968219348      8968229310        13720747       7905       2000      10000         13
   0       68     2046     9972      8968229347      8968239319        13730746       7902       2000      10000         22
   0       68     2043     9953      8968239355      8968249308        13740754       7898       2000      10000         11
   0       68     2046     9974      8968249345      8968259319        13750744       7905       2000      10000         22
   0       68     2043     9960      8968259354      8968269313        13760753       7899       2000      10000         16
   0       68     2043     9956      8968269353      8968279309        13770752       7899       2000      10000         12
   0       68     2043     9960      8968279348      8968289308        13780747       7905       2000      10000         11
   0       68     2046     9965      8968289344      8968299309        13790743       7906       2000      10000         12
   0       68     2043     9965      8968299344      8968309309        13800744       7908       2000      10000         12
   0       68     2047     9963      8968309345      8968319308        13810744       7904       2000      10000         11
   0       68     2043     9958      8968319346      8968329304        13820745       7906       2000      10000          8
   0       68     2043     9978      8968329326      8968339304        13830725       7927       2000      10000          8
   0       68     2043     9981      8968339323      8968349304        13840722       7930       2000      10000          8
   0       68     2043     9984      8968349321      8968359305        13850721       7932       2000      10000          9
   0       68     2043     9981      8968359323      8968369304        13860722       7930       2000      10000          8
   0       68     2044     9915      8968369389      8968379304        13870789       7863       2000      10000          8
   0       68     2043     9984      8968379320      8968389304        13880719       7933       2000      10000          8
   0       68     2043     9983      8968389321      8968399304        13890720       7932       2000      10000          8
   0       68     2043     9985      8968399322      8968409307        13900721       7931       2000      10000         11
   0       68     2043     9981      8968409323      8968419304        13910723       7929       2000      10000          8
   0       68     2043     9985      8968419319      8968429304        13920718       7934       2000      10000          8
   0       68     2043     9983      8968429320      8968439304        13930720       7933       2000      10000          8
   0       68     2043     9986      8968439320      8968449305        13940719       7934       2000      10000          9
   0       68     2043     9985      8968449320      8968459304        13950719       7933       2000      10000          8
   0       68     2043     9985      8968459320      8968469305        13960719       7933       2000      10000          9
   0       68     2043     9984      8968469320      8968479304        13970720       7933       2000      10000          8
   0       68     2043     9984      8968479319      8968489303        13980719       7934       2000      10000          7
   0       68     2043     9985      8968489319      8968499304        13990718       7934       2000      10000          7
   0       68     2043     9986      8968499318      8968509304        14000717       7935       2000      10000          8
   0       68     2044     9986      8968509319      8968519305        14010718       7934       2000      10000          8
   0       68     2043     9985      8968519320      8968529304        14020719       7933       2000      10000          8
   0       68     2043     9986      8968529318      8968539304        14030717       7935       2000      10000          8
   0       68     2043     9985      8968539318      8968549303        14040717       7935       2000      10000          7
   0       68     2043     9988      8968549317      8968559306        14050716       7936       2000      10000          9
   0       68     2043     9984      8968559320      8968569304        14060719       7934       2000      10000          8
   0       68     2043     9993      8968569318      8968579311        14070717       7935       2000      10000         14
   0       68     2043     9986      8968579328      8968589314        14080727       7925       2000      10000         17
   0       68     2043     9970      8968589341      8968599311        14090740       7912       2000      10000         14
   0       68     2043     9958      8968599352      8968609310        14100752       7900       2000      10000         13
   0       68     2043     9966      8968609346      8968619312        14110745       7906       2000      10000         15
   0       68     2043     9968      8968619349      8968629317        14120748       7904       2000      10000         20
   0       68     2043     9956      8968629354      8968639310        14130753       7899       2000      10000         12
   0       68     2044     9965      8968639347      8968649312        14140746       7905       2000      10000         15
   0       68     2043     9961      8968649347      8968659309        14150747       7905       2000      10000         12
   0       68     2043     9973      8968659347      8968669320        14160746       7906       2000      10000         22
   0       68     2046     9953      8968669356      8968679309        14170755       7893       2000      10000         12
   0       68     2048     9962      8968679347      8968689309        14180746       7901       2000      10000         12
   0       68     2046     9964      8968689345      8968699309        14190744       7905       2000      10000         12
   0       68     2043     9918      8968699395      8968709312        14200794       7858       2000      10000         15
   0       68     2044     9961      8968709349      8968719309        14210748       7904       2000      10000         12
   0       68     2046     9960      8968719348      8968729308        14220747       7902       2000      10000         11
   0       68     2046     9963      8968729345      8968739308        14230744       7905       2000      10000         11
   0       68     2046     9964      8968739346      8968749310        14240745       7904       2000      10000         13
   0       68     2043     9964      8968749346      8968759310        14250745       7907       2000      10000         13
   0       68     2046     9959      8968759349      8968769308        14260748       7901       2000      10000         11
   0       68     2046     9976      8968769343      8968779319        14270742       7907       2000      10000         22
   0       68     2044     9954      8968779355      8968789309        14280754       7897       2000      10000         12
   0       68     2046     9964      8968789346      8968799310        14290745       7904       2000      10000         13
   0       68     2046     9962      8968799348      8968809309        14300747       7902       2000      10000         12
   0       68     2046     9964      8968809345      8968819309        14310744       7905       2000      10000         12
   0       68     2046     9962      8968819349      8968829311        14320748       7901       2000      10000         14
   0       68     2046     9965      8968829346      8968839311        14330745       7904       2000      10000         14
   0       68     2044     9961      8968839348      8968849309        14340747       7904       2000      10000         12
   0       68     2046     9963      8968849345      8968859308        14350744       7905       2000      10000         11
   0       68     2046     9962      8968859346      8968869308        14360745       7904       2000      10000         11
   0       68     2045     9962      8968869347      8968879309        14370746       7904       2000      10000         12
   0       68     2044     9961      8968879346      8968889307        14380745       7906       2000      10000         10
   0       68     2043     9963      8968889343      8968899306        14390742       7910       2000      10000          9
   0       68     2043     9978      8968899326      8968909304        14400726       7927       2000      10000          8
   0       68     2043     9981      8968909323      8968919304        14410722       7930       2000      10000          8
   0       68     2043     9984      8968919322      8968929306        14420721       7931       2000      10000         10
   0       68     2043     9981      8968929323      8968939304        14430722       7930       2000      10000          8
   0       68     2043     9983      8968939321      8968949304        14440720       7932       2000      10000          8
   0       68     2043     9984      8968949320      8968959303        14450719       7933       2000      10000          7
   0       68     2043     9984      8968959320      8968969304        14460719       7933       2000      10000          8
   0       68     2043     9984      8968969319      8968979303        14470718       7934       2000      10000          7
   0       68     2043     9985      8968979318      8968989304        14480717       7935       2000      10000          7
   0       68     2043     9986      8968989318      8968999304        14490717       7935       2000      10000          7
   0       68     2043     9987      8968999318      8969009305        14500717       7935       2000      10000          9
   0       68     2043     9984      8969009320      8969019304        14510719       7933       2000      10000          7
   0       68     2043     9986      8969019318      8969029304        14520717       7935       2000      10000          8
   0       68     2043     9938      8969029366      8969039304        14530765       7887       2000      10000          8
   0       68     2044     9986      8969039320      8969049306        14540719       7932       2000      10000         10
   0       68     2043     9983      8969049322      8969059305        14550721       7931       2000      10000          8
   0       68     2043     9983      8969059321      8969069304        14560720       7932       2000      10000          8
   0       68     2043     9985      8969069319      8969079305        14570718       7934       2000      10000          8
   0       68     2044     9984      8969079320      8969089304        14580719       7933       2000      10000          8
   0       68     2043     9987      8969089318      8969099304        14590717       7935       2000      10000          8
   0       68     2043     9984      8969099319      8969109304        14600718       7934       2000      10000          7
   0       68     2043     9985      8969109319      8969119303        14610718       7935       2000      10000          7
   0       68     2043     9986      8969119317      8969129303        14620716       7936       2000      10000          7
   0       68     2043     9987      8969129318      8969139304        14630717       7936       2000      10000          8
   0       68     2043     9992      8969139319      8969149311        14640718       7934       2000      10000         14
   0       68     2043     9980      8969149330      8969159310        14650729       7924       2000      10000         13
   0       68     2043     9963      8969159347      8969169309        14660746       7906       2000      10000         12
   0       68     2043     9962      8969169348      8969179310        14670747       7905       2000      10000         13
   0       68     2046     9962      8969179348      8969189309        14680747       7902       2000      10000         12
   0       68     2046     9962      8969189347      8969199309        14690746       7902       2000      10000         12
   0       68     2047     9958      8969199350      8969209308        14700749       7899       2000      10000         11
   0       68     2044     9962      8969209344      8969219306        14710743       7908       2000      10000          9
   0       68     2043     9979      8969219325      8969229305        14720725       7928       2000      10000          8
   0       68     2043     9983      8969229323      8969239306        14730722       7930       2000      10000         10
   0       68     2043     9980      8969239325      8969249304        14740724       7929       2000      10000          8
   0       68     2043     9983      8969249321      8969259304        14750720       7932       2000      10000          8
   0       68     2043     9984      8969259320      8969269304        14760719       7933       2000      10000          8
   0       68     2044     9985      8969269319      8969279305        14770719       7933       2000      10000          8
   0       68     2043     9984      8969279320      8969289304        14780720       7933       2000      10000          8
   0       68     2043     9984      8969289320      8969299304        14790720       7933       2000      10000          8
   0       68     2043     9985      8969299319      8969309304        14800718       7934       2000      10000          8
   0       68     2043     9985      8969309319      8969319304        14810718       7934       2000      10000          8
   0       68     2043     9986      8969319318      8969329305        14820718       7935       2000      10000          8
   0       68     2043     9983      8969329320      8969339304        14830720       7933       2000      10000          8
   0       68     2043     9986      8969339318      8969349304        14840717       7935       2000      10000          8
   0       68     2043     9986      8969349318      8969359305        14850718       7935       2000      10000          8
   0       68     2043     9917      8969359389      8969369305        14860788       7864       2000      10000          9
   0       68     2043     9982      8969369323      8969379304        14870722       7931       2000      10000          8
   0       68     2043     9983      8969379321      8969389305        14880720       7932       2000      10000          8
   0       68     2043     9982      8969389321      8969399303        14890720       7932       2000      10000          7
   0       68     2043     9986      8969399319      8969409305        14900718       7934       2000      10000          9
   0       68     2043     9984      8969409321      8969419305        14910720       7933       2000      10000          9
   0       68     2043     9988      8969419319      8969429307        14920719       7934       2000      10000         11
   0       68     2043     9982      8969429322      8969439304        14930721       7931       2000      10000          8
   0       68     2043     9986      8969439319      8969449305        14940718       7935       2000      10000          8
   0       68     2043     9986      8969449319      8969459305        14950718       7934       2000      10000          9
   0       68     2043     9990      8969459320      8969469309        14960719       7933       2000      10000         13
   0       68     2043     9988      8969469327      8969479315        14970726       7926       2000      10000         18
   0       68     2043     9970      8969479338      8969489308        14980737       7914       2000      10000         11
   0       68     2043     9965      8969489345      8969499310        14990744       7908       2000      10000         13
   0       68     2043     9965      8969499345      8969509310        15000744       7908       2000      10000         13
   0       68     2043     9964      8969509346      8969519310        15010745       7907       2000      10000         13
   0       68     2046     9964      8969519347      8969529311        15020746       7903       2000      10000         13
   0       68     2046     9962      8969529346      8969539309        15030745       7904       2000      10000         12
   0       68     2046     9964      8969539346      8969549310        15040745       7904       2000      10000         13
   0       68     2046     9960      8969549347      8969559307        15050747       7902       2000      10000         10
   0       68     2046     9967      8969559343      8969569311        15060742       7907       2000      10000         14
   0       68     2046     9963      8969569348      8969579310        15070747       7903       2000      10000         13
   0       68     2043     9963      8969579346      8969589309        15080745       7907       2000      10000         12
   0       68     2046     9961      8969589346      8969599307        15090746       7904       2000      10000         10
   0       68     2043     9961      8969599343      8969609304        15100742       7910       2000      10000          8
   0       68     2043     9978      8969609325      8969619303        15110724       7928       2000      10000          7
   0       68     2043     9982      8969619321      8969629303        15120720       7932       2000      10000          7
   0       68     2043     9980      8969629323      8969639303        15130722       7931       2000      10000          6
   0       68     2043     9982      8969639321      8969649303        15140720       7933       2000      10000          7
   0       68     2043     9983      8969649320      8969659303        15150719       7933       2000      10000          7
   0       68     2043     9986      8969659319      8969669304        15160718       7935       2000      10000          8
   0       68     2043     9983      8969669321      8969679304        15170720       7933       2000      10000          8
   0       68     2043     9984      8969679319      8969689304        15180718       7934       2000      10000          7
   0       68     2043     9924      8969689381      8969699305        15190780       7872       2000      10000          9
   0       68     2043     9982      8969699322      8969709304        15200721       7931       2000      10000          8
   0       68     2044     9982      8969709322      8969719304        15210721       7931       2000      10000          7
   0       68     2043     9986      8969719320      8969729306        15220719       7933       2000      10000          9
   0       68     2043     9981      8969729323      8969739304        15230722       7930       2000      10000          8
   0       68     2043     9985      8969739319      8969749304        15240718       7934       2000      10000          7
   0       68     2043     9985      8969749319      8969759304        15250718       7934       2000      10000          8
   0       68     2043     9985      8969759319      8969769304        15260718       7935       2000      10000          8
   0       68     2044     9985      8969769319      8969779303        15270718       7934       2000      10000          7
   0       68     2043     9986      8969779318      8969789304        15280717       7935       2000      10000          7
   0       68     2043     9986      8969789319      8969799304        15290718       7934       2000      10000          8
   0       68     2043     9985      8969799318      8969809304        15300717       7934       2000      10000          7
   0       68     2043     9986      8969809319      8969819304        15310718       7934       2000      10000          8
   0       68     2043     9986      8969819319      8969829305        15320718       7934       2000      10000          8
   0       68     2043     9986      8969829319      8969839304        15330718       7934       2000      10000          8
   0       68     2044     9985      8969839318      8969849303        15340717       7934       2000      10000          7
   0       68     2043     9987      8969849318      8969859305        15350717       7936       2000      10000          9
   0       68     2046     9998      8969859319      8969869317        15360718       7931       2000      10000         20
   0       68     2044     9968      8969869341      8969879309        15370741       7910       2000      10000         12
   0       68     2043     9958      8969879350      8969889308        15380749       7902       2000      10000         11
   0       68     2043     9985      8969889345      8969899330        15390744       7908       2000      10000         33
   0       68     2043     9942      8969899368      8969909310        15400767       7885       2000      10000         13
   0       68     2044     9962      8969909346      8969919308        15410745       7906       2000      10000         11
   0       68     2043     9958      8969919346      8969929304        15420746       7906       2000      10000          8
   0       68     2043     9981      8969929324      8969939304        15430723       7929       2000      10000          8
   0       68     2043     9983      8969939322      8969949305        15440721       7930       2000      10000          9
   0       68     2043     9981      8969949323      8969959304        15450722       7930       2000      10000          7
   0       68     2043     9984      8969959321      8969969304        15460720       7932       2000      10000          8
   0       68     2043     9981      8969969322      8969979303        15470721       7931       2000      10000          7
   0       68     2043     9985      8969979319      8969989304        15480718       7934       2000      10000          7
   0       68     2043     9985      8969989320      8969999304        15490719       7933       2000      10000          8
   0       68     2043     9985      8969999320      8970009305        15500719       7933       2000      10000          8
   0       68     2043     9984      8970009320      8970019304        15510719       7933       2000      10000          8
   0       68     2043     9912      8970019395      8970029307        15520794       7858       2000      10000         10
   0       68     2043     9979      8970029325      8970039304        15530724       7928       2000      10000          8
   0       68     2043     9982      8970039321      8970049303        15540720       7932       2000      10000          7
   0       68     2043     9985      8970049320      8970059305        15550719       7933       2000      10000          8
   0       68     2043     9984      8970059320      8970069304        15560720       7933       2000      10000          8
   0       68     2043     9984      8970069320      8970079304        15570719       7933       2000      10000          7
   0       68     2043     9985      8970079319      8970089304        15580718       7934       2000      10000          7
   0       68     2043     9985      8970089319      8970099304        15590718       7934       2000      10000          7
   0       68     2043     9985      8970099319      8970109304        15600718       7934       2000      10000          7
   0       68     2043     9988      8970109318      8970119305        15610717       7935       2000      10000          9
   0       68     2043     9981      8970119324      8970129304        15620723       7929       2000      10000          8
   0       68     2043     9984      8970129320      8970139304        15630719       7933       2000      10000          8
   0       68     2043     9983      8970139320      8970149303        15640719       7933       2000      10000          7
   0       68     2043     9985      8970149319      8970159304        15650718       7934       2000      10000          8
   0       68     2043     9985      8970159320      8970169305        15660719       7934       2000      10000          9
   0       68     2043     9990      8970169320      8970179309        15670719       7934       2000      10000         13
   0       68     2043     9987      8970179326      8970189313        15680725       7927       2000      10000         17
   0       68     2043     9972      8970189338      8970199309        15690737       7915       2000      10000         12
   0       68     2044     9960      8970199350      8970209310        15700749       7902       2000      10000         13
   0       68     2043     9964      8970209346      8970219311        15710746       7906       2000      10000         13
   0       68     2043     9963      8970219347      8970229310        15720747       7905       2000      10000         13
   0       68     2043     9961      8970229346      8970239307        15730745       7906       2000      10000         10
   0       68     2046     9964      8970239345      8970249309        15740744       7904       2000      10000         12
   0       68     2046     9972      8970249347      8970259319        15750746       7903       2000      10000         22
   0       68     2043     9953      8970259357      8970269310        15760756       7896       2000      10000         13
   0       68     2047     9961      8970269347      8970279308        15770746       7902       2000      10000         11
   0       68     2047     9963      8970279345      8970289309        15780745       7904       2000      10000         12
   0       68     2046     9972      8970289346      8970299318        15790745       7904       2000      10000         21
   0       68     2046     9954      8970299356      8970309310        15800755       7894       2000      10000         13
   0       68     2043     9963      8970309346      8970319309        15810745       7907       2000      10000         12
   0       68     2046     9964      8970319348      8970329312        15820747       7901       2000      10000         15
   0       68     2043     9961      8970329349      8970339310        15830749       7903       2000      10000         14
   0       68     2044     9959      8970339348      8970349307        15840747       7904       2000      10000         10
   0       68     2046     9906      8970349404      8970359311        15850804       7845       2000      10000         13
   0       68     2043     9955      8970359353      8970369308        15860752       7900       2000      10000         10
   0       68     2046     9967      8970369344      8970379311        15870743       7906       2000      10000         14
   0       68     2044     9969      8970379348      8970389317        15880748       7904       2000      10000         20
   0       68     2043     9956      8970389353      8970399309        15890752       7900       2000      10000         11
   0       68     2043     9965      8970399352      8970409317        15900751       7901       2000      10000         20
   0       68     2051     9954      8970409354      8970419308        15910753       7892       2000      10000         11
   0       68     2046     9971      8970419348      8970429318        15920747       7902       2000      10000         21
   0       68     2043     9955      8970429356      8970439312        15930756       7896       2000      10000         14
   0       68     2044     9959      8970439350      8970449309        15940749       7902       2000      10000         12
   0       68     2044     9961      8970449349      8970459309        15950748       7904       2000      10000         12
   0       68     2046     9960      8970459349      8970469309        15960748       7901       2000      10000         12
   0       68     2046     9965      8970469346      8970479311        15970745       7904       2000      10000         14
   0       68     2046     9960      8970479349      8970489309        15980748       7901       2000      10000         11
   0       68     2046     9963      8970489346      8970499308        15990745       7904       2000      10000         11
   0       68     2046     9972      8970499347      8970509319        16000746       7902       2000      10000         22
   0       68     2044     9957      8970509355      8970519312        16010754       7897       2000      10000         15
   0       68     2046     9959      8970519350      8970529309        16020749       7900       2000      10000         12
   0       68     2046     9962      8970529346      8970539308        16030745       7904       2000      10000         11
   0       68     2046     9963      8970539346      8970549309        16040745       7904       2000      10000         12
   0       68     2043     9961      8970549347      8970559308        16050746       7906       2000      10000         11
   0       68     2046     9971      8970559348      8970569319        16060747       7902       2000      10000         22
   0       68     2044     9953      8970569356      8970579310        16070755       7896       2000      10000         13
   0       68     2044     9963      8970579346      8970589309        16080746       7906       2000      10000         12
   0       68     2043     9962      8970589347      8970599309        16090746       7906       2000      10000         12
   0       68     2046     9964      8970599347      8970609311        16100746       7903       2000      10000         14
   0       68     2044     9962      8970609348      8970619310        16110747       7904       2000      10000         12
   0       68     2043     9957      8970619354      8970629311        16120753       7899       2000      10000         14
   0       68     2043     9961      8970629347      8970639308        16130747       7905       2000      10000         11
   0       68     2046     9974      8970639346      8970649320        16140745       7904       2000      10000         23
   0       68     2044     9954      8970649356      8970659310        16150755       7895       2000      10000         13
   0       68     2046     9976      8970659348      8970669324        16160747       7902       2000      10000         27
   0       68     2043     9950      8970669361      8970679311        16170760       7892       2000      10000         14
   0       68     2044     9934      8970679375      8970689309        16180774       7876       2000      10000         13
   0       68     2043     9967      8970689346      8970699313        16190745       7907       2000      10000         16
   0       68     2047     9959      8970699351      8970709310        16200750       7899       2000      10000         13
   0       68     2043     9974      8970709350      8970719324        16210749       7903       2000      10000         27
   0       68     2043     9950      8970719361      8970729310        16220760       7892       2000      10000         13
   0       68     2046     9958      8970729350      8970739309        16230749       7900       2000      10000         12
   0       68     2046     9963      8970739346      8970749309        16240745       7903       2000      10000         13
   0       68     2046     9962      8970749345      8970759307        16250745       7904       2000      10000         10
   0       68     2046     9964      8970759345      8970769309        16260744       7905       2000      10000         12
   0       68     2046     9975      8970769346      8970779321        16270745       7903       2000      10000         24
   0       68     2044     9952      8970779358      8970789310        16280757       7894       2000      10000         13
   0       68     2046     9962      8970789346      8970799309        16290745       7904       2000      10000         12
   0       68     2046     9964      8970799348      8970809312        16300747       7902       2000      10000         14
   0       68     2043     9952      8970809357      8970819309        16310756       7896       2000      10000         12
   0       68     2047     9958      8970819350      8970829308        16320749       7900       2000      10000         11
   0       68     2043     9964      8970829345      8970839309        16330744       7908       2000      10000         12
   0       68     2046     9963      8970839349      8970849312        16340748       7901       2000      10000         15
   0       68     2046     9961      8970849349      8970859310        16350748       7901       2000      10000         14
   0       68     2046     9960      8970859349      8970869309        16360748       7901       2000      10000         12
   0       68     2043     9963      8970869345      8970879308        16370744       7908       2000      10000         11
   0       68     2046     9964      8970879346      8970889310        16380745       7904       2000      10000         13
   0       68     2043     9971      8970889346      8970899317        16390745       7907       2000      10000         20
   0       68     2043     9951      8970899358      8970909309        16400757       7895       2000      10000         12
   0       68     2046     9965      8970909348      8970919312        16410747       7902       2000      10000         15
   0       68     2043     9960      8970919350      8970929310        16420749       7902       2000      10000         13
   0       68     2046     9964      8970929347      8970939311        16430746       7903       2000      10000         14
   0       68     2043     9961      8970939348      8970949309        16440747       7905       2000      10000         12
   0       68     2044     9965      8970949346      8970959311        16450745       7907       2000      10000         14
   0       68     2043     9962      8970959347      8970969309        16460746       7905       2000      10000         12
   0       68     2047     9961      8970969348      8970979309        16470747       7901       2000      10000         12
   0       68     2047     9963      8970979346      8970989309        16480745       7903       2000      10000         12
   0       68     2046     9963      8970989345      8970999309        16490745       7904       2000      10000         12
   0       68     2046     9962      8970999347      8971009310        16500746       7903       2000      10000         13
   0       68     2043     9933      8971009377      8971019310        16510776       7875       2000      10000         13
   0       68     2046     9959      8971019351      8971029309        16520750       7899       2000      10000         12
   0       68     2043     9965      8971029345      8971039310        16530744       7908       2000      10000         13
   0       68     2044     9962      8971039347      8971049310        16540746       7905       2000      10000         13
   0       68     2044     9970      8971049346      8971059316        16550745       7906       2000      10000         19
   0       68     2043     9957      8971059354      8971069311        16560753       7899       2000      10000         14
   0       68     2044     9962      8971069347      8971079309        16570746       7905       2000      10000         12
   0       68     2044     9971      8971079347      8971089318        16580746       7905       2000      10000         21
   0       68     2044     9955      8971089354      8971099310        16590754       7897       2000      10000         13
   0       68     2043     9960      8971099348      8971109308        16600747       7905       2000      10000         11
   0       68     2044     9961      8971109344      8971119305        16610743       7908       2000      10000          8
   0       68     2043     9980      8971119325      8971129305        16620724       7928       2000      10000          9
   0       68     2043     9980      8971129325      8971139305        16630724       7928       2000      10000          9
   0       68     2043     9981      8971139323      8971149304        16640722       7930       2000      10000          7
   0       68     2043     9983      8971149321      8971159304        16650720       7931       2000      10000          8
   0       68     2043     9983      8971159321      8971169304        16660720       7932       2000      10000          8
   0       68     2043     9983      8971169320      8971179303        16670719       7933       2000      10000          7
   0       68     2044     9986      8971179319      8971189305        16680718       7934       2000      10000          8
   0       68     2043     9985      8971189319      8971199304        16690719       7934       2000      10000          8
   0       68     2043     9984      8971199319      8971209304        16700719       7934       2000      10000          7
   0       68     2043     9985      8971209320      8971219304        16710719       7934       2000      10000          8
   0       68     2043     9984      8971219319      8971229303        16720718       7934       2000      10000          7
   0       68     2043     9985      8971229318      8971239304        16730718       7935       2000      10000          7
   0       68     2043     9986      8971239318      8971249304        16740717       7935       2000      10000          8
   0       68     2043     9984      8971249319      8971259303        16750718       7934       2000      10000          7
   0       68     2043     9986      8971259318      8971269304        16760717       7935       2000      10000          8
   0       68     2043     9984      8971269319      8971279303        16770718       7934       2000      10000          6
   0       68     2043     9988      8971279316      8971289305        16780716       7937       2000      10000          8
   0       68     2043     9985      8971289319      8971299304        16790718       7934       2000      10000          8
   0       68     2043     9985      8971299319      8971309304        16800718       7934       2000      10000          7
   0       68     2044     9986      8971309318      8971319304        16810717       7935       2000      10000          8
   0       68     2043     9986      8971319318      8971329303        16820717       7935       2000      10000          7
   0       68     2043     9987      8971329317      8971339304        16830716       7936       2000      10000          7
   0       68     2043     9957      8971339347      8971349304        16840747       7905       2000      10000          8
   0       68     2043     9984      8971349320      8971359304        16850719       7933       2000      10000          8
   0       68     2043     9990      8971359321      8971369311        16860720       7932       2000      10000         14
   0       68     2044     9992      8971369329      8971379321        16870728       7923       2000      10000         24
   0       68     2044     9955      8971379353      8971389308        16880752       7900       2000      10000         11
   0       68     2047     9964      8971389346      8971399310        16890746       7903       2000      10000         13
   0       68     2046     9952      8971399357      8971409309        16900756       7892       2000      10000         12
   0       68     2044     9960      8971409344      8971419305        16910743       7908       2000      10000          8
   0       68     2043     9980      8971419325      8971429305        16920724       7929       2000      10000          8
   0       68     2043     9982      8971429323      8971439305        16930722       7930       2000      10000          8
   0       68     2043     9982      8971439321      8971449303        16940720       7932       2000      10000          7
   0       68     2043     9984      8971449321      8971459305        16950720       7932       2000      10000          8
   0       68     2043     9983      8971459321      8971469304        16960720       7932       2000      10000          7
   0       68     2043     9983      8971469320      8971479303        16970719       7933       2000      10000          6
   0       68     2043     9986      8971479318      8971489304        16980717       7935       2000      10000          8
   0       68     2043     9984      8971489320      8971499304        16990719       7933       2000      10000          7
   0       68     2043     9986      8971499318      8971509304        17000717       7935       2000      10000          8
   0       68     2043     9985      8971509319      8971519304        17010718       7934       2000      10000          7
   0       68     2043     9987      8971519318      8971529306        17020717       7935       2000      10000          9
   0       68     2043     9986      8971529320      8971539306        17030719       7933       2000      10000          9
   0       68     2043     9982      8971539321      8971549303        17040720       7932       2000      10000          6
   0       68     2043     9987      8971549318      8971559305        17050717       7935       2000      10000          8
   0       68     2043     9985      8971559319      8971569304        17060718       7934       2000      10000          8
   0       68     2044     9985      8971569319      8971579303        17070718       7934       2000      10000          7
   0       68     2043     9986      8971579317      8971589304        17080717       7936       2000      10000          7
   0       68     2043     9985      8971589318      8971599303        17090717       7935       2000      10000          7
   0       68     2044     9986      8971599317      8971609304        17100716       7935       2000      10000          7
   0       68     2043     9986      8971609317      8971619303        17110716       7936       2000      10000          7
   0       68     2043     9987      8971619317      8971629304        17120716       7936       2000      10000          8
   0       68     2043     9987      8971629318      8971639305        17130717       7935       2000      10000          8
   0       68     2043     9985      8971639318      8971649303        17140717       7935       2000      10000          7
   0       68     2043     9987      8971649317      8971659305        17150717       7936       2000      10000          8
   0       68     2043     9993      8971659318      8971669311        17160717       7935       2000      10000         14
   0       68     2043     9932      8971669388      8971679320        17170787       7865       2000      10000         24
   0       68     2044     9961      8971679352      8971689313        17180751       7900       2000      10000         16
   0       68     2043     9962      8971689348      8971699310        17190747       7905       2000      10000         13
   0       68     2046     9961      8971699347      8971709308        17200746       7903       2000      10000         11
   0       68     2046     9963      8971709345      8971719308        17210744       7905       2000      10000         11
   0       68     2043     9962      8971719345      8971729307        17220745       7907       2000      10000         11
   0       68     2043     9976      8971729328      8971739304        17230727       7925       2000      10000          7
   0       68     2044     9982      8971739321      8971749303        17240720       7931       2000      10000          7
   0       68     2043     9983      8971749322      8971759305        17250721       7931       2000      10000          8
   0       68     2043     9984      8971759321      8971769305        17260720       7932       2000      10000          8
   0       68     2043     9983      8971769321      8971779304        17270721       7932       2000      10000          8
   0       68     2043     9983      8971779320      8971789303        17280719       7933       2000      10000          7
   0       68     2043     9985      8971789320      8971799304        17290719       7934       2000      10000          8
   0       68     2043     9984      8971799320      8971809304        17300719       7933       2000      10000          7
   0       68     2043     9984      8971809319      8971819304        17310719       7933       2000      10000          8
   0       68     2043     9985      8971819319      8971829304        17320718       7934       2000      10000          8
   0       68     2043     9983      8971829320      8971839303        17330719       7934       2000      10000          6
   0       68     2044     9985      8971839318      8971849303        17340717       7934       2000      10000          7
   0       68     2043     9986      8971849318      8971859304        17350717       7935       2000      10000          7
   0       68     2043     9987      8971859318      8971869305        17360717       7936       2000      10000          8
   0       68     2043     9992      8971869320      8971879312        17370719       7933       2000      10000         15
   0       68     2044     9977      8971879326      8971889303        17380725       7927       2000      10000          7
   0       68     2043     9988      8971889317      8971899305        17390716       7936       2000      10000          8
   0       68     2043     9985      8971899319      8971909304        17400718       7935       2000      10000          7
   0       68     2043     9987      8971909318      8971919304        17410717       7935       2000      10000          8
   0       68     2043     9987      8971919319      8971929306        17420718       7934       2000      10000          9
   0       68     2043     9985      8971929320      8971939305        17430719       7933       2000      10000          8
   0       68     2043     9984      8971939319      8971949303        17440718       7934       2000      10000          7
   0       68     2043     9985      8971949318      8971959303        17450717       7936       2000      10000          7
   0       68     2043     9988      8971959318      8971969305        17460717       7936       2000      10000          9
   0       68     2043     9992      8971969319      8971979311        17470718       7934       2000      10000         15
   0       68     2044     9979      8971979329      8971989309        17480728       7923       2000      10000         12
   0       68     2046     9965      8971989344      8971999310        17490743       7905       2000      10000         13
   0       68     2043     9931      8971999380      8972009311        17500779       7872       2000      10000         14
   0       68     2044     9961      8972009347      8972019308        17510746       7906       2000      10000         11
   0       68     2046     9972      8972019346      8972029318        17520745       7904       2000      10000         21
   0       68     2043     9956      8972029353      8972039309        17530752       7900       2000      10000         12
   0       68     2046     9965      8972039346      8972049311        17540745       7904       2000      10000         14
   0       68     2043     9964      8972049346      8972059310        17550746       7906       2000      10000         13
   0       68     2046     9961      8972059348      8972069309        17560747       7901       2000      10000         12
   0       68     2044     9960      8972069346      8972079306        17570745       7906       2000      10000         10
   0       68     2044     9978      8972079326      8972089304        17580725       7927       2000      10000          7
   0       68     2043     9982      8972089323      8972099305        17590722       7930       2000      10000          9
   0       68     2043     9983      8972099324      8972109306        17600723       7930       2000      10000         10
   0       68     2044     9981      8972109323      8972119305        17610723       7929       2000      10000          8
   0       68     2043     9985      8972119321      8972129306        17620720       7933       2000      10000          9
   0       68     2043     9982      8972129322      8972139304        17630721       7931       2000      10000          8
   0       68     2043     9983      8972139320      8972149303        17640719       7933       2000      10000          6
   0       68     2043     9986      8972149318      8972159304        17650717       7936       2000      10000          8
   0       68     2043     9985      8972159318      8972169303        17660717       7935       2000      10000          7
   0       68     2043     9985      8972169319      8972179304        17670718       7934       2000      10000          7
   0       68     2043     9985      8972179318      8972189303        17680718       7934       2000      10000          7
   0       68     2043     9986      8972189318      8972199305        17690717       7934       2000      10000          8
   0       68     2044     9983      8972199320      8972209304        17700719       7932       2000      10000          7
   0       68     2043     9985      8972209318      8972219303        17710717       7935       2000      10000          7
   0       68     2043     9988      8972219317      8972229305        17720716       7936       2000      10000          9
   0       68     2043     9983      8972229321      8972239304        17730720       7932       2000      10000          8
   0       68     2043     9985      8972239319      8972249304        17740718       7934       2000      10000          8
   0       68     2043     9986      8972249318      8972259304        17750717       7935       2000      10000          8
   0       68     2043     9986      8972259318      8972269304        17760717       7935       2000      10000          8
   0       68     2044     9984      8972269319      8972279303        17770718       7933       2000      10000          7
   0       68     2043     9987      8972279318      8972289305        17780717       7935       2000      10000          8
   0       68     2043     9985      8972289319      8972299304        17790718       7934       2000      10000          8
   0       68     2043     9984      8972299319      8972309303        17800718       7934       2000      10000          7
   0       68     2043     9987      8972309317      8972319304        17810716       7936       2000      10000          8
   0       68     2043     9989      8972319318      8972329307        17820717       7935       2000      10000         11
   0       68     2043     9935      8972329379      8972339315        17830778       7874       2000      10000         18
   0       68     2043     9970      8972339338      8972349309        17840737       7914       2000      10000         12
   0       68     2047     9968      8972349342      8972359310        17850741       7907       2000      10000         13
   0       68     2047     9961      8972359348      8972369309        17860747       7901       2000      10000         12
   0       68     2043     9975      8972369345      8972379320        17870744       7907       2000      10000         23
   0       68     2043     9952      8972379358      8972389309        17880757       7895       2000      10000         12
   0       68     2046     9962      8972389347      8972399308        17890746       7903       2000      10000         11
   0       68     2047     9964      8972399347      8972409311        17900746       7902       2000      10000         14
   0       68     2044     9963      8972409347      8972419311        17910747       7904       2000      10000         13
   0       68     2043     9964      8972419347      8972429311        17920746       7905       2000      10000         14
   0       68     2043     9958      8972429350      8972439308        17930749       7903       2000      10000         11
   0       68     2043     9961      8972439347      8972449308        17940746       7906       2000      10000         12
   0       68     2047     9962      8972449346      8972459308        17950745       7903       2000      10000         11
   0       68     2043     9959      8972459346      8972469305        17960746       7906       2000      10000          9
   0       68     2044     9978      8972469326      8972479303        17970725       7927       2000      10000          7
   0       68     2043     9982      8972479322      8972489304        17980721       7931       2000      10000          8
   0       68     2043     9983      8972489321      8972499304        17990720       7932       2000      10000          8
   0       68     2043     9982      8972499322      8972509303        18000721       7931       2000      10000          7
   0       68     2044     9983      8972509320      8972519304        18010720       7932       2000      10000          7
   0       68     2043     9986      8972519320      8972529305        18020719       7933       2000      10000          9
   0       68     2043     9983      8972529321      8972539304        18030721       7932       2000      10000          8
   0       68     2043     9984      8972539320      8972549304        18040719       7933       2000      10000          8
   0       68     2043     9985      8972549320      8972559305        18050719       7933       2000      10000          9
   0       68     2043     9985      8972559320      8972569304        18060719       7934       2000      10000          8
   0       68     2044     9984      8972569319      8972579304        18070718       7933       2000      10000          7
   0       68     2043     9986      8972579318      8972589304        18080717       7935       2000      10000          7
   0       68     2043     9986      8972589318      8972599304        18090717       7935       2000      10000          8
   0       68     2043     9984      8972599319      8972609303        18100718       7933       2000      10000          7
   0       68     2043     9987      8972609318      8972619304        18110717       7935       2000      10000          8
   0       68     2043     9985      8972619319      8972629304        18120718       7935       2000      10000          8
   0       68     2043     9987      8972629318      8972639304        18130717       7936       2000      10000          8
   0       68     2043     9985      8972639318      8972649303        18140717       7935       2000      10000          7
   0       68     2043     9988      8972649317      8972659305        18150716       7936       2000      10000          9
   0       68     2043     9920      8972659385      8972669305        18160784       7868       2000      10000          8
   0       68     2044     9981      8972669323      8972679304        18170722       7930       2000      10000          8
   0       68     2043     9984      8972679320      8972689304        18180719       7933       2000      10000          8
   0       68     2043     9984      8972689319      8972699303        18190718       7934       2000      10000          7
   0       68     2043     9986      8972699319      8972709305        18200718       7934       2000      10000          9
   0       68     2044     9984      8972709321      8972719304        18210720       7932       2000      10000          8
   0       68     2043     9984      8972719333      8972729317        18220732       7920       2000      10000         20
   0       68     2043     9964      8972729345      8972739308        18230744       7908       2000      10000         11
   0       68     2043     9964      8972739345      8972749309        18240744       7908       2000      10000         12
   0       68     2046     9964      8972749346      8972759310        18250745       7904       2000      10000         13
   0       68     2043     9972      8972759347      8972769319        18260746       7906       2000      10000         22
   0       68     2043     9952      8972769356      8972779309        18270756       7896       2000      10000         12
   0       68     2043     9961      8972779349      8972789310        18280748       7904       2000      10000         13
   0       68     2043     9961      8972789347      8972799308        18290746       7906       2000      10000         11
   0       68     2046     9962      8972799346      8972809308        18300745       7904       2000      10000         11
   0       68     2046     9964      8972809345      8972819309        18310744       7905       2000      10000         12
   0       68     2046     9963      8972819346      8972829308        18320745       7904       2000      10000         11
   0       68     2046     9964      8972829346      8972839310        18330745       7904       2000      10000         13
   0       68     2044     9962      8972839347      8972849309        18340746       7906       2000      10000         12
   0       68     2044     9965      8972849346      8972859310        18350745       7906       2000      10000         13
   0       68     2043     9960      8972859348      8972869308        18360747       7905       2000      10000         11
   0       68     2044     9966      8972869344      8972879310        18370744       7908       2000      10000         13
   0       68     2044     9964      8972879346      8972889310        18380746       7905       2000      10000         13
   0       68     2043     9962      8972889347      8972899309        18390746       7906       2000      10000         12
   0       68     2047     9963      8972899347      8972909310        18400746       7902       2000      10000         13
   0       68     2046     9971      8972909349      8972919320        18410748       7901       2000      10000         23
   0       68     2043     9952      8972919358      8972929310        18420757       7894       2000      10000         13
   0       68     2043     9961      8972929346      8972939308        18430745       7907       2000      10000         11
   0       68     2046     9964      8972939344      8972949308        18440743       7906       2000      10000         11
   0       68     2043     9965      8972949345      8972959310        18450744       7908       2000      10000         13
   0       68     2046     9961      8972959347      8972969308        18460746       7903       2000      10000         12
   0       68     2046     9965      8972969344      8972979308        18470743       7906       2000      10000         11
   0       68     2046     9962      8972979346      8972989309        18480745       7903       2000      10000         12
   0       68     2043     9912      8972989397      8972999309        18490797       7855       2000      10000         12
   0       68     2047     9959      8972999348      8973009308        18500747       7901       2000      10000         11
   0       68     2046     9966      8973009344      8973019309        18510743       7906       2000      10000         12
   0       68     2046     9973      8973019349      8973029322        18520748       7900       2000      10000         25
   0       68     2048     9945      8973029364      8973039309        18530763       7884       2000      10000         12
   0       68     2046     9962      8973039346      8973049308        18540745       7903       2000      10000         11
   0       68     2043     9961      8973049348      8973059309        18550747       7904       2000      10000         12
   0       68     2046     9964      8973059347      8973069311        18560746       7903       2000      10000         13
   0       68     2046     9958      8973069354      8973079311        18570753       7896       2000      10000         14
   0       68     2043     9960      8973079348      8973089308        18580748       7904       2000      10000         11
   0       68     2043     9961      8973089347      8973099308        18590746       7906       2000      10000         11
   0       68     2046     9964      8973099345      8973109309        18600744       7904       2000      10000         12
   0       68     2044     9964      8973109345      8973119309        18610744       7907       2000      10000         12
   0       68     2046     9960      8973119348      8973129308        18620747       7902       2000      10000         11
   0       68     2046     9962      8973129345      8973139307        18630744       7905       2000      10000         11
   0       68     2043     9960      8973139345      8973149305        18640744       7907       2000      10000          9
   0       68     2043     9979      8973149326      8973159304        18650725       7927       2000      10000          8
   0       68     2043     9980      8973159324      8973169304        18660723       7929       2000      10000          8
   0       68     2043     9981      8973169323      8973179303        18670722       7930       2000      10000          7
   0       68     2043     9983      8973179322      8973189305        18680721       7931       2000      10000          8
   0       68     2043     9983      8973189321      8973199305        18690720       7932       2000      10000          8
   0       68     2043     9983      8973199321      8973209304        18700720       7932       2000      10000          8
   0       68     2043     9985      8973209320      8973219304        18710719       7933       2000      10000          8
   0       68     2043     9986      8973219320      8973229306        18720719       7934       2000      10000          9
   0       68     2043     9983      8973229322      8973239304        18730721       7931       2000      10000          8
   0       68     2043     9984      8973239319      8973249303        18740718       7934       2000      10000          6
   0       68     2043     9987      8973249317      8973259305        18750717       7936       2000      10000          8
   0       68     2043     9985      8973259319      8973269305        18760718       7934       2000      10000          8
   0       68     2043     9985      8973269319      8973279304        18770718       7934       2000      10000          7
   0       68     2043     9985      8973279319      8973289304        18780718       7935       2000      10000          7
   0       68     2043     9986      8973289319      8973299305        18790718       7935       2000      10000          8
   0       68     2043     9986      8973299319      8973309304        18800718       7934       2000      10000          8
   0       68     2044     9986      8973309318      8973319304        18810717       7934       2000      10000          8
   0       68     2043     9941      8973319365      8973329305        18820764       7889       2000      10000          9
   0       68     2043     9983      8973329322      8973339304        18830721       7932       2000      10000          8
   0       68     2043     9983      8973339320      8973349303        18840720       7933       2000      10000          7
   0       68     2043     9985      8973349319      8973359304        18850718       7934       2000      10000          8
   0       68     2043     9984      8973359320      8973369303        18860719       7933       2000      10000          7
   0       68     2043     9985      8973369318      8973379304        18870717       7935       2000      10000          7
   0       68     2043     9985      8973379318      8973389304        18880718       7934       2000      10000          7
   0       68     2043    10000      8973389318      8973399318        18890717       7935       2000      10000         21
   0       68     2043     9972      8973399342      8973409314        18900741       7911       2000      10000         18
   0       68     2043     9971      8973409337      8973419309        18910737       7915       2000      10000         12
   0       68     2046     9961      8973419348      8973429309        18920747       7902       2000      10000         12
   0       68     2046     9964      8973429347      8973439310        18930746       7903       2000      10000         13
   0       68     2044     9961      8973439347      8973449308        18940747       7905       2000      10000         11
   0       68     2046     9966      8973449344      8973459309        18950743       7906       2000      10000         12
   0       68     2046     9961      8973459349      8973469310        18960748       7901       2000      10000         12
   0       68     2046     9963      8973469346      8973479309        18970745       7904       2000      10000         12
   0       68     2046     9973      8973479346      8973489319        18980745       7903       2000      10000         22
   0       68     2043     9955      8973489354      8973499309        18990754       7898       2000      10000         12
   0       68     2046     9961      8973499347      8973509308        19000746       7903       2000      10000         11
   0       68     2047     9965      8973509345      8973519310        19010744       7904       2000      10000         13
   0       68     2046     9961      8973519349      8973529310        19020748       7901       2000      10000         13
   0       68     2043     9961      8973529348      8973539309        19030747       7905       2000      10000         12
   0       68     2044     9961      8973539347      8973549308        19040746       7905       2000      10000         11
   0       68     2043     9959      8973549346      8973559304        19050745       7907       2000      10000          8
   0       68     2043     9979      8973559326      8973569305        19060725       7928       2000      10000          8
   0       68     2043     9982      8973569323      8973579305        19070722       7931       2000      10000          8
   0       68     2043     9982      8973579322      8973589304        19080721       7931       2000      10000          8
   0       68     2043     9993      8973589321      8973599314        19090720       7933       2000      10000         17
   0       68     2043     9973      8973599331      8973609304        19100731       7921       2000      10000          8
   0       68     2043     9983      8973609321      8973619304        19110720       7932       2000      10000          7
   0       68     2043     9988      8973619319      8973629307        19120719       7934       2000      10000         11
   0       68     2043     9978      8973629327      8973639305        19130726       7926       2000      10000          8
   0       68     2044     9982      8973639321      8973649303        19140720       7932       2000      10000          7
   0       68     2043     9955      8973649349      8973659305        19150749       7903       2000      10000          8
   0       68     2043     9981      8973659323      8973669304        19160722       7930       2000      10000          8
   0       68     2044     9981      8973669322      8973679303        19170721       7931       2000      10000          7
   0       68     2043     9984      8973679320      8973689304        19180719       7933       2000      10000          8
   0       68     2043     9987      8973689321      8973699308        19190720       7932       2000      10000         12
   0       68     2043     9978      8973699325      8973709304        19200725       7928       2000      10000          7
   0       68     2044     9985      8973709319      8973719304        19210718       7934       2000      10000          8
   0       68     2043     9985      8973719319      8973729305        19220718       7934       2000      10000          8
   0       68     2043     9985      8973729319      8973739304        19230718       7934       2000      10000          7
   0       68     2043     9985      8973739318      8973749303        19240717       7935       2000      10000          7
   0       68     2043     9985      8973749318      8973759303        19250717       7935       2000      10000          7
   0       68     2043     9986      8973759319      8973769305        19260718       7934       2000      10000          8
   0       68     2044     9984      8973769319      8973779303        19270718       7933       2000      10000          7
   0       68     2043     9986      8973779318      8973789303        19280717       7935       2000      10000          7
   0       68     2043     9986      8973789318      8973799304        19290717       7935       2000      10000          7
   0       68     2044     9985      8973799319      8973809304        19300718       7934       2000      10000          8
   0       68     2044    10000      8973809318      8973819317        19310717       7935       2000      10000         21
   0       68     2043     9963      8973819346      8973829310        19320746       7906       2000      10000         13
   0       68     2044     9960      8973829351      8973839311        19330750       7901       2000      10000         14
   0       68     2043     9965      8973839348      8973849313        19340747       7904       2000      10000         16
   0       68     2043     9958      8973849351      8973859309        19350750       7901       2000      10000         12
   0       68     2046     9963      8973859347      8973869310        19360746       7903       2000      10000         13
   0       68     2046     9970      8973869348      8973879317        19370747       7902       2000      10000         20
   0       68     2044     9973      8973879355      8973889328        19380754       7897       2000      10000         31
   0       68     2043     9945      8973889365      8973899310        19390764       7888       2000      10000         13
   0       68     2047     9961      8973899348      8973909309        19400747       7901       2000      10000         12
   0       68     2047     9964      8973909346      8973919310        19410746       7903       2000      10000         13
   0       68     2046     9961      8973919348      8973929309        19420748       7901       2000      10000         12
   0       68     2046     9960      8973929348      8973939308        19430747       7901       2000      10000         11
   0       68     2044     9959      8973939345      8973949304        19440744       7907       2000      10000          7
   0       68     2044     9981      8973949324      8973959305        19450723       7929       2000      10000          8
   0       68     2043     9984      8973959322      8973969306        19460721       7931       2000      10000          9
   0       68     2044     9980      8973969323      8973979303        19470722       7929       2000      10000          7
   0       68     2043     9933      8973979372      8973989305        19480772       7881       2000      10000          9
   0       68     2043     9984      8973989322      8973999306        19490721       7931       2000      10000          9
   0       68     2043     9980      8973999324      8974009305        19500723       7929       2000      10000          8
   0       68     2043     9981      8974009323      8974019304        19510722       7930       2000      10000          8
   0       68     2043     9982      8974019322      8974029304        19520721       7931       2000      10000          7
   0       68     2043     9984      8974029320      8974039304        19530719       7933       2000      10000          8
   0       68     2043     9982      8974039322      8974049303        19540721       7931       2000      10000          7
   0       68     2043     9986      8974049318      8974059305        19550717       7935       2000      10000          8
   0       68     2043     9984      8974059320      8974069304        19560719       7934       2000      10000          8
   0       68     2044     9985      8974069319      8974079304        19570718       7934       2000      10000          8
   0       68     2043     9985      8974079319      8974089304        19580718       7934       2000      10000          8
   0       68     2043     9987      8974089319      8974099305        19590718       7935       2000      10000          9
   0       68     2044     9984      8974099320      8974109304        19600719       7933       2000      10000          8
   0       68     2043     9985      8974109319      8974119304        19610718       7934       2000      10000          8
   0       68     2043     9981      8974119323      8974129304        19620722       7930       2000      10000          7
   0       68     2043     9984      8974129319      8974139304        19630718       7934       2000      10000          7
   0       68     2043     9985      8974139319      8974149304        19640718       7934       2000      10000          8
   0       68     2043     9984      8974149320      8974159304        19650719       7934       2000      10000          7
   0       68     2043     9985      8974159319      8974169304        19660718       7934       2000      10000          7
   0       68     2043     9986      8974169319      8974179304        19670718       7934       2000      10000          8
   0       68     2043     9985      8974179318      8974189304        19680717       7935       2000      10000          7
   0       68     2043     9987      8974189318      8974199305        19690717       7935       2000      10000          9
   0       68     2046     9997      8974199319      8974209316        19700718       7930       2000      10000         19
   0       68     2043     9968      8974209341      8974219309        19710740       7912       2000      10000         12
   0       68     2047     9969      8974219351      8974229320        19720750       7898       2000      10000         23
   0       68     2043     9950      8974229358      8974239307        19730757       7895       2000      10000         10
   0       68     2046     9963      8974239345      8974249308        19740744       7905       2000      10000         11
   0       68     2044     9965      8974249344      8974259310        19750743       7908       2000      10000         13
   0       68     2043     9968      8974259351      8974269318        19760750       7902       2000      10000         21
   0       68     2044     9952      8974269356      8974279308        19770755       7897       2000      10000         11
   0       68     2044     9961      8974279343      8974289304        19780742       7910       2000      10000          8
   0       68     2043     9981      8974289324      8974299305        19790723       7929       2000      10000          9
   0       68     2043     9979      8974299324      8974309304        19800723       7928       2000      10000          7
   0       68     2044     9915      8974309391      8974319306        19810790       7862       2000      10000         10
   0       68     2043     9978      8974319326      8974329304        19820725       7927       2000      10000          7
   0       68     2043     9982      8974329323      8974339305        19830722       7930       2000      10000          8
   0       68     2043     9980      8974339323      8974349303        19840722       7930       2000      10000          7
   0       68     2043     9985      8974349320      8974359305        19850719       7933       2000      10000          8
   0       68     2043     9983      8974359321      8974369304        19860720       7932       2000      10000          8
   0       68     2043     9984      8974369320      8974379303        19870719       7933       2000      10000          7
   0       68     2043     9985      8974379319      8974389304        19880718       7935       2000      10000          7
   0       68     2043     9986      8974389318      8974399304        19890717       7935       2000      10000          8
   0       68     2044     9986      8974399319      8974409304        19900718       7933       2000      10000          8
   0       68     2043     9984      8974409320      8974419304        19910719       7933       2000      10000          7
   0       68     2044     9987      8974419318      8974429305        19920717       7935       2000      10000          9
   0       68     2043     9983      8974429321      8974439304        19930720       7932       2000      10000          8
   0       68     2044     9993      8974439320      8974449313        19940719       7932       2000      10000         17
   0       68     2043     9976      8974449328      8974459304        19950727       7926       2000      10000          8
   0       68     2043     9986      8974459319      8974469305        19960718       7935       2000      10000          8
   0       68     2043     9984      8974469319      8974479303        19970718       7934       2000      10000          7
   0       68     2043     9986      8974479318      8974489304        19980717       7935       2000      10000          8
   0       68     2043     9987      8974489319      8974499305        19990718       7934       2000      10000          9
