t_recv_ns	batch_idx	n_span	name	timestamp_us	duration_us	id	parent
1788609735217128301	0	1	calibration	1788609735216156	51	630dd6176caa7ad7	03f4149fa9c03bf2
1788609735236899960	1	1	phase_loop[0]	1788609735233470	2070	e501dfb726788289	eeb5b7cb9c52ced7
1788609735239927448	2	1	phase_loop[1]	1788609735237129	2012	3f294230b19d3b42	eeb5b7cb9c52ced7
1788609735248446145	3	1	phase_loop[2]	1788609735240119	7539	68c96523ede754a4	eeb5b7cb9c52ced7
1788609735258483466	4	1	phase_loop[3]	1788609735248640	9019	46b2d2d6889bd23a	eeb5b7cb9c52ced7
1788609735268483346	5	1	phase_loop[4]	1788609735258696	8965	9bbb46abeab1479d	eeb5b7cb9c52ced7
1788609735278471042	6	1	phase_loop[5]	1788609735268694	8965	5182ee11579af956	eeb5b7cb9c52ced7
1788609735288543800	7	1	phase_loop[6]	1788609735278666	8997	ae531a5b373d69ae	eeb5b7cb9c52ced7
1788609735298571863	8	1	phase_loop[7]	1788609735288762	8897	ed98f8f20580f492	eeb5b7cb9c52ced7
1788609735308600207	9	1	phase_loop[8]	1788609735298805	8852	0514b52b44f3b448	eeb5b7cb9c52ced7
1788609735318419625	10	1	phase_loop[9]	1788609735308827	8830	3f5bdd085138bbb2	eeb5b7cb9c52ced7
1788609735328429544	11	1	phase_loop[10]	1788609735318614	9043	095c7b98712df84b	eeb5b7cb9c52ced7
1788609735338474599	12	1	phase_loop[11]	1788609735328619	9042	0971310055a3b8d0	eeb5b7cb9c52ced7
1788609735348273709	13	1	phase_loop[12]	1788609735338671	8983	b671ae1d3cfe644e	eeb5b7cb9c52ced7
1788609735358468708	14	1	phase_loop[13]	1788609735348452	9204	fe2df071dcb52b46	eeb5b7cb9c52ced7
1788609735368534473	15	1	phase_loop[14]	1788609735358674	8985	f64cb3b164cc1765	eeb5b7cb9c52ced7
1788609735378432981	16	1	phase_loop[15]	1788609735368753	8905	797d89af77f2a23e	eeb5b7cb9c52ced7
1788609735388317302	17	1	phase_loop[16]	1788609735378624	9030	6167b427e835748a	eeb5b7cb9c52ced7
1788609735398624413	18	1	phase_loop[17]	1788609735388502	9157	5b66fa785c63b90f	eeb5b7cb9c52ced7
1788609735408436748	19	1	phase_loop[18]	1788609735398858	8801	43da575532486191	eeb5b7cb9c52ced7
1788609735418430346	20	1	phase_loop[19]	1788609735408635	9026	edc8f6022595ed2f	eeb5b7cb9c52ced7
1788609735428531137	21	1	phase_loop[20]	1788609735418617	9041	75d8e405a6177765	eeb5b7cb9c52ced7
1788609735438525687	22	1	phase_loop[21]	1788609735428731	8929	d36e05a2b524f887	eeb5b7cb9c52ced7
1788609735448409497	23	1	phase_loop[22]	1788609735438735	8922	1f557093c1ec6def	eeb5b7cb9c52ced7
1788609735458683876	24	1	phase_loop[23]	1788609735448616	9043	0802f837a6c4c4ed	eeb5b7cb9c52ced7
1788609735468504006	25	1	phase_loop[24]	1788609735458966	8695	ad057c842408119e	eeb5b7cb9c52ced7
1788609735478507432	26	1	phase_loop[25]	1788609735469515	8142	702afb91092130dd	eeb5b7cb9c52ced7
1788609735488320118	27	1	phase_loop[26]	1788609735478704	8952	388ef44cf2eefc2c	eeb5b7cb9c52ced7
1788609735498578016	28	1	phase_loop[27]	1788609735488498	9161	8d6cdbcd041d9ae3	eeb5b7cb9c52ced7
1788609735508450705	29	1	phase_loop[28]	1788609735498803	8855	75d31031d0ce8635	eeb5b7cb9c52ced7
1788609735518307114	30	1	phase_loop[29]	1788609735508643	9012	4c29dadad8d395d6	eeb5b7cb9c52ced7
1788609735528429415	31	1	phase_loop[30]	1788609735518486	9171	d63c231484c32749	eeb5b7cb9c52ced7
1788609735538646245	32	1	phase_loop[31]	1788609735528622	9037	7ec68548fc427796	eeb5b7cb9c52ced7
1788609735548478157	33	1	phase_loop[32]	1788609735538864	8851	23052742a3b3518f	eeb5b7cb9c52ced7
1788609735558456557	34	1	phase_loop[33]	1788609735548662	8996	d46b0a86af113f7b	eeb5b7cb9c52ced7
1788609735568434766	35	1	phase_loop[34]	1788609735558653	9006	84ea8d54d0aace19	eeb5b7cb9c52ced7
1788609735578441268	36	1	phase_loop[35]	1788609735568671	8987	384ddf4196835076	eeb5b7cb9c52ced7
1788609735588458781	37	1	phase_loop[36]	1788609735578628	9032	6a4d703eca3ab8e4	eeb5b7cb9c52ced7
1788609735599712333	38	1	phase_loop[37]	1788609735588670	8993	2edd9f3eff8e9634	eeb5b7cb9c52ced7
1788609735608570903	39	1	phase_loop[38]	1788609735599979	7680	b00b5b666f1bfdd4	eeb5b7cb9c52ced7
1788609735618412063	40	1	phase_loop[39]	1788609735608810	8848	78f5da2b0423c720	eeb5b7cb9c52ced7
1788609735628412674	41	1	phase_loop[40]	1788609735618596	9062	a58f83dca0ab86d3	eeb5b7cb9c52ced7
1788609735638474080	42	1	phase_loop[41]	1788609735628655	9004	ae05ba4248499d29	eeb5b7cb9c52ced7
1788609735648305531	43	1	phase_loop[42]	1788609735638669	8985	e4a1105fe2fda0e6	eeb5b7cb9c52ced7
1788609735658447500	44	1	phase_loop[43]	1788609735648489	9169	adcd739d2af52121	eeb5b7cb9c52ced7
1788609735668495621	45	1	phase_loop[44]	1788609735658652	9006	a6cfc37a9a839107	eeb5b7cb9c52ced7
1788609735678428534	46	1	phase_loop[45]	1788609735668709	8948	206099da8beb3d41	eeb5b7cb9c52ced7
1788609735688325389	47	1	phase_loop[46]	1788609735678614	9041	a1caf5ad9885eae8	eeb5b7cb9c52ced7
1788609735698870801	48	1	phase_loop[47]	1788609735688508	9151	1eabe05d962a9bf1	eeb5b7cb9c52ced7
1788609735708427563	49	1	phase_loop[48]	1788609735699103	8555	601e3aab8241075d	eeb5b7cb9c52ced7
1788609735718427102	50	1	phase_loop[49]	1788609735708637	9021	03c7d901dcf19ab2	eeb5b7cb9c52ced7
1788609735728422513	51	1	phase_loop[50]	1788609735718617	9041	3d721df45615ba96	eeb5b7cb9c52ced7
1788609735738477648	52	1	phase_loop[51]	1788609735728610	9055	ec18e082fdc411f2	eeb5b7cb9c52ced7
1788609735748340098	53	1	phase_loop[52]	1788609735738681	8976	e4d6209e63d9d1a7	eeb5b7cb9c52ced7
1788609735758638051	54	1	phase_loop[53]	1788609735748523	9135	1f6a42fb7d447f27	eeb5b7cb9c52ced7
1788609735768498988	55	1	phase_loop[54]	1788609735758881	8782	4a3290b29757e02e	eeb5b7cb9c52ced7
1788609735778436660	56	1	phase_loop[55]	1788609735768731	8928	9bc0420bd930a348	eeb5b7cb9c52ced7
1788609735788317826	57	1	phase_loop[56]	1788609735778625	9030	d0e898fa0cc39bbc	eeb5b7cb9c52ced7
1788609735798583809	58	1	phase_loop[57]	1788609735788500	9159	cf936bf0750c6c10	eeb5b7cb9c52ced7
1788609735808448012	59	1	phase_loop[58]	1788609735798819	8840	69fc08343f534bad	eeb5b7cb9c52ced7
1788609735818313678	60	1	phase_loop[59]	1788609735808638	9017	bccccf1a7567e757	eeb5b7cb9c52ced7
1788609735828423386	61	1	phase_loop[60]	1788609735818498	9160	80f23c307f162e4b	eeb5b7cb9c52ced7
1788609735838453693	62	1	phase_loop[61]	1788609735828615	9046	fa02c2afb662d5c1	eeb5b7cb9c52ced7
1788609735848261620	63	1	phase_loop[62]	1788609735838642	9013	cb59d11948671fb7	eeb5b7cb9c52ced7
1788609735858445688	64	1	phase_loop[63]	1788609735848438	9220	da9cab5e1895f04f	eeb5b7cb9c52ced7
1788609735868490122	65	1	phase_loop[64]	1788609735858640	9018	5286353f04ebe514	eeb5b7cb9c52ced7
1788609735878494130	66	1	phase_loop[65]	1788609735868749	8957	81107eb5bf6c0259	eeb5b7cb9c52ced7
1788609735888470485	67	1	phase_loop[66]	1788609735878683	8977	cb6f118f7321fcc5	eeb5b7cb9c52ced7
1788609735898561878	68	1	phase_loop[67]	1788609735888690	8968	1b77af48455e278d	eeb5b7cb9c52ced7
1788609735908471477	69	1	phase_loop[68]	1788609735898792	8866	4d5160c565bbd38c	eeb5b7cb9c52ced7
1788609735918355628	70	1	phase_loop[69]	1788609735908691	8965	23d7de333b4de11e	eeb5b7cb9c52ced7
1788609735928450738	71	1	phase_loop[70]	1788609735918544	9112	e75efb24af3eed24	eeb5b7cb9c52ced7
1788609735938472309	72	1	phase_loop[71]	1788609735928661	9000	980a3196404412a0	eeb5b7cb9c52ced7
1788609735948371468	73	1	phase_loop[72]	1788609735938667	8988	5423b4df259dd6e2	eeb5b7cb9c52ced7
1788609735958447542	74	1	phase_loop[73]	1788609735948566	9093	11653e14f43f2be4	eeb5b7cb9c52ced7
1788609735968515340	75	1	phase_loop[74]	1788609735958685	8974	528aee51dedb448e	eeb5b7cb9c52ced7
1788609735978407066	76	1	phase_loop[75]	1788609735968727	8931	5a93bec8069a17d4	eeb5b7cb9c52ced7
1788609735988359967	77	1	phase_loop[76]	1788609735978594	9060	b7efbfed36666bf6	eeb5b7cb9c52ced7
1788609735998586465	78	1	phase_loop[77]	1788609735988553	9104	5e04c8373b150026	eeb5b7cb9c52ced7
1788609736008539456	79	1	phase_loop[78]	1788609735998819	8840	57ea914c2db21d5c	eeb5b7cb9c52ced7
1788609736018456960	80	1	phase_loop[79]	1788609736008737	8921	723579f9bd768158	eeb5b7cb9c52ced7
1788609736028418607	81	1	phase_loop[80]	1788609736018646	9011	754629d5c69d0995	eeb5b7cb9c52ced7
1788609736038480955	82	1	phase_loop[81]	1788609736028610	9049	6400711eca67869b	eeb5b7cb9c52ced7
1788609736048317366	83	1	phase_loop[82]	1788609736038721	8935	a681dab33e8affdb	eeb5b7cb9c52ced7
1788609736058576496	84	1	phase_loop[83]	1788609736048501	9164	4af69f6a1a3c6a13	eeb5b7cb9c52ced7
1788609736068516623	85	1	phase_loop[84]	1788609736058803	8861	d764d49eae350d56	eeb5b7cb9c52ced7
1788609736078445528	86	1	phase_loop[85]	1788609736068729	8928	09b0d6d322fbdbf1	eeb5b7cb9c52ced7
1788609736088306285	87	1	phase_loop[86]	1788609736078636	9019	25c07197e25d7f64	eeb5b7cb9c52ced7
1788609736098486085	88	1	phase_loop[87]	1788609736088518	9141	49b138450d90399f	eeb5b7cb9c52ced7
1788609736108500001	89	1	phase_loop[88]	1788609736098683	8978	1f64aeb98ac1f549	eeb5b7cb9c52ced7
1788609736118320481	90	1	phase_loop[89]	1788609736108719	8936	12c0b31eadaa16b0	eeb5b7cb9c52ced7
1788609736128429427	91	1	phase_loop[90]	1788609736118590	9068	ee4342b5940b74a0	eeb5b7cb9c52ced7
1788609736138451760	92	1	phase_loop[91]	1788609736128622	9037	f2a3a7c311e0cdd6	eeb5b7cb9c52ced7
1788609736148288671	93	1	phase_loop[92]	1788609736138646	9010	a32464645058372c	eeb5b7cb9c52ced7
1788609736158447972	94	1	phase_loop[93]	1788609736148469	9188	a6f577fc4a4c0b5c	eeb5b7cb9c52ced7
1788609736168602284	95	1	phase_loop[94]	1788609736158652	9008	9c9e7b6ad7d3a577	eeb5b7cb9c52ced7
1788609736178459765	96	1	phase_loop[95]	1788609736168881	8776	d0c6af53ae9d18e7	eeb5b7cb9c52ced7
1788609736188482718	97	1	phase_loop[96]	1788609736178648	9010	1d07f2d68bc14f5a	eeb5b7cb9c52ced7
1788609736198593748	98	1	phase_loop[97]	1788609736188678	8981	07c63ad688146d4c	eeb5b7cb9c52ced7
1788609736208480073	99	1	phase_loop[98]	1788609736198821	8880	386927c606b6283c	eeb5b7cb9c52ced7
1788609736218305543	100	1	phase_loop[99]	1788609736208667	8989	c8b0304b458ba233	eeb5b7cb9c52ced7
1788609736228418506	101	1	phase_loop[100]	1788609736218484	9174	9b2ab8c49dcc5cfd	eeb5b7cb9c52ced7
1788609736238507665	102	1	phase_loop[101]	1788609736228609	9051	996af9bba8a18b6c	eeb5b7cb9c52ced7
1788609736248505811	103	1	phase_loop[102]	1788609736238701	8957	9f30af5b5d6f23e0	eeb5b7cb9c52ced7
1788609736258451769	104	1	phase_loop[103]	1788609736248717	8946	1b48803e260cfa5f	eeb5b7cb9c52ced7
1788609736268658731	105	1	phase_loop[104]	1788609736258654	9006	a37b2bf8c5493911	eeb5b7cb9c52ced7
1788609736278463601	106	1	phase_loop[105]	1788609736268895	8763	18c7fe2a236516c4	eeb5b7cb9c52ced7
1788609736288304270	107	1	phase_loop[106]	1788609736278648	9006	8b25f832cc3bd9cf	eeb5b7cb9c52ced7
1788609736298603977	108	1	phase_loop[107]	1788609736288489	9170	e7ebcc7f1c5ddbd9	eeb5b7cb9c52ced7
1788609736308429877	109	1	phase_loop[108]	1788609736298838	8821	02f25762e609a2ef	eeb5b7cb9c52ced7
1788609736318415170	110	1	phase_loop[109]	1788609736308622	9036	b6521d63fcaa0688	eeb5b7cb9c52ced7
1788609736328490362	111	1	phase_loop[110]	1788609736318604	9054	895c589683cb1585	eeb5b7cb9c52ced7
1788609736338475814	112	1	phase_loop[111]	1788609736328691	8969	0f0dd3727bfee17e	eeb5b7cb9c52ced7
1788609736348338053	113	1	phase_loop[112]	1788609736338670	8985	f07b1b956916852b	eeb5b7cb9c52ced7
1788609736358465294	114	1	phase_loop[113]	1788609736348519	9142	c1d50aba94a2eb6e	eeb5b7cb9c52ced7
1788609736368486384	115	1	phase_loop[114]	1788609736358660	8999	e57cae1064fbb470	eeb5b7cb9c52ced7
1788609736378456608	116	1	phase_loop[115]	1788609736368690	8971	8e000949644aea35	eeb5b7cb9c52ced7
1788609736388319919	117	1	phase_loop[116]	1788609736378650	9007	75e7ebbd59e62797	eeb5b7cb9c52ced7
1788609736399598568	118	1	phase_loop[117]	1788609736388500	9157	458c767f7a1b69af	eeb5b7cb9c52ced7
1788609736408640646	119	1	phase_loop[118]	1788609736399834	7824	f4c398417258204b	eeb5b7cb9c52ced7
1788609736418444986	120	1	phase_loop[119]	1788609736408848	8807	5b35d293fd16f757	eeb5b7cb9c52ced7
1788609736428407384	121	1	phase_loop[120]	1788609736418686	8971	91d60786ce0ab843	eeb5b7cb9c52ced7
1788609736438512493	122	1	phase_loop[121]	1788609736428609	9051	c968c1ec1047676d	eeb5b7cb9c52ced7
1788609736448429376	123	1	phase_loop[122]	1788609736438707	8949	462df18d61646aa0	eeb5b7cb9c52ced7
1788609736458444364	124	1	phase_loop[123]	1788609736448616	9044	c250371a1cda68eb	eeb5b7cb9c52ced7
1788609736468507544	125	1	phase_loop[124]	1788609736458645	9016	bac50da48a96351c	eeb5b7cb9c52ced7
1788609736478471004	126	1	phase_loop[125]	1788609736468733	8925	3a54b38a7ac7cf3a	eeb5b7cb9c52ced7
1788609736488431359	127	1	phase_loop[126]	1788609736478656	9001	d0316dd75e5228e4	eeb5b7cb9c52ced7
1788609736498622251	128	1	phase_loop[127]	1788609736488628	9032	9aedf5a7feccc173	eeb5b7cb9c52ced7
1788609736508433964	129	1	phase_loop[128]	1788609736498867	8791	f203ed185f552588	eeb5b7cb9c52ced7
1788609736518345707	130	1	phase_loop[129]	1788609736508625	9030	a8dc3d7a788dbf93	eeb5b7cb9c52ced7
1788609736528440567	131	1	phase_loop[130]	1788609736518526	9131	e6e3579c6c5d0c44	eeb5b7cb9c52ced7
1788609736538521189	132	1	phase_loop[131]	1788609736528645	9061	0a53f362d29a097c	eeb5b7cb9c52ced7
1788609736548441819	133	1	phase_loop[132]	1788609736538754	8906	d1e368fb830eb371	eeb5b7cb9c52ced7
1788609736558472397	134	1	phase_loop[133]	1788609736548656	9004	0ce4a30dcbf69a6c	eeb5b7cb9c52ced7
1788609736569355447	135	1	phase_loop[134]	1788609736558677	8986	dccc835ba135bebc	eeb5b7cb9c52ced7
1788609736578421100	136	1	phase_loop[135]	1788609736569614	8044	b3dbc5a0af549ce4	eeb5b7cb9c52ced7
1788609736588328675	137	1	phase_loop[136]	1788609736578606	9050	9b5e4b694e0530f8	eeb5b7cb9c52ced7
1788609736598618653	138	1	phase_loop[137]	1788609736588525	9135	15e42b2fa169e3ab	eeb5b7cb9c52ced7
1788609736608515238	139	1	phase_loop[138]	1788609736598851	8809	1db46ec1ab2af89c	eeb5b7cb9c52ced7
1788609736618417733	140	1	phase_loop[139]	1788609736608708	8949	10de945751908d22	eeb5b7cb9c52ced7
1788609736628410800	141	1	phase_loop[140]	1788609736618605	9053	a066759b5ce4b533	eeb5b7cb9c52ced7
1788609736638528332	142	1	phase_loop[141]	1788609736628599	9059	cbf83729a869546a	eeb5b7cb9c52ced7
1788609736648307945	143	1	phase_loop[142]	1788609736638769	8887	410e1d0ae79bf0e7	eeb5b7cb9c52ced7
1788609736658600108	144	1	phase_loop[143]	1788609736648493	9164	3673a81a2e79a899	eeb5b7cb9c52ced7
1788609736668570101	145	1	phase_loop[144]	1788609736658821	8838	e9f6795a6ed93282	eeb5b7cb9c52ced7
1788609736678457348	146	1	phase_loop[145]	1788609736668787	8871	5c4a755e31b07c5b	eeb5b7cb9c52ced7
1788609736688318034	147	1	phase_loop[146]	1788609736678641	9015	644b10878452188a	eeb5b7cb9c52ced7
1788609736699072501	148	1	phase_loop[147]	1788609736688504	9156	09e51aa13f0bcb25	eeb5b7cb9c52ced7
1788609736708443010	149	1	phase_loop[148]	1788609736699303	8355	b1f629c98710f7e5	eeb5b7cb9c52ced7
1788609736718420297	150	1	phase_loop[149]	1788609736708632	9025	e52279d95c967de0	eeb5b7cb9c52ced7
1788609736728552057	151	1	phase_loop[150]	1788609736718656	9003	15fce0198641abb5	eeb5b7cb9c52ced7
1788609736738451607	152	1	phase_loop[151]	1788609736728762	8896	59d22cde30f19223	eeb5b7cb9c52ced7
1788609736748298497	153	1	phase_loop[152]	1788609736738642	9013	89fb819da0e8dc32	eeb5b7cb9c52ced7
1788609736758515087	154	1	phase_loop[153]	1788609736748479	9182	47f83d26917adce7	eeb5b7cb9c52ced7
1788609736768520607	155	1	phase_loop[154]	1788609736758731	8931	1cab87e65c8e7285	eeb5b7cb9c52ced7
1788609736778395611	156	1	phase_loop[155]	1788609736768735	8922	27c5ea19e70c2155	eeb5b7cb9c52ced7
1788609736788412011	157	1	phase_loop[156]	1788609736778585	9073	c7a78fbf87763d2d	eeb5b7cb9c52ced7
1788609736798553750	158	1	phase_loop[157]	1788609736788597	9063	a1494ad8ab989949	eeb5b7cb9c52ced7
1788609736808498956	159	1	phase_loop[158]	1788609736798786	8872	0303e380cbf73b68	eeb5b7cb9c52ced7
1788609736818299739	160	1	phase_loop[159]	1788609736808698	8957	bbef4e4d5da4aef8	eeb5b7cb9c52ced7
1788609736828422070	161	1	phase_loop[160]	1788609736818482	9177	26833dd96a18b3ab	eeb5b7cb9c52ced7
1788609736838468067	162	1	phase_loop[161]	1788609736828619	9043	e6354e1f94a8ab8d	eeb5b7cb9c52ced7
1788609736848423022	163	1	phase_loop[162]	1788609736838662	8996	73d2c802cc72e10f	eeb5b7cb9c52ced7
1788609736858443471	164	1	phase_loop[163]	1788609736848607	9050	d561550e5e4346d8	eeb5b7cb9c52ced7
1788609736868701649	165	1	phase_loop[164]	1788609736858650	9072	1e886674375d5f32	eeb5b7cb9c52ced7
1788609736878432460	166	1	phase_loop[165]	1788609736868927	8734	d0e0c0d8e8671009	eeb5b7cb9c52ced7
1788609736888470321	167	1	phase_loop[166]	1788609736878623	9035	3711b3cbd1ec56f2	eeb5b7cb9c52ced7
1788609736898614444	168	1	phase_loop[167]	1788609736888696	8964	ef03889aecb0abdd	eeb5b7cb9c52ced7
1788609736908470431	169	1	phase_loop[168]	1788609736898852	8806	c76f1390b2a32e52	eeb5b7cb9c52ced7
1788609736918411921	170	1	phase_loop[169]	1788609736908675	8983	227655b18386cf02	eeb5b7cb9c52ced7
1788609736928399056	171	1	phase_loop[170]	1788609736918596	9061	79bb620ca180f8db	eeb5b7cb9c52ced7
1788609736938577454	172	1	phase_loop[171]	1788609736928591	9067	019e96f2072d011b	eeb5b7cb9c52ced7
1788609736948312352	173	1	phase_loop[172]	1788609736938825	8830	9e6c1e97b17d7d10	eeb5b7cb9c52ced7
1788609736958438451	174	1	phase_loop[173]	1788609736948496	9163	f4b38cfb92627d71	eeb5b7cb9c52ced7
1788609736968618481	175	1	phase_loop[174]	1788609736958643	9016	a250786fec40339b	eeb5b7cb9c52ced7
1788609736978424244	176	1	phase_loop[175]	1788609736968834	8824	d68264bc87852fdf	eeb5b7cb9c52ced7
1788609736988286934	177	1	phase_loop[176]	1788609736978614	9040	0520a531f2b9238c	eeb5b7cb9c52ced7
1788609736998547176	178	1	phase_loop[177]	1788609736988466	9191	874d4fda121416e9	eeb5b7cb9c52ced7
1788609737008424113	179	1	phase_loop[178]	1788609736998782	8877	a483d4b950dd8945	eeb5b7cb9c52ced7
1788609737018416339	180	1	phase_loop[179]	1788609737008614	9044	7c7bee722c2ed75d	eeb5b7cb9c52ced7
1788609737028414605	181	1	phase_loop[180]	1788609737018606	9052	5cbf12aecd1d2230	eeb5b7cb9c52ced7
1788609737038476312	182	1	phase_loop[181]	1788609737028609	9049	c048cf8a309481db	eeb5b7cb9c52ced7
1788609737048246647	183	1	phase_loop[182]	1788609737038678	8975	9a4b6e0540ac348e	eeb5b7cb9c52ced7
1788609737059471234	184	1	phase_loop[183]	1788609737048492	9166	626d5bc3ab7ad8ba	eeb5b7cb9c52ced7
1788609737068630683	185	1	phase_loop[184]	1788609737059710	7953	69a089ac1c2f870c	eeb5b7cb9c52ced7
1788609737078437107	186	1	phase_loop[185]	1788609737068870	8789	74c2334d06778cf3	eeb5b7cb9c52ced7
1788609737088427018	187	1	phase_loop[186]	1788609737078644	9014	093820274bcd5577	eeb5b7cb9c52ced7
1788609737098578324	188	1	phase_loop[187]	1788609737088611	9048	bd5b1480391467ff	eeb5b7cb9c52ced7
1788609737108482663	189	1	phase_loop[188]	1788609737098811	8857	748e5ee5f9ad7de1	eeb5b7cb9c52ced7
1788609737118344281	190	1	phase_loop[189]	1788609737108683	8973	9667072b9b925600	eeb5b7cb9c52ced7
1788609737128468706	191	1	phase_loop[190]	1788609737118532	9124	9288dff06c45eb1f	eeb5b7cb9c52ced7
1788609737138459659	192	1	phase_loop[191]	1788609737128671	8988	44bfcf47a49522d2	eeb5b7cb9c52ced7
1788609737148463375	193	1	phase_loop[192]	1788609737138647	9012	283b4bb920fbbf87	eeb5b7cb9c52ced7
1788609737158445842	194	1	phase_loop[193]	1788609737148651	9010	37c29e3e3b1bf9c3	eeb5b7cb9c52ced7
1788609737168481019	195	1	phase_loop[194]	1788609737158663	8997	25e3148c44f2d62b	eeb5b7cb9c52ced7
1788609737178439660	196	1	phase_loop[195]	1788609737168725	8932	b37a74a99dd27c82	eeb5b7cb9c52ced7
1788609737188399865	197	1	phase_loop[196]	1788609737178629	9028	416c3190dad25b34	eeb5b7cb9c52ced7
1788609737199399456	198	1	phase_loop[197]	1788609737188584	9147	ac88c263eb1f4260	eeb5b7cb9c52ced7
1788609737208603700	199	1	phase_loop[198]	1788609737199650	8009	46c8088492182e99	eeb5b7cb9c52ced7
1788609737218432887	200	1	phase_loop[199]	1788609737208842	8816	26026473dc7b163d	eeb5b7cb9c52ced7
1788609737228447685	201	1	phase_loop[200]	1788609737218616	9043	9374a3cc023ba2d4	eeb5b7cb9c52ced7
1788609737238525923	202	1	phase_loop[201]	1788609737228666	8993	c4fe829fb0e8e5e5	eeb5b7cb9c52ced7
1788609737248357965	203	1	phase_loop[202]	1788609737238747	8907	ab0189b29d26a98f	eeb5b7cb9c52ced7
1788609737258468233	204	1	phase_loop[203]	1788609737248554	9107	71aba7df1a2ef3f1	eeb5b7cb9c52ced7
1788609737268733174	205	1	phase_loop[204]	1788609737258671	8992	3471fc1e1fcb6ef3	eeb5b7cb9c52ced7
1788609737278417747	206	1	phase_loop[205]	1788609737268972	8685	53010900f1baebd6	eeb5b7cb9c52ced7
1788609737288244269	207	1	phase_loop[206]	1788609737278603	9051	1a2629d788bdcc73	eeb5b7cb9c52ced7
1788609737298565196	208	1	phase_loop[207]	1788609737288418	9241	8b7d8caee453611c	eeb5b7cb9c52ced7
1788609737308456530	209	1	phase_loop[208]	1788609737298805	8863	8d89acb48740eb62	eeb5b7cb9c52ced7
1788609737318430992	210	1	phase_loop[209]	1788609737308655	9003	c2759bba5a49e111	eeb5b7cb9c52ced7
1788609737328980491	211	1	phase_loop[210]	1788609737318620	9039	09539dc899d0ddea	eeb5b7cb9c52ced7
1788609737338735828	212	1	phase_loop[211]	1788609737329239	8422	fe497c599fea5d15	eeb5b7cb9c52ced7
1788609737348434919	213	1	phase_loop[212]	1788609737339054	8604	a5a2dd34b5fc676d	eeb5b7cb9c52ced7
1788609737359566149	214	1	phase_loop[213]	1788609737348634	9030	ffb724c94f159de7	eeb5b7cb9c52ced7
1788609737368847208	215	1	phase_loop[214]	1788609737359828	7832	0d5d1580f142e21e	eeb5b7cb9c52ced7
1788609737378441461	216	1	phase_loop[215]	1788609737369083	8574	18053764f1ce213f	eeb5b7cb9c52ced7
1788609737388442933	217	1	phase_loop[216]	1788609737378675	8985	0d6746340e447f99	eeb5b7cb9c52ced7
1788609737399155551	218	1	phase_loop[217]	1788609737388639	9021	bcea99a86834abd3	eeb5b7cb9c52ced7
1788609737408474623	219	1	phase_loop[218]	1788609737399382	8276	5ac895bb6dba4941	eeb5b7cb9c52ced7
1788609737418429006	220	1	phase_loop[219]	1788609737408679	8979	d8663909d49cd9b9	eeb5b7cb9c52ced7
1788609737428532572	221	1	phase_loop[220]	1788609737418675	8983	218080b4c4d2352f	eeb5b7cb9c52ced7
1788609737438848159	222	1	phase_loop[221]	1788609737428756	8905	5005e8f0cc786f6b	eeb5b7cb9c52ced7
1788609737448540036	223	1	phase_loop[222]	1788609737439102	8555	42fb02c61f409f9e	eeb5b7cb9c52ced7
1788609737458502234	224	1	phase_loop[223]	1788609737448745	8913	6441ed5c5161b60a	eeb5b7cb9c52ced7
1788609737468499860	225	1	phase_loop[224]	1788609737458708	8952	fc53026b62dac97b	eeb5b7cb9c52ced7
1788609737478457960	226	1	phase_loop[225]	1788609737468703	8953	6cfd93d00ee568c8	eeb5b7cb9c52ced7
1788609737488422683	227	1	phase_loop[226]	1788609737478648	9008	7b92189de063bb99	eeb5b7cb9c52ced7
1788609737499401395	228	1	phase_loop[227]	1788609737488615	9043	b558237180187a58	eeb5b7cb9c52ced7
1788609737508439445	229	1	phase_loop[228]	1788609737499625	8034	7990071ae06d4daf	eeb5b7cb9c52ced7
1788609737518373690	230	1	phase_loop[229]	1788609737508662	8995	a74d9fdaf0dd9595	eeb5b7cb9c52ced7
1788609737528667386	231	1	phase_loop[230]	1788609737518565	9147	a7527bf12a6c37b6	eeb5b7cb9c52ced7
1788609737538492525	232	1	phase_loop[231]	1788609737528896	8762	749b4e0ef24dae18	eeb5b7cb9c52ced7
1788609737548485161	233	1	phase_loop[232]	1788609737538687	8970	c8d433b6df3cfafb	eeb5b7cb9c52ced7
1788609737558442380	234	1	phase_loop[233]	1788609737548703	8956	e3e8ba423fd714da	eeb5b7cb9c52ced7
1788609737568423123	235	1	phase_loop[234]	1788609737558659	8998	f0110e0e5402066e	eeb5b7cb9c52ced7
1788609737578488597	236	1	phase_loop[235]	1788609737568608	9049	742aaf19bfed53b4	eeb5b7cb9c52ced7
1788609737588428653	237	1	phase_loop[236]	1788609737578685	8972	2f13fc055c5e476c	eeb5b7cb9c52ced7
1788609737599010544	238	1	phase_loop[237]	1788609737588613	9049	4b6af2dc942b8897	eeb5b7cb9c52ced7
1788609737609048265	239	1	phase_loop[238]	1788609737599236	8423	517b2e9752db3d7d	eeb5b7cb9c52ced7
1788609737618444843	240	1	phase_loop[239]	1788609737609316	8341	65db8d09e29dcb0e	eeb5b7cb9c52ced7
1788609737628444873	241	1	phase_loop[240]	1788609737618640	9019	79e23e5272294bc6	eeb5b7cb9c52ced7
1788609737639379061	242	1	phase_loop[241]	1788609737628657	9001	f760795d8ad37ab4	eeb5b7cb9c52ced7
1788609737648448790	243	1	phase_loop[242]	1788609737639616	8043	c46317e8c412f9a6	eeb5b7cb9c52ced7
1788609737658511339	244	1	phase_loop[243]	1788609737648640	9021	05bc44d6b78d51bb	eeb5b7cb9c52ced7
1788609737668488094	245	1	phase_loop[244]	1788609737658737	8923	4cead2e15249443a	eeb5b7cb9c52ced7
1788609737679429465	246	1	phase_loop[245]	1788609737668706	8951	ec0e755eb8ac8050	eeb5b7cb9c52ced7
1788609737688292785	247	1	phase_loop[246]	1788609737679666	7988	7ceed22eba18cb8c	eeb5b7cb9c52ced7
1788609737699517452	248	1	phase_loop[247]	1788609737688482	9177	f157d6280b7579e0	eeb5b7cb9c52ced7
1788609737708447477	249	1	phase_loop[248]	1788609737699743	7915	ee268cf9badc8730	eeb5b7cb9c52ced7
1788609737718325686	250	1	phase_loop[249]	1788609737708635	9021	c82e3ec12e8459e5	eeb5b7cb9c52ced7
1788609737728395178	251	1	phase_loop[250]	1788609737718509	9149	702bc033dc1b5d12	eeb5b7cb9c52ced7
1788609737738463056	252	1	phase_loop[251]	1788609737728626	9034	32644fc38ae96304	eeb5b7cb9c52ced7
1788609737748429783	253	1	phase_loop[252]	1788609737738655	9003	0fefa40cac69acfc	eeb5b7cb9c52ced7
1788609737758458968	254	1	phase_loop[253]	1788609737748614	9043	9bcc6a6f5dc0a529	eeb5b7cb9c52ced7
1788609737768663815	255	1	phase_loop[254]	1788609737758662	8996	4aa56303e7390713	eeb5b7cb9c52ced7
1788609737778411308	256	1	phase_loop[255]	1788609737768896	8761	2fe0c800c10ebbd4	eeb5b7cb9c52ced7
1788609737788443478	257	1	phase_loop[256]	1788609737778598	9060	23980321cb0e2c75	eeb5b7cb9c52ced7
1788609737798583713	258	1	phase_loop[257]	1788609737788632	9029	5f4fd74a0d6ef085	eeb5b7cb9c52ced7
1788609737808433269	259	1	phase_loop[258]	1788609737798812	8847	47610c21800435b7	eeb5b7cb9c52ced7
1788609737818304515	260	1	phase_loop[259]	1788609737808625	9031	33ff50cced80093c	eeb5b7cb9c52ced7
1788609737828537145	261	1	phase_loop[260]	1788609737818486	9174	30c44cd2a642a5c4	eeb5b7cb9c52ced7
1788609737838494895	262	1	phase_loop[261]	1788609737828765	8896	e6d9a2fa9517839a	eeb5b7cb9c52ced7
1788609737848260100	263	1	phase_loop[262]	1788609737838691	8963	bf7a09da95348408	eeb5b7cb9c52ced7
1788609737858499283	264	1	phase_loop[263]	1788609737848513	9194	1d13613d3fc4fa34	eeb5b7cb9c52ced7
1788609737868599893	265	1	phase_loop[264]	1788609737858701	8960	4e85b09dd3738353	eeb5b7cb9c52ced7
1788609737878438638	266	1	phase_loop[265]	1788609737868819	8839	eb284b3f56ece23d	eeb5b7cb9c52ced7
1788609737888403040	267	1	phase_loop[266]	1788609737878622	9035	afd6ee4005d188fc	eeb5b7cb9c52ced7
1788609737898597127	268	1	phase_loop[267]	1788609737888628	9032	9f0ad1636a57c491	eeb5b7cb9c52ced7
1788609737908454167	269	1	phase_loop[268]	1788609737898834	8824	8482e926d02e5c16	eeb5b7cb9c52ced7
1788609737918335251	270	1	phase_loop[269]	1788609737908646	9010	91510fcf2eb225ba	eeb5b7cb9c52ced7
1788609737928510914	271	1	phase_loop[270]	1788609737918521	9137	5932b514a8c6bc2b	eeb5b7cb9c52ced7
1788609737938478763	272	1	phase_loop[271]	1788609737928710	8947	0b0375515ad7bf82	eeb5b7cb9c52ced7
1788609737948306998	273	1	phase_loop[272]	1788609737938684	8971	134a0c375573f80a	eeb5b7cb9c52ced7
1788609737958491416	274	1	phase_loop[273]	1788609737948491	9169	401ec45d5a3f0fd9	eeb5b7cb9c52ced7
1788609737968557982	275	1	phase_loop[274]	1788609737958696	8963	ce5d6fbf407e3281	eeb5b7cb9c52ced7
1788609737978422075	276	1	phase_loop[275]	1788609737968779	8883	f728b12acbde59fe	eeb5b7cb9c52ced7
1788609737988304913	277	1	phase_loop[276]	1788609737978620	9036	9f40e31f81a70e5c	eeb5b7cb9c52ced7
1788609737998585113	278	1	phase_loop[277]	1788609737988486	9174	898b7b52374828a8	eeb5b7cb9c52ced7
1788609738008609138	279	1	phase_loop[278]	1788609737998816	8841	9d304c0c70038a1b	eeb5b7cb9c52ced7
1788609738018779480	280	1	phase_loop[279]	1788609738008850	8810	01d7d03536971c97	eeb5b7cb9c52ced7
1788609738028494681	281	1	phase_loop[280]	1788609738019003	8655	03ce6f9e998384a3	eeb5b7cb9c52ced7
1788609738039139501	282	1	phase_loop[281]	1788609738028711	8949	b941c57e78213f3a	eeb5b7cb9c52ced7
1788609738048589861	283	1	phase_loop[282]	1788609738039385	8271	781378a1d803f165	eeb5b7cb9c52ced7
1788609738058507645	284	1	phase_loop[283]	1788609738048823	8839	91ac92690f6af4b7	eeb5b7cb9c52ced7
1788609738069009334	285	1	phase_loop[284]	1788609738058723	8935	4d2e266c17ce53ee	eeb5b7cb9c52ced7
1788609738078592335	286	1	phase_loop[285]	1788609738069258	8402	84787c0edaed523f	eeb5b7cb9c52ced7
1788609738089117248	287	1	phase_loop[286]	1788609738078809	8848	3ee39563b149f145	eeb5b7cb9c52ced7
1788609738099410632	288	1	phase_loop[287]	1788609738089339	8320	b0f4580db4dfa69b	eeb5b7cb9c52ced7
1788609738109178964	289	1	phase_loop[288]	1788609738099640	8019	2a8a7e613995ff2a	eeb5b7cb9c52ced7
1788609738118443432	290	1	phase_loop[289]	1788609738109434	8223	5c1019992a514f4b	eeb5b7cb9c52ced7
1788609738128593816	291	1	phase_loop[290]	1788609738118637	9021	f9003b2ec9a10081	eeb5b7cb9c52ced7
1788609738138462628	292	1	phase_loop[291]	1788609738128803	8857	46f57cc836ec659a	eeb5b7cb9c52ced7
1788609738148297345	293	1	phase_loop[292]	1788609738138658	8999	40b019dcb320fcfd	eeb5b7cb9c52ced7
1788609738158462016	294	1	phase_loop[293]	1788609738148480	9177	f3c18a1c39432a4c	eeb5b7cb9c52ced7
1788609738168697521	295	1	phase_loop[294]	1788609738158668	8991	eae9d1f34c331c64	eeb5b7cb9c52ced7
1788609738178431528	296	1	phase_loop[295]	1788609738168935	8723	c7c5fb16865c9cc2	eeb5b7cb9c52ced7
1788609738188409606	297	1	phase_loop[296]	1788609738178618	9075	9cb5e3719c0906b6	eeb5b7cb9c52ced7
1788609738198604104	298	1	phase_loop[297]	1788609738188609	9052	960893ac18ea6d40	eeb5b7cb9c52ced7
1788609738208460973	299	1	phase_loop[298]	1788609738198833	8825	7c4713082ac88abb	eeb5b7cb9c52ced7
1788609738218325657	300	1	phase_loop[299]	1788609738208649	9007	a4409c2b527ae407	eeb5b7cb9c52ced7
1788609738228433420	301	1	phase_loop[300]	1788609738218509	9148	de9c8735f40b5c47	eeb5b7cb9c52ced7
1788609738238444170	302	1	phase_loop[301]	1788609738228629	9029	2964ff96055019a8	eeb5b7cb9c52ced7
1788609738248409665	303	1	phase_loop[302]	1788609738238672	8984	fde7967735d8e736	eeb5b7cb9c52ced7
1788609738258467574	304	1	phase_loop[303]	1788609738248667	8992	32b78bdf15df128e	eeb5b7cb9c52ced7
1788609738268563295	305	1	phase_loop[304]	1788609738258669	8989	5bc0c6d78cbf8e80	eeb5b7cb9c52ced7
1788609738278426125	306	1	phase_loop[305]	1788609738268782	8876	65b1f1bbf732ac67	eeb5b7cb9c52ced7
1788609738288316457	307	1	phase_loop[306]	1788609738278613	9043	607e68fef6ea8891	eeb5b7cb9c52ced7
1788609738298456873	308	1	phase_loop[307]	1788609738288507	9154	6a179bc07d8efaad	eeb5b7cb9c52ced7
1788609738308441453	309	1	phase_loop[308]	1788609738298669	8994	8ef77bd212c9f098	eeb5b7cb9c52ced7
1788609738318435241	310	1	phase_loop[309]	1788609738308631	9029	05f8368499b8152a	eeb5b7cb9c52ced7
1788609738328490055	311	1	phase_loop[310]	1788609738318668	8990	ccd7d2bf61809b0b	eeb5b7cb9c52ced7
1788609738338484584	312	1	phase_loop[311]	1788609738328704	8955	7b9822ae9233ccad	eeb5b7cb9c52ced7
1788609738348404182	313	1	phase_loop[312]	1788609738338718	8939	ac9043fd00cb5051	eeb5b7cb9c52ced7
1788609738358538606	314	1	phase_loop[313]	1788609738348598	9062	57477875a3aa2d5d	eeb5b7cb9c52ced7
1788609738368622885	315	1	phase_loop[314]	1788609738358743	8915	f98bab585355638d	eeb5b7cb9c52ced7
1788609738378414000	316	1	phase_loop[315]	1788609738368852	8805	54264c1de18bfc81	eeb5b7cb9c52ced7
1788609738388427254	317	1	phase_loop[316]	1788609738378604	9054	9f3d3e1ddac6054f	eeb5b7cb9c52ced7
1788609738398571517	318	1	phase_loop[317]	1788609738388619	9042	45d88a61c75978be	eeb5b7cb9c52ced7
1788609738408530900	319	1	phase_loop[318]	1788609738398808	8848	0a9ebce82fd583fe	eeb5b7cb9c52ced7
1788609738418309160	320	1	phase_loop[319]	1788609738408719	8935	3fbfa20d35a46254	eeb5b7cb9c52ced7
1788609738428429307	321	1	phase_loop[320]	1788609738418490	9167	b7a491d822b8e3cd	eeb5b7cb9c52ced7
1788609738438471136	322	1	phase_loop[321]	1788609738428621	9038	1906fb11291c3a84	eeb5b7cb9c52ced7
1788609738448430319	323	1	phase_loop[322]	1788609738438660	8997	c805bdad752bc2a4	eeb5b7cb9c52ced7
1788609738458457560	324	1	phase_loop[323]	1788609738448615	9044	c92ae8f99a5b7f14	eeb5b7cb9c52ced7
1788609738468732860	325	1	phase_loop[324]	1788609738458665	8994	2b8c8592aa95e81a	eeb5b7cb9c52ced7
1788609738478464352	326	1	phase_loop[325]	1788609738469068	8591	542d688baf77ec37	eeb5b7cb9c52ced7
1788609738488446077	327	1	phase_loop[326]	1788609738478658	9001	0648a760215d4b38	eeb5b7cb9c52ced7
1788609738498587054	328	1	phase_loop[327]	1788609738488668	8992	dc39130122562419	eeb5b7cb9c52ced7
1788609738508454423	329	1	phase_loop[328]	1788609738498825	8833	c3aadf3beff8a850	eeb5b7cb9c52ced7
1788609738518351718	330	1	phase_loop[329]	1788609738508642	9049	7847b4bd71098248	eeb5b7cb9c52ced7
1788609738528440836	331	1	phase_loop[330]	1788609738518535	9124	dc3076ac5031376f	eeb5b7cb9c52ced7
1788609738538544052	332	1	phase_loop[331]	1788609738528632	9026	a53b2d4f1bff476d	eeb5b7cb9c52ced7
1788609738548335266	333	1	phase_loop[332]	1788609738538786	8870	8ad77a2de66cda35	eeb5b7cb9c52ced7
1788609738558438471	334	1	phase_loop[333]	1788609738548518	9141	2a9b82e38414aa56	eeb5b7cb9c52ced7
1788609738568454331	335	1	phase_loop[334]	1788609738558642	9016	f715e66cadf4d853	eeb5b7cb9c52ced7
1788609738578412261	336	1	phase_loop[335]	1788609738568666	8992	42809a7dc098bd42	eeb5b7cb9c52ced7
1788609738588324896	337	1	phase_loop[336]	1788609738578603	9053	fb5c60e4726097a7	eeb5b7cb9c52ced7
1788609738598442949	338	1	phase_loop[337]	1788609738588511	9147	3bcfed6e82cba0c5	eeb5b7cb9c52ced7
1788609738608491250	339	1	phase_loop[338]	1788609738598637	9023	84a59b0ad2c99767	eeb5b7cb9c52ced7
1788609738618451194	340	1	phase_loop[339]	1788609738608689	8969	655bbc8d69c9aee2	eeb5b7cb9c52ced7
1788609738628407371	341	1	phase_loop[340]	1788609738618654	9003	63a8015d9b703054	eeb5b7cb9c52ced7
1788609738639388998	342	1	phase_loop[341]	1788609738628601	9061	7b69e7ec17c258c6	eeb5b7cb9c52ced7
1788609738648422198	343	1	phase_loop[342]	1788609738639606	8051	58d0a95eb9f99d77	eeb5b7cb9c52ced7
1788609738658438178	344	1	phase_loop[343]	1788609738648622	9036	ad918a56b7b67a94	eeb5b7cb9c52ced7
1788609738668515354	345	1	phase_loop[344]	1788609738658650	9010	e6aee2a6571f8cf9	eeb5b7cb9c52ced7
1788609738678502990	346	1	phase_loop[345]	1788609738668735	8922	4a13e8a4f5268ef8	eeb5b7cb9c52ced7
1788609738688424191	347	1	phase_loop[346]	1788609738678699	8957	60bee6cf647f4e42	eeb5b7cb9c52ced7
1788609738698645760	348	1	phase_loop[347]	1788609738688605	9054	ce67216e60038bc4	eeb5b7cb9c52ced7
1788609738708439600	349	1	phase_loop[348]	1788609738698885	8772	31317df989dbf4ef	eeb5b7cb9c52ced7
1788609738718316466	350	1	phase_loop[349]	1788609738708630	9025	1823fd7931da22db	eeb5b7cb9c52ced7
1788609738728418709	351	1	phase_loop[350]	1788609738718506	9151	1690ee94cb062db0	eeb5b7cb9c52ced7
1788609738738457092	352	1	phase_loop[351]	1788609738728615	9044	17a1df8eca40cb7b	eeb5b7cb9c52ced7
1788609738748423969	353	1	phase_loop[352]	1788609738738656	9003	5b793bfc5ba66c65	eeb5b7cb9c52ced7
1788609738758443245	354	1	phase_loop[353]	1788609738748610	9048	b98f81184ce82771	eeb5b7cb9c52ced7
1788609738768480676	355	1	phase_loop[354]	1788609738758641	9018	35b2f75f60e2bcbd	eeb5b7cb9c52ced7
1788609738778432073	356	1	phase_loop[355]	1788609738768769	8891	7f9b758163788636	eeb5b7cb9c52ced7
1788609738788433005	357	1	phase_loop[356]	1788609738778620	9039	d2527f2bb99b9969	eeb5b7cb9c52ced7
1788609738799451943	358	1	phase_loop[357]	1788609738788648	9014	2780c7a0916e5345	eeb5b7cb9c52ced7
1788609738808515881	359	1	phase_loop[358]	1788609738799676	7983	a508f5f6d27c6399	eeb5b7cb9c52ced7
1788609738818287359	360	1	phase_loop[359]	1788609738808731	8924	84537336bf2fc01d	eeb5b7cb9c52ced7
1788609738828409840	361	1	phase_loop[360]	1788609738818465	9191	fcd0dab53010e16d	eeb5b7cb9c52ced7
1788609738838479792	362	1	phase_loop[361]	1788609738828609	9050	83ab6f3a3e3fc530	eeb5b7cb9c52ced7
1788609738848461658	363	1	phase_loop[362]	1788609738838681	9024	649600a2775e0beb	eeb5b7cb9c52ced7
1788609738858451879	364	1	phase_loop[363]	1788609738848674	8984	2a216fa51d2e6369	eeb5b7cb9c52ced7
1788609738868540566	365	1	phase_loop[364]	1788609738858654	9005	1b2a561f4c8a08b2	eeb5b7cb9c52ced7
1788609738878441389	366	1	phase_loop[365]	1788609738868831	8827	8b01f1aecb87d459	eeb5b7cb9c52ced7
1788609738888716389	367	1	phase_loop[366]	1788609738878627	9030	e177db227960dcd5	eeb5b7cb9c52ced7
1788609738898582014	368	1	phase_loop[367]	1788609738889040	8619	63df35833002f011	eeb5b7cb9c52ced7
1788609738908432792	369	1	phase_loop[368]	1788609738898814	8844	29b1bee78a132303	eeb5b7cb9c52ced7
1788609738918435196	370	1	phase_loop[369]	1788609738908626	9032	25fbbaa5eeb875d8	eeb5b7cb9c52ced7
1788609738928425828	371	1	phase_loop[370]	1788609738918622	9036	0f171c4dc3660693	eeb5b7cb9c52ced7
1788609738938567135	372	1	phase_loop[371]	1788609738928620	9042	3dd6ce844b154631	eeb5b7cb9c52ced7
1788609738948381293	373	1	phase_loop[372]	1788609738938796	8860	a3bd57d2e82e193c	eeb5b7cb9c52ced7
1788609738958440605	374	1	phase_loop[373]	1788609738948570	9088	fac6454fd02e21ed	eeb5b7cb9c52ced7
1788609738968610606	375	1	phase_loop[374]	1788609738958650	9010	615b277189fbe01c	eeb5b7cb9c52ced7
1788609738978483776	376	1	phase_loop[375]	1788609738968850	8809	3b896e623c7bd807	eeb5b7cb9c52ced7
1788609738988429012	377	1	phase_loop[376]	1788609738978717	8940	f5945a077f45be25	eeb5b7cb9c52ced7
1788609738998685157	378	1	phase_loop[377]	1788609738988616	9044	e9b41be5362e18fc	eeb5b7cb9c52ced7
1788609739008442187	379	1	phase_loop[378]	1788609738998921	8735	e2da110bee40e616	eeb5b7cb9c52ced7
1788609739018305277	380	1	phase_loop[379]	1788609739008631	9023	a34a0b9a47951fed	eeb5b7cb9c52ced7
1788609739028420024	381	1	phase_loop[380]	1788609739018483	9174	003d12886f24355f	eeb5b7cb9c52ced7
1788609739038469557	382	1	phase_loop[381]	1788609739028610	9051	5db242324cf4e2cd	eeb5b7cb9c52ced7
1788609739048486569	383	1	phase_loop[382]	1788609739038656	9002	dba48aa417b369a6	eeb5b7cb9c52ced7
1788609739058511306	384	1	phase_loop[383]	1788609739048681	8976	c4ef70677cb39c7e	eeb5b7cb9c52ced7
1788609739068491929	385	1	phase_loop[384]	1788609739058726	8931	b1c85dbec1d56961	eeb5b7cb9c52ced7
1788609739078429420	386	1	phase_loop[385]	1788609739068744	8914	4228d1cb0b6eb828	eeb5b7cb9c52ced7
1788609739088433147	387	1	phase_loop[386]	1788609739078626	9031	fd317f9df40870a8	eeb5b7cb9c52ced7
1788609739099424953	388	1	phase_loop[387]	1788609739088622	9037	e423778da8dd917d	eeb5b7cb9c52ced7
1788609739108439047	389	1	phase_loop[388]	1788609739099664	7994	b7aebd5e8984f25e	eeb5b7cb9c52ced7
1788609739118307919	390	1	phase_loop[389]	1788609739108628	9026	1598b87e52b637c5	eeb5b7cb9c52ced7
1788609739128582999	391	1	phase_loop[390]	1788609739118491	9169	59f8888565f3f50a	eeb5b7cb9c52ced7
1788609739138523446	392	1	phase_loop[391]	1788609739128828	8830	6273c471656b7efe	eeb5b7cb9c52ced7
1788609739148323146	393	1	phase_loop[392]	1788609739138735	8921	8642f42d3c54c33d	eeb5b7cb9c52ced7
1788609739158453763	394	1	phase_loop[393]	1788609739148518	9144	f6fd6590032dfc08	eeb5b7cb9c52ced7
1788609739168545677	395	1	phase_loop[394]	1788609739158652	9008	31eb5189a56e21a9	eeb5b7cb9c52ced7
1788609739178468941	396	1	phase_loop[395]	1788609739168763	8936	2dfb16d73ba8d911	eeb5b7cb9c52ced7
1788609739188362379	397	1	phase_loop[396]	1788609739178658	8999	47539774938effd9	eeb5b7cb9c52ced7
1788609739198591272	398	1	phase_loop[397]	1788609739188553	9107	fa39f107b6ea3a66	eeb5b7cb9c52ced7
1788609739208478027	399	1	phase_loop[398]	1788609739198827	8831	ecad8773595ef52d	eeb5b7cb9c52ced7
1788609739218424105	400	1	phase_loop[399]	1788609739208672	8985	890c2a7c019abee8	eeb5b7cb9c52ced7
1788609739228415228	401	1	phase_loop[400]	1788609739218609	9048	06e485d5e63a2376	eeb5b7cb9c52ced7
1788609739238467616	402	1	phase_loop[401]	1788609739228613	9044	ba08cadf099c268a	eeb5b7cb9c52ced7
1788609739248297103	403	1	phase_loop[402]	1788609739238660	8994	c18abfa6b7129aa7	eeb5b7cb9c52ced7
1788609739258550042	404	1	phase_loop[403]	1788609739248475	9185	c472ef22e9dd6328	eeb5b7cb9c52ced7
1788609739268500177	405	1	phase_loop[404]	1788609739258776	8888	26c85d753011b5e4	eeb5b7cb9c52ced7
1788609739278441726	406	1	phase_loop[405]	1788609739268736	8922	92a751abd21a48c7	eeb5b7cb9c52ced7
1788609739288411048	407	1	phase_loop[406]	1788609739278665	8992	7027c3dbc7f4c74a	eeb5b7cb9c52ced7
1788609739299009820	408	1	phase_loop[407]	1788609739288612	9050	5d788121c3f1c98c	eeb5b7cb9c52ced7
1788609739308469457	409	1	phase_loop[408]	1788609739299355	8303	8aabd8995e2b20a6	eeb5b7cb9c52ced7
1788609739318311989	410	1	phase_loop[409]	1788609739308665	8990	50e38c62fd6f85bb	eeb5b7cb9c52ced7
1788609739328409012	411	1	phase_loop[410]	1788609739318514	9143	220992940f051265	eeb5b7cb9c52ced7
1788609739338466170	412	1	phase_loop[411]	1788609739328605	9056	24e15137d5cdbfa8	eeb5b7cb9c52ced7
1788609739348418810	413	1	phase_loop[412]	1788609739338658	8999	72043a1ef1ba67ec	eeb5b7cb9c52ced7
1788609739358432436	414	1	phase_loop[413]	1788609739348604	9055	d4ff3ffbc7694340	eeb5b7cb9c52ced7
1788609739368646390	415	1	phase_loop[414]	1788609739358633	9027	34d9d698212553db	eeb5b7cb9c52ced7
1788609739378433397	416	1	phase_loop[415]	1788609739368891	8766	bf7345c77f55167f	eeb5b7cb9c52ced7
1788609739388305835	417	1	phase_loop[416]	1788609739378623	9032	79baff91d9c21211	eeb5b7cb9c52ced7
1788609739398579322	418	1	phase_loop[417]	1788609739388486	9174	ad4826f5fd2758d2	eeb5b7cb9c52ced7
1788609739408432243	419	1	phase_loop[418]	1788609739398813	8846	41652f23f59d0cd4	eeb5b7cb9c52ced7
1788609739418333035	420	1	phase_loop[419]	1788609739408620	9035	0881643556789f02	eeb5b7cb9c52ced7
1788609739428613265	421	1	phase_loop[420]	1788609739418515	9145	0217bfd4b7de402c	eeb5b7cb9c52ced7
1788609739438489060	422	1	phase_loop[421]	1788609739428925	8734	c2bbf7ac79888454	eeb5b7cb9c52ced7
1788609739448431000	423	1	phase_loop[422]	1788609739438681	8978	d49c9d9761405083	eeb5b7cb9c52ced7
1788609739458447951	424	1	phase_loop[423]	1788609739448650	9012	04ef5fdbdb6635e9	eeb5b7cb9c52ced7
1788609739468572857	425	1	phase_loop[424]	1788609739458653	9004	c00a65913df87014	eeb5b7cb9c52ced7
1788609739478414628	426	1	phase_loop[425]	1788609739468798	8859	c96335af05b32db9	eeb5b7cb9c52ced7
1788609739488308126	427	1	phase_loop[426]	1788609739478600	9054	13b7066e42afd783	eeb5b7cb9c52ced7
1788609739498564761	428	1	phase_loop[427]	1788609739488490	9170	6c4db90e2c00824d	eeb5b7cb9c52ced7
1788609739508481313	429	1	phase_loop[428]	1788609739498809	8896	aa98d8dcabcc72ab	eeb5b7cb9c52ced7
1788609739518438391	430	1	phase_loop[429]	1788609739508674	8985	8c83a5d25a4f0858	eeb5b7cb9c52ced7
1788609739528521157	431	1	phase_loop[430]	1788609739518624	9034	e22d71e8a93ea706	eeb5b7cb9c52ced7
1788609739538483145	432	1	phase_loop[431]	1788609739528719	8942	a147c777f34735fc	eeb5b7cb9c52ced7
1788609739548302012	433	1	phase_loop[432]	1788609739538673	8982	cc9746ab862392a0	eeb5b7cb9c52ced7
1788609739558460041	434	1	phase_loop[433]	1788609739548483	9177	909f637b157da6aa	eeb5b7cb9c52ced7
1788609739568567073	435	1	phase_loop[434]	1788609739558656	9003	75a49a9ef8c98743	eeb5b7cb9c52ced7
1788609739578415696	436	1	phase_loop[435]	1788609739568795	8862	0a481a7500ad3628	eeb5b7cb9c52ced7
1788609739588365240	437	1	phase_loop[436]	1788609739578614	9043	48c5897c8eec73b8	eeb5b7cb9c52ced7
1788609739598468876	438	1	phase_loop[437]	1788609739588557	9101	07d9b84b61dd7210	eeb5b7cb9c52ced7
1788609739608538367	439	1	phase_loop[438]	1788609739598710	8948	77a19e6647323ab1	eeb5b7cb9c52ced7
1788609739618328860	440	1	phase_loop[439]	1788609739608770	8885	aad2d79178479d4e	eeb5b7cb9c52ced7
1788609739628410144	441	1	phase_loop[440]	1788609739618519	9139	f179526f332a26b9	eeb5b7cb9c52ced7
1788609739638553925	442	1	phase_loop[441]	1788609739628605	9055	8fd0e0a5ae0bb426	eeb5b7cb9c52ced7
1788609739648418529	443	1	phase_loop[442]	1788609739638765	8893	59770e0eef290603	eeb5b7cb9c52ced7
1788609739658438156	444	1	phase_loop[443]	1788609739648606	9053	4a79fd3ce36703f3	eeb5b7cb9c52ced7
1788609739668765555	445	1	phase_loop[444]	1788609739658640	9020	61533286c22c70e6	eeb5b7cb9c52ced7
1788609739678429088	446	1	phase_loop[445]	1788609739669047	8611	b21fb3598bcacd20	eeb5b7cb9c52ced7
1788609739688340931	447	1	phase_loop[446]	1788609739678621	9034	ea1442c23a9c1e9b	eeb5b7cb9c52ced7
1788609739699517887	448	1	phase_loop[447]	1788609739688529	9131	0574af67ef2fe43b	eeb5b7cb9c52ced7
1788609739708429978	449	1	phase_loop[448]	1788609739699746	7911	4e9fc2855b3426bb	eeb5b7cb9c52ced7
1788609739718344216	450	1	phase_loop[449]	1788609739708614	9041	d765735f0dc70df7	eeb5b7cb9c52ced7
1788609739728432372	451	1	phase_loop[450]	1788609739718526	9132	a27fa9916e79286a	eeb5b7cb9c52ced7
1788609739738454443	452	1	phase_loop[451]	1788609739728625	9032	e46b7520033c4a0c	eeb5b7cb9c52ced7
1788609739748465254	453	1	phase_loop[452]	1788609739738710	8947	95c3fd874bfe64eb	eeb5b7cb9c52ced7
1788609739758446157	454	1	phase_loop[453]	1788609739748681	8977	143826577e0eabd8	eeb5b7cb9c52ced7
1788609739768594608	455	1	phase_loop[454]	1788609739758652	9007	b26e77659c2ffa96	eeb5b7cb9c52ced7
1788609739778425898	456	1	phase_loop[455]	1788609739768817	8840	9cc182236a7a1bff	eeb5b7cb9c52ced7
1788609739788371074	457	1	phase_loop[456]	1788609739778613	9043	833c86ddd7e2ef97	eeb5b7cb9c52ced7
1788609739798610777	458	1	phase_loop[457]	1788609739788576	9084	37b003d3d4d1e231	eeb5b7cb9c52ced7
1788609739808455102	459	1	phase_loop[458]	1788609739798850	8809	a050e4c655b6022e	eeb5b7cb9c52ced7
1788609739818412321	460	1	phase_loop[459]	1788609739808645	9013	8699f661d61ab915	eeb5b7cb9c52ced7
1788609739828419624	461	1	phase_loop[460]	1788609739818626	9031	0110bcd0fb00db90	eeb5b7cb9c52ced7
1788609739838517008	462	1	phase_loop[461]	1788609739828609	9104	4168449a25346f15	eeb5b7cb9c52ced7
1788609739848250403	463	1	phase_loop[462]	1788609739838711	8944	ca223958c99a6b02	eeb5b7cb9c52ced7
1788609739858440182	464	1	phase_loop[463]	1788609739848436	9225	25da6c335736b8d7	eeb5b7cb9c52ced7
1788609739868457785	465	1	phase_loop[464]	1788609739858649	9009	8d03107a5f1830c0	eeb5b7cb9c52ced7
1788609739878445522	466	1	phase_loop[465]	1788609739868686	8973	ff188aabb426febb	eeb5b7cb9c52ced7
1788609739888586658	467	1	phase_loop[466]	1788609739878633	9023	84833e2c6f4e19cc	eeb5b7cb9c52ced7
1788609739898882467	468	1	phase_loop[467]	1788609739888831	8831	4b799b13945a47ed	eeb5b7cb9c52ced7
1788609739908470989	469	1	phase_loop[468]	1788609739899135	8524	2a17dd23b01d48e9	eeb5b7cb9c52ced7
1788609739918312238	470	1	phase_loop[469]	1788609739908662	8992	0c273a9c7c179722	eeb5b7cb9c52ced7
1788609739928543575	471	1	phase_loop[470]	1788609739918498	9159	8d78884eeca750a1	eeb5b7cb9c52ced7
1788609739938458253	472	1	phase_loop[471]	1788609739928753	8905	51efdcaa68a10bc5	eeb5b7cb9c52ced7
1788609739948418227	473	1	phase_loop[472]	1788609739938683	8974	01367df6a37cf629	eeb5b7cb9c52ced7
1788609739958444807	474	1	phase_loop[473]	1788609739948607	9055	c41da53a165f7e60	eeb5b7cb9c52ced7
1788609739968521181	475	1	phase_loop[474]	1788609739958655	9005	3aa585abec259164	eeb5b7cb9c52ced7
1788609739978440448	476	1	phase_loop[475]	1788609739968776	8881	adfc5fe9c9a7f76f	eeb5b7cb9c52ced7
1788609739988323928	477	1	phase_loop[476]	1788609739978627	9029	6a60a04c323ab213	eeb5b7cb9c52ced7
1788609739998568690	478	1	phase_loop[477]	1788609739988505	9156	6e4b3a9627002e8f	eeb5b7cb9c52ced7
1788609740008468430	479	1	phase_loop[478]	1788609739998802	8856	a714a831c600b294	eeb5b7cb9c52ced7
1788609740018310781	480	1	phase_loop[479]	1788609740008658	8997	089266830216cdf8	eeb5b7cb9c52ced7
1788609740028436529	481	1	phase_loop[480]	1788609740018493	9165	ea5be23e29c52307	eeb5b7cb9c52ced7
1788609740038446647	482	1	phase_loop[481]	1788609740028626	9032	bdc0f72d93df940d	eeb5b7cb9c52ced7
1788609740048423914	483	1	phase_loop[482]	1788609740038665	8991	50e2ce469d840f79	eeb5b7cb9c52ced7
1788609740058471273	484	1	phase_loop[483]	1788609740048614	9044	4593eab78a5f03b5	eeb5b7cb9c52ced7
1788609740068475120	485	1	phase_loop[484]	1788609740058674	8983	59b65adc7e4047cb	eeb5b7cb9c52ced7
1788609740078446946	486	1	phase_loop[485]	1788609740068708	8949	b58dbc1b8cf867f0	eeb5b7cb9c52ced7
1788609740089480451	487	1	phase_loop[486]	1788609740078647	9019	fd5cf1b9d3ff11e5	eeb5b7cb9c52ced7
1788609740098617608	488	1	phase_loop[487]	1788609740090367	7300	c2c08dd7dcfbb7a6	eeb5b7cb9c52ced7
1788609740108469317	489	1	phase_loop[488]	1788609740098823	8835	f89a9e19240689ab	eeb5b7cb9c52ced7
1788609740118417599	490	1	phase_loop[489]	1788609740108787	8870	9b676f085bb464f5	eeb5b7cb9c52ced7
1788609740128445681	491	1	phase_loop[490]	1788609740118606	9051	dc295c7a54f408dc	eeb5b7cb9c52ced7
1788609740138505244	492	1	phase_loop[491]	1788609740128642	9019	1122f7b787852fb1	eeb5b7cb9c52ced7
1788609740148319191	493	1	phase_loop[492]	1788609740138699	8956	459fa90c69a0e9be	eeb5b7cb9c52ced7
1788609740158442684	494	1	phase_loop[493]	1788609740148503	9156	dbfbc8e50f1c8eca	eeb5b7cb9c52ced7
1788609740168599931	495	1	phase_loop[494]	1788609740158645	9061	6c8c2bc750942a56	eeb5b7cb9c52ced7
1788609740178435780	496	1	phase_loop[495]	1788609740168833	8823	1e76c094189b8e93	eeb5b7cb9c52ced7
1788609740188382299	497	1	phase_loop[496]	1788609740178628	9028	e220a94e0a37c525	eeb5b7cb9c52ced7
1788609740198584952	498	1	phase_loop[497]	1788609740188573	9086	2a192217d2837116	eeb5b7cb9c52ced7
1788609740208427493	499	1	phase_loop[498]	1788609740198825	8833	ab612bee12c0c377	eeb5b7cb9c52ced7
1788609740218424297	500	1	phase_loop[499]	1788609740208617	9042	dea26bc3cdbd5d52	eeb5b7cb9c52ced7
1788609740228410651	501	1	phase_loop[500]	1788609740218616	9042	8fceefdc5b4021e6	eeb5b7cb9c52ced7
1788609740238482887	502	1	phase_loop[501]	1788609740228613	9049	ccdaa30f43ce95bc	eeb5b7cb9c52ced7
1788609740248489088	503	1	phase_loop[502]	1788609740238693	8964	7136bcd3422c43b0	eeb5b7cb9c52ced7
1788609740258609195	504	1	phase_loop[503]	1788609740248690	8967	d4f57d1048fe3315	eeb5b7cb9c52ced7
1788609740268520587	505	1	phase_loop[504]	1788609740258868	8790	b0ebed09ca99f744	eeb5b7cb9c52ced7
1788609740278506590	506	1	phase_loop[505]	1788609740268740	8916	0b6101631064ab13	eeb5b7cb9c52ced7
1788609740288315758	507	1	phase_loop[506]	1788609740278710	8944	2c18bca459fcb6c9	eeb5b7cb9c52ced7
1788609740298567163	508	1	phase_loop[507]	1788609740288501	9159	6dc1c797a0e7db9d	eeb5b7cb9c52ced7
1788609740308453327	509	1	phase_loop[508]	1788609740298798	8860	b3376caeb2535a6f	eeb5b7cb9c52ced7
1788609740318323541	510	1	phase_loop[509]	1788609740308645	9011	3dc95d3c50ce4221	eeb5b7cb9c52ced7
1788609740328503491	511	1	phase_loop[510]	1788609740318507	9153	0320b9b10954175b	eeb5b7cb9c52ced7
1788609740338501207	512	1	phase_loop[511]	1788609740328701	8958	aabd6a761875d2e1	eeb5b7cb9c52ced7
1788609740348303131	513	1	phase_loop[512]	1788609740338697	8958	ae0cfa3b34958681	eeb5b7cb9c52ced7
1788609740358447073	514	1	phase_loop[513]	1788609740348483	9178	276c24f845af7112	eeb5b7cb9c52ced7
1788609740368476749	515	1	phase_loop[514]	1788609740358642	9022	f620b1cbefc80caf	eeb5b7cb9c52ced7
1788609740378417867	516	1	phase_loop[515]	1788609740368713	8945	1cebec82316cc779	eeb5b7cb9c52ced7
1788609740388424078	517	1	phase_loop[516]	1788609740378608	9051	4a72010daea6545f	eeb5b7cb9c52ced7
1788609740399721833	518	1	phase_loop[517]	1788609740388633	9028	c1d5f79cbb7ccecd	eeb5b7cb9c52ced7
1788609740408541820	519	1	phase_loop[518]	1788609740400030	7633	381ef26db46a70b7	eeb5b7cb9c52ced7
1788609740418420360	520	1	phase_loop[519]	1788609740408779	8878	d3fa39862692b087	eeb5b7cb9c52ced7
1788609740428407776	521	1	phase_loop[520]	1788609740418607	9051	08080048d10c8772	eeb5b7cb9c52ced7
1788609740438457349	522	1	phase_loop[521]	1788609740428602	9057	b2087c44be1e91f0	eeb5b7cb9c52ced7
1788609740448466526	523	1	phase_loop[522]	1788609740438649	9008	d5f7f44e46136ed6	eeb5b7cb9c52ced7
1788609740458470763	524	1	phase_loop[523]	1788609740448658	9003	c9414a50ebeff642	eeb5b7cb9c52ced7
1788609740468608564	525	1	phase_loop[524]	1788609740458682	8977	0d28283904786f13	eeb5b7cb9c52ced7
1788609740478441477	526	1	phase_loop[525]	1788609740468838	8819	c5a0f68b5679d0c3	eeb5b7cb9c52ced7
1788609740488328252	527	1	phase_loop[526]	1788609740478630	9025	5f0c0c6f146465ae	eeb5b7cb9c52ced7
1788609740498787982	528	1	phase_loop[527]	1788609740488530	9179	2400abd225d75a7f	eeb5b7cb9c52ced7
1788609740508441917	529	1	phase_loop[528]	1788609740499055	8602	f24d62c353cb2bc3	eeb5b7cb9c52ced7
1788609740518426106	530	1	phase_loop[529]	1788609740508628	9030	420dfdffa32abfd6	eeb5b7cb9c52ced7
1788609740528410336	531	1	phase_loop[530]	1788609740518610	9048	f1b8a9e1ba50b195	eeb5b7cb9c52ced7
1788609740538505345	532	1	phase_loop[531]	1788609740528599	9065	df888d6b641ef268	eeb5b7cb9c52ced7
1788609740548352305	533	1	phase_loop[532]	1788609740538711	8947	021a6bf0871cb09f	eeb5b7cb9c52ced7
1788609740558662271	534	1	phase_loop[533]	1788609740548539	9122	69bb86f48796e844	eeb5b7cb9c52ced7
1788609740568568754	535	1	phase_loop[534]	1788609740558904	8758	11744382936530d9	eeb5b7cb9c52ced7
1788609740578441362	536	1	phase_loop[535]	1788609740568800	8858	296ff087e29f31e0	eeb5b7cb9c52ced7
1788609740588312237	537	1	phase_loop[536]	1788609740578632	9023	08b88f7bd14bc0bd	eeb5b7cb9c52ced7
1788609740598616012	538	1	phase_loop[537]	1788609740588492	9168	9d4bc591b13acaee	eeb5b7cb9c52ced7
1788609740608453183	539	1	phase_loop[538]	1788609740598852	8807	650a8cd42e6bc949	eeb5b7cb9c52ced7
1788609740618302458	540	1	phase_loop[539]	1788609740608644	9012	5fcbc6e3dfc5c7b3	eeb5b7cb9c52ced7
1788609740628400202	541	1	phase_loop[540]	1788609740618485	9172	c10a34c256332831	eeb5b7cb9c52ced7
1788609740638553291	542	1	phase_loop[541]	1788609740628593	9071	922f1f77366a6e6d	eeb5b7cb9c52ced7
1788609740648538322	543	1	phase_loop[542]	1788609740638789	8869	72c7afcde41aa871	eeb5b7cb9c52ced7
1788609740658424016	544	1	phase_loop[543]	1788609740648744	8916	14cc3b0279566ee1	eeb5b7cb9c52ced7
1788609740668564401	545	1	phase_loop[544]	1788609740658626	9037	70a27068a35f1bfa	eeb5b7cb9c52ced7
1788609740678440997	546	1	phase_loop[545]	1788609740668793	8865	d9781fb1e2762458	eeb5b7cb9c52ced7
1788609740688425036	547	1	phase_loop[546]	1788609740678632	9027	0d6ec28d6cf97c2c	eeb5b7cb9c52ced7
1788609740698555703	548	1	phase_loop[547]	1788609740688612	9048	7847dabd1c07004a	eeb5b7cb9c52ced7
1788609740708425306	549	1	phase_loop[548]	1788609740698787	8871	42e49719880c3c97	eeb5b7cb9c52ced7
1788609740718368267	550	1	phase_loop[549]	1788609740708650	9007	acc09df5e4cf5cdc	eeb5b7cb9c52ced7
1788609740728480169	551	1	phase_loop[550]	1788609740718563	9095	30018462ea1d1289	eeb5b7cb9c52ced7
1788609740738477122	552	1	phase_loop[551]	1788609740728689	8971	62ebd0cd303e3abf	eeb5b7cb9c52ced7
1788609740748328791	553	1	phase_loop[552]	1788609740738671	8985	885fba2a129e5a3f	eeb5b7cb9c52ced7
1788609740758429020	554	1	phase_loop[553]	1788609740748523	9136	7f3e709a007c8768	eeb5b7cb9c52ced7
1788609740768479295	555	1	phase_loop[554]	1788609740758630	9033	8314ccea3b872650	eeb5b7cb9c52ced7
1788609740778437215	556	1	phase_loop[555]	1788609740768689	8968	d153cb0460a7d0e6	eeb5b7cb9c52ced7
1788609740788316015	557	1	phase_loop[556]	1788609740778627	9028	b37e70da5d63af38	eeb5b7cb9c52ced7
1788609740798595363	558	1	phase_loop[557]	1788609740788492	9170	6d86787be339db21	eeb5b7cb9c52ced7
1788609740808457302	559	1	phase_loop[558]	1788609740798831	8826	aa409bda5a54fd7d	eeb5b7cb9c52ced7
1788609740818416524	560	1	phase_loop[559]	1788609740808648	9011	763d9829e7d45f6a	eeb5b7cb9c52ced7
1788609740828462220	561	1	phase_loop[560]	1788609740818605	9091	927f4cb8c01935d9	eeb5b7cb9c52ced7
1788609740838482598	562	1	phase_loop[561]	1788609740828659	9002	c880322c954d4232	eeb5b7cb9c52ced7
1788609740848298459	563	1	phase_loop[562]	1788609740838683	8972	578f13b9b4f668f9	eeb5b7cb9c52ced7
1788609740858497285	564	1	phase_loop[563]	1788609740848495	9165	06a4f3d244a570f3	eeb5b7cb9c52ced7
1788609740868482467	565	1	phase_loop[564]	1788609740858728	8934	807f82baf54b8dd6	eeb5b7cb9c52ced7
1788609740878471465	566	1	phase_loop[565]	1788609740868709	8950	61454d092bed7945	eeb5b7cb9c52ced7
1788609740888563489	567	1	phase_loop[566]	1788609740878667	8990	e0f9b2de36c50a6c	eeb5b7cb9c52ced7
1788609740898498535	568	1	phase_loop[567]	1788609740888899	8761	2bc44e724783d690	eeb5b7cb9c52ced7
1788609740908465583	569	1	phase_loop[568]	1788609740898735	8926	33079cb0567c6048	eeb5b7cb9c52ced7
1788609740918304247	570	1	phase_loop[569]	1788609740908659	8997	c29a6189a1fb5094	eeb5b7cb9c52ced7
1788609740928430014	571	1	phase_loop[570]	1788609740918486	9171	4338ea42f8fe7938	eeb5b7cb9c52ced7
1788609740938455763	572	1	phase_loop[571]	1788609740928637	9023	fffc927843b273f3	eeb5b7cb9c52ced7
1788609740948332228	573	1	phase_loop[572]	1788609740938647	9008	cf64474ea28ed836	eeb5b7cb9c52ced7
1788609740958429131	574	1	phase_loop[573]	1788609740948517	9143	12c6082c24cea0ad	eeb5b7cb9c52ced7
1788609740968678813	575	1	phase_loop[574]	1788609740958632	9032	2e1b96672865dfc1	eeb5b7cb9c52ced7
1788609740978426656	576	1	phase_loop[575]	1788609740968906	8751	be7bc6034fb9e8f5	eeb5b7cb9c52ced7
1788609740988437897	577	1	phase_loop[576]	1788609740978617	9041	22fc47d02de4c4af	eeb5b7cb9c52ced7
1788609740998580386	578	1	phase_loop[577]	1788609740988622	9037	6412f0abedd55212	eeb5b7cb9c52ced7
1788609741008428177	579	1	phase_loop[578]	1788609740998809	8848	d195490f52c28569	eeb5b7cb9c52ced7
1788609741018304332	580	1	phase_loop[579]	1788609741008618	9037	f9bfdf0263f9684f	eeb5b7cb9c52ced7
1788609741028414941	581	1	phase_loop[580]	1788609741018490	9168	ca280e6197d0ebfc	eeb5b7cb9c52ced7
1788609741038554244	582	1	phase_loop[581]	1788609741028611	9048	a30c1907b8660802	eeb5b7cb9c52ced7
1788609741048560335	583	1	phase_loop[582]	1788609741038750	8907	ec0e3a82153b6cb9	eeb5b7cb9c52ced7
1788609741058419698	584	1	phase_loop[583]	1788609741048794	8866	1054bdd0ee7168cb	eeb5b7cb9c52ced7
1788609741068439595	585	1	phase_loop[584]	1788609741058623	9036	45c978445bca39ae	eeb5b7cb9c52ced7
1788609741078451728	586	1	phase_loop[585]	1788609741068654	9004	2d085d266810d9ed	eeb5b7cb9c52ced7
1788609741088355215	587	1	phase_loop[586]	1788609741078638	9018	076445cd7957414a	eeb5b7cb9c52ced7
1788609741098606049	588	1	phase_loop[587]	1788609741088546	9113	b93380fab74d53b8	eeb5b7cb9c52ced7
1788609741108442799	589	1	phase_loop[588]	1788609741098841	8817	78b97f824c97f930	eeb5b7cb9c52ced7
1788609741118420927	590	1	phase_loop[589]	1788609741108630	9028	0cc386f68b9fa31c	eeb5b7cb9c52ced7
1788609741128526186	591	1	phase_loop[590]	1788609741118608	9050	9b07e77b772ee78d	eeb5b7cb9c52ced7
1788609741138515004	592	1	phase_loop[591]	1788609741128725	8934	95701609ba4236af	eeb5b7cb9c52ced7
1788609741148337888	593	1	phase_loop[592]	1788609741138741	8914	96d04cf5c44a11e5	eeb5b7cb9c52ced7
1788609741158502890	594	1	phase_loop[593]	1788609741148521	9187	fa4fa124afacd592	eeb5b7cb9c52ced7
1788609741168566299	595	1	phase_loop[594]	1788609741158712	8949	e6eaebebebcaec93	eeb5b7cb9c52ced7
1788609741178435722	596	1	phase_loop[595]	1788609741168792	8871	ee45f524b779a9d9	eeb5b7cb9c52ced7
1788609741188392640	597	1	phase_loop[596]	1788609741178638	9020	730ddb4cafb7babb	eeb5b7cb9c52ced7
1788609741199452765	598	1	phase_loop[597]	1788609741188583	9079	73f1b0e9a9ed82fd	eeb5b7cb9c52ced7
1788609741208477008	599	1	phase_loop[598]	1788609741199684	7975	d1112ecdd05d2569	eeb5b7cb9c52ced7
1788609741218424117	600	1	phase_loop[599]	1788609741208684	8974	3ea63752f6637952	eeb5b7cb9c52ced7
1788609741228414599	601	1	phase_loop[600]	1788609741218669	8990	eb6b892cd4b5fc10	eeb5b7cb9c52ced7
1788609741238472889	602	1	phase_loop[601]	1788609741228610	9049	7edfac5aecdb2fc5	eeb5b7cb9c52ced7
1788609741248337472	603	1	phase_loop[602]	1788609741238674	8982	cdd66b1119e59cca	eeb5b7cb9c52ced7
1788609741258437931	604	1	phase_loop[603]	1788609741248529	9131	0bad678c92a0091b	eeb5b7cb9c52ced7
1788609741268614705	605	1	phase_loop[604]	1788609741258647	9012	c1b0d58cca44d3dd	eeb5b7cb9c52ced7
1788609741278442559	606	1	phase_loop[605]	1788609741268894	8765	2f18f5415f6fa20d	eeb5b7cb9c52ced7
1788609741288423272	607	1	phase_loop[606]	1788609741278632	9025	6fb45582f19909d9	eeb5b7cb9c52ced7
1788609741299628091	608	1	phase_loop[607]	1788609741288612	9049	e1acb0218f07c67b	eeb5b7cb9c52ced7
1788609741308439742	609	1	phase_loop[608]	1788609741299863	7794	a71fec45d8817baa	eeb5b7cb9c52ced7
1788609741318314424	610	1	phase_loop[609]	1788609741308628	9028	7bb3c8097d182606	eeb5b7cb9c52ced7
1788609741328432216	611	1	phase_loop[610]	1788609741318494	9165	ce75e6b43acf8b5f	eeb5b7cb9c52ced7
1788609741338418330	612	1	phase_loop[611]	1788609741328630	9028	3a5f6f2a98b8e81b	eeb5b7cb9c52ced7
1788609741348486588	613	1	phase_loop[612]	1788609741338649	9010	2c8f297bb354ff66	eeb5b7cb9c52ced7
1788609741358452012	614	1	phase_loop[613]	1788609741348706	8954	d73018f7365000af	eeb5b7cb9c52ced7
1788609741368793798	615	1	phase_loop[614]	1788609741358653	9006	48af14af588142ae	eeb5b7cb9c52ced7
1788609741378430560	616	1	phase_loop[615]	1788609741369062	8595	2b090dcf7853c522	eeb5b7cb9c52ced7
1788609741388332595	617	1	phase_loop[616]	1788609741378618	9038	5121e7e9db5baa41	eeb5b7cb9c52ced7
1788609741398590682	618	1	phase_loop[617]	1788609741388520	9139	b39c2dc9fd540cde	eeb5b7cb9c52ced7
1788609741408453713	619	1	phase_loop[618]	1788609741398819	8840	370cd47fcb124f6a	eeb5b7cb9c52ced7
1788609741418422072	620	1	phase_loop[619]	1788609741408643	9016	d31d463c69521e09	eeb5b7cb9c52ced7
1788609741428398888	621	1	phase_loop[620]	1788609741418614	9044	8d5dbc60c13b8ff4	eeb5b7cb9c52ced7
1788609741438453931	622	1	phase_loop[621]	1788609741428593	9064	f7325cfb152ecfb7	eeb5b7cb9c52ced7
1788609741448495700	623	1	phase_loop[622]	1788609741438662	8996	186864e0b93eb062	eeb5b7cb9c52ced7
1788609741458479829	624	1	phase_loop[623]	1788609741448717	8942	2608372ff4c3e3dd	eeb5b7cb9c52ced7
1788609741468677052	625	1	phase_loop[624]	1788609741458688	8974	57bfbb07eeb6439a	eeb5b7cb9c52ced7
1788609741478442557	626	1	phase_loop[625]	1788609741468906	8752	612b461b75d557f6	eeb5b7cb9c52ced7
1788609741488391280	627	1	phase_loop[626]	1788609741478631	9062	1b7bfe233c2b1051	eeb5b7cb9c52ced7
1788609741500911257	628	1	phase_loop[627]	1788609741488576	9086	ce8d5d5538074b24	eeb5b7cb9c52ced7
1788609741508459067	629	1	phase_loop[628]	1788609741501210	6450	f9d8a38f91e04cf1	eeb5b7cb9c52ced7
1788609741518493532	630	1	phase_loop[629]	1788609741508650	9011	84ed460847e9582f	eeb5b7cb9c52ced7
1788609741528521614	631	1	phase_loop[630]	1788609741518742	8916	af327fb8c409d4d4	eeb5b7cb9c52ced7
1788609741538464155	632	1	phase_loop[631]	1788609741528745	8914	34f1d38169c6ee47	eeb5b7cb9c52ced7
1788609741548305454	633	1	phase_loop[632]	1788609741538658	8997	3b293cb690d3be90	eeb5b7cb9c52ced7
1788609741558558172	634	1	phase_loop[633]	1788609741548487	9177	121cc923ebfe8cf1	eeb5b7cb9c52ced7
1788609741568565846	635	1	phase_loop[634]	1788609741558774	8889	5a4f0a59485e6aab	eeb5b7cb9c52ced7
1788609741578431581	636	1	phase_loop[635]	1788609741568800	8857	21eb717cff6e8f5b	eeb5b7cb9c52ced7
1788609741588432071	637	1	phase_loop[636]	1788609741578622	9036	3376f41a7a63e1c3	eeb5b7cb9c52ced7
1788609741598589879	638	1	phase_loop[637]	1788609741588622	9038	82e615d2ee4014e9	eeb5b7cb9c52ced7
1788609741608551075	639	1	phase_loop[638]	1788609741598816	8842	2cb0c42a42a94656	eeb5b7cb9c52ced7
1788609741618342440	640	1	phase_loop[639]	1788609741608745	8911	bdfdf2863d02cde5	eeb5b7cb9c52ced7
1788609741628431147	641	1	phase_loop[640]	1788609741618531	9125	8335e35ec8d3e0f0	eeb5b7cb9c52ced7
1788609741638606719	642	1	phase_loop[641]	1788609741628624	9034	96ee41744a6610cc	eeb5b7cb9c52ced7
1788609741648431978	643	1	phase_loop[642]	1788609741638898	8760	784edfbc8cd6de3e	eeb5b7cb9c52ced7
1788609741658445803	644	1	phase_loop[643]	1788609741648617	9044	e4eb2f3fd355944d	eeb5b7cb9c52ced7
1788609741668621395	645	1	phase_loop[644]	1788609741658654	9006	066ee879000c1435	eeb5b7cb9c52ced7
1788609741678413942	646	1	phase_loop[645]	1788609741668871	8786	091da897be781f22	eeb5b7cb9c52ced7
1788609741688501737	647	1	phase_loop[646]	1788609741678605	9052	47d20d3f135950ed	eeb5b7cb9c52ced7
1788609741698593841	648	1	phase_loop[647]	1788609741688707	8952	747416b6d3b5662a	eeb5b7cb9c52ced7
1788609741708455078	649	1	phase_loop[648]	1788609741698836	8821	9240f3c48d6db7d7	eeb5b7cb9c52ced7
1788609741718464896	650	1	phase_loop[649]	1788609741708658	8999	0f7ab2d2a3c26bd3	eeb5b7cb9c52ced7
1788609741728408158	651	1	phase_loop[650]	1788609741718656	9003	dbdaa7463cdec9d2	eeb5b7cb9c52ced7
1788609741738496925	652	1	phase_loop[651]	1788609741728600	9057	e76d59be88433855	eeb5b7cb9c52ced7
1788609741748328616	653	1	phase_loop[652]	1788609741738745	8910	cc93ecd399d6c9e0	eeb5b7cb9c52ced7
1788609741758435899	654	1	phase_loop[653]	1788609741748511	9148	2d12be7a44ed3187	eeb5b7cb9c52ced7
1788609741768498717	655	1	phase_loop[654]	1788609741758634	9026	5aced59d4906425b	eeb5b7cb9c52ced7
1788609741778436248	656	1	phase_loop[655]	1788609741768712	8945	8877ac4eafa756b7	eeb5b7cb9c52ced7
1788609741788333173	657	1	phase_loop[656]	1788609741778619	9037	011bd31f847b8309	eeb5b7cb9c52ced7
1788609741798517581	658	1	phase_loop[657]	1788609741788514	9144	957735d45e6b548a	eeb5b7cb9c52ced7
1788609741808431227	659	1	phase_loop[658]	1788609741798742	8916	b188fb1435df00be	eeb5b7cb9c52ced7
1788609741818475200	660	1	phase_loop[659]	1788609741808621	9082	583a04f0e1893684	eeb5b7cb9c52ced7
1788609741828410567	661	1	phase_loop[660]	1788609741818673	8984	371ca6a42ff9c562	eeb5b7cb9c52ced7
1788609741838513481	662	1	phase_loop[661]	1788609741828601	9058	fe6920a30a1fa7cf	eeb5b7cb9c52ced7
1788609741848252226	663	1	phase_loop[662]	1788609741838708	8946	16ac419b5c09d0f4	eeb5b7cb9c52ced7
1788609741858516816	664	1	phase_loop[663]	1788609741848432	9228	5fab0ec88e16b79e	eeb5b7cb9c52ced7
1788609741868860025	665	1	phase_loop[664]	1788609741858760	8902	5c18f70bc13e2b38	eeb5b7cb9c52ced7
1788609741878449578	666	1	phase_loop[665]	1788609741869110	8547	15eff277d37898c2	eeb5b7cb9c52ced7
1788609741888418979	667	1	phase_loop[666]	1788609741878657	9000	8e51f60fe8ebf6ec	eeb5b7cb9c52ced7
1788609741898589421	668	1	phase_loop[667]	1788609741888637	9023	c685de8640559ac0	eeb5b7cb9c52ced7
1788609741908441290	669	1	phase_loop[668]	1788609741898828	8831	8a37bc334f80abdf	eeb5b7cb9c52ced7
1788609741918298089	670	1	phase_loop[669]	1788609741908630	9025	562f6b9732a8d8be	eeb5b7cb9c52ced7
1788609741928524116	671	1	phase_loop[670]	1788609741918477	9182	ceb605794948033a	eeb5b7cb9c52ced7
1788609741938475734	672	1	phase_loop[671]	1788609741928720	8938	8a0f1c807c7dde71	eeb5b7cb9c52ced7
1788609741948426220	673	1	phase_loop[672]	1788609741938667	8991	4f112f111404a81a	eeb5b7cb9c52ced7
1788609741958461125	674	1	phase_loop[673]	1788609741948616	9045	39acd604f0a38963	eeb5b7cb9c52ced7
1788609741968598985	675	1	phase_loop[674]	1788609741958659	9006	6de28f69a614ea3e	eeb5b7cb9c52ced7
1788609741978433031	676	1	phase_loop[675]	1788609741968825	8833	7203e067233362e3	eeb5b7cb9c52ced7
1788609741988406530	677	1	phase_loop[676]	1788609741978624	9033	b1189f45a41a4b18	eeb5b7cb9c52ced7
1788609741998583244	678	1	phase_loop[677]	1788609741988596	9064	39ed10eeca319d82	eeb5b7cb9c52ced7
1788609742008470059	679	1	phase_loop[678]	1788609741998815	8846	7411d5ee3bfaf418	eeb5b7cb9c52ced7
1788609742018441675	680	1	phase_loop[679]	1788609742008697	8960	b04d258ee1affe7a	eeb5b7cb9c52ced7
1788609742028459738	681	1	phase_loop[680]	1788609742018630	9027	fbade4c7955c123c	eeb5b7cb9c52ced7
1788609742038424922	682	1	phase_loop[681]	1788609742028673	8986	e003544323f85ad0	eeb5b7cb9c52ced7
1788609742048421314	683	1	phase_loop[682]	1788609742038643	9014	781b2efcafa11ca9	eeb5b7cb9c52ced7
1788609742058475666	684	1	phase_loop[683]	1788609742048613	9046	33420fd8c80663f3	eeb5b7cb9c52ced7
1788609742068548774	685	1	phase_loop[684]	1788609742058691	8968	06bd41e2993d4472	eeb5b7cb9c52ced7
1788609742078418276	686	1	phase_loop[685]	1788609742068775	8882	2910ae1fc4166d23	eeb5b7cb9c52ced7
1788609742088400171	687	1	phase_loop[686]	1788609742078609	9047	cc3e221a29dc595e	eeb5b7cb9c52ced7
1788609742098837358	688	1	phase_loop[687]	1788609742088602	9056	af6a63538610dd94	eeb5b7cb9c52ced7
1788609742108428554	689	1	phase_loop[688]	1788609742099082	8576	3d278927c525ec52	eeb5b7cb9c52ced7
1788609742118321982	690	1	phase_loop[689]	1788609742108616	9039	b80c2183fc45e510	eeb5b7cb9c52ced7
1788609742128418834	691	1	phase_loop[690]	1788609742118505	9151	6ba42affb13745b9	eeb5b7cb9c52ced7
1788609742138584727	692	1	phase_loop[691]	1788609742128609	9053	5e2d089d40d798a7	eeb5b7cb9c52ced7
1788609742148393184	693	1	phase_loop[692]	1788609742138815	8878	40151744c86b5323	eeb5b7cb9c52ced7
1788609742158526726	694	1	phase_loop[693]	1788609742148579	9079	5b98f6b91115441c	eeb5b7cb9c52ced7
1788609742168767611	695	1	phase_loop[694]	1788609742158781	8889	2dab27d13f064f0d	eeb5b7cb9c52ced7
1788609742178445511	696	1	phase_loop[695]	1788609742169105	8551	db6ef2faf84cf03d	eeb5b7cb9c52ced7
1788609742188412678	697	1	phase_loop[696]	1788609742178682	8974	86b284fa2bdd9890	eeb5b7cb9c52ced7
1788609742198906622	698	1	phase_loop[697]	1788609742188608	9051	2fa828f0b3f72dd7	eeb5b7cb9c52ced7
1788609742208442213	699	1	phase_loop[698]	1788609742199150	8509	ba7d09d2bfdb8fe0	eeb5b7cb9c52ced7
1788609742218290034	700	1	phase_loop[699]	1788609742208636	9019	73c947baf00f6aef	eeb5b7cb9c52ced7
1788609742228445367	701	1	phase_loop[700]	1788609742218474	9184	1db3f9843d2fd5ee	eeb5b7cb9c52ced7
1788609742238522102	702	1	phase_loop[701]	1788609742228643	9017	b7d820b690b603f9	eeb5b7cb9c52ced7
1788609742248541859	703	1	phase_loop[702]	1788609742238715	8944	98cad8814ccc6c6d	eeb5b7cb9c52ced7
1788609742258445015	704	1	phase_loop[703]	1788609742248733	8928	ddff8c787785142c	eeb5b7cb9c52ced7
1788609742268569760	705	1	phase_loop[704]	1788609742258654	9006	597eaddc02aae690	eeb5b7cb9c52ced7
1788609742278420186	706	1	phase_loop[705]	1788609742268793	8865	1dc689450b23de20	eeb5b7cb9c52ced7
1788609742288418733	707	1	phase_loop[706]	1788609742278607	9050	f7aee699dd866592	eeb5b7cb9c52ced7
1788609742298796647	708	1	phase_loop[707]	1788609742288607	9053	29cc014d91dda917	eeb5b7cb9c52ced7
1788609742308433940	709	1	phase_loop[708]	1788609742299059	8600	07d1f06c306dfb13	eeb5b7cb9c52ced7
1788609742318337858	710	1	phase_loop[709]	1788609742308654	9001	d1d6646b8e22b833	eeb5b7cb9c52ced7
1788609742328646181	711	1	phase_loop[710]	1788609742318530	9131	e16bb01e1377f6a7	eeb5b7cb9c52ced7
1788609742338478372	712	1	phase_loop[711]	1788609742328886	8773	9d794e99ab2ffc3c	eeb5b7cb9c52ced7
1788609742348283894	713	1	phase_loop[712]	1788609742338675	8980	066cc8f21a984e0f	eeb5b7cb9c52ced7
1788609742358440009	714	1	phase_loop[713]	1788609742348463	9195	37bfcbd6dc45a79c	eeb5b7cb9c52ced7
1788609742368584010	715	1	phase_loop[714]	1788609742358635	9023	efa4275332c3dd78	eeb5b7cb9c52ced7
1788609742378427243	716	1	phase_loop[715]	1788609742368809	8848	53bcad4f909481ee	eeb5b7cb9c52ced7
1788609742388254305	717	1	phase_loop[716]	1788609742378612	9043	2a58595937377d01	eeb5b7cb9c52ced7
1788609742398598015	718	1	phase_loop[717]	1788609742388432	9229	c2a0d2efcee6d3cb	eeb5b7cb9c52ced7
1788609742408507583	719	1	phase_loop[718]	1788609742398828	8831	738331a37334e22d	eeb5b7cb9c52ced7
1788609742418281715	720	1	phase_loop[719]	1788609742408701	8952	0710b212819486ca	eeb5b7cb9c52ced7
1788609742428416479	721	1	phase_loop[720]	1788609742418463	9194	b33c91f2a7e06ddb	eeb5b7cb9c52ced7
1788609742438475059	722	1	phase_loop[721]	1788609742428609	9049	f2d1226ec1bf5955	eeb5b7cb9c52ced7
1788609742448404766	723	1	phase_loop[722]	1788609742438718	8940	b88026a76752b6cd	eeb5b7cb9c52ced7
1788609742458527397	724	1	phase_loop[723]	1788609742448595	9068	e5c3db494eed3399	eeb5b7cb9c52ced7
1788609742468606356	725	1	phase_loop[724]	1788609742458748	8910	16195d5e37604186	eeb5b7cb9c52ced7
1788609742478677019	726	1	phase_loop[725]	1788609742468835	8868	b22b01d4e880e855	eeb5b7cb9c52ced7
1788609742488344108	727	1	phase_loop[726]	1788609742479007	8649	3fe2e9843a3cdee3	eeb5b7cb9c52ced7
1788609742498565336	728	1	phase_loop[727]	1788609742488562	9098	b9099fddafb57fe1	eeb5b7cb9c52ced7
1788609742508451991	729	1	phase_loop[728]	1788609742498797	8860	1d6123d9eae5639c	eeb5b7cb9c52ced7
1788609742518319951	730	1	phase_loop[729]	1788609742508645	9011	b74f8d776b2bb5b2	eeb5b7cb9c52ced7
1788609742528411563	731	1	phase_loop[730]	1788609742518505	9152	b47b1f92fb86080b	eeb5b7cb9c52ced7
1788609742538468009	732	1	phase_loop[731]	1788609742528611	9049	7290aa8e540497ac	eeb5b7cb9c52ced7
1788609742548425919	733	1	phase_loop[732]	1788609742538662	8996	f0171fc04174a73e	eeb5b7cb9c52ced7
1788609742558449373	734	1	phase_loop[733]	1788609742548616	9045	ba5559b4f44388bc	eeb5b7cb9c52ced7
1788609742568682914	735	1	phase_loop[734]	1788609742558649	9010	23426cb15307f0a4	eeb5b7cb9c52ced7
1788609742578417291	736	1	phase_loop[735]	1788609742568899	8757	9e36adce013ecdf6	eeb5b7cb9c52ced7
1788609742588428892	737	1	phase_loop[736]	1788609742578602	9056	675619aff48eb2c9	eeb5b7cb9c52ced7
1788609742598606718	738	1	phase_loop[737]	1788609742588618	9042	fcad42661fc5bed3	eeb5b7cb9c52ced7
1788609742608425544	739	1	phase_loop[738]	1788609742598849	8810	ec3dd85337a33588	eeb5b7cb9c52ced7
1788609742618324653	740	1	phase_loop[739]	1788609742608611	9045	41b4c9e90eee4925	eeb5b7cb9c52ced7
1788609742628506807	741	1	phase_loop[740]	1788609742618509	9151	5aa97e4e3f46b6b9	eeb5b7cb9c52ced7
1788609742638480887	742	1	phase_loop[741]	1788609742628736	8923	8b085b3cc03bf99b	eeb5b7cb9c52ced7
1788609742648275618	743	1	phase_loop[742]	1788609742638680	8976	7727b20a63c2a702	eeb5b7cb9c52ced7
1788609742658466669	744	1	phase_loop[743]	1788609742648454	9206	94c2c6c859724087	eeb5b7cb9c52ced7
1788609742669522205	745	1	phase_loop[744]	1788609742658666	8991	3e98ae3cf02b1251	eeb5b7cb9c52ced7
1788609742678500962	746	1	phase_loop[745]	1788609742669780	7878	f3db76e95fffb4f5	eeb5b7cb9c52ced7
1788609742688330289	747	1	phase_loop[746]	1788609742678695	8962	2bae3ae6a68482bc	eeb5b7cb9c52ced7
1788609742698578207	748	1	phase_loop[747]	1788609742688515	9145	b54498aa67ddd096	eeb5b7cb9c52ced7
1788609742708440917	749	1	phase_loop[748]	1788609742698817	8842	99ec27b6c9483b6d	eeb5b7cb9c52ced7
1788609742718346337	750	1	phase_loop[749]	1788609742708632	9023	c7130da4d75d1f1a	eeb5b7cb9c52ced7
1788609742728448179	751	1	phase_loop[750]	1788609742718537	9122	e58aa983dc3d0944	eeb5b7cb9c52ced7
1788609742738474348	752	1	phase_loop[751]	1788609742728656	9004	5bb7fe6e6dbf3336	eeb5b7cb9c52ced7
1788609742748297152	753	1	phase_loop[752]	1788609742738672	8984	81a278920c8170df	eeb5b7cb9c52ced7
1788609742758468525	754	1	phase_loop[753]	1788609742748506	9156	7fcc40b9a52b6474	eeb5b7cb9c52ced7
1788609742768443577	755	1	phase_loop[754]	1788609742758680	8977	ea29fc5be46baa2f	eeb5b7cb9c52ced7
1788609742778473724	756	1	phase_loop[755]	1788609742768650	9011	cc7fd424d0ff226e	eeb5b7cb9c52ced7
1788609742788328068	757	1	phase_loop[756]	1788609742778669	8988	ec7c6d5d1cb10614	eeb5b7cb9c52ced7
1788609742799867950	758	1	phase_loop[757]	1788609742788510	9151	f84a00ec6413c0a5	eeb5b7cb9c52ced7
1788609742808555847	759	1	phase_loop[758]	1788609742800104	7600	74628919cb080b00	eeb5b7cb9c52ced7
1788609742818466718	760	1	phase_loop[759]	1788609742808765	8892	8070a04e8f51c1a7	eeb5b7cb9c52ced7
1788609742828422143	761	1	phase_loop[760]	1788609742818721	8937	b6bb7a307557abd2	eeb5b7cb9c52ced7
1788609742838472527	762	1	phase_loop[761]	1788609742828617	9044	6dc587a6527d3262	eeb5b7cb9c52ced7
1788609742848409558	763	1	phase_loop[762]	1788609742838683	8975	84f3e175101232d5	eeb5b7cb9c52ced7
1788609742858452729	764	1	phase_loop[763]	1788609742848597	9066	88da1b01e222d421	eeb5b7cb9c52ced7
1788609742868508032	765	1	phase_loop[764]	1788609742858654	9006	2dc6b7d895c70645	eeb5b7cb9c52ced7
1788609742878414745	766	1	phase_loop[765]	1788609742868728	8931	282ed7644a783294	eeb5b7cb9c52ced7
1788609742888537968	767	1	phase_loop[766]	1788609742878606	9053	211567c97f4b387e	eeb5b7cb9c52ced7
1788609742898576089	768	1	phase_loop[767]	1788609742888771	8887	aabe2cbe4c2753bf	eeb5b7cb9c52ced7
1788609742908435242	769	1	phase_loop[768]	1788609742898813	8843	61d08ad679afae00	eeb5b7cb9c52ced7
1788609742918305205	770	1	phase_loop[769]	1788609742908627	9029	4f4861d4b3ebba96	eeb5b7cb9c52ced7
1788609742928433878	771	1	phase_loop[770]	1788609742918487	9171	1310c2bdd3a02757	eeb5b7cb9c52ced7
1788609742938473963	772	1	phase_loop[771]	1788609742928637	9022	fe2aa27d27667196	eeb5b7cb9c52ced7
1788609742948292209	773	1	phase_loop[772]	1788609742938667	8988	f006d409e01d2ba9	eeb5b7cb9c52ced7
1788609742958488820	774	1	phase_loop[773]	1788609742948473	9189	c0839b697695f80e	eeb5b7cb9c52ced7
1788609742968692344	775	1	phase_loop[774]	1788609742958694	8965	6ec3f4b46562b875	eeb5b7cb9c52ced7
1788609742978425859	776	1	phase_loop[775]	1788609742968914	8743	99498cb70054fcb3	eeb5b7cb9c52ced7
1788609742988299339	777	1	phase_loop[776]	1788609742978614	9041	a973b05148485a73	eeb5b7cb9c52ced7
1788609742998605648	778	1	phase_loop[777]	1788609742988490	9168	944e1c84c6ff39c0	eeb5b7cb9c52ced7
1788609743008454922	779	1	phase_loop[778]	1788609742998849	8810	f4c99c57e49ba6a8	eeb5b7cb9c52ced7
1788609743018338802	780	1	phase_loop[779]	1788609743008643	9012	06912e69a978aab3	eeb5b7cb9c52ced7
1788609743028420876	781	1	phase_loop[780]	1788609743018520	9138	5f4d1ae3a95b5f11	eeb5b7cb9c52ced7
1788609743038534521	782	1	phase_loop[781]	1788609743028614	9045	ca397c84a72e3fc9	eeb5b7cb9c52ced7
1788609743048444159	783	1	phase_loop[782]	1788609743038763	8893	c25fbdd3dc7aed54	eeb5b7cb9c52ced7
1788609743058442295	784	1	phase_loop[783]	1788609743048637	9020	e379ad954a3ff0af	eeb5b7cb9c52ced7
1788609743068525281	785	1	phase_loop[784]	1788609743058643	9018	dd411de6dfd178cc	eeb5b7cb9c52ced7
1788609743078506384	786	1	phase_loop[785]	1788609743068729	8928	2f66afd83f211a7a	eeb5b7cb9c52ced7
1788609743088457291	787	1	phase_loop[786]	1788609743078712	8945	d0f1d6b1df4594bd	eeb5b7cb9c52ced7
1788609743101404405	788	1	phase_loop[787]	1788609743088656	9008	de8ffd04538b6e23	eeb5b7cb9c52ced7
1788609743108565744	789	1	phase_loop[788]	1788609743101649	6011	cfc71cfd6047ff35	eeb5b7cb9c52ced7
1788609743119207768	790	1	phase_loop[789]	1788609743108803	8860	3fca354ca51f0efd	eeb5b7cb9c52ced7
1788609743128599527	791	1	phase_loop[790]	1788609743119446	8211	51896e2223b19418	eeb5b7cb9c52ced7
1788609743140213028	792	1	phase_loop[791]	1788609743128901	8796	2bbc8d41548ef847	eeb5b7cb9c52ced7
1788609743148529773	793	1	phase_loop[792]	1788609743140457	7202	f4ad42d9c6ecf4bd	eeb5b7cb9c52ced7
1788609743158830832	794	1	phase_loop[793]	1788609743148768	8892	be87067c92521cd0	eeb5b7cb9c52ced7
1788609743168664096	795	1	phase_loop[794]	1788609743159066	8594	c084f280c9b6b2ae	eeb5b7cb9c52ced7
1788609743178538367	796	1	phase_loop[795]	1788609743168898	8766	d858be835a67d8b7	eeb5b7cb9c52ced7
1788609743188493140	797	1	phase_loop[796]	1788609743178833	8826	8c096e48fb9d5ef4	eeb5b7cb9c52ced7
1788609743199242317	798	1	phase_loop[797]	1788609743188704	8953	7dc1f639001944ee	eeb5b7cb9c52ced7
1788609743210645060	799	1	phase_loop[798]	1788609743199450	8207	ab7e0b6b35df48f8	eeb5b7cb9c52ced7
1788609743218520049	800	1	phase_loop[799]	1788609743210881	6777	3ceb8b1e902af689	eeb5b7cb9c52ced7
1788609743228472388	801	1	phase_loop[800]	1788609743218771	8887	5286bd06a990db1e	eeb5b7cb9c52ced7
1788609743238411252	802	1	phase_loop[801]	1788609743228698	8959	749d522261e894c6	eeb5b7cb9c52ced7
1788609743253543941	803	1	phase_loop[802]	1788609743238616	9044	770683a6cd343ebe	eeb5b7cb9c52ced7
1788609743258504436	804	1	phase_loop[803]	1788609743253788	3870	29870f1b8af31743	eeb5b7cb9c52ced7
1788609743268649891	805	1	phase_loop[804]	1788609743258709	8950	7eaf6acba2d0261c	eeb5b7cb9c52ced7
1788609743278518551	806	1	phase_loop[805]	1788609743268883	8777	5d15002693a5011c	eeb5b7cb9c52ced7
1788609743288667352	807	1	phase_loop[806]	1788609743278727	8935	85abc698a23870ee	eeb5b7cb9c52ced7
1788609743300165305	808	1	phase_loop[807]	1788609743288942	8717	20f560ee835ffb8b	eeb5b7cb9c52ced7
1788609743308454007	809	1	phase_loop[808]	1788609743300401	7257	aa0ff810bcb5476c	eeb5b7cb9c52ced7
1788609743318324862	810	1	phase_loop[809]	1788609743308649	9008	95208e339f60451e	eeb5b7cb9c52ced7
1788609743328479203	811	1	phase_loop[810]	1788609743318506	9153	523c54ec3ae9e997	eeb5b7cb9c52ced7
1788609743338603808	812	1	phase_loop[811]	1788609743328679	8979	b94aabc17f7a46ea	eeb5b7cb9c52ced7
1788609743348436942	813	1	phase_loop[812]	1788609743338879	8778	f08347e84b177770	eeb5b7cb9c52ced7
1788609743358506102	814	1	phase_loop[813]	1788609743348625	9037	b722655f6e554d46	eeb5b7cb9c52ced7
1788609743368691812	815	1	phase_loop[814]	1788609743358716	8943	3242affb842acaa3	eeb5b7cb9c52ced7
1788609743378437069	816	1	phase_loop[815]	1788609743368926	8731	866288541b8122a6	eeb5b7cb9c52ced7
1788609743388419305	817	1	phase_loop[816]	1788609743378633	9023	c392a7832c6e9bc6	eeb5b7cb9c52ced7
1788609743399473980	818	1	phase_loop[817]	1788609743388611	9048	ec2aa4b281a4169e	eeb5b7cb9c52ced7
1788609743408438350	819	1	phase_loop[818]	1788609743399704	7953	d563200bd782b9cd	eeb5b7cb9c52ced7
1788609743418411137	820	1	phase_loop[819]	1788609743408628	9030	5b922ae20b363af2	eeb5b7cb9c52ced7
1788609743428449790	821	1	phase_loop[820]	1788609743418619	9040	44255e9a4618eb97	eeb5b7cb9c52ced7
1788609743438553215	822	1	phase_loop[821]	1788609743428656	9003	7c6c381f0d23a22f	eeb5b7cb9c52ced7
1788609743448540339	823	1	phase_loop[822]	1788609743438823	8836	14fa88ffdfcdf1f4	eeb5b7cb9c52ced7
1788609743458454977	824	1	phase_loop[823]	1788609743448756	8905	f162df794225dc46	eeb5b7cb9c52ced7
1788609743468569393	825	1	phase_loop[824]	1788609743458661	9053	01657e706196ea41	eeb5b7cb9c52ced7
1788609743478506824	826	1	phase_loop[825]	1788609743468788	8870	123b4470182737cd	eeb5b7cb9c52ced7
1788609743488433334	827	1	phase_loop[826]	1788609743478717	8941	a27fc8b8163724bc	eeb5b7cb9c52ced7
1788609743498580521	828	1	phase_loop[827]	1788609743488624	9036	c60a25147659356b	eeb5b7cb9c52ced7
1788609743508438823	829	1	phase_loop[828]	1788609743498814	8843	d86c691bb8a35d12	eeb5b7cb9c52ced7
1788609743518302003	830	1	phase_loop[829]	1788609743508629	9028	ae543ca5462a366c	eeb5b7cb9c52ced7
1788609743528404276	831	1	phase_loop[830]	1788609743518484	9172	da0085358ff0e685	eeb5b7cb9c52ced7
1788609743538463637	832	1	phase_loop[831]	1788609743528661	8998	85b3b448ff5f10fb	eeb5b7cb9c52ced7
1788609743548423841	833	1	phase_loop[832]	1788609743538657	9001	75c48fc9264c8e3d	eeb5b7cb9c52ced7
1788609743558465880	834	1	phase_loop[833]	1788609743548610	9050	e283192f5094e142	eeb5b7cb9c52ced7
1788609743569451384	835	1	phase_loop[834]	1788609743558672	8988	d229832521f2aff6	eeb5b7cb9c52ced7
1788609743578481067	836	1	phase_loop[835]	1788609743569684	7974	3813f32eef15d79b	eeb5b7cb9c52ced7
1788609743588429178	837	1	phase_loop[836]	1788609743578671	8990	1b79f641e6dc958c	eeb5b7cb9c52ced7
1788609743598733213	838	1	phase_loop[837]	1788609743588658	9002	1d0790595f2757d9	eeb5b7cb9c52ced7
1788609743608481946	839	1	phase_loop[838]	1788609743599123	8536	c80bbb88f52e629b	eeb5b7cb9c52ced7
1788609743618297386	840	1	phase_loop[839]	1788609743608688	8967	4e6aeb80b6f62151	eeb5b7cb9c52ced7
1788609743628471625	841	1	phase_loop[840]	1788609743618484	9172	9d77b84fdc437f1c	eeb5b7cb9c52ced7
1788609743638519164	842	1	phase_loop[841]	1788609743628696	8962	c3247df552951ef8	eeb5b7cb9c52ced7
1788609743648346196	843	1	phase_loop[842]	1788609743638745	8911	69b45d8c203937ed	eeb5b7cb9c52ced7
1788609743658469519	844	1	phase_loop[843]	1788609743648533	9128	9d95d6522caeaf5c	eeb5b7cb9c52ced7
1788609743668557204	845	1	phase_loop[844]	1788609743658674	8984	1509f135ea29b2de	eeb5b7cb9c52ced7
1788609743678423540	846	1	phase_loop[845]	1788609743668791	8866	9d78c3892f61336b	eeb5b7cb9c52ced7
1788609743688307029	847	1	phase_loop[846]	1788609743678637	9019	68fed3fd3988ddbf	eeb5b7cb9c52ced7
1788609743698418950	848	1	phase_loop[847]	1788609743688495	9162	854fb805105368bc	eeb5b7cb9c52ced7
1788609743708536762	849	1	phase_loop[848]	1788609743698605	9055	f7fb18bc1ff2891f	eeb5b7cb9c52ced7
1788609743718428988	850	1	phase_loop[849]	1788609743708739	8920	0d18c8cf21b51eeb	eeb5b7cb9c52ced7
1788609743728417645	851	1	phase_loop[850]	1788609743718621	9037	8a18b30cd59782fb	eeb5b7cb9c52ced7
1788609743738540627	852	1	phase_loop[851]	1788609743728637	9024	6f72b2ca97c87b87	eeb5b7cb9c52ced7
1788609743748342041	853	1	phase_loop[852]	1788609743738766	8891	52d92435c7ca82b0	eeb5b7cb9c52ced7
1788609743758471305	854	1	phase_loop[853]	1788609743748531	9128	339686592baf2ddd	eeb5b7cb9c52ced7
1788609743768579899	855	1	phase_loop[854]	1788609743758681	8977	fb49c8cbf85bc190	eeb5b7cb9c52ced7
1788609743778566764	856	1	phase_loop[855]	1788609743768819	8838	4a27ec4bad30693d	eeb5b7cb9c52ced7
1788609743788420927	857	1	phase_loop[856]	1788609743778829	8828	14db79e5b23292b1	eeb5b7cb9c52ced7
1788609743798642535	858	1	phase_loop[857]	1788609743788607	9111	a3a41ea856fb7eaa	eeb5b7cb9c52ced7
1788609743808453988	859	1	phase_loop[858]	1788609743798873	8785	00edb5c9c9347c40	eeb5b7cb9c52ced7
1788609743818331646	860	1	phase_loop[859]	1788609743808646	9009	b497fb71708bb16b	eeb5b7cb9c52ced7
1788609743828414381	861	1	phase_loop[860]	1788609743818522	9136	8e1a00c0f0440e90	eeb5b7cb9c52ced7
1788609743838477560	862	1	phase_loop[861]	1788609743828606	9053	fc49ed3882b9478c	eeb5b7cb9c52ced7
1788609743848527023	863	1	phase_loop[862]	1788609743838673	8986	b393f713cd61d9a3	eeb5b7cb9c52ced7
1788609743858448944	864	1	phase_loop[863]	1788609743848720	8939	b7fcde9da154b458	eeb5b7cb9c52ced7
1788609743868669491	865	1	phase_loop[864]	1788609743858651	9007	845c043d940b558f	eeb5b7cb9c52ced7
1788609743878462368	866	1	phase_loop[865]	1788609743868984	8674	9f59d8453482ef07	eeb5b7cb9c52ced7
1788609743888457298	867	1	phase_loop[866]	1788609743878658	9002	0732d3452000799e	eeb5b7cb9c52ced7
1788609743898570291	868	1	phase_loop[867]	1788609743888677	8983	ae5d2b93549b6cbc	eeb5b7cb9c52ced7
1788609743908439503	869	1	phase_loop[868]	1788609743898807	8850	cafb7a3105b90e0e	eeb5b7cb9c52ced7
1788609743918318653	870	1	phase_loop[869]	1788609743908632	9024	4242d4a0c98157a3	eeb5b7cb9c52ced7
1788609743928540021	871	1	phase_loop[870]	1788609743918508	9150	92c1f7a11952ff17	eeb5b7cb9c52ced7
1788609743938465960	872	1	phase_loop[871]	1788609743928779	8881	9fa47dc2d56ad64f	eeb5b7cb9c52ced7
1788609743948327157	873	1	phase_loop[872]	1788609743938657	8998	f17a61bc63e6e72a	eeb5b7cb9c52ced7
1788609743958456852	874	1	phase_loop[873]	1788609743948533	9127	3b04ef7c9263f0f5	eeb5b7cb9c52ced7
1788609743968537343	875	1	phase_loop[874]	1788609743958652	9007	a540ed3d413d2a95	eeb5b7cb9c52ced7
1788609743978446961	876	1	phase_loop[875]	1788609743968756	8906	3c8508adfe097848	eeb5b7cb9c52ced7
1788609743988296646	877	1	phase_loop[876]	1788609743978636	9019	943636bf7ac1aed3	eeb5b7cb9c52ced7
1788609743998578559	878	1	phase_loop[877]	1788609743988480	9177	d8c01e1dc2e7818a	eeb5b7cb9c52ced7
1788609744008567988	879	1	phase_loop[878]	1788609743998815	8844	157e1982579173fe	eeb5b7cb9c52ced7
1788609744018482094	880	1	phase_loop[879]	1788609744008762	8897	49e6056a6cecff56	eeb5b7cb9c52ced7
1788609744028423613	881	1	phase_loop[880]	1788609744018671	8986	b08940c6dd4ccb54	eeb5b7cb9c52ced7
1788609744038471693	882	1	phase_loop[881]	1788609744028620	9042	96ae7e670350fe47	eeb5b7cb9c52ced7
1788609744048391561	883	1	phase_loop[882]	1788609744038667	8990	c8f5e4974e854e84	eeb5b7cb9c52ced7
1788609744058465540	884	1	phase_loop[883]	1788609744048578	9081	dbc839f6245bfc39	eeb5b7cb9c52ced7
1788609744068517727	885	1	phase_loop[884]	1788609744058699	8961	bc6134ee11c1690a	eeb5b7cb9c52ced7
1788609744078434790	886	1	phase_loop[885]	1788609744068729	8929	2f298a9047afe05e	eeb5b7cb9c52ced7
1788609744088531091	887	1	phase_loop[886]	1788609744078659	8997	b765cf9868cf7fc9	eeb5b7cb9c52ced7
1788609744098495984	888	1	phase_loop[887]	1788609744088741	8919	1384ebfb80ded6ce	eeb5b7cb9c52ced7
1788609744108449805	889	1	phase_loop[888]	1788609744098700	8958	b9a006af1d789c71	eeb5b7cb9c52ced7
1788609744118318095	890	1	phase_loop[889]	1788609744108645	9012	46fa0cbb80984763	eeb5b7cb9c52ced7
1788609744128468940	891	1	phase_loop[890]	1788609744118505	9194	a86049168484c2a0	eeb5b7cb9c52ced7
1788609744138462507	892	1	phase_loop[891]	1788609744128670	8991	29379e136d63227f	eeb5b7cb9c52ced7
1788609744148417561	893	1	phase_loop[892]	1788609744138652	9006	ab390229e9d455a0	eeb5b7cb9c52ced7
1788609744158462395	894	1	phase_loop[893]	1788609744148604	9054	c59d5952981fc16a	eeb5b7cb9c52ced7
1788609744168745169	895	1	phase_loop[894]	1788609744158667	8991	b14c9aace2e5d83e	eeb5b7cb9c52ced7
1788609744178429240	896	1	phase_loop[895]	1788609744169077	8581	c8de83e9bfcb4008	eeb5b7cb9c52ced7
1788609744188387390	897	1	phase_loop[896]	1788609744178618	9039	91ace43efbcb91d8	eeb5b7cb9c52ced7
1788609744198614549	898	1	phase_loop[897]	1788609744188575	9084	3d6446056bb63870	eeb5b7cb9c52ced7
1788609744208551800	899	1	phase_loop[898]	1788609744198854	8807	4763e8fd7e458699	eeb5b7cb9c52ced7
1788609744218318818	900	1	phase_loop[899]	1788609744208754	8901	200d712f6261ce7c	eeb5b7cb9c52ced7
1788609744228519066	901	1	phase_loop[900]	1788609744218503	9156	db7a1577537dcb21	eeb5b7cb9c52ced7
1788609744238506000	902	1	phase_loop[901]	1788609744228751	8911	9972b717479a54b3	eeb5b7cb9c52ced7
1788609744248547358	903	1	phase_loop[902]	1788609744238704	8954	592ab54fca8b5477	eeb5b7cb9c52ced7
1788609744258474088	904	1	phase_loop[903]	1788609744248780	8880	5a0a1aaf24499c9f	eeb5b7cb9c52ced7
1788609744268585899	905	1	phase_loop[904]	1788609744258675	8984	84f75badf0e32f03	eeb5b7cb9c52ced7
1788609744278503913	906	1	phase_loop[905]	1788609744268813	8845	ebb135fcb80efbb0	eeb5b7cb9c52ced7
1788609744288303953	907	1	phase_loop[906]	1788609744278694	8961	aca598ddeb0673a5	eeb5b7cb9c52ced7
1788609744298537234	908	1	phase_loop[907]	1788609744288489	9169	f1abe839f42bf208	eeb5b7cb9c52ced7
1788609744308454977	909	1	phase_loop[908]	1788609744298770	8888	4b943cdbfaf26bcd	eeb5b7cb9c52ced7
1788609744318426473	910	1	phase_loop[909]	1788609744308644	9014	4089ac9f552255aa	eeb5b7cb9c52ced7
1788609744328495953	911	1	phase_loop[910]	1788609744318616	9042	c9144735aba6355c	eeb5b7cb9c52ced7
1788609744338470715	912	1	phase_loop[911]	1788609744328703	8955	c1964d18e19b90be	eeb5b7cb9c52ced7
1788609744348312755	913	1	phase_loop[912]	1788609744338664	8991	430f2bdedd83dd88	eeb5b7cb9c52ced7
1788609744358456526	914	1	phase_loop[913]	1788609744348492	9169	80954d151e16c1bb	eeb5b7cb9c52ced7
1788609744368489558	915	1	phase_loop[914]	1788609744358658	9001	e2efd012bc97d2c1	eeb5b7cb9c52ced7
1788609744378441806	916	1	phase_loop[915]	1788609744368697	8963	74d6d1f919bd39f9	eeb5b7cb9c52ced7
1788609744388341195	917	1	phase_loop[916]	1788609744378650	9007	08d2698c18abd159	eeb5b7cb9c52ced7
1788609744399580058	918	1	phase_loop[917]	1788609744388526	9138	86d143faf9d396ef	eeb5b7cb9c52ced7
1788609744408454898	919	1	phase_loop[918]	1788609744399818	7839	b5aa84e94a1a8be8	eeb5b7cb9c52ced7
1788609744418292691	920	1	phase_loop[919]	1788609744408655	8999	19ce0ab8971ff1f9	eeb5b7cb9c52ced7
1788609744428416334	921	1	phase_loop[920]	1788609744418473	9184	526aefe1ce33f3d7	eeb5b7cb9c52ced7
1788609744438469964	922	1	phase_loop[921]	1788609744428610	9052	990299d2b82c2612	eeb5b7cb9c52ced7
1788609744448416482	923	1	phase_loop[922]	1788609744438672	8986	4f08e9c885e48512	eeb5b7cb9c52ced7
1788609744458506892	924	1	phase_loop[923]	1788609744448602	9109	2a1879c59625fa46	eeb5b7cb9c52ced7
1788609744468502734	925	1	phase_loop[924]	1788609744458705	8956	be286473d0e99ef7	eeb5b7cb9c52ced7
1788609744478426879	926	1	phase_loop[925]	1788609744468730	8927	fb1c9d79109203d6	eeb5b7cb9c52ced7
1788609744488320457	927	1	phase_loop[926]	1788609744478626	9030	b8da38cb185e22a6	eeb5b7cb9c52ced7
1788609744498579907	928	1	phase_loop[927]	1788609744488505	9155	d1b9f32b91055cd8	eeb5b7cb9c52ced7
1788609744508440001	929	1	phase_loop[928]	1788609744498815	8842	b53a6bccfe299416	eeb5b7cb9c52ced7
1788609744518310656	930	1	phase_loop[929]	1788609744508630	9026	cfe32540cc55d2e4	eeb5b7cb9c52ced7
1788609744528426304	931	1	phase_loop[930]	1788609744518502	9157	365a96e52ad1b3ce	eeb5b7cb9c52ced7
1788609744538452412	932	1	phase_loop[931]	1788609744528623	9034	0d6197adba66c1c3	eeb5b7cb9c52ced7
1788609744548438665	933	1	phase_loop[932]	1788609744538680	8979	c1b59c2046162057	eeb5b7cb9c52ced7
1788609744558476336	934	1	phase_loop[933]	1788609744548659	9000	6269831efc4bc976	eeb5b7cb9c52ced7
1788609744568553591	935	1	phase_loop[934]	1788609744558689	8970	50f467fc1c2999ee	eeb5b7cb9c52ced7
1788609744578424376	936	1	phase_loop[935]	1788609744568775	8882	d8ea516ed8d8a275	eeb5b7cb9c52ced7
1788609744588302955	937	1	phase_loop[936]	1788609744578611	9044	9ab2c547ccad8719	eeb5b7cb9c52ced7
1788609744598604034	938	1	phase_loop[937]	1788609744588498	9162	e31387864b0a1e58	eeb5b7cb9c52ced7
1788609744608449040	939	1	phase_loop[938]	1788609744598840	8819	7c12a7a9c385b268	eeb5b7cb9c52ced7
1788609744618412129	940	1	phase_loop[939]	1788609744608633	9024	84b91fea1ccd4736	eeb5b7cb9c52ced7
1788609744628415013	941	1	phase_loop[940]	1788609744618600	9058	632da8a3058d70ec	eeb5b7cb9c52ced7
1788609744638478703	942	1	phase_loop[941]	1788609744628607	9052	c4cf83ca7cdd910f	eeb5b7cb9c52ced7
1788609744648286188	943	1	phase_loop[942]	1788609744638673	8982	27bb5b4cb0cb72a0	eeb5b7cb9c52ced7
1788609744658494661	944	1	phase_loop[943]	1788609744648465	9193	4e0b32e4ad10c6cf	eeb5b7cb9c52ced7
1788609744668496925	945	1	phase_loop[944]	1788609744658699	8960	3857d94c43572957	eeb5b7cb9c52ced7
1788609744678419838	946	1	phase_loop[945]	1788609744668712	8946	1cc7749e88602121	eeb5b7cb9c52ced7
1788609744688282437	947	1	phase_loop[946]	1788609744678610	9046	d4add47eb3949222	eeb5b7cb9c52ced7
1788609744699395031	948	1	phase_loop[947]	1788609744688469	9191	b269f9ec908902f6	eeb5b7cb9c52ced7
1788609744708457687	949	1	phase_loop[948]	1788609744699638	8020	556d491c4e78b12d	eeb5b7cb9c52ced7
1788609744718430605	950	1	phase_loop[949]	1788609744708648	9008	741090d6afba598c	eeb5b7cb9c52ced7
1788609744728620533	951	1	phase_loop[950]	1788609744718625	9032	e146d34be09c9a57	eeb5b7cb9c52ced7
1788609744738648185	952	1	phase_loop[951]	1788609744728850	8811	20c74816373c8663	eeb5b7cb9c52ced7
1788609744748435171	953	1	phase_loop[952]	1788609744738904	8754	222083e77bc8119c	eeb5b7cb9c52ced7
1788609744758463083	954	1	phase_loop[953]	1788609744748623	9038	437cb262ee540475	eeb5b7cb9c52ced7
1788609744768520681	955	1	phase_loop[954]	1788609744758666	8997	248d1e5d00b20503	eeb5b7cb9c52ced7
1788609744778431171	956	1	phase_loop[955]	1788609744768775	8882	7b10025d56a6cf24	eeb5b7cb9c52ced7
1788609744788332052	957	1	phase_loop[956]	1788609744778625	9064	0d3239a16b82fb21	eeb5b7cb9c52ced7
1788609744798588677	958	1	phase_loop[957]	1788609744788515	9145	59530184075dfe11	eeb5b7cb9c52ced7
1788609744808437069	959	1	phase_loop[958]	1788609744798816	8842	56a1cd686c85313e	eeb5b7cb9c52ced7
1788609744818306131	960	1	phase_loop[959]	1788609744808637	9017	7299d2b0a548f56f	eeb5b7cb9c52ced7
1788609744828420065	961	1	phase_loop[960]	1788609744818493	9165	7583c4730c20687b	eeb5b7cb9c52ced7
1788609744838471552	962	1	phase_loop[961]	1788609744828615	9046	09d2d545dddf8ac1	eeb5b7cb9c52ced7
1788609744848432006	963	1	phase_loop[962]	1788609744838665	8993	7f3f601a55654c3c	eeb5b7cb9c52ced7
1788609744858467913	964	1	phase_loop[963]	1788609744848621	9037	6f6e7fd21a52df8c	eeb5b7cb9c52ced7
1788609744868525461	965	1	phase_loop[964]	1788609744858674	8984	bf2a7a75e905087e	eeb5b7cb9c52ced7
1788609744878474273	966	1	phase_loop[965]	1788609744868742	8916	28d5bf08b666afdf	eeb5b7cb9c52ced7
1788609744888663491	967	1	phase_loop[966]	1788609744878672	8987	186b61192f62726c	eeb5b7cb9c52ced7
1788609744898591053	968	1	phase_loop[967]	1788609744888905	8754	25e4339772a0bfd7	eeb5b7cb9c52ced7
1788609744908519917	969	1	phase_loop[968]	1788609744898830	8830	5561cd35e06fc2a3	eeb5b7cb9c52ced7
1788609744918419376	970	1	phase_loop[969]	1788609744908750	8907	064b3796cb9a4e8a	eeb5b7cb9c52ced7
1788609744928500569	971	1	phase_loop[970]	1788609744918606	9053	4a0aebd05f988ff6	eeb5b7cb9c52ced7
1788609744938455953	972	1	phase_loop[971]	1788609744928703	8957	6edee1b0a66b7611	eeb5b7cb9c52ced7
1788609744948273127	973	1	phase_loop[972]	1788609744938649	9006	ec5567024d5e0eca	eeb5b7cb9c52ced7
1788609744958468796	974	1	phase_loop[973]	1788609744948454	9208	52563be94ededf8f	eeb5b7cb9c52ced7
1788609744968583452	975	1	phase_loop[974]	1788609744958668	8991	9788acd0c5db50df	eeb5b7cb9c52ced7
1788609744978443897	976	1	phase_loop[975]	1788609744968806	8851	0a21c71512d7f965	eeb5b7cb9c52ced7
1788609744988284495	977	1	phase_loop[976]	1788609744978635	9021	29ba8a8918ef9b6b	eeb5b7cb9c52ced7
1788609744998638263	978	1	phase_loop[977]	1788609744988467	9195	09a1f1fe5f01af94	eeb5b7cb9c52ced7
1788609745008424057	979	1	phase_loop[978]	1788609744998871	8787	cf6dc6d5313d70b5	eeb5b7cb9c52ced7
1788609745018443272	980	1	phase_loop[979]	1788609745008613	9046	58bee90209c1c0d0	eeb5b7cb9c52ced7
1788609745028415489	981	1	phase_loop[980]	1788609745018639	9020	8fce611eeaffe381	eeb5b7cb9c52ced7
1788609745038460843	982	1	phase_loop[981]	1788609745028612	9050	7a1b9eca52a9a928	eeb5b7cb9c52ced7
1788609745048435845	983	1	phase_loop[982]	1788609745038669	8990	d127d325e13315a0	eeb5b7cb9c52ced7
1788609745058454479	984	1	phase_loop[983]	1788609745048637	9022	b6b94ce05010be0d	eeb5b7cb9c52ced7
1788609745068656871	985	1	phase_loop[984]	1788609745058702	8957	472d5f81b59a155e	eeb5b7cb9c52ced7
1788609745078448085	986	1	phase_loop[985]	1788609745068964	8694	215ed3117faba7e8	eeb5b7cb9c52ced7
1788609745088324951	987	1	phase_loop[986]	1788609745078677	8978	63e2e1768b3451df	eeb5b7cb9c52ced7
1788609745098559174	988	1	phase_loop[987]	1788609745088515	9145	95798485d8462237	eeb5b7cb9c52ced7
1788609745108449194	989	1	phase_loop[988]	1788609745098792	8867	944dfe6c11885a9e	eeb5b7cb9c52ced7
1788609745118363702	990	1	phase_loop[989]	1788609745108640	9049	0c3b266f9f707abb	eeb5b7cb9c52ced7
1788609745128430207	991	1	phase_loop[990]	1788609745118555	9102	84e42ebd78346e15	eeb5b7cb9c52ced7
1788609745138467476	992	1	phase_loop[991]	1788609745128633	9028	e43dce5b2d9329a9	eeb5b7cb9c52ced7
1788609745148304857	993	1	phase_loop[992]	1788609745138664	8992	27d56dbcd0f511a8	eeb5b7cb9c52ced7
1788609745158447647	994	1	phase_loop[993]	1788609745148490	9170	c1d90b6189759e77	eeb5b7cb9c52ced7
1788609745168514973	995	1	phase_loop[994]	1788609745158653	9005	0e7393ecf699faf6	eeb5b7cb9c52ced7
1788609745178429961	996	1	phase_loop[995]	1788609745168773	8885	f35761b482ff8cbc	eeb5b7cb9c52ced7
1788609745188440059	997	1	phase_loop[996]	1788609745178622	9037	b7995f6a683a2cd1	eeb5b7cb9c52ced7
1788609745199386900	998	1	phase_loop[997]	1788609745188661	8999	e03efb9b3f2c1dd3	eeb5b7cb9c52ced7
1788609745208609398	999	1	phase_loop[998]	1788609745199608	8053	3d53639ac038a665	eeb5b7cb9c52ced7
1788609745218414428	1000	1	phase_loop[999]	1788609745208840	8817	090a6b20324787b3	eeb5b7cb9c52ced7
1788609745228432912	1001	1	phase_loop[1000]	1788609745218603	9054	b9b41456a3f29ded	eeb5b7cb9c52ced7
1788609745238501110	1002	1	phase_loop[1001]	1788609745228630	9030	d6c8d5104510e7c0	eeb5b7cb9c52ced7
1788609745248292695	1003	1	phase_loop[1002]	1788609745238694	8961	113f0cbf322aa005	eeb5b7cb9c52ced7
1788609745258464749	1004	1	phase_loop[1003]	1788609745248474	9187	0407f36ebb2f7017	eeb5b7cb9c52ced7
1788609745268519091	1005	1	phase_loop[1004]	1788609745258672	8987	1ddc64dd95b32fb7	eeb5b7cb9c52ced7
1788609745278438858	1006	1	phase_loop[1005]	1788609745268742	8915	82e3c283580068c1	eeb5b7cb9c52ced7
1788609745288316476	1007	1	phase_loop[1006]	1788609745278628	9028	6ad4c988f7ff28bd	eeb5b7cb9c52ced7
1788609745298554505	1008	1	phase_loop[1007]	1788609745288538	9121	7d8973d423f80ed9	eeb5b7cb9c52ced7
1788609745308378371	1009	1	phase_loop[1008]	1788609745298791	8866	e9a85efeb67a2910	eeb5b7cb9c52ced7
1788609745318471426	1010	1	phase_loop[1009]	1788609745308575	9082	899e765a1f220545	eeb5b7cb9c52ced7
1788609745328460704	1011	1	phase_loop[1010]	1788609745318688	8969	61124fe35af45991	eeb5b7cb9c52ced7
1788609745338425938	1012	1	phase_loop[1011]	1788609745328672	8988	4ffd23706c6b975c	eeb5b7cb9c52ced7
1788609745348399637	1013	1	phase_loop[1012]	1788609745338636	9021	186f7db25a0ecd7e	eeb5b7cb9c52ced7
1788609745359160395	1014	1	phase_loop[1013]	1788609745348590	9075	bab6cc692f845d58	eeb5b7cb9c52ced7
1788609745368764355	1015	1	phase_loop[1014]	1788609745359404	8256	089b9e3b0adef10b	eeb5b7cb9c52ced7
1788609745378395306	1016	1	phase_loop[1015]	1788609745369148	8510	93d75e01e817e7db	eeb5b7cb9c52ced7
1788609745388303421	1017	1	phase_loop[1016]	1788609745378584	9072	4b164ce1a02007c3	eeb5b7cb9c52ced7
1788609745398711332	1018	1	phase_loop[1017]	1788609745388490	9171	9ffa9adb53de1edb	eeb5b7cb9c52ced7
1788609745408493328	1019	1	phase_loop[1018]	1788609745398987	8670	c0b9a0b35425a707	eeb5b7cb9c52ced7
1788609745418298549	1020	1	phase_loop[1019]	1788609745408681	8974	fc2f35cbdc8d8c12	eeb5b7cb9c52ced7
1788609745428440907	1021	1	phase_loop[1020]	1788609745418482	9176	4ae4ab959f7d8b5d	eeb5b7cb9c52ced7
1788609745438479689	1022	1	phase_loop[1021]	1788609745428639	9020	d8ceb1666809b15b	eeb5b7cb9c52ced7
1788609745448514645	1023	1	phase_loop[1022]	1788609745438671	8988	820e62c6659c70ee	eeb5b7cb9c52ced7
1788609745458488574	1024	1	phase_loop[1023]	1788609745448731	8981	77a288a31ceceabe	eeb5b7cb9c52ced7
1788609745468561091	1025	1	phase_loop[1024]	1788609745458695	8963	8393ba5e7bcb561d	eeb5b7cb9c52ced7
1788609745478432326	1026	1	phase_loop[1025]	1788609745468799	8859	9c2e307b9ec0dd58	eeb5b7cb9c52ced7
1788609745488459065	1027	1	phase_loop[1026]	1788609745478625	9033	3794a5ac036557d1	eeb5b7cb9c52ced7
1788609745498549846	1028	1	phase_loop[1027]	1788609745488645	9014	b48a3bb07e3fbdcb	eeb5b7cb9c52ced7
1788609745508477869	1029	1	phase_loop[1028]	1788609745498785	8874	5a9ef53c8de43f64	eeb5b7cb9c52ced7
1788609745518364003	1030	1	phase_loop[1029]	1788609745508694	8961	97db02ba8dcadad9	eeb5b7cb9c52ced7
1788609745528458240	1031	1	phase_loop[1030]	1788609745518558	9100	fedafe3994b8013c	eeb5b7cb9c52ced7
1788609745538501992	1032	1	phase_loop[1031]	1788609745528682	8977	82697abea31b4ca3	eeb5b7cb9c52ced7
1788609745548309837	1033	1	phase_loop[1032]	1788609745538695	8959	f81970e9b8a6651d	eeb5b7cb9c52ced7
1788609745558447497	1034	1	phase_loop[1033]	1788609745548507	9153	79801b4530dd3eab	eeb5b7cb9c52ced7
1788609745568455531	1035	1	phase_loop[1034]	1788609745558648	9010	50b07553bb99e539	eeb5b7cb9c52ced7
1788609745578404143	1036	1	phase_loop[1035]	1788609745568663	8996	bc6e798b614cb766	eeb5b7cb9c52ced7
1788609745588318029	1037	1	phase_loop[1036]	1788609745578593	9062	94b43001e84ca70a	eeb5b7cb9c52ced7
1788609745598585925	1038	1	phase_loop[1037]	1788609745588503	9156	512634bb1a83b954	eeb5b7cb9c52ced7
1788609745608528244	1039	1	phase_loop[1038]	1788609745598825	8832	191f6156549c10de	eeb5b7cb9c52ced7
1788609745618417584	1040	1	phase_loop[1039]	1788609745608729	8928	6dda2bea4583bcfe	eeb5b7cb9c52ced7
1788609745628429125	1041	1	phase_loop[1040]	1788609745618606	9050	94f91aadcc12d7f7	eeb5b7cb9c52ced7
1788609745638474921	1042	1	phase_loop[1041]	1788609745628626	9033	bf34df0c76da1356	eeb5b7cb9c52ced7
1788609745648304287	1043	1	phase_loop[1042]	1788609745638673	8982	8177f5f8536d133c	eeb5b7cb9c52ced7
1788609745658448939	1044	1	phase_loop[1043]	1788609745648487	9172	370d5f4fe85b0733	eeb5b7cb9c52ced7
1788609745668508581	1045	1	phase_loop[1044]	1788609745658682	8977	c77dc6db1e7ff508	eeb5b7cb9c52ced7
1788609745678476249	1046	1	phase_loop[1045]	1788609745668721	8937	afd2500c44d2a501	eeb5b7cb9c52ced7
1788609745688305926	1047	1	phase_loop[1046]	1788609745678672	8985	eecf84a952b84e89	eeb5b7cb9c52ced7
1788609745698554305	1048	1	phase_loop[1047]	1788609745688487	9173	195f1b385206af59	eeb5b7cb9c52ced7
1788609745708465526	1049	1	phase_loop[1048]	1788609745698787	8873	5153c375603615e7	eeb5b7cb9c52ced7
1788609745718327834	1050	1	phase_loop[1049]	1788609745708658	8998	83fea3df576a9276	eeb5b7cb9c52ced7
1788609745728410820	1051	1	phase_loop[1050]	1788609745718515	9143	b76e0c1ac6f8493e	eeb5b7cb9c52ced7
1788609745738447108	1052	1	phase_loop[1051]	1788609745728604	9057	ae518f091889c7f3	eeb5b7cb9c52ced7
1788609745748324124	1053	1	phase_loop[1052]	1788609745738639	9018	de0d131994cc705a	eeb5b7cb9c52ced7
1788609745758469879	1054	1	phase_loop[1053]	1788609745748508	9152	9cfdae034e57c6f2	eeb5b7cb9c52ced7
1788609745768622237	1055	1	phase_loop[1054]	1788609745758675	8983	6bbf055a68284152	eeb5b7cb9c52ced7
1788609745778451793	1056	1	phase_loop[1055]	1788609745768873	8784	5c5f0208b95a77b8	eeb5b7cb9c52ced7
1788609745788473523	1057	1	phase_loop[1056]	1788609745778644	9058	0a8a7f91c73709c2	eeb5b7cb9c52ced7
1788609745798587768	1058	1	phase_loop[1057]	1788609745788660	9000	8778c5043de90dad	eeb5b7cb9c52ced7
1788609745808434527	1059	1	phase_loop[1058]	1788609745798819	8839	75881dacbdd53baf	eeb5b7cb9c52ced7
1788609745818304230	1060	1	phase_loop[1059]	1788609745808629	9026	3943a7ff4634a3e3	eeb5b7cb9c52ced7
1788609745828416321	1061	1	phase_loop[1060]	1788609745818487	9170	49b258dbfcd54157	eeb5b7cb9c52ced7
1788609745838493807	1062	1	phase_loop[1061]	1788609745828613	9047	cf31859dea9d1e76	eeb5b7cb9c52ced7
1788609745848445414	1063	1	phase_loop[1062]	1788609745838690	8967	e025ed8706604a1c	eeb5b7cb9c52ced7
1788609745858427770	1064	1	phase_loop[1063]	1788609745848672	8985	c5e9ad4d1a395dab	eeb5b7cb9c52ced7
1788609745868496569	1065	1	phase_loop[1064]	1788609745858631	9028	723dd86c64dfd683	eeb5b7cb9c52ced7
1788609745878425103	1066	1	phase_loop[1065]	1788609745868724	8934	f1600c79c0fe1863	eeb5b7cb9c52ced7
1788609745888414672	1067	1	phase_loop[1066]	1788609745878616	9041	1143d27749c68d8d	eeb5b7cb9c52ced7
1788609745898573311	1068	1	phase_loop[1067]	1788609745888633	9026	c86dfcd31a3021ca	eeb5b7cb9c52ced7
1788609745908466638	1069	1	phase_loop[1068]	1788609745898804	8855	c733c164884dd77f	eeb5b7cb9c52ced7
1788609745918458883	1070	1	phase_loop[1069]	1788609745908655	9002	ded6d185fc631ca9	eeb5b7cb9c52ced7
1788609745928429476	1071	1	phase_loop[1070]	1788609745918649	9008	97a63c41d65357f5	eeb5b7cb9c52ced7
1788609745938502203	1072	1	phase_loop[1071]	1788609745928710	8948	0edb4620032c784b	eeb5b7cb9c52ced7
1788609745948321079	1073	1	phase_loop[1072]	1788609745938734	8922	473bd537f7660062	eeb5b7cb9c52ced7
1788609745958470170	1074	1	phase_loop[1073]	1788609745948508	9154	38f2ee7de234f818	eeb5b7cb9c52ced7
1788609745968616055	1075	1	phase_loop[1074]	1788609745958669	8989	97c819db6f485b3b	eeb5b7cb9c52ced7
1788609745978420153	1076	1	phase_loop[1075]	1788609745968841	8821	7dcd81961bcb239c	eeb5b7cb9c52ced7
1788609745988325553	1077	1	phase_loop[1076]	1788609745978620	9037	49ef76022a0ea298	eeb5b7cb9c52ced7
1788609745999513300	1078	1	phase_loop[1077]	1788609745988511	9149	3ed806e684fb39aa	eeb5b7cb9c52ced7
1788609746008579452	1079	1	phase_loop[1078]	1788609745999755	7902	42b1b98ba4769a24	eeb5b7cb9c52ced7
1788609746018354104	1080	1	phase_loop[1079]	1788609746008787	8869	608e9ee8db99f436	eeb5b7cb9c52ced7
1788609746028439405	1081	1	phase_loop[1080]	1788609746018582	9076	ddbea4872b519c60	eeb5b7cb9c52ced7
1788609746038483327	1082	1	phase_loop[1081]	1788609746028631	9030	ff8cfbc84ae2db17	eeb5b7cb9c52ced7
1788609746048297163	1083	1	phase_loop[1082]	1788609746038769	8886	b9d5e717d5e70301	eeb5b7cb9c52ced7
1788609746058447036	1084	1	phase_loop[1083]	1788609746048475	9187	fcb784ff3284cbc1	eeb5b7cb9c52ced7
1788609746068489976	1085	1	phase_loop[1084]	1788609746058649	9014	8be44d686bbd53aa	eeb5b7cb9c52ced7
1788609746078434800	1086	1	phase_loop[1085]	1788609746068721	8935	2d405eefc8bb0732	eeb5b7cb9c52ced7
1788609746088484463	1087	1	phase_loop[1086]	1788609746078627	9029	f1e0efb987e1ef2d	eeb5b7cb9c52ced7
1788609746098561458	1088	1	phase_loop[1087]	1788609746088719	8942	e18f22c4960171a4	eeb5b7cb9c52ced7
1788609746108429808	1089	1	phase_loop[1088]	1788609746098798	8859	efc0aeeba063623b	eeb5b7cb9c52ced7
1788609746118334727	1090	1	phase_loop[1089]	1788609746108616	9074	be120a5a4fb74a5e	eeb5b7cb9c52ced7
1788609746128442700	1091	1	phase_loop[1090]	1788609746118520	9137	ffdb092fb9826213	eeb5b7cb9c52ced7
1788609746138452036	1092	1	phase_loop[1091]	1788609746128649	9009	d25780ad352ba95d	eeb5b7cb9c52ced7
1788609746148502341	1093	1	phase_loop[1092]	1788609746138646	9013	91c1dcef3d08dda6	eeb5b7cb9c52ced7
1788609746158470169	1094	1	phase_loop[1093]	1788609746148715	8943	4abd53b9967b29e5	eeb5b7cb9c52ced7
1788609746168756770	1095	1	phase_loop[1094]	1788609746158679	8980	4098064cee403ae1	eeb5b7cb9c52ced7
1788609746178442163	1096	1	phase_loop[1095]	1788609746169015	8643	bd2e4bdf0b54a4f2	eeb5b7cb9c52ced7
1788609746188371048	1097	1	phase_loop[1096]	1788609746178632	9024	d80e52dcb568d498	eeb5b7cb9c52ced7
1788609746198575313	1098	1	phase_loop[1097]	1788609746188569	9091	580a53d3f6e600b0	eeb5b7cb9c52ced7
1788609746208431841	1099	1	phase_loop[1098]	1788609746198803	8855	2fadf0b416df3e7c	eeb5b7cb9c52ced7
1788609746218426309	1100	1	phase_loop[1099]	1788609746208621	9037	21a5eb5660ddd557	eeb5b7cb9c52ced7
1788609746228439353	1101	1	phase_loop[1100]	1788609746218616	9042	5ee180482182f95f	eeb5b7cb9c52ced7
1788609746238428972	1102	1	phase_loop[1101]	1788609746228644	9014	d999db387242ef17	eeb5b7cb9c52ced7
1788609746248424282	1103	1	phase_loop[1102]	1788609746238651	9006	6097f12eaeab91a7	eeb5b7cb9c52ced7
1788609746258439530	1104	1	phase_loop[1103]	1788609746248708	8950	cf9684d395e685c6	eeb5b7cb9c52ced7
1788609746268687778	1105	1	phase_loop[1104]	1788609746258650	9009	a5e45209c8c9dcf5	eeb5b7cb9c52ced7
1788609746278465146	1106	1	phase_loop[1105]	1788609746268918	8742	6e8e9cb22614c4d4	eeb5b7cb9c52ced7
1788609746288301064	1107	1	phase_loop[1106]	1788609746278658	8997	40709a8e97aeea42	eeb5b7cb9c52ced7
1788609746299417916	1108	1	phase_loop[1107]	1788609746288487	9177	bdc2bf4a2bd87f57	eeb5b7cb9c52ced7
1788609746308426920	1109	1	phase_loop[1108]	1788609746299665	7992	1d147f2d9ddbcd18	eeb5b7cb9c52ced7
1788609746318477896	1110	1	phase_loop[1109]	1788609746308617	9045	1ccc836f8032e4f7	eeb5b7cb9c52ced7
1788609746328417961	1111	1	phase_loop[1110]	1788609746318753	8903	edb6d66283ab6f20	eeb5b7cb9c52ced7
1788609746338463196	1112	1	phase_loop[1111]	1788609746328729	8930	62060b53731b33e7	eeb5b7cb9c52ced7
1788609746348393823	1113	1	phase_loop[1112]	1788609746338655	9000	7b86ce5774c265b4	eeb5b7cb9c52ced7
1788609746358428408	1114	1	phase_loop[1113]	1788609746348583	9074	86443761eb766507	eeb5b7cb9c52ced7
1788609746368576897	1115	1	phase_loop[1114]	1788609746358654	9006	44e8eb7a3f85b317	eeb5b7cb9c52ced7
1788609746378424518	1116	1	phase_loop[1115]	1788609746368795	8861	78e23502d2a9fe89	eeb5b7cb9c52ced7
1788609746388439535	1117	1	phase_loop[1116]	1788609746378621	9036	c2457d364bda8612	eeb5b7cb9c52ced7
1788609746398582164	1118	1	phase_loop[1117]	1788609746388628	9032	708f3ee0e52b875f	eeb5b7cb9c52ced7
1788609746408586581	1119	1	phase_loop[1118]	1788609746398812	8846	4fb57efe574767ea	eeb5b7cb9c52ced7
1788609746418329033	1120	1	phase_loop[1119]	1788609746408788	8868	4c64ba0c5323d07b	eeb5b7cb9c52ced7
1788609746428424042	1121	1	phase_loop[1120]	1788609746418514	9143	9de54577f2eb67dd	eeb5b7cb9c52ced7
1788609746438476530	1122	1	phase_loop[1121]	1788609746428619	9039	a20321f900c2412d	eeb5b7cb9c52ced7
1788609746448550369	1123	1	phase_loop[1122]	1788609746438676	9039	b182b8629d001d4c	eeb5b7cb9c52ced7
1788609746458446581	1124	1	phase_loop[1123]	1788609746448741	8919	ad7e95616ea3681e	eeb5b7cb9c52ced7
1788609746469385126	1125	1	phase_loop[1124]	1788609746458649	9010	d0b129f8cf011d05	eeb5b7cb9c52ced7
1788609746478467058	1126	1	phase_loop[1125]	1788609746469624	8035	c1a2cd4cfdc7639d	eeb5b7cb9c52ced7
1788609746488265094	1127	1	phase_loop[1126]	1788609746478663	8992	11856dca1cc35270	eeb5b7cb9c52ced7
1788609746498580320	1128	1	phase_loop[1127]	1788609746488452	9208	a7469bc1889f25b4	eeb5b7cb9c52ced7
1788609746508492202	1129	1	phase_loop[1128]	1788609746498821	8836	f2b4e946b78918cd	eeb5b7cb9c52ced7
1788609746518448468	1130	1	phase_loop[1129]	1788609746508700	8958	9f631a8ced1a54d6	eeb5b7cb9c52ced7
1788609746528458376	1131	1	phase_loop[1130]	1788609746518637	9020	4d91756cd8ff57dd	eeb5b7cb9c52ced7
1788609746538479665	1132	1	phase_loop[1131]	1788609746528673	8985	6b79bc910ed03d8e	eeb5b7cb9c52ced7
1788609746548340851	1133	1	phase_loop[1132]	1788609746538728	8929	8762e3c5c8a533a0	eeb5b7cb9c52ced7
1788609746558449375	1134	1	phase_loop[1133]	1788609746548527	9133	1d5cb6294c753d0a	eeb5b7cb9c52ced7
1788609746568476365	1135	1	phase_loop[1134]	1788609746558658	9002	6e33012411239c4c	eeb5b7cb9c52ced7
1788609746578444634	1136	1	phase_loop[1135]	1788609746568710	8949	3f07311191ca8158	eeb5b7cb9c52ced7
1788609746588386092	1137	1	phase_loop[1136]	1788609746578633	9023	b5ed5e9f6ca25784	eeb5b7cb9c52ced7
1788609746598564529	1138	1	phase_loop[1137]	1788609746588571	9090	120b3e2fe3705df3	eeb5b7cb9c52ced7
1788609746608432127	1139	1	phase_loop[1138]	1788609746598799	8859	821a2b6506505595	eeb5b7cb9c52ced7
1788609746618438989	1140	1	phase_loop[1139]	1788609746608631	9031	d637cd82905fa048	eeb5b7cb9c52ced7
1788609746628518629	1141	1	phase_loop[1140]	1788609746618635	9023	6d63e7ed3fe118bf	eeb5b7cb9c52ced7
1788609746638503399	1142	1	phase_loop[1141]	1788609746628734	8923	0630d8826a240630	eeb5b7cb9c52ced7
1788609746648265748	1143	1	phase_loop[1142]	1788609746638699	8956	7a8d322d759ef650	eeb5b7cb9c52ced7
1788609746658441500	1144	1	phase_loop[1143]	1788609746648445	9215	df3a82df3350b269	eeb5b7cb9c52ced7
1788609746668494890	1145	1	phase_loop[1144]	1788609746658675	8984	194616b709658955	eeb5b7cb9c52ced7
1788609746678569209	1146	1	phase_loop[1145]	1788609746668764	8894	c41aa2e0c8d9cd4d	eeb5b7cb9c52ced7
1788609746688435896	1147	1	phase_loop[1146]	1788609746678779	8879	baf087c786001e94	eeb5b7cb9c52ced7
1788609746700600720	1148	1	phase_loop[1147]	1788609746688688	8971	edc9c01cd9e41f7a	eeb5b7cb9c52ced7
1788609746708437126	1149	1	phase_loop[1148]	1788609746700871	6784	92710c4deac5ddae	eeb5b7cb9c52ced7
1788609746718355570	1150	1	phase_loop[1149]	1788609746708628	9028	5b7b6e8c4d4173a8	eeb5b7cb9c52ced7
1788609746728414962	1151	1	phase_loop[1150]	1788609746718552	9106	2f440e40e5d0c7ee	eeb5b7cb9c52ced7
1788609746738456680	1152	1	phase_loop[1151]	1788609746728611	9049	44589c282e837e5d	eeb5b7cb9c52ced7
1788609746748439265	1153	1	phase_loop[1152]	1788609746738650	9008	c14c0cc0a4881601	eeb5b7cb9c52ced7
1788609746758469101	1154	1	phase_loop[1153]	1788609746748627	9031	cec412cede52840a	eeb5b7cb9c52ced7
1788609746768792792	1155	1	phase_loop[1154]	1788609746758671	8996	3bf08b27fdf64da0	eeb5b7cb9c52ced7
1788609746778484368	1156	1	phase_loop[1155]	1788609746769133	8567	08c8fdf2346e2226	eeb5b7cb9c52ced7
1788609746788309716	1157	1	phase_loop[1156]	1788609746778676	8981	c1cd0b11f1a34003	eeb5b7cb9c52ced7
1788609746798451984	1158	1	phase_loop[1157]	1788609746788498	9160	da8aa408f5a0a5bb	eeb5b7cb9c52ced7
1788609746808641311	1159	1	phase_loop[1158]	1788609746798644	9015	fde1f5ae10850dc0	eeb5b7cb9c52ced7
1788609746818409842	1160	1	phase_loop[1159]	1788609746808881	8777	e44c494a96cbe489	eeb5b7cb9c52ced7
1788609746828462330	1161	1	phase_loop[1160]	1788609746818601	9057	3655fd5c9e7d2852	eeb5b7cb9c52ced7
1788609746838512584	1162	1	phase_loop[1161]	1788609746828682	8980	408cb23140b05e85	eeb5b7cb9c52ced7
1788609746848445055	1163	1	phase_loop[1162]	1788609746838735	8923	4308fd76d1c08962	eeb5b7cb9c52ced7
1788609746858439905	1164	1	phase_loop[1163]	1788609746848646	9012	e561573cfe9b01fd	eeb5b7cb9c52ced7
1788609746868561554	1165	1	phase_loop[1164]	1788609746858643	9016	b354a9554782c033	eeb5b7cb9c52ced7
1788609746878475179	1166	1	phase_loop[1165]	1788609746868795	8864	86e899cd60c8a437	eeb5b7cb9c52ced7
1788609746888652363	1167	1	phase_loop[1166]	1788609746878679	8976	7eb5ad9ef4676e60	eeb5b7cb9c52ced7
1788609746898546292	1168	1	phase_loop[1167]	1788609746888900	8758	0f5bd374eb928078	eeb5b7cb9c52ced7
1788609746908506906	1169	1	phase_loop[1168]	1788609746898782	8876	65ca1df1d25dc111	eeb5b7cb9c52ced7
1788609746918333126	1170	1	phase_loop[1169]	1788609746908711	8945	dad8c58633dbfa43	eeb5b7cb9c52ced7
1788609746928437973	1171	1	phase_loop[1170]	1788609746918517	9139	72032323a1f3bf58	eeb5b7cb9c52ced7
1788609746938585171	1172	1	phase_loop[1171]	1788609746928636	9023	1aa8bc0c81e481be	eeb5b7cb9c52ced7
1788609746948415479	1173	1	phase_loop[1172]	1788609746938838	8820	d330d34e65742c92	eeb5b7cb9c52ced7
1788609746958547577	1174	1	phase_loop[1173]	1788609746948607	9058	4a138069faef4290	eeb5b7cb9c52ced7
1788609746968606067	1175	1	phase_loop[1174]	1788609746958791	8869	9c5048917542dff0	eeb5b7cb9c52ced7
1788609746978476571	1176	1	phase_loop[1175]	1788609746968846	8813	3775a52a98cce55c	eeb5b7cb9c52ced7
1788609746988418680	1177	1	phase_loop[1176]	1788609746978729	8928	de0c1703480fcf2e	eeb5b7cb9c52ced7
1788609746998586877	1178	1	phase_loop[1177]	1788609746988606	9054	392d7d6080dbf325	eeb5b7cb9c52ced7
1788609747008445849	1179	1	phase_loop[1178]	1788609746998896	8763	c1db0e27563e230b	eeb5b7cb9c52ced7
1788609747018307927	1180	1	phase_loop[1179]	1788609747008637	9018	e80fac3673757f26	eeb5b7cb9c52ced7
1788609747028422944	1181	1	phase_loop[1180]	1788609747018490	9167	b2a4bf26cbb24748	eeb5b7cb9c52ced7
1788609747038471835	1182	1	phase_loop[1181]	1788609747028621	9039	8700a196d78e2bd9	eeb5b7cb9c52ced7
1788609747048400489	1183	1	phase_loop[1182]	1788609747038666	8991	b8caefbf5a9c771a	eeb5b7cb9c52ced7
1788609747058445984	1184	1	phase_loop[1183]	1788609747048717	8942	66547b9fd16c7fd6	eeb5b7cb9c52ced7
1788609747068615854	1185	1	phase_loop[1184]	1788609747058650	9007	c6c7441180e6a7ea	eeb5b7cb9c52ced7
1788609747078445470	1186	1	phase_loop[1185]	1788609747068846	8811	129d621af111d99d	eeb5b7cb9c52ced7
1788609747088434789	1187	1	phase_loop[1186]	1788609747078641	9017	05d9cff575813af3	eeb5b7cb9c52ced7
1788609747098565946	1188	1	phase_loop[1187]	1788609747088635	9025	60264ccc116be46c	eeb5b7cb9c52ced7
1788609747108654803	1189	1	phase_loop[1188]	1788609747098796	8904	8c464ca0e02987dc	eeb5b7cb9c52ced7
1788609747118333514	1190	1	phase_loop[1189]	1788609747108884	8771	c82736210d13cee0	eeb5b7cb9c52ced7
1788609747128594246	1191	1	phase_loop[1190]	1788609747118535	9125	402643847526f6f3	eeb5b7cb9c52ced7
1788609747138521627	1192	1	phase_loop[1191]	1788609747128825	8833	2ee157c09d36b773	eeb5b7cb9c52ced7
1788609747148301880	1193	1	phase_loop[1192]	1788609747138733	8923	ce4bd57a3a4d8f34	eeb5b7cb9c52ced7
1788609747158448617	1194	1	phase_loop[1193]	1788609747148488	9169	d4a054e5267ab8e7	eeb5b7cb9c52ced7
1788609747168513097	1195	1	phase_loop[1194]	1788609747158649	9014	3c9362fb82c65c05	eeb5b7cb9c52ced7
1788609747178434558	1196	1	phase_loop[1195]	1788609747168726	8931	849f462efd88fa30	eeb5b7cb9c52ced7
1788609747188369383	1197	1	phase_loop[1196]	1788609747178620	9036	4d1a29cb47771d6a	eeb5b7cb9c52ced7
1788609747198564160	1198	1	phase_loop[1197]	1788609747188559	9098	33cfad4166e5b9ba	eeb5b7cb9c52ced7
1788609747208505378	1199	1	phase_loop[1198]	1788609747198802	8857	3be7646cdc9f42fc	eeb5b7cb9c52ced7
1788609747218275432	1200	1	phase_loop[1199]	1788609747208744	8910	025388c91be869f6	eeb5b7cb9c52ced7
1788609747228399305	1201	1	phase_loop[1200]	1788609747218453	9205	86f8342f3155dcec	eeb5b7cb9c52ced7
1788609747238465559	1202	1	phase_loop[1201]	1788609747228587	9074	24977c5fb5238b04	eeb5b7cb9c52ced7
1788609747248282702	1203	1	phase_loop[1202]	1788609747238658	8997	9dff6715ee7e16ae	eeb5b7cb9c52ced7
1788609747258532674	1204	1	phase_loop[1203]	1788609747248462	9203	e2999a677c7bfa72	eeb5b7cb9c52ced7
1788609747268505010	1205	1	phase_loop[1204]	1788609747258765	8894	3fd40627232eee27	eeb5b7cb9c52ced7
1788609747278543211	1206	1	phase_loop[1205]	1788609747268718	8940	0690676a5a75bf76	eeb5b7cb9c52ced7
1788609747288359132	1207	1	phase_loop[1206]	1788609747278798	8858	db8646f57f673c40	eeb5b7cb9c52ced7
1788609747298561924	1208	1	phase_loop[1207]	1788609747288544	9114	5157003f8618ae1c	eeb5b7cb9c52ced7
1788609747308435544	1209	1	phase_loop[1208]	1788609747298795	8863	2875b7f74b967c9c	eeb5b7cb9c52ced7
1788609747318293624	1210	1	phase_loop[1209]	1788609747308642	9013	100c7a0325a3b8f4	eeb5b7cb9c52ced7
1788609747328415884	1211	1	phase_loop[1210]	1788609747318477	9181	3b1d28be202032fe	eeb5b7cb9c52ced7
1788609747338462812	1212	1	phase_loop[1211]	1788609747328616	9041	2b8671e7b3f5fa77	eeb5b7cb9c52ced7
1788609747348429888	1213	1	phase_loop[1212]	1788609747338656	9002	1a5022414fda6769	eeb5b7cb9c52ced7
1788609747358465855	1214	1	phase_loop[1213]	1788609747348617	9042	a0e220884c1b6847	eeb5b7cb9c52ced7
1788609747368704155	1215	1	phase_loop[1214]	1788609747358675	8987	916283138a1160c6	eeb5b7cb9c52ced7
1788609747378402744	1216	1	phase_loop[1215]	1788609747368926	8729	3e7a3635c85634e8	eeb5b7cb9c52ced7
1788609747388432058	1217	1	phase_loop[1216]	1788609747378591	9068	90a59bcf06c5da5c	eeb5b7cb9c52ced7
1788609747398578604	1218	1	phase_loop[1217]	1788609747388621	9040	73b34e4895d8ccd8	eeb5b7cb9c52ced7
1788609747408422477	1219	1	phase_loop[1218]	1788609747398810	8849	2d7d91c631da68f8	eeb5b7cb9c52ced7
1788609747418258045	1220	1	phase_loop[1219]	1788609747408609	9046	228037f90c2f20e4	eeb5b7cb9c52ced7
1788609747428596905	1221	1	phase_loop[1220]	1788609747418435	9222	43978bd61c9813eb	eeb5b7cb9c52ced7
1788609747438584981	1222	1	phase_loop[1221]	1788609747428830	8876	ad06149b9cd76f8e	eeb5b7cb9c52ced7
1788609747448431700	1223	1	phase_loop[1222]	1788609747438786	8872	3b34e3076074f193	eeb5b7cb9c52ced7
1788609747458468518	1224	1	phase_loop[1223]	1788609747448674	8987	4a1bc8ee5a385117	eeb5b7cb9c52ced7
1788609747468590348	1225	1	phase_loop[1224]	1788609747458676	8985	e730221d56745b53	eeb5b7cb9c52ced7
1788609747478418211	1226	1	phase_loop[1225]	1788609747468829	8828	99a5cff8dc048285	eeb5b7cb9c52ced7
1788609747488305326	1227	1	phase_loop[1226]	1788609747478613	9043	06d88e76fb4a18db	eeb5b7cb9c52ced7
1788609747498586727	1228	1	phase_loop[1227]	1788609747488490	9171	e18dcde2179819df	eeb5b7cb9c52ced7
1788609747508460227	1229	1	phase_loop[1228]	1788609747498825	8834	63f628b951d8c484	eeb5b7cb9c52ced7
1788609747518332223	1230	1	phase_loop[1229]	1788609747508652	9004	bff5fc4165f4b999	eeb5b7cb9c52ced7
1788609747528418395	1231	1	phase_loop[1230]	1788609747518521	9137	cd8e35306990d4bb	eeb5b7cb9c52ced7
1788609747538475292	1232	1	phase_loop[1231]	1788609747528688	8969	cc8b279d708ff94f	eeb5b7cb9c52ced7
1788609747548264632	1233	1	phase_loop[1232]	1788609747538681	8974	06f6a0054da09d5f	eeb5b7cb9c52ced7
1788609747558464218	1234	1	phase_loop[1233]	1788609747548443	9215	64a4bbee68091758	eeb5b7cb9c52ced7
1788609747568635070	1235	1	phase_loop[1234]	1788609747558674	8985	e7d5de555c75bc21	eeb5b7cb9c52ced7
1788609747578431253	1236	1	phase_loop[1235]	1788609747568851	8810	c06923944fc03012	eeb5b7cb9c52ced7
1788609747588328919	1237	1	phase_loop[1236]	1788609747578632	9025	f8225b830a546b9e	eeb5b7cb9c52ced7
1788609747599179978	1238	1	phase_loop[1237]	1788609747588513	9146	458e9a2300935ca4	eeb5b7cb9c52ced7
1788609747608447320	1239	1	phase_loop[1238]	1788609747599420	8238	022e3e0fc861b803	eeb5b7cb9c52ced7
1788609747618393808	1240	1	phase_loop[1239]	1788609747608701	8955	998fefdbdf814bdf	eeb5b7cb9c52ced7
1788609747628452448	1241	1	phase_loop[1240]	1788609747618628	9030	2962b15263d95a2f	eeb5b7cb9c52ced7
1788609747638463798	1242	1	phase_loop[1241]	1788609747628658	8999	ccb417fac6392500	eeb5b7cb9c52ced7
1788609747648450652	1243	1	phase_loop[1242]	1788609747638668	8990	1a61eff525d86420	eeb5b7cb9c52ced7
1788609747658445561	1244	1	phase_loop[1243]	1788609747648640	9021	a01b9e82e0d88cfd	eeb5b7cb9c52ced7
1788609747668621663	1245	1	phase_loop[1244]	1788609747658647	9013	c15672ab391323d0	eeb5b7cb9c52ced7
1788609747678431181	1246	1	phase_loop[1245]	1788609747668847	8810	e73e96fb1351dc42	eeb5b7cb9c52ced7
1788609747688472518	1247	1	phase_loop[1246]	1788609747678620	9038	5a1756a9870a534f	eeb5b7cb9c52ced7
1788609747698595089	1248	1	phase_loop[1247]	1788609747688670	8989	38f2049bc70b75a2	eeb5b7cb9c52ced7
1788609747708458940	1249	1	phase_loop[1248]	1788609747698836	8822	421bae20a76b570f	eeb5b7cb9c52ced7
1788609747718348049	1250	1	phase_loop[1249]	1788609747708648	9008	4d831bab3b2ac870	eeb5b7cb9c52ced7
1788609747728432057	1251	1	phase_loop[1250]	1788609747718532	9129	718eda64d6e63f8d	eeb5b7cb9c52ced7
1788609747738467653	1252	1	phase_loop[1251]	1788609747728644	9013	bfc20241bb42a2c2	eeb5b7cb9c52ced7
1788609747748320153	1253	1	phase_loop[1252]	1788609747738711	8946	235c645dd1d232cc	eeb5b7cb9c52ced7
1788609747758581656	1254	1	phase_loop[1253]	1788609747748515	9147	8475d3af800332a4	eeb5b7cb9c52ced7
1788609747768818473	1255	1	phase_loop[1254]	1788609747758793	8910	157222d329b4ac2f	eeb5b7cb9c52ced7
1788609747778459713	1256	1	phase_loop[1255]	1788609747769066	8592	844c1fc19064624b	eeb5b7cb9c52ced7
1788609747788314768	1257	1	phase_loop[1256]	1788609747778654	9001	45932b0a616cc12e	eeb5b7cb9c52ced7
1788609747798505548	1258	1	phase_loop[1257]	1788609747788510	9149	497c836cf589ff1a	eeb5b7cb9c52ced7
1788609747808611477	1259	1	phase_loop[1258]	1788609747798717	8941	e953c0571bc3c27b	eeb5b7cb9c52ced7
1788609747818317750	1260	1	phase_loop[1259]	1788609747808828	8829	ecce6d3b106a9155	eeb5b7cb9c52ced7
1788609747828505033	1261	1	phase_loop[1260]	1788609747818501	9157	90d1150c48ba0290	eeb5b7cb9c52ced7
1788609747838463253	1262	1	phase_loop[1261]	1788609747828704	8954	04cfc0b353585332	eeb5b7cb9c52ced7
1788609747848405202	1263	1	phase_loop[1262]	1788609747838671	8987	92c0141720b54a3e	eeb5b7cb9c52ced7
1788609747858449514	1264	1	phase_loop[1263]	1788609747848643	9016	60a50a0af648d965	eeb5b7cb9c52ced7
1788609747868465063	1265	1	phase_loop[1264]	1788609747858651	9007	4ee7735a77d582d7	eeb5b7cb9c52ced7
1788609747878421489	1266	1	phase_loop[1265]	1788609747868673	8985	5b4cc6a1c67a9ee6	eeb5b7cb9c52ced7
1788609747888418552	1267	1	phase_loop[1266]	1788609747878613	9041	b71356b3266d70e2	eeb5b7cb9c52ced7
1788609747898694834	1268	1	phase_loop[1267]	1788609747888639	9022	3c66a054a9cf225f	eeb5b7cb9c52ced7
1788609747908442756	1269	1	phase_loop[1268]	1788609747898963	8697	12398892ec4794e7	eeb5b7cb9c52ced7
1788609747918442935	1270	1	phase_loop[1269]	1788609747908631	9027	2ed64e6ac4d11dd5	eeb5b7cb9c52ced7
1788609747928416383	1271	1	phase_loop[1270]	1788609747918663	8995	cec7d5bcb8184441	eeb5b7cb9c52ced7
1788609747938464583	1272	1	phase_loop[1271]	1788609747928656	9004	30dbba01be63670b	eeb5b7cb9c52ced7
1788609747948422803	1273	1	phase_loop[1272]	1788609747938692	8965	58cfe7457fa90367	eeb5b7cb9c52ced7
1788609747958436949	1274	1	phase_loop[1273]	1788609747948615	9046	4d630d92e8f6a2ba	eeb5b7cb9c52ced7
1788609747968498714	1275	1	phase_loop[1274]	1788609747958643	9015	9d742e1bf483ba12	eeb5b7cb9c52ced7
1788609747978420966	1276	1	phase_loop[1275]	1788609747968712	8945	e97e5b07f76b62ac	eeb5b7cb9c52ced7
1788609747988417839	1277	1	phase_loop[1276]	1788609747978610	9048	1939b700b5899fbf	eeb5b7cb9c52ced7
1788609747999278686	1278	1	phase_loop[1277]	1788609747988608	9051	0a5f1fa1b5b8c01a	eeb5b7cb9c52ced7
1788609748008448565	1279	1	phase_loop[1278]	1788609747999519	8139	87c07ed6e05fa195	eeb5b7cb9c52ced7
1788609748018312055	1280	1	phase_loop[1279]	1788609748008742	8913	6f65aa7a50e01146	eeb5b7cb9c52ced7
1788609748028408687	1281	1	phase_loop[1280]	1788609748018496	9162	f37fbc97edff5cc4	eeb5b7cb9c52ced7
1788609748038462788	1282	1	phase_loop[1281]	1788609748028604	9057	f2306640986585dd	eeb5b7cb9c52ced7
1788609748048417701	1283	1	phase_loop[1282]	1788609748038657	8999	2c0296da71643410	eeb5b7cb9c52ced7
1788609748058457034	1284	1	phase_loop[1283]	1788609748048607	9051	6dc0ec2d8e160f87	eeb5b7cb9c52ced7
1788609748069178718	1285	1	phase_loop[1284]	1788609748058660	9000	33bce03abc71af2f	eeb5b7cb9c52ced7
1788609748078441111	1286	1	phase_loop[1285]	1788609748069450	8207	0c10b8fb7c49e9e1	eeb5b7cb9c52ced7
1788609748088443414	1287	1	phase_loop[1286]	1788609748078645	9012	235bde614f3c1710	eeb5b7cb9c52ced7
1788609748098673058	1288	1	phase_loop[1287]	1788609748088728	8980	c69522e15cc8af6f	eeb5b7cb9c52ced7
1788609748108434775	1289	1	phase_loop[1288]	1788609748098916	8742	4977a9b92ea5c778	eeb5b7cb9c52ced7
1788609748118303115	1290	1	phase_loop[1289]	1788609748108630	9025	57acbdee04f6a7e6	eeb5b7cb9c52ced7
1788609748128411429	1291	1	phase_loop[1290]	1788609748118488	9169	9e256a12f5344304	eeb5b7cb9c52ced7
1788609748138557494	1292	1	phase_loop[1291]	1788609748128610	9048	a8db9bbc76181d10	eeb5b7cb9c52ced7
1788609748148298833	1293	1	phase_loop[1292]	1788609748138791	8865	2095f42ff15a1291	eeb5b7cb9c52ced7
1788609748158470707	1294	1	phase_loop[1293]	1788609748148479	9178	72291ef94c769243	eeb5b7cb9c52ced7
1788609748168596724	1295	1	phase_loop[1294]	1788609748158682	8977	0b629f924212183b	eeb5b7cb9c52ced7
1788609748178410550	1296	1	phase_loop[1295]	1788609748168827	8831	e46b428a243c3ae1	eeb5b7cb9c52ced7
1788609748188433122	1297	1	phase_loop[1296]	1788609748178598	9058	92c0583b9acf6abf	eeb5b7cb9c52ced7
1788609748198559810	1298	1	phase_loop[1297]	1788609748188624	9034	6cd75dc6c86afdcb	eeb5b7cb9c52ced7
1788609748208483515	1299	1	phase_loop[1298]	1788609748198781	8876	facfeebd22457497	eeb5b7cb9c52ced7
1788609748218459668	1300	1	phase_loop[1299]	1788609748208678	8984	eed3863abf971b58	eeb5b7cb9c52ced7
1788609748228410644	1301	1	phase_loop[1300]	1788609748218666	8991	dcd0d1c0c79e08df	eeb5b7cb9c52ced7
1788609748238583851	1302	1	phase_loop[1301]	1788609748228607	9055	a1d05f3fa1024e65	eeb5b7cb9c52ced7
1788609748248529717	1303	1	phase_loop[1302]	1788609748238816	8840	037fd9b26a7ee5eb	eeb5b7cb9c52ced7
1788609748258499799	1304	1	phase_loop[1303]	1788609748248750	8908	e28c3f5815223736	eeb5b7cb9c52ced7
1788609748269258814	1305	1	phase_loop[1304]	1788609748258724	8936	e1fbd909dc17a844	eeb5b7cb9c52ced7
1788609748278458398	1306	1	phase_loop[1305]	1788609748269521	8137	c4e13e8f0a399501	eeb5b7cb9c52ced7
1788609748288408422	1307	1	phase_loop[1306]	1788609748278664	8993	d1dcc24c88a2f0ca	eeb5b7cb9c52ced7
1788609748299221760	1308	1	phase_loop[1307]	1788609748288737	8920	6eb117df6147374e	eeb5b7cb9c52ced7
1788609748308418318	1309	1	phase_loop[1308]	1788609748299457	8202	541eb2a682fb7bbf	eeb5b7cb9c52ced7
1788609748319226636	1310	1	phase_loop[1309]	1788609748308742	8926	e9739c8557803542	eeb5b7cb9c52ced7
1788609748329978728	1311	1	phase_loop[1310]	1788609748319533	8129	662844565a1d173d	eeb5b7cb9c52ced7
1788609748338423053	1312	1	phase_loop[1311]	1788609748330646	7012	e0282422b8a32cd7	eeb5b7cb9c52ced7
1788609748349340498	1313	1	phase_loop[1312]	1788609748338623	9036	7c838194039de23e	eeb5b7cb9c52ced7
1788609748359431659	1314	1	phase_loop[1313]	1788609748349571	8090	13adfbc884cbe00b	eeb5b7cb9c52ced7
1788609748369535224	1315	1	phase_loop[1314]	1788609748359713	7946	7b93e7e4221cb24a	eeb5b7cb9c52ced7
1788609748378427617	1316	1	phase_loop[1315]	1788609748369802	7856	5b538cfcd1b668fd	eeb5b7cb9c52ced7
1788609748388429389	1317	1	phase_loop[1316]	1788609748378620	9038	1b6c437d835d24a4	eeb5b7cb9c52ced7
1788609748399396517	1318	1	phase_loop[1317]	1788609748388659	9001	e6ccd89172b1b53b	eeb5b7cb9c52ced7
1788609748408477036	1319	1	phase_loop[1318]	1788609748399628	8030	6c7194c97ee25255	eeb5b7cb9c52ced7
1788609748418309699	1320	1	phase_loop[1319]	1788609748408686	8969	88b53e13b344a692	eeb5b7cb9c52ced7
1788609748428505247	1321	1	phase_loop[1320]	1788609748418490	9210	c6dfb5f4967adafd	eeb5b7cb9c52ced7
1788609748438500156	1322	1	phase_loop[1321]	1788609748428737	8921	351bd09f9a806e05	eeb5b7cb9c52ced7
1788609748448434200	1323	1	phase_loop[1322]	1788609748438733	8925	aa06b5bfef0716d3	eeb5b7cb9c52ced7
1788609748458446953	1324	1	phase_loop[1323]	1788609748448625	9034	a155b749d61179fc	eeb5b7cb9c52ced7
1788609748468581035	1325	1	phase_loop[1324]	1788609748458651	9007	564b8094008c4231	eeb5b7cb9c52ced7
1788609748478448153	1326	1	phase_loop[1325]	1788609748468809	8848	eaf999fb9c832548	eeb5b7cb9c52ced7
1788609748488301905	1327	1	phase_loop[1326]	1788609748478648	9007	9769904154de2c17	eeb5b7cb9c52ced7
1788609748498564761	1328	1	phase_loop[1327]	1788609748488485	9175	94fb81e2e37a8504	eeb5b7cb9c52ced7
1788609748508498995	1329	1	phase_loop[1328]	1788609748498791	8868	f9a39405378537c4	eeb5b7cb9c52ced7
1788609748518422900	1330	1	phase_loop[1329]	1788609748508694	8964	67d0e8bd7510a14d	eeb5b7cb9c52ced7
1788609748528411036	1331	1	phase_loop[1330]	1788609748518614	9044	09ca5291c213ebec	eeb5b7cb9c52ced7
1788609748538454697	1332	1	phase_loop[1331]	1788609748528604	9056	f00f46b5142a6962	eeb5b7cb9c52ced7
1788609748548373673	1333	1	phase_loop[1332]	1788609748538712	8945	3597d38c6ac80e53	eeb5b7cb9c52ced7
1788609748558502836	1334	1	phase_loop[1333]	1788609748548571	9086	0e0bcd35daaf08e6	eeb5b7cb9c52ced7
1788609748568527862	1335	1	phase_loop[1334]	1788609748558712	8947	565768d0188fa14d	eeb5b7cb9c52ced7
1788609748578546025	1336	1	phase_loop[1335]	1788609748568780	8878	c4c1003b17b6c35a	eeb5b7cb9c52ced7
1788609748588416388	1337	1	phase_loop[1336]	1788609748578816	8840	7e923124615dba98	eeb5b7cb9c52ced7
1788609748598694253	1338	1	phase_loop[1337]	1788609748588604	9061	2b2d6514e8831a51	eeb5b7cb9c52ced7
1788609748608450680	1339	1	phase_loop[1338]	1788609748598925	8733	65c4a9219369f267	eeb5b7cb9c52ced7
1788609748618332796	1340	1	phase_loop[1339]	1788609748608653	9004	932e73b18efaec02	eeb5b7cb9c52ced7
1788609748628483340	1341	1	phase_loop[1340]	1788609748618518	9138	676b43d5cba48f65	eeb5b7cb9c52ced7
1788609748638471556	1342	1	phase_loop[1341]	1788609748628687	8973	73536d2352216aea	eeb5b7cb9c52ced7
1788609748648428994	1343	1	phase_loop[1342]	1788609748638667	8991	e7cb22a176ddc0ea	eeb5b7cb9c52ced7
1788609748658429684	1344	1	phase_loop[1343]	1788609748648720	8937	cba08c33dc51c729	eeb5b7cb9c52ced7
1788609748668761821	1345	1	phase_loop[1344]	1788609748658626	9035	35ef2c0e4dbeb5fa	eeb5b7cb9c52ced7
1788609748678425734	1346	1	phase_loop[1345]	1788609748669010	8647	c7c207d13a8a88df	eeb5b7cb9c52ced7
1788609748688420363	1347	1	phase_loop[1346]	1788609748678624	9033	b348302e31e659fd	eeb5b7cb9c52ced7
1788609748698569754	1348	1	phase_loop[1347]	1788609748688610	9050	c9275f545ed9b8fc	eeb5b7cb9c52ced7
1788609748708446570	1349	1	phase_loop[1348]	1788609748698808	8850	e1bd52fb16d0b5e6	eeb5b7cb9c52ced7
1788609748718347391	1350	1	phase_loop[1349]	1788609748708638	9018	55897347cdd32eb0	eeb5b7cb9c52ced7
1788609748728608854	1351	1	phase_loop[1350]	1788609748718543	9115	a4d73641748ef5e0	eeb5b7cb9c52ced7
1788609748738470080	1352	1	phase_loop[1351]	1788609748728859	8800	afa1f650ba41244a	eeb5b7cb9c52ced7
1788609748748377494	1353	1	phase_loop[1352]	1788609748738667	8989	8e63dd7c82694ea3	eeb5b7cb9c52ced7
1788609748758508370	1354	1	phase_loop[1353]	1788609748748581	9133	1bc69e45a3ea0146	eeb5b7cb9c52ced7
1788609748768596315	1355	1	phase_loop[1354]	1788609748758711	8949	b17b3c9c98007a61	eeb5b7cb9c52ced7
1788609748778399051	1356	1	phase_loop[1355]	1788609748768810	8846	f9f291b68e4cd94d	eeb5b7cb9c52ced7
1788609748788325520	1357	1	phase_loop[1356]	1788609748778589	9068	73aa9f453f2f964a	eeb5b7cb9c52ced7
1788609748798436309	1358	1	phase_loop[1357]	1788609748788515	9143	b7e55298c4229924	eeb5b7cb9c52ced7
1788609748808570130	1359	1	phase_loop[1358]	1788609748798628	9031	764a01795d192e7a	eeb5b7cb9c52ced7
1788609748818442337	1360	1	phase_loop[1359]	1788609748808813	8846	71e6528d9c8f28f7	eeb5b7cb9c52ced7
1788609748828421907	1361	1	phase_loop[1360]	1788609748818634	9023	cb0dcb54eaf8b6ce	eeb5b7cb9c52ced7
1788609748838477672	1362	1	phase_loop[1361]	1788609748828618	9041	11aae2db8d1eb829	eeb5b7cb9c52ced7
1788609748848445449	1363	1	phase_loop[1362]	1788609748838677	8981	8f6c4d2fccc546ce	eeb5b7cb9c52ced7
1788609748858572629	1364	1	phase_loop[1363]	1788609748848649	9011	64b518335dcf74b9	eeb5b7cb9c52ced7
1788609748868822831	1365	1	phase_loop[1364]	1788609748858820	8839	ffeb13e6f6870502	eeb5b7cb9c52ced7
1788609748878718292	1366	1	phase_loop[1365]	1788609748869180	8482	26ef0120eda2ea95	eeb5b7cb9c52ced7
1788609748888674778	1367	1	phase_loop[1366]	1788609748879000	8658	dd3081c8c4114c85	eeb5b7cb9c52ced7
1788609748898521106	1368	1	phase_loop[1367]	1788609748888899	8761	43a07186c66ff184	eeb5b7cb9c52ced7
1788609748908432758	1369	1	phase_loop[1368]	1788609748898732	8927	f233ba29294c7e29	eeb5b7cb9c52ced7
1788609748918688510	1370	1	phase_loop[1369]	1788609748908670	8988	3939c52cd8164986	eeb5b7cb9c52ced7
1788609748928487058	1371	1	phase_loop[1370]	1788609748918914	8743	97b7ea4592166058	eeb5b7cb9c52ced7
1788609748938439627	1372	1	phase_loop[1371]	1788609748928707	8951	7bf85fb42c9f0046	eeb5b7cb9c52ced7
1788609748948477687	1373	1	phase_loop[1372]	1788609748938665	8994	8e8ecd869a527b98	eeb5b7cb9c52ced7
1788609748958590680	1374	1	phase_loop[1373]	1788609748948697	8967	66eeb07ea71b298b	eeb5b7cb9c52ced7
1788609748969166528	1375	1	phase_loop[1374]	1788609748958827	8830	b090561c4b4268af	eeb5b7cb9c52ced7
1788609748978454429	1376	1	phase_loop[1375]	1788609748969401	8257	278aa55c966ffff1	eeb5b7cb9c52ced7
1788609748988367644	1377	1	phase_loop[1376]	1788609748978649	9006	6d80298d2d6309f9	eeb5b7cb9c52ced7
1788609748999147298	1378	1	phase_loop[1377]	1788609748988551	9108	98d5330fd436d859	eeb5b7cb9c52ced7
1788609749008408548	1379	1	phase_loop[1378]	1788609748999374	8286	28a76fed9ef097fa	eeb5b7cb9c52ced7
1788609749018354525	1380	1	phase_loop[1379]	1788609749008697	8958	19f79629c667c80a	eeb5b7cb9c52ced7
1788609749028936434	1381	1	phase_loop[1380]	1788609749018541	9117	6790b0b8d160cbbd	eeb5b7cb9c52ced7
1788609749038584056	1382	1	phase_loop[1381]	1788609749029170	8488	3c721aca94c477ce	eeb5b7cb9c52ced7
1788609749048621826	1383	1	phase_loop[1382]	1788609749038805	8862	0ee33b3a5e259187	eeb5b7cb9c52ced7
1788609749058472713	1384	1	phase_loop[1383]	1788609749048857	8803	9713e4239dbdd65f	eeb5b7cb9c52ced7
1788609749069161875	1385	1	phase_loop[1384]	1788609749058681	8981	e70ef1751adda2a9	eeb5b7cb9c52ced7
1788609749078414881	1386	1	phase_loop[1385]	1788609749069398	8259	c829090b4435fe97	eeb5b7cb9c52ced7
1788609749088423255	1387	1	phase_loop[1386]	1788609749078606	9085	b76cd28fbf3928a1	eeb5b7cb9c52ced7
1788609749098431008	1388	1	phase_loop[1387]	1788609749088612	9045	3c470fd2fa8c13ab	eeb5b7cb9c52ced7
1788609749108453219	1389	1	phase_loop[1388]	1788609749098619	9040	5cc1bcf1d019c369	eeb5b7cb9c52ced7
1788609749118422429	1390	1	phase_loop[1389]	1788609749108642	9015	ed2533728b6fc63c	eeb5b7cb9c52ced7
1788609749128538087	1391	1	phase_loop[1390]	1788609749118616	9042	788be93023217cea	eeb5b7cb9c52ced7
1788609749138577750	1392	1	phase_loop[1391]	1788609749128737	8921	cf68a986f691fc02	eeb5b7cb9c52ced7
1788609749148409410	1393	1	phase_loop[1392]	1788609749138813	8843	c026b06d3429e788	eeb5b7cb9c52ced7
1788609749158500942	1394	1	phase_loop[1393]	1788609749148620	9041	c7a13ba55e48a79c	eeb5b7cb9c52ced7
1788609749168704205	1395	1	phase_loop[1394]	1788609749158733	8927	7eca397b6efdd6a9	eeb5b7cb9c52ced7
1788609749178484037	1396	1	phase_loop[1395]	1788609749168959	8700	3ea4fc6700960a1e	eeb5b7cb9c52ced7
1788609749188392934	1397	1	phase_loop[1396]	1788609749178692	8965	1178a162b1a4f1bc	eeb5b7cb9c52ced7
1788609749199630163	1398	1	phase_loop[1397]	1788609749188585	9078	219cf5ad85ff1a9f	eeb5b7cb9c52ced7
1788609749208450660	1399	1	phase_loop[1398]	1788609749199890	7768	d93743bd5c4d7a0b	eeb5b7cb9c52ced7
1788609749218326223	1400	1	phase_loop[1399]	1788609749208766	8891	9763ee0a3362742f	eeb5b7cb9c52ced7
1788609749228429878	1401	1	phase_loop[1400]	1788609749218512	9145	0530268dc6e59bd2	eeb5b7cb9c52ced7
1788609749238461476	1402	1	phase_loop[1401]	1788609749228620	9039	ccd841fc87e69cae	eeb5b7cb9c52ced7
1788609749248423874	1403	1	phase_loop[1402]	1788609749238676	8983	dfd22c56e5f8b300	eeb5b7cb9c52ced7
1788609749258449681	1404	1	phase_loop[1403]	1788609749248609	9048	51808a5713fa150e	eeb5b7cb9c52ced7
1788609749268624701	1405	1	phase_loop[1404]	1788609749258650	9011	8bd3cd9465b3e97f	eeb5b7cb9c52ced7
1788609749278416405	1406	1	phase_loop[1405]	1788609749268873	8785	de3d707665373868	eeb5b7cb9c52ced7
1788609749288289153	1407	1	phase_loop[1406]	1788609749278608	9046	22366fdb5047f4b4	eeb5b7cb9c52ced7
1788609749298576005	1408	1	phase_loop[1407]	1788609749288471	9188	f1d0b3999956f87f	eeb5b7cb9c52ced7
1788609749308404188	1409	1	phase_loop[1408]	1788609749298821	8837	10f1aeb113799622	eeb5b7cb9c52ced7
1788609749318366065	1410	1	phase_loop[1409]	1788609749308606	9049	50d11b450d23ad0f	eeb5b7cb9c52ced7
1788609749328458328	1411	1	phase_loop[1410]	1788609749318559	9100	52d069052672f362	eeb5b7cb9c52ced7
1788609749338457114	1412	1	phase_loop[1411]	1788609749328657	9002	3752ab624522add8	eeb5b7cb9c52ced7
1788609749348430893	1413	1	phase_loop[1412]	1788609749338727	8930	0f6a5d060417bba4	eeb5b7cb9c52ced7
1788609749358506715	1414	1	phase_loop[1413]	1788609749348651	9009	49b39a6b373a62eb	eeb5b7cb9c52ced7
1788609749368494881	1415	1	phase_loop[1414]	1788609749358725	8934	f7bc34ce8edeaac8	eeb5b7cb9c52ced7
1788609749378424106	1416	1	phase_loop[1415]	1788609749368714	8944	260149f704b41a41	eeb5b7cb9c52ced7
1788609749388326891	1417	1	phase_loop[1416]	1788609749378610	9046	6aa25d9d0d7f14b1	eeb5b7cb9c52ced7
1788609749398593574	1418	1	phase_loop[1417]	1788609749388543	9117	0baf71c5e77f7f6b	eeb5b7cb9c52ced7
1788609749408441264	1419	1	phase_loop[1418]	1788609749398843	8815	19aa638a92069e31	eeb5b7cb9c52ced7
1788609749418453666	1420	1	phase_loop[1419]	1788609749408631	9070	417e2ff72d83ff59	eeb5b7cb9c52ced7
1788609749428416575	1421	1	phase_loop[1420]	1788609749418642	9015	2c7cf8c1a1c71cdf	eeb5b7cb9c52ced7
1788609749438525930	1422	1	phase_loop[1421]	1788609749428608	9051	5829e4b1ac9328ae	eeb5b7cb9c52ced7
1788609749448416031	1423	1	phase_loop[1422]	1788609749438722	8935	c9e397f7f0d7ec9f	eeb5b7cb9c52ced7
1788609749458448561	1424	1	phase_loop[1423]	1788609749448647	9015	c5b43992d6a91ddb	eeb5b7cb9c52ced7
1788609749468585168	1425	1	phase_loop[1424]	1788609749458651	9010	380866d392f9ac52	eeb5b7cb9c52ced7
1788609749478423431	1426	1	phase_loop[1425]	1788609749468816	8843	3706eee7b110d612	eeb5b7cb9c52ced7
1788609749488305456	1427	1	phase_loop[1426]	1788609749478611	9044	66cc4624b3d673f9	eeb5b7cb9c52ced7
1788609749498495043	1428	1	phase_loop[1427]	1788609749488487	9175	018eda15bc20b2a1	eeb5b7cb9c52ced7
1788609749508446771	1429	1	phase_loop[1428]	1788609749498721	8937	4f56aea9eaf5c712	eeb5b7cb9c52ced7
1788609749518786893	1430	1	phase_loop[1429]	1788609749508637	9019	67bf11727165fb16	eeb5b7cb9c52ced7
1788609749528402754	1431	1	phase_loop[1430]	1788609749519010	8646	9c0024308915e808	eeb5b7cb9c52ced7
1788609749539420088	1432	1	phase_loop[1431]	1788609749528598	9064	6f26f8721b876329	eeb5b7cb9c52ced7
1788609749548571491	1433	1	phase_loop[1432]	1788609749539680	7979	a42771f8d7b9e3e4	eeb5b7cb9c52ced7
1788609749558463515	1434	1	phase_loop[1433]	1788609749548802	8859	aa3d8c6a478c8d3f	eeb5b7cb9c52ced7
1788609749568578591	1435	1	phase_loop[1434]	1788609749558718	8941	874c62129015a86e	eeb5b7cb9c52ced7
1788609749578399000	1436	1	phase_loop[1435]	1788609749568797	8861	c253f82a9f61d452	eeb5b7cb9c52ced7
1788609749588310562	1437	1	phase_loop[1436]	1788609749578592	9063	d1b3da7dc0a519bc	eeb5b7cb9c52ced7
1788609749599447832	1438	1	phase_loop[1437]	1788609749588491	9169	003be3912c79da39	eeb5b7cb9c52ced7
1788609749608434643	1439	1	phase_loop[1438]	1788609749599692	7966	e623f7c45d10045e	eeb5b7cb9c52ced7
1788609749618318532	1440	1	phase_loop[1439]	1788609749608735	8920	36b998e45081e049	eeb5b7cb9c52ced7
1788609749628408702	1441	1	phase_loop[1440]	1788609749618505	9151	52e57791a3053999	eeb5b7cb9c52ced7
1788609749638482109	1442	1	phase_loop[1441]	1788609749628604	9055	12a32f0e93fe6be6	eeb5b7cb9c52ced7
1788609749648436461	1443	1	phase_loop[1442]	1788609749638676	8980	e59dd0ba6e0e6a1b	eeb5b7cb9c52ced7
1788609749658441880	1444	1	phase_loop[1443]	1788609749648627	9032	7720550b86a8829a	eeb5b7cb9c52ced7
1788609749669342262	1445	1	phase_loop[1444]	1788609749658643	9016	1afe8a1ea003b6b5	eeb5b7cb9c52ced7
1788609749678425456	1446	1	phase_loop[1445]	1788609749669578	8079	e60caa17fbfd3d48	eeb5b7cb9c52ced7
1788609749688462234	1447	1	phase_loop[1446]	1788609749678630	9027	17111601ffb17462	eeb5b7cb9c52ced7
1788609749698599423	1448	1	phase_loop[1447]	1788609749688678	8982	67984f74ae08bbdd	eeb5b7cb9c52ced7
1788609749708553725	1449	1	phase_loop[1448]	1788609749698841	8818	69a93cdd58abc24a	eeb5b7cb9c52ced7
1788609749718471668	1450	1	phase_loop[1449]	1788609749708761	8895	0e1ed7d71f2343ba	eeb5b7cb9c52ced7
1788609749728416362	1451	1	phase_loop[1450]	1788609749718679	8978	e4973721e5590f33	eeb5b7cb9c52ced7
1788609749738473298	1452	1	phase_loop[1451]	1788609749728608	9051	d2b0db6666dfbfe8	eeb5b7cb9c52ced7
1788609749748304808	1453	1	phase_loop[1452]	1788609749738667	9021	706ad3072b7d20e7	eeb5b7cb9c52ced7
1788609749758454380	1454	1	phase_loop[1453]	1788609749748483	9175	4a5378d4f0596c8b	eeb5b7cb9c52ced7
1788609749768543186	1455	1	phase_loop[1454]	1788609749758665	8997	c94c3f80b59dcf15	eeb5b7cb9c52ced7
1788609749778434529	1456	1	phase_loop[1455]	1788609749768767	8889	4bc5cbdb464fb984	eeb5b7cb9c52ced7
1788609749788294383	1457	1	phase_loop[1456]	1788609749778621	9033	34d82081bba1a9a9	eeb5b7cb9c52ced7
1788609749798596523	1458	1	phase_loop[1457]	1788609749788478	9182	198390f4b34b5ec0	eeb5b7cb9c52ced7
1788609749808456727	1459	1	phase_loop[1458]	1788609749798831	8827	3c4bd6b9d837efbc	eeb5b7cb9c52ced7
1788609749818465452	1460	1	phase_loop[1459]	1788609749808645	9014	f1f4c0809ab892a6	eeb5b7cb9c52ced7
1788609749828428000	1461	1	phase_loop[1460]	1788609749818661	8998	588c23b68c1200f4	eeb5b7cb9c52ced7
1788609749838734739	1462	1	phase_loop[1461]	1788609749828625	9036	834f34af6da22da0	eeb5b7cb9c52ced7
1788609749848456591	1463	1	phase_loop[1462]	1788609749839013	8645	b61d35d1468c8825	eeb5b7cb9c52ced7
1788609749858535249	1464	1	phase_loop[1463]	1788609749848657	9001	6536fa6b8c9b74cc	eeb5b7cb9c52ced7
1788609749868630087	1465	1	phase_loop[1464]	1788609749858795	8864	99414f3f7ad0748c	eeb5b7cb9c52ced7
1788609749878424937	1466	1	phase_loop[1465]	1788609749868857	8800	0805558086fcb101	eeb5b7cb9c52ced7
1788609749888481122	1467	1	phase_loop[1466]	1788609749878614	9042	0f5bd75d93c41d40	eeb5b7cb9c52ced7
1788609749898566031	1468	1	phase_loop[1467]	1788609749888693	8966	30b7f84d570eac81	eeb5b7cb9c52ced7
1788609749908451523	1469	1	phase_loop[1468]	1788609749898810	8849	0d8112a0a6d216fb	eeb5b7cb9c52ced7
1788609749918314863	1470	1	phase_loop[1469]	1788609749908636	9020	01010765279c1565	eeb5b7cb9c52ced7
1788609749928407407	1471	1	phase_loop[1470]	1788609749918503	9155	4f05de4772144f19	eeb5b7cb9c52ced7
1788609749938495332	1472	1	phase_loop[1471]	1788609749928604	9054	db8d42f9e09364c3	eeb5b7cb9c52ced7
1788609749948318055	1473	1	phase_loop[1472]	1788609749938691	8965	71c96592e770f982	eeb5b7cb9c52ced7
1788609749958443982	1474	1	phase_loop[1473]	1788609749948497	9164	d9efc226db150ad1	eeb5b7cb9c52ced7
1788609749968616777	1475	1	phase_loop[1474]	1788609749958653	9006	d35c1af3c1ec1a3a	eeb5b7cb9c52ced7
1788609749978435653	1476	1	phase_loop[1475]	1788609749968902	8755	94d6ac0b48592df7	eeb5b7cb9c52ced7
1788609749988441894	1477	1	phase_loop[1476]	1788609749978625	9034	8bd9140eed0d105e	eeb5b7cb9c52ced7
1788609749998724317	1478	1	phase_loop[1477]	1788609749988660	9000	7a2efab8689cdc02	eeb5b7cb9c52ced7
1788609750008637411	1479	1	phase_loop[1478]	1788609749998995	8667	f1dab3900f46439c	eeb5b7cb9c52ced7
1788609750018424837	1480	1	phase_loop[1479]	1788609750008872	8785	62fb2df2068f825d	eeb5b7cb9c52ced7
1788609750028456475	1481	1	phase_loop[1480]	1788609750018615	9044	4f7ec90a714387b8	eeb5b7cb9c52ced7
1788609750038455172	1482	1	phase_loop[1481]	1788609750028653	9006	763601cf605b7dd8	eeb5b7cb9c52ced7
1788609750048338259	1483	1	phase_loop[1482]	1788609750038658	8998	c1b94570246d5b58	eeb5b7cb9c52ced7
1788609750058453034	1484	1	phase_loop[1483]	1788609750048524	9138	d4e444a4655c65b0	eeb5b7cb9c52ced7
1788609750068502046	1485	1	phase_loop[1484]	1788609750058658	9001	e5d74c2c3a8bc1a6	eeb5b7cb9c52ced7
1788609750078456478	1486	1	phase_loop[1485]	1788609750068720	8982	a3c3048705102e2b	eeb5b7cb9c52ced7
1788609750088278570	1487	1	phase_loop[1486]	1788609750078648	9006	67e1ee6382197659	eeb5b7cb9c52ced7
1788609750098590288	1488	1	phase_loop[1487]	1788609750088465	9195	b818d5025a5a0331	eeb5b7cb9c52ced7
1788609750108424733	1489	1	phase_loop[1488]	1788609750098825	8835	048e75552c3e6318	eeb5b7cb9c52ced7
1788609750118459578	1490	1	phase_loop[1489]	1788609750108614	9045	575bb9b479fd57ca	eeb5b7cb9c52ced7
1788609750128411265	1491	1	phase_loop[1490]	1788609750118647	9012	2ede9d2f1ff599c8	eeb5b7cb9c52ced7
1788609750138543173	1492	1	phase_loop[1491]	1788609750128608	9053	3606e4ad566b2f71	eeb5b7cb9c52ced7
1788609750148391524	1493	1	phase_loop[1492]	1788609750138788	8869	98ce57c6606b1d39	eeb5b7cb9c52ced7
1788609750158575130	1494	1	phase_loop[1493]	1788609750148589	9073	4d14e49e6a10617c	eeb5b7cb9c52ced7
1788609750168638889	1495	1	phase_loop[1494]	1788609750158820	8850	303806ff1456a271	eeb5b7cb9c52ced7
1788609750178450131	1496	1	phase_loop[1495]	1788609750168873	8784	58d72054ff1c71ac	eeb5b7cb9c52ced7
1788609750188390467	1497	1	phase_loop[1496]	1788609750178638	9018	62cee9c61e065141	eeb5b7cb9c52ced7
1788609750198575685	1498	1	phase_loop[1497]	1788609750188583	9076	687b3de74ccf9514	eeb5b7cb9c52ced7
1788609750208462420	1499	1	phase_loop[1498]	1788609750198810	8857	53db5b135f4cb1e2	eeb5b7cb9c52ced7
1788609750218304680	1500	1	phase_loop[1499]	1788609750208674	8981	d71eb90e62959e71	eeb5b7cb9c52ced7
1788609750228438371	1501	1	phase_loop[1500]	1788609750218490	9168	223f0906eacc63bf	eeb5b7cb9c52ced7
1788609750238526045	1502	1	phase_loop[1501]	1788609750228640	9019	4697c2df6560ad16	eeb5b7cb9c52ced7
1788609750248362845	1503	1	phase_loop[1502]	1788609750238722	8933	410f7a75906c5cee	eeb5b7cb9c52ced7
1788609750258446802	1504	1	phase_loop[1503]	1788609750248548	9111	191c9bb3cd618084	eeb5b7cb9c52ced7
1788609750268584111	1505	1	phase_loop[1504]	1788609750258649	9010	0ac2cd7e135dea4e	eeb5b7cb9c52ced7
1788609750278428154	1506	1	phase_loop[1505]	1788609750268858	8800	4d53da46fd1fbcb1	eeb5b7cb9c52ced7
1788609750288418144	1507	1	phase_loop[1506]	1788609750278617	9041	fa7d9d2a66fe9138	eeb5b7cb9c52ced7
1788609750298579968	1508	1	phase_loop[1507]	1788609750288605	9052	f79049f0ca7ffa87	eeb5b7cb9c52ced7
1788609750308416488	1509	1	phase_loop[1508]	1788609750298821	8835	76479d19e4074e1c	eeb5b7cb9c52ced7
1788609750318440311	1510	1	phase_loop[1509]	1788609750308650	9006	84f10a83a16adb6d	eeb5b7cb9c52ced7
1788609750328421183	1511	1	phase_loop[1510]	1788609750318641	9016	e7afeb2962df1953	eeb5b7cb9c52ced7
1788609750338473351	1512	1	phase_loop[1511]	1788609750328669	8990	d3c70b77ad09fd35	eeb5b7cb9c52ced7
1788609750348359814	1513	1	phase_loop[1512]	1788609750338666	8989	18728516810ad891	eeb5b7cb9c52ced7
1788609750358443371	1514	1	phase_loop[1513]	1788609750348555	9104	6ff38e273f376f41	eeb5b7cb9c52ced7
1788609750368455793	1515	1	phase_loop[1514]	1788609750358690	8968	bcf7324199c50af0	eeb5b7cb9c52ced7
1788609750378425785	1516	1	phase_loop[1515]	1788609750368660	8999	29b2dacaf4852f4f	eeb5b7cb9c52ced7
1788609750388291970	1517	1	phase_loop[1516]	1788609750378615	9041	dfea2e9ee7248532	eeb5b7cb9c52ced7
1788609750398580775	1518	1	phase_loop[1517]	1788609750388475	9185	ab0b46b81056eae1	eeb5b7cb9c52ced7
1788609750408496243	1519	1	phase_loop[1518]	1788609750398813	8891	a6ce4f7cb59cb93b	eeb5b7cb9c52ced7
1788609750418524736	1520	1	phase_loop[1519]	1788609750408803	8854	377a9f2a80faf361	eeb5b7cb9c52ced7
1788609750428410819	1521	1	phase_loop[1520]	1788609750418715	8941	3b04d8c4f02a7c8b	eeb5b7cb9c52ced7
1788609750438498022	1522	1	phase_loop[1521]	1788609750428615	9045	755daaa055af5aea	eeb5b7cb9c52ced7
1788609750448421416	1523	1	phase_loop[1522]	1788609750438692	8965	9c6e56fa83023d46	eeb5b7cb9c52ced7
1788609750458438386	1524	1	phase_loop[1523]	1788609750448610	9050	bcef147d9fdc91bd	eeb5b7cb9c52ced7
1788609750468686815	1525	1	phase_loop[1524]	1788609750458694	8968	e44b6b04057a2fb7	eeb5b7cb9c52ced7
1788609750478457890	1526	1	phase_loop[1525]	1788609750468923	8735	732dcc834fddff4b	eeb5b7cb9c52ced7
1788609750488279030	1527	1	phase_loop[1526]	1788609750478656	8998	2d9529148d734e92	eeb5b7cb9c52ced7
1788609750498487383	1528	1	phase_loop[1527]	1788609750488460	9200	a9df3d326bb6107e	eeb5b7cb9c52ced7
1788609750508465861	1529	1	phase_loop[1528]	1788609750498691	8970	d3ce87af18483821	eeb5b7cb9c52ced7
1788609750518288323	1530	1	phase_loop[1529]	1788609750508658	8997	67f099548dd61ed9	eeb5b7cb9c52ced7
1788609750528418047	1531	1	phase_loop[1530]	1788609750518470	9186	0211f30f1e884ea5	eeb5b7cb9c52ced7
1788609750538457080	1532	1	phase_loop[1531]	1788609750528610	9049	4861bffe0848e212	eeb5b7cb9c52ced7
1788609750548278801	1533	1	phase_loop[1532]	1788609750538647	9008	84a719a7362bccfc	eeb5b7cb9c52ced7
1788609750558483667	1534	1	phase_loop[1533]	1788609750548462	9196	c6562844df1d62ee	eeb5b7cb9c52ced7
1788609750568755820	1535	1	phase_loop[1534]	1788609750558694	8965	52555c89d74bc66a	eeb5b7cb9c52ced7
1788609750578429151	1536	1	phase_loop[1535]	1788609750569030	8627	e200905d7067024c	eeb5b7cb9c52ced7
1788609750588437455	1537	1	phase_loop[1536]	1788609750578619	9038	bbc3aada25347ddd	eeb5b7cb9c52ced7
1788609750598651969	1538	1	phase_loop[1537]	1788609750588626	9035	9e3a97c5658e49da	eeb5b7cb9c52ced7
1788609750608430359	1539	1	phase_loop[1538]	1788609750598924	8735	e7db04208d09dad1	eeb5b7cb9c52ced7
1788609750618342321	1540	1	phase_loop[1539]	1788609750608623	9031	535f096e16767142	eeb5b7cb9c52ced7
1788609750628423362	1541	1	phase_loop[1540]	1788609750618532	9127	b783d017931be7a9	eeb5b7cb9c52ced7
1788609750638509383	1542	1	phase_loop[1541]	1788609750628618	9042	0ff3297d99ea2e0c	eeb5b7cb9c52ced7
1788609750648496708	1543	1	phase_loop[1542]	1788609750638708	8952	ffd6ad95dbb0c380	eeb5b7cb9c52ced7
1788609750658438096	1544	1	phase_loop[1543]	1788609750648777	8881	ced2b71786ee5a27	eeb5b7cb9c52ced7
1788609750668650476	1545	1	phase_loop[1544]	1788609750658645	9014	9a53562184ed6235	eeb5b7cb9c52ced7
1788609750678430037	1546	1	phase_loop[1545]	1788609750668885	8773	4f1827f4cbd23cd5	eeb5b7cb9c52ced7
1788609750688302885	1547	1	phase_loop[1546]	1788609750678623	9032	6ccc4ea82530f065	eeb5b7cb9c52ced7
1788609750698582563	1548	1	phase_loop[1547]	1788609750688484	9174	c7f74105eb96b926	eeb5b7cb9c52ced7
1788609750708473034	1549	1	phase_loop[1548]	1788609750698819	8841	2cd76ea6ad9f05e0	eeb5b7cb9c52ced7
1788609750718428518	1550	1	phase_loop[1549]	1788609750708665	8996	946419fbea97c043	eeb5b7cb9c52ced7
1788609750728405624	1551	1	phase_loop[1550]	1788609750718626	9031	db80e5902fdc650a	eeb5b7cb9c52ced7
1788609750738514879	1552	1	phase_loop[1551]	1788609750728595	9110	f609df401df82bc6	eeb5b7cb9c52ced7
1788609750748272258	1553	1	phase_loop[1552]	1788609750738711	8944	cc866a3578af4d25	eeb5b7cb9c52ced7
1788609750758499126	1554	1	phase_loop[1553]	1788609750748448	9210	5289b35de8ccc151	eeb5b7cb9c52ced7
1788609750768528350	1555	1	phase_loop[1554]	1788609750758715	8943	9af015c0a03759f0	eeb5b7cb9c52ced7
1788609750778419532	1556	1	phase_loop[1555]	1788609750768817	8840	c03b9e173353c62a	eeb5b7cb9c52ced7
1788609750788322077	1557	1	phase_loop[1556]	1788609750778619	9036	6782206ac2cc0ceb	eeb5b7cb9c52ced7
1788609750799385377	1558	1	phase_loop[1557]	1788609750788508	9154	f9d18da38741da34	eeb5b7cb9c52ced7
1788609750808443413	1559	1	phase_loop[1558]	1788609750799607	8051	f335dad205acde6a	eeb5b7cb9c52ced7
1788609750818356657	1560	1	phase_loop[1559]	1788609750808669	8987	e232717b8c7cb279	eeb5b7cb9c52ced7
1788609750828442979	1561	1	phase_loop[1560]	1788609750818581	9076	6da3e5539326fd07	eeb5b7cb9c52ced7
1788609750838464368	1562	1	phase_loop[1561]	1788609750828641	9016	f89309f28c490418	eeb5b7cb9c52ced7
1788609750848306909	1563	1	phase_loop[1562]	1788609750838660	8997	ba98dff8fa876d86	eeb5b7cb9c52ced7
1788609750858448816	1564	1	phase_loop[1563]	1788609750848485	9175	42a84765f96254a5	eeb5b7cb9c52ced7
1788609750868568030	1565	1	phase_loop[1564]	1788609750858651	9007	7e9813686e0c62eb	eeb5b7cb9c52ced7
1788609750878470995	1566	1	phase_loop[1565]	1788609750868810	8851	8d6f17057684d701	eeb5b7cb9c52ced7
1788609750888516439	1567	1	phase_loop[1566]	1788609750878674	8983	e9e0138764e1b1df	eeb5b7cb9c52ced7
1788609750898589887	1568	1	phase_loop[1567]	1788609750888736	8923	9dc9fde1eca2da22	eeb5b7cb9c52ced7
1788609750908464398	1569	1	phase_loop[1568]	1788609750898832	8826	d5ac87dc7c76ec8c	eeb5b7cb9c52ced7
1788609750918309503	1570	1	phase_loop[1569]	1788609750908662	8993	825cce47ed2583e3	eeb5b7cb9c52ced7
1788609750928429058	1571	1	phase_loop[1570]	1788609750918491	9167	ff68c1371bcd2819	eeb5b7cb9c52ced7
1788609750938461788	1572	1	phase_loop[1571]	1788609750928643	9014	c92252c15c52f10c	eeb5b7cb9c52ced7
1788609750948454022	1573	1	phase_loop[1572]	1788609750938661	8996	19d661bdd1416d85	eeb5b7cb9c52ced7
1788609750958543961	1574	1	phase_loop[1573]	1788609750948693	8967	7c56f8a210bcdd4a	eeb5b7cb9c52ced7
1788609750968495157	1575	1	phase_loop[1574]	1788609750958766	8895	7b1fa20c363f4b6e	eeb5b7cb9c52ced7
1788609750978420183	1576	1	phase_loop[1575]	1788609750968732	8925	4be6956fb51dc02b	eeb5b7cb9c52ced7
1788609750988297991	1577	1	phase_loop[1576]	1788609750978609	9045	b14b5210c5376e3c	eeb5b7cb9c52ced7
1788609750998577879	1578	1	phase_loop[1577]	1788609750988482	9178	7951d9f85f88d5ed	eeb5b7cb9c52ced7
1788609751008433153	1579	1	phase_loop[1578]	1788609750998810	8848	1f5930c42d1cef92	eeb5b7cb9c52ced7
1788609751018427892	1580	1	phase_loop[1579]	1788609751008625	9032	e08942cb060a3e55	eeb5b7cb9c52ced7
1788609751028417190	1581	1	phase_loop[1580]	1788609751018614	9045	b70840e041b3f0f8	eeb5b7cb9c52ced7
1788609751038528789	1582	1	phase_loop[1581]	1788609751028610	9051	e310e51b1c162ca8	eeb5b7cb9c52ced7
1788609751048286079	1583	1	phase_loop[1582]	1788609751038728	8927	f1906729b46f4bce	eeb5b7cb9c52ced7
1788609751058441922	1584	1	phase_loop[1583]	1788609751048468	9193	fe9925d8c0821194	eeb5b7cb9c52ced7
1788609751068508857	1585	1	phase_loop[1584]	1788609751058645	9059	bd58cc2efb4eb1f3	eeb5b7cb9c52ced7
1788609751078442790	1586	1	phase_loop[1585]	1788609751068718	8939	9e0f0bee38d313c0	eeb5b7cb9c52ced7
1788609751088334574	1587	1	phase_loop[1586]	1788609751078634	9021	e3dd914b18b9e94e	eeb5b7cb9c52ced7
1788609751100381775	1588	1	phase_loop[1587]	1788609751088516	9144	08b87fa529fa4c31	eeb5b7cb9c52ced7
1788609751108441533	1589	1	phase_loop[1588]	1788609751100634	7025	c9ecd7c5608bb92e	eeb5b7cb9c52ced7
1788609751118511824	1590	1	phase_loop[1589]	1788609751108633	9029	6448ef7d246d9de6	eeb5b7cb9c52ced7
1788609751128448132	1591	1	phase_loop[1590]	1788609751118767	8891	44887f9ab8de3c44	eeb5b7cb9c52ced7
1788609751138457749	1592	1	phase_loop[1591]	1788609751128645	9015	14863caf9397decf	eeb5b7cb9c52ced7
1788609751148270924	1593	1	phase_loop[1592]	1788609751138647	9008	0ea8bc34420c8fef	eeb5b7cb9c52ced7
1788609751158485709	1594	1	phase_loop[1593]	1788609751148451	9207	bcdc5074c631b928	eeb5b7cb9c52ced7
1788609751168479185	1595	1	phase_loop[1594]	1788609751158726	8937	dc85721a9353209a	eeb5b7cb9c52ced7
1788609751178426734	1596	1	phase_loop[1595]	1788609751168712	8946	291dc4893504ad54	eeb5b7cb9c52ced7
1788609751188425039	1597	1	phase_loop[1596]	1788609751178616	9040	a6ce0c4901b321c0	eeb5b7cb9c52ced7
1788609751198610609	1598	1	phase_loop[1597]	1788609751188617	9042	6b0ea139c27868d0	eeb5b7cb9c52ced7
1788609751208441778	1599	1	phase_loop[1598]	1788609751198847	8812	da6d82a03a279390	eeb5b7cb9c52ced7
1788609751218294527	1600	1	phase_loop[1599]	1788609751208663	8991	6c46aa7a55750f9f	eeb5b7cb9c52ced7
1788609751228425514	1601	1	phase_loop[1600]	1788609751218475	9183	242604bf6f064db1	eeb5b7cb9c52ced7
1788609751238479805	1602	1	phase_loop[1601]	1788609751228618	9041	3d1f6797190a0045	eeb5b7cb9c52ced7
1788609751248426562	1603	1	phase_loop[1602]	1788609751238742	8917	c75b3a71f668d3db	eeb5b7cb9c52ced7
1788609751258451438	1604	1	phase_loop[1603]	1788609751248614	9046	6e75e9dd81271fa2	eeb5b7cb9c52ced7
1788609751268674378	1605	1	phase_loop[1604]	1788609751258656	9006	7e7a7c32bc01914e	eeb5b7cb9c52ced7
1788609751278431797	1606	1	phase_loop[1605]	1788609751268912	8745	1c27effc11fe606d	eeb5b7cb9c52ced7
1788609751288296109	1607	1	phase_loop[1606]	1788609751278629	9028	b30d742f6764f9fc	eeb5b7cb9c52ced7
1788609751298598169	1608	1	phase_loop[1607]	1788609751288480	9180	09948cbeb49d977c	eeb5b7cb9c52ced7
1788609751308529457	1609	1	phase_loop[1608]	1788609751298845	8813	030410db974e3643	eeb5b7cb9c52ced7
1788609751318415290	1610	1	phase_loop[1609]	1788609751308743	8914	7e779a9ad661b45c	eeb5b7cb9c52ced7
1788609751328411100	1611	1	phase_loop[1610]	1788609751318602	9055	935d8051855309cd	eeb5b7cb9c52ced7
1788609751338548839	1612	1	phase_loop[1611]	1788609751328605	9053	63394fe048049a43	eeb5b7cb9c52ced7
1788609751348347106	1613	1	phase_loop[1612]	1788609751338777	8878	ad5a9f503c6b18b9	eeb5b7cb9c52ced7
1788609751358469816	1614	1	phase_loop[1613]	1788609751348535	9125	e8bcbdcb6742ce3a	eeb5b7cb9c52ced7
1788609751368692897	1615	1	phase_loop[1614]	1788609751358683	8976	34ed366dec994de1	eeb5b7cb9c52ced7
1788609751378450066	1616	1	phase_loop[1615]	1788609751368927	8730	df0836fa5bb9557a	eeb5b7cb9c52ced7
1788609751388427742	1617	1	phase_loop[1616]	1788609751378642	9017	1dc9d37d16a4a08e	eeb5b7cb9c52ced7
1788609751400469593	1618	1	phase_loop[1617]	1788609751388621	9083	9177e064f9054c82	eeb5b7cb9c52ced7
1788609751408466332	1619	1	phase_loop[1618]	1788609751400698	6962	54e5b161feadecfe	eeb5b7cb9c52ced7
1788609751418451732	1620	1	phase_loop[1619]	1788609751408664	8996	5405087263383581	eeb5b7cb9c52ced7
1788609751428423237	1621	1	phase_loop[1620]	1788609751418651	9007	e42d9dc60533b681	eeb5b7cb9c52ced7
1788609751438500532	1622	1	phase_loop[1621]	1788609751428619	9041	ae36de62d7205cca	eeb5b7cb9c52ced7
1788609751448448391	1623	1	phase_loop[1622]	1788609751438697	8959	ab9f6092bd598aaf	eeb5b7cb9c52ced7
1788609751458446727	1624	1	phase_loop[1623]	1788609751448716	8944	f13b91d334c07758	eeb5b7cb9c52ced7
1788609751468584746	1625	1	phase_loop[1624]	1788609751458674	8984	1c1e6761381f3487	eeb5b7cb9c52ced7
1788609751478425563	1626	1	phase_loop[1625]	1788609751468868	8789	542ea9e88b342a43	eeb5b7cb9c52ced7
1788609751488422185	1627	1	phase_loop[1626]	1788609751478615	9043	2a1a19c6459445d6	eeb5b7cb9c52ced7
1788609751498597004	1628	1	phase_loop[1627]	1788609751488608	9050	d75ecb67f4711f51	eeb5b7cb9c52ced7
1788609751508453481	1629	1	phase_loop[1628]	1788609751498840	8817	166729ce690bb559	eeb5b7cb9c52ced7
1788609751518322211	1630	1	phase_loop[1629]	1788609751508651	9004	1a19835b659cd1fe	eeb5b7cb9c52ced7
1788609751528419203	1631	1	phase_loop[1630]	1788609751518515	9143	8a2820d4e69911f2	eeb5b7cb9c52ced7
1788609751538542996	1632	1	phase_loop[1631]	1788609751528615	9041	a5fd4acddbe1edc5	eeb5b7cb9c52ced7
1788609751548454988	1633	1	phase_loop[1632]	1788609751538766	8891	d8d38728f2544ec0	eeb5b7cb9c52ced7
1788609751558463953	1634	1	phase_loop[1633]	1788609751548647	9014	b2428c678117568c	eeb5b7cb9c52ced7
1788609751568495912	1635	1	phase_loop[1634]	1788609751558658	9002	e85b7ae528ba1333	eeb5b7cb9c52ced7
1788609751578449803	1636	1	phase_loop[1635]	1788609751568751	8906	a9944c5c0fc2f167	eeb5b7cb9c52ced7
1788609751588319345	1637	1	phase_loop[1636]	1788609751578643	9012	9a94b4f347cd4a40	eeb5b7cb9c52ced7
1788609751599587703	1638	1	phase_loop[1637]	1788609751588503	9157	88321711c2b7fecf	eeb5b7cb9c52ced7
1788609751608483312	1639	1	phase_loop[1638]	1788609751599854	7807	71fff30ff23bbc2b	eeb5b7cb9c52ced7
1788609751618417325	1640	1	phase_loop[1639]	1788609751608744	8914	476bf962ece7b5fa	eeb5b7cb9c52ced7
1788609751628477948	1641	1	phase_loop[1640]	1788609751618605	9053	3b1608c4b49b01c8	eeb5b7cb9c52ced7
1788609751638466936	1642	1	phase_loop[1641]	1788609751628685	8974	5ef0bc7161210dc7	eeb5b7cb9c52ced7
1788609751648392433	1643	1	phase_loop[1642]	1788609751638721	8934	7925e5789c866599	eeb5b7cb9c52ced7
1788609751658448377	1644	1	phase_loop[1643]	1788609751648586	9074	639c7efe220e91a2	eeb5b7cb9c52ced7
1788609751668571759	1645	1	phase_loop[1644]	1788609751658653	9006	6d70c6bc2c92cf76	eeb5b7cb9c52ced7
1788609751678465477	1646	1	phase_loop[1645]	1788609751668799	8858	78e2e1959438bd62	eeb5b7cb9c52ced7
1788609751688313297	1647	1	phase_loop[1646]	1788609751678660	8995	d6a6fd9e596b90a3	eeb5b7cb9c52ced7
1788609751698561385	1648	1	phase_loop[1647]	1788609751688495	9164	79032572545d88ae	eeb5b7cb9c52ced7
1788609751708439633	1649	1	phase_loop[1648]	1788609751698798	8860	5c248b9f285c48b7	eeb5b7cb9c52ced7
1788609751718389015	1650	1	phase_loop[1649]	1788609751708636	9021	3881948c9226f772	eeb5b7cb9c52ced7
1788609751728480577	1651	1	phase_loop[1650]	1788609751718584	9113	628361e7a4a251c7	eeb5b7cb9c52ced7
1788609751738580855	1652	1	phase_loop[1651]	1788609751728689	8971	0e78962afbd7207b	eeb5b7cb9c52ced7
1788609751748362871	1653	1	phase_loop[1652]	1788609751738843	8814	22726fd185d81a68	eeb5b7cb9c52ced7
1788609751758537831	1654	1	phase_loop[1653]	1788609751748563	9099	4ac776c79ae08f1e	eeb5b7cb9c52ced7
1788609751768531457	1655	1	phase_loop[1654]	1788609751758767	8895	a7ef7b90a22c6c79	eeb5b7cb9c52ced7
1788609751778520565	1656	1	phase_loop[1655]	1788609751768776	8884	ce2ea1f860a280af	eeb5b7cb9c52ced7
1788609751788412549	1657	1	phase_loop[1656]	1788609751778767	8890	37d4616bfcf7ca26	eeb5b7cb9c52ced7
1788609751798594151	1658	1	phase_loop[1657]	1788609751788599	9061	2df6757cfb03b848	eeb5b7cb9c52ced7
1788609751808438685	1659	1	phase_loop[1658]	1788609751798828	8830	9e4049ccdf6e3725	eeb5b7cb9c52ced7
1788609751818287607	1660	1	phase_loop[1659]	1788609751808632	9022	3145ff695bc834de	eeb5b7cb9c52ced7
1788609751828413494	1661	1	phase_loop[1660]	1788609751818468	9188	83f3a7437b6c9f48	eeb5b7cb9c52ced7
1788609751838485158	1662	1	phase_loop[1661]	1788609751828606	9052	dfe2b34f9aff35b0	eeb5b7cb9c52ced7
1788609751848427327	1663	1	phase_loop[1662]	1788609751838686	8972	f804418a96b4382d	eeb5b7cb9c52ced7
1788609751858469836	1664	1	phase_loop[1663]	1788609751848652	9008	8880ec5ea6782ada	eeb5b7cb9c52ced7
1788609751868545247	1665	1	phase_loop[1664]	1788609751858667	8997	131a01e0893539f0	eeb5b7cb9c52ced7
1788609751878407394	1666	1	phase_loop[1665]	1788609751868770	8888	608ad74f590dfee4	eeb5b7cb9c52ced7
1788609751888475632	1667	1	phase_loop[1666]	1788609751878596	9062	b8ab0f9f28fad437	eeb5b7cb9c52ced7
1788609751898414695	1668	1	phase_loop[1667]	1788609751888696	8962	5ebb8a202dc87e16	eeb5b7cb9c52ced7
1788609751908732294	1669	1	phase_loop[1668]	1788609751898607	9052	5c0ce38e0928598b	eeb5b7cb9c52ced7
1788609751918475787	1670	1	phase_loop[1669]	1788609751909056	8601	203b5ac6c62b2a46	eeb5b7cb9c52ced7
1788609751928458343	1671	1	phase_loop[1670]	1788609751918678	8979	ec1a2d1762d08db6	eeb5b7cb9c52ced7
1788609751938517733	1672	1	phase_loop[1671]	1788609751928743	8915	799ea4518aa1c40b	eeb5b7cb9c52ced7
1788609751948424255	1673	1	phase_loop[1672]	1788609751938767	8888	794ffb0b9536c283	eeb5b7cb9c52ced7
1788609751958446315	1674	1	phase_loop[1673]	1788609751948609	9051	1e81962c0f0daa3a	eeb5b7cb9c52ced7
1788609751968457324	1675	1	phase_loop[1674]	1788609751958657	9005	b4083000968d61f1	eeb5b7cb9c52ced7
1788609751978434209	1676	1	phase_loop[1675]	1788609751968663	8996	cd23a463abaf1c31	eeb5b7cb9c52ced7
1788609751988298471	1677	1	phase_loop[1676]	1788609751978619	9035	767d6daa23f7ba96	eeb5b7cb9c52ced7
1788609751998878917	1678	1	phase_loop[1677]	1788609751988480	9179	363c9dcaec217084	eeb5b7cb9c52ced7
1788609752008463600	1679	1	phase_loop[1678]	1788609751999137	8521	3935ad52c074ff5a	eeb5b7cb9c52ced7
1788609752018311851	1680	1	phase_loop[1679]	1788609752008659	8997	ae8474c916da2ae8	eeb5b7cb9c52ced7
1788609752028413131	1681	1	phase_loop[1680]	1788609752018495	9163	61df2571511d14ed	eeb5b7cb9c52ced7
1788609752038480897	1682	1	phase_loop[1681]	1788609752028607	9053	93f0dd561ec04c18	eeb5b7cb9c52ced7
1788609752048353815	1683	1	phase_loop[1682]	1788609752038724	8932	7308b9011ef2f08f	eeb5b7cb9c52ced7
1788609752058520348	1684	1	phase_loop[1683]	1788609752048536	9173	e8270428f9c0d687	eeb5b7cb9c52ced7
1788609752068562306	1685	1	phase_loop[1684]	1788609752058778	8889	2b0d4c82f9f1f208	eeb5b7cb9c52ced7
1788609752078460532	1686	1	phase_loop[1685]	1788609752068808	8849	a0f277c7545ea5f2	eeb5b7cb9c52ced7
1788609752088404554	1687	1	phase_loop[1686]	1788609752078683	8974	e544c84e489d73e8	eeb5b7cb9c52ced7
1788609752098561530	1688	1	phase_loop[1687]	1788609752088590	9068	4b346532145132dc	eeb5b7cb9c52ced7
1788609752108437704	1689	1	phase_loop[1688]	1788609752098794	8864	3d43409ef1fdd577	eeb5b7cb9c52ced7
1788609752118335408	1690	1	phase_loop[1689]	1788609752108626	9030	f1e275036b974611	eeb5b7cb9c52ced7
1788609752128412412	1691	1	phase_loop[1690]	1788609752118521	9136	812655fe99c1c181	eeb5b7cb9c52ced7
1788609752138456254	1692	1	phase_loop[1691]	1788609752128608	9051	19dc9f82bb42f9be	eeb5b7cb9c52ced7
1788609752148463095	1693	1	phase_loop[1692]	1788609752138648	9011	a040749c3f3a38fa	eeb5b7cb9c52ced7
1788609752158483141	1694	1	phase_loop[1693]	1788609752148651	9012	5ce018d874737dd1	eeb5b7cb9c52ced7
1788609752168583800	1695	1	phase_loop[1694]	1788609752158697	8963	c6d799e41ac673f7	eeb5b7cb9c52ced7
1788609752178423475	1696	1	phase_loop[1695]	1788609752168814	8843	cf0f756ec190826c	eeb5b7cb9c52ced7
1788609752188421429	1697	1	phase_loop[1696]	1788609752178616	9042	11ab0e1aa2898080	eeb5b7cb9c52ced7
1788609752198853615	1698	1	phase_loop[1697]	1788609752188616	9043	5f684a23231849b3	eeb5b7cb9c52ced7
1788609752208431004	1699	1	phase_loop[1698]	1788609752199110	8548	7e679b3c0282ad03	eeb5b7cb9c52ced7
1788609752218304192	1700	1	phase_loop[1699]	1788609752208621	9034	ad157c01f630fa3f	eeb5b7cb9c52ced7
1788609752228497005	1701	1	phase_loop[1700]	1788609752218489	9169	e5b60d1fe35e2b3b	eeb5b7cb9c52ced7
1788609752238499779	1702	1	phase_loop[1701]	1788609752228735	8924	7694357753993192	eeb5b7cb9c52ced7
1788609752248267117	1703	1	phase_loop[1702]	1788609752238697	8957	8eb75191ff89d5c8	eeb5b7cb9c52ced7
1788609752258436766	1704	1	phase_loop[1703]	1788609752248447	9212	27458a7d82bd67fc	eeb5b7cb9c52ced7
1788609752268690224	1705	1	phase_loop[1704]	1788609752258639	9019	ddd3c08ffd685933	eeb5b7cb9c52ced7
1788609752278440289	1706	1	phase_loop[1705]	1788609752268910	8748	17d6e155bf622efc	eeb5b7cb9c52ced7
1788609752288239367	1707	1	phase_loop[1706]	1788609752278626	9026	1ad6f52dfd00ad47	eeb5b7cb9c52ced7
1788609752298594287	1708	1	phase_loop[1707]	1788609752288413	9247	de8f85478b7a31eb	eeb5b7cb9c52ced7
1788609752308444502	1709	1	phase_loop[1708]	1788609752298836	8821	f77b620422621b22	eeb5b7cb9c52ced7
1788609752318375931	1710	1	phase_loop[1709]	1788609752308640	9015	b519572d28b7bdec	eeb5b7cb9c52ced7
1788609752328445040	1711	1	phase_loop[1710]	1788609752318557	9102	b96bf7c0f12794db	eeb5b7cb9c52ced7
1788609752338447312	1712	1	phase_loop[1711]	1788609752328662	8995	54cae345d72fb062	eeb5b7cb9c52ced7
1788609752348312385	1713	1	phase_loop[1712]	1788609752338691	8966	fcd7b4319690fb87	eeb5b7cb9c52ced7
1788609752358475733	1714	1	phase_loop[1713]	1788609752348496	9164	427d9a7fec97aa29	eeb5b7cb9c52ced7
1788609752368516769	1715	1	phase_loop[1714]	1788609752358686	8971	e491060623ab87fe	eeb5b7cb9c52ced7
1788609752378407801	1716	1	phase_loop[1715]	1788609752368790	8869	110e839704611cdc	eeb5b7cb9c52ced7
1788609752388311126	1717	1	phase_loop[1716]	1788609752378611	9076	6ab2624d33ef196b	eeb5b7cb9c52ced7
1788609752398682186	1718	1	phase_loop[1717]	1788609752388494	9165	3b121d718c77810c	eeb5b7cb9c52ced7
1788609752408449234	1719	1	phase_loop[1718]	1788609752398920	8738	5e9917e7a536c40a	eeb5b7cb9c52ced7
1788609752418386814	1720	1	phase_loop[1719]	1788609752408649	9006	ed55cad083237b40	eeb5b7cb9c52ced7
1788609752428417470	1721	1	phase_loop[1720]	1788609752418620	9038	03f20889602ebae1	eeb5b7cb9c52ced7
1788609752438477462	1722	1	phase_loop[1721]	1788609752428617	9042	f60e378b8930d763	eeb5b7cb9c52ced7
1788609752448433928	1723	1	phase_loop[1722]	1788609752438670	8988	2d02eec2e432d791	eeb5b7cb9c52ced7
1788609752458454445	1724	1	phase_loop[1723]	1788609752448620	9040	203d5267303a3909	eeb5b7cb9c52ced7
1788609752468539324	1725	1	phase_loop[1724]	1788609752458659	9001	f450613637908309	eeb5b7cb9c52ced7
1788609752478404087	1726	1	phase_loop[1725]	1788609752468765	8893	30fd6b51e1f5fdf7	eeb5b7cb9c52ced7
1788609752488430034	1727	1	phase_loop[1726]	1788609752478593	9064	35fffbe6c583d2d2	eeb5b7cb9c52ced7
1788609752498581609	1728	1	phase_loop[1727]	1788609752488621	9039	abf44c9b28c47dca	eeb5b7cb9c52ced7
1788609752508442083	1729	1	phase_loop[1728]	1788609752498818	8841	b5a3286f66b2b7da	eeb5b7cb9c52ced7
1788609752518294973	1730	1	phase_loop[1729]	1788609752508630	9025	bdf274a2abf88604	eeb5b7cb9c52ced7
1788609752528472668	1731	1	phase_loop[1730]	1788609752518475	9185	ce79a91260d6a7fd	eeb5b7cb9c52ced7
1788609752538583446	1732	1	phase_loop[1731]	1788609752528683	8978	53cf15bd154e108f	eeb5b7cb9c52ced7
1788609752548315838	1733	1	phase_loop[1732]	1788609752538782	8874	82ac0c762a323fc1	eeb5b7cb9c52ced7
1788609752558509713	1734	1	phase_loop[1733]	1788609752548500	9161	d065aa3215674e3d	eeb5b7cb9c52ced7
1788609752568820489	1735	1	phase_loop[1734]	1788609752558719	8942	799e6501d5485461	eeb5b7cb9c52ced7
1788609752578420480	1736	1	phase_loop[1735]	1788609752569078	8578	3ffbf4886c05ad8e	eeb5b7cb9c52ced7
1788609752588389019	1737	1	phase_loop[1736]	1788609752578612	9044	70454732e327d61f	eeb5b7cb9c52ced7
1788609752598581472	1738	1	phase_loop[1737]	1788609752588598	9060	3ba7bdeff1487817	eeb5b7cb9c52ced7
1788609752608432949	1739	1	phase_loop[1738]	1788609752598826	8832	070f057fc6543949	eeb5b7cb9c52ced7
1788609752618331545	1740	1	phase_loop[1739]	1788609752608627	9029	473bcc6e41beb8aa	eeb5b7cb9c52ced7
1788609752628411875	1741	1	phase_loop[1740]	1788609752618518	9139	535e969d4dc8c0fd	eeb5b7cb9c52ced7
1788609752638472398	1742	1	phase_loop[1741]	1788609752628604	9053	1f14004b2458d135	eeb5b7cb9c52ced7
1788609752648437631	1743	1	phase_loop[1742]	1788609752638683	8974	6b918a644872e3e0	eeb5b7cb9c52ced7
1788609752658474198	1744	1	phase_loop[1743]	1788609752648659	9001	e13cdbc41c9e2fd9	eeb5b7cb9c52ced7
1788609752668505225	1745	1	phase_loop[1744]	1788609752658687	8971	8454aa9e8242fe13	eeb5b7cb9c52ced7
1788609752678405325	1746	1	phase_loop[1745]	1788609752668715	8942	80242d19465f712c	eeb5b7cb9c52ced7
1788609752688282420	1747	1	phase_loop[1746]	1788609752678593	9063	eaf8d07157bb4a4e	eeb5b7cb9c52ced7
1788609752698525649	1748	1	phase_loop[1747]	1788609752688465	9196	6df546e96d7dbdb2	eeb5b7cb9c52ced7
1788609752708436148	1749	1	phase_loop[1748]	1788609752698757	8902	13e4077e775a3bb4	eeb5b7cb9c52ced7
1788609752718500919	1750	1	phase_loop[1749]	1788609752708626	9077	7faf5b71c68282ba	eeb5b7cb9c52ced7
1788609752728413451	1751	1	phase_loop[1750]	1788609752718745	8913	c19c37f122ec873a	eeb5b7cb9c52ced7
1788609752738470638	1752	1	phase_loop[1751]	1788609752728611	9049	61cdda7194ecdc9d	eeb5b7cb9c52ced7
1788609752748422134	1753	1	phase_loop[1752]	1788609752738702	8955	6de40cbcc95aca98	eeb5b7cb9c52ced7
1788609752758434005	1754	1	phase_loop[1753]	1788609752748615	9043	d54736ba74454881	eeb5b7cb9c52ced7
1788609752768510558	1755	1	phase_loop[1754]	1788609752758634	9025	b3d41481c1cf9f85	eeb5b7cb9c52ced7
1788609752778402011	1756	1	phase_loop[1755]	1788609752768728	8929	2f266b373e3cbabe	eeb5b7cb9c52ced7
1788609752788434441	1757	1	phase_loop[1756]	1788609752778589	9067	4cd381ed5cb9dad8	eeb5b7cb9c52ced7
1788609752798568082	1758	1	phase_loop[1757]	1788609752788636	9022	272de1f1a2c93afd	eeb5b7cb9c52ced7
1788609752808431101	1759	1	phase_loop[1758]	1788609752798798	8859	7467a7077d84d9d7	eeb5b7cb9c52ced7
1788609752818296074	1760	1	phase_loop[1759]	1788609752808620	9034	b89a0db247d615ac	eeb5b7cb9c52ced7
1788609752828441567	1761	1	phase_loop[1760]	1788609752818479	9177	97ae8ef7bf36c095	eeb5b7cb9c52ced7
1788609752838471322	1762	1	phase_loop[1761]	1788609752828636	9024	d6dad564614751b6	eeb5b7cb9c52ced7
1788609752848423740	1763	1	phase_loop[1762]	1788609752838665	8993	59d5e05eebe3f4bf	eeb5b7cb9c52ced7
1788609752858439979	1764	1	phase_loop[1763]	1788609752848619	9038	b4af09d80284f1d8	eeb5b7cb9c52ced7
1788609752868664783	1765	1	phase_loop[1764]	1788609752858647	9014	ac38f18fab984d13	eeb5b7cb9c52ced7
1788609752878465755	1766	1	phase_loop[1765]	1788609752868924	8733	677af46db243303b	eeb5b7cb9c52ced7
1788609752888508774	1767	1	phase_loop[1766]	1788609752878661	8996	65370ed393d29a5d	eeb5b7cb9c52ced7
1788609752898416959	1768	1	phase_loop[1767]	1788609752888768	8889	0d21c950e697037b	eeb5b7cb9c52ced7
1788609752908563084	1769	1	phase_loop[1768]	1788609752898606	9053	e9ab185a996182cf	eeb5b7cb9c52ced7
1788609752918323669	1770	1	phase_loop[1769]	1788609752908820	8836	3815b37367ef5642	eeb5b7cb9c52ced7
1788609752928418597	1771	1	phase_loop[1770]	1788609752918507	9151	ec7722ada88879a1	eeb5b7cb9c52ced7
1788609752938518143	1772	1	phase_loop[1771]	1788609752928617	9042	9784c2b1b4b76cab	eeb5b7cb9c52ced7
1788609752948297464	1773	1	phase_loop[1772]	1788609752938738	8919	3d1d44a9e176b9e6	eeb5b7cb9c52ced7
1788609752958468316	1774	1	phase_loop[1773]	1788609752948489	9170	3aeb529ce8b27f25	eeb5b7cb9c52ced7
1788609752968548295	1775	1	phase_loop[1774]	1788609752958674	8986	13392676e361f10f	eeb5b7cb9c52ced7
1788609752978426653	1776	1	phase_loop[1775]	1788609752968873	8785	bbe6a20d7ad43fd6	eeb5b7cb9c52ced7
1788609752988315982	1777	1	phase_loop[1776]	1788609752978633	9022	4a0dcfcfbee61298	eeb5b7cb9c52ced7
1788609752998544263	1778	1	phase_loop[1777]	1788609752988505	9152	3e1dbbb091f3dd74	eeb5b7cb9c52ced7
1788609753008462436	1779	1	phase_loop[1778]	1788609752998781	8879	52210dbeabe7227c	eeb5b7cb9c52ced7
1788609753018416818	1780	1	phase_loop[1779]	1788609753008655	9004	676513cce4b2ae3e	eeb5b7cb9c52ced7
1788609753028492730	1781	1	phase_loop[1780]	1788609753018621	9037	c41f863897c9ec6f	eeb5b7cb9c52ced7
1788609753038576486	1782	1	phase_loop[1781]	1788609753028695	8968	701cb5de8928a89f	eeb5b7cb9c52ced7
1788609753048410030	1783	1	phase_loop[1782]	1788609753038805	8883	a70ded09a0995feb	eeb5b7cb9c52ced7
1788609753058442629	1784	1	phase_loop[1783]	1788609753048596	9062	d5a6dbceeeb78808	eeb5b7cb9c52ced7
1788609753068605967	1785	1	phase_loop[1784]	1788609753058646	9014	8944fad1514032ed	eeb5b7cb9c52ced7
1788609753078410615	1786	1	phase_loop[1785]	1788609753068831	8826	1fc02d50a3f541cc	eeb5b7cb9c52ced7
1788609753088433416	1787	1	phase_loop[1786]	1788609753078597	9061	59dbcfe9f3c32af8	eeb5b7cb9c52ced7
1788609753098570334	1788	1	phase_loop[1787]	1788609753088620	9040	45ec32e308b6105a	eeb5b7cb9c52ced7
1788609753108431940	1789	1	phase_loop[1788]	1788609753098805	8854	51930e6a250d1154	eeb5b7cb9c52ced7
1788609753118323633	1790	1	phase_loop[1789]	1788609753108622	9034	24929d6d30d6b325	eeb5b7cb9c52ced7
1788609753128406979	1791	1	phase_loop[1790]	1788609753118510	9147	6a2f06fd706fd563	eeb5b7cb9c52ced7
1788609753138469375	1792	1	phase_loop[1791]	1788609753128605	9056	7946c9ef45b29756	eeb5b7cb9c52ced7
1788609753148424238	1793	1	phase_loop[1792]	1788609753138664	8994	1a407a4618ee43ab	eeb5b7cb9c52ced7
1788609753158443493	1794	1	phase_loop[1793]	1788609753148614	9045	4096cb86165db4b7	eeb5b7cb9c52ced7
1788609753168466264	1795	1	phase_loop[1794]	1788609753158645	9014	aaaedd72610dd500	eeb5b7cb9c52ced7
1788609753178435654	1796	1	phase_loop[1795]	1788609753168728	8929	0485644f4d9163be	eeb5b7cb9c52ced7
1788609753188550189	1797	1	phase_loop[1796]	1788609753178627	9033	bdca5c6714dc558d	eeb5b7cb9c52ced7
1788609753198577028	1798	1	phase_loop[1797]	1788609753188785	8876	1ae52952c56d9a06	eeb5b7cb9c52ced7
1788609753208456248	1799	1	phase_loop[1798]	1788609753198812	8847	088fd751ad08985b	eeb5b7cb9c52ced7
1788609753218286375	1800	1	phase_loop[1799]	1788609753208644	9010	679e53c7cb97a437	eeb5b7cb9c52ced7
1788609753229091135	1801	1	phase_loop[1800]	1788609753218468	9191	9fb1ff7c6b7da512	eeb5b7cb9c52ced7
1788609753238528669	1802	1	phase_loop[1801]	1788609753229400	8258	6473d9a64e90e4b0	eeb5b7cb9c52ced7
1788609753248297490	1803	1	phase_loop[1802]	1788609753238747	8909	0375d662d83c7d44	eeb5b7cb9c52ced7
1788609753258447152	1804	1	phase_loop[1803]	1788609753248478	9183	217e117c807844bb	eeb5b7cb9c52ced7
1788609753268574030	1805	1	phase_loop[1804]	1788609753258653	9009	54af130e8ba10012	eeb5b7cb9c52ced7
1788609753278407343	1806	1	phase_loop[1805]	1788609753268797	8861	690cfbf375017a16	eeb5b7cb9c52ced7
1788609753288357517	1807	1	phase_loop[1806]	1788609753278595	9060	5a58a40ca75bfe59	eeb5b7cb9c52ced7
1788609753298600514	1808	1	phase_loop[1807]	1788609753288544	9115	3b9407a98d6d8608	eeb5b7cb9c52ced7
1788609753308428527	1809	1	phase_loop[1808]	1788609753298838	8819	95f5a3be1c5f0eea	eeb5b7cb9c52ced7
1788609753318423807	1810	1	phase_loop[1809]	1788609753308624	9035	da33c027d55ad326	eeb5b7cb9c52ced7
1788609753328404679	1811	1	phase_loop[1810]	1788609753318613	9043	f32edddbbfcde5ae	eeb5b7cb9c52ced7
1788609753338574738	1812	1	phase_loop[1811]	1788609753328604	9058	64089adb979cc6bd	eeb5b7cb9c52ced7
1788609753348374458	1813	1	phase_loop[1812]	1788609753338798	8859	6d32b8f1e2b3eeae	eeb5b7cb9c52ced7
1788609753358555729	1814	1	phase_loop[1813]	1788609753348564	9095	aa5c3dae5f911645	eeb5b7cb9c52ced7
1788609753368657990	1815	1	phase_loop[1814]	1788609753358773	8888	829ebf314c52c1a6	eeb5b7cb9c52ced7
1788609753378908823	1816	1	phase_loop[1815]	1788609753368979	8717	393c1efed7a5d5b1	eeb5b7cb9c52ced7
1788609753388473388	1817	1	phase_loop[1816]	1788609753379161	8498	c6b1130ff4055dc4	eeb5b7cb9c52ced7
1788609753400223076	1818	1	phase_loop[1817]	1788609753388689	8970	11f91a94e07ba21e	eeb5b7cb9c52ced7
1788609753408421275	1819	1	phase_loop[1818]	1788609753400462	7197	aedeb53017494d64	eeb5b7cb9c52ced7
1788609753418407507	1820	1	phase_loop[1819]	1788609753408647	9010	65beef394ac3d014	eeb5b7cb9c52ced7
1788609753428748401	1821	1	phase_loop[1820]	1788609753418602	9054	44bd25700f932b2d	eeb5b7cb9c52ced7
1788609753438731717	1822	1	phase_loop[1821]	1788609753429074	8582	5b367e0fa0ff477d	eeb5b7cb9c52ced7
1788609753448427510	1823	1	phase_loop[1822]	1788609753438976	8682	380050c46126d4b7	eeb5b7cb9c52ced7
1788609753458524061	1824	1	phase_loop[1823]	1788609753448648	9012	b3079bbc0e16e459	eeb5b7cb9c52ced7
1788609753468648805	1825	1	phase_loop[1824]	1788609753458750	8910	66ae8bc40ee7eddc	eeb5b7cb9c52ced7
1788609753478530579	1826	1	phase_loop[1825]	1788609753468883	8775	16dd2f5f6136b069	eeb5b7cb9c52ced7
1788609753488447641	1827	1	phase_loop[1826]	1788609753478746	8913	6483590f491f6016	eeb5b7cb9c52ced7
1788609753498552527	1828	1	phase_loop[1827]	1788609753488644	9015	48af2a7f415440bc	eeb5b7cb9c52ced7
1788609753508445483	1829	1	phase_loop[1828]	1788609753498783	8874	93c7c6b90cbd5709	eeb5b7cb9c52ced7
1788609753518422518	1830	1	phase_loop[1829]	1788609753508638	9017	33668707c70e5828	eeb5b7cb9c52ced7
1788609753528741820	1831	1	phase_loop[1830]	1788609753518614	9045	e72efd65b43563a5	eeb5b7cb9c52ced7
1788609753538480103	1832	1	phase_loop[1831]	1788609753528986	8673	c25fc8a60f8d85e8	eeb5b7cb9c52ced7
1788609753548355986	1833	1	phase_loop[1832]	1788609753538670	8984	b41197d967c0d71d	eeb5b7cb9c52ced7
1788609753558454862	1834	1	phase_loop[1833]	1788609753548563	9098	a4d8fefb79703ded	eeb5b7cb9c52ced7
1788609753568509543	1835	1	phase_loop[1834]	1788609753558662	8998	a0569cf058467883	eeb5b7cb9c52ced7
1788609753578421906	1836	1	phase_loop[1835]	1788609753568728	8930	453accab5ee3385b	eeb5b7cb9c52ced7
1788609753588338727	1837	1	phase_loop[1836]	1788609753578611	9045	62db65e7c3ff47fc	eeb5b7cb9c52ced7
1788609753598661365	1838	1	phase_loop[1837]	1788609753588530	9130	892e99e5b00339f2	eeb5b7cb9c52ced7
1788609753608436568	1839	1	phase_loop[1838]	1788609753598895	8764	cf12c92fc1b99c17	eeb5b7cb9c52ced7
1788609753618438890	1840	1	phase_loop[1839]	1788609753608628	9030	81611a641b9abafc	eeb5b7cb9c52ced7
1788609753628417639	1841	1	phase_loop[1840]	1788609753618630	9027	6809a2691fd39506	eeb5b7cb9c52ced7
1788609753638473582	1842	1	phase_loop[1841]	1788609753628619	9040	345ddd2376250d07	eeb5b7cb9c52ced7
1788609753648308168	1843	1	phase_loop[1842]	1788609753638667	8988	4483f8af439acc70	eeb5b7cb9c52ced7
1788609753658582515	1844	1	phase_loop[1843]	1788609753648489	9174	4525ce028d45b5b0	eeb5b7cb9c52ced7
1788609753668467255	1845	1	phase_loop[1844]	1788609753658811	8850	15a42665738c907d	eeb5b7cb9c52ced7
1788609753678588753	1846	1	phase_loop[1845]	1788609753668701	8959	4451b706863b5cd6	eeb5b7cb9c52ced7
1788609753688390637	1847	1	phase_loop[1846]	1788609753678839	8818	d8168155e0b7e1a1	eeb5b7cb9c52ced7
1788609753700011701	1848	1	phase_loop[1847]	1788609753688577	9085	a19e4e87b6fb810c	eeb5b7cb9c52ced7
1788609753708481014	1849	1	phase_loop[1848]	1788609753700244	7460	e3df87e55d4b755a	eeb5b7cb9c52ced7
1788609753718383437	1850	1	phase_loop[1849]	1788609753708672	8983	aa8e413da4efb6a8	eeb5b7cb9c52ced7
1788609753728440854	1851	1	phase_loop[1850]	1788609753718578	9082	76cd4c629b0e55bd	eeb5b7cb9c52ced7
1788609753738445752	1852	1	phase_loop[1851]	1788609753728635	9024	d1d801b9747e79be	eeb5b7cb9c52ced7
1788609753748420222	1853	1	phase_loop[1852]	1788609753738636	9021	6c65955c7710d534	eeb5b7cb9c52ced7
1788609753758448082	1854	1	phase_loop[1853]	1788609753748608	9051	a15e7f730d47b8cc	eeb5b7cb9c52ced7
1788609753768652026	1855	1	phase_loop[1854]	1788609753758655	9004	b8bdeb6215e504d4	eeb5b7cb9c52ced7
1788609753778432269	1856	1	phase_loop[1855]	1788609753768934	8724	49bb7b7e25bca690	eeb5b7cb9c52ced7
1788609753788392502	1857	1	phase_loop[1856]	1788609753778620	9035	57d4e8248925704f	eeb5b7cb9c52ced7
1788609753798553945	1858	1	phase_loop[1857]	1788609753788588	9071	460ac6b4b2dd08cc	eeb5b7cb9c52ced7
1788609753808423898	1859	1	phase_loop[1858]	1788609753798788	8869	a7371d87c7ed3340	eeb5b7cb9c52ced7
1788609753818299681	1860	1	phase_loop[1859]	1788609753808611	9045	1ea5ce64c167881a	eeb5b7cb9c52ced7
1788609753829042765	1861	1	phase_loop[1860]	1788609753818482	9175	194bad72994c80be	eeb5b7cb9c52ced7
1788609753838529873	1862	1	phase_loop[1861]	1788609753829271	8388	9490bf897d034644	eeb5b7cb9c52ced7
1788609753848464728	1863	1	phase_loop[1862]	1788609753838732	8923	7bf5d2bf31b180d2	eeb5b7cb9c52ced7
1788609753858460708	1864	1	phase_loop[1863]	1788609753848695	8966	431242ec9bfe734c	eeb5b7cb9c52ced7
1788609753868654012	1865	1	phase_loop[1864]	1788609753858665	8995	e7f4a29b27ec12d2	eeb5b7cb9c52ced7
1788609753878409898	1866	1	phase_loop[1865]	1788609753868923	8734	b8d2511f6094a863	eeb5b7cb9c52ced7
1788609753888319806	1867	1	phase_loop[1866]	1788609753878597	9059	b4e95ed9f6e54385	eeb5b7cb9c52ced7
1788609753898591568	1868	1	phase_loop[1867]	1788609753888504	9156	fe569ef2e2828af1	eeb5b7cb9c52ced7
1788609753908463424	1869	1	phase_loop[1868]	1788609753898830	8828	3b42b68cb98cb36f	eeb5b7cb9c52ced7
1788609753918517054	1870	1	phase_loop[1869]	1788609753908657	9000	07b32d3bc77ebeeb	eeb5b7cb9c52ced7
1788609753928417153	1871	1	phase_loop[1870]	1788609753918708	8949	061667e29147c518	eeb5b7cb9c52ced7
1788609753938614294	1872	1	phase_loop[1871]	1788609753928617	9044	61db5640f69c5c8a	eeb5b7cb9c52ced7
1788609753948421448	1873	1	phase_loop[1872]	1788609753938839	8818	3a17c2cea004e4a8	eeb5b7cb9c52ced7
1788609753958461642	1874	1	phase_loop[1873]	1788609753948614	9047	743d20e568466799	eeb5b7cb9c52ced7
1788609753968586456	1875	1	phase_loop[1874]	1788609753958667	8991	d102097da8bfeae0	eeb5b7cb9c52ced7
1788609753978455076	1876	1	phase_loop[1875]	1788609753968811	8846	91513d4be911f792	eeb5b7cb9c52ced7
1788609753988347019	1877	1	phase_loop[1876]	1788609753978672	8986	ffe4d79c1478cbbd	eeb5b7cb9c52ced7
1788609754000129420	1878	1	phase_loop[1877]	1788609753988543	9122	a3c324d2ad82b642	eeb5b7cb9c52ced7
1788609754008465550	1879	1	phase_loop[1878]	1788609754000379	7279	91473e049580b17e	eeb5b7cb9c52ced7
1788609754018311978	1880	1	phase_loop[1879]	1788609754008684	8971	8e4afcdc9db56f12	eeb5b7cb9c52ced7
1788609754028416864	1881	1	phase_loop[1880]	1788609754018493	9165	f549087e0b863c6e	eeb5b7cb9c52ced7
1788609754038509387	1882	1	phase_loop[1881]	1788609754028611	9095	7b47f7c0b4f4e238	eeb5b7cb9c52ced7
1788609754048481272	1883	1	phase_loop[1882]	1788609754038699	8959	29f135369c5ae5c8	eeb5b7cb9c52ced7
1788609754058437888	1884	1	phase_loop[1883]	1788609754048674	8984	db8f47c80f2d6343	eeb5b7cb9c52ced7
1788609754068472021	1885	1	phase_loop[1884]	1788609754058639	9021	7f394c9e44185a29	eeb5b7cb9c52ced7
1788609754078427795	1886	1	phase_loop[1885]	1788609754068681	8977	18d3a29c6258cafd	eeb5b7cb9c52ced7
1788609754088316382	1887	1	phase_loop[1886]	1788609754078619	9035	9db4e797eec1ffae	eeb5b7cb9c52ced7
1788609754098569089	1888	1	phase_loop[1887]	1788609754088501	9157	18c738fe8da2e619	eeb5b7cb9c52ced7
1788609754108458027	1889	1	phase_loop[1888]	1788609754098801	8857	8a32137665bf5273	eeb5b7cb9c52ced7
1788609754118313972	1890	1	phase_loop[1889]	1788609754108649	9006	f2c61b1fc22873a2	eeb5b7cb9c52ced7
1788609754128418047	1891	1	phase_loop[1890]	1788609754118498	9161	9d0c57983373cb79	eeb5b7cb9c52ced7
1788609754138445176	1892	1	phase_loop[1891]	1788609754128617	9041	3543001751b85e7a	eeb5b7cb9c52ced7
1788609754149012999	1893	1	phase_loop[1892]	1788609754138636	9021	53a262f035884f5b	eeb5b7cb9c52ced7
1788609754158499305	1894	1	phase_loop[1893]	1788609754149500	8160	8e1dd60d73686428	eeb5b7cb9c52ced7
1788609754168590947	1895	1	phase_loop[1894]	1788609754158716	8944	26295a41e8ef0cf4	eeb5b7cb9c52ced7
1788609754178445760	1896	1	phase_loop[1895]	1788609754168884	8773	f56688e41d3a1e09	eeb5b7cb9c52ced7
1788609754188628804	1897	1	phase_loop[1896]	1788609754178631	9026	a54b418715ba300b	eeb5b7cb9c52ced7
1788609754198586572	1898	1	phase_loop[1897]	1788609754188848	8811	a595d2a21e4a0113	eeb5b7cb9c52ced7
1788609754208447948	1899	1	phase_loop[1898]	1788609754198829	8829	4a237a91d9c30c11	eeb5b7cb9c52ced7
1788609754218418360	1900	1	phase_loop[1899]	1788609754208641	9017	14a348d71ff2e0f0	eeb5b7cb9c52ced7
1788609754228439859	1901	1	phase_loop[1900]	1788609754218609	9047	cf13abc0780f8eb5	eeb5b7cb9c52ced7
1788609754238516783	1902	1	phase_loop[1901]	1788609754228633	9024	65b6071b51769934	eeb5b7cb9c52ced7
1788609754248318606	1903	1	phase_loop[1902]	1788609754238717	8940	0585d72cdef7973b	eeb5b7cb9c52ced7
1788609754258449722	1904	1	phase_loop[1903]	1788609754248503	9154	219f48baa853b1df	eeb5b7cb9c52ced7
1788609754268491670	1905	1	phase_loop[1904]	1788609754258653	9004	092f8e812a661fb3	eeb5b7cb9c52ced7
1788609754278439409	1906	1	phase_loop[1905]	1788609754268701	8957	5f32fdcb0633cfbc	eeb5b7cb9c52ced7
1788609754288337073	1907	1	phase_loop[1906]	1788609754278627	9027	d47558dd21cf6c20	eeb5b7cb9c52ced7
1788609754299388350	1908	1	phase_loop[1907]	1788609754288519	9147	f519407ead9b331f	eeb5b7cb9c52ced7
1788609754308444923	1909	1	phase_loop[1908]	1788609754299633	8025	222caedcfb5958af	eeb5b7cb9c52ced7
1788609754318414384	1910	1	phase_loop[1909]	1788609754308634	9021	76cee5a45d7b6559	eeb5b7cb9c52ced7
1788609754328447735	1911	1	phase_loop[1910]	1788609754318609	9049	ae5020cdfb001ba8	eeb5b7cb9c52ced7
1788609754338452542	1912	1	phase_loop[1911]	1788609754328637	9024	c475b76594aecbbf	eeb5b7cb9c52ced7
1788609754348490322	1913	1	phase_loop[1912]	1788609754338682	8974	7f0ec4cf8cf75a9a	eeb5b7cb9c52ced7
1788609754358444453	1914	1	phase_loop[1913]	1788609754348685	8974	0f48e2869c27ca5c	eeb5b7cb9c52ced7
1788609754368681680	1915	1	phase_loop[1914]	1788609754358651	9055	dde81e1ffe1d97bc	eeb5b7cb9c52ced7
1788609754378426275	1916	1	phase_loop[1915]	1788609754369035	8623	eade6f842d7e8c92	eeb5b7cb9c52ced7
1788609754388436422	1917	1	phase_loop[1916]	1788609754378620	9037	e330f6e07fcd06d5	eeb5b7cb9c52ced7
1788609754399206507	1918	1	phase_loop[1917]	1788609754388638	9024	402ae8acc15bbc2b	eeb5b7cb9c52ced7
1788609754408657346	1919	1	phase_loop[1918]	1788609754399442	8216	54c13510950ebd16	eeb5b7cb9c52ced7
1788609754418422710	1920	1	phase_loop[1919]	1788609754408901	8756	dc8dd85d7398a8cb	eeb5b7cb9c52ced7
1788609754428629389	1921	1	phase_loop[1920]	1788609754418622	9035	6451bab829887312	eeb5b7cb9c52ced7
1788609754438617204	1922	1	phase_loop[1921]	1788609754428869	8789	3229a2978b98fd87	eeb5b7cb9c52ced7
1788609754448473851	1923	1	phase_loop[1922]	1788609754438865	8796	0962a06f0a996550	eeb5b7cb9c52ced7
1788609754458543681	1924	1	phase_loop[1923]	1788609754448690	8971	5c7bdb2f5fe863e2	eeb5b7cb9c52ced7
1788609754469175615	1925	1	phase_loop[1924]	1788609754458780	8881	bbc62883e5e5c50c	eeb5b7cb9c52ced7
1788609754478526335	1926	1	phase_loop[1925]	1788609754469410	8248	382315c365b4b95a	eeb5b7cb9c52ced7
1788609754488442514	1927	1	phase_loop[1926]	1788609754478744	8914	bdec26a3009eb650	eeb5b7cb9c52ced7
1788609754499484764	1928	1	phase_loop[1927]	1788609754488671	8990	55b3a5b4f3661629	eeb5b7cb9c52ced7
1788609754508594788	1929	1	phase_loop[1928]	1788609754499722	7937	c38d28a4783dcae9	eeb5b7cb9c52ced7
1788609754518423132	1930	1	phase_loop[1929]	1788609754508823	8833	b661672e32b1bd3a	eeb5b7cb9c52ced7
1788609754528448478	1931	1	phase_loop[1930]	1788609754518614	9043	2726ca3b8a569e0d	eeb5b7cb9c52ced7
1788609754538511826	1932	1	phase_loop[1931]	1788609754528651	9008	20ac6f9c390c8978	eeb5b7cb9c52ced7
1788609754548393760	1933	1	phase_loop[1932]	1788609754538707	8949	aa22c6987ac2cc26	eeb5b7cb9c52ced7
1788609754558540115	1934	1	phase_loop[1933]	1788609754548585	9074	14d8a641900e6ea5	eeb5b7cb9c52ced7
1788609754569283590	1935	1	phase_loop[1934]	1788609754558752	8904	4b10ded467eff498	eeb5b7cb9c52ced7
1788609754578486831	1936	1	phase_loop[1935]	1788609754569491	8167	18837029a31a68bd	eeb5b7cb9c52ced7
1788609754588466601	1937	1	phase_loop[1936]	1788609754578723	8935	1628bba8920598d8	eeb5b7cb9c52ced7
1788609754599117149	1938	1	phase_loop[1937]	1788609754588663	8996	de9e80f02c964aea	eeb5b7cb9c52ced7
1788609754608441058	1939	1	phase_loop[1938]	1788609754599337	8320	70a5fa2886cf462d	eeb5b7cb9c52ced7
1788609754618447559	1940	1	phase_loop[1939]	1788609754608634	9024	3577fc7403fc7325	eeb5b7cb9c52ced7
1788609754628445473	1941	1	phase_loop[1940]	1788609754618660	8997	7842aa35fe7120b7	eeb5b7cb9c52ced7
1788609754638999529	1942	1	phase_loop[1941]	1788609754628655	9010	85a7b9cae8ff7293	eeb5b7cb9c52ced7
1788609754648408138	1943	1	phase_loop[1942]	1788609754639235	8420	624fa12f626adddd	eeb5b7cb9c52ced7
1788609754658545356	1944	1	phase_loop[1943]	1788609754648597	9063	8a3c24c03807cc5d	eeb5b7cb9c52ced7
1788609754668581493	1945	1	phase_loop[1944]	1788609754658832	8826	1e4f12edd48d86ce	eeb5b7cb9c52ced7
1788609754678445584	1946	1	phase_loop[1945]	1788609754668831	8826	9041dec3d82e1a56	eeb5b7cb9c52ced7
1788609754688407850	1947	1	phase_loop[1946]	1788609754678650	9007	e2c77d17c52cdaaf	eeb5b7cb9c52ced7
1788609754698624699	1948	1	phase_loop[1947]	1788609754688595	9118	ac9fd58a62d215cd	eeb5b7cb9c52ced7
1788609754708435960	1949	1	phase_loop[1948]	1788609754698860	8797	638aba5232e9e3bf	eeb5b7cb9c52ced7
1788609754718348352	1950	1	phase_loop[1949]	1788609754708630	9025	1efcb36a9dee1041	eeb5b7cb9c52ced7
1788609754728476332	1951	1	phase_loop[1950]	1788609754718529	9131	2d8b776f963776e8	eeb5b7cb9c52ced7
1788609754738457895	1952	1	phase_loop[1951]	1788609754728692	8966	657101fe9558b055	eeb5b7cb9c52ced7
1788609754748410935	1953	1	phase_loop[1952]	1788609754738652	9004	d39374f5a2bbe2bd	eeb5b7cb9c52ced7
1788609754758436271	1954	1	phase_loop[1953]	1788609754748599	9060	1664ddf263793399	eeb5b7cb9c52ced7
1788609754768650464	1955	1	phase_loop[1954]	1788609754758637	9022	f098a13557bdd30c	eeb5b7cb9c52ced7
1788609754778520496	1956	1	phase_loop[1955]	1788609754768960	8699	0003c0ca64ca9e1d	eeb5b7cb9c52ced7
1788609754788457896	1957	1	phase_loop[1956]	1788609754778717	8941	5b2f6594e79f72a4	eeb5b7cb9c52ced7
1788609754799211730	1958	1	phase_loop[1957]	1788609754788681	8978	144fcacd15e82e49	eeb5b7cb9c52ced7
1788609754808500002	1959	1	phase_loop[1958]	1788609754799448	8211	8a1c48f4282176a0	eeb5b7cb9c52ced7
1788609754818436269	1960	1	phase_loop[1959]	1788609754808764	8892	12337e7ab0767051	eeb5b7cb9c52ced7
1788609754828483056	1961	1	phase_loop[1960]	1788609754818624	9034	52a7ce9cba67a03c	eeb5b7cb9c52ced7
1788609754838471271	1962	1	phase_loop[1961]	1788609754828681	8977	7491f17b78ff3413	eeb5b7cb9c52ced7
1788609754848327588	1963	1	phase_loop[1962]	1788609754838662	8994	1a9a53c63a32deb3	eeb5b7cb9c52ced7
1788609754858462190	1964	1	phase_loop[1963]	1788609754848508	9152	269f3a34d01eef5b	eeb5b7cb9c52ced7
1788609754868535788	1965	1	phase_loop[1964]	1788609754858665	8994	fb6eebb038f16fc2	eeb5b7cb9c52ced7
1788609754878520036	1966	1	phase_loop[1965]	1788609754868751	8906	a70dcdc778dba6ee	eeb5b7cb9c52ced7
1788609754888307171	1967	1	phase_loop[1966]	1788609754878712	8944	35181b1a8b6710d0	eeb5b7cb9c52ced7
1788609754898438648	1968	1	phase_loop[1967]	1788609754888488	9171	f855a897593a65a5	eeb5b7cb9c52ced7
1788609754908471959	1969	1	phase_loop[1968]	1788609754898667	8991	c23750daefd2c1bc	eeb5b7cb9c52ced7
1788609754918459624	1970	1	phase_loop[1969]	1788609754908665	8992	9f476c0b146a1068	eeb5b7cb9c52ced7
1788609754928402815	1971	1	phase_loop[1970]	1788609754918649	9007	be094c0c58084023	eeb5b7cb9c52ced7
1788609754938495718	1972	1	phase_loop[1971]	1788609754928595	9069	8e363e8359cf29b1	eeb5b7cb9c52ced7
1788609754948410265	1973	1	phase_loop[1972]	1788609754938718	8940	e981ed8e553cf0e9	eeb5b7cb9c52ced7
1788609754958617054	1974	1	phase_loop[1973]	1788609754948600	9062	daf3185de66684a3	eeb5b7cb9c52ced7
1788609754968392998	1975	1	phase_loop[1974]	1788609754958887	8770	613c4b96c109bc4e	eeb5b7cb9c52ced7
1788609754978435296	1976	1	phase_loop[1975]	1788609754968602	9055	11cf83f49a10811a	eeb5b7cb9c52ced7
1788609754988402773	1977	1	phase_loop[1976]	1788609754978629	9027	ab8db38099810faa	eeb5b7cb9c52ced7
1788609754998422148	1978	1	phase_loop[1977]	1788609754988594	9062	bc65b200ef2935de	eeb5b7cb9c52ced7
1788609755008574494	1979	1	phase_loop[1978]	1788609754998610	9048	ed785b6531d064e3	eeb5b7cb9c52ced7
1788609755018577848	1980	1	phase_loop[1979]	1788609755008826	8834	0326c318b978afcb	eeb5b7cb9c52ced7
1788609755028487385	1981	1	phase_loop[1980]	1788609755018789	8910	d3c9b4328b703901	eeb5b7cb9c52ced7
1788609755038557937	1982	1	phase_loop[1981]	1788609755028696	8963	5ae400d845b005d9	eeb5b7cb9c52ced7
1788609755048289968	1983	1	phase_loop[1982]	1788609755038755	8900	cbe3ae900c641d64	eeb5b7cb9c52ced7
1788609755058431323	1984	1	phase_loop[1983]	1788609755048476	9181	53e9c80936f02bde	eeb5b7cb9c52ced7
1788609755068606522	1985	1	phase_loop[1984]	1788609755058633	9029	af69e8fa94cd65b0	eeb5b7cb9c52ced7
1788609755078433814	1986	1	phase_loop[1985]	1788609755068835	8822	faa2bb2828f8dcec	eeb5b7cb9c52ced7
1788609755088437028	1987	1	phase_loop[1986]	1788609755078623	9035	972da0ae58aef30d	eeb5b7cb9c52ced7
1788609755099409526	1988	1	phase_loop[1987]	1788609755088630	9029	67c18ea6e9ea0a2d	eeb5b7cb9c52ced7
1788609755108496807	1989	1	phase_loop[1988]	1788609755099651	8006	ea8ca42ca0e1dd3a	eeb5b7cb9c52ced7
1788609755118438364	1990	1	phase_loop[1989]	1788609755108723	8933	ff6faabbcd6f7f99	eeb5b7cb9c52ced7
1788609755128523513	1991	1	phase_loop[1990]	1788609755118635	9021	7625a52bbfcc8b4e	eeb5b7cb9c52ced7
1788609755138458789	1992	1	phase_loop[1991]	1788609755128759	8903	b5b4d24fe547d6cf	eeb5b7cb9c52ced7
1788609755148308553	1993	1	phase_loop[1992]	1788609755138653	9002	d3d2f418ad36b821	eeb5b7cb9c52ced7
1788609755158467121	1994	1	phase_loop[1993]	1788609755148502	9157	f6fe2216c4ae295b	eeb5b7cb9c52ced7
1788609755168563230	1995	1	phase_loop[1994]	1788609755158673	8987	a7e1f4a312fe0094	eeb5b7cb9c52ced7
1788609755178438923	1996	1	phase_loop[1995]	1788609755168854	8803	431e31cbe8fbc91e	eeb5b7cb9c52ced7
1788609755188404546	1997	1	phase_loop[1996]	1788609755178628	9029	51bf801da9a7da93	eeb5b7cb9c52ced7
1788609755198595525	1998	1	phase_loop[1997]	1788609755188604	9054	fad5c6b8c460a368	eeb5b7cb9c52ced7
1788609755208444968	1999	1	phase_loop[1998]	1788609755198832	8825	497f1ad81909774a	eeb5b7cb9c52ced7
1788609755218431721	2000	1	phase_loop[1999]	1788609755208646	9010	da242483daa72702	eeb5b7cb9c52ced7
1788609755219152986	2001	1	phase_loop[2000]	1788609755218625	13	9da5b438cc989432	eeb5b7cb9c52ced7
1788609755219904057	2002	1	phase[0]	1788609735233465	19985846	eeb5b7cb9c52ced7	e0aaebca018c437d
1788609755220568253	2003	1	thread_loop[0]	1788609735233456	19986607	e0aaebca018c437d	46677644fab5c7a6
1788609755221424774	2004	1	HI_task-0	1788609735217731	19999954	46677644fab5c7a6	03f4149fa9c03bf2
1788609755222263180	2005	1	main	1788609735216119	20005632	03f4149fa9c03bf2	-
