#idx     perf      run   period           start             end          rel_st      slack c_duration   c_period     wu_lat
   0       68     2044     2046      9339863723      9339865769           33128     -24874       2000      10000          0
   0       68     2044     2044      9339865805      9339867850           35210     -16955       2000      10000          0
   0       68     2044     2044      9339867867      9339869911           37272      -9017       2000      10000          0
   0       68     2043     2043      9339869927      9339871970           39332      -1075       2000      10000          0
   0       68     2044     8919      9339871984      9339880902           41389       6867       2000      10000          8
   0       68     2043     9985      9339880917      9339890902           50322       7934       2000      10000          8
   0       68     2043     9986      9339890917      9339900903           60321       7935       2000      10000          8
   0       68     2044     9986      9339900917      9339910903           70322       7934       2000      10000          8
   0       68     2043     9986      9339910916      9339920903           80321       7935       2000      10000          8
   0       68     2043     9986      9339920917      9339930902           90322       7935       2000      10000          8
   0       68     2044     9986      9339930916      9339940903          100321       7934       2000      10000          8
   0       68     2044     9986      9339940916      9339950902          110321       7935       2000      10000          7
   0       68     2043     9991      9339950915      9339960906          120320       7936       2000      10000         11
   0       68     2043     9983      9339960919      9339970903          130324       7932       2000      10000          8
   0       68     2044     9986      9339970916      9339980902          140321       7934       2000      10000          8
   0       68     2044     9987      9339980916      9339990903          150321       7935       2000      10000          8
   0       68     2043     9989      9339990916      9340000905          160321       7935       2000      10000         11
   0       68     2043     9984      9340000919      9340010903          170324       7933       2000      10000          8
   0       68     2043     9987      9340010917      9340020903          180322       7935       2000      10000          9
   0       68     2043     9987      9340020916      9340030903          190321       7935       2000      10000          8
   0       68     2043     9986      9340030916      9340040902          200321       7935       2000      10000          8
   0       68     2044     9987      9340040916      9340050902          210321       7935       2000      10000          8
   0       68     2043     9988      9340050915      9340060903          220320       7936       2000      10000          8
   0       68     2043     9986      9340060916      9340070902          230321       7935       2000      10000          7
   0       68     2044     9987      9340070915      9340080902          240320       7936       2000      10000          7
   0       68     2044     9987      9340080915      9340090902          250320       7936       2000      10000          8
   0       68     2043     9988      9340090915      9340100903          260320       7936       2000      10000          8
   0       68     2044     9986      9340100916      9340110902          270321       7934       2000      10000          7
   0       68     2044     9986      9340110915      9340120902          280320       7935       2000      10000          7
   0       68     2043     9988      9340120915      9340130903          290320       7937       2000      10000          8
   0       68     2043     9986      9340130916      9340140903          300321       7935       2000      10000          8
   0       68     2044     9986      9340140916      9340150902          310321       7935       2000      10000          7
   0       68     2043     9987      9340150915      9340160902          320320       7937       2000      10000          7
   0       68     2043     9924      9340160980      9340170904          330385       7872       2000      10000          9
   0       68     2043     9985      9340170918      9340180903          340323       7933       2000      10000          8
   0       68     2044     9956      9340180947      9340190902          350352       7904       2000      10000          8
   0       68     2043     9974      9340190928      9340200902          360333       7923       2000      10000          7
   0       68     2043     9987      9340200916      9340210903          370321       7935       2000      10000          8
   0       68     2043     9974      9340210928      9340220902          380333       7923       2000      10000          8
   0       68     2043     9976      9340220927      9340230902          390332       7924       2000      10000          8
   0       68     2043     9975      9340230927      9340240902          400332       7925       2000      10000          7
   0       68     2044     9976      9340240926      9340250902          410331       7924       2000      10000          8
   0       68     2043     9987      9340250916      9340260903          420321       7936       2000      10000          8
   0       68     2043     9975      9340260928      9340270902          430333       7924       2000      10000          8
   0       68     2044     9977      9340270927      9340280904          440332       7924       2000      10000          9
   0       68     2044     9975      9340280928      9340290903          450333       7922       2000      10000          9
   0       68     2043     9975      9340290928      9340300903          460333       7924       2000      10000          8
   0       68     2045     9974      9340300928      9340310902          470333       7922       2000      10000          8
   0       68     2043     9987      9340310916      9340320903          480321       7935       2000      10000          8
   0       68     2044     9975      9340320929      9340330904          490334       7922       2000      10000          9
   0       68     2043     9973      9340330930      9340340903          500335       7922       2000      10000          8
   0       68     2044     9975      9340340928      9340350902          510332       7923       2000      10000          8
   0       68     2043     9979      9340350926      9340360905          520331       7925       2000      10000         10
   0       68     2043     9973      9340360929      9340370902          530334       7922       2000      10000          8
   0       68     2044     9985      9340370917      9340380903          540322       7933       2000      10000          8
   0       68     2043     9986      9340380917      9340390903          550322       7934       2000      10000          8
   0       68     2049     9985      9340390918      9340400903          560323       7927       2000      10000          8
   0       68     2043     9982      9340400921      9340410902          570326       7931       2000      10000          8
   0       68     2043     9984      9340410918      9340420902          580323       7933       2000      10000          8
   0       68     2043     9983      9340420919      9340430903          590324       7932       2000      10000          8
   0       68     2043     9986      9340430917      9340440903          600322       7935       2000      10000          8
   0       68     2044     9985      9340440916      9340450902          610321       7934       2000      10000          7
   0       68     2043     9988      9340450916      9340460903          620321       7936       2000      10000          9
   0       68     2043     9986      9340460918      9340470904          630323       7934       2000      10000          9
   0       68     2044     9984      9340470918      9340480902          640323       7933       2000      10000          7
   0       68     2043     9986      9340480917      9340490903          650322       7934       2000      10000          8
   0       68     2043     9944      9340490959      9340500903          660364       7893       2000      10000          8
   0       68     2044     9985      9340500918      9340510902          670323       7932       2000      10000          8
   0       68     2043     9986      9340510916      9340520902          680321       7936       2000      10000          7
   0       68     2043     9984      9340520918      9340530902          690323       7934       2000      10000          8
   0       68     2043     9987      9340530916      9340540903          700321       7936       2000      10000          8
   0       68     2044     9985      9340540917      9340550902          710322       7934       2000      10000          8
   0       68     2043     9986      9340550917      9340560904          720322       7934       2000      10000          9
   0       68     2043     9985      9340560917      9340570902          730322       7934       2000      10000          8
   0       68     2043     9987      9340570915      9340580902          740320       7936       2000      10000          8
   0       68     2043     9984      9340580919      9340590903          750324       7932       2000      10000          8
   0       68     2043     9987      9340590916      9340600904          760321       7935       2000      10000          9
   0       68     2043     9984      9340600919      9340610903          770324       7933       2000      10000          8
   0       68     2043     9986      9340610918      9340620905          780323       7933       2000      10000         10
   0       68     2043     9984      9340620918      9340630902          790323       7933       2000      10000          8
   0       68     2043     9987      9340630916      9340640903          800321       7935       2000      10000          8
   0       68     2043     9985      9340640918      9340650903          810323       7934       2000      10000          8
   0       68     2043     9987      9340650916      9340660903          820321       7935       2000      10000          8
   0       68     2043     9987      9340660917      9340670904          830322       7934       2000      10000          9
   0       68     2043     9985      9340670918      9340680903          840323       7933       2000      10000          8
   0       68     2043     9986      9340680916      9340690902          850321       7935       2000      10000          8
   0       68     2043     9987      9340690916      9340700903          860321       7936       2000      10000          8
   0       68     2043     9986      9340700916      9340710902          870321       7935       2000      10000          7
   0       68     2043     9987      9340710915      9340720902          880320       7937       2000      10000          7
   0       68     2043     9988      9340720915      9340730902          890320       7937       2000      10000          8
   0       68     2043     9986      9340730916      9340740902          900321       7936       2000      10000          7
   0       68     2043     9988      9340740915      9340750903          910320       7937       2000      10000          8
   0       68     2043     9986      9340750916      9340760902          920321       7935       2000      10000          7
   0       68     2043     9987      9340760917      9340770903          930322       7935       2000      10000          8
   0       68     2043     9986      9340770917      9340780903          940322       7935       2000      10000          8
   0       68     2043     9986      9340780916      9340790903          950321       7935       2000      10000          8
   0       68     2043     9986      9340790916      9340800902          960321       7936       2000      10000          7
   0       68     2043     9988      9340800915      9340810903          970320       7936       2000      10000          8
   0       68     2043     9988      9340810915      9340820903          980320       7936       2000      10000          9
   0       68     2043     9961      9340820944      9340830905          990349       7907       2000      10000         10
   0       68     2043     9983      9340830919      9340840902         1000324       7932       2000      10000          7
   0       68     2043     9986      9340840916      9340850902         1010321       7935       2000      10000          7
   0       68     2043     9987      9340850915      9340860903         1020320       7936       2000      10000          8
   0       68     2043     9987      9340860916      9340870903         1030321       7935       2000      10000          9
   0       68     2044     9985      9340870917      9340880901         1040322       7934       2000      10000          7
   0       68     2043     9987      9340880916      9340890903         1050321       7935       2000      10000          8
   0       68     2043     9987      9340890916      9340900903         1060321       7936       2000      10000          8
   0       68     2044     9984      9340900918      9340910903         1070323       7932       2000      10000          8
   0       68     2044     9985      9340910918      9340920903         1080323       7932       2000      10000          8
   0       68     2043     9986      9340920916      9340930901         1090321       7936       2000      10000          7
   0       68     2044     9986      9340930917      9340940903         1100322       7934       2000      10000          8
   0       68     2044     9984      9340940919      9340950902         1110324       7932       2000      10000          8
   0       68     2043     9983      9340950920      9340960903         1120325       7931       2000      10000          8
   0       68     2043     9983      9340960919      9340970902         1130324       7932       2000      10000          7
   0       68     2044     9988      9340970915      9340980903         1140320       7935       2000      10000          9
   0       68     2043     9986      9340980918      9340990904         1150323       7933       2000      10000          9
   0       68     2043     9986      9340990917      9341000903         1160322       7934       2000      10000          8
   0       68     2043     9985      9341000918      9341010902         1170323       7934       2000      10000          8
   0       68     2044     9987      9341010916      9341020903         1180321       7934       2000      10000          9
   0       68     2043     9986      9341020917      9341030903         1190322       7934       2000      10000          8
   0       68     2043     9984      9341030917      9341040901         1200322       7934       2000      10000          7
   0       68     2044     9987      9341040916      9341050903         1210321       7935       2000      10000          8
   0       68     2043     9989      9341050916      9341060905         1220321       7935       2000      10000         10
   0       68     2043     9983      9341060920      9341070903         1230325       7931       2000      10000          8
   0       68     2045     9985      9341070916      9341080902         1240321       7933       2000      10000          7
   0       68     2044     9989      9341080916      9341090905         1250321       7934       2000      10000         11
   0       68     2043     9983      9341090919      9341100902         1260324       7932       2000      10000          8
   0       68     2044     9987      9341100916      9341110903         1270321       7934       2000      10000          8
   0       68     2044     9985      9341110917      9341120902         1280322       7934       2000      10000          7
   0       68     2043     9986      9341120917      9341130902         1290322       7935       2000      10000          8
   0       68     2043     9987      9341130916      9341140903         1300321       7936       2000      10000          8
   0       68     2044     9985      9341140917      9341150901         1310321       7934       2000      10000          7
   0       68     2043     9968      9341150937      9341160905         1320342       7914       2000      10000         10
   0       68     2043     9981      9341160922      9341170902         1330327       7930       2000      10000          8
   0       68     2043     9986      9341170916      9341180902         1340321       7935       2000      10000          7
   0       68     2044     9987      9341180917      9341190904         1350322       7934       2000      10000          9
   0       68     2043     9984      9341190918      9341200902         1360323       7934       2000      10000          8
   0       68     2043     9985      9341200917      9341210901         1370322       7935       2000      10000          7
   0       68     2044     9987      9341210915      9341220902         1380320       7936       2000      10000          7
   0       68     2043     9986      9341220916      9341230902         1390321       7935       2000      10000          7
   0       68     2044     9987      9341230916      9341240902         1400321       7935       2000      10000          8
   0       68     2043     9984      9341240918      9341250902         1410323       7933       2000      10000          7
   0       68     2043     9988      9341250915      9341260903         1420320       7937       2000      10000          8
   0       68     2043     9985      9341260917      9341270902         1430322       7934       2000      10000          7
   0       68     2043     9988      9341270916      9341280904         1440321       7936       2000      10000          9
   0       68     2043     9985      9341280918      9341290902         1450323       7934       2000      10000          8
   0       68     2044     9987      9341290916      9341300903         1460321       7935       2000      10000          9
   0       68     2044     9983      9341300919      9341310902         1470324       7931       2000      10000          7
   0       68     2044     9988      9341310916      9341320903         1480321       7935       2000      10000          9
   0       68     2043     9986      9341320918      9341330904         1490323       7934       2000      10000          9
   0       68     2043     9984      9341330918      9341340902         1500323       7934       2000      10000          7
   0       68     2044     9986      9341340916      9341350902         1510321       7935       2000      10000          8
   0       68     2043     9988      9341350916      9341360904         1520321       7936       2000      10000          9
   0       68     2043     9983      9341360918      9341370902         1530323       7933       2000      10000          7
   0       68     2045     9986      9341370916      9341380902         1540321       7934       2000      10000          7
   0       68     2044     9985      9341380917      9341390902         1550322       7933       2000      10000          7
   0       68     2043     9987      9341390917      9341400903         1560322       7934       2000      10000          9
   0       68     2043     9985      9341400917      9341410902         1570322       7934       2000      10000          8
   0       68     2044     9987      9341410917      9341420904         1580322       7934       2000      10000          9
   0       68     2043     9985      9341420919      9341430904         1590324       7932       2000      10000          9
   0       68     2043     9985      9341430917      9341440901         1600322       7935       2000      10000          7
   0       68     2043     9987      9341440914      9341450901         1610319       7937       2000      10000          7
   0       68     2043     9989      9341450914      9341460903         1620319       7937       2000      10000          8
   0       68     2043     9984      9341460918      9341470902         1630323       7933       2000      10000          7
   0       68     2043     9981      9341470921      9341480902         1640326       7930       2000      10000          7
   0       68     2043     9963      9341480941      9341490904         1650346       7910       2000      10000          9
   0       68     2043     9982      9341490921      9341500903         1660326       7930       2000      10000          9
   0       68     2044     9984      9341500918      9341510901         1670323       7933       2000      10000          7
   0       68     2043     9987      9341510916      9341520903         1680321       7935       2000      10000          8
   0       68     2043     9987      9341520917      9341530904         1690322       7934       2000      10000          9
   0       68     2044     9986      9341530917      9341540903         1700322       7933       2000      10000          9
   0       68     2044     9984      9341540918      9341550902         1710323       7933       2000      10000          8
   0       68     2043     9988      9341550916      9341560903         1720321       7936       2000      10000          9
   0       68     2043     9987      9341560917      9341570903         1730322       7935       2000      10000          9
   0       68     2044     9985      9341570918      9341580903         1740323       7933       2000      10000          8
   0       68     2044     9985      9341580918      9341590903         1750323       7933       2000      10000          8
   0       68     2043     9986      9341590916      9341600903         1760321       7935       2000      10000          8
   0       68     2043     9985      9341600917      9341610902         1770322       7934       2000      10000          8
   0       68     2044     9986      9341610917      9341620903         1780322       7934       2000      10000          8
   0       68     2062     9986      9341620917      9341630903         1790322       7915       2000      10000          8
   0       68     2043     9983      9341630920      9341640903         1800325       7931       2000      10000          8
   0       68     2043     9984      9341640917      9341650901         1810322       7935       2000      10000          7
   0       68     2043     9988      9341650915      9341660903         1820320       7937       2000      10000          8
   0       68     2043     9986      9341660918      9341670904         1830323       7934       2000      10000          9
   0       68     2045     9983      9341670919      9341680902         1840324       7930       2000      10000          7
   0       68     2044     9985      9341680917      9341690902         1850322       7934       2000      10000          7
   0       68     2043     9985      9341690918      9341700903         1860323       7933       2000      10000          8
   0       68     2044     9985      9341700918      9341710903         1870323       7933       2000      10000          8
   0       68     2045     9984      9341710918      9341720902         1880323       7932       2000      10000          7
   0       68     2043     9987      9341720918      9341730905         1890323       7934       2000      10000         10
   0       68     2043     9983      9341730919      9341740903         1900324       7932       2000      10000          8
   0       68     2044     9984      9341740918      9341750903         1910323       7932       2000      10000          8
   0       68     2043     9987      9341750917      9341760904         1920322       7935       2000      10000          9
   0       68     2043     9985      9341760919      9341770904         1930324       7932       2000      10000          9
   0       68     2044     9985      9341770918      9341780903         1940323       7933       2000      10000          8
   0       68     2044     9985      9341780918      9341790903         1950323       7933       2000      10000          9
   0       68     2043     9985      9341790917      9341800902         1960322       7935       2000      10000          7
   0       68     2044     9987      9341800915      9341810902         1970320       7935       2000      10000          8
   0       68     2045     9963      9341810941      9341820903         1980346       7909       2000      10000          9
   0       68     2043     9983      9341820919      9341830902         1990324       7933       2000      10000          7
   0       68     2043     9988      9341830915      9341840903         2000320       7936       2000      10000          8
   0       68     2043     9984      9341840918      9341850901         2010323       7934       2000      10000          7
   0       68     2043     9988      9341850915      9341860903         2020320       7937       2000      10000          8
   0       68     2043     9985      9341860917      9341870902         2030322       7934       2000      10000          8
   0       68     2044     9986      9341870916      9341880902         2040321       7935       2000      10000          7
   0       68     2044     9986      9341880916      9341890903         2050321       7935       2000      10000          8
   0       68     2043     9986      9341890916      9341900903         2060321       7935       2000      10000          8
   0       68     2044     9983      9341900919      9341910902         2070324       7931       2000      10000          7
   0       68     2043     9990      9341910916      9341920906         2080321       7935       2000      10000         12
   0       68     2043     9982      9341920921      9341930903         2090326       7930       2000      10000          8
   0       68     2043     9985      9341930917      9341940902         2100322       7934       2000      10000          7
   0       68     2043     9985      9341940917      9341950902         2110322       7935       2000      10000          7
   0       68     2044     9987      9341950916      9341960903         2120321       7935       2000      10000          8
   0       68     2043     9982      9341960920      9341970902         2130325       7932       2000      10000          7
   0       68     2044     9986      9341970916      9341980902         2140321       7935       2000      10000          7
   0       68     2043     9987      9341980916      9341990902         2150321       7936       2000      10000          8
   0       68     2043     9989      9341990916      9342000906         2160321       7935       2000      10000         11
   0       68     2043     9977      9342000925      9342010903         2170330       7926       2000      10000          8
   0       68     2043     9983      9342010919      9342020902         2180324       7932       2000      10000          8
   0       68     2044     9980      9342020923      9342030903         2190328       7927       2000      10000          8
   0       68     2044     9984      9342030917      9342040902         2200322       7933       2000      10000          7
   0       68     2044     9986      9342040917      9342050903         2210322       7934       2000      10000          8
   0       68     2043     9986      9342050917      9342060903         2220322       7935       2000      10000          9
   0       68     2043     9985      9342060918      9342070902         2230323       7934       2000      10000          8
   0       68     2044     9986      9342070916      9342080902         2240321       7935       2000      10000          8
   0       68     2044     9988      9342080917      9342090905         2250322       7934       2000      10000         11
   0       68     2043     9985      9342090919      9342100904         2260324       7933       2000      10000          9
   0       68     2044     9984      9342100918      9342110902         2270323       7932       2000      10000          7
   0       68     2044     9987      9342110917      9342120903         2280322       7933       2000      10000          9
   0       68     2043     9982      9342120920      9342130902         2290325       7931       2000      10000          8
   0       68     2043     9986      9342130916      9342140902         2300321       7935       2000      10000          8
   0       68     2043     9961      9342140941      9342150902         2310346       7910       2000      10000          8
   0       68     2043     9988      9342150916      9342160903         2320321       7936       2000      10000          9
   0       68     2043     9986      9342160917      9342170903         2330322       7934       2000      10000          9
   0       68     2044     9984      9342170918      9342180902         2340323       7933       2000      10000          7
   0       68     2044     9986      9342180917      9342190903         2350322       7933       2000      10000          8
   0       68     2043     9986      9342190917      9342200903         2360322       7934       2000      10000          8
   0       68     2044     9983      9342200919      9342210902         2370324       7932       2000      10000          7
   0       68     2043     9987      9342210916      9342220903         2380321       7935       2000      10000          9
   0       68     2044     9984      9342220918      9342230902         2390323       7933       2000      10000          7
   0       68     2043     9986      9342230917      9342240902         2400322       7934       2000      10000          8
   0       68     2044     9983      9342240919      9342250902         2410324       7932       2000      10000          7
   0       68     2043     9996      9342250915      9342260911         2420320       7937       2000      10000         16
   0       68     2043     9978      9342260926      9342270903         2430331       7926       2000      10000          8
   0       68     2044     9986      9342270916      9342280902         2440321       7934       2000      10000          7
   0       68     2043     9988      9342280916      9342290904         2450321       7935       2000      10000         10
   0       68     2043     9984      9342290918      9342300902         2460323       7933       2000      10000          8
   0       68     2044     9985      9342300917      9342310902         2470322       7934       2000      10000          8
   0       68     2043     9985      9342310917      9342320903         2480322       7934       2000      10000          8
   0       68     2043     9986      9342320917      9342330902         2490322       7935       2000      10000          8
   0       68     2043     9987      9342330915      9342340903         2500320       7936       2000      10000          8
   0       68     2044     9985      9342340918      9342350902         2510322       7933       2000      10000          7
   0       68     2043     9987      9342350916      9342360904         2520321       7935       2000      10000          9
   0       68     2043     9985      9342360918      9342370902         2530323       7934       2000      10000          8
   0       68     2043     9986      9342370915      9342380901         2540320       7936       2000      10000          7
   0       68     2043     9986      9342380917      9342390903         2550322       7934       2000      10000          9
   0       68     2043     9987      9342390917      9342400904         2560322       7934       2000      10000          9
   0       68     2044     9985      9342400917      9342410902         2570322       7934       2000      10000          7
   0       68     2044     9985      9342410917      9342420902         2580322       7933       2000      10000          8
   0       68     2044     9987      9342420916      9342430903         2590321       7935       2000      10000          8
   0       68     2043     9985      9342430917      9342440902         2600322       7934       2000      10000          8
   0       68     2043     9984      9342440918      9342450902         2610323       7933       2000      10000          7
   0       68     2043     9988      9342450915      9342460903         2620320       7936       2000      10000          9
   0       68     2043     9985      9342460917      9342470902         2630322       7934       2000      10000          8
   0       68     2044     9960      9342470942      9342480902         2640347       7909       2000      10000          7
   0       68     2044     9989      9342480915      9342490904         2650320       7935       2000      10000         10
   0       68     2043     9985      9342490918      9342500903         2660323       7934       2000      10000          8
   0       68     2044     9987      9342500918      9342510904         2670323       7932       2000      10000          9
   0       68     2044     9986      9342510918      9342520904         2680323       7933       2000      10000          9
   0       68     2043     9973      9342520930      9342530902         2690335       7922       2000      10000          8
   0       68     2043     9996      9342530918      9342540914         2700323       7934       2000      10000         19
   0       68     2043     9972      9342540931      9342550903         2710336       7920       2000      10000          8
   0       68     2043     9984      9342550920      9342560904         2720325       7932       2000      10000          9
   0       68     2043     9983      9342560920      9342570903         2730325       7931       2000      10000          8
   0       68     2044     9986      9342570917      9342580903         2740322       7933       2000      10000          9
   0       68     2043     9987      9342580917      9342590904         2750322       7934       2000      10000         10
   0       68     2043     9984      9342590918      9342600903         2760323       7933       2000      10000          8
   0       68     2043     9986      9342600917      9342610903         2770322       7934       2000      10000          8
   0       68     2043     9985      9342610917      9342620902         2780322       7934       2000      10000          7
   0       68     2043     9987      9342620915      9342630902         2790320       7936       2000      10000          7
   0       68     2043     9987      9342630916      9342640903         2800321       7936       2000      10000          8
   0       68     2044     9985      9342640917      9342650902         2810322       7933       2000      10000          7
   0       68     2043     9986      9342650916      9342660903         2820321       7935       2000      10000          8
   0       68     2043     9985      9342660917      9342670902         2830322       7934       2000      10000          8
   0       68     2044     9986      9342670915      9342680902         2840320       7935       2000      10000          7
   0       68     2044     9985      9342680917      9342690902         2850322       7934       2000      10000          7
   0       68     2043     9987      9342690916      9342700903         2860321       7936       2000      10000          8
   0       68     2043     9986      9342700917      9342710903         2870322       7934       2000      10000          8
   0       68     2044     9986      9342710916      9342720902         2880321       7934       2000      10000          8
   0       68     2043     9992      9342720916      9342730908         2890321       7935       2000      10000         13
   0       68     2043     9981      9342730922      9342740903         2900327       7929       2000      10000          8
   0       68     2044     9986      9342740917      9342750904         2910322       7933       2000      10000          9
   0       68     2043     9986      9342750917      9342760903         2920322       7935       2000      10000          8
   0       68     2043     9989      9342760917      9342770907         2930322       7934       2000      10000         12
   0       68     2044     9981      9342770920      9342780901         2940325       7930       2000      10000          7
   0       68     2044     9987      9342780916      9342790903         2950321       7935       2000      10000          9
   0       68     2043     9987      9342790917      9342800904         2960322       7934       2000      10000          9
   0       68     2045     9956      9342800946      9342810902         2970351       7904       2000      10000          7
   0       68     2043     9988      9342810915      9342820902         2980320       7936       2000      10000          8
   0       68     2043     9984      9342820917      9342830902         2990322       7934       2000      10000          7
   0       68     2044     9987      9342830915      9342840902         3000320       7935       2000      10000          8
   0       68     2044     9984      9342840918      9342850902         3010323       7933       2000      10000          7
   0       68     2043     9988      9342850916      9342860904         3020321       7936       2000      10000          9
   0       68     2043     9984      9342860919      9342870903         3030324       7933       2000      10000          9
   0       68     2044     9985      9342870917      9342880902         3040322       7934       2000      10000          7
   0       68     2043     9987      9342880917      9342890903         3050322       7935       2000      10000          8
   0       68     2043     9986      9342890917      9342900903         3060322       7934       2000      10000          8
   0       68     2043     9985      9342900917      9342910902         3070322       7934       2000      10000          7
   0       68     2044     9986      9342910917      9342920903         3080322       7934       2000      10000          8
   0       68     2043     9985      9342920918      9342930903         3090323       7934       2000      10000          8
   0       68     2044     9986      9342930916      9342940902         3100321       7934       2000      10000          7
   0       68     2043     9987      9342940915      9342950902         3110320       7936       2000      10000          7
   0       68     2043     9988      9342950915      9342960903         3120320       7936       2000      10000          8
   0       68     2043     9986      9342960917      9342970903         3130322       7935       2000      10000          8
   0       68     2044     9985      9342970917      9342980901         3140322       7934       2000      10000          7
   0       68     2044     9989      9342980916      9342990904         3150321       7935       2000      10000         10
   0       68     2043     9984      9342990918      9343000902         3160323       7934       2000      10000          7
   0       68     2043     9988      9343000916      9343010903         3170321       7935       2000      10000          9
   0       68     2043     9986      9343010918      9343020904         3180323       7933       2000      10000          9
   0       68     2043     9985      9343020919      9343030904         3190324       7933       2000      10000          9
   0       68     2043     9985      9343030917      9343040903         3200322       7934       2000      10000          8
   0       68     2044     9986      9343040918      9343050904         3210323       7933       2000      10000          9
   0       68     2043     9987      9343050916      9343060903         3220321       7935       2000      10000          8
   0       68     2043     9981      9343060921      9343070902         3230326       7931       2000      10000          8
   0       68     2043     9981      9343070922      9343080903         3240327       7929       2000      10000          8
   0       68     2043     9979      9343080923      9343090903         3250328       7928       2000      10000          8
   0       68     2043     9985      9343090918      9343100902         3260323       7934       2000      10000          7
   0       68     2044     9983      9343100918      9343110902         3270323       7932       2000      10000          7
   0       68     2043     9987      9343110916      9343120903         3280321       7936       2000      10000          8
   0       68     2043     9986      9343120917      9343130903         3290322       7934       2000      10000          8
   0       68     2044     9948      9343130955      9343140903         3300360       7896       2000      10000          8
   0       68     2043     9983      9343140919      9343150902         3310324       7933       2000      10000          7
   0       68     2043     9987      9343150915      9343160902         3320320       7936       2000      10000          8
   0       68     2043     9984      9343160918      9343170902         3330323       7934       2000      10000          7
   0       68     2045     9986      9343170917      9343180902         3340322       7933       2000      10000          8
   0       68     2044     9985      9343180919      9343190904         3350324       7932       2000      10000          9
   0       68     2043     9985      9343190919      9343200904         3360324       7932       2000      10000          9
   0       68     2043     9983      9343200919      9343210902         3370324       7932       2000      10000          7
   0       68     2044     9985      9343210917      9343220902         3380322       7933       2000      10000          8
   0       68     2043     9986      9343220917      9343230903         3390322       7934       2000      10000          9
   0       68     2044     9984      9343230918      9343240902         3400323       7933       2000      10000          7
   0       68     2043     9985      9343240917      9343250902         3410322       7935       2000      10000          7
   0       68     2043     9989      9343250916      9343260905         3420321       7936       2000      10000         10
   0       68     2043     9983      9343260920      9343270903         3430325       7932       2000      10000          8
   0       68     2045     9984      9343270917      9343280901         3440322       7933       2000      10000          6
   0       68     2043     9986      9343280917      9343290903         3450322       7934       2000      10000          8
   0       68     2043     9985      9343290917      9343300902         3460322       7934       2000      10000          8
   0       68     2044     9985      9343300917      9343310902         3470322       7934       2000      10000          7
   0       68     2044     9986      9343310916      9343320903         3480321       7934       2000      10000          8
   0       68     2043     9986      9343320918      9343330904         3490323       7934       2000      10000          9
   0       68     2043     9985      9343330918      9343340903         3500323       7934       2000      10000          8
   0       68     2044     9984      9343340919      9343350903         3510324       7932       2000      10000          8
   0       68     2043     9989      9343350916      9343360905         3520321       7935       2000      10000         11
   0       68     2043     9984      9343360919      9343370903         3530324       7932       2000      10000          8
   0       68     2044     9985      9343370917      9343380902         3540322       7934       2000      10000          7
   0       68     2044     9989      9343380916      9343390906         3550321       7935       2000      10000         11
   0       68     2043     9983      9343390920      9343400903         3560325       7932       2000      10000          8
   0       68     2043     9984      9343400919      9343410902         3570324       7932       2000      10000          7
   0       68     2044     9987      9343410916      9343420904         3580321       7935       2000      10000          9
   0       68     2043     9986      9343420917      9343430903         3590322       7934       2000      10000          9
   0       68     2043     9984      9343430917      9343440901         3600322       7934       2000      10000          7
   0       68     2044     9987      9343440915      9343450902         3610320       7935       2000      10000          7
   0       68     2043     9988      9343450915      9343460903         3620320       7936       2000      10000          8
   0       68     2043     9951      9343460962      9343470913         3630367       7890       2000      10000         18
   0       68     2044     9975      9343470928      9343480902         3640332       7923       2000      10000          7
   0       68     2043     9986      9343480918      9343490904         3650323       7934       2000      10000          9
   0       68     2043     9984      9343490919      9343500902         3660324       7933       2000      10000          8
   0       68     2043     9984      9343500918      9343510902         3670323       7934       2000      10000          7
   0       68     2043     9987      9343510916      9343520904         3680321       7935       2000      10000          9
   0       68     2043     9984      9343520919      9343530903         3690323       7933       2000      10000          8
   0       68     2044     9987      9343530916      9343540903         3700321       7935       2000      10000          9
   0       68     2043     9984      9343540918      9343550902         3710323       7933       2000      10000          8
   0       68     2043     9987      9343550916      9343560904         3720321       7935       2000      10000          9
   0       68     2043     9983      9343560919      9343570902         3730324       7933       2000      10000          7
   0       68     2044     9986      9343570916      9343580902         3740321       7934       2000      10000          7
   0       68     2044     9987      9343580916      9343590902         3750321       7935       2000      10000          8
   0       68     2043     9983      9343590919      9343600902         3760324       7932       2000      10000          7
   0       68     2043     9982      9343600921      9343610904         3770326       7930       2000      10000          9
   0       68     2044     9979      9343610924      9343620903         3780329       7926       2000      10000          8
   0       68     2043     9989      9343620920      9343630909         3790325       7931       2000      10000         14
   0       68     2043     9979      9343630924      9343640903         3800329       7928       2000      10000          8
   0       68     2043     9985      9343640919      9343650903         3810323       7933       2000      10000          9
   0       68     2043     9986      9343650918      9343660903         3820323       7934       2000      10000          9
   0       68     2043     9984      9343660919      9343670903         3830324       7933       2000      10000          8
   0       68     2043     9983      9343670918      9343680901         3840323       7933       2000      10000          7
   0       68     2044     9987      9343680917      9343690904         3850322       7934       2000      10000          9
   0       68     2043     9985      9343690919      9343700904         3860324       7933       2000      10000          9
   0       68     2043     9987      9343700920      9343710907         3870325       7932       2000      10000         12
   0       68     2043     9983      9343710921      9343720904         3880326       7931       2000      10000          9
   0       68     2043     9984      9343720919      9343730903         3890324       7932       2000      10000          9
   0       68     2043     9984      9343730917      9343740902         3900322       7934       2000      10000          7
   0       68     2043     9987      9343740915      9343750902         3910320       7935       2000      10000          8
   0       68     2043     9988      9343750915      9343760903         3920320       7937       2000      10000          9
   0       68     2043     9986      9343760917      9343770903         3930322       7934       2000      10000          8
   0       68     2044     9986      9343770916      9343780902         3940321       7934       2000      10000          8
   0       68     2044     9986      9343780917      9343790903         3950322       7934       2000      10000          8
   0       68     2043     9953      9343790951      9343800904         3960356       7900       2000      10000          9
   0       68     2044     9982      9343800919      9343810901         3970324       7932       2000      10000          7
   0       68     2044     9989      9343810915      9343820904         3980320       7936       2000      10000          9
   0       68     2043     9983      9343820919      9343830903         3990324       7932       2000      10000          8
   0       68     2043     9986      9343830916      9343840903         4000321       7935       2000      10000          8
   0       68     2043     9986      9343840916      9343850902         4010321       7935       2000      10000          7
   0       68     2043     9987      9343850916      9343860903         4020321       7936       2000      10000          8
   0       68     2043     9985      9343860916      9343870902         4030321       7935       2000      10000          7
   0       68     2045     9987      9343870915      9343880902         4040320       7935       2000      10000          7
   0       68     2044     9996      9343880917      9343890912         4050322       7934       2000      10000         18
   0       68     2043     9977      9343890926      9343900903         4060331       7926       2000      10000          8
   0       68     2044     9986      9343900917      9343910903         4070322       7934       2000      10000          8
   0       68     2043     9985      9343910917      9343920902         4080322       7934       2000      10000          8
   0       68     2043     9986      9343920917      9343930903         4090322       7935       2000      10000          8
   0       68     2043     9985      9343930918      9343940903         4100323       7933       2000      10000          8
   0       68     2044     9984      9343940918      9343950902         4110323       7933       2000      10000          7
   0       68     2043     9987      9343950917      9343960904         4120322       7935       2000      10000          9
   0       68     2043     9985      9343960918      9343970903         4130323       7933       2000      10000          8
   0       68     2044     9983      9343970919      9343980902         4140324       7932       2000      10000          7
   0       68     2043     9987      9343980917      9343990904         4150322       7934       2000      10000         10
   0       68     2043     9986      9343990919      9344000905         4160324       7933       2000      10000         10
   0       68     2043     9985      9344000920      9344010905         4170325       7931       2000      10000         10
   0       68     2043     9985      9344010918      9344020903         4180323       7933       2000      10000          9
   0       68     2044     9985      9344020917      9344030903         4190322       7934       2000      10000          8
   0       68     2044     9986      9344030916      9344040903         4200321       7934       2000      10000          8
   0       68     2044     9984      9344040917      9344050902         4210322       7933       2000      10000          7
   0       68     2043     9990      9344050915      9344060905         4220320       7936       2000      10000         10
   0       68     2043     9983      9344060920      9344070902         4230325       7932       2000      10000          7
   0       68     2043     9988      9344070915      9344080903         4240320       7936       2000      10000          8
   0       68     2044     9985      9344080918      9344090903         4250323       7933       2000      10000          8
   0       68     2043     9987      9344090916      9344100902         4260321       7936       2000      10000          8
   0       68     2045     9987      9344100916      9344110902         4270321       7934       2000      10000          8
   0       68     2044     9989      9344110915      9344120904         4280320       7936       2000      10000          9
   0       68     2043     9953      9344120954      9344130907         4290359       7897       2000      10000         12
   0       68     2043     9974      9344130928      9344140902         4300333       7924       2000      10000          7
   0       68     2043     9982      9344140922      9344150904         4310327       7929       2000      10000          9
   0       68     2043     9981      9344150922      9344160903         4320327       7930       2000      10000          8
   0       68     2043     9984      9344160920      9344170903         4330325       7932       2000      10000          9
   0       68     2043     9986      9344170919      9344180905         4340324       7932       2000      10000         10
   0       68     2044     9983      9344180922      9344190904         4350327       7929       2000      10000          9
   0       68     2043     9984      9344190918      9344200902         4360323       7934       2000      10000          7
   0       68     2043     9985      9344200917      9344210901         4370322       7935       2000      10000          7
   0       68     2043     9988      9344210915      9344220902         4380320       7936       2000      10000          8
   0       68     2043     9986      9344220917      9344230903         4390321       7935       2000      10000          8
   0       68     2043     9987      9344230916      9344240903         4400321       7936       2000      10000          8
   0       68     2043     9984      9344240918      9344250902         4410323       7934       2000      10000          7
   0       68     2043     9988      9344250916      9344260904         4420321       7936       2000      10000          9
   0       68     2043     9984      9344260918      9344270902         4430323       7933       2000      10000          7
   0       68     2044     9984      9344270917      9344280901         4440322       7933       2000      10000          6
   0       68     2044     9988      9344280916      9344290904         4450321       7934       2000      10000          9
   0       68     2043     9985      9344290918      9344300902         4460323       7934       2000      10000          8
   0       68     2044     9987      9344300917      9344310904         4470322       7933       2000      10000          9
   0       68     2044     9986      9344310917      9344320903         4480322       7933       2000      10000          8
   0       68     2044     9984      9344320918      9344330903         4490323       7932       2000      10000          8
   0       68     2044     9985      9344330917      9344340902         4500322       7934       2000      10000          7
   0       68     2044     9986      9344340916      9344350902         4510321       7934       2000      10000          8
   0       68     2043     9987      9344350915      9344360903         4520320       7936       2000      10000          8
   0       68     2043     9985      9344360918      9344370903         4530323       7934       2000      10000          8
   0       68     2043     9986      9344370916      9344380902         4540321       7936       2000      10000          8
   0       68     2044     9988      9344380916      9344390904         4550321       7935       2000      10000          9
   0       68     2043     9984      9344390918      9344400902         4560323       7934       2000      10000          7
   0       68     2045     9986      9344400915      9344410901         4570320       7935       2000      10000          7
   0       68     2044     9990      9344410914      9344420904         4580319       7937       2000      10000          9
   0       68     2043     9985      9344420918      9344430903         4590323       7933       2000      10000          9
   0       68     2044     9988      9344430916      9344440904         4600321       7935       2000      10000          9
   0       68     2043     9984      9344440918      9344450902         4610323       7934       2000      10000          7
   0       68     2043     9957      9344450947      9344460904         4620352       7905       2000      10000          9
   0       68     2043     9982      9344460920      9344470902         4630325       7932       2000      10000          8
   0       68     2044     9985      9344470917      9344480901         4640322       7934       2000      10000          7
   0       68     2044     9988      9344480916      9344490904         4650321       7935       2000      10000          9
   0       68     2043     9989      9344490917      9344500906         4660322       7934       2000      10000         11
   0       68     2043     9984      9344500920      9344510903         4670325       7931       2000      10000          9
   0       68     2044     9987      9344510917      9344520904         4680322       7933       2000      10000          9
   0       68     2043     9985      9344520919      9344530904         4690324       7933       2000      10000          9
   0       68     2043     9985      9344530917      9344540903         4700322       7935       2000      10000          8
   0       68     2044     9985      9344540918      9344550903         4710323       7933       2000      10000          8
   0       68     2043     9990      9344550916      9344560906         4720321       7936       2000      10000         11
   0       68     2043     9982      9344560921      9344570903         4730326       7931       2000      10000          8
   0       68     2043     9985      9344570917      9344580902         4740322       7934       2000      10000          7
   0       68     2045     9989      9344580916      9344590905         4750321       7934       2000      10000         10
   0       68     2043     9984      9344590918      9344600903         4760323       7933       2000      10000          8
   0       68     2044     9986      9344600917      9344610903         4770322       7934       2000      10000          8
   0       68     2044     9986      9344610916      9344620903         4780321       7934       2000      10000          8
   0       68     2043     9986      9344620916      9344630902         4790321       7935       2000      10000          7
   0       68     2043     9988      9344630915      9344640903         4800320       7936       2000      10000          8
   0       68     2044     9985      9344640917      9344650903         4810322       7933       2000      10000          8
   0       68     2043     9987      9344650916      9344660903         4820321       7936       2000      10000          8
   0       68     2043     9985      9344660920      9344670905         4830325       7931       2000      10000         10
   0       68     2043     9978      9344670925      9344680903         4840330       7927       2000      10000          8
   0       68     2044     9980      9344680923      9344690903         4850328       7928       2000      10000          9
   0       68     2043     9982      9344690920      9344700902         4860325       7932       2000      10000          7
   0       68     2044     9983      9344700919      9344710902         4870324       7932       2000      10000          7
   0       68     2043     9989      9344710917      9344720906         4880322       7934       2000      10000         12
   0       68     2043     9981      9344720921      9344730903         4890326       7930       2000      10000          8
   0       68     2043     9987      9344730916      9344740903         4900321       7936       2000      10000          8
   0       68     2044     9986      9344740916      9344750902         4910321       7934       2000      10000          7
   0       68     2043     9988      9344750915      9344760903         4920320       7937       2000      10000          8
   0       68     2043     9985      9344760918      9344770903         4930323       7934       2000      10000          8
   0       68     2044     9985      9344770916      9344780902         4940321       7934       2000      10000          7
   0       68     2044     9952      9344780951      9344790903         4950356       7900       2000      10000          8
   0       68     2043     9988      9344790918      9344800906         4960323       7933       2000      10000         12
   0       68     2044     9981      9344800922      9344810903         4970327       7928       2000      10000          8
   0       68     2044     9986      9344810917      9344820903         4980322       7934       2000      10000          8
   0       68     2043     9985      9344820917      9344830902         4990322       7934       2000      10000          7
   0       68     2043     9986      9344830916      9344840902         5000321       7935       2000      10000          7
   0       68     2044     9984      9344840917      9344850902         5010322       7934       2000      10000          7
   0       68     2043     9987      9344850915      9344860902         5020320       7936       2000      10000          8
   0       68     2043     9986      9344860917      9344870902         5030322       7935       2000      10000          8
   0       68     2044     9986      9344870916      9344880902         5040321       7935       2000      10000          7
   0       68     2043     9987      9344880916      9344890902         5050321       7936       2000      10000          8
   0       68     2043     9987      9344890916      9344900904         5060321       7935       2000      10000          9
   0       68     2044     9983      9344900918      9344910901         5070323       7933       2000      10000          6
   0       68     2043     9987      9344910914      9344920901         5080319       7937       2000      10000          7
   0       68     2043     9989      9344920915      9344930904         5090320       7937       2000      10000          9
   0       68     2043     9985      9344930917      9344940903         5100322       7934       2000      10000          8
   0       68     2044     9987      9344940916      9344950903         5110321       7934       2000      10000          8
   0       68     2043     9988      9344950916      9344960904         5120321       7935       2000      10000         10
   0       68     2043     9987      9344960918      9344970906         5130323       7933       2000      10000         11
   0       68     2044     9984      9344970919      9344980903         5140324       7932       2000      10000          8
   0       68     2044     9986      9344980917      9344990903         5150322       7934       2000      10000          8
   0       68     2043     9987      9344990917      9345000904         5160322       7935       2000      10000          9
   0       68     2043     9985      9345000918      9345010903         5170323       7933       2000      10000          8
   0       68     2043     9986      9345010917      9345020902         5180322       7935       2000      10000          8
   0       68     2043     9986      9345020917      9345030903         5190322       7935       2000      10000          8
   0       68     2043     9984      9345030917      9345040902         5200322       7934       2000      10000          7
   0       68     2043     9986      9345040916      9345050901         5210321       7936       2000      10000          7
   0       68     2043     9989      9345050915      9345060904         5220320       7936       2000      10000          9
   0       68     2043     9985      9345060917      9345070902         5230322       7935       2000      10000          7
   0       68     2043     9987      9345070916      9345080903         5240321       7936       2000      10000          8
   0       68     2043     9985      9345080918      9345090903         5250323       7933       2000      10000          9
   0       68     2043     9987      9345090917      9345100904         5260322       7935       2000      10000         10
   0       68     2044     9983      9345100919      9345110902         5270324       7931       2000      10000          8
   0       68     2043     9968      9345110936      9345120905         5280341       7915       2000      10000         10
   0       68     2043     9982      9345120920      9345130903         5290325       7931       2000      10000          8
   0       68     2043     9987      9345130916      9345140904         5300321       7935       2000      10000          9
   0       68     2044     9982      9345140920      9345150901         5310325       7931       2000      10000          7
   0       68     2043     9989      9345150914      9345160903         5320319       7937       2000      10000          8
   0       68     2043     9985      9345160917      9345170902         5330322       7934       2000      10000          7
   0       68     2044     9985      9345170917      9345180902         5340322       7933       2000      10000          7
   0       68     2043     9986      9345180916      9345190902         5350321       7935       2000      10000          8
   0       68     2043     9983      9345190919      9345200902         5360324       7932       2000      10000          8
   0       68     2043     9978      9345200924      9345210903         5370329       7927       2000      10000          8
   0       68     2043     9983      9345210920      9345220903         5380325       7931       2000      10000          8
   0       68     2043     9982      9345220922      9345230904         5390327       7929       2000      10000          9
   0       68     2043     9981      9345230921      9345240902         5400326       7931       2000      10000          7
   0       68     2043     9984      9345240919      9345250903         5410324       7932       2000      10000          8
   0       68     2043     9986      9345250918      9345260904         5420323       7934       2000      10000          9
   0       68     2043     9983      9345260920      9345270903         5430325       7931       2000      10000          8
   0       68     2044     9984      9345270917      9345280902         5440322       7933       2000      10000          7
   0       68     2043     9986      9345280917      9345290903         5450322       7935       2000      10000          8
   0       68     2043     9986      9345290917      9345300903         5460322       7935       2000      10000          9
   0       68     2044     9985      9345300917      9345310902         5470322       7933       2000      10000          7
   0       68     2043     9986      9345310916      9345320902         5480321       7936       2000      10000          7
   0       68     2043     9987      9345320917      9345330904         5490322       7935       2000      10000          9
   0       68     2043     9986      9345330917      9345340903         5500322       7934       2000      10000          8
   0       68     2043     9984      9345340917      9345350901         5510322       7934       2000      10000          7
   0       68     2043     9988      9345350915      9345360903         5520320       7936       2000      10000          8
   0       68     2043     9985      9345360916      9345370902         5530321       7935       2000      10000          7
   0       68     2045     9987      9345370915      9345380903         5540320       7934       2000      10000          8
   0       68     2044     9986      9345380917      9345390903         5550322       7934       2000      10000          8
   0       68     2043     9987      9345390916      9345400904         5560321       7935       2000      10000          9
   0       68     2044     9985      9345400917      9345410902         5570322       7934       2000      10000          7
   0       68     2043     9987      9345410915      9345420902         5580320       7937       2000      10000          8
   0       68     2043     9987      9345420915      9345430903         5590320       7936       2000      10000          8
   0       68     2044     9987      9345430916      9345440902         5600321       7935       2000      10000          8
   0       68     2043     9962      9345440939      9345450902         5610344       7912       2000      10000          7
   0       68     2043     9987      9345450915      9345460903         5620320       7936       2000      10000          8
   0       68     2043     9984      9345460918      9345470902         5630323       7933       2000      10000          7
   0       68     2044     9985      9345470917      9345480902         5640322       7933       2000      10000          8
   0       68     2043     9986      9345480917      9345490903         5650322       7934       2000      10000          8
   0       68     2043     9985      9345490917      9345500902         5660322       7935       2000      10000          8
   0       68     2044     9984      9345500917      9345510901         5670322       7933       2000      10000          7
   0       68     2043     9987      9345510915      9345520902         5680320       7937       2000      10000          7
   0       68     2043     9987      9345520916      9345530903         5690321       7935       2000      10000          9
   0       68     2043     9985      9345530917      9345540903         5700322       7934       2000      10000          8
   0       68     2044     9986      9345540917      9345550903         5710322       7934       2000      10000          8
   0       68     2043     9989      9345550916      9345560905         5720321       7936       2000      10000         11
   0       68     2043     9984      9345560919      9345570903         5730324       7933       2000      10000          9
   0       68     2044     9985      9345570917      9345580902         5740322       7934       2000      10000          7
   0       68     2043     9987      9345580916      9345590902         5750320       7936       2000      10000          8
   0       68     2043     9986      9345590916      9345600902         5760321       7935       2000      10000          8
   0       68     2044     9989      9345600917      9345610905         5770321       7934       2000      10000         10
   0       68     2044     9984      9345610919      9345620902         5780324       7932       2000      10000          8
   0       68     2059     9988      9345620918      9345630906         5790323       7917       2000      10000         11
   0       68     2043     9979      9345630924      9345640903         5800329       7928       2000      10000          8
   0       68     2044     9984      9345640918      9345650901         5810323       7933       2000      10000          7
   0       68     2043     9987      9345650916      9345660903         5820321       7936       2000      10000          8
   0       68     2043     9985      9345660918      9345670903         5830322       7934       2000      10000          8
   0       68     2044     9986      9345670917      9345680903         5840322       7934       2000      10000          8
   0       68     2043     9985      9345680918      9345690903         5850323       7933       2000      10000          8
   0       68     2043     9985      9345690917      9345700902         5860322       7935       2000      10000          7
   0       68     2044     9985      9345700917      9345710902         5870321       7934       2000      10000          7
   0       68     2044     9987      9345710916      9345720903         5880321       7935       2000      10000          8
   0       68     2043     9988      9345720917      9345730905         5890322       7935       2000      10000         10
   0       68     2043     9977      9345730926      9345740903         5900331       7926       2000      10000          8
   0       68     2043     9985      9345740917      9345750902         5910322       7935       2000      10000          7
   0       68     2043     9983      9345750920      9345760903         5920325       7931       2000      10000          8
   0       68     2043     9983      9345760921      9345770903         5930326       7931       2000      10000          9
   0       68     2044     9954      9345770958      9345780912         5940363       7893       2000      10000         17
   0       68     2043     9974      9345780930      9345790904         5950335       7921       2000      10000          9
   0       68     2043     9983      9345790919      9345800902         5960324       7932       2000      10000          7
   0       68     2044     9984      9345800918      9345810902         5970323       7933       2000      10000          7
   0       68     2044     9987      9345810916      9345820903         5980321       7935       2000      10000          8
   0       68     2043     9985      9345820918      9345830903         5990323       7933       2000      10000          9
   0       68     2043     9985      9345830917      9345840903         6000322       7934       2000      10000          8
   0       68     2043     9984      9345840918      9345850902         6010323       7934       2000      10000          7
   0       68     2043     9988      9345850916      9345860903         6020321       7936       2000      10000          9
   0       68     2043     9983      9345860919      9345870902         6030324       7933       2000      10000          7
   0       68     2044     9987      9345870915      9345880902         6040320       7936       2000      10000          7
   0       68     2043     9986      9345880916      9345890902         6050321       7935       2000      10000          7
   0       68     2043     9987      9345890917      9345900903         6060322       7935       2000      10000          9
   0       68     2044     9986      9345900918      9345910904         6070323       7932       2000      10000          9
   0       68     2043     9984      9345910918      9345920902         6080323       7933       2000      10000          8
   0       68     2043     9986      9345920918      9345930904         6090323       7934       2000      10000          9
   0       68     2043     9988      9345930917      9345940905         6100322       7934       2000      10000         10
   0       68     2044     9982      9345940920      9345950902         6110325       7931       2000      10000          7
   0       68     2043     9987      9345950916      9345960902         6120321       7936       2000      10000          8
   0       68     2043     9986      9345960917      9345970903         6130322       7935       2000      10000          8
   0       68     2043     9985      9345970917      9345980902         6140322       7934       2000      10000          7
   0       68     2044     9986      9345980917      9345990903         6150322       7934       2000      10000          8
   0       68     2043     9988      9345990916      9346000904         6160321       7935       2000      10000         10
   0       68     2043     9985      9346000918      9346010903         6170323       7933       2000      10000          9
   0       68     2043     9985      9346010918      9346020903         6180323       7934       2000      10000          8
   0       68     2043     9987      9346020915      9346030902         6190320       7936       2000      10000          8
   0       68     2043     9986      9346030916      9346040902         6200321       7935       2000      10000          8
   0       68     2044     9985      9346040917      9346050902         6210322       7934       2000      10000          7
   0       68     2043     9988      9346050915      9346060903         6220320       7936       2000      10000          9
   0       68     2043     9985      9346060918      9346070903         6230323       7934       2000      10000          8
   0       68     2044     9987      9346070917      9346080905         6240322       7933       2000      10000         10
   0       68     2044     9985      9346080918      9346090903         6250323       7932       2000      10000          8
   0       68     2043     9987      9346090915      9346100902         6260320       7936       2000      10000          8
   0       68     2044     9961      9346100941      9346110902         6270346       7909       2000      10000          8
   0       68     2044     9988      9346110917      9346120905         6280322       7934       2000      10000         10
   0       68     2043     9979      9346120924      9346130903         6290329       7928       2000      10000          8
   0       68     2043     9983      9346130919      9346140902         6300324       7932       2000      10000          8
   0       68     2044     9984      9346140918      9346150902         6310323       7933       2000      10000          7
   0       68     2043     9987      9346150916      9346160903         6320321       7935       2000      10000          9
   0       68     2043     9983      9346160920      9346170902         6330325       7932       2000      10000          8
   0       68     2044     9986      9346170916      9346180902         6340321       7935       2000      10000          7
   0       68     2044     9985      9346180916      9346190901         6350321       7934       2000      10000          7
   0       68     2043     9987      9346190915      9346200903         6360320       7936       2000      10000          8
   0       68     2044     9984      9346200918      9346210902         6370323       7933       2000      10000          7
   0       68     2043     9986      9346210916      9346220903         6380321       7935       2000      10000          8
   0       68     2044     9986      9346220919      9346230905         6390324       7931       2000      10000         10
   0       68     2043     9984      9346230920      9346240903         6400325       7932       2000      10000          8
   0       68     2044     9988      9346240917      9346250905         6410322       7934       2000      10000         10
   0       68     2043     9984      9346250919      9346260903         6420324       7933       2000      10000          8
   0       68     2043     9982      9346260920      9346270902         6430325       7931       2000      10000          7
   0       68     2043     9980      9346270923      9346280903         6440327       7929       2000      10000          8
   0       68     2044     9978      9346280924      9346290902         6450329       7926       2000      10000          8
   0       68     2043     9987      9346290918      9346300904         6460323       7934       2000      10000         10
   0       68     2044     9982      9346300921      9346310902         6470326       7930       2000      10000          8
   0       68     2043     9983      9346310919      9346320902         6480324       7933       2000      10000          7
   0       68     2043     9985      9346320917      9346330902         6490322       7934       2000      10000          8
   0       68     2043     9985      9346330917      9346340902         6500322       7935       2000      10000          7
   0       68     2043     9983      9346340918      9346350901         6510323       7933       2000      10000          6
   0       68     2043     9989      9346350915      9346360904         6520320       7936       2000      10000          9
   0       68     2043     9985      9346360918      9346370903         6530323       7934       2000      10000          8
   0       68     2043     9986      9346370917      9346380904         6540322       7934       2000      10000          9
   0       68     2044     9985      9346380919      9346390904         6550324       7932       2000      10000          9
   0       68     2043     9987      9346390917      9346400904         6560322       7934       2000      10000          9
   0       68     2044     9985      9346400918      9346410903         6570323       7933       2000      10000          8
   0       68     2043     9987      9346410917      9346420904         6580322       7934       2000      10000          9
   0       68     2043     9986      9346420917      9346430903         6590322       7934       2000      10000          8
   0       68     2043     9951      9346430952      9346440904         6600357       7899       2000      10000          9
   0       68     2043     9983      9346440919      9346450902         6610324       7933       2000      10000          7
   0       68     2043     9989      9346450916      9346460905         6620321       7935       2000      10000         10
   0       68     2043     9983      9346460921      9346470904         6630326       7931       2000      10000         10
   0       68     2043     9987      9346470920      9346480907         6640325       7931       2000      10000         12
   0       68     2043     9982      9346480921      9346490903         6650326       7930       2000      10000          8
   0       68     2043     9986      9346490917      9346500902         6660321       7935       2000      10000          8
   0       68     2043     9985      9346500917      9346510902         6670322       7934       2000      10000          7
   0       68     2043     9984      9346510917      9346520901         6680322       7935       2000      10000          7
   0       68     2043     9986      9346520917      9346530903         6690322       7934       2000      10000          8
   0       68     2043     9985      9346530917      9346540902         6700322       7934       2000      10000          7
   0       68     2043     9985      9346540917      9346550902         6710322       7934       2000      10000          7
   0       68     2043     9987      9346550916      9346560903         6720321       7936       2000      10000          8
   0       68     2043     9985      9346560917      9346570902         6730322       7935       2000      10000          7
   0       68     2043     9987      9346570916      9346580902         6740320       7936       2000      10000          8
   0       68     2043     9988      9346580917      9346590905         6750322       7934       2000      10000         10
   0       68     2043     9983      9346590919      9346600902         6760324       7932       2000      10000          7
   0       68     2043     9986      9346600917      9346610903         6770322       7935       2000      10000          8
   0       68     2043     9985      9346610917      9346620902         6780322       7934       2000      10000          7
   0       68     2043     9988      9346620916      9346630904         6790321       7936       2000      10000          9
   0       68     2043     9984      9346630918      9346640902         6800323       7934       2000      10000          7
   0       68     2043     9985      9346640917      9346650902         6810322       7934       2000      10000          7
   0       68     2043     9988      9346650915      9346660903         6820320       7937       2000      10000          8
   0       68     2043     9985      9346660917      9346670902         6830322       7934       2000      10000          7
   0       68     2044     9984      9346670917      9346680902         6840322       7933       2000      10000          7
   0       68     2043     9987      9346680916      9346690903         6850321       7935       2000      10000          8
   0       68     2043     9987      9346690917      9346700903         6860322       7935       2000      10000          8
   0       68     2044     9984      9346700918      9346710901         6870323       7933       2000      10000          7
   0       68     2044     9992      9346710915      9346720907         6880320       7936       2000      10000         12
   0       68     2044     9982      9346720920      9346730902         6890325       7931       2000      10000          7
   0       68     2043     9992      9346730915      9346740907         6900320       7936       2000      10000         13
   0       68     2043     9983      9346740920      9346750903         6910325       7931       2000      10000          8
   0       68     2043     9986      9346750916      9346760902         6920321       7936       2000      10000          7
   0       68     2043     9966      9346760937      9346770904         6930342       7914       2000      10000          9
   0       68     2044     9983      9346770919      9346780902         6940324       7931       2000      10000          7
   0       68     2043     9986      9346780917      9346790903         6950322       7934       2000      10000          9
   0       68     2043     9983      9346790919      9346800902         6960324       7932       2000      10000          8
   0       68     2043     9980      9346800923      9346810903         6970328       7929       2000      10000          8
   0       68     2043     9981      9346810921      9346820903         6980326       7930       2000      10000          8
   0       68     2043     9978      9346820924      9346830903         6990329       7927       2000      10000          8
   0       68     2044     9982      9346830919      9346840902         7000324       7931       2000      10000          7
   0       68     2043     9983      9346840919      9346850902         7010324       7933       2000      10000          7
   0       68     2043     9988      9346850917      9346860905         7020322       7934       2000      10000         10
   0       68     2043     9981      9346860921      9346870902         7030326       7931       2000      10000          8
   0       68     2044     9985      9346870917      9346880902         7040322       7933       2000      10000          8
   0       68     2043     9987      9346880917      9346890904         7050322       7934       2000      10000          9
   0       68     2043     9985      9346890917      9346900902         7060322       7934       2000      10000          8
   0       68     2044     9986      9346900917      9346910903         7070322       7933       2000      10000          8
   0       68     2044     9987      9346910917      9346920904         7080322       7934       2000      10000          9
   0       68     2043     9984      9346920918      9346930902         7090323       7934       2000      10000          7
   0       68     2043     9987      9346930915      9346940902         7100320       7936       2000      10000          8
   0       68     2043     9984      9346940917      9346950902         7110322       7934       2000      10000          7
   0       68     2043     9988      9346950915      9346960902         7120320       7937       2000      10000          8
   0       68     2043     9985      9346960917      9346970902         7130322       7935       2000      10000          7
   0       68     2045     9986      9346970916      9346980902         7140321       7934       2000      10000          7
   0       68     2044     9987      9346980917      9346990904         7150322       7934       2000      10000          9
   0       68     2043     9985      9346990918      9347000903         7160323       7934       2000      10000          8
   0       68     2043     9984      9347000918      9347010902         7170323       7933       2000      10000          7
   0       68     2043     9986      9347010917      9347020903         7180322       7935       2000      10000          8
   0       68     2043     9985      9347020918      9347030903         7190323       7934       2000      10000          8
   0       68     2043     9988      9347030917      9347040905         7200322       7935       2000      10000         10
   0       68     2043     9983      9347040919      9347050902         7210324       7933       2000      10000          7
   0       68     2043     9987      9347050915      9347060902         7220320       7936       2000      10000          8
   0       68     2043     9985      9347060918      9347070902         7230323       7934       2000      10000          8
   0       68     2044     9987      9347070916      9347080903         7240321       7935       2000      10000          8
   0       68     2043     9987      9347080917      9347090904         7250322       7935       2000      10000          9
   0       68     2043     9952      9347090951      9347100903         7260356       7900       2000      10000          8
   0       68     2043     9985      9347100918      9347110902         7270323       7934       2000      10000          8
   0       68     2044     9986      9347110916      9347120902         7280321       7934       2000      10000          7
   0       68     2043     9985      9347120917      9347130902         7290322       7934       2000      10000          7
   0       68     2044     9987      9347130916      9347140903         7300321       7934       2000      10000          8
   0       68     2044     9987      9347140917      9347150903         7310322       7934       2000      10000          9
   0       68     2043     9986      9347150918      9347160904         7320323       7933       2000      10000          9
   0       68     2043     9985      9347160918      9347170903         7330323       7934       2000      10000          8
   0       68     2044     9986      9347170917      9347180903         7340322       7934       2000      10000          8
   0       68     2043     9985      9347180917      9347190902         7350322       7934       2000      10000          8
   0       68     2043     9987      9347190916      9347200902         7360321       7936       2000      10000          8
   0       68     2044     9985      9347200918      9347210902         7370323       7933       2000      10000          7
   0       68     2044     9986      9347210917      9347220903         7380322       7934       2000      10000          8
   0       68     2043     9987      9347220918      9347230905         7390323       7933       2000      10000         10
   0       68     2043     9984      9347230918      9347240902         7400323       7933       2000      10000          8
   0       68     2043     9984      9347240918      9347250901         7410323       7934       2000      10000          7
   0       68     2043     9989      9347250915      9347260904         7420320       7937       2000      10000          9
   0       68     2043     9985      9347260918      9347270902         7430323       7934       2000      10000          8
   0       68     2045     9987      9347270916      9347280903         7440321       7934       2000      10000          8
   0       68     2044     9987      9347280916      9347290903         7450321       7935       2000      10000          8
   0       68     2043     9988      9347290916      9347300904         7460321       7936       2000      10000          9
   0       68     2043     9982      9347300919      9347310901         7470324       7932       2000      10000          6
   0       68     2044     9988      9347310915      9347320902         7480319       7936       2000      10000          7
   0       68     2043     9986      9347320916      9347330902         7490321       7935       2000      10000          7
   0       68     2044     9987      9347330917      9347340904         7500322       7934       2000      10000          9
   0       68     2043     9983      9347340920      9347350903         7510325       7931       2000      10000          8
   0       68     2044     9982      9347350920      9347360902         7520325       7931       2000      10000          8
   0       68     2043     9982      9347360921      9347370903         7530326       7931       2000      10000          8
   0       68     2044     9984      9347370919      9347380903         7540324       7931       2000      10000          9
   0       68     2043     9983      9347380919      9347390902         7550324       7933       2000      10000          7
   0       68     2043     9985      9347390917      9347400903         7560322       7934       2000      10000          8
   0       68     2043     9984      9347400917      9347410902         7570322       7934       2000      10000          7
   0       68     2043     9987      9347410915      9347420902         7580320       7936       2000      10000          7
   0       68     2043     9955      9347420949      9347430903         7590354       7903       2000      10000          9
   0       68     2043     9984      9347430919      9347440903         7600324       7932       2000      10000          8
   0       68     2043     9984      9347440918      9347450902         7610323       7934       2000      10000          7
   0       68     2043     9988      9347450917      9347460905         7620322       7935       2000      10000         11
   0       68     2043     9981      9347460921      9347470902         7630326       7930       2000      10000          7
   0       68     2044     9986      9347470916      9347480901         7640321       7935       2000      10000          7
   0       68     2043     9986      9347480916      9347490902         7650321       7935       2000      10000          7
   0       68     2043     9986      9347490916      9347500902         7660321       7935       2000      10000          7
   0       68     2044     9984      9347500917      9347510901         7670322       7934       2000      10000          6
   0       68     2044     9988      9347510914      9347520902         7680319       7937       2000      10000          7
   0       68     2043     9987      9347520916      9347530903         7690321       7936       2000      10000          9
   0       68     2043     9985      9347530917      9347540903         7700322       7934       2000      10000          8
   0       68     2044     9986      9347540918      9347550904         7710323       7933       2000      10000          9
   0       68     2043     9986      9347550917      9347560903         7720322       7934       2000      10000          9
   0       68     2043     9984      9347560918      9347570903         7730323       7933       2000      10000          8
   0       68     2043     9986      9347570916      9347580902         7740321       7935       2000      10000          7
   0       68     2043     9985      9347580918      9347590903         7750323       7933       2000      10000          9
   0       68     2043     9985      9347590918      9347600903         7760323       7934       2000      10000          8
   0       68     2044     9983      9347600918      9347610901         7770323       7932       2000      10000          7
   0       68     2045     9987      9347610915      9347620902         7780320       7935       2000      10000          7
   0       68     2043     9987      9347620917      9347630904         7790322       7934       2000      10000          9
   0       68     2044     9984      9347630918      9347640902         7800323       7933       2000      10000          7
   0       68     2043     9986      9347640916      9347650902         7810321       7935       2000      10000          8
   0       68     2043     9987      9347650916      9347660903         7820321       7936       2000      10000          8
   0       68     2043     9985      9347660918      9347670903         7830323       7934       2000      10000          8
   0       68     2044     9986      9347670916      9347680902         7840321       7934       2000      10000          8
   0       68     2044     9986      9347680917      9347690903         7850322       7934       2000      10000          8
   0       68     2043     9987      9347690917      9347700904         7860322       7935       2000      10000          9
   0       68     2043     9984      9347700918      9347710902         7870323       7933       2000      10000          7
   0       68     2044     9987      9347710915      9347720903         7880320       7935       2000      10000          8
   0       68     2043     9984      9347720918      9347730902         7890323       7933       2000      10000          8
   0       68     2044     9985      9347730917      9347740902         7900322       7934       2000      10000          7
   0       68     2044     9987      9347740916      9347750903         7910321       7934       2000      10000          8
   0       68     2043     9957      9347750947      9347760904         7920352       7904       2000      10000          9
   0       68     2043     9982      9347760920      9347770902         7930325       7932       2000      10000          7
   0       68     2044     9984      9347770918      9347780902         7940323       7933       2000      10000          7
   0       68     2044     9985      9347780917      9347790902         7950322       7933       2000      10000          7
   0       68     2043     9987      9347790916      9347800903         7960321       7935       2000      10000          8
   0       68     2044     9987      9347800917      9347810904         7970322       7934       2000      10000          9
   0       68     2044     9984      9347810917      9347820902         7980322       7934       2000      10000          7
   0       68     2043     9986      9347820916      9347830902         7990321       7935       2000      10000          7
   0       68     2043     9987      9347830915      9347840902         8000320       7937       2000      10000          7
   0       68     2043     9984      9347840918      9347850902         8010323       7934       2000      10000          8
   0       68     2043     9987      9347850917      9347860904         8020322       7935       2000      10000          9
   0       68     2043     9982      9347860921      9347870903         8030326       7931       2000      10000          8
   0       68     2043     9980      9347870923      9347880903         8040328       7928       2000      10000          8
   0       68     2044     9978      9347880923      9347890901         8050328       7927       2000      10000          7
   0       68     2043     9985      9347890918      9347900903         8060323       7933       2000      10000          8
   0       68     2044     9981      9347900921      9347910903         8070326       7929       2000      10000          8
   0       68     2043     9984      9347910918      9347920903         8080323       7933       2000      10000          8
   0       68     2043     9983      9347920919      9347930902         8090324       7932       2000      10000          7
   0       68     2044     9985      9347930917      9347940902         8100322       7934       2000      10000          7
   0       68     2044     9984      9347940918      9347950902         8110323       7933       2000      10000          7
   0       68     2043     9987      9347950916      9347960903         8120320       7936       2000      10000          8
   0       68     2043     9984      9347960918      9347970902         8130323       7934       2000      10000          8
   0       68     2043     9987      9347970916      9347980903         8140321       7935       2000      10000          8
   0       68     2043     9986      9347980918      9347990904         8150323       7934       2000      10000          9
   0       68     2043     9986      9347990917      9348000903         8160322       7934       2000      10000          8
   0       68     2043     9986      9348000916      9348010902         8170321       7935       2000      10000          8
   0       68     2043     9988      9348010915      9348020903         8180320       7936       2000      10000          8
   0       68     2043     9986      9348020917      9348030903         8190322       7934       2000      10000          8
   0       68     2044     9986      9348030915      9348040902         8200320       7935       2000      10000          7
   0       68     2043     9985      9348040917      9348050902         8210322       7935       2000      10000          7
   0       68     2043     9987      9348050915      9348060903         8220320       7936       2000      10000          8
   0       68     2043     9986      9348060916      9348070902         8230321       7935       2000      10000          7
   0       68     2043     9987      9348070915      9348080901         8240320       7937       2000      10000          7
   0       68     2043     9956      9348080946      9348090903         8250351       7905       2000      10000          8
   0       68     2043     9985      9348090918      9348100903         8260322       7934       2000      10000          8
   0       68     2044     9985      9348100917      9348110903         8270322       7933       2000      10000          8
   0       68     2044     9984      9348110917      9348120901         8280322       7933       2000      10000          7
   0       68     2043     9987      9348120916      9348130903         8290321       7936       2000      10000          8
   0       68     2043     9986      9348130917      9348140903         8300322       7934       2000      10000          8
   0       68     2044     9986      9348140917      9348150903         8310322       7934       2000      10000          8
   0       68     2043     9988      9348150916      9348160904         8320321       7935       2000      10000          9
   0       68     2043     9984      9348160918      9348170903         8330323       7933       2000      10000          8
   0       68     2044     9985      9348170916      9348180902         8340321       7934       2000      10000          7
   0       68     2045     9988      9348180916      9348190904         8350321       7934       2000      10000          9
   0       68     2043     9985      9348190917      9348200903         8360322       7934       2000      10000          8
   0       68     2044     9985      9348200918      9348210904         8370323       7932       2000      10000          9
   0       68     2043     9985      9348210917      9348220903         8380322       7934       2000      10000          8
   0       68     2043     9986      9348220918      9348230903         8390323       7933       2000      10000          9
   0       68     2043     9985      9348230917      9348240902         8400322       7934       2000      10000          7
   0       68     2043     9986      9348240916      9348250902         8410321       7935       2000      10000          7
   0       68     2043     9989      9348250914      9348260903         8420319       7937       2000      10000          8
   0       68     2043     9986      9348260917      9348270903         8430322       7935       2000      10000          8
   0       68     2044     9986      9348270916      9348280902         8440321       7935       2000      10000          7
   0       68     2043     9985      9348280917      9348290903         8450322       7934       2000      10000          8
   0       68     2043     9986      9348290917      9348300903         8460322       7935       2000      10000          8
   0       68     2044     9984      9348300917      9348310901         8470322       7934       2000      10000          7
   0       68     2043     9988      9348310915      9348320903         8480320       7936       2000      10000          8
   0       68     2043     9986      9348320917      9348330903         8490322       7934       2000      10000          9
   0       68     2043     9987      9348330917      9348340904         8500322       7934       2000      10000          9
   0       68     2043     9985      9348340917      9348350902         8510322       7935       2000      10000          7
   0       68     2043     9989      9348350915      9348360904         8520320       7936       2000      10000          9
   0       68     2043     9984      9348360918      9348370902         8530323       7933       2000      10000          7
   0       68     2043     9988      9348370915      9348380903         8540320       7936       2000      10000          9
   0       68     2043     9986      9348380917      9348390903         8550322       7934       2000      10000          9
   0       68     2043     9983      9348390919      9348400902         8560324       7932       2000      10000          7
   0       68     2044     9982      9348400921      9348410902         8570326       7930       2000      10000          8
   0       68     2043     9961      9348410942      9348420903         8580347       7909       2000      10000          8
   0       68     2044     9981      9348420923      9348430904         8590328       7928       2000      10000          9
   0       68     2043     9981      9348430921      9348440903         8600326       7930       2000      10000          8
   0       68     2044     9981      9348440921      9348450902         8610326       7929       2000      10000          8
   0       68     2043     9987      9348450917      9348460904         8620322       7935       2000      10000          9
   0       68     2043     9983      9348460920      9348470903         8630325       7932       2000      10000          8
   0       68     2044     9983      9348470918      9348480902         8640323       7932       2000      10000          7
   0       68     2043     9987      9348480918      9348490905         8650323       7933       2000      10000         10
   0       68     2043     9984      9348490919      9348500903         8660324       7933       2000      10000          8
   0       68     2044     9984      9348500920      9348510904         8670325       7931       2000      10000         10
   0       68     2043     9983      9348510919      9348520902         8680324       7933       2000      10000          7
   0       68     2043     9986      9348520917      9348530903         8690322       7935       2000      10000          8
   0       68     2044     9983      9348530919      9348540902         8700324       7932       2000      10000          7
   0       68     2043     9984      9348540917      9348550901         8710322       7934       2000      10000          7
   0       68     2043     9988      9348550915      9348560903         8720319       7937       2000      10000          8
   0       68     2043     9985      9348560918      9348570903         8730323       7934       2000      10000          8
   0       68     2044     9985      9348570917      9348580902         8740321       7934       2000      10000          7
   0       68     2044     9987      9348580916      9348590902         8750321       7935       2000      10000          8
   0       68     2043     9987      9348590916      9348600903         8760321       7935       2000      10000          8
   0       68     2044     9985      9348600917      9348610902         8770322       7934       2000      10000          7
   0       68     2043     9987      9348610916      9348620903         8780321       7935       2000      10000          8
   0       68     2043     9986      9348620917      9348630903         8790322       7935       2000      10000          8
   0       68     2044     9986      9348630917      9348640903         8800322       7934       2000      10000          8
   0       68     2044     9986      9348640916      9348650902         8810321       7935       2000      10000          7
   0       68     2043     9988      9348650916      9348660904         8820321       7936       2000      10000          9
   0       68     2043     9984      9348660919      9348670903         8830324       7933       2000      10000          8
   0       68     2044     9985      9348670917      9348680902         8840322       7934       2000      10000          7
   0       68     2044     9986      9348680917      9348690903         8850322       7934       2000      10000          8
   0       68     2043     9986      9348690917      9348700903         8860322       7935       2000      10000          8
   0       68     2043     9984      9348700917      9348710901         8870322       7934       2000      10000          7
   0       68     2043     9987      9348710915      9348720903         8880320       7936       2000      10000          8
   0       68     2043     9986      9348720917      9348730903         8890322       7934       2000      10000          8
   0       68     2043     9986      9348730917      9348740903         8900322       7934       2000      10000          8
   0       68     2043     9953      9348740950      9348750904         8910355       7901       2000      10000          9
   0       68     2043     9987      9348750918      9348760905         8920323       7933       2000      10000         10
   0       68     2043     9983      9348760920      9348770903         8930325       7931       2000      10000          8
   0       68     2043     9983      9348770919      9348780902         8940324       7932       2000      10000          8
   0       68     2043     9985      9348780917      9348790903         8950322       7934       2000      10000          8
   0       68     2043     9984      9348790918      9348800903         8960323       7933       2000      10000          8
   0       68     2043     9983      9348800919      9348810902         8970324       7932       2000      10000          7
   0       68     2043     9987      9348810916      9348820903         8980321       7936       2000      10000          8
   0       68     2043     9986      9348820916      9348830902         8990321       7935       2000      10000          7
   0       68     2043     9986      9348830916      9348840902         9000321       7935       2000      10000          8
   0       68     2043     9984      9348840917      9348850901         9010322       7935       2000      10000          7
   0       68     2043     9989      9348850915      9348860904         9020320       7937       2000      10000          9
   0       68     2043     9985      9348860918      9348870903         9030323       7934       2000      10000          8
   0       68     2043     9986      9348870917      9348880902         9040322       7934       2000      10000          8
   0       68     2043     9988      9348880917      9348890905         9050322       7935       2000      10000         10
   0       68     2043     9984      9348890918      9348900903         9060323       7933       2000      10000          8
   0       68     2044     9987      9348900916      9348910902         9070321       7935       2000      10000          8
   0       68     2043     9987      9348910916      9348920903         9080321       7935       2000      10000          8
   0       68     2043     9985      9348920917      9348930903         9090322       7934       2000      10000          8
   0       68     2044     9985      9348930918      9348940903         9100323       7933       2000      10000          8
   0       68     2043     9981      9348940922      9348950903         9110327       7929       2000      10000          9
   0       68     2043     9985      9348950922      9348960907         9120327       7930       2000      10000         12
   0       68     2043     9976      9348960926      9348970902         9130331       7925       2000      10000          8
   0       68     2043     9985      9348970918      9348980903         9140323       7933       2000      10000          8
   0       68     2043     9984      9348980921      9348990904         9150326       7930       2000      10000         10
   0       68     2043     9984      9348990919      9349000904         9160324       7932       2000      10000          9
   0       68     2043     9983      9349000920      9349010902         9170325       7932       2000      10000          8
   0       68     2043     9985      9349010918      9349020903         9180323       7933       2000      10000          8
   0       68     2043     9985      9349020918      9349030903         9190323       7934       2000      10000          9
   0       68     2043     9984      9349030919      9349040903         9200324       7932       2000      10000          8
   0       68     2044     9985      9349040917      9349050903         9210322       7933       2000      10000          8
   0       68     2043     9987      9349050916      9349060903         9220321       7935       2000      10000          9
   0       68     2043     9985      9349060917      9349070902         9230322       7934       2000      10000          7
   0       68     2044     9952      9349070951      9349080902         9240356       7900       2000      10000          7
   0       68     2043     9986      9349080916      9349090902         9250321       7935       2000      10000          7
   0       68     2043     9987      9349090916      9349100903         9260321       7936       2000      10000          8
   0       68     2044     9985      9349100918      9349110903         9270323       7933       2000      10000          9
   0       68     2044     9985      9349110917      9349120902         9280322       7933       2000      10000          7
   0       68     2043     9987      9349120916      9349130903         9290321       7935       2000      10000          8
   0       68     2044     9985      9349130917      9349140902         9300322       7934       2000      10000          8
   0       68     2043     9987      9349140916      9349150903         9310321       7935       2000      10000          8
   0       68     2043     9984      9349150918      9349160903         9320323       7933       2000      10000          8
   0       68     2043     9985      9349160918      9349170903         9330323       7934       2000      10000          8
   0       68     2043     9987      9349170916      9349180903         9340321       7935       2000      10000          8
   0       68     2043     9986      9349180917      9349190903         9350322       7934       2000      10000          8
   0       68     2043     9986      9349190916      9349200902         9360321       7935       2000      10000          8
   0       68     2044     9984      9349200917      9349210901         9370322       7934       2000      10000          7
   0       68     2044     9987      9349210915      9349220903         9380320       7936       2000      10000          8
   0       68     2043     9984      9349220918      9349230902         9390323       7933       2000      10000          8
   0       68     2044     9986      9349230916      9349240902         9400321       7935       2000      10000          7
   0       68     2043     9986      9349240916      9349250903         9410321       7935       2000      10000          8
   0       68     2043     9990      9349250917      9349260907         9420322       7934       2000      10000         12
   0       68     2043     9983      9349260921      9349270904         9430326       7931       2000      10000          9
   0       68     2043     9984      9349270919      9349280903         9440324       7933       2000      10000          8
   0       68     2043     9984      9349280919      9349290902         9450324       7933       2000      10000          8
   0       68     2043     9991      9349290916      9349300907         9460321       7935       2000      10000         13
   0       68     2043     9981      9349300921      9349310902         9470326       7931       2000      10000          8
   0       68     2044     9986      9349310917      9349320903         9480322       7934       2000      10000          8
   0       68     2043     9985      9349320917      9349330902         9490322       7935       2000      10000          8
   0       68     2043     9988      9349330916      9349340904         9500321       7936       2000      10000          9
   0       68     2043     9983      9349340919      9349350902         9510324       7933       2000      10000          7
   0       68     2043     9988      9349350916      9349360904         9520321       7936       2000      10000          9
   0       68     2043     9985      9349360918      9349370903         9530323       7934       2000      10000          8
   0       68     2043     9987      9349370916      9349380903         9540321       7935       2000      10000          8
   0       68     2044     9985      9349380918      9349390903         9550323       7933       2000      10000          8
   0       68     2043     9985      9349390917      9349400902         9560322       7934       2000      10000          8
   0       68     2044     9954      9349400950      9349410904         9570355       7900       2000      10000         10
   0       68     2044     9982      9349410920      9349420903         9580325       7931       2000      10000          8
   0       68     2043     9985      9349420918      9349430903         9590323       7933       2000      10000          8
   0       68     2044     9985      9349430917      9349440902         9600322       7934       2000      10000          7
   0       68     2044     9987      9349440916      9349450903         9610321       7934       2000      10000          9
   0       68     2043     9986      9349450917      9349460903         9620322       7935       2000      10000          8
   0       68     2043     9987      9349460919      9349470905         9630324       7933       2000      10000         11
   0       68     2043     9980      9349470922      9349480903         9640327       7929       2000      10000          8
   0       68     2043     9979      9349480923      9349490902         9650328       7928       2000      10000          8
   0       68     2043     9982      9349490921      9349500904         9660326       7930       2000      10000          9
   0       68     2043     9980      9349500923      9349510903         9670328       7929       2000      10000          8
   0       68     2044     9983      9349510920      9349520903         9680325       7930       2000      10000          8
   0       68     2043     9982      9349520921      9349530903         9690326       7930       2000      10000          8
   0       68     2044     9983      9349530919      9349540902         9700324       7932       2000      10000          7
   0       68     2044     9983      9349540919      9349550902         9710324       7932       2000      10000          7
   0       68     2043     9987      9349550917      9349560903         9720322       7935       2000      10000          8
   0       68     2043     9982      9349560920      9349570902         9730325       7932       2000      10000          7
   0       68     2043     9987      9349570916      9349580903         9740321       7935       2000      10000          8
   0       68     2044     9983      9349580919      9349590903         9750324       7931       2000      10000          8
   0       68     2043     9991      9349590916      9349600907         9760321       7936       2000      10000         12
   0       68     2044     9982      9349600922      9349610903         9770327       7929       2000      10000          9
   0       68     2044     9986      9349610918      9349620904         9780323       7933       2000      10000          9
   0       68     2061     9986      9349620917      9349630903         9790322       7916       2000      10000          9
   0       68     2043     9982      9349630920      9349640902         9800325       7931       2000      10000          8
   0       68     2044     9984      9349640918      9349650902         9810323       7933       2000      10000          7
   0       68     2043     9987      9349650916      9349660903         9820321       7936       2000      10000          8
   0       68     2043     9985      9349660918      9349670902         9830323       7934       2000      10000          8
   0       68     2044     9985      9349670917      9349680902         9840322       7934       2000      10000          7
   0       68     2044     9986      9349680917      9349690903         9850321       7934       2000      10000          8
   0       68     2043     9986      9349690916      9349700902         9860321       7936       2000      10000          7
   0       68     2044     9984      9349700918      9349710902         9870323       7933       2000      10000          7
   0       68     2043     9986      9349710916      9349720901         9880321       7935       2000      10000          7
   0       68     2043     9989      9349720916      9349730905         9890321       7935       2000      10000         10
   0       68     2043     9938      9349730966      9349740904         9900371       7885       2000      10000          9
   0       68     2044     9981      9349740922      9349750903         9910327       7929       2000      10000          8
   0       68     2043     9986      9349750917      9349760903         9920322       7934       2000      10000          9
   0       68     2043     9983      9349760920      9349770903         9930325       7932       2000      10000          8
   0       68     2043     9986      9349770917      9349780903         9940322       7934       2000      10000          8
   0       68     2044     9985      9349780917      9349790902         9950322       7934       2000      10000          8
   0       68     2043     9985      9349790917      9349800902         9960322       7934       2000      10000          7
   0       68     2043     9986      9349800917      9349810902         9970322       7934       2000      10000          8
   0       68     2043     9987      9349810916      9349820903         9980321       7935       2000      10000          8
   0       68     2043     9984      9349820919      9349830903         9990324       7932       2000      10000          9
   0       68     2043     9985      9349830918      9349840903        10000323       7934       2000      10000          9
   0       68     2043     9982      9349840920      9349850902        10010325       7931       2000      10000          7
   0       68     2043     9990      9349850916      9349860906        10020321       7936       2000      10000         11
   0       68     2043     9980      9349860922      9349870902        10030327       7930       2000      10000          7
   0       68     2044     9986      9349870916      9349880902        10040320       7935       2000      10000          7
   0       68     2043     9987      9349880917      9349890904        10050322       7934       2000      10000          9
   0       68     2043     9984      9349890919      9349900903        10060324       7933       2000      10000          8
   0       68     2044     9985      9349900917      9349910902        10070322       7933       2000      10000          7
   0       68     2043     9990      9349910917      9349920906        10080322       7935       2000      10000         11
   0       68     2043     9983      9349920920      9349930903        10090325       7931       2000      10000          8
   0       68     2044     9987      9349930916      9349940903        10100321       7935       2000      10000          8
   0       68     2044     9983      9349940918      9349950901        10110323       7933       2000      10000          7
   0       68     2043     9988      9349950915      9349960903        10120320       7937       2000      10000          9
   0       68     2043     9986      9349960916      9349970903        10130321       7935       2000      10000          8
   0       68     2044     9986      9349970916      9349980902        10140321       7935       2000      10000          7
   0       68     2044     9988      9349980916      9349990904        10150321       7935       2000      10000          9
   0       68     2043     9988      9349990917      9350000905        10160322       7934       2000      10000         10
   0       68     2043     9984      9350000919      9350010903        10170324       7932       2000      10000          8
   0       68     2043     9977      9350010926      9350020903        10180331       7925       2000      10000          8
   0       68     2043     9986      9350020920      9350030906        10190325       7932       2000      10000         11
   0       68     2043     9978      9350030925      9350040903        10200330       7927       2000      10000          8
   0       68     2044     9979      9350040923      9350050902        10210328       7928       2000      10000          7
   0       68     2043     9984      9350050919      9350060903        10220324       7932       2000      10000          9
   0       68     2043     9980      9350060922      9350070902        10230327       7929       2000      10000          8
   0       68     2044     9949      9350070954      9350080903        10240359       7897       2000      10000          8
   0       68     2043     9981      9350080922      9350090903        10250327       7929       2000      10000          8
   0       68     2043     9985      9350090918      9350100904        10260323       7933       2000      10000          9
   0       68     2044     9978      9350100925      9350110902        10270330       7926       2000      10000          8
   0       68     2043     9987      9350110917      9350120904        10280322       7934       2000      10000         10
   0       68     2044     9979      9350120923      9350130902        10290328       7928       2000      10000          7
   0       68     2043     9984      9350130919      9350140903        10300323       7933       2000      10000          8
   0       68     2043     9983      9350140920      9350150903        10310325       7932       2000      10000          8
   0       68     2043     9986      9350150917      9350160903        10320322       7935       2000      10000          8
   0       68     2043     9984      9350160918      9350170902        10330323       7934       2000      10000          7
   0       68     2044     9987      9350170916      9350180903        10340321       7934       2000      10000          8
   0       68     2045     9984      9350180918      9350190903        10350323       7932       2000      10000          8
   0       68     2043     9987      9350190916      9350200903        10360321       7935       2000      10000          9
   0       68     2044     9983      9350200918      9350210901        10370323       7933       2000      10000          7
   0       68     2043     9987      9350210915      9350220902        10380320       7936       2000      10000          7
   0       68     2043     9986      9350220917      9350230903        10390322       7935       2000      10000          9
   0       68     2043     9986      9350230917      9350240903        10400322       7934       2000      10000          8
   0       68     2043     9984      9350240918      9350250902        10410323       7933       2000      10000          8
   0       68     2043     9988      9350250916      9350260904        10420321       7935       2000      10000          9
   0       68     2043     9984      9350260918      9350270903        10430323       7933       2000      10000          8
   0       68     2044     9988      9350270916      9350280903        10440321       7935       2000      10000          9
   0       68     2044     9985      9350280917      9350290902        10450322       7933       2000      10000          7
   0       68     2043     9987      9350290916      9350300902        10460321       7936       2000      10000          8
   0       68     2044     9985      9350300917      9350310901        10470322       7934       2000      10000          7
   0       68     2043     9986      9350310916      9350320902        10480321       7935       2000      10000          7
   0       68     2044     9986      9350320917      9350330903        10490322       7934       2000      10000          8
   0       68     2044     9987      9350330916      9350340903        10500321       7935       2000      10000          8
   0       68     2044     9985      9350340918      9350350902        10510323       7932       2000      10000          7
   0       68     2043     9988      9350350915      9350360903        10520320       7937       2000      10000          8
   0       68     2043     9984      9350360918      9350370903        10530323       7933       2000      10000          8
   0       68     2043     9985      9350370916      9350380902        10540321       7935       2000      10000          7
   0       68     2043     9987      9350380916      9350390903        10550321       7936       2000      10000          8
   0       68     2043     9986      9350390916      9350400903        10560321       7935       2000      10000          8
   0       68     2045     9956      9350400956      9350410912        10570361       7894       2000      10000         18
   0       68     2043     9975      9350410928      9350420903        10580333       7923       2000      10000          8
   0       68     2043     9986      9350420919      9350430905        10590324       7933       2000      10000         11
   0       68     2043     9981      9350430921      9350440902        10600326       7931       2000      10000          7
   0       68     2043     9983      9350440918      9350450901        10610323       7933       2000      10000          7
   0       68     2043     9987      9350450916      9350460903        10620321       7936       2000      10000          8
   0       68     2043     9985      9350460918      9350470903        10630323       7934       2000      10000          8
   0       68     2044     9985      9350470917      9350480902        10640322       7934       2000      10000          7
   0       68     2045     9985      9350480918      9350490902        10650323       7932       2000      10000          8
   0       68     2043     9987      9350490917      9350500904        10660322       7935       2000      10000          9
   0       68     2044     9982      9350500920      9350510902        10670325       7930       2000      10000          7
   0       68     2044     9986      9350510916      9350520902        10680321       7935       2000      10000          8
   0       68     2043     9985      9350520918      9350530903        10690323       7933       2000      10000          9
   0       68     2043     9984      9350530918      9350540902        10700323       7933       2000      10000          7
   0       68     2043     9984      9350540917      9350550901        10710322       7935       2000      10000          7
   0       68     2043     9988      9350550915      9350560904        10720320       7937       2000      10000          9
   0       68     2043     9983      9350560920      9350570903        10730325       7932       2000      10000          8
   0       68     2043     9985      9350570918      9350580903        10740322       7933       2000      10000          8
   0       68     2043     9981      9350580923      9350590903        10750328       7929       2000      10000          9
   0       68     2043     9983      9350590920      9350600903        10760325       7932       2000      10000          8
   0       68     2044     9980      9350600921      9350610901        10770326       7930       2000      10000          6
   0       68     2043     9983      9350610919      9350620902        10780324       7933       2000      10000          8
   0       68     2043     9986      9350620918      9350630904        10790323       7934       2000      10000          9
   0       68     2043     9982      9350630920      9350640902        10800325       7932       2000      10000          7
   0       68     2044     9984      9350640919      9350650902        10810324       7932       2000      10000          7
   0       68     2043     9987      9350650917      9350660903        10820322       7935       2000      10000          9
   0       68     2043     9984      9350660918      9350670902        10830323       7934       2000      10000          7
   0       68     2043     9985      9350670916      9350680902        10840321       7935       2000      10000          7
   0       68     2043     9986      9350680917      9350690902        10850321       7935       2000      10000          7
   0       68     2043     9987      9350690916      9350700904        10860321       7935       2000      10000          9
   0       68     2044     9984      9350700918      9350710903        10870323       7932       2000      10000          8
   0       68     2044     9987      9350710917      9350720903        10880322       7934       2000      10000          8
   0       68     2043     9985      9350720919      9350730903        10890324       7933       2000      10000          9
   0       68     2043     9951      9350730952      9350740903        10900357       7899       2000      10000          8
   0       68     2044     9984      9350740918      9350750902        10910323       7932       2000      10000          7
   0       68     2043     9987      9350750917      9350760904        10920322       7935       2000      10000          9
   0       68     2043     9984      9350760918      9350770903        10930323       7933       2000      10000          8
   0       68     2043     9986      9350770917      9350780903        10940322       7934       2000      10000          8
   0       68     2043     9984      9350780919      9350790903        10950324       7932       2000      10000          8
   0       68     2043     9986      9350790917      9350800903        10960322       7934       2000      10000          8
   0       68     2044     9984      9350800917      9350810901        10970322       7933       2000      10000          6
   0       68     2044     9986      9350810917      9350820903        10980322       7933       2000      10000          8
   0       68     2043     9984      9350820919      9350830903        10990323       7933       2000      10000          8
   0       68     2044     9986      9350830917      9350840902        11000322       7934       2000      10000          8
   0       68     2044     9984      9350840918      9350850901        11010323       7933       2000      10000          7
   0       68     2043     9989      9350850916      9350860905        11020321       7935       2000      10000         10
   0       68     2043     9984      9350860919      9350870903        11030324       7932       2000      10000          8
   0       68     2045     9984      9350870919      9350880903        11040324       7931       2000      10000          9
   0       68     2043     9987      9350880917      9350890904        11050322       7934       2000      10000         10
   0       68     2043     9984      9350890919      9350900903        11060324       7933       2000      10000          8
   0       68     2043     9984      9350900917      9350910901        11070322       7934       2000      10000          6
   0       68     2044     9987      9350910915      9350920903        11080320       7935       2000      10000          8
   0       68     2043     9986      9350920917      9350930903        11090322       7935       2000      10000          9
   0       68     2044     9985      9350930918      9350940903        11100323       7933       2000      10000          8
   0       68     2043     9984      9350940918      9350950902        11110323       7933       2000      10000          7
   0       68     2043     9988      9350950917      9350960905        11120322       7935       2000      10000         10
   0       68     2043     9983      9350960920      9350970903        11130325       7932       2000      10000          8
   0       68     2044     9986      9350970916      9350980902        11140321       7934       2000      10000          8
   0       68     2043     9987      9350980916      9350990903        11150321       7935       2000      10000          8
   0       68     2043     9987      9350990916      9351000903        11160321       7935       2000      10000          8
   0       68     2044     9985      9351000917      9351010903        11170322       7934       2000      10000          8
   0       68     2043     9986      9351010917      9351020903        11180322       7935       2000      10000          8
   0       68     2043     9988      9351020917      9351030905        11190322       7935       2000      10000         10
   0       68     2043     9984      9351030918      9351040903        11200323       7933       2000      10000          8
   0       68     2043     9985      9351040916      9351050902        11210321       7935       2000      10000          7
   0       68     2043     9987      9351050916      9351060903        11220321       7936       2000      10000          8
   0       68     2043     9954      9351060954      9351070908        11230359       7897       2000      10000         13
   0       68     2043     9979      9351070923      9351080902        11240328       7929       2000      10000          7
   0       68     2043     9985      9351080918      9351090903        11250323       7933       2000      10000          8
   0       68     2043     9984      9351090918      9351100902        11260323       7933       2000      10000          7
   0       68     2043     9980      9351100923      9351110904        11270328       7928       2000      10000          9
   0       68     2043     9981      9351110921      9351120902        11280326       7930       2000      10000          7
   0       68     2043     9981      9351120922      9351130903        11290327       7929       2000      10000          8
   0       68     2043     9984      9351130918      9351140903        11300323       7933       2000      10000          8
   0       68     2044     9981      9351140921      9351150902        11310326       7929       2000      10000          8
   0       68     2043     9986      9351150918      9351160905        11320323       7933       2000      10000         10
   0       68     2043     9982      9351160920      9351170902        11330325       7931       2000      10000          8
   0       68     2044     9983      9351170918      9351180901        11340323       7933       2000      10000          7
   0       68     2044     9984      9351180918      9351190903        11350323       7933       2000      10000          8
   0       68     2043     9984      9351190918      9351200902        11360323       7934       2000      10000          8
   0       68     2044     9984      9351200918      9351210901        11370323       7933       2000      10000          7
   0       68     2043     9986      9351210917      9351220903        11380322       7934       2000      10000          9
   0       68     2043     9985      9351220918      9351230903        11390323       7933       2000      10000          9
   0       68     2043     9985      9351230918      9351240903        11400323       7934       2000      10000          8
   0       68     2043     9985      9351240917      9351250902        11410322       7934       2000      10000          7
   0       68     2043     9987      9351250916      9351260903        11420321       7936       2000      10000          9
   0       68     2043     9984      9351260918      9351270902        11430323       7934       2000      10000          7
   0       68     2044     9985      9351270916      9351280901        11440321       7935       2000      10000          6
   0       68     2044     9987      9351280915      9351290903        11450320       7935       2000      10000          8
   0       68     2043     9986      9351290917      9351300903        11460322       7935       2000      10000          8
   0       68     2045     9986      9351300917      9351310903        11470322       7933       2000      10000          8
   0       68     2044     9985      9351310918      9351320902        11480323       7933       2000      10000          8
   0       68     2043     9987      9351320916      9351330903        11490321       7935       2000      10000          9
   0       68     2044     9984      9351330917      9351340901        11500322       7934       2000      10000          7
   0       68     2044     9986      9351340916      9351350902        11510321       7935       2000      10000          7
   0       68     2043     9988      9351350915      9351360902        11520320       7937       2000      10000          8
   0       68     2043     9987      9351360916      9351370903        11530321       7936       2000      10000          9
   0       68     2044     9986      9351370917      9351380902        11540322       7934       2000      10000          8
   0       68     2044     9989      9351380916      9351390904        11550321       7935       2000      10000         10
   0       68     2043     9952      9351390952      9351400904        11560357       7899       2000      10000         10
   0       68     2044     9982      9351400920      9351410902        11570325       7930       2000      10000          7
   0       68     2044     9985      9351410917      9351420902        11580322       7933       2000      10000          7
   0       68     2043     9985      9351420917      9351430902        11590322       7934       2000      10000          8
   0       68     2043     9985      9351430917      9351440902        11600322       7934       2000      10000          7
   0       68     2043     9985      9351440917      9351450902        11610322       7934       2000      10000          7
   0       68     2043     9987      9351450916      9351460903        11620321       7935       2000      10000          8
   0       68     2043     9986      9351460918      9351470904        11630323       7933       2000      10000          9
   0       68     2044     9983      9351470918      9351480901        11640323       7933       2000      10000          7
   0       68     2043     9988      9351480915      9351490903        11650320       7936       2000      10000          8
   0       68     2043     9985      9351490918      9351500903        11660323       7934       2000      10000          8
   0       68     2044     9983      9351500918      9351510902        11670323       7932       2000      10000          7
   0       68     2043     9985      9351510917      9351520902        11680322       7935       2000      10000          7
   0       68     2043     9986      9351520917      9351530903        11690322       7935       2000      10000          9
   0       68     2043     9986      9351530917      9351540903        11700322       7934       2000      10000          8
   0       68     2043     9985      9351540917      9351550902        11710322       7934       2000      10000          7
   0       68     2043     9988      9351550915      9351560903        11720320       7937       2000      10000          8
   0       68     2043     9985      9351560917      9351570902        11730322       7934       2000      10000          8
   0       68     2044     9986      9351570916      9351580902        11740321       7934       2000      10000          7
   0       68     2043     9986      9351580916      9351590903        11750321       7935       2000      10000          8
   0       68     2043     9987      9351590916      9351600903        11760321       7935       2000      10000          8
   0       68     2044     9985      9351600917      9351610902        11770322       7933       2000      10000          8
   0       68     2044     9985      9351610916      9351620902        11780321       7935       2000      10000          7
   0       68     2043     9987      9351620916      9351630903        11790321       7935       2000      10000          8
   0       68     2043     9983      9351630919      9351640903        11800324       7932       2000      10000          8
   0       68     2043     9992      9351640917      9351650908        11810322       7935       2000      10000         14
   0       68     2043     9977      9351650926      9351660903        11820331       7925       2000      10000          9
   0       68     2043     9982      9351660921      9351670904        11830326       7930       2000      10000          9
   0       68     2043     9981      9351670921      9351680902        11840326       7930       2000      10000          8
   0       68     2044     9982      9351680923      9351690904        11850328       7928       2000      10000         10
   0       68     2043     9983      9351690920      9351700903        11860325       7932       2000      10000          8
   0       68     2044     9982      9351700919      9351710902        11870324       7932       2000      10000          7
   0       68     2044     9984      9351710917      9351720901        11880322       7933       2000      10000          7
   0       68     2043     9952      9351720950      9351730902        11890355       7901       2000      10000          8
   0       68     2043     9983      9351730920      9351740903        11900325       7932       2000      10000          8
   0       68     2044     9983      9351740918      9351750902        11910323       7932       2000      10000          7
   0       68     2043     9986      9351750917      9351760902        11920322       7934       2000      10000          8
   0       68     2043     9984      9351760919      9351770903        11930324       7933       2000      10000          8
   0       68     2044     9984      9351770918      9351780902        11940323       7933       2000      10000          7
   0       68     2043     9993      9351780917      9351790910        11950322       7934       2000      10000         15
   0       68     2043     9979      9351790924      9351800903        11960329       7927       2000      10000          8
   0       68     2044     9984      9351800918      9351810902        11970323       7933       2000      10000          7
   0       68     2043     9987      9351810915      9351820902        11980320       7936       2000      10000          7
   0       68     2044     9985      9351820917      9351830902        11990322       7933       2000      10000          8
   0       68     2043     9988      9351830917      9351840905        12000322       7934       2000      10000         10
   0       68     2044     9981      9351840920      9351850902        12010325       7931       2000      10000          7
   0       68     2043     9987      9351850916      9351860903        12020321       7935       2000      10000          8
   0       68     2043     9987      9351860916      9351870903        12030321       7935       2000      10000          8
   0       68     2043     9984      9351870917      9351880902        12040322       7934       2000      10000          7
   0       68     2043     9987      9351880916      9351890903        12050321       7935       2000      10000          8
   0       68     2043     9984      9351890919      9351900903        12060324       7933       2000      10000          8
   0       68     2044     9983      9351900918      9351910902        12070323       7932       2000      10000          7
   0       68     2044     9986      9351910917      9351920903        12080322       7934       2000      10000          8
   0       68     2043     9987      9351920917      9351930903        12090322       7934       2000      10000          9
   0       68     2043     9985      9351930917      9351940902        12100322       7934       2000      10000          7
   0       68     2044     9986      9351940916      9351950902        12110321       7935       2000      10000          7
   0       68     2043     9986      9351950917      9351960903        12120322       7935       2000      10000          8
   0       68     2043     9985      9351960917      9351970902        12130322       7935       2000      10000          7
   0       68     2043     9985      9351970916      9351980901        12140321       7935       2000      10000          7
   0       68     2043     9988      9351980916      9351990903        12150321       7935       2000      10000          9
   0       68     2043     9987      9351990917      9352000904        12160322       7934       2000      10000          9
   0       68     2043     9986      9352000918      9352010904        12170323       7934       2000      10000          9
   0       68     2043     9984      9352010918      9352020903        12180323       7933       2000      10000          8
   0       68     2043     9989      9352020917      9352030905        12190322       7934       2000      10000         11
   0       68     2043     9982      9352030920      9352040902        12200325       7931       2000      10000          7
   0       68     2043     9985      9352040916      9352050902        12210321       7935       2000      10000          7
   0       68     2043     9967      9352050937      9352060904        12220342       7915       2000      10000          9
   0       68     2043     9982      9352060921      9352070902        12230326       7931       2000      10000          8
   0       68     2044     9984      9352070918      9352080902        12240323       7932       2000      10000          7
   0       68     2043     9985      9352080917      9352090902        12250322       7934       2000      10000          8
   0       68     2043     9985      9352090917      9352100903        12260322       7934       2000      10000          8
   0       68     2044     9984      9352100917      9352110902        12270322       7933       2000      10000          7
   0       68     2043     9986      9352110916      9352120902        12280321       7935       2000      10000          7
   0       68     2043     9987      9352120917      9352130903        12290322       7935       2000      10000          9
   0       68     2043     9985      9352130917      9352140902        12300322       7934       2000      10000          8
   0       68     2043     9985      9352140918      9352150903        12310323       7933       2000      10000          8
   0       68     2043     9987      9352150917      9352160905        12320322       7934       2000      10000         10
   0       68     2043     9983      9352160920      9352170903        12330325       7931       2000      10000          9
   0       68     2043     9984      9352170919      9352180902        12340323       7933       2000      10000          7
   0       68     2043     9991      9352180916      9352190908        12350321       7935       2000      10000         13
   0       68     2043     9981      9352190924      9352200905        12360329       7928       2000      10000         10
   0       68     2043     9984      9352200923      9352210907        12370328       7928       2000      10000         13
   0       68     2043     9977      9352210926      9352220903        12380330       7926       2000      10000          8
   0       68     2043     9981      9352220922      9352230903        12390327       7929       2000      10000          9
   0       68     2043     9983      9352230920      9352240903        12400325       7931       2000      10000          8
   0       68     2043     9983      9352240920      9352250903        12410324       7932       2000      10000          8
   0       68     2043     9984      9352250919      9352260903        12420324       7933       2000      10000          8
   0       68     2043     9982      9352260920      9352270903        12430325       7931       2000      10000          8
   0       68     2043     9983      9352270919      9352280902        12440324       7933       2000      10000          7
   0       68     2043     9985      9352280918      9352290903        12450323       7933       2000      10000          8
   0       68     2043     9984      9352290918      9352300902        12460323       7934       2000      10000          7
   0       68     2043     9985      9352300917      9352310902        12470322       7935       2000      10000          7
   0       68     2043     9984      9352310918      9352320902        12480323       7933       2000      10000          7
   0       68     2043     9988      9352320917      9352330904        12490321       7935       2000      10000          9
   0       68     2043     9984      9352330918      9352340902        12500323       7934       2000      10000          7
   0       68     2043     9987      9352340915      9352350902        12510320       7936       2000      10000          8
   0       68     2043     9987      9352350916      9352360903        12520321       7936       2000      10000          8
   0       68     2043     9986      9352360917      9352370903        12530322       7935       2000      10000          8
   0       68     2043     9985      9352370917      9352380902        12540322       7935       2000      10000          7
   0       68     2043     9952      9352380951      9352390903        12550356       7901       2000      10000          8
   0       68     2043     9984      9352390918      9352400903        12560323       7933       2000      10000          8
   0       68     2043     9983      9352400919      9352410902        12570324       7932       2000      10000          8
   0       68     2043     9984      9352410917      9352420901        12580322       7934       2000      10000          7
   0       68     2043     9986      9352420917      9352430903        12590322       7935       2000      10000          8
   0       68     2043     9986      9352430916      9352440902        12600321       7936       2000      10000          7
   0       68     2044     9987      9352440916      9352450902        12610320       7935       2000      10000          7
   0       68     2043     9988      9352450916      9352460904        12620321       7935       2000      10000          9
   0       68     2043     9985      9352460918      9352470903        12630323       7933       2000      10000          8
   0       68     2044     9984      9352470918      9352480903        12640323       7932       2000      10000          8
   0       68     2044     9987      9352480916      9352490903        12650321       7934       2000      10000          8
   0       68     2043     9986      9352490917      9352500903        12660322       7935       2000      10000          8
   0       68     2043     9986      9352500916      9352510902        12670321       7935       2000      10000          8
   0       68     2043     9984      9352510918      9352520902        12680323       7934       2000      10000          7
   0       68     2043     9987      9352520916      9352530902        12690321       7936       2000      10000          8
   0       68     2044     9986      9352530916      9352540901        12700321       7935       2000      10000          7
   0       68     2044     9987      9352540915      9352550903        12710320       7936       2000      10000          8
   0       68     2043     9985      9352550918      9352560903        12720323       7934       2000      10000          8
   0       68     2043     9986      9352560917      9352570903        12730322       7934       2000      10000          8
   0       68     2044     9984      9352570917      9352580901        12740322       7933       2000      10000          7
   0       68     2044     9987      9352580916      9352590903        12750321       7935       2000      10000          8
   0       68     2043     9986      9352590917      9352600903        12760322       7935       2000      10000          8
   0       68     2043     9986      9352600916      9352610902        12770321       7935       2000      10000          7
   0       68     2043     9985      9352610917      9352620902        12780322       7934       2000      10000          7
   0       68     2043     9988      9352620917      9352630904        12790322       7935       2000      10000          9
   0       68     2043     9985      9352630918      9352640903        12800323       7934       2000      10000          8
   0       68     2045     9986      9352640917      9352650903        12810322       7933       2000      10000          8
   0       68     2043     9986      9352650917      9352660902        12820322       7935       2000      10000          8
   0       68     2043     9986      9352660916      9352670902        12830321       7935       2000      10000          8
   0       68     2044     9985      9352670917      9352680901        12840321       7934       2000      10000          6
   0       68     2043     9987      9352680916      9352690903        12850321       7936       2000      10000          8
   0       68     2043     9985      9352690917      9352700902        12860322       7935       2000      10000          8
   0       68     2044     9985      9352700916      9352710901        12870321       7934       2000      10000          7
   0       68     2043     9954      9352710949      9352720903        12880354       7902       2000      10000          9
   0       68     2043     9985      9352720918      9352730903        12890323       7933       2000      10000          8
   0       68     2043     9984      9352730919      9352740903        12900324       7933       2000      10000          8
   0       68     2043     9982      9352740921      9352750903        12910326       7930       2000      10000          8
   0       68     2043     9982      9352750921      9352760903        12920326       7930       2000      10000          9
   0       68     2043     9982      9352760920      9352770903        12930325       7931       2000      10000          8
   0       68     2044     9983      9352770919      9352780902        12940324       7931       2000      10000          8
   0       68     2044     9984      9352780919      9352790903        12950324       7932       2000      10000          9
   0       68     2043     9984      9352790919      9352800904        12960324       7932       2000      10000          9
   0       68     2043     9984      9352800919      9352810903        12970324       7932       2000      10000          8
   0       68     2044     9986      9352810917      9352820903        12980322       7934       2000      10000          8
   0       68     2043     9987      9352820917      9352830904        12990322       7934       2000      10000          9
   0       68     2044     9983      9352830919      9352840903        13000324       7931       2000      10000          8
   0       68     2043     9984      9352840918      9352850902        13010323       7933       2000      10000          7
   0       68     2043     9987      9352850916      9352860903        13020321       7936       2000      10000          8
   0       68     2043     9984      9352860919      9352870903        13030324       7933       2000      10000          8
   0       68     2044     9986      9352870917      9352880903        13040322       7934       2000      10000          8
   0       68     2043     9986      9352880918      9352890903        13050323       7934       2000      10000          8
   0       68     2043     9986      9352890917      9352900903        13060322       7934       2000      10000          9
   0       68     2043     9985      9352900918      9352910903        13070323       7933       2000      10000          8
   0       68     2044     9984      9352910917      9352920901        13080322       7934       2000      10000          7
   0       68     2043     9988      9352920915      9352930903        13090320       7937       2000      10000          8
   0       68     2044     9985      9352930916      9352940901        13100321       7935       2000      10000          7
   0       68     2044     9987      9352940915      9352950903        13110320       7935       2000      10000          8
   0       68     2043     9987      9352950917      9352960904        13120322       7934       2000      10000          9
   0       68     2043     9985      9352960918      9352970903        13130323       7934       2000      10000          8
   0       68     2044     9984      9352970917      9352980902        13140322       7933       2000      10000          7
   0       68     2043     9986      9352980916      9352990902        13150321       7935       2000      10000          7
   0       68     2043     9988      9352990916      9353000904        13160321       7935       2000      10000          9
   0       68     2043     9984      9353000918      9353010902        13170323       7933       2000      10000          7
   0       68     2044     9988      9353010916      9353020904        13180321       7935       2000      10000          9
   0       68     2043     9985      9353020918      9353030903        13190323       7933       2000      10000          8
   0       68     2044     9984      9353030917      9353040901        13200322       7933       2000      10000          6
   0       68     2043     9949      9353040953      9353050902        13210358       7898       2000      10000          8
   0       68     2043     9987      9353050916      9353060903        13220321       7936       2000      10000          9
   0       68     2043     9984      9353060919      9353070903        13230324       7932       2000      10000          8
   0       68     2044     9983      9353070919      9353080902        13240324       7932       2000      10000          7
   0       68     2043     9986      9353080918      9353090904        13250323       7933       2000      10000          9
   0       68     2043     9985      9353090918      9353100903        13260323       7933       2000      10000          8
   0       68     2044     9983      9353100919      9353110901        13270324       7932       2000      10000          7
   0       68     2043     9986      9353110917      9353120903        13280322       7935       2000      10000          8
   0       68     2043     9984      9353120917      9353130902        13290322       7934       2000      10000          7
   0       68     2044     9985      9353130916      9353140901        13300321       7934       2000      10000          7
   0       68     2043     9987      9353140915      9353150902        13310320       7936       2000      10000          7
   0       68     2043     9988      9353150916      9353160904        13320321       7935       2000      10000          9
   0       68     2043     9984      9353160919      9353170903        13330324       7933       2000      10000          8
   0       68     2044     9985      9353170917      9353180902        13340321       7933       2000      10000          7
   0       68     2043     9987      9353180915      9353190902        13350320       7936       2000      10000          7
   0       68     2043     9987      9353190915      9353200902        13360320       7936       2000      10000          8
   0       68     2043     9985      9353200917      9353210902        13370322       7934       2000      10000          7
   0       68     2044     9985      9353210917      9353220903        13380322       7933       2000      10000          8
   0       68     2043     9989      9353220917      9353230906        13390322       7934       2000      10000         11
   0       68     2043     9982      9353230920      9353240902        13400325       7931       2000      10000          7
   0       68     2043     9985      9353240917      9353250902        13410322       7935       2000      10000          7
   0       68     2043     9987      9353250915      9353260902        13420320       7936       2000      10000          8
   0       68     2043     9982      9353260920      9353270902        13430325       7932       2000      10000          7
   0       68     2043     9981      9353270922      9353280903        13440327       7929       2000      10000          9
   0       68     2043     9981      9353280926      9353290907        13450331       7925       2000      10000         12
   0       68     2043     9979      9353290923      9353300902        13460328       7928       2000      10000          8
   0       68     2043     9984      9353300920      9353310904        13470325       7931       2000      10000          9
   0       68     2043     9983      9353310919      9353320901        13480324       7933       2000      10000          7
   0       68     2043     9985      9353320919      9353330904        13490324       7933       2000      10000          9
   0       68     2044     9983      9353330919      9353340902        13500324       7932       2000      10000          7
   0       68     2043     9982      9353340920      9353350902        13510325       7931       2000      10000          8
   0       68     2043     9987      9353350916      9353360903        13520321       7935       2000      10000          9
   0       68     2043     9984      9353360919      9353370903        13530324       7933       2000      10000          8
   0       68     2044     9959      9353370943      9353380902        13540348       7908       2000      10000          7
   0       68     2044     9982      9353380921      9353390902        13550325       7930       2000      10000          8
   0       68     2043     9984      9353390918      9353400902        13560323       7934       2000      10000          7
   0       68     2044     9984      9353400918      9353410902        13570323       7932       2000      10000          7
   0       68     2045     9988      9353410915      9353420903        13580320       7935       2000      10000          9
   0       68     2043     9986      9353420918      9353430903        13590323       7933       2000      10000          8
   0       68     2044     9991      9353430916      9353440907        13600321       7935       2000      10000         13
   0       68     2043     9979      9353440922      9353450901        13610327       7929       2000      10000          7
   0       68     2043     9990      9353450915      9353460905        13620320       7936       2000      10000         10
   0       68     2043     9982      9353460920      9353470902        13630325       7931       2000      10000          7
   0       68     2044     9984      9353470917      9353480902        13640322       7933       2000      10000          7
   0       68     2044     9985      9353480918      9353490902        13650323       7933       2000      10000          8
   0       68     2043     9988      9353490916      9353500903        13660321       7936       2000      10000          9
   0       68     2043     9984      9353500918      9353510902        13670323       7934       2000      10000          7
   0       68     2043     9987      9353510915      9353520902        13680320       7936       2000      10000          7
   0       68     2043     9987      9353520917      9353530904        13690322       7934       2000      10000          9
   0       68     2043     9986      9353530917      9353540903        13700322       7934       2000      10000          8
   0       68     2044     9984      9353540918      9353550902        13710323       7932       2000      10000          7
   0       68     2043     9988      9353550916      9353560904        13720321       7936       2000      10000          9
   0       68     2043     9983      9353560920      9353570903        13730325       7932       2000      10000          8
   0       68     2044     9985      9353570917      9353580902        13740322       7934       2000      10000          7
   0       68     2043     9986      9353580917      9353590902        13750322       7935       2000      10000          8
   0       68     2043     9987      9353590916      9353600902        13760321       7936       2000      10000          8
   0       68     2044     9986      9353600917      9353610903        13770322       7934       2000      10000          9
   0       68     2043     9986      9353610917      9353620903        13780321       7935       2000      10000          8
   0       68     2059     9985      9353620918      9353630903        13790323       7918       2000      10000          8
   0       68     2044     9981      9353630921      9353640902        13800326       7929       2000      10000          7
   0       68     2043     9982      9353640920      9353650902        13810325       7932       2000      10000          7
   0       68     2043     9987      9353650916      9353660903        13820321       7936       2000      10000          8
   0       68     2043     9984      9353660919      9353670903        13830324       7932       2000      10000          8
   0       68     2043     9985      9353670917      9353680903        13840322       7934       2000      10000          8
   0       68     2044     9985      9353680919      9353690903        13850324       7932       2000      10000          9
   0       68     2043     9986      9353690917      9353700903        13860322       7934       2000      10000          9
   0       68     2045     9942      9353700961      9353710903        13870366       7889       2000      10000          8
   0       68     2044     9985      9353710918      9353720903        13880323       7933       2000      10000          8
   0       68     2043     9984      9353720920      9353730903        13890325       7932       2000      10000          8
   0       68     2044     9984      9353730918      9353740902        13900323       7933       2000      10000          8
   0       68     2043     9983      9353740919      9353750902        13910324       7932       2000      10000          8
   0       68     2043     9987      9353750917      9353760904        13920322       7934       2000      10000         10
   0       68     2043     9981      9353760922      9353770903        13930327       7930       2000      10000          8
   0       68     2044     9985      9353770918      9353780902        13940323       7932       2000      10000          8
   0       68     2043     9987      9353780916      9353790903        13950321       7935       2000      10000          8
   0       68     2043     9985      9353790920      9353800904        13960325       7932       2000      10000         10
   0       68     2043     9977      9353800926      9353810903        13970331       7926       2000      10000          8
   0       68     2043     9982      9353810921      9353820903        13980326       7931       2000      10000          8
   0       68     2043     9981      9353820922      9353830903        13990327       7929       2000      10000          8
   0       68     2043     9983      9353830920      9353840902        14000325       7932       2000      10000          8
   0       68     2044     9982      9353840920      9353850901        14010325       7931       2000      10000          7
   0       68     2043     9985      9353850918      9353860903        14020323       7934       2000      10000          8
   0       68     2044     9988      9353860919      9353870907        14030324       7931       2000      10000         12
   0       68     2044     9979      9353870922      9353880902        14040327       7928       2000      10000          7
   0       68     2043     9986      9353880917      9353890903        14050322       7935       2000      10000          8
   0       68     2043     9985      9353890918      9353900903        14060323       7933       2000      10000          8
   0       68     2044     9984      9353900918      9353910902        14070323       7932       2000      10000          8
   0       68     2044     9985      9353910917      9353920903        14080322       7933       2000      10000          8
   0       68     2044     9987      9353920918      9353930904        14090323       7933       2000      10000         10
   0       68     2044     9983      9353930919      9353940902        14100324       7932       2000      10000          7
   0       68     2044     9989      9353940917      9353950906        14110322       7933       2000      10000         11
   0       68     2043     9983      9353950920      9353960903        14120325       7932       2000      10000          8
   0       68     2043     9984      9353960917      9353970902        14130322       7934       2000      10000          7
   0       68     2043     9986      9353970916      9353980902        14140321       7935       2000      10000          7
   0       68     2044     9987      9353980916      9353990903        14150321       7935       2000      10000          8
   0       68     2043     9987      9353990917      9354000905        14160322       7934       2000      10000         10
   0       68     2043     9983      9354000920      9354010903        14170325       7932       2000      10000          8
   0       68     2044     9984      9354010919      9354020903        14180324       7932       2000      10000          9
   0       68     2043     9985      9354020918      9354030904        14190323       7933       2000      10000          9
   0       68     2043     9951      9354030951      9354040902        14200356       7900       2000      10000          8
   0       68     2043     9983      9354040919      9354050901        14210323       7932       2000      10000          7
   0       68     2043     9986      9354050916      9354060902        14220321       7935       2000      10000          7
   0       68     2043     9987      9354060916      9354070903        14230321       7935       2000      10000          8
   0       68     2044     9984      9354070918      9354080902        14240323       7933       2000      10000          8
   0       68     2044     9985      9354080917      9354090902        14250322       7933       2000      10000          8
   0       68     2043     9990      9354090916      9354100906        14260321       7935       2000      10000         11
   0       68     2043     9982      9354100921      9354110902        14270325       7931       2000      10000          8
   0       68     2043     9988      9354110916      9354120904        14280321       7935       2000      10000         10
   0       68     2043     9981      9354120922      9354130903        14290327       7930       2000      10000          8
   0       68     2043     9983      9354130918      9354140902        14300323       7933       2000      10000          7
   0       68     2043     9986      9354140917      9354150902        14310322       7934       2000      10000          8
   0       68     2043     9987      9354150917      9354160904        14320322       7934       2000      10000         10
   0       68     2043     9983      9354160920      9354170903        14330325       7931       2000      10000          9
   0       68     2044     9983      9354170919      9354180902        14340324       7932       2000      10000          7
   0       68     2044     9986      9354180916      9354190903        14350321       7935       2000      10000          8
   0       68     2043     9987      9354190917      9354200904        14360322       7935       2000      10000          9
   0       68     2044     9984      9354200919      9354210902        14370324       7932       2000      10000          8
   0       68     2043     9984      9354210917      9354220902        14380322       7934       2000      10000          7
   0       68     2043     9988      9354220917      9354230904        14390322       7934       2000      10000          9
   0       68     2043     9984      9354230919      9354240903        14400324       7933       2000      10000          8
   0       68     2043     9988      9354240917      9354250904        14410322       7935       2000      10000          9
   0       68     2043     9991      9354250918      9354260909        14420323       7933       2000      10000         14
   0       68     2043     9981      9354260924      9354270905        14430329       7928       2000      10000         11
   0       68     2043     9982      9354270920      9354280902        14440325       7931       2000      10000          7
   0       68     2043     9987      9354280916      9354290903        14450321       7935       2000      10000          9
   0       68     2043     9984      9354290918      9354300902        14460323       7934       2000      10000          8
   0       68     2044     9985      9354300917      9354310901        14470322       7933       2000      10000          7
   0       68     2044     9988      9354310915      9354320903        14480320       7936       2000      10000          8
   0       68     2043     9975      9354320928      9354330902        14490333       7924       2000      10000          8
   0       68     2043     9984      9354330919      9354340902        14500324       7932       2000      10000          8
   0       68     2043    10008      9354340917      9354350925        14510322       7934       2000      10000         31
   0       68     2043     9960      9354350943      9354360903        14520348       7909       2000      10000          9
   0       68     2043     9953      9354360959      9354370912        14530364       7892       2000      10000         17
   0       68     2043     9976      9354370930      9354380905        14540335       7922       2000      10000         11
   0       68     2043     9979      9354380923      9354390902        14550328       7929       2000      10000          7
   0       68     2043     9985      9354390918      9354400903        14560323       7933       2000      10000          8
   0       68     2043     9983      9354400919      9354410902        14570324       7933       2000      10000          8
   0       68     2043     9984      9354410919      9354420903        14580324       7933       2000      10000          8
   0       68     2043     9983      9354420919      9354430902        14590324       7933       2000      10000          7
   0       68     2043     9985      9354430917      9354440902        14600322       7935       2000      10000          7
   0       68     2043     9986      9354440917      9354450903        14610322       7934       2000      10000          9
   0       68     2043     9985      9354450918      9354460903        14620323       7933       2000      10000          9
   0       68     2043     9983      9354460920      9354470904        14630325       7931       2000      10000          9
   0       68     2043     9986      9354470917      9354480903        14640322       7934       2000      10000          8
   0       68     2044     9985      9354480918      9354490903        14650323       7933       2000      10000          8
   0       68     2043     9986      9354490916      9354500902        14660321       7935       2000      10000          7
   0       68     2043     9985      9354500917      9354510901        14670322       7935       2000      10000          7
   0       68     2045     9987      9354510915      9354520902        14680320       7935       2000      10000          8
   0       68     2043     9988      9354520917      9354530905        14690322       7934       2000      10000         10
   0       68     2043     9983      9354530919      9354540903        14700324       7932       2000      10000          8
   0       68     2043     9986      9354540917      9354550903        14710322       7934       2000      10000          9
   0       68     2043     9987      9354550917      9354560904        14720322       7934       2000      10000          9
   0       68     2043     9986      9354560917      9354570904        14730322       7934       2000      10000          9
   0       68     2043     9984      9354570918      9354580902        14740323       7934       2000      10000          7
   0       68     2044     9986      9354580916      9354590902        14750321       7935       2000      10000          7
   0       68     2043     9987      9354590916      9354600903        14760321       7936       2000      10000          8
   0       68     2043     9990      9354600918      9354610908        14770323       7933       2000      10000         13
   0       68     2043     9980      9354610922      9354620903        14780327       7929       2000      10000          8
   0       68     2043     9986      9354620918      9354630904        14790322       7934       2000      10000          9
   0       68     2043     9984      9354630918      9354640902        14800323       7934       2000      10000          7
   0       68     2043     9984      9354640918      9354650902        14810323       7934       2000      10000          7
   0       68     2043     9987      9354650916      9354660903        14820321       7935       2000      10000          9
   0       68     2043     9984      9354660918      9354670902        14830323       7933       2000      10000          7
   0       68     2044     9986      9354670916      9354680902        14840321       7935       2000      10000          7
   0       68     2043     9986      9354680917      9354690903        14850322       7934       2000      10000          8
   0       68     2043     9953      9354690952      9354700904        14860357       7900       2000      10000         10
   0       68     2044     9981      9354700921      9354710902        14870326       7930       2000      10000          7
   0       68     2044     9989      9354710917      9354720906        14880322       7933       2000      10000         12
   0       68     2043     9981      9354720923      9354730903        14890328       7929       2000      10000          9
   0       68     2043     9983      9354730918      9354740901        14900323       7933       2000      10000          6
   0       68     2043     9994      9354740917      9354750911        14910322       7935       2000      10000         16
   0       68     2043     9978      9354750925      9354760903        14920330       7926       2000      10000          9
   0       68     2043     9986      9354760918      9354770904        14930323       7934       2000      10000          9
   0       68     2045     9984      9354770918      9354780902        14940323       7931       2000      10000          7
   0       68     2043     9987      9354780916      9354790903        14950321       7936       2000      10000          9
   0       68     2043     9985      9354790917      9354800902        14960322       7934       2000      10000          8
   0       68     2044     9984      9354800917      9354810901        14970322       7933       2000      10000          7
   0       68     2044     9987      9354810915      9354820903        14980320       7935       2000      10000          8
   0       68     2043     9987      9354820916      9354830903        14990321       7935       2000      10000          9
   0       68     2043     9983      9354830918      9354840901        15000323       7933       2000      10000          7
   0       68     2043     9987      9354840916      9354850903        15010321       7935       2000      10000          9
   0       68     2043     9977      9354850925      9354860903        15020330       7926       2000      10000          8
   0       68     2043     9987      9354860919      9354870906        15030324       7932       2000      10000         11
   0       68     2043     9977      9354870926      9354880903        15040331       7926       2000      10000          8
   0       68     2044     9980      9354880924      9354890904        15050329       7926       2000      10000          9
   0       68     2043     9982      9354890920      9354900902        15060325       7931       2000      10000          8
   0       68     2044     9985      9354900920      9354910904        15070325       7931       2000      10000         10
   0       68     2043     9983      9354910920      9354920904        15080325       7931       2000      10000          9
   0       68     2043     9982      9354920921      9354930903        15090326       7931       2000      10000          8
   0       68     2043     9984      9354930918      9354940902        15100323       7933       2000      10000          7
   0       68     2043     9982      9354940920      9354950901        15110325       7932       2000      10000          7
   0       68     2043     9987      9354950915      9354960902        15120320       7937       2000      10000          8
   0       68     2043     9984      9354960918      9354970902        15130323       7933       2000      10000          7
   0       68     2044     9987      9354970916      9354980903        15140321       7934       2000      10000          8
   0       68     2044     9985      9354980918      9354990903        15150322       7933       2000      10000          8
   0       68     2043     9986      9354990917      9355000904        15160322       7934       2000      10000          9
   0       68     2043     9982      9355000919      9355010901        15170324       7932       2000      10000          7
   0       68     2044     9988      9355010915      9355020903        15180320       7936       2000      10000          9
   0       68     2043     9950      9355020953      9355030904        15190358       7898       2000      10000          9
   0       68     2044     9982      9355030920      9355040902        15200325       7931       2000      10000          7
   0       68     2043     9983      9355040919      9355050902        15210324       7933       2000      10000          7
   0       68     2043     9986      9355050917      9355060903        15220322       7934       2000      10000          8
   0       68     2043     9984      9355060919      9355070903        15230324       7933       2000      10000          8
   0       68     2045     9984      9355070918      9355080902        15240323       7932       2000      10000          7
   0       68     2043     9985      9355080919      9355090904        15250324       7932       2000      10000          9
   0       68     2043     9984      9355090919      9355100903        15260324       7933       2000      10000          8
   0       68     2044     9983      9355100918      9355110902        15270323       7932       2000      10000          7
   0       68     2043     9987      9355110916      9355120902        15280321       7936       2000      10000          8
   0       68     2043     9985      9355120919      9355130904        15290323       7933       2000      10000          9
   0       68     2043     9984      9355130918      9355140902        15300323       7933       2000      10000          7
   0       68     2044     9985      9355140918      9355150903        15310323       7933       2000      10000          8
   0       68     2043     9987      9355150916      9355160903        15320321       7935       2000      10000          8
   0       68     2043     9985      9355160918      9355170903        15330322       7934       2000      10000          8
   0       68     2044     9986      9355170917      9355180903        15340322       7934       2000      10000          8
   0       68     2043     9984      9355180918      9355190902        15350323       7933       2000      10000          8
   0       68     2043     9987      9355190916      9355200903        15360321       7935       2000      10000          8
   0       68     2043     9985      9355200919      9355210905        15370324       7932       2000      10000         10
   0       68     2044     9984      9355210919      9355220903        15380324       7932       2000      10000          8
   0       68     2043     9990      9355220917      9355230907        15390322       7935       2000      10000         12
   0       68     2043     9982      9355230920      9355240902        15400325       7931       2000      10000          8
   0       68     2043     9983      9355240918      9355250901        15410323       7934       2000      10000          6
   0       68     2043     9988      9355250914      9355260902        15420319       7937       2000      10000          8
   0       68     2043     9985      9355260917      9355270902        15430322       7934       2000      10000          7
   0       68     2044     9987      9355270915      9355280902        15440320       7935       2000      10000          8
   0       68     2044     9985      9355280917      9355290903        15450322       7933       2000      10000          8
   0       68     2043     9987      9355290916      9355300903        15460321       7935       2000      10000          9
   0       68     2044     9984      9355300917      9355310901        15470322       7933       2000      10000          7
   0       68     2044     9988      9355310915      9355320902        15480320       7936       2000      10000          8
   0       68     2043     9985      9355320917      9355330902        15490322       7935       2000      10000          7
   0       68     2043     9987      9355330914      9355340902        15500319       7937       2000      10000          7
   0       68     2043     9987      9355340916      9355350903        15510321       7935       2000      10000          8
   0       68     2043     9968      9355350937      9355360905        15520341       7915       2000      10000         10
   0       68     2043     9982      9355360922      9355370903        15530327       7930       2000      10000          9
   0       68     2045     9985      9355370919      9355380904        15540324       7931       2000      10000         10
   0       68     2043     9984      9355380920      9355390904        15550325       7932       2000      10000          9
   0       68     2043     9982      9355390921      9355400903        15560325       7931       2000      10000          8
   0       68     2043     9979      9355400924      9355410903        15570329       7927       2000      10000          9
   0       68     2043     9980      9355410923      9355420903        15580328       7929       2000      10000          8
   0       68     2043     9983      9355420921      9355430904        15590326       7930       2000      10000         10
   0       68     2043     9981      9355430921      9355440902        15600326       7930       2000      10000          8
   0       68     2044     9983      9355440920      9355450902        15610325       7931       2000      10000          8
   0       68     2043     9984      9355450918      9355460902        15620323       7933       2000      10000          8
   0       68     2043     9984      9355460919      9355470903        15630324       7933       2000      10000          8
   0       68     2044     9983      9355470918      9355480902        15640323       7932       2000      10000          7
   0       68     2043     9984      9355480919      9355490903        15650324       7933       2000      10000          8
   0       68     2044     9985      9355490918      9355500903        15660323       7932       2000      10000          8
   0       68     2044     9985      9355500920      9355510904        15670325       7930       2000      10000         10
   0       68     2044     9982      9355510920      9355520902        15680325       7931       2000      10000          7
   0       68     2043     9986      9355520917      9355530903        15690322       7935       2000      10000          8
   0       68     2043     9985      9355530917      9355540902        15700322       7934       2000      10000          8
   0       68     2043     9986      9355540916      9355550902        15710321       7935       2000      10000          7
   0       68     2043     9988      9355550915      9355560903        15720320       7936       2000      10000          8
   0       68     2043     9984      9355560919      9355570903        15730324       7933       2000      10000          8
   0       68     2043     9985      9355570917      9355580902        15740322       7934       2000      10000          7
   0       68     2043     9986      9355580917      9355590903        15750322       7934       2000      10000          8
   0       68     2043     9986      9355590917      9355600902        15760322       7935       2000      10000          8
   0       68     2044     9985      9355600917      9355610902        15770322       7934       2000      10000          8
   0       68     2044     9986      9355610916      9355620902        15780321       7935       2000      10000          7
   0       68     2043     9986      9355620916      9355630902        15790321       7935       2000      10000          7
   0       68     2044     9987      9355630916      9355640903        15800321       7935       2000      10000          8
   0       68     2043     9986      9355640917      9355650902        15810322       7935       2000      10000          8
   0       68     2043     9988      9355650916      9355660904        15820321       7935       2000      10000          9
   0       68     2043     9985      9355660917      9355670903        15830322       7934       2000      10000          8
   0       68     2044     9990      9355670916      9355680906        15840321       7934       2000      10000         12
   0       68     2043     9950      9355680953      9355690903        15850358       7898       2000      10000          8
   0       68     2043     9983      9355690919      9355700903        15860324       7932       2000      10000          8
   0       68     2044     9983      9355700919      9355710901        15870324       7932       2000      10000          7
   0       68     2044     9987      9355710916      9355720903        15880321       7935       2000      10000          8
   0       68     2043     9985      9355720918      9355730904        15890323       7933       2000      10000          9
   0       68     2043     9983      9355730919      9355740902        15900324       7932       2000      10000          8
   0       68     2043     9985      9355740918      9355750902        15910323       7933       2000      10000          8
   0       68     2043     9986      9355750916      9355760902        15920321       7935       2000      10000          7
   0       68     2043     9985      9355760917      9355770902        15930322       7934       2000      10000          7
   0       68     2044     9985      9355770917      9355780902        15940322       7934       2000      10000          7
   0       68     2044     9985      9355780916      9355790902        15950321       7934       2000      10000          7
   0       68     2043     9988      9355790916      9355800904        15960321       7935       2000      10000          9
   0       68     2044     9984      9355800919      9355810903        15970324       7932       2000      10000          8
   0       68     2044     9984      9355810918      9355820902        15980323       7933       2000      10000          8
   0       68     2043     9987      9355820916      9355830903        15990321       7935       2000      10000          8
   0       68     2043     9984      9355830917      9355840901        16000322       7934       2000      10000          7
   0       68     2044     9987      9355840914      9355850902        16010319       7936       2000      10000          7
   0       68     2043     9986      9355850916      9355860902        16020321       7936       2000      10000          7
   0       68     2043     9987      9355860916      9355870903        16030321       7936       2000      10000          8
   0       68     2043     9986      9355870916      9355880902        16040321       7936       2000      10000          7
   0       68     2043     9986      9355880917      9355890903        16050322       7935       2000      10000          8
   0       68     2043     9987      9355890916      9355900904        16060321       7935       2000      10000          9
   0       68     2044     9984      9355900917      9355910901        16070322       7933       2000      10000          7
   0       68     2043     9988      9355910914      9355920902        16080319       7937       2000      10000          7
   0       68     2043     9988      9355920916      9355930903        16090321       7936       2000      10000          9
   0       68     2043     9983      9355930919      9355940902        16100324       7932       2000      10000          7
   0       68     2043     9991      9355940916      9355950907        16110321       7935       2000      10000         13
   0       68     2043     9978      9355950925      9355960903        16120330       7926       2000      10000          8
   0       68     2043     9981      9355960921      9355970902        16130326       7930       2000      10000          8
   0       68     2044     9983      9355970920      9355980902        16140325       7931       2000      10000          8
   0       68     2043     9983      9355980920      9355990903        16150325       7932       2000      10000          8
   0       68     2043     9986      9355990919      9356000905        16160324       7932       2000      10000         10
   0       68     2043     9981      9356000921      9356010903        16170326       7930       2000      10000          8
   0       68     2044     9951      9356010952      9356020903        16180356       7899       2000      10000          8
   0       68     2043     9985      9356020919      9356030904        16190324       7932       2000      10000         10
   0       68     2043     9983      9356030920      9356040903        16200325       7931       2000      10000          9
   0       68     2043     9982      9356040919      9356050902        16210324       7932       2000      10000          7
   0       68     2043     9986      9356050917      9356060903        16220322       7935       2000      10000          8
   0       68     2043     9985      9356060918      9356070903        16230323       7934       2000      10000          8
   0       68     2044     9983      9356070918      9356080902        16240323       7932       2000      10000          7
   0       68     2044     9986      9356080916      9356090902        16250321       7935       2000      10000          8
   0       68     2043     9985      9356090918      9356100902        16260323       7934       2000      10000          7
   0       68     2045     9984      9356100918      9356110902        16270323       7932       2000      10000          7
   0       68     2043     9985      9356110917      9356120902        16280322       7934       2000      10000          7
   0       68     2043     9989      9356120917      9356130906        16290322       7934       2000      10000         12
   0       68     2043     9982      9356130921      9356140902        16300326       7931       2000      10000          7
   0       68     2043     9985      9356140917      9356150901        16310322       7935       2000      10000          7
   0       68     2043     9987      9356150916      9356160903        16320321       7935       2000      10000          9
   0       68     2043     9987      9356160918      9356170905        16330323       7934       2000      10000         10
   0       68     2043     9982      9356170919      9356180902        16340324       7932       2000      10000          7
   0       68     2044     9987      9356180917      9356190904        16350322       7934       2000      10000          9
   0       68     2043     9983      9356190920      9356200903        16360324       7932       2000      10000          8
   0       68     2044     9983      9356200918      9356210901        16370323       7932       2000      10000          6
   0       68     2044     9986      9356210917      9356220903        16380322       7934       2000      10000          8
   0       68     2044     9985      9356220918      9356230903        16390323       7933       2000      10000          8
   0       68     2043     9985      9356230917      9356240902        16400322       7934       2000      10000          7
   0       68     2043     9986      9356240916      9356250902        16410321       7936       2000      10000          7
   0       68     2043     9987      9356250916      9356260902        16420321       7936       2000      10000          8
   0       68     2043     9986      9356260917      9356270903        16430322       7935       2000      10000          8
   0       68     2043     9986      9356270916      9356280902        16440321       7935       2000      10000          7
   0       68     2043     9986      9356280917      9356290902        16450322       7935       2000      10000          8
   0       68     2043     9987      9356290917      9356300904        16460322       7935       2000      10000          9
   0       68     2044     9983      9356300919      9356310902        16470324       7932       2000      10000          7
   0       68     2043     9991      9356310916      9356320907        16480321       7936       2000      10000         12
   0       68     2043     9983      9356320920      9356330903        16490325       7931       2000      10000          8
   0       68     2043     9986      9356330917      9356340903        16500322       7935       2000      10000          9
   0       68     2043     9963      9356340939      9356350903        16510344       7912       2000      10000          8
   0       68     2043     9985      9356350918      9356360902        16520323       7934       2000      10000          8
   0       68     2043     9984      9356360917      9356370901        16530322       7934       2000      10000          7
   0       68     2044     9986      9356370915      9356380901        16540320       7936       2000      10000          6
   0       68     2043     9987      9356380915      9356390903        16550320       7936       2000      10000          8
   0       68     2043     9985      9356390917      9356400903        16560322       7934       2000      10000          8
   0       68     2043     9985      9356400918      9356410903        16570323       7934       2000      10000          8
   0       68     2044     9984      9356410918      9356420902        16580323       7932       2000      10000          8
   0       68     2043     9987      9356420917      9356430904        16590322       7934       2000      10000          9
   0       68     2043     9984      9356430919      9356440902        16600324       7933       2000      10000          7
   0       68     2043     9984      9356440918      9356450902        16610323       7933       2000      10000          7
   0       68     2043     9990      9356450915      9356460906        16620320       7936       2000      10000         11
   0       68     2043     9982      9356460921      9356470903        16630326       7931       2000      10000          8
   0       68     2044     9978      9356470924      9356480902        16640329       7927       2000      10000          8
   0       68     2043     9982      9356480921      9356490903        16650326       7931       2000      10000          8
   0       68     2043     9981      9356490922      9356500902        16660327       7930       2000      10000          8
   0       68     2044     9982      9356500920      9356510902        16670325       7930       2000      10000          7
   0       68     2044     9984      9356510919      9356520903        16680324       7931       2000      10000          8
   0       68     2043     9984      9356520920      9356530904        16690325       7932       2000      10000          9
   0       68     2043     9982      9356530920      9356540902        16700325       7931       2000      10000          8
   0       68     2043     9982      9356540919      9356550901        16710324       7933       2000      10000          6
   0       68     2043     9988      9356550916      9356560904        16720321       7935       2000      10000          9
   0       68     2043     9984      9356560919      9356570903        16730324       7933       2000      10000          8
   0       68     2044     9984      9356570918      9356580902        16740323       7932       2000      10000          8
   0       68     2044     9986      9356580917      9356590903        16750322       7934       2000      10000          8
   0       68     2043     9987      9356590918      9356600905        16760323       7934       2000      10000         10
   0       68     2044     9982      9356600920      9356610902        16770325       7931       2000      10000          7
   0       68     2043     9987      9356610916      9356620903        16780321       7935       2000      10000          8
   0       68     2043     9985      9356620917      9356630902        16790322       7934       2000      10000          8
   0       68     2043     9987      9356630916      9356640903        16800321       7935       2000      10000          8
   0       68     2044     9984      9356640918      9356650902        16810323       7933       2000      10000          7
   0       68     2043     9987      9356650915      9356660903        16820320       7936       2000      10000          8
   0       68     2043     9986      9356660917      9356670904        16830322       7934       2000      10000          9
   0       68     2044     9951      9356670952      9356680902        16840357       7898       2000      10000          8
   0       68     2043     9984      9356680918      9356690902        16850323       7934       2000      10000          7
   0       68     2043     9986      9356690917      9356700903        16860322       7935       2000      10000          8
   0       68     2043     9984      9356700918      9356710902        16870323       7933       2000      10000          7
   0       68     2043     9985      9356710918      9356720902        16880323       7934       2000      10000          8
   0       68     2043     9987      9356720917      9356730904        16890322       7935       2000      10000          9
   0       68     2045     9983      9356730920      9356740902        16900325       7930       2000      10000          8
   0       68     2044     9985      9356740917      9356750902        16910322       7934       2000      10000          7
   0       68     2043     9988      9356750916      9356760904        16920321       7936       2000      10000          9
   0       68     2043     9988      9356760919      9356770907        16930324       7933       2000      10000         12
   0       68     2044     9979      9356770922      9356780901        16940327       7929       2000      10000          7
   0       68     2043     9988      9356780916      9356790904        16950321       7936       2000      10000          9
   0       68     2043     9984      9356790918      9356800902        16960323       7933       2000      10000          7
   0       68     2043     9986      9356800917      9356810902        16970322       7934       2000      10000          8
   0       68     2044     9985      9356810917      9356820903        16980322       7933       2000      10000          8
   0       68     2043     9986      9356820918      9356830904        16990323       7933       2000      10000         10
   0       68     2043     9983      9356830919      9356840902        17000324       7932       2000      10000          7
   0       68     2043     9984      9356840917      9356850901        17010322       7934       2000      10000          7
   0       68     2043     9987      9356850915      9356860902        17020320       7936       2000      10000          8
   0       68     2043     9984      9356860918      9356870902        17030323       7933       2000      10000          8
   0       68     2044     9984      9356870917      9356880901        17040322       7934       2000      10000          7
   0       68     2043     9988      9356880915      9356890903        17050320       7937       2000      10000          8
   0       68     2043     9986      9356890917      9356900903        17060322       7935       2000      10000          9
   0       68     2043     9986      9356900917      9356910903        17070322       7934       2000      10000          8
   0       68     2043     9985      9356910917      9356920902        17080322       7934       2000      10000          8
   0       68     2043     9987      9356920916      9356930903        17090321       7936       2000      10000          8
   0       68     2043     9987      9356930916      9356940903        17100321       7935       2000      10000          8
   0       68     2044     9984      9356940918      9356950902        17110323       7933       2000      10000          7
   0       68     2043     9988      9356950916      9356960904        17120321       7935       2000      10000          9
   0       68     2043     9985      9356960918      9356970903        17130323       7934       2000      10000          8
   0       68     2043     9987      9356970916      9356980904        17140321       7935       2000      10000          9
   0       68     2043     9994      9356980917      9356990911        17150322       7934       2000      10000         16
   0       68     2043     9978      9356990925      9357000904        17160330       7926       2000      10000          9
   0       68     2043     9946      9357000956      9357010903        17170361       7895       2000      10000          8
   0       68     2043     9986      9357010917      9357020902        17180321       7935       2000      10000          7
   0       68     2043     9982      9357020922      9357030904        17190327       7929       2000      10000          9
   0       68     2043     9982      9357030921      9357040902        17200326       7931       2000      10000          8
   0       68     2043     9983      9357040919      9357050902        17210324       7932       2000      10000          7
   0       68     2043     9986      9357050917      9357060903        17220322       7935       2000      10000          8
   0       68     2043     9984      9357060919      9357070903        17230324       7932       2000      10000          8
   0       68     2044     9981      9357070920      9357080901        17240325       7930       2000      10000          7
   0       68     2043     9986      9357080917      9357090903        17250322       7934       2000      10000          8
   0       68     2043     9986      9357090919      9357100905        17260324       7933       2000      10000         10
   0       68     2044     9981      9357100920      9357110901        17270325       7930       2000      10000          6
   0       68     2043     9987      9357110916      9357120902        17280321       7936       2000      10000          8
   0       68     2043     9985      9357120918      9357130903        17290323       7934       2000      10000          8
   0       68     2043     9983      9357130918      9357140901        17300323       7934       2000      10000          6
   0       68     2044     9987      9357140916      9357150903        17310321       7935       2000      10000          8
   0       68     2043     9988      9357150918      9357160905        17320323       7934       2000      10000         11
   0       68     2043     9982      9357160921      9357170903        17330326       7930       2000      10000          8
   0       68     2045     9984      9357170917      9357180902        17340322       7933       2000      10000          7
   0       68     2043     9987      9357180916      9357190903        17350321       7935       2000      10000          8
   0       68     2043     9986      9357190917      9357200904        17360322       7934       2000      10000          9
   0       68     2044     9984      9357200918      9357210901        17370323       7933       2000      10000          6
   0       68     2043     9988      9357210915      9357220903        17380320       7936       2000      10000          8
   0       68     2043     9986      9357220918      9357230903        17390323       7934       2000      10000          9
   0       68     2044     9984      9357230918      9357240902        17400323       7933       2000      10000          7
   0       68     2043     9985      9357240916      9357250902        17410321       7935       2000      10000          7
   0       68     2043     9987      9357250916      9357260903        17420321       7936       2000      10000          8
   0       68     2043     9985      9357260917      9357270903        17430322       7934       2000      10000          8
   0       68     2044     9985      9357270917      9357280902        17440322       7934       2000      10000          8
   0       68     2043     9986      9357280917      9357290903        17450322       7934       2000      10000          8
   0       68     2043     9986      9357290917      9357300902        17460322       7935       2000      10000          8
   0       68     2043     9986      9357300916      9357310902        17470321       7936       2000      10000          7
   0       68     2044     9986      9357310916      9357320902        17480321       7934       2000      10000          8
   0       68     2044     9987      9357320916      9357330904        17490321       7935       2000      10000          9
   0       68     2044     9951      9357330952      9357340903        17500357       7899       2000      10000          8
   0       68     2043     9983      9357340919      9357350902        17510324       7932       2000      10000          8
   0       68     2043     9986      9357350918      9357360903        17520323       7934       2000      10000          9
   0       68     2043     9984      9357360919      9357370903        17530324       7932       2000      10000          8
   0       68     2044     9985      9357370916      9357380902        17540321       7934       2000      10000          7
   0       68     2044     9985      9357380918      9357390903        17550323       7933       2000      10000          9
   0       68     2043     9986      9357390918      9357400905        17560323       7933       2000      10000         10
   0       68     2045     9983      9357400920      9357410903        17570325       7930       2000      10000          8
   0       68     2043     9983      9357410918      9357420902        17580323       7933       2000      10000          7
   0       68     2043     9992      9357420915      9357430907        17590320       7936       2000      10000         13
   0       68     2043     9980      9357430921      9357440901        17600326       7930       2000      10000          7
   0       68     2044     9987      9357440916      9357450903        17610321       7935       2000      10000          8
   0       68     2043     9986      9357450918      9357460904        17620323       7934       2000      10000          9
   0       68     2043     9983      9357460919      9357470902        17630324       7932       2000      10000          7
   0       68     2044     9986      9357470916      9357480903        17640321       7934       2000      10000          8
   0       68     2044     9986      9357480918      9357490904        17650323       7933       2000      10000          9
   0       68     2043     9985      9357490919      9357500904        17660324       7933       2000      10000          9
   0       68     2044     9983      9357500919      9357510902        17670324       7932       2000      10000          8
   0       68     2043     9986      9357510916      9357520902        17680321       7935       2000      10000          8
   0       68     2043     9986      9357520917      9357530903        17690322       7934       2000      10000          8
   0       68     2043     9984      9357530919      9357540902        17700324       7933       2000      10000          8
   0       68     2043     9982      9357540921      9357550903        17710326       7930       2000      10000          8
   0       68     2043     9981      9357550922      9357560903        17720327       7930       2000      10000          8
   0       68     2043     9981      9357560921      9357570902        17730326       7930       2000      10000          8
   0       68     2044     9983      9357570920      9357580903        17740325       7931       2000      10000          8
   0       68     2044     9982      9357580920      9357590902        17750325       7930       2000      10000          8
   0       68     2043     9987      9357590918      9357600905        17760323       7934       2000      10000         10
   0       68     2044     9982      9357600921      9357610903        17770326       7930       2000      10000          8
   0       68     2044     9984      9357610919      9357620903        17780324       7931       2000      10000          8
   0       68     2058     9985      9357620918      9357630903        17790323       7918       2000      10000          8
   0       68     2044     9980      9357630921      9357640902        17800326       7929       2000      10000          7
   0       68     2043     9983      9357640918      9357650902        17810323       7933       2000      10000          7
   0       68     2043     9987      9357650917      9357660903        17820321       7935       2000      10000          8
   0       68     2043     9937      9357660965      9357670903        17830370       7886       2000      10000          8
   0       68     2043     9983      9357670919      9357680902        17840324       7932       2000      10000          7
   0       68     2044     9986      9357680918      9357690903        17850323       7933       2000      10000          9
   0       68     2043     9982      9357690919      9357700902        17860324       7932       2000      10000          7
   0       68     2044     9984      9357700918      9357710902        17870323       7932       2000      10000          7
   0       68     2044     9986      9357710917      9357720903        17880322       7933       2000      10000          8
   0       68     2043     9985      9357720919      9357730903        17890324       7933       2000      10000          9
   0       68     2043     9984      9357730918      9357740902        17900323       7933       2000      10000          7
   0       68     2043     9985      9357740918      9357750903        17910323       7933       2000      10000          8
   0       68     2043     9985      9357750917      9357760903        17920322       7934       2000      10000          8
   0       68     2043     9985      9357760917      9357770903        17930322       7934       2000      10000          8
   0       68     2043     9986      9357770917      9357780903        17940322       7934       2000      10000          8
   0       68     2043     9988      9357780917      9357790905        17950322       7935       2000      10000         10
   0       68     2043     9982      9357790921      9357800902        17960326       7931       2000      10000          8
   0       68     2043     9988      9357800917      9357810904        17970322       7935       2000      10000         10
   0       68     2043     9986      9357810918      9357820904        17980323       7934       2000      10000          9
   0       68     2043     9989      9357820918      9357830906        17990323       7934       2000      10000         12
   0       68     2043     9981      9357830921      9357840902        18000326       7931       2000      10000          7
   0       68     2043     9986      9357840916      9357850902        18010321       7935       2000      10000          7
   0       68     2043     9986      9357850917      9357860903        18020322       7935       2000      10000          8
   0       68     2043     9983      9357860919      9357870902        18030324       7933       2000      10000          8
   0       68     2043     9986      9357870917      9357880903        18040322       7934       2000      10000          9
   0       68     2043     9984      9357880919      9357890903        18050323       7933       2000      10000          8
   0       68     2043     9985      9357890917      9357900903        18060322       7934       2000      10000          8
   0       68     2043     9983      9357900918      9357910901        18070323       7933       2000      10000          7
   0       68     2043     9985      9357910916      9357920901        18080321       7935       2000      10000          6
   0       68     2043     9987      9357920915      9357930902        18090320       7936       2000      10000          7
   0       68     2043     9985      9357930916      9357940901        18100321       7936       2000      10000          6
   0       68     2043     9987      9357940914      9357950901        18110319       7937       2000      10000          7
   0       68     2043     9987      9357950916      9357960903        18120321       7936       2000      10000          8
   0       68     2043     9986      9357960916      9357970902        18130321       7935       2000      10000          8
   0       68     2043     9985      9357970916      9357980901        18140321       7935       2000      10000          7
   0       68     2043     9987      9357980916      9357990903        18150321       7936       2000      10000          8
   0       68     2043     9964      9357990939      9358000903        18160344       7912       2000      10000          8
   0       68     2043     9985      9358000919      9358010903        18170324       7933       2000      10000          9
   0       68     2043     9989      9358010919      9358020907        18180324       7933       2000      10000         13
   0       68     2043     9980      9358020924      9358030904        18190329       7928       2000      10000          9
   0       68     2043     9984      9358030919      9358040903        18200324       7933       2000      10000          8
   0       68     2043     9984      9358040919      9358050903        18210324       7932       2000      10000          9
   0       68     2043     9984      9358050918      9358060902        18220323       7933       2000      10000          7
   0       68     2043     9985      9358060918      9358070903        18230323       7933       2000      10000          9
   0       68     2043     9979      9358070924      9358080903        18240329       7927       2000      10000          9
   0       68     2044     9979      9358080924      9358090903        18250329       7926       2000      10000          9
   0       68     2043     9985      9358090920      9358100905        18260325       7931       2000      10000         10
   0       68     2044     9981      9358100924      9358110905        18270329       7927       2000      10000         10
   0       68     2043     9983      9358110920      9358120903        18280325       7931       2000      10000          8
   0       68     2043     9980      9358120923      9358130903        18290328       7928       2000      10000          8
   0       68     2043     9984      9358130919      9358140903        18300324       7932       2000      10000          8
   0       68     2044     9981      9358140921      9358150901        18310326       7930       2000      10000          7
   0       68     2043     9987      9358150917      9358160904        18320322       7935       2000      10000          9
   0       68     2043     9982      9358160920      9358170902        18330325       7931       2000      10000          8
   0       68     2043     9984      9358170917      9358180901        18340322       7934       2000      10000          7
   0       68     2043     9986      9358180917      9358190903        18350322       7934       2000      10000          8
   0       68     2043     9985      9358190918      9358200903        18360323       7934       2000      10000          8
   0       68     2044     9982      9358200919      9358210901        18370324       7931       2000      10000          7
   0       68     2043     9988      9358210915      9358220903        18380320       7936       2000      10000          8
   0       68     2044     9983      9358220919      9358230902        18390324       7932       2000      10000          8
   0       68     2044     9990      9358230917      9358240907        18400322       7934       2000      10000         12
   0       68     2043     9981      9358240921      9358250902        18410326       7930       2000      10000          8
   0       68     2043     9988      9358250916      9358260904        18420321       7935       2000      10000          9
   0       68     2043     9984      9358260919      9358270902        18430324       7933       2000      10000          8
   0       68     2043     9985      9358270917      9358280902        18440322       7935       2000      10000          7
   0       68     2044     9987      9358280917      9358290904        18450322       7934       2000      10000          9
   0       68     2043     9984      9358290919      9358300903        18460324       7933       2000      10000          8
   0       68     2044     9984      9358300919      9358310902        18470324       7932       2000      10000          8
   0       68     2043     9986      9358310917      9358320902        18480322       7934       2000      10000          8
   0       68     2043     9949      9358320954      9358330903        18490359       7898       2000      10000          8
   0       68     2043     9983      9358330919      9358340902        18500324       7933       2000      10000          8
   0       68     2044     9983      9358340919      9358350902        18510324       7932       2000      10000          7
   0       68     2043     9988      9358350916      9358360904        18520321       7935       2000      10000          9
   0       68     2043     9982      9358360921      9358370903        18530326       7931       2000      10000          8
   0       68     2044     9984      9358370918      9358380902        18540323       7932       2000      10000          7
   0       68     2043     9987      9358380918      9358390905        18550323       7933       2000      10000         10
   0       68     2043     9983      9358390919      9358400903        18560324       7932       2000      10000          8
   0       68     2043     9986      9358400919      9358410905        18570324       7933       2000      10000         10
   0       68     2043     9983      9358410919      9358420902        18580324       7933       2000      10000          7
   0       68     2043     9986      9358420917      9358430903        18590322       7935       2000      10000          8
   0       68     2044     9985      9358430918      9358440903        18600323       7933       2000      10000          8
   0       68     2043     9983      9358440919      9358450902        18610324       7933       2000      10000          7
   0       68     2043     9988      9358450915      9358460903        18620320       7936       2000      10000          8
   0       68     2043     9985      9358460918      9358470904        18630323       7933       2000      10000          9
   0       68     2044     9984      9358470918      9358480902        18640323       7932       2000      10000          7
   0       68     2043     9986      9358480917      9358490903        18650322       7935       2000      10000          8
   0       68     2043     9985      9358490916      9358500902        18660321       7935       2000      10000          7
   0       68     2044     9985      9358500916      9358510902        18670321       7934       2000      10000          7
   0       68     2044     9988      9358510915      9358520903        18680320       7935       2000      10000          8
   0       68     2043     9985      9358520918      9358530904        18690323       7933       2000      10000          9
   0       68     2043     9986      9358530917      9358540903        18700322       7934       2000      10000          8
   0       68     2044     9985      9358540917      9358550903        18710322       7933       2000      10000          8
   0       68     2043     9991      9358550915      9358560907        18720320       7936       2000      10000         12
   0       68     2043     9983      9358560921      9358570904        18730326       7930       2000      10000          9
   0       68     2044     9985      9358570917      9358580902        18740322       7934       2000      10000          7
   0       68     2043     9987      9358580916      9358590903        18750321       7935       2000      10000          9
   0       68     2043     9987      9358590917      9358600904        18760322       7934       2000      10000          9
   0       68     2043     9983      9358600920      9358610902        18770325       7932       2000      10000          7
   0       68     2043     9987      9358610916      9358620903        18780321       7935       2000      10000          8
   0       68     2043     9979      9358620924      9358630903        18790329       7927       2000      10000          8
   0       68     2044     9984      9358630918      9358640902        18800323       7932       2000      10000          7
   0       68     2043     9982      9358640920      9358650902        18810325       7931       2000      10000          7
   0       68     2043     9957      9358650947      9358660904        18820352       7903       2000      10000         10
   0       68     2043     9980      9358660923      9358670903        18830328       7929       2000      10000          8
   0       68     2044     9983      9358670919      9358680901        18840324       7931       2000      10000          7
   0       68     2043     9984      9358680920      9358690904        18850325       7931       2000      10000          9
   0       68     2043     9983      9358690920      9358700903        18860325       7932       2000      10000          8
   0       68     2044     9983      9358700920      9358710902        18870325       7930       2000      10000          8
   0       68     2043     9985      9358710917      9358720902        18880322       7934       2000      10000          7
   0       68     2043     9984      9358720919      9358730902        18890324       7933       2000      10000          8
   0       68     2044     9986      9358730917      9358740902        18900322       7934       2000      10000          8
   0       68     2044     9986      9358740917      9358750903        18910322       7934       2000      10000          8
   0       68     2043     9986      9358750918      9358760904        18920322       7934       2000      10000          9
   0       68     2043     9983      9358760919      9358770902        18930324       7933       2000      10000          7
   0       68     2043     9985      9358770916      9358780902        18940321       7935       2000      10000          7
   0       68     2043     9988      9358780916      9358790904        18950321       7936       2000      10000          9
   0       68     2043     9985      9358790918      9358800902        18960323       7934       2000      10000          8
   0       68     2044     9984      9358800917      9358810901        18970322       7934       2000      10000          7
   0       68     2045     9987      9358810915      9358820903        18980320       7935       2000      10000          8
   0       68     2043     9985      9358820917      9358830902        18990322       7935       2000      10000          8
   0       68     2043     9986      9358830916      9358840902        19000321       7935       2000      10000          7
   0       68     2043     9984      9358840918      9358850902        19010323       7933       2000      10000          7
   0       68     2043     9990      9358850915      9358860905        19020320       7936       2000      10000         10
   0       68     2043     9984      9358860918      9358870903        19030323       7933       2000      10000          8
   0       68     2044     9986      9358870916      9358880902        19040321       7935       2000      10000          7
   0       68     2043     9988      9358880916      9358890904        19050321       7936       2000      10000          9
   0       68     2043     9984      9358890917      9358900902        19060322       7934       2000      10000          7
   0       68     2043     9986      9358900916      9358910902        19070321       7936       2000      10000          7
   0       68     2044     9987      9358910916      9358920903        19080321       7935       2000      10000          8
   0       68     2043     9986      9358920917      9358930903        19090322       7934       2000      10000          8
   0       68     2044     9985      9358930917      9358940901        19100322       7934       2000      10000          7
   0       68     2044     9986      9358940916      9358950902        19110321       7935       2000      10000          7
   0       68     2043     9993      9358950915      9358960908        19120320       7936       2000      10000         14
   0       68     2043     9978      9358960924      9358970902        19130329       7928       2000      10000          7
   0       68     2044     9986      9358970916      9358980901        19140321       7934       2000      10000          7
   0       68     2044     9963      9358980941      9358990904        19150346       7910       2000      10000          9
   0       68     2044     9987      9358990918      9359000906        19160323       7933       2000      10000         11
   0       68     2043     9981      9359000922      9359010903        19170327       7929       2000      10000          8
   0       68     2043     9985      9359010919      9359020904        19180324       7932       2000      10000          9
   0       68     2043     9983      9359020919      9359030902        19190324       7932       2000      10000          7
   0       68     2043     9985      9359030916      9359040901        19200321       7935       2000      10000          7
   0       68     2043     9986      9359040917      9359050902        19210322       7935       2000      10000          8
   0       68     2043     9989      9359050916      9359060905        19220321       7936       2000      10000         10
   0       68     2043     9982      9359060921      9359070903        19230326       7931       2000      10000          8
   0       68     2044     9986      9359070917      9359080903        19240322       7934       2000      10000          8
   0       68     2043     9986      9359080918      9359090904        19250323       7933       2000      10000          9
   0       68     2043     9984      9359090918      9359100902        19260323       7934       2000      10000          8
   0       68     2044     9985      9359100917      9359110902        19270322       7933       2000      10000          7
   0       68     2043     9987      9359110916      9359120903        19280321       7935       2000      10000          8
   0       68     2043     9985      9359120917      9359130903        19290322       7934       2000      10000          8
   0       68     2043     9983      9359130919      9359140902        19300324       7932       2000      10000          7
   0       68     2043     9980      9359140922      9359150902        19310327       7929       2000      10000          8
   0       68     2044     9983      9359150921      9359160905        19320326       7929       2000      10000         10
   0       68     2043     9979      9359160923      9359170902        19330328       7928       2000      10000          7
   0       68     2044     9984      9359170919      9359180902        19340324       7932       2000      10000          8
   0       68     2044     9983      9359180920      9359190902        19350325       7931       2000      10000          8
   0       68     2043     9983      9359190919      9359200902        19360324       7933       2000      10000          7
   0       68     2044     9982      9359200919      9359210901        19370324       7932       2000      10000          7
   0       68     2044     9985      9359210918      9359220903        19380323       7933       2000      10000          8
   0       68     2043     9985      9359220918      9359230903        19390323       7934       2000      10000          8
   0       68     2044     9983      9359230918      9359240901        19400323       7932       2000      10000          7
   0       68     2044     9985      9359240917      9359250902        19410322       7934       2000      10000          7
   0       68     2043     9987      9359250917      9359260904        19420322       7934       2000      10000          9
   0       68     2043     9984      9359260919      9359270903        19430324       7933       2000      10000          8
   0       68     2044     9984      9359270917      9359280901        19440322       7933       2000      10000          7
   0       68     2043     9987      9359280916      9359290903        19450321       7935       2000      10000          9
   0       68     2043     9985      9359290917      9359300902        19460322       7935       2000      10000          7
   0       68     2044     9985      9359300917      9359310902        19470322       7934       2000      10000          7
   0       68     2045     9944      9359310960      9359320904        19480365       7889       2000      10000         10
   0       68     2043     9983      9359320922      9359330905        19490327       7929       2000      10000         10
   0       68     2043     9981      9359330921      9359340902        19500326       7931       2000      10000          7
   0       68     2044     9985      9359340918      9359350903        19510323       7933       2000      10000          8
   0       68     2043     9984      9359350918      9359360903        19520323       7933       2000      10000          8
   0       68     2043     9987      9359360918      9359370905        19530323       7933       2000      10000         11
   0       68     2043     9982      9359370920      9359380902        19540325       7931       2000      10000          8
   0       68     2044     9985      9359380918      9359390904        19550323       7932       2000      10000          9
   0       68     2043     9983      9359390920      9359400903        19560325       7932       2000      10000          9
   0       68     2044     9983      9359400919      9359410901        19570324       7932       2000      10000          7
   0       68     2043     9987      9359410916      9359420903        19580321       7935       2000      10000          8
   0       68     2043     9984      9359420917      9359430902        19590322       7934       2000      10000          7
   0       68     2043     9985      9359430917      9359440902        19600322       7934       2000      10000          7
   0       68     2044     9986      9359440917      9359450903        19610322       7934       2000      10000          8
   0       68     2043     9986      9359450918      9359460904        19620323       7934       2000      10000          9
   0       68     2043     9983      9359460920      9359470903        19630325       7932       2000      10000          8
   0       68     2044     9987      9359470917      9359480904        19640322       7934       2000      10000          9
   0       68     2043     9985      9359480919      9359490904        19650324       7933       2000      10000          9
   0       68     2043     9985      9359490918      9359500903        19660323       7933       2000      10000          8
   0       68     2043     9984      9359500918      9359510902        19670323       7933       2000      10000          8
   0       68     2043     9987      9359510917      9359520904        19680322       7934       2000      10000          9
   0       68     2043     9984      9359520919      9359530903        19690324       7933       2000      10000          8
   0       68     2043     9987      9359530916      9359540903        19700321       7935       2000      10000          9
   0       68     2043     9984      9359540918      9359550902        19710323       7934       2000      10000          7
   0       68     2043     9988      9359550916      9359560903        19720320       7936       2000      10000          8
   0       68     2043     9986      9359560917      9359570902        19730322       7935       2000      10000          8
   0       68     2043     9988      9359570915      9359580903        19740320       7936       2000      10000          8
   0       68     2043     9985      9359580917      9359590902        19750322       7934       2000      10000          7
   0       68     2043     9986      9359590916      9359600902        19760321       7935       2000      10000          7
   0       68     2043     9987      9359600915      9359610903        19770320       7936       2000      10000          8
   0       68     2043     9987      9359610916      9359620903        19780321       7936       2000      10000          8
   0       68     2044     9987      9359620917      9359630904        19790322       7934       2000      10000          9
   0       68     2043     9985      9359630918      9359640902        19800323       7934       2000      10000          8
   0       68     2044     9964      9359640938      9359650903        19810343       7912       2000      10000          8
   0       68     2043     9986      9359650918      9359660904        19820323       7934       2000      10000          9
   0       68     2043     9982      9359660921      9359670903        19830326       7931       2000      10000          9
   0       68     2043     9982      9359670924      9359680905        19840329       7928       2000      10000         11
   0       68     2043     9979      9359680926      9359690905        19850331       7926       2000      10000         10
   0       68     2043     9980      9359690922      9359700902        19860327       7929       2000      10000          7
   0       68     2044     9984      9359700921      9359710905        19870326       7930       2000      10000         10
   0       68     2043     9982      9359710920      9359720902        19880325       7931       2000      10000          7
   0       68     2043     9982      9359720920      9359730902        19890325       7932       2000      10000          7
   0       68     2043     9985      9359730917      9359740902        19900322       7935       2000      10000          7
   0       68     2043     9983      9359740919      9359750903        19910324       7932       2000      10000          8
   0       68     2043     9988      9359750917      9359760905        19920322       7934       2000      10000         10
   0       68     2043     9981      9359760922      9359770903        19930327       7930       2000      10000          8
   0       68     2043     9984      9359770918      9359780902        19940323       7933       2000      10000          7
   0       68     2043     9986      9359780917      9359790904        19950322       7933       2000      10000          9
   0       68     2043     9985      9359790918      9359800903        19960323       7933       2000      10000          8
   0       68     2044     9984      9359800918      9359810902        19970323       7932       2000      10000          7
   0       68     2043     9988      9359810916      9359820903        19980321       7936       2000      10000          9
   0       68     2043     9985      9359820918      9359830903        19990323       7933       2000      10000          8
