#idx     perf      run   period           start             end          rel_st      slack c_duration   c_period     wu_lat
   4       17      518     2641      9532410712      9532413353           57163          0        500          0          0
   4       17      511     1617      9532413368      9532414985           59819          0        500          0          0
   4       17      511     4262      9532415023      9532419285           61474          0        500          0          0
   4       17      511     1079      9532419300      9532420379           65750          0        500          0          0
   4       17      511     2106      9532420392      9532422498           66843          0        500          0          0
   4       17      516     2122      9532422511      9532424634           68962          0        500          0          0
   4       17      516     1892      9532424648      9532426540           71099          0        500          0          0
   4       17      517     1591      9532426553      9532428144           73004          0        500          0          0
   4       17      511     1847      9532428158      9532430005           74609          0        500          0          0
   4       17      511     1599      9532430019      9532431618           76470          0        500          0          0
   4       17      519     2129      9532431633      9532433762           78084          0        500          0          0
   4       17      516     2119      9532433775      9532435894           80226          0        500          0          0
   4       17      517     2659      9532435907      9532438565           82358          0        500          0          0
   4       17      517     1589      9532438579      9532440168           85029          0        500          0          0
   4       17      511     2120      9532440181      9532442301           86631          0        500          0          0
   4       17      511     2121      9532442314      9532444435           88765          0        500          0          0
   4       17      511     2118      9532444449      9532446567           90899          0        500          0          0
   4       17      517     2118      9532446580      9532448698           93031          0        500          0          0
   4       17     1050     3777      9532448711      9532452487           95162          0        500          0          0
   4       17      520     2127      9532452503      9532454630           98953          0        500          0          0
   4       17      517     3722      9532454642      9532458365          101093          0        500          0          0
   4       17      511     2119      9532458379      9532460498          104830          0        500          0          0
   4       17      516     1592      9532460512      9532462104          106962          0        500          0          0
   4       17      511     2120      9532462117      9532464237          108568          0        500          0          0
   4       17      511     2651      9532464251      9532466902          110702          0        500          0          0
   4       17      517     3719      9532466915      9532470635          113366          0        500          0          0
   4       17      516     1892      9532470647      9532472539          117098          0        500          0          0
   4       17      516     1455      9532472552      9532474008          119003          0        500          0          0
   4       17      511     1583      9532474021      9532475604          120472          0        500          0          0
   4       17      517     1961      9532475617      9532477578          122067          0        500          0          0
   4       17      517     2179      9532477590      9532479770          124041          0        500          0          0
   4       17      517     2120      9532479783      9532481903          126234          0        500          0          0
   4       17      516     1614      9532481916      9532483530          128367          0        500          0          0
   4       17     2599     3614      9532483565      9532487179          130016          0        500          0          0
   4       17      511     2380      9532487195      9532489575          133646          0        500          0          0
   4       17      517     2205      9532489610      9532491815          136061          0        500          0          0
   4       17      516     1079      9532491843      9532492923          138294          0        500          0          0
   4       17      517     2066      9532492946      9532495012          139397          0        500          0          0
   4       17      511     2267      9532495040      9532497307          141491          0        500          0          0
   4       17      511     2149      9532497332      9532499481          143783          0        500          0          0
   4       17      517     2155      9532499495      9532501650          145946          0        500          0          0
   4       17     3238     4871      9532501673      9532506544          148124          0        500          0          0
   4       17      517     1971      9532506568      9532508539          153019          0        500          0          0
   4       17      517     1778      9532508563      9532510341          155014          0        500          0          0
   4       17      511     2157      9532510365      9532512522          156816          0        500          0          0
   4       17      516     1617      9532512535      9532514152          158986          0        500          0          0
   4       17      511     1663      9532514178      9532515841          160629          0        500          0          0
   4       17      517     2179      9532515869      9532518048          162320          0        500          0          0
   4       17      511     2190      9532518074      9532520264          164525          0        500          0          0
   4       17      511     2189      9532520289      9532522479          166740          0        500          0          0
   4       17      518     2149      9532522503      9532524652          168954          0        500          0          0
   4       17     2159     3247      9532524667      9532527914          171118          0        500          0          0
   4       17      518     2171      9532527943      9532530114          174394          0        500          0          0
   4       17      511     1869      9532530140      9532532010          176591          0        500          0          0
   4       17      511     1257      9532532034      9532533290          178484          0        500          0          0
   4       17      511     2248      9532533314      9532535562          179765          0        500          0          0
   4       17      517     1620      9532535578      9532537198          182028          0        500          0          0
   4       17      511     3323      9532537223      9532540546          183674          0        500          0          0
   4       17      517     2148      9532540570      9532542718          187021          0        500          0          0
   4       17      517     1614      9532542742      9532544356          189193          0        500          0          0
   4       17      511     1597      9532544381      9532545978          190831          0        500          0          0
   4       17      511     2146      9532546054      9532548200          192505          0        500          0          0
   4       17      511     2157      9532548214      9532550371          194665          0        500          0          0
   4       17      511     1682      9532550395      9532552078          196846          0        500          0          0
   4       17      511     2195      9532552104      9532554299          198555          0        500          0          0
   4       17      511     2825      9532554324      9532557149          200775          0        500          0          0
   4       17     2170     2742      9532557207      9532559950          203658          0        500          0          0
   4       17      516     1654      9532559965      9532561619          206416          0        500          0          0
   4       17      517     1631      9532561644      9532563275          208095          0        500          0          0
   4       17      511     2212      9532563302      9532565513          209753          0        500          0          0
   4       17      517     2156      9532565538      9532567694          211989          0        500          0          0
   4       17      518     1602      9532567718      9532569319          214169          0        500          0          0
   4       17      511     2207      9532569333      9532571540          215784          0        500          0          0
   4       17     2094     3190      9532571564      9532574754          218015          0        500          0          0
   4       17      517     2691      9532574777      9532577467          221228          0        500          0          0
   4       17      517     2189      9532577491      9532579680          223942          0        500          0          0
   4       17      518     2206      9532579707      9532581912          226158          0        500          0          0
   4       17      516     3161      9532581938      9532585099          228389          0        500          0          0
   4       17      511     2247      9532585113      9532587361          231564          0        500          0          0
   4       17      511     1635      9532587387      9532589022          233838          0        500          0          0
   4       17      511     2156      9532589046      9532591202          235497          0        500          0          0
   4       17      511     2324      9532591227      9532593551          237678          0        500          0          0
   4       17      519     2006      9532593575      9532595581          240026          0        500          0          0
   4       17      516     2209      9532595597      9532597805          242048          0        500          0          0
   4       17      517     2185      9532597835      9532600020          244286          0        500          0          0
   4       17      511     2750      9532600048      9532602798          246499          0        500          0          0
   4       17      517     3262      9532602825      9532606087          249276          0        500          0          0
   4       17      511     2144      9532606112      9532608256          252563          0        500          0          0
   4       17      511     3818      9532608280      9532612098          254731          0        500          0          0
   4       17      511     1898      9532612111      9532614009          258562          0        500          0          0
   4       17      511     1315      9532614033      9532615348          260483          0        500          0          0
   4       17      511     1606      9532615372      9532616978          261823          0        500          0          0
   4       17      511     2153      9532617007      9532619160          263458          0        500          0          0
   4       17      511     1655      9532619185      9532620840          265636          0        500          0          0
   4       17      517     2245      9532620856      9532623101          267307          0        500          0          0
   4       17      511     2200      9532623128      9532625328          269579          0        500          0          0
   4       17     2263     3391      9532625359      9532628750          271810          0        500          0          0
   4       17      517     1752      9532628805      9532630557          275256          0        500          0          0
   4       17      518     2074      9532630581      9532632655          277032          0        500          0          0
   4       17      538     2218      9532632722      9532634940          279173          0        500          0          0
   4       17      516     1603      9532634955      9532636558          281406          0        500          0          0
   4       17      518     2693      9532636581      9532639274          283032          0        500          0          0
   4       17      511     1606      9532639298      9532640904          285749          0        500          0          0
   4       17      517     2169      9532640927      9532643096          287378          0        500          0          0
   4       17      511     2154      9532643121      9532645275          289572          0        500          0          0
   4       17      511     1606      9532645288      9532646893          291739          0        500          0          0
   4       17      517     2091      9532646918      9532649009          293369          0        500          0          0
   4       17      511     1581      9532649032      9532650614          295483          0        500          0          0
   4       17      517     2250      9532650637      9532652887          297088          0        500          0          0
   4       17      520     2176      9532652912      9532655088          299363          0        500          0          0
   4       17      511     2143      9532655112      9532657256          301563          0        500          0          0
   4       17      511     2176      9532657270      9532659446          303721          0        500          0          0
   4       17      511     1632      9532659474      9532661106          305925          0        500          0          0
   4       17      511     2620      9532661133      9532663752          307584          0        500          0          0
   4       17      519     2322      9532663781      9532666103          310232          0        500          0          0
   4       17      511     2147      9532666132      9532668280          312583          0        500          0          0
   4       17      511     2152      9532668293      9532670445          314744          0        500          0          0
   4       17      511     1621      9532670469      9532672090          316920          0        500          0          0
   4       17      511     2152      9532672115      9532674268          318566          0        500          0          0
   4       17      511     4722      9532674291      9532679013          320742          0        500          0          0
   4       17      511     2137      9532679037      9532681174          325488          0        500          0          0
   4       17      511     2652      9532681187      9532683839          327638          0        500          0          0
   4       17      516     2133      9532683853      9532685986          330304          0        500          0          0
   4       17      511     1589      9532686005      9532687595          332456          0        500          0          0
   4       17      517     2419      9532687608      9532690027          334059          0        500          0          0
   4       17      511     4527      9532690045      9532694572          336496          0        500          0          0
   4       17      519     3757      9532694589      9532698346          341040          0        500          0          0
   4       17      511     2708      9532698362      9532701070          344813          0        500          0          0
   4       17      511     2126      9532701085      9532703211          347536          0        500          0          0
   4       17      511     1585      9532703226      9532704811          349677          0        500          0          0
   4       17      517     2705      9532704825      9532707530          351275          0        500          0          0
   4       17      517     2838      9532707545      9532710383          353996          0        500          0          0
   4       17     3595     5304      9532710421      9532715725          356872          0        500          0          0
   4       17      518     2132      9532715900      9532718032          362351          0        500          0          0
   4       17      511     3735      9532718050      9532721785          364501          0        500          0          0
   4       17      516     7092      9532721802      9532728894          368253          0        500          0          0
   4       17      517     1614      9532728917      9532730530          375367          0        500          0          0
   4       17      517     1603      9532730549      9532732152          377000          0        500          0          0
   4       17      511     1590      9532732170      9532733759          378621          0        500          0          0
   4       17      517     4930      9532733775      9532738706          380226          0        500          0          0
   4       17      517     2454      9532738727      9532741180          385177          0        500          0          0
   4       17      511     2825      9532741205      9532744030          387656          0        500          0          0
   4       17      511     2952      9532744060      9532747012          390511          0        500          0          0
   4       17      511     1521      9532747033      9532748554          393484          0        500          0          0
   4       17     1629     7124      9532748571      9532755695          395021          0        500          0          0
   4       17      518     2165      9532755723      9532757888          402174          0        500          0          0
   4       17      516     2702      9532757924      9532760627          404375          0        500          0          0
   4       17      517     1599      9532760646      9532762245          407097          0        500          0          0
   4       17      511     2676      9532762266      9532764942          408717          0        500          0          0
   4       17      517     2443      9532764961      9532767404          411412          0        500          0          0
   4       17      511     5262      9532767433      9532772695          413884          0        500          0          0
   4       17      518     1599      9532772719      9532774318          419170          0        500          0          0
   4       17      511     3090      9532774335      9532777425          420786          0        500          0          0
   4       17      511     1090      9532777447      9532778537          423898          0        500          0          0
   4       17      516     2139      9532778555      9532780694          425006          0        500          0          0
   4       17      517     2731      9532781847      9532784578          428298          0        500          0          0
   4       17      517     1853      9532784598      9532786451          431048          0        500          0          0
   4       17      511     2295      9532786469      9532788764          432920          0        500          0          0
   4       17      518     3066      9532788790      9532791856          435241          0        500          0          0
   4       17     2498     3859      9532791876      9532795735          438327          0        500          0          0
   4       17      525     2865      9532795772      9532798637          442223          0        500          0          0
   4       17      518     1817      9532798656      9532800473          445107          0        500          0          0
   4       17      517     2763      9532800494      9532803257          446945          0        500          0          0
   4       17      511     2733      9532803277      9532806010          449728          0        500          0          0
   4       17      511     2701      9532806034      9532808734          452485          0        500          0          0
   4       17     2846     5311      9532808797      9532814108          455248          0        500          0          0
   4       17      511     2779      9532814134      9532816913          460585          0        500          0          0
   4       17      516     2358      9532816934      9532819292          463385          0        500          0          0
   4       17      511     2184      9532819316      9532821500          465767          0        500          0          0
   4       17      517     2577      9532821518      9532824095          467969          0        500          0          0
   4       17      511     2281      9532824118      9532826399          470569          0        500          0          0
   4       17      511     2181      9532826420      9532828601          472871          0        500          0          0
   4       17     1003     2655      9532828623      9532831278          475074          0        500          0          0
   4       17     4047     4621      9532831312      9532835933          477763          0        500          0          0
   4       17      516     3416      9532835956      9532839372          482407          0        500          0          0
   4       17      511     3197      9532839400      9532842597          485851          0        500          0          0
   4       17      520     2203      9532842660      9532844863          489111          0        500          0          0
   4       17      516     2295      9532844885      9532847180          491336          0        500          0          0
   4       17      511     1937      9532847208      9532849144          493658          0        500          0          0
   4       17      511     2456      9532849165      9532851621          495616          0        500          0          0
   4       17      522     2198      9532851652      9532853850          498103          0        500          0          0
   4       17     1624     3428      9532853876      9532857305          500327          0        500          0          0
   4       17      511     6046      9532857329      9532863375          503780          0        500          0          0
   4       17      541     1112      9532863405      9532864518          509856          0        500          0          0
   4       17      516     5057      9532864537      9532869594          510988          0        500          0          0
   4       17      519     1644      9532869618      9532871262          516069          0        500          0          0
   4       17      511     3322      9532871299      9532874621          517750          0        500          0          0
   4       17      519     2259      9532874641      9532876900          521092          0        500          0          0
   4       17      521     2158      9532876924      9532879082          523375          0        500          0          0
   4       17      511     2054      9532879109      9532881163          525560          0        500          0          0
   4       17      511     2333      9532881180      9532883512          527631          0        500          0          0
   4       17     1633     2730      9532883535      9532886264          529986          0        500          0          0
   4       17      511     2789      9532886288      9532889077          532739          0        500          0          0
   4       17      511     3271      9532889097      9532892368          535548          0        500          0          0
   4       17     1564     3033      9532892393      9532895426          538844          0        500          0          0
   4       17      511     1790      9532895458      9532897248          541909          0        500          0          0
   4       17      511     2635      9532897267      9532899902          543718          0        500          0          0
   4       17      551     2716      9532899938      9532902654          546389          0        500          0          0
   4       17      520     2860      9532902725      9532905585          549176          0        500          0          0
   4       17      517     4180      9532905605      9532909785          552056          0        500          0          0
   4       17      520     2578      9532909816      9532912394          556267          0        500          0          0
   4       17      511     3038      9532912412      9532915450          558863          0        500          0          0
   4       17      511     2554      9532915480      9532918035          561931          0        500          0          0
   4       17      511     1666      9532918063      9532919728          564514          0        500          0          0
   4       17      518     2087      9532919747      9532921834          566198          0        500          0          0
   4       17      519     2103      9532921852      9532923955          568303          0        500          0          0
   4       17     1074     3077      9532923986      9532927063          570437          0        500          0          0
   4       17      511     2448      9532927090      9532929538          573541          0        500          0          0
   4       17     3237     5296      9532929556      9532934852          576007          0        500          0          0
   4       17      518     1088      9532934875      9532935964          581326          0        500          0          0
   4       17      518     2476      9532935981      9532938457          582431          0        500          0          0
   4       17      511     2139      9532938475      9532940613          584925          0        500          0          0
   4       17      518     2147      9532940630      9532942778          587081          0        500          0          0
   4       17      516     2831      9532942794      9532945624          589245          0        500          0          0
   4       17      518     2629      9532945649      9532948278          592100          0        500          0          0
   4       17     2135     4087      9532948303      9532952389          594754          0        500          0          0
   4       17      511     1739      9532952413      9532954152          598864          0        500          0          0
   4       17      511     2307      9532954170      9532956477          600621          0        500          0          0
   4       17      516     2654      9532956496      9532959150          602947          0        500          0          0
   4       17      511     2673      9532959166      9532961840          605617          0        500          0          0
   4       17      516     1710      9532961863      9532963572          608314          0        500          0          0
   4       17     3374     5986      9532963589      9532969575          610040          0        500          0          0
   4       17      544     2755      9532969607      9532972362          616058          0        500          0          0
   4       17      511     2347      9532972386      9532974733          618837          0        500          0          0
   4       17      520     1710      9532974760      9532976470          621211          0        500          0          0
   4       17      517     2194      9532976496      9532978691          622947          0        500          0          0
   4       17      520     2369      9532978717      9532981086          625168          0        500          0          0
   4       17      511     2496      9532981105      9532983601          627556          0        500          0          0
   4       17      520     2653      9532983626      9532986279          630077          0        500          0          0
   4       17      511     2219      9532986301      9532988520          632752          0        500          0          0
   4       17      511     5948      9532989089      9532995038          635540          0        500          0          0
   4       17      511     2146      9532995106      9532997251          641557          0        500          0          0
   4       17      511     1892      9532997269      9532999161          643720          0        500          0          0
   4       17      511     2807      9532999186      9533001994          645637          0        500          0          0
   4       17      511     1998      9533002024      9533004023          648475          0        500          0          0
   4       17      511     2124      9533004042      9533006166          650493          0        500          0          0
   4       17      511     2570      9533006189      9533008759          652640          0        500          0          0
   4       17      516     2384      9533008782      9533011166          655233          0        500          0          0
   4       17      511     4217      9533011189      9533015406          657640          0        500          0          0
   4       17      511     4320      9533015428      9533019749          661879          0        500          0          0
   4       17      516     4266      9533019773      9533024039          666224          0        500          0          0
   4       17      511     1608      9533024063      9533025671          670514          0        500          0          0
   4       17      516     2827      9533025717      9533028544          672168          0        500          0          0
   4       17      522     1979      9533028571      9533030550          675022          0        500          0          0
   4       17      516     2410      9533030569      9533032979          677020          0        500          0          0
   4       17      511     2021      9533033012      9533035032          679463          0        500          0          0
   4       17      511     2921      9533035056      9533037977          681506          0        500          0          0
   4       17      511     2121      9533038028      9533040149          684479          0        500          0          0
   4       17      511     3065      9533040168      9533043233          686619          0        500          0          0
   4       17      511     5525      9533043256      9533048780          689707          0        500          0          0
   4       17      518     1096      9533048810      9533049906          695261          0        500          0          0
   4       17      516     1648      9533049923      9533051570          696374          0        500          0          0
   4       17      520     2193      9533051594      9533053787          698045          0        500          0          0
   4       17      519     2714      9533053804      9533056518          700255          0        500          0          0
   4       17      517     2732      9533056538      9533059269          702989          0        500          0          0
   4       17      511     2444      9533059300      9533061745          705751          0        500          0          0
   4       17      511     5498      9533062344      9533067842          708795          0        500          0          0
   4       17     1629     3837      9533067873      9533071710          714324          0        500          0          0
   4       17      517     1090      9533071756      9533072846          718207          0        500          0          0
   4       17      516     1756      9533072865      9533074621          719316          0        500          0          0
   4       17      522     2195      9533074651      9533076846          721102          0        500          0          0
   4       17      519     2676      9533076865      9533079540          723316          0        500          0          0
   4       17      517     2607      9533079560      9533082167          726011          0        500          0          0
   4       17      511     2589      9533082186      9533084774          728637          0        500          0          0
   4       17     2539     4768      9533084860      9533089628          731311          0        500          0          0
   4       17      521     1651      9533089661      9533091311          736112          0        500          0          0
   4       17      511     2701      9533091329      9533094030          737780          0        500          0          0
   4       17      511     2407      9533094056      9533096463          740507          0        500          0          0
   4       17      522     2978      9533096497      9533099475          742948          0        500          0          0
   4       17      524     2177      9533099505      9533101682          745956          0        500          0          0
   4       17     1200     3294      9533101701      9533104995          748152          0        500          0          0
   4       17      511     2579      9533105033      9533107612          751484          0        500          0          0
   4       17      519     2160      9533107636      9533109796          754087          0        500          0          0
   4       17      517     2162      9533109811      9533111973          756261          0        500          0          0
   4       17      516     2850      9533111997      9533114847          758448          0        500          0          0
   4       17     4611     5178      9533114895      9533120074          761346          0        500          0          0
   4       17      511     2102      9533120096      9533122198          766547          0        500          0          0
   4       17     2149     2767      9533122224      9533124991          768675          0        500          0          0
   4       17      511     2993      9533125023      9533128017          771474          0        500          0          0
   4       17      511     2181      9533128041      9533130222          774492          0        500          0          0
   4       17      511     2084      9533130250      9533132334          776701          0        500          0          0
   4       17      511     2661      9533132364      9533135026          778815          0        500          0          0
   4       17      511     2694      9533135049      9533137743          781500          0        500          0          0
   4       17     3253     4887      9533137779      9533142666          784230          0        500          0          0
   4       17      518     1431      9533142694      9533144124          789144          0        500          0          0
   4       17     2093     4395      9533144155      9533148549          790606          0        500          0          0
   4       17      550     2901      9533148580      9533151481          795031          0        500          0          0
   4       17     2612     3171      9533151507      9533154678          797958          0        500          0          0
   4       17      516     2378      9533154701      9533157078          801152          0        500          0          0
   4       17      511     2123      9533157104      9533159227          803555          0        500          0          0
   4       17      511     1759      9533159249      9533161008          805700          0        500          0          0
   4       17      511     2549      9533161036      9533163584          807487          0        500          0          0
   4       17      517     2419      9533163605      9533166024          810056          0        500          0          0
   4       17      511     2736      9533166046      9533168781          812497          0        500          0          0
   4       17     2967     4137      9533168826      9533172963          815277          0        500          0          0
   4       17      519     2410      9533172992      9533175402          819443          0        500          0          0
   4       17      511     2200      9533175426      9533177626          821877          0        500          0          0
   4       17      520     2326      9533177683      9533180009          824134          0        500          0          0
   4       17     1053     2366      9533180025      9533182391          826476          0        500          0          0
   4       17      544     2289      9533182891      9533185180          829342          0        500          0          0
   4       17     3260     3824      9533185214      9533189039          831665          0        500          0          0
   4       17      511     3189      9533189061      9533192250          835512          0        500          0          0
   4       17      511     1581      9533192283      9533193863          838734          0        500          0          0
   4       17     1175     2735      9533193890      9533196625          840341          0        500          0          0
   4       17      517     2857      9533196649      9533199505          843100          0        500          0          0
   4       17      517     2737      9533199528      9533202265          845978          0        500          0          0
   4       17      511     3009      9533202284      9533205293          848735          0        500          0          0
   4       17     2045     3939      9533205324      9533209263          851775          0        500          0          0
   4       17     1308     2673      9533209285      9533211958          855736          0        500          0          0
   4       17      517     2596      9533211987      9533214582          858438          0        500          0          0
   4       17      517     1765      9533214601      9533216366          861052          0        500          0          0
   4       17      511     2651      9533216382      9533219033          862833          0        500          0          0
   4       17      511     2692      9533219058      9533221749          865509          0        500          0          0
   4       17      517     2649      9533221797      9533224446          868248          0        500          0          0
   4       17      511     2818      9533224470      9533227288          870921          0        500          0          0
   4       17      511     2261      9533227313      9533229574          873764          0        500          0          0
   4       17      519     2654      9533229596      9533232250          876047          0        500          0          0
   4       17      511     2276      9533232273      9533234549          878724          0        500          0          0
   4       17      517     2462      9533234569      9533237031          881020          0        500          0          0
   4       17      511     2599      9533237060      9533239659          883511          0        500          0          0
   4       17     1802     3432      9533239686      9533243118          886137          0        500          0          0
   4       17      511     2533      9533243137      9533245670          889588          0        500          0          0
   4       17      517     2602      9533245691      9533248293          892142          0        500          0          0
   4       17      511     2644      9533248311      9533250955          894762          0        500          0          0
   4       17      516     2727      9533250975      9533253702          897426          0        500          0          0
   4       17     1824     4192      9533253753      9533257945          900204          0        500          0          0
   4       17      519     2686      9533257978      9533260663          904428          0        500          0          0
   4       17      520     2906      9533260687      9533263593          907138          0        500          0          0
   4       17      519     2803      9533263618      9533266421          910069          0        500          0          0
   4       17      511     2670      9533266442      9533269112          912893          0        500          0          0
   4       17      511     1414      9533269168      9533270582          915619          0        500          0          0
   4       17      517     1413      9533270597      9533272010          917048          0        500          0          0
   4       17     1984     3186      9533272035      9533275221          918486          0        500          0          0
   4       17      511     2704      9533275239      9533277944          921690          0        500          0          0
   4       17     3831     4991      9533277995      9533282986          924446          0        500          0          0
   4       17      511     2110      9533283017      9533285127          929468          0        500          0          0
   4       17      511     1885      9533285145      9533287029          931596          0        500          0          0
   4       17      511     2455      9533287052      9533289507          933503          0        500          0          0
   4       17      521     2279      9533289533      9533291813          935984          0        500          0          0
   4       17      516     2713      9533291831      9533294544          938282          0        500          0          0
   4       17      517     2126      9533294568      9533296693          941019          0        500          0          0
   4       17     2143     4505      9533296745      9533301250          943196          0        500          0          0
   4       17     1028     2273      9533301284      9533303557          947735          0        500          0          0
   4       17      517     2665      9533303580      9533306245          950031          0        500          0          0
   4       17      511     2176      9533306269      9533308444          952720          0        500          0          0
   4       17      511     2671      9533308465      9533311135          954916          0        500          0          0
   4       17      511     2036      9533311163      9533313199          957614          0        500          0          0
   4       17      511     2809      9533313224      9533316033          959675          0        500          0          0
   4       17      511     3211      9533316055      9533319265          962506          0        500          0          0
   4       17      511     2754      9533319290      9533322044          965740          0        500          0          0
   4       17      511     1999      9533322073      9533324072          968524          0        500          0          0
   4       17     1060     2345      9533324097      9533326442          970548          0        500          0          0
   4       17      511     2577      9533326464      9533329041          972915          0        500          0          0
   4       17      511     2462      9533329067      9533331529          975518          0        500          0          0
   4       17     3295     4402      9533331561      9533335962          978012          0        500          0          0
   4       17      517     1595      9533335986      9533337581          982437          0        500          0          0
   4       17      521     2196      9533337606      9533339803          984057          0        500          0          0
   4       17      517     2633      9533339821      9533342454          986272          0        500          0          0
   4       17      511     2063      9533342485      9533344548          988936          0        500          0          0
   4       17      519     2724      9533344577      9533347301          991028          0        500          0          0
   4       17     4903     5487      9533347330      9533352817          993781          0        500          0          0
   4       17      518     1887      9533352841      9533354728          999292          0        500          0          0
   4       17      523     2067      9533354756      9533356822         1001207          0        500          0          0
   4       17      520     3156      9533356873      9533360029         1003324          0        500          0          0
   4       17      511     1730      9533360057      9533361788         1006508          0        500          0          0
   4       17     1556     2663      9533361815      9533364478         1008266          0        500          0          0
   4       17      520     5523      9533364508      9533370031         1010959          0        500          0          0
   4       17      511     1606      9533370055      9533371660         1016506          0        500          0          0
   4       17      516     1153      9533371679      9533372833         1018130          0        500          0          0
   4       17      520     2711      9533372860      9533375570         1019311          0        500          0          0
   4       17      519     2073      9533375599      9533377672         1022050          0        500          0          0
   4       17      511     2471      9533378239      9533380709         1024690          0        500          0          0
   4       17      520     2461      9533380737      9533383198         1027188          0        500          0          0
   4       17      511     4404      9533383230      9533387634         1029681          0        500          0          0
   4       17      517     2355      9533387659      9533390014         1034110          0        500          0          0
   4       17      511     2012      9533390033      9533392045         1036484          0        500          0          0
   4       17      511     1597      9533392064      9533393662         1038515          0        500          0          0
   4       17      517     2753      9533393678      9533396431         1040129          0        500          0          0
   4       17      511     2109      9533396455      9533398563         1042905          0        500          0          0
   4       17      518     3010      9533398588      9533401598         1045039          0        500          0          0
   4       17      518     2280      9533401622      9533403901         1048073          0        500          0          0
   4       17     3895     6134      9533403939      9533410074         1050390          0        500          0          0
   4       17      511     2265      9533410103      9533412369         1056554          0        500          0          0
   4       17      511     2568      9533412394      9533414962         1058845          0        500          0          0
   4       17      519     1626      9533414990      9533416615         1061441          0        500          0          0
   4       17      518     2398      9533416634      9533419032         1063085          0        500          0          0
   4       17     1063     2929      9533419062      9533421991         1065513          0        500          0          0
   4       17      511     2646      9533422019      9533424665         1068470          0        500          0          0
   4       17      518     2270      9533424689      9533426959         1071140          0        500          0          0
   4       17     2116     3659      9533426981      9533430640         1073432          0        500          0          0
   4       17      520     2236      9533430664      9533432899         1077115          0        500          0          0
   4       17      516     1989      9533432924      9533434913         1079375          0        500          0          0
   4       17      517     2572      9533434935      9533437508         1081386          0        500          0          0
   4       17      517     2742      9533437540      9533440282         1083991          0        500          0          0
   4       17      511     2512      9533440301      9533442813         1086752          0        500          0          0
   4       17     2744     3751      9533442843      9533446594         1089294          0        500          0          0
   4       17      518     2172      9533446630      9533448802         1093081          0        500          0          0
   4       17      516     2738      9533448839      9533451577         1095290          0        500          0          0
   4       17      522     2753      9533451608      9533454360         1098059          0        500          0          0
   4       17      511     2686      9533454387      9533457073         1100838          0        500          0          0
   4       17      511     1924      9533457089      9533459014         1103540          0        500          0          0
   4       17     2951     5036      9533459036      9533464072         1105487          0        500          0          0
   4       17      511     2357      9533464104      9533466461         1110555          0        500          0          0
   4       17      519     2170      9533466490      9533468661         1112941          0        500          0          0
   4       17      517     2258      9533468697      9533470955         1115148          0        500          0          0
   4       17      517     2571      9533470975      9533473547         1117426          0        500          0          0
   4       17     1766     2803      9533473566      9533476369         1120017          0        500          0          0
   4       17      511     2255      9533476393      9533478648         1122844          0        500          0          0
   4       17     4003     6760      9533478668      9533485428         1125119          0        500          0          0
   4       17      511     2091      9533485462      9533487553         1131913          0        500          0          0
   4       17      516     2188      9533487572      9533489760         1134023          0        500          0          0
   4       17      520     3840      9533489785      9533493625         1136236          0        500          0          0
   4       17      519     3496      9533493648      9533497144         1140099          0        500          0          0
   4       17      511     2795      9533497168      9533499963         1143618          0        500          0          0
   4       17      518     2652      9533499987      9533502639         1146438          0        500          0          0
   4       17      516     2663      9533502685      9533505348         1149136          0        500          0          0
   4       17      511     2063      9533505372      9533507435         1151823          0        500          0          0
   4       17     1981     5570      9533507459      9533513030         1153910          0        500          0          0
   4       17      511     2184      9533513059      9533515242         1159510          0        500          0          0
   4       17      511     2652      9533515264      9533517915         1161715          0        500          0          0
   4       17      517     2776      9533517940      9533520716         1164391          0        500          0          0
   4       17      516     2045      9533520737      9533522782         1167188          0        500          0          0
   4       17      517     2026      9533522802      9533524828         1169253          0        500          0          0
   4       17      518     2421      9533524851      9533527272         1171302          0        500          0          0
   4       17      511     2758      9533527297      9533530054         1173748          0        500          0          0
   4       17      511     3847      9533530078      9533533925         1176529          0        500          0          0
   4       17      517     2725      9533533947      9533536672         1180398          0        500          0          0
   4       17      517     2320      9533536693      9533539013         1183144          0        500          0          0
   4       17      511     1597      9533539036      9533540633         1185487          0        500          0          0
   4       17      520     3322      9533540691      9533544012         1187142          0        500          0          0
   4       17      511     1998      9533544031      9533546029         1190482          0        500          0          0
   4       17     2810     4751      9533546053      9533550804         1192504          0        500          0          0
   4       17      519     3128      9533550834      9533553962         1197285          0        500          0          0
   4       17      520     2657      9533553995      9533556652         1200446          0        500          0          0
   4       17      520     3334      9533556678      9533560012         1203129          0        500          0          0
   4       17      511     3847      9533560035      9533563882         1206486          0        500          0          0
   4       17      519     2806      9533563915      9533566721         1210366          0        500          0          0
   4       17      520     3282      9533566749      9533570031         1213200          0        500          0          0
   4       17      511     1882      9533570056      9533571938         1216507          0        500          0          0
   4       17      518     1545      9533571962      9533573506         1218413          0        500          0          0
   4       17      520     2535      9533573531      9533576066         1219982          0        500          0          0
   4       17      511     3081      9533576094      9533579176         1222545          0        500          0          0
   4       17      511     2278      9533579193      9533581471         1225644          0        500          0          0
   4       17      517     2761      9533581495      9533584256         1227946          0        500          0          0
   4       17      511     3882      9533584273      9533588156         1230724          0        500          0          0
   4       17      511     2894      9533588178      9533591072         1234629          0        500          0          0
   4       17      511     1081      9533591107      9533592188         1237558          0        500          0          0
   4       17      511     2508      9533592206      9533594713         1238656          0        500          0          0
   4       17      517     2808      9533594733      9533597540         1241183          0        500          0          0
   4       17      519     2772      9533597564      9533600336         1244015          0        500          0          0
   4       17      511     2059      9533600362      9533602420         1246813          0        500          0          0
   4       17      511     2614      9533602446      9533605060         1248897          0        500          0          0
   4       17     2574     4116      9533605078      9533609194         1251529          0        500          0          0
   4       17      861     2379      9533609223      9533611603         1255674          0        500          0          0
   4       17      544     2084      9533611631      9533613714         1258082          0        500          0          0
   4       17     1078     2659      9533613740      9533616399         1260191          0        500          0          0
   4       17      511     3063      9533616424      9533619487         1262875          0        500          0          0
   4       17      520     3264      9533619520      9533622784         1265971          0        500          0          0
   4       17      518     1674      9533622839      9533624514         1269290          0        500          0          0
   4       17      521     2669      9533624541      9533627210         1270992          0        500          0          0
   4       17      511     2794      9533627240      9533630034         1273691          0        500          0          0
   4       17      511     2331      9533630066      9533632396         1276517          0        500          0          0
   4       17     3881     4426      9533632452      9533636878         1278903          0        500          0          0
   4       17      518     1981      9533636900      9533638882         1283351          0        500          0          0
   4       17      519     2948      9533638900      9533641848         1285351          0        500          0          0
   4       17      540     3665      9533641875      9533645540         1288326          0        500          0          0
   4       17      521     2176      9533645572      9533647748         1292023          0        500          0          0
   4       17      518     1894      9533647763      9533649657         1294214          0        500          0          0
   4       17      517     2990      9533649702      9533652692         1296153          0        500          0          0
   4       17      516     2368      9533652716      9533655084         1299167          0        500          0          0
   4       17      511     2357      9533655114      9533657472         1301565          0        500          0          0
   4       17     1065     3085      9533657503      9533660588         1303954          0        500          0          0
   4       17     2517     4797      9533660606      9533665403         1307057          0        500          0          0
   4       17      511     3186      9533665432      9533668618         1311883          0        500          0          0
   4       17      518     3098      9533668634      9533671732         1315085          0        500          0          0
   4       17      517     3331      9533671750      9533675081         1318201          0        500          0          0
   4       17      511     2776      9533675108      9533677884         1321559          0        500          0          0
   4       17      520     2040      9533677913      9533679954         1324364          0        500          0          0
   4       17      520     2956      9533679971      9533682927         1326422          0        500          0          0
   4       17      520     2628      9533682957      9533685585         1329408          0        500          0          0
   4       17      523     1653      9533685617      9533687270         1332068          0        500          0          0
   4       17      511     2326      9533687289      9533689615         1333740          0        500          0          0
   4       17     3181     4441      9533689643      9533694083         1336093          0        500          0          0
   4       17      511     2569      9533694108      9533696677         1340558          0        500          0          0
   4       17      517     1309      9533696703      9533698012         1343154          0        500          0          0
   4       17      511     2956      9533698034      9533700991         1344485          0        500          0          0
   4       17      511     2050      9533701019      9533703069         1347470          0        500          0          0
   4       17      511     2661      9533703089      9533705750         1349540          0        500          0          0
   4       17     4839     7321      9533705767      9533713088         1352218          0        500          0          0
   4       17      511     2257      9533713120      9533715377         1359571          0        500          0          0
   4       17      511     2512      9533715397      9533717909         1361848          0        500          0          0
   4       17      517     1308      9533717931      9533719239         1364382          0        500          0          0
   4       17      511     2301      9533719273      9533721574         1365724          0        500          0          0
   4       17      517     2910      9533721596      9533724506         1368047          0        500          0          0
   4       17      522     2764      9533724540      9533727304         1370991          0        500          0          0
   4       17      511     2761      9533727368      9533730129         1373819          0        500          0          0
   4       17      511     2858      9533730153      9533733011         1376604          0        500          0          0
   4       17      511     2566      9533733031      9533735596         1379482          0        500          0          0
   4       17      545     2225      9533735625      9533737849         1382076          0        500          0          0
   4       17      518     2473      9533737867      9533740340         1384318          0        500          0          0
   4       17      511     2570      9533740367      9533742937         1386818          0        500          0          0
   4       17      519     2491      9533742963      9533745454         1389414          0        500          0          0
   4       17     2166     3192      9533745479      9533748671         1391930          0        500          0          0
   4       17      519     2934      9533748700      9533751633         1395151          0        500          0          0
   4       17      519     2126      9533751657      9533753783         1398108          0        500          0          0
   4       17      713     2825      9533753811      9533756636         1400262          0        500          0          0
   4       17      517     2736      9533756685      9533759421         1403136          0        500          0          0
   4       17      511     2768      9533759444      9533762212         1405895          0        500          0          0
   4       17      511     2140      9533762235      9533764375         1408686          0        500          0          0
   4       17      511     2371      9533764395      9533766766         1410846          0        500          0          0
   4       17      516     2696      9533766787      9533769483         1413238          0        500          0          0
   4       17      520     2521      9533769510      9533772030         1415961          0        500          0          0
   4       17      511     2501      9533772055      9533774556         1418506          0        500          0          0
   4       17     2519     4093      9533774584      9533778676         1421035          0        500          0          0
   4       17      517     2058      9533778699      9533780758         1425150          0        500          0          0
   4       17      516     2622      9533780795      9533783417         1427246          0        500          0          0
   4       17      511     2512      9533783445      9533785957         1429896          0        500          0          0
   4       17      517     2685      9533785982      9533788667         1432433          0        500          0          0
   4       17      516     2326      9533788685      9533791011         1435136          0        500          0          0
   4       17     2692     4441      9533791034      9533795475         1437485          0        500          0          0
   4       17      517     4385      9533795501      9533799886         1441952          0        500          0          0
   4       17      542     3857      9533799912      9533803769         1446363          0        500          0          0
   4       17      518     1833      9533803789      9533805622         1450240          0        500          0          0
   4       17      518     1731      9533805640      9533807371         1452091          0        500          0          0
   4       17      511     2166      9533807389      9533809555         1453840          0        500          0          0
   4       17      517     2206      9533809570      9533811776         1456021          0        500          0          0
   4       17     2563     4123      9533811801      9533815925         1458252          0        500          0          0
   4       17      516     2632      9533815947      9533818579         1462398          0        500          0          0
   4       17      519     2625      9533818636      9533821262         1465087          0        500          0          0
   4       17      511     2823      9533821284      9533824107         1467735          0        500          0          0
   4       17      511     2192      9533824131      9533826323         1470582          0        500          0          0
   4       17      511     2201      9533826346      9533828547         1472797          0        500          0          0
   4       17     2804     6970      9533828572      9533835543         1475023          0        500          0          0
   4       17      517     2697      9533835566      9533838263         1482017          0        500          0          0
   4       17      511     2669      9533838286      9533840956         1484737          0        500          0          0
   4       17      520     2492      9533840985      9533843477         1487436          0        500          0          0
   4       17      516     2157      9533843506      9533845663         1489957          0        500          0          0
   4       17      516     1859      9533845679      9533847538         1492130          0        500          0          0
   4       17      517     3001      9533847556      9533850556         1494007          0        500          0          0
   4       17      544     2185      9533850586      9533852771         1497037          0        500          0          0
   4       17      517     2234      9533852790      9533855024         1499241          0        500          0          0
   4       17      511     2772      9533855044      9533857816         1501495          0        500          0          0
   4       17     2743     3320      9533857847      9533861167         1504298          0        500          0          0
   4       17     2292     3881      9533861192      9533865073         1507643          0        500          0          0
   4       17      511     1788      9533865106      9533866894         1511557          0        500          0          0
   4       17      517     2368      9533866917      9533869285         1513368          0        500          0          0
   4       17      511     2449      9533869314      9533871764         1515765          0        500          0          0
   4       17      517     2485      9533871782      9533874266         1518233          0        500          0          0
   4       17     2064     4517      9533874293      9533878810         1520744          0        500          0          0
   4       17      520     2644      9533878841      9533881485         1525292          0        500          0          0
   4       17      520     2653      9533881510      9533884163         1527961          0        500          0          0
   4       17      511     1425      9533884180      9533885605         1530631          0        500          0          0
   4       17      517     2400      9533885627      9533888027         1532078          0        500          0          0
   4       17      511     2247      9533888053      9533890300         1534504          0        500          0          0
   4       17      511     2934      9533890323      9533893258         1536774          0        500          0          0
   4       17      511     2785      9533893286      9533896071         1539737          0        500          0          0
   4       17     3516     4189      9533896101      9533900290         1542552          0        500          0          0
   4       17     1283     5058      9533900325      9533905383         1546776          0        500          0          0
   4       17      511     2423      9533905408      9533907831         1551859          0        500          0          0
   4       17      519     2583      9533907859      9533910442         1554310          0        500          0          0
   4       17      511     1078      9533910462      9533911541         1556913          0        500          0          0
   4       17      520     2629      9533911585      9533914214         1558036          0        500          0          0
   4       17      511     2652      9533914234      9533916887         1560685          0        500          0          0
   4       17      517     2639      9533916903      9533919542         1563354          0        500          0          0
   4       17      517     2670      9533919565      9533922235         1566016          0        500          0          0
   4       17     2791     4494      9533922258      9533926752         1568709          0        500          0          0
   4       17      519     2202      9533926787      9533928990         1573238          0        500          0          0
   4       17      511     2054      9533929019      9533931073         1575470          0        500          0          0
   4       17      511     2863      9533931108      9533933972         1577559          0        500          0          0
   4       17      519     2580      9533933990      9533936571         1580441          0        500          0          0
   4       17     1087     2705      9533936589      9533939294         1583040          0        500          0          0
   4       17      511     3586      9533939313      9533942899         1585764          0        500          0          0
   4       17      520     2157      9533942933      9533945090         1589384          0        500          0          0
   4       17      511     2020      9533945121      9533947141         1591572          0        500          0          0
   4       17      511     2916      9533947163      9533950079         1593614          0        500          0          0
   4       17      511     2665      9533950096      9533952762         1596547          0        500          0          0
   4       17      516     2149      9533952787      9533954935         1599238          0        500          0          0
   4       17     1541     2796      9533954976      9533957772         1601427          0        500          0          0
   4       17      519     2704      9533957803      9533960507         1604254          0        500          0          0
   4       17      522     2125      9533960537      9533962662         1606988          0        500          0          0
   4       17      520     2807      9533962690      9533965497         1609141          0        500          0          0
   4       17      517     2247      9533965516      9533967763         1611967          0        500          0          0
   4       17     2599     5209      9533967788      9533972998         1614239          0        500          0          0
   4       17      511     2438      9533973027      9533975466         1619478          0        500          0          0
   4       17      511     2065      9533975483      9533977549         1621934          0        500          0          0
   4       17      520     1855      9533977573      9533979428         1624024          0        500          0          0
   4       17      511     2777      9533979453      9533982230         1625904          0        500          0          0
   4       17      511     2615      9533982247      9533984862         1628698          0        500          0          0
   4       17      518     2778      9533984907      9533987685         1631358          0        500          0          0
   4       17     4268     4842      9533987739      9533992581         1634190          0        500          0          0
   4       17      519     2234      9533992604      9533994838         1639055          0        500          0          0
   4       17      519     1648      9533994870      9533996517         1641321          0        500          0          0
   4       17      519     2777      9533996537      9533999314         1642988          0        500          0          0
   4       17      511     2291      9533999337      9534001628         1645788          0        500          0          0
   4       17      518     3046      9534001676      9534004722         1648127          0        500          0          0
   4       17      517     2300      9534004746      9534007046         1651197          0        500          0          0
   4       17     3065     5090      9534007077      9534012167         1653528          0        500          0          0
   4       17      511     2667      9534012191      9534014858         1658642          0        500          0          0
   4       17      518     2571      9534014884      9534017455         1661335          0        500          0          0
   4       17      511     1621      9534017479      9534019100         1663930          0        500          0          0
   4       17      511     2256      9534019120      9534021376         1665571          0        500          0          0
   4       17      511     2619      9534021397      9534024016         1667848          0        500          0          0
   4       17      511     2184      9534024040      9534026225         1670491          0        500          0          0
   4       17      511     2787      9534026251      9534029038         1672702          0        500          0          0
   4       17      511     4137      9534029059      9534033196         1675510          0        500          0          0
   4       17      511     2049      9534033228      9534035277         1679679          0        500          0          0
   4       17      511     1576      9534035302      9534036879         1681753          0        500          0          0
   4       17      519     2527      9534036903      9534039430         1683354          0        500          0          0
   4       17      511     2952      9534039454      9534042406         1685905          0        500          0          0
   4       17      511     2224      9534042433      9534044657         1688884          0        500          0          0
   4       17      543     2739      9534044675      9534047415         1691126          0        500          0          0
   4       17      511     3645      9534047432      9534051077         1693883          0        500          0          0
   4       17      511     1973      9534051110      9534053083         1697561          0        500          0          0
   4       17      511     1806      9534053109      9534054915         1699560          0        500          0          0
   4       17      517     2684      9534054942      9534057626         1701393          0        500          0          0
   4       17      519     2710      9534057644      9534060355         1704095          0        500          0          0
   4       17      511     2794      9534060378      9534063172         1706829          0        500          0          0
   4       17      511     4605      9534063196      9534067800         1709647          0        500          0          0
   4       17      518     2727      9534067828      9534070555         1714279          0        500          0          0
   4       17      520     4775      9534070571      9534075346         1717022          0        500          0          0
   4       17      511     2188      9534075369      9534077557         1721820          0        500          0          0
   4       17      520     1547      9534077573      9534079120         1724024          0        500          0          0
   4       17      511     1845      9534079138      9534080984         1725589          0        500          0          0
   4       17      511     3520      9534081009      9534084529         1727459          0        500          0          0
   4       17      517     1613      9534084550      9534086163         1731001          0        500          0          0
   4       17      511     2619      9534086181      9534088800         1732632          0        500          0          0
   4       17      520     3098      9534088830      9534091928         1735281          0        500          0          0
   4       17     1627     6183      9534091972      9534098155         1738423          0        500          0          0
   4       17      511     1082      9534098180      9534099262         1744631          0        500          0          0
   4       17      511     3753      9534099279      9534103032         1745730          0        500          0          0
   4       17      511     1596      9534103054      9534104650         1749505          0        500          0          0
   4       17      547     2075      9534104675      9534106750         1751126          0        500          0          0
   4       17      542     2637      9534106775      9534109412         1753226          0        500          0          0
   4       17      511     3025      9534109432      9534112457         1755883          0        500          0          0
   4       17      511     2160      9534112486      9534114646         1758937          0        500          0          0
   4       17      517     2666      9534114663      9534117329         1761114          0        500          0          0
   4       17      511     3117      9534117347      9534120465         1763798          0        500          0          0
   4       17      519     1579      9534120497      9534122076         1766948          0        500          0          0
   4       17      511     2872      9534122103      9534124975         1768554          0        500          0          0
   4       17      516     2734      9534124995      9534127729         1771446          0        500          0          0
   4       17      519     2161      9534127755      9534129917         1774206          0        500          0          0
   4       17      516     2819      9534129935      9534132754         1776386          0        500          0          0
   4       17     2826     5256      9534132778      9534138034         1779229          0        500          0          0
   4       17      511     1932      9534138066      9534139997         1784517          0        500          0          0
   4       17      511     2024      9534140025      9534142048         1786475          0        500          0          0
   4       17      511     2589      9534142067      9534144655         1788518          0        500          0          0
   4       17      516     2310      9534144701      9534147011         1791152          0        500          0          0
   4       17      511     2646      9534147030      9534149676         1793481          0        500          0          0
   4       17      518     2316      9534149695      9534152011         1796146          0        500          0          0
   4       17     3789     4918      9534152043      9534156961         1798494          0        500          0          0
   4       17      518     2590      9534156994      9534159584         1803445          0        500          0          0
   4       17      517     1265      9534159600      9534160865         1806051          0        500          0          0
   4       17      518     2705      9534160890      9534163595         1807341          0        500          0          0
   4       17      518     2076      9534163645      9534165721         1810096          0        500          0          0
   4       17      516     2621      9534165739      9534168361         1812190          0        500          0          0
   4       17      511     2650      9534168381      9534171031         1814832          0        500          0          0
   4       17      511     3914      9534171050      9534174965         1817501          0        500          0          0
   4       17      519     1453      9534174995      9534176447         1821446          0        500          0          0
   4       17      511     3165      9534176473      9534179639         1822924          0        500          0          0
   4       17      517     2760      9534179660      9534182421         1826111          0        500          0          0
   4       17      511     2071      9534182475      9534184546         1828925          0        500          0          0
   4       17      519     2334      9534184570      9534186904         1831021          0        500          0          0
   4       17     2578     5832      9534186929      9534192761         1833380          0        500          0          0
   4       17      518     2990      9534192784      9534195774         1839235          0        500          0          0
   4       17      516     2587      9534195819      9534198406         1842270          0        500          0          0
   4       17      511     1616      9534198437      9534200053         1844888          0        500          0          0
   4       17      511     2022      9534200071      9534202093         1846522          0        500          0          0
   4       17     1588     2548      9534202115      9534204663         1848565          0        500          0          0
   4       17      519     2801      9534204693      9534207494         1851144          0        500          0          0
   4       17      519     2623      9534207519      9534210141         1853970          0        500          0          0
   4       17      511     3540      9534210160      9534213700         1856611          0        500          0          0
   4       17      519     1473      9534213730      9534215203         1860181          0        500          0          0
   4       17      511     3169      9534215222      9534218392         1861673          0        500          0          0
   4       17      511     2055      9534218421      9534220477         1864872          0        500          0          0
   4       17      521     2635      9534220504      9534223139         1866955          0        500          0          0
   4       17      511     2738      9534223175      9534225913         1869626          0        500          0          0
   4       17     2055     2618      9534225940      9534228557         1872390          0        500          0          0
   4       17      516     1320      9534228575      9534229895         1875026          0        500          0          0
   4       17     2237     3842      9534229919      9534233761         1876370          0        500          0          0
   4       17      516     2568      9534233786      9534236354         1880237          0        500          0          0
   4       17      511     2669      9534236382      9534239051         1882833          0        500          0          0
   4       17     2476     4244      9534239070      9534243314         1885521          0        500          0          0
   4       17      511     1648      9534243337      9534244985         1889788          0        500          0          0
   4       17      511     3214      9534245007      9534248221         1891458          0        500          0          0
   4       17      511     2187      9534248241      9534250428         1894692          0        500          0          0
   4       17      511     2577      9534250444      9534253021         1896895          0        500          0          0
   4       17      511     2731      9534253049      9534255780         1899500          0        500          0          0
   4       17     2586     3973      9534255801      9534259774         1902252          0        500          0          0
   4       17      519     2712      9534259815      9534262528         1906266          0        500          0          0
   4       17      520     2711      9534262553      9534265265         1909004          0        500          0          0
   4       17      511     2200      9534265290      9534267490         1911741          0        500          0          0
   4       17      518     2572      9534267513      9534270085         1913964          0        500          0          0
   4       17      511     2385      9534270108      9534272493         1916559          0        500          0          0
   4       17     4058     4933      9534272571      9534277504         1919022          0        500          0          0
   4       17      519     2600      9534277536      9534280136         1923987          0        500          0          0
   4       17      511     1622      9534280154      9534281776         1926605          0        500          0          0
   4       17      516     2673      9534281812      9534284485         1928263          0        500          0          0
   4       17      517     2339      9534284509      9534286849         1930960          0        500          0          0
   4       17      517     2155      9534286872      9534289027         1933323          0        500          0          0
   4       17      511     2741      9534289048      9534291789         1935499          0        500          0          0
   4       17     2754     4446      9534291813      9534296259         1938264          0        500          0          0
   4       17      511     2179      9534296282      9534298461         1942733          0        500          0          0
   4       17      511     2629      9534298480      9534301110         1944931          0        500          0          0
   4       17      511     1878      9534301133      9534303011         1947584          0        500          0          0
   4       17      511     2395      9534303028      9534305423         1949479          0        500          0          0
   4       17      511     2575      9534305454      9534308030         1951905          0        500          0          0
   4       17     2202     4277      9534308052      9534312330         1954503          0        500          0          0
   4       17      511     1078      9534312359      9534313437         1958810          0        500          0          0
   4       17      511     3879      9534313453      9534317332         1959904          0        500          0          0
   4       17      511     1647      9534317362      9534319009         1963813          0        500          0          0
   4       17      511     2685      9534319029      9534321713         1965480          0        500          0          0
   4       17      516     2673      9534321762      9534324435         1968213          0        500          0          0
   4       17      511     4627      9534324460      9534329087         1970911          0        500          0          0
   4       17      511     2792      9534329113      9534331905         1975564          0        500          0          0
   4       17      520     2686      9534331927      9534334614         1978378          0        500          0          0
   4       17      519     4948      9534334632      9534339580         1981083          0        500          0          0
   4       17      517     1089      9534339603      9534340691         1986054          0        500          0          0
   4       17      518     2250      9534340708      9534342959         1987159          0        500          0          0
   4       17      516     1652      9534342980      9534344632         1989431          0        500          0          0
   4       17      516     3040      9534344651      9534347690         1991102          0        500          0          0
   4       17      545     2771      9534347721      9534350492         1994172          0        500          0          0
   4       17      516     2797      9534350514      9534353310         1996965          0        500          0          0
   4       17      511     3764      9534353334      9534357098         1999785          0        500          0          0
   4       17      511     2719      9534357133      9534359852         2003584          0        500          0          0
   4       17      520     2756      9534359876      9534362632         2006327          0        500          0          0
   4       17      518     2168      9534362653      9534364821         2009104          0        500          0          0
   4       17      519     2161      9534364878      9534367039         2011329          0        500          0          0
   4       17      511     2142      9534367058      9534369200         2013509          0        500          0          0
   4       17      511     2800      9534369219      9534372020         2015670          0        500          0          0
   4       17      511     2622      9534372043      9534374664         2018494          0        500          0          0
   4       17     2153     4213      9534374702      9534378915         2021153          0        500          0          0
   4       17      519     2035      9534378935      9534380970         2025386          0        500          0          0
   4       17      516     2976      9534380990      9534383966         2027441          0        500          0          0
   4       17      519     2022      9534383994      9534386016         2030445          0        500          0          0
   4       17      511     2090      9534386039      9534388129         2032490          0        500          0          0
   4       17      511     2421      9534388148      9534390569         2034599          0        500          0          0
   4       17     2639     5409      9534390590      9534395999         2037041          0        500          0          0
   4       17      511     2710      9534396031      9534398742         2042482          0        500          0          0
   4       17      519     3770      9534398766      9534402536         2045217          0        500          0          0
   4       17      522     1644      9534402572      9534404216         2049023          0        500          0          0
   4       17      511     1703      9534404232      9534405935         2050683          0        500          0          0
   4       17      518     2492      9534405951      9534408443         2052402          0        500          0          0
   4       17      511     2398      9534408461      9534410858         2054912          0        500          0          0
   4       17      520     2747      9534410887      9534413634         2057338          0        500          0          0
   4       17      518     2486      9534413653      9534416140         2060104          0        500          0          0
   4       17      511     3246      9534416158      9534419404         2062609          0        500          0          0
   4       17     1593     3027      9534419433      9534422460         2065884          0        500          0          0
   4       17      520     2147      9534422491      9534424638         2068942          0        500          0          0
   4       17      518     1818      9534424659      9534426477         2071110          0        500          0          0
   4       17     1645     3336      9534426506      9534429842         2072957          0        500          0          0
   4       17      517     2725      9534429865      9534432590         2076316          0        500          0          0
   4       17      517     2379      9534432608      9534434986         2079059          0        500          0          0
   4       17     2211     4320      9534435023      9534439343         2081474          0        500          0          0
   4       17      511     1876      9534439372      9534441248         2085823          0        500          0          0
   4       17      511     1906      9534441264      9534443170         2087715          0        500          0          0
   4       17      511     2314      9534443189      9534445503         2089640          0        500          0          0
   4       17      511     2522      9534446072      9534448593         2092523          0        500          0          0
   4       17     1081     2597      9534448622      9534451219         2095073          0        500          0          0
   4       17      511     2763      9534451241      9534454005         2097692          0        500          0          0
   4       17      511     2633      9534454057      9534456690         2100508          0        500          0          0
   4       17      520     2824      9534456724      9534459548         2103175          0        500          0          0
   4       17      517     2739      9534459571      9534462309         2106022          0        500          0          0
   4       17      511     2298      9534462333      9534464631         2108784          0        500          0          0
   4       17      517     5441      9534464656      9534470097         2111107          0        500          0          0
   4       17      511     1646      9534470121      9534471767         2116572          0        500          0          0
   4       17      517     1512      9534471783      9534473295         2118234          0        500          0          0
   4       17      511     2518      9534473321      9534475839         2119772          0        500          0          0
   4       17      519     2958      9534475866      9534478824         2122317          0        500          0          0
   4       17      519     2606      9534478854      9534481460         2125305          0        500          0          0
   4       17      511     3048      9534481476      9534484525         2127927          0        500          0          0
   4       17      522     2196      9534484560      9534486757         2131011          0        500          0          0
   4       17     2719     4861      9534486797      9534491659         2133248          0        500          0          0
   4       17      543     2865      9534491690      9534494555         2138141          0        500          0          0
   4       17      521     1634      9534494584      9534496218         2141035          0        500          0          0
   4       17      511     2241      9534496237      9534498477         2142688          0        500          0          0
   4       17      518     2175      9534498501      9534500676         2144952          0        500          0          0
   4       17      516     2712      9534500724      9534503435         2147175          0        500          0          0
   4       17      511     2333      9534503452      9534505785         2149903          0        500          0          0
   4       17     2109     5201      9534505813      9534511014         2152264          0        500          0          0
   4       17      511     3016      9534511037      9534514053         2157488          0        500          0          0
   4       17      511     2630      9534514074      9534516705         2160525          0        500          0          0
   4       17      518     3177      9534516722      9534519899         2163173          0        500          0          0
   4       17      520     2659      9534519922      9534522581         2166373          0        500          0          0
   4       17      518     1894      9534522602      9534524496         2169053          0        500          0          0
   4       17      520     2164      9534524524      9534526688         2170975          0        500          0          0
   4       17      519     2850      9534526742      9534529592         2173193          0        500          0          0
   4       17      523     2242      9534529623      9534531865         2176074          0        500          0          0
   4       17      517     2490      9534531891      9534534380         2178341          0        500          0          0
   4       17     2680     4210      9534534400      9534538610         2180851          0        500          0          0
   4       17     1727     3881      9534538639      9534542520         2185090          0        500          0          0
   4       17      520     2573      9534542557      9534545130         2189008          0        500          0          0
   4       17      511     2267      9534545148      9534547415         2191599          0        500          0          0
   4       17     2143     2744      9534547462      9534550206         2193913          0        500          0          0
   4       17      511     3814      9534550230      9534554044         2196681          0        500          0          0
   4       17      511     1587      9534554066      9534555653         2200517          0        500          0          0
   4       17      518     2530      9534555671      9534558202         2202122          0        500          0          0
   4       17      511     2719      9534558235      9534560954         2204686          0        500          0          0
   4       17      517     2386      9534560977      9534563364         2207428          0        500          0          0
   4       17      511     2790      9534563387      9534566177         2209838          0        500          0          0
   4       17      511     2361      9534566201      9534568562         2212652          0        500          0          0
   4       17     2545     4283      9534568580      9534572863         2215031          0        500          0          0
   4       17      519     2074      9534572893      9534574966         2219344          0        500          0          0
   4       17      519     2603      9534574992      9534577595         2221443          0        500          0          0
   4       17      539     2458      9534577613      9534580071         2224064          0        500          0          0
   4       17      511     2356      9534580099      9534582455         2226550          0        500          0          0
   4       17      511     2424      9534582481      9534584905         2228932          0        500          0          0
   4       17      511     2285      9534587055      9534589340         2233506          0        500          0          0
   4       17      511     2179      9534589360      9534591539         2235811          0        500          0          0
   4       17      517     2859      9534591559      9534594418         2238010          0        500          0          0
   4       17      511     2219      9534594440      9534596660         2240891          0        500          0          0
   4       17      517     2085      9534596683      9534598768         2243134          0        500          0          0
   4       17      518     2644      9534598793      9534601437         2245244          0        500          0          0
   4       17     4838     6531      9534601466      9534607997         2247917          0        500          0          0
   4       17      511     1878      9534608027      9534609905         2254478          0        500          0          0
   4       17      519     3109      9534609923      9534613032         2256374          0        500          0          0
   4       17      511     2486      9534613058      9534615544         2259509          0        500          0          0
   4       17      517     1504      9534615564      9534617068         2262015          0        500          0          0
   4       17      511     2226      9534617096      9534619323         2263547          0        500          0          0
   4       17      511     2633      9534619346      9534621979         2265797          0        500          0          0
   4       17      511     3318      9534622007      9534625324         2268457          0        500          0          0
   4       17     1146     2201      9534625348      9534627548         2271799          0        500          0          0
   4       17     1644     3070      9534627571      9534630641         2274022          0        500          0          0
   4       17      518     2117      9534630663      9534632780         2277114          0        500          0          0
   4       17      516     2970      9534632800      9534635769         2279251          0        500          0          0
   4       17      519     2133      9534635789      9534637922         2282240          0        500          0          0
   4       17      517     2398      9534637970      9534640368         2284421          0        500          0          0
   4       17     2199     4302      9534640398      9534644699         2286848          0        500          0          0
   4       17     2205     2784      9534644728      9534647512         2291179          0        500          0          0
   4       17      520     2008      9534647542      9534649550         2293993          0        500          0          0
   4       17      517     2359      9534649569      9534651928         2296020          0        500          0          0
   4       17      518     2730      9534651952      9534654682         2298403          0        500          0          0
   4       17      518     2224      9534654701      9534656925         2301152          0        500          0          0
   4       17      517     2451      9534656950      9534659400         2303401          0        500          0          0
   4       17     4358     5520      9534659432      9534664952         2305883          0        500          0          0
   4       17      517     3034      9534664977      9534668010         2311428          0        500          0          0
   4       17      511     2310      9534668032      9534670342         2314483          0        500          0          0
   4       17     1578     3884      9534670371      9534674255         2316822          0        500          0          0
   4       17      511     1079      9534674276      9534675355         2320727          0        500          0          0
   4       17      511     2470      9534675379      9534677849         2321830          0        500          0          0
   4       17      518     3142      9534677876      9534681018         2324327          0        500          0          0
   4       17      511     2026      9534681040      9534683067         2327491          0        500          0          0
   4       17      511     2754      9534683083      9534685837         2329534          0        500          0          0
   4       17     3240     5414      9534685862      9534691277         2332313          0        500          0          0
   4       17      511     2718      9534691301      9534694018         2337752          0        500          0          0
   4       17      511     1996      9534694043      9534696039         2340494          0        500          0          0
   4       17      511     2558      9534696067      9534698625         2342518          0        500          0          0
   4       17     2162     2854      9534698649      9534701503         2345100          0        500          0          0
   4       17      519     2145      9534701530      9534703675         2347981          0        500          0          0
   4       17      517     2664      9534703690      9534706354         2350141          0        500          0          0
   4       17      511     2288      9534706371      9534708659         2352822          0        500          0          0
   4       17      516     2540      9534708697      9534711237         2355148          0        500          0          0
   4       17      511     2333      9534711267      9534713600         2357718          0        500          0          0
   4       17     3686     4259      9534713619      9534717878         2360070          0        500          0          0
   4       17      519     2070      9534717902      9534719972         2364353          0        500          0          0
   4       17      517     2715      9534719990      9534722706         2366441          0        500          0          0
   4       17      517     2764      9534722726      9534725490         2369177          0        500          0          0
   4       17      517     2374      9534725515      9534727890         2371966          0        500          0          0
   4       17      517     1947      9534727912      9534729859         2374363          0        500          0          0
   4       17     2328     3972      9534729914      9534733886         2376365          0        500          0          0
   4       17      521     1627      9534733909      9534735536         2380360          0        500          0          0
   4       17      519     2656      9534735560      9534738216         2382011          0        500          0          0
   4       17      511     2597      9534738233      9534740830         2384684          0        500          0          0
   4       17      516     2623      9534740868      9534743491         2387319          0        500          0          0
   4       17      520     2564      9534743515      9534746079         2389966          0        500          0          0
   4       17     3999     4730      9534746103      9534750833         2392554          0        500          0          0
   4       17      518     3737      9534750863      9534754599         2397313          0        500          0          0
   4       17      520     2754      9534754623      9534757378         2401074          0        500          0          0
   4       17      511     1695      9534757402      9534759097         2403853          0        500          0          0
   4       17      511     2205      9534759118      9534761323         2405569          0        500          0          0
   4       17      511     2733      9534761348      9534764082         2407799          0        500          0          0
   4       17      511     2332      9534764109      9534766441         2410560          0        500          0          0
   4       17      511     2551      9534766459      9534769010         2412910          0        500          0          0
   4       17      511     2299      9534769030      9534771329         2415481          0        500          0          0
   4       17      511     3636      9534771349      9534774985         2417800          0        500          0          0
   4       17      511     2138      9534775022      9534777160         2421473          0        500          0          0
   4       17      511     2636      9534777176      9534779812         2423627          0        500          0          0
   4       17      517     2180      9534779830      9534782011         2426281          0        500          0          0
   4       17     1929     3872      9534782028      9534785901         2428479          0        500          0          0
   4       17      521     1293      9534785933      9534787226         2432384          0        500          0          0
   4       17      511     3186      9534787243      9534790429         2433694          0        500          0          0
   4       17      511     2121      9534790464      9534792585         2436915          0        500          0          0
   4       17      522     2761      9534792611      9534795372         2439062          0        500          0          0
   4       17      511     2164      9534795405      9534797570         2441856          0        500          0          0
   4       17      518     2276      9534797589      9534799865         2444040          0        500          0          0
   4       17     2187     3177      9534799888      9534803064         2446339          0        500          0          0
   4       17     1893     5120      9534803093      9534808214         2449544          0        500          0          0
   4       17      511     3052      9534808241      9534811293         2454692          0        500          0          0
   4       17      511     2581      9534811322      9534813903         2457773          0        500          0          0
   4       17      519     2140      9534813922      9534816061         2460373          0        500          0          0
   4       17      511     2485      9534816077      9534818562         2462528          0        500          0          0
   4       17      518     1703      9534818586      9534820288         2465037          0        500          0          0
   4       17      511     2867      9534820350      9534823217         2466801          0        500          0          0
   4       17      511     2223      9534823239      9534825462         2469690          0        500          0          0
   4       17      511     4477      9534826037      9534830514         2472488          0        500          0          0
   4       17      517     2052      9534830538      9534832589         2476988          0        500          0          0
   4       17      517     1596      9534832605      9534834201         2479056          0        500          0          0
   4       17      511     2859      9534834216      9534837075         2480667          0        500          0          0
   4       17      511     2617      9534837094      9534839711         2483545          0        500          0          0
   4       17      518     2112      9534839729      9534841840         2486180          0        500          0          0
   4       17     2220     4145      9534841865      9534846010         2488316          0        500          0          0
   4       17      511     1496      9534846032      9534847528         2492483          0        500          0          0
   4       17      516     2518      9534847547      9534850065         2493998          0        500          0          0
   4       17      511     2655      9534850086      9534852742         2496537          0        500          0          0
   4       17      517     2737      9534852764      9534855501         2499215          0        500          0          0
   4       17      516     2798      9534855523      9534858321         2501974          0        500          0          0
   4       17      511     2775      9534858345      9534861120         2504796          0        500          0          0
   4       17      511     2250      9534861146      9534863396         2507597          0        500          0          0
   4       17      511     2670      9534863429      9534866098         2509880          0        500          0          0
   4       17      511     2316      9534866129      9534868445         2512580          0        500          0          0
   4       17     1062     3100      9534868470      9534871570         2514921          0        500          0          0
   4       17      517     2416      9534871615      9534874032         2518066          0        500          0          0
   4       17      511     4826      9534874061      9534878886         2520511          0        500          0          0
   4       17      518     1489      9534878909      9534880399         2525360          0        500          0          0
   4       17      511     2174      9534880416      9534882589         2526866          0        500          0          0
   4       17      518     2306      9534882611      9534884917         2529062          0        500          0          0
   4       17      518     2890      9534884968      9534887858         2531419          0        500          0          0
   4       17      517     2582      9534887881      9534890463         2534332          0        500          0          0
   4       17      524     2712      9534890494      9534893206         2536945          0        500          0          0
   4       17     2207     4355      9534893230      9534897585         2539681          0        500          0          0
   4       17      520     2320      9534897619      9534899939         2544070          0        500          0          0
   4       17      518     1613      9534899969      9534901582         2546420          0        500          0          0
   4       17      517     2721      9534901598      9534904319         2548049          0        500          0          0
   4       17      511     2162      9534904347      9534906509         2550798          0        500          0          0
   4       17      516     2484      9534906527      9534909011         2552978          0        500          0          0
   4       17      511     2709      9534909057      9534911766         2555508          0        500          0          0
   4       17     2745     4446      9534911786      9534916232         2558237          0        500          0          0
   4       17     2200     3384      9534916264      9534919647         2562714          0        500          0          0
   4       17      519     1635      9534919674      9534921310         2566125          0        500          0          0
   4       17      511     2752      9534921329      9534924081         2567779          0        500          0          0
   4       17      511     2448      9534924105      9534926553         2570556          0        500          0          0
   4       17      517     2437      9534926576      9534929012         2573027          0        500          0          0
   4       17      511     2356      9534929038      9534931394         2575489          0        500          0          0
   4       17      511     4171      9534931427      9534935597         2577878          0        500          0          0
   4       17      545     3214      9534935626      9534938839         2582077          0        500          0          0
   4       17      517     5017      9534938876      9534943893         2585327          0        500          0          0
   4       17      520     1099      9534943916      9534945015         2590367          0        500          0          0
   4       17      511     3594      9534945033      9534948626         2591484          0        500          0          0
   4       17      518     1299      9534948649      9534949947         2595100          0        500          0          0
   4       17      518     1605      9534949972      9534951577         2596423          0        500          0          0
   4       17      517     3053      9534951595      9534954648         2598046          0        500          0          0
   4       17      517     2463      9534954665      9534957128         2601116          0        500          0          0
   4       17      511     2844      9534957151      9534959995         2603602          0        500          0          0
   4       17      511     2649      9534960030      9534962678         2606480          0        500          0          0
   4       17     2743     3325      9534962702      9534966027         2609153          0        500          0          0
   4       17      511     1478      9534966050      9534967528         2612501          0        500          0          0
   4       17      517     2187      9534967546      9534969733         2613997          0        500          0          0
   4       17      516     2130      9534969752      9534971881         2616203          0        500          0          0
   4       17      517     2132      9534971897      9534974029         2618348          0        500          0          0
   4       17      511     1590      9534974043      9534975633         2620494          0        500          0          0
   4       17     1880     3260      9534975648      9534978908         2622099          0        500          0          0
   4       17      517     2669      9534978925      9534981594         2625376          0        500          0          0
   4       17      517     2129      9534981611      9534983740         2628061          0        500          0          0
   4       17      516     2126      9534983757      9534985883         2630208          0        500          0          0
   4       17      516     2666      9534985900      9534988566         2632351          0        500          0          0
   4       17      516     1592      9534988584      9534990176         2635035          0        500          0          0
   4       17      511     1589      9534990191      9534991780         2636642          0        500          0          0
   4       17      516     2128      9534991793      9534993922         2638244          0        500          0          0
   4       17      517     2153      9534993973      9534996126         2640424          0        500          0          0
   4       17      511     2129      9534996142      9534998271         2642593          0        500          0          0
   4       17      511     2124      9534998285      9535000409         2644736          0        500          0          0
   4       17      511     2119      9535000424      9535002543         2646875          0        500          0          0
   4       17      517     1081      9535002557      9535003639         2649008          0        500          0          0
   4       17      517     2182      9535003652      9535005835         2650103          0        500          0          0
   4       17      516     1631      9535005850      9535007481         2652301          0        500          0          0
   4       17      517     2124      9535007496      9535009620         2653947          0        500          0          0
   4       17      517     2126      9535009634      9535011760         2656085          0        500          0          0
   4       17     2125     3206      9535011774      9535014980         2658225          0        500          0          0
   4       17      516     2128      9535014995      9535017123         2661446          0        500          0          0
   4       17      511     2124      9535017137      9535019262         2663588          0        500          0          0
   4       17      511     2122      9535019277      9535021400         2665728          0        500          0          0
   4       17      511     1597      9535021417      9535023013         2667868          0        500          0          0
   4       17      511     1981      9535023029      9535025009         2669479          0        500          0          0
   4       17     1589     3059      9535025025      9535028085         2671476          0        500          0          0
   4       17      511     1896      9535028101      9535029998         2674552          0        500          0          0
   4       17      511     2140      9535030019      9535032159         2676470          0        500          0          0
   4       17      511     2131      9535032174      9535034305         2678625          0        500          0          0
   4       17      511     1584      9535034321      9535035905         2680772          0        500          0          0
   4       17      516     2089      9535035919      9535038009         2682370          0        500          0          0
   4       17      511     2171      9535038023      9535040195         2684474          0        500          0          0
   4       17      511     1628      9535040209      9535041837         2686660          0        500          0          0
   4       17      516     2172      9535041870      9535044042         2688321          0        500          0          0
   4       17      511     2149      9535044057      9535046206         2690508          0        500          0          0
   4       17      511     2128      9535046220      9535048349         2692671          0        500          0          0
   4       17      511     2096      9535048363      9535050459         2694814          0        500          0          0
   4       17      511     2160      9535050473      9535052633         2696924          0        500          0          0
   4       17      516     2136      9535052648      9535054784         2699099          0        500          0          0
   4       17      516     2132      9535054800      9535056932         2701251          0        500          0          0
   4       17      516     2130      9535056946      9535059076         2703397          0        500          0          0
   4       17      511     2663      9535059092      9535061755         2705543          0        500          0          0
   4       17      516     1598      9535061769      9535063367         2708220          0        500          0          0
   4       17      511     2139      9535063423      9535065562         2709874          0        500          0          0
   4       17      518     1600      9535065578      9535067178         2712029          0        500          0          0
   4       17      511     2125      9535067192      9535069317         2713643          0        500          0          0
   4       17      511     2124      9535069331      9535071455         2715782          0        500          0          0
   4       17      511     2075      9535071469      9535073544         2717920          0        500          0          0
   4       17     1671     3142      9535073558      9535076700         2720009          0        500          0          0
   4       17      516     1640      9535076740      9535078381         2723191          0        500          0          0
   4       17      511     1737      9535078396      9535080133         2724846          0        500          0          0
   4       17      511     2125      9535080147      9535082272         2726598          0        500          0          0
   4       17      511     1723      9535082286      9535084009         2728737          0        500          0          0
   4       17     1585     3075      9535084023      9535087098         2730474          0        500          0          0
   4       17      511     2124      9535087113      9535089237         2733564          0        500          0          0
   4       17      511     2147      9535089251      9535091399         2735702          0        500          0          0
   4       17      511     2666      9535091414      9535094080         2737865          0        500          0          0
   4       17      511     1614      9535094096      9535095710         2740547          0        500          0          0
   4       17      516     2158      9535095725      9535097883         2742175          0        500          0          0
   4       17      516     2150      9535097922      9535100073         2744373          0        500          0          0
   4       17      511     1922      9535100087      9535102009         2746538          0        500          0          0
   4       17      511     1585      9535102023      9535103608         2748474          0        500          0          0
   4       17      517     1794      9535103622      9535105416         2750073          0        500          0          0
   4       17     2902     3466      9535105431      9535108897         2751882          0        500          0          0
   4       17      516     1624      9535108910      9535110534         2755361          0        500          0          0
   4       17      517     2388      9535110548      9535112936         2756999          0        500          0          0
   4       17      516     2144      9535112950      9535115094         2759401          0        500          0          0
   4       17      511     1900      9535115108      9535117008         2761559          0        500          0          0
   4       17      511     1628      9535117024      9535118652         2763475          0        500          0          0
   4       17      519     1834      9535118669      9535120503         2765120          0        500          0          0
   4       17      517     2021      9535120518      9535122539         2766969          0        500          0          0
   4       17      516     1730      9535122553      9535124283         2769004          0        500          0          0
   4       17      511     2122      9535124298      9535126421         2770749          0        500          0          0
   4       17      511     3725      9535126434      9535130160         2772885          0        500          0          0
   4       17      511     3724      9535130175      9535133899         2776626          0        500          0          0
   4       17      516     2131      9535133913      9535136044         2780364          0        500          0          0
   4       17      511     1950      9535136059      9535138009         2782510          0        500          0          0
   4       17      511     1241      9535138059      9535139299         2784510          0        500          0          0
   4       17     1610     3222      9535139314      9535142536         2785765          0        500          0          0
   4       17      516     2122      9535142550      9535144671         2789001          0        500          0          0
   4       17      517     2418      9535144685      9535147103         2791136          0        500          0          0
   4       17      511     1860      9535147118      9535148977         2793569          0        500          0          0
   4       17      519     1592      9535148991      9535150584         2795442          0        500          0          0
   4       17      517     2126      9535150597      9535152723         2797048          0        500          0          0
   4       17      517     2124      9535152738      9535154862         2799189          0        500          0          0
   4       17      516     1591      9535154876      9535156467         2801326          0        500          0          0
   4       17      511     2062      9535156481      9535158543         2802932          0        500          0          0
   4       17     1665     3278      9535158557      9535161836         2805008          0        500          0          0
   4       17      519     2672      9535161851      9535164523         2808302          0        500          0          0
   4       17      517     2128      9535164539      9535166667         2810989          0        500          0          0
   4       17      516     2328      9535166680      9535169008         2813131          0        500          0          0
   4       17      511     1924      9535169022      9535170946         2815473          0        500          0          0
   4       17      516     1590      9535170960      9535172550         2817411          0        500          0          0
   4       17      541     1638      9535172563      9535174202         2819014          0        500          0          0
   4       17      511     2162      9535174216      9535176378         2820667          0        500          0          0
   4       17      511     2142      9535176393      9535178535         2822844          0        500          0          0
   4       17      516     1991      9535178549      9535180540         2825000          0        500          0          0
   4       17     2258     3335      9535180556      9535183891         2827007          0        500          0          0
   4       17      516     2127      9535183907      9535186034         2830358          0        500          0          0
   4       17      511     2693      9535186049      9535188742         2832500          0        500          0          0
   4       17      516     2711      9535188779      9535191490         2835230          0        500          0          0
   4       17      518     1623      9535191506      9535193130         2837957          0        500          0          0
   4       17      511     1650      9535193145      9535194795         2839596          0        500          0          0
   4       17      518     2130      9535194811      9535196941         2841262          0        500          0          0
   4       17      516     2135      9535196956      9535199090         2843407          0        500          0          0
   4       17      511     1584      9535199104      9535200688         2845555          0        500          0          0
   4       17      517     2125      9535200702      9535202827         2847153          0        500          0          0
   4       17     1483     2563      9535202841      9535205404         2849292          0        500          0          0
   4       17     1200     2298      9535205419      9535207717         2851870          0        500          0          0
   4       17      516     2144      9535207749      9535209893         2854200          0        500          0          0
   4       17     1591     2137      9535209973      9535212110         2856424          0        500          0          0
   4       17      511     1608      9535212124      9535213732         2858575          0        500          0          0
   4       17      511     2544      9535215011      9535217554         2861462          0        500          0          0
   4       17      516     2234      9535217575      9535219809         2864026          0        500          0          0
   4       17      518     3781      9535219840      9535223621         2866291          0        500          0          0
   4       17      519     1907      9535223661      9535225568         2870112          0        500          0          0
   4       17      518     1916      9535225596      9535227512         2872047          0        500          0          0
   4       17      518     1623      9535227536      9535229159         2873987          0        500          0          0
   4       17      511     5367      9535229185      9535234552         2875636          0        500          0          0
   4       17      518     1457      9535234569      9535236026         2881019          0        500          0          0
   4       17      511     2124      9535236039      9535238163         2882490          0        500          0          0
   4       17      511     2121      9535238176      9535240297         2884627          0        500          0          0
   4       17      511     1583      9535240310      9535241893         2886761          0        500          0          0
   4       17      517     6198      9535241906      9535248104         2888357          0        500          0          0
   4       17      511     3735      9535248121      9535251856         2894572          0        500          0          0
   4       17      543     1113      9535251875      9535252988         2898326          0        500          0          0
   4       17     1054     2160      9535253012      9535255173         2899463          0        500          0          0
   4       17      511     2846      9535255189      9535258035         2901640          0        500          0          0
   4       17      511     1607      9535258063      9535259669         2904514          0        500          0          0
   4       17      523     2148      9535259685      9535261833         2906135          0        500          0          0
   4       17      517     3293      9535261849      9535265142         2908300          0        500          0          0
   4       17      511     1608      9535265164      9535266772         2911615          0        500          0          0
   4       17      511     5417      9535267353      9535272770         2913804          0        500          0          0
   4       17      518     2191      9535272992      9535275183         2919443          0        500          0          0
   4       17      511     1411      9535275199      9535276610         2921650          0        500          0          0
   4       17      517     2937      9535276627      9535279564         2923078          0        500          0          0
   4       17      517     1610      9535279583      9535281193         2926034          0        500          0          0
   4       17      511     2127      9535281210      9535283338         2927661          0        500          0          0
   4       17      517     2668      9535283891      9535286559         2930342          0        500          0          0
   4       17     6225     7306      9535286576      9535293882         2933027          0        500          0          0
   4       17      516     1603      9535293905      9535295508         2940356          0        500          0          0
   4       17      517     1594      9535295526      9535297120         2941977          0        500          0          0
   4       17      511     2667      9535297139      9535299807         2943590          0        500          0          0
   4       17      518     1620      9535299867      9535301487         2946318          0        500          0          0
   4       17      517     4004      9535301506      9535305511         2947957          0        500          0          0
   4       17      517     2706      9535305533      9535308239         2951984          0        500          0          0
   4       17     1667     4802      9535308273      9535313075         2954724          0        500          0          0
   4       17      511     2820      9535313107      9535315927         2959558          0        500          0          0
   4       17      517     2736      9535315948      9535318684         2962399          0        500          0          0
   4       17      519     3310      9535318708      9535322019         2965159          0        500          0          0
   4       17      511     2923      9535322042      9535324965         2968493          0        500          0          0
   4       17      520     2802      9535324997      9535327800         2971448          0        500          0          0
   4       17      551     1632      9535327841      9535329473         2974292          0        500          0          0
   4       17      524     2775      9535329503      9535332278         2975954          0        500          0          0
   4       17      511     2186      9535332300      9535334487         2978751          0        500          0          0
   4       17      517     2615      9535334504      9535337120         2980955          0        500          0          0
   4       17      511     2613      9535337139      9535339752         2983590          0        500          0          0
   4       17     2609     3926      9535339797      9535343723         2986248          0        500          0          0
   4       17      518     1879      9535343753      9535345632         2990204          0        500          0          0
   4       17      517     2653      9535345649      9535348302         2992100          0        500          0          0
   4       17      511     2757      9535348320      9535351077         2994771          0        500          0          0
   4       17      511     2815      9535351109      9535353924         2997560          0        500          0          0
   4       17      518     2712      9535353952      9535356665         3000403          0        500          0          0
   4       17     2603     4751      9535356718      9535361469         3003169          0        500          0          0
   4       17      517     2594      9535361494      9535364088         3007945          0        500          0          0
   4       17      511     1262      9535364109      9535365372         3010560          0        500          0          0
   4       17      511     6327      9535365398      9535371726         3011849          0        500          0          0
   4       17      517     2045      9535371767      9535373812         3018218          0        500          0          0
   4       17      519     3546      9535373832      9535377378         3020283          0        500          0          0
   4       17      511     2644      9535377400      9535380043         3023850          0        500          0          0
   4       17      511     2469      9535380062      9535382531         3026513          0        500          0          0
   4       17      517     1484      9535382549      9535384033         3029000          0        500          0          0
   4       17      511     1643      9535384059      9535385701         3030510          0        500          0          0
   4       17     2267     3263      9535385722      9535388985         3032173          0        500          0          0
   4       17      511     2757      9535389016      9535391773         3035467          0        500          0          0
   4       17      517     2188      9535391824      9535394012         3038275          0        500          0          0
   4       17     4443     5544      9535394065      9535399609         3040516          0        500          0          0
   4       17      516     2205      9535399656      9535401861         3046107          0        500          0          0
   4       17      517     2114      9535401879      9535403993         3048330          0        500          0          0
   4       17     1170     2166      9535404025      9535406191         3050476          0        500          0          0
   4       17      511     2638      9535406210      9535408848         3052661          0        500          0          0
   4       17      516     3014      9535408866      9535411880         3055317          0        500          0          0
   4       17      519     2561      9535411909      9535414470         3058360          0        500          0          0
   4       17     2733     3798      9535414490      9535418288         3060941          0        500          0          0
   4       17      511     2156      9535418315      9535420471         3064766          0        500          0          0
   4       17      517     2636      9535420491      9535423127         3066942          0        500          0          0
   4       17      511     2732      9535423149      9535425881         3069600          0        500          0          0
   4       17      520     2739      9535425904      9535428642         3072355          0        500          0          0
   4       17      517     2159      9535428667      9535430826         3075118          0        500          0          0
   4       17     2065     4181      9535430865      9535435046         3077316          0        500          0          0
   4       17     1990     2676      9535435077      9535437753         3081528          0        500          0          0
   4       17      518     2170      9535437777      9535439946         3084228          0        500          0          0
   4       17     2681     4589      9535439983      9535444572         3086434          0        500          0          0
   4       17      518     2303      9535444600      9535446903         3091051          0        500          0          0
   4       17      518     2269      9535446931      9535449200         3093382          0        500          0          0
   4       17      511     2227      9535449226      9535451452         3095676          0        500          0          0
   4       17      511     2847      9535451475      9535454322         3097926          0        500          0          0
   4       17     1646     2215      9535454349      9535456564         3100800          0        500          0          0
   4       17      517     2354      9535456583      9535458936         3103034          0        500          0          0
   4       17     2193     3331      9535458966      9535462298         3105417          0        500          0          0
   4       17      511     2209      9535462325      9535464535         3108776          0        500          0          0
   4       17      516     2851      9535464553      9535467404         3111004          0        500          0          0
   4       17      511     2453      9535467421      9535469874         3113872          0        500          0          0
   4       17      517     2020      9535469895      9535471915         3116345          0        500          0          0
   4       17     3098     5183      9535471941      9535477124         3118392          0        500          0          0
   4       17      511     2634      9535477147      9535479781         3123598          0        500          0          0
   4       17      517     2190      9535479804      9535481994         3126255          0        500          0          0
   4       17      511     2111      9535482046      9535484157         3128497          0        500          0          0
   4       17      511     2381      9535484175      9535486556         3130626          0        500          0          0
   4       17      519     2657      9535486617      9535489275         3133068          0        500          0          0
   4       17      511     2728      9535489296      9535492024         3135747          0        500          0          0
   4       17      511     2334      9535492043      9535494377         3138494          0        500          0          0
   4       17      511     3811      9535494401      9535498211         3140852          0        500          0          0
   4       17      511     2871      9535498237      9535501108         3144688          0        500          0          0
   4       17      511     2749      9535501141      9535503889         3147592          0        500          0          0
   4       17      518     3055      9535503910      9535506965         3150361          0        500          0          0
   4       17      519     2572      9535506994      9535509566         3153445          0        500          0          0
   4       17      520     1987      9535509590      9535511577         3156041          0        500          0          0
   4       17      517     2576      9535511593      9535514169         3158044          0        500          0          0
   4       17     1473     2182      9535514191      9535516374         3160642          0        500          0          0
   4       17      511     2447      9535516391      9535518838         3162842          0        500          0          0
   4       17      523     2204      9535518872      9535521076         3165323          0        500          0          0
   4       17     1383     3058      9535521103      9535524161         3167554          0        500          0          0
   4       17      511     2444      9535524183      9535526627         3170634          0        500          0          0
   4       17      518     2931      9535526649      9535529580         3173100          0        500          0          0
   4       17     3269     5964      9535529602      9535535566         3176053          0        500          0          0
   4       17      516     2823      9535535615      9535538439         3182066          0        500          0          0
   4       17      511     2255      9535538466      9535540721         3184917          0        500          0          0
   4       17      520     2049      9535540747      9535542796         3187198          0        500          0          0
   4       17      521     2214      9535542817      9535545031         3189268          0        500          0          0
   4       17      511     2652      9535545056      9535547708         3191507          0        500          0          0
   4       17      519     2169      9535547735      9535549904         3194186          0        500          0          0
   4       17      518     2539      9535549922      9535552461         3196373          0        500          0          0
   4       17     2718     5350      9535552486      9535557836         3198937          0        500          0          0
   4       17     2202     3702      9535557870      9535561572         3204321          0        500          0          0
   4       17      520     3604      9535561595      9535565199         3208046          0        500          0          0
   4       17     2332     2884      9535565240      9535568124         3211691          0        500          0          0
   4       17      511     2019      9535568153      9535570172         3214604          0        500          0          0
   4       17     3013     3820      9535570190      9535574009         3216641          0        500          0          0
   4       17      511     1926      9535574029      9535575955         3220480          0        500          0          0
   4       17      519     2048      9535575982      9535578031         3222433          0        500          0          0
   4       17      511     2920      9535578055      9535580975         3224506          0        500          0          0
   4       17      511     2564      9535581067      9535583632         3227518          0        500          0          0
   4       17      517     2338      9535583647      9535585985         3230098          0        500          0          0
   4       17      511     3052      9535586016      9535589068         3232467          0        500          0          0
   4       17     1056     1916      9535589098      9535591014         3235549          0        500          0          0
   4       17      511     2756      9535591038      9535593794         3237489          0        500          0          0
   4       17      521     2775      9535593821      9535596596         3240272          0        500          0          0
   4       17      520     2753      9535596624      9535599377         3243075          0        500          0          0
   4       17      511     2206      9535599394      9535601600         3245845          0        500          0          0
   4       17     2615     4478      9535601625      9535606103         3248076          0        500          0          0
   4       17     2703     5394      9535606134      9535611528         3252585          0        500          0          0
   4       17      517     1097      9535611553      9535612650         3258004          0        500          0          0
   4       17      517     1957      9535612665      9535614622         3259116          0        500          0          0
   4       17     2620     3588      9535614638      9535618226         3261089          0        500          0          0
   4       17      511     1780      9535618250      9535620030         3264701          0        500          0          0
   4       17      511     2709      9535620055      9535622764         3266506          0        500          0          0
   4       17     1088     2771      9535622793      9535625565         3269244          0        500          0          0
   4       17      522     2211      9535625593      9535627804         3272044          0        500          0          0
   4       17      517     2875      9535627824      9535630699         3274275          0        500          0          0
   4       17     2218     4000      9535630726      9535634726         3277177          0        500          0          0
   4       17      517     2027      9535634749      9535636776         3281200          0        500          0          0
   4       17      517     2769      9535636797      9535639567         3283248          0        500          0          0
   4       17      517     2270      9535639585      9535641856         3286036          0        500          0          0
   4       17      520     2072      9535641874      9535643945         3288325          0        500          0          0
   4       17     2149     3174      9535643969      9535647143         3290420          0        500          0          0
   4       17      511     3902      9535647161      9535651063         3293612          0        500          0          0
   4       17      511     1506      9535651086      9535652593         3297537          0        500          0          0
   4       17      518     3283      9535652615      9535655898         3299066          0        500          0          0
   4       17      517     2189      9535655952      9535658141         3302403          0        500          0          0
   4       17      511     2675      9535658166      9535660840         3304617          0        500          0          0
   4       17      519     2259      9535660870      9535663129         3307321          0        500          0          0
   4       17      511     2844      9535663150      9535665993         3309601          0        500          0          0
   4       17      511     2099      9535666019      9535668119         3312470          0        500          0          0
   4       17      511     2615      9535668138      9535670754         3314589          0        500          0          0
   4       17     1642     3224      9535670805      9535674028         3317256          0        500          0          0
   4       17     2012     4461      9535674054      9535678515         3320505          0        500          0          0
   4       17      893     2662      9535678538      9535681200         3324989          0        500          0          0
   4       17      511     1351      9535681223      9535682574         3327674          0        500          0          0
   4       17      517     2447      9535682589      9535685036         3329040          0        500          0          0
   4       17      511     2565      9535685069      9535687634         3331520          0        500          0          0
   4       17      520     2688      9535687664      9535690352         3334115          0        500          0          0
   4       17      511     2768      9535690374      9535693142         3336825          0        500          0          0
   4       17     2721     5484      9535693165      9535698649         3339616          0        500          0          0
   4       17      517     4295      9535698675      9535702969         3345126          0        500          0          0
   4       17      520     2159      9535702999      9535705158         3349450          0        500          0          0
   4       17      511     2582      9535705178      9535707760         3351629          0        500          0          0
   4       17      518     3155      9535707782      9535710937         3354233          0        500          0          0
   4       17      520     4041      9535710957      9535714999         3357408          0        500          0          0
   4       17      511     2695      9535715028      9535717723         3361479          0        500          0          0
   4       17      516     3819      9535717745      9535721565         3364196          0        500          0          0
   4       17      519     1102      9535721586      9535722689         3368037          0        500          0          0
   4       17      517     2138      9535722707      9535724846         3369158          0        500          0          0
   4       17      516     2888      9535724880      9535727768         3371331          0        500          0          0
   4       17      521     2298      9535727802      9535730100         3374253          0        500          0          0
   4       17      511     3047      9535730130      9535733176         3376581          0        500          0          0
   4       17      511     2150      9535733195      9535735345         3379646          0        500          0          0
   4       17      511     3433      9535735362      9535738795         3381813          0        500          0          0
   4       17     2254     5244      9535738826      9535744070         3385277          0        500          0          0
   4       17      511     2265      9535744099      9535746364         3390550          0        500          0          0
   4       17      511     1082      9535746389      9535747470         3392840          0        500          0          0
   4       17      519     3139      9535747489      9535750629         3393940          0        500          0          0
   4       17      517     1967      9535750648      9535752615         3397099          0        500          0          0
   4       17      520     2717      9535752643      9535755361         3399094          0        500          0          0
   4       17      511     2769      9535755384      9535758153         3401835          0        500          0          0
   4       17      511     2211      9535758178      9535760389         3404629          0        500          0          0
   4       17      511     3360      9535760409      9535763769         3406860          0        500          0          0
   4       17      517     2149      9535763791      9535765940         3410242          0        500          0          0
   4       17      511     2800      9535766007      9535768808         3412458          0        500          0          0
   4       17      517     2744      9535768860      9535771604         3415311          0        500          0          0
   4       17      517     2674      9535771652      9535774326         3418103          0        500          0          0
   4       17      511     2589      9535774344      9535776934         3420795          0        500          0          0
   4       17     2134     4438      9535776954      9535781392         3423405          0        500          0          0
   4       17     1804     2779      9535781417      9535784196         3427868          0        500          0          0
   4       17      511     1814      9535784219      9535786033         3430670          0        500          0          0
   4       17      511     2304      9535786059      9535788363         3432510          0        500          0          0
   4       17      511     2752      9535788383      9535791135         3434834          0        500          0          0
   4       17     2556     4195      9535791155      9535795349         3437605          0        500          0          0
   4       17     2140     4280      9535795388      9535799668         3441839          0        500          0          0
   4       17      536     2721      9535799690      9535802410         3446141          0        500          0          0
   4       17      511     2911      9535802439      9535805350         3448890          0        500          0          0
   4       17      511     1753      9535805369      9535807122         3451820          0        500          0          0
   4       17      511     2579      9535807139      9535809719         3453590          0        500          0          0
   4       17      519     3172      9535809736      9535812908         3456187          0        500          0          0
   4       17      516     2607      9535812954      9535815561         3459405          0        500          0          0
   4       17      517     1617      9535815576      9535817193         3462027          0        500          0          0
   4       17     2017     3744      9535817209      9535820952         3463660          0        500          0          0
   4       17      518     2038      9535820982      9535823020         3467433          0        500          0          0
   4       17      511     2710      9535823044      9535825754         3469495          0        500          0          0
   4       17      518     2166      9535825781      9535827947         3472232          0        500          0          0
   4       17      518     2568      9535827990      9535830558         3474441          0        500          0          0
   4       17      518     2723      9535830582      9535833305         3477033          0        500          0          0
   4       17      511     3587      9535833330      9535836917         3479781          0        500          0          0
   4       17      517     1790      9535836946      9535838736         3483397          0        500          0          0
   4       17      520     3200      9535838761      9535841961         3485212          0        500          0          0
   4       17      516     3049      9535841984      9535845033         3488435          0        500          0          0
   4       17      511     1660      9535845066      9535846726         3491517          0        500          0          0
   4       17      518     2245      9535846750      9535848996         3493201          0        500          0          0
   4       17     3485     4884      9535849030      9535853914         3495481          0        500          0          0
   4       17      518     2699      9535853944      9535856643         3500395          0        500          0          0
   4       17      519     2160      9535856669      9535858830         3503120          0        500          0          0
   4       17      517     2667      9535858885      9535861552         3505336          0        500          0          0
   4       17      518     1810      9535861578      9535863388         3508029          0        500          0          0
   4       17      511     2741      9535863424      9535866165         3509875          0        500          0          0
   4       17      511     2250      9535866185      9535868435         3512636          0        500          0          0
   4       17      511     4331      9535868451      9535872782         3514902          0        500          0          0
   4       17      517     2606      9535872804      9535875409         3519254          0        500          0          0
   4       17      511     1995      9535875438      9535877433         3521889          0        500          0          0
   4       17      511     2541      9535877457      9535879998         3523908          0        500          0          0
   4       17      511     2589      9535880022      9535882611         3526473          0        500          0          0
   4       17      517     2200      9535882656      9535884856         3529107          0        500          0          0
   4       17     2057     3468      9535884879      9535888347         3531330          0        500          0          0
   4       17     2107     4481      9535888381      9535892862         3534832          0        500          0          0
   4       17      517     3326      9535892886      9535896212         3539337          0        500          0          0
   4       17      511     2682      9535896237      9535898920         3542688          0        500          0          0
   4       17      517     2705      9535898944      9535901649         3545395          0        500          0          0
   4       17      518     1877      9535901672      9535903548         3548123          0        500          0          0
   4       17      520     2128      9535903573      9535905701         3550024          0        500          0          0
   4       17      549     2235      9535905733      9535907968         3552184          0        500          0          0
   4       17     1066     3165      9535907994      9535911159         3554445          0        500          0          0
   4       17      511     2292      9535911177      9535913470         3557628          0        500          0          0
   4       17      511     2713      9535913488      9535916201         3559939          0        500          0          0
   4       17      511     3858      9535916219      9535920076         3562670          0        500          0          0
   4       17     1024     3585      9535920108      9535923693         3566559          0        500          0          0
   4       17      534     2769      9535923718      9535926487         3570169          0        500          0          0
   4       17      517     4374      9535926510      9535930884         3572961          0        500          0          0
   4       17      517     1090      9535930910      9535932001         3577361          0        500          0          0
   4       17      511     2137      9535932024      9535934160         3578475          0        500          0          0
   4       17      511     2242      9535934177      9535936420         3580628          0        500          0          0
   4       17      511     2680      9535936437      9535939116         3582888          0        500          0          0
   4       17      511     2698      9535939135      9535941833         3585586          0        500          0          0
   4       17      516     2548      9535941876      9535944425         3588327          0        500          0          0
   4       17      511     3590      9535944444      9535948034         3590895          0        500          0          0
   4       17      511     1527      9535948056      9535949583         3594507          0        500          0          0
   4       17      518     2633      9535949648      9535952281         3596099          0        500          0          0
   4       17      511     2727      9535952304      9535955031         3598755          0        500          0          0
   4       17      511     2542      9535955056      9535957598         3601507          0        500          0          0
   4       17      518     2836      9535957621      9535960458         3604072          0        500          0          0
   4       17      511     3881      9535960483      9535964364         3606934          0        500          0          0
   4       17      511     1077      9535964388      9535965465         3610839          0        500          0          0
   4       17      511     2449      9535965483      9535967933         3611934          0        500          0          0
   4       17      518     3133      9535967956      9535971089         3614407          0        500          0          0
   4       17      511     2236      9535971107      9535973343         3617558          0        500          0          0
   4       17      511     2516      9535973371      9535975887         3619822          0        500          0          0
   4       17     4445     5499      9535975908      9535981407         3622359          0        500          0          0
   4       17      511     2496      9535981428      9535983925         3627879          0        500          0          0
   4       17      516     2153      9535983946      9535986099         3630397          0        500          0          0
   4       17      511     1524      9535986116      9535987640         3632567          0        500          0          0
   4       17      518     2834      9535987657      9535990490         3634108          0        500          0          0
   4       17      517     2150      9535990511      9535992661         3636962          0        500          0          0
   4       17      517     2771      9535992680      9535995451         3639131          0        500          0          0
   4       17     2820     7246      9535995474      9536002720         3641925          0        500          0          0
   4       17      519     1091      9536002744      9536003835         3649195          0        500          0          0
   4       17      516     2107      9536003853      9536005960         3650304          0        500          0          0
   4       17      516     2111      9536005985      9536008096         3652436          0        500          0          0
   4       17      511     2615      9536008116      9536010731         3654567          0        500          0          0
   4       17      517     1603      9536010751      9536012354         3657202          0        500          0          0
   4       17      519     2754      9536012933      9536015687         3659384          0        500          0          0
   4       17      517     2656      9536015712      9536018368         3662163          0        500          0          0
   4       17      511     4282      9536018392      9536022673         3664843          0        500          0          0
   4       17      516     2674      9536022726      9536025400         3669177          0        500          0          0
   4       17      511     3387      9536025423      9536028810         3671874          0        500          0          0
   4       17      519     2919      9536028841      9536031760         3675292          0        500          0          0
   4       17      519     3000      9536031788      9536034788         3678239          0        500          0          0
   4       17      547     2624      9536034821      9536037445         3681272          0        500          0          0
   4       17      511     1626      9536037463      9536039089         3683914          0        500          0          0
   4       17      511     2484      9536039107      9536041591         3685558          0        500          0          0
   4       17      538     3034      9536041639      9536044674         3688090          0        500          0          0
   4       17      546     2186      9536044704      9536046890         3691155          0        500          0          0
   4       17      517     2171      9536046906      9536049077         3693357          0        500          0          0
   4       17      511     3761      9536049095      9536052856         3695546          0        500          0          0
   4       17      540     2129      9536052890      9536055020         3699341          0        500          0          0
   4       17      511     2203      9536055043      9536057246         3701494          0        500          0          0
   4       17      511     2456      9536057264      9536059720         3703715          0        500          0          0
   4       17      522     2658      9536059780      9536062439         3706231          0        500          0          0
   4       17      511     2655      9536062463      9536065118         3708914          0        500          0          0
   4       17     1545     2748      9536065143      9536067890         3711593          0        500          0          0
   4       17      517     2747      9536067908      9536070655         3714359          0        500          0          0
   4       17      517     2640      9536070673      9536073313         3717124          0        500          0          0
   4       17      511     2701      9536073331      9536076033         3719782          0        500          0          0
   4       17      511     1711      9536076060      9536077770         3722511          0        500          0          0
   4       17     1599     3754      9536077793      9536081547         3724244          0        500          0          0
   4       17      517     1996      9536081570      9536083566         3728021          0        500          0          0
   4       17      518     3041      9536083584      9536086625         3730035          0        500          0          0
   4       17      517     2241      9536086648      9536088890         3733099          0        500          0          0
   4       17      516     2660      9536088911      9536091571         3735362          0        500          0          0
   4       17      517     2415      9536091595      9536094010         3738046          0        500          0          0
   4       17     2407     6952      9536094029      9536100981         3740480          0        500          0          0
   4       17      511     2599      9536101021      9536103621         3747472          0        500          0          0
   4       17      518     1736      9536103636      9536105372         3750087          0        500          0          0
   4       17      511     3649      9536105392      9536109041         3751843          0        500          0          0
   4       17      511     2128      9536109070      9536111198         3755521          0        500          0          0
   4       17      874     2013      9536111223      9536113236         3757674          0        500          0          0
   4       17      511     2190      9536113260      9536115450         3759711          0        500          0          0
   4       17      511     2544      9536115471      9536118015         3761922          0        500          0          0
   4       17      511     2237      9536118045      9536120282         3764496          0        500          0          0
   4       17      511     2543      9536120312      9536122855         3766763          0        500          0          0
   4       17     2694     4873      9536122886      9536127759         3769337          0        500          0          0
   4       17      519     2721      9536127790      9536130510         3774241          0        500          0          0
   4       17      518     1560      9536130534      9536132094         3776985          0        500          0          0
   4       17     2784     4434      9536132146      9536136580         3778597          0        500          0          0
   4       17      520     3019      9536136603      9536139622         3783054          0        500          0          0
   4       17      516     2131      9536139670      9536141801         3786121          0        500          0          0
   4       17      517     1611      9536141820      9536143431         3788271          0        500          0          0
   4       17      511     2430      9536143450      9536145880         3789901          0        500          0          0
   4       17     1629     2640      9536145906      9536148546         3792357          0        500          0          0
   4       17      519     2643      9536148572      9536151215         3795023          0        500          0          0
   4       17      511     2695      9536151243      9536153938         3797694          0        500          0          0
   4       17     3151     5393      9536153979      9536159372         3800430          0        500          0          0
   4       17      511     2751      9536159406      9536162157         3805857          0        500          0          0
   4       17      511     2805      9536162181      9536164986         3808632          0        500          0          0
   4       17      511     4784      9536165017      9536169802         3811468          0        500          0          0
   4       17      543     2613      9536169832      9536172446         3816283          0        500          0          0
   4       17      511     2042      9536172470      9536174513         3818921          0        500          0          0
   4       17      519     3559      9536174538      9536178097         3820989          0        500          0          0
   4       17      511     2882      9536178117      9536180998         3824568          0        500          0          0
   4       17      511     2179      9536181035      9536183214         3827486          0        500          0          0
   4       17     2757     3911      9536183232      9536187143         3829683          0        500          0          0
   4       17      511     2543      9536187168      9536189711         3833619          0        500          0          0
   4       17      519     2279      9536189735      9536192014         3836186          0        500          0          0
   4       17      511     1600      9536192037      9536193636         3838487          0        500          0          0
   4       17      518     2443      9536193659      9536196102         3840109          0        500          0          0
   4       17      511     2699      9536196127      9536198826         3842577          0        500          0          0
   4       17      519     2614      9536198844      9536201458         3845295          0        500          0          0
   4       17      511     2663      9536201476      9536204138         3847927          0        500          0          0
   4       17      511     3834      9536204160      9536207994         3850611          0        500          0          0
   4       17      511     2590      9536208026      9536210616         3854477          0        500          0          0
   4       17      518     1702      9536210633      9536212335         3857084          0        500          0          0
   4       17     2695     4812      9536212358      9536217171         3858809          0        500          0          0
   4       17      511     3709      9536217196      9536220904         3863647          0        500          0          0
   4       17      520     5361      9536220929      9536226291         3867380          0        500          0          0
   4       17      511     1058      9536226326      9536227384         3872777          0        500          0          0
   4       17      511     2082      9536227403      9536229485         3873854          0        500          0          0
   4       17      520     1832      9536229550      9536231382         3876001          0        500          0          0
   4       17      511     2878      9536231403      9536234281         3877854          0        500          0          0
   4       17      511     2124      9536234306      9536236430         3880757          0        500          0          0
   4       17      511     2632      9536236448      9536239081         3882899          0        500          0          0
   4       17      511     2649      9536239099      9536241748         3885550          0        500          0          0
   4       17     2222     4129      9536242226      9536246355         3888677          0        500          0          0
   4       17     2053     3019      9536246386      9536249404         3892837          0        500          0          0
   4       17      511     2027      9536249429      9536251456         3895880          0        500          0          0
   4       17      511     2080      9536251481      9536253561         3897932          0        500          0          0
   4       17      517     2704      9536253581      9536256284         3900032          0        500          0          0
   4       17      511     2452      9536256300      9536258752         3902751          0        500          0          0
   4       17      520     2678      9536258776      9536261454         3905227          0        500          0          0
   4       17      511     4391      9536261476      9536265868         3907927          0        500          0          0
   4       17      520     2695      9536265901      9536268596         3912352          0        500          0          0
   4       17      520     1870      9536268628      9536270498         3915079          0        500          0          0
   4       17      521     2107      9536270530      9536272637         3916981          0        500          0          0
   4       17      814     2883      9536272662      9536275545         3919113          0        500          0          0
   4       17      517     2610      9536275563      9536278173         3922014          0        500          0          0
   4       17      511     2143      9536278198      9536280341         3924649          0        500          0          0
   4       17      511     4042      9536280359      9536284401         3926810          0        500          0          0
   4       17      511     2655      9536284424      9536287079         3930875          0        500          0          0
   4       17      511     1077      9536287103      9536288180         3933554          0        500          0          0
   4       17      511     2854      9536288194      9536291048         3934645          0        500          0          0
   4       17      511     2813      9536291071      9536293884         3937522          0        500          0          0
   4       17      517     2755      9536293908      9536296663         3940359          0        500          0          0
   4       17      517     2264      9536296708      9536298973         3943159          0        500          0          0
   4       17     4325     5304      9536298997      9536304301         3945448          0        500          0          0
   4       17      511     2667      9536304328      9536306994         3950779          0        500          0          0
   4       17      511     2493      9536307022      9536309515         3953473          0        500          0          0
   4       17      517     1496      9536309531      9536311027         3955982          0        500          0          0
   4       17      511     2815      9536311049      9536313864         3957500          0        500          0          0
   4       17      519     2181      9536313894      9536316074         3960345          0        500          0          0
   4       17      511     2762      9536316091      9536318852         3962542          0        500          0          0
   4       17      521     2728      9536318915      9536321643         3965366          0        500          0          0
   4       17     2347     4431      9536321663      9536326095         3968114          0        500          0          0
   4       17      511     1791      9536326132      9536327923         3972583          0        500          0          0
   4       17     1457     3915      9536327948      9536331864         3974399          0        500          0          0
   4       17      518     2152      9536331888      9536334040         3978339          0        500          0          0
   4       17      511     2049      9536334057      9536336106         3980508          0        500          0          0
   4       17      511     2617      9536336124      9536338741         3982575          0        500          0          0
   4       17      520     2017      9536338758      9536340775         3985209          0        500          0          0
   4       17      517     2681      9536340824      9536343506         3987275          0        500          0          0
   4       17      517     2640      9536343522      9536346162         3989972          0        500          0          0
   4       17     4037     6824      9536346191      9536353016         3992642          0        500          0          0
   4       17      511     1078      9536353040      9536354118         3999491          0        500          0          0
   4       17      511     1278      9536354138      9536355416         4000589          0        500          0          0
   4       17      511     2429      9536355449      9536357878         4001900          0        500          0          0
   4       17      516     2862      9536357902      9536360764         4004353          0        500          0          0
   4       17      521     2747      9536360786      9536363533         4007237          0        500          0          0
   4       17      517     2830      9536363558      9536366387         4010009          0        500          0          0
   4       17      511     2615      9536366409      9536369024         4012860          0        500          0          0
   4       17      511     4615      9536369041      9536373657         4015492          0        500          0          0
   4       17      562     2222      9536373687      9536375909         4020138          0        500          0          0
   4       17      516     2762      9536375949      9536378712         4022400          0        500          0          0
   4       17      517     2028      9536378732      9536380761         4025183          0        500          0          0
   4       17      519     2005      9536380778      9536382783         4027229          0        500          0          0
   4       17     1059     2960      9536382808      9536385768         4029258          0        500          0          0
   4       17      521     2710      9536385793      9536388502         4032243          0        500          0          0
   4       17     4056     4586      9536388523      9536393109         4034974          0        500          0          0
   4       17      511     1084      9536393134      9536394218         4039585          0        500          0          0
   4       17      511     2365      9536394247      9536396613         4040698          0        500          0          0
   4       17      518     2508      9536396631      9536399139         4043082          0        500          0          0
   4       17      511     2970      9536399158      9536402128         4045609          0        500          0          0
   4       17      511     2287      9536402147      9536404434         4048598          0        500          0          0
   4       17      511     2727      9536404452      9536407179         4050903          0        500          0          0
   4       17     3220     4104      9536407205      9536411309         4053656          0        500          0          0
   4       17      511     2097      9536411363      9536413461         4057814          0        500          0          0
   4       17     1499     2530      9536413479      9536416009         4059930          0        500          0          0
   4       17      511     2015      9536416026      9536418041         4062477          0        500          0          0
   4       17      511     1996      9536418073      9536420069         4064524          0        500          0          0
   4       17      511     2773      9536420096      9536422869         4066547          0        500          0          0
   4       17     3208     4689      9536422895      9536427583         4069346          0        500          0          0
   4       17      519     3072      9536427606      9536430679         4074057          0        500          0          0
   4       17      517     1790      9536430704      9536432494         4077155          0        500          0          0
   4       17     1631     4007      9536432518      9536436525         4078969          0        500          0          0
   4       17      519     3040      9536436556      9536439596         4083007          0        500          0          0
   4       17      518     3045      9536439626      9536442670         4086077          0        500          0          0
   4       17      520     2077      9536442702      9536444778         4089153          0        500          0          0
   4       17     1662     4300      9536444803      9536449103         4091254          0        500          0          0
   4       17      511     2620      9536449122      9536451742         4095573          0        500          0          0
   4       17      517     2702      9536451765      9536454467         4098216          0        500          0          0
   4       17      516     2631      9536454489      9536457120         4100940          0        500          0          0
   4       17      511     1874      9536457138      9536459012         4103589          0        500          0          0
   4       17      511     1992      9536459036      9536461028         4105487          0        500          0          0
   4       17      511     2504      9536461052      9536463555         4107503          0        500          0          0
   4       17     3196     5367      9536463579      9536468946         4110030          0        500          0          0
   4       17      518     2554      9536468979      9536471533         4115430          0        500          0          0
   4       17      516     2617      9536471551      9536474168         4118002          0        500          0          0
   4       17      511     1793      9536474186      9536475979         4120637          0        500          0          0
   4       17      519     2326      9536475997      9536478322         4122448          0        500          0          0
   4       17      511     2557      9536478340      9536480897         4124791          0        500          0          0
   4       17      517     2604      9536480914      9536483518         4127365          0        500          0          0
   4       17      517     2477      9536483537      9536486014         4129988          0        500          0          0
   4       17      511     3557      9536486038      9536489595         4132489          0        500          0          0
   4       17      517     2128      9536489618      9536491746         4136069          0        500          0          0
   4       17      517     2399      9536491765      9536494164         4138216          0        500          0          0
   4       17      511     2685      9536494186      9536496870         4140637          0        500          0          0
   4       17      521     2084      9536496895      9536498979         4143346          0        500          0          0
   4       17      518     2574      9536498999      9536501573         4145450          0        500          0          0
   4       17     3456     4022      9536501618      9536505641         4148069          0        500          0          0
   4       17      516     1635      9536505664      9536507300         4152115          0        500          0          0
   4       17     2535     4984      9536507326      9536512310         4153777          0        500          0          0
   4       17      511     3505      9536512340      9536515845         4158791          0        500          0          0
   4       17      519     3185      9536515874      9536519059         4162325          0        500          0          0
   4       17      511     4281      9536519084      9536523365         4165535          0        500          0          0
   4       17      511     2695      9536523398      9536526093         4169849          0        500          0          0
   4       17      511     1795      9536526123      9536527918         4172574          0        500          0          0
   4       17      517     3829      9536527945      9536531774         4174396          0        500          0          0
   4       17      536     2858      9536531798      9536534656         4178249          0        500          0          0
   4       17      517     3199      9536534677      9536537877         4181128          0        500          0          0
   4       17      517     4110      9536537900      9536542009         4184351          0        500          0          0
   4       17      511     2086      9536542028      9536544113         4188479          0        500          0          0
   4       17      511     3236      9536544138      9536547374         4190589          0        500          0          0
   4       17      511     1644      9536547396      9536549040         4193847          0        500          0          0
   4       17      511     2127      9536549059      9536551187         4195510          0        500          0          0
   4       17      511     2317      9536551205      9536553522         4197656          0        500          0          0
   4       17      520     2555      9536553549      9536556105         4200000          0        500          0          0
   4       17      511     2783      9536556127      9536558909         4202577          0        500          0          0
   4       17     3919     5056      9536558932      9536563989         4205383          0        500          0          0
   4       17      511     2638      9536564022      9536566660         4210473          0        500          0          0
   4       17      516     1145      9536566711      9536567856         4213162          0        500          0          0
   4       17      516     2818      9536567874      9536570692         4214325          0        500          0          0
   4       17      517     2657      9536570714      9536573372         4217165          0        500          0          0
   4       17      511     2450      9536573391      9536575841         4219842          0        500          0          0
   4       17      521     2553      9536575870      9536578422         4222321          0        500          0          0
   4       17     2244     6905      9536578447      9536585352         4224898          0        500          0          0
   4       17      511     2184      9536585389      9536587572         4231840          0        500          0          0
   4       17      517     2707      9536587591      9536590298         4234042          0        500          0          0
   4       17      511     2705      9536590332      9536593037         4236783          0        500          0          0
   4       17      511     2079      9536593067      9536595146         4239518          0        500          0          0
   4       17      511     1647      9536595170      9536596817         4241621          0        500          0          0
   4       17      518     2511      9536596845      9536599356         4243296          0        500          0          0
   4       17     2746     4413      9536599408      9536603821         4245859          0        500          0          0
   4       17      517     2632      9536603849      9536606481         4250300          0        500          0          0
   4       17      520     1761      9536606508      9536608269         4252959          0        500          0          0
   4       17      511     2932      9536608295      9536611227         4254746          0        500          0          0
   4       17      511     2143      9536611256      9536613400         4257707          0        500          0          0
   4       17      511     2433      9536613421      9536615854         4259872          0        500          0          0
   4       17     2624     5220      9536615872      9536621092         4262323          0        500          0          0
   4       17      511     2019      9536621126      9536623145         4267577          0        500          0          0
   4       17      511     1603      9536623167      9536624770         4269618          0        500          0          0
   4       17      517     2551      9536624789      9536627340         4271240          0        500          0          0
   4       17      511     2726      9536627363      9536630089         4273814          0        500          0          0
   4       17      511     2330      9536630117      9536632446         4276568          0        500          0          0
   4       17      511     2734      9536632468      9536635202         4278919          0        500          0          0
   4       17      511     3601      9536635220      9536638822         4281671          0        500          0          0
   4       17      546     2063      9536638843      9536640906         4285294          0        500          0          0
   4       17      519     2642      9536640923      9536643565         4287374          0        500          0          0
   4       17      517     2527      9536643611      9536646139         4290062          0        500          0          0
   4       17      511     2436      9536646154      9536648590         4292605          0        500          0          0
   4       17      518     2449      9536648607      9536651056         4295058          0        500          0          0
   4       17      511     3933      9536651076      9536655009         4297527          0        500          0          0
   4       17      511     1855      9536655032      9536656887         4301483          0        500          0          0
   4       17      517     2088      9536656910      9536658997         4303361          0        500          0          0
   4       17      511     2703      9536659027      9536661731         4305478          0        500          0          0
   4       17      519     2243      9536661756      9536663999         4308207          0        500          0          0
   4       17      511     2697      9536664028      9536666725         4310479          0        500          0          0
   4       17      517     2324      9536666745      9536669069         4313196          0        500          0          0
   4       17      511     4615      9536669085      9536673700         4315536          0        500          0          0
   4       17      518     1746      9536673754      9536675500         4320205          0        500          0          0
   4       17      519     2660      9536675522      9536678182         4321973          0        500          0          0
   4       17      511     2634      9536678201      9536680834         4324652          0        500          0          0
   4       17      516     2161      9536680871      9536683032         4327322          0        500          0          0
   4       17      511     2720      9536683055      9536685775         4329506          0        500          0          0
   4       17      521     2719      9536685798      9536688517         4332249          0        500          0          0
   4       17     2660     4239      9536688570      9536692809         4335021          0        500          0          0
   4       17      519     2140      9536692871      9536695011         4339322          0        500          0          0
   4       17      511     2109      9536695036      9536697145         4341487          0        500          0          0
   4       17      511     2394      9536697167      9536699562         4343618          0        500          0          0
   4       17      518     2830      9536699587      9536702417         4346038          0        500          0          0
   4       17      511     2657      9536702436      9536705093         4348887          0        500          0          0
   4       17      511     2750      9536705112      9536707862         4351563          0        500          0          0
   4       17      518     2651      9536707878      9536710530         4354329          0        500          0          0
   4       17     1916     3082      9536710546      9536713627         4356996          0        500          0          0
   4       17      518     2478      9536713648      9536716126         4360099          0        500          0          0
   4       17      511     2500      9536716147      9536718646         4362597          0        500          0          0
   4       17      519     2896      9536718670      9536721566         4365121          0        500          0          0
   4       17      520     2700      9536721598      9536724299         4368049          0        500          0          0
   4       17      511     2693      9536724324      9536727016         4370775          0        500          0          0
   4       17     2155     4045      9536727045      9536731090         4373496          0        500          0          0
   4       17      511     2710      9536731121      9536733831         4377572          0        500          0          0
   4       17      543     2655      9536733858      9536736512         4380309          0        500          0          0
   4       17     2266     3411      9536736538      9536739949         4382989          0        500          0          0
   4       17      518     1983      9536739973      9536741956         4386423          0        500          0          0
   4       17      519     2122      9536741980      9536744102         4388431          0        500          0          0
   4       17     1053     3096      9536744120      9536747216         4390570          0        500          0          0
   4       17      511     2659      9536747244      9536749903         4393695          0        500          0          0
   4       17      519     2703      9536749924      9536752628         4396375          0        500          0          0
   4       17     4472     5048      9536752651      9536757698         4399102          0        500          0          0
   4       17      520     2332      9536757737      9536760069         4404188          0        500          0          0
   4       17      511     1772      9536760097      9536761869         4406548          0        500          0          0
   4       17     1054     3193      9536761900      9536765093         4408351          0        500          0          0
   4       17      511     2189      9536765127      9536767316         4411578          0        500          0          0
   4       17      511     2918      9536767333      9536770251         4413784          0        500          0          0
   4       17     1906     3217      9536770281      9536773498         4416732          0        500          0          0
   4       17      540     2122      9536773518      9536775640         4419968          0        500          0          0
   4       17      517     2618      9536775657      9536778274         4422108          0        500          0          0
   4       17      511     2604      9536778291      9536780895         4424742          0        500          0          0
   4       17      518     2603      9536780952      9536783555         4427403          0        500          0          0
   4       17      516     2232      9536783579      9536785811         4430030          0        500          0          0
   4       17     2304     4818      9536785834      9536790652         4432285          0        500          0          0
   4       17      522     3311      9536790686      9536793997         4437137          0        500          0          0
   4       17      511     2981      9536794029      9536797011         4440480          0        500          0          0
   4       17      511     2594      9536797035      9536799629         4443486          0        500          0          0
   4       17      517     2299      9536799650      9536801950         4446101          0        500          0          0
   4       17      517     2122      9536801983      9536804105         4448434          0        500          0          0
   4       17      511     2653      9536804131      9536806784         4450582          0        500          0          0
   4       17      543     2666      9536806809      9536809475         4453260          0        500          0          0
   4       17     2723     5492      9536809498      9536814990         4455949          0        500          0          0
   4       17      511     2443      9536815021      9536817463         4461472          0        500          0          0
   4       17      521     2741      9536817491      9536820232         4463942          0        500          0          0
   4       17      511     2606      9536820260      9536822866         4466711          0        500          0          0
   4       17      517     2123      9536822890      9536825012         4469341          0        500          0          0
   4       17      511     2170      9536825036      9536827206         4471487          0        500          0          0
   4       17      511     1713      9536827224      9536828937         4473675          0        500          0          0
   4       17      517     3102      9536828954      9536832056         4475405          0        500          0          0
   4       17      511     2587      9536832073      9536834660         4478524          0        500          0          0
   4       17     4592     6654      9536834680      9536841335         4481131          0        500          0          0
   4       17      511     1084      9536841365      9536842449         4487816          0        500          0          0
   4       17      511     1714      9536842469      9536844184         4488920          0        500          0          0
   4       17      511     2144      9536844204      9536846348         4490655          0        500          0          0
   4       17      511     2700      9536846366      9536849067         4492817          0        500          0          0
   4       17      511     2306      9536849084      9536851389         4495535          0        500          0          0
   4       17      511     1666      9536851411      9536853076         4497862          0        500          0          0
   4       17      511     3785      9536853092      9536856877         4499543          0        500          0          0
   4       17      516     2152      9536856915      9536859067         4503366          0        500          0          0
   4       17      511     2130      9536859083      9536861213         4505534          0        500          0          0
   4       17      511     1076      9536861231      9536862307         4507682          0        500          0          0
   4       17      511     1578      9536862322      9536863899         4508773          0        500          0          0
   4       17      518     2135      9536863915      9536866050         4510366          0        500          0          0
   4       17      511     2136      9536866066      9536868202         4512517          0        500          0          0
   4       17      511     2149      9536868257      9536870406         4514708          0        500          0          0
   4       17      511     3247      9536870425      9536873672         4516876          0        500          0          0
   4       17      516     2146      9536873689      9536875835         4520140          0        500          0          0
   4       17      517     1586      9536875850      9536877436         4522301          0        500          0          0
   4       17      511     2129      9536877453      9536879582         4523904          0        500          0          0
   4       17      518     2133      9536879598      9536881731         4526049          0        500          0          0
   4       17      517     2129      9536881748      9536883877         4528199          0        500          0          0
   4       17      517     1597      9536883892      9536885489         4530343          0        500          0          0
   4       17      517     2131      9536885508      9536887638         4531958          0        500          0          0
   4       17     2133     2696      9536887654      9536890350         4534105          0        500          0          0
   4       17      511     1587      9536890368      9536891954         4536818          0        500          0          0
   4       17      516     2133      9536891968      9536894101         4538419          0        500          0          0
   4       17      511     2133      9536894116      9536896250         4540567          0        500          0          0
   4       17      511     2132      9536896265      9536898397         4542716          0        500          0          0
   4       17      511     2146      9536898416      9536900562         4544867          0        500          0          0
   4       17     2127     2690      9536900579      9536903269         4547030          0        500          0          0
   4       17      511     1722      9536903287      9536905009         4549738          0        500          0          0
   4       17     1073     2056      9536905027      9536907084         4551478          0        500          0          0
   4       17     1052     2125      9536907101      9536909227         4553552          0        500          0          0
   4       17      511     2126      9536909242      9536911368         4555693          0        500          0          0
   4       17      511     2123      9536911384      9536913507         4557835          0        500          0          0
   4       17     2119     3196      9536913521      9536916717         4559972          0        500          0          0
   4       17      516     1609      9536916755      9536918364         4563206          0        500          0          0
   4       17      511     2174      9536918381      9536920555         4564832          0        500          0          0
   4       17      517     2124      9536920571      9536922694         4567022          0        500          0          0
   4       17      516     1593      9536922708      9536924301         4569159          0        500          0          0
   4       17      511     2182      9536924317      9536926499         4570768          0        500          0          0
   4       17     2141     4319      9536926515      9536930834         4572966          0        500          0          0
   4       17      517     2164      9536930871      9536933036         4577322          0        500          0          0
   4       17      511     3729      9536933052      9536936781         4579503          0        500          0          0
   4       17      517     1214      9536936795      9536938009         4583246          0        500          0          0
   4       17      511     1903      9536938022      9536939925         4584473          0        500          0          0
   4       17      516     2735      9536939962      9536942697         4586413          0        500          0          0
   4       17      518     2130      9536942743      9536944874         4589194          0        500          0          0
   4       17      517     2665      9536944888      9536947553         4591339          0        500          0          0
   4       17      516     2125      9536947567      9536949692         4594018          0        500          0          0
   4       17      516     2133      9536949707      9536951840         4596158          0        500          0          0
   4       17      517     1093      9536951855      9536952948         4598306          0        500          0          0
   4       17      517     2639      9536952963      9536955602         4599414          0        500          0          0
   4       17      516     2126      9536955616      9536957742         4602067          0        500          0          0
   4       17      517     2127      9536957757      9536959883         4604208          0        500          0          0
   4       17      516     1598      9536959898      9536961496         4606349          0        500          0          0
   4       17     1597     2673      9536961511      9536964184         4607962          0        500          0          0
   4       17      511     1626      9536964199      9536965826         4610650          0        500          0          0
   4       17      517     1614      9536965865      9536967479         4612316          0        500          0          0
   4       17      517     2124      9536967494      9536969618         4613945          0        500          0          0
   4       17      516     2126      9536969633      9536971758         4616084          0        500          0          0
   4       17      516     1772      9536971772      9536973544         4618223          0        500          0          0
   4       17     2520     3623      9536973559      9536977182         4620010          0        500          0          0
   4       17      511     2189      9536977197      9536979387         4623648          0        500          0          0
   4       17      511     1622      9536979402      9536981024         4625853          0        500          0          0
   4       17      511     2125      9536981038      9536983163         4627489          0        500          0          0
   4       17      511     1902      9536983178      9536985080         4629629          0        500          0          0
   4       17      511     1817      9536985096      9536986913         4631547          0        500          0          0
   4       17      516     1592      9536986927      9536988519         4633377          0        500          0          0
   4       17     2665     3776      9536988532      9536992308         4634983          0        500          0          0
   4       17      511     2183      9536992324      9536994507         4638775          0        500          0          0
   4       17      517     2565      9536994524      9536997088         4640975          0        500          0          0
   4       17      511     2248      9536997105      9536999353         4643556          0        500          0          0
   4       17      511     1073      9536999367      9537000440         4645818          0        500          0          0
   4       17      511     1585      9537000454      9537002039         4646905          0        500          0          0
   4       17      513     2130      9537002054      9537004183         4648505          0        500          0          0
   4       17      511     2124      9537004198      9537006322         4650649          0        500          0          0
   4       17      511     2126      9537006336      9537008462         4652787          0        500          0          0
   4       17      511     3730      9537008476      9537012206         4654927          0        500          0          0
   4       17      511     1607      9537012221      9537013828         4658672          0        500          0          0
   4       17      517     1354      9537013874      9537015228         4660325          0        500          0          0
   4       17      511     1878      9537015244      9537017122         4661695          0        500          0          0
   4       17      511     2132      9537017138      9537019270         4663589          0        500          0          0
   4       17      511     2127      9537019285      9537021412         4665736          0        500          0          0
   4       17      511     2128      9537021428      9537023556         4667879          0        500          0          0
   4       17      517     2128      9537023570      9537025698         4670021          0        500          0          0
   4       17     1843     3215      9537025713      9537028928         4672164          0        500          0          0
   4       17      517     2160      9537028944      9537031104         4675395          0        500          0          0
   4       17      511     2129      9537031120      9537033249         4677570          0        500          0          0
   4       17      511     2664      9537033262      9537035926         4679713          0        500          0          0
   4       17      516     2679      9537035941      9537038620         4682392          0        500          0          0
   4       17      516     1596      9537038636      9537040233         4685087          0        500          0          0
   4       17      511     1588      9537040247      9537041835         4686698          0        500          0          0
   4       17      517     2126      9537041849      9537043975         4688300          0        500          0          0
   4       17      516     2130      9537043989      9537046119         4690440          0        500          0          0
   4       17      511     2160      9537046132      9537048292         4692583          0        500          0          0
   4       17      511     1646      9537048307      9537049953         4694758          0        500          0          0
   4       17      517     1587      9537049967      9537051554         4696418          0        500          0          0
   4       17      517     2168      9537051570      9537053738         4698021          0        500          0          0
   4       17      517     2166      9537053771      9537055937         4700222          0        500          0          0
   4       17      516     1603      9537055971      9537057574         4702422          0        500          0          0
   4       17      516     2135      9537057588      9537059723         4704039          0        500          0          0
   4       17      516     2163      9537059738      9537061901         4706189          0        500          0          0
   4       17     1094     2183      9537061919      9537064102         4708370          0        500          0          0
   4       17      511     1594      9537064118      9537065712         4710569          0        500          0          0
   4       17      516     2125      9537065725      9537067850         4712176          0        500          0          0
   4       17      516     2125      9537067864      9537069989         4714315          0        500          0          0
   4       17      511     1586      9537070009      9537071595         4716460          0        500          0          0
   4       17     1053     3225      9537071610      9537074835         4718061          0        500          0          0
   4       17      517     2125      9537074849      9537076974         4721300          0        500          0          0
   4       17      516     2128      9537076988      9537079117         4723439          0        500          0          0
   4       17      511     2414      9537079131      9537081545         4725582          0        500          0          0
   4       17      517     1081      9537081561      9537082642         4728012          0        500          0          0
   4       17      518     1834      9537082690      9537084524         4729141          0        500          0          0
   4       17      516     2138      9537084539      9537086677         4730990          0        500          0          0
   4       17      517     2319      9537086690      9537089009         4733141          0        500          0          0
   4       17     1053     1946      9537089023      9537090969         4735474          0        500          0          0
   4       17      516     1592      9537090985      9537092577         4737435          0        500          0          0
   4       17      517     2138      9537092591      9537094729         4739042          0        500          0          0
   4       17      517     2131      9537094744      9537096876         4741195          0        500          0          0
   4       17      516     1600      9537096890      9537098490         4743341          0        500          0          0
   4       17      516     2133      9537098504      9537100637         4744955          0        500          0          0
   4       17     2665     4279      9537100651      9537104930         4747102          0        500          0          0
   4       17      517     2153      9537104945      9537107098         4751396          0        500          0          0
   4       17      511     2897      9537107112      9537110009         4753563          0        500          0          0
   4       17      511     1298      9537110023      9537111322         4756474          0        500          0          0
   4       17      511     1642      9537111343      9537112985         4757794          0        500          0          0
   4       17      511     3960      9537113051      9537117011         4759502          0        500          0          0
   4       17      511     1596      9537117030      9537118625         4763480          0        500          0          0
   4       17      517     1602      9537118640      9537120242         4765091          0        500          0          0
   4       17      511     2128      9537120257      9537122385         4766708          0        500          0          0
   4       17      511     2765      9537122400      9537125165         4768851          0        500          0          0
   4       17      511     4386      9537125183      9537129569         4771634          0        500          0          0
   4       17      517     1603      9537129588      9537131191         4776039          0        500          0          0
   4       17      511     3805      9537131206      9537135012         4777657          0        500          0          0
   4       17      533     2246      9537135026      9537137272         4781477          0        500          0          0
   4       17     1680     5899      9537137287      9537143186         4783738          0        500          0          0
   4       17      511     1621      9537143204      9537144824         4789655          0        500          0          0
   4       17      516     2132      9537144859      9537146991         4791310          0        500          0          0
   4       17      511     2126      9537147010      9537149136         4793461          0        500          0          0
   4       17      511     1589      9537149150      9537150739         4795601          0        500          0          0
   4       17      516     2181      9537150773      9537152954         4797224          0        500          0          0
   4       17      516     2913      9537152972      9537155885         4799423          0        500          0          0
   4       17      516     5184      9537155932      9537161116         4802383          0        500          0          0
   4       17      511     2728      9537161138      9537163866         4807588          0        500          0          0
   4       17      516     1601      9537163885      9537165486         4810335          0        500          0          0
   4       17      521     2189      9537165564      9537167753         4812015          0        500          0          0
   4       17      518     1605      9537167795      9537169400         4814246          0        500          0          0
   4       17      511     3295      9537169418      9537172713         4815869          0        500          0          0
   4       17      519     2177      9537172738      9537174915         4819189          0        500          0          0
   4       17      516     2814      9537174954      9537177768         4821405          0        500          0          0
   4       17      519     2158      9537177793      9537179951         4824244          0        500          0          0
   4       17     1425     2654      9537179968      9537182621         4826419          0        500          0          0
   4       17      517     2305      9537182636      9537184940         4829087          0        500          0          0
   4       17      517     2819      9537184967      9537187787         4831418          0        500          0          0
   4       17     1097     2226      9537187819      9537190045         4834270          0        500          0          0
   4       17      511     2747      9537190066      9537192812         4836517          0        500          0          0
   4       17      511     4966      9537193379      9537198345         4839830          0        500          0          0
   4       17      511     3874      9537198368      9537202242         4844819          0        500          0          0
   4       17      511     3043      9537202261      9537205304         4848712          0        500          0          0
   4       17      511     2586      9537205333      9537207919         4851784          0        500          0          0
   4       17      519     2058      9537207938      9537209996         4854389          0        500          0          0
   4       17      511     1961      9537210029      9537211990         4856480          0        500          0          0
   4       17      511     2984      9537212016      9537215000         4858467          0        500          0          0
   4       17      511     1569      9537215034      9537216603         4861485          0        500          0          0
   4       17      519     2561      9537216627      9537219188         4863078          0        500          0          0
   4       17      511     2367      9537219211      9537221578         4865662          0        500          0          0
   4       17      517     2710      9537221598      9537224308         4868049          0        500          0          0
   4       17      511     2769      9537224331      9537227100         4870782          0        500          0          0
   4       17      511     4665      9537227124      9537231789         4873575          0        500          0          0
   4       17      519     2283      9537231816      9537234099         4878266          0        500          0          0
   4       17      511     1410      9537234118      9537235528         4880569          0        500          0          0
   4       17      518     2312      9537235555      9537237867         4882005          0        500          0          0
   4       17      517     2483      9537237884      9537240367         4884335          0        500          0          0
   4       17      511     2690      9537240387      9537243078         4886838          0        500          0          0
   4       17      511     2529      9537243095      9537245625         4889546          0        500          0          0
   4       17     3029     6830      9537245644      9537252474         4892095          0        500          0          0
   4       17      519     2085      9537252500      9537254585         4898951          0        500          0          0
   4       17      518     2146      9537254605      9537256752         4901056          0        500          0          0
   4       17      518     2170      9537256803      9537258973         4903254          0        500          0          0
   4       17      511     2733      9537259018      9537261752         4905469          0        500          0          0
   4       17      522     2219      9537261776      9537263995         4908227          0        500          0          0
   4       17      511     2529      9537264040      9537266569         4910491          0        500          0          0
   4       17      518     2421      9537266590      9537269010         4913041          0        500          0          0
   4       17     1491     2753      9537269030      9537271783         4915481          0        500          0          0
   4       17      520     2696      9537271813      9537274509         4918264          0        500          0          0
   4       17      517     2653      9537274532      9537277185         4920983          0        500          0          0
   4       17      511     2122      9537277206      9537279328         4923657          0        500          0          0
   4       17      511     2565      9537279354      9537281918         4925805          0        500          0          0
   4       17     6804     7406      9537281966      9537289372         4928417          0        500          0          0
   4       17     1592     2166      9537289395      9537291562         4935846          0        500          0          0
   4       17      519     1606      9537291583      9537293189         4938034          0        500          0          0
   4       17      511     2251      9537293208      9537295459         4939659          0        500          0          0
   4       17      511     1671      9537295483      9537297154         4941934          0        500          0          0
   4       17      511     2562      9537297177      9537299739         4943628          0        500          0          0
   4       17      517     2969      9537299761      9537302730         4946212          0        500          0          0
   4       17      519     2526      9537302751      9537305277         4949202          0        500          0          0
   4       17     2178     4312      9537305308      9537309620         4951759          0        500          0          0
   4       17      519     2360      9537309647      9537312007         4956098          0        500          0          0
   4       17      511     2048      9537312031      9537314079         4958482          0        500          0          0
   4       17      511     2616      9537314111      9537316727         4960562          0        500          0          0
   4       17      519     2286      9537316749      9537319035         4963200          0        500          0          0
   4       17      511     2965      9537319066      9537322031         4965517          0        500          0          0
   4       17      511     2228      9537322062      9537324290         4968513          0        500          0          0
   4       17      511     4108      9537324313      9537328421         4970764          0        500          0          0
   4       17      511     1622      9537328446      9537330067         4974897          0        500          0          0
   4       17      511     2822      9537330086      9537332909         4976537          0        500          0          0
   4       17      517     2185      9537332955      9537335139         4979406          0        500          0          0
   4       17      511     2848      9537335164      9537338012         4981615          0        500          0          0
   4       17      511     1727      9537338036      9537339763         4984487          0        500          0          0
   4       17     1244     2270      9537339791      9537342061         4986242          0        500          0          0
   4       17      511     2590      9537342083      9537344673         4988534          0        500          0          0
   4       17      517     3066      9537344721      9537347787         4991172          0        500          0          0
   4       17      519     2574      9537347816      9537350390         4994267          0        500          0          0
   4       17      511     2207      9537350409      9537352616         4996860          0        500          0          0
   4       17     5448     6019      9537352639      9537358658         4999090          0        500          0          0
   4       17      520     4906      9537358680      9537363586         5005131          0        500          0          0
   4       17      522     2761      9537363619      9537366380         5010070          0        500          0          0
   4       17      511     1603      9537366407      9537368010         5012858          0        500          0          0
   4       17      511     1109      9537368025      9537369134         5014476          0        500          0          0
   4       17      519     2993      9537369614      9537372607         5016065          0        500          0          0
   4       17      543     2098      9537372633      9537374731         5019084          0        500          0          0
   4       17     1085     3209      9537374756      9537377965         5021207          0        500          0          0
   4       17      517     3048      9537377988      9537381036         5024439          0        500          0          0
   4       17      511     2131      9537381067      9537383199         5027518          0        500          0          0
   4       17      518     1095      9537384507      9537385602         5030958          0        500          0          0
   4       17      522     2764      9537385632      9537388395         5032083          0        500          0          0
   4       17      511     2687      9537388415      9537391103         5034866          0        500          0          0
   4       17      511     2278      9537391126      9537393405         5037577          0        500          0          0
   4       17      511     2979      9537393435      9537396414         5039886          0        500          0          0
   4       17     2800     4421      9537396444      9537400865         5042895          0        500          0          0
   4       17      520     1636      9537400897      9537402533         5047348          0        500          0          0
   4       17      519     2024      9537402558      9537404582         5049009          0        500          0          0
   4       17      519     2725      9537404602      9537407326         5051052          0        500          0          0
   4       17      511     2631      9537407349      9537409980         5053800          0        500          0          0
   4       17     1056     2709      9537410011      9537412720         5056462          0        500          0          0
   4       17      517     2153      9537412737      9537414891         5059188          0        500          0          0
   4       17     3134     3698      9537414914      9537418612         5061365          0        500          0          0
   4       17     1822     3440      9537418636      9537422076         5065087          0        500          0          0
   4       17      511     1645      9537422095      9537423740         5068546          0        500          0          0
   4       17      516     1641      9537423758      9537425398         5070209          0        500          0          0
   4       17     2147     3234      9537425416      9537428650         5071867          0        500          0          0
   4       17      517     2157      9537428690      9537430847         5075141          0        500          0          0
   4       17      517     2163      9537430885      9537433048         5077336          0        500          0          0
   4       17      511     2016      9537433066      9537435082         5079517          0        500          0          0
   4       17      511     1707      9537435136      9537436843         5081587          0        500          0          0
   4       17      517     2128      9537436859      9537438987         5083310          0        500          0          0
   4       17      511     1586      9537439007      9537440593         5085458          0        500          0          0
   4       17      517     2124      9537440609      9537442733         5087060          0        500          0          0
   4       17      517     1794      9537442746      9537444540         5089197          0        500          0          0
   4       17     2460     3537      9537444554      9537448091         5091005          0        500          0          0
   4       17      511     2660      9537448106      9537450766         5094557          0        500          0          0
   4       17      516     2669      9537450783      9537453452         5097234          0        500          0          0
   4       17      511     2127      9537453468      9537455595         5099919          0        500          0          0
   4       17      517     1595      9537455612      9537457207         5102063          0        500          0          0
   4       17      511     1587      9537457222      9537458809         5103673          0        500          0          0
   4       17      516     2126      9537458825      9537460951         5105276          0        500          0          0
   4       17      518     2143      9537460965      9537463108         5107416          0        500          0          0
   4       17      511     1596      9537463124      9537464719         5109575          0        500          0          0
   4       17      519     2129      9537464733      9537466862         5111184          0        500          0          0
   4       17     3197     4841      9537466878      9537471720         5113329          0        500          0          0
   4       17      517     2123      9537471733      9537473856         5118184          0        500          0          0
   4       17      516     3670      9537473872      9537477542         5120323          0        500          0          0
   4       17      516     1118      9537477555      9537478674         5124006          0        500          0          0
   4       17      516     2666      9537478690      9537481356         5125141          0        500          0          0
   4       17      511     2124      9537481372      9537483496         5127823          0        500          0          0
   4       17      516     2729      9537483511      9537486240         5129962          0        500          0          0
   4       17      511     3278      9537486259      9537489537         5132710          0        500          0          0
   4       17      517     1644      9537489555      9537491199         5136006          0        500          0          0
   4       17      511     2139      9537491214      9537493353         5137665          0        500          0          0
   4       17      511     2134      9537493369      9537495503         5139820          0        500          0          0
   4       17      517     2024      9537495519      9537497543         5141970          0        500          0          0
   4       17      518     1600      9537497559      9537499159         5144010          0        500          0          0
   4       17      511     1611      9537499173      9537500784         5145624          0        500          0          0
   4       17     1054     2157      9537500801      9537502958         5147252          0        500          0          0
   4       17      516     1689      9537502991      9537504680         5149442          0        500          0          0
   4       17     2136     3751      9537504696      9537508447         5151147          0        500          0          0
   4       17      511     2127      9537508460      9537510587         5154911          0        500          0          0
   4       17      517     1908      9537510635      9537512543         5157086          0        500          0          0
   4       17      517     1591      9537512556      9537514147         5159007          0        500          0          0
   4       17      511     1636      9537514162      9537515798         5160613          0        500          0          0
   4       17     1590     2152      9537515812      9537517964         5162263          0        500          0          0
   4       17      516     1780      9537517980      9537519759         5164431          0        500          0          0
   4       17     1894     3201      9537519774      9537522975         5166225          0        500          0          0
   4       17      515     2131      9537522993      9537525124         5169444          0        500          0          0
   4       17      511     2128      9537525138      9537527266         5171589          0        500          0          0
   4       17      511     2669      9537527283      9537529952         5173734          0        500          0          0
   4       17      517     1576      9537529967      9537531543         5176418          0        500          0          0
   4       17      517     1622      9537531559      9537533182         5178010          0        500          0          0
   4       17      511     2168      9537533196      9537535364         5179647          0        500          0          0
   4       17      511     2145      9537535380      9537537525         5181831          0        500          0          0
   4       17      516     1590      9537537538      9537539128         5183989          0        500          0          0
   4       17      511     2175      9537539143      9537541318         5185594          0        500          0          0
   4       17      511     2061      9537541332      9537543394         5187783          0        500          0          0
   4       17      511     1690      9537543410      9537545099         5189861          0        500          0          0
   4       17      511     2124      9537545114      9537547238         5191565          0        500          0          0
   4       17      511     1587      9537547254      9537548841         5193704          0        500          0          0
   4       17      517     2131      9537548855      9537550986         5195306          0        500          0          0
   4       17      511     1595      9537551006      9537552601         5197457          0        500          0          0
   4       17     2683     3253      9537552616      9537555868         5199067          0        500          0          0
   4       17      516     2187      9537555885      9537558072         5202336          0        500          0          0
   4       17      511     1605      9537558087      9537559692         5204538          0        500          0          0
   4       17      516     2177      9537559727      9537561904         5206178          0        500          0          0
   4       17      519     2731      9537561941      9537564671         5208391          0        500          0          0
   4       17      517     2132      9537564688      9537566820         5211139          0        500          0          0
   4       17      517     1595      9537566832      9537568427         5213283          0        500          0          0
   4       17      511     1596      9537568443      9537570039         5214894          0        500          0          0
   4       17      511     2128      9537570053      9537572181         5216504          0        500          0          0
   4       17      511     2129      9537572199      9537574328         5218650          0        500          0          0
   4       17      511     1585      9537574342      9537575927         5220793          0        500          0          0
   4       17      517     2131      9537575944      9537578075         5222395          0        500          0          0
   4       17     2127     3052      9537578124      9537581176         5224575          0        500          0          0
   4       17      511     1769      9537581191      9537582960         5227642          0        500          0          0
   4       17      517     2131      9537582974      9537585105         5229425          0        500          0          0
   4       17      511     1590      9537585123      9537586713         5231574          0        500          0          0
   4       17      517     2126      9537586727      9537588853         5233178          0        500          0          0
   4       17      516     2127      9537588869      9537590996         5235320          0        500          0          0
   4       17      511     2066      9537591017      9537593083         5237468          0        500          0          0
   4       17      511     1653      9537593100      9537594753         5239551          0        500          0          0
   4       17      516     2131      9537594768      9537596899         5241219          0        500          0          0
   4       17      516     2136      9537596914      9537599049         5243365          0        500          0          0
   4       17      511     1585      9537599063      9537600648         5245514          0        500          0          0
   4       17      516     2125      9537600664      9537602789         5247115          0        500          0          0
   4       17     1521     2670      9537602802      9537605472         5249253          0        500          0          0
   4       17      511     2166      9537605488      9537607654         5251939          0        500          0          0
   4       17      516     3217      9537607668      9537610885         5254119          0        500          0          0
   4       17      516     2145      9537610920      9537613064         5257370          0        500          0          0
   4       17      511     1930      9537613080      9537615010         5259531          0        500          0          0
   4       17      511     1331      9537615031      9537616361         5261482          0        500          0          0
   4       17      511     2127      9537616377      9537618504         5262828          0        500          0          0
   4       17      516     1592      9537618522      9537620114         5264973          0        500          0          0
   4       17      511     2127      9537620128      9537622255         5266579          0        500          0          0
   4       17      511     2130      9537622272      9537624402         5268723          0        500          0          0
   4       17      511     1592      9537624419      9537626012         5270870          0        500          0          0
   4       17      511     2180      9537626030      9537628211         5272481          0        500          0          0
   4       17      511     2145      9537628230      9537630375         5274681          0        500          0          0
   4       17      511     1632      9537630394      9537632026         5276845          0        500          0          0
   4       17      511     2137      9537632040      9537634177         5278491          0        500          0          0
   4       17      511     2135      9537634195      9537636330         5280646          0        500          0          0
   4       17      511     1589      9537636346      9537637935         5282797          0        500          0          0
   4       17      518     2137      9537637951      9537640088         5284402          0        500          0          0
   4       17      511     2124      9537640102      9537642226         5286553          0        500          0          0
   4       17      511     2128      9537642242      9537644371         5288693          0        500          0          0
   4       17      511     1588      9537644386      9537645974         5290837          0        500          0          0
   4       17     2129     3205      9537646580      9537649786         5293031          0        500          0          0
   4       17      517     2129      9537649800      9537651929         5296251          0        500          0          0
   4       17      516     2686      9537651947      9537654633         5298398          0        500          0          0
   4       17      517     2129      9537654649      9537656778         5301100          0        500          0          0
   4       17      517     1747      9537656795      9537658542         5303246          0        500          0          0
   4       17      516     2000      9537658557      9537660557         5305008          0        500          0          0
   4       17      517     2142      9537660573      9537662716         5307024          0        500          0          0
   4       17      516     1596      9537662731      9537664328         5309182          0        500          0          0
   4       17      511     2135      9537664346      9537666481         5310797          0        500          0          0
   4       17     2127     3046      9537666497      9537669543         5312948          0        500          0          0
   4       17      516     1592      9537669560      9537671152         5316011          0        500          0          0
   4       17      511     1747      9537671167      9537672914         5317618          0        500          0          0
   4       17      516     2135      9537672930      9537675066         5319381          0        500          0          0
   4       17      511     2131      9537675081      9537677212         5321532          0        500          0          0
   4       17      511     1780      9537677229      9537679010         5323680          0        500          0          0
   4       17     5603     6688      9537679041      9537685730         5325492          0        500          0          0
   4       17      517     1597      9537685749      9537687347         5332200          0        500          0          0
   4       17      511     1626      9537687360      9537688987         5333811          0        500          0          0
   4       17      511     2137      9537689031      9537691168         5335482          0        500          0          0
   4       17      511     2133      9537691183      9537693316         5337634          0        500          0          0
   4       17      511     1588      9537693332      9537694920         5339783          0        500          0          0
   4       17      517     6175      9537694934      9537701109         5341385          0        500          0          0
   4       17      511     1602      9537701129      9537702731         5347580          0        500          0          0
   4       17      517     2330      9537702747      9537705077         5349198          0        500          0          0
   4       17      511     1936      9537705094      9537707030         5351545          0        500          0          0
   4       17      511     1660      9537707046      9537708706         5353497          0        500          0          0
   4       17      516     4912      9537708724      9537713635         5355175          0        500          0          0
   4       17      517     3275      9537713659      9537716934         5360110          0        500          0          0
   4       17      516     3217      9537716970      9537720188         5363421          0        500          0          0
   4       17      511     3201      9537720206      9537723407         5366657          0        500          0          0
   4       17      511     6194      9537723423      9537729617         5369874          0        500          0          0
   4       17      516     1615      9537729639      9537731254         5376089          0        500          0          0
   4       17      511     1599      9537731276      9537732875         5377727          0        500          0          0
   4       17      518     2160      9537732922      9537735082         5379373          0        500          0          0
   4       17      511     2126      9537735098      9537737224         5381549          0        500          0          0
   4       17      511     1591      9537737241      9537738831         5383692          0        500          0          0
   4       17      516     2523      9537738846      9537741369         5385297          0        500          0          0
   4       17      511     2205      9537741401      9537743606         5387852          0        500          0          0
   4       17      517     2737      9537743625      9537746362         5390076          0        500          0          0
   4       17      511     2171      9537746377      9537748548         5392828          0        500          0          0
   4       17     3483     4518      9537748567      9537753085         5395017          0        500          0          0
   4       17      511     1595      9537753117      9537754712         5399568          0        500          0          0
   4       17      517     2314      9537754729      9537757044         5401180          0        500          0          0
   4       17      511     2854      9537757066      9537759921         5403517          0        500          0          0
   4       17      517     2623      9537759947      9537762569         5406398          0        500          0          0
   4       17      522     1850      9537762598      9537764447         5409049          0        500          0          0
   4       17     3318     3990      9537764471      9537768461         5410922          0        500          0          0
   4       17     1525     3594      9537768486      9537772080         5414937          0        500          0          0
   4       17      511     2662      9537772103      9537774765         5418554          0        500          0          0
   4       17      519     2022      9537774783      9537776805         5421234          0        500          0          0
   4       17      517     2621      9537776849      9537779470         5423300          0        500          0          0
   4       17      543     2205      9537779490      9537781695         5425940          0        500          0          0
   4       17      516     2494      9537781733      9537784227         5428184          0        500          0          0
   4       17     4608     5705      9537784260      9537789966         5430711          0        500          0          0
   4       17      511     3371      9537790021      9537793392         5436472          0        500          0          0
   4       17      511     3862      9537793416      9537797278         5439867          0        500          0          0
   4       17      511     1083      9537797312      9537798396         5443763          0        500          0          0
   4       17      511     1932      9537798413      9537800345         5444864          0        500          0          0
   4       17      511     2468      9537800364      9537802832         5446814          0        500          0          0
   4       17      520     3097      9537802857      9537805954         5449307          0        500          0          0
   4       17      520     2192      9537805986      9537808178         5452437          0        500          0          0
   4       17      511     2680      9537808195      9537810875         5454646          0        500          0          0
   4       17     2242     3906      9537810912      9537814818         5457363          0        500          0          0
   4       17      519     2113      9537814841      9537816953         5461291          0        500          0          0
   4       17      519     2137      9537816979      9537819116         5463430          0        500          0          0
   4       17      511     2710      9537819142      9537821852         5465593          0        500          0          0
   4       17      517     2706      9537821876      9537824582         5468327          0        500          0          0
   4       17      518     2379      9537824643      9537827022         5471094          0        500          0          0
   4       17      511     3169      9537827046      9537830215         5473497          0        500          0          0
   4       17     1809     4235      9537830238      9537834473         5476688          0        500          0          0
   4       17      515     3042      9537834494      9537837536         5480945          0        500          0          0
   4       17      520     3180      9537837567      9537840747         5484018          0        500          0          0
   4       17      520     3255      9537840766      9537844021         5487217          0        500          0          0
   4       17      511     2629      9537844043      9537846672         5490494          0        500          0          0
   4       17      535     1892      9537846696      9537848588         5493147          0        500          0          0
   4       17     1677     3069      9537848609      9537851679         5495060          0        500          0          0
   4       17      550     2156      9537851717      9537853873         5498168          0        500          0          0
   4       17      790     2991      9537853899      9537856890         5500350          0        500          0          0
   4       17      517     2647      9537856944      9537859591         5503395          0        500          0          0
   4       17      518     1783      9537859613      9537861396         5506064          0        500          0          0
   4       17      518     5510      9537861985      9537867495         5508436          0        500          0          0
   4       17     2676     4099      9537867521      9537871619         5513972          0        500          0          0
   4       17      518     1091      9537871641      9537872732         5518092          0        500          0          0
   4       17      519     2305      9537872751      9537875056         5519202          0        500          0          0
   4       17      511     1658      9537875082      9537876739         5521533          0        500          0          0
   4       17      517     2243      9537876780      9537879023         5523231          0        500          0          0
   4       17      511     4988      9537879042      9537884030         5525493          0        500          0          0
   4       17      511     2523      9537884061      9537886584         5530512          0        500          0          0
   4       17      517     1686      9537886602      9537888288         5533053          0        500          0          0
   4       17      511     2246      9537888313      9537890559         5534764          0        500          0          0
   4       17      522     2814      9537890589      9537893403         5537040          0        500          0          0
   4       17      511     2529      9537893426      9537895955         5539877          0        500          0          0
   4       17      511     2850      9537896012      9537898862         5542463          0        500          0          0
   4       17     2196     4960      9537898893      9537903853         5545344          0        500          0          0
   4       17      517     2361      9537903874      9537906234         5550325          0        500          0          0
   4       17      511     1520      9537906257      9537907777         5552708          0        500          0          0
   4       17      517     3151      9537907797      9537910948         5554248          0        500          0          0
   4       17      521     2106      9537910982      9537913088         5557433          0        500          0          0
   4       17      511     2666      9537913118      9537915784         5559569          0        500          0          0
   4       17      544     2840      9537915812      9537918651         5562263          0        500          0          0
   4       17     3820     4390      9537918716      9537923106         5565167          0        500          0          0
   4       17      511     1748      9537923128      9537924876         5569579          0        500          0          0
   4       17      517     3344      9537924900      9537928244         5571351          0        500          0          0
   4       17      511     1169      9537928269      9537929438         5574720          0        500          0          0
   4       17      511     2691      9537929466      9537932157         5575917          0        500          0          0
   4       17     2217     4402      9537932188      9537936590         5578639          0        500          0          0
   4       17      518     2210      9537936616      9537938825         5583066          0        500          0          0
   4       17      518     1564      9537938845      9537940409         5585296          0        500          0          0
   4       17      511     2557      9537940434      9537942991         5586885          0        500          0          0
   4       17      511     2606      9537943017      9537945624         5589468          0        500          0          0
   4       17      519     2446      9537945655      9537948101         5592106          0        500          0          0
   4       17      511     2606      9537948119      9537950725         5594570          0        500          0          0
   4       17     4306     5319      9537950766      9537956084         5597216          0        500          0          0
   4       17      511     2517      9537956117      9537958635         5602568          0        500          0          0
   4       17      521     3672      9537958660      9537962332         5605111          0        500          0          0
   4       17     2216     2771      9537962358      9537965129         5608809          0        500          0          0
   4       17      511     2746      9537965154      9537967900         5611605          0        500          0          0
   4       17      517     4110      9537967919      9537972030         5614370          0        500          0          0
   4       17      511     2982      9537972052      9537975034         5618503          0        500          0          0
   4       17      511     2737      9537975059      9537977796         5621510          0        500          0          0
   4       17      537     3221      9537977822      9537981043         5624273          0        500          0          0
   4       17      511     3246      9537981064      9537984309         5627514          0        500          0          0
   4       17      511     2428      9537984328      9537986756         5630779          0        500          0          0
   4       17      517     1547      9537986781      9537988328         5633232          0        500          0          0
   4       17      511     2892      9537988347      9537991239         5634798          0        500          0          0
   4       17     2422     3775      9537991263      9537995038         5637714          0        500          0          0
   4       17      511     2328      9537995079      9537997407         5641529          0        500          0          0
   4       17      511     2590      9537997440      9538000031         5643891          0        500          0          0
   4       17      511     2384      9538000056      9538002440         5646507          0        500          0          0
   4       17      511     2549      9538002465      9538005014         5648916          0        500          0          0
   4       17      511     2436      9538005035      9538007471         5651486          0        500          0          0
   4       17     2685     4274      9538007503      9538011778         5653954          0        500          0          0
   4       17      519     1737      9538011808      9538013545         5658259          0        500          0          0
   4       17      517     2688      9538013591      9538016278         5660041          0        500          0          0
   4       17      511     2743      9538016300      9538019043         5662751          0        500          0          0
   4       17      511     2744      9538019067      9538021811         5665518          0        500          0          0
   4       17      517     2153      9538021834      9538023987         5668285          0        500          0          0
   4       17      517     1692      9538025623      9538027315         5672074          0        500          0          0
   4       17      511     2298      9538027339      9538029637         5673790          0        500          0          0
   4       17      516     2288      9538029662      9538031950         5676113          0        500          0          0
   4       17      511     1858      9538033030      9538034888         5679481          0        500          0          0
   4       17      519     2646      9538034918      9538037563         5681368          0        500          0          0
   4       17     4293     4859      9538037608      9538042467         5684059          0        500          0          0
   4       17      520     2486      9538042500      9538044986         5688951          0        500          0          0
   4       17      511     2294      9538045009      9538047303         5691460          0        500          0          0
   4       17      511     2170      9538047328      9538049498         5693779          0        500          0          0
   4       17      517     2564      9538049516      9538052080         5695967          0        500          0          0
   4       17      511     2151      9538052111      9538054263         5698562          0        500          0          0
   4       17      511     2445      9538054289      9538056733         5700740          0        500          0          0
   4       17      517     2653      9538056755      9538059409         5703206          0        500          0          0
   4       17      511     6678      9538059433      9538066112         5705884          0        500          0          0
   4       17      511     2631      9538066146      9538068777         5712597          0        500          0          0
   4       17      543     2645      9538068802      9538071447         5715253          0        500          0          0
   4       17      511     2614      9538071467      9538074082         5717918          0        500          0          0
   4       17      511     2109      9538074101      9538076210         5720552          0        500          0          0
   4       17      511     1759      9538076233      9538077991         5722684          0        500          0          0
   4       17     1420     2951      9538078017      9538080968         5724468          0        500          0          0
   4       17      518     2642      9538080988      9538083631         5727439          0        500          0          0
   4       17      519     2220      9538083657      9538085877         5730107          0        500          0          0
   4       17      517     2430      9538085900      9538088331         5732351          0        500          0          0
   4       17     3902     4473      9538088358      9538092831         5734809          0        500          0          0
   4       17      518     1477      9538092866      9538094343         5739317          0        500          0          0
   4       17     2260     4530      9538094369      9538098899         5740820          0        500          0          0
   4       17      519     2640      9538098923      9538101563         5745374          0        500          0          0
   4       17      518     2551      9538101582      9538104132         5748033          0        500          0          0
   4       17      511     1086      9538104152      9538105238         5750603          0        500          0          0
   4       17     3012     4326      9538105292      9538109619         5751743          0        500          0          0
   4       17      519     1556      9538109649      9538111206         5756100          0        500          0          0
   4       17     1992     2946      9538111230      9538114176         5757681          0        500          0          0
   4       17      511     2675      9538114197      9538116872         5760648          0        500          0          0
   4       17      519     3141      9538116891      9538120032         5763342          0        500          0          0
   4       17      511     2037      9538120065      9538122102         5766516          0        500          0          0
   4       17      511     2898      9538122120      9538125018         5768571          0        500          0          0
   4       17      511     2251      9538125042      9538127293         5771493          0        500          0          0
   4       17      511     2200      9538127324      9538129524         5773775          0        500          0          0
   4       17      517     2566      9538129544      9538132110         5775995          0        500          0          0
   4       17      511     2299      9538132135      9538134434         5778586          0        500          0          0
   4       17      511     2586      9538134469      9538137055         5780920          0        500          0          0
   4       17      511     3629      9538137076      9538140705         5783527          0        500          0          0
   4       17      634     1993      9538140734      9538142727         5787185          0        500          0          0
   4       17      517     2211      9538142754      9538144965         5789205          0        500          0          0
   4       17      517     2935      9538144994      9538147929         5791445          0        500          0          0
   4       17      518     2627      9538147958      9538150585         5794409          0        500          0          0
   4       17      518     2839      9538150603      9538153441         5797054          0        500          0          0
   4       17      511     4390      9538153465      9538157855         5799916          0        500          0          0
   4       17      519     2695      9538157889      9538160584         5804340          0        500          0          0
   4       17      517     2080      9538160608      9538162688         5807059          0        500          0          0
   4       17     2192     4478      9538162713      9538167190         5809163          0        500          0          0
   4       17      511     1720      9538167215      9538168935         5813666          0        500          0          0
   4       17      518     2204      9538168966      9538171169         5815417          0        500          0          0
   4       17      511     2064      9538171192      9538173256         5817643          0        500          0          0
   4       17     2506     5800      9538173281      9538179081         5819732          0        500          0          0
   4       17      511     2714      9538179106      9538181821         5825557          0        500          0          0
   4       17      519     2753      9538181847      9538184600         5828298          0        500          0          0
   4       17      521     3845      9538184628      9538188473         5831079          0        500          0          0
   4       17      521     3883      9538188507      9538192390         5834958          0        500          0          0
   4       17     1661     2231      9538192422      9538194653         5838873          0        500          0          0
   4       17      517     3895      9538194674      9538198569         5841125          0        500          0          0
   4       17      520     1707      9538198605      9538200312         5845056          0        500          0          0
   4       17      511     1379      9538200380      9538201759         5846831          0        500          0          0
   4       17      519     3122      9538201778      9538204900         5848229          0        500          0          0
   4       17      522     2721      9538204921      9538207642         5851372          0        500          0          0
   4       17      519     2666      9538207663      9538210329         5854114          0        500          0          0
   4       17      511     2227      9538210354      9538212581         5856805          0        500          0          0
   4       17     3673     4244      9538212606      9538216850         5859057          0        500          0          0
   4       17      519     2156      9538216884      9538219041         5863335          0        500          0          0
   4       17      511     2827      9538219072      9538221899         5865523          0        500          0          0
   4       17      547     2103      9538221928      9538224031         5868379          0        500          0          0
   4       17      511     2310      9538224060      9538226369         5870511          0        500          0          0
   4       17     2817     4999      9538226395      9538231394         5872845          0        500          0          0
   4       17      511     2112      9538231419      9538233530         5877870          0        500          0          0
   4       17      517     2587      9538233553      9538236140         5880004          0        500          0          0
   4       17      511     1377      9538236165      9538237543         5882616          0        500          0          0
   4       17      517     2204      9538237569      9538239772         5884020          0        500          0          0
   4       17      518     2897      9538239794      9538242691         5886245          0        500          0          0
   4       17      516     3146      9538242716      9538245862         5889167          0        500          0          0
   4       17     2148     4311      9538245885      9538250196         5892336          0        500          0          0
   4       17      511     2144      9538250230      9538252373         5896681          0        500          0          0
   4       17      511     1595      9538252401      9538253996         5898852          0        500          0          0
   4       17      511     2515      9538254033      9538256548         5900484          0        500          0          0
   4       17      517     2809      9538256571      9538259379         5903022          0        500          0          0
   4       17      511     2477      9538259401      9538261878         5905852          0        500          0          0
   4       17      519     2320      9538261910      9538264231         5908361          0        500          0          0
   4       17     2296     5164      9538264817      9538269981         5911268          0        500          0          0
   4       17      511     3288      9538270025      9538273313         5916476          0        500          0          0
   4       17     1677     3865      9538273342      9538277207         5919793          0        500          0          0
   4       17      511     2721      9538277238      9538279959         5923689          0        500          0          0
   4       17      520     1610      9538279979      9538281589         5926430          0        500          0          0
   4       17      518     1926      9538281614      9538283540         5928065          0        500          0          0
   4       17     2314     5317      9538283566      9538288883         5930017          0        500          0          0
   4       17      519     3479      9538288914      9538292392         5935365          0        500          0          0
   4       17     1606     2645      9538292421      9538295066         5938872          0        500          0          0
   4       17      511     3986      9538295129      9538299114         5941580          0        500          0          0
   4       17      511     1565      9538299140      9538300705         5945591          0        500          0          0
   4       17      548     1313      9538300734      9538302047         5947185          0        500          0          0
   4       17      511     3016      9538302066      9538305081         5948517          0        500          0          0
   4       17      511     2292      9538305105      9538307396         5951556          0        500          0          0
   4       17      511     2827      9538307422      9538310250         5953873          0        500          0          0
   4       17      511     2242      9538310272      9538312514         5956723          0        500          0          0
   4       17     4358     4932      9538312541      9538317472         5958992          0        500          0          0
   4       17      517     1535      9538317499      9538319035         5963950          0        500          0          0
   4       17      511     2336      9538319060      9538321395         5965510          0        500          0          0
   4       17      511     2664      9538321418      9538324081         5967869          0        500          0          0
   4       17      511     2496      9538324103      9538326600         5970554          0        500          0          0
   4       17      520     2798      9538326632      9538329430         5973083          0        500          0          0
   4       17      511     4083      9538329452      9538333534         5975902          0        500          0          0
   4       17      517     3201      9538333558      9538336759         5980009          0        500          0          0
   4       17      519     3319      9538336787      9538340106         5983238          0        500          0          0
   4       17      511     3070      9538340140      9538343210         5986591          0        500          0          0
   4       17      511     2618      9538343232      9538345850         5989683          0        500          0          0
   4       17      520     2064      9538345868      9538347932         5992319          0        500          0          0
   4       17     1706     3981      9538347956      9538351937         5994407          0        500          0          0
   4       17      516     4113      9538351963      9538356075         5998414          0        500          0          0
   4       17      511     2534      9538356109      9538358642         6002560          0        500          0          0
   4       17      516     2181      9538358665      9538360847         6005116          0        500          0          0
   4       17      516     1760      9538360885      9538362645         6007336          0        500          0          0
   4       17      523     2217      9538362672      9538364889         6009123          0        500          0          0
   4       17      517     2864      9538364911      9538367774         6011361          0        500          0          0
   4       17      522     2746      9538367807      9538370553         6014258          0        500          0          0
   4       17      522     3448      9538370583      9538374031         6017034          0        500          0          0
   4       17      511     1969      9538374061      9538376029         6020512          0        500          0          0
   4       17      511     2065      9538376055      9538378120         6022506          0        500          0          0
   4       17      511     3077      9538378147      9538381224         6024598          0        500          0          0
   4       17      511     2154      9538381256      9538383409         6027706          0        500          0          0
   4       17      511     2714      9538383433      9538386147         6029884          0        500          0          0
   4       17     4194     4776      9538386210      9538390986         6032661          0        500          0          0
   4       17      511     1681      9538391018      9538392699         6037469          0        500          0          0
   4       17      546     2234      9538392726      9538394959         6039177          0        500          0          0
   4       17      516     2226      9538394981      9538397207         6041432          0        500          0          0
   4       17      511     2162      9538397236      9538399397         6043686          0        500          0          0
   4       17      511     2617      9538399417      9538402034         6045868          0        500          0          0
   4       17     1743     2835      9538402060      9538404895         6048511          0        500          0          0
   4       17      516     2635      9538404918      9538407553         6051369          0        500          0          0
   4       17      517     2100      9538407574      9538409674         6054024          0        500          0          0
   4       17      517     2734      9538409722      9538412457         6056173          0        500          0          0
   4       17     1668     3369      9538412479      9538415848         6058930          0        500          0          0
   4       17      516     1734      9538415871      9538417605         6062322          0        500          0          0
   4       17      516     2231      9538417646      9538419877         6064097          0        500          0          0
   4       17      519     2621      9538419895      9538422515         6066346          0        500          0          0
   4       17      516     2472      9538422540      9538425011         6068991          0        500          0          0
   4       17      511     1895      9538425036      9538426931         6071487          0        500          0          0
   4       17     2390     4662      9538426951      9538431614         6073402          0        500          0          0
   4       17      520     2776      9538431649      9538434425         6078100          0        500          0          0
   4       17      511     3126      9538434457      9538437583         6080908          0        500          0          0
   4       17      517     1797      9538437603      9538439401         6084054          0        500          0          0
   4       17      511     1421      9538439419      9538440839         6085870          0        500          0          0
   4       17      519     2391      9538440865      9538443256         6087316          0        500          0          0
   4       17      511     2650      9538443278      9538445929         6089729          0        500          0          0
   4       17      520     2258      9538445962      9538448220         6092413          0        500          0          0
   4       17      511     2146      9538448240      9538450386         6094691          0        500          0          0
   4       17     1057     2697      9538450405      9538453102         6096856          0        500          0          0
   4       17      511     2391      9538453123      9538455514         6099574          0        500          0          0
   4       17      517     2193      9538455541      9538457734         6101992          0        500          0          0
   4       17      520     2803      9538457776      9538460580         6104227          0        500          0          0
   4       17      518     2241      9538460602      9538462843         6107053          0        500          0          0
   4       17     2104     3471      9538462868      9538466339         6109319          0        500          0          0
   4       17      511     2682      9538466369      9538469051         6112820          0        500          0          0
   4       17      511     2096      9538469075      9538471171         6115526          0        500          0          0
   4       17      511     2138      9538471224      9538473362         6117675          0        500          0          0
   4       17      511     2132      9538473381      9538475513         6119832          0        500          0          0
   4       17      516     2262      9538475529      9538477791         6121980          0        500          0          0
   4       17     3803     5959      9538477843      9538483801         6124294          0        500          0          0
   4       17      520     2740      9538483825      9538486564         6130276          0        500          0          0
   4       17      519     2179      9538486590      9538488769         6133041          0        500          0          0
   4       17      516     1991      9538488806      9538490797         6135257          0        500          0          0
   4       17      517     2214      9538490815      9538493029         6137266          0        500          0          0
   4       17      511     2309      9538493051      9538495360         6139502          0        500          0          0
   4       17      511     1839      9538495386      9538497225         6141837          0        500          0          0
   4       17      511     2845      9538497249      9538500094         6143700          0        500          0          0
   4       17      511     2424      9538500115      9538502539         6146566          0        500          0          0
   4       17     3681     4255      9538502568      9538506822         6149019          0        500          0          0
   4       17      521     1632      9538506851      9538508483         6153302          0        500          0          0
   4       17      517     2688      9538508506      9538511194         6154957          0        500          0          0
   4       17      511     2409      9538511218      9538513627         6157669          0        500          0          0
   4       17      516     2364      9538513652      9538516016         6160103          0        500          0          0
   4       17      511     1917      9538516038      9538517955         6162489          0        500          0          0
   4       17     1895     3569      9538517982      9538521551         6164433          0        500          0          0
   4       17      517     2142      9538521574      9538523716         6168025          0        500          0          0
   4       17     1064     2868      9538523734      9538526602         6170185          0        500          0          0
   4       17      517     1667      9538526626      9538528293         6173077          0        500          0          0
   4       17      511     2245      9538528310      9538530555         6174761          0        500          0          0
   4       17     2152     2719      9538530577      9538533297         6177028          0        500          0          0
   4       17      511     2638      9538533317      9538535955         6179768          0        500          0          0
   4       17      517     2512      9538535980      9538538492         6182431          0        500          0          0
   4       17      518     1961      9538538512      9538540473         6184963          0        500          0          0
   4       17      517     2439      9538540489      9538542928         6186940          0        500          0          0
   4       17      519     2738      9538542960      9538545698         6189411          0        500          0          0
   4       17     2786     3647      9538545722      9538549369         6192173          0        500          0          0
   4       17      511     2898      9538549403      9538552301         6195854          0        500          0          0
   4       17      511     2200      9538552322      9538554523         6198773          0        500          0          0
   4       17      517     2156      9538554546      9538556702         6200997          0        500          0          0
   4       17     2447     4155      9538557306      9538561461         6203757          0        500          0          0
   4       17      511     1552      9538561486      9538563038         6207937          0        500          0          0
   4       17      511     2253      9538563059      9538565312         6209510          0        500          0          0
   4       17     2737     4647      9538565339      9538569987         6211790          0        500          0          0
   4       17      511     2164      9538570031      9538572195         6216482          0        500          0          0
   4       17      511     2869      9538572216      9538575085         6218667          0        500          0          0
   4       17      511     1900      9538575109      9538577009         6221560          0        500          0          0
   4       17      511     2410      9538577028      9538579438         6223478          0        500          0          0
   4       17      511     2272      9538579467      9538581739         6225918          0        500          0          0
   4       17     3221     6989      9538581768      9538588757         6228219          0        500          0          0
   4       17      535     3257      9538588782      9538592039         6235233          0        500          0          0
   4       17      511     2773      9538592076      9538594849         6238527          0        500          0          0
   4       17      519     2155      9538594881      9538597035         6241332          0        500          0          0
   4       17      511     2191      9538597064      9538599255         6243515          0        500          0          0
   4       17      511     1575      9538599274      9538600848         6245725          0        500          0          0
   4       17      522     2384      9538600881      9538603265         6247332          0        500          0          0
   4       17      511     2641      9538603285      9538605926         6249736          0        500          0          0
   4       17      516     2599      9538605968      9538608567         6252419          0        500          0          0
   4       17      516     2445      9538608586      9538611031         6255037          0        500          0          0
   4       17     3810     4377      9538611060      9538615437         6257511          0        500          0          0
   4       17      511     2426      9538615456      9538617883         6261907          0        500          0          0
   4       17      520     2151      9538617915      9538620066         6264366          0        500          0          0
   4       17      511     2718      9538620087      9538622805         6266538          0        500          0          0
   4       17      518     2618      9538622826      9538625444         6269277          0        500          0          0
   4       17      511     2787      9538625469      9538628257         6271920          0        500          0          0
   4       17      511     4488      9538628281      9538632769         6274732          0        500          0          0
   4       17      519     4203      9538632792      9538636996         6279243          0        500          0          0
   4       17      511     2626      9538637029      9538639655         6283480          0        500          0          0
   4       17      517     1448      9538639680      9538641129         6286131          0        500          0          0
   4       17      511     2175      9538641151      9538643326         6287602          0        500          0          0
   4       17      511     2334      9538643346      9538645680         6289797          0        500          0          0
   4       17      517     2461      9538645726      9538648187         6292177          0        500          0          0
   4       17      511     2618      9538648211      9538650829         6294662          0        500          0          0
   4       17      519     2784      9538650876      9538653660         6297327          0        500          0          0
   4       17     3278     4869      9538653685      9538658554         6300136          0        500          0          0
   4       17      518     2752      9538658579      9538661331         6305030          0        500          0          0
   4       17      511     2215      9538661361      9538663576         6307812          0        500          0          0
   4       17      517     2841      9538663598      9538666439         6310049          0        500          0          0
   4       17      511     2205      9538666463      9538668669         6312914          0        500          0          0
   4       17      517     2006      9538668690      9538670696         6315141          0        500          0          0
   4       17      926     2428      9538670717      9538673145         6317168          0        500          0          0
   4       17      511     4324      9538673169      9538677493         6319620          0        500          0          0
   4       17      517     2571      9538677515      9538680086         6323966          0        500          0          0
   4       17      511     2616      9538680106      9538682722         6326557          0        500          0          0
   4       17      517     2166      9538682772      9538684938         6329223          0        500          0          0
   4       17      520     2709      9538684962      9538687671         6331413          0        500          0          0
   4       17      517     2127      9538687695      9538689822         6334146          0        500          0          0
   4       17      519     2136      9538689842      9538691977         6336292          0        500          0          0
   4       17      511     4949      9538692012      9538696961         6338463          0        500          0          0
   4       17      520     2804      9538696986      9538699791         6343437          0        500          0          0
   4       17      519     2726      9538699818      9538702544         6346269          0        500          0          0
   4       17      520     1087      9538702570      9538703657         6349021          0        500          0          0
   4       17      519     2598      9538703674      9538706272         6350125          0        500          0          0
   4       17      511     2630      9538706302      9538708932         6352753          0        500          0          0
   4       17      519     2575      9538708956      9538711530         6355407          0        500          0          0
   4       17      517     2687      9538711548      9538714236         6357999          0        500          0          0
   4       17      511     4711      9538714259      9538718971         6360710          0        500          0          0
   4       17      511     2705      9538719017      9538721722         6365468          0        500          0          0
   4       17      550     2368      9538721754      9538724122         6368205          0        500          0          0
   4       17     1684     3911      9538724153      9538728064         6370604          0        500          0          0
   4       17      511     2057      9538728088      9538730145         6374539          0        500          0          0
   4       17      511     1633      9538730170      9538731802         6376621          0        500          0          0
   4       17      516     2721      9538731841      9538734563         6378292          0        500          0          0
   4       17      517     2751      9538734582      9538737333         6381033          0        500          0          0
   4       17      511     2395      9538737362      9538739757         6383813          0        500          0          0
   4       17      518     2492      9538739774      9538742266         6386225          0        500          0          0
   4       17     5279     5829      9538742314      9538748143         6388765          0        500          0          0
   4       17      511     1720      9538748168      9538749888         6394619          0        500          0          0
   4       17      517     2039      9538749907      9538751946         6396358          0        500          0          0
   4       17      511     2572      9538752014      9538754586         6398465          0        500          0          0
   4       17      517     2036      9538754609      9538756645         6401060          0        500          0          0
   4       17     1067     2781      9538756672      9538759453         6403123          0        500          0          0
   4       17      511     1888      9538759482      9538761370         6405933          0        500          0          0
   4       17      511     4546      9538761391      9538765937         6407842          0        500          0          0
   4       17      516     1563      9538765964      9538767526         6412415          0        500          0          0
   4       17      520     2481      9538767553      9538770033         6414004          0        500          0          0
   4       17      511     2392      9538770057      9538772449         6416508          0        500          0          0
   4       17      511     3102      9538772470      9538775572         6418921          0        500          0          0
   4       17      517     2572      9538775592      9538778164         6422043          0        500          0          0
   4       17      511     5276      9538778180      9538783456         6424631          0        500          0          0
   4       17      511     2092      9538783478      9538785570         6429928          0        500          0          0
   4       17      524     2676      9538785601      9538788276         6432051          0        500          0          0
   4       17     2755     3879      9538788301      9538792180         6434752          0        500          0          0
   4       17      511     2114      9538792204      9538794318         6438655          0        500          0          0
   4       17      511     2143      9538794338      9538796481         6440789          0        500          0          0
   4       17      519     2839      9538796502      9538799341         6442953          0        500          0          0
   4       17      833     2086      9538799368      9538801454         6445819          0        500          0          0
   4       17      511     2705      9538801476      9538804181         6447927          0        500          0          0
   4       17      511     2348      9538804214      9538806562         6450665          0        500          0          0
   4       17     1845     3050      9538806590      9538809640         6453041          0        500          0          0
   4       17      519     2234      9538809666      9538811900         6456117          0        500          0          0
   4       17     1086     2934      9538811929      9538814863         6458380          0        500          0          0
   4       17      517     2165      9538814885      9538817050         6461336          0        500          0          0
   4       17      511     2872      9538817075      9538819947         6463526          0        500          0          0
   4       17     4922     5484      9538819973      9538825457         6466424          0        500          0          0
   4       17      511     2288      9538825481      9538827769         6471932          0        500          0          0
   4       17      520     2272      9538827798      9538830071         6474249          0        500          0          0
   4       17      511     1909      9538830101      9538832010         6476552          0        500          0          0
   4       17      511     2877      9538832029      9538834907         6478480          0        500          0          0
   4       17      518     2320      9538834967      9538837287         6481418          0        500          0          0
   4       17      511     3719      9538837318      9538841037         6483769          0        500          0          0
   4       17      511     1611      9538841071      9538842682         6487522          0        500          0          0
   4       17      517     2182      9538842721      9538844904         6489172          0        500          0          0
   4       17      516     2480      9538844949      9538847429         6491400          0        500          0          0
   4       17     2187     3143      9538847452      9538850595         6493903          0        500          0          0
   4       17     1475     2724      9538850620      9538853344         6497071          0        500          0          0
   4       17      511     2391      9538853366      9538855757         6499817          0        500          0          0
   4       17      517     2791      9538855783      9538858574         6502234          0        500          0          0
   4       17      517     2147      9538858597      9538860744         6505048          0        500          0          0
   4       17     2977     5063      9538860767      9538865830         6507218          0        500          0          0
   4       17      523     3930      9538865862      9538869793         6512313          0        500          0          0
   4       17      517     2896      9538869820      9538872716         6516271          0        500          0          0
   4       17      516     2298      9538872742      9538875040         6519193          0        500          0          0
   4       17      511     2563      9538875066      9538877629         6521517          0        500          0          0
   4       17      517     1443      9538877649      9538879092         6524100          0        500          0          0
   4       17      511     2594      9538879119      9538881713         6525570          0        500          0          0
   4       17      517     2866      9538881732      9538884598         6528183          0        500          0          0
   4       17      517     2300      9538884622      9538886922         6531073          0        500          0          0
   4       17     3556     5270      9538886951      9538892222         6533402          0        500          0          0
   4       17      779     2258      9538892256      9538894514         6538707          0        500          0          0
   4       17      537     1707      9538894536      9538896243         6540987          0        500          0          0
   4       17      511     1650      9538896263      9538897914         6542714          0        500          0          0
   4       17      517     3509      9538897933      9538901442         6544384          0        500          0          0
   4       17      511     2765      9538901466      9538904231         6547917          0        500          0          0
   4       17      511     1674      9538904255      9538905929         6550706          0        500          0          0
   4       17     2735     4679      9538905958      9538910637         6552409          0        500          0          0
   4       17      519     2220      9538910667      9538912887         6557118          0        500          0          0
   4       17      518     1800      9538912913      9538914713         6559364          0        500          0          0
   4       17      517     2947      9538914733      9538917680         6561184          0        500          0          0
   4       17      516     2355      9538917705      9538920060         6564156          0        500          0          0
   4       17      511     2126      9538920084      9538922210         6566535          0        500          0          0
   4       17     3258     5451      9538922797      9538928248         6569248          0        500          0          0
   4       17      511     2209      9538928317      9538930526         6574768          0        500          0          0
   4       17      521     2212      9538930556      9538932768         6577007          0        500          0          0
   4       17      516     2158      9538932789      9538934947         6579240          0        500          0          0
   4       17      517     2214      9538934968      9538937183         6581419          0        500          0          0
   4       17      511     2751      9538937207      9538939958         6583657          0        500          0          0
   4       17      517     2635      9538939988      9538942623         6586439          0        500          0          0
   4       17     4236     5071      9538942644      9538947715         6589095          0        500          0          0
   4       17      520     2602      9538947747      9538950349         6594198          0        500          0          0
   4       17      511     2161      9538950374      9538952535         6596825          0        500          0          0
   4       17      518     2555      9538952555      9538955110         6599006          0        500          0          0
   4       17      511     2446      9538955133      9538957579         6601584          0        500          0          0
   4       17      518     2259      9538957610      9538959869         6604061          0        500          0          0
   4       17      520     2978      9538959906      9538962885         6606357          0        500          0          0
   4       17      518     2116      9538962917      9538965033         6609368          0        500          0          0
   4       17      511     2431      9538965062      9538967493         6611513          0        500          0          0
   4       17      518     2899      9538967524      9538970422         6613975          0        500          0          0
   4       17      511     2233      9538970455      9538972689         6616906          0        500          0          0
   4       17      522     3854      9538972721      9538976575         6619172          0        500          0          0
   4       17     1099     3852      9538976614      9538980466         6623065          0        500          0          0
   4       17      511     3306      9538980488      9538983794         6626939          0        500          0          0
   4       17      516     2308      9538983836      9538986144         6630287          0        500          0          0
   4       17     1085     3408      9538986172      9538989580         6632623          0        500          0          0
   4       17      519     2703      9538989610      9538992313         6636061          0        500          0          0
   4       17      511     2644      9538992339      9538994983         6638790          0        500          0          0
   4       17      511     1599      9538995017      9538996616         6641468          0        500          0          0
   4       17      517     2379      9538996633      9538999012         6643083          0        500          0          0
   4       17      511     2102      9538999036      9539001138         6645487          0        500          0          0
   4       17      511     2729      9539001169      9539003898         6647620          0        500          0          0
   4       17      517     2294      9539003920      9539006214         6650371          0        500          0          0
   4       17     4481     5059      9539006241      9539011299         6652691          0        500          0          0
   4       17      511     1706      9539011329      9539013034         6657780          0        500          0          0
   4       17      511     2003      9539013071      9539015074         6659522          0        500          0          0
   4       17      511     2457      9539015105      9539017562         6661556          0        500          0          0
   4       17      523     2771      9539017631      9539020402         6664082          0        500          0          0
   4       17      511     2766      9539020433      9539023199         6666884          0        500          0          0
   4       17      511     3237      9539023220      9539026457         6669671          0        500          0          0
   4       17      524     1812      9539026492      9539028304         6672943          0        500          0          0
   4       17     2836     4691      9539028325      9539033016         6674776          0        500          0          0
   4       17      511     3535      9539033042      9539036578         6679493          0        500          0          0
   4       17      517     1653      9539036602      9539038254         6683052          0        500          0          0
   4       17      511     2142      9539038272      9539040414         6684723          0        500          0          0
   4       17      511     2198      9539040432      9539042630         6686883          0        500          0          0
   4       17      520     2737      9539042649      9539045386         6689100          0        500          0          0
   4       17      511     2135      9539045413      9539047548         6691864          0        500          0          0
   4       17      517     2277      9539047565      9539049841         6694016          0        500          0          0
   4       17     3531     4575      9539049870      9539054446         6696321          0        500          0          0
   4       17      511     2113      9539054478      9539056592         6700929          0        500          0          0
   4       17      518     2155      9539056612      9539058767         6703063          0        500          0          0
   4       17      521     2832      9539058791      9539061623         6705242          0        500          0          0
   4       17      521     2471      9539061648      9539064120         6708099          0        500          0          0
   4       17      511     2464      9539064141      9539066605         6710592          0        500          0          0
   4       17     3067     3641      9539066633      9539070273         6713084          0        500          0          0
   4       17      511     2681      9539070298      9539072979         6716749          0        500          0          0
   4       17      511     2695      9539073028      9539075724         6719479          0        500          0          0
   4       17      517     2104      9539075776      9539077880         6722227          0        500          0          0
   4       17      519     2604      9539077898      9539080502         6724349          0        500          0          0
   4       17      518     2645      9539080522      9539083167         6726973          0        500          0          0
   4       17      511     2769      9539083186      9539085955         6729637          0        500          0          0
   4       17      520     2202      9539085991      9539088193         6732442          0        500          0          0
   4       17     2325     5214      9539088221      9539093435         6734672          0        500          0          0
   4       17      546     2805      9539093472      9539096278         6739923          0        500          0          0
   4       17      511     1593      9539096302      9539097895         6742753          0        500          0          0
   4       17     1102     3977      9539097925      9539101902         6744376          0        500          0          0
   4       17      519     2363      9539101933      9539104295         6748384          0        500          0          0
   4       17      511     1712      9539104320      9539106032         6750771          0        500          0          0
   4       17      511     2761      9539106084      9539108845         6752535          0        500          0          0
   4       17      511     3146      9539109020      9539112166         6755471          0        500          0          0
   4       17      511     2218      9539112192      9539114410         6758643          0        500          0          0
   4       17      511     2886      9539114429      9539117315         6760880          0        500          0          0
   4       17      511     2214      9539117355      9539119569         6763806          0        500          0          0
   4       17      518     2756      9539119587      9539122343         6766038          0        500          0          0
   4       17      511     2209      9539122363      9539124572         6768814          0        500          0          0
   4       17      521     2675      9539124604      9539127279         6771055          0        500          0          0
   4       17      511     2179      9539127300      9539129480         6773751          0        500          0          0
   4       17     4491     6829      9539129504      9539136332         6775955          0        500          0          0
   4       17      511     1620      9539136368      9539137987         6782819          0        500          0          0
   4       17      511     2139      9539138011      9539140150         6784462          0        500          0          0
   4       17      511     1724      9539140173      9539141897         6786624          0        500          0          0
   4       17      522     2196      9539141931      9539144127         6788382          0        500          0          0
   4       17      511     2665      9539144146      9539146811         6790597          0        500          0          0
   4       17      520     2730      9539146841      9539149571         6793292          0        500          0          0
   4       17      522     2742      9539149600      9539152342         6796051          0        500          0          0
   4       17      511     3960      9539152367      9539156327         6798818          0        500          0          0
   4       17      511     2224      9539156352      9539158576         6802803          0        500          0          0
   4       17      520     2770      9539158601      9539161371         6805052          0        500          0          0
   4       17      511     1628      9539161398      9539163026         6807849          0        500          0          0
   4       17      511     2537      9539163057      9539165593         6809508          0        500          0          0
   4       17      525     2328      9539165621      9539167950         6812072          0        500          0          0
   4       17     1060     2696      9539167976      9539170673         6814427          0        500          0          0
   4       17      516     2741      9539170692      9539173433         6817143          0        500          0          0
   4       17      511     2170      9539173453      9539175624         6819904          0        500          0          0
   4       17      518     2808      9539175647      9539178455         6822098          0        500          0          0
   4       17      511     2823      9539178484      9539181307         6824935          0        500          0          0
   4       17      511     3755      9539181328      9539185083         6827779          0        500          0          0
   4       17      511     1690      9539185118      9539186808         6831569          0        500          0          0
   4       17      517     2938      9539186829      9539189767         6833280          0        500          0          0
   4       17      520     2670      9539189786      9539192456         6836237          0        500          0          0
   4       17      511     2531      9539192480      9539195011         6838931          0        500          0          0
   4       17      511     2152      9539195038      9539197189         6841488          0        500          0          0
   4       17     4293     4860      9539197266      9539202125         6843717          0        500          0          0
   4       17      511     2103      9539202149      9539204252         6848600          0        500          0          0
   4       17     1664     3230      9539204279      9539207508         6850730          0        500          0          0
   4       17      520     2173      9539207533      9539209706         6853984          0        500          0          0
   4       17      517     2836      9539209743      9539212579         6856194          0        500          0          0
   4       17      517     1891      9539212600      9539214492         6859051          0        500          0          0
   4       17      516     2709      9539214513      9539217222         6860964          0        500          0          0
   4       17      511     2622      9539217243      9539219865         6863694          0        500          0          0
   4       17     2518     4232      9539219892      9539224124         6866343          0        500          0          0
   4       17      511     2165      9539224150      9539226315         6870601          0        500          0          0
   4       17      511     2809      9539226340      9539229149         6872791          0        500          0          0
   4       17      511     2780      9539229174      9539231954         6875625          0        500          0          0
   4       17      521     1653      9539231978      9539233631         6878429          0        500          0          0
   4       17      518     2702      9539233653      9539236355         6880104          0        500          0          0
   4       17     4255     4823      9539236387      9539241211         6882838          0        500          0          0
   4       17      511     2700      9539241232      9539243932         6887683          0        500          0          0
   4       17      517     2640      9539243956      9539246596         6890407          0        500          0          0
   4       17      517     2134      9539246617      9539248751         6893068          0        500          0          0
   4       17      516     2143      9539248768      9539250911         6895219          0        500          0          0
   4       17      517     2189      9539250931      9539253120         6897382          0        500          0          0
   4       17      511     2872      9539253146      9539256018         6899597          0        500          0          0
   4       17      511     1729      9539256043      9539257772         6902494          0        500          0          0
   4       17     2490     4149      9539257800      9539261949         6904251          0        500          0          0
   4       17      516     2783      9539261975      9539264758         6908426          0        500          0          0
   4       17      518     2816      9539264784      9539267600         6911235          0        500          0          0
   4       17      517     2163      9539267648      9539269811         6914099          0        500          0          0
   4       17      516     2163      9539269848      9539272011         6916299          0        500          0          0
   4       17      511     3388      9539272030      9539275418         6918481          0        500          0          0
   4       17      511     2595      9539275449      9539278044         6921900          0        500          0          0
   4       17      511     1503      9539278067      9539279570         6924518          0        500          0          0
   4       17     1080     2684      9539279594      9539282278         6926045          0        500          0          0
   4       17      511     2706      9539282305      9539285011         6928756          0        500          0          0
   4       17     2594     3295      9539285036      9539288331         6931487          0        500          0          0
   4       17     2212     4507      9539288394      9539292901         6934845          0        500          0          0
   4       17      517     2284      9539292926      9539295210         6939377          0        500          0          0
   4       17     1397     2976      9539295242      9539298218         6941693          0        500          0          0
   4       17      511     1672      9539298270      9539299942         6944721          0        500          0          0
   4       17      518     2435      9539299969      9539302404         6946420          0        500          0          0
   4       17      511     1742      9539302431      9539304173         6948882          0        500          0          0
   4       17      511     2847      9539304193      9539307040         6950644          0        500          0          0
   4       17      511     2842      9539307065      9539309907         6953516          0        500          0          0
   4       17     2389     4745      9539309932      9539314677         6956383          0        500          0          0
   4       17      518     2478      9539314737      9539317215         6961188          0        500          0          0
   4       17      511     1661      9539317248      9539318909         6963699          0        500          0          0
   4       17      517     2430      9539318931      9539321361         6965382          0        500          0          0
   4       17      511     2598      9539321386      9539323983         6967837          0        500          0          0
   4       17      511     2478      9539324019      9539326497         6970469          0        500          0          0
   4       17      518     2617      9539326522      9539329140         6972973          0        500          0          0
   4       17      511     4812      9539329163      9539333976         6975614          0        500          0          0
   4       17      511     2701      9539334009      9539336710         6980460          0        500          0          0
   4       17      543     3789      9539336735      9539340525         6983186          0        500          0          0
   4       17      517     1824      9539340550      9539342374         6987001          0        500          0          0
   4       17      511     1567      9539342403      9539343970         6988854          0        500          0          0
   4       17      517     2102      9539343987      9539346089         6990438          0        500          0          0
   4       17      511     3233      9539346116      9539349348         6992567          0        500          0          0
   4       17      511     2135      9539349364      9539351499         6995815          0        500          0          0
   4       17      518     3134      9539351524      9539354658         6997975          0        500          0          0
   4       17     3338     3916      9539354676      9539358592         7001127          0        500          0          0
   4       17      518     1774      9539358617      9539360390         7005068          0        500          0          0
   4       17      511     2215      9539360418      9539362634         7006869          0        500          0          0
   4       17     1908     2885      9539362659      9539365544         7009110          0        500          0          0
   4       17      521     2457      9539365572      9539368030         7012023          0        500          0          0
   4       17      511     2836      9539368052      9539370887         7014503          0        500          0          0
   4       17     2270     3118      9539370914      9539374031         7017365          0        500          0          0
   4       17      511     2637      9539374063      9539376699         7020514          0        500          0          0
   4       17      517     2651      9539376745      9539379396         7023196          0        500          0          0
   4       17      511     2602      9539379446      9539382049         7025897          0        500          0          0
   4       17      511     2565      9539382070      9539384635         7028521          0        500          0          0
   4       17      519     2551      9539384659      9539387209         7031110          0        500          0          0
   4       17      518     1220      9539388801      9539390021         7035252          0        500          0          0
   4       17      511     2742      9539390044      9539392785         7036495          0        500          0          0
   4       17      522     2218      9539392807      9539395025         7039258          0        500          0          0
   4       17      511     2708      9539395055      9539397762         7041506          0        500          0          0
   4       17      517     2272      9539397812      9539400084         7044263          0        500          0          0
   4       17     1971     2756      9539400115      9539402871         7046566          0        500          0          0
   4       17      519     3362      9539402890      9539406252         7049341          0        500          0          0
   4       17      511     2165      9539406277      9539408443         7052728          0        500          0          0
   4       17      511     3210      9539408462      9539411672         7054913          0        500          0          0
   4       17      517     2314      9539411698      9539414012         7058149          0        500          0          0
   4       17     2489     3446      9539414032      9539417478         7060483          0        500          0          0
   4       17      517     1924      9539417502      9539419426         7063953          0        500          0          0
   4       17      511     2140      9539419444      9539421584         7065895          0        500          0          0
   4       17      517     2126      9539421600      9539423727         7068051          0        500          0          0
   4       17      517     1596      9539423743      9539425340         7070194          0        500          0          0
   4       17      511     2130      9539425359      9539427489         7071809          0        500          0          0
   4       17     2132     3208      9539427508      9539430716         7073959          0        500          0          0
   4       17      516     1786      9539430762      9539432547         7077213          0        500          0          0
   4       17      516     1432      9539432564      9539433996         7079015          0        500          0          0
   4       17      511     2127      9539434017      9539436144         7080468          0        500          0          0
   4       17      511     2129      9539436158      9539438288         7082609          0        500          0          0
   4       17      511     1588      9539438303      9539439890         7084754          0        500          0          0
   4       17     1596     3210      9539439904      9539443114         7086355          0        500          0          0
   4       17      511     2659      9539443129      9539445788         7089580          0        500          0          0
   4       17      516     2178      9539445802      9539447980         7092253          0        500          0          0
   4       17      511     3269      9539448006      9539451275         7094457          0        500          0          0
   4       17      511     1618      9539451295      9539452913         7097746          0        500          0          0
   4       17      517     1109      9539452928      9539454036         7099379          0        500          0          0
   4       17      511     2662      9539454053      9539456715         7100504          0        500          0          0
   4       17      516     2131      9539456729      9539458860         7103180          0        500          0          0
   4       17      518     1621      9539458919      9539460539         7105370          0        500          0          0
   4       17      516     2144      9539460558      9539462702         7107009          0        500          0          0
   4       17      516     2132      9539462718      9539464850         7109169          0        500          0          0
   4       17     2140     3757      9539464867      9539468624         7111318          0        500          0          0
   4       17      517     2132      9539468643      9539470775         7115094          0        500          0          0
   4       17      517     2123      9539470791      9539472914         7117242          0        500          0          0
   4       17      517     2135      9539472929      9539475064         7119380          0        500          0          0
   4       17      511     1586      9539475078      9539476664         7121529          0        500          0          0
   4       17      517     1610      9539476678      9539478288         7123129          0        500          0          0
   4       17      511     1582      9539478303      9539479886         7124754          0        500          0          0
   4       17     1053     2665      9539479901      9539482566         7126352          0        500          0          0
   4       17      517     2126      9539482582      9539484708         7129032          0        500          0          0
   4       17      517     2138      9539484724      9539486861         7131175          0        500          0          0
   4       17      517     2180      9539486878      9539489058         7133329          0        500          0          0
   4       17      511     1934      9539489076      9539491010         7135527          0        500          0          0
   4       17      511     1725      9539491025      9539492750         7137476          0        500          0          0
   4       17      516     1667      9539492765      9539494431         7139216          0        500          0          0
   4       17      511     2133      9539494447      9539496580         7140898          0        500          0          0
   4       17      517     2125      9539496595      9539498720         7143046          0        500          0          0
   4       17      517     1593      9539498736      9539500329         7145187          0        500          0          0
   4       17      511     2126      9539500343      9539502468         7146794          0        500          0          0
   4       17      511     2127      9539502482      9539504609         7148933          0        500          0          0
   4       17      516     1590      9539504623      9539506213         7151074          0        500          0          0
   4       17      511     2125      9539506228      9539508353         7152679          0        500          0          0
   4       17      511     2123      9539508367      9539510490         7154818          0        500          0          0
   4       17      517     1590      9539510504      9539512094         7156955          0        500          0          0
   4       17      511     2130      9539512108      9539514239         7158559          0        500          0          0
   4       17      511     2122      9539514253      9539516375         7160704          0        500          0          0
   4       17      511     1635      9539516390      9539518026         7162841          0        500          0          0
   4       17      511     2198      9539518044      9539520242         7164495          0        500          0          0
   4       17      511     2218      9539520259      9539522477         7166709          0        500          0          0
   4       17      516     1595      9539522491      9539524086         7168942          0        500          0          0
   4       17      511     2131      9539524100      9539526231         7170551          0        500          0          0
   4       17     2136     3217      9539526280      9539529497         7172731          0        500          0          0
   4       17      516     2135      9539529515      9539531651         7175966          0        500          0          0
   4       17      518     2129      9539531666      9539533796         7178117          0        500          0          0
   4       17      517     1731      9539533812      9539535543         7180263          0        500          0          0
   4       17      517     1996      9539535559      9539537554         7182010          0        500          0          0
   4       17      516     1974      9539537569      9539539543         7184020          0        500          0          0
   4       17     1754     3344      9539539559      9539542903         7186009          0        500          0          0
   4       17      516     1643      9539542918      9539544562         7189369          0        500          0          0
   4       17      517     2122      9539544575      9539546697         7191026          0        500          0          0
   4       17      517     2126      9539546713      9539548839         7193164          0        500          0          0
   4       17      516     2121      9539548853      9539550974         7195304          0        500          0          0
   4       17      516     2669      9539550988      9539553657         7197439          0        500          0          0
   4       17      518     2134      9539553672      9539555806         7200123          0        500          0          0
   4       17      517     2669      9539555822      9539558491         7202273          0        500          0          0
   4       17      516     3045      9539558507      9539561553         7204958          0        500          0          0
   4       17      517     1809      9539561573      9539563381         7208024          0        500          0          0
   4       17      511     1627      9539563398      9539565025         7209849          0        500          0          0
   4       17      511     2149      9539565041      9539567190         7211492          0        500          0          0
   4       17      511     1801      9539567207      9539569008         7213658          0        500          0          0
   4       17      511     1417      9539569023      9539570440         7215474          0        500          0          0
   4       17      511     2130      9539570456      9539572586         7216907          0        500          0          0
   4       17     2056     2674      9539572600      9539575273         7219051          0        500          0          0
   4       17      511     1584      9539575288      9539576872         7221739          0        500          0          0
   4       17      517     2133      9539576885      9539579018         7223336          0        500          0          0
   4       17      511     2124      9539579034      9539581158         7225485          0        500          0          0
   4       17      511     1587      9539581172      9539582759         7227623          0        500          0          0
   4       17      516     2126      9539582773      9539584900         7229224          0        500          0          0
   4       17      516     2137      9539584914      9539587051         7231365          0        500          0          0
   4       17      511     2700      9539587065      9539589765         7233516          0        500          0          0
   4       17      516     2141      9539589779      9539591920         7236230          0        500          0          0
   4       17      516     2716      9539591935      9539594651         7238386          0        500          0          0
   4       17      517     2201      9539594699      9539596900         7241150          0        500          0          0
   4       17      519     1626      9539596920      9539598546         7243371          0        500          0          0
   4       17     2152     3230      9539598599      9539601830         7245050          0        500          0          0
   4       17      516     2683      9539601868      9539604551         7248319          0        500          0          0
   4       17      517     2122      9539604565      9539606687         7251016          0        500          0          0
   4       17      517     2125      9539606703      9539608828         7253154          0        500          0          0
   4       17      517     1590      9539608842      9539610432         7255293          0        500          0          0
   4       17      511     2095      9539610446      9539612542         7256897          0        500          0          0
   4       17      516     1626      9539612556      9539614182         7259007          0        500          0          0
   4       17      511     1637      9539614197      9539615834         7260648          0        500          0          0
   4       17     2119     4293      9539615849      9539620142         7262300          0        500          0          0
   4       17      511     2659      9539620159      9539622819         7266610          0        500          0          0
   4       17      539     2157      9539622834      9539624991         7269285          0        500          0          0
   4       17      511     1593      9539625014      9539626607         7271465          0        500          0          0
   4       17      516     1926      9539626621      9539628547         7273072          0        500          0          0
   4       17      517     1814      9539628563      9539630377         7275014          0        500          0          0
   4       17      511     2170      9539630392      9539632562         7276843          0        500          0          0
   4       17      516     1614      9539632601      9539634215         7279052          0        500          0          0
   4       17      511     2166      9539634229      9539636396         7280680          0        500          0          0
   4       17      511     2144      9539636410      9539638555         7282861          0        500          0          0
   4       17      516     1628      9539638591      9539640219         7285042          0        500          0          0
   4       17      511     2158      9539640236      9539642394         7286687          0        500          0          0
   4       17      511     2147      9539642411      9539644558         7288862          0        500          0          0
   4       17      516     2122      9539644574      9539646696         7291025          0        500          0          0
   4       17      517     2126      9539646711      9539648837         7293162          0        500          0          0
   4       17     1976     3753      9539648853      9539652605         7295304          0        500          0          0
   4       17      517     2130      9539652624      9539654754         7299075          0        500          0          0
   4       17      517     2128      9539654770      9539656897         7301221          0        500          0          0
   4       17      516     1598      9539656912      9539658510         7303363          0        500          0          0
   4       17      516     1595      9539658527      9539660121         7304978          0        500          0          0
   4       17      511     2414      9539660138      9539662552         7306589          0        500          0          0
   4       17      518     1959      9539662575      9539664534         7309026          0        500          0          0
   4       17      517     2142      9539664552      9539666694         7311003          0        500          0          0
   4       17     2135     3212      9539666711      9539669923         7313162          0        500          0          0
   4       17      516     1600      9539669938      9539671538         7316389          0        500          0          0
   4       17      517     2156      9539671584      9539673740         7318035          0        500          0          0
   4       17      515     1614      9539673773      9539675387         7320224          0        500          0          0
   4       17      511     2144      9539675401      9539677544         7321852          0        500          0          0
   4       17      516     4428      9539677591      9539682018         7324042          0        500          0          0
   4       17      511     2156      9539682043      9539684198         7328493          0        500          0          0
   4       17      511     2134      9539684214      9539686348         7330665          0        500          0          0
   4       17      511     2128      9539686363      9539688491         7332814          0        500          0          0
   4       17      516     1590      9539688506      9539690096         7334957          0        500          0          0
   4       17      511     2130      9539690111      9539692240         7336562          0        500          0          0
   4       17      511     3767      9539692255      9539696022         7338706          0        500          0          0
   4       17      511     1605      9539696049      9539697654         7342500          0        500          0          0
   4       17      518     1607      9539697672      9539699278         7344123          0        500          0          0
   4       17     2662     4285      9539699832      9539704116         7346283          0        500          0          0
   4       17      511     2668      9539704135      9539706803         7350586          0        500          0          0
   4       17      517     5394      9539706821      9539712215         7353272          0        500          0          0
   4       17      511     1092      9539712237      9539713329         7358688          0        500          0          0
   4       17      511     2170      9539713346      9539715516         7359796          0        500          0          0
   4       17      516     2132      9539715532      9539717664         7361983          0        500          0          0
   4       17      516     2136      9539717680      9539719816         7364131          0        500          0          0
   4       17      516     2673      9539719832      9539722505         7366283          0        500          0          0
   4       17      516     2568      9539722522      9539725091         7368973          0        500          0          0
   4       17     1890     7328      9539725345      9539732673         7371796          0        500          0          0
   4       17      518     1097      9539732695      9539733792         7379146          0        500          0          0
   4       17      516     1608      9539733806      9539735414         7380257          0        500          0          0
   4       17      511     1080      9539735429      9539736509         7381880          0        500          0          0
   4       17      516     2130      9539736523      9539738653         7382974          0        500          0          0
   4       17      517     2669      9539738669      9539741337         7385120          0        500          0          0
   4       17      511     2533      9539741354      9539743887         7387805          0        500          0          0
   4       17      519     2162      9539743907      9539746068         7390358          0        500          0          0
   4       17      511     5034      9539746087      9539751121         7392538          0        500          0          0
   4       17      511     2010      9539751140      9539753150         7397591          0        500          0          0
   4       17     1835     2947      9539753184      9539756131         7399635          0        500          0          0
   4       17      511     2208      9539756152      9539758361         7402603          0        500          0          0
   4       17     2226     3996      9539758426      9539762422         7404877          0        500          0          0
   4       17     1620     3830      9539762453      9539766282         7408904          0        500          0          0
   4       17     1107     2802      9539766307      9539769109         7412758          0        500          0          0
   4       17      511     1675      9539769141      9539770817         7415592          0        500          0          0
   4       17      518     3112      9539770834      9539773945         7417285          0        500          0          0
   4       17      516     2068      9539773984      9539776052         7420435          0        500          0          0
   4       17      511     2993      9539776072      9539779065         7422523          0        500          0          0
   4       17      511     1970      9539779096      9539781066         7425547          0        500          0          0
   4       17     2136     2703      9539781091      9539783793         7427542          0        500          0          0
   4       17      518     2418      9539783812      9539786230         7430263          0        500          0          0
   4       17      511     3223      9539786258      9539789481         7432709          0        500          0          0
   4       17      516     2509      9539789503      9539792012         7435954          0        500          0          0
   4       17      511     2047      9539792035      9539794082         7438486          0        500          0          0
   4       17      511     1664      9539794114      9539795777         7440565          0        500          0          0
   4       17     1984     3910      9539795805      9539799715         7442255          0        500          0          0
   4       17      517     2647      9539799763      9539802410         7446214          0        500          0          0
   4       17      511     2725      9539802428      9539805153         7448879          0        500          0          0
   4       17      511     2024      9539805174      9539807198         7451625          0        500          0          0
   4       17      511     2687      9539807219      9539809907         7453670          0        500          0          0
   4       17     1612     3846      9539809963      9539813809         7456414          0        500          0          0
   4       17      517     3089      9539813836      9539816925         7460287          0        500          0          0
   4       17      519     2604      9539816956      9539819560         7463407          0        500          0          0
   4       17      520     2085      9539819588      9539821673         7466039          0        500          0          0
   4       17      520     1767      9539821700      9539823467         7468151          0        500          0          0
   4       17     2394     4447      9539823486      9539827932         7469937          0        500          0          0
   4       17      518     2189      9539827958      9539830146         7474408          0        500          0          0
   4       17      511     2719      9539830171      9539832889         7476622          0        500          0          0
   4       17      522     1742      9539832914      9539834657         7479365          0        500          0          0
   4       17     1067     2827      9539834680      9539837507         7481131          0        500          0          0
   4       17      517     2470      9539837526      9539839996         7483977          0        500          0          0
   4       17     2583     3725      9539840032      9539843757         7486483          0        500          0          0
   4       17      517     1977      9539843782      9539845759         7490233          0        500          0          0
   4       17      518     3161      9539845778      9539848939         7492229          0        500          0          0
   4       17      517     2497      9539848993      9539851490         7495444          0        500          0          0
   4       17      524     2771      9539851524      9539854294         7497975          0        500          0          0
   4       17      511     4316      9539854320      9539858635         7500771          0        500          0          0
   4       17      519     3424      9539858659      9539862083         7505110          0        500          0          0
   4       17      511     2564      9539862108      9539864672         7508559          0        500          0          0
   4       17      516     1085      9539864697      9539865782         7511148          0        500          0          0
   4       17      523     3063      9539865803      9539868866         7512254          0        500          0          0
   4       17      517     2070      9539868886      9539870956         7515337          0        500          0          0
   4       17      516     2970      9539870976      9539873946         7517427          0        500          0          0
   4       17      520     2606      9539873968      9539876574         7520419          0        500          0          0
   4       17     3563     4552      9539876622      9539881174         7523073          0        500          0          0
   4       17      511     1076      9539881197      9539882273         7527648          0        500          0          0
   4       17      511     1695      9539882290      9539883985         7528741          0        500          0          0
   4       17     1977     2673      9539884018      9539886691         7530469          0        500          0          0
   4       17      518     2745      9539886721      9539889466         7533172          0        500          0          0
   4       17      517     2868      9539889489      9539892358         7535940          0        500          0          0
   4       17      511     6062      9539892390      9539898452         7538841          0        500          0          0
   4       17      511     1763      9539898478      9539900241         7544929          0        500          0          0
   4       17     1104     1705      9539900275      9539901980         7546726          0        500          0          0
   4       17      533     2500      9539902008      9539904508         7548459          0        500          0          0
   4       17      525     2202      9539904546      9539906748         7550997          0        500          0          0
   4       17      517     1558      9539906803      9539908360         7553254          0        500          0          0
   4       17      511     2713      9539908386      9539911098         7554837          0        500          0          0
   4       17      511     2618      9539911116      9539913734         7557567          0        500          0          0
   4       17     3602     5512      9539913755      9539919267         7560206          0        500          0          0
   4       17      576     2729      9539919301      9539922031         7565752          0        500          0          0
   4       17      511     3688      9539922057      9539925745         7568508          0        500          0          0
   4       17      536     2229      9539925768      9539927997         7572219          0        500          0          0
   4       17      511     2999      9539928031      9539931030         7574482          0        500          0          0
   4       17      511     2244      9539931055      9539933298         7577506          0        500          0          0
   4       17     1711     2876      9539933320      9539936196         7579771          0        500          0          0
   4       17      511     1505      9539936223      9539937728         7582674          0        500          0          0
   4       17      518     3016      9539937753      9539940770         7584204          0        500          0          0
   4       17      520     2714      9539940826      9539943540         7587277          0        500          0          0
   4       17      519     2759      9539943569      9539946329         7590020          0        500          0          0
   4       17      511     2478      9539946348      9539948826         7592799          0        500          0          0
   4       17      511     2100      9539949420      9539951520         7595871          0        500          0          0
   4       17      517     2466      9539951545      9539954011         7597996          0        500          0          0
   4       17      511     2641      9539954034      9539956675         7600485          0        500          0          0
   4       17      517     2543      9539956696      9539959239         7603147          0        500          0          0
   4       17      511     2675      9539959265      9539961940         7605716          0        500          0          0
   4       17     2739     3658      9539961973      9539965631         7608424          0        500          0          0
   4       17      526     2418      9539965661      9539968079         7612112          0        500          0          0
   4       17      511     2406      9539968099      9539970505         7614550          0        500          0          0
   4       17      517     2261      9539970524      9539972785         7616975          0        500          0          0
   4       17      517     2496      9539972811      9539975308         7619262          0        500          0          0
   4       17      511     2597      9539975337      9539977934         7621788          0        500          0          0
   4       17     4161     4942      9539977953      9539982894         7624404          0        500          0          0
   4       17      518     3328      9539982923      9539986251         7629374          0        500          0          0
   4       17      511     3059      9539986280      9539989339         7632731          0        500          0          0
   4       17      511     2200      9539989366      9539991566         7635817          0        500          0          0
   4       17      521     2153      9539991596      9539993749         7638047          0        500          0          0
   4       17      546     2792      9539993776      9539996569         7640227          0        500          0          0
   4       17      521     2258      9539996599      9539998857         7643050          0        500          0          0
   4       17      516     3071      9539998879      9540001949         7645330          0        500          0          0
   4       17      518     2072      9540001982      9540004054         7648433          0        500          0          0
   4       17      511     2811      9540004078      9540006889         7650529          0        500          0          0
   4       17      518     2172      9540006918      9540009090         7653369          0        500          0          0
   4       17      511     2440      9540009108      9540011549         7655559          0        500          0          0
   4       17      517     2657      9540011568      9540014225         7658019          0        500          0          0
   4       17      511     4489      9540014256      9540018745         7660707          0        500          0          0
   4       17      518     2706      9540018810      9540021517         7665261          0        500          0          0
   4       17      520     2742      9540021543      9540024285         7667994          0        500          0          0
   4       17      511     2774      9540024316      9540027090         7670767          0        500          0          0
   4       17      511     2309      9540027120      9540029429         7673571          0        500          0          0
   4       17      511     3098      9540029460      9540032557         7675911          0        500          0          0
   4       17      519     1911      9540032610      9540034520         7679061          0        500          0          0
   4       17      516     2686      9540034541      9540037227         7680992          0        500          0          0
   4       17      511     2626      9540037247      9540039872         7683698          0        500          0          0
   4       17      519     2587      9540039892      9540042479         7686343          0        500          0          0
   4       17      516     2515      9540042498      9540045013         7688949          0        500          0          0
   4       17     2175     3960      9540045037      9540048997         7691488          0        500          0          0
   4       17      511     3064      9540049038      9540052102         7695489          0        500          0          0
   4       17      511     1643      9540052139      9540053781         7698590          0        500          0          0
   4       17      517     3286      9540053802      9540057088         7700252          0        500          0          0
   4       17      511     1647      9540057123      9540058770         7703574          0        500          0          0
   4       17      516     2768      9540058789      9540061557         7705240          0        500          0          0
   4       17     3490     6276      9540061581      9540067857         7708032          0        500          0          0
   4       17      519     3150      9540067882      9540071032         7714333          0        500          0          0
   4       17      511     2448      9540071063      9540073511         7717514          0        500          0          0
   4       17      518     2086      9540073530      9540075616         7719981          0        500          0          0
   4       17      517     1382      9540075630      9540077012         7722081          0        500          0          0
   4       17      511     2531      9540077031      9540079561         7723482          0        500          0          0
   4       17      518     2976      9540079590      9540082566         7726041          0        500          0          0
   4       17      518     2597      9540082589      9540085186         7729040          0        500          0          0
   4       17      511     2765      9540085211      9540087976         7731662          0        500          0          0
   4       17      511     3773      9540088006      9540091780         7734457          0        500          0          0
   4       17      517     1906      9540091805      9540093711         7738256          0        500          0          0
   4       17      518     2162      9540093736      9540095898         7740187          0        500          0          0
   4       17      517     2789      9540095928      9540098716         7742379          0        500          0          0
   4       17      517     2241      9540098750      9540100991         7745201          0        500          0          0
   4       17      511     1897      9540101027      9540102923         7747478          0        500          0          0
   4       17      518     4082      9540102954      9540107037         7749405          0        500          0          0
   4       17      511     2709      9540107060      9540109770         7753511          0        500          0          0
   4       17      517     2806      9540109795      9540112601         7756246          0        500          0          0
   4       17      517     2750      9540112649      9540115399         7759100          0        500          0          0
   4       17      511     1688      9540115423      9540117112         7761874          0        500          0          0
   4       17      511     2223      9540117134      9540119357         7763585          0        500          0          0
   4       17      511     2707      9540119383      9540122090         7765834          0        500          0          0
   4       17     2227     5572      9540122149      9540127722         7768600          0        500          0          0
   4       17      518     1884      9540127747      9540129631         7774198          0        500          0          0
   4       17      536     1119      9540129658      9540130777         7776109          0        500          0          0
   4       17      521     3021      9540130808      9540133829         7777258          0        500          0          0
   4       17      517     2867      9540133854      9540136721         7780305          0        500          0          0
   4       17      517     2148      9540136745      9540138894         7783196          0        500          0          0
   4       17      519     4771      9540138915      9540143686         7785366          0        500          0          0
   4       17      520     3158      9540143710      9540146868         7790161          0        500          0          0
   4       17      536     3808      9540146892      9540150701         7793343          0        500          0          0
   4       17      518     3346      9540150753      9540154099         7797204          0        500          0          0
   4       17      511     1629      9540154122      9540155751         7800573          0        500          0          0
   4       17      517     2103      9540155807      9540157910         7802258          0        500          0          0
   4       17      521     2083      9540157933      9540160016         7804384          0        500          0          0
   4       17     1065     2726      9540160042      9540162768         7806493          0        500          0          0
   4       17      517     2904      9540162795      9540165698         7809246          0        500          0          0
   4       17      523     2738      9540165733      9540168470         7812184          0        500          0          0
   4       17      517     2173      9540168495      9540170668         7814946          0        500          0          0
   4       17      521     2750      9540170697      9540173447         7817148          0        500          0          0
   4       17      511     2614      9540173478      9540176092         7819929          0        500          0          0
   4       17      511     2276      9540176116      9540178392         7822567          0        500          0          0
   4       17      511     2675      9540178418      9540181093         7824869          0        500          0          0
   4       17      511     4223      9540181118      9540185341         7827569          0        500          0          0
   4       17      511     2500      9540185366      9540187865         7831817          0        500          0          0
   4       17      517     3445      9540187890      9540191336         7834341          0        500          0          0
   4       17      511     2808      9540191359      9540194167         7837810          0        500          0          0
   4       17      511     1908      9540194191      9540196099         7840642          0        500          0          0
   4       17      511     1923      9540196119      9540198041         7842569          0        500          0          0
   4       17      511     2389      9540198070      9540200459         7844521          0        500          0          0
   4       17      511     2549      9540200483      9540203032         7846934          0        500          0          0
   4       17      511     2487      9540203056      9540205543         7849507          0        500          0          0
   4       17      521     2753      9540205575      9540208328         7852025          0        500          0          0
   4       17      511     3673      9540208360      9540212033         7854811          0        500          0          0
   4       17      511     1841      9540212065      9540213906         7858516          0        500          0          0
   4       17      520     2749      9540213965      9540216714         7860416          0        500          0          0
   4       17      519     2277      9540216743      9540219020         7863193          0        500          0          0
   4       17      511     2531      9540219045      9540221576         7865496          0        500          0          0
   4       17      518     4066      9540221596      9540225662         7868047          0        500          0          0
   4       17      519     2244      9540225689      9540227933         7872140          0        500          0          0
   4       17      517     2627      9540227957      9540230584         7874408          0        500          0          0
   4       17      518     1635      9540230610      9540232246         7877061          0        500          0          0
   4       17     2807     4495      9540232280      9540236775         7878731          0        500          0          0
   4       17      516     1846      9540236799      9540238646         7883250          0        500          0          0
   4       17      517     1610      9540238668      9540240278         7885119          0        500          0          0
   4       17      511     2840      9540240298      9540243138         7886749          0        500          0          0
   4       17      511     2674      9540243159      9540245833         7889610          0        500          0          0
   4       17      519     2208      9540245855      9540248063         7892306          0        500          0          0
   4       17     1483     3932      9540248085      9540252018         7894536          0        500          0          0
   4       17      511     2320      9540252044      9540254364         7898495          0        500          0          0
   4       17      511     2219      9540254405      9540256624         7900856          0        500          0          0
   4       17      519     2282      9540256656      9540258938         7903106          0        500          0          0
   4       17      518     2833      9540258966      9540261799         7905417          0        500          0          0
   4       17      520     3861      9540261830      9540265691         7908281          0        500          0          0
   4       17      524     1615      9540265725      9540267341         7912176          0        500          0          0
   4       17     1691     3950      9540267362      9540271312         7913813          0        500          0          0
   4       17      511     2779      9540271336      9540274115         7917787          0        500          0          0
   4       17      511     1084      9540274140      9540275224         7920591          0        500          0          0
   4       17      511     3200      9540275242      9540278442         7921693          0        500          0          0
   4       17      511     1674      9540278481      9540280154         7924932          0        500          0          0
   4       17      511     2791      9540280178      9540282969         7926629          0        500          0          0
   4       17     1077     2214      9540282992      9540285206         7929443          0        500          0          0
   4       17      511     2712      9540285227      9540287939         7931678          0        500          0          0
   4       17      518     2163      9540287965      9540290128         7934416          0        500          0          0
   4       17      511     2206      9540290150      9540292357         7936601          0        500          0          0
   4       17      511     2922      9540292379      9540295301         7938830          0        500          0          0
   4       17     3069     4501      9540295334      9540299835         7941785          0        500          0          0
   4       17      520     1911      9540299882      9540301793         7946333          0        500          0          0
   4       17      518     1791      9540301851      9540303642         7948302          0        500          0          0
   4       17      524     2787      9540303679      9540306466         7950130          0        500          0          0
   4       17     2635     3883      9540306489      9540310372         7952940          0        500          0          0
   4       17      511     2098      9540310393      9540312492         7956844          0        500          0          0
   4       17      517     2602      9540312513      9540315115         7958964          0        500          0          0
   4       17      511     2409      9540315135      9540317544         7961586          0        500          0          0
   4       17      517     2512      9540317561      9540320073         7964012          0        500          0          0
   4       17      511     2691      9540320096      9540322787         7966547          0        500          0          0
   4       17     2176     4381      9540322811      9540327191         7969262          0        500          0          0
   4       17      511     2682      9540327224      9540329906         7973675          0        500          0          0
   4       17      520     1706      9540329933      9540331639         7976384          0        500          0          0
   4       17      517     2633      9540331686      9540334319         7978137          0        500          0          0
   4       17      511     2236      9540334343      9540336579         7980794          0        500          0          0
   4       17      518     1773      9540336600      9540338373         7983051          0        500          0          0
   4       17     1598     3135      9540338399      9540341535         7984850          0        500          0          0
   4       17     3107     4735      9540341555      9540346290         7988006          0        500          0          0
   4       17      511     1077      9540346317      9540347394         7992768          0        500          0          0
   4       17      511     2132      9540347413      9540349545         7993864          0        500          0          0
   4       17     1628     3270      9540349570      9540352840         7996021          0        500          0          0
   4       17      516     2607      9540352866      9540355473         7999317          0        500          0          0
   4       17      522     2737      9540355506      9540358243         8001957          0        500          0          0
   4       17      511     3921      9540358266      9540362187         8004717          0        500          0          0
   4       17      511     2178      9540362211      9540364390         8008662          0        500          0          0
   4       17      511     1720      9540364415      9540366134         8010866          0        500          0          0
   4       17      511     2819      9540366153      9540368972         8012604          0        500          0          0
   4       17      511     2572      9540369016      9540371588         8015467          0        500          0          0
   4       17      517     2304      9540371610      9540373914         8018061          0        500          0          0
   4       17     2545     3900      9540373936      9540377836         8020387          0        500          0          0
   4       17      519     2162      9540377869      9540380031         8024320          0        500          0          0
   4       17      511     2684      9540380049      9540382733         8026500          0        500          0          0
   4       17      517     2080      9540382780      9540384860         8029231          0        500          0          0
   4       17      521     2648      9540384885      9540387533         8031336          0        500          0          0
   4       17     1093     2824      9540387565      9540390389         8034016          0        500          0          0
   4       17     2727     6561      9540390451      9540397012         8036902          0        500          0          0
   4       17      511     2165      9540397044      9540399209         8043495          0        500          0          0
   4       17      511     2220      9540399229      9540401449         8045680          0        500          0          0
   4       17      511     2949      9540401476      9540404425         8047927          0        500          0          0
   4       17      511     2254      9540404457      9540406711         8050908          0        500          0          0
   4       17      539     1814      9540406741      9540408555         8053192          0        500          0          0
   4       17     1659     3207      9540408581      9540411788         8055032          0        500          0          0
   4       17      544     2077      9540411819      9540413896         8058270          0        500          0          0
   4       17      519     2621      9540413921      9540416543         8060372          0        500          0          0
   4       17      520     4304      9540416567      9540420870         8063018          0        500          0          0
   4       17      544     3262      9540420905      9540424167         8067356          0        500          0          0
   4       17     2665     3773      9540424193      9540427967         8070644          0        500          0          0
   4       17      519     1586      9540427991      9540429577         8074442          0        500          0          0
   4       17      518     2152      9540429595      9540431747         8076046          0        500          0          0
   4       17      517     2992      9540431765      9540434757         8078216          0        500          0          0
   4       17      517     2299      9540434782      9540437081         8081233          0        500          0          0
   4       17      511     2680      9540437108      9540439788         8083559          0        500          0          0
   4       17      517     2680      9540439812      9540442492         8086262          0        500          0          0
   4       17     4581     5815      9540442517      9540448332         8088968          0        500          0          0
   4       17      511     2731      9540448357      9540451087         8094807          0        500          0          0
   4       17      511     3462      9540451114      9540454576         8097564          0        500          0          0
   4       17      517     2410      9540454603      9540457013         8101054          0        500          0          0
   4       17      511     1474      9540457035      9540458508         8103486          0        500          0          0
   4       17      521     2294      9540458532      9540460825         8104983          0        500          0          0
   4       17      520     2710      9540460858      9540463568         8107309          0        500          0          0
   4       17      546     2845      9540463597      9540466442         8110048          0        500          0          0
   4       17      511     2701      9540466468      9540469169         8112919          0        500          0          0
   4       17      511     2235      9540469193      9540471428         8115644          0        500          0          0
   4       17      511     2831      9540471448      9540474278         8117899          0        500          0          0
   4       17      511     2612      9540474306      9540476918         8120757          0        500          0          0
   4       17      519     2599      9540476943      9540479542         8123394          0        500          0          0
   4       17      516     3143      9540479560      9540482704         8126011          0        500          0          0
   4       17      517     2146      9540482724      9540484870         8129175          0        500          0          0
   4       17      521     3974      9540484941      9540488915         8131392          0        500          0          0
   4       17      518     3304      9540488942      9540492247         8135393          0        500          0          0
   4       17      511     2282      9540492283      9540494565         8138734          0        500          0          0
   4       17      519     2159      9540494594      9540496753         8141045          0        500          0          0
   4       17      550     2289      9540496785      9540499073         8143236          0        500          0          0
   4       17      511     2674      9540499102      9540501776         8145553          0        500          0          0
   4       17     1089     2270      9540501808      9540504078         8148259          0        500          0          0
   4       17      511     4530      9540504102      9540508632         8150553          0        500          0          0
   4       17      521     2955      9540508671      9540511626         8155122          0        500          0          0
   4       17      519     2451      9540511650      9540514101         8158101          0        500          0          0
   4       17      511     2156      9540514126      9540516283         8160577          0        500          0          0
   4       17      511     2776      9540516307      9540519083         8162757          0        500          0          0
   4       17      511     1659      9540519108      9540520767         8165559          0        500          0          0
   4       17      516     2763      9540520787      9540523550         8167238          0        500          0          0
   4       17      520     2342      9540523571      9540525913         8170022          0        500          0          0
   4       17     2273     4911      9540525945      9540530856         8172396          0        500          0          0
   4       17      520     2772      9540530882      9540533653         8177333          0        500          0          0
   4       17      519     2758      9540533677      9540536434         8180127          0        500          0          0
   4       17      511     2700      9540536457      9540539157         8182908          0        500          0          0
   4       17      511     1875      9540539185      9540541060         8185636          0        500          0          0
   4       17      511     2171      9540541079      9540543250         8187530          0        500          0          0
   4       17      511     2778      9540543265      9540546043         8189716          0        500          0          0
   4       17      511     2642      9540546061      9540548703         8192512          0        500          0          0
   4       17     2384     4604      9540548743      9540553347         8195194          0        500          0          0
   4       17      511     2683      9540553373      9540556056         8199824          0        500          0          0
   4       17      511     2725      9540556081      9540558806         8202532          0        500          0          0
   4       17      516     2191      9540558832      9540561023         8205282          0        500          0          0
   4       17      511     1518      9540561043      9540562561         8207494          0        500          0          0
   4       17      517     2457      9540562585      9540565042         8209036          0        500          0          0
   4       17     1602     3040      9540565071      9540568111         8211522          0        500          0          0
   4       17      511     3318      9540568137      9540571455         8214588          0        500          0          0
   4       17     2100     3579      9540571490      9540575069         8217941          0        500          0          0
   4       17      511     1615      9540575105      9540576720         8221556          0        500          0          0
   4       17      516     2235      9540576739      9540578974         8223190          0        500          0          0
   4       17      511     2905      9540579082      9540581987         8225533          0        500          0          0
   4       17      511     2179      9540582021      9540584200         8228472          0        500          0          0
   4       17      511     2814      9540584219      9540587033         8230670          0        500          0          0
   4       17      511     2424      9540587064      9540589488         8233515          0        500          0          0
   4       17     1699     2779      9540589521      9540592300         8235972          0        500          0          0
   4       17      511     2713      9540592321      9540595034         8238772          0        500          0          0
   4       17      511     2315      9540595063      9540597379         8241514          0        500          0          0
   4       17      511     2817      9540597402      9540600219         8243853          0        500          0          0
   4       17      511     4281      9540600242      9540604523         8246693          0        500          0          0
   4       17      518     2462      9540604548      9540607010         8250999          0        500          0          0
   4       17      511     1491      9540607030      9540608520         8253481          0        500          0          0
   4       17      517     2297      9540608539      9540610836         8254990          0        500          0          0
   4       17      518     3053      9540610855      9540613908         8257306          0        500          0          0
   4       17     1058     2171      9540613937      9540616108         8260388          0        500          0          0
   4       17      511     2672      9540616125      9540618797         8262576          0        500          0          0
   4       17     3098     3868      9540618824      9540622692         8265275          0        500          0          0
   4       17      519     2188      9540622722      9540624911         8269173          0        500          0          0
   4       17      516     2281      9540624951      9540627233         8271402          0        500          0          0
   4       17      511     2779      9540627263      9540630042         8273714          0        500          0          0
   4       17      511     2819      9540630072      9540632892         8276523          0        500          0          0
   4       17      547     2709      9540632920      9540635629         8279371          0        500          0          0
   4       17     2735     5238      9540635649      9540640888         8282100          0        500          0          0
   4       17      519     2676      9540640919      9540643596         8287370          0        500          0          0
   4       17      518     1751      9540643620      9540645371         8290071          0        500          0          0
   4       17      511     2188      9540645389      9540647577         8291840          0        500          0          0
   4       17      516     2824      9540647616      9540650439         8294067          0        500          0          0
   4       17      511     2182      9540650458      9540652640         8296909          0        500          0          0
   4       17      517     2917      9540652666      9540655583         8299117          0        500          0          0
   4       17     3584     5806      9540655604      9540661410         8302055          0        500          0          0
   4       17      534     2578      9540661437      9540664015         8307888          0        500          0          0
   4       17      511     2106      9540664041      9540666146         8310492          0        500          0          0
   4       17      511     1841      9540666170      9540668012         8312621          0        500          0          0
   4       17      511     2239      9540668035      9540670274         8314486          0        500          0          0
   4       17     2283     3408      9540670333      9540673741         8316784          0        500          0          0
   4       17      517     2265      9540673760      9540676026         8320211          0        500          0          0
   4       17      511     2193      9540676045      9540678238         8322496          0        500          0          0
   4       17      511     2537      9540678256      9540680793         8324707          0        500          0          0
   4       17     1545     3037      9540680813      9540683850         8327264          0        500          0          0
   4       17      518     2678      9540683873      9540686551         8330324          0        500          0          0
   4       17     3251     3797      9540686577      9540690374         8333028          0        500          0          0
   4       17      511     2008      9540690405      9540692413         8336856          0        500          0          0
   4       17      511     4597      9540692443      9540697040         8338894          0        500          0          0
   4       17      511     2465      9540697076      9540699541         8343527          0        500          0          0
   4       17      517     2149      9540699563      9540701712         8346014          0        500          0          0
   4       17      516     2835      9540701728      9540704563         8348179          0        500          0          0
   4       17      517     2709      9540704582      9540707290         8351033          0        500          0          0
   4       17      511     2189      9540707315      9540709504         8353766          0        500          0          0
   4       17      517     1555      9540709526      9540711080         8355977          0        500          0          0
   4       17     2378     3308      9540711106      9540714414         8357557          0        500          0          0
   4       17      511     2163      9540714434      9540716597         8360885          0        500          0          0
   4       17      517     1595      9540716612      9540718208         8363063          0        500          0          0
   4       17      511     2142      9540718226      9540720368         8364677          0        500          0          0
   4       17      511     2130      9540720384      9540722514         8366835          0        500          0          0
   4       17      516     2016      9540722530      9540724546         8368981          0        500          0          0
   4       17     1714     3363      9540724561      9540727923         8371011          0        500          0          0
   4       17     1595     2694      9540727942      9540730636         8374393          0        500          0          0
   4       17      516     2728      9540730680      9540733408         8377131          0        500          0          0
   4       17      511     2178      9540733429      9540735606         8379880          0        500          0          0
   4       17      517     1627      9540735623      9540737250         8382073          0        500          0          0
   4       17      511     1613      9540737270      9540738882         8383720          0        500          0          0
   4       17      517     1602      9540738897      9540740499         8385348          0        500          0          0
   4       17      517     2157      9540740516      9540742673         8386967          0        500          0          0
   4       17      516     1601      9540742709      9540744310         8389160          0        500          0          0
   4       17      511     2125      9540744325      9540746450         8390776          0        500          0          0
   4       17      511     2127      9540746466      9540748593         8392917          0        500          0          0
   4       17      517     1595      9540748608      9540750203         8395059          0        500          0          0
   4       17      511     2146      9540750254      9540752399         8396704          0        500          0          0
   4       17      511     2127      9540752416      9540754543         8398867          0        500          0          0
   4       17      516     1610      9540754563      9540756173         8401014          0        500          0          0
   4       17      511     2228      9540756191      9540758419         8402642          0        500          0          0
   4       17      511     3268      9540758443      9540761712         8404894          0        500          0          0
   4       17      516     2142      9540761734      9540763876         8408185          0        500          0          0
   4       17      517     2140      9540763895      9540766035         8410346          0        500          0          0
   4       17      511     1955      9540766053      9540768008         8412504          0        500          0          0
   4       17      511     1787      9540768024      9540769812         8414475          0        500          0          0
   4       17     2133     3221      9540769832      9540773052         8416283          0        500          0          0
   4       17      511     1936      9540773072      9540775009         8419523          0        500          0          0
   4       17      511     1588      9540775025      9540776613         8421476          0        500          0          0
   4       17      517     1790      9540776630      9540778421         8423081          0        500          0          0
   4       17      511     2128      9540778437      9540780565         8424888          0        500          0          0
   4       17      517     1595      9540780581      9540782176         8427032          0        500          0          0
   4       17      511     2127      9540782191      9540784317         8428642          0        500          0          0
   4       17      511     3226      9540784334      9540787560         8430785          0        500          0          0
   4       17      517     2126      9540787576      9540789703         8434027          0        500          0          0
   4       17      517     2139      9540789718      9540791857         8436169          0        500          0          0
   4       17      517     2157      9540791873      9540794030         8438324          0        500          0          0
   4       17      511     1610      9540794048      9540795658         8440499          0        500          0          0
   4       17      516     1589      9540795672      9540797261         8442123          0        500          0          0
   4       17      511     2139      9540797276      9540799415         8443727          0        500          0          0
   4       17      511     2127      9540799430      9540801556         8445880          0        500          0          0
   4       17      516     2125      9540801570      9540803695         8448021          0        500          0          0
   4       17      517     1830      9540803711      9540805541         8450162          0        500          0          0
   4       17     1893     3501      9540805555      9540809056         8452006          0        500          0          0
   4       17      511     3826      9540809071      9540812896         8455522          0        500          0          0
   4       17      517     2142      9540812934      9540815076         8459385          0        500          0          0
   4       17      511     1986      9540815092      9540817078         8461543          0        500          0          0
   4       17      511     1735      9540817092      9540818826         8463543          0        500          0          0
   4       17      517     2131      9540818842      9540820973         8465293          0        500          0          0
   4       17      516     1589      9540820987      9540822576         8467438          0        500          0          0
   4       17      517     2164      9540822626      9540824791         8469077          0        500          0          0
   4       17      516     2148      9540824826      9540826974         8471277          0        500          0          0
   4       17      511     1591      9540827015      9540828606         8473466          0        500          0          0
   4       17     2216     3389      9540828620      9540832008         8475071          0        500          0          0
   4       17      511     1510      9540832026      9540833536         8478477          0        500          0          0
   4       17      517     2126      9540833551      9540835677         8480002          0        500          0          0
   4       17      517     1596      9540835692      9540837288         8482143          0        500          0          0
   4       17      511     2127      9540837302      9540839429         8483753          0        500          0          0
   4       17      511     2099      9540839444      9540841543         8485895          0        500          0          0
   4       17     3239     3805      9540841557      9540845362         8488008          0        500          0          0
   4       17      511     1586      9540845376      9540846962         8491827          0        500          0          0
   4       17      516     1591      9540846976      9540848566         8493427          0        500          0          0
   4       17      516     1961      9540848580      9540850541         8495031          0        500          0          0
   4       17      517     1763      9540850555      9540852318         8497006          0        500          0          0
   4       17      511     2127      9540852333      9540854461         8498784          0        500          0          0
   4       17      511     2129      9540854475      9540856604         8500926          0        500          0          0
   4       17     2665     4273      9540856620      9540860892         8503071          0        500          0          0
   4       17      516     2131      9540860909      9540863039         8507360          0        500          0          0
   4       17      511     2662      9540863055      9540865717         8509505          0        500          0          0
   4       17      516     1276      9540865732      9540867008         8512183          0        500          0          0
   4       17     1371     2992      9540867022      9540870014         8513473          0        500          0          0
   4       17      511     2132      9540870028      9540872160         8516479          0        500          0          0
   4       17      511     2123      9540872174      9540874297         8518625          0        500          0          0
   4       17      511     2660      9540874311      9540876972         8520762          0        500          0          0
   4       17      518     2716      9540876987      9540879704         8523438          0        500          0          0
   4       17      517     1592      9540879720      9540881312         8526171          0        500          0          0
   4       17      511     1589      9540881327      9540882916         8527778          0        500          0          0
   4       17      517     2080      9540882929      9540885009         8529380          0        500          0          0
   4       17      511     1647      9540885024      9540886670         8531475          0        500          0          0
   4       17      516     2150      9540886684      9540888834         8533135          0        500          0          0
   4       17      517     2152      9540888868      9540891020         8535319          0        500          0          0
   4       17      511     2134      9540891035      9540893169         8537486          0        500          0          0
   4       17      511     1583      9540893184      9540894766         8539634          0        500          0          0
   4       17      517     2164      9540894825      9540896989         8541276          0        500          0          0
   4       17      511     2055      9540897028      9540899083         8543479          0        500          0          0
   4       17      511     1723      9540899097      9540900821         8545548          0        500          0          0
   4       17     2151     3159      9540900838      9540903996         8547289          0        500          0          0
   4       17      511     1673      9540904020      9540905692         8550471          0        500          0          0
   4       17      516     2122      9540905707      9540907828         8552158          0        500          0          0
   4       17      517     2124      9540907842      9540909966         8554293          0        500          0          0
   4       17      517     2129      9540909980      9540912110         8556431          0        500          0          0
   4       17      511     1886      9540912123      9540914009         8558574          0        500          0          0
   4       17     1824     3436      9540914023      9540917460         8560474          0        500          0          0
   4       17      511     2128      9540917474      9540919601         8563924          0        500          0          0
   4       17      517     2132      9540919617      9540921749         8566068          0        500          0          0
   4       17      516     1245      9540921763      9540923008         8568214          0        500          0          0
   4       17      511     1942      9540923023      9540924965         8569474          0        500          0          0
   4       17      516     2031      9540924979      9540927009         8571429          0        500          0          0
   4       17      511     1695      9540927023      9540928718         8573474          0        500          0          0
   4       17     2130     3747      9540928732      9540932479         8575183          0        500          0          0
   4       17      516     2128      9540932494      9540934622         8578945          0        500          0          0
   4       17      517     2125      9540934636      9540936761         8581087          0        500          0          0
   4       17      517     2129      9540936777      9540938906         8583228          0        500          0          0
   4       17      517     1594      9540938921      9540940515         8585371          0        500          0          0
   4       17      518     1598      9540940530      9540942128         8586981          0        500          0          0
   4       17      511     2137      9540942142      9540944279         8588593          0        500          0          0
   4       17      511     2125      9540944293      9540946418         8590744          0        500          0          0
   4       17      511     1595      9540946431      9540948027         8592882          0        500          0          0
   4       17      511     3762      9540948041      9540951802         8594491          0        500          0          0
   4       17      517     1634      9540951848      9540953482         8598299          0        500          0          0
   4       17      516     1595      9540953497      9540955092         8599948          0        500          0          0
   4       17      511     1903      9540955106      9540957009         8601557          0        500          0          0
   4       17      511     1822      9540957023      9540958846         8603474          0        500          0          0
   4       17      516     2129      9540958859      9540960988         8605310          0        500          0          0
   4       17      511     2138      9540961007      9540963145         8607458          0        500          0          0
   4       17      511     3218      9540963162      9540966380         8609613          0        500          0          0
   4       17      511     2128      9540966429      9540968557         8612880          0        500          0          0
   4       17      519     2753      9540968571      9540971323         8615022          0        500          0          0
   4       17      511     3790      9540971338      9540975128         8617789          0        500          0          0
   4       17      511     1076      9540975149      9540976226         8621600          0        500          0          0
   4       17      511     1606      9540976244      9540977850         8622694          0        500          0          0
   4       17      516     3175      9540977862      9540981037         8624313          0        500          0          0
   4       17      511     1614      9540981055      9540982669         8627506          0        500          0          0
   4       17      516     1620      9540982702      9540984322         8629153          0        500          0          0
   4       17      511     2721      9540984335      9540987057         8630786          0        500          0          0
   4       17      511     7581      9540987072      9540994653         8633523          0        500          0          0
   4       17      517     1600      9540994675      9540996275         8641125          0        500          0          0
   4       17      511     1600      9540996290      9540997890         8642741          0        500          0          0
   4       17      516     1600      9540997906      9540999506         8644357          0        500          0          0
   4       17      517     2138      9540999519      9541001657         8645970          0        500          0          0
   4       17      517     1597      9541001673      9541003271         8648124          0        500          0          0
   4       17      511     2132      9541003285      9541005418         8649736          0        500          0          0
   4       17      511     3147      9541005434      9541008581         8651885          0        500          0          0
   4       17      517     1620      9541008599      9541010220         8655050          0        500          0          0
   4       17      511     2714      9541010236      9541012950         8656687          0        500          0          0
   4       17      516     3489      9541012982      9541016471         8659433          0        500          0          0
   4       17      516     1600      9541016493      9541018093         8662944          0        500          0          0
   4       17      511     6462      9541018109      9541024572         8664560          0        500          0          0
   4       17      519     1616      9541024589      9541026204         8671040          0        500          0          0
   4       17      511     2134      9541026219      9541028353         8672670          0        500          0          0
   4       17      511     2673      9541028370      9541031043         8674820          0        500          0          0
   4       17      511     2141      9541031059      9541033201         8677510          0        500          0          0
   4       17      511     2199      9541033219      9541035419         8679670          0        500          0          0
   4       17      511     1597      9541035435      9541037032         8681886          0        500          0          0
   4       17      511     2870      9541037048      9541039918         8683499          0        500          0          0
   4       17      516     3177      9541039937      9541043114         8686388          0        500          0          0
   4       17      511     2122      9541043128      9541045250         8689579          0        500          0          0
   4       17      511     2312      9541045263      9541047574         8691714          0        500          0          0
   4       17     2368     4554      9541047590      9541052144         8694041          0        500          0          0
   4       17     2130     3371      9541052216      9541055588         8698667          0        500          0          0
   4       17      516     3808      9541055610      9541059418         8702060          0        500          0          0
   4       17      511     1631      9541059439      9541061071         8705890          0        500          0          0
   4       17      511     2248      9541061087      9541063335         8707538          0        500          0          0
   4       17      511     2228      9541063359      9541065587         8709810          0        500          0          0
   4       17     2602     3755      9541065614      9541069369         8712065          0        500          0          0
   4       17      511     2281      9541069393      9541071673         8715843          0        500          0          0
   4       17      545     2669      9541071700      9541074369         8718151          0        500          0          0
   4       17      511     2641      9541074385      9541077027         8720836          0        500          0          0
   4       17      511     2576      9541077044      9541079620         8723495          0        500          0          0
   4       17      518     2262      9541079636      9541081898         8726087          0        500          0          0
   4       17     2006     3616      9541081939      9541085555         8728390          0        500          0          0
   4       17      518     2283      9541085580      9541087862         8732031          0        500          0          0
   4       17      517     2271      9541087899      9541090169         8734349          0        500          0          0
   4       17      511     2864      9541090191      9541093055         8736642          0        500          0          0
   4       17      511     2712      9541093076      9541095788         8739527          0        500          0          0
   4       17     2076     4181      9541095804      9541099985         8742255          0        500          0          0
   4       17      511     2753      9541100024      9541102777         8746475          0        500          0          0
   4       17      519     4686      9541102803      9541107489         8749254          0        500          0          0
   4       17      521     1104      9541107519      9541108623         8753970          0        500          0          0
   4       17      517     1654      9541108641      9541110295         8755092          0        500          0          0
   4       17      511     2748      9541110322      9541113069         8756773          0        500          0          0
   4       17      511     2530      9541113091      9541115621         8759541          0        500          0          0
   4       17      517     2543      9541115640      9541118182         8762091          0        500          0          0
   4       17      511     2713      9541118207      9541120920         8764658          0        500          0          0
   4       17     2147     4940      9541120946      9541125886         8767397          0        500          0          0
   4       17      516     2861      9541125908      9541128769         8772359          0        500          0          0
   4       17     1035     3256      9541128797      9541132054         8775248          0        500          0          0
   4       17      511     1643      9541132075      9541133718         8778526          0        500          0          0
   4       17      516     2211      9541133735      9541135946         8780186          0        500          0          0
   4       17      516     2949      9541135992      9541138941         8782443          0        500          0          0
   4       17      517     2040      9541138987      9541141026         8785437          0        500          0          0
   4       17      511     3109      9541141044      9541144153         8787495          0        500          0          0
   4       17     3409     4752      9541144205      9541148957         8790656          0        500          0          0
   4       17      517     3559      9541148982      9541152541         8795433          0        500          0          0
   4       17      521     3454      9541152575      9541156030         8799026          0        500          0          0
   4       17      511     2015      9541156053      9541158068         8802504          0        500          0          0
   4       17      511     1801      9541158089      9541159890         8804540          0        500          0          0
   4       17      516     2217      9541159913      9541162130         8806363          0        500          0          0
   4       17      511     2783      9541162153      9541164937         8808604          0        500          0          0
   4       17      518     2242      9541164964      9541167205         8811414          0        500          0          0
   4       17      511     2212      9541167226      9541169438         8813677          0        500          0          0
   4       17     4530     5506      9541169466      9541174972         8815917          0        500          0          0
   4       17      520     3682      9541174995      9541178677         8821446          0        500          0          0
   4       17      519     2630      9541178704      9541181334         8825155          0        500          0          0
   4       17      511     2104      9541181355      9541183459         8827806          0        500          0          0
   4       17      511     2118      9541183483      9541185601         8829933          0        500          0          0
   4       17      519     2138      9541185627      9541187765         8832078          0        500          0          0
   4       17      540     3257      9541187790      9541191047         8834241          0        500          0          0
   4       17      511     2103      9541191069      9541193172         8837520          0        500          0          0
   4       17      511     2862      9541193193      9541196055         8839644          0        500          0          0
   4       17      511     3929      9541196080      9541200009         8842530          0        500          0          0
   4       17      511     3155      9541200030      9541203185         8846481          0        500          0          0
   4       17      511     2745      9541203205      9541205950         8849656          0        500          0          0
   4       17      519     2578      9541206948      9541209526         8853399          0        500          0          0
   4       17      516     3206      9541209545      9541212750         8855996          0        500          0          0
   4       17      518     5649      9541212771      9541218420         8859222          0        500          0          0
   4       17      511     2842      9541218445      9541221288         8864896          0        500          0          0
   4       17      511     2580      9541221310      9541223889         8867761          0        500          0          0
   4       17      517     1148      9541223938      9541225085         8870389          0        500          0          0
   4       17      511     1190      9541225101      9541226291         8871552          0        500          0          0
   4       17      511     3146      9541226306      9541229452         8872757          0        500          0          0
   4       17      511     2655      9541229474      9541232129         8875925          0        500          0          0
   4       17      511     2418      9541232153      9541234570         8878604          0        500          0          0
   4       17      517     2236      9541234591      9541236827         8881042          0        500          0          0
   4       17     3773     5343      9541236852      9541242194         8883303          0        500          0          0
   4       17     1728     3796      9541242235      9541246032         8888686          0        500          0          0
   4       17      511     3242      9541246060      9541249303         8892511          0        500          0          0
   4       17     2176     3423      9541249325      9541252748         8895776          0        500          0          0
   4       17      519     2155      9541252776      9541254931         8899227          0        500          0          0
   4       17      542     2116      9541254957      9541257073         8901408          0        500          0          0
   4       17      511     2436      9541257100      9541259536         8903551          0        500          0          0
   4       17      523     1945      9541259561      9541261506         8906012          0        500          0          0
   4       17      517     2748      9541261526      9541264274         8907977          0        500          0          0
   4       17      511     2812      9541264295      9541267106         8910746          0        500          0          0
   4       17      511     5538      9541267127      9541272665         8913578          0        500          0          0
   4       17      516     2166      9541272714      9541274880         8919165          0        500          0          0
   4       17      519     2945      9541274897      9541277842         8921348          0        500          0          0
   4       17      519     2608      9541277868      9541280476         8924319          0        500          0          0
   4       17      517     1621      9541280493      9541282113         8926944          0        500          0          0
   4       17      511     2463      9541282128      9541284591         8928579          0        500          0          0
   4       17      520     2770      9541284615      9541287385         8931066          0        500          0          0
   4       17      511     2123      9541287404      9541289527         8933855          0        500          0          0
   4       17      517     2769      9541289546      9541292315         8935997          0        500          0          0
   4       17      511     4263      9541292337      9541296600         8938788          0        500          0          0
   4       17      519     1946      9541296625      9541298571         8943076          0        500          0          0
   4       17      517     1583      9541298593      9541300176         8945044          0        500          0          0
   4       17      511     2386      9541300195      9541302581         8946646          0        500          0          0
   4       17      517     2708      9541302597      9541305305         8949048          0        500          0          0
   4       17      511     2722      9541305328      9541308050         8951779          0        500          0          0
   4       17      511     2943      9541308068      9541311011         8954519          0        500          0          0
   4       17     1413     2637      9541311031      9541313668         8957482          0        500          0          0
   4       17      516     2641      9541313682      9541316323         8960133          0        500          0          0
   4       17      511     2221      9541316343      9541318564         8962794          0        500          0          0
   4       17      520     2284      9541318587      9541320871         8965038          0        500          0          0
   4       17      517     2631      9541320890      9541323521         8967341          0        500          0          0
   4       17     3309     7000      9541323552      9541330552         8970003          0        500          0          0
   4       17      517     2812      9541330575      9541333386         8977026          0        500          0          0
   4       17      511     2711      9541333415      9541336126         8979866          0        500          0          0
   4       17     2381     3051      9541336189      9541339240         8982640          0        500          0          0
   4       17      511     1755      9541339269      9541341023         8985720          0        500          0          0
   4       17      511     2575      9541341039      9541343613         8987490          0        500          0          0
   4       17      517     2621      9541343629      9541346250         8990080          0        500          0          0
   4       17      511     2656      9541346268      9541348924         8992719          0        500          0          0
   4       17      517     2581      9541348960      9541351541         8995411          0        500          0          0
   4       17      517     2161      9541351562      9541353724         8998013          0        500          0          0
   4       17     2214     4950      9541353739      9541358690         9000190          0        500          0          0
   4       17      517     4827      9541358713      9541363540         9005164          0        500          0          0
   4       17      522     3303      9541363574      9541366877         9010025          0        500          0          0
   4       17      523     2214      9541366900      9541369114         9013351          0        500          0          0
   4       17      511     1899      9541369133      9541371031         9015584          0        500          0          0
   4       17      511     1606      9541371058      9541372664         9017509          0        500          0          0
   4       17      517     2923      9541372678      9541375601         9019128          0        500          0          0
   4       17      517     2060      9541375621      9541377681         9022072          0        500          0          0
   4       17      519     2662      9541377705      9541380367         9024156          0        500          0          0
   4       17      511     2563      9541380392      9541382955         9026843          0        500          0          0
   4       17     2035     4795      9541382978      9541387772         9029428          0        500          0          0
   4       17      519     3235      9541387802      9541391037         9034253          0        500          0          0
   4       17      511     2852      9541391070      9541393922         9037521          0        500          0          0
   4       17      518     3802      9541393941      9541397743         9040392          0        500          0          0
   4       17      516     2200      9541397764      9541399964         9044215          0        500          0          0
   4       17      516     1649      9541399987      9541401636         9046438          0        500          0          0
   4       17      517     2140      9541401653      9541403793         9048104          0        500          0          0
   4       17      516     2785      9541403808      9541406593         9050259          0        500          0          0
   4       17      518     2607      9541406609      9541409217         9053060          0        500          0          0
   4       17      511     2196      9541409236      9541411432         9055687          0        500          0          0
   4       17     3827     4393      9541411461      9541415854         9057912          0        500          0          0
   4       17      517     2055      9541415875      9541417930         9062325          0        500          0          0
   4       17      521     1971      9541417958      9541419930         9064409          0        500          0          0
   4       17      519     2627      9541419954      9541422581         9066405          0        500          0          0
   4       17      517     3182      9541422602      9541425784         9069053          0        500          0          0
   4       17      518     2198      9541425842      9541428040         9072293          0        500          0          0
   4       17     2750     4941      9541428100      9541433040         9074551          0        500          0          0
   4       17      511     1986      9541433070      9541435057         9079521          0        500          0          0
   4       17      511     2081      9541435078      9541437158         9081529          0        500          0          0
   4       17      511     2524      9541437176      9541439700         9083627          0        500          0          0
   4       17      518     2354      9541439715      9541442069         9086166          0        500          0          0
   4       17      511     2839      9541442097      9541444936         9088548          0        500          0          0
   4       17      516     2587      9541444955      9541447541         9091405          0        500          0          0
   4       17     3921     6723      9541447558      9541454280         9094008          0        500          0          0
   4       17      511     1082      9541454304      9541455386         9100755          0        500          0          0
   4       17      511     2207      9541455402      9541457609         9101853          0        500          0          0
   4       17      547     1634      9541457642      9541459275         9104093          0        500          0          0
   4       17      511     2772      9541459305      9541462077         9105756          0        500          0          0
   4       17      511     2455      9541462106      9541464561         9108557          0        500          0          0
   4       17      517     2523      9541464584      9541467107         9111035          0        500          0          0
   4       17      511     2686      9541467129      9541469815         9113580          0        500          0          0
   4       17     2609     4185      9541469855      9541474040         9116306          0        500          0          0
   4       17      511     1602      9541474063      9541475665         9120514          0        500          0          0
   4       17      519     2842      9541475731      9541478573         9122181          0        500          0          0
   4       17      517     1873      9541478616      9541480490         9125067          0        500          0          0
   4       17      517     2933      9541480508      9541483441         9126959          0        500          0          0
   4       17      511     2197      9541483460      9541485657         9129911          0        500          0          0
   4       17     4478     6414      9541485677      9541492092         9132128          0        500          0          0
   4       17      511     2412      9541492112      9541494524         9138563          0        500          0          0
   4       17      517     3297      9541494545      9541497843         9140996          0        500          0          0
   4       17      519     1203      9541497874      9541499077         9144325          0        500          0          0
   4       17      511     2734      9541499093      9541501827         9145544          0        500          0          0
   4       17      519     2586      9541501843      9541504429         9148294          0        500          0          0
   4       17      511     2638      9541504447      9541507085         9150898          0        500          0          0
   4       17      511     2647      9541507104      9541509751         9153554          0        500          0          0
   4       17      518     2584      9541509769      9541512354         9156220          0        500          0          0
   4       17     1774     2477      9541512377      9541514854         9158828          0        500          0          0
   4       17      517     2602      9541514883      9541517484         9161334          0        500          0          0
   4       17     1662     3915      9541517511      9541521426         9163962          0        500          0          0
   4       17     1572     2683      9541521480      9541524163         9167931          0        500          0          0
   4       17      511     2237      9541524182      9541526419         9170633          0        500          0          0
   4       17      511     2597      9541526437      9541529034         9172888          0        500          0          0
   4       17      511     1895      9541529058      9541530953         9175509          0        500          0          0
   4       17     1600     3327      9541530975      9541534302         9177426          0        500          0          0
   4       17      511     2139      9541534332      9541536471         9180783          0        500          0          0
   4       17     2796     3370      9541536501      9541539871         9182952          0        500          0          0
   4       17      519     2530      9541539892      9541542423         9186343          0        500          0          0
   4       17      511     2739      9541542450      9541545188         9188901          0        500          0          0
   4       17      511     2179      9541545206      9541547385         9191657          0        500          0          0
   4       17      511     2695      9541547400      9541550095         9193851          0        500          0          0
   4       17      511     2713      9541550120      9541552833         9196571          0        500          0          0
   4       17     2452     4244      9541552858      9541557102         9199309          0        500          0          0
   4       17     1560     4304      9541557133      9541561437         9203584          0        500          0          0
   4       17      511     3852      9541561459      9541565311         9207910          0        500          0          0
   4       17      511     2673      9541565341      9541568014         9211792          0        500          0          0
   4       17      511     2137      9541568040      9541570177         9214491          0        500          0          0
   4       17      511     2155      9541570191      9541572346         9216641          0        500          0          0
   4       17      511     1520      9541572363      9541573883         9218814          0        500          0          0
   4       17      519     2992      9541573910      9541576902         9220361          0        500          0          0
   4       17      520     2535      9541576931      9541579466         9223382          0        500          0          0
   4       17      511     2690      9541579485      9541582175         9225936          0        500          0          0
   4       17      511     4430      9541582198      9541586628         9228649          0        500          0          0
   4       17      517     2549      9541586650      9541589199         9233101          0        500          0          0
   4       17     2519     3583      9541589224      9541592807         9235675          0        500          0          0
   4       17      674     2191      9541592836      9541595027         9239287          0        500          0          0
   4       17      511     1757      9541595047      9541596804         9241498          0        500          0          0
   4       17      522     2727      9541596835      9541599562         9243286          0        500          0          0
   4       17      523     2554      9541599592      9541602146         9246043          0        500          0          0
   4       17      511     2405      9541602167      9541604572         9248618          0        500          0          0
   4       17      517     2439      9541604593      9541607031         9251044          0        500          0          0
   4       17     2813     5023      9541607056      9541612079         9253507          0        500          0          0
   4       17      511     2632      9541612108      9541614740         9258559          0        500          0          0
   4       17     2179     2748      9541614788      9541617536         9261239          0        500          0          0
   4       17     1940     4094      9541617551      9541621645         9264002          0        500          0          0
   4       17      537     3299      9541621673      9541624972         9268124          0        500          0          0
   4       17      511     2618      9541625016      9541627634         9271467          0        500          0          0
   4       17      520     2762      9541627656      9541630418         9274107          0        500          0          0
   4       17      511     2822      9541630439      9541633261         9276890          0        500          0          0
   4       17      511     3324      9541633289      9541636613         9279740          0        500          0          0
   4       17      518     1620      9541636636      9541638256         9283087          0        500          0          0
   4       17      511     3030      9541638270      9541641300         9284721          0        500          0          0
   4       17      511     2596      9541641319      9541643915         9287770          0        500          0          0
   4       17      516     1602      9541643960      9541645563         9290411          0        500          0          0
   4       17      517     2127      9541645578      9541647704         9292029          0        500          0          0
   4       17     1593     3207      9541647718      9541650925         9294169          0        500          0          0
   4       17      517     2140      9541650940      9541653080         9297391          0        500          0          0
   4       17      511     2664      9541653095      9541655759         9299546          0        500          0          0
   4       17      516     2668      9541655775      9541658443         9302226          0        500          0          0
   4       17      511     1597      9541658458      9541660056         9304909          0        500          0          0
   4       17      511     1591      9541660071      9541661662         9306522          0        500          0          0
   4       17      516     2133      9541661677      9541663810         9308128          0        500          0          0
   4       17      516     2136      9541663827      9541665964         9310278          0        500          0          0
   4       17      517     2139      9541665981      9541668120         9312432          0        500          0          0
   4       17      511     1616      9541668140      9541669755         9314591          0        500          0          0
   4       17     1597     3817      9541669769      9541673586         9316220          0        500          0          0
   4       17      516     2673      9541673603      9541676275         9320054          0        500          0          0
   4       17      511     2128      9541676289      9541678417         9322740          0        500          0          0
   4       17      511     2128      9541678433      9541680561         9324884          0        500          0          0
   4       17      516     1965      9541680576      9541682541         9327027          0        500          0          0
   4       17      517     1223      9541682557      9541683780         9329008          0        500          0          0
   4       17      516     2135      9541683795      9541685929         9330246          0        500          0          0
   4       17      517     1639      9541685946      9541687586         9332397          0        500          0          0
   4       17      511     1621      9541688176      9541689797         9334627          0        500          0          0
   4       17     1073     2245      9541689817      9541692062         9336268          0        500          0          0
   4       17      511     1929      9541692081      9541694010         9338532          0        500          0          0
   4       17      511     1869      9541694066      9541695935         9340517          0        500          0          0
   4       17      516     2132      9541695951      9541698083         9342402          0        500          0          0
   4       17      511     1605      9541698101      9541699705         9344552          0        500          0          0
   4       17      516     2146      9541699742      9541701888         9346193          0        500          0          0
   4       17      516     2147      9541701925      9541704072         9348376          0        500          0          0
   4       17      511     3192      9541704086      9541707279         9350537          0        500          0          0
   4       17      511     1715      9541707294      9541709009         9353745          0        500          0          0
   4       17      511     1470      9541709023      9541710493         9355474          0        500          0          0
   4       17      517     2129      9541710509      9541712639         9356960          0        500          0          0
   4       17      517     2123      9541712652      9541714775         9359103          0        500          0          0
   4       17      517     1593      9541714790      9541716383         9361241          0        500          0          0
   4       17      511     2128      9541716396      9541718524         9362847          0        500          0          0
   4       17     2126     3204      9541718540      9541721744         9364991          0        500          0          0
   4       17      516     2120      9541721760      9541723879         9368210          0        500          0          0
   4       17      516     2136      9541723895      9541726031         9370346          0        500          0          0
   4       17      511     2122      9541726046      9541728168         9372497          0        500          0          0
   4       17      511     2137      9541728183      9541730320         9374634          0        500          0          0
   4       17      511     2126      9541730336      9541732462         9376787          0        500          0          0
   4       17      511     2671      9541732479      9541735150         9378930          0        500          0          0
   4       17      511     1845      9541735164      9541737009         9381615          0        500          0          0
   4       17      511     1586      9541737023      9541738610         9383474          0        500          0          0
   4       17      517     1875      9541738623      9541740498         9385074          0        500          0          0
   4       17      516     2169      9541740514      9541742683         9386965          0        500          0          0
   4       17      516     1614      9541742722      9541744336         9389173          0        500          0          0
   4       17      511     2134      9541744353      9541746486         9390803          0        500          0          0
   4       17     2657     3761      9541746500      9541750261         9392951          0        500          0          0
   4       17      511     3272      9541750278      9541753550         9396729          0        500          0          0
   4       17      517     2135      9541753567      9541755702         9400018          0        500          0          0
   4       17      517     2167      9541755718      9541757885         9402169          0        500          0          0
   4       17      517     2685      9541757925      9541760610         9404376          0        500          0          0
   4       17      515     2188      9541760647      9541762835         9407098          0        500          0          0
   4       17      517     1671      9541762858      9541764528         9409309          0        500          0          0
   4       17      516     1615      9541764545      9541766160         9410996          0        500          0          0
   4       17     1626     4333      9541766223      9541770555         9412674          0        500          0          0
   4       17      517     2134      9541770570      9541772704         9417021          0        500          0          0
   4       17      517     2133      9541772720      9541774852         9419171          0        500          0          0
   4       17      516     2130      9541774868      9541776998         9421319          0        500          0          0
   4       17      511     2662      9541777017      9541779679         9423468          0        500          0          0
   4       17      517     2670      9541779695      9541782365         9426146          0        500          0          0
   4       17      511     2126      9541782380      9541784506         9428830          0        500          0          0
   4       17      516     2131      9541784521      9541786652         9430972          0        500          0          0
   4       17      516     2124      9541786666      9541788790         9433117          0        500          0          0
   4       17      516     1736      9541788805      9541790541         9435256          0        500          0          0
   4       17      517     1593      9541790556      9541792148         9437007          0        500          0          0
   4       17      511     1984      9541792164      9541794147         9438615          0        500          0          0
   4       17      511     2132      9541794161      9541796294         9440612          0        500          0          0
   4       17      511     2131      9541796311      9541798443         9442762          0        500          0          0
   4       17      511     1552      9541798458      9541800009         9444909          0        500          0          0
   4       17      511     2178      9541800026      9541802204         9446477          0        500          0          0
   4       17      511     1620      9541802218      9541803838         9448669          0        500          0          0
   4       17      516     2152      9541803872      9541806024         9450323          0        500          0          0
   4       17      511     2127      9541806037      9541808165         9452488          0        500          0          0
   4       17      511     1629      9541808180      9541809809         9454631          0        500          0          0
   4       17      517     2126      9541809823      9541811949         9456274          0        500          0          0
   4       17      516     2663      9541811964      9541814627         9458415          0        500          0          0
   4       17      517     2131      9541814641      9541816772         9461092          0        500          0          0
   4       17      517     1754      9541816787      9541818542         9463238          0        500          0          0
   4       17      517     1436      9541818559      9541819995         9465010          0        500          0          0
   4       17      511     2125      9541820015      9541822141         9466466          0        500          0          0
   4       17      511     1593      9541822156      9541823748         9468607          0        500          0          0
   4       17      516     2125      9541823762      9541825887         9470213          0        500          0          0
   4       17      516     2141      9541825902      9541828043         9472353          0        500          0          0
   4       17      511     2133      9541828060      9541830193         9474511          0        500          0          0
   4       17      511     1635      9541830208      9541831843         9476659          0        500          0          0
   4       17      516     2170      9541831884      9541834054         9478335          0        500          0          0
   4       17      511     2011      9541834069      9541836079         9480520          0        500          0          0
   4       17      511     1720      9541836129      9541837848         9482580          0        500          0          0
   4       17      516     2172      9541837865      9541840037         9484316          0        500          0          0
   4       17      511     3795      9541840054      9541843849         9486505          0        500          0          0
   4       17      516     2153      9541843883      9541846036         9490334          0        500          0          0
   4       17      511     2024      9541846054      9541848078         9492505          0        500          0          0
   4       17      511     1696      9541848093      9541849790         9494544          0        500          0          0
   4       17      516     2167      9541849806      9541851973         9496257          0        500          0          0
   4       17      518     1131      9541851989      9541853121         9498440          0        500          0          0
   4       17      511     2569      9541853137      9541855706         9499588          0        500          0          0
   4       17      517     2124      9541855721      9541857846         9502172          0        500          0          0
   4       17      516     2145      9541857865      9541860009         9504315          0        500          0          0
   4       17      511     1621      9541860027      9541861648         9506478          0        500          0          0
   4       17      517     1625      9541861666      9541863291         9508117          0        500          0          0
   4       17      511     2176      9541863307      9541865483         9509758          0        500          0          0
   4       17      517     2142      9541865502      9541867643         9511953          0        500          0          0
   4       17      516     1598      9541867660      9541869257         9514110          0        500          0          0
   4       17      511     2130      9541869275      9541871406         9515726          0        500          0          0
   4       17      511     2131      9541871420      9541873551         9517871          0        500          0          0
   4       17      517     2127      9541873566      9541875694         9520017          0        500          0          0
   4       17      516     1594      9541875708      9541877302         9522159          0        500          0          0
   4       17      511     1978      9541877318      9541879296         9523769          0        500          0          0
   4       17     1467     2371      9541879312      9541881682         9525763          0        500          0          0
   4       17      517     2141      9541881706      9541883847         9528157          0        500          0          0
   4       17      516     2167      9541883862      9541886029         9530313          0        500          0          0
   4       17      511     1595      9541886050      9541887645         9532501          0        500          0          0
   4       17      516     2131      9541887660      9541889791         9534111          0        500          0          0
   4       17      516     2136      9541889807      9541891943         9536258          0        500          0          0
   4       17      516     2137      9541891960      9541894096         9538411          0        500          0          0
   4       17      511     1600      9541894115      9541895715         9540566          0        500          0          0
   4       17      518     2145      9541895733      9541897878         9542184          0        500          0          0
   4       17      516     2117      9541897896      9541900013         9544347          0        500          0          0
   4       17      511     1701      9541900050      9541901752         9546501          0        500          0          0
   4       17      516     2139      9541901770      9541903909         9548221          0        500          0          0
   4       17     6609     7261      9541903995      9541911256         9550446          0        500          0          0
   4       17      511     2737      9541911271      9541914008         9557722          0        500          0          0
   4       17      511     2165      9541914028      9541916193         9560479          0        500          0          0
   4       17      511     2165      9541916207      9541918372         9562658          0        500          0          0
   4       17      511     1631      9541918391      9541920022         9564842          0        500          0          0
   4       17      511     4988      9541920037      9541925025         9566488          0        500          0          0
   4       17      511     2207      9541925048      9541927255         9571499          0        500          0          0
   4       17      511     2186      9541927275      9541929461         9573726          0        500          0          0
   4       17      511     1613      9541929479      9541931092         9575930          0        500          0          0
   4       17      511     2143      9541931111      9541933254         9577562          0        500          0          0
   4       17      511     1600      9541933273      9541934873         9579724          0        500          0          0
   4       17      516     5697      9541934890      9541940587         9581341          0        500          0          0
   4       17      518     3398      9541940610      9541944009         9587061          0        500          0          0
   4       17      511     1593      9541944027      9541945620         9590478          0        500          0          0
   4       17      517     2260      9541945634      9541947894         9592085          0        500          0          0
   4       17      517     2476      9541947912      9541950388         9594363          0        500          0          0
   4       17      511     4732      9541950406      9541955138         9596857          0        500          0          0
   4       17      511     1631      9541955164      9541956794         9601614          0        500          0          0
   4       17     1056     2176      9541956831      9541959007         9603282          0        500          0          0
   4       17      511     2132      9541959029      9541961161         9605480          0        500          0          0
   4       17      511     3478      9541961178      9541964656         9607629          0        500          0          0
   4       17      520     1104      9541964683      9541965786         9611134          0        500          0          0
   4       17      541     2813      9541965806      9541968619         9612257          0        500          0          0
   4       17      516     2212      9541968659      9541970871         9615110          0        500          0          0
   4       17     4543     5122      9541970907      9541976029         9617358          0        500          0          0
   4       17      511     4377      9541976055      9541980432         9622506          0        500          0          0
   4       17      511     1623      9541980454      9541982077         9626905          0        500          0          0
   4       17      511     1981      9541982098      9541984079         9628549          0        500          0          0
   4       17      511     2760      9541984104      9541986864         9630555          0        500          0          0
   4       17      519     2119      9541986897      9541989016         9633348          0        500          0          0
   4       17      511     1777      9541989043      9541990820         9635494          0        500          0          0
   4       17      516     3444      9541990838      9541994283         9637289          0        500          0          0
   4       17      511     3407      9541994311      9541997718         9640762          0        500          0          0
   4       17      669     1707      9541997766      9541999473         9644217          0        500          0          0
   4       17      521     3352      9541999500      9542002852         9645951          0        500          0          0
   4       17      516     3195      9542002876      9542006072         9649327          0        500          0          0
   4       17      511     1770      9542006104      9542007874         9652555          0        500          0          0
   4       17      518     4137      9542007900      9542012036         9654350          0        500          0          0
   4       17      511     2747      9542012065      9542014812         9658516          0        500          0          0
   4       17      520     3439      9542014840      9542018279         9661290          0        500          0          0
   4       17      511     2323      9542018313      9542020636         9664764          0        500          0          0
   4       17      520     2344      9542020670      9542023014         9667121          0        500          0          0
   4       17      511     1925      9542023040      9542024964         9669491          0        500          0          0
   4       17      516     2230      9542024984      9542027214         9671435          0        500          0          0
   4       17      511     2730      9542027236      9542029966         9673687          0        500          0          0
   4       17      511     2829      9542030011      9542032841         9676462          0        500          0          0
   4       17     2273     5090      9542032872      9542037963         9679323          0        500          0          0
   4       17      519     2403      9542037995      9542040397         9684446          0        500          0          0
   4       17      511     3047      9542040420      9542043467         9686871          0        500          0          0
   4       17      520     3124      9542043497      9542046621         9689948          0        500          0          0
   4       17      516     2448      9542046668      9542049116         9693119          0        500          0          0
   4       17      511     1881      9542049133      9542051014         9695584          0        500          0          0
   4       17      511     2518      9542051037      9542053554         9697488          0        500          0          0
   4       17      517     2179      9542053577      9542055756         9700028          0        500          0          0
   4       17      519     3046      9542055775      9542058821         9702226          0        500          0          0
   4       17      517     2169      9542058846      9542061015         9705297          0        500          0          0
   4       17      511     4505      9542061040      9542065546         9707491          0        500          0          0
   4       17      517     2192      9542065571      9542067763         9712022          0        500          0          0
   4       17      518     1533      9542067787      9542069320         9714238          0        500          0          0
   4       17      511     2667      9542069346      9542072013         9715797          0        500          0          0
   4       17     1613     2489      9542072036      9542074525         9718487          0        500          0          0
   4       17      516     2136      9542074542      9542076678         9720993          0        500          0          0
   4       17      517     3089      9542076697      9542079786         9723148          0        500          0          0
   4       17     3122     4256      9542079817      9542084073         9726268          0        500          0          0
   4       17      511     1113      9542084095      9542085208         9730546          0        500          0          0
   4       17     2570     5965      9542085240      9542091205         9731691          0        500          0          0
   4       17      775     2295      9542091292      9542093587         9737742          0        500          0          0
   4       17      518     2209      9542093608      9542095817         9740059          0        500          0          0
   4       17      519     2336      9542095841      9542098177         9742292          0        500          0          0
   4       17      511     2131      9542098200      9542100331         9744651          0        500          0          0
   4       17     2930     3916      9542100354      9542104270         9746805          0        500          0          0
   4       17     1886     2860      9542104297      9542107157         9750748          0        500          0          0
   4       17      511     2242      9542107181      9542109423         9753631          0        500          0          0
   4       17      511     2967      9542109443      9542112410         9755894          0        500          0          0
   4       17      511     2097      9542112438      9542114535         9758889          0        500          0          0
   4       17      520     2732      9542114564      9542117296         9761015          0        500          0          0
   4       17      511     2238      9542117318      9542119556         9763769          0        500          0          0
   4       17     3041     4137      9542119579      9542123716         9766030          0        500          0          0
   4       17      520     2149      9542123747      9542125897         9770198          0        500          0          0
   4       17      520     2671      9542125920      9542128591         9772371          0        500          0          0
   4       17      518     2885      9542128612      9542131497         9775063          0        500          0          0
   4       17      518     2210      9542131523      9542133733         9777974          0        500          0          0
   4       17      518     2205      9542133760      9542135966         9780211          0        500          0          0
   4       17     2066     3689      9542135991      9542139680         9782442          0        500          0          0
   4       17      517     2184      9542139729      9542141912         9786180          0        500          0          0
   4       17      517     2098      9542141941      9542144038         9788392          0        500          0          0
   4       17      511     2555      9542144057      9542146612         9790508          0        500          0          0
   4       17      518     2647      9542146633      9542149280         9793084          0        500          0          0
   4       17      511     3299      9542149300      9542152598         9795750          0        500          0          0
   4       17      517     2193      9542152624      9542154817         9799075          0        500          0          0
   4       17      516     2193      9542154840      9542157033         9801291          0        500          0          0
   4       17      511     2645      9542157056      9542159700         9803507          0        500          0          0
   4       17      516     2866      9542159725      9542162592         9806176          0        500          0          0
   4       17      520     2345      9542162617      9542164961         9809068          0        500          0          0
   4       17      520     2205      9542165585      9542167790         9812036          0        500          0          0
   4       17      517     2169      9542167816      9542169985         9814267          0        500          0          0
   4       17      511     1744      9542170008      9542171752         9816459          0        500          0          0
   4       17      516     1603      9542171769      9542173371         9818220          0        500          0          0
   4       17      511     2131      9542173386      9542175517         9819836          0        500          0          0
   4       17     2131     3214      9542175575      9542178789         9822026          0        500          0          0
   4       17      516     1601      9542178810      9542180411         9825261          0        500          0          0
   4       17      511     2175      9542180432      9542182607         9826883          0        500          0          0
   4       17      518     1617      9542182623      9542184241         9829074          0        500          0          0
   4       17      511     2143      9542184258      9542186401         9830709          0        500          0          0
   4       17      511     2127      9542186417      9542188544         9832868          0        500          0          0
   4       17     1606     3204      9542188562      9542191766         9835013          0        500          0          0
   4       17      516     2266      9542191786      9542194052         9838237          0        500          0          0
   4       17      511     2141      9542194074      9542196215         9840525          0        500          0          0
   4       17      511     2135      9542196232      9542198366         9842683          0        500          0          0
   4       17      511     1093      9542198384      9542199476         9844835          0        500          0          0
   4       17      517     1604      9542199492      9542201096         9845942          0        500          0          0
   4       17      511     2135      9542201117      9542203252         9847567          0        500          0          0
   4       17      511     2127      9542203267      9542205394         9849718          0        500          0          0
   4       17      511     2149      9542205411      9542207560         9851862          0        500          0          0
   4       17     3745     4309      9542207574      9542211883         9854025          0        500          0          0
   4       17      517     1531      9542211903      9542213434         9858354          0        500          0          0
   4       17      511     1073      9542213450      9542214523         9859901          0        500          0          0
   4       17      516     2180      9542214539      9542216718         9860990          0        500          0          0
   4       17      533     1707      9542216734      9542218441         9863185          0        500          0          0
   4       17      511     2141      9542218461      9542220602         9864912          0        500          0          0
   4       17      517     2136      9542220619      9542222754         9867070          0        500          0          0
   4       17     2133     3216      9542222772      9542225989         9869223          0        500          0          0
   4       17      511     2134      9542226014      9542228149         9872465          0        500          0          0
   4       17      511     2226      9542228166      9542230392         9874617          0        500          0          0
   4       17      511     2135      9542230413      9542232547         9876863          0        500          0          0
   4       17      517     2170      9542232567      9542234737         9879018          0        500          0          0
   4       17      516     1259      9542234752      9542236010         9881203          0        500          0          0
   4       17      511     1933      9542236027      9542237960         9882478          0        500          0          0
   4       17      516     2102      9542237975      9542240077         9884426          0        500          0          0
   4       17      511     1622      9542240094      9542241715         9886545          0        500          0          0
   4       17      516     2148      9542241751      9542243899         9888202          0        500          0          0
   4       17      516     2149      9542243932      9542246081         9890383          0        500          0          0
   4       17     3239     3790      9542246134      9542249923         9892585          0        500          0          0
   4       17      516     1602      9542249940      9542251542         9896391          0        500          0          0
   4       17      517     1633      9542251558      9542253191         9898008          0        500          0          0
   4       17      511     1686      9542253210      9542254896         9899661          0        500          0          0
   4       17      516     2185      9542254912      9542257097         9901363          0        500          0          0
   4       17      511     1610      9542257113      9542258722         9903564          0        500          0          0
   4       17      516     2147      9542258754      9542260902         9905205          0        500          0          0
   4       17      516     2677      9542260936      9542263613         9907387          0        500          0          0
   4       17      518     2136      9542263629      9542265764         9910080          0        500          0          0
   4       17      516     2143      9542265781      9542267925         9912232          0        500          0          0
   4       17      517     1599      9542267940      9542269539         9914391          0        500          0          0
   4       17      517     2135      9542269555      9542271690         9916006          0        500          0          0
   4       17      517     1594      9542271705      9542273299         9918156          0        500          0          0
   4       17      511     2127      9542273315      9542275442         9919766          0        500          0          0
   4       17      511     2124      9542275456      9542277580         9921907          0        500          0          0
   4       17      516     1591      9542277597      9542279187         9924048          0        500          0          0
   4       17      511     3731      9542279201      9542282932         9925652          0        500          0          0
   4       17      516     2691      9542282947      9542285638         9929398          0        500          0          0
   4       17      517     2136      9542285657      9542287793         9932108          0        500          0          0
   4       17      517     3752      9542287810      9542291562         9934261          0        500          0          0
   4       17      517     1598      9542291579      9542293177         9938030          0        500          0          0
   4       17      511     2658      9542293193      9542295851         9939644          0        500          0          0
   4       17      516     3798      9542295887      9542299685         9942338          0        500          0          0
   4       17      516     2157      9542299727      9542301884         9946178          0        500          0          0
   4       17      516     2091      9542301919      9542304010         9948370          0        500          0          0
   4       17      511     1671      9542304032      9542305702         9950482          0        500          0          0
   4       17      516     1593      9542305717      9542307310         9952168          0        500          0          0
   4       17      511     2128      9542307326      9542309454         9953777          0        500          0          0
   4       17      511     2125      9542309468      9542311593         9955919          0        500          0          0
   4       17      517     1592      9542311610      9542313202         9958061          0        500          0          0
   4       17      511     2325      9542313216      9542315542         9959667          0        500          0          0
   4       17     1951     2982      9542315558      9542318540         9962009          0        500          0          0
   4       17      517     1666      9542318560      9542320226         9965011          0        500          0          0
   4       17      511     2126      9542320279      9542322405         9966730          0        500          0          0
   4       17      511     2181      9542322419      9542324601         9968870          0        500          0          0
   4       17      517     2160      9542324619      9542326779         9971070          0        500          0          0
   4       17      516     1599      9542326797      9542328396         9973248          0        500          0          0
   4       17      511     2160      9542328413      9542330573         9974864          0        500          0          0
   4       17      516     1596      9542330591      9542332187         9977042          0        500          0          0
   4       17      511     2130      9542332203      9542334333         9978654          0        500          0          0
   4       17      511     2132      9542334349      9542336480         9980800          0        500          0          0
   4       17      517     2121      9542336495      9542338616         9982946          0        500          0          0
   4       17      517     1594      9542338629      9542340223         9985080          0        500          0          0
   4       17      511     2125      9542340239      9542342363         9986690          0        500          0          0
   4       17      511     2123      9542342378      9542344501         9988829          0        500          0          0
   4       17      516     2122      9542344518      9542346639         9990969          0        500          0          0
   4       17      516     1592      9542346653      9542348246         9993104          0        500          0          0
   4       17      511     1927      9542348262      9542350189         9994713          0        500          0          0
   4       17     1368     2373      9542350205      9542352579         9996656          0        500          0          0
   4       17      516     2125      9542352597      9542354722         9999048          0        500          0          0
   4       17      517     2123      9542354736      9542356860        10001187          0        500          0          0
   4       17      516     2129      9542356876      9542359005        10003327          0        500          0          0
   4       17      511     1587      9542359020      9542360608        10005471          0        500          0          0
   4       17     1052     2161      9542360624      9542362785        10007075          0        500          0          0
   4       17     2129     3745      9542362821      9542366566        10009272          0        500          0          0
   4       17      517     2424      9542366586      9542369010        10013037          0        500          0          0
   4       17      511     1808      9542369024      9542370833        10015475          0        500          0          0
   4       17      516     1132      9542370850      9542371982        10017301          0        500          0          0
   4       17      516     2139      9542371997      9542374136        10018448          0        500          0          0
   4       17      511     2120      9542374153      9542376273        10020604          0        500          0          0
   4       17      511     1619      9542376287      9542377906        10022738          0        500          0          0
   4       17      516     2150      9542377946      9542380096        10024397          0        500          0          0
   4       17      511     2128      9542380110      9542382238        10026561          0        500          0          0
   4       17      511     1754      9542382255      9542384009        10028706          0        500          0          0
   4       17     1588     3589      9542384023      9542387612        10030474          0        500          0          0
   4       17      516     2120      9542387630      9542389750        10034080          0        500          0          0
   4       17      517     2161      9542389801      9542391962        10036252          0        500          0          0
   4       17      511     2077      9542392007      9542394084        10038458          0        500          0          0
   4       17      511     1160      9542394101      9542395261        10040552          0        500          0          0
   4       17     2313     3281      9542395279      9542398559        10041730          0        500          0          0
   4       17      517     1634      9542398576      9542400210        10045027          0        500          0          0
   4       17      511     2170      9542400228      9542402399        10046679          0        500          0          0
   4       17      511     2149      9542402414      9542404563        10048865          0        500          0          0
   4       17      517     2124      9542404579      9542406703        10051030          0        500          0          0
   4       17      516     1292      9542406717      9542408009        10053168          0        500          0          0
   4       17     1893     4579      9542408026      9542412605        10054477          0        500          0          0
   4       17      517     2669      9542412622      9542415290        10059073          0        500          0          0
   4       17      511     2130      9542415308      9542417438        10061759          0        500          0          0
   4       17      511     3089      9542417452      9542420542        10063903          0        500          0          0
   4       17      516     1173      9542420560      9542421732        10067010          0        500          0          0
   4       17      516     1587      9542421747      9542423335        10068198          0        500          0          0
   4       17      511     2134      9542423349      9542425484        10069800          0        500          0          0
   4       17      516     2126      9542425499      9542427625        10071950          0        500          0          0
   4       17      517     2142      9542427640      9542429782        10074091          0        500          0          0
   4       17      516     4769      9542429797      9542434566        10076248          0        500          0          0
   4       17     1607     2686      9542434585      9542437271        10081035          0        500          0          0
   4       17      511     1589      9542437285      9542438874        10083736          0        500          0          0
   4       17      516     2171      9542438888      9542441060        10085339          0        500          0          0
   4       17      511     1585      9542441074      9542442659        10087525          0        500          0          0
   4       17      517     2703      9542442674      9542445377        10089125          0        500          0          0
   4       17      511     4157      9542445390      9542449548        10091841          0        500          0          0
   4       17      516     2131      9542449562      9542451693        10096013          0        500          0          0
   4       17      517     2674      9542451707      9542454382        10098158          0        500          0          0
   4       17      511     1584      9542454400      9542455983        10100851          0        500          0          0
   4       17      516     5019      9542455997      9542461016        10102448          0        500          0          0
   4       17      511     2199      9542461047      9542463246        10107498          0        500          0          0
   4       17      511     2186      9542463263      9542465450        10109714          0        500          0          0
   4       17      511     1075      9542465468      9542466544        10111919          0        500          0          0
   4       17      518     2167      9542466558      9542468725        10113009          0        500          0          0
   4       17     2144     5448      9542469344      9542474792        10115795          0        500          0          0
   4       17      519     6191      9542474819      9542481011        10121270          0        500          0          0
   4       17      511     1621      9542481035      9542482656        10127486          0        500          0          0
   4       17      517     1283      9542482671      9542483954        10129122          0        500          0          0
   4       17      516     2211      9542483972      9542486182        10130423          0        500          0          0
   4       17      511     1616      9542486204      9542487819        10132654          0        500          0          0
   4       17      516     4780      9542487857      9542492638        10134308          0        500          0          0
   4       17      517     2156      9542492658      9542494815        10139109          0        500          0          0
   4       17      511     4033      9542495396      9542499429        10141847          0        500          0          0
   4       17      511     2176      9542499460      9542501635        10145911          0        500          0          0
   4       17      517     3335      9542501655      9542504990        10148105          0        500          0          0
   4       17      511     3243      9542505015      9542508258        10151466          0        500          0          0
   4       17      511     1080      9542508276      9542509355        10154727          0        500          0          0
   4       17      511     2545      9542509372      9542511916        10155823          0        500          0          0
   4       17      519     2027      9542511943      9542513970        10158394          0        500          0          0
   4       17      520     3039      9542513993      9542517032        10160444          0        500          0          0
   4       17      511     1775      9542517051      9542518826        10163502          0        500          0          0
   4       17      511     2667      9542519412      9542522079        10165863          0        500          0          0
   4       17      511     3436      9542522100      9542525537        10168551          0        500          0          0
   4       17      521     2112      9542525572      9542527684        10172023          0        500          0          0
   4       17      521     1945      9542527711      9542529656        10174162          0        500          0          0
   4       17     1448     2950      9542529678      9542532627        10176129          0        500          0          0
   4       17      523     2445      9542532663      9542535109        10179114          0        500          0          0
   4       17      511     2614      9542535127      9542537741        10181578          0        500          0          0
   4       17      511     1574      9542539286      9542540860        10185737          0        500          0          0
   4       17      548     2740      9542540889      9542543628        10187340          0        500          0          0
   4       17      518     2145      9542543650      9542545795        10190101          0        500          0          0
   4       17      516     2315      9542545810      9542548125        10192261          0        500          0          0
   4       17      511     2651      9542548152      9542550804        10194603          0        500          0          0
   4       17     3440     5618      9542550834      9542556453        10197285          0        500          0          0
   4       17      511     2728      9542556478      9542559206        10202929          0        500          0          0
   4       17      511     2200      9542559228      9542561428        10205679          0        500          0          0
   4       17      511     1642      9542561450      9542563092        10207901          0        500          0          0
   4       17     2585     3950      9542563174      9542567124        10209625          0        500          0          0
   4       17      511     1605      9542567148      9542568753        10213599          0        500          0          0
   4       17      517     3389      9542568768      9542572156        10215219          0        500          0          0
   4       17      511     2774      9542572173      9542574947        10218624          0        500          0          0
   4       17      517     2071      9542574966      9542577037        10221417          0        500          0          0
   4       17      511     1655      9542577056      9542578711        10223507          0        500          0          0
   4       17     3261     5111      9542578727      9542583838        10225178          0        500          0          0
   4       17      517     2156      9542583861      9542586017        10230312          0        500          0          0
   4       17      511     2618      9542586033      9542588651        10232484          0        500          0          0
   4       17      517     2670      9542588668      9542591338        10235119          0        500          0          0
   4       17      511     1898      9542591361      9542593259        10237812          0        500          0          0
   4       17      511     2730      9542593282      9542596012        10239733          0        500          0          0
   4       17     1612     3897      9542596033      9542599930        10242484          0        500          0          0
   4       17     2704     4612      9542599968      9542604579        10246419          0        500          0          0
   4       17      517     1089      9542604599      9542605689        10251050          0        500          0          0
   4       17      518     1802      9542605709      9542607511        10252160          0        500          0          0
   4       17      518     2562      9542607536      9542610097        10253986          0        500          0          0
   4       17      511     2615      9542610116      9542612730        10256566          0        500          0          0
   4       17      518     2644      9542612755      9542615398        10259206          0        500          0          0
   4       17      511     2627      9542615417      9542618044        10261868          0        500          0          0
   4       17      511     2945      9542618067      9542621012        10264518          0        500          0          0
   4       17      511     2001      9542621030      9542623031        10267481          0        500          0          0
   4       17      511     2161      9542623056      9542625217        10269507          0        500          0          0
   4       17      511     2780      9542625246      9542628027        10271697          0        500          0          0
   4       17      511     2208      9542628048      9542630256        10274499          0        500          0          0
   4       17     2734     6581      9542630279      9542636860        10276730          0        500          0          0
   4       17      518     2190      9542636889      9542639079        10283340          0        500          0          0
   4       17      511     2813      9542639106      9542641919        10285557          0        500          0          0
   4       17      516     3595      9542641969      9542645564        10288420          0        500          0          0
   4       17      522     2243      9542645613      9542647856        10292064          0        500          0          0
   4       17      519     1304      9542647887      9542649190        10294338          0        500          0          0
   4       17      511     2614      9542649209      9542651822        10295660          0        500          0          0
   4       17      519     2815      9542651847      9542654662        10298298          0        500          0          0
   4       17      518     2483      9542654729      9542657212        10301180          0        500          0          0
   4       17      511     4599      9542657240      9542661840        10303691          0        500          0          0
   4       17      524     3074      9542661870      9542664944        10308321          0        500          0          0
   4       17      520     2673      9542664974      9542667647        10311425          0        500          0          0
   4       17      518     4253      9542667668      9542671921        10314119          0        500          0          0
   4       17      517     1726      9542671972      9542673698        10318423          0        500          0          0
   4       17      521     2254      9542673724      9542675978        10320175          0        500          0          0
   4       17      533     1635      9542676035      9542677670        10322486          0        500          0          0
   4       17      517     2706      9542677687      9542680393        10324138          0        500          0          0
   4       17      511     2553      9542680413      9542682966        10326864          0        500          0          0
   4       17      519     3106      9542682996      9542686103        10329447          0        500          0          0
   4       17      511     2339      9542686125      9542688464        10332576          0        500          0          0
   4       17      511     2844      9542688483      9542691327        10334934          0        500          0          0
   4       17      511     2116      9542691348      9542693464        10337799          0        500          0          0
   4       17      511     2291      9542693483      9542695775        10339934          0        500          0          0
   4       17      517     2767      9542695799      9542698566        10342250          0        500          0          0
   4       17      518     2528      9542698589      9542701117        10345040          0        500          0          0
   4       17     2722     4371      9542701156      9542705528        10347607          0        500          0          0
   4       17      519     2809      9542705553      9542708362        10352004          0        500          0          0
   4       17      511     2199      9542708382      9542710581        10354833          0        500          0          0
   4       17      518     2866      9542710601      9542713467        10357052          0        500          0          0
   4       17      518     2634      9542713489      9542716124        10359940          0        500          0          0
   4       17      511     1667      9542716140      9542717807        10362591          0        500          0          0
   4       17     2625     4763      9542717823      9542722586        10364274          0        500          0          0
   4       17      519     2184      9542722618      9542724802        10369069          0        500          0          0
   4       17      517     2795      9542724820      9542727615        10371271          0        500          0          0
   4       17      517     3436      9542727665      9542731101        10374116          0        500          0          0
   4       17      511     2695      9542731130      9542733825        10377581          0        500          0          0
   4       17      518     2179      9542733852      9542736030        10380302          0        500          0          0
   4       17      511     2080      9542736050      9542738130        10382501          0        500          0          0
   4       17      511     2210      9542738147      9542740357        10384598          0        500          0          0
   4       17     2999     5062      9542740379      9542745441        10386830          0        500          0          0
   4       17      511     2010      9542745471      9542747482        10391922          0        500          0          0
   4       17      521     3021      9542747534      9542750555        10393985          0        500          0          0
   4       17      520     2504      9542750586      9542753090        10397037          0        500          0          0
   4       17      511     2389      9542753115      9542755504        10399566          0        500          0          0
   4       17      519     2756      9542755529      9542758286        10401980          0        500          0          0
   4       17      511     1719      9542758313      9542760032        10404764          0        500          0          0
   4       17     5038     5575      9542760054      9542765629        10406505          0        500          0          0
   4       17      520     2707      9542765652      9542768359        10412103          0        500          0          0
   4       17      511     1078      9542768380      9542769458        10414831          0        500          0          0
   4       17      511     2181      9542769471      9542771653        10415922          0        500          0          0
   4       17      517     2609      9542771672      9542774281        10418123          0        500          0          0
   4       17      511     2737      9542774300      9542777038        10420751          0        500          0          0
   4       17      511     2287      9542777070      9542779357        10423521          0        500          0          0
   4       17     2718     4820      9542779379      9542784199        10425830          0        500          0          0
   4       17      511     2341      9542784222      9542786563        10430673          0        500          0          0
   4       17      517     1446      9542786584      9542788031        10433035          0        500          0          0
   4       17      511     2434      9542788059      9542790493        10434510          0        500          0          0
   4       17     1095     2759      9542790522      9542793282        10436973          0        500          0          0
   4       17      511     2746      9542793305      9542796050        10439756          0        500          0          0
   4       17      511     2810      9542796072      9542798882        10442523          0        500          0          0
   4       17      517     2817      9542798906      9542801724        10445357          0        500          0          0
   4       17      517     2191      9542801747      9542803938        10448198          0        500          0          0
   4       17      518     2662      9542803963      9542806625        10450414          0        500          0          0
   4       17      518     2650      9542806642      9542809292        10453093          0        500          0          0
   4       17      511     2575      9542809310      9542811886        10455761          0        500          0          0
   4       17     2433     4238      9542811911      9542816149        10458362          0        500          0          0
   4       17     1978     3949      9542816175      9542820124        10462626          0        500          0          0
   4       17      511     2634      9542820153      9542822788        10466604          0        500          0          0
   4       17      519     1386      9542822827      9542824213        10469278          0        500          0          0
   4       17      511     2348      9542824233      9542826580        10470684          0        500          0          0
   4       17      521     1660      9542826608      9542828268        10473058          0        500          0          0
   4       17      511     2739      9542828284      9542831023        10474735          0        500          0          0
   4       17      511     2430      9542831046      9542833476        10477497          0        500          0          0
   4       17     6848     7409      9542833507      9542840917        10479958          0        500          0          0
   4       17      519     1097      9542840998      9542842096        10487449          0        500          0          0
   4       17      511     2130      9542842128      9542844257        10488579          0        500          0          0
   4       17     1610     5240      9542844286      9542849526        10490737          0        500          0          0
   4       17      546     2625      9542849556      9542852180        10496007          0        500          0          0
   4       17      511     2557      9542852206      9542854763        10498657          0        500          0          0
   4       17      517     2506      9542854784      9542857290        10501235          0        500          0          0
   4       17      511     1551      9542857322      9542858873        10503773          0        500          0          0
   4       17      550     2675      9542858900      9542861576        10505351          0        500          0          0
   4       17      518     2254      9542861598      9542863852        10508049          0        500          0          0
   4       17      539     2424      9542863878      9542866301        10510329          0        500          0          0
   4       17      511     2693      9542866322      9542869015        10512773          0        500          0          0
   4       17      511     1659      9542870088      9542871747        10516539          0        500          0          0
   4       17      517     3029      9542871765      9542874794        10518216          0        500          0          0
   4       17      517     2620      9542874810      9542877430        10521261          0        500          0          0
   4       17      511     2610      9542877447      9542880057        10523898          0        500          0          0
   4       17      511     1937      9542880075      9542882012        10526526          0        500          0          0
   4       17     2161     4152      9542882037      9542886189        10528488          0        500          0          0
   4       17     2682     3253      9542886224      9542889476        10532675          0        500          0          0
   4       17      516     2221      9542889497      9542891718        10535948          0        500          0          0
   4       17      518     2177      9542891746      9542893923        10538197          0        500          0          0
   4       17      516     2130      9542893962      9542896093        10540413          0        500          0          0
   4       17      511     2344      9542896122      9542898465        10542573          0        500          0          0
   4       17      511     5073      9542898488      9542903562        10544939          0        500          0          0
   4       17      517     3208      9542903608      9542906816        10550059          0        500          0          0
   4       17      517     3022      9542906834      9542909856        10553285          0        500          0          0
   4       17      537     2552      9542909883      9542912435        10556334          0        500          0          0
   4       17      886     1893      9542912461      9542914354        10558912          0        500          0          0
   4       17      511     2613      9542914381      9542916994        10560832          0        500          0          0
   4       17      511     3150      9542917033      9542920183        10563484          0        500          0          0
   4       17      511     2636      9542920215      9542922851        10566666          0        500          0          0
   4       17      520     2753      9542922877      9542925630        10569328          0        500          0          0
   4       17      519     2187      9542925654      9542927840        10572105          0        500          0          0
   4       17     1767     4560      9542927882      9542932443        10574333          0        500          0          0
   4       17     2205     3340      9542932500      9542935841        10578951          0        500          0          0
   4       17      516     2171      9542935861      9542938032        10582312          0        500          0          0
   4       17      511     1764      9542938057      9542939822        10584508          0        500          0          0
   4       17      519     2672      9542939840      9542942512        10586291          0        500          0          0
   4       17      519     2750      9542942537      9542945287        10588988          0        500          0          0
   4       17      511     1720      9542945304      9542947025        10591755          0        500          0          0
   4       17      511     2707      9542947047      9542949754        10593498          0        500          0          0
   4       17     3665     4242      9542949793      9542954035        10596243          0        500          0          0
   4       17      511     1977      9542954057      9542956034        10600507          0        500          0          0
   4       17      511     2273      9542956059      9542958332        10602510          0        500          0          0
   4       17     2721     4370      9542958361      9542962731        10604812          0        500          0          0
   4       17      524     2471      9542962758      9542965229        10609209          0        500          0          0
   4       17     1800     2997      9542965254      9542968251        10611705          0        500          0          0
   4       17      511     1546      9542968273      9542969818        10614724          0        500          0          0
   4       17     2433     4094      9542969842      9542973936        10616293          0        500          0          0
   4       17      520     2019      9542973955      9542975974        10620406          0        500          0          0
   4       17      511     2388      9542976020      9542978407        10622471          0        500          0          0
   4       17      511     2483      9542978436      9542980919        10624887          0        500          0          0
   4       17      519     2560      9542980943      9542983504        10627394          0        500          0          0
   4       17      517     2515      9542983520      9542986035        10629971          0        500          0          0
   4       17     2301     5003      9542986067      9542991070        10632518          0        500          0          0
   4       17      511     2384      9542991102      9542993486        10637553          0        500          0          0
   4       17      517     1614      9542993510      9542995124        10639961          0        500          0          0
   4       17      511     2847      9542995141      9542997988        10641592          0        500          0          0
   4       17      511     2295      9542998023      9543000318        10644474          0        500          0          0
   4       17      511     2211      9543000345      9543002555        10646796          0        500          0          0
   4       17      520     2586      9543002575      9543005161        10649026          0        500          0          0
   4       17      511     4233      9543005177      9543009410        10651628          0        500          0          0
   4       17      511     3207      9543009431      9543012638        10655882          0        500          0          0
   4       17      545     2664      9543012671      9543015335        10659122          0        500          0          0
   4       17      511     1484      9543015354      9543016838        10661805          0        500          0          0
   4       17     1083     2778      9543016862      9543019640        10663313          0        500          0          0
   4       17      518     2155      9543019662      9543021817        10666113          0        500          0          0
   4       17      518     3211      9543021865      9543025076        10668316          0        500          0          0
   4       17      511     2079      9543025097      9543027176        10671548          0        500          0          0
   4       17      511     4728      9543027197      9543031925        10673648          0        500          0          0
   4       17      517     2747      9543031949      9543034696        10678400          0        500          0          0
   4       17      520     2094      9543034723      9543036817        10681174          0        500          0          0
   4       17      519     2714      9543036841      9543039555        10683292          0        500          0          0
   4       17      517     2003      9543039572      9543041575        10686023          0        500          0          0
   4       17      517     2160      9543041593      9543043753        10688044          0        500          0          0
   4       17      518     2869      9543043783      9543046652        10690234          0        500          0          0
   4       17      519     2612      9543046678      9543049290        10693129          0        500          0          0
   4       17      511     4271      9543049309      9543053580        10695760          0        500          0          0
   4       17      517     2223      9543053602      9543055825        10700053          0        500          0          0
   4       17      516     1683      9543055870      9543057553        10702321          0        500          0          0
   4       17      518     2725      9543057577      9543060302        10704028          0        500          0          0
   4       17      511     2737      9543060326      9543063063        10706777          0        500          0          0
   4       17      511     2602      9543063088      9543065689        10709539          0        500          0          0
   4       17      516     2378      9543065741      9543068119        10712192          0        500          0          0
   4       17     2639     5162      9543068142      9543073304        10714593          0        500          0          0
   4       17      511     2773      9543073337      9543076111        10719788          0        500          0          0
   4       17      511     1928      9543076133      9543078061        10722584          0        500          0          0
   4       17      511     1347      9543078087      9543079433        10724538          0        500          0          0
   4       17      511     3033      9543079453      9543082486        10725904          0        500          0          0
   4       17      516     2080      9543082509      9543084589        10728960          0        500          0          0
   4       17      518     2768      9543084607      9543087374        10731058          0        500          0          0
   4       17      511     2703      9543087400      9543090104        10733851          0        500          0          0
   4       17      511     4626      9543090125      9543094750        10736576          0        500          0          0
   4       17      536     3069      9543094775      9543097844        10741226          0        500          0          0
   4       17      517     2775      9543097868      9543100643        10744319          0        500          0          0
   4       17      517     3064      9543100667      9543103731        10747118          0        500          0          0
   4       17      546     2228      9543103757      9543105986        10750208          0        500          0          0
   4       17      511     2058      9543106012      9543108070        10752463          0        500          0          0
   4       17      511     2484      9543108094      9543110578        10754545          0        500          0          0
   4       17      518     2768      9543110594      9543113362        10757045          0        500          0          0
   4       17     2583     4628      9543113408      9543118037        10759859          0        500          0          0
   4       17      511     1692      9543118074      9543119766        10764525          0        500          0          0
   4       17      965     2100      9543119789      9543121888        10766240          0        500          0          0
   4       17      517     2651      9543121909      9543124560        10768360          0        500          0          0
   4       17      522     2744      9543124592      9543127336        10771043          0        500          0          0
   4       17      511     2691      9543127364      9543130054        10773815          0        500          0          0
   4       17      511     2305      9543130073      9543132378        10776524          0        500          0          0
   4       17      511     3857      9543132402      9543136259        10778853          0        500          0          0
   4       17      511     2422      9543136281      9543138703        10782732          0        500          0          0
   4       17      518     1940      9543138727      9543140666        10785178          0        500          0          0
   4       17      517     2165      9543140689      9543142854        10787140          0        500          0          0
   4       17      518     2618      9543142879      9543145497        10789330          0        500          0          0
   4       17      520     2633      9543145521      9543148154        10791972          0        500          0          0
   4       17      511     2643      9543148172      9543150816        10794623          0        500          0          0
   4       17      518     2723      9543150831      9543153554        10797282          0        500          0          0
   4       17      518     2677      9543153575      9543156252        10800026          0        500          0          0
   4       17      511     2320      9543156270      9543158590        10802721          0        500          0          0
   4       17      518     2420      9543158611      9543161031        10805062          0        500          0          0
   4       17      511     2459      9543161056      9543163515        10807507          0        500          0          0
   4       17     4558     5611      9543163538      9543169149        10809989          0        500          0          0
   4       17      511     2839      9543169174      9543172012        10815625          0        500          0          0
   4       17      511     2465      9543172031      9543174497        10818482          0        500          0          0
   4       17      546     2108      9543174514      9543176623        10820965          0        500          0          0
   4       17      518     1903      9543176640      9543178543        10823091          0        500          0          0
   4       17      517     2484      9543178558      9543181042        10825008          0        500          0          0
   4       17      511     2844      9543181072      9543183915        10827523          0        500          0          0
   4       17      516     2222      9543183937      9543186159        10830388          0        500          0          0
   4       17     5984     7023      9543186185      9543193208        10832636          0        500          0          0
   4       17      511     1644      9543193231      9543194874        10839681          0        500          0          0
   4       17      534     2927      9543194892      9543197819        10841343          0        500          0          0
   4       17      518     1801      9543197841      9543199642        10844292          0        500          0          0
   4       17      520     2190      9543199669      9543201859        10846120          0        500          0          0
   4       17      518     2700      9543201882      9543204581        10848333          0        500          0          0
   4       17      516     2636      9543204600      9543207236        10851051          0        500          0          0
   4       17     1903     3549      9543207286      9543210835        10853737          0        500          0          0
   4       17      519     2108      9543210856      9543212964        10857307          0        500          0          0
   4       17      519     2996      9543212990      9543215986        10859441          0        500          0          0
   4       17      511     2054      9543216022      9543218075        10862473          0        500          0          0
   4       17      511     2849      9543218107      9543220956        10864558          0        500          0          0
   4       17      518     2253      9543220977      9543223231        10867428          0        500          0          0
   4       17      511     5349      9543223261      9543228611        10869712          0        500          0          0
   4       17      516     3021      9543228636      9543231656        10875087          0        500          0          0
   4       17      518     2838      9543231690      9543234528        10878141          0        500          0          0
   4       17      523     2451      9543234562      9543237014        10881013          0        500          0          0
   4       17      511     1589      9543237034      9543238623        10883485          0        500          0          0
   4       17      517     1863      9543238640      9543240503        10885091          0        500          0          0
   4       17      511     2208      9543241069      9543243277        10887520          0        500          0          0
   4       17      511     2788      9543243296      9543246084        10889747          0        500          0          0
   4       17      511     2710      9543246114      9543248824        10892565          0        500          0          0
   4       17     1476     2974      9543248842      9543251816        10895293          0        500          0          0
   4       17      548     2171      9543251839      9543254010        10898290          0        500          0          0
   4       17      511     2267      9543254031      9543256298        10900482          0        500          0          0
   4       17      511     2200      9543256320      9543258520        10902771          0        500          0          0
   4       17      516     3208      9543258543      9543261752        10904994          0        500          0          0
   4       17     1640     2412      9543261784      9543264196        10908235          0        500          0          0
   4       17      511     2637      9543264218      9543266855        10910669          0        500          0          0
   4       17      517     2725      9543266878      9543269603        10913329          0        500          0          0
   4       17      517     2683      9543269628      9543272311        10916079          0        500          0          0
   4       17      511     2564      9543272328      9543274892        10918779          0        500          0          0
   4       17      518     3835      9543274909      9543278744        10921360          0        500          0          0
   4       17      544     2197      9543278772      9543280969        10925223          0        500          0          0
   4       17      519     1884      9543280986      9543282870        10927437          0        500          0          0
   4       17      516     2727      9543282887      9543285614        10929338          0        500          0          0
   4       17      517     2709      9543285641      9543288349        10932091          0        500          0          0
   4       17      511     2702      9543288372      9543291075        10934823          0        500          0          0
   4       17     2245     5198      9543291108      9543296306        10937559          0        500          0          0
   4       17      511     2690      9543296337      9543299027        10942788          0        500          0          0
   4       17     1568     4984      9543299097      9543304081        10945548          0        500          0          0
   4       17      511     2235      9543304104      9543306339        10950555          0        500          0          0
   4       17      511     2943      9543306361      9543309305        10952812          0        500          0          0
   4       17      511     2786      9543309336      9543312122        10955787          0        500          0          0
   4       17      511     2390      9543312141      9543314531        10958592          0        500          0          0
   4       17      517     1168      9543314547      9543315715        10960998          0        500          0          0
   4       17     1433     3048      9543315741      9543318789        10962192          0        500          0          0
   4       17      519     3199      9543318813      9543322012        10965264          0        500          0          0
   4       17      511     2091      9543322034      9543324125        10968485          0        500          0          0
   4       17      511     1880      9543324147      9543326027        10970598          0        500          0          0
   4       17     3176     5068      9543326056      9543331124        10972507          0        500          0          0
   4       17      511     3331      9543331152      9543334483        10977603          0        500          0          0
   4       17      520     2515      9543334516      9543337031        10980967          0        500          0          0
   4       17      511     1978      9543337054      9543339033        10983505          0        500          0          0
   4       17      511     2263      9543339060      9543341323        10985511          0        500          0          0
   4       17      511     2620      9543341350      9543343970        10987801          0        500          0          0
   4       17      519     2601      9543343988      9543346589        10990439          0        500          0          0
   4       17      519     2654      9543346613      9543349267        10993064          0        500          0          0
   4       17     1593     3733      9543349292      9543353025        10995743          0        500          0          0
   4       17      511     2700      9543353048      9543355748        10999499          0        500          0          0
   4       17      517     2244      9543355769      9543358012        11002220          0        500          0          0
   4       17      511     1675      9543358036      9543359711        11004487          0        500          0          0
   4       17      521     2800      9543359739      9543362539        11006190          0        500          0          0
   4       17     2665     5404      9543362575      9543367978        11009026          0        500          0          0
   4       17      511     3550      9543368033      9543371583        11014484          0        500          0          0
   4       17      518     2408      9543371605      9543374013        11018056          0        500          0          0
   4       17      511     4231      9543374036      9543378268        11020487          0        500          0          0
   4       17      511     1574      9543378285      9543379859        11024736          0        500          0          0
   4       17      542     2105      9543379885      9543381990        11026336          0        500          0          0
   4       17      511     3023      9543382014      9543385037        11028465          0        500          0          0
   4       17      511     2075      9543385071      9543387146        11031522          0        500          0          0
   4       17      511     2162      9543387168      9543389331        11033619          0        500          0          0
   4       17      511     2421      9543389357      9543391777        11035808          0        500          0          0
   4       17     2145     4350      9543391836      9543396186        11038287          0        500          0          0
   4       17      511     1673      9543396209      9543397883        11042660          0        500          0          0
   4       17      521     2278      9543397916      9543400194        11044367          0        500          0          0
   4       17      511     2881      9543400216      9543403097        11046667          0        500          0          0
   4       17      511     2592      9543403116      9543405708        11049567          0        500          0          0
   4       17      516     2070      9543405757      9543407827        11052208          0        500          0          0
   4       17     4980     6792      9543407843      9543414635        11054294          0        500          0          0
   4       17      517     2205      9543414658      9543416863        11061109          0        500          0          0
   4       17      517     2439      9543416883      9543419322        11063334          0        500          0          0
   4       17     1538     2653      9543419345      9543421998        11065796          0        500          0          0
   4       17      511     1473      9543422026      9543423499        11068477          0        500          0          0
   4       17      518     2719      9543423525      9543426244        11069976          0        500          0          0
   4       17      511     2731      9543426266      9543428997        11072717          0        500          0          0
   4       17      511     2716      9543429028      9543431745        11075479          0        500          0          0
   4       17      517     2362      9543431769      9543434131        11078220          0        500          0          0
   4       17      511     2830      9543434155      9543436984        11080606          0        500          0          0
   4       17      511     2187      9543437025      9543439211        11083476          0        500          0          0
   4       17      511     2290      9543439237      9543441528        11085688          0        500          0          0
   4       17      517     2488      9543441546      9543444034        11087997          0        500          0          0
   4       17     2162     3154      9543444059      9543447213        11090510          0        500          0          0
   4       17      511     2215      9543447232      9543449447        11093683          0        500          0          0
   4       17     3478     4580      9543449474      9543454054        11095925          0        500          0          0
   4       17      511     1597      9543454077      9543455674        11100528          0        500          0          0
   4       17      516     2855      9543455690      9543458545        11102141          0        500          0          0
   4       17      517     2778      9543458568      9543461346        11105019          0        500          0          0
   4       17      511     2223      9543461369      9543463592        11107820          0        500          0          0
   4       17      520     2213      9543463618      9543465831        11110069          0        500          0          0
   4       17     2282     4936      9543465852      9543470789        11112303          0        500          0          0
   4       17      548     2559      9543470821      9543473380        11117272          0        500          0          0
   4       17      511     1501      9543473399      9543474899        11119849          0        500          0          0
   4       17      522     2560      9543474924      9543477484        11121375          0        500          0          0
   4       17      517     1527      9543477501      9543479028        11123952          0        500          0          0
   4       17     1617     3536      9543479052      9543482588        11125503          0        500          0          0
   4       17      518     3014      9543482635      9543485649        11129086          0        500          0          0
   4       17     3513     4391      9543485678      9543490069        11132129          0        500          0          0
   4       17      511     1606      9543490094      9543491699        11136545          0        500          0          0
   4       17      548     2169      9543491725      9543493895        11138176          0        500          0          0
   4       17      520     2785      9543493916      9543496701        11140367          0        500          0          0
   4       17      517     2161      9543496725      9543498886        11143176          0        500          0          0
   4       17      520     2715      9543498906      9543501621        11145357          0        500          0          0
   4       17     2428     5845      9543501642      9543507487        11148093          0        500          0          0
   4       17      538     2312      9543507515      9543509826        11153966          0        500          0          0
   4       17      518     1697      9543509845      9543511542        11156296          0        500          0          0
   4       17      517     2069      9543511560      9543513628        11158010          0        500          0          0
   4       17      517     2203      9543513644      9543515847        11160095          0        500          0          0
   4       17      516     2652      9543515887      9543518539        11162338          0        500          0          0
   4       17      517     2554      9543518563      9543521116        11165014          0        500          0          0
   4       17      511     2922      9543521139      9543524062        11167590          0        500          0          0
   4       17      511     2839      9543524084      9543526923        11170535          0        500          0          0
   4       17      519     2150      9543526947      9543529097        11173398          0        500          0          0
   4       17      511     2399      9543529128      9543531526        11175579          0        500          0          0
   4       17      519     2699      9543531556      9543534255        11178007          0        500          0          0
   4       17      511     2756      9543534280      9543537036        11180731          0        500          0          0
   4       17      511     2703      9543537064      9543539767        11183515          0        500          0          0
   4       17     4911     7132      9543539786      9543546918        11186237          0        500          0          0
   4       17      516     1702      9543546942      9543548644        11193393          0        500          0          0
   4       17      540     2317      9543548665      9543550983        11195116          0        500          0          0
   4       17      511     1162      9543551011      9543552173        11197462          0        500          0          0
   4       17     1067     2984      9543552200      9543555183        11198651          0        500          0          0
   4       17      511     2750      9543555207      9543557957        11201658          0        500          0          0
   4       17      517     2325      9543557982      9543560307        11204433          0        500          0          0
   4       17     1785     2883      9543560331      9543563214        11206782          0        500          0          0
   4       17      511     2135      9543563242      9543565377        11209693          0        500          0          0
   4       17     3155     4248      9543565396      9543569644        11211847          0        500          0          0
   4       17      519     1848      9543569668      9543571515        11216119          0        500          0          0
   4       17     1644     2488      9543571542      9543574030        11217993          0        500          0          0
   4       17      511     2513      9543574088      9543576601        11220539          0        500          0          0
   4       17      519     2846      9543576626      9543579471        11223076          0        500          0          0
   4       17      517     4501      9543579492      9543583993        11225943          0        500          0          0
   4       17      511     2542      9543584026      9543586567        11230477          0        500          0          0
   4       17      519     2214      9543586591      9543588804        11233041          0        500          0          0
   4       17      517     1599      9543588829      9543590428        11235280          0        500          0          0
   4       17      511     3232      9543590449      9543593681        11236900          0        500          0          0
   4       17      516     2174      9543593729      9543595904        11240180          0        500          0          0
   4       17      519     2688      9543595920      9543598608        11242371          0        500          0          0
   4       17      517     2759      9543598626      9543601385        11245077          0        500          0          0
   4       17      511     4111      9543601403      9543605514        11247854          0        500          0          0
   4       17      517     2736      9543605538      9543608274        11251989          0        500          0          0
   4       17      511     2264      9543608296      9543610560        11254747          0        500          0          0
   4       17      518     1580      9543610583      9543612163        11257034          0        500          0          0
   4       17      511     2571      9543612180      9543614751        11258631          0        500          0          0
   4       17      516     3231      9543614801      9543618032        11261252          0        500          0          0
   4       17      511     2520      9543618065      9543620585        11264516          0        500          0          0
   4       17      517     2166      9543620604      9543622769        11267054          0        500          0          0
   4       17     1839     4149      9543622805      9543626954        11269256          0        500          0          0
   4       17      519     2691      9543626982      9543629673        11273433          0        500          0          0
   4       17      516     4330      9543629692      9543634022        11276143          0        500          0          0
   4       17      511     2078      9543634047      9543636125        11280498          0        500          0          0
   4       17      511     2182      9543636150      9543638332        11282601          0        500          0          0
   4       17      511     1090      9543638356      9543639446        11284807          0        500          0          0
   4       17      511     3088      9543639474      9543642562        11285925          0        500          0          0
   4       17      519     2406      9543642583      9543644989        11289034          0        500          0          0
   4       17      511     2705      9543645024      9543647728        11291474          0        500          0          0
   4       17      535     2741      9543647752      9543650493        11294203          0        500          0          0
   4       17     1071     2249      9543650524      9543652773        11296975          0        500          0          0
   4       17      520     2738      9543652804      9543655542        11299255          0        500          0          0
   4       17      520     2706      9543655567      9543658273        11302018          0        500          0          0
   4       17      511     2730      9543658299      9543661028        11304750          0        500          0          0
   4       17      511     2282      9543661046      9543663328        11307497          0        500          0          0
   4       17     3271     4342      9543663406      9543667748        11309857          0        500          0          0
   4       17      518     1625      9543667808      9543669433        11314259          0        500          0          0
   4       17      511     3221      9543669450      9543672671        11315901          0        500          0          0
   4       17      550     2200      9543672705      9543674905        11319156          0        500          0          0
   4       17      520     2290      9543674926      9543677216        11321377          0        500          0          0
   4       17      511     2674      9543677241      9543679916        11323692          0        500          0          0
   4       17     1042     2682      9543679930      9543682613        11326381          0        500          0          0
   4       17      517     2628      9543682629      9543685257        11329080          0        500          0          0
   4       17      511     2601      9543685280      9543687881        11331731          0        500          0          0
   4       17      517     2131      9543687901      9543690032        11334352          0        500          0          0
   4       17      511     2357      9543690052      9543692410        11336503          0        500          0          0
   4       17     4452     5021      9543692432      9543697453        11338883          0        500          0          0
   4       17      511     2037      9543697477      9543699514        11343928          0        500          0          0
   4       17     1745     3982      9543699549      9543703531        11346000          0        500          0          0
   4       17      518     3141      9543703556      9543706697        11350007          0        500          0          0
   4       17      543     2625      9543706725      9543709349        11353176          0        500          0          0
   4       17      511     2615      9543709370      9543711984        11355821          0        500          0          0
   4       17      511     2021      9543712010      9543714030        11358461          0        500          0          0
   4       17      511     2619      9543714047      9543716666        11360498          0        500          0          0
   4       17      517     2789      9543716682      9543719472        11363133          0        500          0          0
   4       17      517     2176      9543719497      9543721672        11365948          0        500          0          0
   4       17     2546     4442      9543721688      9543726130        11368139          0        500          0          0
   4       17      511     2166      9543726163      9543728329        11372614          0        500          0          0
   4       17      511     1635      9543728351      9543729986        11374802          0        500          0          0
   4       17      511     2752      9543730029      9543732781        11376480          0        500          0          0
   4       17      517     2785      9543732834      9543735619        11379285          0        500          0          0
   4       17      517     2492      9543735674      9543738166        11382125          0        500          0          0
   4       17      511     2705      9543738197      9543740903        11384648          0        500          0          0
   4       17     2511     5563      9543740941      9543746503        11387392          0        500          0          0
   4       17      517     2617      9543746524      9543749141        11392975          0        500          0          0
   4       17      511     1611      9543749160      9543750770        11395610          0        500          0          0
   4       17      516     2208      9543750805      9543753012        11397256          0        500          0          0
   4       17      511     2696      9543753036      9543755733        11399487          0        500          0          0
   4       17      519     2287      9543755790      9543758078        11402241          0        500          0          0
   4       17      511     2314      9543758108      9543760422        11404559          0        500          0          0
   4       17      511     5702      9543760444      9543766146        11406895          0        500          0          0
   4       17      511     3320      9543766171      9543769490        11412621          0        500          0          0
   4       17      517     2709      9543769511      9543772220        11415962          0        500          0          0
   4       17      511     1757      9543772242      9543773999        11418693          0        500          0          0
   4       17      511     1383      9543774032      9543775415        11420483          0        500          0          0
   4       17      511     1830      9543775440      9543777270        11421891          0        500          0          0
   4       17     3060     5632      9543777296      9543782929        11423747          0        500          0          0
   4       17      519     3140      9543782951      9543786092        11429402          0        500          0          0
   4       17      511     3216      9543786115      9543789330        11432565          0        500          0          0
   4       17      511     2685      9543789362      9543792047        11435813          0        500          0          0
   4       17      511     2763      9543792070      9543794833        11438521          0        500          0          0
   4       17      521     2822      9543794855      9543797677        11441306          0        500          0          0
   4       17      516     2714      9543797700      9543800414        11444151          0        500          0          0
   4       17      511     1093      9543800438      9543801532        11446889          0        500          0          0
   4       17      517     2752      9543801548      9543804301        11447999          0        500          0          0
   4       17      511     2853      9543804320      9543807173        11450771          0        500          0          0
   4       17      511     2405      9543807192      9543809598        11453643          0        500          0          0
   4       17      516     2204      9543809641      9543811845        11456092          0        500          0          0
   4       17     2198     4454      9543811871      9543816325        11458322          0        500          0          0
   4       17      511     3705      9543816345      9543820050        11462796          0        500          0          0
   4       17      511     2510      9543820073      9543822583        11466524          0        500          0          0
   4       17      518     1362      9543822605      9543823967        11469056          0        500          0          0
   4       17      517     2639      9543823989      9543826628        11470440          0        500          0          0
   4       17      519     1874      9543826646      9543828520        11473097          0        500          0          0
   4       17      518     2880      9543828540      9543831420        11474991          0        500          0          0
   4       17      511     2692      9543831448      9543834140        11477899          0        500          0          0
   4       17      511     2719      9543834162      9543836881        11480613          0        500          0          0
   4       17     1930     3065      9543836899      9543839964        11483350          0        500          0          0
   4       17      516     1995      9543839984      9543841979        11486435          0        500          0          0
   4       17      511     2699      9543842013      9543844711        11488464          0        500          0          0
   4       17      520     2641      9543844736      9543847377        11491187          0        500          0          0
   4       17      511     2572      9543847427      9543849998        11493877          0        500          0          0
   4       17      511     2745      9543850023      9543852767        11496474          0        500          0          0
   4       17     2546     3400      9543852792      9543856192        11499243          0        500          0          0
   4       17     1580     2152      9543856216      9543858368        11502666          0        500          0          0
   4       17      511     2638      9543858391      9543861029        11504842          0        500          0          0
   4       17      511     2751      9543861060      9543863811        11507511          0        500          0          0
   4       17      517     2728      9543863835      9543866563        11510286          0        500          0          0
   4       17      517     2817      9543866583      9543869400        11513034          0        500          0          0
   4       17      511     3363      9543869419      9543872782        11515870          0        500          0          0
   4       17     2044     3630      9543872810      9543876440        11519261          0        500          0          0
   4       17      511     2565      9543876471      9543879036        11522922          0        500          0          0
   4       17      511     1908      9543879053      9543880961        11525504          0        500          0          0
   4       17      520     1986      9543880978      9543882964        11527429          0        500          0          0
   4       17      511     2760      9543883015      9543885774        11529466          0        500          0          0
   4       17      516     2832      9543885835      9543888667        11532286          0        500          0          0
   4       17      516     2327      9543888715      9543891041        11535165          0        500          0          0
   4       17      511     5939      9543891075      9543897014        11537526          0        500          0          0
   4       17      511     2649      9543897039      9543899688        11543490          0        500          0          0
   4       17      519     1641      9543899712      9543901353        11546163          0        500          0          0
   4       17      511     2243      9543901369      9543903612        11547820          0        500          0          0
   4       17      517     2356      9543903654      9543906010        11550105          0        500          0          0
   4       17      511     2284      9543906031      9543908315        11552482          0        500          0          0
   4       17     2412     4308      9543908347      9543912654        11554798          0        500          0          0
   4       17      520     2057      9543912686      9543914743        11559137          0        500          0          0
   4       17      545     2676      9543914772      9543917449        11561223          0        500          0          0
   4       17      511     2540      9543917472      9543920013        11563923          0        500          0          0
   4       17      511     1726      9543920034      9543921760        11566485          0        500          0          0
   4       17      518     2949      9543921781      9543924730        11568232          0        500          0          0
   4       17     3381     3954      9543924754      9543928709        11571205          0        500          0          0
   4       17      516     2564      9543928730      9543931294        11575181          0        500          0          0
   4       17     1398     3102      9543931320      9543934422        11577771          0        500          0          0
   4       17      511     2199      9543934449      9543936648        11580900          0        500          0          0
   4       17      519     1667      9543936679      9543938346        11583130          0        500          0          0
   4       17     2836     4465      9543938397      9543942862        11584848          0        500          0          0
   4       17      517     2164      9543942904      9543945069        11589355          0        500          0          0
   4       17      511     2801      9543945083      9543947885        11591534          0        500          0          0
   4       17      516     2174      9543947937      9543950111        11594388          0        500          0          0
   4       17      511     2950      9543950129      9543953079        11596579          0        500          0          0
   4       17      511     2587      9543953102      9543955690        11599553          0        500          0          0
   4       17     2581     5913      9543955729      9543961642        11602180          0        500          0          0
   4       17      516     2728      9543961667      9543964396        11608118          0        500          0          0
   4       17      511     2770      9543964423      9543967193        11610874          0        500          0          0
   4       17      511     2299      9543967217      9543969515        11613668          0        500          0          0
   4       17      518     1473      9543969536      9543971010        11615987          0        500          0          0
   4       17      511     2580      9543971026      9543973606        11617477          0        500          0          0
   4       17      521     2436      9543973636      9543976072        11620087          0        500          0          0
   4       17      511     2686      9543976096      9543978782        11622547          0        500          0          0
   4       17      519     2766      9543978806      9543981571        11625257          0        500          0          0
   4       17     5262     5837      9543981592      9543987429        11628043          0        500          0          0
   4       17     1628     2204      9543987452      9543989656        11633903          0        500          0          0
   4       17      517     2456      9543989677      9543992133        11636128          0        500          0          0
   4       17      511     1563      9543992160      9543993723        11638611          0        500          0          0
   4       17      517     2877      9543993742      9543996619        11640193          0        500          0          0
   4       17      519     1616      9543996649      9543998265        11643100          0        500          0          0
   4       17      511     1599      9543998285      9543999884        11644736          0        500          0          0
   4       17     1060     2834      9543999900      9544002734        11646351          0        500          0          0
   4       17     2058     3770      9544002788      9544006557        11649239          0        500          0          0
   4       17      516     2850      9544006576      9544009426        11653027          0        500          0          0
   4       17      511     1565      9544009450      9544011015        11655901          0        500          0          0
   4       17      511     1612      9544011034      9544012646        11657485          0        500          0          0
   4       17      516     2246      9544012663      9544014909        11659114          0        500          0          0
   4       17     1058     2876      9544014924      9544017800        11661375          0        500          0          0
   4       17     2698     4360      9544017821      9544022181        11664272          0        500          0          0
   4       17      511     1808      9544022204      9544024012        11668655          0        500          0          0
   4       17      511     2314      9544024030      9544026344        11670481          0        500          0          0
   4       17      511     2563      9544026367      9544028930        11672818          0        500          0          0
   4       17      511     1985      9544029025      9544031010        11675476          0        500          0          0
   4       17     1666     2817      9544031027      9544033844        11677478          0        500          0          0
   4       17      518     1869      9544033875      9544035744        11680326          0        500          0          0
   4       17     2201     3403      9544035774      9544039177        11682225          0        500          0          0
   4       17      511     1906      9544039199      9544041105        11685650          0        500          0          0
   4       17      516     2243      9544041664      9544043907        11688115          0        500          0          0
   4       17     1946     3093      9544043931      9544047025        11690382          0        500          0          0
   4       17      511     1958      9544047052      9544049010        11693503          0        500          0          0
   4       17     3073     5734      9544049030      9544054764        11695481          0        500          0          0
   4       17      516     1093      9544054790      9544055883        11701241          0        500          0          0
   4       17      516     1805      9544055903      9544057709        11702354          0        500          0          0
   4       17      518     3291      9544057725      9544061016        11704176          0        500          0          0
   4       17      511     1648      9544061039      9544062686        11707490          0        500          0          0
   4       17      519     1982      9544062707      9544064689        11709158          0        500          0          0
   4       17      520     2760      9544064723      9544067482        11711173          0        500          0          0
   4       17     3422     4525      9544067501      9544072026        11713952          0        500          0          0
   4       17      511     3897      9544072049      9544075946        11718500          0        500          0          0
   4       17      523     2685      9544075969      9544078654        11722420          0        500          0          0
   4       17      518     2059      9544078681      9544080739        11725132          0        500          0          0
   4       17      523     2569      9544080771      9544083340        11727222          0        500          0          0
   4       17      511     2181      9544083370      9544085551        11729821          0        500          0          0
   4       17      522     2763      9544085581      9544088344        11732032          0        500          0          0
   4       17      511     2661      9544088373      9544091033        11734823          0        500          0          0
   4       17      511     2843      9544091061      9544093903        11737512          0        500          0          0
   4       17      511     2145      9544095068      9544097213        11741519          0        500          0          0
   4       17      511     2781      9544097232      9544100013        11743683          0        500          0          0
   4       17      511     1618      9544100037      9544101655        11746488          0        500          0          0
   4       17      521     2772      9544101683      9544104455        11748134          0        500          0          0
   4       17      511     2162      9544104478      9544106641        11750929          0        500          0          0
   4       17     2888     4379      9544106662      9544111041        11753113          0        500          0          0
   4       17      511     1852      9544111074      9544112926        11757525          0        500          0          0
   4       17     2731     5681      9544112947      9544118628        11759398          0        500          0          0
   4       17      518     1098      9544118656      9544119754        11765107          0        500          0          0
   4       17      517     2136      9544119802      9544121939        11766253          0        500          0          0
   4       17      523     2622      9544121977      9544124599        11768428          0        500          0          0
   4       17      519     2219      9544124622      9544126841        11771073          0        500          0          0
   4       17     1354     2970      9544126868      9544129838        11773319          0        500          0          0
   4       17     3793     4344      9544129863      9544134206        11776314          0        500          0          0
   4       17      511     1603      9544134231      9544135834        11780682          0        500          0          0
   4       17      518     2567      9544135849      9544138416        11782300          0        500          0          0
   4       17      511     2212      9544138445      9544140657        11784896          0        500          0          0
   4       17      516     1624      9544140697      9544142321        11787148          0        500          0          0
   4       17      511     2416      9544142339      9544144755        11788790          0        500          0          0
   4       17     2710     4386      9544144780      9544149167        11791231          0        500          0          0
   4       17      511     2191      9544149192      9544151384        11795643          0        500          0          0
   4       17      511     2379      9544151405      9544153784        11797856          0        500          0          0
   4       17      517     1821      9544153808      9544155629        11800259          0        500          0          0
   4       17      523     2222      9544155666      9544157888        11802117          0        500          0          0
   4       17      519     2801      9544157912      9544160713        11804363          0        500          0          0
   4       17     4442     6404      9544160743      9544167147        11807193          0        500          0          0
   4       17      511     2083      9544167174      9544169256        11813625          0        500          0          0
   4       17      511     3209      9544169284      9544172493        11815735          0        500          0          0
   4       17      520     2756      9544172525      9544175282        11818976          0        500          0          0
   4       17      511     2886      9544175302      9544178189        11821753          0        500          0          0
   4       17      511     2203      9544178214      9544180416        11824665          0        500          0          0
   4       17      511     1622      9544180436      9544182057        11826887          0        500          0          0
   4       17      511     1946      9544182075      9544184021        11828526          0        500          0          0
   4       17      511     2568      9544184044      9544186612        11830495          0        500          0          0
   4       17      518     2294      9544186634      9544188928        11833085          0        500          0          0
   4       17      521     2700      9544188955      9544191654        11835406          0        500          0          0
   4       17     3893     4860      9544191674      9544196535        11838125          0        500          0          0
   4       17      521     1638      9544196567      9544198205        11843018          0        500          0          0
   4       17      511     1285      9544198224      9544199509        11844675          0        500          0          0
   4       17      516     2820      9544199524      9544202344        11845975          0        500          0          0
   4       17      511     2185      9544202372      9544204557        11848823          0        500          0          0
   4       17      518     2819      9544204577      9544207396        11851028          0        500          0          0
   4       17     2830     4553      9544207457      9544212010        11853908          0        500          0          0
   4       17      511     2113      9544212033      9544214146        11858484          0        500          0          0
   4       17      511     1698      9544214170      9544215867        11860621          0        500          0          0
   4       17      516     2712      9544215915      9544218627        11862366          0        500          0          0
   4       17      519     2879      9544218647      9544221526        11865098          0        500          0          0
   4       17      520     2253      9544221553      9544223807        11868004          0        500          0          0
   4       17      523     2202      9544223831      9544226033        11870282          0        500          0          0
   4       17     1841     3895      9544226054      9544229949        11872505          0        500          0          0
   4       17      516     2152      9544229975      9544232126        11876426          0        500          0          0
   4       17      511     2735      9544232151      9544234885        11878602          0        500          0          0
   4       17      521     2760      9544234908      9544237667        11881359          0        500          0          0
   4       17      519     1622      9544237688      9544239310        11884139          0        500          0          0
   4       17      511     1598      9544239329      9544240927        11885780          0        500          0          0
   4       17     2134     4434      9544240941      9544245375        11887392          0        500          0          0
   4       17      511     4504      9544245398      9544249902        11891849          0        500          0          0
   4       17      518     2178      9544249931      9544252108        11896382          0        500          0          0
   4       17      511     1081      9544252130      9544253211        11898581          0        500          0          0
   4       17      511     1122      9544253227      9544254349        11899678          0        500          0          0
   4       17     2183     4046      9544254367      9544258413        11900818          0        500          0          0
   4       17      511     2174      9544258435      9544260609        11904886          0        500          0          0
   4       17      517     1765      9544260630      9544262395        11907081          0        500          0          0
   4       17      511     3273      9544262418      9544265691        11908869          0        500          0          0
   4       17      517     1860      9544265715      9544267575        11912166          0        500          0          0
   4       17      519     2000      9544267602      9544269602        11914053          0        500          0          0
   4       17     2753     4474      9544269625      9544274099        11916076          0        500          0          0
   4       17      511     2140      9544274122      9544276263        11920573          0        500          0          0
   4       17      511     2857      9544276280      9544279138        11922731          0        500          0          0
   4       17      511     2707      9544279159      9544281866        11925610          0        500          0          0
   4       17      517     1619      9544281890      9544283509        11928341          0        500          0          0
   4       17      516     2198      9544283523      9544285721        11929974          0        500          0          0
   4       17     2225     3874      9544285743      9544289617        11932194          0        500          0          0
   4       17      517     2134      9544289640      9544291773        11936091          0        500          0          0
   4       17      517     2134      9544291792      9544293926        11938243          0        500          0          0
   4       17      517     2885      9544293976      9544296860        11940427          0        500          0          0
   4       17      517     2160      9544296885      9544299046        11943336          0        500          0          0
   4       17      511     2322      9544299063      9544301385        11945514          0        500          0          0
   4       17      511     2030      9544301410      9544303440        11947860          0        500          0          0
   4       17     2459     4093      9544303458      9544307550        11949909          0        500          0          0
   4       17      517     2788      9544307576      9544310364        11954027          0        500          0          0
   4       17      511     2269      9544310387      9544312656        11956838          0        500          0          0
   4       17      517     2256      9544312679      9544314935        11959130          0        500          0          0
   4       17      516     2568      9544314984      9544317552        11961435          0        500          0          0
   4       17      518     2233      9544317577      9544319810        11964028          0        500          0          0
   4       17     1771     2388      9544319833      9544322220        11966284          0        500          0          0
   4       17     2185     3880      9544322242      9544326122        11968693          0        500          0          0
   4       17     2411     3448      9544326145      9544329593        11972596          0        500          0          0
   4       17      545     1404      9544329626      9544331029        11976077          0        500          0          0
   4       17      511     3285      9544331053      9544334337        11977504          0        500          0          0
   4       17      511     2319      9544334362      9544336682        11980813          0        500          0          0
   4       17      516     2177      9544336701      9544338878        11983152          0        500          0          0
   4       17      519     2198      9544338898      9544341096        11985349          0        500          0          0
   4       17      511     2737      9544341115      9544343853        11987566          0        500          0          0
   4       17      516     2162      9544343893      9544346056        11990344          0        500          0          0
   4       17      511     2304      9544346071      9544348374        11992522          0        500          0          0
   4       17      511     3289      9544348401      9544351690        11994852          0        500          0          0
   4       17      517     1634      9544351710      9544353344        11998161          0        500          0          0
   4       17      511     2726      9544353362      9544356088        11999813          0        500          0          0
   4       17      511     1626      9544356110      9544357736        12002561          0        500          0          0
   4       17      516     2868      9544357773      9544360641        12004224          0        500          0          0
   4       17      522     2225      9544360669      9544362894        12007120          0        500          0          0
   4       17     3252     3837      9544362915      9544366753        12009366          0        500          0          0
   4       17      539     2253      9544366778      9544369031        12013229          0        500          0          0
   4       17      511     2386      9544369057      9544371444        12015508          0        500          0          0
   4       17      511     2825      9544371464      9544374289        12017915          0        500          0          0
   4       17      511     2153      9544374317      9544376470        12020768          0        500          0          0
   4       17      511     2798      9544376487      9544379285        12022938          0        500          0          0
   4       17      511     2149      9544379343      9544381492        12025794          0        500          0          0
   4       17      516     2160      9544381509      9544383669        12027960          0        500          0          0
   4       17      520     2537      9544383695      9544386231        12030146          0        500          0          0
   4       17      511     2833      9544386249      9544389082        12032700          0        500          0          0
   4       17      511     2145      9544389105      9544391250        12035555          0        500          0          0
   4       17      511     2194      9544391266      9544393460        12037717          0        500          0          0
   4       17      511     3825      9544393481      9544397306        12039932          0        500          0          0
   4       17      511     1080      9544397327      9544398407        12043778          0        500          0          0
   4       17      511     2539      9544398423      9544400962        12044874          0        500          0          0
   4       17      511     2633      9544401016      9544403649        12047467          0        500          0          0
   4       17      526     2703      9544403682      9544406385        12050133          0        500          0          0
   4       17      511     2183      9544406407      9544408590        12052858          0        500          0          0
   4       17     2195     3981      9544408614      9544412594        12055065          0        500          0          0
   4       17      520     1391      9544412621      9544414012        12059072          0        500          0          0
   4       17      511     2446      9544414032      9544416478        12060483          0        500          0          0
   4       17     2714     4955      9544416504      9544421459        12062955          0        500          0          0
   4       17     1004     2529      9544421483      9544424012        12067934          0        500          0          0
   4       17      511     1602      9544424033      9544425635        12070484          0        500          0          0
   4       17      517     2435      9544425653      9544428088        12072104          0        500          0          0
   4       17      511     2795      9544428109      9544430905        12074560          0        500          0          0
   4       17      517     2170      9544430929      9544433100        12077380          0        500          0          0
   4       17      511     2443      9544433116      9544435559        12079567          0        500          0          0
   4       17     5097     5664      9544435581      9544441245        12082032          0        500          0          0
   4       17      511     1763      9544441268      9544443031        12087719          0        500          0          0
   4       17      511     2724      9544443052      9544445775        12089503          0        500          0          0
   4       17      520     3431      9544445800      9544449231        12092251          0        500          0          0
   4       17      542     2771      9544449265      9544452036        12095716          0        500          0          0
   4       17      511     2192      9544452065      9544454257        12098516          0        500          0          0
   4       17     2753     4529      9544454287      9544458816        12100738          0        500          0          0
   4       17      517     2178      9544458843      9544461021        12105294          0        500          0          0
   4       17      511     1638      9544461046      9544462684        12107496          0        500          0          0
   4       17      519     2243      9544462700      9544464943        12109151          0        500          0          0
   4       17      518     2248      9544464966      9544467214        12111417          0        500          0          0
   4       17      511     3220      9544467266      9544470485        12113717          0        500          0          0
   4       17      516     2161      9544470507      9544472667        12116958          0        500          0          0
   4       17     3398     4986      9544472695      9544477681        12119146          0        500          0          0
   4       17      521     3677      9544477714      9544481391        12124165          0        500          0          0
   4       17      511     2160      9544481422      9544483582        12127873          0        500          0          0
   4       17      516     2132      9544483602      9544485734        12130053          0        500          0          0
   4       17      516     2129      9544485751      9544487880        12132201          0        500          0          0
   4       17      516     2276      9544487896      9544490172        12134347          0        500          0          0
   4       17      511     2374      9544490193      9544492567        12136644          0        500          0          0
   4       17      523     2220      9544492597      9544494817        12139048          0        500          0          0
   4       17      518     2343      9544494837      9544497180        12141288          0        500          0          0
   4       17     4090     4625      9544497214      9544501839        12143665          0        500          0          0
   4       17      517     2318      9544501867      9544504185        12148318          0        500          0          0
   4       17      511     2187      9544504209      9544506396        12150660          0        500          0          0
   4       17      511     1673      9544506414      9544508088        12152865          0        500          0          0
   4       17      511     2447      9544508106      9544510554        12154557          0        500          0          0
   4       17      517     2004      9544510577      9544512581        12157028          0        500          0          0
   4       17      521     2793      9544512607      9544515400        12159058          0        500          0          0
   4       17      511     2851      9544515421      9544518272        12161872          0        500          0          0
   4       17     4444     6625      9544518296      9544524921        12164747          0        500          0          0
   4       17      540     1113      9544524952      9544526065        12171403          0        500          0          0
   4       17      511     1538      9544526089      9544527627        12172540          0        500          0          0
   4       17      520     2139      9544527646      9544529786        12174097          0        500          0          0
   4       17      516     2760      9544529805      9544532565        12176256          0        500          0          0
   4       17      517     2687      9544532585      9544535272        12179036          0        500          0          0
   4       17      511     2595      9544535290      9544537885        12181741          0        500          0          0
   4       17     1231     2767      9544537934      9544540702        12184385          0        500          0          0
   4       17     2024     3646      9544540732      9544544378        12187183          0        500          0          0
   4       17      511     2126      9544544409      9544546535        12190860          0        500          0          0
   4       17      520     2217      9544546565      9544548782        12193016          0        500          0          0
   4       17      518     2682      9544548799      9544551480        12195250          0        500          0          0
   4       17      517     2722      9544551511      9544554233        12197962          0        500          0          0
   4       17      511     2658      9544554260      9544556917        12200711          0        500          0          0
   4       17     1604     2740      9544556974      9544559715        12203425          0        500          0          0
   4       17      517     2873      9544559737      9544562610        12206188          0        500          0          0
   4       17     2228     3451      9544562641      9544566092        12209092          0        500          0          0
   4       17      511     2142      9544566113      9544568255        12212564          0        500          0          0
   4       17      511     2803      9544568280      9544571083        12214730          0        500          0          0
   4       17      511     2687      9544571105      9544573793        12217556          0        500          0          0
   4       17      976     2088      9544573814      9544575903        12220265          0        500          0          0
   4       17      522     2055      9544575957      9544578012        12222408          0        500          0          0
   4       17     2777     3940      9544578034      9544581973        12224485          0        500          0          0
   4       17      511     1717      9544582012      9544583729        12228463          0        500          0          0
   4       17      519     2757      9544583755      9544586511        12230206          0        500          0          0
   4       17      517     2700      9544586535      9544589235        12232986          0        500          0          0
   4       17      511     2610      9544589259      9544591868        12235710          0        500          0          0
   4       17      520     2193      9544591902      9544594095        12238353          0        500          0          0
   4       17      511     4062      9544594125      9544598187        12240576          0        500          0          0
   4       17      511     1776      9544598212      9544599987        12244663          0        500          0          0
   4       17      511     2195      9544600030      9544602225        12246481          0        500          0          0
   4       17      511     2792      9544602245      9544605037        12248695          0        500          0          0
   4       17      511     2788      9544605069      9544607857        12251520          0        500          0          0
   4       17      520     2162      9544607879      9544610041        12254330          0        500          0          0
   4       17      511     2538      9544610070      9544612607        12256520          0        500          0          0
   4       17      517     2409      9544612625      9544615033        12259076          0        500          0          0
   4       17      511     2799      9544615059      9544617858        12261510          0        500          0          0
   4       17      518     2352      9544617881      9544620233        12264331          0        500          0          0
   4       17      511     2664      9544620262      9544622926        12266713          0        500          0          0
   4       17      518     2603      9544622952      9544625556        12269403          0        500          0          0
   4       17     2643     4240      9544625578      9544629819        12272029          0        500          0          0
   4       17      519     2178      9544629855      9544632033        12276306          0        500          0          0
   4       17      511     2467      9544632060      9544634527        12278511          0        500          0          0
   4       17      520     2665      9544634551      9544637217        12281002          0        500          0          0
   4       17      511     2718      9544637243      9544639961        12283694          0        500          0          0
   4       17      511     2612      9544640018      9544642630        12286469          0        500          0          0
   4       17     2283     4955      9544642663      9544647618        12289114          0        500          0          0
   4       17      518     3202      9544647672      9544650874        12294123          0        500          0          0
   4       17      544     3281      9544650908      9544654189        12297359          0        500          0          0
   4       17      511     3800      9544654211      9544658011        12300662          0        500          0          0
   4       17      511     1626      9544658036      9544659662        12304487          0        500          0          0
   4       17      521     1799      9544659687      9544661486        12306138          0        500          0          0
   4       17      522     2861      9544661513      9544664374        12307964          0        500          0          0
   4       17      511     2133      9544664405      9544666538        12310856          0        500          0          0
   4       17      547     2790      9544666564      9544669354        12313015          0        500          0          0
   4       17      511     2616      9544669375      9544671991        12315826          0        500          0          0
   4       17      516     2001      9544672575      9544674576        12319026          0        500          0          0
   4       17      517     2295      9544674590      9544676884        12321040          0        500          0          0
   4       17      511     2635      9544677040      9544679675        12323491          0        500          0          0
   4       17      516     2856      9544679720      9544682576        12326171          0        500          0          0
   4       17      518     2317      9544682596      9544684913        12329047          0        500          0          0
   4       17     2189     3881      9544684939      9544688820        12331390          0        500          0          0
   4       17      517     1626      9544688852      9544690478        12335303          0        500          0          0
   4       17      517     2520      9544690493      9544693013        12336944          0        500          0          0
   4       17      511     2429      9544693035      9544695464        12339486          0        500          0          0
   4       17      520     2184      9544695490      9544697674        12341941          0        500          0          0
   4       17     1092     2821      9544697701      9544700521        12344152          0        500          0          0
   4       17     3893     4985      9544700548      9544705533        12346999          0        500          0          0
   4       17      518     3296      9544705558      9544708854        12352009          0        500          0          0
   4       17      518     3879      9544708878      9544712757        12355329          0        500          0          0
   4       17      518     3209      9544712783      9544715992        12359234          0        500          0          0
   4       17      511     2823      9544716031      9544718854        12362482          0        500          0          0
   4       17      519     2300      9544718888      9544721188        12365339          0        500          0          0
   4       17     1909     3190      9544721211      9544724401        12367662          0        500          0          0
   4       17      511     2402      9544724424      9544726827        12370875          0        500          0          0
   4       17      516     2704      9544726849      9544729554        12373300          0        500          0          0
   4       17      517     2241      9544729579      9544731820        12376030          0        500          0          0
   4       17      519     2862      9544731844      9544734706        12378295          0        500          0          0
   4       17      517     2714      9544734729      9544737443        12381179          0        500          0          0
   4       17      511     3182      9544737467      9544740649        12383918          0        500          0          0
   4       17      520     2139      9544740703      9544742842        12387154          0        500          0          0
   4       17      520     2755      9544742864      9544745619        12389315          0        500          0          0
   4       17      517     2158      9544745637      9544747796        12392088          0        500          0          0
   4       17      511     2427      9544748391      9544750817        12394842          0        500          0          0
   4       17      520     2769      9544750837      9544753606        12397288          0        500          0          0
   4       17     3773     4575      9544753630      9544758205        12400081          0        500          0          0
   4       17      511     2532      9544758231      9544760763        12404682          0        500          0          0
   4       17      518     2336      9544760781      9544763118        12407232          0        500          0          0
   4       17      511     2480      9544763141      9544765622        12409592          0        500          0          0
   4       17      518     1679      9544765648      9544767327        12412099          0        500          0          0
   4       17      511     2529      9544767351      9544769880        12413802          0        500          0          0
   4       17     4374     7397      9544769903      9544777300        12416354          0        500          0          0
   4       17      511     2021      9544777324      9544779344        12423775          0        500          0          0
   4       17      511     3708      9544779361      9544783069        12425812          0        500          0          0
   4       17      511     1077      9544783103      9544784180        12429554          0        500          0          0
   4       17      511     1707      9544784193      9544785900        12430644          0        500          0          0
   4       17      519     2412      9544785924      9544788336        12432375          0        500          0          0
   4       17      511     2648      9544788362      9544791011        12434813          0        500          0          0
   4       17      511     2695      9544791036      9544793731        12437487          0        500          0          0
   4       17      535     2820      9544793752      9544796571        12440203          0        500          0          0
   4       17     2357     4305      9544796601      9544800906        12443052          0        500          0          0
   4       17      517     3144      9544800929      9544804074        12447380          0        500          0          0
   4       17      511     2816      9544804110      9544806926        12450561          0        500          0          0
   4       17      521     1709      9544806956      9544808665        12453407          0        500          0          0
   4       17      516     2135      9544808684      9544810819        12455135          0        500          0          0
   4       17      519     2168      9544810843      9544813011        12457294          0        500          0          0
   4       17      511     2644      9544813027      9544815671        12459478          0        500          0          0
   4       17      517     2965      9544815695      9544818660        12462146          0        500          0          0
   4       17      522     2707      9544818691      9544821397        12465142          0        500          0          0
   4       17      511     4163      9544821417      9544825580        12467868          0        500          0          0
   4       17      517     2421      9544825604      9544828024        12472055          0        500          0          0
   4       17      511     3971      9544828048      9544832019        12474499          0        500          0          0
   4       17      511     2745      9544832045      9544834789        12478495          0        500          0          0
   4       17      519     2815      9544834844      9544837659        12481295          0        500          0          0
   4       17      521     3323      9544837689      9544841012        12484140          0        500          0          0
   4       17      511     2950      9544841028      9544843978        12487479          0        500          0          0
   4       17      511     3682      9544844007      9544847689        12490458          0        500          0          0
   4       17      544     2164      9544847720      9544849884        12494171          0        500          0          0
   4       17      519     2187      9544849909      9544852096        12496360          0        500          0          0
   4       17      511     1909      9544852125      9544854034        12498576          0        500          0          0
   4       17      511     2446      9544854057      9544856503        12500508          0        500          0          0
   4       17      517     2153      9544856524      9544858676        12502974          0        500          0          0
   4       17      516     2901      9544858695      9544861596        12505146          0        500          0          0
   4       17      519     2810      9544861616      9544864427        12508067          0        500          0          0
   4       17      511     3304      9544864459      9544867763        12510910          0        500          0          0
   4       17      538     1473      9544867790      9544869263        12514241          0        500          0          0
   4       17      511     2305      9544869285      9544871590        12515736          0        500          0          0
   4       17      511     2239      9544872186      9544874424        12518637          0        500          0          0
   4       17      511     2076      9544874451      9544876527        12520902          0        500          0          0
   4       17     1059     2640      9544876551      9544879191        12523002          0        500          0          0
   4       17     3646     5694      9544879218      9544884912        12525669          0        500          0          0
   4       17      516     3286      9544884965      9544888251        12531416          0        500          0          0
   4       17      511     1738      9544888274      9544890012        12534725          0        500          0          0
   4       17      511     1570      9544890032      9544891602        12536483          0        500          0          0
   4       17      520     1361      9544891627      9544892988        12538078          0        500          0          0
   4       17     1756     3021      9544893011      9544896031        12539462          0        500          0          0
   4       17      511     2702      9544896060      9544898762        12542511          0        500          0          0
   4       17      517     2750      9544898786      9544901536        12545237          0        500          0          0
   4       17     3193     4425      9544901560      9544905986        12548011          0        500          0          0
   4       17      511     2336      9544906017      9544908353        12552468          0        500          0          0
   4       17      511     1085      9544908374      9544909459        12554825          0        500          0          0
   4       17      511     2653      9544909484      9544912137        12555935          0        500          0          0
   4       17      511     2932      9544912163      9544915094        12558614          0        500          0          0
   4       17      511     2127      9544915112      9544917240        12561563          0        500          0          0
   4       17      511     2736      9544917263      9544919999        12563714          0        500          0          0
   4       17      511     6273      9544920031      9544926305        12566482          0        500          0          0
   4       17      511     1733      9544926371      9544928104        12572822          0        500          0          0
   4       17      511     2669      9544928120      9544930789        12574571          0        500          0          0
   4       17     2162     3808      9544930826      9544934634        12577277          0        500          0          0
   4       17      519     2187      9544934657      9544936844        12581108          0        500          0          0
   4       17      517     1632      9544936896      9544938527        12583347          0        500          0          0
   4       17      517     2402      9544938541      9544940943        12584992          0        500          0          0
   4       17      517     2978      9544940965      9544943943        12587416          0        500          0          0
   4       17      516     2445      9544943989      9544946434        12590440          0        500          0          0
   4       17      511     2566      9544946461      9544949027        12592912          0        500          0          0
   4       17      511     3762      9544949043      9544952805        12595494          0        500          0          0
   4       17      519     2181      9544952836      9544955017        12599287          0        500          0          0
   4       17      511     1668      9544955034      9544956702        12601485          0        500          0          0
   4       17      519     2838      9544956727      9544959565        12603178          0        500          0          0
   4       17      522     2750      9544959593      9544962343        12606044          0        500          0          0
   4       17      511     2279      9544962363      9544964642        12608814          0        500          0          0
   4       17     4462     5034      9544964665      9544969699        12611116          0        500          0          0
   4       17      521     3158      9544969723      9544972881        12616174          0        500          0          0
   4       17      516     2056      9544972900      9544974956        12619351          0        500          0          0
   4       17      516     2046      9544974975      9544977021        12621426          0        500          0          0
   4       17      511     2030      9544977037      9544979067        12623488          0        500          0          0
   4       17      511     2834      9544979092      9544981927        12625543          0        500          0          0
   4       17      516     2626      9544981965      9544984590        12628416          0        500          0          0
   4       17      517     2766      9544984613      9544987379        12631064          0        500          0          0
   4       17      511     3125      9544987400      9544990525        12633851          0        500          0          0
   4       17      521     1998      9544990559      9544992556        12637010          0        500          0          0
   4       17      518     2175      9544992575      9544994750        12639025          0        500          0          0
   4       17      517     3022      9544994773      9544997795        12641224          0        500          0          0
   4       17      521     2244      9544997826      9545000071        12644277          0        500          0          0
   4       17      511     2488      9545000099      9545002587        12646550          0        500          0          0
   4       17     3488     4974      9545002605      9545007579        12649056          0        500          0          0
   4       17      723     5205      9545007603      9545012809        12654054          0        500          0          0
   4       17      519     2651      9545012840      9545015491        12659291          0        500          0          0
   4       17      519     2672      9545015514      9545018186        12661965          0        500          0          0
   4       17     1650     2630      9545018248      9545020878        12664699          0        500          0          0
   4       17      519     2419      9545020905      9545023324        12667356          0        500          0          0
   4       17      511     1547      9545023349      9545024897        12669800          0        500          0          0
   4       17     1102     2718      9545024923      9545027641        12671374          0        500          0          0
   4       17      520     2847      9545027668      9545030515        12674119          0        500          0          0
   4       17      517     2157      9545030539      9545032696        12676990          0        500          0          0
   4       17      517     2749      9545032812      9545035561        12679263          0        500          0          0
   4       17     3151     5178      9545035591      9545040769        12682042          0        500          0          0
   4       17      517     3037      9545040816      9545043854        12687267          0        500          0          0
   4       17      520     2598      9545043875      9545046472        12690326          0        500          0          0
   4       17      511     3128      9545046489      9545049616        12692940          0        500          0          0
   4       17      516     1373      9545049637      9545051009        12696088          0        500          0          0
   4       17      511     2515      9545051025      9545053540        12697476          0        500          0          0
   4       17      517     2742      9545053560      9545056302        12700011          0        500          0          0
   4       17      511     2316      9545056322      9545058638        12702773          0        500          0          0
   4       17      519     2773      9545058663      9545061436        12705114          0        500          0          0
   4       17      511     3573      9545061458      9545065031        12707909          0        500          0          0
   4       17      511     1211      9545065062      9545066272        12711513          0        500          0          0
   4       17      511     3203      9545066290      9545069492        12712741          0        500          0          0
   4       17      516     2149      9545069512      9545071660        12715963          0        500          0          0
   4       17      516     2745      9545071682      9545074428        12718133          0        500          0          0
   4       17     1036     2886      9545074452      9545077338        12720903          0        500          0          0
   4       17     3679     5163      9545077364      9545082527        12723815          0        500          0          0
   4       17      547     2239      9545082557      9545084797        12729008          0        500          0          0
   4       17      540     2787      9545084826      9545087613        12731277          0        500          0          0
   4       17      544     2202      9545087641      9545089842        12734091          0        500          0          0
   4       17      516     2814      9545089879      9545092693        12736330          0        500          0          0
   4       17      517     2172      9545092719      9545094891        12739170          0        500          0          0
   4       17      520     4145      9545094911      9545099056        12741362          0        500          0          0
   4       17      511     1620      9545099080      9545100700        12745531          0        500          0          0
   4       17      520     2319      9545100764      9545103083        12747215          0        500          0          0
   4       17      511     2122      9545103110      9545105232        12749561          0        500          0          0
   4       17     2676     5308      9545105254      9545110562        12751705          0        500          0          0
   4       17      520     1962      9545110618      9545112580        12757069          0        500          0          0
   4       17      517     1858      9545112598      9545114456        12759049          0        500          0          0
   4       17      511     2317      9545114481      9545116798        12760932          0        500          0          0
   4       17      516     2648      9545116815      9545119462        12763266          0        500          0          0
   4       17      511     2727      9545119485      9545122211        12765936          0        500          0          0
   4       17      511     4307      9545122232      9545126539        12768683          0        500          0          0
   4       17      516     3765      9545126562      9545130327        12773012          0        500          0          0
   4       17      511     3332      9545130351      9545133682        12776802          0        500          0          0
   4       17      516     2253      9545133707      9545135959        12780158          0        500          0          0
   4       17      519     1727      9545135995      9545137722        12782446          0        500          0          0
   4       17      517     2164      9545137746      9545139909        12784196          0        500          0          0
   4       17      518     2551      9545139926      9545142476        12786377          0        500          0          0
   4       17      517     2710      9545142497      9545145208        12788948          0        500          0          0
   4       17      511     2724      9545145229      9545147954        12791680          0        500          0          0
   4       17     1702     3056      9545147974      9545151029        12794425          0        500          0          0
   4       17      511     1588      9545151055      9545152643        12797506          0        500          0          0
   4       17     2186     3595      9545152672      9545156267        12799123          0        500          0          0
   4       17      511     2225      9545156297      9545158521        12802748          0        500          0          0
   4       17      521     2724      9545158551      9545161275        12805002          0        500          0          0
   4       17      511     4029      9545161296      9545165326        12807747          0        500          0          0
   4       17      511     1096      9545165349      9545166445        12811800          0        500          0          0
   4       17      511     2836      9545166460      9545169296        12812911          0        500          0          0
   4       17      511     2720      9545169320      9545172040        12815771          0        500          0          0
   4       17      511     2553      9545172058      9545174611        12818509          0        500          0          0
   4       17      517     2386      9545174626      9545177013        12821077          0        500          0          0
   4       17      511     2775      9545177031      9545179806        12823482          0        500          0          0
   4       17      518     2107      9545179836      9545181943        12826287          0        500          0          0
   4       17      521     3033      9545181960      9545184994        12828411          0        500          0          0
   4       17      511     2764      9545185038      9545187802        12831489          0        500          0          0
   4       17      518     2053      9545187819      9545189872        12834270          0        500          0          0
   4       17     1564     2652      9545189897      9545192549        12836348          0        500          0          0
   4       17     3563     4140      9545192567      9545196707        12839018          0        500          0          0
   4       17      518     1691      9545196733      9545198424        12843184          0        500          0          0
   4       17     2781     4373      9545198475      9545202849        12844926          0        500          0          0
   4       17      543     2090      9545202880      9545204970        12849331          0        500          0          0
   4       17      519     2067      9545204988      9545207055        12851439          0        500          0          0
   4       17     2800     3901      9545207080      9545210982        12853531          0        500          0          0
   4       17      511     2110      9545211032      9545213142        12857483          0        500          0          0
   4       17      511     3256      9545213158      9545216413        12859609          0        500          0          0
   4       17      511     2165      9545216432      9545218597        12862883          0        500          0          0
   4       17      518     2163      9545218623      9545220786        12865074          0        500          0          0
   4       17      519     2234      9545220804      9545223037        12867255          0        500          0          0
   4       17     3986     4559      9545223068      9545227627        12869519          0        500          0          0
   4       17      520     1930      9545227658      9545229588        12874109          0        500          0          0
   4       17      519     2595      9545229612      9545232207        12876063          0        500          0          0
   4       17      511     2811      9545232228      9545235039        12878678          0        500          0          0
   4       17      511     2349      9545235066      9545237415        12881517          0        500          0          0
   4       17      511     2151      9545237444      9545239595        12883895          0        500          0          0
   4       17     3582     5411      9545239620      9545245031        12886071          0        500          0          0
   4       17      511     1237      9545245062      9545246299        12891513          0        500          0          0
   4       17      511     2144      9545246323      9545248467        12892774          0        500          0          0
   4       17      511     2698      9545248482      9545251180        12894933          0        500          0          0
   4       17      511     2815      9545251205      9545254020        12897656          0        500          0          0
   4       17      511     2611      9545254045      9545256656        12900496          0        500          0          0
   4       17      518     2293      9545256676      9545258969        12903126          0        500          0          0
   4       17     3100     3674      9545258992      9545262666        12905443          0        500          0          0
   4       17      518     2303      9545262690      9545264993        12909141          0        500          0          0
   4       17      511     2152      9545265020      9545267172        12911471          0        500          0          0
   4       17      511     2745      9545267194      9545269938        12913644          0        500          0          0
   4       17      518     2189      9545269957      9545272146        12916408          0        500          0          0
   4       17      511     2671      9545272166      9545274837        12918617          0        500          0          0
   4       17     2761     4288      9545274853      9545279142        12921304          0        500          0          0
   4       17      511     1872      9545279165      9545281037        12925616          0        500          0          0
   4       17      511     3452      9545281055      9545284507        12927506          0        500          0          0
   4       17      522     2731      9545284540      9545287271        12930991          0        500          0          0
   4       17      511     2182      9545287293      9545289475        12933744          0        500          0          0
   4       17      518     2490      9545289524      9545292013        12935975          0        500          0          0
   4       17      511     2000      9545292031      9545294030        12938482          0        500          0          0
   4       17     1081     2784      9545294059      9545296843        12940510          0        500          0          0
   4       17      518     2647      9545296875      9545299522        12943326          0        500          0          0
   4       17      516     2662      9545299547      9545302209        12945998          0        500          0          0
   4       17      511     2783      9545302233      9545305016        12948684          0        500          0          0
   4       17      511     2135      9545305042      9545307177        12951493          0        500          0          0
   4       17      511     3658      9545307200      9545310858        12953651          0        500          0          0
   4       17      537     2078      9545310890      9545312968        12957341          0        500          0          0
   4       17      519     2128      9545312993      9545315121        12959444          0        500          0          0
   4       17      511     2737      9545315145      9545317882        12961596          0        500          0          0
   4       17      517     2811      9545317905      9545320716        12964356          0        500          0          0
   4       17      516     2707      9545320742      9545323449        12967193          0        500          0          0
   4       17      511     3914      9545323471      9545327384        12969922          0        500          0          0
   4       17      511     4226      9545327409      9545331635        12973860          0        500          0          0
   4       17      518     1425      9545331657      9545333082        12978108          0        500          0          0
   4       17      511     1608      9545333109      9545334717        12979560          0        500          0          0
   4       17      517     2817      9545334733      9545337550        12981184          0        500          0          0
   4       17      518     2033      9545337573      9545339606        12984024          0        500          0          0
   4       17     1098     2787      9545339636      9545342423        12986087          0        500          0          0
   4       17      511     2039      9545342441      9545344481        12988892          0        500          0          0
   4       17     4513     5047      9545344510      9545349557        12990961          0        500          0          0
   4       17      518     1623      9545349581      9545351203        12996032          0        500          0          0
   4       17      511     2198      9545351229      9545353427        12997680          0        500          0          0
   4       17      511     2678      9545353447      9545356125        12999898          0        500          0          0
   4       17      511     2424      9545356146      9545358570        13002597          0        500          0          0
   4       17      523     2764      9545358608      9545361372        13005059          0        500          0          0
   4       17      511     4145      9545361388      9545365533        13007839          0        500          0          0
   4       17      517     3008      9545365556      9545368564        13012007          0        500          0          0
   4       17      517     2338      9545368586      9545370924        13015037          0        500          0          0
   4       17      516     1252      9545370949      9545372201        13017400          0        500          0          0
   4       17      511     2751      9545372216      9545374967        13018667          0        500          0          0
   4       17      517     3030      9545374984      9545378015        13021435          0        500          0          0
   4       17      511     2205      9545378080      9545380285        13024531          0        500          0          0
   4       17      511     2279      9545380314      9545382592        13026765          0        500          0          0
   4       17     2272     3897      9545382616      9545386513        13029067          0        500          0          0
   4       17      517     2422      9545386537      9545388958        13032988          0        500          0          0
   4       17      517     1606      9545388977      9545390583        13035428          0        500          0          0
   4       17      517     2780      9545390603      9545393382        13037054          0        500          0          0
   4       17      511     2749      9545393406      9545396155        13039857          0        500          0          0
   4       17      511     5086      9545396182      9545401268        13042633          0        500          0          0
   4       17      511     2784      9545401292      9545404076        13047743          0        500          0          0
   4       17      511     1905      9545404094      9545405999        13050545          0        500          0          0
   4       17      511     1769      9545406031      9545407800        13052482          0        500          0          0
   4       17      516     2565      9545407817      9545410381        13054268          0        500          0          0
   4       17     2426     4315      9545410408      9545414723        13056859          0        500          0          0
   4       17      520     2669      9545414753      9545417422        13061204          0        500          0          0
   4       17      511     2148      9545417447      9545419594        13063898          0        500          0          0
   4       17      518     2502      9545419616      9545422118        13066067          0        500          0          0
   4       17      511     1961      9545422139      9545424101        13068590          0        500          0          0
   4       17      511     2280      9545424122      9545426402        13070573          0        500          0          0
   4       17      511     3834      9545426430      9545430265        13072881          0        500          0          0
   4       17      511     2178      9545430289      9545432467        13076740          0        500          0          0
   4       17      511     2790      9545432485      9545435275        13078936          0        500          0          0
   4       17      511     2716      9545435300      9545438016        13081751          0        500          0          0
   4       17      511     2589      9545438034      9545440622        13084485          0        500          0          0
   4       17      516     1897      9545440644      9545442541        13087095          0        500          0          0
   4       17     2427     4101      9545442563      9545446664        13089014          0        500          0          0
   4       17      517     2105      9545446687      9545448792        13093138          0        500          0          0
   4       17      517     3151      9545448834      9545451985        13095285          0        500          0          0
   4       17      511     1613      9545452033      9545453646        13098484          0        500          0          0
   4       17      516     2733      9545453690      9545456423        13100141          0        500          0          0
   4       17      511     2593      9545456445      9545459038        13102896          0        500          0          0
   4       17     1267     2404      9545459065      9545461470        13105516          0        500          0          0
   4       17      517     2665      9545461497      9545464161        13107948          0        500          0          0
   4       17      511     2401      9545464184      9545466585        13110635          0        500          0          0
   4       17      518     2908      9545466668      9545469576        13113119          0        500          0          0
   4       17      517     2593      9545469594      9545472187        13116045          0        500          0          0
   4       17      511     4499      9545472205      9545476704        13118656          0        500          0          0
   4       17      519     2940      9545476734      9545479674        13123185          0        500          0          0
   4       17      545     4111      9545479701      9545483812        13126152          0        500          0          0
   4       17      519     2731      9545483832      9545486563        13130283          0        500          0          0
   4       17      517     2707      9545486587      9545489293        13133038          0        500          0          0
   4       17      511     5358      9545489318      9545494676        13135769          0        500          0          0
   4       17      518     2155      9545494710      9545496865        13141161          0        500          0          0
   4       17      545     2729      9545496891      9545499620        13143342          0        500          0          0
   4       17      519     2247      9545499641      9545501888        13146092          0        500          0          0
   4       17      517     2060      9545501909      9545503968        13148360          0        500          0          0
   4       17      519     2076      9545503985      9545506061        13150436          0        500          0          0
   4       17      511     2765      9545506082      9545508847        13152533          0        500          0          0
   4       17      517     2322      9545508873      9545511194        13155324          0        500          0          0
   4       17      511     2613      9545511212      9545513826        13157663          0        500          0          0
   4       17     2233     4533      9545513869      9545518402        13160320          0        500          0          0
   4       17      511     1609      9545518427      9545520036        13164877          0        500          0          0
   4       17      511     2535      9545520063      9545522598        13166513          0        500          0          0
   4       17      520     2161      9545522623      9545524783        13169074          0        500          0          0
   4       17      519     2740      9545524805      9545527545        13171256          0        500          0          0
   4       17      517     2325      9545527568      9545529892        13174018          0        500          0          0
   4       17     4466     6703      9545529921      9545536624        13176372          0        500          0          0
   4       17      517     1955      9545536648      9545538602        13183099          0        500          0          0
   4       17      518     1336      9545538619      9545539955        13185070          0        500          0          0
   4       17      518     2518      9545539970      9545542487        13186421          0        500          0          0
   4       17      517     2570      9545542505      9545545075        13188956          0        500          0          0
   4       17      511     2696      9545545100      9545547796        13191551          0        500          0          0
   4       17     1084     2640      9545547822      9545550462        13194272          0        500          0          0
   4       17      511     2740      9545550487      9545553227        13196938          0        500          0          0
   4       17      511     2195      9545553243      9545555438        13199694          0        500          0          0
   4       17     2382     3517      9545555466      9545558983        13201917          0        500          0          0
   4       17      511     3028      9545559014      9545562042        13205465          0        500          0          0
   4       17      511     2896      9545562096      9545564992        13208547          0        500          0          0
   4       17      511     2744      9545565026      9545567770        13211477          0        500          0          0
   4       17      517     1628      9545567794      9545569422        13214245          0        500          0          0
   4       17      511     2154      9545569442      9545571596        13215893          0        500          0          0
   4       17      518     2989      9545571807      9545574795        13218258          0        500          0          0
   4       17      517     2781      9545574817      9545577598        13221268          0        500          0          0
   4       17      518     2695      9545577617      9545580312        13224068          0        500          0          0
   4       17      511     2105      9545580330      9545582435        13226781          0        500          0          0
   4       17      511     2740      9545582455      9545585196        13228906          0        500          0          0
   4       17      511     3311      9545585229      9545588539        13231680          0        500          0          0
   4       17      516     2107      9545588557      9545590664        13235008          0        500          0          0
   4       17      518     2780      9545590681      9545593461        13237132          0        500          0          0
   4       17      511     2213      9545593485      9545595698        13239936          0        500          0          0
   4       17      517     2875      9545595719      9545598595        13242170          0        500          0          0
   4       17      519     2081      9545598614      9545600695        13245065          0        500          0          0
   4       17     2572     3322      9545600713      9545604035        13247164          0        500          0          0
   4       17      511     2805      9545604067      9545606872        13250518          0        500          0          0
   4       17      519     2181      9545606899      9545609081        13253350          0        500          0          0
   4       17      511     2927      9545609106      9545612033        13255557          0        500          0          0
   4       17      511     2280      9545612064      9545614344        13258515          0        500          0          0
   4       17      511     2621      9545614367      9545616988        13260818          0        500          0          0
   4       17     2698     4839      9545617025      9545621864        13263476          0        500          0          0
   4       17      545     4805      9545621895      9545626701        13268346          0        500          0          0
   4       17      518     2187      9545626733      9545628921        13273184          0        500          0          0
   4       17      516     2471      9545628963      9545631434        13275414          0        500          0          0
   4       17      511     1644      9545631464      9545633108        13277915          0        500          0          0
   4       17      511     4693      9545633137      9545637830        13279588          0        500          0          0
   4       17      518     2961      9545637853      9545640814        13284304          0        500          0          0
   4       17      519     2557      9545640841      9545643399        13287292          0        500          0          0
   4       17      511     1075      9545643416      9545644490        13289867          0        500          0          0
   4       17      517     2130      9545644506      9545646636        13290957          0        500          0          0
   4       17     1057     2876      9545646661      9545649537        13293112          0        500          0          0
   4       17      516     2483      9545649552      9545652036        13296003          0        500          0          0
   4       17      511     3142      9545652096      9545655238        13298547          0        500          0          0
   4       17      511     3384      9545655258      9545658642        13301709          0        500          0          0
   4       17      519     1877      9545658677      9545660553        13305128          0        500          0          0
   4       17      517     2210      9545660571      9545662781        13307022          0        500          0          0
   4       17      519     2528      9545662805      9545665333        13309256          0        500          0          0
   4       17      511     2673      9545665362      9545668035        13311813          0        500          0          0
   4       17      511     2742      9545668062      9545670805        13314513          0        500          0          0
   4       17     2135     3142      9545670830      9545673972        13317281          0        500          0          0
   4       17      534     2086      9545673990      9545676076        13320441          0        500          0          0
   4       17     1066     2757      9545676101      9545678858        13322552          0        500          0          0
   4       17      522     2194      9545678886      9545681080        13325337          0        500          0          0
   4       17      511     2680      9545681094      9545683774        13327545          0        500          0          0
   4       17      519     2706      9545683792      9545686499        13330243          0        500          0          0
   4       17     3074     4683      9545686522      9545691205        13332973          0        500          0          0
   4       17      511     3517      9545691239      9545694756        13337690          0        500          0          0
   4       17      521     3232      9545694783      9545698016        13341234          0        500          0          0
   4       17      511     2260      9545698037      9545700297        13344488          0        500          0          0
   4       17      511     1705      9545700325      9545702030        13346776          0        500          0          0
   4       17      511     2181      9545702055      9545704236        13348506          0        500          0          0
   4       17      511     3004      9545704254      9545707258        13350705          0        500          0          0
   4       17      511     2106      9545707276      9545709381        13353727          0        500          0          0
   4       17      511     2624      9545709400      9545712024        13355851          0        500          0          0
   4       17      511     4732      9545712042      9545716774        13358493          0        500          0          0
   4       17      541     2743      9545716802      9545719545        13363253          0        500          0          0
   4       17      520     1657      9545719583      9545721240        13366034          0        500          0          0
   4       17      511     2641      9545721263      9545723903        13367714          0        500          0          0
   4       17      530     2096      9545723926      9545726022        13370377          0        500          0          0
   4       17      511     2798      9545726045      9545728843        13372496          0        500          0          0
   4       17     2151     2715      9545728873      9545731588        13375324          0        500          0          0
   4       17     2445     4365      9545731609      9545735974        13378060          0        500          0          0
   4       17      511     2172      9545736015      9545738187        13382466          0        500          0          0
   4       17      511     2631      9545738213      9545740844        13384663          0        500          0          0
   4       17      521     2107      9545740869      9545742976        13387320          0        500          0          0
   4       17      511     2596      9545743055      9545745651        13389506          0        500          0          0
   4       17      517     2403      9545745668      9545748070        13392119          0        500          0          0
   4       17     2357     6629      9545748095      9545754724        13394546          0        500          0          0
   4       17      517     2166      9545754752      9545756917        13401203          0        500          0          0
   4       17      516     2887      9545756953      9545759840        13403404          0        500          0          0
   4       17      518     2181      9545759871      9545762052        13406322          0        500          0          0
   4       17      511     1939      9545762078      9545764016        13408528          0        500          0          0
   4       17      511     1894      9545764044      9545765938        13410495          0        500          0          0
   4       17      518     2793      9545765962      9545768754        13412412          0        500          0          0
   4       17      517     2721      9545768778      9545771500        13415229          0        500          0          0
   4       17      517     2658      9545771522      9545774179        13417973          0        500          0          0
   4       17      511     3753      9545774201      9545777954        13420652          0        500          0          0
   4       17      518     2630      9545777972      9545780601        13424422          0        500          0          0
   4       17      517     2063      9545780647      9545782711        13427098          0        500          0          0
   4       17      516     2656      9545782727      9545785383        13429178          0        500          0          0
   4       17      511     2788      9545785407      9545788195        13431858          0        500          0          0
   4       17      511     2337      9545788216      9545790554        13434667          0        500          0          0
   4       17      517     2182      9545790577      9545792759        13437028          0        500          0          0
   4       17      517     3216      9545792783      9545795999        13439234          0        500          0          0
   4       17     2245     6963      9545796034      9545802997        13442485          0        500          0          0
   4       17      511     2591      9545803037      9545805628        13449487          0        500          0          0
   4       17      518     1094      9545805649      9545806743        13452100          0        500          0          0
   4       17      518     1807      9545806764      9545808571        13453215          0        500          0          0
   4       17      520     2046      9545808597      9545810644        13455048          0        500          0          0
   4       17      520     2611      9545810668      9545813279        13457119          0        500          0          0
   4       17      511     2678      9545813303      9545815981        13459754          0        500          0          0
   4       17      516     2701      9545815995      9545818697        13462446          0        500          0          0
   4       17     3715     4297      9545818724      9545823020        13465175          0        500          0          0
   4       17      511     1762      9545823042      9545824804        13469493          0        500          0          0
   4       17      521     2024      9545824834      9545826859        13471285          0        500          0          0
   4       17      518     2352      9545826878      9545829230        13473329          0        500          0          0
   4       17     2189     5498      9545829260      9545834758        13475711          0        500          0          0
   4       17      517     3250      9545834782      9545838032        13481233          0        500          0          0
   4       17      511     2199      9545838098      9545840297        13484549          0        500          0          0
   4       17      511     1618      9545840317      9545841935        13486768          0        500          0          0
   4       17     1446     2564      9545841950      9545844514        13488401          0        500          0          0
   4       17      517     1878      9545844538      9545846417        13490989          0        500          0          0
   4       17     1635     3163      9545846444      9545849608        13492895          0        500          0          0
   4       17      519     2597      9545849625      9545852222        13496076          0        500          0          0
   4       17      511     3086      9545852247      9545855332        13498697          0        500          0          0
   4       17      511     2087      9545855354      9545857441        13501805          0        500          0          0
   4       17      511     2860      9545857464      9545860324        13503915          0        500          0          0
   4       17      511     2214      9545860346      9545862560        13506797          0        500          0          0
   4       17      519     2737      9545862587      9545865323        13509038          0        500          0          0
   4       17      511     2206      9545865344      9545867549        13511794          0        500          0          0
   4       17     2235     4567      9545867570      9545872137        13514021          0        500          0          0
   4       17      511     2588      9545872166      9545874753        13518617          0        500          0          0
   4       17      519     2133      9545874771      9545876904        13521222          0        500          0          0
   4       17      517     2627      9545876918      9545879545        13523369          0        500          0          0
   4       17      519     1889      9545879562      9545881452        13526013          0        500          0          0
   4       17      511     2600      9545881468      9545884067        13527919          0        500          0          0
   4       17      511     2471      9545884086      9545886558        13530537          0        500          0          0
   4       17     2547     4166      9545886584      9545890750        13533035          0        500          0          0
   4       17      518     2871      9545890785      9545893656        13537236          0        500          0          0
   4       17      521     2870      9545893684      9545896554        13540135          0        500          0          0
   4       17     2692     3263      9545896591      9545899854        13543042          0        500          0          0
   4       17      517     1807      9545899877      9545901685        13546328          0        500          0          0
   4       17      517     2254      9545901708      9545903963        13548159          0        500          0          0
   4       17      517     2649      9545903984      9545906634        13550435          0        500          0          0
   4       17      519     2747      9545906659      9545909406        13553110          0        500          0          0
   4       17      511     2270      9545909425      9545911695        13555876          0        500          0          0
   4       17     2696     7025      9545911719      9545918743        13558170          0        500          0          0
   4       17      517     2243      9545918768      9545921010        13565219          0        500          0          0
   4       17      511     3167      9545921031      9545924198        13567482          0        500          0          0
   4       17      511     2821      9545924221      9545927042        13570672          0        500          0          0
   4       17      511     3440      9545927064      9545930504        13573515          0        500          0          0
   4       17      543     2762      9545930565      9545933327        13577016          0        500          0          0
   4       17      511     1725      9545933352      9545935077        13579803          0        500          0          0
   4       17      511     2071      9545935094      9545937165        13581545          0        500          0          0
   4       17      511     2611      9545937184      9545939795        13583635          0        500          0          0
   4       17      516     2716      9545939833      9545942549        13586284          0        500          0          0
   4       17      518     1989      9545942568      9545944557        13589019          0        500          0          0
   4       17     1097     6145      9545944590      9545950734        13591041          0        500          0          0
   4       17      522     2794      9545950774      9545953568        13597225          0        500          0          0
   4       17      522     2246      9545953596      9545955842        13600047          0        500          0          0
   4       17      519     2723      9545955876      9545958599        13602327          0        500          0          0
   4       17      518     2764      9545958658      9545961422        13605109          0        500          0          0
   4       17      511     1685      9545961450      9545963135        13607901          0        500          0          0
   4       17      511     2764      9545963157      9545965921        13609608          0        500          0          0
   4       17      518     2286      9545965948      9545968234        13612399          0        500          0          0
   4       17     3659     4225      9545968258      9545972483        13614709          0        500          0          0
   4       17      517     2048      9545972504      9545974552        13618955          0        500          0          0
   4       17      517     2508      9545974571      9545977079        13621022          0        500          0          0
   4       17      511     2740      9545977103      9545979844        13623554          0        500          0          0
   4       17      522     2682      9545979862      9545982544        13626313          0        500          0          0
   4       17      517     2164      9545982562      9545984726        13629013          0        500          0          0
   4       17     4267     6103      9545984745      9545990848        13631196          0        500          0          0
   4       17      521     2890      9545990888      9545993778        13637339          0        500          0          0
   4       17      518     3223      9545993809      9545997032        13640260          0        500          0          0
   4       17      511     2037      9545997064      9545999101        13643515          0        500          0          0
   4       17      511     1329      9545999119      9546000448        13645570          0        500          0          0
   4       17      511     2739      9546000476      9546003215        13646927          0        500          0          0
   4       17      511     2694      9546003247      9546005941        13649698          0        500          0          0
   4       17     1080     2623      9546005966      9546008589        13652417          0        500          0          0
   4       17      519     2396      9546008614      9546011009        13655065          0        500          0          0
   4       17     2038     3283      9546011027      9546014310        13657478          0        500          0          0
   4       17      511     2219      9546014327      9546016546        13660778          0        500          0          0
   4       17      517     2658      9546016563      9546019221        13663014          0        500          0          0
   4       17      511     2726      9546019247      9546021973        13665698          0        500          0          0
   4       17      516     2657      9546021997      9546024654        13668448          0        500          0          0
   4       17     2526     4233      9546024738      9546028971        13671189          0        500          0          0
   4       17      519     2089      9546028999      9546031088        13675450          0        500          0          0
   4       17      511     2390      9546031108      9546033498        13677559          0        500          0          0
   4       17      518     2681      9546033522      9546036202        13679973          0        500          0          0
   4       17      511     2259      9546036219      9546038478        13682670          0        500          0          0
   4       17      516     2546      9546038497      9546041043        13684948          0        500          0          0
   4       17     2304     4207      9546041071      9546045278        13687522          0        500          0          0
   4       17      511     1592      9546045300      9546046892        13691751          0        500          0          0
   4       17      517     2103      9546046906      9546049009        13693357          0        500          0          0
   4       17      511     1591      9546049025      9546050615        13695476          0        500          0          0
   4       17      516     2155      9546050629      9546052785        13697080          0        500          0          0
   4       17      516     1659      9546052803      9546054462        13699254          0        500          0          0
   4       17      511     2604      9546054477      9546057081        13700928          0        500          0          0
   4       17      511     1659      9546057099      9546058758        13703549          0        500          0          0
   4       17      516     2674      9546058772      9546061446        13705223          0        500          0          0
   4       17      511     2144      9546061465      9546063609        13707916          0        500          0          0
   4       17      518     1610      9546063628      9546065238        13710079          0        500          0          0
   4       17      511     1645      9546065254      9546066900        13711705          0        500          0          0
   4       17      516     2171      9546066941      9546069112        13713392          0        500          0          0
   4       17      511     2131      9546069129      9546071260        13715580          0        500          0          0
   4       17      511     1588      9546071274      9546072863        13717725          0        500          0          0
   4       17      517     2131      9546072881      9546075012        13719332          0        500          0          0
   4       17      511     2054      9546075028      9546077082        13721478          0        500          0          0
   4       17      511     2208      9546077099      9546079307        13723550          0        500          0          0
   4       17      511     2129      9546079322      9546081451        13725773          0        500          0          0
   4       17      511     2128      9546081467      9546083595        13727918          0        500          0          0
   4       17      516     2127      9546083609      9546085736        13730060          0        500          0          0
   4       17      517     1790      9546085753      9546087543        13732204          0        500          0          0
   4       17      517     1402      9546087558      9546088960        13734009          0        500          0          0
   4       17      516     2137      9546088979      9546091116        13735430          0        500          0          0
   4       17      511     1596      9546091134      9546092730        13737585          0        500          0          0
   4       17      516     2135      9546092748      9546094883        13739199          0        500          0          0
   4       17      516     2145      9546094898      9546097042        13741349          0        500          0          0
   4       17     2159     3255      9546097097      9546100352        13743548          0        500          0          0
   4       17      511     1640      9546100370      9546102009        13746820          0        500          0          0
   4       17      511     1594      9546102027      9546103621        13748478          0        500          0          0
   4       17      516     2135      9546103636      9546105771        13750087          0        500          0          0
   4       17      516     1640      9546105787      9546107427        13752238          0        500          0          0
   4       17      511     2150      9546107442      9546109592        13753893          0        500          0          0
   4       17      516     2127      9546109608      9546111735        13756059          0        500          0          0
   4       17     1520     2677      9546111748      9546114426        13758199          0        500          0          0
   4       17      511     1592      9546114441      9546116033        13760892          0        500          0          0
   4       17      511     2127      9546116047      9546118174        13762498          0        500          0          0
   4       17      511     2124      9546118189      9546120313        13764640          0        500          0          0
   4       17      511     2124      9546120327      9546122450        13766778          0        500          0          0
   4       17      511     1590      9546122466      9546124056        13768917          0        500          0          0
   4       17      511     2017      9546124070      9546126087        13770521          0        500          0          0
   4       17      511     1742      9546126108      9546127850        13772559          0        500          0          0
   4       17      516     2194      9546127865      9546130059        13774316          0        500          0          0
   4       17      511     1649      9546130078      9546131727        13776529          0        500          0          0
   4       17      516     2136      9546131743      9546133879        13778194          0        500          0          0
   4       17     1068     2151      9546133897      9546136048        13780348          0        500          0          0
   4       17      511     2656      9546136062      9546138718        13782513          0        500          0          0
   4       17      517     1595      9546138734      9546140329        13785185          0        500          0          0
   4       17      511     2188      9546140342      9546142531        13786793          0        500          0          0
   4       17      516     1995      9546142546      9546144541        13788997          0        500          0          0
   4       17      517     1728      9546144555      9546146283        13791006          0        500          0          0
   4       17      511     2125      9546146298      9546148422        13792749          0        500          0          0
   4       17      511     2663      9546148436      9546151099        13794887          0        500          0          0
   4       17      511     2131      9546151115      9546153246        13797566          0        500          0          0
   4       17      511     1075      9546153261      9546154336        13799712          0        500          0          0
   4       17      511     2113      9546154352      9546156465        13800803          0        500          0          0
   4       17      511     1594      9546156479      9546158072        13802930          0        500          0          0
   4       17      511     2130      9546158090      9546160220        13804541          0        500          0          0
   4       17      511     2129      9546160234      9546162363        13806685          0        500          0          0
   4       17      511     3202      9546162380      9546165582        13808831          0        500          0          0
   4       17      518     2172      9546165641      9546167812        13812092          0        500          0          0
   4       17      516     2160      9546167853      9546170014        13814304          0        500          0          0
   4       17      511     1619      9546170029      9546171648        13816480          0        500          0          0
   4       17      516     1615      9546171684      9546173299        13818135          0        500          0          0
   4       17      511     2164      9546173314      9546175479        13819765          0        500          0          0
   4       17      516     1594      9546175496      9546177091        13821947          0        500          0          0
   4       17      511     2185      9546177106      9546179291        13823556          0        500          0          0
   4       17      511     2166      9546179308      9546181474        13825759          0        500          0          0
   4       17      511     3231      9546181488      9546184719        13827939          0        500          0          0
   4       17      517     1613      9546184736      9546186349        13831187          0        500          0          0
   4       17      511     2166      9546186365      9546188530        13832815          0        500          0          0
   4       17      517     2137      9546188551      9546190689        13835002          0        500          0          0
   4       17      517     2129      9546190707      9546192836        13837158          0        500          0          0
   4       17      516     1596      9546192854      9546194449        13839304          0        500          0          0
   4       17      511     2137      9546194464      9546196601        13840915          0        500          0          0
   4       17     2129     3213      9546196618      9546199831        13843069          0        500          0          0
   4       17      517     2666      9546199848      9546202514        13846299          0        500          0          0
   4       17      516     2166      9546202530      9546204696        13848981          0        500          0          0
   4       17      517     3732      9546204710      9546208442        13851161          0        500          0          0
   4       17      511     2088      9546208458      9546210546        13854909          0        500          0          0
   4       17      517     1083      9546210563      9546211646        13857014          0        500          0          0
   4       17      517     1683      9546211664      9546213347        13858115          0        500          0          0
   4       17      511     2126      9546213362      9546215488        13859813          0        500          0          0
   4       17      517     2126      9546215505      9546217631        13861956          0        500          0          0
   4       17      516     2129      9546217645      9546219774        13864096          0        500          0          0
   4       17      516     2125      9546219791      9546221916        13866242          0        500          0          0
   4       17      516     2131      9546221930      9546224062        13868381          0        500          0          0
   4       17      511     3201      9546224080      9546227281        13870531          0        500          0          0
   4       17      511     2136      9546227298      9546229435        13873749          0        500          0          0
   4       17      511     2133      9546229455      9546231587        13875906          0        500          0          0
   4       17      516     1941      9546231603      9546233543        13878054          0        500          0          0
   4       17      517     1593      9546233560      9546235153        13880011          0        500          0          0
   4       17      511     1783      9546235169      9546236952        13881620          0        500          0          0
   4       17      511     2129      9546237008      9546239137        13883459          0        500          0          0
   4       17      511     1856      9546239152      9546241008        13885603          0        500          0          0
   4       17     1863     3483      9546241024      9546244507        13887475          0        500          0          0
   4       17      517     2126      9546244522      9546246648        13890973          0        500          0          0
   4       17      516     2148      9546246664      9546248813        13893115          0        500          0          0
   4       17      517     2128      9546248828      9546250956        13895279          0        500          0          0
   4       17      517     2150      9546250971      9546253121        13897422          0        500          0          0
   4       17      511     1614      9546253137      9546254751        13899588          0        500          0          0
   4       17      517     1588      9546254772      9546256360        13901223          0        500          0          0
   4       17      511     2131      9546256375      9546258506        13902826          0        500          0          0
   4       17      516     1596      9546258526      9546260122        13904977          0        500          0          0
   4       17      511     2138      9546260137      9546262275        13906588          0        500          0          0
   4       17      511     3209      9546262296      9546265505        13908746          0        500          0          0
   4       17      518     2023      9546265521      9546267543        13911972          0        500          0          0
   4       17      517     1449      9546267560      9546269009        13914011          0        500          0          0
   4       17     1054     1864      9546269023      9546270888        13915474          0        500          0          0
   4       17      516     2130      9546270904      9546273034        13917355          0        500          0          0
   4       17      511     1642      9546273050      9546274692        13919501          0        500          0          0
   4       17      511     1621      9546275284      9546276905        13921735          0        500          0          0
   4       17      517     3087      9546276922      9546280009        13923372          0        500          0          0
   4       17      511     2263      9546280027      9546282290        13926478          0        500          0          0
   4       17      511     1073      9546282305      9546283378        13928756          0        500          0          0
   4       17      511     1620      9546283395      9546285015        13929846          0        500          0          0
   4       17      511     2140      9546285033      9546287173        13931484          0        500          0          0
   4       17      511     1590      9546287192      9546288782        13933643          0        500          0          0
   4       17      516     2139      9546288797      9546290936        13935248          0        500          0          0
   4       17     2670     4297      9546290954      9546295252        13937405          0        500          0          0
   4       17      511     3211      9546295273      9546298484        13941724          0        500          0          0
   4       17      517     2042      9546298501      9546300543        13944952          0        500          0          0
   4       17      517     1691      9546300558      9546302250        13947009          0        500          0          0
   4       17      511     2130      9546302277      9546304408        13948728          0        500          0          0
   4       17      511     2162      9546304466      9546306628        13950917          0        500          0          0
   4       17      517     5911      9546306643      9546312555        13953094          0        500          0          0
   4       17      518     2718      9546312600      9546315318        13959051          0        500          0          0
   4       17      511     2172      9546315332      9546317504        13961783          0        500          0          0
   4       17      519     2152      9546317521      9546319673        13963972          0        500          0          0
   4       17      516     1636      9546319690      9546321326        13966140          0        500          0          0
   4       17      511     2171      9546321341      9546323512        13967792          0        500          0          0
   4       17      517     4493      9546323528      9546328020        13969979          0        500          0          0
   4       17      511     2160      9546328047      9546330207        13974498          0        500          0          0
   4       17      511     1621      9546330223      9546331844        13976674          0        500          0          0
   4       17      511     1077      9546332425      9546333502        13978876          0        500          0          0
   4       17      517     2162      9546333519      9546335680        13979970          0        500          0          0
   4       17      516     4321      9546335697      9546340018        13982148          0        500          0          0
   4       17      511     1658      9546340283      9546341941        13986734          0        500          0          0
   4       17      516     4370      9546341957      9546346327        13988408          0        500          0          0
   4       17      511     2718      9546346344      9546349061        13992794          0        500          0          0
   4       17      511     2175      9546349076      9546351251        13995527          0        500          0          0
   4       17      511     2588      9546351269      9546353857        13997720          0        500          0          0
   4       17      518     3250      9546353882      9546357132        14000333          0        500          0          0
   4       17      511     1656      9546357160      9546358816        14003611          0        500          0          0
   4       17      517     3191      9546358838      9546362029        14005289          0        500          0          0
   4       17      511     1616      9546362056      9546363672        14008507          0        500          0          0
   4       17     1082     3252      9546363717      9546366969        14010168          0        500          0          0
   4       17      517     3956      9546366991      9546370947        14013442          0        500          0          0
   4       17      517     1652      9546370970      9546372622        14017421          0        500          0          0
   4       17     1401     3374      9546372638      9546376012        14019088          0        500          0          0
   4       17      511     2002      9546376026      9546378028        14022477          0        500          0          0
   4       17      511     2164      9546378046      9546380210        14024497          0        500          0          0
   4       17      511     2443      9546380225      9546382668        14026676          0        500          0          0
   4       17      518     2395      9546382690      9546385085        14029141          0        500          0          0
   4       17      511     2833      9546385110      9546387942        14031561          0        500          0          0
   4       17     3666     4420      9546387964      9546392384        14034415          0        500          0          0
   4       17     1093     3920      9546392416      9546396336        14038867          0        500          0          0
   4       17      511     3811      9546396368      9546400179        14042819          0        500          0          0
   4       17      511     2759      9546400204      9546402963        14046655          0        500          0          0
   4       17      511     2114      9546403026      9546405139        14049477          0        500          0          0
   4       17      511     1720      9546405161      9546406881        14051612          0        500          0          0
   4       17      517     2163      9546406900      9546409063        14053351          0        500          0          0
   4       17      511     2789      9546409087      9546411877        14055538          0        500          0          0
   4       17      516     2663      9546411911      9546414574        14058362          0        500          0          0
   4       17      517     2683      9546414592      9546417275        14061043          0        500          0          0
   4       17      511     3635      9546417295      9546420930        14063746          0        500          0          0
   4       17      520     2139      9546420963      9546423102        14067414          0        500          0          0
   4       17      511     1987      9546423120      9546425108        14069571          0        500          0          0
   4       17      511     1881      9546425127      9546427008        14071578          0        500          0          0
   4       17      511     1594      9546427026      9546428620        14073477          0        500          0          0
   4       17      517     1320      9546428636      9546429956        14075087          0        500          0          0
   4       17     1896     2735      9546429973      9546432708        14076424          0        500          0          0
   4       17     1619     4321      9546432728      9546437050        14079179          0        500          0          0
   4       17      511     2011      9546437071      9546439082        14083522          0        500          0          0
   4       17      511     2256      9546439101      9546441357        14085552          0        500          0          0
   4       17      511     1607      9546441373      9546442980        14087824          0        500          0          0
   4       17      516     1627      9546442995      9546444622        14089446          0        500          0          0
   4       17      516     2130      9546444636      9546446766        14091087          0        500          0          0
   4       17      516     2125      9546446781      9546448906        14093231          0        500          0          0
   4       17      516     2089      9546448920      9546451009        14095371          0        500          0          0
   4       17      511     1712      9546451025      9546452737        14097476          0        500          0          0
   4       17      516     2138      9546452760      9546454898        14099211          0        500          0          0
   4       17      516     1591      9546454914      9546456505        14101365          0        500          0          0
   4       17      516     2025      9546456520      9546458544        14102970          0        500          0          0
   4       17      517     1710      9546458561      9546460270        14105012          0        500          0          0
   4       17     1053     2135      9546460287      9546462421        14106737          0        500          0          0
   4       17      511     3212      9546462441      9546465652        14108892          0        500          0          0
   4       17      516     2687      9546465674      9546468361        14112125          0        500          0          0
   4       17      511     2130      9546468380      9546470510        14114831          0        500          0          0
   4       17      517     2107      9546470528      9546472635        14116979          0        500          0          0
   4       17      517     1089      9546472652      9546473740        14119102          0        500          0          0
   4       17      516     2132      9546473757      9546475889        14120208          0        500          0          0
   4       17      517     2696      9546475945      9546478641        14122396          0        500          0          0
   4       17      517     2131      9546478657      9546480788        14125108          0        500          0          0
   4       17      521     1599      9546480805      9546482403        14127255          0        500          0          0
   4       17      511     2129      9546482419      9546484549        14128870          0        500          0          0
   4       17      517     1602      9546484565      9546486167        14131016          0        500          0          0
   4       17      511     2174      9546486185      9546488359        14132636          0        500          0          0
   4       17      511     2180      9546488376      9546490556        14134826          0        500          0          0
   4       17      517     1973      9546490574      9546492547        14137025          0        500          0          0
   4       17      516     1767      9546492562      9546494329        14139013          0        500          0          0
   4       17     2726     4346      9546494345      9546498691        14140796          0        500          0          0
   4       17      516     2139      9546498709      9546500848        14145160          0        500          0          0
   4       17      517     1598      9546500865      9546502463        14147316          0        500          0          0
   4       17      511     1598      9546502477      9546504075        14148928          0        500          0          0
   4       17      511     2127      9546504091      9546506218        14150542          0        500          0          0
   4       17      511     2126      9546506233      9546508359        14152684          0        500          0          0
   4       17      511     1589      9546508375      9546509964        14154826          0        500          0          0
   4       17      516     2134      9546509978      9546512112        14156429          0        500          0          0
   4       17      511     2658      9546512127      9546514785        14158578          0        500          0          0
   4       17      516     1590      9546514799      9546516389        14161250          0        500          0          0
   4       17      511     2205      9546516404      9546518609        14162855          0        500          0          0
   4       17      518     2144      9546518626      9546520771        14165077          0        500          0          0
   4       17      516     2128      9546520786      9546522914        14167237          0        500          0          0
   4       17      516     1629      9546522928      9546524557        14169379          0        500          0          0
   4       17     1521     2602      9546524572      9546527175        14171023          0        500          0          0
   4       17      511     1077      9546527192      9546528269        14173643          0        500          0          0
   4       17      511     2212      9546528284      9546530495        14174735          0        500          0          0
   4       17      518     1600      9546530511      9546532111        14176962          0        500          0          0
   4       17      511     1598      9546532126      9546533724        14178577          0        500          0          0
   4       17      517     2667      9546533740      9546536407        14180191          0        500          0          0
   4       17      511     2665      9546536422      9546539086        14182873          0        500          0          0
   4       17      511     1908      9546539101      9546541009        14185552          0        500          0          0
   4       17      511     1285      9546541022      9546542307        14187473          0        500          0          0
   4       17     1615     3234      9546542322      9546545556        14188773          0        500          0          0
   4       17      518     2138      9546545607      9546547745        14192058          0        500          0          0
   4       17      517     2130      9546547761      9546549891        14194212          0        500          0          0
   4       17      516     2691      9546549904      9546552595        14196355          0        500          0          0
   4       17      518     1615      9546552611      9546554226        14199062          0        500          0          0
   4       17      511     1587      9546554242      9546555829        14200693          0        500          0          0
   4       17      517     2134      9546555843      9546557976        14202294          0        500          0          0
   4       17      516     2193      9546557991      9546560184        14204442          0        500          0          0
   4       17      511     2170      9546560202      9546562372        14206653          0        500          0          0
   4       17      511     2173      9546562389      9546564562        14208840          0        500          0          0
   4       17     2132     3210      9546564578      9546567789        14211029          0        500          0          0
   4       17      517     2126      9546567805      9546569931        14214256          0        500          0          0
   4       17      516     2128      9546569945      9546572073        14216396          0        500          0          0
   4       17      511     2665      9546572087      9546574752        14218538          0        500          0          0
   4       17      517     2128      9546574768      9546576896        14221219          0        500          0          0
   4       17      517     2669      9546576910      9546579579        14223361          0        500          0          0
   4       17      516     2416      9546579593      9546582009        14226044          0        500          0          0
   4       17      511     2376      9546582023      9546584399        14228474          0        500          0          0
   4       17      511     3218      9546584413      9546587631        14230864          0        500          0          0
   4       17      517     1628      9546587648      9546589276        14234099          0        500          0          0
   4       17      511     2137      9546589291      9546591427        14235741          0        500          0          0
   4       17      511     2128      9546591443      9546593571        14237894          0        500          0          0
   4       17      516     1967      9546593586      9546595553        14240037          0        500          0          0
   4       17      517     1276      9546595571      9546596847        14242022          0        500          0          0
   4       17      516     2129      9546596861      9546598991        14243312          0        500          0          0
   4       17      511     2136      9546599010      9546601146        14245461          0        500          0          0
   4       17      511     2125      9546601160      9546603285        14247611          0        500          0          0
   4       17      511     1782      9546603300      9546605082        14249751          0        500          0          0
   4       17      511     1942      9546605096      9546607039        14251547          0        500          0          0
   4       17      511     2128      9546607053      9546609181        14253504          0        500          0          0
   4       17      511     1586      9546609195      9546610781        14255646          0        500          0          0
   4       17      517     2124      9546610795      9546612919        14257246          0        500          0          0
   4       17      517     2129      9546612932      9546615061        14259383          0        500          0          0
   4       17      511     2135      9546615076      9546617211        14261527          0        500          0          0
   4       17     2168     3265      9546617261      9546620526        14263712          0        500          0          0
   4       17      517     1603      9546620544      9546622147        14266995          0        500          0          0
   4       17      511     2126      9546622162      9546624288        14268613          0        500          0          0
   4       17      511     1704      9546624305      9546626009        14270756          0        500          0          0
   4       17      511     2021      9546626024      9546628044        14272475          0        500          0          0
   4       17      511     2190      9546628060      9546630250        14274511          0        500          0          0
   4       17      511     2130      9546630268      9546632398        14276719          0        500          0          0
   4       17      511     3666      9546632414      9546636080        14278865          0        500          0          0
   4       17      511     1671      9546636095      9546637766        14282546          0        500          0          0
   4       17      516     2136      9546637781      9546639917        14284232          0        500          0          0
   4       17      517     2134      9546639932      9546642066        14286383          0        500          0          0
   4       17      511     2663      9546642081      9546644744        14288532          0        500          0          0
   4       17      517     2251      9546644758      9546647009        14291209          0        500          0          0
   4       17      511     2015      9546647023      9546649038        14293474          0        500          0          0
   4       17      511     2130      9546649052      9546651181        14295503          0        500          0          0
   4       17      511     2136      9546651196      9546653332        14297647          0        500          0          0
   4       17      511     1074      9546653346      9546654420        14299797          0        500          0          0
   4       17      511     1589      9546654434      9546656024        14300885          0        500          0          0
   4       17      513     2136      9546656038      9546658173        14302489          0        500          0          0
   4       17      511     2133      9546658189      9546660322        14304640          0        500          0          0
   4       17      511     2172      9546660337      9546662509        14306788          0        500          0          0
   4       17     2690     3807      9546662528      9546666335        14308978          0        500          0          0
   4       17      511     2183      9546666352      9546668535        14312803          0        500          0          0
   4       17      518     2131      9546668552      9546670683        14315003          0        500          0          0
   4       17      517     2131      9546670697      9546672828        14317148          0        500          0          0
   4       17      517     2134      9546672842      9546674976        14319293          0        500          0          0
   4       17      517     1593      9546674991      9546676584        14321442          0        500          0          0
   4       17      517     1942      9546676598      9546678540        14323049          0        500          0          0
   4       17      516     1787      9546678555      9546680342        14325006          0        500          0          0
   4       17      511     2140      9546680357      9546682497        14326807          0        500          0          0
   4       17      516     2133      9546682512      9546684645        14328963          0        500          0          0
   4       17     5614     6701      9546684670      9546691371        14331121          0        500          0          0
   4       17      511     3743      9546691394      9546695136        14337844          0        500          0          0
   4       17      511     2149      9546695191      9546697340        14341641          0        500          0          0
   4       17      511     1077      9546697358      9546698435        14343809          0        500          0          0
   4       17      511     6203      9546698451      9546704654        14344902          0        500          0          0
   4       17      517     1097      9546704673      9546705770        14351124          0        500          0          0
   4       17      516     1595      9546705783      9546707377        14352234          0        500          0          0
   4       17      511     1588      9546707392      9546708981        14353843          0        500          0          0
   4       17      516     1592      9546708993      9546710586        14355444          0        500          0          0
   4       17      517     1591      9546710600      9546712191        14357051          0        500          0          0
   4       17      511     2657      9546712204      9546714862        14358655          0        500          0          0
   4       17      517     5691      9546714877      9546720568        14361328          0        500          0          0
   4       17      518     1620      9546720586      9546722206        14367037          0        500          0          0
   4       17      511     2148      9546722224      9546724373        14368675          0        500          0          0
   4       17      511     1592      9546724387      9546725979        14370838          0        500          0          0
   4       17      518     2138      9546725995      9546728134        14372446          0        500          0          0
   4       17      511     2998      9546728148      9546731147        14374599          0        500          0          0
   4       17      511     2041      9546731168      9546733209        14377619          0        500          0          0
   4       17      511     2740      9546733244      9546735985        14379695          0        500          0          0
   4       17      511     2056      9546739037      9546741093        14385488          0        500          0          0
   4       17      511     3290      9546741106      9546744396        14387557          0        500          0          0
   4       17      511     2124      9546744410      9546746535        14390861          0        500          0          0
   4       17      517     2659      9546746547      9546749206        14392998          0        500          0          0
   4       17      511     1943      9546749220      9546751163        14395671          0        500          0          0
   4       17      511     2274      9546751185      9546753459        14397635          0        500          0          0
   4       17      511     3003      9546753480      9546756483        14399931          0        500          0          0
   4       17      517     2165      9546756502      9546758667        14402953          0        500          0          0
   4       17      516     1840      9546758712      9546760552        14405163          0        500          0          0
   4       17     3916     5662      9546760568      9546766230        14407019          0        500          0          0
   4       17      511     1800      9546766255      9546768055        14412705          0        500          0          0
   4       17      511     2153      9546768074      9546770227        14414525          0        500          0          0
   4       17      511     2060      9546770254      9546772315        14416705          0        500          0          0
   4       17      511     2639      9546772339      9546774978        14418790          0        500          0          0
   4       17      519     2592      9546774996      9546777588        14421447          0        500          0          0
   4       17      517     2429      9546777604      9546780032        14424055          0        500          0          0
   4       17     2821     4898      9546780085      9546784983        14426536          0        500          0          0
   4       17      511     3805      9546785016      9546788820        14431466          0        500          0          0
   4       17      518     1673      9546788842      9546790516        14435293          0        500          0          0
   4       17      519     1670      9546790542      9546792213        14436993          0        500          0          0
   4       17      511     2196      9546792240      9546794435        14438691          0        500          0          0
   4       17      511     2845      9546794461      9546797306        14440912          0        500          0          0
   4       17      511     2736      9546797328      9546800064        14443779          0        500          0          0
   4       17      511     2181      9546800086      9546802267        14446537          0        500          0          0
   4       17      511     4784      9546802286      9546807070        14448737          0        500          0          0
   4       17      511     2989      9546807099      9546810088        14453550          0        500          0          0
   4       17      511     3180      9546810106      9546813286        14456557          0        500          0          0
   4       17      511     4594      9546813305      9546817899        14459756          0        500          0          0
   4       17      516     1094      9546817947      9546819041        14464397          0        500          0          0
   4       17      511     1612      9546819069      9546820681        14465520          0        500          0          0
   4       17      517     1655      9546820697      9546822352        14467148          0        500          0          0
   4       17      516     2673      9546822938      9546825611        14469389          0        500          0          0
   4       17      517     2720      9546825634      9546828354        14472085          0        500          0          0
   4       17      511     2158      9546828386      9546830544        14474837          0        500          0          0
   4       17     1500     2689      9546831128      9546833817        14477579          0        500          0          0
   4       17      537     2399      9546833843      9546836242        14480294          0        500          0          0
   4       17      511     2773      9546836263      9546839036        14482714          0        500          0          0
   4       17      511     2585      9546839053      9546841638        14485504          0        500          0          0
   4       17      517     2277      9546841658      9546843935        14488109          0        500          0          0
   4       17      518     3809      9546843955      9546847764        14490406          0        500          0          0
   4       17      543     2174      9546847792      9546849966        14494243          0        500          0          0
   4       17      520     2235      9546849994      9546852229        14496444          0        500          0          0
   4       17      511     2627      9546852250      9546854877        14498701          0        500          0          0
   4       17      520     2697      9546854905      9546857602        14501356          0        500          0          0
   4       17      522     2759      9546857632      9546860391        14504083          0        500          0          0
   4       17     3798     4382      9546860419      9546864800        14506870          0        500          0          0
   4       17      518     2827      9546864823      9546867651        14511274          0        500          0          0
   4       17      544     2228      9546867680      9546869908        14514131          0        500          0          0
   4       17      517     2008      9546869926      9546871934        14516376          0        500          0          0
   4       17      511     3790      9546872032      9546875823        14518483          0        500          0          0
   4       17      519     1633      9546875847      9546877480        14522298          0        500          0          0
   4       17     3074     4011      9546877495      9546881506        14523946          0        500          0          0
   4       17      517     1979      9546881527      9546883506        14527978          0        500          0          0
   4       17      517     3157      9546883525      9546886682        14529976          0        500          0          0
   4       17      542     2694      9546886713      9546889407        14533164          0        500          0          0
   4       17      511     2146      9546889426      9546891573        14535877          0        500          0          0
   4       17      516     2427      9546891588      9546894015        14538039          0        500          0          0
   4       17     2615     4838      9546894036      9546898874        14540487          0        500          0          0
   4       17      519     2742      9546898902      9546901644        14545353          0        500          0          0
   4       17      517     2066      9546901664      9546903729        14548115          0        500          0          0
   4       17      516     3150      9546903774      9546906924        14550225          0        500          0          0
   4       17      520     1625      9546906952      9546908577        14553403          0        500          0          0
   4       17      517     2277      9546908592      9546910869        14555043          0        500          0          0
   4       17      519     3039      9546910885      9546913924        14557336          0        500          0          0
   4       17     3149     5513      9546913945      9546919458        14560396          0        500          0          0
   4       17      511     2533      9546919481      9546922014        14565931          0        500          0          0
   4       17      511     1585      9546922033      9546923618        14568484          0        500          0          0
   4       17      518     2308      9546923636      9546925945        14570087          0        500          0          0
   4       17      519     2447      9546925976      9546928423        14572427          0        500          0          0
   4       17     2240     3979      9546928448      9546932427        14574899          0        500          0          0
   4       17      511     2154      9546932457      9546934610        14578908          0        500          0          0
   4       17      518     3001      9546934666      9546937667        14581117          0        500          0          0
   4       17      520     2370      9546937697      9546940067        14584148          0        500          0          0
   4       17      511     2492      9546940090      9546942582        14586541          0        500          0          0
   4       17      517     1921      9546942599      9546944520        14589050          0        500          0          0
   4       17     4390     5376      9546944542      9546949918        14590993          0        500          0          0
   4       17      518     3129      9546949946      9546953075        14596397          0        500          0          0
   4       17      511     2635      9546953105      9546955740        14599555          0        500          0          0
   4       17      519     1642      9546955758      9546957400        14602209          0        500          0          0
   4       17      511     2175      9546957425      9546959599        14603876          0        500          0          0
   4       17      520     2558      9546959619      9546962177        14606070          0        500          0          0
   4       17      511     2935      9546962200      9546965135        14608651          0        500          0          0
   4       17     2087     5722      9546965191      9546970913        14611642          0        500          0          0
   4       17      518     3506      9546970943      9546974449        14617394          0        500          0          0
   4       17      511     2588      9546974478      9546977065        14620929          0        500          0          0
   4       17      511     2182      9546977084      9546979266        14623535          0        500          0          0
   4       17      511     2267      9546979285      9546981552        14625736          0        500          0          0
   4       17      520     1491      9546981569      9546983060        14628020          0        500          0          0
   4       17      511     1677      9546983085      9546984762        14629536          0        500          0          0
   4       17     2146     4328      9546984777      9546989106        14631228          0        500          0          0
   4       17      511     3745      9546989123      9546992868        14635574          0        500          0          0
   4       17      517     2138      9546992885      9546995023        14639336          0        500          0          0
   4       17      511     1969      9546995041      9546997010        14641492          0        500          0          0
   4       17      511     1232      9546997024      9546998257        14643475          0        500          0          0
   4       17     1621     3252      9546998272      9547001524        14644723          0        500          0          0
   4       17      518     2133      9547001541      9547003674        14647992          0        500          0          0
   4       17      517     2132      9547003690      9547005822        14650141          0        500          0          0
   4       17      516     2136      9547005836      9547007971        14652287          0        500          0          0
   4       17      516     1557      9547007987      9547009544        14654438          0        500          0          0
   4       17      516     1637      9547009558      9547011196        14656009          0        500          0          0
   4       17      511     2169      9547011211      9547013380        14657662          0        500          0          0
   4       17      511     2205      9547013395      9547015600        14659846          0        500          0          0
   4       17      517     2133      9547015619      9547017752        14662070          0        500          0          0
   4       17     1597     3261      9547017765      9547021026        14664216          0        500          0          0
   4       17      511     2047      9547021046      9547023093        14667496          0        500          0          0
   4       17      511     2233      9547023109      9547025341        14669559          0        500          0          0
   4       17      511     2132      9547025358      9547027490        14671809          0        500          0          0
   4       17      516     2136      9547027506      9547029642        14673957          0        500          0          0
   4       17      516     1592      9547029658      9547031250        14676109          0        500          0          0
   4       17      511     2136      9547031264      9547033401        14677715          0        500          0          0
   4       17      511     1591      9547033418      9547035009        14679869          0        500          0          0
   4       17      511     1600      9547035022      9547036622        14681473          0        500          0          0
   4       17     3739     4304      9547036638      9547040942        14683089          0        500          0          0
   4       17      516     3187      9547040955      9547044142        14687406          0        500          0          0
   4       17      511     2127      9547044157      9547046284        14690608          0        500          0          0
   4       17      511     2001      9547046334      9547048336        14692785          0        500          0          0
   4       17      511     1073      9547048353      9547049426        14694804          0        500          0          0
   4       17      511     1746      9547049441      9547051186        14695892          0        500          0          0
   4       17      511     2137      9547051204      9547053340        14697655          0        500          0          0
   4       17      511     2130      9547053355      9547055485        14699806          0        500          0          0
   4       17      517     2128      9547055501      9547057629        14701952          0        500          0          0
   4       17     2127     3437      9547057644      9547061081        14704095          0        500          0          0
   4       17      511     1932      9547061100      9547063031        14707550          0        500          0          0
   4       17      511     1606      9547063047      9547064653        14709498          0        500          0          0
   4       17      517     1341      9547064668      9547066009        14711119          0        500          0          0
   4       17      511     1859      9547066024      9547067882        14712475          0        500          0          0
   4       17      516     2138      9547067899      9547070037        14714350          0        500          0          0
   4       17      511     2126      9547070051      9547072178        14716502          0        500          0          0
   4       17      511     1590      9547072192      9547073782        14718643          0        500          0          0
   4       17     2121     3199      9547073795      9547076994        14720246          0        500          0          0
   4       17      511     2123      9547077014      9547079138        14723465          0        500          0          0
   4       17      511     1586      9547079152      9547080738        14725603          0        500          0          0
   4       17      516     2665      9547080753      9547083419        14727204          0        500          0          0
   4       17      511     2167      9547083434      9547085600        14729885          0        500          0          0
   4       17      519     1637      9547085621      9547087258        14732072          0        500          0          0
   4       17      511     1631      9547087274      9547088906        14733725          0        500          0          0
   4       17      516     2171      9547088940      9547091111        14735390          0        500          0          0
   4       17      511     1617      9547091127      9547092744        14737578          0        500          0          0
   4       17      516     2158      9547092780      9547094938        14739231          0        500          0          0
   4       17      516     3038      9547094973      9547098011        14741424          0        500          0          0
   4       17      511     1781      9547098027      9547099808        14744478          0        500          0          0
   4       17      517     1595      9547099822      9547101418        14746273          0        500          0          0
   4       17      511     2129      9547101434      9547103563        14747885          0        500          0          0
   4       17      516     1593      9547103578      9547105170        14750029          0        500          0          0
   4       17      511     2357      9547105186      9547107543        14751637          0        500          0          0
   4       17      517     1901      9547107557      9547109458        14754008          0        500          0          0
   4       17      511     2126      9547109472      9547111599        14755923          0        500          0          0
   4       17      516     1592      9547111613      9547113205        14758064          0        500          0          0
   4       17      511     2128      9547113256      9547115384        14759707          0        500          0          0
   4       17      511     2129      9547115398      9547117526        14761849          0        500          0          0
   4       17      517     2005      9547117541      9547119546        14763992          0        500          0          0
   4       17      516     1724      9547119561      9547121284        14766012          0        500          0          0
   4       17      511     2124      9547121300      9547123424        14767751          0        500          0          0
   4       17      511     2170      9547123438      9547125608        14769889          0        500          0          0
   4       17      518     1603      9547125623      9547127227        14772074          0        500          0          0
   4       17      511     2137      9547127241      9547129378        14773692          0        500          0          0
   4       17      511     2138      9547129396      9547131534        14775847          0        500          0          0
   4       17      517     2128      9547131549      9547133677        14778000          0        500          0          0
   4       17     2128     3207      9547133693      9547136901        14780144          0        500          0          0
   4       17      516     2129      9547136915      9547139045        14783366          0        500          0          0
   4       17      511     2127      9547139059      9547141186        14785510          0        500          0          0
   4       17      511     2341      9547141200      9547143541        14787651          0        500          0          0
   4       17      517     1914      9547143558      9547145472        14790009          0        500          0          0
   4       17      511     2153      9547145485      9547147638        14791936          0        500          0          0
   4       17      518     2136      9547147654      9547149790        14794105          0        500          0          0
   4       17      518     1743      9547149806      9547151549        14796257          0        500          0          0
   4       17      520     1609      9547151569      9547153178        14798019          0        500          0          0
   4       17      511     2028      9547153195      9547155223        14799646          0        500          0          0
   4       17      511     1637      9547155240      9547156877        14801691          0        500          0          0
   4       17      516     2138      9547156891      9547159029        14803342          0        500          0          0
   4       17      511     2132      9547159046      9547161178        14805497          0        500          0          0
   4       17      511     2137      9547161192      9547163330        14807643          0        500          0          0
   4       17      511     1588      9547163347      9547164936        14809798          0        500          0          0
   4       17      516     2208      9547164950      9547167157        14811400          0        500          0          0
   4       17      511     2156      9547167179      9547169335        14813630          0        500          0          0
   4       17      511     2133      9547169350      9547171482        14815801          0        500          0          0
   4       17      517     2129      9547171501      9547173630        14817952          0        500          0          0
   4       17     2664     4278      9547173644      9547177922        14820095          0        500          0          0
   4       17      517     1595      9547177938      9547179533        14824389          0        500          0          0
   4       17      516     1591      9547179546      9547181138        14825997          0        500          0          0
   4       17      511     1854      9547181154      9547183008        14827605          0        500          0          0
   4       17     1589     3541      9547183060      9547186601        14829511          0        500          0          0
   4       17      517     2127      9547186621      9547188748        14833072          0        500          0          0
   4       17      517     2131      9547188763      9547190894        14835214          0        500          0          0
   4       17      516     1598      9547190911      9547192509        14837362          0        500          0          0
   4       17      516     1484      9547192525      9547194009        14838976          0        500          0          0
   4       17      511     2253      9547194026      9547196278        14840477          0        500          0          0
   4       17      511     2170      9547196294      9547198465        14842745          0        500          0          0
   4       17      511     1602      9547198483      9547200085        14844934          0        500          0          0
   4       17      511     2665      9547200102      9547202766        14846553          0        500          0          0
   4       17      516     2123      9547202783      9547204905        14849234          0        500          0          0
   4       17      517     2091      9547204918      9547207009        14851369          0        500          0          0
   4       17      511     1587      9547207024      9547208611        14853475          0        500          0          0
   4       17      517     2146      9547208625      9547210771        14855076          0        500          0          0
   4       17      516     1625      9547210787      9547212412        14857238          0        500          0          0
   4       17      511     2159      9547212428      9547214588        14858879          0        500          0          0
   4       17      517     1617      9547214610      9547216226        14861060          0        500          0          0
   4       17      511     2130      9547216242      9547218372        14862693          0        500          0          0
   4       17      511     1594      9547218392      9547219986        14864843          0        500          0          0
   4       17      511     2129      9547220007      9547222135        14866458          0        500          0          0
   4       17      511     2131      9547222152      9547224283        14868603          0        500          0          0
   4       17      511     2688      9547224301      9547226988        14870752          0        500          0          0
   4       17      511     1531      9547227016      9547228547        14873467          0        500          0          0
   4       17      516     1180      9547228563      9547229744        14875014          0        500          0          0
   4       17      516     2139      9547229763      9547231902        14876214          0        500          0          0
   4       17      516     2148      9547231919      9547234067        14878370          0        500          0          0
   4       17      511     2173      9547234087      9547236260        14880538          0        500          0          0
   4       17      511     2186      9547236278      9547238464        14882729          0        500          0          0
   4       17      511     1617      9547238481      9547240098        14884932          0        500          0          0
   4       17      511     1642      9547240113      9547241755        14886564          0        500          0          0
   4       17      516     2141      9547241782      9547243924        14888233          0        500          0          0
   4       17      535     2700      9547243939      9547246638        14890390          0        500          0          0
   4       17      517     2738      9547246692      9547249431        14893143          0        500          0          0
   4       17      511     6198      9547249444      9547255642        14895895          0        500          0          0
   4       17      518     1625      9547255699      9547257324        14902150          0        500          0          0
   4       17      511     1617      9547257339      9547258956        14903790          0        500          0          0
   4       17      515     1599      9547258989      9547260588        14905440          0        500          0          0
   4       17      517     5413      9547260604      9547266018        14907055          0        500          0          0
   4       17      511     2192      9547266044      9547268236        14912495          0        500          0          0
   4       17      511     2175      9547268255      9547270430        14914706          0        500          0          0
   4       17      511     2154      9547270445      9547272599        14916896          0        500          0          0
   4       17      516     3196      9547272615      9547275811        14919066          0        500          0          0
   4       17      517     7467      9547275825      9547283292        14922276          0        500          0          0
   4       17      511     1081      9547283315      9547284396        14929766          0        500          0          0
   4       17      511     1139      9547284412      9547285551        14930863          0        500          0          0
   4       17      517     1550      9547285570      9547287120        14932021          0        500          0          0
   4       17      511     1598      9547287136      9547288734        14933587          0        500          0          0
   4       17      516     2312      9547288752      9547291063        14935203          0        500          0          0
   4       17      511     2505      9547291089      9547293594        14937540          0        500          0          0
   4       17      512     2193      9547297070      9547299263        14943521          0        500          0          0
   4       17      511     2187      9547299285      9547301472        14945736          0        500          0          0
   4       17      517     2142      9547301492      9547303634        14947943          0        500          0          0
   4       17      517     2142      9547303651      9547305793        14950102          0        500          0          0
   4       17      516     1594      9547305810      9547307404        14952261          0        500          0          0
   4       17      511     3815      9547307420      9547311235        14953871          0        500          0          0
   4       17      511     1621      9547311255      9547312876        14957706          0        500          0          0
   4       17      516     2187      9547312910      9547315096        14959361          0        500          0          0
   4       17      511     2370      9547315115      9547317486        14961566          0        500          0          0
   4       17     2187     2854      9547317503      9547320358        14963954          0        500          0          0
   4       17      511     2928      9547320380      9547323308        14966831          0        500          0          0
   4       17      511     2206      9547323331      9547325536        14969782          0        500          0          0
   4       17      521     2689      9547325565      9547328254        14972016          0        500          0          0
   4       17      511     2257      9547328279      9547330535        14974730          0        500          0          0
   4       17     3079     3752      9547330568      9547334320        14977019          0        500          0          0
   4       17     1673     4146      9547334349      9547338495        14980800          0        500          0          0
   4       17      519     3202      9547338529      9547341731        14984980          0        500          0          0
   4       17      549     2738      9547341763      9547344502        14988214          0        500          0          0
   4       17      518     2103      9547344558      9547346662        14991009          0        500          0          0
   4       17      520     2298      9547346688      9547348986        14993139          0        500          0          0
   4       17      511     2332      9547349018      9547351350        14995469          0        500          0          0
   4       17      511     2723      9547351374      9547354097        14997825          0        500          0          0
   4       17      511     2685      9547354121      9547356806        15000572          0        500          0          0
   4       17     2690     3260      9547356832      9547360091        15003283          0        500          0          0
   4       17      511     2083      9547360117      9547362200        15006568          0        500          0          0
   4       17      511     2211      9547362224      9547364435        15008675          0        500          0          0
   4       17      511     2814      9547364459      9547367274        15010910          0        500          0          0
   4       17      511     2796      9547367301      9547370097        15013752          0        500          0          0
   4       17      511     2661      9547370117      9547372778        15016568          0        500          0          0
   4       17     2480     4317      9547372803      9547377120        15019254          0        500          0          0
   4       17      511     4545      9547377152      9547381697        15023603          0        500          0          0
   4       17      521     2173      9547381725      9547383898        15028176          0        500          0          0
   4       17      536     3741      9547383924      9547387665        15030375          0        500          0          0
   4       17      520     2113      9547387699      9547389812        15034150          0        500          0          0
   4       17      543     1669      9547389839      9547391507        15036290          0        500          0          0
   4       17      516     2217      9547391525      9547393741        15037976          0        500          0          0
   4       17      522     2734      9547393766      9547396501        15040217          0        500          0          0
   4       17      519     2834      9547396525      9547399359        15042976          0        500          0          0
   4       17      511     2156      9547399384      9547401540        15045835          0        500          0          0
   4       17     3585     4810      9547401564      9547406375        15048015          0        500          0          0
   4       17      511     1073      9547406400      9547407473        15052851          0        500          0          0
   4       17      517     2640      9547407490      9547410130        15053941          0        500          0          0
   4       17      511     2603      9547410151      9547412754        15056602          0        500          0          0
   4       17      517     2618      9547412777      9547415395        15059228          0        500          0          0
   4       17      511     2606      9547415420      9547418027        15061871          0        500          0          0
   4       17      511     4892      9547418050      9547422942        15064500          0        500          0          0
   4       17      516     2111      9547422967      9547425077        15069418          0        500          0          0
   4       17      511     2850      9547425100      9547427950        15071551          0        500          0          0
   4       17      517     2034      9547427977      9547430010        15074427          0        500          0          0
   4       17      511     2353      9547430029      9547432382        15076480          0        500          0          0
   4       17      511     2170      9547432407      9547434576        15078858          0        500          0          0
   4       17      519     2442      9547434633      9547437076        15081084          0        500          0          0
   4       17     2598     6938      9547437095      9547444033        15083546          0        500          0          0
   4       17      511     1081      9547444062      9547445143        15090513          0        500          0          0
   4       17      511     2820      9547445163      9547447984        15091614          0        500          0          0
   4       17      511     2850      9547448015      9547450865        15094466          0        500          0          0
   4       17      517     2689      9547450890      9547453579        15097341          0        500          0          0
   4       17      520     2130      9547453607      9547455736        15100058          0        500          0          0
   4       17      543     2232      9547455762      9547457995        15102213          0        500          0          0
   4       17      511     2382      9547458031      9547460413        15104482          0        500          0          0
   4       17      511     2669      9547460441      9547463110        15106892          0        500          0          0
   4       17      511     2521      9547463134      9547465656        15109585          0        500          0          0
   4       17     1939     4409      9547465678      9547470087        15112129          0        500          0          0
   4       17      511     2458      9547470112      9547472570        15116563          0        500          0          0
   4       17      518     1631      9547472596      9547474226        15119046          0        500          0          0
   4       17      511     2664      9547474243      9547476906        15120693          0        500          0          0
   4       17      517     2588      9547476925      9547479513        15123376          0        500          0          0
   4       17      517     1912      9547479531      9547481444        15125982          0        500          0          0
   4       17     1646     2605      9547481474      9547484079        15127925          0        500          0          0
   4       17     4475     5698      9547484097      9547489796        15130548          0        500          0          0
   4       17      516     3236      9547489821      9547493057        15136272          0        500          0          0
   4       17      511     1439      9547493083      9547494522        15139534          0        500          0          0
   4       17     1097     2087      9547494543      9547496630        15140994          0        500          0          0
   4       17     1127     2828      9547496657      9547499485        15143108          0        500          0          0
   4       17      516     2280      9547499510      9547501790        15145961          0        500          0          0
   4       17      518     2682      9547501816      9547504498        15148267          0        500          0          0
   4       17      517     2652      9547504520      9547507172        15150971          0        500          0          0
   4       17      511     3785      9547507192      9547510977        15153643          0        500          0          0
   4       17      511     2658      9547511015      9547513673        15157466          0        500          0          0
   4       17      547     2721      9547513704      9547516425        15160155          0        500          0          0
   4       17      511     2238      9547516452      9547518690        15162903          0        500          0          0
   4       17      521     2178      9547518719      9547520897        15165170          0        500          0          0
   4       17      518     2593      9547520919      9547523511        15167370          0        500          0          0
   4       17     4340     5616      9547523534      9547529150        15169985          0        500          0          0
   4       17      511     3372      9547529240      9547532612        15175691          0        500          0          0
   4       17      523     2634      9547532648      9547535282        15179099          0        500          0          0
   4       17      511     2716      9547535312      9547538028        15181763          0        500          0          0
   4       17      511     2757      9547538052      9547540809        15184503          0        500          0          0
   4       17      518     2181      9547540833      9547543013        15187284          0        500          0          0
   4       17      533     2539      9547543030      9547545569        15189481          0        500          0          0
   4       17      516     1637      9547545618      9547547255        15192069          0        500          0          0
   4       17      511     3717      9547547274      9547550990        15193725          0        500          0          0
   4       17      511     1933      9547551021      9547552954        15197471          0        500          0          0
   4       17      519     2356      9547552972      9547555328        15199423          0        500          0          0
   4       17      511     4199      9547555358      9547559558        15201809          0        500          0          0
   4       17      522     3319      9547559591      9547562909        15206042          0        500          0          0
   4       17      520     3078      9547562934      9547566012        15209385          0        500          0          0
   4       17      511     1798      9547566035      9547567832        15212486          0        500          0          0
   4       17      519     2189      9547567859      9547570048        15214310          0        500          0          0
   4       17      511     2242      9547570064      9547572306        15216515          0        500          0          0
   4       17     1592     2855      9547572332      9547575187        15218783          0        500          0          0
   4       17      511     2782      9547575217      9547577999        15221668          0        500          0          0
   4       17      511     2597      9547578034      9547580631        15224485          0        500          0          0
   4       17     1538     2554      9547580655      9547583209        15227106          0        500          0          0
   4       17      511     2646      9547583240      9547585885        15229691          0        500          0          0
   4       17      519     2749      9547585910      9547588659        15232361          0        500          0          0
   4       17      517     2812      9547588679      9547591490        15235130          0        500          0          0
   4       17      517     2229      9547591514      9547593744        15237965          0        500          0          0
   4       17     3225     5127      9547593770      9547598897        15240221          0        500          0          0
   4       17      519     1508      9547598928      9547600436        15245379          0        500          0          0
   4       17     2276     3851      9547600479      9547604330        15246930          0        500          0          0
   4       17      533     2083      9547604361      9547606444        15250812          0        500          0          0
   4       17      511     2631      9547606465      9547609096        15252916          0        500          0          0
   4       17      511     2029      9547609122      9547611151        15255573          0        500          0          0
   4       17      511     2709      9547611176      9547613885        15257627          0        500          0          0
   4       17      520     2627      9547613911      9547616538        15260362          0        500          0          0
   4       17     4335     4910      9547616556      9547621466        15263007          0        500          0          0
   4       17      518     2557      9547621525      9547624082        15267976          0        500          0          0
   4       17      511     1847      9547624113      9547625960        15270564          0        500          0          0
   4       17     2335     4097      9547625987      9547630084        15272438          0        500          0          0
   4       17      511     1583      9547630119      9547631703        15276570          0        500          0          0
   4       17      517     2253      9547631723      9547633977        15278174          0        500          0          0
   4       17      511     2766      9547634010      9547636776        15280461          0        500          0          0
   4       17      518     2183      9547636795      9547638977        15283246          0        500          0          0
   4       17      517     2630      9547638997      9547641627        15285448          0        500          0          0
   4       17     2180     2763      9547641654      9547644417        15288105          0        500          0          0
   4       17      511     2704      9547644436      9547647141        15290887          0        500          0          0
   4       17      511     2498      9547647159      9547649657        15293610          0        500          0          0
   4       17     1087     3422      9547649689      9547653111        15296140          0        500          0          0
   4       17      511     2177      9547653134      9547655311        15299585          0        500          0          0
   4       17     4299     4869      9547655338      9547660207        15301789          0        500          0          0
   4       17      511     1592      9547660230      9547661822        15306681          0        500          0          0
   4       17      518     2420      9547661849      9547664269        15308300          0        500          0          0
   4       17      511     2036      9547664297      9547666333        15310748          0        500          0          0
   4       17      511     2505      9547666355      9547668860        15312806          0        500          0          0
   4       17      519     2518      9547668883      9547671401        15315334          0        500          0          0
   4       17      511     2752      9547671424      9547674176        15317875          0        500          0          0
   4       17      511     3636      9547674194      9547677830        15320645          0        500          0          0
   4       17     2998     3571      9547677861      9547681431        15324311          0        500          0          0
   4       17      511     1639      9547681455      9547683094        15327906          0        500          0          0
   4       17     2201     3886      9547683126      9547687011        15329576          0        500          0          0
   4       17      511     1607      9547687035      9547688642        15333486          0        500          0          0
   4       17      517     2673      9547688691      9547691364        15335142          0        500          0          0
   4       17      511     2644      9547691389      9547694033        15337840          0        500          0          0
   4       17      511     2386      9547694061      9547696447        15340512          0        500          0          0
   4       17      511     3423      9547696475      9547699898        15342926          0        500          0          0
   4       17      518     2031      9547699925      9547701957        15346376          0        500          0          0
   4       17      519     2579      9547701983      9547704562        15348434          0        500          0          0
   4       17      516     3029      9547704584      9547707613        15351035          0        500          0          0
   4       17     1080     2600      9547707641      9547710242        15354092          0        500          0          0
   4       17     2623     4679      9547710293      9547714972        15356744          0        500          0          0
   4       17      511     1448      9547715011      9547716459        15361462          0        500          0          0
   4       17      511     3588      9547716481      9547720069        15362932          0        500          0          0
   4       17      511     2251      9547720100      9547722351        15366551          0        500          0          0
   4       17      511     2655      9547722381      9547725036        15368832          0        500          0          0
   4       17      511     1836      9547725066      9547726902        15371517          0        500          0          0
   4       17     1596     2600      9547726929      9547729529        15373380          0        500          0          0
   4       17     1656     2715      9547729561      9547732276        15376012          0        500          0          0
   4       17      511     3465      9547732301      9547735766        15378752          0        500          0          0
   4       17      517     1605      9547735791      9547737396        15382242          0        500          0          0
   4       17      511     2711      9547737424      9547740135        15383875          0        500          0          0
   4       17      511     4887      9547740156      9547745043        15386607          0        500          0          0
   4       17      511     1959      9547745071      9547747030        15391522          0        500          0          0
   4       17      511     2491      9547747053      9547749544        15393504          0        500          0          0
   4       17      516     3509      9547749573      9547753083        15396024          0        500          0          0
   4       17      511     2559      9547753122      9547755682        15399573          0        500          0          0
   4       17      523     1652      9547755714      9547757366        15402165          0        500          0          0
   4       17      511     1615      9547757384      9547758999        15403835          0        500          0          0
   4       17      516     3217      9547759584      9547762801        15406035          0        500          0          0
   4       17      546     2199      9547762834      9547765033        15409285          0        500          0          0
   4       17      511     2295      9547765062      9547767357        15411513          0        500          0          0
   4       17     4479     5045      9547767383      9547772427        15413833          0        500          0          0
   4       17      511     2664      9547772451      9547775115        15418902          0        500          0          0
   4       17      511     1620      9547775134      9547776755        15421585          0        500          0          0
   4       17      517     2376      9547776792      9547779168        15423243          0        500          0          0
   4       17      511     2142      9547779198      9547781340        15425649          0        500          0          0
   4       17      511     2595      9547781368      9547783963        15427819          0        500          0          0
   4       17      518     2748      9547783988      9547786735        15430439          0        500          0          0
   4       17     4519     5088      9547786757      9547791845        15433208          0        500          0          0
   4       17      516     3445      9547791868      9547795313        15438319          0        500          0          0
   4       17      511     1119      9547795338      9547796457        15441789          0        500          0          0
   4       17      511     2772      9547796486      9547799258        15442937          0        500          0          0
   4       17      511     2939      9547799282      9547802220        15445733          0        500          0          0
   4       17     2649     4748      9547802278      9547807026        15448729          0        500          0          0
   4       17      511     2314      9547807050      9547809364        15453501          0        500          0          0
   4       17      511     1670      9547809390      9547811060        15455841          0        500          0          0
   4       17      511     3022      9547811084      9547814106        15457535          0        500          0          0
   4       17      511     1646      9547814129      9547815774        15460580          0        500          0          0
   4       17      519     2216      9547816730      9547818946        15463181          0        500          0          0
   4       17      519     2405      9547818978      9547821383        15465429          0        500          0          0
   4       17      511     4242      9547821403      9547825644        15467854          0        500          0          0
   4       17      550     2773      9547825678      9547828451        15472129          0        500          0          0
   4       17      511     2258      9547828477      9547830735        15474928          0        500          0          0
   4       17      520     2209      9547830765      9547832975        15477216          0        500          0          0
   4       17      511     2716      9547833035      9547835752        15479486          0        500          0          0
   4       17      520     2190      9547835778      9547837969        15482229          0        500          0          0
   4       17      511     2093      9547838014      9547840107        15484464          0        500          0          0
   4       17      517     2656      9547842562      9547845218        15489013          0        500          0          0
   4       17      511     3551      9547845242      9547848793        15491693          0        500          0          0
   4       17      520     1649      9547848815      9547850464        15495266          0        500          0          0
   4       17      511     1985      9547850483      9547852467        15496934          0        500          0          0
   4       17      511     2213      9547852486      9547854699        15498937          0        500          0          0
   4       17      517     2849      9547854751      9547857600        15501202          0        500          0          0
   4       17      520     2781      9547857631      9547860411        15504082          0        500          0          0
   4       17      511     2311      9547860440      9547862751        15506891          0        500          0          0
   4       17     2192     3832      9547862785      9547866618        15509236          0        500          0          0
   4       17      524     1630      9547866663      9547868293        15513114          0        500          0          0
   4       17      511     2334      9547868310      9547870644        15514761          0        500          0          0
   4       17      518     3184      9547870667      9547873851        15517118          0        500          0          0
   4       17      537     2726      9547873875      9547876601        15520326          0        500          0          0
   4       17      519     2060      9547876628      9547878689        15523079          0        500          0          0
   4       17     2579     4513      9547878713      9547883226        15525164          0        500          0          0
   4       17      511     1510      9547883257      9547884767        15529708          0        500          0          0
   4       17      521     2739      9547884797      9547887536        15531248          0        500          0          0
   4       17      519     2625      9547887563      9547890188        15534014          0        500          0          0
   4       17      511     2348      9547890209      9547892557        15536660          0        500          0          0
   4       17      518     2102      9547892607      9547894709        15539058          0        500          0          0
   4       17     5124     7411      9547894733      9547902144        15541184          0        500          0          0
   4       17      511     2671      9547902171      9547904843        15548622          0        500          0          0
   4       17      517     2062      9547904861      9547906923        15551312          0        500          0          0
   4       17      516     3107      9547906974      9547910081        15553425          0        500          0          0
   4       17      511     2107      9547910100      9547912208        15556551          0        500          0          0
   4       17     1639     4148      9547912228      9547916376        15558679          0        500          0          0
   4       17      511     2793      9547916407      9547919200        15562858          0        500          0          0
   4       17      511     2806      9547919234      9547922040        15565685          0        500          0          0
   4       17      511     1647      9547922072      9547923719        15568523          0        500          0          0
   4       17     3070     4248      9547923743      9547927991        15570194          0        500          0          0
   4       17      511     2209      9547928031      9547930240        15574481          0        500          0          0
   4       17      511     2693      9547930269      9547932962        15576720          0        500          0          0
   4       17      521     2718      9547932993      9547935711        15579444          0        500          0          0
   4       17      543     2131      9547935737      9547937868        15582188          0        500          0          0
   4       17      520     3337      9547937898      9547941235        15584349          0        500          0          0
   4       17      511     2173      9547941261      9547943434        15587712          0        500          0          0
   4       17      511     2700      9547943457      9547946157        15589908          0        500          0          0
   4       17      511     2666      9547946182      9547948848        15592633          0        500          0          0
   4       17      517     2683      9547948871      9547951553        15595321          0        500          0          0
   4       17      520     2275      9547951579      9547953854        15598030          0        500          0          0
   4       17     1579     2283      9547953876      9547956160        15600327          0        500          0          0
   4       17      511     2253      9547956190      9547958442        15602641          0        500          0          0
   4       17      511     2688      9547958465      9547961152        15604916          0        500          0          0
   4       17      511     2690      9547961177      9547963867        15607628          0        500          0          0
   4       17      517     2667      9547963890      9547966557        15610341          0        500          0          0
   4       17     3741     4495      9547966583      9547971078        15613034          0        500          0          0
   4       17      511     2268      9547971110      9547973378        15617561          0        500          0          0
   4       17     3350     4986      9547973406      9547978391        15619857          0        500          0          0
   4       17      511     2157      9547978415      9547980572        15624866          0        500          0          0
   4       17      517     2096      9547980599      9547982694        15627050          0        500          0          0
   4       17      518     1653      9547982727      9547984381        15629178          0        500          0          0
   4       17     1811     3302      9547984407      9547987709        15630858          0        500          0          0
   4       17      546     2728      9547987768      9547990496        15634219          0        500          0          0
   4       17      522     2780      9547990528      9547993308        15636979          0        500          0          0
   4       17      511     3313      9547993330      9547996644        15639781          0        500          0          0
   4       17      522     1910      9547996674      9547998584        15643125          0        500          0          0
   4       17      518     2475      9547998601      9548001076        15645052          0        500          0          0
   4       17      511     2169      9548001108      9548003277        15647559          0        500          0          0
   4       17      519     2683      9548003860      9548006543        15650311          0        500          0          0
   4       17      517     2597      9548006564      9548009161        15653015          0        500          0          0
   4       17      511     4142      9548009180      9548013323        15655631          0        500          0          0
   4       17      511     3067      9548013347      9548016414        15659798          0        500          0          0
   4       17      511     2680      9548016445      9548019124        15662896          0        500          0          0
   4       17      511     2154      9548019151      9548021305        15665602          0        500          0          0
   4       17      511     2690      9548021326      9548024016        15667777          0        500          0          0
   4       17      511     1646      9548024041      9548025687        15670492          0        500          0          0
   4       17      518     2385      9548025706      9548028092        15672157          0        500          0          0
   4       17      511     2738      9548028121      9548030859        15674572          0        500          0          0
   4       17     1707     3365      9548030886      9548034251        15677337          0        500          0          0
   4       17      511     2681      9548034278      9548036958        15680729          0        500          0          0
   4       17      511     2092      9548037011      9548039103        15683462          0        500          0          0
   4       17      511     2387      9548039123      9548041510        15685574          0        500          0          0
   4       17     1085     2959      9548041540      9548044499        15687991          0        500          0          0
   4       17     2974     5763      9548044524      9548050287        15690975          0        500          0          0
   4       17      511     3370      9548050315      9548053685        15696766          0        500          0          0
   4       17      517     2707      9548053737      9548056444        15700188          0        500          0          0
   4       17      511     2611      9548056476      9548059087        15702926          0        500          0          0
   4       17     1899     2481      9548059123      9548061603        15705574          0        500          0          0
   4       17      517     1907      9548061627      9548063534        15708078          0        500          0          0
   4       17      516     2198      9548063558      9548065756        15710009          0        500          0          0
   4       17     1257     2944      9548065779      9548068723        15712230          0        500          0          0
   4       17      517     2219      9548068747      9548070966        15715198          0        500          0          0
   4       17      517     2405      9548070987      9548073392        15717438          0        500          0          0
   4       17      511     3636      9548073414      9548077051        15719865          0        500          0          0
   4       17      511     1548      9548077073      9548078621        15723524          0        500          0          0
   4       17     1649     3339      9548078672      9548082010        15725123          0        500          0          0
   4       17      511     2048      9548082029      9548084076        15728479          0        500          0          0
   4       17      511     2546      9548084102      9548086648        15730553          0        500          0          0
   4       17     1068     2879      9548086677      9548089556        15733128          0        500          0          0
   4       17     4267     5350      9548089582      9548094933        15736033          0        500          0          0
   4       17      517     3252      9548094996      9548098247        15741447          0        500          0          0
   4       17      511     1204      9548098273      9548099478        15744724          0        500          0          0
   4       17     1792     2374      9548099495      9548101869        15745946          0        500          0          0
   4       17      522     2833      9548101901      9548104734        15748352          0        500          0          0
   4       17      517     2531      9548104755      9548107286        15751206          0        500          0          0
   4       17      511     2865      9548107317      9548110182        15753768          0        500          0          0
   4       17      511     2029      9548110206      9548112235        15756657          0        500          0          0
   4       17      511     4736      9548112256      9548116992        15758707          0        500          0          0
   4       17      511     2100      9548117021      9548119121        15763472          0        500          0          0
   4       17      511     1638      9548119146      9548120784        15765597          0        500          0          0
   4       17      517     2607      9548120820      9548123428        15767271          0        500          0          0
   4       17      511     2729      9548123452      9548126181        15769903          0        500          0          0
   4       17      511     2648      9548126204      9548128852        15772655          0        500          0          0
   4       17      517     2609      9548128876      9548131485        15775327          0        500          0          0
   4       17     1639     3304      9548131517      9548134821        15777968          0        500          0          0
   4       17      517     2774      9548134845      9548137619        15781296          0        500          0          0
   4       17      517     2661      9548137637      9548140298        15784088          0        500          0          0
   4       17      511     2198      9548140327      9548142526        15786778          0        500          0          0
   4       17     2055     2969      9548142544      9548145513        15788995          0        500          0          0
   4       17      520     2654      9548145550      9548148204        15792001          0        500          0          0
   4       17      511     1739      9548148232      9548149972        15794683          0        500          0          0
   4       17     3139     5943      9548150016      9548155958        15796467          0        500          0          0
   4       17      516     2302      9548155983      9548158285        15802434          0        500          0          0
   4       17     1291     2774      9548158310      9548161085        15804761          0        500          0          0
   4       17      511     1730      9548161108      9548162838        15807559          0        500          0          0
   4       17      520     2864      9548162868      9548165732        15809319          0        500          0          0
   4       17      517     2853      9548165756      9548168608        15812207          0        500          0          0
   4       17      518     2139      9548168629      9548170769        15815080          0        500          0          0
   4       17      518     2704      9548170812      9548173517        15817263          0        500          0          0
   4       17     1089     2486      9548173542      9548176028        15819993          0        500          0          0
   4       17      511     2397      9548176059      9548178456        15822510          0        500          0          0
   4       17      511     2957      9548178480      9548181438        15824931          0        500          0          0
   4       17      511     2219      9548181467      9548183687        15827918          0        500          0          0
   4       17      517     2717      9548183705      9548186423        15830156          0        500          0          0
   4       17      511     3140      9548186447      9548189587        15832898          0        500          0          0
   4       17      520     2159      9548189621      9548191780        15836072          0        500          0          0
   4       17      520     2186      9548191802      9548193988        15838253          0        500          0          0
   4       17      518     3372      9548194593      9548197965        15841044          0        500          0          0
   4       17      524     2161      9548197995      9548200155        15844446          0        500          0          0
   4       17      511     2155      9548200180      9548202334        15846631          0        500          0          0
   4       17     1091     2749      9548202362      9548205111        15848813          0        500          0          0
   4       17      511     2706      9548205131      9548207837        15851582          0        500          0          0
   4       17      520     2713      9548207857      9548210570        15854308          0        500          0          0
   4       17      517     2142      9548210590      9548212732        15857041          0        500          0          0
   4       17      516     2734      9548212749      9548215482        15859200          0        500          0          0
   4       17     3274     4388      9548215506      9548219894        15861957          0        500          0          0
   4       17      516     1627      9548219938      9548221566        15866389          0        500          0          0
   4       17      519     2694      9548221584      9548224278        15868035          0        500          0          0
   4       17     2730     4399      9548224309      9548228707        15870760          0        500          0          0
   4       17      519     2200      9548228735      9548230934        15875186          0        500          0          0
   4       17      517     2191      9548230979      9548233170        15877430          0        500          0          0
   4       17      511     2316      9548233195      9548235511        15879646          0        500          0          0
   4       17      517     2483      9548235529      9548238013        15881980          0        500          0          0
   4       17      511     2508      9548238038      9548240546        15884489          0        500          0          0
   4       17     3010     5055      9548240567      9548245622        15887018          0        500          0          0
   4       17      518     2773      9548245646      9548248419        15892097          0        500          0          0
   4       17      511     2625      9548248446      9548251071        15894897          0        500          0          0
   4       17      511     2178      9548251100      9548253278        15897551          0        500          0          0
   4       17      511     2682      9548253305      9548255987        15899756          0        500          0          0
   4       17     1474     3730      9548256023      9548259753        15902474          0        500          0          0
   4       17      517     1098      9548259778      9548260877        15906229          0        500          0          0
   4       17      517     2652      9548260937      9548263589        15907387          0        500          0          0
   4       17     1840     2730      9548263611      9548266341        15910062          0        500          0          0
   4       17      511     2445      9548266366      9548268811        15912817          0        500          0          0
   4       17      516     2582      9548268861      9548271443        15915312          0        500          0          0
   4       17     1718     2507      9548271477      9548273985        15917928          0        500          0          0
   4       17      519     2675      9548273999      9548276674        15920450          0        500          0          0
   4       17      517     2714      9548276692      9548279406        15923143          0        500          0          0
   4       17      511     2265      9548279426      9548281691        15925877          0        500          0          0
   4       17      511     2065      9548282281      9548284346        15928732          0        500          0          0
   4       17      511     3633      9548284364      9548287997        15930815          0        500          0          0
   4       17      511     1584      9548288031      9548289615        15934482          0        500          0          0
   4       17      516     3133      9548289636      9548292769        15936087          0        500          0          0
   4       17      546     2736      9548292804      9548295540        15939255          0        500          0          0
   4       17      518     2798      9548295563      9548298360        15942014          0        500          0          0
   4       17      511     2304      9548298384      9548300688        15944835          0        500          0          0
   4       17     1636     2376      9548300726      9548303102        15947177          0        500          0          0
   4       17      511     3697      9548303130      9548306827        15949581          0        500          0          0
   4       17      519     2521      9548306858      9548309379        15953309          0        500          0          0
   4       17      511     1994      9548309405      9548311400        15955856          0        500          0          0
   4       17      511     2256      9548311418      9548313674        15957869          0        500          0          0
   4       17      511     4964      9548314251      9548319215        15960702          0        500          0          0
   4       17      511     2384      9548319242      9548321625        15965693          0        500          0          0
   4       17      519     2698      9548321650      9548324348        15968101          0        500          0          0
   4       17      511     2186      9548324381      9548326567        15970832          0        500          0          0
   4       17      517     1672      9548326588      9548328260        15973039          0        500          0          0
   4       17      511     2776      9548328283      9548331059        15974734          0        500          0          0
   4       17      511     2740      9548331084      9548333824        15977535          0        500          0          0
   4       17      517     2795      9548333847      9548336642        15980298          0        500          0          0
   4       17     4464     5322      9548336687      9548342009        15983138          0        500          0          0
   4       17      511     1846      9548342031      9548343877        15988482          0        500          0          0
   4       17     1063     2171      9548343902      9548346073        15990353          0        500          0          0
   4       17      511     2664      9548346095      9548348759        15992546          0        500          0          0
   4       17      516     2793      9548348803      9548351595        15995254          0        500          0          0
   4       17      519     2847      9548351663      9548354510        15998114          0        500          0          0
   4       17      519     3971      9548354535      9548358506        16000986          0        500          0          0
   4       17      517     2501      9548358531      9548361033        16004982          0        500          0          0
   4       17      511     2330      9548361063      9548363393        16007514          0        500          0          0
   4       17      511     2135      9548363423      9548365558        16009874          0        500          0          0
   4       17      549     2193      9548365587      9548367781        16012038          0        500          0          0
   4       17      511     2099      9548368415      9548370514        16014866          0        500          0          0
   4       17      521     3341      9548370541      9548373882        16016992          0        500          0          0
   4       17      516     2063      9548373904      9548375967        16020354          0        500          0          0
   4       17      517     3020      9548375988      9548379008        16022439          0        500          0          0
   4       17      511     2551      9548379036      9548381586        16025486          0        500          0          0
   4       17      518     2194      9548381605      9548383799        16028056          0        500          0          0
   4       17      519     2719      9548383841      9548386560        16030292          0        500          0          0
   4       17     2760     3335      9548386584      9548389919        16033035          0        500          0          0
   4       17      517     2206      9548389949      9548392155        16036400          0        500          0          0
   4       17      511     2179      9548392181      9548394360        16038632          0        500          0          0
   4       17      511     2831      9548394383      9548397214        16040834          0        500          0          0
   4       17      511     2343      9548397242      9548399584        16043693          0        500          0          0
   4       17      517     2656      9548399607      9548402264        16046058          0        500          0          0
   4       17     2573     4662      9548402295      9548406956        16048746          0        500          0          0
   4       17      518     2164      9548406979      9548409143        16053430          0        500          0          0
   4       17      511     2720      9548409170      9548411889        16055621          0        500          0          0
   4       17      517     2123      9548411908      9548414032        16058359          0        500          0          0
   4       17      511     2556      9548414052      9548416608        16060503          0        500          0          0
   4       17      517     2588      9548416626      9548419214        16063077          0        500          0          0
   4       17     3820     4824      9548419252      9548424076        16065703          0        500          0          0
   4       17      511     2744      9548424101      9548426845        16070552          0        500          0          0
   4       17      517     3916      9548426869      9548430785        16073320          0        500          0          0
   4       17      518     1646      9548430808      9548432455        16077259          0        500          0          0
   4       17      849     2762      9548432487      9548435249        16078938          0        500          0          0
   4       17      511     2676      9548435271      9548437946        16081721          0        500          0          0
   4       17      516     4216      9548437985      9548442201        16084436          0        500          0          0
   4       17      511     1406      9548442224      9548443630        16088675          0        500          0          0
   4       17      520     2061      9548443684      9548445746        16090135          0        500          0          0
   4       17      519     3419      9548445771      9548449190        16092222          0        500          0          0
   4       17      511     2157      9548449222      9548451379        16095673          0        500          0          0
   4       17      511     1662      9548451415      9548453077        16097866          0        500          0          0
   4       17      511     4578      9548453104      9548457682        16099555          0        500          0          0
   4       17      517     1628      9548457707      9548459335        16104158          0        500          0          0
   4       17      511     2342      9548459355      9548461697        16105806          0        500          0          0
   4       17      519     2827      9548461725      9548464552        16108176          0        500          0          0
   4       17      518     2460      9548464577      9548467038        16111028          0        500          0          0
   4       17      511     2617      9548467071      9548469689        16113522          0        500          0          0
   4       17     4116     6280      9548469717      9548475997        16116168          0        500          0          0
   4       17      511     1532      9548476025      9548477558        16122476          0        500          0          0
   4       17      520     1511      9548477586      9548479097        16124037          0        500          0          0
   4       17      511     2613      9548479121      9548481734        16125572          0        500          0          0
   4       17     2180     4826      9548481760      9548486585        16128211          0        500          0          0
   4       17      518     1604      9548486610      9548488214        16133061          0        500          0          0
   4       17      511     2410      9548488239      9548490649        16134690          0        500          0          0
   4       17      517     2449      9548490670      9548493118        16137121          0        500          0          0
   4       17      511     2364      9548493142      9548495506        16139593          0        500          0          0
   4       17      523     2448      9548495540      9548497989        16141991          0        500          0          0
   4       17      511     2423      9548498022      9548500445        16144473          0        500          0          0
   4       17     1047     3779      9548500468      9548504248        16146919          0        500          0          0
   4       17      511     1637      9548504281      9548505918        16150732          0        500          0          0
   4       17      517     2621      9548505965      9548508586        16152416          0        500          0          0
   4       17      517     2273      9548508601      9548510874        16155052          0        500          0          0
   4       17      511     2562      9548511392      9548513954        16157843          0        500          0          0
   4       17      518     2501      9548513980      9548516481        16160431          0        500          0          0
   4       17     3502     4066      9548516505      9548520572        16162956          0        500          0          0
   4       17      516     2147      9548520598      9548522745        16167049          0        500          0          0
   4       17      516     2152      9548522781      9548524933        16169232          0        500          0          0
   4       17      516     2120      9548524972      9548527091        16171423          0        500          0          0
   4       17      511     1978      9548527110      9548529088        16173561          0        500          0          0
   4       17      511     1591      9548529111      9548530701        16175562          0        500          0          0
   4       17      518     2377      9548530756      9548533133        16177206          0        500          0          0
   4       17      511     1617      9548533155      9548534772        16179606          0        500          0          0
   4       17      516     2165      9548534806      9548536971        16181257          0        500          0          0
   4       17      511     2161      9548537018      9548539179        16183469          0        500          0          0
   4       17      511     1652      9548539195      9548540848        16185646          0        500          0          0
   4       17      516     3228      9548540868      9548544096        16187319          0        500          0          0
   4       17      511     2126      9548544112      9548546238        16190563          0        500          0          0
   4       17      511     2129      9548546254      9548548383        16192705          0        500          0          0
   4       17      511     2125      9548548398      9548550524        16194849          0        500          0          0
   4       17      517     1598      9548550541      9548552138        16196992          0        500          0          0
   4       17      511     2135      9548552155      9548554290        16198606          0        500          0          0
   4       17      511     1594      9548554308      9548555902        16200759          0        500          0          0
   4       17      517     1599      9548555915      9548557515        16202366          0        500          0          0
   4       17      516     2684      9548557531      9548560216        16203982          0        500          0          0
   4       17      511     2140      9548560230      9548562370        16206681          0        500          0          0
   4       17      511     1589      9548562389      9548563978        16208840          0        500          0          0
   4       17      516     2194      9548563992      9548566186        16210443          0        500          0          0
   4       17      511     2179      9548566206      9548568386        16212657          0        500          0          0
   4       17      511     1606      9548568403      9548570010        16214854          0        500          0          0
   4       17      511     1597      9548570026      9548571623        16216477          0        500          0          0
   4       17     1618     2182      9548571637      9548573819        16218088          0        500          0          0
   4       17      517     2132      9548573834      9548575967        16220285          0        500          0          0
   4       17      517     2130      9548575981      9548578111        16222432          0        500          0          0
   4       17      511     2191      9548578126      9548580318        16224577          0        500          0          0
   4       17      511     2164      9548580333      9548582497        16226784          0        500          0          0
   4       17      517     2132      9548582515      9548584647        16228966          0        500          0          0
   4       17     2136     3218      9548584663      9548587881        16231114          0        500          0          0
   4       17      517     2130      9548587899      9548590029        16234350          0        500          0          0
   4       17      511     2667      9548590044      9548592711        16236495          0        500          0          0
   4       17      516     2674      9548592728      9548595401        16239178          0        500          0          0
   4       17      511     2135      9548595418      9548597553        16241869          0        500          0          0
   4       17      517     1600      9548597570      9548599170        16244021          0        500          0          0
   4       17      511     1897      9548599189      9548601086        16245640          0        500          0          0
   4       17      511     1831      9548601103      9548602934        16247554          0        500          0          0
   4       17     2138     3750      9548602985      9548606735        16249436          0        500          0          0
   4       17      517     2667      9548606751      9548609418        16253202          0        500          0          0
   4       17      511     2689      9548609432      9548612121        16255883          0        500          0          0
   4       17      511     2127      9548612137      9548614264        16258588          0        500          0          0
   4       17      511     2126      9548614278      9548616404        16260729          0        500          0          0
   4       17      511     2129      9548616419      9548618548        16262870          0        500          0          0
   4       17      517     1976      9548618565      9548620541        16265016          0        500          0          0
   4       17      519     1216      9548620558      9548621774        16267009          0        500          0          0
   4       17      518     2149      9548621788      9548623937        16268239          0        500          0          0
   4       17      517     1758      9548623953      9548625711        16270404          0        500          0          0
   4       17      516     1963      9548625725      9548627688        16272175          0        500          0          0
   4       17      517     2136      9548627703      9548629839        16274154          0        500          0          0
   4       17     1054     2671      9548629854      9548632525        16276305          0        500          0          0
   4       17      516     2128      9548632541      9548634669        16278992          0        500          0          0
   4       17      517     2122      9548634682      9548636804        16281133          0        500          0          0
   4       17      517     1655      9548636820      9548638475        16283271          0        500          0          0
   4       17      517     2127      9548638489      9548640617        16284940          0        500          0          0
   4       17      516     1596      9548640632      9548642228        16287083          0        500          0          0
   4       17      511     2138      9548642242      9548644380        16288693          0        500          0          0
   4       17      511     2126      9548644397      9548646523        16290848          0        500          0          0
   4       17     2123     2643      9548646537      9548649180        16292988          0        500          0          0
   4       17      511     1680      9548649197      9548650877        16295648          0        500          0          0
   4       17      516     2172      9548650894      9548653066        16297345          0        500          0          0
   4       17      511     1593      9548653084      9548654677        16299535          0        500          0          0
   4       17      516     2153      9548654691      9548656844        16301142          0        500          0          0
   4       17      516     2163      9548656880      9548659043        16303331          0        500          0          0
   4       17      511     3105      9548659060      9548662164        16305511          0        500          0          0
   4       17      511     1170      9548662182      9548663352        16308633          0        500          0          0
   4       17      511     3204      9548663367      9548666572        16309818          0        500          0          0
   4       17      517     2131      9548666588      9548668719        16313039          0        500          0          0
   4       17      516     2687      9548668734      9548671421        16315185          0        500          0          0
   4       17      511     1602      9548671436      9548673037        16317887          0        500          0          0
   4       17      511     2128      9548673051      9548675180        16319502          0        500          0          0
   4       17      511     1590      9548675233      9548676823        16321684          0        500          0          0
   4       17      517     2130      9548676836      9548678965        16323287          0        500          0          0
   4       17      517     1594      9548678980      9548680574        16325431          0        500          0          0
   4       17      517     2151      9548680588      9548682738        16327038          0        500          0          0
   4       17     3202     4339      9548682773      9548687112        16329224          0        500          0          0
   4       17      511     2166      9548687129      9548689295        16333580          0        500          0          0
   4       17      511     2132      9548689313      9548691445        16335764          0        500          0          0
   4       17      511     2128      9548691460      9548693588        16337911          0        500          0          0
   4       17      517     1599      9548693604      9548695202        16340055          0        500          0          0
   4       17      511     1597      9548695217      9548696815        16341668          0        500          0          0
   4       17      516     2162      9548696857      9548699019        16343308          0        500          0          0
   4       17      511     2128      9548699035      9548701163        16345486          0        500          0          0
   4       17      511     1618      9548701179      9548702797        16347630          0        500          0          0
   4       17      516     2125      9548702810      9548704935        16349261          0        500          0          0
   4       17      516     2155      9548704950      9548707104        16351401          0        500          0          0
   4       17      511     1888      9548707121      9548709009        16353572          0        500          0          0
   4       17     1113     1908      9548709026      9548710933        16355477          0        500          0          0
   4       17      516     1593      9548710950      9548712543        16357401          0        500          0          0
   4       17      516     2129      9548712558      9548714687        16359009          0        500          0          0
   4       17      517     2132      9548714701      9548716832        16361152          0        500          0          0
   4       17     2593     3210      9548716848      9548720057        16363299          0        500          0          0
   4       17      511     1622      9548720073      9548721696        16366524          0        500          0          0
   4       17      516     2155      9548721736      9548723891        16368187          0        500          0          0
   4       17      516     2085      9548723926      9548726010        16370377          0        500          0          0
   4       17      511     1596      9548726027      9548727623        16372478          0        500          0          0
   4       17      516     1673      9548727637      9548729309        16374087          0        500          0          0
   4       17      511     3218      9548729324      9548732542        16375775          0        500          0          0
   4       17      540     2218      9548732560      9548734778        16379011          0        500          0          0
   4       17      516     2694      9548734796      9548737490        16381247          0        500          0          0
   4       17      516     2137      9548737506      9548739643        16383957          0        500          0          0
   4       17      516     2190      9548739660      9548741849        16386111          0        500          0          0
   4       17      516     3766      9548741865      9548745631        16388316          0        500          0          0
   4       17      516     2136      9548745649      9548747785        16392100          0        500          0          0
   4       17      518     2185      9548747835      9548750020        16394286          0        500          0          0
   4       17      511     2053      9548750039      9548752091        16396490          0        500          0          0
   4       17      511     2234      9548752107      9548754341        16398558          0        500          0          0
   4       17      511     2128      9548754357      9548756485        16400808          0        500          0          0
   4       17      517     2128      9548756499      9548758627        16402950          0        500          0          0
   4       17      516     1599      9548758644      9548760244        16405095          0        500          0          0
   4       17      511     2201      9548760258      9548762459        16406709          0        500          0          0
   4       17      511     1527      9548762483      9548764010        16408934          0        500          0          0
   4       17      511     1172      9548764025      9548765197        16410476          0        500          0          0
   4       17     2163     3206      9548765212      9548768418        16411663          0        500          0          0
   4       17      511     1693      9548768435      9548770128        16414886          0        500          0          0
   4       17      511     2142      9548770146      9548772287        16416597          0        500          0          0
   4       17      511     2133      9548772303      9548774436        16418754          0        500          0          0
   4       17      511     2126      9548774452      9548776578        16420903          0        500          0          0
   4       17      517     1594      9548776592      9548778186        16423042          0        500          0          0
   4       17      511     3206      9548778201      9548781407        16424652          0        500          0          0
   4       17      511     1074      9548781428      9548782503        16427879          0        500          0          0
   4       17      517     6493      9548782518      9548789011        16428968          0        500          0          0
   4       17      511     2770      9548789029      9548791799        16435480          0        500          0          0
   4       17      517     2178      9548791815      9548793994        16438266          0        500          0          0
   4       17      511     2131      9548794016      9548796147        16440467          0        500          0          0
   4       17      511     3727      9548796163      9548799890        16442614          0        500          0          0
   4       17      517     5734      9548799904      9548805638        16446355          0        500          0          0
   4       17      516     1591      9548805656      9548807248        16452107          0        500          0          0
   4       17      511     1586      9548807260      9548808846        16453711          0        500          0          0
   4       17      516     2126      9548808859      9548810985        16455310          0        500          0          0
   4       17      516     2131      9548810998      9548813129        16457449          0        500          0          0
   4       17      511     1587      9548813143      9548814730        16459594          0        500          0          0
   4       17      517     4755      9548814743      9548819498        16461194          0        500          0          0
   4       17      517     2187      9548819523      9548821710        16465974          0        500          0          0
   4       17      511     2173      9548822287      9548824460        16468738          0        500          0          0
   4       17      511     1593      9548824478      9548826071        16470929          0        500          0          0
   4       17      511     2556      9548826086      9548828641        16472536          0        500          0          0
   4       17      518     5404      9548828696      9548834101        16475147          0        500          0          0
   4       17      511     2681      9548834121      9548836802        16480572          0        500          0          0
   4       17      517     2135      9548836820      9548838954        16483271          0        500          0          0
   4       17      516     2136      9548838969      9548841105        16485420          0        500          0          0
   4       17      511     1590      9548841120      9548842710        16487571          0        500          0          0
   4       17      516     2128      9548842725      9548844853        16489176          0        500          0          0
   4       17      516     3060      9548844868      9548847929        16491319          0        500          0          0
   4       17      516     3175      9548847975      9548851150        16494426          0        500          0          0
   4       17      511     1835      9548851175      9548853009        16497626          0        500          0          0
   4       17     3312     4506      9548853027      9548857533        16499478          0        500          0          0
   4       17     1908     2480      9548857565      9548860045        16504016          0        500          0          0
   4       17      511     2223      9548860068      9548862291        16506519          0        500          0          0
   4       17      511     3394      9548862319      9548865714        16508770          0        500          0          0
   4       17      517     1603      9548865737      9548867340        16512188          0        500          0          0
   4       17      511     2138      9548867366      9548869504        16513817          0        500          0          0
   4       17     1648     3086      9548869527      9548872613        16515978          0        500          0          0
   4       17     2547     4258      9548872628      9548876886        16519079          0        500          0          0
   4       17      520     2175      9548876914      9548879089        16523365          0        500          0          0
   4       17      511     1660      9548879107      9548880767        16525558          0        500          0          0
   4       17      518     3029      9548880789      9548883817        16527240          0        500          0          0
   4       17      521     2521      9548883835      9548886356        16530286          0        500          0          0
   4       17      511     2676      9548886379      9548889056        16532830          0        500          0          0
   4       17      511     4347      9548889079      9548893426        16535530          0        500          0          0
   4       17      511     5095      9548893459      9548898554        16539910          0        500          0          0
   4       17      522     1104      9548898590      9548899694        16545041          0        500          0          0
   4       17      519     2081      9548899713      9548901794        16546164          0        500          0          0
   4       17      518     1672      9548901822      9548903495        16548273          0        500          0          0
   4       17      519     2598      9548903519      9548906117        16549970          0        500          0          0
   4       17      511     2512      9548906134      9548908647        16552585          0        500          0          0
   4       17      516     2332      9548908661      9548910993        16555112          0        500          0          0
   4       17      511     3069      9548911020      9548914089        16557471          0        500          0          0
   4       17      511     3745      9548914108      9548917853        16560559          0        500          0          0
   4       17      519     2769      9548917877      9548920645        16564328          0        500          0          0
   4       17      522     1659      9548920701      9548922360        16567152          0        500          0          0
   4       17      511     2129      9548922383      9548924512        16568834          0        500          0          0
   4       17      516     2750      9548924528      9548927278        16570979          0        500          0          0
   4       17      511     2729      9548927312      9548930041        16573763          0        500          0          0
   4       17      511     2768      9548930071      9548932839        16576522          0        500          0          0
   4       17     1592     2412      9548932860      9548935273        16579311          0        500          0          0
   4       17     2161     6407      9548935301      9548941708        16581752          0        500          0          0
   4       17      517     3750      9548941735      9548945484        16588186          0        500          0          0
   4       17      518     2620      9548945508      9548948127        16591958          0        500          0          0
   4       17      511     1500      9548948145      9548949645        16594596          0        500          0          0
   4       17      518     2242      9548949669      9548951911        16596120          0        500          0          0
   4       17     1137     4289      9548951943      9548956232        16598394          0        500          0          0
   4       17      562     2803      9548956261      9548959065        16602712          0        500          0          0
   4       17      511     1599      9548959089      9548960688        16605540          0        500          0          0
   4       17     1086     2227      9548960716      9548962944        16607167          0        500          0          0
   4       17      516     2732      9548962965      9548965697        16609416          0        500          0          0
   4       17      519     2363      9548965724      9548968086        16612175          0        500          0          0
   4       17      511     2830      9548968113      9548970943        16614564          0        500          0          0
   4       17     1840     4859      9548970970      9548975829        16617421          0        500          0          0
   4       17      518     3690      9548975853      9548979543        16622304          0        500          0          0
   4       17      521     2529      9548979563      9548982092        16626014          0        500          0          0
   4       17      511     2575      9548982121      9548984696        16628572          0        500          0          0
   4       17      519     1629      9548984720      9548986349        16631171          0        500          0          0
   4       17      511     2755      9548986369      9548989123        16632819          0        500          0          0
   4       17      511     2437      9548989141      9548991578        16635592          0        500          0          0
   4       17      517     2823      9548991603      9548994426        16638054          0        500          0          0
   4       17      511     2568      9548994449      9548997017        16640900          0        500          0          0
   4       17     1625     3475      9548997046      9549000521        16643497          0        500          0          0
   4       17      518     1610      9549000546      9549002156        16646997          0        500          0          0
   4       17      511     2150      9549002178      9549004328        16648629          0        500          0          0
   4       17      511     2753      9549004355      9549007108        16650806          0        500          0          0
   4       17      511     2671      9549007131      9549009802        16653582          0        500          0          0
   4       17      518     4271      9549009818      9549014088        16656269          0        500          0          0
   4       17      511     2628      9549014143      9549016772        16660594          0        500          0          0
   4       17      518     2201      9549016796      9549018996        16663247          0        500          0          0
   4       17      511     2641      9549019024      9549021665        16665475          0        500          0          0
   4       17      517     2304      9549021685      9549023989        16668136          0        500          0          0
   4       17      511     1969      9549024023      9549025991        16670474          0        500          0          0
   4       17      511     2356      9549026024      9549028380        16672475          0        500          0          0
   4       17      511     4066      9549028405      9549032471        16674856          0        500          0          0
   4       17      517     2801      9549032495      9549035296        16678946          0        500          0          0
   4       17      511     2658      9549035321      9549037979        16681772          0        500          0          0
   4       17      517     2013      9549037997      9549040010        16684448          0        500          0          0
   4       17      511     2236      9549040029      9549042265        16686480          0        500          0          0
   4       17      511     2054      9549042284      9549044338        16688735          0        500          0          0
   4       17      511     3350      9549044357      9549047708        16690808          0        500          0          0
   4       17      519     2139      9549047772      9549049912        16694223          0        500          0          0
   4       17      544     2830      9549049939      9549052769        16696390          0        500          0          0
   4       17      518     2758      9549052796      9549055554        16699247          0        500          0          0
   4       17      520     2129      9549055582      9549057711        16702033          0        500          0          0
   4       17     1101     3895      9549057740      9549061635        16704191          0        500          0          0
   4       17      517     1639      9549061657      9549063296        16708108          0        500          0          0
   4       17      511     2592      9549063314      9549065906        16709765          0        500          0          0
   4       17      517     2604      9549065953      9549068557        16712404          0        500          0          0
   4       17      517     2436      9549068576      9549071012        16715027          0        500          0          0
   4       17      511     2435      9549071036      9549073471        16717486          0        500          0          0
   4       17     2706     5154      9549073499      9549078653        16719950          0        500          0          0
   4       17      520     4935      9549078685      9549083620        16725136          0        500          0          0
   4       17      521     2373      9549083644      9549086016        16730095          0        500          0          0
   4       17      511     1104      9549086049      9549087153        16732500          0        500          0          0
   4       17     2191     4590      9549087169      9549091759        16733620          0        500          0          0
   4       17      519     2735      9549091794      9549094529        16738244          0        500          0          0
   4       17      517     2744      9549094550      9549097295        16741001          0        500          0          0
   4       17      511     2906      9549097319      9549100226        16743770          0        500          0          0
   4       17      511     2834      9549100248      9549103082        16746699          0        500          0          0
   4       17      511     1076      9549103114      9549104190        16749565          0        500          0          0
   4       17      511     3076      9549104236      9549107312        16750687          0        500          0          0
   4       17      511     2639      9549107330      9549109969        16753781          0        500          0          0
   4       17      519     2595      9549109986      9549112581        16756437          0        500          0          0
   4       17      517     2708      9549112600      9549115308        16759051          0        500          0          0
   4       17      511     3177      9549115326      9549118503        16761777          0        500          0          0
   4       17      522     1916      9549118538      9549120455        16764989          0        500          0          0
   4       17      511     2362      9549120481      9549122843        16766932          0        500          0          0
   4       17      518     2849      9549122866      9549125715        16769316          0        500          0          0
   4       17      521     2776      9549125743      9549128519        16772194          0        500          0          0
   4       17      525     4428      9549128548      9549132975        16774999          0        500          0          0
   4       17      517     3106      9549132999      9549136105        16779450          0        500          0          0
   4       17      511     1767      9549136130      9549137897        16782581          0        500          0          0
   4       17      544     2070      9549137924      9549139994        16784375          0        500          0          0
   4       17      511     3148      9549140027      9549143175        16786478          0        500          0          0
   4       17      511     2105      9549143197      9549145301        16789648          0        500          0          0
   4       17      511     2662      9549145325      9549147987        16791776          0        500          0          0
   4       17      511     2437      9549148019      9549150456        16794470          0        500          0          0
   4       17     2507     6841      9549150480      9549157321        16796931          0        500          0          0
   4       17      511     2742      9549157346      9549160088        16803797          0        500          0          0
   4       17      511     2768      9549160113      9549162881        16806564          0        500          0          0
   4       17      516     2761      9549162904      9549165664        16809354          0        500          0          0
   4       17      516     1997      9549165690      9549167687        16812141          0        500          0          0
   4       17      522     2027      9549167713      9549169740        16814164          0        500          0          0
   4       17      516     2746      9549169758      9549172504        16816209          0        500          0          0
   4       17      517     2601      9549172522      9549175123        16818973          0        500          0          0
   4       17      511     2429      9549175141      9549177570        16821592          0        500          0          0
   4       17      517     2153      9549177584      9549179737        16824035          0        500          0          0
   4       17     2463     3264      9549179754      9549183018        16826205          0        500          0          0
   4       17      511     2293      9549183038      9549185332        16829489          0        500          0          0
   4       17      511     1599      9549185352      9549186951        16831803          0        500          0          0
   4       17      517     2137      9549186966      9549189103        16833417          0        500          0          0
   4       17      511     2131      9549189120      9549191251        16835571          0        500          0          0
   4       17      511     2130      9549191267      9549193397        16837718          0        500          0          0
   4       17     2148     3237      9549193460      9549196697        16839911          0        500          0          0
   4       17      517     1629      9549196751      9549198380        16843202          0        500          0          0
   4       17      511     2170      9549198402      9549200571        16844853          0        500          0          0
   4       17      519     2156      9549200588      9549202744        16847039          0        500          0          0
   4       17      517     1620      9549202762      9549204382        16849213          0        500          0          0
   4       17      511     2151      9549204399      9549206550        16850850          0        500          0          0
   4       17     2697     3261      9549206586      9549209846        16853037          0        500          0          0
   4       17      516     1601      9549209860      9549211461        16856311          0        500          0          0
   4       17      511     1593      9549211477      9549213070        16857928          0        500          0          0
   4       17      511     2129      9549213083      9549215212        16859534          0        500          0          0
   4       17      511     1852      9549215226      9549217079        16861677          0        500          0          0
   4       17      511     1875      9549217093      9549218968        16863544          0        500          0          0
   4       17      518     2151      9549218989      9549221141        16865440          0        500          0          0
   4       17      511     2136      9549221157      9549223293        16867608          0        500          0          0
   4       17      511     1592      9549223311      9549224904        16869762          0        500          0          0
   4       17      517     2162      9549224919      9549227082        16871370          0        500          0          0
   4       17      511     1652      9549227099      9549228751        16873550          0        500          0          0
   4       17      516     2178      9549228768      9549230945        16875219          0        500          0          0
   4       17      516     1650      9549230981      9549232632        16877432          0        500          0          0
   4       17     2135     3757      9549232665      9549236422        16879116          0        500          0          0
   4       17      511     2130      9549236438      9549238569        16882889          0        500          0          0
   4       17      517     2131      9549238582      9549240713        16885033          0        500          0          0
   4       17      517     1280      9549240729      9549242009        16887180          0        500          0          0
   4       17      511     2184      9549242022      9549244206        16888473          0        500          0          0
   4       17      511     1918      9549244222      9549246140        16890673          0        500          0          0
   4       17      511     1587      9549246154      9549247741        16892605          0        500          0          0
   4       17      516     2127      9549247758      9549249885        16894209          0        500          0          0
   4       17      517     3739      9549249898      9549253637        16896349          0        500          0          0
   4       17      516     2128      9549253656      9549255784        16900107          0        500          0          0
   4       17      516     2127      9549255798      9549257925        16902249          0        500          0          0
   4       17      516     2672      9549257941      9549260613        16904392          0        500          0          0
   4       17      516     1601      9549260631      9549262231        16907081          0        500          0          0
   4       17      511     1604      9549262248      9549263852        16908699          0        500          0          0
   4       17      518     2173      9549263943      9549266116        16910394          0        500          0          0
   4       17      511     2136      9549266133      9549268269        16912584          0        500          0          0
   4       17      511     2124      9549268283      9549270407        16914734          0        500          0          0
   4       17      511     2124      9549270422      9549272547        16916873          0        500          0          0
   4       17     2132     3246      9549272560      9549275805        16919011          0        500          0          0
   4       17      517     2126      9549275820      9549277946        16922271          0        500          0          0
   4       17      517     2130      9549277959      9549280089        16924410          0        500          0          0
   4       17      511     2661      9549280105      9549282766        16926556          0        500          0          0
   4       17      517     2131      9549282782      9549284913        16929233          0        500          0          0
   4       17      517     2137      9549284930      9549287067        16931381          0        500          0          0
   4       17      511     2661      9549287082      9549289743        16933533          0        500          0          0
   4       17      517     2128      9549289760      9549291888        16936211          0        500          0          0
   4       17      516     3207      9549291903      9549295111        16938354          0        500          0          0
   4       17      511     2709      9549295129      9549297839        16941580          0        500          0          0
   4       17      517     1597      9549297857      9549299454        16944308          0        500          0          0
   4       17      511     2131      9549299472      9549301603        16945923          0        500          0          0
   4       17      516     1616      9549301616      9549303232        16948067          0        500          0          0
   4       17      511     1580      9549303253      9549304834        16949704          0        500          0          0
   4       17      517     2134      9549304849      9549306983        16951300          0        500          0          0
   4       17      511     1587      9549307006      9549308593        16953457          0        500          0          0
   4       17     2590     3747      9549308609      9549312356        16955060          0        500          0          0
   4       17      511     2125      9549312373      9549314498        16958824          0        500          0          0
   4       17      516     2690      9549314512      9549317201        16960963          0        500          0          0
   4       17      511     1605      9549317218      9549318823        16963669          0        500          0          0
   4       17      517     2130      9549318840      9549320970        16965291          0        500          0          0
   4       17      516     2134      9549320986      9549323121        16967437          0        500          0          0
   4       17      511     1875      9549323134      9549325009        16969585          0        500          0          0
   4       17      511     1587      9549325026      9549326613        16971477          0        500          0          0
   4       17      517     1851      9549326627      9549328478        16973078          0        500          0          0
   4       17     1745     2629      9549328496      9549331125        16974946          0        500          0          0
   4       17      511     1705      9549331142      9549332847        16977593          0        500          0          0
   4       17      517     2133      9549332865      9549334999        16979316          0        500          0          0
   4       17      511     2128      9549335018      9549337146        16981469          0        500          0          0
   4       17      511     1588      9549337206      9549338793        16983656          0        500          0          0
   4       17      517     2146      9549338807      9549340953        16985258          0        500          0          0
   4       17      516     3188      9549340966      9549344154        16987417          0        500          0          0
   4       17      511     2756      9549344168      9549346925        16990619          0        500          0          0
   4       17      516     2161      9549346946      9549349107        16993397          0        500          0          0
   4       17      511     1963      9549349123      9549351086        16995574          0        500          0          0
   4       17      511     1611      9549351101      9549352712        16997552          0        500          0          0
   4       17      517     1600      9549352727      9549354327        16999178          0        500          0          0
   4       17      511     1751      9549354344      9549356095        17000795          0        500          0          0
   4       17      511     2132      9549356110      9549358242        17002560          0        500          0          0
   4       17      511     2132      9549358258      9549360390        17004709          0        500          0          0
   4       17      511     3782      9549360405      9549364186        17006855          0        500          0          0
   4       17      511     2670      9549364206      9549366876        17010657          0        500          0          0
   4       17      517     3262      9549366892      9549370154        17013343          0        500          0          0
   4       17      511     1833      9549370176      9549372009        17016627          0        500          0          0
   4       17      511     1284      9549372024      9549373308        17018475          0        500          0          0
   4       17      511     1670      9549373325      9549374995        17019776          0        500          0          0
   4       17      511     2127      9549375016      9549377143        17021467          0        500          0          0
   4       17      511     2129      9549377161      9549379290        17023612          0        500          0          0
   4       17      511     1588      9549379305      9549380893        17025756          0        500          0          0
   4       17      517     2135      9549380909      9549383044        17027360          0        500          0          0
   4       17      511     2137      9549383058      9549385196        17029509          0        500          0          0
   4       17     1615     3237      9549385215      9549388452        17031666          0        500          0          0
   4       17      511     2163      9549388468      9549390631        17034919          0        500          0          0
   4       17      516     2710      9549390673      9549393383        17037124          0        500          0          0
   4       17      511     2159      9549393399      9549395558        17039850          0        500          0          0
   4       17      517     1968      9549395577      9549397545        17042028          0        500          0          0
   4       17      516     1774      9549397559      9549399333        17044010          0        500          0          0
   4       17      511     2136      9549399354      9549401490        17045805          0        500          0          0
   4       17      516     1596      9549401506      9549403102        17047957          0        500          0          0
   4       17      511     1600      9549403123      9549404723        17049574          0        500          0          0
   4       17      516     2130      9549404738      9549406868        17051189          0        500          0          0
   4       17     3203     3772      9549406884      9549410657        17053335          0        500          0          0
   4       17      517     2176      9549410711      9549412887        17057162          0        500          0          0
   4       17      516     2207      9549412906      9549415113        17059356          0        500          0          0
   4       17      511     2666      9549415128      9549417794        17061579          0        500          0          0
   4       17      517     2679      9549417811      9549420490        17064262          0        500          0          0
   4       17      516     2130      9549420507      9549422636        17066958          0        500          0          0
   4       17      516     2134      9549422653      9549424788        17069104          0        500          0          0
   4       17      516     2132      9549424804      9549426936        17071255          0        500          0          0
   4       17      516     2682      9549426955      9549429637        17073406          0        500          0          0
   4       17      516     3215      9549429656      9549432871        17076107          0        500          0          0
   4       17      519     2682      9549432892      9549435574        17079343          0        500          0          0
   4       17      517     2955      9549435591      9549438546        17082042          0        500          0          0
   4       17      517     1081      9549438564      9549439645        17085015          0        500          0          0
   4       17      517     1888      9549439659      9549441548        17086110          0        500          0          0
   4       17     1069     1611      9549441566      9549443176        17088017          0        500          0          0
   4       17      511     2202      9549443192      9549445394        17089643          0        500          0          0
   4       17      511     3600      9549445412      9549449012        17091863          0        500          0          0
   4       17      511     2723      9549449030      9549451753        17095481          0        500          0          0
   4       17      516     2170      9549451794      9549453964        17098245          0        500          0          0
   4       17      511     2143      9549454005      9549456148        17100456          0        500          0          0
   4       17      511     1589      9549456165      9549457755        17102616          0        500          0          0
   4       17      517     5252      9549457769      9549463021        17104220          0        500          0          0
   4       17      511     2155      9549463046      9549465201        17109497          0        500          0          0
   4       17      511     2182      9549465217      9549467399        17111668          0        500          0          0
   4       17      511     2162      9549467416      9549469578        17113867          0        500          0          0
   4       17      517     1596      9549469593      9549471189        17116044          0        500          0          0
   4       17      511     2129      9549471206      9549473335        17117657          0        500          0          0
   4       17      511     5213      9549473349      9549478562        17119800          0        500          0          0
   4       17      517     2147      9549478584      9549480731        17125035          0        500          0          0
   4       17      517     3202      9549480746      9549483947        17127197          0        500          0          0
   4       17      517     2154      9549483964      9549486118        17130415          0        500          0          0
   4       17      511     1590      9549486134      9549487724        17132585          0        500          0          0
   4       17      516     2583      9549487740      9549490323        17134191          0        500          0          0
   4       17      511     6234      9549490355      9549496589        17136806          0        500          0          0
   4       17      522     2218      9549496673      9549498891        17143124          0        500          0          0
   4       17      517     2769      9549498912      9549501682        17145363          0        500          0          0
   4       17      517     2160      9549501706      9549503867        17148157          0        500          0          0
   4       17     1595     4655      9549503901      9549508556        17150352          0        500          0          0
   4       17      516     2735      9549508606      9549511341        17155057          0        500          0          0
   4       17      511     2727      9549511359      9549514086        17157810          0        500          0          0
   4       17      511     2466      9549514100      9549516566        17160551          0        500          0          0
   4       17      519     2053      9549516588      9549518641        17163039          0        500          0          0
   4       17      520     2199      9549518669      9549520868        17165120          0        500          0          0
   4       17      516     2086      9549520906      9549522992        17167357          0        500          0          0
   4       17     1656     3186      9549523029      9549526215        17169480          0        500          0          0
   4       17      511     1833      9549526238      9549528071        17172689          0        500          0          0
   4       17     4869     5480      9549528097      9549533577        17174548          0        500          0          0
   4       17      519     3158      9549533600      9549536759        17180051          0        500          0          0
   4       17      518     2230      9549536792      9549539022        17183243          0        500          0          0
   4       17      511     1615      9549539043      9549540658        17185494          0        500          0          0
   4       17     1257     2617      9549540680      9549543297        17187131          0        500          0          0
   4       17      511     3053      9549543321      9549546374        17189772          0        500          0          0
   4       17      511     2284      9549546395      9549548679        17192846          0        500          0          0
   4       17     1084     2706      9549548710      9549551416        17195161          0        500          0          0
   4       17      511     3425      9549551445      9549554870        17197895          0        500          0          0
   4       17      519     2106      9549554904      9549557011        17201355          0        500          0          0
   4       17      511     2388      9549557034      9549559422        17203485          0        500          0          0
   4       17      511     1720      9549559455      9549561174        17205906          0        500          0          0
   4       17     2334     5681      9549561197      9549566878        17207648          0        500          0          0
   4       17      516     2771      9549566903      9549569673        17213354          0        500          0          0
   4       17      520     2776      9549569703      9549572479        17216154          0        500          0          0
   4       17      516     3239      9549572503      9549575742        17218954          0        500          0          0
   4       17      544     2200      9549575776      9549577976        17222227          0        500          0          0
   4       17      511     1596      9549578018      9549579614        17224469          0        500          0          0
   4       17      517     2801      9549579633      9549582434        17226084          0        500          0          0
   4       17      511     2754      9549582458      9549585213        17228909          0        500          0          0
   4       17      511     2346      9549585238      9549587584        17231689          0        500          0          0
   4       17      518     2533      9549587638      9549590171        17234089          0        500          0          0
   4       17      511     3278      9549590194      9549593472        17236645          0        500          0          0
   4       17      516     2162      9549593497      9549595659        17239948          0        500          0          0
   4       17      517     2188      9549595685      9549597873        17242136          0        500          0          0
   4       17      516     3180      9549597897      9549601077        17244347          0        500          0          0
   4       17      511     2195      9549601114      9549603309        17247565          0        500          0          0
   4       17      511     1650      9549603328      9549604978        17249779          0        500          0          0
   4       17     2839     5462      9549605007      9549610469        17251458          0        500          0          0
   4       17     3686     4258      9549610492      9549614750        17256943          0        500          0          0
   4       17      518     2254      9549614775      9549617029        17261226          0        500          0          0
   4       17      511     2297      9549617053      9549619350        17263504          0        500          0          0
   4       17      511     1654      9549619377      9549621031        17265828          0        500          0          0
   4       17      511     2535      9549621053      9549623588        17267504          0        500          0          0
   4       17      543     2242      9549623612      9549625854        17270063          0        500          0          0
   4       17     1201     2893      9549625879      9549628772        17272330          0        500          0          0
   4       17      516     2770      9549628799      9549631568        17275250          0        500          0          0
   4       17      517     1753      9549632682      9549634434        17279133          0        500          0          0
   4       17     2194     4245      9549634460      9549638705        17280911          0        500          0          0
   4       17      517     2319      9549638751      9549641070        17285202          0        500          0          0
   4       17      511     1925      9549641098      9549643023        17287549          0        500          0          0
   4       17      511     2299      9549643040      9549645340        17289491          0        500          0          0
   4       17      511     2747      9549645365      9549648112        17291816          0        500          0          0
   4       17      511     2116      9549648136      9549650252        17294587          0        500          0          0
   4       17     4371     5477      9549650284      9549655761        17296735          0        500          0          0
   4       17      517     3224      9549655813      9549659036        17302264          0        500          0          0
   4       17      511     2190      9549659074      9549661264        17305525          0        500          0          0
   4       17      511     1780      9549661285      9549663065        17307736          0        500          0          0
   4       17      511     2229      9549663089      9549665318        17309540          0        500          0          0
   4       17      511     2916      9549665352      9549668268        17311803          0        500          0          0
   4       17      511     2530      9549668296      9549670826        17314747          0        500          0          0
   4       17      520     2054      9549670856      9549672910        17317307          0        500          0          0
   4       17     3168     5643      9549672937      9549678580        17319388          0        500          0          0
   4       17      544     3203      9549678611      9549681814        17325062          0        500          0          0
   4       17      545     2686      9549681870      9549684556        17328321          0        500          0          0
   4       17      524     1969      9549684587      9549686555        17331038          0        500          0          0
   4       17      516     1925      9549686578      9549688503        17333029          0        500          0          0
   4       17      517     2484      9549688527      9549691011        17334978          0        500          0          0
   4       17      511     2171      9549691037      9549693208        17337488          0        500          0          0
   4       17      511     2977      9549693239      9549696216        17339690          0        500          0          0
   4       17      511     4114      9549696246      9549700359        17342697          0        500          0          0
   4       17      511     1076      9549700391      9549701467        17346842          0        500          0          0
   4       17      511     2706      9549701487      9549704193        17347938          0        500          0          0
   4       17     2053     4185      9549704215      9549708401        17350666          0        500          0          0
   4       17     2209     3347      9549708427      9549711773        17354877          0        500          0          0
   4       17      516     1228      9549711798      9549713026        17358249          0        500          0          0
   4       17      511     2487      9549713053      9549715541        17359504          0        500          0          0
   4       17      519     2563      9549715571      9549718134        17362022          0        500          0          0
   4       17      511     2659      9549718161      9549720820        17364612          0        500          0          0
   4       17      520     2856      9549720843      9549723699        17367294          0        500          0          0
   4       17     3695     4240      9549723722      9549727963        17370173          0        500          0          0
   4       17      517     1420      9549727986      9549729407        17374437          0        500          0          0
   4       17      511     2681      9549729430      9549732111        17375881          0        500          0          0
   4       17      511     2209      9549732135      9549734344        17378586          0        500          0          0
   4       17      511     2840      9549734367      9549737206        17380818          0        500          0          0
   4       17      511     2720      9549737227      9549739947        17383678          0        500          0          0
   4       17     2673     4367      9549739971      9549744338        17386422          0        500          0          0
   4       17      511     1083      9549744361      9549745444        17390812          0        500          0          0
   4       17      511     3226      9549745464      9549748690        17391915          0        500          0          0
   4       17      516     2298      9549748713      9549751011        17395164          0        500          0          0
   4       17      511     2108      9549751036      9549753144        17397487          0        500          0          0
   4       17      511     2305      9549753168      9549755473        17399619          0        500          0          0
   4       17     3408     3987      9549755500      9549759486        17401951          0        500          0          0
   4       17      520     1795      9549759522      9549761317        17405973          0        500          0          0
   4       17     1798     2686      9549761343      9549764029        17407794          0        500          0          0
   4       17      511     2375      9549764055      9549766430        17410506          0        500          0          0
   4       17      511     2880      9549766458      9549769338        17412908          0        500          0          0
   4       17      511     3193      9549769405      9549772598        17415856          0        500          0          0
   4       17      517     1645      9549772621      9549774266        17419072          0        500          0          0
   4       17      511     2499      9549774292      9549776791        17420743          0        500          0          0
   4       17      519     2718      9549776818      9549779536        17423269          0        500          0          0
   4       17      517     2617      9549779557      9549782174        17426008          0        500          0          0
   4       17      511     2783      9549782196      9549784978        17428647          0        500          0          0
   4       17      511     2954      9549785022      9549787976        17431473          0        500          0          0
   4       17      511     2035      9549788015      9549790050        17434466          0        500          0          0
   4       17      511     2102      9549790072      9549792174        17436523          0        500          0          0
   4       17      511     2801      9549792199      9549795000        17438650          0        500          0          0
   4       17      511     2736      9549795031      9549797767        17441482          0        500          0          0
   4       17      517     2444      9549797790      9549800234        17444241          0        500          0          0
   4       17      511     3387      9549800260      9549803647        17446711          0        500          0          0
   4       17      520     2743      9549803695      9549806437        17450146          0        500          0          0
   4       17      511     2131      9549806466      9549808597        17452917          0        500          0          0
   4       17      518     2205      9549808624      9549810829        17455075          0        500          0          0
   4       17      516     2787      9549810848      9549813635        17457299          0        500          0          0
   4       17      519     2779      9549813661      9549816440        17460112          0        500          0          0
   4       17      511     4436      9549816471      9549820908        17462922          0        500          0          0
   4       17      544     2089      9549820941      9549823030        17467392          0        500          0          0
   4       17      511     1983      9549823056      9549825040        17469507          0        500          0          0
   4       17      511     1529      9549825069      9549826598        17471520          0        500          0          0
   4       17     3463     5653      9549826626      9549832279        17473077          0        500          0          0
   4       17      511     2756      9549832316      9549835072        17478767          0        500          0          0
   4       17      511     2099      9549835099      9549837198        17481550          0        500          0          0
   4       17     2152     2766      9549837225      9549839992        17483676          0        500          0          0
   4       17     1065     2725      9549840027      9549842752        17486478          0        500          0          0
   4       17      518     2650      9549842778      9549845428        17489229          0        500          0          0
   4       17     2835     4393      9549845460      9549849853        17491911          0        500          0          0
   4       17      521     2199      9549849880      9549852079        17496331          0        500          0          0
   4       17      511     1667      9549852105      9549853772        17498556          0        500          0          0
   4       17      516     2824      9549853815      9549856639        17500266          0        500          0          0
   4       17      518     2943      9549856662      9549859605        17503113          0        500          0          0
   4       17      517     2171      9549859666      9549861837        17506117          0        500          0          0
   4       17      511     2240      9549864100      9549866340        17510551          0        500          0          0
   4       17      511     1571      9549866371      9549867942        17512822          0        500          0          0
   4       17     1633     2692      9549867969      9549870661        17514420          0        500          0          0
   4       17      519     2674      9549870684      9549873359        17517135          0        500          0          0
   4       17      511     2746      9549873380      9549876126        17519831          0        500          0          0
   4       17      511     2188      9549876147      9549878335        17522598          0        500          0          0
   4       17     3938     4509      9549878359      9549882869        17524810          0        500          0          0
   4       17      518     2342      9549882898      9549885239        17529349          0        500          0          0
   4       17     1184     3221      9549885262      9549888482        17531713          0        500          0          0
   4       17     1458     4660      9549888517      9549893177        17534968          0        500          0          0
   4       17      511     2872      9549893201      9549896072        17539652          0        500          0          0
   4       17      511     2812      9549896110      9549898921        17542560          0        500          0          0
   4       17      519     2409      9549898956      9549901366        17545407          0        500          0          0
   4       17     1153     2401      9549901399      9549903799        17547849          0        500          0          0
   4       17      520     2169      9549903823      9549905992        17550274          0        500          0          0
   4       17      511     2175      9549906026      9549908200        17552477          0        500          0          0
   4       17     2811     4674      9549908225      9549912898        17554676          0        500          0          0
   4       17      520     4421      9549912931      9549917352        17559382          0        500          0          0
   4       17      511     2838      9549917377      9549920215        17563828          0        500          0          0
   4       17      511     1717      9549920241      9549921958        17566692          0        500          0          0
   4       17      519     1499      9549921978      9549923476        17568429          0        500          0          0
   4       17      520     2065      9549923503      9549925567        17569954          0        500          0          0
   4       17      516     2678      9549925588      9549928267        17572039          0        500          0          0
   4       17      511     2162      9549928295      9549930457        17574746          0        500          0          0
   4       17      511     2817      9549930477      9549933294        17576927          0        500          0          0
   4       17      511     4370      9549933318      9549937688        17579769          0        500          0          0
   4       17      516     2127      9549937712      9549939839        17584163          0        500          0          0
   4       17      519     2069      9549939860      9549941929        17586311          0        500          0          0
   4       17      520     2082      9549941953      9549944035        17588404          0        500          0          0
   4       17      511     2883      9549944068      9549946950        17590518          0        500          0          0
   4       17      516     2758      9549946974      9549949732        17593425          0        500          0          0
   4       17      517     2159      9549949754      9549951913        17596205          0        500          0          0
   4       17     1073     2756      9549951978      9549954734        17598428          0        500          0          0
   4       17      518     2711      9549954761      9549957472        17601212          0        500          0          0
   4       17      521     2555      9549957498      9549960053        17603949          0        500          0          0
   4       17     2742     4577      9549960088      9549964664        17606539          0        500          0          0
   4       17     2237     4391      9549964719      9549969110        17611170          0        500          0          0
   4       17      511     2855      9549969137      9549971992        17615588          0        500          0          0
   4       17      511     2111      9549972022      9549974133        17618473          0        500          0          0
   4       17      511     2237      9549974157      9549976394        17620607          0        500          0          0
   4       17      511     2641      9549976415      9549979055        17622866          0        500          0          0
   4       17      511     2588      9549979075      9549981663        17625526          0        500          0          0
   4       17      516     2627      9549981681      9549984308        17628132          0        500          0          0
   4       17      511     2687      9549984328      9549987015        17630779          0        500          0          0
   4       17     1608     3181      9549987036      9549990217        17633487          0        500          0          0
   4       17     1699     3500      9549990250      9549993751        17636701          0        500          0          0
   4       17      540     1074      9549993779      9549994853        17640230          0        500          0          0
   4       17      518     2697      9549994881      9549997578        17641332          0        500          0          0
   4       17      521     2203      9549997602      9549999805        17644053          0        500          0          0
   4       17      521     2460      9550000940      9550003400        17647391          0        500          0          0
   4       17     1092     3092      9550003423      9550006515        17649874          0        500          0          0
   4       17      517     1621      9550006540      9550008161        17652991          0        500          0          0
   4       17      511     2271      9550008180      9550010451        17654631          0        500          0          0
   4       17      511     2601      9550010482      9550013083        17656933          0        500          0          0
   4       17      511     2280      9550013106      9550015386        17659557          0        500          0          0
   4       17     2244     5115      9550015411      9550020525        17661861          0        500          0          0
   4       17      517     2217      9550020551      9550022768        17667002          0        500          0          0
   4       17      517     1554      9550022795      9550024349        17669246          0        500          0          0
   4       17      511     3395      9550024367      9550027762        17670818          0        500          0          0
   4       17      517     2160      9550027790      9550029950        17674241          0        500          0          0
   4       17     2176     3947      9550029996      9550033943        17676447          0        500          0          0
   4       17      516     2572      9550033969      9550036541        17680420          0        500          0          0
   4       17      517     2412      9550036564      9550038976        17683015          0        500          0          0
   4       17      511     2542      9550039015      9550041556        17685466          0        500          0          0
   4       17      518     2194      9550041579      9550043772        17688030          0        500          0          0
   4       17      524     4049      9550043850      9550047900        17690301          0        500          0          0
   4       17      519     1521      9550047931      9550049452        17694382          0        500          0          0
   4       17      511     2242      9550049480      9550051722        17695931          0        500          0          0
   4       17      541     2788      9550051757      9550054545        17698208          0        500          0          0
   4       17      516     2560      9550054566      9550057126        17701017          0        500          0          0
   4       17      511     2402      9550057146      9550059548        17703597          0        500          0          0
   4       17     2851     4523      9550059580      9550064103        17706031          0        500          0          0
   4       17      511     2571      9550064128      9550066699        17710579          0        500          0          0
   4       17      517     2404      9550066724      9550069128        17713175          0        500          0          0
   4       17     1997     6125      9550069161      9550075286        17715612          0        500          0          0
   4       17      511     1077      9550075319      9550076397        17721770          0        500          0          0
   4       17      511     1518      9550076414      9550077933        17722865          0        500          0          0
   4       17      519     2635      9550077959      9550080594        17724410          0        500          0          0
   4       17      517     2159      9550080614      9550082772        17727065          0        500          0          0
   4       17      511     2285      9550083316      9550085600        17729767          0        500          0          0
   4       17      524     2614      9550085633      9550088248        17732084          0        500          0          0
   4       17      511     3799      9550088273      9550092072        17734724          0        500          0          0
   4       17      511     2197      9550092098      9550094294        17738549          0        500          0          0
   4       17      511     2199      9550094320      9550096519        17740771          0        500          0          0
   4       17      517     2976      9550096539      9550099515        17742990          0        500          0          0
   4       17      518     2046      9550099541      9550101588        17745992          0        500          0          0
   4       17      518     2385      9550101606      9550103991        17748057          0        500          0          0
   4       17     4556     6052      9550104024      9550110076        17750475          0        500          0          0
   4       17      511     2573      9550110099      9550112672        17756550          0        500          0          0
   4       17      516     2295      9550112718      9550115013        17759169          0        500          0          0
   4       17      511     1416      9550115035      9550116451        17761486          0        500          0          0
   4       17      511     2337      9550116471      9550118808        17762922          0        500          0          0
   4       17      518     2727      9550118833      9550121561        17765284          0        500          0          0
   4       17      516     2655      9550121582      9550124238        17768033          0        500          0          0
   4       17      511     2777      9550124264      9550127041        17770715          0        500          0          0
   4       17      511     4456      9550127066      9550131522        17773517          0        500          0          0
   4       17      517     2105      9550131546      9550133651        17777997          0        500          0          0
   4       17      518     1593      9550133676      9550135270        17780127          0        500          0          0
   4       17      511     2101      9550135324      9550137425        17781775          0        500          0          0
   4       17     1624     3560      9550137451      9550141011        17783902          0        500          0          0
   4       17      511     1662      9550141028      9550142690        17787479          0        500          0          0
   4       17      517     2779      9550142713      9550145492        17789164          0        500          0          0
   4       17     3138     4513      9550145509      9550150022        17791960          0        500          0          0
   4       17      511     2075      9550150055      9550152130        17796506          0        500          0          0
   4       17      511     2478      9550152156      9550154635        17798607          0        500          0          0
   4       17      516     2203      9550154663      9550156866        17801114          0        500          0          0
   4       17      520     2207      9550156899      9550159107        17803350          0        500          0          0
   4       17      511     4696      9550159136      9550163832        17805587          0        500          0          0
   4       17      516     2178      9550163857      9550166035        17810308          0        500          0          0
   4       17      511     2766      9550166063      9550168830        17812514          0        500          0          0
   4       17      516     2272      9550168856      9550171128        17815307          0        500          0          0
   4       17      511     2276      9550171151      9550173426        17817602          0        500          0          0
   4       17      511     2568      9550173444      9550176012        17819895          0        500          0          0
   4       17     2352     3026      9550176031      9550179058        17822482          0        500          0          0
   4       17     1927     4043      9550179086      9550183129        17825537          0        500          0          0
   4       17      511     2398      9550183156      9550185553        17829607          0        500          0          0
   4       17      520     1842      9550185577      9550187419        17832028          0        500          0          0
   4       17      511     2649      9550187443      9550190092        17833894          0        500          0          0
   4       17      511     2247      9550190115      9550192362        17836566          0        500          0          0
   4       17     2686     5572      9550192387      9550197959        17838838          0        500          0          0
   4       17      517     4496      9550197984      9550202480        17844435          0        500          0          0
   4       17      517     1098      9550202505      9550203604        17848956          0        500          0          0
   4       17      517     1399      9550203621      9550205020        17850072          0        500          0          0
   4       17      511     2704      9550205040      9550207744        17851491          0        500          0          0
   4       17      520     2820      9550207762      9550210581        17854213          0        500          0          0
   4       17      518     2567      9550210601      9550213169        17857052          0        500          0          0
   4       17      511     2324      9550213188      9550215512        17859638          0        500          0          0
   4       17     4775     5334      9550215539      9550220873        17861990          0        500          0          0
   4       17      519     2693      9550220897      9550223590        17867348          0        500          0          0
   4       17      520     2431      9550223618      9550226050        17870069          0        500          0          0
   4       17      511     1704      9550226074      9550227778        17872525          0        500          0          0
   4       17      517     2445      9550227860      9550230305        17874311          0        500          0          0
   4       17     1893     2461      9550230336      9550232797        17876787          0        500          0          0
   4       17      520     2760      9550232821      9550235581        17879272          0        500          0          0
   4       17      518     6160      9550235602      9550241762        17882053          0        500          0          0
   4       17      521     2762      9550241799      9550244560        17888249          0        500          0          0
   4       17      520     1994      9550244590      9550246584        17891041          0        500          0          0
   4       17      517     1731      9550246604      9550248334        17893055          0        500          0          0
   4       17      511     1630      9550248353      9550249984        17894804          0        500          0          0
   4       17      511     2737      9550250025      9550252762        17896476          0        500          0          0
   4       17      517     2615      9550252787      9550255402        17899238          0        500          0          0
   4       17      511     2563      9550255424      9550257987        17901875          0        500          0          0
   4       17      511     2249      9550258030      9550260279        17904481          0        500          0          0
   4       17     1511     2730      9550260306      9550263036        17906757          0        500          0          0
   4       17      511     3007      9550263069      9550266076        17909520          0        500          0          0
   4       17     2226     3909      9550266114      9550270023        17912565          0        500          0          0
   4       17      511     1523      9550270049      9550271572        17916500          0        500          0          0
   4       17      517     2799      9550271591      9550274390        17918042          0        500          0          0
   4       17     2424     5226      9550274406      9550279632        17920857          0        500          0          0
   4       17      519     2058      9550279658      9550281716        17926109          0        500          0          0
   4       17      519     2039      9550281740      9550283779        17928191          0        500          0          0
   4       17      936     2669      9550283804      9550286473        17930255          0        500          0          0
   4       17      520     2537      9550286501      9550289037        17932952          0        500          0          0
   4       17      511     2301      9550289061      9550291362        17935512          0        500          0          0
   4       17     2221     5698      9550291388      9550297086        17937839          0        500          0          0
   4       17      511     2135      9550297121      9550299256        17943572          0        500          0          0
   4       17      511     1078      9550299277      9550300354        17945728          0        500          0          0
   4       17      511     2432      9550300374      9550302805        17946825          0        500          0          0
   4       17      517     2595      9550302826      9550305421        17949277          0        500          0          0
   4       17      511     2627      9550305446      9550308073        17951897          0        500          0          0
   4       17      511     2762      9550308098      9550310860        17954549          0        500          0          0
   4       17     3518     5013      9550310881      9550315894        17957332          0        500          0          0
   4       17      519     2748      9550315917      9550318665        17962368          0        500          0          0
   4       17      519     1153      9550318698      9550319851        17965149          0        500          0          0
   4       17      518     2732      9550319910      9550322642        17966361          0        500          0          0
   4       17      517     2826      9550322695      9550325521        17969146          0        500          0          0
   4       17      521     2774      9550325552      9550328326        17972003          0        500          0          0
   4       17      511     3334      9550328356      9550331691        17974807          0        500          0          0
   4       17      541     2219      9550331719      9550333938        17978170          0        500          0          0
   4       17      517     2241      9550333963      9550336204        17980414          0        500          0          0
   4       17      511     2187      9550336229      9550338415        17982680          0        500          0          0
   4       17      511     2617      9550338436      9550341053        17984887          0        500          0          0
   4       17      511     2559      9550341072      9550343631        17987523          0        500          0          0
   4       17     4335     5446      9550343650      9550349096        17990101          0        500          0          0
   4       17      511     1847      9550349120      9550350967        17995571          0        500          0          0
   4       17      519     2058      9550350999      9550353057        17997450          0        500          0          0
   4       17     2692     4920      9550353090      9550358010        17999541          0        500          0          0
   4       17      511     2720      9550358036      9550360756        18004487          0        500          0          0
   4       17      517     2708      9550360780      9550363488        18007231          0        500          0          0
   4       17      516     4405      9550363516      9550367921        18009967          0        500          0          0
   4       17      521     2682      9550367957      9550370639        18014408          0        500          0          0
   4       17      519     2418      9550370665      9550373083        18017116          0        500          0          0
   4       17      511     2122      9550373105      9550375227        18019556          0        500          0          0
   4       17      511     2508      9550375248      9550377756        18021699          0        500          0          0
   4       17      516     2052      9550377797      9550379849        18024248          0        500          0          0
   4       17      518     2654      9550379871      9550382525        18026322          0        500          0          0
   4       17      517     2469      9550382546      9550385016        18028997          0        500          0          0
   4       17     2241     4751      9550385043      9550389794        18031494          0        500          0          0
   4       17      518     2211      9550389827      9550392038        18036278          0        500          0          0
   4       17      511     1958      9550392069      9550394027        18038520          0        500          0          0
   4       17      511     2182      9550394054      9550396235        18040505          0        500          0          0
   4       17      511     3261      9550396260      9550399521        18042710          0        500          0          0
   4       17      520     2221      9550399555      9550401776        18046006          0        500          0          0
   4       17      516     2752      9550401799      9550404551        18048250          0        500          0          0
   4       17     4304     4872      9550404574      9550409446        18051025          0        500          0          0
   4       17      511     2000      9550409471      9550411472        18055922          0        500          0          0
   4       17      516     2011      9550411492      9550413502        18057942          0        500          0          0
   4       17     1096     2784      9550413567      9550416351        18060018          0        500          0          0
   4       17      511     2707      9550416377      9550419084        18062828          0        500          0          0
   4       17      511     2671      9550419116      9550421787        18065567          0        500          0          0
   4       17      544     2826      9550421814      9550424640        18068265          0        500          0          0
   4       17      547     2231      9550424666      9550426897        18071117          0        500          0          0
   4       17      516     2406      9550426919      9550429325        18073370          0        500          0          0
   4       17      511     2750      9550429352      9550432102        18075803          0        500          0          0
   4       17      511     2711      9550432125      9550434836        18078576          0        500          0          0
   4       17      516     2267      9550434856      9550437123        18081307          0        500          0          0
   4       17      511     3960      9550437144      9550441104        18083595          0        500          0          0
   4       17      511     2555      9550441137      9550443692        18087588          0        500          0          0
   4       17      519     1826      9550443716      9550445543        18090167          0        500          0          0
   4       17      517     2486      9550445563      9550448049        18092014          0        500          0          0
   4       17      511     2591      9550448070      9550450660        18094520          0        500          0          0
   4       17      517     2250      9550450706      9550452956        18097157          0        500          0          0
   4       17      519     3318      9550452980      9550456298        18099431          0        500          0          0
   4       17      511     2285      9550456323      9550458608        18102774          0        500          0          0
   4       17      517     2679      9550458634      9550461313        18105085          0        500          0          0
   4       17      511     2638      9550461336      9550463973        18107787          0        500          0          0
   4       17      516     2559      9550463994      9550466553        18110445          0        500          0          0
   4       17      517     1938      9550466575      9550468513        18113026          0        500          0          0
   4       17     4226     5304      9550468532      9550473835        18114983          0        500          0          0
   4       17      519     2746      9550473869      9550476615        18120320          0        500          0          0
   4       17      520     3314      9550476646      9550479960        18123097          0        500          0          0
   4       17      520     2063      9550479984      9550482047        18126435          0        500          0          0
   4       17      511     2069      9550482067      9550484135        18128517          0        500          0          0
   4       17      511     2320      9550484161      9550486481        18130612          0        500          0          0
   4       17      518     2277      9550486505      9550488782        18132956          0        500          0          0
   4       17      519     3017      9550488810      9550491827        18135261          0        500          0          0
   4       17      519     2083      9550491848      9550493931        18138299          0        500          0          0
   4       17     2661     4304      9550493958      9550498262        18140409          0        500          0          0
   4       17      511     2348      9550498288      9550500636        18144739          0        500          0          0
   4       17      519     2168      9550500660      9550502828        18147111          0        500          0          0
   4       17      520     2743      9550502890      9550505634        18149341          0        500          0          0
   4       17     1173     2271      9550505659      9550507929        18152109          0        500          0          0
   4       17      516     3973      9550507974      9550511947        18154425          0        500          0          0
   4       17      519     1999      9550511980      9550513979        18158431          0        500          0          0
   4       17      511     2616      9550514012      9550516628        18160463          0        500          0          0
   4       17      518     1935      9550516646      9550518581        18163097          0        500          0          0
   4       17      519     2276      9550518605      9550520881        18165056          0        500          0          0
   4       17     1964     3065      9550520908      9550523974        18167359          0        500          0          0
   4       17     4504     5063      9550524023      9550529085        18170474          0        500          0          0
   4       17      511     3323      9550529114      9550532437        18175565          0        500          0          0
   4       17      511     3207      9550532462      9550535669        18178913          0        500          0          0
   4       17      517     3767      9550535689      9550539456        18182140          0        500          0          0
   4       17      511     2745      9550539486      9550542231        18185937          0        500          0          0
   4       17      511     2379      9550542266      9550544644        18188716          0        500          0          0
   4       17      546     2081      9550544669      9550546750        18191120          0        500          0          0
   4       17      543     2237      9550546776      9550549012        18193226          0        500          0          0
   4       17      511     2582      9550549032      9550551614        18195483          0        500          0          0
   4       17      520     2889      9550551641      9550554530        18198092          0        500          0          0
   4       17      517     2132      9550554552      9550556684        18201003          0        500          0          0
   4       17     2298     3911      9550556710      9550560621        18203161          0        500          0          0
   4       17      519     2807      9550560644      9550563451        18207095          0        500          0          0
   4       17     1637     4095      9550563484      9550567579        18209935          0        500          0          0
   4       17     1152     5039      9550567612      9550572651        18214063          0        500          0          0
   4       17      516     3620      9550572703      9550576323        18219154          0        500          0          0
   4       17      511     1606      9550576347      9550577953        18222798          0        500          0          0
   4       17      520     2429      9550577972      9550580401        18224423          0        500          0          0
   4       17      511     1077      9550580421      9550581497        18226871          0        500          0          0
   4       17      517     1638      9550581516      9550583154        18227967          0        500          0          0
   4       17     1915     3795      9550583180      9550586975        18229631          0        500          0          0
   4       17      511     2723      9550587008      9550589731        18233459          0        500          0          0
   4       17      516     2803      9550589781      9550592585        18236232          0        500          0          0
   4       17     3292     5018      9550592611      9550597629        18239062          0        500          0          0
   4       17      521     2153      9550597664      9550599817        18244115          0        500          0          0
   4       17      521     2177      9550599938      9550602115        18246389          0        500          0          0
   4       17      511     2764      9550602133      9550604896        18248584          0        500          0          0
   4       17      517     2093      9550604922      9550607015        18251373          0        500          0          0
   4       17      511     2864      9550607038      9550609902        18253489          0        500          0          0
   4       17     2596     3690      9550609924      9550613614        18256375          0        500          0          0
   4       17      517     2630      9550613632      9550616263        18260083          0        500          0          0
   4       17      511     2639      9550616286      9550618926        18262737          0        500          0          0
   4       17      517     2690      9550618949      9550621639        18265400          0        500          0          0
   4       17      517     2096      9550621663      9550623759        18268114          0        500          0          0
   4       17      517     2786      9550623810      9550626596        18270261          0        500          0          0
   4       17     1617     3377      9550626623      9550629999        18273074          0        500          0          0
   4       17      511     2481      9550630052      9550632534        18276503          0        500          0          0
   4       17      521     2217      9550632562      9550634780        18279013          0        500          0          0
   4       17      518     1741      9550634807      9550636548        18281258          0        500          0          0
   4       17     1658     3271      9550636573      9550639844        18283024          0        500          0          0
   4       17     3121     3680      9550639864      9550643544        18286315          0        500          0          0
   4       17      520     2046      9550643566      9550645612        18290017          0        500          0          0
   4       17      518     2129      9550645629      9550647759        18292080          0        500          0          0
   4       17     1522     2677      9550647780      9550650458        18294231          0        500          0          0
   4       17      511     2788      9550650480      9550653267        18296931          0        500          0          0
   4       17      511     2668      9550653295      9550655963        18299746          0        500          0          0
   4       17     2715     4964      9550655989      9550660953        18302440          0        500          0          0
   4       17      518     2864      9550660980      9550663844        18307431          0        500          0          0
   4       17      520     2758      9550663865      9550666623        18310316          0        500          0          0
   4       17      520     2220      9550666649      9550668869        18313100          0        500          0          0
   4       17      519     2123      9550668892      9550671015        18315343          0        500          0          0
   4       17      511     2392      9550671040      9550673432        18317491          0        500          0          0
   4       17      511     2440      9550673452      9550675892        18319903          0        500          0          0
   4       17      519     2584      9550675922      9550678506        18322373          0        500          0          0
   4       17     4051     4982      9550678524      9550683506        18324975          0        500          0          0
   4       17      516     2741      9550683530      9550686271        18329981          0        500          0          0
   4       17      511     2659      9550686299      9550688958        18332750          0        500          0          0
   4       17      520     2786      9550688982      9550691768        18335433          0        500          0          0
   4       17      523     1654      9550691856      9550693510        18338307          0        500          0          0
   4       17      516     2213      9550693532      9550695745        18339983          0        500          0          0
   4       17      516     2987      9550695765      9550698751        18342215          0        500          0          0
   4       17      517     2466      9550698775      9550701241        18345226          0        500          0          0
   4       17     3291     4293      9550701271      9550705564        18347722          0        500          0          0
   4       17      519     1650      9550705591      9550707241        18352042          0        500          0          0
   4       17      511     2304      9550707259      9550709563        18353710          0        500          0          0
   4       17     2200     2910      9550709598      9550712508        18356048          0        500          0          0
   4       17      522     2781      9550712537      9550715318        18358988          0        500          0          0
   4       17      511     2602      9550715345      9550717947        18361796          0        500          0          0
   4       17     2584     3160      9550717977      9550721137        18364428          0        500          0          0
   4       17      511     2386      9550721162      9550723548        18367613          0        500          0          0
   4       17      516     2161      9550723590      9550725751        18370041          0        500          0          0
   4       17      516     2172      9550725790      9550727962        18372241          0        500          0          0
   4       17      511     2168      9550728009      9550730177        18374460          0        500          0          0
   4       17      511     1619      9550730197      9550731816        18376648          0        500          0          0
   4       17      516     2152      9550731857      9550734010        18378308          0        500          0          0
   4       17      511     1614      9550734030      9550735644        18380481          0        500          0          0
   4       17      517     2157      9550735659      9550737816        18382110          0        500          0          0
   4       17      516     2170      9550737854      9550740024        18384305          0        500          0          0
   4       17      511     3204      9550740040      9550743244        18386491          0        500          0          0
   4       17      511     2703      9550743263      9550745965        18389714          0        500          0          0
   4       17      517     2100      9550745980      9550748080        18392431          0        500          0          0
   4       17      511     2198      9550748096      9550750294        18394547          0        500          0          0
   4       17      511     2134      9550750311      9550752445        18396762          0        500          0          0
   4       17      511     2151      9550752464      9550754615        18398915          0        500          0          0
   4       17      517     1601      9550754635      9550756236        18401086          0        500          0          0
   4       17      511     2148      9550756258      9550758406        18402709          0        500          0          0
   4       17      511     1583      9550758427      9550760010        18404878          0        500          0          0
   4       17      511     1596      9550760031      9550761627        18406482          0        500          0          0
   4       17     1053     2159      9550761643      9550763802        18408094          0        500          0          0
   4       17     1649     3269      9550763824      9550767093        18410275          0        500          0          0
   4       17      511     2142      9550767111      9550769253        18413562          0        500          0          0
   4       17      511     1592      9550769308      9550770900        18415759          0        500          0          0
   4       17      517     2137      9550770916      9550773053        18417367          0        500          0          0
   4       17      511     1589      9550773071      9550774660        18419522          0        500          0          0
   4       17      516     2173      9550774675      9550776848        18421126          0        500          0          0
   4       17      517     2169      9550776894      9550779063        18423345          0        500          0          0
   4       17      511     2668      9550779078      9550781746        18425529          0        500          0          0
   4       17      517     2135      9550781764      9550783899        18428215          0        500          0          0
   4       17      516     2682      9550783915      9550786597        18430366          0        500          0          0
   4       17      516     3202      9550786615      9550789817        18433066          0        500          0          0
   4       17      516     2669      9550789832      9550792501        18436283          0        500          0          0
   4       17      516     2129      9550792519      9550794648        18438970          0        500          0          0
   4       17      516     2743      9550794663      9550797406        18441114          0        500          0          0
   4       17      511     1588      9550797426      9550799014        18443877          0        500          0          0
   4       17      511     1597      9550799029      9550800625        18445480          0        500          0          0
   4       17      517     1601      9550800641      9550802242        18447092          0        500          0          0
   4       17      511     2128      9550802256      9550804384        18448707          0        500          0          0
   4       17      511     2127      9550804400      9550806528        18450851          0        500          0          0
   4       17      517     1593      9550806542      9550808134        18452993          0        500          0          0
   4       17      511     2668      9550808151      9550810818        18454602          0        500          0          0
   4       17      516     1592      9550810833      9550812425        18457284          0        500          0          0
   4       17      511     2124      9550812440      9550814564        18458891          0        500          0          0
   4       17      516     2160      9550814577      9550816737        18461028          0        500          0          0
   4       17      516     2132      9550816753      9550818884        18463204          0        500          0          0
   4       17      518     1600      9550818901      9550820501        18465352          0        500          0          0
   4       17     2128     3205      9550820518      9550823723        18466969          0        500          0          0
   4       17      516     1621      9550823766      9550825387        18470217          0        500          0          0
   4       17      511     2156      9550825406      9550827562        18471857          0        500          0          0
   4       17      517     2135      9550827578      9550829713        18474029          0        500          0          0
   4       17      516     2127      9550829730      9550831857        18476181          0        500          0          0
   4       17      516     1597      9550831871      9550833469        18478322          0        500          0          0
   4       17      511     3217      9550833485      9550836702        18479936          0        500          0          0
   4       17      517     3196      9550836716      9550839911        18483167          0        500          0          0
   4       17      517     2675      9550839928      9550842603        18486379          0        500          0          0
   4       17      518     2337      9550842673      9550845009        18489124          0        500          0          0
   4       17      511     1392      9550845025      9550846416        18491475          0        500          0          0
   4       17      511     1155      9550846431      9550847586        18492882          0        500          0          0
   4       17      516     2128      9550847601      9550849730        18494052          0        500          0          0
   4       17      516     2126      9550849743      9550851869        18496194          0        500          0          0
   4       17      517     2141      9550851885      9550854026        18498336          0        500          0          0
   4       17      511     1587      9550854040      9550855627        18500491          0        500          0          0
   4       17     2054     2678      9550855642      9550858321        18502093          0        500          0          0
   4       17      511     2125      9550858337      9550860461        18504788          0        500          0          0
   4       17      511     1597      9550860479      9550862076        18506930          0        500          0          0
   4       17      511     2142      9550862091      9550864233        18508542          0        500          0          0
   4       17      511     1598      9550864256      9550865854        18510707          0        500          0          0
   4       17      516     2159      9550865870      9550868029        18512321          0        500          0          0
   4       17     2684     3240      9550868048      9550871288        18514499          0        500          0          0
   4       17      511     1603      9550871303      9550872906        18517754          0        500          0          0
   4       17      516     1631      9550872941      9550874573        18519392          0        500          0          0
   4       17      517     2127      9550874586      9550876714        18521037          0        500          0          0
   4       17      516     2125      9550876730      9550878855        18523181          0        500          0          0
   4       17      516     1592      9550878869      9550880461        18525319          0        500          0          0
   4       17      511     3255      9550880477      9550883732        18526928          0        500          0          0
   4       17      517     1584      9550883746      9550885330        18530197          0        500          0          0
   4       17      511     1642      9550885348      9550886990        18531799          0        500          0          0
   4       17     2218     3828      9550887012      9550890841        18533463          0        500          0          0
   4       17      517     2676      9550890863      9550893539        18537314          0        500          0          0
   4       17      516     2674      9550893555      9550896229        18540006          0        500          0          0
   4       17      511     2129      9550896247      9550898376        18542698          0        500          0          0
   4       17      511     2135      9550898391      9550900525        18544842          0        500          0          0
   4       17      516     2130      9550900543      9550902672        18546994          0        500          0          0
   4       17      516     2132      9550902686      9550904818        18549137          0        500          0          0
   4       17      517     2673      9550904834      9550907507        18551285          0        500          0          0
   4       17      517     1591      9550907522      9550909113        18553973          0        500          0          0
   4       17      511     1589      9550909131      9550910719        18555581          0        500          0          0
   4       17      517     2147      9550910734      9550912880        18557184          0        500          0          0
   4       17      517     1814      9550912916      9550914730        18559367          0        500          0          0
   4       17      517     1968      9550914744      9550916713        18561195          0        500          0          0
   4       17      516     2129      9550916730      9550918859        18563181          0        500          0          0
   4       17     3203     4817      9550918875      9550923691        18565326          0        500          0          0
   4       17      517     2140      9550923711      9550925851        18570162          0        500          0          0
   4       17      517     2164      9550925866      9550928030        18572317          0        500          0          0
   4       17      511     2045      9550928047      9550930092        18574498          0        500          0          0
   4       17      511     2240      9550930109      9550932349        18576560          0        500          0          0
   4       17      511     2132      9550932365      9550934497        18578816          0        500          0          0
   4       17      517     2130      9550934512      9550936642        18580963          0        500          0          0
   4       17      517     2129      9550936658      9550938788        18583109          0        500          0          0
   4       17      517     2129      9550938802      9550940930        18585252          0        500          0          0
   4       17      517     2063      9550940946      9550943009        18587397          0        500          0          0
   4       17      511     1715      9550943023      9550944738        18589474          0        500          0          0
   4       17      516     2134      9550944756      9550946890        18591207          0        500          0          0
   4       17      517     1594      9550946906      9550948500        18593357          0        500          0          0
   4       17      516     2127      9550948518      9550950645        18594969          0        500          0          0
   4       17      516     2132      9550950660      9550952793        18597111          0        500          0          0
   4       17      516     2126      9550952811      9550954937        18599262          0        500          0          0
   4       17      516     2146      9550954951      9550957098        18601402          0        500          0          0
   4       17      511     1597      9550957115      9550958712        18603566          0        500          0          0
   4       17      516     2131      9550958729      9550960860        18605180          0        500          0          0
   4       17      516     1659      9550960877      9550962536        18607328          0        500          0          0
   4       17      517     2145      9550962556      9550964701        18609007          0        500          0          0
   4       17      517     2138      9550964720      9550966858        18611171          0        500          0          0
   4       17      517     1602      9550966875      9550968477        18613326          0        500          0          0
   4       17     3747     4325      9550968493      9550972818        18614944          0        500          0          0
   4       17      516     3221      9550972834      9550976055        18619285          0        500          0          0
   4       17      511     2659      9550976071      9550978730        18622522          0        500          0          0
   4       17      517     1797      9550978744      9550980540        18625195          0        500          0          0
   4       17      516     1933      9550980556      9550982488        18627007          0        500          0          0
   4       17      516     1508      9550982502      9550984010        18628953          0        500          0          0
   4       17      511     4541      9550984029      9550988570        18630480          0        500          0          0
   4       17      519     2876      9550988633      9550991509        18635084          0        500          0          0
   4       17      517     2138      9550991530      9550993668        18637981          0        500          0          0
   4       17      516     1596      9550993685      9550995281        18640136          0        500          0          0
   4       17      511     5271      9550995299      9551000570        18641750          0        500          0          0
   4       17      518     2145      9551000589      9551002734        18647040          0        500          0          0
   4       17      516     3200      9551002750      9551005950        18649201          0        500          0          0
   4       17      516     2137      9551005964      9551008101        18652415          0        500          0          0
   4       17      511     1588      9551008118      9551009706        18654569          0        500          0          0
   4       17      517     2134      9551009720      9551011854        18656171          0        500          0          0
   4       17      517     4686      9551011871      9551016557        18658322          0        500          0          0
   4       17      516     2972      9551016575      9551019547        18663026          0        500          0          0
   4       17      516     2138      9551019571      9551021710        18666022          0        500          0          0
   4       17      516     2710      9551021726      9551024436        18668177          0        500          0          0
   4       17      511     3212      9551024459      9551027670        18670910          0        500          0          0
   4       17      517     7023      9551027690      9551034713        18674141          0        500          0          0
   4       17      519     1090      9551034739      9551035828        18681190          0        500          0          0
   4       17      517     1086      9551035844      9551036930        18682295          0        500          0          0
   4       17      517     2127      9551036950      9551039077        18683401          0        500          0          0
   4       17      511     1592      9551039092      9551040683        18685543          0        500          0          0
   4       17      517     5577      9551040700      9551046276        18687151          0        500          0          0
   4       17      511     2198      9551046298      9551048496        18692749          0        500          0          0
   4       17      528     2567      9551048516      9551051083        18694966          0        500          0          0
   4       17      511     1747      9551051099      9551052846        18697550          0        500          0          0
   4       17      516     2161      9551052867      9551055028        18699318          0        500          0          0
   4       17      511     3498      9551055046      9551058544        18701497          0        500          0          0
   4       17      522     2192      9551058577      9551060769        18705028          0        500          0          0
   4       17      516     2224      9551060807      9551063031        18707258          0        500          0          0
   4       17      511     2395      9551063058      9551065453        18709509          0        500          0          0
   4       17      511     3909      9551065476      9551069386        18711927          0        500          0          0
   4       17      511     5175      9551069409      9551074584        18715860          0        500          0          0
   4       17      522     2738      9551074616      9551077354        18721067          0        500          0          0
   4       17      511     1079      9551077375      9551078455        18723826          0        500          0          0
   4       17      511     2146      9551078471      9551080616        18724922          0        500          0          0
   4       17      520     2632      9551080668      9551083300        18727119          0        500          0          0
   4       17      511     2751      9551083324      9551086075        18729775          0        500          0          0
   4       17      511     2732      9551086100      9551088833        18732551          0        500          0          0
   4       17      519     2693      9551088853      9551091546        18735303          0        500          0          0
   4       17     2492     3763      9551091571      9551095334        18738022          0        500          0          0
   4       17      511     2489      9551095367      9551097857        18741818          0        500          0          0
   4       17      520     2166      9551097879      9551100045        18744330          0        500          0          0
   4       17      511     2383      9551100075      9551102458        18746525          0        500          0          0
   4       17      511     2961      9551102478      9551105439        18748929          0        500          0          0
   4       17      511     2565      9551105465      9551108031        18751916          0        500          0          0
   4       17     2132     6390      9551108056      9551114446        18754507          0        500          0          0
   4       17      511     2458      9551114476      9551116934        18760927          0        500          0          0
   4       17      518     2705      9551116959      9551119664        18763410          0        500          0          0
   4       17      517     3238      9551119688      9551122926        18766139          0        500          0          0
   4       17      520     2138      9551122959      9551125097        18769410          0        500          0          0
   4       17      511     1646      9551125113      9551126759        18771564          0        500          0          0
   4       17      521     2740      9551126781      9551129521        18773232          0        500          0          0
   4       17      516     2771      9551129544      9551132315        18775995          0        500          0          0
   4       17      511     2182      9551132340      9551134522        18778791          0        500          0          0
   4       17      518     2759      9551134546      9551137305        18780997          0        500          0          0
   4       17      511     3943      9551137328      9551141271        18783779          0        500          0          0
   4       17      511     2081      9551141294      9551143375        18787745          0        500          0          0
   4       17      511     2627      9551143400      9551146027        18789851          0        500          0          0
   4       17      511     2775      9551146044      9551148818        18792495          0        500          0          0
   4       17      517     2462      9551148842      9551151304        18795293          0        500          0          0
   4       17      511     2260      9551151328      9551153589        18797779          0        500          0          0
   4       17     2548     4120      9551153614      9551157735        18800065          0        500          0          0
   4       17      518     1248      9551157760      9551159008        18804211          0        500          0          0
   4       17      511     2770      9551159030      9551161800        18805481          0        500          0          0
   4       17      516     2846      9551161848      9551164694        18808299          0        500          0          0
   4       17      520     2208      9551164722      9551166930        18811173          0        500          0          0
   4       17      517     3205      9551166949      9551170155        18813400          0        500          0          0
   4       17      511     2778      9551170169      9551172947        18816620          0        500          0          0
   4       17      901     2060      9551172995      9551175054        18819446          0        500          0          0
   4       17     1431     2855      9551175086      9551177941        18821537          0        500          0          0
   4       17      519     2563      9551177962      9551180525        18824413          0        500          0          0
   4       17      518     2237      9551180550      9551182787        18827001          0        500          0          0
   4       17      519     2784      9551182814      9551185598        18829265          0        500          0          0
   4       17     2437     3260      9551185626      9551188885        18832077          0        500          0          0
   4       17      519     2776      9551188912      9551191688        18835363          0        500          0          0
   4       17      519     2753      9551191717      9551194471        18838168          0        500          0          0
   4       17      522     2320      9551194500      9551196820        18840951          0        500          0          0
   4       17      517     2831      9551196847      9551199678        18843298          0        500          0          0
   4       17      519     2712      9551199701      9551202413        18846152          0        500          0          0
   4       17      511     2878      9551202438      9551205317        18848889          0        500          0          0
   4       17     2142     3683      9551205345      9551209028        18851796          0        500          0          0
   4       17      511     2235      9551209056      9551211292        18855507          0        500          0          0
   4       17      511     2630      9551211309      9551213939        18857760          0        500          0          0
   4       17      518     2658      9551213959      9551216617        18860410          0        500          0          0
   4       17      518     2764      9551216634      9551219398        18863085          0        500          0          0
   4       17      511     2206      9551219423      9551221630        18865874          0        500          0          0
   4       17     3848     4416      9551221647      9551226063        18868098          0        500          0          0
   4       17      511     1632      9551226089      9551227721        18872540          0        500          0          0
   4       17      516     2841      9551227737      9551230578        18874188          0        500          0          0
   4       17      520     2183      9551230603      9551232786        18877054          0        500          0          0
   4       17      516     2709      9551232827      9551235536        18879278          0        500          0          0
   4       17     1724     4013      9551235570      9551239583        18882021          0        500          0          0
   4       17      517     2326      9551239604      9551241930        18886055          0        500          0          0
   4       17      517     2136      9551241951      9551244087        18888402          0        500          0          0
   4       17      511     2722      9551244103      9551246825        18890554          0        500          0          0
   4       17      517     2652      9551246847      9551249499        18893298          0        500          0          0
   4       17      518     2243      9551249518      9551251761        18895969          0        500          0          0
   4       17     1688     3392      9551251789      9551255181        18898240          0        500          0          0
   4       17      511     2115      9551255212      9551257327        18901663          0        500          0          0
   4       17      511     2746      9551257351      9551260097        18903802          0        500          0          0
   4       17      511     2835      9551260121      9551262956        18906572          0        500          0          0
   4       17     2169     3282      9551262993      9551266275        18909444          0        500          0          0
   4       17     2290     5596      9551266345      9551271941        18912796          0        500          0          0
   4       17      517     2664      9551271989      9551274652        18918440          0        500          0          0
   4       17      517     2625      9551274696      9551277321        18921147          0        500          0          0
   4       17      511     2206      9551277341      9551279546        18923792          0        500          0          0
   4       17      517     2040      9551279565      9551281605        18926016          0        500          0          0
   4       17      520     1927      9551281626      9551283553        18928077          0        500          0          0
   4       17      516     2535      9551283567      9551286102        18930018          0        500          0          0
   4       17      511     2789      9551286128      9551288917        18932579          0        500          0          0
   4       17      519     2614      9551288942      9551291556        18935393          0        500          0          0
   4       17     2281     4506      9551291580      9551296086        18938031          0        500          0          0
   4       17      511     2809      9551296119      9551298928        18942570          0        500          0          0
   4       17      517     2798      9551298954      9551301752        18945405          0        500          0          0
   4       17      518     2257      9551301779      9551304036        18948230          0        500          0          0
   4       17      511     1948      9551304061      9551306009        18950512          0        500          0          0
   4       17      511     2413      9551306025      9551308437        18952476          0        500          0          0
   4       17      511     2265      9551308467      9551310732        18954918          0        500          0          0
   4       17     1629     2601      9551310761      9551313362        18957212          0        500          0          0
   4       17      511     3584      9551313382      9551316966        18959833          0        500          0          0
   4       17      520     1577      9551316988      9551318566        18963439          0        500          0          0
   4       17     1668     2713      9551318597      9551321310        18965048          0        500          0          0
   4       17      511     2747      9551321332      9551324079        18967783          0        500          0          0
   4       17      511     2267      9551324110      9551326377        18970561          0        500          0          0
   4       17      511     3191      9551326395      9551329586        18972846          0        500          0          0
   4       17     2687     3707      9551329610      9551333317        18976061          0        500          0          0
   4       17      511     2258      9551333343      9551335601        18979794          0        500          0          0
   4       17      517     2502      9551335647      9551338148        18982097          0        500          0          0
   4       17      511     2619      9551338172      9551340791        18984623          0        500          0          0
   4       17      516     2615      9551340811      9551343426        18987262          0        500          0          0
   4       17      511     2687      9551343447      9551346133        18989898          0        500          0          0
   4       17      511     3940      9551346154      9551350094        18992605          0        500          0          0
   4       17      511     1082      9551350117      9551351199        18996568          0        500          0          0
   4       17      511     2787      9551351226      9551354013        18997677          0        500          0          0
   4       17      511     2191      9551354035      9551356226        19000486          0        500          0          0
   4       17      511     3022      9551356293      9551359315        19002744          0        500          0          0
   4       17      511     2127      9551359336      9551361463        19005786          0        500          0          0
   4       17     4458     5656      9551361494      9551367149        19007945          0        500          0          0
   4       17      511     3835      9551367177      9551371011        19013628          0        500          0          0
   4       17      511     1079      9551371036      9551372115        19017487          0        500          0          0
   4       17      996     1986      9551372133      9551374119        19018584          0        500          0          0
   4       17      511     2818      9551374145      9551376963        19020596          0        500          0          0
   4       17      517     2790      9551376986      9551379777        19023437          0        500          0          0
   4       17      517     2224      9551379803      9551382027        19026254          0        500          0          0
   4       17      511     3048      9551382050      9551385099        19028501          0        500          0          0
   4       17      511     4665      9551385124      9551389789        19031575          0        500          0          0
   4       17      519     1807      9551389816      9551391623        19036267          0        500          0          0
   4       17      520     1696      9551391659      9551393354        19038110          0        500          0          0
   4       17      511     2648      9551393378      9551396027        19039829          0        500          0          0
   4       17      511     2294      9551396047      9551398341        19042498          0        500          0          0
   4       17      511     2690      9551398366      9551401056        19044817          0        500          0          0
   4       17      511     2254      9551401073      9551403327        19047524          0        500          0          0
   4       17      511     4467      9551403350      9551407817        19049801          0        500          0          0
   4       17      517     2697      9551407876      9551410573        19054327          0        500          0          0
   4       17     1656     3474      9551410601      9551414074        19057052          0        500          0          0
   4       17      511     1694      9551414106      9551415800        19060557          0        500          0          0
   4       17      518     1842      9551415824      9551417666        19062275          0        500          0          0
   4       17      518     2460      9551417690      9551420150        19064141          0        500          0          0
   4       17      511     2695      9551420180      9551422875        19066631          0        500          0          0
   4       17      519     2773      9551422902      9551425674        19069353          0        500          0          0
   4       17      521     2754      9551425704      9551428458        19072155          0        500          0          0
   4       17      511     3021      9551428483      9551431504        19074934          0        500          0          0
   4       17      521     1709      9551431537      9551433245        19077988          0        500          0          0
   4       17     2602     4684      9551433278      9551437961        19079729          0        500          0          0
   4       17      521     1623      9551437995      9551439618        19084446          0        500          0          0
   4       17      517     3113      9551439666      9551442779        19086117          0        500          0          0
   4       17      542     2222      9551442809      9551445031        19089260          0        500          0          0
   4       17      511     2474      9551445051      9551447525        19091502          0        500          0          0
   4       17      544     3404      9551447571      9551450975        19094022          0        500          0          0
   4       17      511     2162      9551451014      9551453176        19097465          0        500          0          0
   4       17      511     2403      9551453199      9551455602        19099650          0        500          0          0
   4       17      516     2729      9551455620      9551458349        19102071          0        500          0          0
   4       17      511     2853      9551458371      9551461224        19104822          0        500          0          0
   4       17      511     2353      9551461248      9551463601        19107699          0        500          0          0
   4       17     2553     4432      9551463630      9551468062        19110081          0        500          0          0
   4       17      511     2553      9551468089      9551470642        19114540          0        500          0          0
   4       17      517     2056      9551470691      9551472747        19117142          0        500          0          0
   4       17      516     2690      9551472793      9551475483        19119244          0        500          0          0
   4       17      516     2508      9551475502      9551478010        19121953          0        500          0          0
   4       17      511     1986      9551478028      9551480014        19124479          0        500          0          0
   4       17     2356     5198      9551480037      9551485235        19126488          0        500          0          0
   4       17     2171     2753      9551485275      9551488028        19131726          0        500          0          0
   4       17      511     1449      9551488049      9551489499        19134500          0        500          0          0
   4       17     2138     3400      9551489525      9551492925        19135976          0        500          0          0
   4       17      516     2721      9551492950      9551495670        19139401          0        500          0          0
   4       17      519     2815      9551495698      9551498513        19142149          0        500          0          0
   4       17      517     2233      9551498537      9551500770        19144988          0        500          0          0
   4       17      517     2721      9551500798      9551503518        19147248          0        500          0          0
   4       17      517     2173      9551503542      9551505715        19149993          0        500          0          0
   4       17     1357     2335      9551505756      9551508090        19152207          0        500          0          0
   4       17      511     2927      9551508114      9551511041        19154565          0        500          0          0
   4       17      511     2593      9551511059      9551513652        19157510          0        500          0          0
   4       17      517     2654      9551513698      9551516352        19160149          0        500          0          0
   4       17      511     2644      9551516372      9551519016        19162823          0        500          0          0
   4       17      511     2434      9551519040      9551521474        19165491          0        500          0          0
   4       17      520     2217      9551521501      9551523719        19167952          0        500          0          0
   4       17      518     2707      9551523747      9551526454        19170198          0        500          0          0
   4       17      511     2768      9551526480      9551529248        19172931          0        500          0          0
   4       17      511     2798      9551529275      9551532072        19175726          0        500          0          0
   4       17      511     2206      9551532096      9551534301        19178547          0        500          0          0
   4       17      511     3350      9551534321      9551537671        19180772          0        500          0          0
   4       17      518     2067      9551537709      9551539777        19184160          0        500          0          0
   4       17      989     2513      9551539801      9551542314        19186252          0        500          0          0
   4       17      511     2601      9551542340      9551544941        19188791          0        500          0          0
   4       17      518     2575      9551544965      9551547541        19191416          0        500          0          0
   4       17      517     2522      9551547558      9551550081        19194009          0        500          0          0
   4       17     2813     5410      9551550106      9551555516        19196557          0        500          0          0
   4       17      517     2698      9551555541      9551558240        19201992          0        500          0          0
   4       17      511     2292      9551558266      9551560558        19204717          0        500          0          0
   4       17      521     2150      9551560589      9551562740        19207040          0        500          0          0
   4       17      546     2794      9551562767      9551565561        19209218          0        500          0          0
   4       17      520     2786      9551565594      9551568380        19212045          0        500          0          0
   4       17      511     2341      9551568401      9551570742        19214852          0        500          0          0
   4       17     1515     3000      9551570763      9551573763        19217214          0        500          0          0
   4       17      519     3015      9551573790      9551576805        19220241          0        500          0          0
   4       17      543     2056      9551576837      9551578893        19223288          0        500          0          0
   4       17      519     2575      9551578917      9551581492        19225368          0        500          0          0
   4       17      516     2637      9551581511      9551584148        19227962          0        500          0          0
   4       17      511     3450      9551584165      9551587614        19230615          0        500          0          0
   4       17      519     2180      9551587640      9551589820        19234091          0        500          0          0
   4       17      519     2616      9551589840      9551592456        19236291          0        500          0          0
   4       17      511     2531      9551592481      9551595012        19238932          0        500          0          0
   4       17      511     1875      9551595036      9551596911        19241487          0        500          0          0
   4       17      519     2265      9551596943      9551599208        19243394          0        500          0          0
   4       17     2695     4789      9551599235      9551604024        19245686          0        500          0          0
   4       17      511     3546      9551604048      9551607594        19250499          0        500          0          0
   4       17     2620     3393      9551607621      9551611014        19254072          0        500          0          0
   4       17      511     1970      9551611042      9551613013        19257493          0        500          0          0
   4       17      511     1614      9551613031      9551614646        19259482          0        500          0          0
   4       17      517     2325      9551614665      9551616989        19261116          0        500          0          0
   4       17      511     2636      9551617012      9551619648        19263463          0        500          0          0
   4       17      517     2602      9551619674      9551622276        19266125          0        500          0          0
   4       17      511     2759      9551622307      9551625066        19268757          0        500          0          0
   4       17      511     3282      9551625092      9551628374        19271543          0        500          0          0
   4       17      511     2333      9551628435      9551630768        19274886          0        500          0          0
   4       17      518     2882      9551630794      9551633676        19277245          0        500          0          0
   4       17      519     2796      9551633701      9551636497        19280152          0        500          0          0
   4       17      517     2607      9551636517      9551639125        19282968          0        500          0          0
   4       17      511     1872      9551639143      9551641015        19285594          0        500          0          0
   4       17     2532     4420      9551641035      9551645456        19287486          0        500          0          0
   4       17      511     2144      9551645476      9551647620        19291927          0        500          0          0
   4       17      517     2720      9551647639      9551650359        19294090          0        500          0          0
   4       17      511     2732      9551650382      9551653114        19296833          0        500          0          0
   4       17      511     2158      9551653139      9551655297        19299590          0        500          0          0
   4       17      511     2657      9551655319      9551657976        19301770          0        500          0          0
   4       17     3033     3591      9551658031      9551661622        19304482          0        500          0          0
   4       17      519     1618      9551661649      9551663267        19308100          0        500          0          0
   4       17      511     2766      9551663289      9551666055        19309740          0        500          0          0
   4       17      511     2271      9551666078      9551668349        19312529          0        500          0          0
   4       17      511     2720      9551668380      9551671100        19314831          0        500          0          0
   4       17      511     2732      9551671128      9551673860        19317579          0        500          0          0
   4       17     2102     6603      9551673885      9551680488        19320336          0        500          0          0
   4       17      517     2548      9551680511      9551683058        19326962          0        500          0          0
   4       17      511     2582      9551683079      9551685661        19329530          0        500          0          0
   4       17      520     2219      9551685683      9551687903        19332134          0        500          0          0
   4       17      520     1611      9551687929      9551689540        19334380          0        500          0          0
   4       17      517     2231      9551689556      9551691788        19336007          0        500          0          0
   4       17      519     3288      9551691812      9551695100        19338263          0        500          0          0
   4       17      511     2183      9551695125      9551697308        19341576          0        500          0          0
   4       17      511     2765      9551697327      9551700092        19343778          0        500          0          0
   4       17      511     3845      9551700115      9551703960        19346566          0        500          0          0
   4       17     2019     2586      9551703992      9551706578        19350443          0        500          0          0
   4       17     1395     2156      9551706594      9551708750        19353045          0        500          0          0
   4       17      518     2144      9551708769      9551710913        19355220          0        500          0          0
   4       17      516     2135      9551710930      9551713064        19357381          0        500          0          0
   4       17      511     1592      9551713082      9551714674        19359533          0        500          0          0
   4       17      517     2137      9551714691      9551716828        19361142          0        500          0          0
   4       17     1972     3767      9551716885      9551720653        19363336          0        500          0          0
   4       17      517     2166      9551720673      9551722839        19367124          0        500          0          0
   4       17      517     2142      9551722856      9551724999        19369307          0        500          0          0
   4       17      511     2671      9551725023      9551727694        19371474          0        500          0          0
   4       17      516     1297      9551727713      9551729010        19374164          0        500          0          0
   4       17      511     1831      9551729029      9551730860        19375480          0        500          0          0
   4       17     1142     2760      9551730879      9551733639        19377330          0        500          0          0
   4       17      517     2131      9551733654      9551735785        19380105          0        500          0          0
   4       17      517     2677      9551735804      9551738481        19382255          0        500          0          0
   4       17      517     2131      9551738497      9551740628        19384948          0        500          0          0
   4       17      517     2138      9551740645      9551742783        19387096          0        500          0          0
   4       17      517     2132      9551742800      9551744933        19389251          0        500          0          0
   4       17      534     1613      9551744950      9551746563        19391401          0        500          0          0
   4       17      517     2169      9551746577      9551748746        19393028          0        500          0          0
   4       17      517     1759      9551748785      9551750544        19395236          0        500          0          0
   4       17      516     1997      9551750559      9551752556        19397010          0        500          0          0
   4       17      517     2142      9551752575      9551754717        19399026          0        500          0          0
   4       17     1596     3220      9551754734      9551757954        19401185          0        500          0          0
   4       17      516     2138      9551757976      9551760114        19404427          0        500          0          0
   4       17      511     3831      9551760132      9551763963        19406583          0        500          0          0
   4       17      511     2077      9551764011      9551766088        19410462          0        500          0          0
   4       17      511     1661      9551766105      9551767766        19412556          0        500          0          0
   4       17      517     2128      9551767783      9551769911        19414233          0        500          0          0
   4       17      517     2139      9551769925      9551772064        19416376          0        500          0          0
   4       17      511     2664      9551772081      9551774745        19418532          0        500          0          0
   4       17      517     2129      9551774760      9551776888        19421211          0        500          0          0
   4       17      517     2137      9551776904      9551779042        19423355          0        500          0          0
   4       17      511     2718      9551779058      9551781776        19425509          0        500          0          0
   4       17      516     2154      9551781812      9551783966        19428263          0        500          0          0
   4       17      516     2682      9551784000      9551786682        19430451          0        500          0          0
   4       17      517     2127      9551786703      9551788830        19433154          0        500          0          0
   4       17      516     2133      9551788844      9551790977        19435295          0        500          0          0
   4       17      516     2666      9551790995      9551793661        19437446          0        500          0          0
   4       17      517     2238      9551793720      9551795959        19440171          0        500          0          0
   4       17      516     2684      9551795983      9551798667        19442434          0        500          0          0
   4       17      520     2140      9551798684      9551800824        19445135          0        500          0          0
   4       17      517     2136      9551800841      9551802976        19447292          0        500          0          0
   4       17      516     2668      9551802992      9551805659        19449443          0        500          0          0
   4       17      516     2128      9551805675      9551807803        19452126          0        500          0          0
   4       17      517     2668      9551807817      9551810484        19454268          0        500          0          0
   4       17      517     2129      9551810500      9551812629        19456951          0        500          0          0
   4       17      517     2128      9551812644      9551814771        19459095          0        500          0          0
   4       17      517     2666      9551814787      9551817453        19461238          0        500          0          0
   4       17      511     2182      9551817468      9551819649        19463919          0        500          0          0
   4       17      516     2192      9551819696      9551821888        19466147          0        500          0          0
   4       17      516     3781      9551821907      9551825687        19468358          0        500          0          0
   4       17      517     1621      9551825727      9551827348        19472178          0        500          0          0
   4       17      511     2720      9551827365      9551830086        19473816          0        500          0          0
   4       17      511     2016      9551830105      9551832121        19476556          0        500          0          0
   4       17      511     1569      9551832138      9551833707        19478589          0        500          0          0
   4       17      517     1821      9551833723      9551835545        19480174          0        500          0          0
   4       17      517     2124      9551835559      9551837683        19482010          0        500          0          0
   4       17      517     1597      9551837699      9551839296        19484150          0        500          0          0
   4       17      511     2128      9551839309      9551841437        19485760          0        500          0          0
   4       17      511     2129      9551841454      9551843583        19487905          0        500          0          0
   4       17     2121     4266      9551843597      9551847863        19490048          0        500          0          0
   4       17      517     2149      9551847879      9551850027        19494330          0        500          0          0
   4       17      511     2040      9551850043      9551852083        19496494          0        500          0          0
   4       17      511     1683      9551852101      9551853784        19498552          0        500          0          0
   4       17      516     2130      9551853799      9551855929        19500250          0        500          0          0
   4       17      516     1611      9551855945      9551857556        19502396          0        500          0          0
   4       17      517     2135      9551857571      9551859706        19504022          0        500          0          0
   4       17      516     1592      9551859723      9551861315        19506174          0        500          0          0
   4       17      511     2142      9551861329      9551863471        19507780          0        500          0          0
   4       17     2522     3089      9551863492      9551866581        19509943          0        500          0          0
   4       17      516     1260      9551866601      9551867861        19513052          0        500          0          0
   4       17      517     2169      9551867911      9551870080        19514362          0        500          0          0
   4       17      511     1612      9551870096      9551871709        19516547          0        500          0          0
   4       17      516     2147      9551871746      9551873893        19518197          0        500          0          0
   4       17      516     2146      9551873927      9551876073        19520378          0        500          0          0
   4       17      511     2129      9551876089      9551878218        19522540          0        500          0          0
   4       17      511     1848      9551878233      9551880080        19524684          0        500          0          0
   4       17      511     1871      9551880097      9551881968        19526548          0        500          0          0
   4       17      516     2130      9551881982      9551884112        19528433          0        500          0          0
   4       17      511     1595      9551884127      9551885723        19530578          0        500          0          0
   4       17      522     2144      9551885737      9551887880        19532188          0        500          0          0
   4       17     2052     2702      9551887897      9551890598        19534348          0        500          0          0
   4       17      516     2136      9551890614      9551892750        19537065          0        500          0          0
   4       17      516     2131      9551892768      9551894900        19539219          0        500          0          0
   4       17      516     2145      9551894916      9551897061        19541366          0        500          0          0
   4       17      511     2128      9551897079      9551899207        19543530          0        500          0          0
   4       17      511     2128      9551899225      9551901353        19545676          0        500          0          0
   4       17      511     2150      9551901370      9551903520        19547820          0        500          0          0
   4       17      517     1612      9551903535      9551905147        19549986          0        500          0          0
   4       17      511     2178      9551905165      9551907343        19551616          0        500          0          0
   4       17      511     2161      9551907359      9551909520        19553810          0        500          0          0
   4       17      516     1592      9551909538      9551911131        19555989          0        500          0          0
   4       17      511     2125      9551911147      9551913272        19557598          0        500          0          0
   4       17      511     2666      9551913289      9551915955        19559740          0        500          0          0
   4       17      516     2129      9551915969      9551918098        19562420          0        500          0          0
   4       17      511     2134      9551918114      9551920249        19564565          0        500          0          0
   4       17      511     1813      9551920264      9551922077        19566715          0        500          0          0
   4       17      511     1901      9551922095      9551923996        19568546          0        500          0          0
   4       17      511     1991      9551924017      9551926008        19570468          0        500          0          0
   4       17      511     1587      9551926026      9551927613        19572477          0        500          0          0
   4       17      518     1208      9551927629      9551928837        19574080          0        500          0          0
   4       17     2142     4328      9551928854      9551933182        19575305          0        500          0          0
   4       17      511     2132      9551933200      9551935332        19579651          0        500          0          0
   4       17      511     2717      9551935351      9551938068        19581802          0        500          0          0
   4       17      511     2131      9551938105      9551940236        19584556          0        500          0          0
   4       17      511     1073      9551940256      9551941329        19586707          0        500          0          0
   4       17      511     1581      9551941343      9551942924        19587794          0        500          0          0
   4       17      517     2130      9551942942      9551945071        19589393          0        500          0          0
   4       17      511     1993      9551945086      9551947079        19591537          0        500          0          0
   4       17      511     2261      9551947097      9551949357        19593548          0        500          0          0
   4       17      511     2143      9551949373      9551951516        19595824          0        500          0          0
   4       17      516     1601      9551951535      9551953136        19597986          0        500          0          0
   4       17      511     2130      9551953153      9551955283        19599604          0        500          0          0
   4       17      511     1778      9551955301      9551957080        19601752          0        500          0          0
   4       17      511     1947      9551957095      9551959042        19603546          0        500          0          0
   4       17      511     2180      9551959067      9551961246        19605518          0        500          0          0
   4       17      511     2269      9551961268      9551963537        19607719          0        500          0          0
   4       17      519     1634      9551963568      9551965201        19610019          0        500          0          0
   4       17      511     2182      9551965218      9551967399        19611669          0        500          0          0
   4       17      511     2161      9551967421      9551969583        19613872          0        500          0          0
   4       17      517     2143      9551969598      9551971741        19616049          0        500          0          0
   4       17      517     4250      9551971761      9551976012        19618212          0        500          0          0
   4       17      511     3774      9551976032      9551979806        19622483          0        500          0          0
   4       17      516     1610      9551979846      9551981456        19626297          0        500          0          0
   4       17      511     1590      9551981470      9551983060        19627921          0        500          0          0
   4       17      511     1584      9551983074      9551984658        19629525          0        500          0          0
   4       17     1054     2720      9551984671      9551987391        19631122          0        500          0          0
   4       17      511     5612      9551987408      9551993020        19633859          0        500          0          0
   4       17      511     2177      9551993047      9551995224        19639498          0        500          0          0
   4       17      511     2728      9551995248      9551997975        19641698          0        500          0          0
   4       17      511     2139      9551998021      9552000160        19644472          0        500          0          0
   4       17      511     3209      9552000180      9552003389        19646631          0        500          0          0
   4       17      511     6157      9552003407      9552009564        19649858          0        500          0          0
   4       17      516     1088      9552009591      9552010679        19656042          0        500          0          0
   4       17      516     2392      9552010696      9552013088        19657147          0        500          0          0
   4       17      511     1913      9552013111      9552015024        19659562          0        500          0          0
   4       17      511     1602      9552015044      9552016645        19661494          0        500          0          0
   4       17      518     4874      9552016696      9552021570        19663147          0        500          0          0
   4       17      518     4386      9552021588      9552025974        19668039          0        500          0          0
   4       17      511     2143      9552026026      9552028169        19672477          0        500          0          0
   4       17      511     1600      9552028187      9552029786        19674637          0        500          0          0
   4       17      517     1602      9552029807      9552031409        19676258          0        500          0          0
   4       17      511     3170      9552031425      9552034595        19677876          0        500          0          0
   4       17      518     2176      9552034620      9552036797        19681071          0        500          0          0
   4       17     1065     3012      9552036833      9552039845        19683284          0        500          0          0
   4       17      519     2144      9552039865      9552042009        19686316          0        500          0          0
   4       17      511     3005      9552042025      9552045030        19688476          0        500          0          0
   4       17      511     1588      9552045046      9552046634        19691497          0        500          0          0
   4       17      678     2607      9552046648      9552049255        19693098          0        500          0          0
   4       17      511     2582      9552049281      9552051863        19695732          0        500          0          0
   4       17      517     3149      9552051888      9552055037        19698339          0        500          0          0
   4       17      511     2206      9552055062      9552057268        19701513          0        500          0          0
   4       17      511     3819      9552057293      9552061113        19703744          0        500          0          0
   4       17      511     1083      9552061138      9552062221        19707589          0        500          0          0
   4       17      511     2433      9552062246      9552064679        19708697          0        500          0          0
   4       17      522     2674      9552064706      9552067380        19711157          0        500          0          0
   4       17      511     2775      9552067406      9552070181        19713857          0        500          0          0
   4       17      511     2733      9552070201      9552072933        19716652          0        500          0          0
   4       17     2341     4070      9552072955      9552077025        19719406          0        500          0          0
   4       17      511     1539      9552077051      9552078590        19723502          0        500          0          0
   4       17      517     3308      9552078607      9552081914        19725058          0        500          0          0
   4       17      517     1954      9552081961      9552083915        19728412          0        500          0          0
   4       17      518     2522      9552083934      9552086456        19730385          0        500          0          0
   4       17      520     2448      9552086489      9552088937        19732940          0        500          0          0
   4       17     1812     2630      9552088959      9552091589        19735410          0        500          0          0
   4       17      518     3849      9552091614      9552095463        19738065          0        500          0          0
   4       17      520     2757      9552095489      9552098246        19741940          0        500          0          0
   4       17      511     1651      9552098269      9552099920        19744720          0        500          0          0
   4       17      518     2193      9552099940      9552102133        19746390          0        500          0          0
   4       17      511     3751      9552102157      9552105909        19748608          0        500          0          0
   4       17      520     1956      9552105960      9552107916        19752411          0        500          0          0
   4       17      519     3083      9552107941      9552111024        19754392          0        500          0          0
   4       17      511     2071      9552111047      9552113118        19757498          0        500          0          0
   4       17      511     1950      9552113140      9552115089        19759591          0        500          0          0
   4       17      516     2369      9552115643      9552118012        19762094          0        500          0          0
   4       17     2805     8062      9552118043      9552126105        19764494          0        500          0          0
   4       17      511     2617      9552126129      9552128746        19772580          0        500          0          0
   4       17      522     1616      9552128770      9552130386        19775221          0        500          0          0
   4       17      511     1633      9552130414      9552132048        19776865          0        500          0          0
   4       17      511     2195      9552132083      9552134278        19778533          0        500          0          0
   4       17      511     2778      9552134297      9552137075        19780748          0        500          0          0
   4       17      511     2280      9552137101      9552139381        19783552          0        500          0          0
   4       17      511     2792      9552139399      9552142192        19785850          0        500          0          0
   4       17      511     2229      9552142217      9552144445        19788668          0        500          0          0
   4       17      511     3752      9552144466      9552148217        19790917          0        500          0          0
   4       17      511     1464      9552148239      9552149703        19794690          0        500          0          0
   4       17      519     2601      9552149727      9552152329        19796178          0        500          0          0
   4       17     3145     4246      9552152363      9552156608        19798814          0        500          0          0
   4       17      517     1656      9552156660      9552158316        19803111          0        500          0          0
   4       17      511     2796      9552158340      9552161136        19804791          0        500          0          0
   4       17      511     2023      9552161158      9552163181        19807609          0        500          0          0
   4       17      511     3064      9552163201      9552166265        19809652          0        500          0          0
   4       17      511     2165      9552166289      9552168454        19812740          0        500          0          0
   4       17      511     3173      9552168479      9552171652        19814930          0        500          0          0
   4       17      802     2291      9552171684      9552173975        19818135          0        500          0          0
   4       17      520     2361      9552173996      9552176357        19820446          0        500          0          0
   4       17      511     2616      9552176376      9552178992        19822827          0        500          0          0
   4       17      511     2580      9552179025      9552181605        19825476          0        500          0          0
   4       17      519     2735      9552181629      9552184363        19828079          0        500          0          0
   4       17     2749     3982      9552184393      9552188376        19830844          0        500          0          0
   4       17      511     2058      9552188406      9552190465        19834857          0        500          0          0
   4       17      511     2525      9552190487      9552193012        19836938          0        500          0          0
   4       17      511     2215      9552193036      9552195251        19839487          0        500          0          0
   4       17     2809     4992      9552195306      9552200298        19841757          0        500          0          0
   4       17      511     1775      9552200323      9552202097        19846774          0        500          0          0
   4       17      511     2457      9552202125      9552204582        19848576          0        500          0          0
   4       17      520     2651      9552204606      9552207257        19851056          0        500          0          0
   4       17      511     2164      9552207283      9552209447        19853734          0        500          0          0
   4       17      511     2475      9552209464      9552211939        19855915          0        500          0          0
   4       17     3545     7271      9552211958      9552219228        19858409          0        500          0          0
   4       17      511     1561      9552219253      9552220813        19865704          0        500          0          0
   4       17      519     2760      9552220835      9552223595        19867286          0        500          0          0
   4       17      517     3844      9552223616      9552227459        19870067          0        500          0          0
   4       17      511     1945      9552227484      9552229430        19873935          0        500          0          0
   4       17      511     1266      9552229451      9552230717        19875902          0        500          0          0
   4       17      523     2993      9552230750      9552233743        19877201          0        500          0          0
   4       17      517     3244      9552233767      9552237011        19880218          0        500          0          0
   4       17      511     1516      9552237031      9552238547        19883482          0        500          0          0
   4       17      517     2499      9552238565      9552241064        19885016          0        500          0          0
   4       17     3215     5447      9552241095      9552246542        19887546          0        500          0          0
   4       17      517     3825      9552246563      9552250388        19893014          0        500          0          0
   4       17      511     2712      9552250421      9552253133        19896872          0        500          0          0
   4       17      511     1330      9552253159      9552254489        19899610          0        500          0          0
   4       17      519     2337      9552254514      9552256851        19900965          0        500          0          0
   4       17      517     2716      9552256872      9552259587        19903323          0        500          0          0
   4       17      517     2767      9552259613      9552262380        19906064          0        500          0          0
   4       17      511     2744      9552262404      9552265148        19908855          0        500          0          0
   4       17      511     2561      9552265171      9552267732        19911622          0        500          0          0
   4       17     3129     3699      9552267753      9552271452        19914204          0        500          0          0
   4       17     2172     3925      9552271473      9552275398        19917924          0        500          0          0
   4       17      511     1998      9552275429      9552277427        19921880          0        500          0          0
   4       17      511     2617      9552277453      9552280070        19923904          0        500          0          0
   4       17      511     2068      9552280097      9552282165        19926548          0        500          0          0
   4       17      511     2641      9552282182      9552284823        19928633          0        500          0          0
   4       17      519     2775      9552284852      9552287627        19931303          0        500          0          0
   4       17     3153     3800      9552287649      9552291449        19934100          0        500          0          0
   4       17      522     2822      9552291515      9552294337        19937965          0        500          0          0
   4       17      511     2196      9552294362      9552296558        19940813          0        500          0          0
   4       17      519     2435      9552296579      9552299014        19943030          0        500          0          0
   4       17     1227     2287      9552299034      9552301321        19945485          0        500          0          0
   4       17      511     2355      9552301356      9552303711        19947807          0        500          0          0
   4       17     2503     5100      9552303726      9552308826        19950177          0        500          0          0
   4       17      519     3391      9552308855      9552312246        19955306          0        500          0          0
   4       17      511     2753      9552312278      9552315031        19958729          0        500          0          0
   4       17      511     2479      9552315057      9552317536        19961508          0        500          0          0
   4       17      520     1791      9552317562      9552319353        19964013          0        500          0          0
   4       17      511     2345      9552319375      9552321720        19965826          0        500          0          0
   4       17      517     2663      9552321745      9552324408        19968196          0        500          0          0
   4       17      511     2023      9552324441      9552326464        19970892          0        500          0          0
   4       17      519     3243      9552326499      9552329742        19972950          0        500          0          0
   4       17     2776     5178      9552329766      9552334944        19976216          0        500          0          0
   4       17      520     2117      9552334968      9552337085        19981419          0        500          0          0
   4       17      511     1716      9552337111      9552338827        19983562          0        500          0          0
   4       17      518     2571      9552338846      9552341418        19985297          0        500          0          0
   4       17      511     2576      9552341446      9552344022        19987897          0        500          0          0
   4       17      511     2624      9552344043      9552346666        19990494          0        500          0          0
   4       17      517     2893      9552346685      9552349578        19993136          0        500          0          0
   4       17     2770     4427      9552349600      9552354027        19996051          0        500          0          0
