#idx     perf      run   period           start             end          rel_st      slack c_duration   c_period     wu_lat
   0       68     1985     1986      9219513453      9219515440           25629     -17240       2000      10000          0
   0       68     1983     1985      9219516210      9219518195           28386      -9995       2000      10000          0
   0       68     1983     1984      9219519254      9219521238           31430      -3038       2000      10000          0
   0       68     1983     6210      9219522000      9219528211           34176       4215       2000      10000         11
   0       68     1984     7938      9219530271      9219538209           42447       5944       2000      10000         10
   0       68     1984     8178      9219540031      9219548209           52207       6185       2000      10000          9
   0       68     2013     7045      9219551164      9219558209           63340       5022       2000      10000          9
   0       68     1983     7759      9219560456      9219568216           72632       5759       2000      10000         16
   0       68     1984     5133      9219573077      9219578210           85253       3138       2000      10000         10
   0       68     1983     8287      9219579922      9219588209           92098       6293       2000      10000          9
   0       68     1984     9176      9219589033      9219598209          101209       7182       2000      10000          9
   0       68     1983     8268      9219599941      9219608209          112117       6275       2000      10000          9
   0       68     1983     8300      9219609909      9219618209          122085       6307       2000      10000          9
   0       68     1983     7142      9219621067      9219628209          133243       5149       2000      10000          9
   0       68     1983     7921      9219630288      9219638209          142464       5927       2000      10000          9
   0       68     1984     9267      9219638942      9219648209          151118       7274       2000      10000          9
   0       68     1983     8330      9219649880      9219658210          162056       6335       2000      10000         10
   0       68     1983     9227      9219658984      9219668211          171160       7232       2000      10000         11
   0       68     1983     9253      9219668956      9219678210          181132       7260       2000      10000         10
   0       68     1983     8311      9219679900      9219688210          192076       6316       2000      10000         10
   0       68     1983     9165      9219689045      9219698211          201221       7171       2000      10000         11
   0       68     1984     8147      9219700063      9219708209          212238       6153       2000      10000          9
   0       68     1984     8175      9219710034      9219718210          222210       6181       2000      10000         10
   0       68     1983     7675      9219720535      9219728210          232711       5681       2000      10000         10
   0       68     1983     8904      9219729305      9219738209          241480       6911       2000      10000          9
   0       68     1983     9252      9219738957      9219748209          251133       7258       2000      10000          9
   0       68     1983     9350      9219748860      9219758210          261036       7356       2000      10000         10
   0       68     1983     7841      9219760368      9219768209          272544       5848       2000      10000          9
   0       68     1984     9296      9219768913      9219778209          281089       7303       2000      10000          9
   0       68     1983     8262      9219779947      9219788209          292123       6268       2000      10000          9
   0       68     1983     8170      9219790041      9219798211          302217       6174       2000      10000         11
   0       68     1984     8085      9219800124      9219808209          312300       6091       2000      10000         10
   0       68     1983     9236      9219808974      9219818210          321150       7242       2000      10000         10
   0       68     1984     8874      9219819335      9219828210          331511       6880       2000      10000         10
   0       68     1983     7802      9219830406      9219838209          342582       5809       2000      10000          9
   0       68     1984     8284      9219839926      9219848210          352102       6290       2000      10000         10
   0       68     1983     9159      9219849050      9219858210          361226       7165       2000      10000         10
   0       68     1984     7793      9219860416      9219868209          372592       5799       2000      10000          9
   0       68     1983     9019      9219869190      9219878209          381366       7025       2000      10000         10
   0       68     1984     9339      9219878870      9219888209          391046       7345       2000      10000          9
   0       68     1984     9163      9219889048      9219898211          401224       7167       2000      10000         11
   0       68     1983     9030      9219899179      9219908209          411355       7037       2000      10000          9
   0       68     1984     9338      9219908871      9219918210          421047       7344       2000      10000         10
   0       68     1983     7935      9219920275      9219928210          432451       5941       2000      10000         10
   0       68     1983     8978      9219929231      9219938209          441407       6984       2000      10000          9
   0       68     1984     8273      9219939935      9219948208          452111       6280       2000      10000          8
   0       68     1983     8285      9219949924      9219958210          462100       6292       2000      10000         10
   0       68     1983     8002      9219960207      9219968209          472383       6008       2000      10000          9
   0       68     1983     9340      9219968870      9219978210          481046       7346       2000      10000         10
   0       68     1984     9161      9219979048      9219988209          491224       7167       2000      10000          9
   0       68     1983     9241      9219988981      9219998222          501156       7236       2000      10000         22
   0       68     1983     8644      9219999567      9220008211          511743       6649       2000      10000         11
   0       68     1984     9240      9220008970      9220018210          521146       7245       2000      10000         10
   0       68     1983     8889      9220019321      9220028210          531497       6895       2000      10000         10
   0       68     1983     7985      9220030226      9220038210          542401       5990       2000      10000         10
   0       68     1983     9310      9220038900      9220048210          551075       7316       2000      10000         10
   0       68     1984     9342      9220048868      9220058210          561044       7347       2000      10000         10
   0       68     1983     7823      9220060386      9220068209          572561       5830       2000      10000          9
   0       68     1984     8285      9220069924      9220078209          582100       6291       2000      10000          9
   0       68     1983     8293      9220079916      9220088210          592092       6300       2000      10000         10
   0       68     1983     9222      9220088987      9220098210          601163       7228       2000      10000         10
   0       68     1983     8320      9220099889      9220108210          612065       6326       2000      10000         10
   0       68     1983     8291      9220109919      9220118210          622095       6297       2000      10000         10
   0       68     1983     7965      9220120246      9220128211          632421       5970       2000      10000         11
   0       68     1983     7805      9220130405      9220138210          642581       5811       2000      10000         10
   0       68     1984     9320      9220138890      9220148211          651066       7325       2000      10000         11
   0       68     1983     9131      9220149080      9220158211          661256       7136       2000      10000         11
   0       68     1983     7988      9220160223      9220168211          672399       5993       2000      10000         11
   0       68     1984     8015      9220170193      9220178208          682369       6022       2000      10000          9
   0       68     1983     8222      9220179987      9220188209          692163       6229       2000      10000         10
   0       68     1983     9201      9220189017      9220198218          701193       7198       2000      10000         19
   0       68     1984     8258      9220199951      9220208209          712127       6264       2000      10000          9
   0       68     1983     9166      9220209044      9220218210          721220       7172       2000      10000         10
   0       68     1983     9019      9220219191      9220228210          731367       7025       2000      10000         10
   0       68     1983     7886      9220230323      9220238209          742499       5893       2000      10000          9
   0       68     1983     9294      9220238915      9220248209          751091       7300       2000      10000         10
   0       68     1983     9300      9220248910      9220258210          761086       7306       2000      10000         10
   0       68     1983     7925      9220260285      9220268210          772461       5931       2000      10000         10
   0       68     1984     9336      9220268874      9220278209          781049       7342       2000      10000         10
   0       68     1983     9292      9220278917      9220288209          791093       7298       2000      10000          9
   0       68     1983     9261      9220288948      9220298209          801124       7267       2000      10000          9
   0       68     1983     9038      9220299171      9220308209          811347       7045       2000      10000          9
   0       68     1983     9239      9220308971      9220318210          821147       7244       2000      10000         10
   0       68     1983     7816      9220320393      9220328209          832569       5823       2000      10000          9
   0       68     1983     8267      9220329941      9220338208          842117       6275       2000      10000          8
   0       68     1983     8261      9220339948      9220348209          852124       6268       2000      10000          9
   0       68     1983     9297      9220348914      9220358211          861090       7302       2000      10000         11
   0       68     1983     8786      9220359423      9220368209          871599       6793       2000      10000          9
   0       68     1983     8903      9220369307      9220378210          881483       6909       2000      10000         10
   0       68     1983     8226      9220379983      9220388209          892159       6232       2000      10000          9
   0       68     1983     9247      9220388965      9220398213          901141       7250       2000      10000         13
   0       68     1984     9072      9220399138      9220408210          911314       7077       2000      10000         10
   0       68     1983     9233      9220408977      9220418210          921153       7239       2000      10000         10
   0       68     1983     8914      9220419296      9220428210          931472       6920       2000      10000         10
   0       68     1983     8864      9220429345      9220438209          941521       6871       2000      10000          9
   0       68     1984     9319      9220438890      9220448209          951066       7325       2000      10000          9
   0       68     1983     9316      9220448903      9220458219          961079       7313       2000      10000         19
   0       68     1983     8891      9220459318      9220468209          971494       6898       2000      10000          9
   0       68     1984     8244      9220469964      9220478209          982140       6251       2000      10000          9
   0       68     1983     9296      9220478915      9220488211          991091       7301       2000      10000         11
   0       68     1983     9171      9220489039      9220498210         1001215       7176       2000      10000         10
   0       68     1984     8252      9220499957      9220508210         1012133       6258       2000      10000         10
   0       68     1983     8963      9220509247      9220518210         1021423       6969       2000      10000         10
   0       68     1983     7905      9220520306      9220528211         1032482       5910       2000      10000         11
   0       68     1983     8906      9220529304      9220538210         1041480       6911       2000      10000         10
   0       68     1983     9320      9220538889      9220548209         1051065       7327       2000      10000          9
   0       68     1983     9250      9220548959      9220558209         1061135       7256       2000      10000          9
   0       68     1983     9277      9220558932      9220568209         1071108       7284       2000      10000          9
   0       68     1983     8241      9220569969      9220578210         1082145       6247       2000      10000         10
   0       68     1983     9205      9220579006      9220588210         1091182       7210       2000      10000         11
   0       68     1983     9250      9220588960      9220598210         1101136       7256       2000      10000         11
   0       68     1984     8065      9220600144      9220608209         1112320       6071       2000      10000          9
   0       68     1983     8322      9220609889      9220618211         1122065       6326       2000      10000         11
   0       68     1983     8960      9220619251      9220628211         1131427       6964       2000      10000         11
   0       68     1983     8036      9220630174      9220638210         1142350       6042       2000      10000         10
   0       68     1983     9231      9220638980      9220648211         1151156       7236       2000      10000         11
   0       68     1983     9247      9220648963      9220658210         1161139       7253       2000      10000         10
   0       68     1983     6615      9220661594      9220668210         1173770       4621       2000      10000         10
   0       68     1984     9036      9220669177      9220678213         1181353       7038       2000      10000         13
   0       68     1983     9231      9220678979      9220688210         1191154       7237       2000      10000         10
   0       68     1983     9245      9220688964      9220698209         1201140       7252       2000      10000         10
   0       68     1984     8237      9220699972      9220708209         1212148       6243       2000      10000          9
   0       68     1983     9340      9220708869      9220718209         1221045       7347       2000      10000          9
   0       68     1983     6837      9220721372      9220728209         1233548       4844       2000      10000          9
   0       68     1983     8961      9220729248      9220738210         1241424       6967       2000      10000         10
   0       68     1983     8175      9220740034      9220748209         1252210       6182       2000      10000          9
   0       68     1983     9252      9220748959      9220758211         1261135       7257       2000      10000         11
   0       68     1983     7942      9220760268      9220768209         1272444       5948       2000      10000         10
   0       68     1984     8178      9220770033      9220778210         1282208       6182       2000      10000         11
   0       68     1983     8236      9220779972      9220788208         1292148       6243       2000      10000          8
   0       68     1983     9225      9220788985      9220798210         1301161       7231       2000      10000         10
   0       68     1984     9009      9220799201      9220808210         1311377       7014       2000      10000         10
   0       68     1983     8946      9220809265      9220818211         1321441       6950       2000      10000         11
   0       68     1983     8823      9220819388      9220828211         1331564       6828       2000      10000         11
   0       68     1983     7682      9220830528      9220838210         1342704       5687       2000      10000         10
   0       68     1983     9289      9220838921      9220848210         1351097       7295       2000      10000         10
   0       68     1983     8290      9220849920      9220858210         1362096       6295       2000      10000         10
   0       68     1983     8912      9220859297      9220868208         1371473       6919       2000      10000          8
   0       68     1983     8302      9220869908      9220878210         1382084       6307       2000      10000         10
   0       68     1984     9262      9220878947      9220888209         1391123       7268       2000      10000          9
   0       68     1983     9268      9220888942      9220898210         1401117       7274       2000      10000         10
   0       68     1984     8938      9220899271      9220908208         1411446       6944       2000      10000          8
   0       68     1983     8290      9220909920      9220918210         1422096       6296       2000      10000         10
   0       68     1983     7931      9220920279      9220928211         1432455       5937       2000      10000         11
   0       68     1983     8987      9220929222      9220938209         1441398       6994       2000      10000          9
   0       68     1984     8281      9220939930      9220948210         1452106       6286       2000      10000         11
   0       68     1983     9330      9220948880      9220958210         1461055       7336       2000      10000         10
   0       68     1983     8890      9220959319      9220968209         1471495       6897       2000      10000          9
   0       68     1984     8119      9220970090      9220978210         1482266       6125       2000      10000         10
   0       68     1984     8067      9220980143      9220988210         1492318       6072       2000      10000         10
   0       68     1983     9241      9220988970      9220998211         1501145       7246       2000      10000         11
   0       68     1983     9019      9220999192      9221008210         1511368       7024       2000      10000         11
   0       68     1983     9279      9221008932      9221018211         1521108       7284       2000      10000         11
   0       68     1983     8984      9221019228      9221028211         1531403       6988       2000      10000         11
   0       68     1983     7420      9221030789      9221038209         1542965       5427       2000      10000          9
   0       68     1984     9316      9221038894      9221048210         1551070       7322       2000      10000         10
   0       68     1983     9297      9221048913      9221058210         1561089       7303       2000      10000         10
   0       68     1983     8000      9221060209      9221068210         1572385       6006       2000      10000         10
   0       68     1984     9326      9221068883      9221078209         1581058       7333       2000      10000          9
   0       68     1983     8252      9221079957      9221088209         1592133       6258       2000      10000         10
   0       68     1983     9250      9221088961      9221098211         1601137       7255       2000      10000         11
   0       68     1984     8239      9221099970      9221108209         1612146       6245       2000      10000          9
   0       68     1984     9013      9221109196      9221118209         1621372       7019       2000      10000          9
   0       68     1983     8765      9221119444      9221128209         1631619       6772       2000      10000          9
   0       68     1983     6368      9221131841      9221138209         1644017       4375       2000      10000         10
   0       68     1984     9113      9221139096      9221148209         1651271       7120       2000      10000          9
   0       68     1983     9286      9221148925      9221158211         1661101       7291       2000      10000         11
   0       68     1983     7844      9221160365      9221168209         1672541       5851       2000      10000          9
   0       68     1983     9281      9221168928      9221178209         1681104       7288       2000      10000          9
   0       68     1983     9338      9221178871      9221188209         1691047       7345       2000      10000          9
   0       68     1983     9225      9221188985      9221198210         1701161       7231       2000      10000         10
   0       68     1983     9074      9221199135      9221208209         1711311       7080       2000      10000          9
   0       68     1983     8228      9221209981      9221218209         1722157       6235       2000      10000          9
   0       68     1983     7983      9221220235      9221228218         1732411       5980       2000      10000         18
   0       68     1983     9043      9221229167      9221238209         1741343       7048       2000      10000         10
   0       68     1983     9265      9221238944      9221248209         1751120       7272       2000      10000          9
   0       68     1984     9248      9221248962      9221258210         1761138       7254       2000      10000         10
   0       68     1984     7960      9221260249      9221268209         1772424       5967       2000      10000          9
   0       68     1983     9297      9221268913      9221278210         1781089       7303       2000      10000         10
   0       68     1984     8130      9221280080      9221288210         1792256       6135       2000      10000         10
   0       68     1983     9160      9221289049      9221298210         1801225       7167       2000      10000         10
   0       68     1984     8239      9221299970      9221308209         1812146       6245       2000      10000          9
   0       68     1985     9348      9221308861      9221318209         1821037       7353       2000      10000          9
   0       68     1983     6929      9221321280      9221328209         1833456       4935       2000      10000          9
   0       68     1983     9179      9221329030      9221338209         1841206       7186       2000      10000          9
   0       68     1983     8235      9221339974      9221348210         1852150       6241       2000      10000         10
   0       68     1984     9307      9221348903      9221358210         1861079       7313       2000      10000         10
   0       68     1983     7951      9221360259      9221368209         1872435       5957       2000      10000          9
   0       68     1984     9267      9221368943      9221378210         1881119       7272       2000      10000         10
   0       68     1983     9252      9221378958      9221388210         1891134       7258       2000      10000         10
   0       68     1984     8230      9221389980      9221398210         1902156       6235       2000      10000         10
   0       68     1984     8106      9221400103      9221408209         1912279       6113       2000      10000          9
   0       68     1984     8318      9221409894      9221418211         1922069       6322       2000      10000         11
   0       68     1983     8940      9221419269      9221428210         1931445       6946       2000      10000         10
   0       68     1983     4630      9221433578      9221438208         1945754       2637       2000      10000          9
   0       68     1983     7461      9221440748      9221448210         1952924       5468       2000      10000          9
   0       68     1983     7830      9221450381      9221458211         1962557       5834       2000      10000         11
   0       68     1983     6874      9221461336      9221468210         1973512       4879       2000      10000         10
   0       68     1983     6116      9221472094      9221478210         1984270       4122       2000      10000         10
   0       68     1983     7873      9221480336      9221488209         1992512       5879       2000      10000          9
   0       68     1983     9126      9221489084      9221498210         2001260       7132       2000      10000         10
   0       68     1983     7650      9221500561      9221508211         2012737       5655       2000      10000         11
   0       68     1983     6751      9221511458      9221518209         2023634       4758       2000      10000          9
   0       68     1983     7006      9221521203      9221528209         2033379       5012       2000      10000         10
   0       68     1983     7889      9221530321      9221538209         2042497       5895       2000      10000         10
   0       68     1983     8354      9221539856      9221548210         2052032       6360       2000      10000         10
   0       68     1983     8217      9221549994      9221558211         2062170       6222       2000      10000         11
   0       68     1983     9120      9221559090      9221568210         2071266       7126       2000      10000          9
   0       68     1983     8656      9221569553      9221578209         2081729       6662       2000      10000          9
   0       68     1985     8170      9221580040      9221588210         2092216       6174       2000      10000         10
   0       68     1983     8216      9221589995      9221598211         2102171       6221       2000      10000         11
   0       68     1983     9148      9221599060      9221608208         2111236       7156       2000      10000          8
   0       68     1984     8278      9221609932      9221618210         2122108       6283       2000      10000         10
   0       68     1983     8611      9221619599      9221628210         2131775       6617       2000      10000         10
   0       68     1983     8651      9221629558      9221638209         2141734       6658       2000      10000         10
   0       68     1984     7980      9221640229      9221648210         2152405       5986       2000      10000         10
   0       68     1983     9274      9221648940      9221658214         2161115       7276       2000      10000         14
   0       68     1983     7935      9221660274      9221668209         2172450       5941       2000      10000          9
   0       68     1983     9317      9221668893      9221678210         2181068       7322       2000      10000         10
   0       68     1983     9253      9221678954      9221688208         2191130       7261       2000      10000          8
   0       68     1983     8167      9221690043      9221698210         2202218       6173       2000      10000         10
   0       68     1984     8141      9221700069      9221708210         2212245       6147       2000      10000         10
   0       68     1983     9290      9221708920      9221718210         2221096       7296       2000      10000         10
   0       68     1983     8971      9221719239      9221728210         2231415       6977       2000      10000         10
   0       68     1983     6962      9221731248      9221738210         2243424       4968       2000      10000         10
   0       68     1983     8296      9221739913      9221748210         2252089       6303       2000      10000         10
   0       68     1983     9263      9221748946      9221758209         2261122       7270       2000      10000         10
   0       68     1983     9231      9221758981      9221768212         2271157       7235       2000      10000         13
   0       68     1984     8011      9221770197      9221778208         2282373       6018       2000      10000          8
   0       68     1984     8253      9221779956      9221788210         2292132       6259       2000      10000         10
   0       68     1983     7963      9221790247      9221798209         2302422       5969       2000      10000         10
   0       68     1984     9107      9221799103      9221808210         2311279       7112       2000      10000         11
   0       68     1983     9302      9221808907      9221818210         2321083       7308       2000      10000         10
   0       68     1983     8858      9221819352      9221828210         2331527       6864       2000      10000         10
   0       68     1983     8199      9221830012      9221838211         2342188       6204       2000      10000         11
   0       68     1983     9237      9221838973      9221848210         2351148       7243       2000      10000         10
   0       68     1983     9284      9221848925      9221858209         2361101       7291       2000      10000         10
   0       68     1983     6761      9221861448      9221868210         2373624       4767       2000      10000         10
   0       68     1984     9020      9221869190      9221878210         2381365       7026       2000      10000         10
   0       68     1983     9254      9221878956      9221888210         2391132       7260       2000      10000         10
   0       68     1983     9266      9221888944      9221898211         2401120       7272       2000      10000         11
   0       68     1984     7975      9221900235      9221908209         2412411       5981       2000      10000          9
   0       68     1983     9273      9221908937      9221918211         2421113       7279       2000      10000         11
   0       68     1983     8831      9221919385      9221928216         2431561       6831       2000      10000         16
   0       68     1983     7966      9221930246      9221938212         2442422       5970       2000      10000         12
   0       68     1983     8950      9221939260      9221948210         2451436       6955       2000      10000         10
   0       68     1983     9312      9221948897      9221958209         2461073       7319       2000      10000          9
   0       68     1983     8964      9221959246      9221968210         2471422       6970       2000      10000         10
   0       68     1983     9306      9221968904      9221978209         2481080       7311       2000      10000         10
   0       68     1983     9274      9221978935      9221988209         2491111       7281       2000      10000         10
   0       68     1983     8201      9221990018      9221998219         2502194       6197       2000      10000         19
   0       68     1983     8140      9222000070      9222008211         2512246       6145       2000      10000         11
   0       68     1983     9305      9222008905      9222018210         2521081       7311       2000      10000         10
   0       68     1983     8972      9222019237      9222028209         2531413       6979       2000      10000          9
   0       68     1983     7904      9222030306      9222038210         2542482       5910       2000      10000         10
   0       68     1984     9287      9222038922      9222048209         2551098       7293       2000      10000          9
   0       68     1983     8275      9222049935      9222058210         2562111       6281       2000      10000         10
   0       68     1983     8873      9222059336      9222068209         2571512       6880       2000      10000          9
   0       68     1983     8233      9222069976      9222078209         2582151       6240       2000      10000          9
   0       68     1984     8279      9222079931      9222088210         2592107       6284       2000      10000         10
   0       68     1983     7940      9222090270      9222098210         2602446       5945       2000      10000         10
   0       68     1984     8932      9222099278      9222108210         2611454       6937       2000      10000         10
   0       68     1983     9316      9222108894      9222118209         2621069       7322       2000      10000          9
   0       68     1984     7975      9222120235      9222128210         2632411       5980       2000      10000         10
   0       68     1983     6781      9222131428      9222138209         2643604       4787       2000      10000          9
   0       68     1984     8268      9222139941      9222148208         2652117       6274       2000      10000          9
   0       68     1983     8223      9222149986      9222158209         2662162       6230       2000      10000          9
   0       68     1983     9135      9222159074      9222168209         2671250       7141       2000      10000          9
   0       68     1983     9270      9222168940      9222178210         2681116       7276       2000      10000         10
   0       68     1984     9240      9222178969      9222188208         2691145       7247       2000      10000          9
   0       68     1983     9272      9222188938      9222198210         2701114       7278       2000      10000         10
   0       68     1984     8865      9222199345      9222208210         2711521       6870       2000      10000         10
   0       68     1983     9311      9222208899      9222218210         2721075       7316       2000      10000         10
   0       68     1983     8867      9222219343      9222228210         2731519       6873       2000      10000         10
   0       68     1983     8955      9222229254      9222238209         2741430       6962       2000      10000          9
   0       68     1984     8136      9222240073      9222248209         2752249       6142       2000      10000          9
   0       68     1983     8314      9222249895      9222258209         2762071       6320       2000      10000          9
   0       68     1983     8575      9222259635      9222268210         2771810       6581       2000      10000         10
   0       68     1983     9326      9222268884      9222278210         2781060       7332       2000      10000         10
   0       68     1983     9217      9222278993      9222288209         2791168       7223       2000      10000          9
   0       68     1983     8220      9222289991      9222298212         2802167       6224       2000      10000         12
   0       68     1983     9131      9222299078      9222308209         2811254       7138       2000      10000          9
   0       68     1983     8296      9222309914      9222318209         2822090       6302       2000      10000          9
   0       68     1983     8120      9222320090      9222328210         2832266       6126       2000      10000         10
   0       68     1983     8984      9222329225      9222338209         2841401       6991       2000      10000          9
   0       68     1983     8196      9222340012      9222348208         2852187       6205       2000      10000          8
   0       68     1983     9199      9222349009      9222358209         2861185       7207       2000      10000          9
   0       68     1983     8216      9222359994      9222368211         2872170       6222       2000      10000         11
   0       68     1984     9118      9222369092      9222378210         2881267       7124       2000      10000         10
   0       68     1983     9230      9222378981      9222388211         2891156       7235       2000      10000         11
   0       68     1983     8112      9222390099      9222398211         2902274       6118       2000      10000         11
   0       68     1983     8929      9222399281      9222408210         2911456       6935       2000      10000         10
   0       68     1983     8256      9222409954      9222418209         2922129       6263       2000      10000          9
   0       68     1983     7985      9222420226      9222428211         2932401       5990       2000      10000         11
   0       68     1983     8687      9222429522      9222438209         2941698       6693       2000      10000          9
   0       68     1983     8282      9222439927      9222448209         2952102       6289       2000      10000          9
   0       68     1983     9271      9222448938      9222458209         2961114       7278       2000      10000          9
   0       68     1983     7941      9222460268      9222468209         2972444       5948       2000      10000          9
   0       68     1983     9295      9222468915      9222478210         2981091       7301       2000      10000         10
   0       68     1984     9318      9222478890      9222488208         2991066       7325       2000      10000          9
   0       68     1983     8173      9222490036      9222498210         3002212       6180       2000      10000         10
   0       68     1983     9109      9222499100      9222508208         3011276       7116       2000      10000          9
   0       68     1983     8291      9222509918      9222518209         3022094       6298       2000      10000         10
   0       68     1983     8937      9222519273      9222528210         3031449       6942       2000      10000         10
   0       68     1983     7931      9222530279      9222538210         3042455       5937       2000      10000         11
   0       68     1984     9241      9222538969      9222548209         3051144       7246       2000      10000          9
   0       68     1984     9319      9222548890      9222558209         3061066       7325       2000      10000          9
   0       68     1983     8844      9222559366      9222568210         3071541       6850       2000      10000         10
   0       68     1983     8260      9222569950      9222578210         3082126       6266       2000      10000         10
   0       68     1984     8089      9222580120      9222588209         3092296       6095       2000      10000          9
   0       68     1983     9245      9222588967      9222598211         3101143       7249       2000      10000         11
   0       68     1983     8954      9222599257      9222608210         3111432       6959       2000      10000         10
   0       68     1983     9329      9222608881      9222618210         3121057       7335       2000      10000         10
   0       68     1984     8106      9222620105      9222628210         3132281       6110       2000      10000         11
   0       68     1983     9098      9222629111      9222638209         3141287       7105       2000      10000          9
   0       68     1983     9248      9222638962      9222648209         3151138       7254       2000      10000          9
   0       68     1983     8326      9222649884      9222658210         3162060       6332       2000      10000         10
   0       68     1983     8846      9222659365      9222668210         3171540       6851       2000      10000         11
   0       68     1984     9304      9222668906      9222678210         3181082       7309       2000      10000         10
   0       68     1983     9293      9222678916      9222688209         3191092       7300       2000      10000         10
   0       68     1983     8198      9222690012      9222698209         3202188       6204       2000      10000          9
   0       68     1984     8937      9222699273      9222708210         3211448       6942       2000      10000         10
   0       68     1984     9277      9222708932      9222718209         3221108       7283       2000      10000          9
   0       68     1983     8117      9222720094      9222728211         3232270       6122       2000      10000         11
   0       68     1983     7727      9222730483      9222738210         3242659       5733       2000      10000         10
   0       68     1983     8191      9222740018      9222748209         3252194       6198       2000      10000          9
   0       68     1983     7964      9222750245      9222758209         3262421       5970       2000      10000         10
   0       68     1983     9000      9222759210      9222768210         3271386       7005       2000      10000         10
   0       68     1983     9158      9222769051      9222778209         3281227       7164       2000      10000          9
   0       68     1984     9176      9222779041      9222788216         3291216       7175       2000      10000         16
   0       68     1983     6778      9222791433      9222798210         3303608       4783       2000      10000         11
   0       68     2013     9048      9222799161      9222808209         3311337       7025       2000      10000          9
   0       68     1983     9022      9222809187      9222818209         3321363       7029       2000      10000          9
   0       68     1983     8951      9222819259      9222828210         3331435       6957       2000      10000         10
   0       68     1983     7827      9222830385      9222838211         3342560       5831       2000      10000         11
   0       68     1983     8107      9222840102      9222848209         3352278       6114       2000      10000         10
   0       68     1983     8876      9222849335      9222858211         3361511       6881       2000      10000         11
   0       68     1983     7837      9222860373      9222868210         3372549       5843       2000      10000         10
   0       68     1983     9198      9222869021      9222878219         3381197       7194       2000      10000         19
   0       68     1983     8761      9222879449      9222888210         3391625       6766       2000      10000         10
   0       68     1983     8037      9222890173      9222898210         3402349       6043       2000      10000         10
   0       68     1983     7143      9222901069      9222908211         3413244       5147       2000      10000         11
   0       68     1983     9109      9222909101      9222918210         3421277       7115       2000      10000         10
   0       68     1983     8810      9222919399      9222928209         3431575       6817       2000      10000          9
   0       68     1983     5142      9222933067      9222938209         3445243       3149       2000      10000          9
   0       68     1983     9235      9222938974      9222948209         3451150       7242       2000      10000          9
   0       68     1983     9220      9222948989      9222958208         3461165       7227       2000      10000          8
   0       68     1983     8174      9222960035      9222968209         3472211       6180       2000      10000          9
   0       68     1983     9139      9222969070      9222978210         3481246       7146       2000      10000         10
   0       68     1983     8982      9222979226      9222988208         3491402       6989       2000      10000          8
   0       68     1983     9293      9222988917      9222998210         3501092       7299       2000      10000         10
   0       68     1983     9229      9222998981      9223008210         3511157       7235       2000      10000         10
   0       68     1983     6897      9223011311      9223018208         3523487       4904       2000      10000          8
   0       68     1983     8159      9223020051      9223028210         3532227       6164       2000      10000         11
   0       68     1983     5064      9223033146      9223038210         3545322       3070       2000      10000         10
   0       68     1983     6542      9223041667      9223048210         3553843       4548       2000      10000         10
   0       68     1983     2625      9223055585      9223058210         3567760        630       2000      10000         10
   0       68     2013     7697      9223060516      9223068212         3572691       5670       2000      10000         13
   0       68     1983     7914      9223070295      9223078208         3582471       5921       2000      10000          9
   0       68     1983     8275      9223079935      9223088210         3592111       6281       2000      10000         11
   0       68     1983     8966      9223089246      9223098212         3601422       6969       2000      10000         12
   0       68     1983     8008      9223100202      9223108210         3612378       6014       2000      10000         10
   0       68     1983     9278      9223108932      9223118211         3621108       7283       2000      10000         11
   0       68     1983     8720      9223119490      9223128210         3631666       6726       2000      10000         11
   0       68     1984     9009      9223129202      9223138212         3641378       7013       2000      10000         12
   0       68     1983     8255      9223139955      9223148211         3652131       6260       2000      10000         11
   0       68     1983     8279      9223149931      9223158210         3662107       6285       2000      10000         10
   0       68     1983     7615      9223160594      9223168209         3672770       5622       2000      10000          9
   0       68     1984     9324      9223168886      9223178210         3681062       7330       2000      10000         10
   0       68     1983     9074      9223179137      9223188211         3691313       7079       2000      10000         11
   0       68     1983     9255      9223188955      9223198211         3701131       7261       2000      10000         10
   0       68     1983     8663      9223199547      9223208210         3711723       6668       2000      10000         10
   0       68     1983     8253      9223209956      9223218209         3722132       6260       2000      10000          9
   0       68     1984     8004      9223220205      9223228209         3732381       6011       2000      10000          9
   0       68     1983     9013      9223229197      9223238209         3741373       7019       2000      10000          9
   0       68     1983     9246      9223238964      9223248210         3751140       7252       2000      10000         10
   0       68     1983     8304      9223249906      9223258210         3762082       6310       2000      10000         10
   0       68     1983     8823      9223259385      9223268209         3771561       6830       2000      10000          9
   0       68     1984     8315      9223269894      9223278209         3782070       6321       2000      10000          9
   0       68     1984     9190      9223279020      9223288210         3791196       7196       2000      10000         10
   0       68     1983     8168      9223290043      9223298211         3802219       6173       2000      10000         11
   0       68     1983     8025      9223300183      9223308208         3812359       6033       2000      10000          8
   0       68     1983     8253      9223309956      9223318208         3822131       6260       2000      10000          8
   0       68     1984     8039      9223320171      9223328210         3832346       6045       2000      10000         10
   0       68     1983     8960      9223329249      9223338209         3841425       6966       2000      10000          9
   0       68     1983     8271      9223339938      9223348208         3852113       6278       2000      10000          8
   0       68     1983     8242      9223349967      9223358210         3862143       6249       2000      10000         10
   0       68     1983     7993      9223360217      9223368210         3872393       5999       2000      10000         10
   0       68     1983     8252      9223369956      9223378208         3882132       6259       2000      10000          8
   0       68     1984     8180      9223380030      9223388210         3892206       6185       2000      10000         10
   0       68     1983     7867      9223390343      9223398210         3902519       5872       2000      10000         10
   0       68     1983     7827      9223400383      9223408209         3912559       5833       2000      10000         10
   0       68     1983     9258      9223408951      9223418210         3921127       7264       2000      10000         10
   0       68     1983     8964      9223419246      9223428210         3931422       6970       2000      10000         10
   0       68     1983     9134      9223429076      9223438210         3941252       7140       2000      10000         10
   0       68     1983     8267      9223439942      9223448209         3952117       6275       2000      10000          9
   0       68     1983     8238      9223449972      9223458209         3962148       6244       2000      10000         10
   0       68     1983     9106      9223459102      9223468208         3971278       7113       2000      10000          9
   0       68     1984     8297      9223469912      9223478210         3982088       6303       2000      10000         10
   0       68     1984     8178      9223480032      9223488211         3992208       6183       2000      10000         11
   0       68     1983     8105      9223490106      9223498211         4002282       6109       2000      10000         12
   0       68     1984     8056      9223500154      9223508210         4012330       6061       2000      10000         10
   0       68     1983     9214      9223508994      9223518209         4021170       7222       2000      10000          9
   0       68     1983     8186      9223520024      9223528210         4032200       6191       2000      10000         10
   0       68     1983     8904      9223529306      9223538210         4041482       6910       2000      10000         10
   0       68     1983     8638      9223539571      9223548208         4051747       6644       2000      10000          9
   0       68     1983     8194      9223550015      9223558209         4062191       6201       2000      10000          9
   0       68     1983     6801      9223561410      9223568210         4073586       4806       2000      10000         10
   0       68     1984     8232      9223569977      9223578210         4082153       6238       2000      10000         10
   0       68     1984     9325      9223578885      9223588210         4091061       7331       2000      10000         10
   0       68     1983     9216      9223588993      9223598209         4101169       7223       2000      10000          9
   0       68     1983     8230      9223599980      9223608209         4112156       6236       2000      10000          9
   0       68     1983     8293      9223609916      9223618209         4122092       6300       2000      10000          9
   0       68     1983     8182      9223620028      9223628210         4132204       6188       2000      10000         10
   0       68     1983     9013      9223629195      9223638209         4141371       7021       2000      10000          9
   0       68     1984     8157      9223640053      9223648210         4152229       6162       2000      10000         10
   0       68     1984     9254      9223648957      9223658211         4161132       7259       2000      10000         11
   0       68     1983     7931      9223660279      9223668209         4172455       5936       2000      10000          9
   0       68     1984     9297      9223668912      9223678210         4181088       7303       2000      10000         10
   0       68     1984     8267      9223679942      9223688209         4192118       6273       2000      10000          9
   0       68     1983     8892      9223689317      9223698209         4201493       6899       2000      10000          9
   0       68     1984     7128      9223701081      9223708210         4213257       5134       2000      10000         10
   0       68     1983     9090      9223709120      9223718211         4221296       7095       2000      10000         11
   0       68     1983     9041      9223719168      9223728209         4231344       7048       2000      10000          9
   0       68     1984     7880      9223730330      9223738210         4242506       5885       2000      10000         10
   0       68     1984     9137      9223739073      9223748210         4251249       7142       2000      10000         10
   0       68     1983     9174      9223749035      9223758209         4261210       7181       2000      10000          9
   0       68     1983     9258      9223758951      9223768209         4271127       7265       2000      10000          9
   0       68     1983     8285      9223769924      9223778209         4282099       6292       2000      10000          9
   0       68     1984     9174      9223779035      9223788209         4291211       7180       2000      10000          9
   0       68     1983     8173      9223790037      9223798210         4302213       6179       2000      10000         10
   0       68     1983     9038      9223799172      9223808210         4311348       7044       2000      10000         10
   0       68     1983     9321      9223808889      9223818210         4321065       7326       2000      10000         10
   0       68     1983     8932      9223819278      9223828210         4331454       6937       2000      10000         10
   0       68     1983     8916      9223829294      9223838209         4341469       6922       2000      10000         10
   0       68     1984     8141      9223840069      9223848209         4352244       6147       2000      10000          9
   0       68     1984     8278      9223849932      9223858210         4362108       6283       2000      10000         10
   0       68     1983     8591      9223859619      9223868211         4371795       6596       2000      10000         11
   0       68     1984     9132      9223869076      9223878209         4381252       7139       2000      10000          9
   0       68     1983     9307      9223878903      9223888210         4391079       7313       2000      10000         10
   0       68     1983     9233      9223888980      9223898213         4401156       7236       2000      10000         13
   0       68     1983     8186      9223900023      9223908209         4412199       6193       2000      10000         10
   0       68     1983     8302      9223909908      9223918210         4422083       6308       2000      10000         10
   0       68     1983     8103      9223920106      9223928209         4432282       6109       2000      10000         10
   0       68     1983     9269      9223928941      9223938209         4441116       7275       2000      10000          9
   0       68     1983     9137      9223939072      9223948209         4451248       7144       2000      10000          9
   0       68     1983     8262      9223949948      9223958210         4462124       6268       2000      10000         10
   0       68     1983     8981      9223959231      9223968211         4471406       6985       2000      10000         11
   0       68     1984     9036      9223969174      9223978210         4481350       7041       2000      10000         10
   0       68     1983     9249      9223978961      9223988210         4491136       7255       2000      10000         10
   0       68     1983     9018      9223989193      9223998211         4501369       7022       2000      10000         11
   0       68     1983     9001      9223999209      9224008211         4511385       7006       2000      10000         11
   0       68     1983     8053      9224010156      9224018209         4522332       6060       2000      10000          9
   0       68     1983     7033      9224021178      9224028210         4533353       5038       2000      10000         11
   0       68     1984     7946      9224030263      9224038209         4542439       5952       2000      10000          9
   0       68     1983     9307      9224038902      9224048209         4551078       7314       2000      10000          9
   0       68     1983     9260      9224048950      9224058209         4561125       7266       2000      10000         10
   0       68     1983     7929      9224060280      9224068209         4572456       5935       2000      10000          9
   0       68     1983     9336      9224068874      9224078210         4581050       7341       2000      10000         10
   0       68     1984     9267      9224078942      9224088209         4591118       7273       2000      10000          9
   0       68     1983     9208      9224089001      9224098209         4601177       7215       2000      10000          9
   0       68     1983     8272      9224099937      9224108209         4612113       6278       2000      10000          9
   0       68     1983     9301      9224108908      9224118209         4621083       7308       2000      10000          9
   0       68     1984     8887      9224119324      9224128211         4631500       6891       2000      10000         11
   0       68     1983     8017      9224130193      9224138210         4642369       6023       2000      10000         10
   0       68     1983     9234      9224138976      9224148209         4651152       7240       2000      10000         10
   0       68     1983     9266      9224148944      9224158210         4661120       7272       2000      10000         10
   0       68     1983     8979      9224159231      9224168209         4671406       6985       2000      10000          9
   0       68     1983     8266      9224169943      9224178209         4682118       6273       2000      10000          9
   0       68     1983     8982      9224179227      9224188209         4691403       6989       2000      10000          9
   0       68     1983     8127      9224190084      9224198210         4702260       6132       2000      10000         11
   0       68     1983     7862      9224200346      9224208208         4712522       5869       2000      10000          8
   0       68     1984     8248      9224209962      9224218210         4722138       6253       2000      10000         10
   0       68     1983     7965      9224220245      9224228210         4732421       5971       2000      10000         10
   0       68     1983     8978      9224229231      9224238209         4741407       6984       2000      10000          9
   0       68     1983     8204      9224240006      9224248210         4752182       6210       2000      10000         10
   0       68     1983     8260      9224249948      9224258209         4762124       6267       2000      10000          9
   0       68     1983     9068      9224259142      9224268210         4771318       7074       2000      10000         11
   0       68     1983     8105      9224270105      9224278210         4782280       6111       2000      10000         10
   0       68     1983     8255      9224279954      9224288209         4792130       6262       2000      10000          9
   0       68     1983     9211      9224288999      9224298210         4801175       7216       2000      10000         10
   0       68     1984     9000      9224299209      9224308209         4811385       7006       2000      10000          9
   0       68     1984     9135      9224309075      9224318210         4821251       7139       2000      10000         11
   0       68     1983     9007      9224319205      9224328212         4831381       7011       2000      10000         11
   0       68     1983     8005      9224330206      9224338211         4842382       6009       2000      10000         11
   0       68     1984     9185      9224339024      9224348209         4851200       7191       2000      10000          9
   0       68     1983     9144      9224349066      9224358209         4861242       7150       2000      10000         10
   0       68     1983     7809      9224360400      9224368209         4872576       5816       2000      10000          9
   0       68     1983     9285      9224368924      9224378209         4881100       7292       2000      10000          9
   0       68     1983     8255      9224379954      9224388209         4892130       6262       2000      10000          9
   0       68     1983     9186      9224389024      9224398210         4901200       7192       2000      10000         10
   0       68     1984     8283      9224399927      9224408209         4912103       6289       2000      10000          9
   0       68     1984     9289      9224408921      9224418210         4921097       7295       2000      10000         10
   0       68     1983     8753      9224419456      9224428209         4931632       6759       2000      10000          9
   0       68     1983     7894      9224430319      9224438213         4942495       5897       2000      10000         13
   0       68     1984     7890      9224440320      9224448209         4952495       5896       2000      10000          9
   0       68     1983     8246      9224449963      9224458209         4962139       6253       2000      10000          9
   0       68     1983     9125      9224459085      9224468210         4971260       7131       2000      10000         10
   0       68     1983     9268      9224468942      9224478210         4981118       7274       2000      10000         10
   0       68     1983     9239      9224478973      9224488211         4991148       7243       2000      10000         12
   0       68     1983     8144      9224490081      9224498224         5002256       6135       2000      10000         25
   0       68     1983     8657      9224499553      9224508210         5011728       6663       2000      10000         10
   0       68     1983     8203      9224510007      9224518210         5022183       6209       2000      10000         10
   0       68     1983     7693      9224520517      9224528210         5032693       5698       2000      10000         10
   0       68     1983     8021      9224530188      9224538209         5042364       6027       2000      10000         10
   0       68     1983     9325      9224538884      9224548209         5051060       7332       2000      10000         10
   0       68     1984     9315      9224548895      9224558209         5061070       7321       2000      10000         10
   0       68     1983     9245      9224558964      9224568209         5071140       7252       2000      10000          9
   0       68     1983     8335      9224569876      9224578211         5082052       6340       2000      10000         11
   0       68     1984     9206      9224579005      9224588211         5091181       7210       2000      10000         11
   0       68     1983     8164      9224590045      9224598209         5102221       6171       2000      10000          9
   0       68     1984     7956      9224600254      9224608210         5112430       5961       2000      10000         10
   0       68     1983     9224      9224608985      9224618210         5121161       7231       2000      10000         10
   0       68     1984     8921      9224619289      9224628209         5131465       6926       2000      10000          9
   0       68     1984     7973      9224630238      9224638210         5142413       5978       2000      10000         10
   0       68     1984     9190      9224639020      9224648210         5151196       7195       2000      10000         10
   0       68     1983     8827      9224649384      9224658210         5161559       6832       2000      10000         10
   0       68     1983     7902      9224660307      9224668209         5172483       5908       2000      10000          9
   0       68     1983     8910      9224669299      9224678209         5181475       6917       2000      10000          9
   0       68     1984     8241      9224679968      9224688210         5192144       6247       2000      10000         10
   0       68     1983     8214      9224689996      9224698211         5202172       6219       2000      10000         11
   0       68     1984     8019      9224700189      9224708209         5212365       6026       2000      10000          9
   0       68     1983     8297      9224709913      9224718210         5222089       6303       2000      10000         10
   0       68     1983     8944      9224719265      9224728209         5231441       6951       2000      10000          9
   0       68     1983     7984      9224730226      9224738210         5242402       5990       2000      10000         10
   0       68     1983     8220      9224739989      9224748209         5252165       6227       2000      10000         10
   0       68     2013     8265      9224749945      9224758209         5262120       6241       2000      10000          9
   0       68     1983     8885      9224759324      9224768209         5271500       6891       2000      10000          9
   0       68     1983     8282      9224769936      9224778218         5282112       6280       2000      10000         18
   0       68     1984     8260      9224779949      9224788210         5292125       6265       2000      10000         10
   0       68     1983     8188      9224790020      9224798209         5302196       6195       2000      10000          9
   0       68     1984     7978      9224800236      9224808215         5312412       5978       2000      10000         15
   0       68     1984     8316      9224809894      9224818210         5322070       6321       2000      10000         10
   0       68     1983     8952      9224819257      9224828210         5331433       6958       2000      10000         10
   0       68     2013     8993      9224829217      9224838210         5341393       6968       2000      10000         10
   0       68     1983     8284      9224839926      9224848209         5352101       6291       2000      10000          9
   0       68     1983     8292      9224849917      9224858209         5362093       6298       2000      10000          9
   0       68     1983     8279      9224859932      9224868211         5372108       6283       2000      10000         11
   0       68     2014     7943      9224870266      9224878209         5382442       5919       2000      10000          9
   0       68     1983     8222      9224879987      9224888209         5392163       6229       2000      10000          9
   0       68     2013     9198      9224889012      9224898210         5401188       7173       2000      10000         10
   0       68     1984     8868      9224899342      9224908210         5411518       6873       2000      10000         10
   0       68     1983     9318      9224908892      9224918210         5421068       7323       2000      10000         10
   0       68     1983     8891      9224919319      9224928209         5431495       6897       2000      10000         10
   0       68     1983     8227      9224929983      9224938210         5442159       6233       2000      10000         10
   0       68     1983     8815      9224939394      9224948209         5451569       6822       2000      10000          9
   0       68     1983     8185      9224950024      9224958209         5462200       6192       2000      10000          9
   0       68     1983     8960      9224959248      9224968209         5471424       6967       2000      10000          9
   0       68     1984     8035      9224970174      9224978209         5482350       6042       2000      10000          9
   0       68     1983     9196      9224979013      9224988209         5491189       7203       2000      10000          9
   0       68     1983     9215      9224988995      9224998210         5501171       7221       2000      10000         10
   0       68     1983     6980      9225001230      9225008210         5513406       4986       2000      10000         10
   0       68     1983     8124      9225010085      9225018210         5522261       6130       2000      10000         10
   0       68     1983     8888      9225019322      9225028209         5531498       6894       2000      10000         10
   0       68     1983     9317      9225028894      9225038211         5541070       7321       2000      10000         11
   0       68     1984     8873      9225039336      9225048209         5551512       6879       2000      10000          9
   0       68     1983     9262      9225048947      9225058210         5561123       7269       2000      10000         10
   0       68     1983     7899      9225060310      9225068209         5572486       5906       2000      10000         10
   0       68     1984     9324      9225068886      9225078210         5581061       7329       2000      10000         10
   0       68     1983     9202      9225079007      9225088209         5591183       7208       2000      10000          9
   0       68     1983     9267      9225088944      9225098211         5601120       7271       2000      10000         11
   0       68     1985     7934      9225100275      9225108210         5612451       5939       2000      10000         10
   0       68     1983     9219      9225108991      9225118210         5621167       7224       2000      10000         10
   0       68     1983     8860      9225119350      9225128210         5631526       6866       2000      10000         10
   0       68     1983     8012      9225130199      9225138210         5642375       6017       2000      10000         10
   0       68     1983     9306      9225138904      9225148209         5651079       7312       2000      10000          9
   0       68     1984     9338      9225148872      9225158210         5661048       7344       2000      10000         10
   0       68     1984     4059      9225164151      9225168211         5676327       2063       2000      10000         11
   0       68     1984     9247      9225168962      9225178209         5681138       7254       2000      10000          9
   0       68     1983     8252      9225179957      9225188209         5692133       6259       2000      10000          9
   0       68     1983     9267      9225188945      9225198211         5701120       7272       2000      10000         11
   0       68     1984     8071      9225200139      9225208209         5712314       6076       2000      10000         10
   0       68     1984     8297      9225209912      9225218209         5722088       6302       2000      10000          9
   0       68     1984     8043      9225220168      9225228210         5732344       6048       2000      10000         11
   0       68     1983     7927      9225230282      9225238209         5742458       5934       2000      10000         10
   0       68     1983     8248      9225239962      9225248209         5752138       6254       2000      10000          9
   0       68     1983     9284      9225248926      9225258210         5761102       7290       2000      10000         10
   0       68     1983     7988      9225260221      9225268209         5772397       5994       2000      10000          9
   0       68     1984     8116      9225270092      9225278209         5782268       6123       2000      10000          9
   0       68     1983     8257      9225279952      9225288209         5792127       6264       2000      10000          9
   0       68     2013     8234      9225289976      9225298210         5802152       6210       2000      10000         10
   0       68     1983     8200      9225300009      9225308210         5812185       6207       2000      10000         10
   0       68     1983     7858      9225310352      9225318210         5822528       5863       2000      10000         10
   0       68     1983     8956      9225319254      9225328211         5831430       6961       2000      10000         11
   0       68     1983     7954      9225330256      9225338210         5842432       5960       2000      10000         10
   0       68     1984     9182      9225339027      9225348209         5851203       7188       2000      10000          9
   0       68     1983     9312      9225348898      9225358210         5861074       7318       2000      10000         10
   0       68     1983     7951      9225360258      9225368209         5872434       5958       2000      10000          9
   0       68     1983     9295      9225368915      9225378209         5881090       7301       2000      10000          9
   0       68     1983     9266      9225378942      9225388208         5891118       7273       2000      10000          9
   0       68     1983     9261      9225388948      9225398209         5901124       7268       2000      10000          9
   0       68     1984     7978      9225400231      9225408209         5912407       5984       2000      10000          9
   0       68     1983     8325      9225409884      9225418208         5922060       6332       2000      10000          9
   0       68     1983     8017      9225420197      9225428214         5932373       6019       2000      10000         14
   0       68     1983     8141      9225430069      9225438210         5942245       6147       2000      10000         10
   0       68     1983     9273      9225438937      9225448210         5951113       7279       2000      10000         10
   0       68     1983     8225      9225449983      9225458208         5962159       6233       2000      10000          8
   0       68     1983     6918      9225461292      9225468210         5973468       4924       2000      10000         10
   0       68     1984     7998      9225470211      9225478210         5982387       6004       2000      10000         10
   0       68     1983     9210      9225479000      9225488210         5991176       7216       2000      10000         10
   0       68     1983     8223      9225489987      9225498210         6002163       6228       2000      10000         10
   0       68     1984     9036      9225499174      9225508209         6011349       7041       2000      10000          9
   0       68     1983     9321      9225508889      9225518210         6021065       7327       2000      10000         10
   0       68     2013     8935      9225519275      9225528211         6031451       6910       2000      10000         11
   0       68     1983     8041      9225530169      9225538210         6042345       6046       2000      10000         10
   0       68     1983     8207      9225540002      9225548209         6052178       6214       2000      10000          9
   0       68     1983     9259      9225548953      9225558212         6061129       7263       2000      10000         12
   0       68     1983     6523      9225561687      9225568210         6073863       4529       2000      10000         10
   0       68     1983     9014      9225569196      9225578210         6081371       7020       2000      10000         10
   0       68     1983     8116      9225580094      9225588210         6092270       6122       2000      10000         10
   0       68     1983     9160      9225589051      9225598210         6101226       7165       2000      10000         10
   0       68     1984     8173      9225600037      9225608209         6112213       6179       2000      10000         10
   0       68     1984     7957      9225610253      9225618209         6122428       5962       2000      10000         10
   0       68     2004     8036      9225620174      9225628210         6132350       6022       2000      10000         10
   0       68     1983     8729      9225629480      9225638209         6141656       6735       2000      10000          9
   0       68     1984     8292      9225639916      9225648209         6152092       6299       2000      10000          9
   0       68     1983     8310      9225649900      9225658210         6162076       6316       2000      10000         10
   0       68     1983     7960      9225660249      9225668209         6172425       5967       2000      10000          9
   0       68     1983     9327      9225668882      9225678210         6181058       7334       2000      10000         10
   0       68     1983     9275      9225678936      9225688211         6191112       7280       2000      10000         11
   0       68     1983     9257      9225688953      9225698210         6201129       7263       2000      10000         10
   0       68     1983     8929      9225699280      9225708209         6211456       6936       2000      10000          9
   0       68     1984     8292      9225709919      9225718211         6222095       6296       2000      10000         11
   0       68     1983     8131      9225720079      9225728211         6232255       6136       2000      10000         11
   0       68     1983     9037      9225729172      9225738209         6241348       7044       2000      10000          9
   0       68     1983     8225      9225739985      9225748210         6252161       6231       2000      10000         10
   0       68     1983     8308      9225749902      9225758210         6262078       6314       2000      10000         10
   0       68     1983     5873      9225762345      9225768217         6274520       3871       2000      10000         17
   0       68     1983     9248      9225768961      9225778210         6281137       7254       2000      10000         10
   0       68     1983     7893      9225780317      9225788210         6292492       5899       2000      10000         10
   0       68     1983     9255      9225788956      9225798211         6301132       7259       2000      10000         12
   0       68     1983     8189      9225800019      9225808208         6312195       6196       2000      10000          8
   0       68     1983     8213      9225809996      9225818209         6322172       6220       2000      10000          9
   0       68     1983     7436      9225820773      9225828210         6332949       5442       2000      10000         10
   0       68     1983     7974      9225830235      9225838209         6342411       5980       2000      10000          9
   0       68     1983     9176      9225839034      9225848209         6351210       7182       2000      10000         10
   0       68     1983     9308      9225848902      9225858210         6361078       7314       2000      10000         10
   0       68     1983     8880      9225859330      9225868211         6371506       6886       2000      10000         11
   0       68     1983     9315      9225868894      9225878209         6381070       7322       2000      10000          9
   0       68     1984     9213      9225878997      9225888209         6391173       7219       2000      10000          9
   0       68     1983     8177      9225890033      9225898210         6402209       6183       2000      10000         10
   0       68     1984     9115      9225899095      9225908209         6411270       7120       2000      10000          9
   0       68     1983     8215      9225909996      9225918211         6422172       6220       2000      10000         11
   0       68     1983     8136      9225920078      9225928214         6432254       6138       2000      10000         14
   0       68     1983     7245      9225930966      9225938212         6443142       5249       2000      10000         12
   0       68     1984     9183      9225939026      9225948209         6451202       7189       2000      10000          9
   0       68     1983     8233      9225949977      9225958210         6462153       6239       2000      10000         10
   0       68     1983     8910      9225959299      9225968209         6471475       6917       2000      10000          9
   0       68     1983     8199      9225970010      9225978209         6482186       6205       2000      10000          9
   0       68     1984     9297      9225978911      9225988208         6491087       7305       2000      10000          8
   0       68     1983     9248      9225988962      9225998210         6501138       7254       2000      10000         10
   0       68     1983     8023      9226000187      9226008210         6512363       6029       2000      10000         10
   0       68     1983     9226      9226008987      9226018213         6521163       7229       2000      10000         13
   0       68     1983     8699      9226019518      9226028217         6531694       6698       2000      10000         17
   0       68     1983     8885      9226029323      9226038209         6541499       6892       2000      10000          9
   0       68     1983     8316      9226039894      9226048211         6552070       6321       2000      10000         11
   0       68     1984     9335      9226048875      9226058210         6561051       7340       2000      10000         10
   0       68     1983     6978      9226061231      9226068209         6573407       4984       2000      10000          9
   0       68     1984     9278      9226068933      9226078211         6581109       7282       2000      10000         11
   0       68     1984     8974      9226079237      9226088212         6591413       6977       2000      10000         12
   0       68     1983     8077      9226090134      9226098211         6602310       6082       2000      10000         11
   0       68     1984     8976      9226099235      9226108212         6611411       6979       2000      10000         12
   0       68     1984     9337      9226108872      9226118209         6621048       7343       2000      10000          9
   0       68     1983     6887      9226121323      9226128210         6633498       4893       2000      10000         10
   0       68     1984     8127      9226130083      9226138210         6642259       6132       2000      10000         10
   0       68     1983     8183      9226140027      9226148210         6652203       6189       2000      10000          9
   0       68     1983     9278      9226148932      9226158210         6661108       7284       2000      10000         10
   0       68     1983     7932      9226160277      9226168209         6672453       5938       2000      10000          9
   0       68     1983     8276      9226169933      9226178209         6682108       6283       2000      10000          9
   0       68     1983     8252      9226179958      9226188210         6692134       6258       2000      10000         10
   0       68     1983     9221      9226188989      9226198211         6701165       7227       2000      10000         11
   0       68     1984     8989      9226199223      9226208212         6711399       6992       2000      10000         12
   0       68     1984     9303      9226208907      9226218210         6721083       7308       2000      10000         10
   0       68     1983     8145      9226220065      9226228210         6732241       6150       2000      10000         10
   0       68     1983     7699      9226230510      9226238208         6742685       5706       2000      10000          8
   0       68     1983     8211      9226239998      9226248209         6752174       6217       2000      10000          9
   0       68     1983     8298      9226249912      9226258211         6762088       6303       2000      10000         10
   0       68     1983     7912      9226260297      9226268209         6772473       5918       2000      10000         10
   0       68     1983     9145      9226269063      9226278208         6781239       7153       2000      10000          8
   0       68     1983     9322      9226278888      9226288210         6791064       7327       2000      10000         11
   0       68     1983     9078      9226289132      9226298210         6801308       7083       2000      10000         10
   0       68     1984     7926      9226300283      9226308209         6812459       5932       2000      10000          9
   0       68     1983     8293      9226309916      9226318209         6822092       6300       2000      10000         10
   0       68     1983     8122      9226320087      9226328209         6832263       6128       2000      10000          9
   0       68     1983     9017      9226329191      9226338208         6841367       7024       2000      10000          8
   0       68     1984     8267      9226339941      9226348208         6852117       6274       2000      10000          9
   0       68     1983     8268      9226349941      9226358209         6862117       6275       2000      10000          9
   0       68     1983     6800      9226361409      9226368209         6873585       4807       2000      10000          9
   0       68     1983     8281      9226369928      9226378209         6882104       6287       2000      10000          9
   0       68     1984     8302      9226379908      9226388210         6892084       6307       2000      10000         10
   0       68     1983     8205      9226390005      9226398210         6902181       6210       2000      10000         10
   0       68     1984     8941      9226399268      9226408209         6911444       6947       2000      10000          9
   0       68     1984     8316      9226409893      9226418210         6922069       6322       2000      10000         10
   0       68     1983     8739      9226419470      9226428209         6931646       6746       2000      10000          9
   0       68     1983     9261      9226428948      9226438209         6941124       7268       2000      10000         10
   0       68     1983     8884      9226439326      9226448210         6951502       6890       2000      10000         10
   0       68     1983     8304      9226449905      9226458209         6962081       6310       2000      10000         10
   0       68     1983     8292      9226459917      9226468209         6972093       6298       2000      10000         10
   0       68     1984     9328      9226468881      9226478209         6981057       7334       2000      10000          9
   0       68     1983     8240      9226479969      9226488210         6992145       6246       2000      10000         10
   0       68     1983     9238      9226488972      9226498210         7001148       7243       2000      10000         11
   0       68     1984     8232      9226499977      9226508209         7012153       6238       2000      10000          9
   0       68     1983     9314      9226508897      9226518210         7021072       7319       2000      10000         10
   0       68     1984     8917      9226519293      9226528210         7031469       6922       2000      10000         10
   0       68     1983     6854      9226531356      9226538210         7043532       4859       2000      10000         10
   0       68     1983     7887      9226540326      9226548213         7052502       5889       2000      10000         14
   0       68     1983     9159      9226549051      9226558210         7061227       7165       2000      10000         10
   0       68     1983     8169      9226560041      9226568210         7072217       6175       2000      10000         10
   0       68     1984     7537      9226570673      9226578210         7082849       5542       2000      10000         10
   0       68     1983     8907      9226579303      9226588210         7091479       6912       2000      10000         10
   0       68     1983     7927      9226590282      9226598209         7102458       5933       2000      10000         10
   0       68     1983     6669      9226601539      9226608209         7113715       4676       2000      10000          9
   0       68     1983     8894      9226609316      9226618210         7121492       6899       2000      10000         10
   0       68     1983     7915      9226620294      9226628209         7132470       5922       2000      10000          9
   0       68     1983     6636      9226631575      9226638211         7143751       4641       2000      10000         11
   0       68     1983     8194      9226640015      9226648209         7152191       6200       2000      10000          9
   0       68     1983     8228      9226649982      9226658210         7162158       6234       2000      10000         10
   0       68     1983     8642      9226659568      9226668209         7171744       6648       2000      10000         10
   0       68     2014     9295      9226668913      9226678209         7181089       7272       2000      10000          9
   0       68     1983     9260      9226678950      9226688209         7191125       7266       2000      10000          9
   0       68     1983     9258      9226688955      9226698213         7201131       7261       2000      10000         13
   0       68     1984     8870      9226699339      9226708209         7211515       6876       2000      10000          9
   0       68     2014     9319      9226708890      9226718210         7221066       7294       2000      10000         10
   0       68     1983     7025      9226721184      9226728209         7233360       5031       2000      10000         10
   0       68     1983     6897      9226731313      9226738210         7243489       4903       2000      10000         10
   0       68     1985     7952      9226740257      9226748209         7252433       5957       2000      10000         10
   0       68     1984     9304      9226748905      9226758209         7261081       7310       2000      10000          9
   0       68     1984     7826      9226760384      9226768210         7272560       5831       2000      10000         10
   0       68     1984     9300      9226768909      9226778208         7281085       7306       2000      10000          9
   0       68     1983     8218      9226779991      9226788209         7292167       6225       2000      10000          9
   0       68     1983     9260      9226788950      9226798210         7301126       7265       2000      10000         11
   0       68     1983     8092      9226800118      9226808210         7312294       6098       2000      10000         10
   0       68     1983     9289      9226808921      9226818211         7321097       7294       2000      10000         11
   0       68     1984     8960      9226819250      9226828210         7331426       6965       2000      10000         10
   0       68     1984     7967      9226830243      9226838210         7342419       5972       2000      10000         10
   0       68     1983     9294      9226838915      9226848209         7351091       7301       2000      10000          9
   0       68     1984     8275      9226849935      9226858210         7362111       6280       2000      10000         10
   0       68     1983     8724      9226859487      9226868211         7371662       6729       2000      10000         11
   0       68     1985     9155      9226869055      9226878210         7381231       7159       2000      10000         10
   0       68     1983     9282      9226878928      9226888210         7391104       7287       2000      10000         10
   0       68     1983     9134      9226889077      9226898211         7401253       7138       2000      10000         11
   0       68     1983     8824      9226899385      9226908209         7411561       6830       2000      10000         10
   0       68     1983     8202      9226910018      9226918220         7422194       6198       2000      10000         20
   0       68     1983     8034      9226920176      9226928210         7432352       6040       2000      10000         10
   0       68     1983     9036      9226929175      9226938211         7441351       7041       2000      10000         11
   0       68     1983     8288      9226939922      9226948209         7452097       6294       2000      10000         10
   0       68     1983     8123      9226950086      9226958209         7462262       6129       2000      10000          9
   0       68     1983     9149      9226959061      9226968210         7471236       7155       2000      10000         10
   0       68     1983     9276      9226968934      9226978210         7481110       7282       2000      10000         10
   0       68     1983     9205      9226979004      9226988210         7491180       7212       2000      10000         10
   0       68     1983     9268      9226988941      9226998209         7501117       7275       2000      10000          9
   0       68     1983     7947      9227000262      9227008209         7512438       5953       2000      10000          9
   0       68     1983     9302      9227008909      9227018210         7521085       7307       2000      10000         10
   0       68     1983     8893      9227019317      9227028210         7531493       6898       2000      10000         10
   0       68     1983     8908      9227029301      9227038209         7541477       6915       2000      10000          9
   0       68     1984     9128      9227039080      9227048209         7551256       7135       2000      10000          9
   0       68     1983     9219      9227048991      9227058209         7561167       7225       2000      10000         10
   0       68     1983     7923      9227060286      9227068209         7572462       5930       2000      10000          9
   0       68     1983     9297      9227068913      9227078209         7581089       7303       2000      10000          9
   0       68     1983     9164      9227079045      9227088209         7591221       7171       2000      10000          9
   0       68     1984     8220      9227089993      9227098212         7602168       6223       2000      10000         12
   0       68     1983     7969      9227100241      9227108210         7612417       5975       2000      10000         10
   0       68     1983     9270      9227108940      9227118210         7621116       7275       2000      10000         10
   0       68     1983     8795      9227119416      9227128210         7631591       6800       2000      10000         11
   0       68     1983     8044      9227130164      9227138209         7642340       6051       2000      10000          9
   0       68     1983     9299      9227138911      9227148210         7651087       7305       2000      10000         10
   0       68     1983     9258      9227148951      9227158209         7661127       7265       2000      10000         10
   0       68     1983     7580      9227160631      9227168211         7672807       5585       2000      10000         11
   0       68     1983     7951      9227170259      9227178210         7682435       5956       2000      10000         10
   0       68     1984     9310      9227178900      9227188210         7691076       7315       2000      10000         10
   0       68     2013     8126      9227190084      9227198210         7702260       6101       2000      10000         10
   0       68     1984     8968      9227199240      9227208209         7711416       6975       2000      10000          9
   0       68     1985     8319      9227209892      9227218210         7722067       6323       2000      10000         11
   0       68     1983     8876      9227219333      9227228209         7731509       6883       2000      10000          9
   0       68     1984     4946      9227233263      9227238209         7745439       2952       2000      10000          9
   0       68     1983     9257      9227238952      9227248209         7751128       7264       2000      10000          9
   0       68     1983     9216      9227248992      9227258208         7761168       7223       2000      10000          8
   0       68     1983     9047      9227259163      9227268210         7771339       7053       2000      10000         10
   0       68     1983     9270      9227268939      9227278209         7781115       7277       2000      10000         10
   0       68     1983     9292      9227278918      9227288210         7791094       7297       2000      10000         10
   0       68     1983     9215      9227288997      9227298211         7801172       7219       2000      10000         11
   0       68     1983     8884      9227299325      9227308209         7811501       6891       2000      10000         10
   0       68     1984     8284      9227309927      9227318211         7822103       6289       2000      10000         11
   0       68     1983     8904      9227319317      9227328221         7831493       6899       2000      10000         21
   0       68     1983     8855      9227329355      9227338210         7841531       6860       2000      10000         10
   0       68     1984     9150      9227339059      9227348209         7851235       7156       2000      10000          9
   0       68     1983     9284      9227348925      9227358209         7861101       7291       2000      10000         10
   0       68     1983     9131      9227359079      9227368209         7871254       7137       2000      10000         10
   0       68     1983     9203      9227369007      9227378209         7881182       7209       2000      10000         10
   0       68     1983     8877      9227379333      9227388210         7891509       6882       2000      10000         10
   0       68     1983     9264      9227388946      9227398209         7901122       7270       2000      10000          9
   0       68     1983     7934      9227400275      9227408210         7912451       5939       2000      10000         10
   0       68     1983     9286      9227408924      9227418210         7921100       7291       2000      10000         10
   0       68     1983     8912      9227419297      9227428210         7931473       6919       2000      10000         10
   0       68     1983     8124      9227430085      9227438209         7942261       6131       2000      10000          9
   0       68     1983     8303      9227439907      9227448210         7952082       6309       2000      10000         10
   0       68     1983     9252      9227448957      9227458209         7961132       7259       2000      10000          9
   0       68     1983     9197      9227459011      9227468208         7971187       7205       2000      10000          8
   0       68     1983     7897      9227470313      9227478209         7982489       5903       2000      10000         10
   0       68     1983     9294      9227478915      9227488209         7991090       7301       2000      10000          9
   0       68     1983     8186      9227490024      9227498210         8002199       6192       2000      10000         10
   0       68     1984     7872      9227500336      9227508208         8012512       5880       2000      10000          8
   0       68     1983     9338      9227508870      9227518209         8021046       7346       2000      10000          9
   0       68     1983     8183      9227520027      9227528210         8032203       6189       2000      10000         11
   0       68     1983     8766      9227529443      9227538210         8041619       6772       2000      10000         10
   0       68     1983     8204      9227540015      9227548218         8052191       6201       2000      10000         19
   0       68     1983     8029      9227550180      9227558209         8062356       6035       2000      10000          9
   0       68     1983     8783      9227559425      9227568209         8071601       6790       2000      10000          9
   0       68     1984     8265      9227569944      9227578209         8082120       6271       2000      10000          9
   0       68     1984     9310      9227578899      9227588209         8091075       7316       2000      10000          9
   0       68     1983     8205      9227590005      9227598209         8102180       6211       2000      10000          9
   0       68     1983     9170      9227599041      9227608210         8111216       7175       2000      10000         10
   0       68     1983     9228      9227608982      9227618211         8121158       7234       2000      10000         11
   0       68     1983     8861      9227619348      9227628210         8131524       6867       2000      10000         10
   0       68     1983     7895      9227630315      9227638210         8142491       5901       2000      10000         10
   0       68     1983     9312      9227638897      9227648209         8151073       7318       2000      10000          9
   0       68     1984     9331      9227648879      9227658210         8161054       7337       2000      10000         10
   0       68     1983     9105      9227659105      9227668211         8171281       7111       2000      10000         11
   0       68     1984     8096      9227670115      9227678210         8182290       6101       2000      10000         10
   0       68     1984     9045      9227679165      9227688210         8191341       7050       2000      10000         10
   0       68     1983     8120      9227690091      9227698211         8202266       6125       2000      10000         11
   0       68     1984     7926      9227700283      9227708209         8212459       5932       2000      10000         10
   0       68     1983     9259      9227708951      9227718209         8221127       7265       2000      10000         10
   0       68     1983     8865      9227719345      9227728210         8231521       6871       2000      10000         10
   0       68     1984     7811      9227730398      9227738209         8242573       5818       2000      10000          9
   0       68     1983     9241      9227738968      9227748209         8251144       7248       2000      10000          9
   0       68     1984     9333      9227748877      9227758210         8261053       7339       2000      10000         10
   0       68     1983     8964      9227759246      9227768210         8271422       6969       2000      10000         10
   0       68     1983     9257      9227768952      9227778209         8281128       7263       2000      10000          9
   0       68     1984     9286      9227778924      9227788209         8291099       7291       2000      10000          9
   0       68     1983     8136      9227790074      9227798209         8302250       6142       2000      10000         10
   0       68     1983     8247      9227799962      9227808210         8312138       6254       2000      10000         10
   0       68     1983     9214      9227808995      9227818209         8321171       7221       2000      10000         10
   0       68     1984     8876      9227819336      9227828212         8331511       6880       2000      10000         12
   0       68     1983     7782      9227830428      9227838210         8342604       5788       2000      10000         10
   0       68     1983     9257      9227838953      9227848210         8351129       7263       2000      10000         10
   0       68     1983     9130      9227849079      9227858209         8361255       7137       2000      10000         10
   0       68     1983     8998      9227859210      9227868208         8371386       7005       2000      10000          9
   0       68     1984     8241      9227869968      9227878208         8382144       6248       2000      10000          9
   0       68     1983     8331      9227879878      9227888208         8392053       6338       2000      10000          9
   0       68     1983     7943      9227890266      9227898210         8402442       5949       2000      10000         10
   0       68     1983     8987      9227899223      9227908210         8411399       6993       2000      10000         10
   0       68     1983     8320      9227909889      9227918209         8422065       6326       2000      10000          9
   0       68     1983     8958      9227919252      9227928210         8431428       6964       2000      10000         10
   0       68     1983     7878      9227930333      9227938211         8442509       5883       2000      10000         11
   0       68     1984     9151      9227939059      9227948210         8451235       7156       2000      10000         10
   0       68     1983     9316      9227948893      9227958210         8461069       7323       2000      10000         10
   0       68     1983     7976      9227960233      9227968209         8472409       5983       2000      10000          9
   0       68     1983     9321      9227968890      9227978210         8481066       7326       2000      10000         11
   0       68     1983     8224      9227979985      9227988209         8492161       6231       2000      10000          9
   0       68     1983     8220      9227989989      9227998209         8502165       6226       2000      10000         10
   0       68     1983     7896      9228000314      9228008210         8512490       5902       2000      10000         10
   0       68     1983     9244      9228008966      9228018210         8521142       7249       2000      10000         10
   0       68     1984     8836      9228019375      9228028211         8531551       6840       2000      10000         11
   0       68     1983     7915      9228030294      9228038209         8542469       5922       2000      10000          9
   0       68     1983     9220      9228038988      9228048209         8551164       7227       2000      10000          9
   0       68     1983     9343      9228048867      9228058210         8561043       7349       2000      10000         10
   0       68     1983     8900      9228059310      9228068210         8571486       6906       2000      10000         10
   0       68     1983     9273      9228068936      9228078209         8581112       7279       2000      10000          9
   0       68     1983     9244      9228078966      9228088210         8591142       7250       2000      10000         10
   0       68     1983     8186      9228090023      9228098209         8602199       6193       2000      10000          9
   0       68     1985     8945      9228099264      9228108209         8611440       6950       2000      10000          9
   0       68     1983     8291      9228109918      9228118209         8622094       6298       2000      10000         10
   0       68     1984     8041      9228120169      9228128210         8632345       6046       2000      10000         10
   0       68     1983     7995      9228130214      9228138210         8642390       6001       2000      10000         10
   0       68     1983     9255      9228138956      9228148211         8651132       7260       2000      10000         11
   0       68     1983     9025      9228149185      9228158210         8661360       7031       2000      10000         10
   0       68     2013     7980      9228160229      9228168209         8672405       5957       2000      10000          9
   0       68     1983     8218      9228169992      9228178210         8682167       6224       2000      10000         10
   0       68     1983     9268      9228178941      9228188210         8691117       7275       2000      10000         10
   0       68     1983     8928      9228189282      9228198210         8701458       6933       2000      10000         10
   0       68     1984     8995      9228199215      9228208210         8711390       7000       2000      10000          9
   0       68     1983     9313      9228208898      9228218210         8721074       7318       2000      10000         10
   0       68     1983     8038      9228220171      9228228209         8732347       6045       2000      10000          9
   0       68     1983     9188      9228229021      9228238209         8741197       7195       2000      10000          9
   0       68     1983     9292      9228238917      9228248209         8751093       7299       2000      10000          9
   0       68     1983     9165      9228249044      9228258209         8761220       7171       2000      10000         10
   0       68     1983     7913      9228260296      9228268209         8772472       5919       2000      10000         10
   0       68     1983     9262      9228268947      9228278209         8781123       7269       2000      10000          9
   0       68     1983     9220      9228278988      9228288209         8791164       7227       2000      10000          9
   0       68     1983     7885      9228290323      9228298208         8802499       5892       2000      10000          9
   0       68     1983     7886      9228300324      9228308210         8812500       5892       2000      10000         10
   0       68     1983     9241      9228308968      9228318209         8821144       7248       2000      10000          9
   0       68     1983     8193      9228320019      9228328212         8832195       6197       2000      10000         12
   0       68     1983     7989      9228330221      9228338210         8842397       5995       2000      10000         10
   0       68     1983     9139      9228339072      9228348210         8851247       7144       2000      10000         10
   0       68     1983     7944      9228350267      9228358211         8862443       5949       2000      10000         11
   0       68     1983     8325      9228359885      9228368210         8872061       6331       2000      10000         10
   0       68     1983     8825      9228369384      9228378209         8881560       6832       2000      10000          9
   0       68     1984     8198      9228380012      9228388210         8892188       6203       2000      10000         10
   0       68     1983     9153      9228389057      9228398210         8901232       7159       2000      10000         10
   0       68     1983     8969      9228399240      9228408209         8911416       6976       2000      10000          9
   0       68     1983     8986      9228409224      9228418210         8921400       6991       2000      10000         10
   0       68     1983     6964      9228421246      9228428210         8933422       4969       2000      10000         11
   0       68     1983     4871      9228433338      9228438209         8945513       2878       2000      10000          9
   0       68     1983     8735      9228439474      9228448209         8951650       6742       2000      10000          9
   0       68     1983     9250      9228448959      9228458210         8961135       7257       2000      10000         10
   0       68     1983     9063      9228459149      9228468211         8971325       7067       2000      10000         11
   0       68     1983     9017      9228469192      9228478209         8981368       7023       2000      10000          9
   0       68     1983     8251      9228479959      9228488209         8992134       6257       2000      10000         10
   0       68     1983     8946      9228489263      9228498209         9001439       6953       2000      10000          9
   0       68     1983     9127      9228499081      9228508208         9011256       7135       2000      10000          8
   0       68     1983     6924      9228511286      9228518209         9023462       4929       2000      10000          9
   0       68     1983     7956      9228520252      9228528208         9032428       5964       2000      10000          8
   0       68     1983     8237      9228529972      9228538209         9042147       6244       2000      10000          9
   0       68     1983     8286      9228539922      9228548208         9052098       6293       2000      10000          8
   0       68     1983     8084      9228550124      9228558208         9062300       6092       2000      10000          8
   0       68     1983     8168      9228560043      9228568211         9072219       6173       2000      10000         11
   0       68     1983     8035      9228570173      9228578208         9082349       6042       2000      10000          9
   0       68     1983     8243      9228579967      9228588210         9092143       6249       2000      10000         10
   0       68     1983     9216      9228588994      9228598210         9101170       7222       2000      10000         10
   0       68     1983     7890      9228600320      9228608210         9112495       5896       2000      10000         10
   0       68     1983     9226      9228608984      9228618210         9121160       7232       2000      10000         10
   0       68     1983     8202      9228620017      9228628218         9132193       6199       2000      10000         19
   0       68     1983     9212      9228628998      9228638210         9141173       7219       2000      10000         10
   0       68     1984     8016      9228640194      9228648210         9152369       6021       2000      10000         10
   0       68     1983     8231      9228649979      9228658210         9162155       6237       2000      10000         10
   0       68     1984     6994      9228661215      9228668209         9173391       5000       2000      10000          9
   0       68     1984     8998      9228669212      9228678210         9181388       7002       2000      10000         10
   0       68     1983     9252      9228678957      9228688209         9191133       7258       2000      10000         10
   0       68     1983     9232      9228688978      9228698210         9201154       7238       2000      10000         11
   0       68     1983     8196      9228700014      9228708210         9212190       6202       2000      10000         10
   0       68     1983     9332      9228708879      9228718211         9221055       7337       2000      10000         11
   0       68     2013     8989      9228719219      9228728208         9231395       6966       2000      10000          9
   0       68     1983     8282      9228729928      9228738210         9242104       6288       2000      10000         10
   0       68     1983     8231      9228739978      9228748210         9252154       6238       2000      10000         10
   0       68     1984     9172      9228749039      9228758210         9261215       7176       2000      10000         11
   0       68     1983     7966      9228760245      9228768211         9272421       5970       2000      10000         11
   0       68     1983     8227      9228769982      9228778209         9282158       6234       2000      10000          9
   0       68     1983     8293      9228779916      9228788209         9292092       6300       2000      10000          9
   0       68     1983     8947      9228789265      9228798211         9301440       6951       2000      10000         11
   0       68     1984     9000      9228799213      9228808214         9311389       7002       2000      10000         14
   0       68     1984     8980      9228809231      9228818211         9321406       6984       2000      10000         11
   0       68     1983     8851      9228819361      9228828213         9331537       6854       2000      10000         13
   0       68     1983     7806      9228830402      9228838208         9342578       5814       2000      10000          8
   0       68     1983     9211      9228838999      9228848210         9351175       7216       2000      10000         10
   0       68     1983     9214      9228848997      9228858211         9361173       7218       2000      10000         11
   0       68     1983     7941      9228860268      9228868209         9372444       5948       2000      10000          9
   0       68     1983     9336      9228868873      9228878209         9381049       7343       2000      10000          9
   0       68     1983     9252      9228878957      9228888209         9391132       7259       2000      10000          9
   0       68     1983     8200      9228890011      9228898211         9402187       6204       2000      10000         11
   0       68     1983     8170      9228900039      9228908209         9412215       6177       2000      10000          9
   0       68     1984     9324      9228908886      9228918210         9421062       7329       2000      10000         10
   0       68     1983     8985      9228919227      9228928212         9431402       6989       2000      10000         12
   0       68     1984     8032      9228930176      9228938208         9442352       6039       2000      10000          8
   0       68     1984     9066      9228939144      9228948209         9451319       7072       2000      10000          9
   0       68     1983     9270      9228948939      9228958209         9461115       7277       2000      10000          9
   0       68     1983     7783      9228960426      9228968209         9472602       5790       2000      10000          9
   0       68     1983     9245      9228968964      9228978209         9481140       7251       2000      10000          9
   0       68     1984     9252      9228978958      9228988209         9491133       7257       2000      10000          9
   0       68     1983     8041      9228990169      9228998210         9502345       6047       2000      10000         10
   0       68     1983     8934      9228999278      9229008212         9511453       6938       2000      10000         12
   0       68     1983     9270      9229008940      9229018209         9521115       7276       2000      10000          9
   0       68     1984     8879      9229019330      9229028209         9531506       6885       2000      10000          9
   0       68     1984     8921      9229029289      9229038210         9541465       6927       2000      10000         10
   0       68     1983     9332      9229038876      9229048208         9551052       7339       2000      10000          8
   0       68     1983     8296      9229049914      9229058210         9562090       6302       2000      10000         10
   0       68     1983     7893      9229060315      9229068209         9572491       5900       2000      10000          9
   0       68     1984     8265      9229069944      9229078209         9582119       6272       2000      10000          9
   0       68     1984     9263      9229078947      9229088209         9591122       7268       2000      10000          9
   0       68     1983     8243      9229089966      9229098209         9602142       6250       2000      10000         10
   0       68     1983     8231      9229099978      9229108209         9612154       6238       2000      10000          9
   0       68     1983     8122      9229110087      9229118209         9622262       6130       2000      10000          9
   0       68     1983     8042      9229120169      9229128211         9632344       6047       2000      10000         11
   0       68     1983     8968      9229129242      9229138210         9641418       6973       2000      10000         10
   0       68     1983     8204      9229140006      9229148210         9652182       6210       2000      10000         10
   0       68     1983     7817      9229150393      9229158210         9662568       5823       2000      10000         10
   0       68     1983     8942      9229159267      9229168208         9671443       6949       2000      10000          9
   0       68     1983     8106      9229170104      9229178209         9682279       6112       2000      10000          9
   0       68     1983     9336      9229178874      9229188210         9691049       7343       2000      10000         10
   0       68     1983     9273      9229188936      9229198209         9701112       7280       2000      10000          9
   0       68     1983     8273      9229199937      9229208210         9712113       6278       2000      10000         10
   0       68     2013     9300      9229208909      9229218209         9721085       7277       2000      10000         10
   0       68     1984     8967      9229219243      9229228210         9731419       6972       2000      10000         10
   0       68     1983     7955      9229230255      9229238210         9742431       5960       2000      10000         10
   0       68     1983     8260      9229239949      9229248209         9752125       6267       2000      10000          9
   0       68     1983     8292      9229249919      9229258211         9762095       6297       2000      10000         11
   0       68     1983     9019      9229259190      9229268209         9771366       7025       2000      10000          9
   0       68     1983     9312      9229268897      9229278210         9781073       7319       2000      10000         10
   0       68     1983     9235      9229278974      9229288210         9791150       7242       2000      10000         10
   0       68     1983     9132      9229289078      9229298210         9801254       7138       2000      10000         10
   0       68     1983     7971      9229300239      9229308210         9812415       5976       2000      10000         10
   0       68     1983     9275      9229308935      9229318210         9821111       7280       2000      10000         10
   0       68     1983     8826      9229319384      9229328210         9831560       6832       2000      10000         10
   0       68     1983     8101      9229330109      9229338210         9842285       6107       2000      10000         10
   0       68     1983     8250      9229339959      9229348209         9852134       6257       2000      10000          9
   0       68     1983     8273      9229349937      9229358210         9862112       6279       2000      10000         10
   0       68     1983     8967      9229359243      9229368210         9871419       6973       2000      10000         10
   0       68     1983     9283      9229368927      9229378209         9881102       7289       2000      10000         10
   0       68     1984     9260      9229378950      9229388209         9891125       7266       2000      10000          9
   0       68     1983     9160      9229389051      9229398211         9901227       7165       2000      10000         11
   0       68     1984     8949      9229399261      9229408210         9911437       6954       2000      10000         10
   0       68     1983     9318      9229408891      9229418209         9921067       7324       2000      10000          9
   0       68     1983     8170      9229420040      9229428210         9932216       6175       2000      10000         10
   0       68     1983     8829      9229429381      9229438209         9941556       6835       2000      10000          9
   0       68     1984     8292      9229439918      9229448210         9952094       6296       2000      10000         10
   0       68     1984     8817      9229449393      9229458210         9961569       6822       2000      10000         10
   0       68     1983     7916      9229460294      9229468209         9972470       5922       2000      10000         10
   0       68     1983     8953      9229469256      9229478209         9981432       6959       2000      10000          9
   0       68     1983     9325      9229478885      9229488210         9991060       7332       2000      10000         10
   0       68     1988     9209      9229489009      9229498218        10001185       7201       2000      10000         18
   0       68     1983     7947      9229500262      9229508209        10012438       5954       2000      10000          9
   0       68     1983     9257      9229508953      9229518209        10021128       7263       2000      10000          9
   0       68     1983     8055      9229520156      9229528210        10032332       6060       2000      10000         11
   0       68     1983     9038      9229529171      9229538208        10041346       7045       2000      10000          9
   0       68     1983     8250      9229539959      9229548209        10052135       6256       2000      10000          9
   0       68     1983     9262      9229548948      9229558210        10061124       7268       2000      10000         10
   0       68     1983     8750      9229559460      9229568209        10071635       6756       2000      10000          9
   0       68     1984     8334      9229569876      9229578210        10082052       6339       2000      10000         11
   0       68     1984     9177      9229579033      9229588210        10091208       7183       2000      10000         10
   0       68     1983     8123      9229590087      9229598211        10102263       6128       2000      10000         11
   0       68     1984     7951      9229600258      9229608209        10112434       5956       2000      10000         10
   0       68     1983     8252      9229609958      9229618210        10122133       6258       2000      10000         10
   0       68     2008     6825      9229621383      9229628209        10133559       4807       2000      10000          9
   0       68     1983     7669      9229630540      9229638209        10142716       5676       2000      10000         10
   0       68     1983     9280      9229638930      9229648209        10151106       7285       2000      10000         10
   0       68     1983     9303      9229648907      9229658210        10161083       7309       2000      10000         10
   0       68     1983     7749      9229660462      9229668210        10172637       5754       2000      10000         10
   0       68     1984     9041      9229669168      9229678209        10181344       7047       2000      10000          9
   0       68     1983     9281      9229678937      9229688218        10191113       7279       2000      10000         18
   0       68     1983     6869      9229691340      9229698210        10203516       4875       2000      10000         10
   0       68     1983     9222      9229698988      9229708210        10211164       7228       2000      10000         10
   0       68     1983     9302      9229708908      9229718210        10221083       7308       2000      10000         10
   0       68     1983     9233      9229718977      9229728210        10231152       7239       2000      10000         10
   0       68     1983     7985      9229730224      9229738210        10242400       5991       2000      10000         10
   0       68     1983     9002      9229739209      9229748211        10251385       7007       2000      10000         11
   0       68     1983     8975      9229749234      9229758209        10261410       6981       2000      10000         10
   0       68     1983     7935      9229760275      9229768210        10272450       5941       2000      10000         10
   0       68     1983     9097      9229769112      9229778209        10281288       7104       2000      10000          9
   0       68     1983     9262      9229778947      9229788209        10291123       7269       2000      10000          9
   0       68     1983     9212      9229788999      9229798210        10301174       7217       2000      10000         10
   0       68     1984     9032      9229799178      9229808210        10311353       7037       2000      10000         10
   0       68     1983     9242      9229808969      9229818211        10321145       7247       2000      10000         11
   0       68     1984     7893      9229820316      9229828210        10332492       5899       2000      10000         10
   0       68     1983     8959      9229829250      9229838209        10341426       6966       2000      10000          9
   0       68     1983     8232      9229839978      9229848210        10352154       6238       2000      10000         10
   0       68     1983     8295      9229849915      9229858210        10362091       6300       2000      10000         10
   0       68     1983     8873      9229859336      9229868209        10371512       6880       2000      10000          9
   0       68     1983     8284      9229869927      9229878211        10382103       6289       2000      10000         11
   0       68     1983     9312      9229878897      9229888210        10391073       7319       2000      10000         10
   0       68     1983     9295      9229888915      9229898211        10401091       7301       2000      10000         11
   0       68     1984     7568      9229900641      9229908209        10412817       5574       2000      10000          9
   0       68     1983     9249      9229908962      9229918211        10421138       7254       2000      10000         11
   0       68     1983     8635      9229919573      9229928209        10431749       6642       2000      10000          9
   0       68     1984     6951      9229931258      9229938209        10443434       4957       2000      10000          9
   0       68     1984     9140      9229939070      9229948210        10451246       7144       2000      10000         10
   0       68     1984     9330      9229948880      9229958210        10461056       7335       2000      10000         10
   0       68     1983     8414      9229959796      9229968209        10471972       6420       2000      10000         10
   0       68     1984     8312      9229969896      9229978209        10482072       6319       2000      10000          9
   0       68     1983     8206      9229980004      9229988209        10492179       6212       2000      10000          9
   0       68     1983     9259      9229988951      9229998210        10501127       7265       2000      10000         11
   0       68     1983     8309      9229999900      9230008209        10512076       6316       2000      10000          9
   0       68     1983     8995      9230009214      9230018209        10521390       7001       2000      10000          9
   0       68     1983     7942      9230020268      9230028210        10532444       5948       2000      10000         10
   0       68     1983     8959      9230029251      9230038210        10541426       6965       2000      10000         10
   0       68     1983     8291      9230039919      9230048210        10552095       6297       2000      10000         10
   0       68     1983     9236      9230048975      9230058210        10561150       7241       2000      10000         10
   0       68     1983     7745      9230060465      9230068210        10572641       5751       2000      10000         10
   0       68     1984     9129      9230069085      9230078214        10581261       7129       2000      10000         14
   0       68     1983     9301      9230078909      9230088211        10591085       7306       2000      10000         11
   0       68     1983     9163      9230089048      9230098211        10601223       7168       2000      10000         11
   0       68     1984     8905      9230099306      9230108211        10611482       6909       2000      10000         11
   0       68     1983     9181      9230109027      9230118209        10621203       7189       2000      10000          9
   0       68     1983     8911      9230119298      9230128209        10631474       6917       2000      10000          9
   0       68     1983     7243      9230130967      9230138209        10643142       5249       2000      10000          9
   0       68     1983     8287      9230139922      9230148209        10652098       6293       2000      10000          9
   0       68     1983     8301      9230149908      9230158209        10662084       6308       2000      10000          9
   0       68     1983     8838      9230159372      9230168211        10671548       6843       2000      10000         11
   0       68     1983     8275      9230169934      9230178209        10682110       6281       2000      10000          9
   0       68     1984     9133      9230179075      9230188209        10691251       7139       2000      10000          9
   0       68     1983     9240      9230188971      9230198211        10701147       7245       2000      10000         11
   0       68     1984     9030      9230199179      9230208209        10711355       7036       2000      10000         10
   0       68     1983     9310      9230208901      9230218210        10721077       7315       2000      10000         10
   0       68     1983     8976      9230219235      9230228211        10731411       6980       2000      10000         11
   0       68     1983     8010      9230230200      9230238211        10742376       6014       2000      10000         11
   0       68     1983     9245      9230238965      9230248210        10751140       7251       2000      10000         10
   0       68     1984     9208      9230249003      9230258211        10761179       7212       2000      10000         11
   0       68     1983     6901      9230261307      9230268209        10773483       4909       2000      10000          9
   0       68     1984     7898      9230270311      9230278209        10782487       5904       2000      10000          9
   0       68     1983     9244      9230278968      9230288212        10791144       7248       2000      10000         12
   0       68     1983     8186      9230290023      9230298209        10802199       6193       2000      10000          9
   0       68     1983     9321      9230298893      9230308213        10811069       7323       2000      10000         14
   0       68     1983     8787      9230309422      9230318209        10821598       6793       2000      10000         10
   0       68     1983     8066      9230320144      9230328210        10832320       6072       2000      10000         10
   0       68     1983     8009      9230330199      9230338209        10842375       6016       2000      10000          9
   0       68     1983     9320      9230338890      9230348209        10851065       7326       2000      10000         10
   0       68     1983     8286      9230349924      9230358210        10862100       6292       2000      10000         10
   0       68     1983     8861      9230359351      9230368211        10871526       6865       2000      10000         11
   0       68     1984     9078      9230369132      9230378210        10881308       7083       2000      10000         10
   0       68     1983     9278      9230378931      9230388209        10891107       7284       2000      10000          9
   0       68     1983     9200      9230389019      9230398219        10901195       7196       2000      10000         19
   0       68     1983     8308      9230399903      9230408211        10912079       6313       2000      10000         11
   0       68     1984     7968      9230410242      9230418210        10922417       5974       2000      10000         10
   0       68     1984     8150      9230420060      9230428210        10932236       6156       2000      10000         10
   0       68     1983     9038      9230429172      9230438210        10941348       7044       2000      10000         10
   0       68     1983     9314      9230438895      9230448210        10951071       7321       2000      10000         10
   0       68     1983     9199      9230449012      9230458210        10961188       7204       2000      10000         10
   0       68     1983     7880      9230460330      9230468210        10972506       5885       2000      10000         10
   0       68     1983     9308      9230468902      9230478210        10981078       7314       2000      10000         10
   0       68     1983     8272      9230479936      9230488209        10992112       6279       2000      10000          9
   0       68     1983     9183      9230489028      9230498211        11001204       7188       2000      10000         11
   0       68     1984     8025      9230500184      9230508210        11012360       6031       2000      10000         10
   0       68     1983     9294      9230508915      9230518209        11021091       7300       2000      10000          9
   0       68     1983     8981      9230519227      9230528209        11031403       6988       2000      10000          9
   0       68     1983     7819      9230530391      9230538210        11042567       5825       2000      10000         10
   0       68     1983     9235      9230538975      9230548209        11051151       7241       2000      10000         10
   0       68     1983     9257      9230548954      9230558210        11061130       7262       2000      10000         10
   0       68     1983     8929      9230559281      9230568210        11071457       6934       2000      10000         10
   0       68     1983     8260      9230569950      9230578209        11082125       6266       2000      10000          9
   0       68     1984     7964      9230580245      9230588209        11092421       5970       2000      10000          9
   0       68     1983     9237      9230588980      9230598218        11101156       7235       2000      10000         18
   0       68     1984     9046      9230599176      9230608221        11111351       7040       2000      10000         21
   0       68     1984     8314      9230609896      9230618210        11122072       6319       2000      10000         10
   0       68     1983     8936      9230619275      9230628210        11131450       6941       2000      10000         11
   0       68     1984     9106      9230629103      9230638209        11141279       7112       2000      10000          9
   0       68     1983     9270      9230638940      9230648210        11151115       7276       2000      10000         10
   0       68     1983     9259      9230648951      9230658210        11161126       7265       2000      10000         10
   0       68     1983     7923      9230660286      9230668210        11172462       5929       2000      10000         10
   0       68     1983     9326      9230668883      9230678209        11181059       7333       2000      10000          9
   0       68     1983     8259      9230679952      9230688210        11192128       6264       2000      10000         10
   0       68     1983     9194      9230689019      9230698212        11201194       7197       2000      10000         12
   0       68     1984     7975      9230700233      9230708209        11212409       5982       2000      10000          9
   0       68     1984     8279      9230709930      9230718210        11222106       6285       2000      10000         10
   0       68     1983     9006      9230719204      9230728210        11231380       7012       2000      10000         11
   0       68     1983     8671      9230729539      9230738210        11241715       6677       2000      10000         10
   0       68     1983     9236      9230738973      9230748209        11251149       7243       2000      10000         10
   0       68     1983     9287      9230748924      9230758210        11261099       7292       2000      10000         11
   0       68     1983     7862      9230760348      9230768210        11272524       5867       2000      10000         10
   0       68     1983     9270      9230768940      9230778209        11281115       7276       2000      10000          9
   0       68     1983     9309      9230778900      9230788209        11291076       7315       2000      10000          9
   0       68     1983     9269      9230788941      9230798210        11301117       7275       2000      10000         10
   0       68     1983     9017      9230799192      9230808209        11311368       7024       2000      10000          9
   0       68     1983     9281      9230808928      9230818209        11321104       7288       2000      10000          9
   0       68     1983     8808      9230819401      9230828210        11331577       6815       2000      10000         10
   0       68     1983     7854      9230830355      9230838209        11342531       5860       2000      10000          9
   0       68     1984     9313      9230838897      9230848210        11351072       7319       2000      10000         10
   0       68     1983     8304      9230849905      9230858209        11362081       6310       2000      10000          9
   0       68     1983     8612      9230859597      9230868209        11371773       6618       2000      10000          9
   0       68     1983     8281      9230869929      9230878209        11382104       6287       2000      10000          9
   0       68     1983     8727      9230879481      9230888208        11391657       6735       2000      10000          9
   0       68     1983     9218      9230888993      9230898211        11401169       7223       2000      10000         11
   0       68     1983     7652      9230900558      9230908210        11412734       5658       2000      10000         10
   0       68     1983     9174      9230909036      9230918209        11421212       7180       2000      10000          9
   0       68     1983     8965      9230919245      9230928210        11431421       6971       2000      10000         10
   0       68     1983     6782      9230931428      9230938210        11443603       4788       2000      10000         10
   0       68     1983     8190      9230940019      9230948209        11452195       6196       2000      10000         10
   0       68     1983     9264      9230948946      9230958209        11461121       7270       2000      10000         10
   0       68     1983     7962      9230960246      9230968208        11472422       5970       2000      10000          9
   0       68     1983     9297      9230968913      9230978210        11481089       7303       2000      10000         10
   0       68     1984     9241      9230978967      9230988209        11491143       7247       2000      10000          9
   0       68     1983     8207      9230990002      9230998209        11502178       6214       2000      10000          9
   0       68     1983     9309      9230998901      9231008210        11511077       7315       2000      10000         10
   0       68     2013     8240      9231009971      9231018211        11522147       6214       2000      10000         11
   0       68     1983     8166      9231020046      9231028212        11532222       6169       2000      10000         12
   0       68     1983     8791      9231029418      9231038209        11541594       6797       2000      10000          9
   0       68     1983     9258      9231038951      9231048209        11551127       7265       2000      10000          9
   0       68     1983     9148      9231049061      9231058209        11561237       7155       2000      10000          9
   0       68     1983     8250      9231059960      9231068210        11572136       6256       2000      10000         10
   0       68     1983     8862      9231069348      9231078210        11581524       6867       2000      10000         10
   0       68     1983     9333      9231078877      9231088210        11591053       7339       2000      10000         10
   0       68     1983     9152      9231089058      9231098210        11601234       7158       2000      10000         10
   0       68     1983     9046      9231099165      9231108211        11611341       7051       2000      10000         11
   0       68     1983     8283      9231109926      9231118210        11622102       6289       2000      10000         10
   0       68     1983     8085      9231120124      9231128210        11632300       6092       2000      10000         10
   0       68     1983     9017      9231129191      9231138208        11641367       7025       2000      10000          9
   0       68     1983     8293      9231139917      9231148210        11652093       6299       2000      10000         10
   0       68     1983     9302      9231148907      9231158209        11661083       7309       2000      10000          9
   0       68     1983     9217      9231158992      9231168209        11671168       7223       2000      10000          9
   0       68     1983     9274      9231168937      9231178210        11681113       7279       2000      10000         10
   0       68     1984     9163      9231179046      9231188209        11691222       7169       2000      10000          9
   0       68     1983     8201      9231190010      9231198211        11702186       6206       2000      10000         11
   0       68     1984     9052      9231199156      9231208208        11711332       7059       2000      10000          8
   0       68     1983     9245      9231208964      9231218209        11721140       7252       2000      10000          9
   0       68     1983     8912      9231219299      9231228211        11731475       6916       2000      10000         12
   0       68     1983     8924      9231229287      9231238210        11741462       6929       2000      10000         11
   0       68     1983     7911      9231240299      9231248210        11752475       5916       2000      10000         11
   0       68     1983     9317      9231248892      9231258209        11761068       7324       2000      10000          9
   0       68     1983     8663      9231259548      9231268211        11771724       6668       2000      10000         11
   0       68     1983     9280      9231268929      9231278209        11781105       7287       2000      10000          9
   0       68     1984     9220      9231278989      9231288209        11791165       7226       2000      10000          9
   0       68     1983     8229      9231289981      9231298210        11802157       6234       2000      10000         11
   0       68     1984     8152      9231300057      9231308209        11812233       6158       2000      10000         10
   0       68     1983     9205      9231309005      9231318210        11821181       7211       2000      10000         10
   0       68     1983     8965      9231319245      9231328210        11831421       6971       2000      10000         10
   0       68     1983     7992      9231330218      9231338210        11842394       5997       2000      10000         10
   0       68     1984     9286      9231338923      9231348209        11851098       7293       2000      10000          9
   0       68     1983     8268      9231349942      9231358210        11862118       6274       2000      10000         10
   0       68     1983     7976      9231360233      9231368209        11872409       5982       2000      10000          9
   0       68     1983     8021      9231370188      9231378209        11882364       6028       2000      10000          9
   0       68     1984     8148      9231380060      9231388209        11892236       6155       2000      10000          9
   0       68     1983     6795      9231391414      9231398209        11903590       4802       2000      10000          9
   0       68     1984     8185      9231400024      9231408209        11912200       6192       2000      10000          9
   0       68     1984     9331      9231408878      9231418209        11921053       7338       2000      10000          9
   0       68     1984     8915      9231419295      9231428210        11931471       6920       2000      10000         11
   0       68     1983     7816      9231430395      9231438211        11942571       5820       2000      10000         11
   0       68     1984     9277      9231438933      9231448211        11951109       7282       2000      10000         11
   0       68     1983     9290      9231448920      9231458209        11961096       7296       2000      10000         10
   0       68     1983     7832      9231460377      9231468209        11972553       5839       2000      10000          9
   0       68     1984     9271      9231468938      9231478209        11981114       7278       2000      10000          9
   0       68     2013     9317      9231478893      9231488209        11991069       7293       2000      10000          9
   0       68     1983     9264      9231488947      9231498211        12001123       7269       2000      10000         11
   0       68     1984     7963      9231500246      9231508209        12012422       5969       2000      10000          9
   0       68     1983     9259      9231508951      9231518210        12021127       7265       2000      10000         11
   0       68     1983     8946      9231519263      9231528209        12031439       6952       2000      10000          9
   0       68     1983     7887      9231530323      9231538210        12042499       5893       2000      10000         10
   0       68     1984     8964      9231539244      9231548209        12051420       6970       2000      10000          9
   0       68     1983     9276      9231548933      9231558210        12061109       7283       2000      10000         10
   0       68     1983     7876      9231560332      9231568208        12072508       5884       2000      10000          8
   0       68     1984     9328      9231568882      9231578210        12081058       7332       2000      10000         10
   0       68     1983     9278      9231578930      9231588208        12091106       7286       2000      10000          8
   0       68     1983     8251      9231589958      9231598209        12102134       6258       2000      10000          9
   0       68     1983     8254      9231599956      9231608210        12112132       6260       2000      10000         10
   0       68     1983     9290      9231608921      9231618211        12121097       7295       2000      10000         11
   0       68     1983     8894      9231619316      9231628210        12131492       6900       2000      10000         10
   0       68     1983     9170      9231629039      9231638209        12141215       7176       2000      10000          9
   0       68     1983     9257      9231638955      9231648212        12151131       7261       2000      10000         12
   0       68     1983     6595      9231651615      9231658210        12163790       4601       2000      10000         10
   0       68     1983     8655      9231659555      9231668210        12171731       6660       2000      10000         11
   0       68     1983     8184      9231670025      9231678209        12182201       6191       2000      10000          9
   0       68     1983     8631      9231679578      9231688209        12191754       6638       2000      10000          9
   0       68     1984     6359      9231691850      9231698209        12204026       4365       2000      10000          9
   0       68     1983     8146      9231700064      9231708209        12212239       6152       2000      10000          9
   0       68     1983     7751      9231710459      9231718210        12222635       5756       2000      10000         10
   0       68     1983     7619      9231720591      9231728210        12232767       5625       2000      10000         10
   0       68     1983     9062      9231729147      9231738210        12241323       7068       2000      10000         10
   0       68     1983     5622      9231742590      9231748212        12254766       3626       2000      10000         12
   0       68     1983     7349      9231750861      9231758210        12263037       5354       2000      10000         10
   0       68     1983     7824      9231760389      9231768213        12272565       5827       2000      10000         13
   0       68     1983     7164      9231771046      9231778210        12283222       5170       2000      10000         10
   0       68     1983     8856      9231779354      9231788210        12291530       6862       2000      10000         10
   0       68     1983     8024      9231790186      9231798210        12302362       6030       2000      10000         10
   0       68     2015     8138      9231800070      9231808208        12312246       6114       2000      10000          8
   0       68     1983     9316      9231808894      9231818210        12321070       7322       2000      10000         10
   0       68     1983     8921      9231819290      9231828211        12331465       6926       2000      10000         11
   0       68     1983     8006      9231830203      9231838209        12342379       6013       2000      10000         10
   0       68     1984     7987      9231840222      9231848209        12352398       5993       2000      10000          9
   0       68     1983     8227      9231849984      9231858211        12362160       6232       2000      10000         11
   0       68     1983     8980      9231859229      9231868209        12371405       6987       2000      10000          9
   0       68     1983     8224      9231869985      9231878209        12382161       6230       2000      10000          9
   0       68     1983     7993      9231880220      9231888213        12392396       5996       2000      10000         13
   0       68     1983     9267      9231888942      9231898209        12401117       7274       2000      10000          9
   0       68     1983     7022      9231901201      9231908224        12413377       5015       2000      10000         24
   0       68     1983     8154      9231910057      9231918210        12422233       6159       2000      10000         10
   0       68     1984     7965      9231920245      9231928210        12432420       5971       2000      10000         10
   0       68     1983     9091      9231929119      9231938210        12441295       7097       2000      10000         10
   0       68     1983     9213      9231938996      9231948209        12451172       7219       2000      10000          9
   0       68     1983     8233      9231949976      9231958209        12462152       6240       2000      10000          9
   0       68     1983     8929      9231959281      9231968210        12471457       6935       2000      10000         10
   0       68     1984     9162      9231969047      9231978209        12481223       7168       2000      10000         10
   0       68     1983     9288      9231978924      9231988212        12491099       7292       2000      10000         12
   0       68     1983     8051      9231990159      9231998210        12502335       6057       2000      10000         10
   0       68     1983     9069      9231999144      9232008213        12511320       7072       2000      10000         13
   0       68     1983     9212      9232008999      9232018210        12521174       7217       2000      10000         11
   0       68     1983     8892      9232019317      9232028209        12531493       6899       2000      10000         10
   0       68     1983     7918      9232030292      9232038210        12542468       5924       2000      10000         10
   0       68     1983     9287      9232038922      9232048209        12551098       7294       2000      10000          9
   0       68     1983     8026      9232050184      9232058210        12562360       6032       2000      10000         10
   0       68     1983     9011      9232059198      9232068210        12571374       7018       2000      10000         10
   0       68     1984     9249      9232068960      9232078209        12581136       7255       2000      10000          9
   0       68     1983     9242      9232078968      9232088210        12591144       7248       2000      10000         11
   0       68     1983     9216      9232088994      9232098210        12601170       7222       2000      10000         10
   0       68     1984     8048      9232100161      9232108209        12612337       6053       2000      10000          9
   0       68     1984     8239      9232109971      9232118210        12622147       6245       2000      10000         10
   0       68     1984     7968      9232120242      9232128210        12632418       5973       2000      10000         10
   0       68     1983     9016      9232129195      9232138211        12641370       7021       2000      10000         11
   0       68     1984     9158      9232139053      9232148210        12651228       7163       2000      10000         11
   0       68     1983     9266      9232148944      9232158209        12661119       7272       2000      10000         10
   0       68     1983     7880      9232160331      9232168210        12672506       5885       2000      10000         11
   0       68     1983     9228      9232168983      9232178211        12681159       7232       2000      10000         11
   0       68     1983     8895      9232179314      9232188209        12691490       6900       2000      10000          9
   0       68     1983     9226      9232188985      9232198211        12701161       7231       2000      10000         11
   0       68     1984     8091      9232200118      9232208209        12712293       6097       2000      10000          9
   0       68     1983     8303      9232209905      9232218209        12722081       6310       2000      10000          9
   0       68     1983     8082      9232220128      9232228210        12732304       6087       2000      10000         10
   0       68     1983     9040      9232229170      9232238209        12741345       7046       2000      10000          9
   0       68     1983     9285      9232238924      9232248210        12751100       7292       2000      10000         10
   0       68     1983     8312      9232249897      9232258209        12762073       6318       2000      10000         10
   0       68     1983     8842      9232259368      9232268210        12771544       6848       2000      10000         10
   0       68     1983     9301      9232268909      9232278210        12781085       7307       2000      10000         10
   0       68     2014     9279      9232278931      9232288210        12791107       7254       2000      10000         10
   0       68     1983     8164      9232290046      9232298211        12802222       6169       2000      10000         11
   0       68     1984     8957      9232299253      9232308211        12811429       6961       2000      10000         11
   0       68     1983     9314      9232308896      9232318210        12821072       7319       2000      10000         10
   0       68     1983     8918      9232319292      9232328210        12831468       6924       2000      10000         10
   0       68     1983     8975      9232329234      9232338209        12841410       6982       2000      10000          9
   0       68     1983     9245      9232338963      9232348209        12851139       7252       2000      10000          9
   0       68     1983     8068      9232350142      9232358210        12862317       6074       2000      10000         10
   0       68     1983     7571      9232360638      9232368210        12872814       5577       2000      10000         10
   0       68     1984     8208      9232370002      9232378209        12882177       6214       2000      10000         10
   0       68     1983     8329      9232379879      9232388209        12892055       6336       2000      10000          9
   0       68     1983     8212      9232389997      9232398210        12902173       6218       2000      10000         10
   0       68     1984     8097      9232400112      9232408209        12912288       6103       2000      10000          9
   0       68     1984     8252      9232409956      9232418209        12922132       6259       2000      10000          9
   0       68     1983     8901      9232419310      9232428212        12931486       6905       2000      10000         12
   0       68     1983     7911      9232430298      9232438209        12942473       5918       2000      10000          9
   0       68     1983     9258      9232438951      9232448209        12951127       7265       2000      10000          9
   0       68     1984     9328      9232448881      9232458209        12961057       7334       2000      10000          9
   0       68     1983     9170      9232459041      9232468212        12971217       7174       2000      10000         12
   0       68     1984     9013      9232469196      9232478209        12981372       7018       2000      10000          9
   0       68     1984     8045      9232480164      9232488209        12992340       6051       2000      10000          9
   0       68     1983     9164      9232489047      9232498210        13001223       7169       2000      10000         10
   0       68     1984     8047      9232500170      9232508217        13012346       6045       2000      10000         17
   0       68     1985     8190      9232510018      9232518209        13022194       6196       2000      10000          9
   0       68     1983     8121      9232520089      9232528210        13032264       6127       2000      10000         10
   0       68     1983     8874      9232529335      9232538209        13041511       6881       2000      10000          9
   0       68     1983     9331      9232538879      9232548210        13051055       7337       2000      10000         10
   0       68     1984     9311      9232548897      9232558208        13061073       7318       2000      10000          8
   0       68     1983     8239      9232559971      9232568210        13072147       6245       2000      10000         10
   0       68     1983     9105      9232569104      9232578209        13081279       7112       2000      10000          9
   0       68     1983     9331      9232578879      9232588210        13091055       7337       2000      10000         10
   0       68     1983     9243      9232588967      9232598210        13101143       7249       2000      10000         11
   0       68     1983     8302      9232599907      9232608209        13112083       6308       2000      10000          9
   0       68     1983     8278      9232609932      9232618210        13122108       6284       2000      10000         10
   0       68     1983     8113      9232620097      9232628210        13132273       6118       2000      10000         10
   0       68     1983     7095      9232631116      9232638211        13143292       5100       2000      10000         11
   0       68     1984     9286      9232638923      9232648209        13151099       7293       2000      10000          9
   0       68     1983     8129      9232650081      9232658210        13162257       6135       2000      10000         11
   0       68     1983     7980      9232660230      9232668210        13172405       5986       2000      10000         10
   0       68     1983     8252      9232669958      9232678210        13182133       6259       2000      10000         10
   0       68     1984     9352      9232678858      9232688209        13191033       7358       2000      10000         10
   0       68     1983     9182      9232689027      9232698209        13201203       7189       2000      10000          9
   0       68     1984     9108      9232699102      9232708210        13211277       7113       2000      10000         10
   0       68     1983     9218      9232708992      9232718211        13221168       7224       2000      10000         11
   0       68     1983     8054      9232720155      9232728209        13232331       6061       2000      10000          9
   0       68     1983     8882      9232729329      9232738211        13241505       6887       2000      10000         11
   0       68     1984     8184      9232740025      9232748209        13252201       6190       2000      10000          9
   0       68     1983     8238      9232749972      9232758210        13262148       6244       2000      10000         10
   0       68     1983     7848      9232760361      9232768210        13272537       5854       2000      10000         10
   0       68     1983     9329      9232768881      9232778211        13281057       7334       2000      10000         11
   0       68     1984     9113      9232779097      9232788209        13291273       7118       2000      10000         10
   0       68     1983     9244      9232788966      9232798209        13301142       7250       2000      10000         10
   0       68     1984     8755      9232799455      9232808210        13311631       6760       2000      10000         10
   0       68     1983     8206      9232810003      9232818208        13322179       6213       2000      10000          8
   0       68     1983     8138      9232820072      9232828210        13332248       6144       2000      10000         10
   0       68     1983     8822      9232829387      9232838209        13341563       6828       2000      10000         10
   0       68     1983     9248      9232838963      9232848211        13351139       7253       2000      10000         11
   0       68     1983     8291      9232849919      9232858210        13362095       6297       2000      10000         10
   0       68     1983     8841      9232859367      9232868208        13371543       6848       2000      10000          9
   0       68     1984     9311      9232868897      9232878208        13381073       7318       2000      10000          8
   0       68     1984     8296      9232879914      9232888210        13392090       6301       2000      10000         10
   0       68     1983     9203      9232889015      9232898219        13401191       7201       2000      10000         19
   0       68     1984     8275      9232899934      9232908208        13412110       6282       2000      10000          9
   0       68     1984     8266      9232909943      9232918209        13422119       6272       2000      10000         10
   0       68     1983     8164      9232920044      9232928208        13432220       6172       2000      10000          8
   0       68     1983     6860      9232931352      9232938212        13443528       4864       2000      10000         12
   0       68     1983     8322      9232939889      9232948211        13452065       6327       2000      10000         11
   0       68     1983     9014      9232949196      9232958210        13461372       7020       2000      10000         11
   0       68     1984     7381      9232960829      9232968210        13473004       5386       2000      10000         10
   0       68     1984     8251      9232969959      9232978210        13482135       6256       2000      10000         11
   0       68     1983     8208      9232980002      9232988210        13492178       6214       2000      10000         10
   0       68     1983     9054      9232989157      9232998211        13501333       7059       2000      10000         11
   0       68     1983     7923      9233000286      9233008209        13512462       5929       2000      10000          9
   0       68     1983     9288      9233008921      9233018209        13521097       7295       2000      10000          9
   0       68     1983     7925      9233020285      9233028211        13532461       5930       2000      10000         11
   0       68     1983     8992      9233029218      9233038209        13541393       6998       2000      10000         10
   0       68     1983     8304      9233039905      9233048209        13552081       6311       2000      10000          9
   0       68     1983     8261      9233049949      9233058210        13562125       6266       2000      10000         10
   0       68     1983     8925      9233059284      9233068210        13571460       6931       2000      10000         10
   0       68     1983     9308      9233068901      9233078210        13581077       7314       2000      10000         10
   0       68     1984     9323      9233078887      9233088210        13591063       7328       2000      10000         10
   0       68     1983     9227      9233089003      9233098230        13601179       7213       2000      10000         30
   0       68     1984     8791      9233099419      9233108210        13611595       6796       2000      10000         10
   0       68     1983     9291      9233108918      9233118209        13621094       7297       2000      10000          9
   0       68     1983     9031      9233119178      9233128209        13631354       7037       2000      10000          9
   0       68     1983     7898      9233130312      9233138210        13642488       5904       2000      10000         10
   0       68     1984     8025      9233140184      9233148210        13652360       6031       2000      10000         10
   0       68     1983     9277      9233148933      9233158210        13661109       7283       2000      10000         10
   0       68     1983     7934      9233160276      9233168210        13672452       5939       2000      10000         10
   0       68     1984     7940      9233170268      9233178209        13682444       5946       2000      10000          9
   0       68     1983     8124      9233180085      9233188209        13692261       6130       2000      10000          9
   0       68     1983     8260      9233189951      9233198211        13702127       6265       2000      10000         11
   0       68     1983     8982      9233199226      9233208208        13711402       6990       2000      10000          8
   0       68     1983     9244      9233208966      9233218210        13721142       7250       2000      10000         10
   0       68     1983     8907      9233219302      9233228209        13731478       6914       2000      10000          9
   0       68     1984     8131      9233230079      9233238210        13742255       6137       2000      10000         10
   0       68     1983     9309      9233238900      9233248209        13751076       7316       2000      10000          9
   0       68     1984     9310      9233248899      9233258209        13761075       7316       2000      10000          9
   0       68     1983     8727      9233259484      9233268211        13771660       6732       2000      10000         11
   0       68     1983     9243      9233268967      9233278210        13781143       7249       2000      10000         10
   0       68     1983     9244      9233278966      9233288210        13791142       7249       2000      10000         10
   0       68     1983     8325      9233289886      9233298211        13802062       6330       2000      10000         11
   0       68     1983     8894      9233299315      9233308209        13811491       6901       2000      10000          9
   0       68     1983     8888      9233309323      9233318211        13821499       6893       2000      10000         11
   0       68     1983     8108      9233320104      9233328212        13832280       6112       2000      10000         12
   0       68     1983     8964      9233329244      9233338208        13841420       6972       2000      10000          8
   0       68     1983     8301      9233339908      9233348209        13852084       6307       2000      10000          9
   0       68     1983     8292      9233349917      9233358209        13862093       6298       2000      10000         10
   0       68     1983     7671      9233360538      9233368209        13872714       5678       2000      10000          9
   0       68     1983     8301      9233369908      9233378209        13882084       6308       2000      10000          9
   0       68     1984     9184      9233379025      9233388209        13891201       7190       2000      10000          9
   0       68     1983     9252      9233388960      9233398212        13901136       7256       2000      10000         12
   0       68     1984     9012      9233399198      9233408209        13911373       7017       2000      10000         10
   0       68     1983     9264      9233408946      9233418210        13921122       7270       2000      10000         10
   0       68     1983     8986      9233419225      9233428211        13931401       6990       2000      10000         11
   0       68     1983     8018      9233430191      9233438209        13942367       6025       2000      10000          9
   0       68     1984     8994      9233439215      9233448209        13951390       7000       2000      10000          9
   0       68     1983     9175      9233449034      9233458210        13961210       7181       2000      10000         10
   0       68     1983     5333      9233462876      9233468209        13975051       3340       2000      10000          9
   0       68     1983     8193      9233470016      9233478209        13982191       6200       2000      10000          9
   0       68     1983     9290      9233478920      9233488210        13991096       7296       2000      10000         10
   0       68     1983     9198      9233489011      9233498209        14001187       7205       2000      10000          9
   0       68     1983     9160      9233499050      9233508210        14011226       7166       2000      10000         10
   0       68     1983     8275      9233509935      9233518210        14022111       6281       2000      10000         10
   0       68     1983     8063      9233520146      9233528209        14032322       6070       2000      10000          9
   0       68     1983     8916      9233529293      9233538209        14041469       6922       2000      10000          9
   0       68     1984     8272      9233539938      9233548209        14052114       6277       2000      10000          9
   0       68     1983     9302      9233548907      9233558209        14061083       7309       2000      10000          9
   0       68     1983     8835      9233559374      9233568209        14071550       6841       2000      10000          9
   0       68     1984     9146      9233569064      9233578210        14081240       7151       2000      10000         10
   0       68     1983     9322      9233578889      9233588211        14091065       7326       2000      10000         11
   0       68     1983     8133      9233590076      9233598210        14102252       6140       2000      10000         10
   0       68     1983     8967      9233599243      9233608210        14111419       6972       2000      10000         10
   0       68     1984     8017      9233610193      9233618211        14122369       6022       2000      10000         11
   0       68     2005     8058      9233620151      9233628209        14132327       6043       2000      10000          9
   0       68     1983     9033      9233629176      9233638209        14141352       7040       2000      10000          9
   0       68     1983     9352      9233638858      9233648209        14151034       7358       2000      10000         10
   0       68     1983     9269      9233648939      9233658209        14161115       7276       2000      10000          9
   0       68     1983     8203      9233660006      9233668209        14172182       6209       2000      10000          9
   0       68     1983     9259      9233668950      9233678209        14181126       7266       2000      10000          9
   0       68     1983     8266      9233679944      9233688209        14192119       6272       2000      10000          9
   0       68     1983     8714      9233689495      9233698209        14201670       6721       2000      10000          9
   0       68     1983     6666      9233701545      9233708211        14213721       4670       2000      10000         11
   0       68     1984     8888      9233709322      9233718210        14221498       6894       2000      10000         10
   0       68     1983     8814      9233719395      9233728210        14231571       6820       2000      10000         10
   0       68     1983     9150      9233729062      9233738211        14241237       7154       2000      10000         11
   0       68     1983     7977      9233740232      9233748210        14252408       5983       2000      10000         10
   0       68     1983     9234      9233748976      9233758211        14261152       7239       2000      10000         11
   0       68     1983     7885      9233760324      9233768210        14272500       5891       2000      10000         10
   0       68     1983     6897      9233771312      9233778209        14283488       4904       2000      10000          9
   0       68     1983     8117      9233780093      9233788210        14292269       6122       2000      10000         10
   0       68     1983     9135      9233789076      9233798210        14301252       7140       2000      10000         10
   0       68     1983     5739      9233802471      9233808211        14314647       3744       2000      10000         11
   0       68     1984     9154      9233809056      9233818210        14321232       7159       2000      10000         10
   0       68     1984     7938      9233820277      9233828215        14332453       5939       2000      10000         15
   0       68     1983     8940      9233829271      9233838211        14341446       6945       2000      10000         11
   0       68     1983     8948      9233839262      9233848210        14351438       6953       2000      10000         10
   0       68     1983     9279      9233848931      9233858210        14361107       7285       2000      10000         10
   0       68     1983     8407      9233859804      9233868211        14371980       6411       2000      10000         11
   0       68     1983     7943      9233870266      9233878209        14382442       5950       2000      10000          9
   0       68     1983     8187      9233880024      9233888211        14392200       6192       2000      10000         11
   0       68     1983     8086      9233890125      9233898211        14402301       6091       2000      10000         11
   0       68     1984     8484      9233899735      9233908219        14411910       6480       2000      10000         19
   0       68     2013     8122      9233910089      9233918211        14422265       6097       2000      10000         11
   0       68     1983     7830      9233920379      9233928210        14432555       5837       2000      10000         10
   0       68     1984     7988      9233930222      9233938210        14442398       5993       2000      10000         10
   0       68     1983     9164      9233939045      9233948209        14451221       7171       2000      10000          9
   0       68     1983     8021      9233950189      9233958210        14462365       6027       2000      10000         10
   0       68     1983     6373      9233961836      9233968209        14474012       4379       2000      10000         10
   0       68     1983     8158      9233970051      9233978208        14482226       6165       2000      10000          9
   0       68     1983     9273      9233978937      9233988210        14491113       7279       2000      10000         10
   0       68     1983     8148      9233990068      9233998216        14502244       6148       2000      10000         16
   0       68     1983     7832      9234000378      9234008210        14512554       5838       2000      10000         10
   0       68     1984     8188      9234010022      9234018210        14522198       6193       2000      10000         10
   0       68     1983     8852      9234019358      9234028210        14531534       6858       2000      10000         10
   0       68     1984     8052      9234030157      9234038210        14542333       6058       2000      10000         10
   0       68     1983     9272      9234038937      9234048210        14551113       7279       2000      10000         10
   0       68     1984     9328      9234048882      9234058210        14561058       7333       2000      10000         11
   0       68     1983     8495      9234059715      9234068211        14571891       6501       2000      10000         11
   0       68     1984     9184      9234069025      9234078209        14581201       7190       2000      10000          9
   0       68     1983     9199      9234079011      9234088209        14591187       7205       2000      10000         10
   0       68     1983     9195      9234089017      9234098212        14601193       7199       2000      10000         13
   0       68     1983     8737      9234099473      9234108210        14611649       6743       2000      10000         10
   0       68     1984     8156      9234110053      9234118209        14622228       6163       2000      10000          9
   0       68     1983     7763      9234120447      9234128210        14632623       5769       2000      10000         10
   0       68     1983     8005      9234130205      9234138210        14642381       6011       2000      10000         10
   0       68     1984     9326      9234138884      9234148210        14651060       7331       2000      10000         10
   0       68     2013     9319      9234148891      9234158210        14661067       7295       2000      10000         10
   0       68     2013     7977      9234160232      9234168209        14672408       5953       2000      10000         10
   0       68     1983     8263      9234169946      9234178209        14682122       6269       2000      10000          9
   0       68     1983     8268      9234179941      9234188209        14692117       6275       2000      10000          9
   0       68     1983     8137      9234190073      9234198209        14702248       6143       2000      10000         10
   0       68     1983     8217      9234199993      9234208210        14712169       6223       2000      10000         10
   0       68     1984     9246      9234208963      9234218209        14721139       7253       2000      10000          9
   0       68     1983     8173      9234220037      9234228209        14732213       6179       2000      10000         10
   0       68     1983     8225      9234229986      9234238211        14742162       6230       2000      10000         11
   0       68     1983     8968      9234239241      9234248209        14751417       6975       2000      10000          9
   0       68     1983     7968      9234250240      9234258209        14762416       5975       2000      10000          9
   0       68     1983     8776      9234259433      9234268210        14771609       6782       2000      10000         10
   0       68     1983     7981      9234270228      9234278209        14782404       5987       2000      10000          9
   0       68     1983     9273      9234278936      9234288209        14791112       7280       2000      10000         10
   0       68     1983     9192      9234289017      9234298210        14801193       7198       2000      10000         10
   0       68     1985     9020      9234299189      9234308209        14811365       7026       2000      10000          9
   0       68     1983     9238      9234308973      9234318210        14821148       7243       2000      10000         10
   0       68     1983     8012      9234320198      9234328210        14832374       6018       2000      10000         11
   0       68     1983     8946      9234329265      9234338211        14841441       6951       2000      10000         11
   0       68     1983     8291      9234339918      9234348209        14852093       6298       2000      10000          9
   0       68     1983     8224      9234349986      9234358210        14862161       6230       2000      10000         10
   0       68     1983     8923      9234359285      9234368209        14871461       6930       2000      10000          9
   0       68     1983     8309      9234369902      9234378211        14882078       6313       2000      10000         11
   0       68     1983     9161      9234379048      9234388209        14891224       7168       2000      10000          9
   0       68     1983     8049      9234390160      9234398210        14902336       6055       2000      10000         10
   0       68     1983     8691      9234399518      9234408209        14911694       6698       2000      10000          9
   0       68     1983     9239      9234408971      9234418210        14921147       7245       2000      10000         10
   0       68     1983     8691      9234419518      9234428210        14931694       6697       2000      10000         10
   0       68     1983     8996      9234429213      9234438210        14941389       7002       2000      10000         10
   0       68     1983     9219      9234438989      9234448208        14951165       7226       2000      10000          9
   0       68     1983     9323      9234448887      9234458210        14961063       7329       2000      10000         10
   0       68     1983     8913      9234459296      9234468209        14971471       6920       2000      10000          9
   0       68     1983     9301      9234468909      9234478210        14981085       7307       2000      10000         10
   0       68     1983     8296      9234479913      9234488209        14992089       6303       2000      10000          9
   0       68     1983     9188      9234489020      9234498208        15001196       7195       2000      10000          8
   0       68     1984     8047      9234500161      9234508208        15012337       6054       2000      10000          8
   0       68     1984     8223      9234509986      9234518209        15022162       6229       2000      10000          9
   0       68     1983     8202      9234520016      9234528219        15032192       6200       2000      10000         19
   0       68     1983     7902      9234530308      9234538209        15042484       5908       2000      10000         10
   0       68     1984     9274      9234538937      9234548212        15051113       7278       2000      10000         12
   0       68     1984     9016      9234549196      9234558212        15061372       7019       2000      10000         12
   0       68     1983     7985      9234560231      9234568215        15072407       5984       2000      10000         16
   0       68     1984     7966      9234570242      9234578208        15082418       5973       2000      10000          8
   0       68     1983     8225      9234579984      9234588209        15092160       6232       2000      10000          9
   0       68     1983     9023      9234589187      9234598210        15101363       7028       2000      10000         11
   0       68     1984     8314      9234599896      9234608210        15112072       6319       2000      10000         10
   0       68     1983     9312      9234608898      9234618209        15121074       7318       2000      10000          9
   0       68     1983     8869      9234619341      9234628209        15131516       6875       2000      10000         10
   0       68     1983     8855      9234629355      9234638210        15141531       6861       2000      10000         10
   0       68     1984     9181      9234639029      9234648210        15151205       7186       2000      10000         10
   0       68     1984     9270      9234648940      9234658210        15161116       7276       2000      10000         10
   0       68     1983     8745      9234659464      9234668209        15171640       6752       2000      10000          9
   0       68     1983     8210      9234670001      9234678210        15182176       6215       2000      10000         10
   0       68     1983     9259      9234678951      9234688210        15191127       7265       2000      10000         10
   0       68     1983     8199      9234690012      9234698211        15202187       6204       2000      10000         11
   0       68     1984     7856      9234700353      9234708209        15212529       5861       2000      10000          9
   0       68     1983     8315      9234709895      9234718210        15222070       6321       2000      10000         10
   0       68     1983     8710      9234719500      9234728211        15231676       6715       2000      10000         11
   0       68     1983     8947      9234729267      9234738214        15241442       6949       2000      10000         14
   0       68     1983     8177      9234740032      9234748209        15252208       6184       2000      10000          9
   0       68     1983     8255      9234749954      9234758209        15262130       6262       2000      10000          9
   0       68     2014     8146      9234760065      9234768211        15272241       6121       2000      10000         11
   0       68     1984     8076      9234770134      9234778210        15282310       6081       2000      10000         10
   0       68     1983     8204      9234780014      9234788219        15292190       6201       2000      10000         19
   0       68     1983     9197      9234789013      9234798210        15301189       7203       2000      10000         11
   0       68     1984     9016      9234799193      9234808210        15311369       7022       2000      10000         10
   0       68     1983     9284      9234808925      9234818209        15321101       7290       2000      10000         10
   0       68     1983     8738      9234819471      9234828209        15331647       6744       2000      10000         10
   0       68     1983     9218      9234828992      9234838210        15341167       7224       2000      10000         10
   0       68     1984     8837      9234839373      9234848210        15351549       6842       2000      10000         10
   0       68     1983     8260      9234849949      9234858210        15362125       6267       2000      10000         10
   0       68     1983     8867      9234859344      9234868211        15371520       6872       2000      10000         11
   0       68     1984     8994      9234869216      9234878210        15381392       7000       2000      10000         10
   0       68     1983     9229      9234878981      9234888210        15391157       7235       2000      10000         10
   0       68     1983     9147      9234889062      9234898209        15401238       7153       2000      10000         10
   0       68     1983     8246      9234899970      9234908217        15412146       6246       2000      10000         17
   0       68     1983     9188      9234909021      9234918209        15421197       7195       2000      10000          9
   0       68     1983     8968      9234919243      9234928211        15431419       6972       2000      10000         11
   0       68     1983     7698      9234930511      9234938209        15442687       5705       2000      10000          9
   0       68     1983     8277      9234939932      9234948210        15452108       6284       2000      10000         10
   0       68     1983     8303      9234949907      9234958210        15462083       6309       2000      10000         10
   0       68     1983     7989      9234960220      9234968210        15472396       5995       2000      10000         10
   0       68     1983     9263      9234968947      9234978210        15481122       7269       2000      10000         10
   0       68     1984     9162      9234979048      9234988210        15491224       7167       2000      10000         10
   0       68     1983     9171      9234989039      9234998209        15501214       7177       2000      10000         10
   0       68     1983     7882      9235000329      9235008211        15512505       5887       2000      10000         11
   0       68     1983     8249      9235009960      9235018209        15522136       6255       2000      10000         10
   0       68     1984     8942      9235019269      9235028211        15531445       6946       2000      10000         11
   0       68     1983     8037      9235030172      9235038209        15542348       6043       2000      10000          9
   0       68     1983     9240      9235038970      9235048210        15551146       7246       2000      10000         10
   0       68     1983     9251      9235048960      9235058211        15561136       7256       2000      10000         11
   0       68     1983     8983      9235059227      9235068210        15571403       6989       2000      10000         10
   0       68     1983     8958      9235069252      9235078210        15581428       6964       2000      10000         10
   0       68     1983     7964      9235080246      9235088210        15592422       5970       2000      10000         10
   0       68     1983     9219      9235088991      9235098210        15601167       7225       2000      10000         10
   0       68     1983     8279      9235099930      9235108209        15612106       6286       2000      10000         10
   0       68     1983     9323      9235108887      9235118209        15621062       7329       2000      10000          9
   0       68     1983     8155      9235120053      9235128209        15632229       6163       2000      10000          9
   0       68     1983     9078      9235129132      9235138210        15641308       7083       2000      10000         10
   0       68     1983     8222      9235139987      9235148209        15652163       6229       2000      10000          9
   0       68     1983     8276      9235149934      9235158210        15662110       6282       2000      10000         10
   0       68     1983     8827      9235159383      9235168209        15671559       6833       2000      10000         10
   0       68     1983     9174      9235169035      9235178208        15681211       7181       2000      10000          9
   0       68     1983     9290      9235178921      9235188211        15691097       7295       2000      10000         11
   0       68     1983     9257      9235188954      9235198211        15701130       7262       2000      10000         11
   0       68     1984     8154      9235200056      9235208210        15712231       6160       2000      10000         10
   0       68     1984     7116      9235211094      9235218210        15723270       5121       2000      10000         10
   0       68     1983     8790      9235219422      9235228212        15731597       6794       2000      10000         12
   0       68     1984     7844      9235230367      9235238210        15742542       5848       2000      10000         11
   0       68     1983     9290      9235238920      9235248209        15751096       7295       2000      10000          9
   0       68     1984     9265      9235248947      9235258212        15761123       7269       2000      10000         12
   0       68     1983     7981      9235260228      9235268209        15772404       5987       2000      10000          9
   0       68     1984     9327      9235268882      9235278209        15781058       7333       2000      10000          9
   0       68     1983     9225      9235278984      9235288209        15791160       7232       2000      10000          9
   0       68     1983     9253      9235288958      9235298211        15801134       7258       2000      10000         11
   0       68     1984     7810      9235300404      9235308214        15812580       5811       2000      10000         14
   0       68     1983     8253      9235309956      9235318209        15822132       6260       2000      10000         10
   0       68     1984     8147      9235320065      9235328212        15832241       6150       2000      10000         12
   0       68     1983     9030      9235329180      9235338210        15841356       7036       2000      10000         10
   0       68     1983     9226      9235338984      9235348210        15851160       7232       2000      10000         10
   0       68     1983     9247      9235348962      9235358209        15861138       7254       2000      10000          9
   0       68     1983     7890      9235360319      9235368209        15872494       5897       2000      10000          9
   0       68     1983     8259      9235369950      9235378209        15882126       6266       2000      10000          9
   0       68     1984     7742      9235380468      9235388210        15892644       5746       2000      10000         10
   0       68     1983     9264      9235388945      9235398209        15901121       7271       2000      10000          9
   0       68     1983     8212      9235399998      9235408210        15912174       6218       2000      10000         10
   0       68     1983     9297      9235408912      9235418209        15921088       7303       2000      10000         10
   0       68     1983     7819      9235420390      9235428209        15932566       5825       2000      10000          9
   0       68     1983     8272      9235429937      9235438209        15942113       6279       2000      10000          9
   0       68     1983     9274      9235438935      9235448209        15951111       7281       2000      10000          9
   0       68     1984     9140      9235449073      9235458213        15961249       7142       2000      10000         13
   0       68     1983     7617      9235460591      9235468209        15972767       5624       2000      10000          9
   0       68     1983     8270      9235469939      9235478209        15982115       6277       2000      10000          9
   0       68     1983     8216      9235479994      9235488210        15992170       6222       2000      10000         10
   0       68     1983     9014      9235489196      9235498210        16001372       7020       2000      10000         10
   0       68     1985     7969      9235500241      9235508210        16012417       5974       2000      10000         10
   0       68     1984     9007      9235509203      9235518210        16021379       7012       2000      10000         10
   0       68     1983     8980      9235519230      9235528210        16031406       6986       2000      10000         10
   0       68     1983     7893      9235530316      9235538209        16042492       5900       2000      10000          9
   0       68     2013     8139      9235540070      9235548210        16052246       6115       2000      10000         10
   0       68     1983     8073      9235550136      9235558209        16062311       6080       2000      10000          9
   0       68     1983     9244      9235558965      9235568209        16071141       7251       2000      10000          9
   0       68     1983     7818      9235570391      9235578209        16082567       5825       2000      10000          9
   0       68     1984     9300      9235578909      9235588210        16091085       7306       2000      10000         10
   0       68     1983     9254      9235588957      9235598211        16101133       7259       2000      10000         12
   0       68     1983     9159      9235599050      9235608210        16111226       7165       2000      10000         10
   0       68     1983     9200      9235609018      9235618218        16121194       7198       2000      10000         19
   0       68     1983     8775      9235619436      9235628211        16131612       6780       2000      10000         11
   0       68     1983     9288      9235628922      9235638210        16141098       7294       2000      10000         10
   0       68     1984     8316      9235639897      9235648213        16152073       6318       2000      10000         13
   0       68     1984     9275      9235648934      9235658209        16161110       7281       2000      10000         10
   0       68     1983     9042      9235659167      9235668210        16171343       7049       2000      10000         10
   0       68     1984     8853      9235669359      9235678212        16181534       6857       2000      10000         12
   0       68     1984     8876      9235679334      9235688210        16191510       6881       2000      10000         10
   0       68     1983     9115      9235689094      9235698209        16201270       7122       2000      10000         10
   0       68     1983     8254      9235699956      9235708210        16212132       6260       2000      10000         10
   0       68     1984     9327      9235708883      9235718210        16221059       7332       2000      10000         10
   0       68     1983     7701      9235720510      9235728211        16232686       5706       2000      10000         11
   0       68     1983     8037      9235730174      9235738211        16242350       6041       2000      10000         11
   0       68     1983     9207      9235739003      9235748210        16251179       7213       2000      10000         10
   0       68     1983     8280      9235749929      9235758209        16262105       6287       2000      10000          9
   0       68     1984     6744      9235761465      9235768209        16273641       4749       2000      10000          9
   0       68     1983     9270      9235768939      9235778208        16281115       7277       2000      10000          9
   0       68     1983     9236      9235778973      9235788210        16291149       7242       2000      10000         10
   0       68     1983     8202      9235790008      9235798210        16302184       6207       2000      10000         10
   0       68     1984     9032      9235799178      9235808210        16311354       7037       2000      10000         10
   0       68     1984     9320      9235808896      9235818215        16321071       7319       2000      10000         16
   0       68     1983     8118      9235820091      9235828209        16332267       6125       2000      10000         10
   0       68     1983     8004      9235830205      9235838209        16342380       6011       2000      10000          9
   0       68     1983     8285      9235839924      9235848209        16352100       6292       2000      10000         10
   0       68     1983     8288      9235849921      9235858210        16362097       6294       2000      10000         10
   0       68     1983     8846      9235859364      9235868209        16371540       6852       2000      10000          9
   0       68     1983     9041      9235869168      9235878210        16381344       7048       2000      10000         10
   0       68     1984     9278      9235878930      9235888208        16391106       7284       2000      10000          8
   0       68     1983     7853      9235890357      9235898210        16402533       5859       2000      10000         10
   0       68     1984     7949      9235900260      9235908210        16412436       5955       2000      10000         10
   0       68     1983     9309      9235908900      9235918209        16421076       7316       2000      10000          9
   0       68     1984     8940      9235919270      9235928210        16431446       6945       2000      10000         10
   0       68     1983     7897      9235930312      9235938209        16442488       5904       2000      10000          9
   0       68     1983     9211      9235938998      9235948209        16451174       7218       2000      10000          9
   0       68     1984     9329      9235948880      9235958209        16461056       7335       2000      10000          9
   0       68     1983     7893      9235960317      9235968210        16472493       5898       2000      10000         10
   0       68     1983     8309      9235969900      9235978209        16482076       6316       2000      10000          9
   0       68     1983     8306      9235979904      9235988210        16492080       6312       2000      10000         10
   0       68     1983     8204      9235990007      9235998211        16502183       6208       2000      10000         11
   0       68     1983     8118      9236000091      9236008209        16512266       6125       2000      10000          9
   0       68     1984     9235      9236008974      9236018210        16521150       7241       2000      10000         10
   0       68     1983     8768      9236019441      9236028209        16531617       6774       2000      10000          9
   0       68     1983     8897      9236029311      9236038208        16541487       6904       2000      10000          8
   0       68     1983     8024      9236040186      9236048209        16552361       6030       2000      10000         10
   0       68     1985     9337      9236048874      9236058211        16561050       7340       2000      10000         11
   0       68     1983     7936      9236060274      9236068209        16572449       5942       2000      10000          9
   0       68     1984     9339      9236068870      9236078209        16581045       7345       2000      10000          9
   0       68     1983     8303      9236079907      9236088209        16592082       6309       2000      10000          9
   0       68     1983     9233      9236088977      9236098211        16601153       7238       2000      10000         11
   0       68     1984     8876      9236099333      9236108209        16611509       6882       2000      10000          9
   0       68     1983     8172      9236110037      9236118209        16622213       6179       2000      10000          9
   0       68     1983     8194      9236120015      9236128209        16632191       6201       2000      10000          9
   0       68     1983     8595      9236129614      9236138210        16641790       6601       2000      10000         10
   0       68     1983     9295      9236138914      9236148209        16651090       7301       2000      10000          9
   0       68     1983     9325      9236148884      9236158210        16661060       7332       2000      10000         10
   0       68     1983     6971      9236161240      9236168212        16673416       4975       2000      10000         12
   0       68     1984     8118      9236170092      9236178209        16682268       6123       2000      10000          9
   0       68     1983     9219      9236178991      9236188210        16691166       7225       2000      10000         10
   0       68     1983     8950      9236189259      9236198209        16701435       6957       2000      10000          9
   0       68     1983     8236      9236199974      9236208210        16712150       6242       2000      10000         10
   0       68     1983     8835      9236209374      9236218209        16721549       6842       2000      10000          9
   0       68     1983     8971      9236219238      9236228209        16731414       6978       2000      10000          9
   0       68     1983     8907      9236229301      9236238208        16741477       6915       2000      10000          8
   0       68     1983     8303      9236239905      9236248209        16752081       6310       2000      10000          9
   0       68     1984     8304      9236249905      9236258209        16762081       6311       2000      10000          9
   0       68     1983     7947      9236260261      9236268209        16772437       5954       2000      10000          9
   0       68     1984     9320      9236268889      9236278209        16781065       7326       2000      10000          9
   0       68     1983     9314      9236278894      9236288208        16791070       7321       2000      10000          9
   0       68     1983     9238      9236288974      9236298212        16801149       7242       2000      10000         12
   0       68     1983     8964      9236299246      9236308210        16811422       6970       2000      10000         10
   0       68     1983     9274      9236308936      9236318210        16821112       7280       2000      10000         10
   0       68     1983     8023      9236320186      9236328209        16832362       6029       2000      10000         10
   0       68     1983     8233      9236329977      9236338210        16842153       6239       2000      10000         10
   0       68     1983     8828      9236339381      9236348209        16851557       6834       2000      10000          9
   0       68     1983     8160      9236350050      9236358210        16862226       6166       2000      10000         10
   0       68     1983     4121      9236364088      9236368209        16876264       2128       2000      10000          9
   0       68     1983     6863      9236371346      9236378209        16883522       4869       2000      10000          9
   0       68     1983     9317      9236378893      9236388210        16891069       7323       2000      10000         10
   0       68     1983     9258      9236388952      9236398210        16901127       7264       2000      10000         10
   0       68     1983     8192      9236400017      9236408209        16912193       6199       2000      10000          9
   0       68     1983     9299      9236408910      9236418209        16921086       7306       2000      10000          9
   0       68     1983     8919      9236419290      9236428209        16931466       6926       2000      10000          9
   0       68     1983     8883      9236429326      9236438209        16941502       6889       2000      10000          9
   0       68     1983     8296      9236439914      9236448210        16952090       6301       2000      10000         10
   0       68     1984     9229      9236448981      9236458210        16961157       7234       2000      10000         10
   0       68     1983     7965      9236460245      9236468210        16972421       5970       2000      10000         10
   0       68     1984     8184      9236470025      9236478209        16982201       6190       2000      10000          9
   0       68     1983     8280      9236479930      9236488209        16992106       6286       2000      10000         10
   0       68     1983     9007      9236489203      9236498210        17001379       7012       2000      10000         10
   0       68     1984     8874      9236499334      9236508208        17011510       6881       2000      10000          9
   0       68     1983     9257      9236508952      9236518209        17021128       7264       2000      10000          9
   0       68     1983     8969      9236519241      9236528210        17031417       6975       2000      10000         10
   0       68     1983     7310      9236530900      9236538210        17043076       5315       2000      10000         10
   0       68     1984     9200      9236539010      9236548209        17051185       7206       2000      10000          9
   0       68     1983     9260      9236548950      9236558210        17061126       7266       2000      10000         10
   0       68     1983     8938      9236559272      9236568210        17071448       6944       2000      10000         10
   0       68     1983     8323      9236569889      9236578212        17082065       6327       2000      10000         12
   0       68     1983     8240      9236579969      9236588209        17092145       6246       2000      10000          9
   0       68     1983     9185      9236589025      9236598210        17101201       7191       2000      10000         10
   0       68     1983     8227      9236599982      9236608209        17112158       6233       2000      10000         10
   0       68     1984     9339      9236608871      9236618211        17121047       7344       2000      10000         11
   0       68     2013     8772      9236619438      9236628210        17131614       6748       2000      10000         10
   0       68     1983     7876      9236630333      9236638209        17142509       5882       2000      10000          9
   0       68     1984     8993      9236639217      9236648209        17151393       6998       2000      10000          9
   0       68     1984     9169      9236649041      9236658210        17161217       7174       2000      10000         10
   0       68     1983     8863      9236659346      9236668209        17171522       6870       2000      10000          9
   0       68     1983     9332      9236668877      9236678209        17181053       7339       2000      10000          9
   0       68     1983     9240      9236678970      9236688210        17191146       7246       2000      10000         10
   0       68     1983     8135      9236690074      9236698210        17202250       6141       2000      10000         10
   0       68     1983     8939      9236699273      9236708212        17211449       6943       2000      10000         12
   0       68     1983     8286      9236709924      9236718210        17222100       6292       2000      10000         10
   0       68     1983     9062      9236719148      9236728210        17231323       7068       2000      10000         10
   0       68     1983     8959      9236729252      9236738210        17241428       6964       2000      10000         11
   0       68     1984     9090      9236739120      9236748209        17251296       7095       2000      10000         10
   0       68     1984     9321      9236748888      9236758210        17261064       7327       2000      10000         10
   0       68     1983     8939      9236759271      9236768210        17271447       6944       2000      10000         10
   0       68     1983     9166      9236769046      9236778213        17281222       7170       2000      10000         13
   0       68     1984     8029      9236780180      9236788210        17292356       6035       2000      10000         10
   0       68     1984     8400      9236789810      9236798210        17301986       6405       2000      10000         11
   0       68     1983     8022      9236800187      9236808209        17312363       6029       2000      10000          9
   0       68     1983     9152      9236809057      9236818210        17321233       7158       2000      10000         10
   0       68     1983     7851      9236820358      9236828209        17332534       5857       2000      10000          9
   0       68     1983     8291      9236829918      9236838209        17342094       6297       2000      10000          9
   0       68     1983     9256      9236838953      9236848209        17351128       7263       2000      10000          9
   0       68     1983     6613      9236851596      9236858210        17363772       4619       2000      10000         10
   0       68     1984     7904      9236860307      9236868212        17372483       5908       2000      10000         12
   0       68     1983     7205      9236871004      9236878209        17383180       5211       2000      10000         10
   0       68     1984     9183      9236879026      9236888209        17391202       7189       2000      10000          9
   0       68     1983     6948      9236891262      9236898210        17403438       4954       2000      10000         10
   0       68     1983     8253      9236899958      9236908210        17412133       6258       2000      10000         10
   0       68     1983     9260      9236908949      9236918209        17421125       7267       2000      10000          9
   0       68     1983     7077      9236921132      9236928209        17433308       5084       2000      10000          9
   0       68     1983     9276      9236928934      9236938209        17441110       7282       2000      10000          9
   0       68     1983     8101      9236940108      9236948209        17452284       6108       2000      10000         10
   0       68     1983     7845      9236950365      9236958209        17462541       5851       2000      10000         10
   0       68     1983     8995      9236959214      9236968209        17471390       7002       2000      10000          9
   0       68     1983     9156      9236969053      9236978209        17481229       7163       2000      10000         10
   0       68     1984     8085      9236980125      9236988209        17492301       6090       2000      10000          9
   0       68     1983     9207      9236989002      9236998210        17501178       7213       2000      10000         10
   0       68     1983     8111      9237000099      9237008211        17512275       6116       2000      10000         11
   0       68     1983     9258      9237008952      9237018210        17521128       7264       2000      10000         10
   0       68     1983     8985      9237019225      9237028210        17531401       6990       2000      10000         11
   0       68     1983     8109      9237030100      9237038208        17542276       6116       2000      10000          8
   0       68     1983     8173      9237040037      9237048210        17552213       6179       2000      10000         10
   0       68     1983     9263      9237048947      9237058209        17561122       7269       2000      10000          9
   0       68     1983     7971      9237060238      9237068209        17572414       5978       2000      10000         10
   0       68     1983     8212      9237069998      9237078209        17582174       6218       2000      10000         10
   0       68     1983     8308      9237079903      9237088211        17592079       6312       2000      10000         11
   0       68     1983     9186      9237089026      9237098212        17601202       7190       2000      10000         12
   0       68     1984     7932      9237100277      9237108209        17612453       5938       2000      10000          9
   0       68     1983     9296      9237108915      9237118211        17621091       7301       2000      10000         11
   0       68     1983     9039      9237119171      9237128210        17631347       7045       2000      10000         10
   0       68     1983     8011      9237130198      9237138210        17642374       6017       2000      10000         10
   0       68     1984     8177      9237140033      9237148210        17652209       6182       2000      10000         10
   0       68     1983     7939      9237150270      9237158210        17662446       5945       2000      10000         10
   0       68     1983     8928      9237159280      9237168208        17671456       6936       2000      10000          8
   0       68     1983     8269      9237169940      9237178209        17682116       6276       2000      10000          9
   0       68     1984     8319      9237179891      9237188210        17692067       6324       2000      10000         10
   0       68     1983     9210      9237188999      9237198210        17701175       7216       2000      10000         10
   0       68     1983     8982      9237199227      9237208210        17711403       6988       2000      10000         10
   0       68     1983     9254      9237208956      9237218210        17721132       7260       2000      10000         10
   0       68     1983     8021      9237220189      9237228210        17732365       6027       2000      10000         10
   0       68     1984     8000      9237230210      9237238209        17742386       6005       2000      10000          9
   0       68     1983     9276      9237238934      9237248210        17751110       7282       2000      10000         10
   0       68     1983     9316      9237248894      9237258210        17761070       7322       2000      10000         10
   0       68     1983     1984      9237266940      9237268924        17779116       -724       2000      10000          0
   0       68     1983     8299      9237269911      9237278210        17782087       6304       2000      10000         10
   0       68     1984     8991      9237279223      9237288214        17791399       6992       2000      10000         14
   0       68     1983     8965      9237289249      9237298214        17801425       6967       2000      10000         14
   0       68     1983     8878      9237299332      9237308210        17811508       6883       2000      10000         10
   0       68     1984     9295      9237308914      9237318208        17821089       7302       2000      10000          9
   0       68     1984     8079      9237320131      9237328210        17832307       6084       2000      10000         10
   0       68     1983     8821      9237329390      9237338210        17841565       6826       2000      10000         10
   0       68     1983     9307      9237338901      9237348208        17851077       7315       2000      10000          9
   0       68     2014     9327      9237348882      9237358209        17861058       7303       2000      10000          9
   0       68     1983     8853      9237359356      9237368210        17871532       6859       2000      10000         10
   0       68     1983     9235      9237368975      9237378210        17881151       7240       2000      10000         10
   0       68     1983     9290      9237378918      9237388209        17891094       7297       2000      10000          9
   0       68     1984     9216      9237388994      9237398210        17901170       7221       2000      10000         11
   0       68     1984     8328      9237399881      9237408209        17912057       6333       2000      10000         10
   0       68     1983     8284      9237409926      9237418210        17922102       6289       2000      10000         10
   0       68     1983     8122      9237420087      9237428209        17932263       6129       2000      10000         10
   0       68     1983     6024      9237432185      9237438209        17944360       4031       2000      10000          9
   0       68     1983     9226      9237438983      9237448209        17951159       7233       2000      10000          9
   0       68     1984     8954      9237449254      9237458209        17961430       6960       2000      10000          9
   0       68     1983     8023      9237460186      9237468209        17972362       6030       2000      10000          9
   0       68     1984     9233      9237468976      9237478209        17981152       7239       2000      10000          9
   0       68     1984     9332      9237478877      9237488209        17991053       7339       2000      10000          9
   0       68     1983     7739      9237490471      9237498209        18002647       5745       2000      10000          9
   0       68     1983     9290      9237498919      9237508209        18011095       7297       2000      10000          9
   0       68     1983     8325      9237509884      9237518209        18022060       6332       2000      10000          9
   0       68     1983     8138      9237520072      9237528209        18032247       6144       2000      10000          9
   0       68     1983     9104      9237529105      9237538209        18041281       7111       2000      10000          9
   0       68     1983     9206      9237539004      9237548210        18051180       7211       2000      10000         10
   0       68     1984     9334      9237548874      9237558209        18061050       7341       2000      10000          9
   0       68     1983     7927      9237560284      9237568211        18072460       5932       2000      10000         11
   0       68     1984     9321      9237568888      9237578210        18081064       7327       2000      10000         10
   0       68     1983     9118      9237579092      9237588210        18091267       7124       2000      10000         10
   0       68     1983     9238      9237588972      9237598210        18101148       7244       2000      10000         10
   0       68     1984     8064      9237600145      9237608209        18112320       6071       2000      10000          9
   0       68     1983     8256      9237609954      9237618210        18122130       6262       2000      10000         10
   0       68     2028     8061      9237620148      9237628209        18132324       6023       2000      10000          9
   0       68     1983     9001      9237629208      9237638209        18141383       7008       2000      10000          9
   0       68     1983     7863      9237640346      9237648209        18152522       5870       2000      10000          9
   0       68     1984     8258      9237649953      9237658211        18162129       6262       2000      10000         11
   0       68     1983     8950      9237659260      9237668210        18171436       6956       2000      10000         10
   0       68     1983     9220      9237668988      9237678208        18181164       7227       2000      10000          9
   0       68     1984     8321      9237679888      9237688209        18192064       6327       2000      10000          9
   0       68     1983     8192      9237690017      9237698209        18202193       6199       2000      10000          9
   0       68     1984     9207      9237699003      9237708209        18211178       7213       2000      10000         10
   0       68     1983     9275      9237708935      9237718210        18221110       7281       2000      10000         10
   0       68     1983     8953      9237719257      9237728210        18231433       6959       2000      10000         11
   0       68     1983     8180      9237730030      9237738210        18242206       6186       2000      10000         10
   0       68     1983     9137      9237739076      9237748214        18251252       7140       2000      10000         14
   0       68     1983     8938      9237749272      9237758210        18261448       6943       2000      10000         10
   0       68     1983     7948      9237760262      9237768210        18272438       5954       2000      10000         10
   0       68     1983     8234      9237769976      9237778210        18282152       6240       2000      10000         10
   0       68     1983     8205      9237780005      9237788210        18292181       6211       2000      10000          9
   0       68     1983     8972      9237789248      9237798220        18301423       6968       2000      10000         20
   0       68     1983     8306      9237799903      9237808209        18312079       6313       2000      10000          9
   0       68     1983     9338      9237808872      9237818210        18321048       7344       2000      10000         10
   0       68     1983     8950      9237819260      9237828210        18331436       6955       2000      10000         10
   0       68     1983     8136      9237830073      9237838209        18342249       6143       2000      10000          9
   0       68     1983     9289      9237838921      9237848209        18351096       7295       2000      10000         10
   0       68     1983     9266      9237848943      9237858209        18361118       7273       2000      10000          9
   0       68     1983     7854      9237860356      9237868209        18372531       5860       2000      10000         10
   0       68     1984     9331      9237868879      9237878210        18381055       7336       2000      10000         10
   0       68     1984     9261      9237878948      9237888210        18391124       7266       2000      10000         10
   0       68     1983     8167      9237890042      9237898209        18402217       6174       2000      10000          9
   0       68     1983     9004      9237899206      9237908210        18411382       7010       2000      10000         10
   0       68     1984     8030      9237910180      9237918209        18422355       6035       2000      10000         10
   0       68     1983     8147      9237920063      9237928211        18432239       6152       2000      10000         11
   0       68     1983     8950      9237929261      9237938211        18441437       6954       2000      10000         11
   0       68     1983     8851      9237939358      9237948209        18451534       6857       2000      10000          9
   0       68     1983     8233      9237949977      9237958210        18462153       6239       2000      10000         10
   0       68     1983     8892      9237959318      9237968210        18471494       6897       2000      10000         11
   0       68     1984     9116      9237969093      9237978209        18481269       7122       2000      10000          9
   0       68     1984     9281      9237978928      9237988209        18491103       7288       2000      10000          9
   0       68     1983     9155      9237989055      9237998209        18501231       7161       2000      10000         10
   0       68     1983     8269      9237999941      9238008210        18512117       6275       2000      10000         10
   0       68     1984     9149      9238009061      9238018211        18521237       7154       2000      10000         11
   0       68     1983     7883      9238020328      9238028210        18532504       5888       2000      10000         10
   0       68     1983     8975      9238029235      9238038210        18541411       6981       2000      10000         10
   0       68     1984     9273      9238038937      9238048210        18551113       7278       2000      10000         10
   0       68     1984     9219      9238048990      9238058209        18561166       7225       2000      10000          9
   0       68     1983     8011      9238060199      9238068209        18572374       6017       2000      10000          9
   0       68     1983     9284      9238068925      9238078209        18581101       7290       2000      10000          9
   0       68     1983     9239      9238078971      9238088211        18591147       7244       2000      10000         11
   0       68     1983     7896      9238090315      9238098211        18602491       5901       2000      10000         11
   0       68     1984     8968      9238099241      9238108209        18611417       6973       2000      10000          9
   0       68     1983     9143      9238109066      9238118209        18621241       7150       2000      10000          9
   0       68     1983     8912      9238119298      9238128209        18631474       6918       2000      10000          9
   0       68     1983     7993      9238130216      9238138209        18642392       5999       2000      10000         10
   0       68     1983     9307      9238138902      9238148209        18651078       7313       2000      10000          9
   0       68     1983     9306      9238148903      9238158209        18661079       7313       2000      10000          9
   0       68     1983     7924      9238160285      9238168209        18672461       5931       2000      10000          9
   0       68     1983     9266      9238168944      9238178210        18681120       7272       2000      10000         11
   0       68     1983     9245      9238178965      9238188210        18691141       7251       2000      10000         10
   0       68     1983     9280      9238188932      9238198212        18701108       7283       2000      10000         12
   0       68     1984     8214      9238199995      9238208208        18712171       6220       2000      10000          9
   0       68     1984     8292      9238209917      9238218210        18722093       6298       2000      10000         10
   0       68     1984     8925      9238219287      9238228212        18731463       6929       2000      10000         12
   0       68     1984     7937      9238230272      9238238209        18742448       5943       2000      10000          9
   0       68     1983     8057      9238240152      9238248209        18752328       6064       2000      10000          9
   0       68     1983     8281      9238249929      9238258210        18762105       6287       2000      10000         10
   0       68     1983     8904      9238259311      9238268215        18771487       6905       2000      10000         15
   0       68     1983     8198      9238270011      9238278209        18782187       6205       2000      10000          9
   0       68     1983     8287      9238279922      9238288209        18792098       6294       2000      10000         10
   0       68     1983     7986      9238290225      9238298211        18802401       5991       2000      10000         11
   0       68     1983     8968      9238299242      9238308210        18811418       6974       2000      10000         10
   0       68     1984     9249      9238308961      9238318210        18821137       7254       2000      10000         10
   0       68     1983     8954      9238319257      9238328210        18831433       6959       2000      10000         10
   0       68     1983     8675      9238329534      9238338209        18841710       6682       2000      10000          9
   0       68     1984     8258      9238339952      9238348210        18852128       6263       2000      10000         10
   0       68     1983     8236      9238349973      9238358209        18862149       6243       2000      10000          9
   0       68     1983     8857      9238359353      9238368209        18871528       6863       2000      10000         10
   0       68     1984     8273      9238369938      9238378211        18882113       6278       2000      10000         11
   0       68     1984     9315      9238378902      9238388217        18891078       7313       2000      10000         17
   0       68     1983     8900      9238389309      9238398209        18901485       6906       2000      10000          9
   0       68     1983     8190      9238400019      9238408209        18912195       6197       2000      10000          9
   0       68     1984     9119      9238409090      9238418209        18921266       7124       2000      10000          9
   0       68     1983     8790      9238419420      9238428210        18931596       6796       2000      10000         10
   0       68     1983     7466      9238430743      9238438209        18942918       5473       2000      10000          9
   0       68     1984     8316      9238439893      9238448209        18952069       6322       2000      10000         10
   0       68     1983     9317      9238448892      9238458209        18961068       7324       2000      10000          9
   0       68     1983     9005      9238459204      9238468210        18971380       7012       2000      10000         10
   0       68     1983     9235      9238468975      9238478210        18981151       7241       2000      10000         10
   0       68     1984     9231      9238478978      9238488209        18991154       7237       2000      10000          9
   0       68     1983     8194      9238490015      9238498209        19002191       6200       2000      10000         10
   0       68     1984     9083      9238499126      9238508210        19011302       7088       2000      10000         10
   0       68     1984     9327      9238508883      9238518210        19021059       7332       2000      10000         10
   0       68     1983     8792      9238519416      9238528208        19031592       6799       2000      10000          8
   0       68     1984     6856      9238531353      9238538209        19043529       4862       2000      10000          9
   0       68     1983     9218      9238538991      9238548209        19051167       7225       2000      10000          9
   0       68     1984     9259      9238548951      9238558210        19061127       7265       2000      10000         10
   0       68     1983     8890      9238559320      9238568210        19071495       6896       2000      10000         10
   0       68     1984     8907      9238569304      9238578210        19081479       6911       2000      10000         10
   0       68     1983     9244      9238578965      9238588209        19091141       7250       2000      10000          9
   0       68     1983     7967      9238590242      9238598209        19102417       5974       2000      10000          9
   0       68     1983     8223      9238599987      9238608210        19112162       6229       2000      10000         10
   0       68     1983     9317      9238608896      9238618213        19121072       7320       2000      10000         13
   0       68     1983     7024      9238621186      9238628210        19133362       5029       2000      10000         10
   0       68     1983     8061      9238630147      9238638209        19142323       6069       2000      10000          9
   0       68     1984     8247      9238639965      9238648212        19152141       6250       2000      10000         12
   0       68     1983     9245      9238648965      9238658210        19161140       7251       2000      10000         10
   0       68     1983     8901      9238659309      9238668210        19171485       6906       2000      10000         10
   0       68     1983     9300      9238668909      9238678209        19181085       7307       2000      10000         10
   0       68     1983     9280      9238678929      9238688208        19191105       7287       2000      10000          9
   0       68     1983     9223      9238688988      9238698211        19201164       7228       2000      10000         11
   0       68     1983     8203      9238700008      9238708211        19212183       6208       2000      10000         11
   0       68     1984     8986      9238709224      9238718210        19221400       6991       2000      10000         10
   0       68     1984     8963      9238719248      9238728211        19231424       6967       2000      10000         11
   0       68     1983     7936      9238730274      9238738210        19242450       5942       2000      10000         10
   0       68     1984     9177      9238739033      9238748210        19251209       7182       2000      10000         10
   0       68     1983     8991      9238749219      9238758210        19261395       6997       2000      10000         10
   0       68     1983     8214      9238759995      9238768209        19272171       6221       2000      10000          9
   0       68     1983     8969      9238769240      9238778209        19281416       6976       2000      10000          9
   0       68     1984     8289      9238779920      9238788209        19292096       6295       2000      10000         10
   0       68     1983     9210      9238789001      9238798211        19301177       7215       2000      10000         11
   0       68     1984     9003      9238799206      9238808208        19311382       7009       2000      10000          8
   0       68     1983     9293      9238808917      9238818211        19321093       7299       2000      10000         11
   0       68     1984     8968      9238819242      9238828210        19331418       6973       2000      10000         10
   0       68     1983     9315      9238828894      9238838210        19341070       7322       2000      10000         10
   0       68     1983     9130      9238839080      9238848210        19351256       7136       2000      10000         10
   0       68     1983     8277      9238849934      9238858210        19362110       6282       2000      10000         10
   0       68     1984     8837      9238859372      9238868209        19371548       6843       2000      10000          9
   0       68     1983     8304      9238869904      9238878209        19382080       6312       2000      10000          9
   0       68     1983     9255      9238878954      9238888209        19391130       7262       2000      10000          9
   0       68     1983     9149      9238889063      9238898212        19401239       7153       2000      10000         12
   0       68     1984     6866      9238901344      9238908210        19413520       4871       2000      10000         10
   0       68     1983     9241      9238908969      9238918210        19421145       7247       2000      10000         10
   0       68     1983     8844      9238919365      9238928209        19431540       6851       2000      10000          9
   0       68     1983     8279      9238929929      9238938208        19442105       6287       2000      10000          8
   0       68     1983     8238      9238939971      9238948209        19452147       6244       2000      10000          9
   0       68     1983     9264      9238948946      9238958210        19461122       7270       2000      10000         10
   0       68     1983     9193      9238959026      9238968218        19471201       7190       2000      10000         18
   0       68     1984     7984      9238970226      9238978209        19482401       5989       2000      10000          9
   0       68     1984     8160      9238980049      9238988209        19492225       6166       2000      10000          9
   0       68     1983     9180      9238989029      9238998209        19501205       7187       2000      10000          9
   0       68     1983     8304      9238999906      9239008210        19512082       6310       2000      10000         10
   0       68     1984     9165      9239009044      9239018209        19521220       7172       2000      10000         10
   0       68     1984     8924      9239019286      9239028210        19531462       6929       2000      10000         11
   0       68     1983     7923      9239030285      9239038209        19542461       5930       2000      10000          9
   0       68     1983     9240      9239038970      9239048210        19551146       7246       2000      10000         10
   0       68     1983     9022      9239049188      9239058210        19561364       7028       2000      10000         10
   0       68     1983     7868      9239060342      9239068210        19572517       5874       2000      10000         10
   0       68     1983     9096      9239069118      9239078215        19581294       7097       2000      10000         15
   0       68     1983     9327      9239078882      9239088209        19591057       7334       2000      10000          9
   0       68     1983     9240      9239088969      9239098209        19601145       7246       2000      10000          9
   0       68     1983     9324      9239098885      9239108210        19611061       7331       2000      10000         10
   0       68     1983     8309      9239109901      9239118210        19622077       6315       2000      10000         10
   0       68     1983     8939      9239119271      9239128210        19631447       6944       2000      10000         11
   0       68     1983     8063      9239130146      9239138209        19642322       6070       2000      10000          9
   0       68     1983     9193      9239139016      9239148209        19651192       7200       2000      10000          9
   0       68     1983     9189      9239149022      9239158210        19661197       7194       2000      10000         10
   0       68     1983     9071      9239159139      9239168210        19671315       7077       2000      10000         10
   0       68     1983     9286      9239168924      9239178210        19681099       7292       2000      10000         10
   0       68     1983     9218      9239178991      9239188210        19691167       7224       2000      10000         10
   0       68     1983     9161      9239189048      9239198209        19701224       7168       2000      10000          9
   0       68     1983     8901      9239199308      9239208209        19711484       6907       2000      10000         10
   0       68     1984     9259      9239208952      9239218211        19721128       7263       2000      10000         11
   0       68     1983     8882      9239219327      9239228208        19731502       6889       2000      10000          8
   0       68     1983     7825      9239230384      9239238210        19742560       5831       2000      10000         10
   0       68     1983     9276      9239238933      9239248208        19751108       7283       2000      10000          8
   0       68     1983     8314      9239249895      9239258209        19762071       6321       2000      10000          9
   0       68     1983     8818      9239259391      9239268209        19771567       6824       2000      10000          9
   0       68     1984     9298      9239268911      9239278209        19781087       7304       2000      10000         10
   0       68     1983     9284      9239278925      9239288209        19791101       7290       2000      10000         10
   0       68     1983     8216      9239289996      9239298211        19802171       6220       2000      10000         12
   0       68     2014     8136      9239300073      9239308209        19812249       6112       2000      10000          9
   0       68     1983     8240      9239309970      9239318210        19822146       6246       2000      10000         10
   0       68     1983     8070      9239320140      9239328210        19832315       6076       2000      10000         10
   0       68     1983     9012      9239329201      9239338213        19841377       7014       2000      10000         13
   0       68     1983     8291      9239339919      9239348210        19852095       6297       2000      10000         10
   0       68     1983     9003      9239349207      9239358210        19861383       7009       2000      10000         10
   0       68     1983     9202      9239359007      9239368209        19871183       7208       2000      10000          9
   0       68     1984     8038      9239370171      9239378209        19882347       6044       2000      10000          9
   0       68     1983     8225      9239379983      9239388209        19892159       6232       2000      10000          9
   0       68     1983     7936      9239390274      9239398210        19902450       5942       2000      10000         11
   0       68     1984     9040      9239399169      9239408209        19911345       7046       2000      10000          9
   0       68     1983     9317      9239408893      9239418210        19921069       7323       2000      10000         10
   0       68     1983     8969      9239419239      9239428208        19931415       6976       2000      10000          8
   0       68     1983     9326      9239428883      9239438209        19941059       7333       2000      10000          9
   0       68     1983     8832      9239439378      9239448210        19951553       6838       2000      10000         10
   0       68     1983     9202      9239449017      9239458219        19961193       7199       2000      10000         19
   0       68     1983     7004      9239461205      9239468210        19973381       5011       2000      10000         10
   0       68     1983     8162      9239470047      9239478210        19982223       6168       2000      10000         10
   0       68     1983     8177      9239480032      9239488209        19992208       6184       2000      10000          9
