t_recv_ns	batch_idx	n_span	name	timestamp_us	duration_us	id	parent
1788609301666448928	0	1	calibration	1788609301664741	85	47dbc2b762f8c4a5	424c13aabda17b82
1788609301686484110	1	1	phase_loop[0]	1788609301683516	2065	0587b34537df14dd	4d7f96fbb5aadbda
1788609301689544733	2	1	phase_loop[1]	1788609301686706	2009	f1aadfc24aa73b59	4d7f96fbb5aadbda
1788609301699205752	3	1	phase_loop[2]	1788609301689737	7557	b2d4a1a2d5120ca0	4d7f96fbb5aadbda
1788609301708137445	4	1	phase_loop[3]	1788609301699452	7841	f7f9324d6db16ee1	4d7f96fbb5aadbda
1788609301718275130	5	1	phase_loop[4]	1788609301708341	8954	771f7762c18f3394	4d7f96fbb5aadbda
1788609301728143552	6	1	phase_loop[5]	1788609301718567	8725	4e2c24dfba566d8c	4d7f96fbb5aadbda
1788609301738281196	7	1	phase_loop[6]	1788609301728351	8941	03c3f780ca48fb16	4d7f96fbb5aadbda
1788609301748173424	8	1	phase_loop[7]	1788609301738509	8782	9049b51d1f3b1e1f	4d7f96fbb5aadbda
1788609301758312191	9	1	phase_loop[8]	1788609301748386	8908	96cfd3bd36046263	4d7f96fbb5aadbda
1788609301768299289	10	1	phase_loop[9]	1788609301758530	8766	648382ecf05eb1d3	4d7f96fbb5aadbda
1788609301778079274	11	1	phase_loop[10]	1788609301768532	8760	30bc619ebbb8708b	4d7f96fbb5aadbda
1788609301788179166	12	1	phase_loop[11]	1788609301778269	9024	7a3764117ea5451e	4d7f96fbb5aadbda
1788609301798224395	13	1	phase_loop[12]	1788609301788380	8913	8398dda9dde685f4	4d7f96fbb5aadbda
1788609301808157230	14	1	phase_loop[13]	1788609301798458	8833	3dba2afbaadf4715	4d7f96fbb5aadbda
1788609301818159066	15	1	phase_loop[14]	1788609301808391	8899	c0023e2c5cc6ec8f	4d7f96fbb5aadbda
1788609301828124884	16	1	phase_loop[15]	1788609301818410	8881	91c40a701e222be4	4d7f96fbb5aadbda
1788609301838713434	17	1	phase_loop[16]	1788609301828363	8932	32d48e66793c5066	4d7f96fbb5aadbda
1788609301848142833	18	1	phase_loop[17]	1788609301839105	8185	e5b674a84fea8c71	4d7f96fbb5aadbda
1788609301858166591	19	1	phase_loop[18]	1788609301848342	8950	fba5b7ba6bc6afd1	4d7f96fbb5aadbda
1788609301868294617	20	1	phase_loop[19]	1788609301858394	8901	086d77456e846e17	4d7f96fbb5aadbda
1788609301878075834	21	1	phase_loop[20]	1788609301868525	8767	5b8a723eee5da07f	4d7f96fbb5aadbda
1788609301888053534	22	1	phase_loop[21]	1788609301878267	9022	e1b67fd123fe4c31	4d7f96fbb5aadbda
1788609301898375238	23	1	phase_loop[22]	1788609301888252	9039	431b334b0aeacab8	4d7f96fbb5aadbda
1788609301908086612	24	1	phase_loop[23]	1788609301898619	8672	5790f8e86a3a6b95	4d7f96fbb5aadbda
1788609301918017333	25	1	phase_loop[24]	1788609301908276	9014	5924a83d3d9f7ae2	4d7f96fbb5aadbda
1788609301928153375	26	1	phase_loop[25]	1788609301918200	9090	c52968bdffbd9918	4d7f96fbb5aadbda
1788609301938107951	27	1	phase_loop[26]	1788609301928378	8914	ef8a5acbbe3234d8	4d7f96fbb5aadbda
1788609301948417141	28	1	phase_loop[27]	1788609301938311	8987	017df82d25d4b8bf	4d7f96fbb5aadbda
1788609301958868150	29	1	phase_loop[28]	1788609301948727	8576	2ba74861ccca2008	4d7f96fbb5aadbda
1788609301968837565	30	1	phase_loop[29]	1788609301959246	8047	adbf080945f18e25	4d7f96fbb5aadbda
1788609301978411789	31	1	phase_loop[30]	1788609301969092	8207	bfed1cb8bb811baf	4d7f96fbb5aadbda
1788609301988228273	32	1	phase_loop[31]	1788609301978665	8626	249666c854d3142c	4d7f96fbb5aadbda
1788609301998335509	33	1	phase_loop[32]	1788609301988507	8847	b39e91328659c546	4d7f96fbb5aadbda
1788609302008119522	34	1	phase_loop[33]	1788609301998574	8717	47d4bc891a33d481	4d7f96fbb5aadbda
1788609302017999005	35	1	phase_loop[34]	1788609302008315	8974	e73079bc3d1dfc7b	4d7f96fbb5aadbda
1788609302028091844	36	1	phase_loop[35]	1788609302018182	9108	1db694979012ed84	4d7f96fbb5aadbda
1788609302038173652	37	1	phase_loop[36]	1788609302028288	9004	28f52a905e9eea67	4d7f96fbb5aadbda
1788609302048404873	38	1	phase_loop[37]	1788609302038385	8917	9b1b28dfc9a6c8aa	4d7f96fbb5aadbda
1788609302058501920	39	1	phase_loop[38]	1788609302048701	8597	92e660435e352672	4d7f96fbb5aadbda
1788609302068222812	40	1	phase_loop[39]	1788609302058748	8544	0ecb87a589206d2e	4d7f96fbb5aadbda
1788609302078074593	41	1	phase_loop[40]	1788609302068486	8806	1849974c141d676d	4d7f96fbb5aadbda
1788609302088063986	42	1	phase_loop[41]	1788609302078297	8994	e7cb209f2c7bc7ff	4d7f96fbb5aadbda
1788609302098257586	43	1	phase_loop[42]	1788609302088251	9044	1062ca939e8fca07	4d7f96fbb5aadbda
1788609302108133442	44	1	phase_loop[43]	1788609302098485	8807	eed40bdbd2575261	4d7f96fbb5aadbda
1788609302118290874	45	1	phase_loop[44]	1788609302108349	8943	acc6e38d9ed1c188	4d7f96fbb5aadbda
1788609302128137545	46	1	phase_loop[45]	1788609302118499	8795	78447192362f061e	4d7f96fbb5aadbda
1788609302138098944	47	1	phase_loop[46]	1788609302128356	8936	f974f3576443fd45	4d7f96fbb5aadbda
1788609302148059321	48	1	phase_loop[47]	1788609302138375	8916	57940df13d55c594	4d7f96fbb5aadbda
1788609302158427773	49	1	phase_loop[48]	1788609302148250	9044	598b8c0942312485	4d7f96fbb5aadbda
1788609302168413930	50	1	phase_loop[49]	1788609302158760	8534	e9e4c434063e6753	4d7f96fbb5aadbda
1788609302178260380	51	1	phase_loop[50]	1788609302168651	8643	50afe4ae12942faf	4d7f96fbb5aadbda
1788609302188143741	52	1	phase_loop[51]	1788609302178565	8726	9c6afdfe729b2d5f	4d7f96fbb5aadbda
1788609302198264383	53	1	phase_loop[52]	1788609302188346	8947	25dab9ad5240a6aa	4d7f96fbb5aadbda
1788609302208126984	54	1	phase_loop[53]	1788609302198500	8791	c35a60798ad8f744	4d7f96fbb5aadbda
1788609302217980178	55	1	phase_loop[54]	1788609302208324	8966	a3c27e86ab4a9af3	4d7f96fbb5aadbda
1788609302228079890	56	1	phase_loop[55]	1788609302218164	9128	d4fe93c0c7206ff1	4d7f96fbb5aadbda
1788609302238127433	57	1	phase_loop[56]	1788609302228276	9016	a3fbe80e8c641053	4d7f96fbb5aadbda
1788609302248024099	58	1	phase_loop[57]	1788609302238370	8921	6b9f8af4d1747d05	4d7f96fbb5aadbda
1788609302258163857	59	1	phase_loop[58]	1788609302248213	9081	f627cdd48d236468	4d7f96fbb5aadbda
1788609302268274178	60	1	phase_loop[59]	1788609302258404	8890	84368e154a5cd9f9	4d7f96fbb5aadbda
1788609302278153301	61	1	phase_loop[60]	1788609302268488	8805	24bcae00e67d8d58	4d7f96fbb5aadbda
1788609302288332514	62	1	phase_loop[61]	1788609302278392	8902	a3f1ac39796d84ba	4d7f96fbb5aadbda
1788609302298361742	63	1	phase_loop[62]	1788609302288590	8702	c4bcde7157e4f676	4d7f96fbb5aadbda
1788609302308123252	64	1	phase_loop[63]	1788609302298602	8690	51c574ebd91ed6f9	4d7f96fbb5aadbda
1788609302318033043	65	1	phase_loop[64]	1788609302308314	8976	1f46cb28cd4c264f	4d7f96fbb5aadbda
1788609302328108699	66	1	phase_loop[65]	1788609302318231	9106	fa49e98b502d26ca	4d7f96fbb5aadbda
1788609302338167473	67	1	phase_loop[66]	1788609302328303	8989	c1134ea9caa77300	4d7f96fbb5aadbda
1788609302348087313	68	1	phase_loop[67]	1788609302338376	8916	7807f1cc3f57278d	4d7f96fbb5aadbda
1788609302358147109	69	1	phase_loop[68]	1788609302348297	8996	b088b8ef7a1d0e8b	4d7f96fbb5aadbda
1788609302368281617	70	1	phase_loop[69]	1788609302358366	8928	13d41b463b58dd5d	4d7f96fbb5aadbda
1788609302378124361	71	1	phase_loop[70]	1788609302368504	8788	f289a922d4e6568d	4d7f96fbb5aadbda
1788609302388054350	72	1	phase_loop[71]	1788609302378366	8924	e806bfb04173982a	4d7f96fbb5aadbda
1788609302398540245	73	1	phase_loop[72]	1788609302388243	9048	c6dafa5451ef4e0b	4d7f96fbb5aadbda
1788609302408095203	74	1	phase_loop[73]	1788609302398779	8513	bd7ae832a5f89f45	4d7f96fbb5aadbda
1788609302417983102	75	1	phase_loop[74]	1788609302408280	9009	3d2b76f40b63e612	4d7f96fbb5aadbda
1788609302428090238	76	1	phase_loop[75]	1788609302418176	9114	c1a9614fbaf65f60	4d7f96fbb5aadbda
1788609302438147499	77	1	phase_loop[76]	1788609302428290	9002	8b12796439c67fd3	4d7f96fbb5aadbda
1788609302448093008	78	1	phase_loop[77]	1788609302438363	8928	307ccd7c1823f9dd	4d7f96fbb5aadbda
1788609302458164937	79	1	phase_loop[78]	1788609302448298	8995	b3ce6ca2143eb725	4d7f96fbb5aadbda
1788609302468310686	80	1	phase_loop[79]	1788609302458385	8910	f362cb1673f1fbc3	4d7f96fbb5aadbda
1788609302478113214	81	1	phase_loop[80]	1788609302468589	8703	4439d5c8fbd8fb9b	4d7f96fbb5aadbda
1788609302488026532	82	1	phase_loop[81]	1788609302478310	8989	66e68a7521866b96	4d7f96fbb5aadbda
1788609302498623818	83	1	phase_loop[82]	1788609302488217	9091	9bc807ee9b429277	4d7f96fbb5aadbda
1788609302508565540	84	1	phase_loop[83]	1788609302498942	8361	c110187c932ed5d0	4d7f96fbb5aadbda
1788609302518364401	85	1	phase_loop[84]	1788609302508838	8454	136d60a9cdcc2787	4d7f96fbb5aadbda
1788609302528125890	86	1	phase_loop[85]	1788609302518610	8682	47a78657c898147c	4d7f96fbb5aadbda
1788609302538168864	87	1	phase_loop[86]	1788609302528326	8967	d642371fd838c775	4d7f96fbb5aadbda
1788609302547975960	88	1	phase_loop[87]	1788609302538517	8773	ec4f040fc56ade85	4d7f96fbb5aadbda
1788609302558170672	89	1	phase_loop[88]	1788609302548156	9137	5bde536a68804784	4d7f96fbb5aadbda
1788609302568250346	90	1	phase_loop[89]	1788609302558391	8904	c3e8c9df7a8fd09b	4d7f96fbb5aadbda
1788609302578066089	91	1	phase_loop[90]	1788609302568461	8830	9a17b65039d1cdcb	4d7f96fbb5aadbda
1788609302588031035	92	1	phase_loop[91]	1788609302578257	9033	bb5c0bb05e8aadf1	4d7f96fbb5aadbda
1788609302598354040	93	1	phase_loop[92]	1788609302588220	9071	622b5bc9713ff484	4d7f96fbb5aadbda
1788609302608260806	94	1	phase_loop[93]	1788609302598593	8701	f36127ab2ed0fe41	4d7f96fbb5aadbda
1788609302618340530	95	1	phase_loop[94]	1788609302608492	8806	ea7d157338582778	4d7f96fbb5aadbda
1788609302628364257	96	1	phase_loop[95]	1788609302618615	8678	807a55115029d10e	4d7f96fbb5aadbda
1788609302638152037	97	1	phase_loop[96]	1788609302628597	8695	b5312fd5a7bde272	4d7f96fbb5aadbda
1788609302648091544	98	1	phase_loop[97]	1788609302638429	8863	2194e8808b141afc	4d7f96fbb5aadbda
1788609302658190945	99	1	phase_loop[98]	1788609302648287	9055	f41b9d740fcc58bd	4d7f96fbb5aadbda
1788609302668156683	100	1	phase_loop[99]	1788609302658403	8890	24d4875dfca3fe00	4d7f96fbb5aadbda
1788609302678148179	101	1	phase_loop[100]	1788609302668394	8898	1e857afff44af039	4d7f96fbb5aadbda
1788609302688122773	102	1	phase_loop[101]	1788609302678341	8951	460dff974a62e236	4d7f96fbb5aadbda
1788609302698338265	103	1	phase_loop[102]	1788609302688312	8983	eb2c02c8d27d7274	4d7f96fbb5aadbda
1788609302708113350	104	1	phase_loop[103]	1788609302698604	8688	9e480d1d3361e406	4d7f96fbb5aadbda
1788609302718036076	105	1	phase_loop[104]	1788609302708302	8988	f90b40f81aa0d57c	4d7f96fbb5aadbda
1788609302728080012	106	1	phase_loop[105]	1788609302718223	9070	341f064561e577d4	4d7f96fbb5aadbda
1788609302738705111	107	1	phase_loop[106]	1788609302728272	9030	f65043e99dad1669	4d7f96fbb5aadbda
1788609302748109773	108	1	phase_loop[107]	1788609302738987	8307	4153cbd0e6673f26	4d7f96fbb5aadbda
1788609302758145143	109	1	phase_loop[108]	1788609302748319	8974	1d309f2c3312b6ea	4d7f96fbb5aadbda
1788609302768408445	110	1	phase_loop[109]	1788609302758379	8919	1331e228b6499ef5	4d7f96fbb5aadbda
1788609302778115982	111	1	phase_loop[110]	1788609302768636	8655	2af1427baf208de4	4d7f96fbb5aadbda
1788609302788025122	112	1	phase_loop[111]	1788609302778331	8960	6de239b89b31bccb	4d7f96fbb5aadbda
1788609302798224573	113	1	phase_loop[112]	1788609302788264	9030	fadb06ee605ff92f	4d7f96fbb5aadbda
1788609302808101732	114	1	phase_loop[113]	1788609302798453	8839	e3a4bbdcc74d5116	4d7f96fbb5aadbda
1788609302818233725	115	1	phase_loop[114]	1788609302808296	8998	6ac7ffdda4b9e2b5	4d7f96fbb5aadbda
1788609302828094403	116	1	phase_loop[115]	1788609302818476	8815	0e3125b2a3b060ad	4d7f96fbb5aadbda
1788609302838089236	117	1	phase_loop[116]	1788609302828305	8987	2e3a41434afbd0c5	4d7f96fbb5aadbda
1788609302848128152	118	1	phase_loop[117]	1788609302838282	9009	e253389f483059c6	4d7f96fbb5aadbda
1788609302858058953	119	1	phase_loop[118]	1788609302848323	8968	bf821eda3b93a6cf	4d7f96fbb5aadbda
1788609302868207588	120	1	phase_loop[119]	1788609302858253	9042	f185da590812fd45	4d7f96fbb5aadbda
1788609302878676882	121	1	phase_loop[120]	1788609302868447	8863	437292a328856b54	4d7f96fbb5aadbda
1788609302888228843	122	1	phase_loop[121]	1788609302879329	7967	304dff3fbe276b12	4d7f96fbb5aadbda
1788609302898460726	123	1	phase_loop[122]	1788609302888504	8790	06a7b6dd8f0b2852	4d7f96fbb5aadbda
1788609302908085997	124	1	phase_loop[123]	1788609302898698	8595	c1da261711cbdc20	4d7f96fbb5aadbda
1788609302918161813	125	1	phase_loop[124]	1788609302908275	9016	0850bf872d0fcc06	4d7f96fbb5aadbda
1788609302928084208	126	1	phase_loop[125]	1788609302918385	8906	a41cdc7e9564734e	4d7f96fbb5aadbda
1788609302938242451	127	1	phase_loop[126]	1788609302928302	8989	bf74c8eefae4e4ee	4d7f96fbb5aadbda
1788609302948407487	128	1	phase_loop[127]	1788609302938479	8815	ccb08500a26cb83b	4d7f96fbb5aadbda
1788609302958446053	129	1	phase_loop[128]	1788609302948645	8652	3b7ef7a17d670cc2	4d7f96fbb5aadbda
1788609302968198455	130	1	phase_loop[129]	1788609302958775	8518	8b82964eb03754b9	4d7f96fbb5aadbda
1788609302978134957	131	1	phase_loop[130]	1788609302968546	8746	8c953cc3a3d35eb8	4d7f96fbb5aadbda
1788609302988124910	132	1	phase_loop[131]	1788609302978328	9008	2f2c3d8803663213	4d7f96fbb5aadbda
1788609302998322508	133	1	phase_loop[132]	1788609302988321	8975	33e129ded731f690	4d7f96fbb5aadbda
1788609303008220346	134	1	phase_loop[133]	1788609302998554	8739	5a22a6e4d102087e	4d7f96fbb5aadbda
1788609303018065554	135	1	phase_loop[134]	1788609303008431	8860	b3f77c24a73123d5	4d7f96fbb5aadbda
1788609303028091816	136	1	phase_loop[135]	1788609303018255	9036	65f22a39374321ce	4d7f96fbb5aadbda
1788609303038210955	137	1	phase_loop[136]	1788609303028293	9001	6b6b0430a0dea7e4	4d7f96fbb5aadbda
1788609303048180709	138	1	phase_loop[137]	1788609303038428	8866	de56f140398b2a3a	4d7f96fbb5aadbda
1788609303058262567	139	1	phase_loop[138]	1788609303048393	8900	e9c1ad224bf7baa3	4d7f96fbb5aadbda
1788609303069345135	140	1	phase_loop[139]	1788609303058580	8716	5405f992dfac3014	4d7f96fbb5aadbda
1788609303078068553	141	1	phase_loop[140]	1788609303069603	7688	d98b53e0009c0316	4d7f96fbb5aadbda
1788609303088213450	142	1	phase_loop[141]	1788609303078266	9026	70e693ffbd95185e	4d7f96fbb5aadbda
1788609303098532328	143	1	phase_loop[142]	1788609303088462	8833	cd45341751efa447	4d7f96fbb5aadbda
1788609303108115469	144	1	phase_loop[143]	1788609303098830	8463	fbb6c670c5e88a8a	4d7f96fbb5aadbda
1788609303117988730	145	1	phase_loop[144]	1788609303108316	8974	a23bf5f41130509b	4d7f96fbb5aadbda
1788609303128089754	146	1	phase_loop[145]	1788609303118174	9117	c106c4f1a0e90d66	4d7f96fbb5aadbda
1788609303138062625	147	1	phase_loop[146]	1788609303128282	9011	7248021be842c7d5	4d7f96fbb5aadbda
1788609303148065252	148	1	phase_loop[147]	1788609303138271	9020	92c4a6a291263244	4d7f96fbb5aadbda
1788609303158647590	149	1	phase_loop[148]	1788609303148262	9038	0672bdbfcb5e01ea	4d7f96fbb5aadbda
1788609303169091976	150	1	phase_loop[149]	1788609303159047	8254	453ef61d2b230069	4d7f96fbb5aadbda
1788609303178096808	151	1	phase_loop[150]	1788609303169380	7914	ed17a6e6b72020e9	4d7f96fbb5aadbda
1788609303188022099	152	1	phase_loop[151]	1788609303178325	8966	f14d5bece9db909a	4d7f96fbb5aadbda
1788609303199179419	153	1	phase_loop[152]	1788609303188209	9082	761598416b22dd04	4d7f96fbb5aadbda
1788609303208084682	154	1	phase_loop[153]	1788609303199413	7879	2b0253f94e5d2260	4d7f96fbb5aadbda
1788609303218129249	155	1	phase_loop[154]	1788609303208275	9018	599993a53fa5e4e5	4d7f96fbb5aadbda
1788609303228072343	156	1	phase_loop[155]	1788609303218318	8974	c46e755352fb3e9d	4d7f96fbb5aadbda
1788609303238160543	157	1	phase_loop[156]	1788609303228267	9026	07d5a97abafa0b58	4d7f96fbb5aadbda
1788609303248164622	158	1	phase_loop[157]	1788609303238439	8850	0c8dce4acf84f3d1	4d7f96fbb5aadbda
1788609303258293920	159	1	phase_loop[158]	1788609303248377	8916	a38770b98de092d8	4d7f96fbb5aadbda
1788609303269410593	160	1	phase_loop[159]	1788609303258539	8755	6596aeec00bec36e	4d7f96fbb5aadbda
1788609303278306478	161	1	phase_loop[160]	1788609303269664	7627	6e503957e5835c35	4d7f96fbb5aadbda
1788609303289049722	162	1	phase_loop[161]	1788609303278533	8765	7dbc85ea04a70ec6	4d7f96fbb5aadbda
1788609303298385473	163	1	phase_loop[162]	1788609303289288	8004	eb52143ece7025a2	4d7f96fbb5aadbda
1788609303310114529	164	1	phase_loop[163]	1788609303298614	8680	4b7175a4cc2e9462	4d7f96fbb5aadbda
1788609303318104834	165	1	phase_loop[164]	1788609303310337	6995	0d0d7623ebad4d17	4d7f96fbb5aadbda
1788609303328084568	166	1	phase_loop[165]	1788609303318304	8988	63b86f415a82eb9d	4d7f96fbb5aadbda
1788609303338139915	167	1	phase_loop[166]	1788609303328291	9001	2edc9789c32b5391	4d7f96fbb5aadbda
1788609303348043685	168	1	phase_loop[167]	1788609303338413	8879	f87dc2bb941a4d9e	4d7f96fbb5aadbda
1788609303358128668	169	1	phase_loop[168]	1788609303348243	9050	5b821fc6baf4beea	4d7f96fbb5aadbda
1788609303368164328	170	1	phase_loop[169]	1788609303358346	8947	e0d2fdf46a091402	4d7f96fbb5aadbda
1788609303378082395	171	1	phase_loop[170]	1788609303368401	8893	a467dfbdb05cba71	4d7f96fbb5aadbda
1788609303388049484	172	1	phase_loop[171]	1788609303378275	9016	09b34a56d3ba17a3	4d7f96fbb5aadbda
1788609303398694722	173	1	phase_loop[172]	1788609303388233	9061	b7ce93801381be89	4d7f96fbb5aadbda
1788609303408237155	174	1	phase_loop[173]	1788609303398930	8364	27638d6f77e2f987	4d7f96fbb5aadbda
1788609303418044361	175	1	phase_loop[174]	1788609303408476	8814	a0648b5c33997b84	4d7f96fbb5aadbda
1788609303428134304	176	1	phase_loop[175]	1788609303418231	9061	e1c4f687a359b9b8	4d7f96fbb5aadbda
1788609303438186606	177	1	phase_loop[176]	1788609303428399	8892	8f7fc49e0f908b89	4d7f96fbb5aadbda
1788609303448086818	178	1	phase_loop[177]	1788609303438428	8863	0c432a756f2d96a2	4d7f96fbb5aadbda
1788609303458170109	179	1	phase_loop[178]	1788609303448278	9014	b6cb99666266da10	4d7f96fbb5aadbda
1788609303468244803	180	1	phase_loop[179]	1788609303458391	8902	3e70d477b05e7e96	4d7f96fbb5aadbda
1788609303478100140	181	1	phase_loop[180]	1788609303468463	8829	27003810e4bb6e57	4d7f96fbb5aadbda
1788609303488424739	182	1	phase_loop[181]	1788609303478310	8985	080321ff4b85341a	4d7f96fbb5aadbda
1788609303501041691	183	1	phase_loop[182]	1788609303488671	8622	07299d28efefbb14	4d7f96fbb5aadbda
1788609303508070370	184	1	phase_loop[183]	1788609303501288	6004	c697577b49bc8790	4d7f96fbb5aadbda
1788609303518109978	185	1	phase_loop[184]	1788609303508271	9022	3f0fd42ce2036864	4d7f96fbb5aadbda
1788609303528165355	186	1	phase_loop[185]	1788609303518382	8909	f4c63db5a1da22b6	4d7f96fbb5aadbda
1788609303538089002	187	1	phase_loop[186]	1788609303528441	8852	88dd30ff26ffa060	4d7f96fbb5aadbda
1788609303548089195	188	1	phase_loop[187]	1788609303538294	8997	6f03f363103ea5db	4d7f96fbb5aadbda
1788609303558288986	189	1	phase_loop[188]	1788609303548281	9011	8588a61cee7e840e	4d7f96fbb5aadbda
1788609303568413766	190	1	phase_loop[189]	1788609303558537	8759	6960da834621153b	4d7f96fbb5aadbda
1788609303578294862	191	1	phase_loop[190]	1788609303568654	8639	439a964cead57eab	4d7f96fbb5aadbda
1788609303588120773	192	1	phase_loop[191]	1788609303578579	8712	1910dbac82eb271c	4d7f96fbb5aadbda
1788609303598347326	193	1	phase_loop[192]	1788609303588318	8975	5f476ad55de9716b	4d7f96fbb5aadbda
1788609303608117041	194	1	phase_loop[193]	1788609303598557	8741	ab805e3d3e80ae95	4d7f96fbb5aadbda
1788609303618153282	195	1	phase_loop[194]	1788609303608339	8954	7416f15cf8bdb359	4d7f96fbb5aadbda
1788609303628085776	196	1	phase_loop[195]	1788609303618384	8908	0126e31096a326e3	4d7f96fbb5aadbda
1788609303638101658	197	1	phase_loop[196]	1788609303628287	9006	c88406c655313f85	4d7f96fbb5aadbda
1788609303648128541	198	1	phase_loop[197]	1788609303638350	8985	567000fc34d1916b	4d7f96fbb5aadbda
1788609303658146357	199	1	phase_loop[198]	1788609303648324	8967	1e8e6b1c44d1730b	4d7f96fbb5aadbda
1788609303668086816	200	1	phase_loop[199]	1788609303658420	8871	f0e623b2aad44bb5	4d7f96fbb5aadbda
1788609303678146322	201	1	phase_loop[200]	1788609303668300	8993	cb9b41f10e7ae98b	4d7f96fbb5aadbda
1788609303688075790	202	1	phase_loop[201]	1788609303678351	8940	796c651c98c98269	4d7f96fbb5aadbda
1788609303698246065	203	1	phase_loop[202]	1788609303688272	9019	324883c168c22105	4d7f96fbb5aadbda
1788609303708425799	204	1	phase_loop[203]	1788609303698463	8833	d361bc2923d195c7	4d7f96fbb5aadbda
1788609303718090134	205	1	phase_loop[204]	1788609303708658	8635	8ee3a6f3163955ff	4d7f96fbb5aadbda
1788609303728919741	206	1	phase_loop[205]	1788609303718305	8990	41e9fe8b295d54a8	4d7f96fbb5aadbda
1788609303739235674	207	1	phase_loop[206]	1788609303729374	7924	a2ca48a0ab32794d	4d7f96fbb5aadbda
1788609303748215478	208	1	phase_loop[207]	1788609303739517	7776	d7fff3f454b76210	4d7f96fbb5aadbda
1788609303758261127	209	1	phase_loop[208]	1788609303748513	8781	7b75c885835b1969	4d7f96fbb5aadbda
1788609303768603179	210	1	phase_loop[209]	1788609303758499	8796	f1086a3da83d3da2	4d7f96fbb5aadbda
1788609303778099404	211	1	phase_loop[210]	1788609303768900	8393	67512ce9a47ceaf7	4d7f96fbb5aadbda
1788609303788097964	212	1	phase_loop[211]	1788609303778295	8997	1d770b1516afcb91	4d7f96fbb5aadbda
1788609303798094560	213	1	phase_loop[212]	1788609303788298	8994	c9a10ecff5f55466	4d7f96fbb5aadbda
1788609303808271578	214	1	phase_loop[213]	1788609303798319	8977	16ea906f5aa3923f	4d7f96fbb5aadbda
1788609303818100535	215	1	phase_loop[214]	1788609303808521	8771	27dce528882615de	4d7f96fbb5aadbda
1788609303828383124	216	1	phase_loop[215]	1788609303818308	8988	1e4693f0e096aaf3	4d7f96fbb5aadbda
1788609303838147499	217	1	phase_loop[216]	1788609303828621	8671	102b7c791f367069	4d7f96fbb5aadbda
1788609303848088218	218	1	phase_loop[217]	1788609303838362	8929	5b6cb88c6fa82d06	4d7f96fbb5aadbda
1788609303858766118	219	1	phase_loop[218]	1788609303848278	9017	d614b3787fe9618c	4d7f96fbb5aadbda
1788609303868358526	220	1	phase_loop[219]	1788609303859029	8262	f2a94b68b3bb794e	4d7f96fbb5aadbda
1788609303878249822	221	1	phase_loop[220]	1788609303868607	8683	a0aa6d8c2b4e5382	4d7f96fbb5aadbda
1788609303888105710	222	1	phase_loop[221]	1788609303878475	8815	a5ac5130aa528d4d	4d7f96fbb5aadbda
1788609303900023415	223	1	phase_loop[222]	1788609303888329	8962	e496d74c9bf98ff1	4d7f96fbb5aadbda
1788609303908134890	224	1	phase_loop[223]	1788609303900277	7016	1838cd4eb4d9ea3a	4d7f96fbb5aadbda
1788609303918124913	225	1	phase_loop[224]	1788609303908349	8942	0ab17a193b5aa3f5	4d7f96fbb5aadbda
1788609303928453810	226	1	phase_loop[225]	1788609303918333	8961	55a95b17a60d11ed	4d7f96fbb5aadbda
1788609303938378169	227	1	phase_loop[226]	1788609303928680	8613	adf2c5952465c3d5	4d7f96fbb5aadbda
1788609303948102427	228	1	phase_loop[227]	1788609303938598	8695	aaefc9b58800a643	4d7f96fbb5aadbda
1788609303958405555	229	1	phase_loop[228]	1788609303948312	8992	6cde00fb3a554fdc	4d7f96fbb5aadbda
1788609303968579668	230	1	phase_loop[229]	1788609303958643	8654	a0f049540d3fcedc	4d7f96fbb5aadbda
1788609303983130984	231	1	phase_loop[230]	1788609303968791	8633	7dab4faaea4c04a2	4d7f96fbb5aadbda
1788609303989561327	232	1	phase_loop[231]	1788609303983483	3809	b58377431cdd8b3e	4d7f96fbb5aadbda
1788609303998089123	233	1	phase_loop[232]	1788609303989810	7480	b50110121da25a32	4d7f96fbb5aadbda
1788609304008196609	234	1	phase_loop[233]	1788609303998362	8931	3cb451abd104f089	4d7f96fbb5aadbda
1788609304018082494	235	1	phase_loop[234]	1788609304008400	8891	80c0f4c0de800c3e	4d7f96fbb5aadbda
1788609304028312132	236	1	phase_loop[235]	1788609304018291	9004	2390a7ffedda624b	4d7f96fbb5aadbda
1788609304038422664	237	1	phase_loop[236]	1788609304028554	8737	610c0d6ffae43a7d	4d7f96fbb5aadbda
1788609304048361530	238	1	phase_loop[237]	1788609304038662	8635	0a446bcfa2dcd7b8	4d7f96fbb5aadbda
1788609304058130183	239	1	phase_loop[238]	1788609304048612	8681	1c0233ed3878d4b8	4d7f96fbb5aadbda
1788609304068749731	240	1	phase_loop[239]	1788609304058355	8942	ef2868408ca17431	4d7f96fbb5aadbda
1788609304078266145	241	1	phase_loop[240]	1788609304069158	8134	9598399fecec1183	4d7f96fbb5aadbda
1788609304088169473	242	1	phase_loop[241]	1788609304078484	8810	bfe45dca070ebd93	4d7f96fbb5aadbda
1788609304098390795	243	1	phase_loop[242]	1788609304088373	8921	6294dc58f73cdb81	4d7f96fbb5aadbda
1788609304108158726	244	1	phase_loop[243]	1788609304098627	8665	c49e6cfced1dfff1	4d7f96fbb5aadbda
1788609304118281542	245	1	phase_loop[244]	1788609304108385	8907	aa278a116b9278fc	4d7f96fbb5aadbda
1788609304128200319	246	1	phase_loop[245]	1788609304118581	8711	20b256efc4817bfb	4d7f96fbb5aadbda
1788609304138204609	247	1	phase_loop[246]	1788609304128414	8878	67cc6976f4c793b4	4d7f96fbb5aadbda
1788609304148041993	248	1	phase_loop[247]	1788609304138542	8750	13f7d6a6c9afa05f	4d7f96fbb5aadbda
1788609304158175488	249	1	phase_loop[248]	1788609304148234	9058	f6097b5f954fd805	4d7f96fbb5aadbda
1788609304168399816	250	1	phase_loop[249]	1788609304158394	8901	4f3831a1931004cb	4d7f96fbb5aadbda
1788609304178390250	251	1	phase_loop[250]	1788609304168631	8667	c2ade07fc91b7c70	4d7f96fbb5aadbda
1788609304188095622	252	1	phase_loop[251]	1788609304178635	8658	e87d08c4235a9f7b	4d7f96fbb5aadbda
1788609304198515311	253	1	phase_loop[252]	1788609304188290	9004	5646db8dfdf7622d	4d7f96fbb5aadbda
1788609304208205765	254	1	phase_loop[253]	1788609304198773	8519	6b1fffb6a2e7a5c3	4d7f96fbb5aadbda
1788609304217956584	255	1	phase_loop[254]	1788609304208407	8883	696a80710b04bc8e	4d7f96fbb5aadbda
1788609304228078778	256	1	phase_loop[255]	1788609304218144	9148	d3d9588c8555f2db	4d7f96fbb5aadbda
1788609304238188809	257	1	phase_loop[256]	1788609304228279	9016	4be1db35bd57fd4f	4d7f96fbb5aadbda
1788609304248084272	258	1	phase_loop[257]	1788609304238411	8881	4b3319e959a041b1	4d7f96fbb5aadbda
1788609304258201296	259	1	phase_loop[258]	1788609304248272	9019	7115bb851a601f00	4d7f96fbb5aadbda
1788609304268226847	260	1	phase_loop[259]	1788609304258423	8871	0cec293299fba621	4d7f96fbb5aadbda
1788609304278426648	261	1	phase_loop[260]	1788609304268449	8843	e75758bc74bac214	4d7f96fbb5aadbda
1788609304288272257	262	1	phase_loop[261]	1788609304278711	8580	67735357faf8b8be	4d7f96fbb5aadbda
1788609304298253894	263	1	phase_loop[262]	1788609304288495	8798	dfd10c95391314f0	4d7f96fbb5aadbda
1788609304308159477	264	1	phase_loop[263]	1788609304298544	8794	6a538a0e928f07b4	4d7f96fbb5aadbda
1788609304318018200	265	1	phase_loop[264]	1788609304308348	8942	b947afc073dc295f	4d7f96fbb5aadbda
1788609304328070912	266	1	phase_loop[265]	1788609304318205	9087	48c295d0f8d32a64	4d7f96fbb5aadbda
1788609304338156887	267	1	phase_loop[266]	1788609304328268	9025	f989eb85de5c60fb	4d7f96fbb5aadbda
1788609304347972349	268	1	phase_loop[267]	1788609304338385	8906	488ad84e29e1cd94	4d7f96fbb5aadbda
1788609304358126083	269	1	phase_loop[268]	1788609304348156	9138	fa6c173c0eb8aa0a	4d7f96fbb5aadbda
1788609304368329982	270	1	phase_loop[269]	1788609304358348	8951	79f5e348a83674e2	4d7f96fbb5aadbda
1788609304378083326	271	1	phase_loop[270]	1788609304368587	8705	ab85d2638a4ca3d4	4d7f96fbb5aadbda
1788609304388190561	272	1	phase_loop[271]	1788609304378277	9014	f7bf211547dd1326	4d7f96fbb5aadbda
1788609304398405481	273	1	phase_loop[272]	1788609304388544	8755	2fbda07b3bcda69a	4d7f96fbb5aadbda
1788609304408560287	274	1	phase_loop[273]	1788609304398671	8625	9c9d46016c6c1ff8	4d7f96fbb5aadbda
1788609304418104453	275	1	phase_loop[274]	1788609304408962	8329	b613b06e70ab36bf	4d7f96fbb5aadbda
1788609304428083786	276	1	phase_loop[275]	1788609304418304	8990	102a924a616f1815	4d7f96fbb5aadbda
1788609304438199117	277	1	phase_loop[276]	1788609304428280	9011	5918bf1d269e997d	4d7f96fbb5aadbda
1788609304448157560	278	1	phase_loop[277]	1788609304438434	8857	b5400fcf621928b9	4d7f96fbb5aadbda
1788609304458179854	279	1	phase_loop[278]	1788609304448355	8939	5bed7491e1d47fae	4d7f96fbb5aadbda
1788609304468180477	280	1	phase_loop[279]	1788609304458512	8785	0e0befe73577f026	4d7f96fbb5aadbda
1788609304478092512	281	1	phase_loop[280]	1788609304468414	8877	d0d57b29367bc909	4d7f96fbb5aadbda
1788609304487995069	282	1	phase_loop[281]	1788609304478284	9007	8c1da64c7fd56c57	4d7f96fbb5aadbda
1788609304498193578	283	1	phase_loop[282]	1788609304488190	9104	7b6fbe0e78d39622	4d7f96fbb5aadbda
1788609304508116404	284	1	phase_loop[283]	1788609304498428	8865	72d79caa62c5df09	4d7f96fbb5aadbda
1788609304518245340	285	1	phase_loop[284]	1788609304508371	8923	2b5195cb8f004223	4d7f96fbb5aadbda
1788609304528222789	286	1	phase_loop[285]	1788609304518533	8758	72e7e09c511b99c7	4d7f96fbb5aadbda
1788609304538300840	287	1	phase_loop[286]	1788609304528430	8864	a3194fb87b86316c	4d7f96fbb5aadbda
1788609304548072949	288	1	phase_loop[287]	1788609304538530	8761	9a949865e10cabcb	4d7f96fbb5aadbda
1788609304558180385	289	1	phase_loop[288]	1788609304548264	9028	92eefa1396d5a699	4d7f96fbb5aadbda
1788609304568276599	290	1	phase_loop[289]	1788609304558414	8879	fccf992e40d0069e	4d7f96fbb5aadbda
1788609304578112590	291	1	phase_loop[290]	1788609304568522	8770	be2ad442efcc6135	4d7f96fbb5aadbda
1788609304587969250	292	1	phase_loop[291]	1788609304578304	8986	72101107b7da93f7	4d7f96fbb5aadbda
1788609304598225538	293	1	phase_loop[292]	1788609304588154	9139	7666b54ea6349139	4d7f96fbb5aadbda
1788609304608140719	294	1	phase_loop[293]	1788609304598459	8834	31e6f8d243787965	4d7f96fbb5aadbda
1788609304618183743	295	1	phase_loop[294]	1788609304608334	8958	f7a45d5fa8d7cf0e	4d7f96fbb5aadbda
1788609304628468295	296	1	phase_loop[295]	1788609304618481	8817	6c875ac265ef2c67	4d7f96fbb5aadbda
1788609304638248239	297	1	phase_loop[296]	1788609304628791	8565	7312ce6bfc6d8d34	4d7f96fbb5aadbda
1788609304648160484	298	1	phase_loop[297]	1788609304638487	8805	6e16aab1919e5990	4d7f96fbb5aadbda
1788609304658198068	299	1	phase_loop[298]	1788609304648354	8937	ca10b1e5fee0815d	4d7f96fbb5aadbda
1788609304668451571	300	1	phase_loop[299]	1788609304658421	8873	24e6d19437534f85	4d7f96fbb5aadbda
1788609304678073254	301	1	phase_loop[300]	1788609304668697	8594	86c350e8ceab3aa7	4d7f96fbb5aadbda
1788609304688209756	302	1	phase_loop[301]	1788609304678265	9026	7917726de098a135	4d7f96fbb5aadbda
1788609304698324546	303	1	phase_loop[302]	1788609304688438	8861	3ca2dec2a6149b96	4d7f96fbb5aadbda
1788609304708221572	304	1	phase_loop[303]	1788609304698603	8690	020da508bb1dfff0	4d7f96fbb5aadbda
1788609304718069675	305	1	phase_loop[304]	1788609304708472	8819	15480320b87b04a9	4d7f96fbb5aadbda
1788609304728059348	306	1	phase_loop[305]	1788609304718267	9024	1f155facb1147a9a	4d7f96fbb5aadbda
1788609304738541986	307	1	phase_loop[306]	1788609304728267	9025	4f164f256bb585cd	4d7f96fbb5aadbda
1788609304748365573	308	1	phase_loop[307]	1788609304738865	8429	a56c7b503a75419b	4d7f96fbb5aadbda
1788609304758209729	309	1	phase_loop[308]	1788609304748670	8624	240d5e4d7c562e5f	4d7f96fbb5aadbda
1788609304768295664	310	1	phase_loop[309]	1788609304758430	8862	d92256da59d61425	4d7f96fbb5aadbda
1788609304778132787	311	1	phase_loop[310]	1788609304768528	8765	d70395afa417bebb	4d7f96fbb5aadbda
1788609304787988405	312	1	phase_loop[311]	1788609304778332	8957	2d0e93fd7b21c071	4d7f96fbb5aadbda
1788609304798264291	313	1	phase_loop[312]	1788609304788172	9123	991856c4bf66aafe	4d7f96fbb5aadbda
1788609304808084842	314	1	phase_loop[313]	1788609304798497	8794	1e516425eec7e8ce	4d7f96fbb5aadbda
1788609304818097057	315	1	phase_loop[314]	1788609304808282	9009	e8fcb65b435c2c2f	4d7f96fbb5aadbda
1788609304828192450	316	1	phase_loop[315]	1788609304818295	8997	db703c6aeee93767	4d7f96fbb5aadbda
1788609304838235995	317	1	phase_loop[316]	1788609304828445	8846	58ed3503b1c5fd45	4d7f96fbb5aadbda
1788609304848296672	318	1	phase_loop[317]	1788609304838541	8751	b19c329a360991e3	4d7f96fbb5aadbda
1788609304860599357	319	1	phase_loop[318]	1788609304848514	8778	3c8852072e911386	4d7f96fbb5aadbda
1788609304868175706	320	1	phase_loop[319]	1788609304860906	6387	9070b772996d3d07	4d7f96fbb5aadbda
1788609304878153125	321	1	phase_loop[320]	1788609304868392	8900	645a0457926a2df8	4d7f96fbb5aadbda
1788609304888141094	322	1	phase_loop[321]	1788609304878348	8947	446059296ff7aab3	4d7f96fbb5aadbda
1788609304898434183	323	1	phase_loop[322]	1788609304888343	8951	1b559b39542eb081	4d7f96fbb5aadbda
1788609304908102765	324	1	phase_loop[323]	1788609304898676	8616	fc698ea91019d025	4d7f96fbb5aadbda
1788609304917973852	325	1	phase_loop[324]	1788609304908309	8981	3f75be41250843c5	4d7f96fbb5aadbda
1788609304928287911	326	1	phase_loop[325]	1788609304918159	9133	b3183fcc4ef51728	4d7f96fbb5aadbda
1788609304938093704	327	1	phase_loop[326]	1788609304928522	8770	2ae0424ef2053410	4d7f96fbb5aadbda
1788609304948183286	328	1	phase_loop[327]	1788609304938318	8977	df91a69f510c8640	4d7f96fbb5aadbda
1788609304958587425	329	1	phase_loop[328]	1788609304948385	8910	25b1f8dd51b3366a	4d7f96fbb5aadbda
1788609304968958492	330	1	phase_loop[329]	1788609304958917	8419	9834b8c74c6e8340	4d7f96fbb5aadbda
1788609304978213349	331	1	phase_loop[330]	1788609304969217	8075	b35e2f65eb775dad	4d7f96fbb5aadbda
1788609304988097020	332	1	phase_loop[331]	1788609304978512	8779	501f022b85f2bdd3	4d7f96fbb5aadbda
1788609304998392984	333	1	phase_loop[332]	1788609304988308	8987	0349b0df9d443210	4d7f96fbb5aadbda
1788609305008365042	334	1	phase_loop[333]	1788609304998653	8639	aa49686362707ef9	4d7f96fbb5aadbda
1788609305018399229	335	1	phase_loop[334]	1788609305008637	8652	183b199b43355c96	4d7f96fbb5aadbda
1788609305028074284	336	1	phase_loop[335]	1788609305018680	8611	5c63e5bfc12cb0ad	4d7f96fbb5aadbda
1788609305038176038	337	1	phase_loop[336]	1788609305028275	9017	e0ed4054c3102679	4d7f96fbb5aadbda
1788609305047984356	338	1	phase_loop[337]	1788609305038427	8861	9893d9d0fddd5568	4d7f96fbb5aadbda
1788609305058160282	339	1	phase_loop[338]	1788609305048177	9116	2f890cb313614dce	4d7f96fbb5aadbda
1788609305068249343	340	1	phase_loop[339]	1788609305058378	8919	d1f474b365ace366	4d7f96fbb5aadbda
1788609305078208146	341	1	phase_loop[340]	1788609305068483	8810	b2788b34e6edc42a	4d7f96fbb5aadbda
1788609305088183872	342	1	phase_loop[341]	1788609305078418	8875	4b21dc78ff508b76	4d7f96fbb5aadbda
1788609305098141954	343	1	phase_loop[342]	1788609305088401	8892	b5061d685cbde346	4d7f96fbb5aadbda
1788609305108093975	344	1	phase_loop[343]	1788609305098364	8929	d6e605575efae44e	4d7f96fbb5aadbda
1788609305118143610	345	1	phase_loop[344]	1788609305108295	8997	37113ef2ef3a1536	4d7f96fbb5aadbda
1788609305128096964	346	1	phase_loop[345]	1788609305118335	8958	a584929c58046c18	4d7f96fbb5aadbda
1788609305138273831	347	1	phase_loop[346]	1788609305128292	9001	a8bfb48e4bc94d5a	4d7f96fbb5aadbda
1788609305148057131	348	1	phase_loop[347]	1788609305138496	8795	527a66f96c997775	4d7f96fbb5aadbda
1788609305158128799	349	1	phase_loop[348]	1788609305148253	9040	92d32170767e7151	4d7f96fbb5aadbda
1788609305168528790	350	1	phase_loop[349]	1788609305158371	8922	ac632fa039c5782a	4d7f96fbb5aadbda
1788609305178094357	351	1	phase_loop[350]	1788609305168823	8469	b362fcdb744bbf11	4d7f96fbb5aadbda
1788609305188188558	352	1	phase_loop[351]	1788609305178290	9006	e9003ed1864ef64a	4d7f96fbb5aadbda
1788609305198295292	353	1	phase_loop[352]	1788609305188490	8802	54bf139eb297c408	4d7f96fbb5aadbda
1788609305208105844	354	1	phase_loop[353]	1788609305198537	8755	37ad47fe45f23779	4d7f96fbb5aadbda
1788609305218013530	355	1	phase_loop[354]	1788609305208300	8991	6c664e173cf8a3c5	4d7f96fbb5aadbda
1788609305228100217	356	1	phase_loop[355]	1788609305218196	9096	d35ce381d5ab64b9	4d7f96fbb5aadbda
1788609305238163499	357	1	phase_loop[356]	1788609305228298	8995	6767c277647f7594	4d7f96fbb5aadbda
1788609305247965053	358	1	phase_loop[357]	1788609305238374	8915	565370c927815916	4d7f96fbb5aadbda
1788609305258142282	359	1	phase_loop[358]	1788609305248151	9141	1f10e5867cf41ff3	4d7f96fbb5aadbda
1788609305268111214	360	1	phase_loop[359]	1788609305258362	8930	4f71ba89c178e170	4d7f96fbb5aadbda
1788609305278082011	361	1	phase_loop[360]	1788609305268380	8914	7b3e299158bc3acc	4d7f96fbb5aadbda
1788609305288390779	362	1	phase_loop[361]	1788609305278272	9027	0b833a1522cc9cfa	4d7f96fbb5aadbda
1788609305298475631	363	1	phase_loop[362]	1788609305288629	8735	9375c1e5319f5922	4d7f96fbb5aadbda
1788609305308264352	364	1	phase_loop[363]	1788609305298715	8578	96dff0db1c33f718	4d7f96fbb5aadbda
1788609305318159013	365	1	phase_loop[364]	1788609305308496	8797	0d404ab96a48876f	4d7f96fbb5aadbda
1788609305328706585	366	1	phase_loop[365]	1788609305318417	8882	73cfe414bb4a1eed	4d7f96fbb5aadbda
1788609305338197821	367	1	phase_loop[366]	1788609305329003	8293	e87acea6efeff52f	4d7f96fbb5aadbda
1788609305348146094	368	1	phase_loop[367]	1788609305338536	8755	fefc57ccb09459a5	4d7f96fbb5aadbda
1788609305358153119	369	1	phase_loop[368]	1788609305348394	8900	fe26b8f4ac71556d	4d7f96fbb5aadbda
1788609305368350956	370	1	phase_loop[369]	1788609305358368	8926	1796dd749e186190	4d7f96fbb5aadbda
1788609305378106674	371	1	phase_loop[370]	1788609305368604	8688	90c522e47b79856d	4d7f96fbb5aadbda
1788609305388095805	372	1	phase_loop[371]	1788609305378293	8999	b2d341ef9fee662c	4d7f96fbb5aadbda
1788609305398678674	373	1	phase_loop[372]	1788609305388294	9004	b7bfb8c6c07bdb00	4d7f96fbb5aadbda
1788609305408490929	374	1	phase_loop[373]	1788609305399052	8246	70181143a1f26b84	4d7f96fbb5aadbda
1788609305418396471	375	1	phase_loop[374]	1788609305408736	8560	f879c4cc38d9f4a3	4d7f96fbb5aadbda
1788609305428047039	376	1	phase_loop[375]	1788609305418648	8642	5db4ef6cc4b52bcf	4d7f96fbb5aadbda
1788609305438066688	377	1	phase_loop[376]	1788609305428240	9053	48ddb00ffe6ac0ce	4d7f96fbb5aadbda
1788609305448205273	378	1	phase_loop[377]	1788609305438296	8999	3fc68e288636dfd9	4d7f96fbb5aadbda
1788609305458235212	379	1	phase_loop[378]	1788609305448422	8871	96f869973efb168c	4d7f96fbb5aadbda
1788609305468308062	380	1	phase_loop[379]	1788609305458478	8815	03f752945e994b47	4d7f96fbb5aadbda
1788609305478139293	381	1	phase_loop[380]	1788609305468563	8729	4f2d99448dea819a	4d7f96fbb5aadbda
1788609305488040758	382	1	phase_loop[381]	1788609305478381	8909	8e54fb07df248084	4d7f96fbb5aadbda
1788609305499111603	383	1	phase_loop[382]	1788609305488235	9058	d38e4bddc77d5ca4	4d7f96fbb5aadbda
1788609305508149878	384	1	phase_loop[383]	1788609305500014	7281	f50b1b652f532071	4d7f96fbb5aadbda
1788609305518264047	385	1	phase_loop[384]	1788609305508357	8942	478733eaa5afd4e8	4d7f96fbb5aadbda
1788609305528108613	386	1	phase_loop[385]	1788609305518487	8806	9ddc3efa3ebd07d0	4d7f96fbb5aadbda
1788609305538067266	387	1	phase_loop[386]	1788609305528305	8986	6968b207aca92c34	4d7f96fbb5aadbda
1788609305548059664	388	1	phase_loop[387]	1788609305538290	9000	9052711ba043a6c4	4d7f96fbb5aadbda
1788609305558145919	389	1	phase_loop[388]	1788609305548252	9040	98dc79b0c8f47d46	4d7f96fbb5aadbda
1788609305568185666	390	1	phase_loop[389]	1788609305558367	8925	9345e2c5dff8e531	4d7f96fbb5aadbda
1788609305578113621	391	1	phase_loop[390]	1788609305568379	8913	edb2fdf7c6aa4f1f	4d7f96fbb5aadbda
1788609305588103003	392	1	phase_loop[391]	1788609305578313	8980	8f9b448929ce663d	4d7f96fbb5aadbda
1788609305598279850	393	1	phase_loop[392]	1788609305588296	8997	d89fef586c229b3d	4d7f96fbb5aadbda
1788609305608107314	394	1	phase_loop[393]	1788609305598515	8776	11ca754a22eb75e4	4d7f96fbb5aadbda
1788609305617932604	395	1	phase_loop[394]	1788609305608292	8997	8013d95a87108f60	4d7f96fbb5aadbda
1788609305629388100	396	1	phase_loop[395]	1788609305618119	9216	df59097195c853ad	4d7f96fbb5aadbda
1788609305638414363	397	1	phase_loop[396]	1788609305629618	7678	d9a0a6453b9bef8d	4d7f96fbb5aadbda
1788609305648202482	398	1	phase_loop[397]	1788609305638644	8650	b926214c026ac4a9	4d7f96fbb5aadbda
1788609305658137440	399	1	phase_loop[398]	1788609305648432	8861	0e5b1f8a6db77942	4d7f96fbb5aadbda
1788609305668332582	400	1	phase_loop[399]	1788609305658350	8950	15c332bd16997b99	4d7f96fbb5aadbda
1788609305678116955	401	1	phase_loop[400]	1788609305668595	8698	39c38f23622d250f	4d7f96fbb5aadbda
1788609305687949648	402	1	phase_loop[401]	1788609305678315	8974	9e01d69db43fcf0a	4d7f96fbb5aadbda
1788609305698256473	403	1	phase_loop[402]	1788609305688145	9149	0312d401687bb6ac	4d7f96fbb5aadbda
1788609305708083396	404	1	phase_loop[403]	1788609305698492	8800	01838716fa85f63d	4d7f96fbb5aadbda
1788609305718085251	405	1	phase_loop[404]	1788609305708272	9020	52c06dfbe3744de5	4d7f96fbb5aadbda
1788609305728193999	406	1	phase_loop[405]	1788609305718274	9019	2814a57e5ba441f2	4d7f96fbb5aadbda
1788609305738980685	407	1	phase_loop[406]	1788609305728407	8892	6e0742efec02fac2	4d7f96fbb5aadbda
1788609305748126995	408	1	phase_loop[407]	1788609305739312	7980	db05f887279efda0	4d7f96fbb5aadbda
1788609305758157595	409	1	phase_loop[408]	1788609305748332	8961	2a5e7abb13ef7823	4d7f96fbb5aadbda
1788609305768206069	410	1	phase_loop[409]	1788609305758379	8915	307eb37f7f3ba796	4d7f96fbb5aadbda
1788609305778063309	411	1	phase_loop[410]	1788609305768454	8838	13a50c043ce60fdd	4d7f96fbb5aadbda
1788609305788054454	412	1	phase_loop[411]	1788609305778257	9034	76528790451fa906	4d7f96fbb5aadbda
1788609305800066447	413	1	phase_loop[412]	1788609305788245	9048	9f53df3310429707	4d7f96fbb5aadbda
1788609305808295215	414	1	phase_loop[413]	1788609305800323	6969	c92b02cf06cdb54f	4d7f96fbb5aadbda
1788609305818165570	415	1	phase_loop[414]	1788609305808499	8794	55e4fc4d12a80060	4d7f96fbb5aadbda
1788609305828069630	416	1	phase_loop[415]	1788609305818430	8861	29374098d3c6e28c	4d7f96fbb5aadbda
1788609305838176254	417	1	phase_loop[416]	1788609305828273	9022	fde2121cca12f929	4d7f96fbb5aadbda
1788609305847936611	418	1	phase_loop[417]	1788609305838375	8912	c7110575428f6aff	4d7f96fbb5aadbda
1788609305858232735	419	1	phase_loop[418]	1788609305848116	9176	28b086a93af06770	4d7f96fbb5aadbda
1788609305868265479	420	1	phase_loop[419]	1788609305858590	8709	00eb74a473b347ce	4d7f96fbb5aadbda
1788609305878238399	421	1	phase_loop[420]	1788609305868520	8776	b7d57b141746947b	4d7f96fbb5aadbda
1788609305888058339	422	1	phase_loop[421]	1788609305878532	8760	2fa3dbcafac562eb	4d7f96fbb5aadbda
1788609305898276865	423	1	phase_loop[422]	1788609305888263	9031	6b0c0025a5a58c7b	4d7f96fbb5aadbda
1788609305908465676	424	1	phase_loop[423]	1788609305898729	8569	6dff551af534af89	4d7f96fbb5aadbda
1788609305918159005	425	1	phase_loop[424]	1788609305908801	8489	3497d0525ae6cfdf	4d7f96fbb5aadbda
1788609305928135272	426	1	phase_loop[425]	1788609305918373	8921	a95e303caba5b39b	4d7f96fbb5aadbda
1788609305938310045	427	1	phase_loop[426]	1788609305928371	8921	199ebebb5c727ad8	4d7f96fbb5aadbda
1788609305948411339	428	1	phase_loop[427]	1788609305938570	8728	27d9b68774dc4428	4d7f96fbb5aadbda
1788609305958362779	429	1	phase_loop[428]	1788609305948663	8689	a7f64f32e2117472	4d7f96fbb5aadbda
1788609305968933875	430	1	phase_loop[429]	1788609305958640	8653	089c8c3df6977304	4d7f96fbb5aadbda
1788609305978454055	431	1	phase_loop[430]	1788609305969164	8127	1c61c3843d962681	4d7f96fbb5aadbda
1788609305988232176	432	1	phase_loop[431]	1788609305978847	8445	87efeac7e335d57f	4d7f96fbb5aadbda
1788609305998542707	433	1	phase_loop[432]	1788609305988440	8852	e7133ff4ffe470df	4d7f96fbb5aadbda
1788609306008410407	434	1	phase_loop[433]	1788609305998944	8354	65dace573b59b76d	4d7f96fbb5aadbda
1788609306018098567	435	1	phase_loop[434]	1788609306008662	8630	d643fa68f0c4600e	4d7f96fbb5aadbda
1788609306028367739	436	1	phase_loop[435]	1788609306018289	9003	03649151325b3d1e	4d7f96fbb5aadbda
1788609306038285915	437	1	phase_loop[436]	1788609306028580	8714	9dae4e808dcc2888	4d7f96fbb5aadbda
1788609306048128528	438	1	phase_loop[437]	1788609306038512	8780	e36e0f2df18b24e1	4d7f96fbb5aadbda
1788609306058141845	439	1	phase_loop[438]	1788609306048326	8968	d0244e8759ffb91f	4d7f96fbb5aadbda
1788609306068197712	440	1	phase_loop[439]	1788609306058358	8939	226c72470bff2a46	4d7f96fbb5aadbda
1788609306078439262	441	1	phase_loop[440]	1788609306068423	8873	538b3f393bb5b5f1	4d7f96fbb5aadbda
1788609306088140456	442	1	phase_loop[441]	1788609306078714	8587	098bd85097cc3629	4d7f96fbb5aadbda
1788609306098164423	443	1	phase_loop[442]	1788609306088342	8951	c63f2ad84f6124de	4d7f96fbb5aadbda
1788609306108082449	444	1	phase_loop[443]	1788609306098401	8890	b1f4dab5a51b4521	4d7f96fbb5aadbda
1788609306118083753	445	1	phase_loop[444]	1788609306108272	9020	0cd943660b273ddb	4d7f96fbb5aadbda
1788609306128275909	446	1	phase_loop[445]	1788609306118320	8973	c4fa23383e51d36c	4d7f96fbb5aadbda
1788609306138168096	447	1	phase_loop[446]	1788609306128484	8807	e958f57df2240924	4d7f96fbb5aadbda
1788609306148020397	448	1	phase_loop[447]	1788609306138432	8859	7859fc18cffb5158	4d7f96fbb5aadbda
1788609306158243753	449	1	phase_loop[448]	1788609306148213	9078	a4efdc6a52c885aa	4d7f96fbb5aadbda
1788609306168237973	450	1	phase_loop[449]	1788609306158483	8811	6136153f7c66a739	4d7f96fbb5aadbda
1788609306178105573	451	1	phase_loop[450]	1788609306168472	8821	0356bd8761337dfa	4d7f96fbb5aadbda
1788609306188428458	452	1	phase_loop[451]	1788609306178299	8995	7e3e51207c447476	4d7f96fbb5aadbda
1788609306198396428	453	1	phase_loop[452]	1788609306188751	8540	83cc07fea9153bac	4d7f96fbb5aadbda
1788609306208332328	454	1	phase_loop[453]	1788609306198773	8523	06c9012f5986b877	4d7f96fbb5aadbda
1788609306218085431	455	1	phase_loop[454]	1788609306208606	8685	28da558882cc7ef6	4d7f96fbb5aadbda
1788609306228104218	456	1	phase_loop[455]	1788609306218276	9016	b9e7fef0f9fa2b43	4d7f96fbb5aadbda
1788609306238136701	457	1	phase_loop[456]	1788609306228303	8990	8cfc8e9e9fb6e190	4d7f96fbb5aadbda
1788609306248100383	458	1	phase_loop[457]	1788609306238415	8878	90822d1406b8aeca	4d7f96fbb5aadbda
1788609306258140411	459	1	phase_loop[458]	1788609306248299	8993	1f35e7fa0e085a6a	4d7f96fbb5aadbda
1788609306268210485	460	1	phase_loop[459]	1788609306258363	8933	818fd826ee54b5a0	4d7f96fbb5aadbda
1788609306278067325	461	1	phase_loop[460]	1788609306268443	8848	68e66cb1b0f0da6f	4d7f96fbb5aadbda
1788609306288260062	462	1	phase_loop[461]	1788609306278258	9083	ab56753b9efb175a	4d7f96fbb5aadbda
1788609306298315569	463	1	phase_loop[462]	1788609306288499	8797	75ab77238ed6f301	4d7f96fbb5aadbda
1788609306308156549	464	1	phase_loop[463]	1788609306298562	8729	ae0987923b91b5d8	4d7f96fbb5aadbda
1788609306318226262	465	1	phase_loop[464]	1788609306308399	8893	fe3759b8d8e1139e	4d7f96fbb5aadbda
1788609306328082110	466	1	phase_loop[465]	1788609306318543	8748	99f9bc31feaea463	4d7f96fbb5aadbda
1788609306338096098	467	1	phase_loop[466]	1788609306328286	9007	c3e8bd4c49c86cd2	4d7f96fbb5aadbda
1788609306348067626	468	1	phase_loop[467]	1788609306338300	8991	ab3e54fc83c0f0eb	4d7f96fbb5aadbda
1788609306358163118	469	1	phase_loop[468]	1788609306348260	9033	beabcd0568f21d4e	4d7f96fbb5aadbda
1788609306368342420	470	1	phase_loop[469]	1788609306358378	8917	0d5a1d6af59733b4	4d7f96fbb5aadbda
1788609306378085374	471	1	phase_loop[470]	1788609306368577	8714	2ca51e6fa7d3129a	4d7f96fbb5aadbda
1788609306387970968	472	1	phase_loop[471]	1788609306378275	9016	a2697cbc08e793f0	4d7f96fbb5aadbda
1788609306398287440	473	1	phase_loop[472]	1788609306388161	9131	fa92d016fbda39a2	4d7f96fbb5aadbda
1788609306408074437	474	1	phase_loop[473]	1788609306398532	8760	f4d172200675c327	4d7f96fbb5aadbda
1788609306418309675	475	1	phase_loop[474]	1788609306408266	9033	3a8ac96271f2f607	4d7f96fbb5aadbda
1788609306428299768	476	1	phase_loop[475]	1788609306418535	8761	5abbddc45761435d	4d7f96fbb5aadbda
1788609306438385683	477	1	phase_loop[476]	1788609306428710	8583	de84502f41f31d1e	4d7f96fbb5aadbda
1788609306448141921	478	1	phase_loop[477]	1788609306438637	8653	22ad4b9eb8f8b78c	4d7f96fbb5aadbda
1788609306458467902	479	1	phase_loop[478]	1788609306448345	8951	f9da8417713012ce	4d7f96fbb5aadbda
1788609306468254127	480	1	phase_loop[479]	1788609306458703	8589	40ccc39ab571a785	4d7f96fbb5aadbda
1788609306478149710	481	1	phase_loop[480]	1788609306468481	8811	37a16b5c7994fcae	4d7f96fbb5aadbda
1788609306488085399	482	1	phase_loop[481]	1788609306478351	8941	58829a2f9764906e	4d7f96fbb5aadbda
1788609306498257728	483	1	phase_loop[482]	1788609306488279	9015	256899c40758c6e3	4d7f96fbb5aadbda
1788609306508090983	484	1	phase_loop[483]	1788609306498491	8802	27aa2efdd7a90dc2	4d7f96fbb5aadbda
1788609306517999531	485	1	phase_loop[484]	1788609306508285	9004	aab9ce9d61f940da	4d7f96fbb5aadbda
1788609306528213839	486	1	phase_loop[485]	1788609306518190	9103	b06cd533759a327c	4d7f96fbb5aadbda
1788609306538111055	487	1	phase_loop[486]	1788609306528455	8837	f1e346ebec43bef1	4d7f96fbb5aadbda
1788609306548227578	488	1	phase_loop[487]	1788609306538307	8986	a7b7114ff2e5ed4f	4d7f96fbb5aadbda
1788609306558149722	489	1	phase_loop[488]	1788609306548506	8788	12c3a01db60996c7	4d7f96fbb5aadbda
1788609306568216911	490	1	phase_loop[489]	1788609306558375	8920	624b07254855d06e	4d7f96fbb5aadbda
1788609306578102695	491	1	phase_loop[490]	1788609306568459	8833	926e3f235d894b8a	4d7f96fbb5aadbda
1788609306588135469	492	1	phase_loop[491]	1788609306578292	9000	e9d684336a44667f	4d7f96fbb5aadbda
1788609306598354887	493	1	phase_loop[492]	1788609306588335	8958	dcb94c2487be8c48	4d7f96fbb5aadbda
1788609306608104233	494	1	phase_loop[493]	1788609306598596	8696	17482e8966d55004	4d7f96fbb5aadbda
1788609306618116567	495	1	phase_loop[494]	1788609306608330	9004	7665f43eca814e71	4d7f96fbb5aadbda
1788609306628252126	496	1	phase_loop[495]	1788609306618306	8986	fed87b08bfe236b8	4d7f96fbb5aadbda
1788609306638250054	497	1	phase_loop[496]	1788609306628514	8778	9ce7aa50f8144732	4d7f96fbb5aadbda
1788609306648353893	498	1	phase_loop[497]	1788609306638514	8780	788810e980218c97	4d7f96fbb5aadbda
1788609306658426322	499	1	phase_loop[498]	1788609306648620	8681	c04ca86847d01ce9	4d7f96fbb5aadbda
1788609306668344447	500	1	phase_loop[499]	1788609306658663	8631	31542693d54d141b	4d7f96fbb5aadbda
1788609306678132647	501	1	phase_loop[500]	1788609306668580	8712	cb86c96b8d09cc76	4d7f96fbb5aadbda
1788609306688071081	502	1	phase_loop[501]	1788609306678325	8964	319ed05c21376e64	4d7f96fbb5aadbda
1788609306698570932	503	1	phase_loop[502]	1788609306688257	9036	7a431cd9ae7150af	4d7f96fbb5aadbda
1788609306708116190	504	1	phase_loop[503]	1788609306698797	8497	8f1130478f94d3dc	4d7f96fbb5aadbda
1788609306718008216	505	1	phase_loop[504]	1788609306708315	8975	270ee73824d52f45	4d7f96fbb5aadbda
1788609306728070967	506	1	phase_loop[505]	1788609306718195	9097	efec8fb34bd67820	4d7f96fbb5aadbda
1788609306738266319	507	1	phase_loop[506]	1788609306728264	9030	5c160435d0603a0a	4d7f96fbb5aadbda
1788609306748072753	508	1	phase_loop[507]	1788609306738523	8769	3287462ac965ebaf	4d7f96fbb5aadbda
1788609306758257215	509	1	phase_loop[508]	1788609306748264	9031	dae924b9375bb75d	4d7f96fbb5aadbda
1788609306768792593	510	1	phase_loop[509]	1788609306758534	8760	a3aad6947427b58a	4d7f96fbb5aadbda
1788609306778229425	511	1	phase_loop[510]	1788609306769089	8203	6ce6d8801c1a1389	4d7f96fbb5aadbda
1788609306788052210	512	1	phase_loop[511]	1788609306778481	8810	88079e874ea90942	4d7f96fbb5aadbda
1788609306798267240	513	1	phase_loop[512]	1788609306788243	9052	9bd5976afb3eafaa	4d7f96fbb5aadbda
1788609306808131643	514	1	phase_loop[513]	1788609306798502	8790	fc325056727fe14f	4d7f96fbb5aadbda
1788609306818122007	515	1	phase_loop[514]	1788609306808329	8962	4c9837833010c627	4d7f96fbb5aadbda
1788609306828079487	516	1	phase_loop[515]	1788609306818340	8953	8b9f99ae2fcac50e	4d7f96fbb5aadbda
1788609306838194036	517	1	phase_loop[516]	1788609306828279	9014	7e208974874339ce	4d7f96fbb5aadbda
1788609306848111922	518	1	phase_loop[517]	1788609306838443	8849	70e031752f189c27	4d7f96fbb5aadbda
1788609306858290833	519	1	phase_loop[518]	1788609306848306	8989	935e2731a557a894	4d7f96fbb5aadbda
1788609306869442923	520	1	phase_loop[519]	1788609306858530	8762	10357366ac9e4084	4d7f96fbb5aadbda
1788609306878486818	521	1	phase_loop[520]	1788609306869739	7561	e58b5fff5811822a	4d7f96fbb5aadbda
1788609306888067473	522	1	phase_loop[521]	1788609306878804	8487	6f83e4a4f28215d8	4d7f96fbb5aadbda
1788609306898189206	523	1	phase_loop[522]	1788609306888270	9024	912afdf0f13c13e1	4d7f96fbb5aadbda
1788609306908107362	524	1	phase_loop[523]	1788609306898425	8866	166883e2e38ae88d	4d7f96fbb5aadbda
1788609306918191894	525	1	phase_loop[524]	1788609306908330	8961	6f644a88537fcd27	4d7f96fbb5aadbda
1788609306928749905	526	1	phase_loop[525]	1788609306918466	8833	669d4853de32d617	4d7f96fbb5aadbda
1788609306939767719	527	1	phase_loop[526]	1788609306928996	8295	6750c55d62275546	4d7f96fbb5aadbda
1788609306948551531	528	1	phase_loop[527]	1788609306940132	7243	2ce09ed2841415be	4d7f96fbb5aadbda
1788609306958476821	529	1	phase_loop[528]	1788609306948871	8427	fb272db5db84da29	4d7f96fbb5aadbda
1788609306968525845	530	1	phase_loop[529]	1788609306958777	8515	93faace5fbc72eb9	4d7f96fbb5aadbda
1788609306978155243	531	1	phase_loop[530]	1788609306968794	8502	e9b98158a7a437c1	4d7f96fbb5aadbda
1788609306988085011	532	1	phase_loop[531]	1788609306978358	8935	1695fe48ded5030a	4d7f96fbb5aadbda
1788609306998253883	533	1	phase_loop[532]	1788609306988281	9011	da392c66ac7218e5	4d7f96fbb5aadbda
1788609307008445578	534	1	phase_loop[533]	1788609306998487	8813	8315c128c51ec1e9	4d7f96fbb5aadbda
1788609307018052764	535	1	phase_loop[534]	1788609307008742	8549	4294f34b5ad9f362	4d7f96fbb5aadbda
1788609307028129260	536	1	phase_loop[535]	1788609307018243	9049	c5df49e6c7e0b5d4	4d7f96fbb5aadbda
1788609307038172493	537	1	phase_loop[536]	1788609307028324	8967	0d0e22882ca2af24	4d7f96fbb5aadbda
1788609307048058668	538	1	phase_loop[537]	1788609307038392	8899	a57ab3f9c98ee633	4d7f96fbb5aadbda
1788609307058201431	539	1	phase_loop[538]	1788609307048250	9044	7dca739bff05eb20	4d7f96fbb5aadbda
1788609307068279811	540	1	phase_loop[539]	1788609307058441	8853	5f7e7a63590909d2	4d7f96fbb5aadbda
1788609307078537802	541	1	phase_loop[540]	1788609307068516	8794	777cdc61de66f0b0	4d7f96fbb5aadbda
1788609307088303699	542	1	phase_loop[541]	1788609307078888	8403	234876814f2c1590	4d7f96fbb5aadbda
1788609307098198640	543	1	phase_loop[542]	1788609307088519	8774	a64eecb6f552554f	4d7f96fbb5aadbda
1788609307108094373	544	1	phase_loop[543]	1788609307098443	8849	cc78ea7fd5777f57	4d7f96fbb5aadbda
1788609307117981440	545	1	phase_loop[544]	1788609307108288	9001	60531a3fe2a74d5d	4d7f96fbb5aadbda
1788609307128488875	546	1	phase_loop[545]	1788609307118178	9123	27d84e8447d68de0	4d7f96fbb5aadbda
1788609307138233832	547	1	phase_loop[546]	1788609307128750	8547	28bdcf9d54472091	4d7f96fbb5aadbda
1788609307148098085	548	1	phase_loop[547]	1788609307138493	8798	82ec2ccfb8b7ce8c	4d7f96fbb5aadbda
1788609307158166266	549	1	phase_loop[548]	1788609307148295	8998	5384e4ea6772fd59	4d7f96fbb5aadbda
1788609307168270415	550	1	phase_loop[549]	1788609307158388	8909	c0a7cd736a20c840	4d7f96fbb5aadbda
1788609307178099522	551	1	phase_loop[550]	1788609307168498	8794	d23bcc472d27c532	4d7f96fbb5aadbda
1788609307188092319	552	1	phase_loop[551]	1788609307178290	9001	b192052bf7323bac	4d7f96fbb5aadbda
1788609307199386037	553	1	phase_loop[552]	1788609307188311	8986	b5e3b297a52d6222	4d7f96fbb5aadbda
1788609307208587702	554	1	phase_loop[553]	1788609307199714	7589	a350ddef8f63d5f9	4d7f96fbb5aadbda
1788609307218080791	555	1	phase_loop[554]	1788609307208835	8455	9d6badd50de68024	4d7f96fbb5aadbda
1788609307228083918	556	1	phase_loop[555]	1788609307218284	9007	e5797efe2b5fb2f2	4d7f96fbb5aadbda
1788609307238121030	557	1	phase_loop[556]	1788609307228278	9014	a9fa40c29e93dad4	4d7f96fbb5aadbda
1788609307248780193	558	1	phase_loop[557]	1788609307238319	8975	69d40ab5f5232374	4d7f96fbb5aadbda
1788609307258128927	559	1	phase_loop[558]	1788609307249055	8238	c6d5af2e1aafa76e	4d7f96fbb5aadbda
1788609307268296557	560	1	phase_loop[559]	1788609307258349	8946	dbb76e1c74ba5901	4d7f96fbb5aadbda
1788609307278107659	561	1	phase_loop[560]	1788609307268579	8758	58ff5d273e694a05	4d7f96fbb5aadbda
1788609307287974628	562	1	phase_loop[561]	1788609307278301	8988	a4061d0610f206be	4d7f96fbb5aadbda
1788609307298358398	563	1	phase_loop[562]	1788609307288162	9132	a3765c2f9f83a019	4d7f96fbb5aadbda
1788609307308097513	564	1	phase_loop[563]	1788609307298604	8689	ac2b61350c479563	4d7f96fbb5aadbda
1788609307318285742	565	1	phase_loop[564]	1788609307308289	9002	357370154e76ac79	4d7f96fbb5aadbda
1788609307328148843	566	1	phase_loop[565]	1788609307318557	8735	e17dde0886631aa0	4d7f96fbb5aadbda
1788609307338159074	567	1	phase_loop[566]	1788609307328354	8938	10661de8b54469bf	4d7f96fbb5aadbda
1788609307348097588	568	1	phase_loop[567]	1788609307338386	8904	88faeeafe7ff49dc	4d7f96fbb5aadbda
1788609307358158295	569	1	phase_loop[568]	1788609307348289	9003	881eadd56fcfcc07	4d7f96fbb5aadbda
1788609307368213962	570	1	phase_loop[569]	1788609307358375	8922	7242511cb2d04a17	4d7f96fbb5aadbda
1788609307378074398	571	1	phase_loop[570]	1788609307368450	8842	6ab90ff80bf05847	4d7f96fbb5aadbda
1788609307387952818	572	1	phase_loop[571]	1788609307378263	9026	d5034bfc5d171095	4d7f96fbb5aadbda
1788609307398350304	573	1	phase_loop[572]	1788609307388135	9157	d825450aeeb89a43	4d7f96fbb5aadbda
1788609307408259824	574	1	phase_loop[573]	1788609307398633	8660	ceb01be330158e7f	4d7f96fbb5aadbda
1788609307418509619	575	1	phase_loop[574]	1788609307408461	8837	3c833b2bf0d508c5	4d7f96fbb5aadbda
1788609307428168392	576	1	phase_loop[575]	1788609307418763	8531	6d9048bdbb5a089d	4d7f96fbb5aadbda
1788609307438127316	577	1	phase_loop[576]	1788609307428390	8903	cb73cccba745f9df	4d7f96fbb5aadbda
1788609307448086730	578	1	phase_loop[577]	1788609307438341	8950	f64a70d7f5e111a5	4d7f96fbb5aadbda
1788609307458145673	579	1	phase_loop[578]	1788609307448284	9008	4aa3fdb6f0a4f668	4d7f96fbb5aadbda
1788609307468253318	580	1	phase_loop[579]	1788609307458367	8926	9a05c554165610fb	4d7f96fbb5aadbda
1788609307478081363	581	1	phase_loop[580]	1788609307468484	8807	27615061765f9e19	4d7f96fbb5aadbda
1788609307488081545	582	1	phase_loop[581]	1788609307478284	9008	432b3e790292a70b	4d7f96fbb5aadbda
1788609307498271016	583	1	phase_loop[582]	1788609307488270	9024	dac9a85f34abf9ae	4d7f96fbb5aadbda
1788609307508068703	584	1	phase_loop[583]	1788609307498502	8789	2c59172754ad0594	4d7f96fbb5aadbda
1788609307517992088	585	1	phase_loop[584]	1788609307508263	9026	4c2b03092cfebb02	4d7f96fbb5aadbda
1788609307528398481	586	1	phase_loop[585]	1788609307518175	9122	112d899cfd7d9a9c	4d7f96fbb5aadbda
1788609307538185137	587	1	phase_loop[586]	1788609307528717	8577	b9ab71510412d3bf	4d7f96fbb5aadbda
1788609307548224413	588	1	phase_loop[587]	1788609307538417	8875	e367f904022a6624	4d7f96fbb5aadbda
1788609307558124174	589	1	phase_loop[588]	1788609307548469	8823	17590b23eef3755a	4d7f96fbb5aadbda
1788609307568350846	590	1	phase_loop[589]	1788609307558349	8946	2af275c8ed560d37	4d7f96fbb5aadbda
1788609307578101904	591	1	phase_loop[590]	1788609307568644	8648	04608dd23fd164d3	4d7f96fbb5aadbda
1788609307587984182	592	1	phase_loop[591]	1788609307578295	8995	7f8e92ef1dfd5c0b	4d7f96fbb5aadbda
1788609307598268763	593	1	phase_loop[592]	1788609307588209	9084	1d062eda894e06d8	4d7f96fbb5aadbda
1788609307608164587	594	1	phase_loop[593]	1788609307598505	8835	db626beedb8aa13d	4d7f96fbb5aadbda
1788609307617926947	595	1	phase_loop[594]	1788609307608359	8931	5886a0a4022f70a4	4d7f96fbb5aadbda
1788609307628074258	596	1	phase_loop[595]	1788609307618106	9185	f6445bf7ad38f7f0	4d7f96fbb5aadbda
1788609307638110638	597	1	phase_loop[596]	1788609307628271	9022	627b4cd3d1ab45cd	4d7f96fbb5aadbda
1788609307648409156	598	1	phase_loop[597]	1788609307638334	8963	90e9deb1b8714a37	4d7f96fbb5aadbda
1788609307658404077	599	1	phase_loop[598]	1788609307648651	8651	312e6de1b01a0e43	4d7f96fbb5aadbda
1788609307668287618	600	1	phase_loop[599]	1788609307658640	8653	f1ea316e17336faf	4d7f96fbb5aadbda
1788609307678082139	601	1	phase_loop[600]	1788609307668543	8751	fc1c168ca6cdd294	4d7f96fbb5aadbda
1788609307687965107	602	1	phase_loop[601]	1788609307678275	9014	b944b1a76bd74c69	4d7f96fbb5aadbda
1788609307699000755	603	1	phase_loop[602]	1788609307688143	9150	84c5d784802fc4e7	4d7f96fbb5aadbda
1788609307708085699	604	1	phase_loop[603]	1788609307699231	8063	205fb79d1d602ba8	4d7f96fbb5aadbda
1788609307718115787	605	1	phase_loop[604]	1788609307708277	9014	5b7ee90148c8a580	4d7f96fbb5aadbda
1788609307728153530	606	1	phase_loop[605]	1788609307718354	8938	831a99fa5ba72fcb	4d7f96fbb5aadbda
1788609307739652749	607	1	phase_loop[606]	1788609307728374	8929	03e3cdcd4c9e8aa6	4d7f96fbb5aadbda
1788609307748298748	608	1	phase_loop[607]	1788609307739974	7320	d8cf2188bb0f4e09	4d7f96fbb5aadbda
1788609307758248885	609	1	phase_loop[608]	1788609307748520	8773	463ceed2edfa2842	4d7f96fbb5aadbda
1788609307768392278	610	1	phase_loop[609]	1788609307758473	8820	066637b290ee165f	4d7f96fbb5aadbda
1788609307778170949	611	1	phase_loop[610]	1788609307768725	8571	7ac91cf8048512a4	4d7f96fbb5aadbda
1788609307788154860	612	1	phase_loop[611]	1788609307778388	8904	d1c676a17a3ed82c	4d7f96fbb5aadbda
1788609307798228230	613	1	phase_loop[612]	1788609307788351	8944	93068f5692b6f90a	4d7f96fbb5aadbda
1788609307808147639	614	1	phase_loop[613]	1788609307798468	8825	090ef243d702f196	4d7f96fbb5aadbda
1788609307818078649	615	1	phase_loop[614]	1788609307808344	8946	82f7f5c99151aaf0	4d7f96fbb5aadbda
1788609307828106954	616	1	phase_loop[615]	1788609307818297	8995	8e34f51e85435be6	4d7f96fbb5aadbda
1788609307838199120	617	1	phase_loop[616]	1788609307828308	8985	f95953c3f3e395bc	4d7f96fbb5aadbda
1788609307848158935	618	1	phase_loop[617]	1788609307838420	8871	7366691a1617cb94	4d7f96fbb5aadbda
1788609307858140381	619	1	phase_loop[618]	1788609307848348	8945	322737380058d7bf	4d7f96fbb5aadbda
1788609307868720534	620	1	phase_loop[619]	1788609307858374	8918	6a6189659993199e	4d7f96fbb5aadbda
1788609307878179267	621	1	phase_loop[620]	1788609307869066	8227	367921f26f3e56de	4d7f96fbb5aadbda
1788609307888374329	622	1	phase_loop[621]	1788609307878379	8914	38b694d877fea9f4	4d7f96fbb5aadbda
1788609307898123323	623	1	phase_loop[622]	1788609307888747	8546	0758c5d99dd85eee	4d7f96fbb5aadbda
1788609307908144014	624	1	phase_loop[623]	1788609307898334	8956	7f2ee5e7459fc8b5	4d7f96fbb5aadbda
1788609307918173902	625	1	phase_loop[624]	1788609307908396	8895	049aae947e716ed6	4d7f96fbb5aadbda
1788609307928143886	626	1	phase_loop[625]	1788609307918376	8918	f05e7774aadb99bd	4d7f96fbb5aadbda
1788609307938501666	627	1	phase_loop[626]	1788609307928385	8955	427349a56934f5a8	4d7f96fbb5aadbda
1788609307948714712	628	1	phase_loop[627]	1788609307938740	8558	605cf941d81e45c4	4d7f96fbb5aadbda
1788609307958455341	629	1	phase_loop[628]	1788609307949144	8148	5a465de0127e035e	4d7f96fbb5aadbda
1788609307968278116	630	1	phase_loop[629]	1788609307958796	8496	c9389a318182a32d	4d7f96fbb5aadbda
1788609307978113604	631	1	phase_loop[630]	1788609307968510	8782	e82ad196c8f02fe6	4d7f96fbb5aadbda
1788609307988221350	632	1	phase_loop[631]	1788609307978324	8970	9b03623bfef33379	4d7f96fbb5aadbda
1788609307998348733	633	1	phase_loop[632]	1788609307988507	8790	24c3358290b0503d	4d7f96fbb5aadbda
1788609308008117856	634	1	phase_loop[633]	1788609307998678	8615	e858a3f7374c01c1	4d7f96fbb5aadbda
1788609308018094142	635	1	phase_loop[634]	1788609308008314	8978	98a867e627c06fbb	4d7f96fbb5aadbda
1788609308028141983	636	1	phase_loop[635]	1788609308018283	9010	b704522142b271e6	4d7f96fbb5aadbda
1788609308038253125	637	1	phase_loop[636]	1788609308028338	8955	fbf46e58da160757	4d7f96fbb5aadbda
1788609308048058727	638	1	phase_loop[637]	1788609308038508	8782	6db93a82392d8549	4d7f96fbb5aadbda
1788609308058204264	639	1	phase_loop[638]	1788609308048271	9022	0652f492ebe96921	4d7f96fbb5aadbda
1788609308068274168	640	1	phase_loop[639]	1788609308058433	8861	09fb838bccd11f76	4d7f96fbb5aadbda
1788609308078131869	641	1	phase_loop[640]	1788609308068503	8790	3ae5712c11486c4a	4d7f96fbb5aadbda
1788609308088078168	642	1	phase_loop[641]	1788609308078338	8955	a85ab5176b8c26ba	4d7f96fbb5aadbda
1788609308099511270	643	1	phase_loop[642]	1788609308088262	9034	a307131cd7fbd056	4d7f96fbb5aadbda
1788609308108471376	644	1	phase_loop[643]	1788609308099751	7550	55ae19528d1b7e59	4d7f96fbb5aadbda
1788609308118075987	645	1	phase_loop[644]	1788609308108792	8499	e4523576f4602314	4d7f96fbb5aadbda
1788609308128128738	646	1	phase_loop[645]	1788609308118268	9023	0fb821e39cb0eef3	4d7f96fbb5aadbda
1788609308138164927	647	1	phase_loop[646]	1788609308128336	8957	20352b173d0a044e	4d7f96fbb5aadbda
1788609308148070579	648	1	phase_loop[647]	1788609308138378	8913	4b6263f4cffccba7	4d7f96fbb5aadbda
1788609308158190458	649	1	phase_loop[648]	1788609308148266	9027	7984eb75dc77547c	4d7f96fbb5aadbda
1788609308168485399	650	1	phase_loop[649]	1788609308158417	8880	2476b58469507e6c	4d7f96fbb5aadbda
1788609308178088997	651	1	phase_loop[650]	1788609308168766	8526	ab34668f9fffee1a	4d7f96fbb5aadbda
1788609308187992745	652	1	phase_loop[651]	1788609308178279	9011	279203a0fdf8abf3	4d7f96fbb5aadbda
1788609308198394940	653	1	phase_loop[652]	1788609308188176	9120	39799a4adeea74a8	4d7f96fbb5aadbda
1788609308208739966	654	1	phase_loop[653]	1788609308198632	8673	cb04af68ca1af935	4d7f96fbb5aadbda
1788609308218209480	655	1	phase_loop[654]	1788609308209081	8212	19d06f5bb13061be	4d7f96fbb5aadbda
1788609308228131402	656	1	phase_loop[655]	1788609308218442	8850	2c1f7de7c1b8b3ae	4d7f96fbb5aadbda
1788609308238153565	657	1	phase_loop[656]	1788609308228404	8888	b0776e695085844b	4d7f96fbb5aadbda
1788609308247977472	658	1	phase_loop[657]	1788609308238426	8866	00abb961c7bce4bd	4d7f96fbb5aadbda
1788609308258164929	659	1	phase_loop[658]	1788609308248165	9127	0d2162df749735ca	4d7f96fbb5aadbda
1788609308268329572	660	1	phase_loop[659]	1788609308258397	8964	5d84168f508a01e4	4d7f96fbb5aadbda
1788609308278082414	661	1	phase_loop[660]	1788609308268563	8730	a8bf5cde64255f57	4d7f96fbb5aadbda
1788609308288022692	662	1	phase_loop[661]	1788609308278274	9016	0fb8e20a35489d7a	4d7f96fbb5aadbda
1788609308298187265	663	1	phase_loop[662]	1788609308288205	9087	377cfaed6a431976	4d7f96fbb5aadbda
1788609308308113416	664	1	phase_loop[663]	1788609308298426	8868	608df12b9024f904	4d7f96fbb5aadbda
1788609308318117855	665	1	phase_loop[664]	1788609308308309	8982	13ba4adfd2f45ae3	4d7f96fbb5aadbda
1788609308328139637	666	1	phase_loop[665]	1788609308318331	8962	878309bda6a17796	4d7f96fbb5aadbda
1788609308338112016	667	1	phase_loop[666]	1788609308328395	8899	98072f266b11ae1b	4d7f96fbb5aadbda
1788609308348073905	668	1	phase_loop[667]	1788609308338326	8965	bdadbd72540b5c3a	4d7f96fbb5aadbda
1788609308359150059	669	1	phase_loop[668]	1788609308348274	9020	4dac4416dfea3a74	4d7f96fbb5aadbda
1788609308368527478	670	1	phase_loop[669]	1788609308359502	7792	30b54d064c1718a7	4d7f96fbb5aadbda
1788609308381189083	671	1	phase_loop[670]	1788609308368811	8480	84d40361363cf282	4d7f96fbb5aadbda
1788609308388123482	672	1	phase_loop[671]	1788609308381412	5879	713536c4792eb33d	4d7f96fbb5aadbda
1788609308398635336	673	1	phase_loop[672]	1788609308388326	8965	ac649a1353a5f0a3	4d7f96fbb5aadbda
1788609308408081465	674	1	phase_loop[673]	1788609308398853	8438	25945c084c1260a1	4d7f96fbb5aadbda
1788609308418521692	675	1	phase_loop[674]	1788609308408277	9013	a063146205b9e5ce	4d7f96fbb5aadbda
1788609308429634786	676	1	phase_loop[675]	1788609308418833	8465	9b12b3dd02cc8967	4d7f96fbb5aadbda
1788609308439066027	677	1	phase_loop[676]	1788609308429921	7379	9ce74726a221f515	4d7f96fbb5aadbda
1788609308448909591	678	1	phase_loop[677]	1788609308439343	7950	816fb46a5d94d6af	4d7f96fbb5aadbda
1788609308458234560	679	1	phase_loop[678]	1788609308449156	8137	5d59acbecfc914a9	4d7f96fbb5aadbda
1788609308469595786	680	1	phase_loop[679]	1788609308458542	8762	a29f30ad73189328	4d7f96fbb5aadbda
1788609308478122640	681	1	phase_loop[680]	1788609308469850	7440	51d92f32a8279d67	4d7f96fbb5aadbda
1788609308488182264	682	1	phase_loop[681]	1788609308478321	8972	3e20cb1d82de24f5	4d7f96fbb5aadbda
1788609308498223313	683	1	phase_loop[682]	1788609308488404	8888	d8bb30d6c45530a3	4d7f96fbb5aadbda
1788609308508145836	684	1	phase_loop[683]	1788609308498470	8824	39b34a70d92b1ef3	4d7f96fbb5aadbda
1788609308517964874	685	1	phase_loop[684]	1788609308508357	8932	cc9e6db2045f4156	4d7f96fbb5aadbda
1788609308528248614	686	1	phase_loop[685]	1788609308518153	9140	27a473bd3f3cdd6e	4d7f96fbb5aadbda
1788609308538129138	687	1	phase_loop[686]	1788609308528475	8817	b946ac30fd33fd98	4d7f96fbb5aadbda
1788609308548058064	688	1	phase_loop[687]	1788609308538374	8917	8a8674cf89f83c0a	4d7f96fbb5aadbda
1788609308558195606	689	1	phase_loop[688]	1788609308548273	9027	bb289fc5e63a2774	4d7f96fbb5aadbda
1788609308568224121	690	1	phase_loop[689]	1788609308558417	8880	1e55d9428578d02c	4d7f96fbb5aadbda
1788609308578115676	691	1	phase_loop[690]	1788609308568462	8828	4a9b5266efef432c	4d7f96fbb5aadbda
1788609308587931206	692	1	phase_loop[691]	1788609308578309	8980	d819d8cd0d115245	4d7f96fbb5aadbda
1788609308598294407	693	1	phase_loop[692]	1788609308588116	9225	8703d87f5b5dbe21	4d7f96fbb5aadbda
1788609308608090581	694	1	phase_loop[693]	1788609308598551	8739	033838cf237b8757	4d7f96fbb5aadbda
1788609308618086444	695	1	phase_loop[694]	1788609308608284	9009	a467524286e30804	4d7f96fbb5aadbda
1788609308628079001	696	1	phase_loop[695]	1788609308618275	9017	6ac22ee98d44a902	4d7f96fbb5aadbda
1788609308638130149	697	1	phase_loop[696]	1788609308628284	9009	4c7bf2c338e9bd45	4d7f96fbb5aadbda
1788609308647946130	698	1	phase_loop[697]	1788609308638328	8960	8b8c5323531c2488	4d7f96fbb5aadbda
1788609308659270677	699	1	phase_loop[698]	1788609308648127	9181	02d8d8728094c495	4d7f96fbb5aadbda
1788609308668515153	700	1	phase_loop[699]	1788609308659528	7769	eefd53ad9dc10dd8	4d7f96fbb5aadbda
1788609308678265951	701	1	phase_loop[700]	1788609308668741	8559	6b55f0bd76ce7382	4d7f96fbb5aadbda
1788609308688190488	702	1	phase_loop[701]	1788609308678515	8776	8ec6c2eddd8597d8	4d7f96fbb5aadbda
1788609308698164640	703	1	phase_loop[702]	1788609308688393	8900	b1f01cf1a9537619	4d7f96fbb5aadbda
1788609308708139383	704	1	phase_loop[703]	1788609308698382	8913	dddbb147f0a7eb31	4d7f96fbb5aadbda
1788609308717937651	705	1	phase_loop[704]	1788609308708342	8946	e155ac585cfb5cbf	4d7f96fbb5aadbda
1788609308728064162	706	1	phase_loop[705]	1788609308718133	9159	f71dcdbd3a44058e	4d7f96fbb5aadbda
1788609308738196965	707	1	phase_loop[706]	1788609308728258	9034	457ececa8eddd3ff	4d7f96fbb5aadbda
1788609308748089402	708	1	phase_loop[707]	1788609308738406	8885	4ce7506313ab2f54	4d7f96fbb5aadbda
1788609308758175156	709	1	phase_loop[708]	1788609308748279	9013	aeb60f0df790b59b	4d7f96fbb5aadbda
1788609308769356260	710	1	phase_loop[709]	1788609308758399	8893	7417ad9f0ea127b5	4d7f96fbb5aadbda
1788609308778115595	711	1	phase_loop[710]	1788609308769592	7700	f88a6d700da7fa92	4d7f96fbb5aadbda
1788609308788322228	712	1	phase_loop[711]	1788609308778312	8980	c1921169a3028308	4d7f96fbb5aadbda
1788609308798247818	713	1	phase_loop[712]	1788609308788591	8700	b4dc39689029c0bd	4d7f96fbb5aadbda
1788609308808103505	714	1	phase_loop[713]	1788609308798491	8800	e40fc370a4d60748	4d7f96fbb5aadbda
1788609308818078107	715	1	phase_loop[714]	1788609308808301	8992	4ba95d582bd9f251	4d7f96fbb5aadbda
1788609308828110500	716	1	phase_loop[715]	1788609308818300	8992	58a1f681fb6ca43b	4d7f96fbb5aadbda
1788609308838116873	717	1	phase_loop[716]	1788609308828334	8959	e33906d0d98c5d4c	4d7f96fbb5aadbda
1788609308848350818	718	1	phase_loop[717]	1788609308838345	8949	396b94b068e4ed89	4d7f96fbb5aadbda
1788609308858119490	719	1	phase_loop[718]	1788609308848590	8702	553eac7de665a8ac	4d7f96fbb5aadbda
1788609308868356290	720	1	phase_loop[719]	1788609308858341	8953	becf8f1cb698d246	4d7f96fbb5aadbda
1788609308878198582	721	1	phase_loop[720]	1788609308868637	8662	a6daa9dc8181e88c	4d7f96fbb5aadbda
1788609308888194154	722	1	phase_loop[721]	1788609308878407	8885	5fb9aca4a0ec0325	4d7f96fbb5aadbda
1788609308898096820	723	1	phase_loop[722]	1788609308888408	8883	0342cfae35cc35d9	4d7f96fbb5aadbda
1788609308908127069	724	1	phase_loop[723]	1788609308898305	8987	edd12e49c3f37f45	4d7f96fbb5aadbda
1788609308918133442	725	1	phase_loop[724]	1788609308908328	8963	2adef83927be79cb	4d7f96fbb5aadbda
1788609308928235557	726	1	phase_loop[725]	1788609308918324	9014	2f814b4cebcf6667	4d7f96fbb5aadbda
1788609308938282487	727	1	phase_loop[726]	1788609308928461	8833	2984ea2f25118a6f	4d7f96fbb5aadbda
1788609308948195082	728	1	phase_loop[727]	1788609308938668	8626	26b6e0f5105071ed	4d7f96fbb5aadbda
1788609308958294963	729	1	phase_loop[728]	1788609308948395	8900	8d7b520239344fc4	4d7f96fbb5aadbda
1788609308968310543	730	1	phase_loop[729]	1788609308958553	8741	01b04cf26ed664df	4d7f96fbb5aadbda
1788609308978231083	731	1	phase_loop[730]	1788609308968568	8724	99933ba19e6a94ff	4d7f96fbb5aadbda
1788609308988310986	732	1	phase_loop[731]	1788609308978449	8848	de73a6e0b4b2a6e7	4d7f96fbb5aadbda
1788609308998401278	733	1	phase_loop[732]	1788609308988556	8736	14a50719070b84b7	4d7f96fbb5aadbda
1788609309008345774	734	1	phase_loop[733]	1788609308998630	8663	e9995dc584216d66	4d7f96fbb5aadbda
1788609309018264821	735	1	phase_loop[734]	1788609309008583	8708	e69c0e33709d7430	4d7f96fbb5aadbda
1788609309028064431	736	1	phase_loop[735]	1788609309018601	8690	4f8898c85bc36608	4d7f96fbb5aadbda
1788609309038225107	737	1	phase_loop[736]	1788609309028260	9035	8d63d8a560718b0f	4d7f96fbb5aadbda
1788609309048082446	738	1	phase_loop[737]	1788609309038437	8854	34a32f9ea4a908b9	4d7f96fbb5aadbda
1788609309058181906	739	1	phase_loop[738]	1788609309048275	9018	f4179ad2896cc8f9	4d7f96fbb5aadbda
1788609309068226431	740	1	phase_loop[739]	1788609309058392	8904	73fcf45aac751072	4d7f96fbb5aadbda
1788609309078093419	741	1	phase_loop[740]	1788609309068507	8786	9b5dbb0ca41d1f2f	4d7f96fbb5aadbda
1788609309087946060	742	1	phase_loop[741]	1788609309078290	9001	933998a44d362143	4d7f96fbb5aadbda
1788609309098087149	743	1	phase_loop[742]	1788609309088129	9162	28da1118e4680966	4d7f96fbb5aadbda
1788609309108734168	744	1	phase_loop[743]	1788609309098343	8958	fd312061721f2bcc	4d7f96fbb5aadbda
1788609309118103221	745	1	phase_loop[744]	1788609309109040	8251	0232f1401ca92dd4	4d7f96fbb5aadbda
1788609309128080007	746	1	phase_loop[745]	1788609309118297	8995	e937b1f90e0833af	4d7f96fbb5aadbda
1788609309138177493	747	1	phase_loop[746]	1788609309128274	9018	e3699f6f511825ad	4d7f96fbb5aadbda
1788609309148028551	748	1	phase_loop[747]	1788609309138402	8888	c4cb4139ce936d56	4d7f96fbb5aadbda
1788609309158131287	749	1	phase_loop[748]	1788609309148222	9071	80ec3aebbd0db2d0	4d7f96fbb5aadbda
1788609309168441707	750	1	phase_loop[749]	1788609309158354	8947	e1aaf74085bd3f73	4d7f96fbb5aadbda
1788609309178119035	751	1	phase_loop[750]	1788609309168703	8588	958886ecba3618c6	4d7f96fbb5aadbda
1788609309188029796	752	1	phase_loop[751]	1788609309178312	8978	5f85cc20e72c7914	4d7f96fbb5aadbda
1788609309198280183	753	1	phase_loop[752]	1788609309188251	9042	c766c712181fdeef	4d7f96fbb5aadbda
1788609309208224017	754	1	phase_loop[753]	1788609309198526	8774	ad8fb01c767cf4c7	4d7f96fbb5aadbda
1788609309218339296	755	1	phase_loop[754]	1788609309208440	8852	dfe1db79414cf46b	4d7f96fbb5aadbda
1788609309228081537	756	1	phase_loop[755]	1788609309218653	8638	7bdea017c22ad1e0	4d7f96fbb5aadbda
1788609309238162893	757	1	phase_loop[756]	1788609309228280	9011	f01864a74c0da292	4d7f96fbb5aadbda
1788609309248022196	758	1	phase_loop[757]	1788609309238369	8922	5598b1971734c594	4d7f96fbb5aadbda
1788609309258253797	759	1	phase_loop[758]	1788609309248206	9140	d969ccc498f546a4	4d7f96fbb5aadbda
1788609309268234300	760	1	phase_loop[759]	1788609309258482	8815	cac6535ae1d4d5fb	4d7f96fbb5aadbda
1788609309278096680	761	1	phase_loop[760]	1788609309268465	8829	0f5fc2a09148d88a	4d7f96fbb5aadbda
1788609309287947838	762	1	phase_loop[761]	1788609309278287	9003	602b5257deb50ff8	4d7f96fbb5aadbda
1788609309298244903	763	1	phase_loop[762]	1788609309288133	9160	52c83dfc9abc0614	4d7f96fbb5aadbda
1788609309308089498	764	1	phase_loop[763]	1788609309298483	8810	c04e9072051ec1ec	4d7f96fbb5aadbda
1788609309318704146	765	1	phase_loop[764]	1788609309308275	9022	f8a7bcbfbc5c40a2	4d7f96fbb5aadbda
1788609309328579029	766	1	phase_loop[765]	1788609309319127	8169	471e237a109348b7	4d7f96fbb5aadbda
1788609309338332291	767	1	phase_loop[766]	1788609309328818	8475	3e10cd1a983f2867	4d7f96fbb5aadbda
1788609309348066507	768	1	phase_loop[767]	1788609309338705	8586	d0e87a2b87923238	4d7f96fbb5aadbda
1788609309358280845	769	1	phase_loop[768]	1788609309348263	9030	be484b6211fc17a5	4d7f96fbb5aadbda
1788609309368190905	770	1	phase_loop[769]	1788609309358507	8786	c491e8a6e17d6f21	4d7f96fbb5aadbda
1788609309378118007	771	1	phase_loop[770]	1788609309368437	8855	bb9f707638fa0675	4d7f96fbb5aadbda
1788609309388067031	772	1	phase_loop[771]	1788609309378323	8968	de8e4ccc2e00f684	4d7f96fbb5aadbda
1788609309398111386	773	1	phase_loop[772]	1788609309388266	9025	a802b0ea3702a8eb	4d7f96fbb5aadbda
1788609309408215374	774	1	phase_loop[773]	1788609309398319	8973	5d8d2da1041e3c8f	4d7f96fbb5aadbda
1788609309418305556	775	1	phase_loop[774]	1788609309408427	8865	c42a256fb8a79e87	4d7f96fbb5aadbda
1788609309428114224	776	1	phase_loop[775]	1788609309418552	8741	86d84304e597c3f4	4d7f96fbb5aadbda
1788609309440053678	777	1	phase_loop[776]	1788609309428338	8955	01c52f0b55f85c91	4d7f96fbb5aadbda
1788609309448233351	778	1	phase_loop[777]	1788609309440292	7003	c38bcf16273d1b9d	4d7f96fbb5aadbda
1788609309459425817	779	1	phase_loop[778]	1788609309448454	8838	9dc56b909e7b3e1c	4d7f96fbb5aadbda
1788609309468404257	780	1	phase_loop[779]	1788609309459657	7636	73c336e5ba6c96ea	4d7f96fbb5aadbda
1788609309478109548	781	1	phase_loop[780]	1788609309468623	8668	291f28666d30201d	4d7f96fbb5aadbda
1788609309488283740	782	1	phase_loop[781]	1788609309478322	8972	a2e48e480224578f	4d7f96fbb5aadbda
1788609309498119779	783	1	phase_loop[782]	1788609309488496	8797	b6a76e805128d218	4d7f96fbb5aadbda
1788609309508163743	784	1	phase_loop[783]	1788609309498349	8944	f295995bf792928a	4d7f96fbb5aadbda
1788609309518976227	785	1	phase_loop[784]	1788609309508419	8875	f8f99739582e03aa	4d7f96fbb5aadbda
1788609309528911916	786	1	phase_loop[785]	1788609309519242	8052	758ccefe127bbe8f	4d7f96fbb5aadbda
1788609309538133829	787	1	phase_loop[786]	1788609309529144	8149	1f98d018a485209a	4d7f96fbb5aadbda
1788609309548062895	788	1	phase_loop[787]	1788609309538341	8951	e4e0be98dcd6e144	4d7f96fbb5aadbda
1788609309558134542	789	1	phase_loop[788]	1788609309548264	9028	d6cc1702979fafd8	4d7f96fbb5aadbda
1788609309568488234	790	1	phase_loop[789]	1788609309558449	8843	501890a5d8952036	4d7f96fbb5aadbda
1788609309578286952	791	1	phase_loop[790]	1788609309568756	8537	690fe2ba4234eea1	4d7f96fbb5aadbda
1788609309588164561	792	1	phase_loop[791]	1788609309578686	8646	610aa684ee321f7b	4d7f96fbb5aadbda
1788609309598350204	793	1	phase_loop[792]	1788609309588361	8930	c67d41ca575795aa	4d7f96fbb5aadbda
1788609309608054112	794	1	phase_loop[793]	1788609309598561	8731	75f77db9ce97b8b7	4d7f96fbb5aadbda
1788609309618156347	795	1	phase_loop[794]	1788609309608242	9049	8aaa83083f5dacb0	4d7f96fbb5aadbda
1788609309628101263	796	1	phase_loop[795]	1788609309618366	8926	6c051360a8250eef	4d7f96fbb5aadbda
1788609309639214819	797	1	phase_loop[796]	1788609309628310	8984	e4f12c733ebedd5f	4d7f96fbb5aadbda
1788609309648117335	798	1	phase_loop[797]	1788609309639440	7851	2490de89e39e5f5c	4d7f96fbb5aadbda
1788609309658482028	799	1	phase_loop[798]	1788609309648325	8972	948cb6708ab6479d	4d7f96fbb5aadbda
1788609309668907698	800	1	phase_loop[799]	1788609309658743	8548	35de0cc6d6fb9286	4d7f96fbb5aadbda
1788609309678342244	801	1	phase_loop[800]	1788609309669717	7584	a0310be98eba1230	4d7f96fbb5aadbda
1788609309688167273	802	1	phase_loop[801]	1788609309678641	8656	9229481b34cd223e	4d7f96fbb5aadbda
1788609309698283775	803	1	phase_loop[802]	1788609309688369	8925	48777cf893819946	4d7f96fbb5aadbda
1788609309708115336	804	1	phase_loop[803]	1788609309698527	8766	ba40a1924956a4ea	4d7f96fbb5aadbda
1788609309717996481	805	1	phase_loop[804]	1788609309708313	8977	c433b6473cd7066e	4d7f96fbb5aadbda
1788609309728183867	806	1	phase_loop[805]	1788609309718183	9109	77253663bbb7ab9a	4d7f96fbb5aadbda
1788609309738200259	807	1	phase_loop[806]	1788609309728386	8907	0f06979634a6c8ca	4d7f96fbb5aadbda
1788609309747967057	808	1	phase_loop[807]	1788609309738419	8871	57923e65cdb1d60d	4d7f96fbb5aadbda
1788609309758148693	809	1	phase_loop[808]	1788609309748150	9144	2440a5fe547b8148	4d7f96fbb5aadbda
1788609309768324637	810	1	phase_loop[809]	1788609309758365	8928	054d79f31a8efb22	4d7f96fbb5aadbda
1788609309778155978	811	1	phase_loop[810]	1788609309768562	8731	02fb3a5d1342f36d	4d7f96fbb5aadbda
1788609309788458012	812	1	phase_loop[811]	1788609309778364	8932	0f70f938fcdc7f39	4d7f96fbb5aadbda
1788609309798104842	813	1	phase_loop[812]	1788609309788757	8534	6b1bfdf1350bded4	4d7f96fbb5aadbda
1788609309808204743	814	1	phase_loop[813]	1788609309798343	8952	1d304777cbc08a19	4d7f96fbb5aadbda
1788609309818090186	815	1	phase_loop[814]	1788609309808442	8849	13245cea619aa5dd	4d7f96fbb5aadbda
1788609309828192240	816	1	phase_loop[815]	1788609309818322	8975	813f85ce8a57d629	4d7f96fbb5aadbda
1788609309838093173	817	1	phase_loop[816]	1788609309828401	8893	8c3ac9d766e82f5f	4d7f96fbb5aadbda
1788609309848104996	818	1	phase_loop[817]	1788609309838302	8990	a00c1c323db9d27a	4d7f96fbb5aadbda
1788609309858205528	819	1	phase_loop[818]	1788609309848309	8982	59573ff4eda416e8	4d7f96fbb5aadbda
1788609309868382134	820	1	phase_loop[819]	1788609309858427	8866	f20faf7f4b2cdd0e	4d7f96fbb5aadbda
1788609309878493195	821	1	phase_loop[820]	1788609309868622	8673	6d7ba3b49286c4cf	4d7f96fbb5aadbda
1788609309888254583	822	1	phase_loop[821]	1788609309878821	8470	ec04f77978fea616	4d7f96fbb5aadbda
1788609309898202655	823	1	phase_loop[822]	1788609309888461	8831	345e652a3a5838ba	4d7f96fbb5aadbda
1788609309908099079	824	1	phase_loop[823]	1788609309898452	8839	1bc9da51ec4dcedf	4d7f96fbb5aadbda
1788609309918111994	825	1	phase_loop[824]	1788609309908296	9038	ac728cec6f559f48	4d7f96fbb5aadbda
1788609309928170356	826	1	phase_loop[825]	1788609309918303	8988	d3e5de6306aee75e	4d7f96fbb5aadbda
1788609309938612626	827	1	phase_loop[826]	1788609309928392	8902	50a4c27405d941de	4d7f96fbb5aadbda
1788609309948112577	828	1	phase_loop[827]	1788609309938944	8348	f04890a83fdda3ba	4d7f96fbb5aadbda
1788609309958515774	829	1	phase_loop[828]	1788609309948315	8988	18588f833603205f	4d7f96fbb5aadbda
1788609309968203261	830	1	phase_loop[829]	1788609309958818	8475	112faea859666844	4d7f96fbb5aadbda
1788609309978090588	831	1	phase_loop[830]	1788609309968467	8825	3cd4edc875cd0680	4d7f96fbb5aadbda
1788609309987942337	832	1	phase_loop[831]	1788609309978284	9005	f6cf8b96d556ca0e	4d7f96fbb5aadbda
1788609309999188624	833	1	phase_loop[832]	1788609309988124	9177	193d7cdae159a8b1	4d7f96fbb5aadbda
1788609310008126338	834	1	phase_loop[833]	1788609309999443	7855	96a03d9d0270a3cf	4d7f96fbb5aadbda
1788609310018331077	835	1	phase_loop[834]	1788609310008370	8926	690ba87ee581c88c	4d7f96fbb5aadbda
1788609310028065904	836	1	phase_loop[835]	1788609310018564	8729	80fdef51353a56bb	4d7f96fbb5aadbda
1788609310038206511	837	1	phase_loop[836]	1788609310028264	9028	afe2492268f34d21	4d7f96fbb5aadbda
1788609310048070373	838	1	phase_loop[837]	1788609310038439	8852	b1c4b67252fbae8c	4d7f96fbb5aadbda
1788609310058219988	839	1	phase_loop[838]	1788609310048262	9032	dd5b39e5eb34b220	4d7f96fbb5aadbda
1788609310068151989	840	1	phase_loop[839]	1788609310058451	8840	f81081bb23e1292a	4d7f96fbb5aadbda
1788609310078062800	841	1	phase_loop[840]	1788609310068407	8884	1d4280ed1462697f	4d7f96fbb5aadbda
1788609310088100232	842	1	phase_loop[841]	1788609310078253	9040	05b6ed07099d65c3	4d7f96fbb5aadbda
1788609310098206474	843	1	phase_loop[842]	1788609310088289	9004	ce0ba2f896d040af	4d7f96fbb5aadbda
1788609310108417335	844	1	phase_loop[843]	1788609310098452	8847	5901543e4d855705	4d7f96fbb5aadbda
1788609310118252813	845	1	phase_loop[844]	1788609310108760	8534	c4176168e7069709	4d7f96fbb5aadbda
1788609310128094363	846	1	phase_loop[845]	1788609310118464	8828	4fa6f6a49ffbdf69	4d7f96fbb5aadbda
1788609310138107909	847	1	phase_loop[846]	1788609310128323	8969	21ca97d7d98e94b4	4d7f96fbb5aadbda
1788609310148097289	848	1	phase_loop[847]	1788609310138316	8974	0915be1c8cc4b819	4d7f96fbb5aadbda
1788609310158146894	849	1	phase_loop[848]	1788609310148324	8967	cfeb816f8ae138b8	4d7f96fbb5aadbda
1788609310168334220	850	1	phase_loop[849]	1788609310158366	8932	98e1c65463e4f5cc	4d7f96fbb5aadbda
1788609310178138338	851	1	phase_loop[850]	1788609310168558	8733	f1a308b1f83be1d8	4d7f96fbb5aadbda
1788609310188171602	852	1	phase_loop[851]	1788609310178334	8958	8b87898f3bd9851c	4d7f96fbb5aadbda
1788609310198262605	853	1	phase_loop[852]	1788609310188464	8829	3f60c21a1cd77b8f	4d7f96fbb5aadbda
1788609310208156234	854	1	phase_loop[853]	1788609310198508	8785	8e27836243842e14	4d7f96fbb5aadbda
1788609310218265502	855	1	phase_loop[854]	1788609310208354	8941	aeac27a4210ba816	4d7f96fbb5aadbda
1788609310228284629	856	1	phase_loop[855]	1788609310218514	8781	35f75219f4bf2724	4d7f96fbb5aadbda
1788609310238401250	857	1	phase_loop[856]	1788609310228507	8793	b485bd92dcf85d84	4d7f96fbb5aadbda
1788609310248130587	858	1	phase_loop[857]	1788609310238720	8617	9fe5c0cb3367e56d	4d7f96fbb5aadbda
1788609310258171515	859	1	phase_loop[858]	1788609310248320	8972	fe298e75faf84497	4d7f96fbb5aadbda
1788609310268165324	860	1	phase_loop[859]	1788609310258402	8892	a2917c9b829df950	4d7f96fbb5aadbda
1788609310278059543	861	1	phase_loop[860]	1788609310268399	8893	af4a8d72cdd8763a	4d7f96fbb5aadbda
1788609310288044385	862	1	phase_loop[861]	1788609310278306	8984	674b1916a6b631a4	4d7f96fbb5aadbda
1788609310298438324	863	1	phase_loop[862]	1788609310288236	9060	c5beca1427c321d4	4d7f96fbb5aadbda
1788609310308148554	864	1	phase_loop[863]	1788609310298672	8621	495cda11b301e904	4d7f96fbb5aadbda
1788609310318031001	865	1	phase_loop[864]	1788609310308348	8941	3ecd0328235a50a5	4d7f96fbb5aadbda
1788609310328073993	866	1	phase_loop[865]	1788609310318231	9062	047d62629a55e0da	4d7f96fbb5aadbda
1788609310338395554	867	1	phase_loop[866]	1788609310328271	9031	1c05b8e56f4b4447	4d7f96fbb5aadbda
1788609310348133748	868	1	phase_loop[867]	1788609310338631	8661	68b970ea67adb219	4d7f96fbb5aadbda
1788609310358167783	869	1	phase_loop[868]	1788609310348349	8943	7eb7bf028b9b576a	4d7f96fbb5aadbda
1788609310368216255	870	1	phase_loop[869]	1788609310358416	8878	3f6f4b4bea8fc2c4	4d7f96fbb5aadbda
1788609310378094344	871	1	phase_loop[870]	1788609310368444	8847	d3d1a2045d2bea16	4d7f96fbb5aadbda
1788609310388091690	872	1	phase_loop[871]	1788609310378293	8998	c3e85a04521b4b3a	4d7f96fbb5aadbda
1788609310398199745	873	1	phase_loop[872]	1788609310388276	9018	23fa4e4d35a1defd	4d7f96fbb5aadbda
1788609310408086000	874	1	phase_loop[873]	1788609310398444	8849	11f7b4591735911a	4d7f96fbb5aadbda
1788609310417913132	875	1	phase_loop[874]	1788609310408276	9012	16649642c5095975	4d7f96fbb5aadbda
1788609310428109064	876	1	phase_loop[875]	1788609310418095	9198	5ec746597135cbee	4d7f96fbb5aadbda
1788609310438114395	877	1	phase_loop[876]	1788609310428337	8960	48d8279212169374	4d7f96fbb5aadbda
1788609310448947067	878	1	phase_loop[877]	1788609310438323	8983	b8dd9195285a7dbe	4d7f96fbb5aadbda
1788609310458484990	879	1	phase_loop[878]	1788609310449200	8096	cd2e1d907720733f	4d7f96fbb5aadbda
1788609310468167828	880	1	phase_loop[879]	1788609310458804	8488	ba092f4b23b9906b	4d7f96fbb5aadbda
1788609310478116200	881	1	phase_loop[880]	1788609310468403	8889	c993d3cb630cf7e7	4d7f96fbb5aadbda
1788609310487941699	882	1	phase_loop[881]	1788609310478308	8982	f86737c665148cba	4d7f96fbb5aadbda
1788609310498206463	883	1	phase_loop[882]	1788609310488130	9163	54f5ef0d28fd8e0c	4d7f96fbb5aadbda
1788609310508104429	884	1	phase_loop[883]	1788609310498444	8848	6504747023176228	4d7f96fbb5aadbda
1788609310518105832	885	1	phase_loop[884]	1788609310508294	8997	3b662cf10a0ac857	4d7f96fbb5aadbda
1788609310528128676	886	1	phase_loop[885]	1788609310518292	9000	3a0e079db4551dfd	4d7f96fbb5aadbda
1788609310538191777	887	1	phase_loop[886]	1788609310528330	8963	fa0491823348dea0	4d7f96fbb5aadbda
1788609310547957793	888	1	phase_loop[887]	1788609310538433	8858	02e0a15328a12f7d	4d7f96fbb5aadbda
1788609310558213358	889	1	phase_loop[888]	1788609310548141	9150	770da27313510abe	4d7f96fbb5aadbda
1788609310568226193	890	1	phase_loop[889]	1788609310558613	8688	b7d087db79e8b4ac	4d7f96fbb5aadbda
1788609310578532846	891	1	phase_loop[890]	1788609310568428	8939	5b7080d579497d83	4d7f96fbb5aadbda
1788609310588093001	892	1	phase_loop[891]	1788609310578837	8454	53720f851824d691	4d7f96fbb5aadbda
1788609310600333647	893	1	phase_loop[892]	1788609310588281	9011	4fd6369524004a4d	4d7f96fbb5aadbda
1788609310608223961	894	1	phase_loop[893]	1788609310600588	6705	6fb9fcef8e31b5c7	4d7f96fbb5aadbda
1788609310618079597	895	1	phase_loop[894]	1788609310608426	8864	ee5dee079af8bd8c	4d7f96fbb5aadbda
1788609310628099906	896	1	phase_loop[895]	1788609310618300	8993	2c52e54f978b90fe	4d7f96fbb5aadbda
1788609310638161464	897	1	phase_loop[896]	1788609310628303	8989	e15d6b6a6a6dce28	4d7f96fbb5aadbda
1788609310647929033	898	1	phase_loop[897]	1788609310638366	8924	168e4eff983516ef	4d7f96fbb5aadbda
1788609310658185550	899	1	phase_loop[898]	1788609310648111	9183	64e202dc730f1efb	4d7f96fbb5aadbda
1788609310668260984	900	1	phase_loop[899]	1788609310658412	8880	6e2f60f14106880f	4d7f96fbb5aadbda
1788609310678084249	901	1	phase_loop[900]	1788609310668520	8771	ec83d62fc0527cda	4d7f96fbb5aadbda
1788609310688180151	902	1	phase_loop[901]	1788609310678281	9011	bf7ffde37c832b6c	4d7f96fbb5aadbda
1788609310698278980	903	1	phase_loop[902]	1788609310688369	8925	7e1e0700ce42a7f1	4d7f96fbb5aadbda
1788609310708074111	904	1	phase_loop[903]	1788609310698573	8719	78b6560508055ac7	4d7f96fbb5aadbda
1788609310717949635	905	1	phase_loop[904]	1788609310708265	9025	0138bca7f469b2ec	4d7f96fbb5aadbda
1788609310728103808	906	1	phase_loop[905]	1788609310718140	9152	809be85d86e054a9	4d7f96fbb5aadbda
1788609310738158653	907	1	phase_loop[906]	1788609310728305	8987	7890f813e54157b6	4d7f96fbb5aadbda
1788609310748097537	908	1	phase_loop[907]	1788609310738364	8930	59c943025917894b	4d7f96fbb5aadbda
1788609310758145419	909	1	phase_loop[908]	1788609310748306	8986	8e6322c74db6b782	4d7f96fbb5aadbda
1788609310768231352	910	1	phase_loop[909]	1788609310758376	8916	3d79323ef0c0ad82	4d7f96fbb5aadbda
1788609310778343927	911	1	phase_loop[910]	1788609310768493	8802	2b609ee0ca4ad2e6	4d7f96fbb5aadbda
1788609310788381198	912	1	phase_loop[911]	1788609310778650	8644	3168d3d61a5b83bc	4d7f96fbb5aadbda
1788609310798195596	913	1	phase_loop[912]	1788609310788702	8589	65749f8efac23f77	4d7f96fbb5aadbda
1788609310808440041	914	1	phase_loop[913]	1788609310798539	8757	ffa8658bb9914f0c	4d7f96fbb5aadbda
1788609310818107169	915	1	phase_loop[914]	1788609310808789	8503	2918c61f781da71a	4d7f96fbb5aadbda
1788609310828101919	916	1	phase_loop[915]	1788609310818318	8974	3513172716054267	4d7f96fbb5aadbda
1788609310838182242	917	1	phase_loop[916]	1788609310828310	8985	2d8b1c160ebc0a10	4d7f96fbb5aadbda
1788609310848127639	918	1	phase_loop[917]	1788609310838403	8890	c98ed9d162d99b3d	4d7f96fbb5aadbda
1788609310858130265	919	1	phase_loop[918]	1788609310848318	8975	7a7a5ab6eb303633	4d7f96fbb5aadbda
1788609310868161835	920	1	phase_loop[919]	1788609310858347	8948	e4fb6215479023a6	4d7f96fbb5aadbda
1788609310878100399	921	1	phase_loop[920]	1788609310868381	8912	e28b1f1e937acaed	4d7f96fbb5aadbda
1788609310888083948	922	1	phase_loop[921]	1788609310878295	8996	80724c740c5228e1	4d7f96fbb5aadbda
1788609310898736838	923	1	phase_loop[922]	1788609310888311	8988	8feb9ce0b1faeeab	4d7f96fbb5aadbda
1788609310909369070	924	1	phase_loop[923]	1788609310899167	8180	19efeea00513f1cc	4d7f96fbb5aadbda
1788609310918092015	925	1	phase_loop[924]	1788609310909628	7663	4cfd680025eff175	4d7f96fbb5aadbda
1788609310928114758	926	1	phase_loop[925]	1788609310918327	8965	305ac78b94e3d015	4d7f96fbb5aadbda
1788609310938281866	927	1	phase_loop[926]	1788609310928341	8952	b13f83cd8f195f3d	4d7f96fbb5aadbda
1788609310948422674	928	1	phase_loop[927]	1788609310938520	8778	ebd61d277e1788cd	4d7f96fbb5aadbda
1788609310958522244	929	1	phase_loop[928]	1788609310948753	8545	c126f39108173218	4d7f96fbb5aadbda
1788609310968306815	930	1	phase_loop[929]	1788609310958786	8505	1279a030fe8e560b	4d7f96fbb5aadbda
1788609310978099933	931	1	phase_loop[930]	1788609310968553	8739	2f0d251f98b47f78	4d7f96fbb5aadbda
1788609310988106235	932	1	phase_loop[931]	1788609310978294	8997	ee5a7435346e41ee	4d7f96fbb5aadbda
1788609310999640028	933	1	phase_loop[932]	1788609310988297	9005	900389a4f449b5a1	4d7f96fbb5aadbda
1788609311008352544	934	1	phase_loop[933]	1788609310999970	7325	2b98b2aaab8772dd	4d7f96fbb5aadbda
1788609311018101397	935	1	phase_loop[934]	1788609311008606	8687	d35790d9302c8745	4d7f96fbb5aadbda
1788609311028092641	936	1	phase_loop[935]	1788609311018296	8993	63d27961c1fa2e7d	4d7f96fbb5aadbda
1788609311038260119	937	1	phase_loop[936]	1788609311028286	9005	bbb032ca0dc6d81f	4d7f96fbb5aadbda
1788609311048080879	938	1	phase_loop[937]	1788609311038491	8801	61a81a3f725f3902	4d7f96fbb5aadbda
1788609311058170830	939	1	phase_loop[938]	1788609311048269	9026	59b57dde9f9debd6	4d7f96fbb5aadbda
1788609311068303001	940	1	phase_loop[939]	1788609311058406	8888	175c09300186916d	4d7f96fbb5aadbda
1788609311078135393	941	1	phase_loop[940]	1788609311068547	8746	f3edee320f0e97e6	4d7f96fbb5aadbda
1788609311088227798	942	1	phase_loop[941]	1788609311078326	8966	dab7089058c99d79	4d7f96fbb5aadbda
1788609311098258818	943	1	phase_loop[942]	1788609311088479	8815	d05647d05801ac9a	4d7f96fbb5aadbda
1788609311108185499	944	1	phase_loop[943]	1788609311098493	8800	5ee5e5e9b936668e	4d7f96fbb5aadbda
1788609311118276612	945	1	phase_loop[944]	1788609311108420	8874	8194eb2f60854266	4d7f96fbb5aadbda
1788609311128236215	946	1	phase_loop[945]	1788609311118506	8792	30b0e07c0371dd3a	4d7f96fbb5aadbda
1788609311138186431	947	1	phase_loop[946]	1788609311128467	8826	f96253cce3a4c2a4	4d7f96fbb5aadbda
1788609311148096320	948	1	phase_loop[947]	1788609311138424	8867	3eae5a00b2dea1eb	4d7f96fbb5aadbda
1788609311158120937	949	1	phase_loop[948]	1788609311148298	8994	f9054b129fb7c49c	4d7f96fbb5aadbda
1788609311168239683	950	1	phase_loop[949]	1788609311158343	8952	762ebf6fae61240e	4d7f96fbb5aadbda
1788609311178101551	951	1	phase_loop[950]	1788609311168480	8812	9f9e01ffa741d5a1	4d7f96fbb5aadbda
1788609311187953670	952	1	phase_loop[951]	1788609311178294	8996	e2dc56fb01aff87c	4d7f96fbb5aadbda
1788609311198121469	953	1	phase_loop[952]	1788609311188137	9155	42d3fc95e432270f	4d7f96fbb5aadbda
1788609311208102974	954	1	phase_loop[953]	1788609311198349	8943	3e47451c1c0c0b13	4d7f96fbb5aadbda
1788609311217980261	955	1	phase_loop[954]	1788609311208300	8988	81555d3db519af87	4d7f96fbb5aadbda
1788609311228066756	956	1	phase_loop[955]	1788609311218167	9125	6006bf6dd57c5363	4d7f96fbb5aadbda
1788609311239191742	957	1	phase_loop[956]	1788609311228263	9092	e8e1627258768bd6	4d7f96fbb5aadbda
1788609311248234755	958	1	phase_loop[957]	1788609311239438	7855	256b1f321739b716	4d7f96fbb5aadbda
1788609311258302935	959	1	phase_loop[958]	1788609311248437	8856	2002e9ae557ed424	4d7f96fbb5aadbda
1788609311268282877	960	1	phase_loop[959]	1788609311258621	8671	19be129165a9a699	4d7f96fbb5aadbda
1788609311278125438	961	1	phase_loop[960]	1788609311268516	8776	7b1128ada09ea999	4d7f96fbb5aadbda
1788609311288053322	962	1	phase_loop[961]	1788609311278336	8956	676348e6e05ebd2c	4d7f96fbb5aadbda
1788609311298330388	963	1	phase_loop[962]	1788609311288242	9051	90fca5fdca4e3c23	4d7f96fbb5aadbda
1788609311308110961	964	1	phase_loop[963]	1788609311298566	8727	ac2fd00a9fe61166	4d7f96fbb5aadbda
1788609311317929888	965	1	phase_loop[964]	1788609311308305	8984	8c9697b2ec5056a9	4d7f96fbb5aadbda
1788609311328125209	966	1	phase_loop[965]	1788609311318118	9173	2aadbf8185edc9d4	4d7f96fbb5aadbda
1788609311338598358	967	1	phase_loop[966]	1788609311328323	8975	fce1fbe464942a9d	4d7f96fbb5aadbda
1788609311348128696	968	1	phase_loop[967]	1788609311338964	8327	f73d95437beca005	4d7f96fbb5aadbda
1788609311358132924	969	1	phase_loop[968]	1788609311348348	8944	4e884926a433483a	4d7f96fbb5aadbda
1788609311368221102	970	1	phase_loop[969]	1788609311358355	8936	6da7393ad43b457e	4d7f96fbb5aadbda
1788609311378086216	971	1	phase_loop[970]	1788609311368434	8857	287331f00a091072	4d7f96fbb5aadbda
1788609311388261279	972	1	phase_loop[971]	1788609311378278	9013	53d0133011e4ed4d	4d7f96fbb5aadbda
1788609311398400954	973	1	phase_loop[972]	1788609311388504	8792	b9e33679f1db555d	4d7f96fbb5aadbda
1788609311408307918	974	1	phase_loop[973]	1788609311398626	8668	91d674658ddf4f39	4d7f96fbb5aadbda
1788609311418084814	975	1	phase_loop[974]	1788609311408557	8734	7e42158ccb3cbdd5	4d7f96fbb5aadbda
1788609311428135831	976	1	phase_loop[975]	1788609311418279	9014	ed4e552725a83fdf	4d7f96fbb5aadbda
1788609311438172100	977	1	phase_loop[976]	1788609311428358	8935	f330e8236f233c68	4d7f96fbb5aadbda
1788609311448451832	978	1	phase_loop[977]	1788609311438397	8901	5e66458e7eec6f76	4d7f96fbb5aadbda
1788609311458364757	979	1	phase_loop[978]	1788609311448912	8384	f9a0418f50cdc185	4d7f96fbb5aadbda
1788609311468181960	980	1	phase_loop[979]	1788609311458665	8627	256f3533f51689cc	4d7f96fbb5aadbda
1788609311478080858	981	1	phase_loop[980]	1788609311468408	8884	36def98972558ffe	4d7f96fbb5aadbda
1788609311488021936	982	1	phase_loop[981]	1788609311478272	9018	c45c37fd987e8cb4	4d7f96fbb5aadbda
1788609311498284806	983	1	phase_loop[982]	1788609311488210	9083	1c3ce1f499ffb96f	4d7f96fbb5aadbda
1788609311508100767	984	1	phase_loop[983]	1788609311498528	8763	a3b525a0c01cab4d	4d7f96fbb5aadbda
1788609311517934621	985	1	phase_loop[984]	1788609311508296	8993	786727cc78deea28	4d7f96fbb5aadbda
1788609311528064729	986	1	phase_loop[985]	1788609311518122	9169	09af9b38c0a5cffa	4d7f96fbb5aadbda
1788609311538100887	987	1	phase_loop[986]	1788609311528259	9035	89a78fdedf26bf9d	4d7f96fbb5aadbda
1788609311548044360	988	1	phase_loop[987]	1788609311538332	8957	64cfa193d560d382	4d7f96fbb5aadbda
1788609311558274297	989	1	phase_loop[988]	1788609311548236	9063	98c6c376339b0275	4d7f96fbb5aadbda
1788609311569471200	990	1	phase_loop[989]	1788609311558532	8809	3d5169b832776549	4d7f96fbb5aadbda
1788609311578666252	991	1	phase_loop[990]	1788609311569858	7438	a3add402b550a66a	4d7f96fbb5aadbda
1788609311588090669	992	1	phase_loop[991]	1788609311579019	8273	fbc423bbd6ade4ac	4d7f96fbb5aadbda
1788609311598372795	993	1	phase_loop[992]	1788609311588283	9010	b7647d836a94bf88	4d7f96fbb5aadbda
1788609311608078005	994	1	phase_loop[993]	1788609311598615	8677	f9ee841a8b0fb801	4d7f96fbb5aadbda
1788609311617921238	995	1	phase_loop[994]	1788609311608272	9016	03138fc7145ac63e	4d7f96fbb5aadbda
1788609311628090199	996	1	phase_loop[995]	1788609311618109	9182	7055829bef3104f3	4d7f96fbb5aadbda
1788609311638170392	997	1	phase_loop[996]	1788609311628289	9007	69f3a56edba9d1bf	4d7f96fbb5aadbda
1788609311648083938	998	1	phase_loop[997]	1788609311638370	8922	c98cadc5c93f5fd5	4d7f96fbb5aadbda
1788609311658150594	999	1	phase_loop[998]	1788609311648282	9009	dcc168140712d502	4d7f96fbb5aadbda
1788609311668207853	1000	1	phase_loop[999]	1788609311658366	8931	ddcfa1e3bcc35c46	4d7f96fbb5aadbda
1788609311678085381	1001	1	phase_loop[1000]	1788609311668436	8855	3422f76ba6d9f62e	4d7f96fbb5aadbda
1788609311688104588	1002	1	phase_loop[1001]	1788609311678283	9008	5cbfb08c13130cca	4d7f96fbb5aadbda
1788609311698206491	1003	1	phase_loop[1002]	1788609311688302	8991	78c9b41a4266df6b	4d7f96fbb5aadbda
1788609311708099298	1004	1	phase_loop[1003]	1788609311698447	8845	4da774ca85e98e27	4d7f96fbb5aadbda
1788609311717978689	1005	1	phase_loop[1004]	1788609311708316	8975	c4a9ee85660e9dda	4d7f96fbb5aadbda
1788609311728376184	1006	1	phase_loop[1005]	1788609311718171	9122	3320224b8944f774	4d7f96fbb5aadbda
1788609311738215600	1007	1	phase_loop[1006]	1788609311728612	8684	f11dae5272532789	4d7f96fbb5aadbda
1788609311748196123	1008	1	phase_loop[1007]	1788609311738423	8869	e7e6348abf115ad1	4d7f96fbb5aadbda
1788609311758144425	1009	1	phase_loop[1008]	1788609311748426	8866	4fe0522225499911	4d7f96fbb5aadbda
1788609311768423385	1010	1	phase_loop[1009]	1788609311758371	8923	706b134afffc8363	4d7f96fbb5aadbda
1788609311778115250	1011	1	phase_loop[1010]	1788609311768766	8526	a6c8b953bbf95904	4d7f96fbb5aadbda
1788609311788425990	1012	1	phase_loop[1011]	1788609311778306	8990	d1bdcd5d57298122	4d7f96fbb5aadbda
1788609311798388539	1013	1	phase_loop[1012]	1788609311788697	8597	c420783f3b2a81fd	4d7f96fbb5aadbda
1788609311808152111	1014	1	phase_loop[1013]	1788609311798622	8669	dad9bc0af1284f37	4d7f96fbb5aadbda
1788609311818083881	1015	1	phase_loop[1014]	1788609311808360	8932	e5440bfe8426aecf	4d7f96fbb5aadbda
1788609311828050749	1016	1	phase_loop[1015]	1788609311818310	8983	6d6885c14da3d920	4d7f96fbb5aadbda
1788609311838335940	1017	1	phase_loop[1016]	1788609311828248	9048	a2960a6e0ec7a8ca	4d7f96fbb5aadbda
1788609311848087359	1018	1	phase_loop[1017]	1788609311838642	8650	655734d10f2bf070	4d7f96fbb5aadbda
1788609311858183842	1019	1	phase_loop[1018]	1788609311848275	9017	36e5657cb368f03c	4d7f96fbb5aadbda
1788609311868234759	1020	1	phase_loop[1019]	1788609311858412	8882	2cf6ee209f2817c2	4d7f96fbb5aadbda
1788609311878067602	1021	1	phase_loop[1020]	1788609311868482	8809	a1b8b3518322ea1a	4d7f96fbb5aadbda
1788609311888150029	1022	1	phase_loop[1021]	1788609311878298	8991	7809bf447183e206	4d7f96fbb5aadbda
1788609311898243456	1023	1	phase_loop[1022]	1788609311888364	8930	03ef9f70a3190fa8	4d7f96fbb5aadbda
1788609311908533667	1024	1	phase_loop[1023]	1788609311898480	8902	e2022d5eec8cca59	4d7f96fbb5aadbda
1788609311918245821	1025	1	phase_loop[1024]	1788609311908861	8429	8ae5ad8d3a8803e0	4d7f96fbb5aadbda
1788609311928163345	1026	1	phase_loop[1025]	1788609311918494	8799	289949f8fdec01d0	4d7f96fbb5aadbda
1788609311938096308	1027	1	phase_loop[1026]	1788609311928392	8900	c18f7b3ba23cc392	4d7f96fbb5aadbda
1788609311948458626	1028	1	phase_loop[1027]	1788609311938320	8977	9a4bc0ea6c04be3f	4d7f96fbb5aadbda
1788609311958330964	1029	1	phase_loop[1028]	1788609311948714	8577	abc3b00ddbbbd8dd	4d7f96fbb5aadbda
1788609311968298152	1030	1	phase_loop[1029]	1788609311958659	8632	551a04f432d0b3ab	4d7f96fbb5aadbda
1788609311978078976	1031	1	phase_loop[1030]	1788609311968527	8765	b4178033d01d54e8	4d7f96fbb5aadbda
1788609311988083474	1032	1	phase_loop[1031]	1788609311978266	9026	b380bf423c3cc611	4d7f96fbb5aadbda
1788609312000384805	1033	1	phase_loop[1032]	1788609311988269	9031	ef7eaede23568901	4d7f96fbb5aadbda
1788609312008231285	1034	1	phase_loop[1033]	1788609312000639	6660	effedabdc5d3a3cd	4d7f96fbb5aadbda
1788609312018146114	1035	1	phase_loop[1034]	1788609312008461	8834	26ba1f53fb2e2336	4d7f96fbb5aadbda
1788609312028119413	1036	1	phase_loop[1035]	1788609312018343	8949	7f9b7dd1e178d855	4d7f96fbb5aadbda
1788609312038462665	1037	1	phase_loop[1036]	1788609312028338	8956	edd9f1a367604f99	4d7f96fbb5aadbda
1788609312048199495	1038	1	phase_loop[1037]	1788609312038742	8551	7d4d595151c46bd5	4d7f96fbb5aadbda
1788609312058569838	1039	1	phase_loop[1038]	1788609312048426	8877	9f3610c619beca10	4d7f96fbb5aadbda
1788609312068329963	1040	1	phase_loop[1039]	1788609312058812	8491	a36a5728c78d4712	4d7f96fbb5aadbda
1788609312078095337	1041	1	phase_loop[1040]	1788609312068621	8671	fb2d54a8d1caa710	4d7f96fbb5aadbda
1788609312087923781	1042	1	phase_loop[1041]	1788609312078284	9005	fbed74e18d1bdc39	4d7f96fbb5aadbda
1788609312098271441	1043	1	phase_loop[1042]	1788609312088107	9185	5bc1388341e70791	4d7f96fbb5aadbda
1788609312108110345	1044	1	phase_loop[1043]	1788609312098516	8775	33509691de9f3c96	4d7f96fbb5aadbda
1788609312117948498	1045	1	phase_loop[1044]	1788609312108306	8984	50ba85781b63f4a3	4d7f96fbb5aadbda
1788609312128202601	1046	1	phase_loop[1045]	1788609312118129	9172	f2cddd94ca8a80be	4d7f96fbb5aadbda
1788609312138258777	1047	1	phase_loop[1046]	1788609312128418	8874	64a87a85c6ffcf8c	4d7f96fbb5aadbda
1788609312148100637	1048	1	phase_loop[1047]	1788609312138527	8764	dc7daafa9b328553	4d7f96fbb5aadbda
1788609312158134862	1049	1	phase_loop[1048]	1788609312148301	8990	ba994de121cb77aa	4d7f96fbb5aadbda
1788609312168174948	1050	1	phase_loop[1049]	1788609312158354	8942	7e2406c878e0e4a4	4d7f96fbb5aadbda
1788609312178077443	1051	1	phase_loop[1050]	1788609312168402	8890	75d17980b5015a6b	4d7f96fbb5aadbda
1788609312187951063	1052	1	phase_loop[1051]	1788609312178270	9018	763c86efcc18c98a	4d7f96fbb5aadbda
1788609312198385287	1053	1	phase_loop[1052]	1788609312188134	9157	26db20bb2dc2ae5a	4d7f96fbb5aadbda
1788609312208134541	1054	1	phase_loop[1053]	1788609312198629	8664	04bf1a43593c6eef	4d7f96fbb5aadbda
1788609312218049800	1055	1	phase_loop[1054]	1788609312208347	8942	e158e95a9ee89cab	4d7f96fbb5aadbda
1788609312228080278	1056	1	phase_loop[1055]	1788609312218293	8998	2eb188872aca94e0	4d7f96fbb5aadbda
1788609312238750741	1057	1	phase_loop[1056]	1788609312228277	9119	e252b5f6b78ff4a5	4d7f96fbb5aadbda
1788609312248135934	1058	1	phase_loop[1057]	1788609312239107	8184	1d2431ecec269ee4	4d7f96fbb5aadbda
1788609312258185648	1059	1	phase_loop[1058]	1788609312248350	8944	51c24e106021b51a	4d7f96fbb5aadbda
1788609312268363887	1060	1	phase_loop[1059]	1788609312258445	8849	eb1bc6c7aa45a8cc	4d7f96fbb5aadbda
1788609312278114713	1061	1	phase_loop[1060]	1788609312268608	8682	02b1672699a7fa61	4d7f96fbb5aadbda
1788609312288131686	1062	1	phase_loop[1061]	1788609312278310	8981	383ad590f27bd66b	4d7f96fbb5aadbda
1788609312298276460	1063	1	phase_loop[1062]	1788609312288322	8971	111a3d5fe7bd7655	4d7f96fbb5aadbda
1788609312308083354	1064	1	phase_loop[1063]	1788609312298512	8780	11d4d03e084a4840	4d7f96fbb5aadbda
1788609312317971652	1065	1	phase_loop[1064]	1788609312308276	9012	047514c0ddda8076	4d7f96fbb5aadbda
1788609312328080388	1066	1	phase_loop[1065]	1788609312318156	9135	0bd9ba0f26da1832	4d7f96fbb5aadbda
1788609312338149579	1067	1	phase_loop[1066]	1788609312328278	9017	d7fb32940bf0b768	4d7f96fbb5aadbda
1788609312348140622	1068	1	phase_loop[1067]	1788609312338347	8946	c2623e0006d6a621	4d7f96fbb5aadbda
1788609312358345912	1069	1	phase_loop[1068]	1788609312348367	8928	34ddfc161e56b6ae	4d7f96fbb5aadbda
1788609312370109792	1070	1	phase_loop[1069]	1788609312358666	8626	0f8370b0e7100eac	4d7f96fbb5aadbda
1788609312378114683	1071	1	phase_loop[1070]	1788609312370354	6939	772fb94d44ccebed	4d7f96fbb5aadbda
1788609312387983113	1072	1	phase_loop[1071]	1788609312378306	8984	ed8142c754df0596	4d7f96fbb5aadbda
1788609312398283423	1073	1	phase_loop[1072]	1788609312388206	9088	ad31f3892613dfcd	4d7f96fbb5aadbda
1788609312408118059	1074	1	phase_loop[1073]	1788609312398521	8771	c44928682d083562	4d7f96fbb5aadbda
1788609312417946854	1075	1	phase_loop[1074]	1788609312408314	8976	82d52ca462509309	4d7f96fbb5aadbda
1788609312428092711	1076	1	phase_loop[1075]	1788609312418130	9161	059ffcfbd71df27d	4d7f96fbb5aadbda
1788609312438210104	1077	1	phase_loop[1076]	1788609312428286	9009	2ee93cd661ca2843	4d7f96fbb5aadbda
1788609312448123630	1078	1	phase_loop[1077]	1788609312438435	8857	5e1208f53cff38f1	4d7f96fbb5aadbda
1788609312458209433	1079	1	phase_loop[1078]	1788609312448320	8972	da5baef0838006d7	4d7f96fbb5aadbda
1788609312468622167	1080	1	phase_loop[1079]	1788609312458419	8880	77633eb04b0448c7	4d7f96fbb5aadbda
1788609312478160730	1081	1	phase_loop[1080]	1788609312468928	8362	557736764497b92f	4d7f96fbb5aadbda
1788609312488066431	1082	1	phase_loop[1081]	1788609312478364	8928	282b12e261411943	4d7f96fbb5aadbda
1788609312498197370	1083	1	phase_loop[1082]	1788609312488255	9037	9c462b72f2f51ab9	4d7f96fbb5aadbda
1788609312508050120	1084	1	phase_loop[1083]	1788609312498431	8860	6c35f820a4d00ebf	4d7f96fbb5aadbda
1788609312518385116	1085	1	phase_loop[1084]	1788609312508240	9052	8853326b55aa988a	4d7f96fbb5aadbda
1788609312528148377	1086	1	phase_loop[1085]	1788609312518646	8645	abeea219a98dba21	4d7f96fbb5aadbda
1788609312538397890	1087	1	phase_loop[1086]	1788609312528370	8924	c4141a0513c1f3a7	4d7f96fbb5aadbda
1788609312548258796	1088	1	phase_loop[1087]	1788609312538708	8584	6db818d58cbbb330	4d7f96fbb5aadbda
1788609312558180177	1089	1	phase_loop[1088]	1788609312548556	8738	83d30425a8544412	4d7f96fbb5aadbda
1788609312568289174	1090	1	phase_loop[1089]	1788609312558401	8953	258be37ed3372b28	4d7f96fbb5aadbda
1788609312578431905	1091	1	phase_loop[1090]	1788609312568521	8776	60cb8d51d4481bc2	4d7f96fbb5aadbda
1788609312588175759	1092	1	phase_loop[1091]	1788609312578751	8540	2e9d863847892fb0	4d7f96fbb5aadbda
1788609312598184966	1093	1	phase_loop[1092]	1788609312588389	8902	5be6f42d7241cba3	4d7f96fbb5aadbda
1788609312608227837	1094	1	phase_loop[1093]	1788609312598420	8872	374526bbbc308708	4d7f96fbb5aadbda
1788609312618242355	1095	1	phase_loop[1094]	1788609312608509	8782	ebe19cb41eef929b	4d7f96fbb5aadbda
1788609312628093883	1096	1	phase_loop[1095]	1788609312618536	8756	0039ae1d53966af5	4d7f96fbb5aadbda
1788609312638179345	1097	1	phase_loop[1096]	1788609312628300	8992	89d6edd7c8d171e9	4d7f96fbb5aadbda
1788609312648093853	1098	1	phase_loop[1097]	1788609312638442	8851	b5791630f15d551d	4d7f96fbb5aadbda
1788609312658128849	1099	1	phase_loop[1098]	1788609312648284	9009	d704812aaca05758	4d7f96fbb5aadbda
1788609312668285016	1100	1	phase_loop[1099]	1788609312658344	8950	a8846beef5499a73	4d7f96fbb5aadbda
1788609312678088603	1101	1	phase_loop[1100]	1788609312668577	8716	e2afcbd995675771	4d7f96fbb5aadbda
1788609312689019631	1102	1	phase_loop[1101]	1788609312678287	9009	069a6cebbcbdb504	4d7f96fbb5aadbda
1788609312698186399	1103	1	phase_loop[1102]	1788609312689270	8022	544e2a94c39e81ca	4d7f96fbb5aadbda
1788609312708237225	1104	1	phase_loop[1103]	1788609312698424	8872	a40e0d3f3c875ee4	4d7f96fbb5aadbda
1788609312718282912	1105	1	phase_loop[1104]	1788609312708475	8815	62c18d195e7c9277	4d7f96fbb5aadbda
1788609312728083884	1106	1	phase_loop[1105]	1788609312718513	8778	6d103ef3d33c53f5	4d7f96fbb5aadbda
1788609312738105475	1107	1	phase_loop[1106]	1788609312728283	9010	dffd226775cebb54	4d7f96fbb5aadbda
1788609312748056822	1108	1	phase_loop[1107]	1788609312738317	8973	117a8abc2c837eb5	4d7f96fbb5aadbda
1788609312758145461	1109	1	phase_loop[1108]	1788609312748243	9049	ce6434d065930e8c	4d7f96fbb5aadbda
1788609312768211256	1110	1	phase_loop[1109]	1788609312758373	8922	c81aa43163a1ee6f	4d7f96fbb5aadbda
1788609312778075458	1111	1	phase_loop[1110]	1788609312768457	8835	fa16ac63c848d810	4d7f96fbb5aadbda
1788609312787940131	1112	1	phase_loop[1111]	1788609312778266	9022	c347c27e84f480cd	4d7f96fbb5aadbda
1788609312798130632	1113	1	phase_loop[1112]	1788609312788123	9170	f17e799e13647320	4d7f96fbb5aadbda
1788609312808094794	1114	1	phase_loop[1113]	1788609312798354	8938	73bab1ef80a5b115	4d7f96fbb5aadbda
1788609312818400926	1115	1	phase_loop[1114]	1788609312808304	8996	f3b717b152ea6cbf	4d7f96fbb5aadbda
1788609312828075478	1116	1	phase_loop[1115]	1788609312818648	8645	a51befd6f4822369	4d7f96fbb5aadbda
1788609312838182421	1117	1	phase_loop[1116]	1788609312828294	8998	847b2c5c52029f92	4d7f96fbb5aadbda
1788609312848102669	1118	1	phase_loop[1117]	1788609312838435	8856	3ea2c0e1a4086694	4d7f96fbb5aadbda
1788609312858143958	1119	1	phase_loop[1118]	1788609312848297	8997	ed038ad8dea3e418	4d7f96fbb5aadbda
1788609312868200575	1120	1	phase_loop[1119]	1788609312858378	8918	c2ba7e28332e0fc1	4d7f96fbb5aadbda
1788609312878134219	1121	1	phase_loop[1120]	1788609312868433	8858	28b3350f7c8b9e38	4d7f96fbb5aadbda
1788609312888090807	1122	1	phase_loop[1121]	1788609312878333	8959	fdaad22085673b4e	4d7f96fbb5aadbda
1788609312898332896	1123	1	phase_loop[1122]	1788609312888285	9075	1d236b3880fba35b	4d7f96fbb5aadbda
1788609312908102459	1124	1	phase_loop[1123]	1788609312898567	8729	2d07061c8cd9d74b	4d7f96fbb5aadbda
1788609312918214131	1125	1	phase_loop[1124]	1788609312908316	8981	799af9b38d6157b0	4d7f96fbb5aadbda
1788609312928542935	1126	1	phase_loop[1125]	1788609312918425	8870	7835a7cdf873959e	4d7f96fbb5aadbda
1788609312938281428	1127	1	phase_loop[1126]	1788609312928862	8433	40ad7dc7d308a425	4d7f96fbb5aadbda
1788609312948128087	1128	1	phase_loop[1127]	1788609312938518	8773	e48dc6772f88e785	4d7f96fbb5aadbda
1788609312958337936	1129	1	phase_loop[1128]	1788609312948339	8963	b7885d629e5c0fca	4d7f96fbb5aadbda
1788609312968121765	1130	1	phase_loop[1129]	1788609312958586	8705	a7dd92f2acf56bdc	4d7f96fbb5aadbda
1788609312978109291	1131	1	phase_loop[1130]	1788609312968393	8898	7c2a7d05cf9413c2	4d7f96fbb5aadbda
1788609312987939048	1132	1	phase_loop[1131]	1788609312978309	8981	ba0db7bb3540289b	4d7f96fbb5aadbda
1788609312999400213	1133	1	phase_loop[1132]	1788609312988124	9169	3e9c6fe49e7a8341	4d7f96fbb5aadbda
1788609313008119250	1134	1	phase_loop[1133]	1788609312999655	7639	7c097a27e6fa7c09	4d7f96fbb5aadbda
1788609313018448946	1135	1	phase_loop[1134]	1788609313008339	8960	caafff5366af8c57	4d7f96fbb5aadbda
1788609313028458935	1136	1	phase_loop[1135]	1788609313018882	8412	c26b4b463db6e3d8	4d7f96fbb5aadbda
1788609313038250058	1137	1	phase_loop[1136]	1788609313028721	8574	7cf7906c29d17454	4d7f96fbb5aadbda
1788609313048092198	1138	1	phase_loop[1137]	1788609313038495	8797	6be272afcbb6f3d9	4d7f96fbb5aadbda
1788609313058176367	1139	1	phase_loop[1138]	1788609313048284	9009	a82a2ed7b64fb018	4d7f96fbb5aadbda
1788609313068203729	1140	1	phase_loop[1139]	1788609313058400	8896	eb19f5bc376344e7	4d7f96fbb5aadbda
1788609313078174253	1141	1	phase_loop[1140]	1788609313068433	8858	7dd7af65a07e0734	4d7f96fbb5aadbda
1788609313088005713	1142	1	phase_loop[1141]	1788609313078369	8920	0dbdf9e03ee7a3a8	4d7f96fbb5aadbda
1788609313098417915	1143	1	phase_loop[1142]	1788609313088194	9100	4a2276cc7e4ea984	4d7f96fbb5aadbda
1788609313108103498	1144	1	phase_loop[1143]	1788609313098660	8632	e3e917b4c8fa547d	4d7f96fbb5aadbda
1788609313118122704	1145	1	phase_loop[1144]	1788609313108295	8997	bdb44c64178311b8	4d7f96fbb5aadbda
1788609313128099499	1146	1	phase_loop[1145]	1788609313118346	8946	f9d8b29ac6231797	4d7f96fbb5aadbda
1788609313138246609	1147	1	phase_loop[1146]	1788609313128327	8965	245bc67951f1ae62	4d7f96fbb5aadbda
1788609313148258471	1148	1	phase_loop[1147]	1788609313138525	8770	f0277505912eac2f	4d7f96fbb5aadbda
1788609313158158551	1149	1	phase_loop[1148]	1788609313148557	8735	220610f29862ca43	4d7f96fbb5aadbda
1788609313168199558	1150	1	phase_loop[1149]	1788609313158400	8893	47cac08fdaeb984b	4d7f96fbb5aadbda
1788609313178136929	1151	1	phase_loop[1150]	1788609313168464	8829	a5ea9e2b007d4734	4d7f96fbb5aadbda
1788609313188089950	1152	1	phase_loop[1151]	1788609313178374	8918	ab799dbd4309f6a2	4d7f96fbb5aadbda
1788609313198282535	1153	1	phase_loop[1152]	1788609313188276	9018	bc44473bde11c5ee	4d7f96fbb5aadbda
1788609313208163569	1154	1	phase_loop[1153]	1788609313198519	8775	08aae6563895ee69	4d7f96fbb5aadbda
1788609313218100088	1155	1	phase_loop[1154]	1788609313208388	8906	a5a7b714f8e04667	4d7f96fbb5aadbda
1788609313228147298	1156	1	phase_loop[1155]	1788609313218504	8838	1d6ea61c2614cd11	4d7f96fbb5aadbda
1788609313238151676	1157	1	phase_loop[1156]	1788609313228347	8945	4ba027e8e5748d26	4d7f96fbb5aadbda
1788609313248196170	1158	1	phase_loop[1157]	1788609313238384	8908	f57da9f28ecfca1d	4d7f96fbb5aadbda
1788609313258333250	1159	1	phase_loop[1158]	1788609313248485	8810	e6e07060bb657142	4d7f96fbb5aadbda
1788609313268196530	1160	1	phase_loop[1159]	1788609313258657	8637	c9b1c578e54611cd	4d7f96fbb5aadbda
1788609313278135003	1161	1	phase_loop[1160]	1788609313268437	8854	f710d42aa99c0fe5	4d7f96fbb5aadbda
1788609313287987242	1162	1	phase_loop[1161]	1788609313278326	8964	f4fe8409b1cb4187	4d7f96fbb5aadbda
1788609313298189175	1163	1	phase_loop[1162]	1788609313288174	9119	2989471ee14c98ef	4d7f96fbb5aadbda
1788609313308113331	1164	1	phase_loop[1163]	1788609313298427	8865	e288bcec88ffd270	4d7f96fbb5aadbda
1788609313317999324	1165	1	phase_loop[1164]	1788609313308338	8951	186448a34295a9f2	4d7f96fbb5aadbda
1788609313328139701	1166	1	phase_loop[1165]	1788609313318190	9105	00ce5384f41c01be	4d7f96fbb5aadbda
1788609313338181850	1167	1	phase_loop[1166]	1788609313328374	8918	85c71de6e90306ae	4d7f96fbb5aadbda
1788609313348027797	1168	1	phase_loop[1167]	1788609313338406	8883	373e9f5c2ad1c679	4d7f96fbb5aadbda
1788609313358200676	1169	1	phase_loop[1168]	1788609313348232	9063	e735c54f92fecfb6	4d7f96fbb5aadbda
1788609313368410303	1170	1	phase_loop[1169]	1788609313358436	8860	c3f66e7a5ed33ad7	4d7f96fbb5aadbda
1788609313378127005	1171	1	phase_loop[1170]	1788609313368708	8584	bf5d666c3e875175	4d7f96fbb5aadbda
1788609313387986167	1172	1	phase_loop[1171]	1788609313378324	8966	3a2842a09396d54c	4d7f96fbb5aadbda
1788609313398230802	1173	1	phase_loop[1172]	1788609313388173	9120	fc2b77b4f3e53936	4d7f96fbb5aadbda
1788609313408176108	1174	1	phase_loop[1173]	1788609313398474	8818	f364ca348d60141f	4d7f96fbb5aadbda
1788609313418104361	1175	1	phase_loop[1174]	1788609313408376	8916	ff2fa85ddd1bb7ee	4d7f96fbb5aadbda
1788609313428091536	1176	1	phase_loop[1175]	1788609313418290	9001	10fe66b18dfa7d74	4d7f96fbb5aadbda
1788609313438149707	1177	1	phase_loop[1176]	1788609313428289	9006	cd19c1fec46118b7	4d7f96fbb5aadbda
1788609313448084422	1178	1	phase_loop[1177]	1788609313438345	8945	af0477039f08718d	4d7f96fbb5aadbda
1788609313458219739	1179	1	phase_loop[1178]	1788609313448277	9021	24be9191a614d9f8	4d7f96fbb5aadbda
1788609313468162320	1180	1	phase_loop[1179]	1788609313458456	8837	0e7af1e30169e6b9	4d7f96fbb5aadbda
1788609313478518947	1181	1	phase_loop[1180]	1788609313468401	8891	8e6f1207010b5895	4d7f96fbb5aadbda
1788609313488465204	1182	1	phase_loop[1181]	1788609313478854	8441	9ca437c7bea27f66	4d7f96fbb5aadbda
1788609313498722082	1183	1	phase_loop[1182]	1788609313488764	8527	f20b20d58617a459	4d7f96fbb5aadbda
1788609313508173700	1184	1	phase_loop[1183]	1788609313499040	8252	c80f8874b4d48752	4d7f96fbb5aadbda
1788609313518264803	1185	1	phase_loop[1184]	1788609313508382	8909	678418981938893c	4d7f96fbb5aadbda
1788609313528112774	1186	1	phase_loop[1185]	1788609313518505	8785	8b07a11868b3d624	4d7f96fbb5aadbda
1788609313539041698	1187	1	phase_loop[1186]	1788609313528324	8968	00c341e75b9f11e5	4d7f96fbb5aadbda
1788609313548067608	1188	1	phase_loop[1187]	1788609313539274	8017	49054eb329444794	4d7f96fbb5aadbda
1788609313558264141	1189	1	phase_loop[1188]	1788609313548259	9084	3ee8b619e1fe43e1	4d7f96fbb5aadbda
1788609313568132000	1190	1	phase_loop[1189]	1788609313558503	8788	523244fc722a2376	4d7f96fbb5aadbda
1788609313579138621	1191	1	phase_loop[1190]	1788609313568329	8964	7772f2fd1cab1b28	4d7f96fbb5aadbda
1788609313588319435	1192	1	phase_loop[1191]	1788609313579381	7914	a62373ca5f7e7268	4d7f96fbb5aadbda
1788609313598594988	1193	1	phase_loop[1192]	1788609313588571	8723	0afc7571d0aee3d0	4d7f96fbb5aadbda
1788609313608271734	1194	1	phase_loop[1193]	1788609313598871	8421	9ca4e7331df755d8	4d7f96fbb5aadbda
1788609313618074138	1195	1	phase_loop[1194]	1788609313608566	8726	f4f5d2dfb1301ab0	4d7f96fbb5aadbda
1788609313628168858	1196	1	phase_loop[1195]	1788609313618268	9025	46a6fc9abe483e69	4d7f96fbb5aadbda
1788609313638117600	1197	1	phase_loop[1196]	1788609313628393	8900	55cfb45fd4eeb310	4d7f96fbb5aadbda
1788609313648338550	1198	1	phase_loop[1197]	1788609313638334	8958	4f22437fe43ec84a	4d7f96fbb5aadbda
1788609313658164619	1199	1	phase_loop[1198]	1788609313648638	8654	abc38509922664c4	4d7f96fbb5aadbda
1788609313668227518	1200	1	phase_loop[1199]	1788609313658391	8905	40ec6e06e42bd507	4d7f96fbb5aadbda
1788609313678165120	1201	1	phase_loop[1200]	1788609313668479	8813	2e2404aaaf417d0c	4d7f96fbb5aadbda
1788609313687957345	1202	1	phase_loop[1201]	1788609313678360	8930	be9f634822b6a23a	4d7f96fbb5aadbda
1788609313700250058	1203	1	phase_loop[1202]	1788609313688149	9149	64ab4eb695880607	4d7f96fbb5aadbda
1788609313708629410	1204	1	phase_loop[1203]	1788609313700498	6794	7bd4fffa0d1d50bd	4d7f96fbb5aadbda
1788609313718142225	1205	1	phase_loop[1204]	1788609313708912	8381	9cdc2a65a0d1ed04	4d7f96fbb5aadbda
1788609313728090366	1206	1	phase_loop[1205]	1788609313718334	8958	9a8ca645949798c2	4d7f96fbb5aadbda
1788609313738206076	1207	1	phase_loop[1206]	1788609313728293	8999	2c1e483ae665dd6d	4d7f96fbb5aadbda
1788609313747966070	1208	1	phase_loop[1207]	1788609313738415	8874	9a7c9f8a04c3e704	4d7f96fbb5aadbda
1788609313758177291	1209	1	phase_loop[1208]	1788609313748152	9140	f7eac2069bd2aba9	4d7f96fbb5aadbda
1788609313768183642	1210	1	phase_loop[1209]	1788609313758415	8881	1168f54fbc250d27	4d7f96fbb5aadbda
1788609313778085736	1211	1	phase_loop[1210]	1788609313768414	8881	33496523529ce429	4d7f96fbb5aadbda
1788609313787918468	1212	1	phase_loop[1211]	1788609313778280	9008	57d6962e9870ef28	4d7f96fbb5aadbda
1788609313798062101	1213	1	phase_loop[1212]	1788609313788100	9193	a4fe24da15671728	4d7f96fbb5aadbda
1788609313808529769	1214	1	phase_loop[1213]	1788609313798304	8988	1d5dde0780ae1e03	4d7f96fbb5aadbda
1788609313818151961	1215	1	phase_loop[1214]	1788609313808828	8462	533c3294a9a7d865	4d7f96fbb5aadbda
1788609313830781885	1216	1	phase_loop[1215]	1788609313818378	8923	163c7f42e09ebd22	4d7f96fbb5aadbda
1788609313838314379	1217	1	phase_loop[1216]	1788609313831115	6178	2b1729b9ce3297e1	4d7f96fbb5aadbda
1788609313848343043	1218	1	phase_loop[1217]	1788609313838630	8665	f4493dc29a28720d	4d7f96fbb5aadbda
1788609313858544846	1219	1	phase_loop[1218]	1788609313848641	8657	afcaa212688c7623	4d7f96fbb5aadbda
1788609313868331430	1220	1	phase_loop[1219]	1788609313858854	8438	08c522fd80b3a5c7	4d7f96fbb5aadbda
1788609313878109859	1221	1	phase_loop[1220]	1788609313868602	8689	e8af657a7ca318f0	4d7f96fbb5aadbda
1788609313888055836	1222	1	phase_loop[1221]	1788609313878304	9018	92901a498394f167	4d7f96fbb5aadbda
1788609313898404739	1223	1	phase_loop[1222]	1788609313888248	9045	c902cd22481598b9	4d7f96fbb5aadbda
1788609313908482697	1224	1	phase_loop[1223]	1788609313898673	8617	67613572a4d7418d	4d7f96fbb5aadbda
1788609313917959072	1225	1	phase_loop[1224]	1788609313908912	8378	51d9c211087a9837	4d7f96fbb5aadbda
1788609313928749783	1226	1	phase_loop[1225]	1788609313918189	9105	f194a8db379b0f7d	4d7f96fbb5aadbda
1788609313939286512	1227	1	phase_loop[1226]	1788609313929002	8292	fc26feeed29b8d49	4d7f96fbb5aadbda
1788609313948232611	1228	1	phase_loop[1227]	1788609313939517	7777	e700f68a93e0b331	4d7f96fbb5aadbda
1788609313958530696	1229	1	phase_loop[1228]	1788609313948468	8825	85450b87507e8da3	4d7f96fbb5aadbda
1788609313968589969	1230	1	phase_loop[1229]	1788609313958836	8455	f9148bb5f5361fab	4d7f96fbb5aadbda
1788609313978288756	1231	1	phase_loop[1230]	1788609313968876	8419	a7f91ad95d6d4d0f	4d7f96fbb5aadbda
1788609313988078046	1232	1	phase_loop[1231]	1788609313978554	8737	5c3823b349caf6ea	4d7f96fbb5aadbda
1788609313998245083	1233	1	phase_loop[1232]	1788609313988283	9010	9a9e5da023d0cc0e	4d7f96fbb5aadbda
1788609314008098494	1234	1	phase_loop[1233]	1788609313998484	8808	f25d8fbc14bfdeb6	4d7f96fbb5aadbda
1788609314018088835	1235	1	phase_loop[1234]	1788609314008296	8996	749fb721af2f029a	4d7f96fbb5aadbda
1788609314028094626	1236	1	phase_loop[1235]	1788609314018281	9010	173321776a12c148	4d7f96fbb5aadbda
1788609314038458246	1237	1	phase_loop[1236]	1788609314028291	9014	efc2bd90e0e72b87	4d7f96fbb5aadbda
1788609314048226365	1238	1	phase_loop[1237]	1788609314038753	8538	86c8023a211eb77b	4d7f96fbb5aadbda
1788609314058199764	1239	1	phase_loop[1238]	1788609314048489	8803	e838826cf8201304	4d7f96fbb5aadbda
1788609314068257333	1240	1	phase_loop[1239]	1788609314058435	8859	212955e472cf7477	4d7f96fbb5aadbda
1788609314078152663	1241	1	phase_loop[1240]	1788609314068495	8795	13a111f6602f39f7	4d7f96fbb5aadbda
1788609314087948796	1242	1	phase_loop[1241]	1788609314078344	8945	a37e830f785956b9	4d7f96fbb5aadbda
1788609314098285244	1243	1	phase_loop[1242]	1788609314088129	9163	7837240dd3148e72	4d7f96fbb5aadbda
1788609314108074584	1244	1	phase_loop[1243]	1788609314098525	8767	effe82ee27b24ffd	4d7f96fbb5aadbda
1788609314118125790	1245	1	phase_loop[1244]	1788609314108270	9024	dce9e42a23175b35	4d7f96fbb5aadbda
1788609314128299089	1246	1	phase_loop[1245]	1788609314118363	8928	bafa641d017efccb	4d7f96fbb5aadbda
1788609314138256287	1247	1	phase_loop[1246]	1788609314128537	8755	0b65a78375b90e8d	4d7f96fbb5aadbda
1788609314148328824	1248	1	phase_loop[1247]	1788609314138524	8771	5951b25e4d2b61c6	4d7f96fbb5aadbda
1788609314158214817	1249	1	phase_loop[1248]	1788609314148596	8696	e0129fc4879e0c06	4d7f96fbb5aadbda
1788609314168109026	1250	1	phase_loop[1249]	1788609314158445	8848	5660a1c256c95a99	4d7f96fbb5aadbda
1788609314178096832	1251	1	phase_loop[1250]	1788609314168337	8955	4c05318850f5211f	4d7f96fbb5aadbda
1788609314187977645	1252	1	phase_loop[1251]	1788609314178299	8991	cecb5dc26bdda960	4d7f96fbb5aadbda
1788609314198246936	1253	1	phase_loop[1252]	1788609314188163	9131	2f4255000dcd3b99	4d7f96fbb5aadbda
1788609314208168577	1254	1	phase_loop[1253]	1788609314198485	8808	0498e33d5852af6e	4d7f96fbb5aadbda
1788609314217960972	1255	1	phase_loop[1254]	1788609314208364	8956	5db7d24789bcf36e	4d7f96fbb5aadbda
1788609314228099735	1256	1	phase_loop[1255]	1788609314218143	9149	69190e937ba62534	4d7f96fbb5aadbda
1788609314238189946	1257	1	phase_loop[1256]	1788609314228294	8997	ce4d71020821d678	4d7f96fbb5aadbda
1788609314248119181	1258	1	phase_loop[1257]	1788609314238418	8874	6397225834fc6a06	4d7f96fbb5aadbda
1788609314258560308	1259	1	phase_loop[1258]	1788609314248321	8982	3e87589239a69511	4d7f96fbb5aadbda
1788609314268234269	1260	1	phase_loop[1259]	1788609314258835	8458	6a832f623298f615	4d7f96fbb5aadbda
1788609314278105013	1261	1	phase_loop[1260]	1788609314268488	8805	a6f17cc4740f8a23	4d7f96fbb5aadbda
1788609314288185124	1262	1	phase_loop[1261]	1788609314278303	8993	c7bb4b5819894236	4d7f96fbb5aadbda
1788609314298390454	1263	1	phase_loop[1262]	1788609314288411	8882	004daf6e396cdacc	4d7f96fbb5aadbda
1788609314308134968	1264	1	phase_loop[1263]	1788609314298667	8627	1925e023f3194424	4d7f96fbb5aadbda
1788609314318093238	1265	1	phase_loop[1264]	1788609314308346	8946	35cacb075c3c32f2	4d7f96fbb5aadbda
1788609314328119688	1266	1	phase_loop[1265]	1788609314318284	9008	bb5ddd06341b18c8	4d7f96fbb5aadbda
1788609314338157159	1267	1	phase_loop[1266]	1788609314328330	8963	a7cb66f8d38cf2f7	4d7f96fbb5aadbda
1788609314347935227	1268	1	phase_loop[1267]	1788609314338353	8936	200fc0766c83f185	4d7f96fbb5aadbda
1788609314358550935	1269	1	phase_loop[1268]	1788609314348116	9183	a8dcb050fcf102f8	4d7f96fbb5aadbda
1788609314369097012	1270	1	phase_loop[1269]	1788609314358918	8373	a4cade9b91ecd3bb	4d7f96fbb5aadbda
1788609314378128071	1271	1	phase_loop[1270]	1788609314369375	7918	33575aa1d02708ce	4d7f96fbb5aadbda
1788609314388059441	1272	1	phase_loop[1271]	1788609314378372	8919	e79bf09f58066249	4d7f96fbb5aadbda
1788609314398300428	1273	1	phase_loop[1272]	1788609314388251	9042	1b3c9eb78f800623	4d7f96fbb5aadbda
1788609314408089386	1274	1	phase_loop[1273]	1788609314398534	8758	f4f6523ca508f4f5	4d7f96fbb5aadbda
1788609314418080038	1275	1	phase_loop[1274]	1788609314408282	9011	9dee7db36425098b	4d7f96fbb5aadbda
1788609314428300707	1276	1	phase_loop[1275]	1788609314418307	8984	4ab731f9fb5567e6	4d7f96fbb5aadbda
1788609314438541704	1277	1	phase_loop[1276]	1788609314428604	8697	0287557ae080378e	4d7f96fbb5aadbda
1788609314448203160	1278	1	phase_loop[1277]	1788609314438854	8438	2aa737498c87d4a5	4d7f96fbb5aadbda
1788609314458452193	1279	1	phase_loop[1278]	1788609314448417	8874	c5beca18e919d867	4d7f96fbb5aadbda
1788609314468257964	1280	1	phase_loop[1279]	1788609314458809	8491	c11d381b921f2f0c	4d7f96fbb5aadbda
1788609314478268984	1281	1	phase_loop[1280]	1788609314468551	8743	5c9d027af34a2cb8	4d7f96fbb5aadbda
1788609314488316464	1282	1	phase_loop[1281]	1788609314478536	8759	dbb43350f3dd46f3	4d7f96fbb5aadbda
1788609314498267380	1283	1	phase_loop[1282]	1788609314488579	8715	a8d7885335b2dfb3	4d7f96fbb5aadbda
1788609314508121833	1284	1	phase_loop[1283]	1788609314498512	8780	8cf464f5576c3038	4d7f96fbb5aadbda
1788609314517956038	1285	1	phase_loop[1284]	1788609314508319	8970	a02e7817aa44e699	4d7f96fbb5aadbda
1788609314528062449	1286	1	phase_loop[1285]	1788609314518137	9154	3ffd6eb64049b046	4d7f96fbb5aadbda
1788609314538107454	1287	1	phase_loop[1286]	1788609314528271	9021	4beba0c7104abd61	4d7f96fbb5aadbda
1788609314548015239	1288	1	phase_loop[1287]	1788609314538374	8949	752627433020babd	4d7f96fbb5aadbda
1788609314558163299	1289	1	phase_loop[1288]	1788609314548204	9088	45f662631ff29866	4d7f96fbb5aadbda
1788609314569295128	1290	1	phase_loop[1289]	1788609314558389	8905	a8194c98071d7bd1	4d7f96fbb5aadbda
1788609314578089909	1291	1	phase_loop[1290]	1788609314569540	7752	149f1e8a3423383b	4d7f96fbb5aadbda
1788609314588077495	1292	1	phase_loop[1291]	1788609314578278	9015	a67e971d2c7b81ed	4d7f96fbb5aadbda
1788609314598367345	1293	1	phase_loop[1292]	1788609314588311	8989	abb45c514b4c0435	4d7f96fbb5aadbda
1788609314608287482	1294	1	phase_loop[1293]	1788609314598606	8687	93a7551abb4094bd	4d7f96fbb5aadbda
1788609314618081671	1295	1	phase_loop[1294]	1788609314608570	8720	e645690cffd117e4	4d7f96fbb5aadbda
1788609314628158396	1296	1	phase_loop[1295]	1788609314618280	9014	cb83c26a7dcfe680	4d7f96fbb5aadbda
1788609314638092090	1297	1	phase_loop[1296]	1788609314628373	8918	d511ed486105599b	4d7f96fbb5aadbda
1788609314648080978	1298	1	phase_loop[1297]	1788609314638299	8993	63770d792875a7db	4d7f96fbb5aadbda
1788609314658156922	1299	1	phase_loop[1298]	1788609314648271	9020	22f672e17e7fea4e	4d7f96fbb5aadbda
1788609314668197398	1300	1	phase_loop[1299]	1788609314658382	8912	a95b772b3339effe	4d7f96fbb5aadbda
1788609314678104271	1301	1	phase_loop[1300]	1788609314668427	8864	dae1330b82976dee	4d7f96fbb5aadbda
1788609314688000734	1302	1	phase_loop[1301]	1788609314678294	8996	6aa6b05a9b3ca474	4d7f96fbb5aadbda
1788609314700083909	1303	1	phase_loop[1302]	1788609314688184	9114	fbbe074a1b845cc7	4d7f96fbb5aadbda
1788609314708545377	1304	1	phase_loop[1303]	1788609314700336	6960	a1c621008fb50524	4d7f96fbb5aadbda
1788609314718083970	1305	1	phase_loop[1304]	1788609314708912	8380	bc8d069ff2411447	4d7f96fbb5aadbda
1788609314728091234	1306	1	phase_loop[1305]	1788609314718278	9014	6e289ba2a6c18ecb	4d7f96fbb5aadbda
1788609314738121611	1307	1	phase_loop[1306]	1788609314728288	9005	4c92617aa2162a8e	4d7f96fbb5aadbda
1788609314748067658	1308	1	phase_loop[1307]	1788609314738362	8929	4498a3bbd2c60d0f	4d7f96fbb5aadbda
1788609314758410729	1309	1	phase_loop[1308]	1788609314748256	9036	dff842967e81b251	4d7f96fbb5aadbda
1788609314768348320	1310	1	phase_loop[1309]	1788609314758678	8616	ea98eeef5e970aba	4d7f96fbb5aadbda
1788609314778098776	1311	1	phase_loop[1310]	1788609314768584	8707	a0ca9256d1fcfc1c	4d7f96fbb5aadbda
1788609314787926518	1312	1	phase_loop[1311]	1788609314778292	8998	3820acf09c727a01	4d7f96fbb5aadbda
1788609314798310777	1313	1	phase_loop[1312]	1788609314788121	9173	e58c8078b0efd87b	4d7f96fbb5aadbda
1788609314808137838	1314	1	phase_loop[1313]	1788609314798553	8738	c5b9524da80ed64a	4d7f96fbb5aadbda
1788609314818138609	1315	1	phase_loop[1314]	1788609314808469	8822	17c9fa5f31813887	4d7f96fbb5aadbda
1788609314828270890	1316	1	phase_loop[1315]	1788609314818382	8912	6b429536f761d1f8	4d7f96fbb5aadbda
1788609314838193042	1317	1	phase_loop[1316]	1788609314828511	8783	271561621eeb4808	4d7f96fbb5aadbda
1788609314848109843	1318	1	phase_loop[1317]	1788609314838425	8868	97ddf206c851ca23	4d7f96fbb5aadbda
1788609314858149808	1319	1	phase_loop[1318]	1788609314848303	8989	a62909e5d362b48c	4d7f96fbb5aadbda
1788609314868245229	1320	1	phase_loop[1319]	1788609314858383	8908	b740bac0a8afef5c	4d7f96fbb5aadbda
1788609314878148765	1321	1	phase_loop[1320]	1788609314868473	8861	c5d5ac9ec6711d1e	4d7f96fbb5aadbda
1788609314888083090	1322	1	phase_loop[1321]	1788609314878349	8942	d9751349939c0e65	4d7f96fbb5aadbda
1788609314901991321	1323	1	phase_loop[1322]	1788609314888282	9019	f3f7b3580984c269	4d7f96fbb5aadbda
1788609314908147542	1324	1	phase_loop[1323]	1788609314902251	5040	4afd21f23e50888b	4d7f96fbb5aadbda
1788609314918249505	1325	1	phase_loop[1324]	1788609314908364	8929	40c64cb98284fa25	4d7f96fbb5aadbda
1788609314929146808	1326	1	phase_loop[1325]	1788609314918493	8810	688246c16bdff47a	4d7f96fbb5aadbda
1788609314938158831	1327	1	phase_loop[1326]	1788609314929435	7857	65d5539491fa9b15	4d7f96fbb5aadbda
1788609314948393286	1328	1	phase_loop[1327]	1788609314938412	8881	c1f1e66846578ed0	4d7f96fbb5aadbda
1788609314959172766	1329	1	phase_loop[1328]	1788609314948665	8625	5c29373357613c14	4d7f96fbb5aadbda
1788609314968871664	1330	1	phase_loop[1329]	1788609314959397	7895	9d3a48db9fdee29f	4d7f96fbb5aadbda
1788609314978088526	1331	1	phase_loop[1330]	1788609314969101	8194	7f4c1fdea7f9d1df	4d7f96fbb5aadbda
1788609314988111569	1332	1	phase_loop[1331]	1788609314978303	8990	e62ee286db96e0af	4d7f96fbb5aadbda
1788609314999516066	1333	1	phase_loop[1332]	1788609314988318	8981	635a39669cf6df1b	4d7f96fbb5aadbda
1788609315010165929	1334	1	phase_loop[1333]	1788609314999915	7378	da595faaa1013cfe	4d7f96fbb5aadbda
1788609315018900535	1335	1	phase_loop[1334]	1788609315010418	6876	409df2928e72b08f	4d7f96fbb5aadbda
1788609315028120403	1336	1	phase_loop[1335]	1788609315019125	8168	ec4798497d3b5ea0	4d7f96fbb5aadbda
1788609315040072590	1337	1	phase_loop[1336]	1788609315028337	8954	fea6c309781cf8c7	4d7f96fbb5aadbda
1788609315052269982	1338	1	phase_loop[1337]	1788609315040330	6964	dbf07830aee044e9	4d7f96fbb5aadbda
1788609315058385314	1339	1	phase_loop[1338]	1788609315052617	4677	c9298314c2c355dd	4d7f96fbb5aadbda
1788609315068064244	1340	1	phase_loop[1339]	1788609315058693	8599	8cf27bf8aec5289b	4d7f96fbb5aadbda
1788609315078168170	1341	1	phase_loop[1340]	1788609315068260	9031	1bd6258175c4dc9a	4d7f96fbb5aadbda
1788609315088058932	1342	1	phase_loop[1341]	1788609315078376	8915	1fa343adcf952fe8	4d7f96fbb5aadbda
1788609315098365193	1343	1	phase_loop[1342]	1788609315088274	9018	5a79d91977531202	4d7f96fbb5aadbda
1788609315108141708	1344	1	phase_loop[1343]	1788609315098661	8630	d7a2d1068e17d931	4d7f96fbb5aadbda
1788609315118114385	1345	1	phase_loop[1344]	1788609315108374	8917	9e575182a18feb73	4d7f96fbb5aadbda
1788609315128052146	1346	1	phase_loop[1345]	1788609315118322	8970	cb66f9e6f1d80dfb	4d7f96fbb5aadbda
1788609315138048048	1347	1	phase_loop[1346]	1788609315128242	9048	8b0c447f346365b8	4d7f96fbb5aadbda
1788609315148126776	1348	1	phase_loop[1347]	1788609315138232	9058	304d954755444d34	4d7f96fbb5aadbda
1788609315159198922	1349	1	phase_loop[1348]	1788609315148323	8977	0f0dade3153026da	4d7f96fbb5aadbda
1788609315168693902	1350	1	phase_loop[1349]	1788609315159456	7836	4bed19dff66cb56b	4d7f96fbb5aadbda
1788609315178393411	1351	1	phase_loop[1350]	1788609315169555	7749	4bbbedd5c0289b14	4d7f96fbb5aadbda
1788609315188214801	1352	1	phase_loop[1351]	1788609315178666	8625	d75f0b34cb393426	4d7f96fbb5aadbda
1788609315199037131	1353	1	phase_loop[1352]	1788609315188446	8847	90557aaf34044632	4d7f96fbb5aadbda
1788609315208117524	1354	1	phase_loop[1353]	1788609315199295	8038	69a79173682ceca1	4d7f96fbb5aadbda
1788609315218080553	1355	1	phase_loop[1354]	1788609315208366	8925	4f37b69f71060e5d	4d7f96fbb5aadbda
1788609315228116812	1356	1	phase_loop[1355]	1788609315218278	9013	55c7847c2afceb4e	4d7f96fbb5aadbda
1788609315238099348	1357	1	phase_loop[1356]	1788609315228316	8977	8fc6130636e54da9	4d7f96fbb5aadbda
1788609315248723562	1358	1	phase_loop[1357]	1788609315238328	8962	46e1b8375b73a339	4d7f96fbb5aadbda
1788609315261570928	1359	1	phase_loop[1358]	1788609315249003	8295	4112dc4cdcea50f5	4d7f96fbb5aadbda
1788609315270067393	1360	1	phase_loop[1359]	1788609315261832	5463	776e45d2529252ec	4d7f96fbb5aadbda
1788609315278155531	1361	1	phase_loop[1360]	1788609315270361	6931	d8b1c384db6c1889	4d7f96fbb5aadbda
1788609315288107149	1362	1	phase_loop[1361]	1788609315278384	8908	e2046ceb1271ad6f	4d7f96fbb5aadbda
1788609315298249278	1363	1	phase_loop[1362]	1788609315288301	8991	91ca8fce7761d758	4d7f96fbb5aadbda
1788609315308108680	1364	1	phase_loop[1363]	1788609315298490	8802	316043bb5d5ea370	4d7f96fbb5aadbda
1788609315318114320	1365	1	phase_loop[1364]	1788609315308305	8986	ae1fde2074c3e25b	4d7f96fbb5aadbda
1788609315328174103	1366	1	phase_loop[1365]	1788609315318307	8984	ccaf00f4f0292a9c	4d7f96fbb5aadbda
1788609315338111393	1367	1	phase_loop[1366]	1788609315328373	8920	30a7cad4228436f6	4d7f96fbb5aadbda
1788609315348080413	1368	1	phase_loop[1367]	1788609315338329	8962	b83de6ca942a8e52	4d7f96fbb5aadbda
1788609315358170514	1369	1	phase_loop[1368]	1788609315348274	9017	349bac5d7c36ca6d	4d7f96fbb5aadbda
1788609315368361526	1370	1	phase_loop[1369]	1788609315358382	8914	68c5245590599faf	4d7f96fbb5aadbda
1788609315378324775	1371	1	phase_loop[1370]	1788609315368737	8562	1f11f91df252e783	4d7f96fbb5aadbda
1788609315388079288	1372	1	phase_loop[1371]	1788609315378558	8733	f84ed62e75234efc	4d7f96fbb5aadbda
1788609315398431687	1373	1	phase_loop[1372]	1788609315388268	9023	95516d1b66d77bf7	4d7f96fbb5aadbda
1788609315408312940	1374	1	phase_loop[1373]	1788609315398671	8620	e3c7bb7ea7e89535	4d7f96fbb5aadbda
1788609315418041464	1375	1	phase_loop[1374]	1788609315408519	8771	dc9d36bc37f8e7f4	4d7f96fbb5aadbda
1788609315428103181	1376	1	phase_loop[1375]	1788609315418295	8997	4c0b02e3ddc11254	4d7f96fbb5aadbda
1788609315438177661	1377	1	phase_loop[1376]	1788609315428297	8996	467c502903d18c7b	4d7f96fbb5aadbda
1788609315448085145	1378	1	phase_loop[1377]	1788609315438378	8915	b5f166db57cd6b3a	4d7f96fbb5aadbda
1788609315458252021	1379	1	phase_loop[1378]	1788609315448274	9019	de49cc8046453239	4d7f96fbb5aadbda
1788609315468167279	1380	1	phase_loop[1379]	1788609315458500	8790	5fd324a87b91e4a2	4d7f96fbb5aadbda
1788609315478078911	1381	1	phase_loop[1380]	1788609315468392	8901	11f2ed672ef7f00c	4d7f96fbb5aadbda
1788609315488317533	1382	1	phase_loop[1381]	1788609315478294	8997	3bb6fc2ecf88f8a3	4d7f96fbb5aadbda
1788609315498799608	1383	1	phase_loop[1382]	1788609315488633	8669	35451bf469a84370	4d7f96fbb5aadbda
1788609315508104627	1384	1	phase_loop[1383]	1788609315499084	8208	dbcc427aced23265	4d7f96fbb5aadbda
1788609315517963699	1385	1	phase_loop[1384]	1788609315508300	8989	8d0acd70686bfdf5	4d7f96fbb5aadbda
1788609315528099596	1386	1	phase_loop[1385]	1788609315518147	9144	505e0a63a4948739	4d7f96fbb5aadbda
1788609315538215846	1387	1	phase_loop[1386]	1788609315528295	9039	a4ee91c008736218	4d7f96fbb5aadbda
1788609315548172804	1388	1	phase_loop[1387]	1788609315538441	8851	072e60b2779fea6b	4d7f96fbb5aadbda
1788609315558152434	1389	1	phase_loop[1388]	1788609315548392	8901	4d8b5f88189928d7	4d7f96fbb5aadbda
1788609315569071890	1390	1	phase_loop[1389]	1788609315558367	8925	5cf6608296f554af	4d7f96fbb5aadbda
1788609315578119611	1391	1	phase_loop[1390]	1788609315569344	7949	e6aa8d70886d602c	4d7f96fbb5aadbda
1788609315588031452	1392	1	phase_loop[1391]	1788609315578314	8975	e2a75ced7f5a4c0a	4d7f96fbb5aadbda
1788609315599196444	1393	1	phase_loop[1392]	1788609315588217	9079	cc0e76640ee433aa	4d7f96fbb5aadbda
1788609315608388299	1394	1	phase_loop[1393]	1788609315599448	7847	e46e0646dc3ce1df	4d7f96fbb5aadbda
1788609315618072598	1395	1	phase_loop[1394]	1788609315608636	8655	778dc99916fd762e	4d7f96fbb5aadbda
1788609315628059593	1396	1	phase_loop[1395]	1788609315618265	9027	fd4e953a63dc70c0	4d7f96fbb5aadbda
1788609315638058340	1397	1	phase_loop[1396]	1788609315628254	9038	a6b99cf4df11a785	4d7f96fbb5aadbda
1788609315648116760	1398	1	phase_loop[1397]	1788609315638263	9029	5304d6d530720897	4d7f96fbb5aadbda
1788609315658400758	1399	1	phase_loop[1398]	1788609315648394	8904	1992776cdcdd5501	4d7f96fbb5aadbda
1788609315668266523	1400	1	phase_loop[1399]	1788609315658823	8470	fc508db6235a9652	4d7f96fbb5aadbda
1788609315678082994	1401	1	phase_loop[1400]	1788609315668551	8740	aebe00a566c24a3f	4d7f96fbb5aadbda
1788609315687982001	1402	1	phase_loop[1401]	1788609315678274	9015	eb6680258dff7eda	4d7f96fbb5aadbda
1788609315698416305	1403	1	phase_loop[1402]	1788609315688169	9124	e8387c1aa997e1ae	4d7f96fbb5aadbda
1788609315708477010	1404	1	phase_loop[1403]	1788609315698643	8654	b282f9d55fcdcc8d	4d7f96fbb5aadbda
1788609315718687428	1405	1	phase_loop[1404]	1788609315708816	8476	cce882f291417cb2	4d7f96fbb5aadbda
1788609315728184212	1406	1	phase_loop[1405]	1788609315718940	8352	da8047fbee87bcd4	4d7f96fbb5aadbda
1788609315738097066	1407	1	phase_loop[1406]	1788609315728399	8893	4b2157eab6dfc76a	4d7f96fbb5aadbda
1788609315748089401	1408	1	phase_loop[1407]	1788609315738301	8990	88c05cba0d23019d	4d7f96fbb5aadbda
1788609315758228835	1409	1	phase_loop[1408]	1788609315748280	9010	c8484db857d9c318	4d7f96fbb5aadbda
1788609315768183047	1410	1	phase_loop[1409]	1788609315758460	8838	090ea6f7b7985df6	4d7f96fbb5aadbda
1788609315778071464	1411	1	phase_loop[1410]	1788609315768414	8877	32aa108b7b4efe81	4d7f96fbb5aadbda
1788609315788106991	1412	1	phase_loop[1411]	1788609315778267	9025	49487ed98fbaa447	4d7f96fbb5aadbda
1788609315798252366	1413	1	phase_loop[1412]	1788609315788299	8994	161537d0964ce816	4d7f96fbb5aadbda
1788609315808208993	1414	1	phase_loop[1413]	1788609315798492	8801	971ae7fbca902698	4d7f96fbb5aadbda
1788609315818163736	1415	1	phase_loop[1414]	1788609315808406	8885	5814e48996072956	4d7f96fbb5aadbda
1788609315828131504	1416	1	phase_loop[1415]	1788609315818421	8870	9b07bce56c998470	4d7f96fbb5aadbda
1788609315838515984	1417	1	phase_loop[1416]	1788609315828370	8929	40238df4ec4910f6	4d7f96fbb5aadbda
1788609315848220813	1418	1	phase_loop[1417]	1788609315838787	8509	7e0a8f1620b01a3b	4d7f96fbb5aadbda
1788609315858138295	1419	1	phase_loop[1418]	1788609315848461	8831	79411f421cbc8bb2	4d7f96fbb5aadbda
1788609315868357020	1420	1	phase_loop[1419]	1788609315858356	8984	c8a2499317795d87	4d7f96fbb5aadbda
1788609315878115500	1421	1	phase_loop[1420]	1788609315868592	8701	34e0c54eae9cf4e6	4d7f96fbb5aadbda
1788609315888217533	1422	1	phase_loop[1421]	1788609315878305	8988	6fe842984588dce5	4d7f96fbb5aadbda
1788609315898263550	1423	1	phase_loop[1422]	1788609315888454	8837	95f83df9a98fff53	4d7f96fbb5aadbda
1788609315908291562	1424	1	phase_loop[1423]	1788609315898511	8783	55116adc2cc55533	4d7f96fbb5aadbda
1788609315918083927	1425	1	phase_loop[1424]	1788609315908510	8782	b2aff5e203f35474	4d7f96fbb5aadbda
1788609315928168818	1426	1	phase_loop[1425]	1788609315918276	9017	be20aa552dd27092	4d7f96fbb5aadbda
1788609315938414003	1427	1	phase_loop[1426]	1788609315928407	8888	9a0fed00575b0ca0	4d7f96fbb5aadbda
1788609315948386690	1428	1	phase_loop[1427]	1788609315938721	8572	59686492564832f8	4d7f96fbb5aadbda
1788609315958328579	1429	1	phase_loop[1428]	1788609315948716	8583	e6c3ea0c0a3fa6bd	4d7f96fbb5aadbda
1788609315968329570	1430	1	phase_loop[1429]	1788609315958632	8662	75ddf0dd0bb9bca0	4d7f96fbb5aadbda
1788609315978318118	1431	1	phase_loop[1430]	1788609315968568	8731	73368585ace0775e	4d7f96fbb5aadbda
1788609315988259445	1432	1	phase_loop[1431]	1788609315978545	8748	835f3af3cab5cb33	4d7f96fbb5aadbda
1788609315998205913	1433	1	phase_loop[1432]	1788609315988517	8774	d8343aa5f941990f	4d7f96fbb5aadbda
1788609316008322213	1434	1	phase_loop[1433]	1788609315998443	8849	75c0399995f842b7	4d7f96fbb5aadbda
1788609316017949504	1435	1	phase_loop[1434]	1788609316008579	8710	3e592aebb50f5d9c	4d7f96fbb5aadbda
1788609316028058701	1436	1	phase_loop[1435]	1788609316018130	9160	435cdd99e1726722	4d7f96fbb5aadbda
1788609316038414175	1437	1	phase_loop[1436]	1788609316028252	9044	9da4dec68bd8cf66	4d7f96fbb5aadbda
1788609316048560492	1438	1	phase_loop[1437]	1788609316038701	8599	bda79ec1bd2dbcd5	4d7f96fbb5aadbda
1788609316058708401	1439	1	phase_loop[1438]	1788609316048813	8485	4467ca096e1891bd	4d7f96fbb5aadbda
1788609316068207680	1440	1	phase_loop[1439]	1788609316059052	8241	e7e9ba118b87f4c5	4d7f96fbb5aadbda
1788609316078124962	1441	1	phase_loop[1440]	1788609316068438	8856	a987b28378bf7851	4d7f96fbb5aadbda
1788609316088080967	1442	1	phase_loop[1441]	1788609316078327	8965	e77a8e7e27e60ceb	4d7f96fbb5aadbda
1788609316098291566	1443	1	phase_loop[1442]	1788609316088269	9025	adfb7c68a91a5add	4d7f96fbb5aadbda
1788609316108137693	1444	1	phase_loop[1443]	1788609316098538	8754	25c2635327a70cc6	4d7f96fbb5aadbda
1788609316117914207	1445	1	phase_loop[1444]	1788609316108339	8950	047d8a3dea7be627	4d7f96fbb5aadbda
1788609316128130537	1446	1	phase_loop[1445]	1788609316118100	9193	7568746bdd1f0f1e	4d7f96fbb5aadbda
1788609316138152848	1447	1	phase_loop[1446]	1788609316128340	8952	d104768a119947e9	4d7f96fbb5aadbda
1788609316148086081	1448	1	phase_loop[1447]	1788609316138457	8835	d6978b89869a82e1	4d7f96fbb5aadbda
1788609316158646163	1449	1	phase_loop[1448]	1788609316148278	9019	dcc114d7f46d7eb0	4d7f96fbb5aadbda
1788609316168556201	1450	1	phase_loop[1449]	1788609316158990	8305	94c970daef1ab78b	4d7f96fbb5aadbda
1788609316178164406	1451	1	phase_loop[1450]	1788609316168957	8340	90fef1996d545d09	4d7f96fbb5aadbda
1788609316188112757	1452	1	phase_loop[1451]	1788609316178362	8930	a26b289d00f5b235	4d7f96fbb5aadbda
1788609316198383350	1453	1	phase_loop[1452]	1788609316188329	9044	f355004dfaf626d1	4d7f96fbb5aadbda
1788609316208220720	1454	1	phase_loop[1453]	1788609316198617	8681	d7b1709b4cc0e31a	4d7f96fbb5aadbda
1788609316218060095	1455	1	phase_loop[1454]	1788609316208448	8843	21727961d83193ca	4d7f96fbb5aadbda
1788609316228130708	1456	1	phase_loop[1455]	1788609316218252	9040	3a16a5036e74414a	4d7f96fbb5aadbda
1788609316238093125	1457	1	phase_loop[1456]	1788609316228345	8947	aab08b234182fd62	4d7f96fbb5aadbda
1788609316248037258	1458	1	phase_loop[1457]	1788609316238353	8939	efd55696f05abe9f	4d7f96fbb5aadbda
1788609316258336295	1459	1	phase_loop[1458]	1788609316248231	9065	f9a92055db3c335c	4d7f96fbb5aadbda
1788609316268299344	1460	1	phase_loop[1459]	1788609316258591	8707	b47368a6d41ac83a	4d7f96fbb5aadbda
1788609316278084665	1461	1	phase_loop[1460]	1788609316268575	8717	bc0cb798ca81daec	4d7f96fbb5aadbda
1788609316288220482	1462	1	phase_loop[1461]	1788609316278277	9014	f12efae06b42c74f	4d7f96fbb5aadbda
1788609316298204150	1463	1	phase_loop[1462]	1788609316288512	8780	e9207311144db1bd	4d7f96fbb5aadbda
1788609316308160346	1464	1	phase_loop[1463]	1788609316298481	8810	b1673389d742da43	4d7f96fbb5aadbda
1788609316318022383	1465	1	phase_loop[1464]	1788609316308384	8906	1b6a277f8d0d3103	4d7f96fbb5aadbda
1788609316328090812	1466	1	phase_loop[1465]	1788609316318226	9064	7b74bd0be264135b	4d7f96fbb5aadbda
1788609316338339583	1467	1	phase_loop[1466]	1788609316328302	8993	0e08db686e69a118	4d7f96fbb5aadbda
1788609316348062396	1468	1	phase_loop[1467]	1788609316338582	8709	3fc4b3deb2ac934d	4d7f96fbb5aadbda
1788609316358248358	1469	1	phase_loop[1468]	1788609316348256	9035	a03951766aad25d9	4d7f96fbb5aadbda
1788609316368267133	1470	1	phase_loop[1469]	1788609316358504	8789	57c7e3bc4527c272	4d7f96fbb5aadbda
1788609316378360780	1471	1	phase_loop[1470]	1788609316368550	8744	1bb1856314a65fee	4d7f96fbb5aadbda
1788609316388198060	1472	1	phase_loop[1471]	1788609316378611	8681	617c1ce623c7fe0b	4d7f96fbb5aadbda
1788609316399106273	1473	1	phase_loop[1472]	1788609316388405	8888	19f5c652aa956d2b	4d7f96fbb5aadbda
1788609316408096405	1474	1	phase_loop[1473]	1788609316399343	7949	1bf943e3bc7761c5	4d7f96fbb5aadbda
1788609316417957700	1475	1	phase_loop[1474]	1788609316408297	8992	8e233f2a5b8d4d2f	4d7f96fbb5aadbda
1788609316428083729	1476	1	phase_loop[1475]	1788609316418142	9149	34b7fdf72d825d0a	4d7f96fbb5aadbda
1788609316438156606	1477	1	phase_loop[1476]	1788609316428282	9013	72a745462995b488	4d7f96fbb5aadbda
1788609316448176022	1478	1	phase_loop[1477]	1788609316438353	8940	3cc3c5fbee1d5399	4d7f96fbb5aadbda
1788609316458140934	1479	1	phase_loop[1478]	1788609316448371	8921	ea4ca312f75423ac	4d7f96fbb5aadbda
1788609316468403702	1480	1	phase_loop[1479]	1788609316458362	8931	14585c69e10b520b	4d7f96fbb5aadbda
1788609316478109843	1481	1	phase_loop[1480]	1788609316468648	8643	3d4be5fb5100a1dc	4d7f96fbb5aadbda
1788609316488096687	1482	1	phase_loop[1481]	1788609316478310	8981	1ace57f2675cdae0	4d7f96fbb5aadbda
1788609316499752781	1483	1	phase_loop[1482]	1788609316488285	9014	6b45f679aba9471d	4d7f96fbb5aadbda
1788609316508228075	1484	1	phase_loop[1483]	1788609316500080	7214	afa5815480bf6250	4d7f96fbb5aadbda
1788609316518340948	1485	1	phase_loop[1484]	1788609316508467	8829	3c5e219a36e8d7fd	4d7f96fbb5aadbda
1788609316528236479	1486	1	phase_loop[1485]	1788609316518623	8717	b3502e0b8c7fcbed	4d7f96fbb5aadbda
1788609316538253730	1487	1	phase_loop[1486]	1788609316528470	8825	4bf6f58494958013	4d7f96fbb5aadbda
1788609316548332579	1488	1	phase_loop[1487]	1788609316538492	8801	e820cbd77d86b057	4d7f96fbb5aadbda
1788609316558194606	1489	1	phase_loop[1488]	1788609316548633	8659	aaf9ee17b1546e0a	4d7f96fbb5aadbda
1788609316568255070	1490	1	phase_loop[1489]	1788609316558405	8889	3edb47c133bca973	4d7f96fbb5aadbda
1788609316578077833	1491	1	phase_loop[1490]	1788609316568484	8807	04d113b8029a8f01	4d7f96fbb5aadbda
1788609316587978753	1492	1	phase_loop[1491]	1788609316578270	9020	a8a5fe89eb14c677	4d7f96fbb5aadbda
1788609316598278912	1493	1	phase_loop[1492]	1788609316588167	9129	2c096b8895704a77	4d7f96fbb5aadbda
1788609316608200292	1494	1	phase_loop[1493]	1788609316598522	8770	7ea36f1bd35b4776	4d7f96fbb5aadbda
1788609316618090282	1495	1	phase_loop[1494]	1788609316608414	8881	bd05ca30efa9b85c	4d7f96fbb5aadbda
1788609316628094149	1496	1	phase_loop[1495]	1788609316618330	8963	1358ddeabca1df13	4d7f96fbb5aadbda
1788609316638108355	1497	1	phase_loop[1496]	1788609316628294	8998	5eeb010ccc02cfbf	4d7f96fbb5aadbda
1788609316648119675	1498	1	phase_loop[1497]	1788609316638333	8957	17369c59872b5c4d	4d7f96fbb5aadbda
1788609316658120155	1499	1	phase_loop[1498]	1788609316648317	8974	52e1fda2dc3a8f67	4d7f96fbb5aadbda
1788609316668267894	1500	1	phase_loop[1499]	1788609316658379	8914	a859d5e45640c85d	4d7f96fbb5aadbda
1788609316678073384	1501	1	phase_loop[1500]	1788609316668559	8732	c7acae2f0c928748	4d7f96fbb5aadbda
1788609316688104653	1502	1	phase_loop[1501]	1788609316678302	8990	cbaac077fd433230	4d7f96fbb5aadbda
1788609316698458463	1503	1	phase_loop[1502]	1788609316688312	8981	affeb56bffe3f2e1	4d7f96fbb5aadbda
1788609316708246600	1504	1	phase_loop[1503]	1788609316698749	8543	cb469b6dc8dafcae	4d7f96fbb5aadbda
1788609316717977969	1505	1	phase_loop[1504]	1788609316708442	8848	6204dc93904658cd	4d7f96fbb5aadbda
1788609316728121841	1506	1	phase_loop[1505]	1788609316718167	9125	5693152f9f679422	4d7f96fbb5aadbda
1788609316738420147	1507	1	phase_loop[1506]	1788609316728327	8967	1c590890d239128d	4d7f96fbb5aadbda
1788609316748111219	1508	1	phase_loop[1507]	1788609316738683	8608	b1d4fbae6da3e73a	4d7f96fbb5aadbda
1788609316758131326	1509	1	phase_loop[1508]	1788609316748306	8986	b3586a6337723d48	4d7f96fbb5aadbda
1788609316768238960	1510	1	phase_loop[1509]	1788609316758367	8928	5301ead3e10f7ec6	4d7f96fbb5aadbda
1788609316778094905	1511	1	phase_loop[1510]	1788609316768453	8840	3da2f87b6c5583db	4d7f96fbb5aadbda
1788609316788106236	1512	1	phase_loop[1511]	1788609316778292	8999	222e6633e36f1306	4d7f96fbb5aadbda
1788609316798198610	1513	1	phase_loop[1512]	1788609316788295	8997	48af52f05bcf5184	4d7f96fbb5aadbda
1788609316808080956	1514	1	phase_loop[1513]	1788609316798436	8856	d960ffa95eb6a094	4d7f96fbb5aadbda
1788609316818208116	1515	1	phase_loop[1514]	1788609316808268	9025	103081a23d985642	4d7f96fbb5aadbda
1788609316828082086	1516	1	phase_loop[1515]	1788609316818477	8816	4ec8013c10ff12ff	4d7f96fbb5aadbda
1788609316838280452	1517	1	phase_loop[1516]	1788609316828293	8999	7482ebbc5cf49e9b	4d7f96fbb5aadbda
1788609316848223272	1518	1	phase_loop[1517]	1788609316838492	8802	8ca83b352ac0a9cb	4d7f96fbb5aadbda
1788609316858313021	1519	1	phase_loop[1518]	1788609316848455	8897	d146128d97776961	4d7f96fbb5aadbda
1788609316868590768	1520	1	phase_loop[1519]	1788609316858622	8674	8cdd2fbd9b885abe	4d7f96fbb5aadbda
1788609316878223560	1521	1	phase_loop[1520]	1788609316868859	8434	fae290eb40762712	4d7f96fbb5aadbda
1788609316888155028	1522	1	phase_loop[1521]	1788609316878455	8836	ad39ebec1dce6be3	4d7f96fbb5aadbda
1788609316898246411	1523	1	phase_loop[1522]	1788609316888372	8922	8319841e60aab6f1	4d7f96fbb5aadbda
1788609316908154345	1524	1	phase_loop[1523]	1788609316898488	8804	a2081e29b8fd4421	4d7f96fbb5aadbda
1788609316918010451	1525	1	phase_loop[1524]	1788609316908352	8938	fa2dbf33a5b15cbf	4d7f96fbb5aadbda
1788609316928248672	1526	1	phase_loop[1525]	1788609316918202	9092	12ec4e5c6c213dc2	4d7f96fbb5aadbda
1788609316939296261	1527	1	phase_loop[1526]	1788609316928491	8808	597715178a564231	4d7f96fbb5aadbda
1788609316948398485	1528	1	phase_loop[1527]	1788609316939559	7741	3703c68bdf55d3a4	4d7f96fbb5aadbda
1788609316958352997	1529	1	phase_loop[1528]	1788609316948725	8569	cc221d26cbaa8d34	4d7f96fbb5aadbda
1788609316968401869	1530	1	phase_loop[1529]	1788609316958687	8606	0281aa84996c7cbf	4d7f96fbb5aadbda
1788609316978286409	1531	1	phase_loop[1530]	1788609316968622	8675	1cb8bca2d6b46328	4d7f96fbb5aadbda
1788609316988400535	1532	1	phase_loop[1531]	1788609316978499	8797	ded1f64f113cad2d	4d7f96fbb5aadbda
1788609316998184233	1533	1	phase_loop[1532]	1788609316988721	8571	773e207d464038e0	4d7f96fbb5aadbda
1788609317008317485	1534	1	phase_loop[1533]	1788609316998430	8862	331eabaf0eec32aa	4d7f96fbb5aadbda
1788609317018142612	1535	1	phase_loop[1534]	1788609317008553	8740	a6027417bcd9b92e	4d7f96fbb5aadbda
1788609317028070403	1536	1	phase_loop[1535]	1788609317018374	8917	732a2fa6dcd82e7c	4d7f96fbb5aadbda
1788609317038230947	1537	1	phase_loop[1536]	1788609317028271	9020	9ac65f2f90ab8677	4d7f96fbb5aadbda
1788609317048196270	1538	1	phase_loop[1537]	1788609317038464	8834	216e02e1fbe7009e	4d7f96fbb5aadbda
1788609317058681129	1539	1	phase_loop[1538]	1788609317048403	8891	37e9162d614c725e	4d7f96fbb5aadbda
1788609317068206166	1540	1	phase_loop[1539]	1788609317059093	8201	3edb06b1e512a2bd	4d7f96fbb5aadbda
1788609317078150479	1541	1	phase_loop[1540]	1788609317068447	8844	02c07e1a8a33d5aa	4d7f96fbb5aadbda
1788609317088108889	1542	1	phase_loop[1541]	1788609317078345	8947	950b8154b3c4da5f	4d7f96fbb5aadbda
1788609317098217634	1543	1	phase_loop[1542]	1788609317088296	8997	53dc5d1b988512f0	4d7f96fbb5aadbda
1788609317108071526	1544	1	phase_loop[1543]	1788609317098451	8841	87870226c5d5b156	4d7f96fbb5aadbda
1788609317117978658	1545	1	phase_loop[1544]	1788609317108269	9021	733c531860dfad1a	4d7f96fbb5aadbda
1788609317128079448	1546	1	phase_loop[1545]	1788609317118163	9129	f59d1cfff70c8906	4d7f96fbb5aadbda
1788609317138171001	1547	1	phase_loop[1546]	1788609317128274	9019	da68310a5c25ef9b	4d7f96fbb5aadbda
1788609317148290546	1548	1	phase_loop[1547]	1788609317138367	8925	d9a342abf7a96461	4d7f96fbb5aadbda
1788609317158700734	1549	1	phase_loop[1548]	1788609317148525	8772	d3754305e3b67a53	4d7f96fbb5aadbda
1788609317169138093	1550	1	phase_loop[1549]	1788609317159128	8166	c82df0809e3b6bee	4d7f96fbb5aadbda
1788609317178154204	1551	1	phase_loop[1550]	1788609317169512	7780	fab2f69756147509	4d7f96fbb5aadbda
1788609317188113596	1552	1	phase_loop[1551]	1788609317178388	8943	729bd9b73e804cea	4d7f96fbb5aadbda
1788609317198266144	1553	1	phase_loop[1552]	1788609317188322	8972	c60ba0a9a81e238a	4d7f96fbb5aadbda
1788609317208115968	1554	1	phase_loop[1553]	1788609317198512	8779	693d448d9c30413d	4d7f96fbb5aadbda
1788609317218018892	1555	1	phase_loop[1554]	1788609317208309	8980	ac0f3fd81af149df	4d7f96fbb5aadbda
1788609317228076941	1556	1	phase_loop[1555]	1788609317218210	9081	59994ef9ee6f4f54	4d7f96fbb5aadbda
1788609317238134519	1557	1	phase_loop[1556]	1788609317228270	9024	7c06819aa5bb99ff	4d7f96fbb5aadbda
1788609317248115341	1558	1	phase_loop[1557]	1788609317238343	8948	d7767e91bfeed6b2	4d7f96fbb5aadbda
1788609317258167529	1559	1	phase_loop[1558]	1788609317248311	8981	35e0127a7384fe96	4d7f96fbb5aadbda
1788609317268416832	1560	1	phase_loop[1559]	1788609317258390	8906	f9b7efefa7df5f84	4d7f96fbb5aadbda
1788609317278218975	1561	1	phase_loop[1560]	1788609317268705	8588	63ab82ee3e80a4c2	4d7f96fbb5aadbda
1788609317288229533	1562	1	phase_loop[1561]	1788609317278547	8746	5cf1607b9bd04cf2	4d7f96fbb5aadbda
1788609317299334160	1563	1	phase_loop[1562]	1788609317288441	8854	92e0f381ec1f214f	4d7f96fbb5aadbda
1788609317308093402	1564	1	phase_loop[1563]	1788609317299567	7724	8d545055d4d116ad	4d7f96fbb5aadbda
1788609317318429549	1565	1	phase_loop[1564]	1788609317308288	9004	38c3298c77e7b64b	4d7f96fbb5aadbda
1788609317328107417	1566	1	phase_loop[1565]	1788609317318653	8639	342766674d89e1b4	4d7f96fbb5aadbda
1788609317338288820	1567	1	phase_loop[1566]	1788609317328325	8966	a918af8eb7447023	4d7f96fbb5aadbda
1788609317348086735	1568	1	phase_loop[1567]	1788609317338543	8748	d279f8d137e6c2d8	4d7f96fbb5aadbda
1788609317358234674	1569	1	phase_loop[1568]	1788609317348319	8973	1f1e657962f25889	4d7f96fbb5aadbda
1788609317368201851	1570	1	phase_loop[1569]	1788609317358465	8828	9ed39c32eb069784	4d7f96fbb5aadbda
1788609317378103002	1571	1	phase_loop[1570]	1788609317368424	8867	89d904803e13ffe9	4d7f96fbb5aadbda
1788609317388082051	1572	1	phase_loop[1571]	1788609317378294	8998	0eb92f84358acc4b	4d7f96fbb5aadbda
1788609317398262222	1573	1	phase_loop[1572]	1788609317388273	9020	e390f280618b0dc3	4d7f96fbb5aadbda
1788609317408153514	1574	1	phase_loop[1573]	1788609317398528	8765	4387074111b68258	4d7f96fbb5aadbda
1788609317418002937	1575	1	phase_loop[1574]	1788609317408349	8942	fbe815b6c598b445	4d7f96fbb5aadbda
1788609317428112414	1576	1	phase_loop[1575]	1788609317418190	9102	86619deb7f4791f4	4d7f96fbb5aadbda
1788609317438242760	1577	1	phase_loop[1576]	1788609317428316	8976	b73c74ae32afb909	4d7f96fbb5aadbda
1788609317448098034	1578	1	phase_loop[1577]	1788609317438473	8820	d0c3d1fc873aae54	4d7f96fbb5aadbda
1788609317458194276	1579	1	phase_loop[1578]	1788609317448291	9004	a83bb43efc1339ff	4d7f96fbb5aadbda
1788609317469410554	1580	1	phase_loop[1579]	1788609317458418	8881	a1a8888c285e8866	4d7f96fbb5aadbda
1788609317478120373	1581	1	phase_loop[1580]	1788609317469637	7655	6af11bd1f8a02e69	4d7f96fbb5aadbda
1788609317489434457	1582	1	phase_loop[1581]	1788609317478328	8964	abb9d8a89ed9df3d	4d7f96fbb5aadbda
1788609317498544075	1583	1	phase_loop[1582]	1788609317489806	7498	79a34f2b4c550850	4d7f96fbb5aadbda
1788609317508381565	1584	1	phase_loop[1583]	1788609317499053	8247	4a7fa1ec7fbf74e1	4d7f96fbb5aadbda
1788609317518354072	1585	1	phase_loop[1584]	1788609317508632	8708	172d231ec79d5e37	4d7f96fbb5aadbda
1788609317528095309	1586	1	phase_loop[1585]	1788609317518656	8635	460040141e50b215	4d7f96fbb5aadbda
1788609317538098915	1587	1	phase_loop[1586]	1788609317528292	9000	eaeec0e34476e4b1	4d7f96fbb5aadbda
1788609317548088293	1588	1	phase_loop[1587]	1788609317538305	8987	e5758cc6e16528f1	4d7f96fbb5aadbda
1788609317558160930	1589	1	phase_loop[1588]	1788609317548279	9014	bfe483dba7f79121	4d7f96fbb5aadbda
1788609317568370446	1590	1	phase_loop[1589]	1788609317558383	8912	fdb305da57d84d03	4d7f96fbb5aadbda
1788609317578069784	1591	1	phase_loop[1590]	1788609317568600	8691	e226996ec217aa0d	4d7f96fbb5aadbda
1788609317587978750	1592	1	phase_loop[1591]	1788609317578265	9025	d14dc87aa36547d6	4d7f96fbb5aadbda
1788609317598183057	1593	1	phase_loop[1592]	1788609317588165	9129	a7c06acc5c6ed86b	4d7f96fbb5aadbda
1788609317608188767	1594	1	phase_loop[1593]	1788609317598418	8873	9ec4765e4dd153e5	4d7f96fbb5aadbda
1788609317618645072	1595	1	phase_loop[1594]	1788609317608515	8780	2c6436a2a00f1223	4d7f96fbb5aadbda
1788609317628098893	1596	1	phase_loop[1595]	1788609317618904	8388	b80f21ace3e82ee5	4d7f96fbb5aadbda
1788609317638075488	1597	1	phase_loop[1596]	1788609317628306	8986	c30efd4f629deb13	4d7f96fbb5aadbda
1788609317648161259	1598	1	phase_loop[1597]	1788609317638298	8993	f0af05ca7be882d8	4d7f96fbb5aadbda
1788609317658133295	1599	1	phase_loop[1598]	1788609317648365	8928	06d973d1bb1a7f34	4d7f96fbb5aadbda
1788609317668198277	1600	1	phase_loop[1599]	1788609317658355	8941	91e1586cbb63179e	4d7f96fbb5aadbda
1788609317678172747	1601	1	phase_loop[1600]	1788609317668442	8849	0c6a28c16ddf7ec7	4d7f96fbb5aadbda
1788609317688074269	1602	1	phase_loop[1601]	1788609317678389	8902	c796ad7348abb00b	4d7f96fbb5aadbda
1788609317698270020	1603	1	phase_loop[1602]	1788609317688267	9025	417a114cc4fd12fd	4d7f96fbb5aadbda
1788609317708140713	1604	1	phase_loop[1603]	1788609317698513	8780	7856980f7a0d4855	4d7f96fbb5aadbda
1788609317717954508	1605	1	phase_loop[1604]	1788609317708332	8957	f6b7cf998c131ffa	4d7f96fbb5aadbda
1788609317728080156	1606	1	phase_loop[1605]	1788609317718153	9139	a32c5a80980ccfe7	4d7f96fbb5aadbda
1788609317738289772	1607	1	phase_loop[1606]	1788609317728278	9014	01189953c2a86437	4d7f96fbb5aadbda
1788609317748233945	1608	1	phase_loop[1607]	1788609317738587	8707	84b14f9544cd5593	4d7f96fbb5aadbda
1788609317758204227	1609	1	phase_loop[1608]	1788609317748427	8865	5b615fb42975fbba	4d7f96fbb5aadbda
1788609317768864330	1610	1	phase_loop[1609]	1788609317758418	8875	7a6d4ccfbae053fd	4d7f96fbb5aadbda
1788609317778103764	1611	1	phase_loop[1610]	1788609317769140	8152	f70bb54579e4b5a6	4d7f96fbb5aadbda
1788609317787978445	1612	1	phase_loop[1611]	1788609317778294	8995	f128a02b090c8a0a	4d7f96fbb5aadbda
1788609317799481438	1613	1	phase_loop[1612]	1788609317788165	9130	04bc601154383520	4d7f96fbb5aadbda
1788609317808180737	1614	1	phase_loop[1613]	1788609317799714	7582	747a2cef92e45051	4d7f96fbb5aadbda
1788609317818102397	1615	1	phase_loop[1614]	1788609317808409	8883	2afdb578e2d63467	4d7f96fbb5aadbda
1788609317828185113	1616	1	phase_loop[1615]	1788609317818321	8971	f86993ae275b5a80	4d7f96fbb5aadbda
1788609317838121350	1617	1	phase_loop[1616]	1788609317828407	8884	8a083e98221d61a8	4d7f96fbb5aadbda
1788609317848114556	1618	1	phase_loop[1617]	1788609317838335	8998	f8a2738d0efe5bc5	4d7f96fbb5aadbda
1788609317858154180	1619	1	phase_loop[1618]	1788609317848309	8985	e12d241d87eba689	4d7f96fbb5aadbda
1788609317868259158	1620	1	phase_loop[1619]	1788609317858371	8924	15bf4a4bc9c173cd	4d7f96fbb5aadbda
1788609317878084475	1621	1	phase_loop[1620]	1788609317868496	8794	7a7fec8f68125c01	4d7f96fbb5aadbda
1788609317888019661	1622	1	phase_loop[1621]	1788609317878275	9014	93d07ea9bc84924c	4d7f96fbb5aadbda
1788609317898138295	1623	1	phase_loop[1622]	1788609317888214	9078	f2e67894514dee7d	4d7f96fbb5aadbda
1788609317908111212	1624	1	phase_loop[1623]	1788609317898369	8923	897fa36c517724d3	4d7f96fbb5aadbda
1788609317918137241	1625	1	phase_loop[1624]	1788609317908308	8984	26b69fb4be3f00fe	4d7f96fbb5aadbda
1788609317928073468	1626	1	phase_loop[1625]	1788609317918331	8961	e54e137e96d6257e	4d7f96fbb5aadbda
1788609317938376472	1627	1	phase_loop[1626]	1788609317928289	9003	ba467c92fab77ba0	4d7f96fbb5aadbda
1788609317948355702	1628	1	phase_loop[1627]	1788609317938620	8678	e077dc262bef1457	4d7f96fbb5aadbda
1788609317958858776	1629	1	phase_loop[1628]	1788609317948717	8587	3aed79f944e3dfcb	4d7f96fbb5aadbda
1788609317968160038	1630	1	phase_loop[1629]	1788609317959203	8091	ee2fdad5735b37bf	4d7f96fbb5aadbda
1788609317978545639	1631	1	phase_loop[1630]	1788609317968404	8889	44a491cadd10cc46	4d7f96fbb5aadbda
1788609317988127814	1632	1	phase_loop[1631]	1788609317978901	8390	994cb9d9306d8941	4d7f96fbb5aadbda
1788609317998296403	1633	1	phase_loop[1632]	1788609317988341	8951	28675ab93badb011	4d7f96fbb5aadbda
1788609318008138412	1634	1	phase_loop[1633]	1788609317998539	8755	6e34d9224f309417	4d7f96fbb5aadbda
1788609318018020446	1635	1	phase_loop[1634]	1788609318008334	8956	9b84a591ac80bea7	4d7f96fbb5aadbda
1788609318028068336	1636	1	phase_loop[1635]	1788609318018213	9079	6aebb7c1ea9c9978	4d7f96fbb5aadbda
1788609318038154728	1637	1	phase_loop[1636]	1788609318028265	9029	464870ac6638a36a	4d7f96fbb5aadbda
1788609318048096706	1638	1	phase_loop[1637]	1788609318038351	8941	f33e751b7c91ea66	4d7f96fbb5aadbda
1788609318058186155	1639	1	phase_loop[1638]	1788609318048290	9002	8cd33b37ca387db7	4d7f96fbb5aadbda
1788609318069709055	1640	1	phase_loop[1639]	1788609318058405	8887	f9f60a6431119d0e	4d7f96fbb5aadbda
1788609318078381142	1641	1	phase_loop[1640]	1788609318069984	7312	a2fb7aef736a3cae	4d7f96fbb5aadbda
1788609318088077484	1642	1	phase_loop[1641]	1788609318078632	8659	18ae78a827395583	4d7f96fbb5aadbda
1788609318099451011	1643	1	phase_loop[1642]	1788609318088266	9026	eafe667d4187208f	4d7f96fbb5aadbda
1788609318108301236	1644	1	phase_loop[1643]	1788609318099716	7577	e377049d501e3758	4d7f96fbb5aadbda
1788609318118071198	1645	1	phase_loop[1644]	1788609318108632	8660	9908c6db71ea5568	4d7f96fbb5aadbda
1788609318128234496	1646	1	phase_loop[1645]	1788609318118266	9029	b3dabad9488670f7	4d7f96fbb5aadbda
1788609318138150305	1647	1	phase_loop[1646]	1788609318128473	8819	fbb39d16765c8c46	4d7f96fbb5aadbda
1788609318148049262	1648	1	phase_loop[1647]	1788609318138400	8891	fc87dfbb2ae2c6ab	4d7f96fbb5aadbda
1788609318158158177	1649	1	phase_loop[1648]	1788609318148252	9041	fd3c9b7aa4e34e12	4d7f96fbb5aadbda
1788609318168194695	1650	1	phase_loop[1649]	1788609318158392	8906	8b6df323c2c02971	4d7f96fbb5aadbda
1788609318178547002	1651	1	phase_loop[1650]	1788609318168430	8949	0f03c7befbab95b0	4d7f96fbb5aadbda
1788609318188200824	1652	1	phase_loop[1651]	1788609318178765	8527	54dbf881aed585a0	4d7f96fbb5aadbda
1788609318198189420	1653	1	phase_loop[1652]	1788609318188450	8844	fad65daa57f310f6	4d7f96fbb5aadbda
1788609318208221480	1654	1	phase_loop[1653]	1788609318198420	8872	6c91cf63967148aa	4d7f96fbb5aadbda
1788609318218090921	1655	1	phase_loop[1654]	1788609318208420	8873	9c8107bd041611d8	4d7f96fbb5aadbda
1788609318228226647	1656	1	phase_loop[1655]	1788609318218279	9012	6f6e0c34596dbaf2	4d7f96fbb5aadbda
1788609318238203101	1657	1	phase_loop[1656]	1788609318228434	8858	c80f603effbe031b	4d7f96fbb5aadbda
1788609318247985416	1658	1	phase_loop[1657]	1788609318238434	8855	659fb1de6710aff5	4d7f96fbb5aadbda
1788609318258251640	1659	1	phase_loop[1658]	1788609318248172	9123	01c550ea56738a5b	4d7f96fbb5aadbda
1788609318268273059	1660	1	phase_loop[1659]	1788609318258493	8801	9c646624e31ccc71	4d7f96fbb5aadbda
1788609318278058921	1661	1	phase_loop[1660]	1788609318268512	8780	3f2687e32883c46d	4d7f96fbb5aadbda
1788609318288446916	1662	1	phase_loop[1661]	1788609318278295	8996	14a1a9f5a072666d	4d7f96fbb5aadbda
1788609318298204344	1663	1	phase_loop[1662]	1788609318288757	8534	8bd59f6a6e377364	4d7f96fbb5aadbda
1788609318308104032	1664	1	phase_loop[1663]	1788609318298458	8832	93b97cc5fc118aa7	4d7f96fbb5aadbda
1788609318318086177	1665	1	phase_loop[1664]	1788609318308303	8989	6b8d0575023ecdcd	4d7f96fbb5aadbda
1788609318328026302	1666	1	phase_loop[1665]	1788609318318286	9004	2d54fd6bdd5aa82c	4d7f96fbb5aadbda
1788609318338092887	1667	1	phase_loop[1666]	1788609318328214	9077	956d7c9ef4b2915b	4d7f96fbb5aadbda
1788609318348333903	1668	1	phase_loop[1667]	1788609318338286	9025	f3aaba02c2682f7f	4d7f96fbb5aadbda
1788609318358292703	1669	1	phase_loop[1668]	1788609318348622	8671	9a003653679ef0a9	4d7f96fbb5aadbda
1788609318368225083	1670	1	phase_loop[1669]	1788609318358560	8732	4715778fc378c089	4d7f96fbb5aadbda
1788609318378109061	1671	1	phase_loop[1670]	1788609318368461	8832	449cde39740aa6bb	4d7f96fbb5aadbda
1788609318388002498	1672	1	phase_loop[1671]	1788609318378301	8988	45fec45903bccd57	4d7f96fbb5aadbda
1788609318399354203	1673	1	phase_loop[1672]	1788609318388185	9108	4c3a8eb3e6848a62	4d7f96fbb5aadbda
1788609318408225037	1674	1	phase_loop[1673]	1788609318399605	7688	105d85b7a0d72904	4d7f96fbb5aadbda
1788609318418360814	1675	1	phase_loop[1674]	1788609318408465	8831	f1ff98157a7b0126	4d7f96fbb5aadbda
1788609318428095498	1676	1	phase_loop[1675]	1788609318418616	8675	711db183d05c7b11	4d7f96fbb5aadbda
1788609318438133519	1677	1	phase_loop[1676]	1788609318428317	8976	6e370a7943f38426	4d7f96fbb5aadbda
1788609318448335501	1678	1	phase_loop[1677]	1788609318438350	8941	a0aa858a8cd8c77d	4d7f96fbb5aadbda
1788609318458171248	1679	1	phase_loop[1678]	1788609318448594	8699	2dae81ce0c5007b9	4d7f96fbb5aadbda
1788609318468230539	1680	1	phase_loop[1679]	1788609318458409	8886	9e63542e1adb0c85	4d7f96fbb5aadbda
1788609318478115319	1681	1	phase_loop[1680]	1788609318468454	8838	b8ba8ae528a4a6d5	4d7f96fbb5aadbda
1788609318488008013	1682	1	phase_loop[1681]	1788609318478314	8976	e5983709eaeb369f	4d7f96fbb5aadbda
1788609318498181561	1683	1	phase_loop[1682]	1788609318488192	9099	89389894f12b20f4	4d7f96fbb5aadbda
1788609318508166411	1684	1	phase_loop[1683]	1788609318498413	8926	efa6067a9fb1e45d	4d7f96fbb5aadbda
1788609318518162222	1685	1	phase_loop[1684]	1788609318508363	8933	1245c0c1240ff160	4d7f96fbb5aadbda
1788609318528350327	1686	1	phase_loop[1685]	1788609318518354	8939	ce5d86810f9151b9	4d7f96fbb5aadbda
1788609318538070284	1687	1	phase_loop[1686]	1788609318528574	8719	827a05d160babfca	4d7f96fbb5aadbda
1788609318548097775	1688	1	phase_loop[1687]	1788609318538273	9018	c18647a593152d99	4d7f96fbb5aadbda
1788609318558144412	1689	1	phase_loop[1688]	1788609318548286	9007	e8e673809ebee4de	4d7f96fbb5aadbda
1788609318568205376	1690	1	phase_loop[1689]	1788609318558363	8930	ea3ea5432977917f	4d7f96fbb5aadbda
1788609318578139239	1691	1	phase_loop[1690]	1788609318568443	8849	a6880af51399ec51	4d7f96fbb5aadbda
1788609318588155308	1692	1	phase_loop[1691]	1788609318578335	8957	1fe7eb8d6b5eb81d	4d7f96fbb5aadbda
1788609318598571617	1693	1	phase_loop[1692]	1788609318588382	8910	21e1e3880860c245	4d7f96fbb5aadbda
1788609318609162348	1694	1	phase_loop[1693]	1788609318598793	8498	4663f75ca2d7d0dd	4d7f96fbb5aadbda
1788609318618199227	1695	1	phase_loop[1694]	1788609318609409	7883	e421d63b55b4498b	4d7f96fbb5aadbda
1788609318628722469	1696	1	phase_loop[1695]	1788609318618407	8892	fc29145d087cc6b4	4d7f96fbb5aadbda
1788609318639088142	1697	1	phase_loop[1696]	1788609318629059	8235	346a58298921e276	4d7f96fbb5aadbda
1788609318648297239	1698	1	phase_loop[1697]	1788609318639530	7768	d1699257cf2629a6	4d7f96fbb5aadbda
1788609318658334669	1699	1	phase_loop[1698]	1788609318648557	8736	c665c3d98c29e0f6	4d7f96fbb5aadbda
1788609318670405970	1700	1	phase_loop[1699]	1788609318658586	8707	f15618d626cc4ad8	4d7f96fbb5aadbda
1788609318678370173	1701	1	phase_loop[1700]	1788609318670640	6659	62fc45db41daf74a	4d7f96fbb5aadbda
1788609318691526064	1702	1	phase_loop[1701]	1788609318678693	8598	4d930205681b5247	4d7f96fbb5aadbda
1788609318699283705	1703	1	phase_loop[1702]	1788609318691778	5513	83c0efa7347944d9	4d7f96fbb5aadbda
1788609318708202981	1704	1	phase_loop[1703]	1788609318699529	7761	399064cd68deece5	4d7f96fbb5aadbda
1788609318718064567	1705	1	phase_loop[1704]	1788609318708408	8882	c1a49a617ea0741e	4d7f96fbb5aadbda
1788609318728479443	1706	1	phase_loop[1705]	1788609318718254	9040	1986b4bca2fb2744	4d7f96fbb5aadbda
1788609318738377829	1707	1	phase_loop[1706]	1788609318728828	8465	e7b8428f84eaa2e0	4d7f96fbb5aadbda
1788609318748116972	1708	1	phase_loop[1707]	1788609318738644	8647	e59c600a59a9decc	4d7f96fbb5aadbda
1788609318758341597	1709	1	phase_loop[1708]	1788609318748333	8960	ff5f92eaf0bb4311	4d7f96fbb5aadbda
1788609318768526787	1710	1	phase_loop[1709]	1788609318758621	8671	0edea609a679e278	4d7f96fbb5aadbda
1788609318778098472	1711	1	phase_loop[1710]	1788609318768820	8473	2419e6f20f7a2e7f	4d7f96fbb5aadbda
1788609318788007148	1712	1	phase_loop[1711]	1788609318778297	8992	3b4a578ff3573331	4d7f96fbb5aadbda
1788609318798295965	1713	1	phase_loop[1712]	1788609318788214	9082	48de450b6df70eba	4d7f96fbb5aadbda
1788609318808109098	1714	1	phase_loop[1713]	1788609318798536	8756	cdce60ee860eb482	4d7f96fbb5aadbda
1788609318818091042	1715	1	phase_loop[1714]	1788609318808307	8984	58aa8df110c06e00	4d7f96fbb5aadbda
1788609318828079429	1716	1	phase_loop[1715]	1788609318818286	9004	71949574f68e4539	4d7f96fbb5aadbda
1788609318838277934	1717	1	phase_loop[1716]	1788609318828276	9062	750541a44ada5e42	4d7f96fbb5aadbda
1788609318848416456	1718	1	phase_loop[1717]	1788609318838491	8809	283e7d79a21f5392	4d7f96fbb5aadbda
1788609318858355449	1719	1	phase_loop[1718]	1788609318848747	8545	9104b35f4a75462b	4d7f96fbb5aadbda
1788609318868209580	1720	1	phase_loop[1719]	1788609318858694	8600	6a9073317535726a	4d7f96fbb5aadbda
1788609318878074953	1721	1	phase_loop[1720]	1788609318868443	8847	fcb12397ad965b72	4d7f96fbb5aadbda
1788609318887968970	1722	1	phase_loop[1721]	1788609318878265	9023	eb4f294323eac141	4d7f96fbb5aadbda
1788609318898181893	1723	1	phase_loop[1722]	1788609318888156	9135	3481230ed1e6a206	4d7f96fbb5aadbda
1788609318908088084	1724	1	phase_loop[1723]	1788609318898417	8873	8610d2432a7501af	4d7f96fbb5aadbda
1788609318918145722	1725	1	phase_loop[1724]	1788609318908276	9015	1dc9b09fe166d719	4d7f96fbb5aadbda
1788609318928132796	1726	1	phase_loop[1725]	1788609318918376	8916	1a7e987c9bd6f311	4d7f96fbb5aadbda
1788609318938205753	1727	1	phase_loop[1726]	1788609318928377	8915	c1174471d94b4c6b	4d7f96fbb5aadbda
1788609318948430057	1728	1	phase_loop[1727]	1788609318938528	8770	24e6bf4ec0e718e7	4d7f96fbb5aadbda
1788609318958472656	1729	1	phase_loop[1728]	1788609318948755	8541	431499f6d00802a1	4d7f96fbb5aadbda
1788609318968345463	1730	1	phase_loop[1729]	1788609318958828	8465	759a0f37640cc29b	4d7f96fbb5aadbda
1788609318978285979	1731	1	phase_loop[1730]	1788609318968587	8711	3c9b1dd830dc4c63	4d7f96fbb5aadbda
1788609318988153957	1732	1	phase_loop[1731]	1788609318978502	8791	106b74c8b7286719	4d7f96fbb5aadbda
1788609318998413368	1733	1	phase_loop[1732]	1788609318988353	8939	c8bdbf499535f6ee	4d7f96fbb5aadbda
1788609319008186846	1734	1	phase_loop[1733]	1788609318998740	8552	d88def39eaadb219	4d7f96fbb5aadbda
1788609319018050255	1735	1	phase_loop[1734]	1788609319008422	8868	5657b88a9e1e2165	4d7f96fbb5aadbda
1788609319028109526	1736	1	phase_loop[1735]	1788609319018248	9044	80971abee85e9980	4d7f96fbb5aadbda
1788609319038088825	1737	1	phase_loop[1736]	1788609319028307	8985	5529884a38f93acb	4d7f96fbb5aadbda
1788609319048051482	1738	1	phase_loop[1737]	1788609319038293	8998	a9e3814720947c5e	4d7f96fbb5aadbda
1788609319058137784	1739	1	phase_loop[1738]	1788609319048240	9053	0279be437146632f	4d7f96fbb5aadbda
1788609319069099429	1740	1	phase_loop[1739]	1788609319058362	8929	c54fd26228a40ac1	4d7f96fbb5aadbda
1788609319078391002	1741	1	phase_loop[1740]	1788609319069311	7983	eec5e7b8b16e49d9	4d7f96fbb5aadbda
1788609319088096982	1742	1	phase_loop[1741]	1788609319078636	8656	bd7d7911208a704c	4d7f96fbb5aadbda
1788609319098233038	1743	1	phase_loop[1742]	1788609319088315	8979	79bedbd7b59f33fc	4d7f96fbb5aadbda
1788609319108121936	1744	1	phase_loop[1743]	1788609319098465	8825	449fc9268998b99f	4d7f96fbb5aadbda
1788609319118062912	1745	1	phase_loop[1744]	1788609319108333	8957	4e50920bb0b5197e	4d7f96fbb5aadbda
1788609319128098428	1746	1	phase_loop[1745]	1788609319118250	9041	0b91c9a6604cfda5	4d7f96fbb5aadbda
1788609319138172346	1747	1	phase_loop[1746]	1788609319128299	8993	ea24928ab216cc0f	4d7f96fbb5aadbda
1788609319148084638	1748	1	phase_loop[1747]	1788609319138375	8915	e16e4fe7884ee319	4d7f96fbb5aadbda
1788609319158134511	1749	1	phase_loop[1748]	1788609319148281	9013	80a059269e1ddb74	4d7f96fbb5aadbda
1788609319168461330	1750	1	phase_loop[1749]	1788609319158357	9008	7956d8ecfd336a1e	4d7f96fbb5aadbda
1788609319178409911	1751	1	phase_loop[1750]	1788609319168696	8605	9ec20cb0a2e88358	4d7f96fbb5aadbda
1788609319188163411	1752	1	phase_loop[1751]	1788609319178733	8559	4fbe4fca479b233d	4d7f96fbb5aadbda
1788609319198190661	1753	1	phase_loop[1752]	1788609319188382	8910	e14d754c0fc40715	4d7f96fbb5aadbda
1788609319208120386	1754	1	phase_loop[1753]	1788609319198431	8860	6302e227624c093c	4d7f96fbb5aadbda
1788609319218121065	1755	1	phase_loop[1754]	1788609319208318	8975	35bff3c009cc6b2f	4d7f96fbb5aadbda
1788609319228063494	1756	1	phase_loop[1755]	1788609319218327	8965	a1aaccb926265824	4d7f96fbb5aadbda
1788609319238410852	1757	1	phase_loop[1756]	1788609319228257	9038	ea26afa8bb4dccf8	4d7f96fbb5aadbda
1788609319248143252	1758	1	phase_loop[1757]	1788609319238657	8635	15835aaf3f4ddfc1	4d7f96fbb5aadbda
1788609319258253780	1759	1	phase_loop[1758]	1788609319248347	8946	b41e3e7a8544bf66	4d7f96fbb5aadbda
1788609319268277474	1760	1	phase_loop[1759]	1788609319258507	8787	f9ca5768fe738642	4d7f96fbb5aadbda
1788609319278157244	1761	1	phase_loop[1760]	1788609319268512	8779	1c9edfc1297b881e	4d7f96fbb5aadbda
1788609319288080637	1762	1	phase_loop[1761]	1788609319278356	8934	13849534733036dd	4d7f96fbb5aadbda
1788609319298283410	1763	1	phase_loop[1762]	1788609319288330	8966	28a36f3e92574c70	4d7f96fbb5aadbda
1788609319308555034	1764	1	phase_loop[1763]	1788609319298567	8729	cacecb1f22c95ab9	4d7f96fbb5aadbda
1788609319318140335	1765	1	phase_loop[1764]	1788609319308845	8446	364ad97128062f02	4d7f96fbb5aadbda
1788609319328097512	1766	1	phase_loop[1765]	1788609319318334	8957	22344496692ce4d7	4d7f96fbb5aadbda
1788609319338145882	1767	1	phase_loop[1766]	1788609319328297	8995	111f8eba4620bcc0	4d7f96fbb5aadbda
1788609319347980586	1768	1	phase_loop[1767]	1788609319338397	8892	cc3c6a197c9ca4b5	4d7f96fbb5aadbda
1788609319358221181	1769	1	phase_loop[1768]	1788609319348167	9126	b827cde29a0552d5	4d7f96fbb5aadbda
1788609319368170894	1770	1	phase_loop[1769]	1788609319358461	8832	117e10fd002aa9dd	4d7f96fbb5aadbda
1788609319378136687	1771	1	phase_loop[1770]	1788609319368440	8853	9a34855eed2ec835	4d7f96fbb5aadbda
1788609319388132287	1772	1	phase_loop[1771]	1788609319378327	8965	c35c4bbd3c8ea056	4d7f96fbb5aadbda
1788609319398268895	1773	1	phase_loop[1772]	1788609319388356	8938	cf1e7d1b7543a89b	4d7f96fbb5aadbda
1788609319408386697	1774	1	phase_loop[1773]	1788609319398512	8783	c8f5c96a95046965	4d7f96fbb5aadbda
1788609319418384852	1775	1	phase_loop[1774]	1788609319408707	8586	ffb48775091a3592	4d7f96fbb5aadbda
1788609319428191373	1776	1	phase_loop[1775]	1788609319418644	8648	ad73ccd9d20590eb	4d7f96fbb5aadbda
1788609319438196571	1777	1	phase_loop[1776]	1788609319428397	8895	ec47d3d7d6f79f5b	4d7f96fbb5aadbda
1788609319448161342	1778	1	phase_loop[1777]	1788609319438422	8868	4196c6195cfae476	4d7f96fbb5aadbda
1788609319458315844	1779	1	phase_loop[1778]	1788609319448409	8883	f4fe7d79b84d9132	4d7f96fbb5aadbda
1788609319468275606	1780	1	phase_loop[1779]	1788609319458553	8741	203b534a1e52bd69	4d7f96fbb5aadbda
1788609319478134406	1781	1	phase_loop[1780]	1788609319468514	8776	c0bb95d53c2c6b0b	4d7f96fbb5aadbda
1788609319488070263	1782	1	phase_loop[1781]	1788609319478328	8962	10854a13ff3cc7c0	4d7f96fbb5aadbda
1788609319498330876	1783	1	phase_loop[1782]	1788609319488266	9089	1211dad047018117	4d7f96fbb5aadbda
1788609319508085899	1784	1	phase_loop[1783]	1788609319498628	8665	13806fc6b89d2bd8	4d7f96fbb5aadbda
1788609319518213519	1785	1	phase_loop[1784]	1788609319508286	9015	9abe4d2cdcd3c62c	4d7f96fbb5aadbda
1788609319528214019	1786	1	phase_loop[1785]	1788609319518438	8856	e3cf36ce0f7bf62e	4d7f96fbb5aadbda
1788609319540467867	1787	1	phase_loop[1786]	1788609319528452	8845	ab2b6a0f57cd19b4	4d7f96fbb5aadbda
1788609319547964071	1788	1	phase_loop[1787]	1788609319540718	6572	a747997d3662080d	4d7f96fbb5aadbda
1788609319558449902	1789	1	phase_loop[1788]	1788609319548146	9150	7052f523ec3c6783	4d7f96fbb5aadbda
1788609319568376821	1790	1	phase_loop[1789]	1788609319558713	8579	1eb7f94c749e7050	4d7f96fbb5aadbda
1788609319578072592	1791	1	phase_loop[1790]	1788609319568687	8604	0774b5ab85741bc3	4d7f96fbb5aadbda
1788609319587956720	1792	1	phase_loop[1791]	1788609319578263	9026	b5080dc29190bb48	4d7f96fbb5aadbda
1788609319598283248	1793	1	phase_loop[1792]	1788609319588147	9146	46d123ef993942c0	4d7f96fbb5aadbda
1788609319608131969	1794	1	phase_loop[1793]	1788609319598525	8767	57042e2a782a292e	4d7f96fbb5aadbda
1788609319617989868	1795	1	phase_loop[1794]	1788609319608328	8961	952c8034def2be3c	4d7f96fbb5aadbda
1788609319628463014	1796	1	phase_loop[1795]	1788609319618177	9123	75e1d8521188ac4a	4d7f96fbb5aadbda
1788609319638254086	1797	1	phase_loop[1796]	1788609319628793	8505	7684364fe02beafc	4d7f96fbb5aadbda
1788609319648211333	1798	1	phase_loop[1797]	1788609319638492	8803	d46213724b04e8aa	4d7f96fbb5aadbda
1788609319658126049	1799	1	phase_loop[1798]	1788609319648463	8830	50f96a21d77e269e	4d7f96fbb5aadbda
1788609319668263058	1800	1	phase_loop[1799]	1788609319658347	8945	74f642ed2346d9b9	4d7f96fbb5aadbda
1788609319678104806	1801	1	phase_loop[1800]	1788609319668551	8740	9370b5b1dbfc3fb0	4d7f96fbb5aadbda
1788609319688080909	1802	1	phase_loop[1801]	1788609319678297	8996	8916b9af3a7b6f04	4d7f96fbb5aadbda
1788609319698206636	1803	1	phase_loop[1802]	1788609319688268	9027	4884ac86913396e5	4d7f96fbb5aadbda
1788609319708103568	1804	1	phase_loop[1803]	1788609319698441	8850	5a54c3a071acbe7f	4d7f96fbb5aadbda
1788609319717974612	1805	1	phase_loop[1804]	1788609319708299	8990	383263e23791e2d1	4d7f96fbb5aadbda
1788609319728599086	1806	1	phase_loop[1805]	1788609319718162	9131	2942796bb6629329	4d7f96fbb5aadbda
1788609319738121647	1807	1	phase_loop[1806]	1788609319728823	8469	1ac10c7c4d06a0f3	4d7f96fbb5aadbda
1788609319748360469	1808	1	phase_loop[1807]	1788609319738347	8949	27cf06616487d625	4d7f96fbb5aadbda
1788609319758592157	1809	1	phase_loop[1808]	1788609319748606	8694	a044039fe261fc5a	4d7f96fbb5aadbda
1788609319768407746	1810	1	phase_loop[1809]	1788609319758839	8454	ba63f7b33965d666	4d7f96fbb5aadbda
1788609319778129115	1811	1	phase_loop[1810]	1788609319768649	8644	dbdc5a475dbca7dc	4d7f96fbb5aadbda
1788609319787948490	1812	1	phase_loop[1811]	1788609319778325	8964	7b38aafaec4f77f2	4d7f96fbb5aadbda
1788609319798252195	1813	1	phase_loop[1812]	1788609319788197	9099	341d95ce29e71bf4	4d7f96fbb5aadbda
1788609319808164006	1814	1	phase_loop[1813]	1788609319798493	8799	cbeafef7942220f4	4d7f96fbb5aadbda
1788609319818099371	1815	1	phase_loop[1814]	1788609319808361	8930	7fd8bedfb205dd54	4d7f96fbb5aadbda
1788609319828113927	1816	1	phase_loop[1815]	1788609319818290	9044	11e7cfebebfe089e	4d7f96fbb5aadbda
1788609319838169461	1817	1	phase_loop[1816]	1788609319828314	8979	e8c16d5edf459c83	4d7f96fbb5aadbda
1788609319848274278	1818	1	phase_loop[1817]	1788609319838383	8914	53059ca11a598d6f	4d7f96fbb5aadbda
1788609319858312219	1819	1	phase_loop[1818]	1788609319848487	8809	4fbf694e0582201c	4d7f96fbb5aadbda
1788609319868252544	1820	1	phase_loop[1819]	1788609319858562	8730	fc72ee6c66d60127	4d7f96fbb5aadbda
1788609319878087138	1821	1	phase_loop[1820]	1788609319868489	8804	4bb6f7450aac290c	4d7f96fbb5aadbda
1788609319888037552	1822	1	phase_loop[1821]	1788609319878314	8976	3b4bd09984506db4	4d7f96fbb5aadbda
1788609319898353250	1823	1	phase_loop[1822]	1788609319888234	9059	cc7ba8a6507cdeac	4d7f96fbb5aadbda
1788609319908218352	1824	1	phase_loop[1823]	1788609319898625	8668	64c0e27a05fc233e	4d7f96fbb5aadbda
1788609319918182592	1825	1	phase_loop[1824]	1788609319908492	8799	3a04224fccd099d9	4d7f96fbb5aadbda
1788609319928206676	1826	1	phase_loop[1825]	1788609319918401	8892	02fe54d1006cb49d	4d7f96fbb5aadbda
1788609319938160196	1827	1	phase_loop[1826]	1788609319928458	8834	14dceeca0d3532aa	4d7f96fbb5aadbda
1788609319948409408	1828	1	phase_loop[1827]	1788609319938404	8894	0ff4648763c4580c	4d7f96fbb5aadbda
1788609319959307832	1829	1	phase_loop[1828]	1788609319948645	8649	4c2f47e4570a10eb	4d7f96fbb5aadbda
1788609319968544140	1830	1	phase_loop[1829]	1788609319959609	7682	b67c514f54bdf3b4	4d7f96fbb5aadbda
1788609319978320554	1831	1	phase_loop[1830]	1788609319968782	8514	b7cd9ba0edc5c905	4d7f96fbb5aadbda
1788609319988089554	1832	1	phase_loop[1831]	1788609319978553	8739	0ed33366bb96feaa	4d7f96fbb5aadbda
1788609319998409620	1833	1	phase_loop[1832]	1788609319988287	9009	fb3963df4526679c	4d7f96fbb5aadbda
1788609320008117664	1834	1	phase_loop[1833]	1788609319998726	8565	75ff102903e51cd3	4d7f96fbb5aadbda
1788609320018039122	1835	1	phase_loop[1834]	1788609320008321	8970	ed19ba2a03d3c55d	4d7f96fbb5aadbda
1788609320028178856	1836	1	phase_loop[1835]	1788609320018227	9065	d24c5ea7b46c7409	4d7f96fbb5aadbda
1788609320038199263	1837	1	phase_loop[1836]	1788609320028434	8859	5e75bcc2d8a81b2b	4d7f96fbb5aadbda
1788609320048178601	1838	1	phase_loop[1837]	1788609320038402	8893	f688438688bf1a7f	4d7f96fbb5aadbda
1788609320058159974	1839	1	phase_loop[1838]	1788609320048406	8886	29ecc7601c6998e7	4d7f96fbb5aadbda
1788609320068229775	1840	1	phase_loop[1839]	1788609320058403	8890	1d1fbdfe65e53c34	4d7f96fbb5aadbda
1788609320078443559	1841	1	phase_loop[1840]	1788609320068440	8865	24f640df8db5f4de	4d7f96fbb5aadbda
1788609320088311115	1842	1	phase_loop[1841]	1788609320078773	8521	637c7b5863d3b89d	4d7f96fbb5aadbda
1788609320098238916	1843	1	phase_loop[1842]	1788609320088535	8757	b993c79576c45509	4d7f96fbb5aadbda
1788609320108085703	1844	1	phase_loop[1843]	1788609320098480	8813	878d4ce753d149bd	4d7f96fbb5aadbda
1788609320118065002	1845	1	phase_loop[1844]	1788609320108276	9015	62b4ebc2cef92afb	4d7f96fbb5aadbda
1788609320128089687	1846	1	phase_loop[1845]	1788609320118258	9034	c618042176abbd97	4d7f96fbb5aadbda
1788609320138159608	1847	1	phase_loop[1846]	1788609320128295	8997	203c57a3a1643586	4d7f96fbb5aadbda
1788609320148102477	1848	1	phase_loop[1847]	1788609320138386	8904	af9d9c5de8d8c72b	4d7f96fbb5aadbda
1788609320158180403	1849	1	phase_loop[1848]	1788609320148303	9045	d015523228b170f6	4d7f96fbb5aadbda
1788609320168157398	1850	1	phase_loop[1849]	1788609320158401	8893	2c15963fd6b6575f	4d7f96fbb5aadbda
1788609320178177795	1851	1	phase_loop[1850]	1788609320168390	8904	097024baea81fd14	4d7f96fbb5aadbda
1788609320188275658	1852	1	phase_loop[1851]	1788609320178383	8908	8ab4d9202b6a8518	4d7f96fbb5aadbda
1788609320199189211	1853	1	phase_loop[1852]	1788609320188611	8682	4f2ae73691e91a09	4d7f96fbb5aadbda
1788609320208255677	1854	1	phase_loop[1853]	1788609320199433	7860	ea4bccbfaaec4415	4d7f96fbb5aadbda
1788609320218084500	1855	1	phase_loop[1854]	1788609320208491	8801	5d486e0156688453	4d7f96fbb5aadbda
1788609320228072906	1856	1	phase_loop[1855]	1788609320218319	8974	715bacd0a9e8dea1	4d7f96fbb5aadbda
1788609320238183183	1857	1	phase_loop[1856]	1788609320228275	9019	75fc7c1be7a7595f	4d7f96fbb5aadbda
1788609320247912287	1858	1	phase_loop[1857]	1788609320238393	8895	27d363d62b9362ea	4d7f96fbb5aadbda
1788609320258267740	1859	1	phase_loop[1858]	1788609320248095	9197	46e1cec218cf36bf	4d7f96fbb5aadbda
1788609320268100089	1860	1	phase_loop[1859]	1788609320258487	8806	56060cd8a4cfc73a	4d7f96fbb5aadbda
1788609320278099977	1861	1	phase_loop[1860]	1788609320268332	8968	e68b4d0fbfadaef7	4d7f96fbb5aadbda
1788609320288124592	1862	1	phase_loop[1861]	1788609320278298	8993	1ac56d173fd91aeb	4d7f96fbb5aadbda
1788609320298287089	1863	1	phase_loop[1862]	1788609320288323	8970	585a0e464264e4cd	4d7f96fbb5aadbda
1788609320308111493	1864	1	phase_loop[1863]	1788609320298520	8773	a2716e06b94b35c7	4d7f96fbb5aadbda
1788609320318303977	1865	1	phase_loop[1864]	1788609320308345	8947	6ba3551ae5a43358	4d7f96fbb5aadbda
1788609320328086822	1866	1	phase_loop[1865]	1788609320318686	8605	02070a5812978365	4d7f96fbb5aadbda
1788609320338110305	1867	1	phase_loop[1866]	1788609320328285	9008	a26a71b538a9c25d	4d7f96fbb5aadbda
1788609320348118208	1868	1	phase_loop[1867]	1788609320338316	8977	5c5e84dae405136f	4d7f96fbb5aadbda
1788609320358164384	1869	1	phase_loop[1868]	1788609320348337	8956	44fd9a9eae16ba75	4d7f96fbb5aadbda
1788609320368635937	1870	1	phase_loop[1869]	1788609320358387	8905	8c1efe4b26111ef1	4d7f96fbb5aadbda
1788609320378449942	1871	1	phase_loop[1870]	1788609320369010	8289	6689c1ec7b7eb413	4d7f96fbb5aadbda
1788609320388065811	1872	1	phase_loop[1871]	1788609320378683	8608	3215bdfb5642d0af	4d7f96fbb5aadbda
1788609320398245731	1873	1	phase_loop[1872]	1788609320388269	9023	2adfc43e0aec25de	4d7f96fbb5aadbda
1788609320408103348	1874	1	phase_loop[1873]	1788609320398477	8815	7796507cd740d442	4d7f96fbb5aadbda
1788609320418383348	1875	1	phase_loop[1874]	1788609320408296	8998	e721476cc6648f67	4d7f96fbb5aadbda
1788609320428366644	1876	1	phase_loop[1875]	1788609320418708	8584	6b8d85a0014b0109	4d7f96fbb5aadbda
1788609320438699374	1877	1	phase_loop[1876]	1788609320428637	8668	217037a03ce33b3e	4d7f96fbb5aadbda
1788609320448147755	1878	1	phase_loop[1877]	1788609320439094	8199	b76c12908198eab3	4d7f96fbb5aadbda
1788609320458126643	1879	1	phase_loop[1878]	1788609320448346	8947	9626ee7e4aeb7e57	4d7f96fbb5aadbda
1788609320468198337	1880	1	phase_loop[1879]	1788609320458338	8957	101b3ff67906cce2	4d7f96fbb5aadbda
1788609320478083417	1881	1	phase_loop[1880]	1788609320468421	8871	9b5c2223f7258d20	4d7f96fbb5aadbda
1788609320488019874	1882	1	phase_loop[1881]	1788609320478278	9047	7e6c6d905f32bc02	4d7f96fbb5aadbda
1788609320499056260	1883	1	phase_loop[1882]	1788609320488218	9076	694ffbb9b28aa6ec	4d7f96fbb5aadbda
1788609320508094652	1884	1	phase_loop[1883]	1788609320499290	8003	24ef63a0f27ca2b9	4d7f96fbb5aadbda
1788609320518385693	1885	1	phase_loop[1884]	1788609320508287	9010	b3d40236a7bd5e2f	4d7f96fbb5aadbda
1788609320528361896	1886	1	phase_loop[1885]	1788609320518610	8683	6f47576f1f2b6cfe	4d7f96fbb5aadbda
1788609320538160662	1887	1	phase_loop[1886]	1788609320528652	8642	bd84184cd36d9000	4d7f96fbb5aadbda
1788609320548166371	1888	1	phase_loop[1887]	1788609320538388	8904	99aaa985915f3b72	4d7f96fbb5aadbda
1788609320558196406	1889	1	phase_loop[1888]	1788609320548368	8923	e1c4c3480ae17c63	4d7f96fbb5aadbda
1788609320568422152	1890	1	phase_loop[1889]	1788609320558422	8871	f480de52929374d8	4d7f96fbb5aadbda
1788609320578105349	1891	1	phase_loop[1890]	1788609320568755	8536	4c7d02f7f327e2a9	4d7f96fbb5aadbda
1788609320588098644	1892	1	phase_loop[1891]	1788609320578301	8991	28ded950d2f47fa8	4d7f96fbb5aadbda
1788609320598308962	1893	1	phase_loop[1892]	1788609320588290	9005	77127fbf0735a2f4	4d7f96fbb5aadbda
1788609320608104862	1894	1	phase_loop[1893]	1788609320598547	8745	c08d74979f330d03	4d7f96fbb5aadbda
1788609320618039085	1895	1	phase_loop[1894]	1788609320608315	8981	4a91813b3ef74a93	4d7f96fbb5aadbda
1788609320628491272	1896	1	phase_loop[1895]	1788609320618224	9070	8baf36361c93e1a0	4d7f96fbb5aadbda
1788609320638421878	1897	1	phase_loop[1896]	1788609320628833	8459	47ecd44a14d3bc2e	4d7f96fbb5aadbda
1788609320648320063	1898	1	phase_loop[1897]	1788609320638685	8619	def734e8411a461c	4d7f96fbb5aadbda
1788609320658110353	1899	1	phase_loop[1898]	1788609320648548	8745	a413302e098dcb5b	4d7f96fbb5aadbda
1788609320668926851	1900	1	phase_loop[1899]	1788609320658359	8934	19dcfb7cf64889d6	4d7f96fbb5aadbda
1788609320678135988	1901	1	phase_loop[1900]	1788609320669165	8127	3240fdd460b066ff	4d7f96fbb5aadbda
1788609320688269269	1902	1	phase_loop[1901]	1788609320678341	8953	c9834943130e1bae	4d7f96fbb5aadbda
1788609320698371841	1903	1	phase_loop[1902]	1788609320688518	8775	4cacb10767f81d9e	4d7f96fbb5aadbda
1788609320708212427	1904	1	phase_loop[1903]	1788609320698601	8692	6657e187901fdee1	4d7f96fbb5aadbda
1788609320718093209	1905	1	phase_loop[1904]	1788609320708439	8852	b1d4f40ffa54fcc7	4d7f96fbb5aadbda
1788609320728160274	1906	1	phase_loop[1905]	1788609320718303	8989	7b007873bc96622d	4d7f96fbb5aadbda
1788609320738346906	1907	1	phase_loop[1906]	1788609320728439	8855	5d26e5e77beb1de4	4d7f96fbb5aadbda
1788609320748197220	1908	1	phase_loop[1907]	1788609320738607	8687	563008c66f3a0519	4d7f96fbb5aadbda
1788609320758621905	1909	1	phase_loop[1908]	1788609320748416	8880	3b0b65c15575db76	4d7f96fbb5aadbda
1788609320768550888	1910	1	phase_loop[1909]	1788609320758876	8417	70b6bd7a330ceb25	4d7f96fbb5aadbda
1788609320778078980	1911	1	phase_loop[1910]	1788609320768792	8500	818f13fd5e1aef89	4d7f96fbb5aadbda
1788609320788124234	1912	1	phase_loop[1911]	1788609320778277	9016	3255ecccce09a53d	4d7f96fbb5aadbda
1788609320798348548	1913	1	phase_loop[1912]	1788609320788338	8954	eb57c28729983583	4d7f96fbb5aadbda
1788609320808084825	1914	1	phase_loop[1913]	1788609320798561	8731	7352b157965b172d	4d7f96fbb5aadbda
1788609320818139206	1915	1	phase_loop[1914]	1788609320808276	9057	d97bb47f64819d76	4d7f96fbb5aadbda
1788609320828188859	1916	1	phase_loop[1915]	1788609320818335	8958	75c98af89b1da24d	4d7f96fbb5aadbda
1788609320840378735	1917	1	phase_loop[1916]	1788609320828400	8892	0b6e18b8b7e14408	4d7f96fbb5aadbda
1788609320848118672	1918	1	phase_loop[1917]	1788609320840643	6648	ea302128a2479e8c	4d7f96fbb5aadbda
1788609320858449688	1919	1	phase_loop[1918]	1788609320848326	8968	a3101b58b3433d60	4d7f96fbb5aadbda
1788609320875266450	1920	1	phase_loop[1919]	1788609320858693	8599	7b4965e358340b02	4d7f96fbb5aadbda
1788609320878409057	1921	1	phase_loop[1920]	1788609320875553	2006	3a688e8d6e601abc	4d7f96fbb5aadbda
1788609320888082245	1922	1	phase_loop[1921]	1788609320878632	8659	a35bc5ed7d988905	4d7f96fbb5aadbda
1788609320898154199	1923	1	phase_loop[1922]	1788609320888287	9005	2e5541e854f03502	4d7f96fbb5aadbda
1788609320908157273	1924	1	phase_loop[1923]	1788609320898362	8931	6e5578f005ce65bb	4d7f96fbb5aadbda
1788609320918005513	1925	1	phase_loop[1924]	1788609320908365	8925	e37fb828c0900b27	4d7f96fbb5aadbda
1788609320928214267	1926	1	phase_loop[1925]	1788609320918205	9087	5d96193aa80dbd78	4d7f96fbb5aadbda
1788609320938878126	1927	1	phase_loop[1926]	1788609320928449	8842	ce1d1fc59ee5c5b1	4d7f96fbb5aadbda
1788609320948533961	1928	1	phase_loop[1927]	1788609320939112	8181	0dfae60d85747384	4d7f96fbb5aadbda
1788609320958171911	1929	1	phase_loop[1928]	1788609320948794	8498	08b6dbfa32ce1322	4d7f96fbb5aadbda
1788609320970225118	1930	1	phase_loop[1929]	1788609320958400	8892	e316811cbca519e3	4d7f96fbb5aadbda
1788609320978147260	1931	1	phase_loop[1930]	1788609320970493	6800	80ce5ae13119895b	4d7f96fbb5aadbda
1788609320988443080	1932	1	phase_loop[1931]	1788609320978351	8947	59712547c33c8556	4d7f96fbb5aadbda
1788609320998458748	1933	1	phase_loop[1932]	1788609320988688	8603	67627c34d3d80c0e	4d7f96fbb5aadbda
1788609321008523880	1934	1	phase_loop[1933]	1788609320998764	8535	a299626b2420ec11	4d7f96fbb5aadbda
1788609321018069034	1935	1	phase_loop[1934]	1788609321008783	8508	ca60e84457339d6e	4d7f96fbb5aadbda
1788609321028124807	1936	1	phase_loop[1935]	1788609321018258	9035	30a38849a38e69e9	4d7f96fbb5aadbda
1788609321038244953	1937	1	phase_loop[1936]	1788609321028342	8951	2204c632e7f776be	4d7f96fbb5aadbda
1788609321048054670	1938	1	phase_loop[1937]	1788609321038480	8811	f30bf5c477547a07	4d7f96fbb5aadbda
1788609321058157974	1939	1	phase_loop[1938]	1788609321048244	9050	06bc68a656a65c35	4d7f96fbb5aadbda
1788609321068307385	1940	1	phase_loop[1939]	1788609321058381	8918	102a285014b1c561	4d7f96fbb5aadbda
1788609321078131139	1941	1	phase_loop[1940]	1788609321068543	8748	33f4149b5bd19d17	4d7f96fbb5aadbda
1788609321088320606	1942	1	phase_loop[1941]	1788609321078321	8978	d49217d5ec2d001c	4d7f96fbb5aadbda
1788609321098268575	1943	1	phase_loop[1942]	1788609321088543	8749	49d714a960af948e	4d7f96fbb5aadbda
1788609321108139458	1944	1	phase_loop[1943]	1788609321098536	8757	040c14a176340161	4d7f96fbb5aadbda
1788609321118469753	1945	1	phase_loop[1944]	1788609321108337	8960	8d31d77f345116e2	4d7f96fbb5aadbda
1788609321128202713	1946	1	phase_loop[1945]	1788609321118804	8488	c3c0ebbc99c88845	4d7f96fbb5aadbda
1788609321138127328	1947	1	phase_loop[1946]	1788609321128425	8869	004a5f0cbfe732bd	4d7f96fbb5aadbda
1788609321148163495	1948	1	phase_loop[1947]	1788609321138349	8984	107c53e5c19c88a2	4d7f96fbb5aadbda
1788609321158236581	1949	1	phase_loop[1948]	1788609321148368	8926	ab4dd63af057c004	4d7f96fbb5aadbda
1788609321168456126	1950	1	phase_loop[1949]	1788609321158500	8794	3ad2faea090a45c3	4d7f96fbb5aadbda
1788609321178143069	1951	1	phase_loop[1950]	1788609321168702	8589	983729002e4de3c6	4d7f96fbb5aadbda
1788609321188061282	1952	1	phase_loop[1951]	1788609321178383	8908	be3b3476c7e89806	4d7f96fbb5aadbda
1788609321199936380	1953	1	phase_loop[1952]	1788609321188255	9046	4f9840597dd8b5b4	4d7f96fbb5aadbda
1788609321208128104	1954	1	phase_loop[1953]	1788609321200565	6737	842775420c39d812	4d7f96fbb5aadbda
1788609321218089519	1955	1	phase_loop[1954]	1788609321208344	8948	d07689fd9909561d	4d7f96fbb5aadbda
1788609321228101920	1956	1	phase_loop[1955]	1788609321218280	9012	6cb9e20f6ac02088	4d7f96fbb5aadbda
1788609321238172352	1957	1	phase_loop[1956]	1788609321228298	8994	0e7236d2d21accbd	4d7f96fbb5aadbda
1788609321248095043	1958	1	phase_loop[1957]	1788609321238378	8913	69b0323936d1b668	4d7f96fbb5aadbda
1788609321258128915	1959	1	phase_loop[1958]	1788609321248295	8998	f2b4ef62c3784314	4d7f96fbb5aadbda
1788609321268279539	1960	1	phase_loop[1959]	1788609321258352	8941	682b03d929dcf047	4d7f96fbb5aadbda
1788609321278096248	1961	1	phase_loop[1960]	1788609321268499	8792	857d0b77c4461e92	4d7f96fbb5aadbda
1788609321288074766	1962	1	phase_loop[1961]	1788609321278291	9002	4a475966a4c80151	4d7f96fbb5aadbda
1788609321298278420	1963	1	phase_loop[1962]	1788609321288267	9026	5ff8be6572719f1c	4d7f96fbb5aadbda
1788609321308392124	1964	1	phase_loop[1963]	1788609321298519	8772	14ad5d142c0ae901	4d7f96fbb5aadbda
1788609321318312350	1965	1	phase_loop[1964]	1788609321308645	8651	6bbc605f526a1428	4d7f96fbb5aadbda
1788609321328732405	1966	1	phase_loop[1965]	1788609321318554	8744	c3ba601c5ba135c0	4d7f96fbb5aadbda
1788609321338142263	1967	1	phase_loop[1966]	1788609321329305	7989	914fe051818ed0ee	4d7f96fbb5aadbda
1788609321348157890	1968	1	phase_loop[1967]	1788609321338367	8924	86b31d0fb9d22ca4	4d7f96fbb5aadbda
1788609321358144362	1969	1	phase_loop[1968]	1788609321348441	8852	fb9a5c437acb0375	4d7f96fbb5aadbda
1788609321368380719	1970	1	phase_loop[1969]	1788609321358367	8927	bd1aa94adb6f4f3c	4d7f96fbb5aadbda
1788609321378134640	1971	1	phase_loop[1970]	1788609321368619	8672	959dd40e10826904	4d7f96fbb5aadbda
1788609321387967209	1972	1	phase_loop[1971]	1788609321378326	8963	427dfd7d134d7fe1	4d7f96fbb5aadbda
1788609321398510519	1973	1	phase_loop[1972]	1788609321388161	9133	dab6cd806f7b0d15	4d7f96fbb5aadbda
1788609321408129814	1974	1	phase_loop[1973]	1788609321398762	8530	41b37a21c4e4d285	4d7f96fbb5aadbda
1788609321417978083	1975	1	phase_loop[1974]	1788609321408327	8963	c3d6af6be3a184c8	4d7f96fbb5aadbda
1788609321428174424	1976	1	phase_loop[1975]	1788609321418165	9128	1a8d1f89250aa3e0	4d7f96fbb5aadbda
1788609321438452660	1977	1	phase_loop[1976]	1788609321428399	8898	ede729e41d23e8e6	4d7f96fbb5aadbda
1788609321448122110	1978	1	phase_loop[1977]	1788609321438784	8509	48a9063824a27019	4d7f96fbb5aadbda
1788609321458265631	1979	1	phase_loop[1978]	1788609321448345	8949	f4a37af35ae2b6a4	4d7f96fbb5aadbda
1788609321468224550	1980	1	phase_loop[1979]	1788609321458487	8808	c627adcec1583a79	4d7f96fbb5aadbda
1788609321478169524	1981	1	phase_loop[1980]	1788609321468454	8881	45043ba076240ec4	4d7f96fbb5aadbda
1788609321488068470	1982	1	phase_loop[1981]	1788609321478403	8887	dc356e5c01c5ac69	4d7f96fbb5aadbda
1788609321498314384	1983	1	phase_loop[1982]	1788609321488268	9025	e28f02175cc32e69	4d7f96fbb5aadbda
1788609321508107099	1984	1	phase_loop[1983]	1788609321498611	8682	6f2b73c0214f2f81	4d7f96fbb5aadbda
1788609321517966009	1985	1	phase_loop[1984]	1788609321508303	8987	5a573e157801d669	4d7f96fbb5aadbda
1788609321528091294	1986	1	phase_loop[1985]	1788609321518153	9139	ec0d8f9102e4067c	4d7f96fbb5aadbda
1788609321538704426	1987	1	phase_loop[1986]	1788609321528299	9005	2696e1ebba28314e	4d7f96fbb5aadbda
1788609321548184467	1988	1	phase_loop[1987]	1788609321539195	8098	9193d781bacaf3d0	4d7f96fbb5aadbda
1788609321558157764	1989	1	phase_loop[1988]	1788609321548397	8897	b58b284ee60f3528	4d7f96fbb5aadbda
1788609321568347232	1990	1	phase_loop[1989]	1788609321558401	8891	f4b2522b4835fea9	4d7f96fbb5aadbda
1788609321578113966	1991	1	phase_loop[1990]	1788609321568586	8704	901f2c9d930ca2b2	4d7f96fbb5aadbda
1788609321588090810	1992	1	phase_loop[1991]	1788609321578305	8987	86d6f916da7ccaec	4d7f96fbb5aadbda
1788609321598234190	1993	1	phase_loop[1992]	1788609321588279	9013	ab53fa909e20d783	4d7f96fbb5aadbda
1788609321608081378	1994	1	phase_loop[1993]	1788609321598480	8813	4e875999e9371f22	4d7f96fbb5aadbda
1788609321618012886	1995	1	phase_loop[1994]	1788609321608277	9013	f55f8ddad4beff0a	4d7f96fbb5aadbda
1788609321628065754	1996	1	phase_loop[1995]	1788609321618202	9088	1b30a240ebe213ec	4d7f96fbb5aadbda
1788609321638214825	1997	1	phase_loop[1996]	1788609321628264	9029	412f73644b9a7d4b	4d7f96fbb5aadbda
1788609321648189144	1998	1	phase_loop[1997]	1788609321638415	8876	6415d8c1e461c808	4d7f96fbb5aadbda
1788609321658225010	1999	1	phase_loop[1998]	1788609321648429	8864	078620a2fa54fda6	4d7f96fbb5aadbda
1788609321669930025	2000	1	phase_loop[1999]	1788609321658475	8824	6bb996ce9be4d39f	4d7f96fbb5aadbda
1788609321671055662	2001	1	phase_loop[2000]	1788609321670193	18	7cbd453ee26d257c	4d7f96fbb5aadbda
1788609321672240462	2002	1	phase[0]	1788609301683511	19987832	4d7f96fbb5aadbda	b5694021172a57aa
1788609321673377741	2003	1	thread_loop[0]	1788609301683503	19988981	b5694021172a57aa	8d997f8a4ee6c1f6
1788609321674463052	2004	1	HI_task-0	1788609301667386	19999944	8d997f8a4ee6c1f6	424c13aabda17b82
1788609321675490583	2005	1	main	1788609301664692	20010154	424c13aabda17b82	-
