t_recv_ns	batch_idx	n_span	name	timestamp_us	duration_us	id	parent
1788609860574942575	0	500	calibration	1788609855556102	46	826ba10f77d48f2e	203cac69bd72928d
1788609860574942575	0	500	phase_loop[0]	1788609855580164	2100	a2cdcaeacbe455ac	3d6a94d9ed80079b
1788609860574942575	0	500	phase_loop[1]	1788609855582270	2062	e0318db9f832519a	3d6a94d9ed80079b
1788609860574942575	0	500	phase_loop[2]	1788609855584336	2054	f0c3d08937e6f043	3d6a94d9ed80079b
1788609860574942575	0	500	phase_loop[3]	1788609855586393	9932	ecdaad75a2883c25	3d6a94d9ed80079b
1788609860574942575	0	500	phase_loop[4]	1788609855596330	9992	bff0ac434b8f00ff	3d6a94d9ed80079b
1788609860574942575	0	500	phase_loop[5]	1788609855606326	9996	cfc87d2219397f8a	3d6a94d9ed80079b
1788609860574942575	0	500	phase_loop[6]	1788609855616326	9997	b4031efca2b3dca8	3d6a94d9ed80079b
1788609860574942575	0	500	phase_loop[7]	1788609855626326	9996	e15c4a98f457cce3	3d6a94d9ed80079b
1788609860574942575	0	500	phase_loop[8]	1788609855636326	9996	b707b7fa78c47151	3d6a94d9ed80079b
1788609860574942575	0	500	phase_loop[9]	1788609855646326	9996	525e04bff2173550	3d6a94d9ed80079b
1788609860574942575	0	500	phase_loop[10]	1788609855656332	9990	e3e50a2bfa9f4522	3d6a94d9ed80079b
1788609860574942575	0	500	phase_loop[11]	1788609855666327	9995	96dbad57ca18b0cc	3d6a94d9ed80079b
1788609860574942575	0	500	phase_loop[12]	1788609855676325	10004	f08ec3dee31315a4	3d6a94d9ed80079b
1788609860574942575	0	500	phase_loop[13]	1788609855686333	9990	0f34aa8d5116591a	3d6a94d9ed80079b
1788609860574942575	0	500	phase_loop[14]	1788609855696327	9996	2c255c20b6c17248	3d6a94d9ed80079b
1788609860574942575	0	500	phase_loop[15]	1788609855706327	9995	a2874bde9a15dcd5	3d6a94d9ed80079b
1788609860574942575	0	500	phase_loop[16]	1788609855716325	9997	76f6f9910c6c9966	3d6a94d9ed80079b
1788609860574942575	0	500	phase_loop[17]	1788609855726326	9996	2ff15581be8a4cc2	3d6a94d9ed80079b
1788609860574942575	0	500	phase_loop[18]	1788609855736326	9997	5f02ef728acbe965	3d6a94d9ed80079b
1788609860574942575	0	500	phase_loop[19]	1788609855746326	10005	ec267a179b206000	3d6a94d9ed80079b
1788609860574942575	0	500	phase_loop[20]	1788609855756335	9986	7fb98ebc10ba3bd5	3d6a94d9ed80079b
1788609860574942575	0	500	phase_loop[21]	1788609855766325	9997	f2bf3b16b6c1679a	3d6a94d9ed80079b
1788609860574942575	0	500	phase_loop[22]	1788609855776325	9995	fa9676ded99e8dbd	3d6a94d9ed80079b
1788609860574942575	0	500	phase_loop[23]	1788609855786324	9997	53e0cdb4e8fffebd	3d6a94d9ed80079b
1788609860574942575	0	500	phase_loop[24]	1788609855796325	9996	89f1bb88be04840f	3d6a94d9ed80079b
1788609860574942575	0	500	phase_loop[25]	1788609855806325	9995	7b6763b73593223e	3d6a94d9ed80079b
1788609860574942575	0	500	phase_loop[26]	1788609855816324	9998	a88c0d9811fbda52	3d6a94d9ed80079b
1788609860574942575	0	500	phase_loop[27]	1788609855826326	9998	3e2ca455f9e69c6b	3d6a94d9ed80079b
1788609860574942575	0	500	phase_loop[28]	1788609855836328	9994	bdfb68f7c4d48daf	3d6a94d9ed80079b
1788609860574942575	0	500	phase_loop[29]	1788609855846326	10003	7dba5bbb640bacc6	3d6a94d9ed80079b
1788609860574942575	0	500	phase_loop[30]	1788609855856332	9992	ac7acb0db044aa36	3d6a94d9ed80079b
1788609860574942575	0	500	phase_loop[31]	1788609855866328	9995	86ed385fc05e5ce0	3d6a94d9ed80079b
1788609860574942575	0	500	phase_loop[32]	1788609855876326	10048	0db9ce8231d7bc91	3d6a94d9ed80079b
1788609860574942575	0	500	phase_loop[33]	1788609855886378	9945	2a53b2a7bcb49251	3d6a94d9ed80079b
1788609860574942575	0	500	phase_loop[34]	1788609855896328	9995	196672aed2801647	3d6a94d9ed80079b
1788609860574942575	0	500	phase_loop[35]	1788609855906359	9965	bdf8b3a465caf796	3d6a94d9ed80079b
1788609860574942575	0	500	phase_loop[36]	1788609855916329	9995	571b95d4f9df78d4	3d6a94d9ed80079b
1788609860574942575	0	500	phase_loop[37]	1788609855926329	10007	e934ceea98d1b390	3d6a94d9ed80079b
1788609860574942575	0	500	phase_loop[38]	1788609855936341	9991	bb0f627ffb5fd1a0	3d6a94d9ed80079b
1788609860574942575	0	500	phase_loop[39]	1788609855946336	9987	d9969ac2e69586c3	3d6a94d9ed80079b
1788609860574942575	0	500	phase_loop[40]	1788609855956338	9986	d0bead48bbbb741d	3d6a94d9ed80079b
1788609860574942575	0	500	phase_loop[41]	1788609855966339	9984	bd54875baad3882a	3d6a94d9ed80079b
1788609860574942575	0	500	phase_loop[42]	1788609855976328	10004	237d965cc35c69e6	3d6a94d9ed80079b
1788609860574942575	0	500	phase_loop[43]	1788609855986336	9998	ff9affd754140eb5	3d6a94d9ed80079b
1788609860574942575	0	500	phase_loop[44]	1788609855996338	9995	eb4d76ee7dc7122f	3d6a94d9ed80079b
1788609860574942575	0	500	phase_loop[45]	1788609856006337	9987	50099132a673b0af	3d6a94d9ed80079b
1788609860574942575	0	500	phase_loop[46]	1788609856016339	9984	a8c54fd98d15a541	3d6a94d9ed80079b
1788609860574942575	0	500	phase_loop[47]	1788609856026338	9988	0d05475e027c0e43	3d6a94d9ed80079b
1788609860574942575	0	500	phase_loop[48]	1788609856036331	10002	4cc2a84f588e5dc4	3d6a94d9ed80079b
1788609860574942575	0	500	phase_loop[49]	1788609856046337	10002	5f6dc0ff1f0be47e	3d6a94d9ed80079b
1788609860574942575	0	500	phase_loop[50]	1788609856056344	9991	1a5e15deb4f20e90	3d6a94d9ed80079b
1788609860574942575	0	500	phase_loop[51]	1788609856066338	9984	52077bd6d5ef2a61	3d6a94d9ed80079b
1788609860574942575	0	500	phase_loop[52]	1788609856076338	9982	b33bd09a3b034133	3d6a94d9ed80079b
1788609860574942575	0	500	phase_loop[53]	1788609856086335	9988	a66357f0b177b1fd	3d6a94d9ed80079b
1788609860574942575	0	500	phase_loop[54]	1788609856096328	10007	1ff3df64b8e44330	3d6a94d9ed80079b
1788609860574942575	0	500	phase_loop[55]	1788609856106339	9992	0a7df38d764b9a19	3d6a94d9ed80079b
1788609860574942575	0	500	phase_loop[56]	1788609856116335	9998	0212a27299fc078e	3d6a94d9ed80079b
1788609860574942575	0	500	phase_loop[57]	1788609856126337	9988	9f6913d547fd36b1	3d6a94d9ed80079b
1788609860574942575	0	500	phase_loop[58]	1788609856136341	9980	26f9823747a3e573	3d6a94d9ed80079b
1788609860574942575	0	500	phase_loop[59]	1788609856146325	9985	5c43b48805e59026	3d6a94d9ed80079b
1788609860574942575	0	500	phase_loop[60]	1788609856156324	10013	d3dd8bf56bad47d1	3d6a94d9ed80079b
1788609860574942575	0	500	phase_loop[61]	1788609856166341	9994	b8cd42645b65722b	3d6a94d9ed80079b
1788609860574942575	0	500	phase_loop[62]	1788609856176339	9984	7adbd0f8166e2b2c	3d6a94d9ed80079b
1788609860574942575	0	500	phase_loop[63]	1788609856186337	9986	dc7bd61d9daa6eab	3d6a94d9ed80079b
1788609860574942575	0	500	phase_loop[64]	1788609856196338	9985	f69909ff66a4c489	3d6a94d9ed80079b
1788609860574942575	0	500	phase_loop[65]	1788609856206327	10037	31886647d8e2448d	3d6a94d9ed80079b
1788609860574942575	0	500	phase_loop[66]	1788609856216370	9973	2652c4aa2e9bfecd	3d6a94d9ed80079b
1788609860574942575	0	500	phase_loop[67]	1788609856226347	9988	605e781a286395f4	3d6a94d9ed80079b
1788609860574942575	0	500	phase_loop[68]	1788609856236340	9982	f238ef5fc33ff4ad	3d6a94d9ed80079b
1788609860574942575	0	500	phase_loop[69]	1788609856246337	9994	8144728bf60f284d	3d6a94d9ed80079b
1788609860574942575	0	500	phase_loop[70]	1788609856256346	9978	a4fcd261b992e3c0	3d6a94d9ed80079b
1788609860574942575	0	500	phase_loop[71]	1788609856266328	9995	93efef3e6e9e4576	3d6a94d9ed80079b
1788609860574942575	0	500	phase_loop[72]	1788609856276328	10006	d8e45b83fe31135a	3d6a94d9ed80079b
1788609860574942575	0	500	phase_loop[73]	1788609856286338	9996	76b2f248c0e8ed98	3d6a94d9ed80079b
1788609860574942575	0	500	phase_loop[74]	1788609856296338	9984	d3cc12ff853f1d3e	3d6a94d9ed80079b
1788609860574942575	0	500	phase_loop[75]	1788609856306337	9987	36d05904d20010c9	3d6a94d9ed80079b
1788609860574942575	0	500	phase_loop[76]	1788609856316339	9983	3713598852f9f245	3d6a94d9ed80079b
1788609860574942575	0	500	phase_loop[77]	1788609856326326	10009	d81b5cc6a6bce827	3d6a94d9ed80079b
1788609860574942575	0	500	phase_loop[78]	1788609856336340	9994	057d587d78e0b108	3d6a94d9ed80079b
1788609860574942575	0	500	phase_loop[79]	1788609856346338	9994	8628c0598623eaab	3d6a94d9ed80079b
1788609860574942575	0	500	phase_loop[80]	1788609856356336	9987	210d80ce73aafde6	3d6a94d9ed80079b
1788609860574942575	0	500	phase_loop[81]	1788609856366339	9983	28b352fb6dc2bf1f	3d6a94d9ed80079b
1788609860574942575	0	500	phase_loop[82]	1788609856376338	9984	ac680a797425db82	3d6a94d9ed80079b
1788609860574942575	0	500	phase_loop[83]	1788609856386326	10007	1a1b6b357ea81c2c	3d6a94d9ed80079b
1788609860574942575	0	500	phase_loop[84]	1788609856396337	9997	f1976d196f9cfee6	3d6a94d9ed80079b
1788609860574942575	0	500	phase_loop[85]	1788609856406338	9993	00ecb420e1ffc4fb	3d6a94d9ed80079b
1788609860574942575	0	500	phase_loop[86]	1788609856416335	9987	ddf124f5cc0a2bdc	3d6a94d9ed80079b
1788609860574942575	0	500	phase_loop[87]	1788609856426336	9988	89e2b04ecc5af32f	3d6a94d9ed80079b
1788609860574942575	0	500	phase_loop[88]	1788609856436340	9982	8a67a9f53a04436d	3d6a94d9ed80079b
1788609860574942575	0	500	phase_loop[89]	1788609856446327	10005	02ac48682acc76e7	3d6a94d9ed80079b
1788609860574942575	0	500	phase_loop[90]	1788609856456336	10000	92d78ae99873aa67	3d6a94d9ed80079b
1788609860574942575	0	500	phase_loop[91]	1788609856466339	9982	790ca24f507c6775	3d6a94d9ed80079b
1788609860574942575	0	500	phase_loop[92]	1788609856476337	9987	0da5f69dba3d326a	3d6a94d9ed80079b
1788609860574942575	0	500	phase_loop[93]	1788609856486340	9983	30210efcd5c192fc	3d6a94d9ed80079b
1788609860574942575	0	500	phase_loop[94]	1788609856496327	9984	3371d489be5e8bb0	3d6a94d9ed80079b
1788609860574942575	0	500	phase_loop[95]	1788609856506326	10005	39cf42b1cf9af2de	3d6a94d9ed80079b
1788609860574942575	0	500	phase_loop[96]	1788609856516335	9998	1104f9cd87fceb8c	3d6a94d9ed80079b
1788609860574942575	0	500	phase_loop[97]	1788609856526337	9986	79f7ecc969662036	3d6a94d9ed80079b
1788609860574942575	0	500	phase_loop[98]	1788609856536338	10021	ad0bcfd518430ded	3d6a94d9ed80079b
1788609860574942575	0	500	phase_loop[99]	1788609856546376	9949	ae04240de698f56f	3d6a94d9ed80079b
1788609860574942575	0	500	phase_loop[100]	1788609856556330	9995	1dd20ff4ec08a516	3d6a94d9ed80079b
1788609860574942575	0	500	phase_loop[101]	1788609856566330	10005	ea9cb1d59cbbb555	3d6a94d9ed80079b
1788609860574942575	0	500	phase_loop[102]	1788609856576339	9993	b11ed8eafd7f7a6c	3d6a94d9ed80079b
1788609860574942575	0	500	phase_loop[103]	1788609856586336	9987	e7b8799df4eb586f	3d6a94d9ed80079b
1788609860574942575	0	500	phase_loop[104]	1788609856596337	9986	3b6661bf379dd705	3d6a94d9ed80079b
1788609860574942575	0	500	phase_loop[105]	1788609856606338	9984	c47fda19cf32b190	3d6a94d9ed80079b
1788609860574942575	0	500	phase_loop[106]	1788609856616326	10006	da1c78acba39f8ae	3d6a94d9ed80079b
1788609860574942575	0	500	phase_loop[107]	1788609856626336	9998	e45fdf9bd2118ac6	3d6a94d9ed80079b
1788609860574942575	0	500	phase_loop[108]	1788609856636339	9994	a56eb4ee7f13e7c4	3d6a94d9ed80079b
1788609860574942575	0	500	phase_loop[109]	1788609856646337	9984	f3710f710f671f97	3d6a94d9ed80079b
1788609860574942575	0	500	phase_loop[110]	1788609856656334	9990	9f099b28169aff93	3d6a94d9ed80079b
1788609860574942575	0	500	phase_loop[111]	1788609856666340	9983	a6dd550c48412865	3d6a94d9ed80079b
1788609860574942575	0	500	phase_loop[112]	1788609856676328	10006	cdeddfd920df34dc	3d6a94d9ed80079b
1788609860574942575	0	500	phase_loop[113]	1788609856686338	9997	d487df3b85b3f60a	3d6a94d9ed80079b
1788609860574942575	0	500	phase_loop[114]	1788609856696339	9996	42d6fd64018e4e7e	3d6a94d9ed80079b
1788609860574942575	0	500	phase_loop[115]	1788609856706339	9982	746767ef82c3f5ad	3d6a94d9ed80079b
1788609860574942575	0	500	phase_loop[116]	1788609856716335	9987	c34f848bcdf6d82e	3d6a94d9ed80079b
1788609860574942575	0	500	phase_loop[117]	1788609856726337	9989	f4eaca9cf5c85141	3d6a94d9ed80079b
1788609860574942575	0	500	phase_loop[118]	1788609856736330	10002	8030834a301d3427	3d6a94d9ed80079b
1788609860574942575	0	500	phase_loop[119]	1788609856746336	9994	e365fd96640c946a	3d6a94d9ed80079b
1788609860574942575	0	500	phase_loop[120]	1788609856756335	10000	43c6a03f37bd6a5b	3d6a94d9ed80079b
1788609860574942575	0	500	phase_loop[121]	1788609856766339	9983	a1a98845ec5d9abe	3d6a94d9ed80079b
1788609860574942575	0	500	phase_loop[122]	1788609856776338	9985	185bd4dd457850cc	3d6a94d9ed80079b
1788609860574942575	0	500	phase_loop[123]	1788609856786327	9985	2d9875b81ea81300	3d6a94d9ed80079b
1788609860574942575	0	500	phase_loop[124]	1788609856796327	10007	8817b33bb552f410	3d6a94d9ed80079b
1788609860574942575	0	500	phase_loop[125]	1788609856806338	9998	677c758335754d20	3d6a94d9ed80079b
1788609860574942575	0	500	phase_loop[126]	1788609856816341	9982	917db8e892dc36f5	3d6a94d9ed80079b
1788609860574942575	0	500	phase_loop[127]	1788609856826337	9987	c24bc1f6c368ab6e	3d6a94d9ed80079b
1788609860574942575	0	500	phase_loop[128]	1788609856836341	9984	49657f8c5420f1ce	3d6a94d9ed80079b
1788609860574942575	0	500	phase_loop[129]	1788609856846328	9994	3219af60ba314afe	3d6a94d9ed80079b
1788609860574942575	0	500	phase_loop[130]	1788609856856327	10010	accf3e5b2ae48209	3d6a94d9ed80079b
1788609860574942575	0	500	phase_loop[131]	1788609856866341	10032	df16ae4f48380b5c	3d6a94d9ed80079b
1788609860574942575	0	500	phase_loop[132]	1788609856876377	9944	d593d99b02e03645	3d6a94d9ed80079b
1788609860574942575	0	500	phase_loop[133]	1788609856886337	9988	38cd2d6569747445	3d6a94d9ed80079b
1788609860574942575	0	500	phase_loop[134]	1788609856896341	9982	9bcc72349a6be7fe	3d6a94d9ed80079b
1788609860574942575	0	500	phase_loop[135]	1788609856906328	9996	db8aeab4400fe284	3d6a94d9ed80079b
1788609860574942575	0	500	phase_loop[136]	1788609856916329	10006	f6c27fd52774e4b2	3d6a94d9ed80079b
1788609860574942575	0	500	phase_loop[137]	1788609856926338	9996	37b5b69af4dea74d	3d6a94d9ed80079b
1788609860574942575	0	500	phase_loop[138]	1788609856936339	9982	b961b133ac7b6aab	3d6a94d9ed80079b
1788609860574942575	0	500	phase_loop[139]	1788609856946336	9985	eca0cced894d7ec3	3d6a94d9ed80079b
1788609860574942575	0	500	phase_loop[140]	1788609856956334	9989	e9774ccec786fbe9	3d6a94d9ed80079b
1788609860574942575	0	500	phase_loop[141]	1788609856966327	10007	61d901bfda5f8fd9	3d6a94d9ed80079b
1788609860574942575	0	500	phase_loop[142]	1788609856976338	9996	50f6184543b26a43	3d6a94d9ed80079b
1788609860574942575	0	500	phase_loop[143]	1788609856986339	9999	8fc2c1d78fcb7b53	3d6a94d9ed80079b
1788609860574942575	0	500	phase_loop[144]	1788609856996343	9980	f3f839b5eb546e2d	3d6a94d9ed80079b
1788609860574942575	0	500	phase_loop[145]	1788609857006338	9983	d4087e90019b4611	3d6a94d9ed80079b
1788609860574942575	0	500	phase_loop[146]	1788609857016335	9987	c9bd32320c5fad89	3d6a94d9ed80079b
1788609860574942575	0	500	phase_loop[147]	1788609857026326	10010	59f271a39d489cf8	3d6a94d9ed80079b
1788609860574942575	0	500	phase_loop[148]	1788609857036340	9991	b2c6b736fd0116d9	3d6a94d9ed80079b
1788609860574942575	0	500	phase_loop[149]	1788609857046335	9996	340bd37d0ea7eccf	3d6a94d9ed80079b
1788609860574942575	0	500	phase_loop[150]	1788609857056335	9993	1076f44cda0c72f9	3d6a94d9ed80079b
1788609860574942575	0	500	phase_loop[151]	1788609857066351	9973	a0d3d499943cc6b0	3d6a94d9ed80079b
1788609860574942575	0	500	phase_loop[152]	1788609857076341	9981	5845ca2383b49caa	3d6a94d9ed80079b
1788609860574942575	0	500	phase_loop[153]	1788609857086328	10005	9e5737bea03247d4	3d6a94d9ed80079b
1788609860574942575	0	500	phase_loop[154]	1788609857096337	9997	afcac8534031f867	3d6a94d9ed80079b
1788609860574942575	0	500	phase_loop[155]	1788609857106338	9983	210b64edc1215083	3d6a94d9ed80079b
1788609860574942575	0	500	phase_loop[156]	1788609857116335	9986	d98ab35b9808727b	3d6a94d9ed80079b
1788609860574942575	0	500	phase_loop[157]	1788609857126337	9987	25752a10206c0f15	3d6a94d9ed80079b
1788609860574942575	0	500	phase_loop[158]	1788609857136328	9982	c8f6ef0fcb785b0f	3d6a94d9ed80079b
1788609860574942575	0	500	phase_loop[159]	1788609857146325	10007	19afba3addc555ca	3d6a94d9ed80079b
1788609860574942575	0	500	phase_loop[160]	1788609857156336	9998	30c5bb70517f92d5	3d6a94d9ed80079b
1788609860574942575	0	500	phase_loop[161]	1788609857166339	9984	aaa807a9a8eceb79	3d6a94d9ed80079b
1788609860574942575	0	500	phase_loop[162]	1788609857176338	9983	aa4df3884e50110c	3d6a94d9ed80079b
1788609860574942575	0	500	phase_loop[163]	1788609857186335	9989	d2a1f9af15f1d145	3d6a94d9ed80079b
1788609860574942575	0	500	phase_loop[164]	1788609857196328	10034	eacaeeddf7141ca3	3d6a94d9ed80079b
1788609860574942575	0	500	phase_loop[165]	1788609857206367	9976	a55bd53afac161e8	3d6a94d9ed80079b
1788609860574942575	0	500	phase_loop[166]	1788609857216348	9986	7933111cccd35699	3d6a94d9ed80079b
1788609860574942575	0	500	phase_loop[167]	1788609857226338	9986	d7516426f3819125	3d6a94d9ed80079b
1788609860574942575	0	500	phase_loop[168]	1788609857236340	9983	052ee41b2d7c28f2	3d6a94d9ed80079b
1788609860574942575	0	500	phase_loop[169]	1788609857246338	9983	454aae0598361ad6	3d6a94d9ed80079b
1788609860574942575	0	500	phase_loop[170]	1788609857256325	10009	d2d5fa96ce795f49	3d6a94d9ed80079b
1788609860574942575	0	500	phase_loop[171]	1788609857266337	9997	3e2d91c8f73c4027	3d6a94d9ed80079b
1788609860574942575	0	500	phase_loop[172]	1788609857276339	9991	f2cdc1c9949016c5	3d6a94d9ed80079b
1788609860574942575	0	500	phase_loop[173]	1788609857286334	9989	1d91c47bc150ba30	3d6a94d9ed80079b
1788609860574942575	0	500	phase_loop[174]	1788609857296338	9985	4b1a3d03a75dbfb5	3d6a94d9ed80079b
1788609860574942575	0	500	phase_loop[175]	1788609857306339	9982	23dede4021ecc7a3	3d6a94d9ed80079b
1788609860574942575	0	500	phase_loop[176]	1788609857316324	10008	ea07d2c5ef27f6d1	3d6a94d9ed80079b
1788609860574942575	0	500	phase_loop[177]	1788609857326337	9998	1904a87ea00fce18	3d6a94d9ed80079b
1788609860574942575	0	500	phase_loop[178]	1788609857336339	9994	2b06ccc1e15df93e	3d6a94d9ed80079b
1788609860574942575	0	500	phase_loop[179]	1788609857346338	9983	b6304a5fc1aef155	3d6a94d9ed80079b
1788609860574942575	0	500	phase_loop[180]	1788609857356334	9989	1fea6ff0cc541732	3d6a94d9ed80079b
1788609860574942575	0	500	phase_loop[181]	1788609857366339	9984	d021d8156f7fd5ae	3d6a94d9ed80079b
1788609860574942575	0	500	phase_loop[182]	1788609857376327	10005	10daabe6f9203652	3d6a94d9ed80079b
1788609860574942575	0	500	phase_loop[183]	1788609857386336	9997	cf7937abfc82e17a	3d6a94d9ed80079b
1788609860574942575	0	500	phase_loop[184]	1788609857396338	9996	08149f7bad047fa5	3d6a94d9ed80079b
1788609860574942575	0	500	phase_loop[185]	1788609857406338	9982	7d14f3bff32e48a4	3d6a94d9ed80079b
1788609860574942575	0	500	phase_loop[186]	1788609857416335	9988	3eac7e6c57d27b71	3d6a94d9ed80079b
1788609860574942575	0	500	phase_loop[187]	1788609857426327	9988	2ba9609f7c665347	3d6a94d9ed80079b
1788609860574942575	0	500	phase_loop[188]	1788609857436330	10006	b621c4e4621c8eb9	3d6a94d9ed80079b
1788609860574942575	0	500	phase_loop[189]	1788609857446339	9991	fcf7c2753ee90ab1	3d6a94d9ed80079b
1788609860574942575	0	500	phase_loop[190]	1788609857456335	9991	494743b0f3f72b44	3d6a94d9ed80079b
1788609860574942575	0	500	phase_loop[191]	1788609857466342	9980	77911b1496ac55f3	3d6a94d9ed80079b
1788609860574942575	0	500	phase_loop[192]	1788609857476338	9983	17d07f5415040195	3d6a94d9ed80079b
1788609860574942575	0	500	phase_loop[193]	1788609857486325	9999	ed6bd4e2941cb5ea	3d6a94d9ed80079b
1788609860574942575	0	500	phase_loop[194]	1788609857496329	10005	91383263b1e8f54a	3d6a94d9ed80079b
1788609860574942575	0	500	phase_loop[195]	1788609857506338	9996	7d697ae7de36cb95	3d6a94d9ed80079b
1788609860574942575	0	500	phase_loop[196]	1788609857516338	9985	7fadb800a3458702	3d6a94d9ed80079b
1788609860574942575	0	500	phase_loop[197]	1788609857526338	10021	8700f68abd5648fc	3d6a94d9ed80079b
1788609860574942575	0	500	phase_loop[198]	1788609857536376	9947	4a84cd018dd64048	3d6a94d9ed80079b
1788609860574942575	0	500	phase_loop[199]	1788609857546328	9993	0c17c79c6437366d	3d6a94d9ed80079b
1788609860574942575	0	500	phase_loop[200]	1788609857556325	10017	0a06793227d27402	3d6a94d9ed80079b
1788609860574942575	0	500	phase_loop[201]	1788609857566348	9989	1ad59486ab668fe3	3d6a94d9ed80079b
1788609860574942575	0	500	phase_loop[202]	1788609857576341	9979	c0fb074b87878314	3d6a94d9ed80079b
1788609860574942575	0	500	phase_loop[203]	1788609857586334	9990	d648aacd326831da	3d6a94d9ed80079b
1788609860574942575	0	500	phase_loop[204]	1788609857596339	9984	12f8c4a729c11391	3d6a94d9ed80079b
1788609860574942575	0	500	phase_loop[205]	1788609857606328	10004	bdaac3aed7f64aa0	3d6a94d9ed80079b
1788609860574942575	0	500	phase_loop[206]	1788609857616336	9997	b4cb9063eb5fe3bb	3d6a94d9ed80079b
1788609860574942575	0	500	phase_loop[207]	1788609857626337	10005	c400af8c7d0a8037	3d6a94d9ed80079b
1788609860574942575	0	500	phase_loop[208]	1788609857636346	9978	c939beef6c6aea08	3d6a94d9ed80079b
1788609860574942575	0	500	phase_loop[209]	1788609857646341	9987	12995e9b7cc59404	3d6a94d9ed80079b
1788609860574942575	0	500	phase_loop[210]	1788609857656342	9980	ed350a58c284322f	3d6a94d9ed80079b
1788609860574942575	0	500	phase_loop[211]	1788609857666327	10008	f6a8ec9b62dfb3d0	3d6a94d9ed80079b
1788609860574942575	0	500	phase_loop[212]	1788609857676339	9995	ab93abe904f8b4ff	3d6a94d9ed80079b
1788609860574942575	0	500	phase_loop[213]	1788609857686338	9995	ab2d79cfbf60937d	3d6a94d9ed80079b
1788609860574942575	0	500	phase_loop[214]	1788609857696336	9987	f40f3f903c7f4980	3d6a94d9ed80079b
1788609860574942575	0	500	phase_loop[215]	1788609857706338	9982	c5e5d81ba4719da2	3d6a94d9ed80079b
1788609860574942575	0	500	phase_loop[216]	1788609857716334	9988	ab2560e141c30bc1	3d6a94d9ed80079b
1788609860574942575	0	500	phase_loop[217]	1788609857726327	10011	a85d0fd76a2340cc	3d6a94d9ed80079b
1788609860574942575	0	500	phase_loop[218]	1788609857736342	9992	3796b0f62d154352	3d6a94d9ed80079b
1788609860574942575	0	500	phase_loop[219]	1788609857746338	9984	2b0f5b407d178fcc	3d6a94d9ed80079b
1788609860574942575	0	500	phase_loop[220]	1788609857756335	9987	3a6d9f4d947e50a3	3d6a94d9ed80079b
1788609860574942575	0	500	phase_loop[221]	1788609857766338	9985	0174ae47b3832199	3d6a94d9ed80079b
1788609860574942575	0	500	phase_loop[222]	1788609857776327	9984	a6811439ee642bb8	3d6a94d9ed80079b
1788609860574942575	0	500	phase_loop[223]	1788609857786327	10006	f9ad25f935b7d574	3d6a94d9ed80079b
1788609860574942575	0	500	phase_loop[224]	1788609857796337	9997	a22cc24e60b78633	3d6a94d9ed80079b
1788609860574942575	0	500	phase_loop[225]	1788609857806338	9984	69dfa58d49b7b55b	3d6a94d9ed80079b
1788609860574942575	0	500	phase_loop[226]	1788609857816337	9986	e7b7df516b5576ee	3d6a94d9ed80079b
1788609860574942575	0	500	phase_loop[227]	1788609857826338	9984	e753dd4c6f0fe607	3d6a94d9ed80079b
1788609860574942575	0	500	phase_loop[228]	1788609857836327	9996	1b9d255b9bf39653	3d6a94d9ed80079b
1788609860574942575	0	500	phase_loop[229]	1788609857846328	10012	a25a12e475564a13	3d6a94d9ed80079b
1788609860574942575	0	500	phase_loop[230]	1788609857856344	10043	89002d840219cd19	3d6a94d9ed80079b
1788609860574942575	0	500	phase_loop[231]	1788609857866391	9932	bd9b908687a474bf	3d6a94d9ed80079b
1788609860574942575	0	500	phase_loop[232]	1788609857876342	9979	72294ca85b586524	3d6a94d9ed80079b
1788609860574942575	0	500	phase_loop[233]	1788609857886335	9988	af4476b4c63eb4a8	3d6a94d9ed80079b
1788609860574942575	0	500	phase_loop[234]	1788609857896328	10007	e0e4e22fd648a3a9	3d6a94d9ed80079b
1788609860574942575	0	500	phase_loop[235]	1788609857906339	9996	16036d865b9bd521	3d6a94d9ed80079b
1788609860574942575	0	500	phase_loop[236]	1788609857916338	9996	eaf0c6fff0176ad1	3d6a94d9ed80079b
1788609860574942575	0	500	phase_loop[237]	1788609857926339	9986	3743022d31b95505	3d6a94d9ed80079b
1788609860574942575	0	500	phase_loop[238]	1788609857936340	9981	8f5b1505b617696c	3d6a94d9ed80079b
1788609860574942575	0	500	phase_loop[239]	1788609857946336	9987	1b1a4aed05a0c8ef	3d6a94d9ed80079b
1788609860574942575	0	500	phase_loop[240]	1788609857956327	10007	4b9dde1488d562c6	3d6a94d9ed80079b
1788609860574942575	0	500	phase_loop[241]	1788609857966338	9997	e6b429adaeefa0d3	3d6a94d9ed80079b
1788609860574942575	0	500	phase_loop[242]	1788609857976339	9995	8b69f3ba82856fd1	3d6a94d9ed80079b
1788609860574942575	0	500	phase_loop[243]	1788609857986338	9985	7944e7eaba4319c3	3d6a94d9ed80079b
1788609860574942575	0	500	phase_loop[244]	1788609857996338	9984	1dea09d7532d8ab2	3d6a94d9ed80079b
1788609860574942575	0	500	phase_loop[245]	1788609858006337	9985	c0364732c850e7dc	3d6a94d9ed80079b
1788609860574942575	0	500	phase_loop[246]	1788609858016327	10005	53e5905b7ebe4290	3d6a94d9ed80079b
1788609860574942575	0	500	phase_loop[247]	1788609858026336	9999	0dead3e1d37c746f	3d6a94d9ed80079b
1788609860574942575	0	500	phase_loop[248]	1788609858036339	9994	c8baeee5151ffb9f	3d6a94d9ed80079b
1788609860574942575	0	500	phase_loop[249]	1788609858046338	9983	e8474322cebd9786	3d6a94d9ed80079b
1788609860574942575	0	500	phase_loop[250]	1788609858056334	9990	f363558deda08970	3d6a94d9ed80079b
1788609860574942575	0	500	phase_loop[251]	1788609858066329	9984	bb3c97c8aa0ee104	3d6a94d9ed80079b
1788609860574942575	0	500	phase_loop[252]	1788609858076327	10006	6d87c3d6c0451527	3d6a94d9ed80079b
1788609860574942575	0	500	phase_loop[253]	1788609858086337	9996	b8f55fc98157284f	3d6a94d9ed80079b
1788609860574942575	0	500	phase_loop[254]	1788609858096338	9987	9c972cdd57d1e707	3d6a94d9ed80079b
1788609860574942575	0	500	phase_loop[255]	1788609858106339	9986	67f4566dd981ac77	3d6a94d9ed80079b
1788609860574942575	0	500	phase_loop[256]	1788609858116339	9984	cc2cdccd926ccfb3	3d6a94d9ed80079b
1788609860574942575	0	500	phase_loop[257]	1788609858126328	9996	2df5d9ad345dedc7	3d6a94d9ed80079b
1788609860574942575	0	500	phase_loop[258]	1788609858136329	10004	6a1537bfed8a14db	3d6a94d9ed80079b
1788609860574942575	0	500	phase_loop[259]	1788609858146337	9993	dcee8cdbaa2fbe2c	3d6a94d9ed80079b
1788609860574942575	0	500	phase_loop[260]	1788609858156334	9989	86ec519d7dc348c3	3d6a94d9ed80079b
1788609860574942575	0	500	phase_loop[261]	1788609858166338	9985	cd0263254e187749	3d6a94d9ed80079b
1788609860574942575	0	500	phase_loop[262]	1788609858176338	9982	5912933b1fab5f46	3d6a94d9ed80079b
1788609860574942575	0	500	phase_loop[263]	1788609858186324	10036	e7ad34108cd1d663	3d6a94d9ed80079b
1788609860574942575	0	500	phase_loop[264]	1788609858196365	9979	4ee6bc40d2c213ce	3d6a94d9ed80079b
1788609860574942575	0	500	phase_loop[265]	1788609858206348	9982	82fdbeea5eb04480	3d6a94d9ed80079b
1788609860574942575	0	500	phase_loop[266]	1788609858216335	9987	f07c856eb06a9248	3d6a94d9ed80079b
1788609860574942575	0	500	phase_loop[267]	1788609858226337	9986	a8e9b0c511f2d217	3d6a94d9ed80079b
1788609860574942575	0	500	phase_loop[268]	1788609858236339	9983	92f7d68075e28867	3d6a94d9ed80079b
1788609860574942575	0	500	phase_loop[269]	1788609858246326	10008	4c182d3940ddd456	3d6a94d9ed80079b
1788609860574942575	0	500	phase_loop[270]	1788609858256338	9998	338dc14942280b2a	3d6a94d9ed80079b
1788609860574942575	0	500	phase_loop[271]	1788609858266340	9994	a9373c3857ce5273	3d6a94d9ed80079b
1788609860574942575	0	500	phase_loop[272]	1788609858276338	9982	7296ea0031c16a6a	3d6a94d9ed80079b
1788609860574942575	0	500	phase_loop[273]	1788609858286334	9988	9ff166a03cecb320	3d6a94d9ed80079b
1788609860574942575	0	500	phase_loop[274]	1788609858296337	9988	54676e6c5687c85e	3d6a94d9ed80079b
1788609860574942575	0	500	phase_loop[275]	1788609858306330	10002	6907d85a525fc45c	3d6a94d9ed80079b
1788609860574942575	0	500	phase_loop[276]	1788609858316335	9997	f76b55d4cc383e8b	3d6a94d9ed80079b
1788609860574942575	0	500	phase_loop[277]	1788609858326337	9999	e456e29e4f6050c7	3d6a94d9ed80079b
1788609860574942575	0	500	phase_loop[278]	1788609858336339	9983	b418f8e58e910797	3d6a94d9ed80079b
1788609860574942575	0	500	phase_loop[279]	1788609858346337	9984	9cd4a8f55622e7d7	3d6a94d9ed80079b
1788609860574942575	0	500	phase_loop[280]	1788609858356334	9989	5d8a893b499432e8	3d6a94d9ed80079b
1788609860574942575	0	500	phase_loop[281]	1788609858366327	10006	c13587b7e591d6f4	3d6a94d9ed80079b
1788609860574942575	0	500	phase_loop[282]	1788609858376337	9997	752547e42efb41f2	3d6a94d9ed80079b
1788609860574942575	0	500	phase_loop[283]	1788609858386338	9984	fc47fad4767a0fee	3d6a94d9ed80079b
1788609860574942575	0	500	phase_loop[284]	1788609858396339	9985	19af33e2b88e3b94	3d6a94d9ed80079b
1788609860574942575	0	500	phase_loop[285]	1788609858406339	9982	00d0e2b1e086ca72	3d6a94d9ed80079b
1788609860574942575	0	500	phase_loop[286]	1788609858416325	9987	bbfe405861eafd88	3d6a94d9ed80079b
1788609860574942575	0	500	phase_loop[287]	1788609858426326	10010	9b3ebf0e73becaa7	3d6a94d9ed80079b
1788609860574942575	0	500	phase_loop[288]	1788609858436340	9992	a357de667dfc78ae	3d6a94d9ed80079b
1788609860574942575	0	500	phase_loop[289]	1788609858446336	9985	d0aa701163b11450	3d6a94d9ed80079b
1788609860574942575	0	500	phase_loop[290]	1788609858456336	9988	305e2f5c9f295762	3d6a94d9ed80079b
1788609860574942575	0	500	phase_loop[291]	1788609858466340	9983	5dc73d33bae1a923	3d6a94d9ed80079b
1788609860574942575	0	500	phase_loop[292]	1788609858476327	9993	78802cd056dbc071	3d6a94d9ed80079b
1788609860574942575	0	500	phase_loop[293]	1788609858486325	10008	8e1e8c4915d6fc6c	3d6a94d9ed80079b
1788609860574942575	0	500	phase_loop[294]	1788609858496337	9998	779b863f0834a337	3d6a94d9ed80079b
1788609860574942575	0	500	phase_loop[295]	1788609858506339	9982	9711adb7eb764915	3d6a94d9ed80079b
1788609860574942575	0	500	phase_loop[296]	1788609858516334	10022	79bb058521334672	3d6a94d9ed80079b
1788609860574942575	0	500	phase_loop[297]	1788609858526373	9953	f8bb9a97ca54e0e2	3d6a94d9ed80079b
1788609860574942575	0	500	phase_loop[298]	1788609858536331	10009	fe471f1a90a5d6e1	3d6a94d9ed80079b
1788609860574942575	0	500	phase_loop[299]	1788609858546345	9988	385e7d852d3f0262	3d6a94d9ed80079b
1788609860574942575	0	500	phase_loop[300]	1788609858556337	9997	f11dccb1467c20c8	3d6a94d9ed80079b
1788609860574942575	0	500	phase_loop[301]	1788609858566338	9985	0acd9ed51097dcde	3d6a94d9ed80079b
1788609860574942575	0	500	phase_loop[302]	1788609858576338	9982	682f3fe41cd37439	3d6a94d9ed80079b
1788609860574942575	0	500	phase_loop[303]	1788609858586334	9989	20fd91b0dc832fe3	3d6a94d9ed80079b
1788609860574942575	0	500	phase_loop[304]	1788609858596327	10007	30e99089166d2c1b	3d6a94d9ed80079b
1788609860574942575	0	500	phase_loop[305]	1788609858606338	9992	c95c702d80bda409	3d6a94d9ed80079b
1788609860574942575	0	500	phase_loop[306]	1788609858616335	9999	683ace8bbf3a1e70	3d6a94d9ed80079b
1788609860574942575	0	500	phase_loop[307]	1788609858626338	9986	963cfc5cc9a89ea6	3d6a94d9ed80079b
1788609860574942575	0	500	phase_loop[308]	1788609858636339	9982	aa479b49bb6cf695	3d6a94d9ed80079b
1788609860574942575	0	500	phase_loop[309]	1788609858646337	9983	0ae4886d7846068b	3d6a94d9ed80079b
1788609860574942575	0	500	phase_loop[310]	1788609858656325	10010	72ef3e46121f749f	3d6a94d9ed80079b
1788609860574942575	0	500	phase_loop[311]	1788609858666339	9995	f73b7576cf6768d8	3d6a94d9ed80079b
1788609860574942575	0	500	phase_loop[312]	1788609858676338	9995	ec4a7fa689d410c0	3d6a94d9ed80079b
1788609860574942575	0	500	phase_loop[313]	1788609858686337	9985	7f5b4f068465ebff	3d6a94d9ed80079b
1788609860574942575	0	500	phase_loop[314]	1788609858696337	9986	46b593b38add2ffb	3d6a94d9ed80079b
1788609860574942575	0	500	phase_loop[315]	1788609858706328	9981	771381d1512f4145	3d6a94d9ed80079b
1788609860574942575	0	500	phase_loop[316]	1788609858716324	10009	a98590867e083aff	3d6a94d9ed80079b
1788609860574942575	0	500	phase_loop[317]	1788609858726338	9999	c3f360f8f595a012	3d6a94d9ed80079b
1788609860574942575	0	500	phase_loop[318]	1788609858736341	9981	908b51a03a77a153	3d6a94d9ed80079b
1788609860574942575	0	500	phase_loop[319]	1788609858746337	9985	5b765fb5b824fd3d	3d6a94d9ed80079b
1788609860574942575	0	500	phase_loop[320]	1788609858756336	9987	f480c86459e10b49	3d6a94d9ed80079b
1788609860574942575	0	500	phase_loop[321]	1788609858766328	9994	672420700062a91e	3d6a94d9ed80079b
1788609860574942575	0	500	phase_loop[322]	1788609858776326	10005	e9a1a4a725ef3869	3d6a94d9ed80079b
1788609860574942575	0	500	phase_loop[323]	1788609858786335	9998	9d51b263f98b874a	3d6a94d9ed80079b
1788609860574942575	0	500	phase_loop[324]	1788609858796337	9985	225c4bac07597b6f	3d6a94d9ed80079b
1788609860574942575	0	500	phase_loop[325]	1788609858806338	9983	5bb479701c484307	3d6a94d9ed80079b
1788609860574942575	0	500	phase_loop[326]	1788609858816335	9987	0032e3b469cf9913	3d6a94d9ed80079b
1788609860574942575	0	500	phase_loop[327]	1788609858826326	9999	70854f7a35315ff6	3d6a94d9ed80079b
1788609860574942575	0	500	phase_loop[328]	1788609858836329	10005	a3c5d703f54f692d	3d6a94d9ed80079b
1788609860574942575	0	500	phase_loop[329]	1788609858846339	10031	3a206ecc164147ba	3d6a94d9ed80079b
1788609860574942575	0	500	phase_loop[330]	1788609858856374	9949	146e1badf7ee6b97	3d6a94d9ed80079b
1788609860574942575	0	500	phase_loop[331]	1788609858866340	9982	76129de58c4a8e60	3d6a94d9ed80079b
1788609860574942575	0	500	phase_loop[332]	1788609858876338	9983	abb384eef981f74c	3d6a94d9ed80079b
1788609860574942575	0	500	phase_loop[333]	1788609858886325	10012	fbf8fb766459e823	3d6a94d9ed80079b
1788609860574942575	0	500	phase_loop[334]	1788609858896341	9993	090ccdc5d3b2e9d1	3d6a94d9ed80079b
1788609860574942575	0	500	phase_loop[335]	1788609858906338	9997	db9646b06aecb2ff	3d6a94d9ed80079b
1788609860574942575	0	500	phase_loop[336]	1788609858916340	9983	d91091be3bb270c4	3d6a94d9ed80079b
1788609860574942575	0	500	phase_loop[337]	1788609858926338	9986	05f82ff6b9ee8587	3d6a94d9ed80079b
1788609860574942575	0	500	phase_loop[338]	1788609858936339	9984	bae120e160e634e5	3d6a94d9ed80079b
1788609860574942575	0	500	phase_loop[339]	1788609858946328	10005	4a5bbab8bee4bcfa	3d6a94d9ed80079b
1788609860574942575	0	500	phase_loop[340]	1788609858956337	9997	42a7e66b735c77e5	3d6a94d9ed80079b
1788609860574942575	0	500	phase_loop[341]	1788609858966338	9994	b9f562e4590920c0	3d6a94d9ed80079b
1788609860574942575	0	500	phase_loop[342]	1788609858976337	9985	b0919ac306a2f220	3d6a94d9ed80079b
1788609860574942575	0	500	phase_loop[343]	1788609858986336	9985	06b908c26f340076	3d6a94d9ed80079b
1788609860574942575	0	500	phase_loop[344]	1788609858996336	9986	1a7df4476255af49	3d6a94d9ed80079b
1788609860574942575	0	500	phase_loop[345]	1788609859006327	10006	1bfcfa194c028e8b	3d6a94d9ed80079b
1788609860574942575	0	500	phase_loop[346]	1788609859016337	9996	8ab13521937ec2f3	3d6a94d9ed80079b
1788609860574942575	0	500	phase_loop[347]	1788609859026337	9988	6e2e22633c6bab0e	3d6a94d9ed80079b
1788609860574942575	0	500	phase_loop[348]	1788609859036341	9982	1119272fe85e196d	3d6a94d9ed80079b
1788609860574942575	0	500	phase_loop[349]	1788609859046338	9983	2b7df4f7d95c1fbe	3d6a94d9ed80079b
1788609860574942575	0	500	phase_loop[350]	1788609859056325	9989	65ccdb8a1da835dd	3d6a94d9ed80079b
1788609860574942575	0	500	phase_loop[351]	1788609859066327	10006	b996c3600deb3168	3d6a94d9ed80079b
1788609860574942575	0	500	phase_loop[352]	1788609859076338	9995	4ae8fc32eff2329c	3d6a94d9ed80079b
1788609860574942575	0	500	phase_loop[353]	1788609859086337	9985	18b7697b97b2b2ad	3d6a94d9ed80079b
1788609860574942575	0	500	phase_loop[354]	1788609859096337	9986	06e00f2a72172977	3d6a94d9ed80079b
1788609860574942575	0	500	phase_loop[355]	1788609859106338	9982	611ba27d3345b98d	3d6a94d9ed80079b
1788609860574942575	0	500	phase_loop[356]	1788609859116325	9998	e488b386d83ead3f	3d6a94d9ed80079b
1788609860574942575	0	500	phase_loop[357]	1788609859126328	10006	b0d2df41b81ab717	3d6a94d9ed80079b
1788609860574942575	0	500	phase_loop[358]	1788609859136338	9996	48bf5d031dcf4e3c	3d6a94d9ed80079b
1788609860574942575	0	500	phase_loop[359]	1788609859146338	9984	49942d1a16bb7a50	3d6a94d9ed80079b
1788609860574942575	0	500	phase_loop[360]	1788609859156337	9987	cbe064ce1cbeaf86	3d6a94d9ed80079b
1788609860574942575	0	500	phase_loop[361]	1788609859166338	9985	62b5ad56983f32c1	3d6a94d9ed80079b
1788609860574942575	0	500	phase_loop[362]	1788609859176328	10039	ebd12bf979e99a2c	3d6a94d9ed80079b
1788609860574942575	0	500	phase_loop[363]	1788609859186372	9974	b73eb941c95a7557	3d6a94d9ed80079b
1788609860574942575	0	500	phase_loop[364]	1788609859196351	9984	afa958ad2cb4deed	3d6a94d9ed80079b
1788609860574942575	0	500	phase_loop[365]	1788609859206338	9984	af6ec7ecec4a060d	3d6a94d9ed80079b
1788609860574942575	0	500	phase_loop[366]	1788609859216338	9984	d7bc14b5fc5bbe08	3d6a94d9ed80079b
1788609860574942575	0	500	phase_loop[367]	1788609859226337	9985	5a920eb5cb3d3e75	3d6a94d9ed80079b
1788609860574942575	0	500	phase_loop[368]	1788609859236327	10005	950225d43c76a26a	3d6a94d9ed80079b
1788609860574942575	0	500	phase_loop[369]	1788609859246336	9994	5f263fc06f933e1f	3d6a94d9ed80079b
1788609860574942575	0	500	phase_loop[370]	1788609859256334	10000	eba441b6a0c9b152	3d6a94d9ed80079b
1788609860574942575	0	500	phase_loop[371]	1788609859266338	9984	6c1ef789d46113eb	3d6a94d9ed80079b
1788609860574942575	0	500	phase_loop[372]	1788609859276338	9985	631c0c813fb3ace8	3d6a94d9ed80079b
1788609860574942575	0	500	phase_loop[373]	1788609859286337	9987	d077cb711c46dce2	3d6a94d9ed80079b
1788609860574942575	0	500	phase_loop[374]	1788609859296328	10005	b43fe628436def19	3d6a94d9ed80079b
1788609860574942575	0	500	phase_loop[375]	1788609859306338	9993	03c2456a8f093c48	3d6a94d9ed80079b
1788609860574942575	0	500	phase_loop[376]	1788609859316335	9998	14df36e66547408c	3d6a94d9ed80079b
1788609860574942575	0	500	phase_loop[377]	1788609859326337	9986	a3cadd2aa772d15b	3d6a94d9ed80079b
1788609860574942575	0	500	phase_loop[378]	1788609859336339	9982	ec433e6c52248214	3d6a94d9ed80079b
1788609860574942575	0	500	phase_loop[379]	1788609859346326	9985	45bc32adff421b0c	3d6a94d9ed80079b
1788609860574942575	0	500	phase_loop[380]	1788609859356325	10010	fd7129b42d915226	3d6a94d9ed80079b
1788609860574942575	0	500	phase_loop[381]	1788609859366339	9995	94810119ee791e9a	3d6a94d9ed80079b
1788609860574942575	0	500	phase_loop[382]	1788609859376338	9985	655146a77ab72ee1	3d6a94d9ed80079b
1788609860574942575	0	500	phase_loop[383]	1788609859386337	9987	4c457f82fb9a2016	3d6a94d9ed80079b
1788609860574942575	0	500	phase_loop[384]	1788609859396338	9985	c5d6ab52857bdd6f	3d6a94d9ed80079b
1788609860574942575	0	500	phase_loop[385]	1788609859406327	9994	79c0dba8c76a7edb	3d6a94d9ed80079b
1788609860574942575	0	500	phase_loop[386]	1788609859416326	10007	ca6ea8ebf263fab0	3d6a94d9ed80079b
1788609860574942575	0	500	phase_loop[387]	1788609859426337	9998	a07a17acc0c6c831	3d6a94d9ed80079b
1788609860574942575	0	500	phase_loop[388]	1788609859436339	9984	bbb4a698661fe885	3d6a94d9ed80079b
1788609860574942575	0	500	phase_loop[389]	1788609859446337	9985	07c641265130d9e7	3d6a94d9ed80079b
1788609860574942575	0	500	phase_loop[390]	1788609859456336	9987	fc2580981241b51e	3d6a94d9ed80079b
1788609860574942575	0	500	phase_loop[391]	1788609859466328	9996	97f8f36776c92e4d	3d6a94d9ed80079b
1788609860574942575	0	500	phase_loop[392]	1788609859476329	10003	8ba137b625fe8ac7	3d6a94d9ed80079b
1788609860574942575	0	500	phase_loop[393]	1788609859486336	9998	87cdc7afd506902f	3d6a94d9ed80079b
1788609860574942575	0	500	phase_loop[394]	1788609859496338	9984	740af8715f17ca74	3d6a94d9ed80079b
1788609860574942575	0	500	phase_loop[395]	1788609859506337	10021	f472879b5b3a02f0	3d6a94d9ed80079b
1788609860574942575	0	500	phase_loop[396]	1788609859516375	9948	f59b85a4c322f3ea	3d6a94d9ed80079b
1788609860574942575	0	500	phase_loop[397]	1788609859526329	10010	d00556c5c3bb1f09	3d6a94d9ed80079b
1788609860574942575	0	500	phase_loop[398]	1788609859536343	9987	51076422817856bc	3d6a94d9ed80079b
1788609860574942575	0	500	phase_loop[399]	1788609859546335	9997	364f50b684231159	3d6a94d9ed80079b
1788609860574942575	0	500	phase_loop[400]	1788609859556336	9986	182c1872afdf4b5e	3d6a94d9ed80079b
1788609860574942575	0	500	phase_loop[401]	1788609859566338	9985	c247fd6ee06f9f46	3d6a94d9ed80079b
1788609860574942575	0	500	phase_loop[402]	1788609859576339	9984	1a643cbc5e639a90	3d6a94d9ed80079b
1788609860574942575	0	500	phase_loop[403]	1788609859586328	10005	5ce0b5a9f4abb23a	3d6a94d9ed80079b
1788609860574942575	0	500	phase_loop[404]	1788609859596337	9998	5e6a6d663e438287	3d6a94d9ed80079b
1788609860574942575	0	500	phase_loop[405]	1788609859606339	9992	f1fed72336968243	3d6a94d9ed80079b
1788609860574942575	0	500	phase_loop[406]	1788609859616335	9987	5b629e406726d41b	3d6a94d9ed80079b
1788609860574942575	0	500	phase_loop[407]	1788609859626337	9987	1ae82fac63809fd3	3d6a94d9ed80079b
1788609860574942575	0	500	phase_loop[408]	1788609859636340	9983	f3d8a36e1fc9eb6b	3d6a94d9ed80079b
1788609860574942575	0	500	phase_loop[409]	1788609859646327	10004	c64d5202ee0f762e	3d6a94d9ed80079b
1788609860574942575	0	500	phase_loop[410]	1788609859656335	9999	e176274c4097be31	3d6a94d9ed80079b
1788609860574942575	0	500	phase_loop[411]	1788609859666339	9983	cbc43608ae7d490c	3d6a94d9ed80079b
1788609860574942575	0	500	phase_loop[412]	1788609859676337	9984	fe22883b23f4f000	3d6a94d9ed80079b
1788609860574942575	0	500	phase_loop[413]	1788609859686334	9988	a0adbaf5a49ca31b	3d6a94d9ed80079b
1788609860574942575	0	500	phase_loop[414]	1788609859696327	9987	56909f2ec8e34f0a	3d6a94d9ed80079b
1788609860574942575	0	500	phase_loop[415]	1788609859706329	10005	4df1ff3c0dc33140	3d6a94d9ed80079b
1788609860574942575	0	500	phase_loop[416]	1788609859716339	9997	d025e967fdf73ad2	3d6a94d9ed80079b
1788609860574942575	0	500	phase_loop[417]	1788609859726340	9985	cf053308a298e60b	3d6a94d9ed80079b
1788609860574942575	0	500	phase_loop[418]	1788609859736340	9981	dd11a33790d35738	3d6a94d9ed80079b
1788609860574942575	0	500	phase_loop[419]	1788609859746335	9988	d5affc0a8f3d6d4b	3d6a94d9ed80079b
1788609860574942575	0	500	phase_loop[420]	1788609859756327	9998	2c769f6e9f62215b	3d6a94d9ed80079b
1788609860574942575	0	500	phase_loop[421]	1788609859766329	10005	48358f7fd4183237	3d6a94d9ed80079b
1788609860574942575	0	500	phase_loop[422]	1788609859776338	9991	db2d23c1c4d3bd0b	3d6a94d9ed80079b
1788609860574942575	0	500	phase_loop[423]	1788609859786334	9988	9d1758937323d929	3d6a94d9ed80079b
1788609860574942575	0	500	phase_loop[424]	1788609859796337	9986	07df46a2cce87a3f	3d6a94d9ed80079b
1788609860574942575	0	500	phase_loop[425]	1788609859806338	9985	954a72e795a5cfdc	3d6a94d9ed80079b
1788609860574942575	0	500	phase_loop[426]	1788609859816328	10005	49e973937a842303	3d6a94d9ed80079b
1788609860574942575	0	500	phase_loop[427]	1788609859826337	9999	c22451ed7f981f61	3d6a94d9ed80079b
1788609860574942575	0	500	phase_loop[428]	1788609859836340	10028	a1673654dff845ab	3d6a94d9ed80079b
1788609860574942575	0	500	phase_loop[429]	1788609859846372	9950	b1bc3db5e0892f0a	3d6a94d9ed80079b
1788609860574942575	0	500	phase_loop[430]	1788609859856340	9983	a715b33fa8ca1fef	3d6a94d9ed80079b
1788609860574942575	0	500	phase_loop[431]	1788609859866337	9988	27af63a7df64d5d4	3d6a94d9ed80079b
1788609860574942575	0	500	phase_loop[432]	1788609859876330	10007	954ba10b2184d559	3d6a94d9ed80079b
1788609860574942575	0	500	phase_loop[433]	1788609859886340	9993	ca3331b3faa7d314	3d6a94d9ed80079b
1788609860574942575	0	500	phase_loop[434]	1788609859896338	9997	984613717d7a778a	3d6a94d9ed80079b
1788609860574942575	0	500	phase_loop[435]	1788609859906339	9984	bc83b0ab3871496f	3d6a94d9ed80079b
1788609860574942575	0	500	phase_loop[436]	1788609859916337	9986	1a9c68dfe48e8aa3	3d6a94d9ed80079b
1788609860574942575	0	500	phase_loop[437]	1788609859926337	9988	d4779bda2fee0e95	3d6a94d9ed80079b
1788609860574942575	0	500	phase_loop[438]	1788609859936330	10004	629725cfe3bb3465	3d6a94d9ed80079b
1788609860574942575	0	500	phase_loop[439]	1788609859946337	9993	14f4d0d076fd1268	3d6a94d9ed80079b
1788609860574942575	0	500	phase_loop[440]	1788609859956334	10000	d6f33f2157f304f1	3d6a94d9ed80079b
1788609860574942575	0	500	phase_loop[441]	1788609859966338	9985	8d2c435c3e4c9aad	3d6a94d9ed80079b
1788609860574942575	0	500	phase_loop[442]	1788609859976339	9982	78b548ed49932058	3d6a94d9ed80079b
1788609860574942575	0	500	phase_loop[443]	1788609859986325	9989	06a075958373984b	3d6a94d9ed80079b
1788609860574942575	0	500	phase_loop[444]	1788609859996328	10006	2bb6182c2970d216	3d6a94d9ed80079b
1788609860574942575	0	500	phase_loop[445]	1788609860006338	9995	a6ca4c68c6e2ee8c	3d6a94d9ed80079b
1788609860574942575	0	500	phase_loop[446]	1788609860016337	9985	18bb3c0a150a644b	3d6a94d9ed80079b
1788609860574942575	0	500	phase_loop[447]	1788609860026337	9985	916b46bb7b8930da	3d6a94d9ed80079b
1788609860574942575	0	500	phase_loop[448]	1788609860036337	9985	34901eccff7d4794	3d6a94d9ed80079b
1788609860574942575	0	500	phase_loop[449]	1788609860046326	9996	a7e322bda0c3347c	3d6a94d9ed80079b
1788609860574942575	0	500	phase_loop[450]	1788609860056327	10008	ad82d1a36853e7e7	3d6a94d9ed80079b
1788609860574942575	0	500	phase_loop[451]	1788609860066338	9995	683494074438163c	3d6a94d9ed80079b
1788609860574942575	0	500	phase_loop[452]	1788609860076338	9983	072c3531ee520108	3d6a94d9ed80079b
1788609860574942575	0	500	phase_loop[453]	1788609860086335	9987	895b19b9cc53e7e9	3d6a94d9ed80079b
1788609860574942575	0	500	phase_loop[454]	1788609860096337	9986	8f57edabce08ff56	3d6a94d9ed80079b
1788609860574942575	0	500	phase_loop[455]	1788609860106328	9995	82ed4c047240bb46	3d6a94d9ed80079b
1788609860574942575	0	500	phase_loop[456]	1788609860116328	10003	39e624f4260ed096	3d6a94d9ed80079b
1788609860574942575	0	500	phase_loop[457]	1788609860126336	10001	b3235d3b18ae1215	3d6a94d9ed80079b
1788609860574942575	0	500	phase_loop[458]	1788609860136341	9980	bc8bfc59c1379c60	3d6a94d9ed80079b
1788609860574942575	0	500	phase_loop[459]	1788609860146335	9987	0530def6a647a57f	3d6a94d9ed80079b
1788609860574942575	0	500	phase_loop[460]	1788609860156337	9986	82507d9da52ed23d	3d6a94d9ed80079b
1788609860574942575	0	500	phase_loop[461]	1788609860166328	10043	9dcfd2b4ee11a969	3d6a94d9ed80079b
1788609860574942575	0	500	phase_loop[462]	1788609860176375	9958	4c9019ff21d62501	3d6a94d9ed80079b
1788609860574942575	0	500	phase_loop[463]	1788609860186338	9997	524a617382704e9e	3d6a94d9ed80079b
1788609860574942575	0	500	phase_loop[464]	1788609860196338	9985	aa1ea74e05d22770	3d6a94d9ed80079b
1788609860574942575	0	500	phase_loop[465]	1788609860206338	9983	87eb666bbb4d0f31	3d6a94d9ed80079b
1788609860574942575	0	500	phase_loop[466]	1788609860216335	9988	7e498ddfabf09ede	3d6a94d9ed80079b
1788609860574942575	0	500	phase_loop[467]	1788609860226327	10008	0d5589f837ed59cb	3d6a94d9ed80079b
1788609860574942575	0	500	phase_loop[468]	1788609860236339	9993	da4cac673cb3abaa	3d6a94d9ed80079b
1788609860574942575	0	500	phase_loop[469]	1788609860246336	9994	99e8f4ae13d25503	3d6a94d9ed80079b
1788609860574942575	0	500	phase_loop[470]	1788609860256334	9989	ce1cc859b970f1ba	3d6a94d9ed80079b
1788609860574942575	0	500	phase_loop[471]	1788609860266338	9984	a71f37417637c7c5	3d6a94d9ed80079b
1788609860574942575	0	500	phase_loop[472]	1788609860276338	9982	aded844d26e3a235	3d6a94d9ed80079b
1788609860574942575	0	500	phase_loop[473]	1788609860286325	10009	ab4e19131bdc7c5b	3d6a94d9ed80079b
1788609860574942575	0	500	phase_loop[474]	1788609860296338	9998	12110141ab1cc599	3d6a94d9ed80079b
1788609860574942575	0	500	phase_loop[475]	1788609860306340	9981	83b0165d2cd3c52b	3d6a94d9ed80079b
1788609860574942575	0	500	phase_loop[476]	1788609860316334	9989	54bfae3bf02464e3	3d6a94d9ed80079b
1788609860574942575	0	500	phase_loop[477]	1788609860326339	9984	68ddc41db762af29	3d6a94d9ed80079b
1788609860574942575	0	500	phase_loop[478]	1788609860336328	9983	477c466a2c4831be	3d6a94d9ed80079b
1788609860574942575	0	500	phase_loop[479]	1788609860346326	10005	9260cafb0a05d5b7	3d6a94d9ed80079b
1788609860574942575	0	500	phase_loop[480]	1788609860356335	9999	827b9731f6c748f3	3d6a94d9ed80079b
1788609860574942575	0	500	phase_loop[481]	1788609860366338	9985	7379204c9d46f9ae	3d6a94d9ed80079b
1788609860574942575	0	500	phase_loop[482]	1788609860376338	9984	ce1d5c00a40988c2	3d6a94d9ed80079b
1788609860574942575	0	500	phase_loop[483]	1788609860386336	9988	6156e2982534b93f	3d6a94d9ed80079b
1788609860574942575	0	500	phase_loop[484]	1788609860396327	9996	936973d993d6322b	3d6a94d9ed80079b
1788609860574942575	0	500	phase_loop[485]	1788609860406328	10005	39e30fd4b9eb2b00	3d6a94d9ed80079b
1788609860574942575	0	500	phase_loop[486]	1788609860416337	9995	18f2facdb69e148b	3d6a94d9ed80079b
1788609860574942575	0	500	phase_loop[487]	1788609860426337	9986	fbd49ed5b198d2a7	3d6a94d9ed80079b
1788609860574942575	0	500	phase_loop[488]	1788609860436337	9985	39705ae2a1e65480	3d6a94d9ed80079b
1788609860574942575	0	500	phase_loop[489]	1788609860446337	9985	c3281ec63b3d9d7f	3d6a94d9ed80079b
1788609860574942575	0	500	phase_loop[490]	1788609860456327	10009	326947ab4d5f58ae	3d6a94d9ed80079b
1788609860574942575	0	500	phase_loop[491]	1788609860466340	9994	13c9c067b36dc654	3d6a94d9ed80079b
1788609860574942575	0	500	phase_loop[492]	1788609860476338	9993	46a226fbebca8779	3d6a94d9ed80079b
1788609860574942575	0	500	phase_loop[493]	1788609860486335	9987	f2ea20ed0e062d5a	3d6a94d9ed80079b
1788609860574942575	0	500	phase_loop[494]	1788609860496337	10031	1c1bda6507c18d76	3d6a94d9ed80079b
1788609860574942575	0	500	phase_loop[495]	1788609860506388	9938	9fab66bc2c7b0e18	3d6a94d9ed80079b
1788609860574942575	0	500	phase_loop[496]	1788609860516331	10004	7b05d87220d2ef1d	3d6a94d9ed80079b
1788609860574942575	0	500	phase_loop[497]	1788609860526339	9997	c543366bba3f43b3	3d6a94d9ed80079b
1788609860574942575	0	500	phase_loop[498]	1788609860536340	9993	99c89a37cab09ca5	3d6a94d9ed80079b
1788609860583502029	1	3	phase_loop[499]	1788609860546337	9989	398fcd34593f8b1d	3d6a94d9ed80079b
1788609860583502029	1	3	phase_loop[500]	1788609860556343	10005	31def701efafea5c	3d6a94d9ed80079b
1788609860583502029	1	3	phase_loop[501]	1788609860566362	9993	8138363c2220de0b	3d6a94d9ed80079b
1788609865571057802	2	498	phase_loop[502]	1788609860576371	9968	177937478e6572a6	3d6a94d9ed80079b
1788609865571057802	2	498	phase_loop[503]	1788609860586355	9972	b33979f27c727ab6	3d6a94d9ed80079b
1788609865571057802	2	498	phase_loop[504]	1788609860596332	9991	2405cc9ec1a6f5b9	3d6a94d9ed80079b
1788609865571057802	2	498	phase_loop[505]	1788609860606326	9994	8345e18b9639f835	3d6a94d9ed80079b
1788609865571057802	2	498	phase_loop[506]	1788609860616325	9997	903dc6184d9cd31c	3d6a94d9ed80079b
1788609865571057802	2	498	phase_loop[507]	1788609860626327	9997	7c3d28b4e9751dd4	3d6a94d9ed80079b
1788609865571057802	2	498	phase_loop[508]	1788609860636327	9994	06547c020386fce0	3d6a94d9ed80079b
1788609865571057802	2	498	phase_loop[509]	1788609860646326	10005	3179b85486fa0016	3d6a94d9ed80079b
1788609865571057802	2	498	phase_loop[510]	1788609860656334	9988	b48d01b155178547	3d6a94d9ed80079b
1788609865571057802	2	498	phase_loop[511]	1788609860666327	9997	1994b7bc916d655e	3d6a94d9ed80079b
1788609865571057802	2	498	phase_loop[512]	1788609860676328	9995	e982c2420da398a9	3d6a94d9ed80079b
1788609865571057802	2	498	phase_loop[513]	1788609860686327	9996	4003a9cee7d29415	3d6a94d9ed80079b
1788609865571057802	2	498	phase_loop[514]	1788609860696327	9996	81118a1193b19cd4	3d6a94d9ed80079b
1788609865571057802	2	498	phase_loop[515]	1788609860706328	9995	8d05496ce1217313	3d6a94d9ed80079b
1788609865571057802	2	498	phase_loop[516]	1788609860716326	9995	98d533d876394ff7	3d6a94d9ed80079b
1788609865571057802	2	498	phase_loop[517]	1788609860726326	9997	849c4606c4f1d2d3	3d6a94d9ed80079b
1788609865571057802	2	498	phase_loop[518]	1788609860736327	9996	f424f42ce64239aa	3d6a94d9ed80079b
1788609865571057802	2	498	phase_loop[519]	1788609860746327	9995	ebecb8694eb56238	3d6a94d9ed80079b
1788609865571057802	2	498	phase_loop[520]	1788609860756325	9998	8a05ac37f6da61fb	3d6a94d9ed80079b
1788609865571057802	2	498	phase_loop[521]	1788609860766329	9995	814f0c5b96f05626	3d6a94d9ed80079b
1788609865571057802	2	498	phase_loop[522]	1788609860776328	9994	28608c44c67449e4	3d6a94d9ed80079b
1788609865571057802	2	498	phase_loop[523]	1788609860786326	9996	6587e728e30654f3	3d6a94d9ed80079b
1788609865571057802	2	498	phase_loop[524]	1788609860796326	9997	4088443e8017306e	3d6a94d9ed80079b
1788609865571057802	2	498	phase_loop[525]	1788609860806328	9996	27612ec03b42c7ec	3d6a94d9ed80079b
1788609865571057802	2	498	phase_loop[526]	1788609860816328	9995	e79abb8d155df63b	3d6a94d9ed80079b
1788609865571057802	2	498	phase_loop[527]	1788609860826327	10052	fa5ec86233eb0ea9	3d6a94d9ed80079b
1788609865571057802	2	498	phase_loop[528]	1788609860836385	9939	b98c477c97a573e6	3d6a94d9ed80079b
1788609865571057802	2	498	phase_loop[529]	1788609860846330	9991	a62429727d481493	3d6a94d9ed80079b
1788609865571057802	2	498	phase_loop[530]	1788609860856325	9998	f36260a2fab3da78	3d6a94d9ed80079b
1788609865571057802	2	498	phase_loop[531]	1788609860866327	9995	ce69d604f17891a6	3d6a94d9ed80079b
1788609865571057802	2	498	phase_loop[532]	1788609860876327	9995	8c3a0a71c6e28309	3d6a94d9ed80079b
1788609865571057802	2	498	phase_loop[533]	1788609860886326	9997	93977eca4d9f70fb	3d6a94d9ed80079b
1788609865571057802	2	498	phase_loop[534]	1788609860896327	9995	9fbd2e716e04b594	3d6a94d9ed80079b
1788609865571057802	2	498	phase_loop[535]	1788609860906326	9997	f14930a11dea28c0	3d6a94d9ed80079b
1788609865571057802	2	498	phase_loop[536]	1788609860916326	9997	37d41d981a7dbb82	3d6a94d9ed80079b
1788609865571057802	2	498	phase_loop[537]	1788609860926327	9996	e65dc10981bd42b1	3d6a94d9ed80079b
1788609865571057802	2	498	phase_loop[538]	1788609860936327	9995	648cdca23d09bbbb	3d6a94d9ed80079b
1788609865571057802	2	498	phase_loop[539]	1788609860946326	10003	1bf3503a00b3f4c9	3d6a94d9ed80079b
1788609865571057802	2	498	phase_loop[540]	1788609860956332	9991	bd5c32b54fa86a6b	3d6a94d9ed80079b
1788609865571057802	2	498	phase_loop[541]	1788609860966327	9997	8de17a90d0ac9221	3d6a94d9ed80079b
1788609865571057802	2	498	phase_loop[542]	1788609860976327	9995	6142a2a4658742ce	3d6a94d9ed80079b
1788609865571057802	2	498	phase_loop[543]	1788609860986326	9996	26e316e53cfaf703	3d6a94d9ed80079b
1788609865571057802	2	498	phase_loop[544]	1788609860996326	9997	5139d17fea9703eb	3d6a94d9ed80079b
1788609865571057802	2	498	phase_loop[545]	1788609861006328	9995	adbeb96072519ac8	3d6a94d9ed80079b
1788609865571057802	2	498	phase_loop[546]	1788609861016327	9995	87ba33444ec5d6d2	3d6a94d9ed80079b
1788609865571057802	2	498	phase_loop[547]	1788609861026328	9997	50d23ed0e8140dc7	3d6a94d9ed80079b
1788609865571057802	2	498	phase_loop[548]	1788609861036328	9994	411d1231890c145b	3d6a94d9ed80079b
1788609865571057802	2	498	phase_loop[549]	1788609861046326	9995	2440bfde66b0ae27	3d6a94d9ed80079b
1788609865571057802	2	498	phase_loop[550]	1788609861056325	10002	ec1ea56324fd4208	3d6a94d9ed80079b
1788609865571057802	2	498	phase_loop[551]	1788609861066334	9989	fb0d27496a3f23ac	3d6a94d9ed80079b
1788609865571057802	2	498	phase_loop[552]	1788609861076327	9994	f607bb69d59bb539	3d6a94d9ed80079b
1788609865571057802	2	498	phase_loop[553]	1788609861086326	9997	2b4e6306b700b65a	3d6a94d9ed80079b
1788609865571057802	2	498	phase_loop[554]	1788609861096327	9994	06ec2b6d192fb3eb	3d6a94d9ed80079b
1788609865571057802	2	498	phase_loop[555]	1788609861106326	9997	3a160bc7abd88334	3d6a94d9ed80079b
1788609865571057802	2	498	phase_loop[556]	1788609861116327	9996	e2b4bfe028831a1c	3d6a94d9ed80079b
1788609865571057802	2	498	phase_loop[557]	1788609861126327	9997	b0e2746dbd598241	3d6a94d9ed80079b
1788609865571057802	2	498	phase_loop[558]	1788609861136327	9994	c7c57d2d9d8ef711	3d6a94d9ed80079b
1788609865571057802	2	498	phase_loop[559]	1788609861146325	10006	12993b437cfbaff1	3d6a94d9ed80079b
1788609865571057802	2	498	phase_loop[560]	1788609861156335	10032	d6b78296774fa22e	3d6a94d9ed80079b
1788609865571057802	2	498	phase_loop[561]	1788609861166371	9952	fbdab558c67d9083	3d6a94d9ed80079b
1788609865571057802	2	498	phase_loop[562]	1788609861176327	9994	4626dea0ccb22991	3d6a94d9ed80079b
1788609865571057802	2	498	phase_loop[563]	1788609861186326	9998	24ef025b5816bd08	3d6a94d9ed80079b
1788609865571057802	2	498	phase_loop[564]	1788609861196328	9994	c1a0ada5468fc205	3d6a94d9ed80079b
1788609865571057802	2	498	phase_loop[565]	1788609861206327	9995	af7997ca39f952c9	3d6a94d9ed80079b
1788609865571057802	2	498	phase_loop[566]	1788609861216325	9997	f03ca030bcd5236e	3d6a94d9ed80079b
1788609865571057802	2	498	phase_loop[567]	1788609861226326	9997	bcef33abcb0bb60b	3d6a94d9ed80079b
1788609865571057802	2	498	phase_loop[568]	1788609861236328	9993	a91e0449d2ffa5b7	3d6a94d9ed80079b
1788609865571057802	2	498	phase_loop[569]	1788609861246325	9997	7fb2e58cff2ca695	3d6a94d9ed80079b
1788609865571057802	2	498	phase_loop[570]	1788609861256326	9997	db5692ae6f642b08	3d6a94d9ed80079b
1788609865571057802	2	498	phase_loop[571]	1788609861266327	9996	e62d3bbb75b747f2	3d6a94d9ed80079b
1788609865571057802	2	498	phase_loop[572]	1788609861276327	9999	046a374613c0d4b1	3d6a94d9ed80079b
1788609865571057802	2	498	phase_loop[573]	1788609861286330	9993	4a9b3624c37b7188	3d6a94d9ed80079b
1788609865571057802	2	498	phase_loop[574]	1788609861296327	9995	09576dd51975cdbf	3d6a94d9ed80079b
1788609865571057802	2	498	phase_loop[575]	1788609861306326	9996	66a3b290fcef05d6	3d6a94d9ed80079b
1788609865571057802	2	498	phase_loop[576]	1788609861316327	9995	ea97f7621a2a4ac9	3d6a94d9ed80079b
1788609865571057802	2	498	phase_loop[577]	1788609861326327	9996	e04f25ae65018cf2	3d6a94d9ed80079b
1788609865571057802	2	498	phase_loop[578]	1788609861336328	9993	2f11165e633c1037	3d6a94d9ed80079b
1788609865571057802	2	498	phase_loop[579]	1788609861346325	10007	1fe860bfe2a1ab7f	3d6a94d9ed80079b
1788609865571057802	2	498	phase_loop[580]	1788609861356336	9987	6fa3f62152704c18	3d6a94d9ed80079b
1788609865571057802	2	498	phase_loop[581]	1788609861366327	9996	3a87c4d7ae06c0a7	3d6a94d9ed80079b
1788609865571057802	2	498	phase_loop[582]	1788609861376327	9993	1781de2a1b8b62b8	3d6a94d9ed80079b
1788609865571057802	2	498	phase_loop[583]	1788609861386325	9997	64ee707307e8762a	3d6a94d9ed80079b
1788609865571057802	2	498	phase_loop[584]	1788609861396326	9996	b5a4c9a41bba8701	3d6a94d9ed80079b
1788609865571057802	2	498	phase_loop[585]	1788609861406326	9995	1b13e30433704ad2	3d6a94d9ed80079b
1788609865571057802	2	498	phase_loop[586]	1788609861416326	9996	c8a8b3dab23395a0	3d6a94d9ed80079b
1788609865571057802	2	498	phase_loop[587]	1788609861426327	9998	15663cf45e37c9f5	3d6a94d9ed80079b
1788609865571057802	2	498	phase_loop[588]	1788609861436329	9994	a27979e51e24c97a	3d6a94d9ed80079b
1788609865571057802	2	498	phase_loop[589]	1788609861446327	9995	4722a48ed0ec85b6	3d6a94d9ed80079b
1788609865571057802	2	498	phase_loop[590]	1788609861456327	9997	9482d36e43bc418d	3d6a94d9ed80079b
1788609865571057802	2	498	phase_loop[591]	1788609861466328	9996	a762a19c7d4cf34e	3d6a94d9ed80079b
1788609865571057802	2	498	phase_loop[592]	1788609861476329	9994	e03242b6756ce9f3	3d6a94d9ed80079b
1788609865571057802	2	498	phase_loop[593]	1788609861486327	10031	c936d4415ca70666	3d6a94d9ed80079b
1788609865571057802	2	498	phase_loop[594]	1788609861496363	9960	389fbf928c28f086	3d6a94d9ed80079b
1788609865571057802	2	498	phase_loop[595]	1788609861506328	9993	5155f1603c37c96e	3d6a94d9ed80079b
1788609865571057802	2	498	phase_loop[596]	1788609861516325	9997	17b8c50b871702be	3d6a94d9ed80079b
1788609865571057802	2	498	phase_loop[597]	1788609861526326	9997	16cd0a06b251082d	3d6a94d9ed80079b
1788609865571057802	2	498	phase_loop[598]	1788609861536327	9994	7ef09d167e6f90a9	3d6a94d9ed80079b
1788609865571057802	2	498	phase_loop[599]	1788609861546324	9997	c2143301480b85d3	3d6a94d9ed80079b
1788609865571057802	2	498	phase_loop[600]	1788609861556326	9998	572bb5142ecde012	3d6a94d9ed80079b
1788609865571057802	2	498	phase_loop[601]	1788609861566330	9994	379b74175c815da3	3d6a94d9ed80079b
1788609865571057802	2	498	phase_loop[602]	1788609861576328	9995	425b126d97d882b7	3d6a94d9ed80079b
1788609865571057802	2	498	phase_loop[603]	1788609861586327	9996	e24d0c58dfa82206	3d6a94d9ed80079b
1788609865571057802	2	498	phase_loop[604]	1788609861596327	9996	cb44ce95c5456602	3d6a94d9ed80079b
1788609865571057802	2	498	phase_loop[605]	1788609861606328	9993	2f2c5ca62ad0778c	3d6a94d9ed80079b
1788609865571057802	2	498	phase_loop[606]	1788609861616325	9999	3b0ce6f87b534669	3d6a94d9ed80079b
1788609865571057802	2	498	phase_loop[607]	1788609861626329	9995	e018278f8aa9f1b8	3d6a94d9ed80079b
1788609865571057802	2	498	phase_loop[608]	1788609861636328	9995	a59cf0839ccfae11	3d6a94d9ed80079b
1788609865571057802	2	498	phase_loop[609]	1788609861646327	9995	d5b61e1da7971790	3d6a94d9ed80079b
1788609865571057802	2	498	phase_loop[610]	1788609861656328	9995	e0d85ca154a026d0	3d6a94d9ed80079b
1788609865571057802	2	498	phase_loop[611]	1788609861666327	9995	7dadb0bea6753d0c	3d6a94d9ed80079b
1788609865571057802	2	498	phase_loop[612]	1788609861676326	9995	434696d3b25dc918	3d6a94d9ed80079b
1788609865571057802	2	498	phase_loop[613]	1788609861686326	9996	f9e34ccc9c902bf9	3d6a94d9ed80079b
1788609865571057802	2	498	phase_loop[614]	1788609861696326	9997	08b7ce7a4057d0f6	3d6a94d9ed80079b
1788609865571057802	2	498	phase_loop[615]	1788609861706328	9995	537b8cd46b9a3eae	3d6a94d9ed80079b
1788609865571057802	2	498	phase_loop[616]	1788609861716327	9996	4f2685f0a518ac97	3d6a94d9ed80079b
1788609865571057802	2	498	phase_loop[617]	1788609861726327	9996	805cdc8538361ba5	3d6a94d9ed80079b
1788609865571057802	2	498	phase_loop[618]	1788609861736327	9994	8e61d939e5b538ef	3d6a94d9ed80079b
1788609865571057802	2	498	phase_loop[619]	1788609861746327	9996	95619d70d1ca5a6e	3d6a94d9ed80079b
1788609865571057802	2	498	phase_loop[620]	1788609861756327	9996	117ceefa0e07c170	3d6a94d9ed80079b
1788609865571057802	2	498	phase_loop[621]	1788609861766327	10000	4a74ce32e4e72b79	3d6a94d9ed80079b
1788609865571057802	2	498	phase_loop[622]	1788609861776332	9989	4f9114d47b45ed90	3d6a94d9ed80079b
1788609865571057802	2	498	phase_loop[623]	1788609861786326	9997	256a31304feaba49	3d6a94d9ed80079b
1788609865571057802	2	498	phase_loop[624]	1788609861796328	9994	4283024c567f7b7b	3d6a94d9ed80079b
1788609865571057802	2	498	phase_loop[625]	1788609861806326	9996	cbb720b04f6d18fb	3d6a94d9ed80079b
1788609865571057802	2	498	phase_loop[626]	1788609861816327	10030	f984e7e0d718c7ce	3d6a94d9ed80079b
1788609865571057802	2	498	phase_loop[627]	1788609861826361	9960	604e9acb5cb2667b	3d6a94d9ed80079b
1788609865571057802	2	498	phase_loop[628]	1788609861836327	9994	24f13b3171126a40	3d6a94d9ed80079b
1788609865571057802	2	498	phase_loop[629]	1788609861846326	9996	f920d4ccf738b917	3d6a94d9ed80079b
1788609865571057802	2	498	phase_loop[630]	1788609861856326	9997	8a5361a90809388f	3d6a94d9ed80079b
1788609865571057802	2	498	phase_loop[631]	1788609861866328	9994	af5787811bec58fb	3d6a94d9ed80079b
1788609865571057802	2	498	phase_loop[632]	1788609861876326	9999	ca252865ef3e6bf5	3d6a94d9ed80079b
1788609865571057802	2	498	phase_loop[633]	1788609861886329	9993	50ff6c09a7a65308	3d6a94d9ed80079b
1788609865571057802	2	498	phase_loop[634]	1788609861896327	9994	3675cc8adb83358b	3d6a94d9ed80079b
1788609865571057802	2	498	phase_loop[635]	1788609861906325	9998	339e4ab2bdf05c17	3d6a94d9ed80079b
1788609865571057802	2	498	phase_loop[636]	1788609861916326	9997	ece3955cf6d5e39a	3d6a94d9ed80079b
1788609865571057802	2	498	phase_loop[637]	1788609861926328	9994	1ce27cbea6dd5de4	3d6a94d9ed80079b
1788609865571057802	2	498	phase_loop[638]	1788609861936326	9995	8159f4ff011c8816	3d6a94d9ed80079b
1788609865571057802	2	498	phase_loop[639]	1788609861946327	9996	935084ed3ce80a06	3d6a94d9ed80079b
1788609865571057802	2	498	phase_loop[640]	1788609861956328	9995	e9a66f63cb9b82f2	3d6a94d9ed80079b
1788609865571057802	2	498	phase_loop[641]	1788609861966328	9995	97d3a69685c4fe0c	3d6a94d9ed80079b
1788609865571057802	2	498	phase_loop[642]	1788609861976327	9995	686a92b9a4dcc554	3d6a94d9ed80079b
1788609865571057802	2	498	phase_loop[643]	1788609861986327	9997	c19e40af67409b8e	3d6a94d9ed80079b
1788609865571057802	2	498	phase_loop[644]	1788609861996328	9994	501816906bd2b1dc	3d6a94d9ed80079b
1788609865571057802	2	498	phase_loop[645]	1788609862006326	9997	56b5db6316185b12	3d6a94d9ed80079b
1788609865571057802	2	498	phase_loop[646]	1788609862016327	9994	3837c7badb04616b	3d6a94d9ed80079b
1788609865571057802	2	498	phase_loop[647]	1788609862026326	9998	08d3b19fbdfff724	3d6a94d9ed80079b
1788609865571057802	2	498	phase_loop[648]	1788609862036328	9994	0df649304d98a927	3d6a94d9ed80079b
1788609865571057802	2	498	phase_loop[649]	1788609862046327	10002	0c6395e092f37e23	3d6a94d9ed80079b
1788609865571057802	2	498	phase_loop[650]	1788609862056333	9990	c7f4613d97ad3d95	3d6a94d9ed80079b
1788609865571057802	2	498	phase_loop[651]	1788609862066328	9995	909f50b2243b4faa	3d6a94d9ed80079b
1788609865571057802	2	498	phase_loop[652]	1788609862076327	9994	c9b86debe8ac70dd	3d6a94d9ed80079b
1788609865571057802	2	498	phase_loop[653]	1788609862086325	9999	82433e82a50de365	3d6a94d9ed80079b
1788609865571057802	2	498	phase_loop[654]	1788609862096327	9995	20e26761c842ecfb	3d6a94d9ed80079b
1788609865571057802	2	498	phase_loop[655]	1788609862106327	9995	d586768a857248bb	3d6a94d9ed80079b
1788609865571057802	2	498	phase_loop[656]	1788609862116327	9995	0a1b9730ef87ac53	3d6a94d9ed80079b
1788609865571057802	2	498	phase_loop[657]	1788609862126326	9996	116e9dd5048cafd4	3d6a94d9ed80079b
1788609865571057802	2	498	phase_loop[658]	1788609862136327	9996	7c93f15375b27b38	3d6a94d9ed80079b
1788609865571057802	2	498	phase_loop[659]	1788609862146327	10023	75508760c7dc7666	3d6a94d9ed80079b
1788609865571057802	2	498	phase_loop[660]	1788609862156355	9969	7410f87c066865f0	3d6a94d9ed80079b
1788609865571057802	2	498	phase_loop[661]	1788609862166329	9993	b8f3158c0bb97e45	3d6a94d9ed80079b
1788609865571057802	2	498	phase_loop[662]	1788609862176326	9998	397fec8b65d5db55	3d6a94d9ed80079b
1788609865571057802	2	498	phase_loop[663]	1788609862186328	9995	a392ab68df70a792	3d6a94d9ed80079b
1788609865571057802	2	498	phase_loop[664]	1788609862196327	9995	2157c47823d281b2	3d6a94d9ed80079b
1788609865571057802	2	498	phase_loop[665]	1788609862206326	9996	4e69b6f16d2d278f	3d6a94d9ed80079b
1788609865571057802	2	498	phase_loop[666]	1788609862216326	9996	b581bb84f8eceae8	3d6a94d9ed80079b
1788609865571057802	2	498	phase_loop[667]	1788609862226327	9997	a34ccd47eea5bc00	3d6a94d9ed80079b
1788609865571057802	2	498	phase_loop[668]	1788609862236328	9997	261886e70b810f95	3d6a94d9ed80079b
1788609865571057802	2	498	phase_loop[669]	1788609862246330	10000	5cafbb9e71eb6e8b	3d6a94d9ed80079b
1788609865571057802	2	498	phase_loop[670]	1788609862256334	9988	15d9d0718cc44a78	3d6a94d9ed80079b
1788609865571057802	2	498	phase_loop[671]	1788609862266327	9996	2229b37f7001ab23	3d6a94d9ed80079b
1788609865571057802	2	498	phase_loop[672]	1788609862276327	9995	84be3103393f9df5	3d6a94d9ed80079b
1788609865571057802	2	498	phase_loop[673]	1788609862286327	9998	da4e90ddea38320a	3d6a94d9ed80079b
1788609865571057802	2	498	phase_loop[674]	1788609862296329	9994	6cf3b7c286a114a8	3d6a94d9ed80079b
1788609865571057802	2	498	phase_loop[675]	1788609862306327	9996	c1a07c803c299318	3d6a94d9ed80079b
1788609865571057802	2	498	phase_loop[676]	1788609862316328	9994	ebb4968c3fed249c	3d6a94d9ed80079b
1788609865571057802	2	498	phase_loop[677]	1788609862326327	9997	d473297158c4d11c	3d6a94d9ed80079b
1788609865571057802	2	498	phase_loop[678]	1788609862336328	9993	8eda34a59dc9ea20	3d6a94d9ed80079b
1788609865571057802	2	498	phase_loop[679]	1788609862346327	9996	efdc09b0beb5d211	3d6a94d9ed80079b
1788609865571057802	2	498	phase_loop[680]	1788609862356326	9997	cdbf0e6c6f2db43f	3d6a94d9ed80079b
1788609865571057802	2	498	phase_loop[681]	1788609862366329	9994	cdb2d27de982694d	3d6a94d9ed80079b
1788609865571057802	2	498	phase_loop[682]	1788609862376327	9994	f9620c27d39febc5	3d6a94d9ed80079b
1788609865571057802	2	498	phase_loop[683]	1788609862386326	9997	ad30aadee36ec20b	3d6a94d9ed80079b
1788609865571057802	2	498	phase_loop[684]	1788609862396327	9995	76e3e19e7734424d	3d6a94d9ed80079b
1788609865571057802	2	498	phase_loop[685]	1788609862406327	9995	260110343e6a0fb2	3d6a94d9ed80079b
1788609865571057802	2	498	phase_loop[686]	1788609862416326	9997	0c8556f872ca9cbd	3d6a94d9ed80079b
1788609865571057802	2	498	phase_loop[687]	1788609862426327	9997	ecb6123caf0a77e8	3d6a94d9ed80079b
1788609865571057802	2	498	phase_loop[688]	1788609862436329	9992	1cc5f69f77596ee4	3d6a94d9ed80079b
1788609865571057802	2	498	phase_loop[689]	1788609862446325	10005	a786447e01925573	3d6a94d9ed80079b
1788609865571057802	2	498	phase_loop[690]	1788609862456334	9990	357c5896d63a37ca	3d6a94d9ed80079b
1788609865571057802	2	498	phase_loop[691]	1788609862466329	9994	f53986f5a5b2984f	3d6a94d9ed80079b
1788609865571057802	2	498	phase_loop[692]	1788609862476327	10028	550749ced26228fa	3d6a94d9ed80079b
1788609865571057802	2	498	phase_loop[693]	1788609862486359	9965	9e8f9a39432ce65b	3d6a94d9ed80079b
1788609865571057802	2	498	phase_loop[694]	1788609862496330	9991	0da7a5749dae1c39	3d6a94d9ed80079b
1788609865571057802	2	498	phase_loop[695]	1788609862506326	9996	1973d9a43876e3b7	3d6a94d9ed80079b
1788609865571057802	2	498	phase_loop[696]	1788609862516326	9996	f43a5b755fe588ad	3d6a94d9ed80079b
1788609865571057802	2	498	phase_loop[697]	1788609862526328	9996	77764920ddf3545a	3d6a94d9ed80079b
1788609865571057802	2	498	phase_loop[698]	1788609862536329	9994	75ab2930f37f8b5a	3d6a94d9ed80079b
1788609865571057802	2	498	phase_loop[699]	1788609862546328	9993	ad07900e4859a6ee	3d6a94d9ed80079b
1788609865571057802	2	498	phase_loop[700]	1788609862556326	9995	b0840186d40ac397	3d6a94d9ed80079b
1788609865571057802	2	498	phase_loop[701]	1788609862566327	9996	daf58406f0901755	3d6a94d9ed80079b
1788609865571057802	2	498	phase_loop[702]	1788609862576326	9996	798619273f4721d5	3d6a94d9ed80079b
1788609865571057802	2	498	phase_loop[703]	1788609862586328	9995	5853a6a95f6d05a8	3d6a94d9ed80079b
1788609865571057802	2	498	phase_loop[704]	1788609862596326	9996	e271a80abe9d4773	3d6a94d9ed80079b
1788609865571057802	2	498	phase_loop[705]	1788609862606326	9995	0782be957d8f5c1b	3d6a94d9ed80079b
1788609865571057802	2	498	phase_loop[706]	1788609862616326	9995	84cdc03b3c121289	3d6a94d9ed80079b
1788609865571057802	2	498	phase_loop[707]	1788609862626325	9999	510c1c237b14ffaa	3d6a94d9ed80079b
1788609865571057802	2	498	phase_loop[708]	1788609862636328	9992	f01b02642a6ec943	3d6a94d9ed80079b
1788609865571057802	2	498	phase_loop[709]	1788609862646326	10003	447a88c295bc9ddb	3d6a94d9ed80079b
1788609865571057802	2	498	phase_loop[710]	1788609862656334	9990	d3ea241fd45d9ecc	3d6a94d9ed80079b
1788609865571057802	2	498	phase_loop[711]	1788609862666329	9994	e6c9a62d06a35f2f	3d6a94d9ed80079b
1788609865571057802	2	498	phase_loop[712]	1788609862676329	9992	7cdf459404eeb438	3d6a94d9ed80079b
1788609865571057802	2	498	phase_loop[713]	1788609862686325	9998	6871c410edfdb585	3d6a94d9ed80079b
1788609865571057802	2	498	phase_loop[714]	1788609862696327	9994	453e95bc9c508b4e	3d6a94d9ed80079b
1788609865571057802	2	498	phase_loop[715]	1788609862706327	9994	1098d9252a80edac	3d6a94d9ed80079b
1788609865571057802	2	498	phase_loop[716]	1788609862716325	9997	b53bea432f0500ee	3d6a94d9ed80079b
1788609865571057802	2	498	phase_loop[717]	1788609862726327	9997	a30e02710157ff23	3d6a94d9ed80079b
1788609865571057802	2	498	phase_loop[718]	1788609862736328	9993	e802c5e8d569614e	3d6a94d9ed80079b
1788609865571057802	2	498	phase_loop[719]	1788609862746326	9997	78b86a494de3aaab	3d6a94d9ed80079b
1788609865571057802	2	498	phase_loop[720]	1788609862756327	9995	9042b8c23f8b3542	3d6a94d9ed80079b
1788609865571057802	2	498	phase_loop[721]	1788609862766326	9996	24b4d3c76f7eeffb	3d6a94d9ed80079b
1788609865571057802	2	498	phase_loop[722]	1788609862776327	9994	421bc5cb7afcd619	3d6a94d9ed80079b
1788609865571057802	2	498	phase_loop[723]	1788609862786325	9997	3b3bfb4f19c64356	3d6a94d9ed80079b
1788609865571057802	2	498	phase_loop[724]	1788609862796327	9996	de1524ff1f698ffa	3d6a94d9ed80079b
1788609865571057802	2	498	phase_loop[725]	1788609862806327	10026	c679666ae35983a9	3d6a94d9ed80079b
1788609865571057802	2	498	phase_loop[726]	1788609862816359	9965	3ab624fd043ff31e	3d6a94d9ed80079b
1788609865571057802	2	498	phase_loop[727]	1788609862826328	9996	e8fe5b46fddde4c5	3d6a94d9ed80079b
1788609865571057802	2	498	phase_loop[728]	1788609862836329	9993	b1ceb0a142de7c28	3d6a94d9ed80079b
1788609865571057802	2	498	phase_loop[729]	1788609862846327	10002	295d1331deb7b664	3d6a94d9ed80079b
1788609865571057802	2	498	phase_loop[730]	1788609862856333	9992	7619259296058b5d	3d6a94d9ed80079b
1788609865571057802	2	498	phase_loop[731]	1788609862866329	9993	32738fb7092bbdeb	3d6a94d9ed80079b
1788609865571057802	2	498	phase_loop[732]	1788609862876326	9995	3203467ac8626a81	3d6a94d9ed80079b
1788609865571057802	2	498	phase_loop[733]	1788609862886326	9997	50ef642240390113	3d6a94d9ed80079b
1788609865571057802	2	498	phase_loop[734]	1788609862896327	9996	f4adbe6b6eb35d07	3d6a94d9ed80079b
1788609865571057802	2	498	phase_loop[735]	1788609862906329	9993	f0b9fa06c0788f55	3d6a94d9ed80079b
1788609865571057802	2	498	phase_loop[736]	1788609862916326	9996	42f96a0dea7cd705	3d6a94d9ed80079b
1788609865571057802	2	498	phase_loop[737]	1788609862926327	9998	e0099c35bf234b50	3d6a94d9ed80079b
1788609865571057802	2	498	phase_loop[738]	1788609862936330	9992	f1ce0021b81172b7	3d6a94d9ed80079b
1788609865571057802	2	498	phase_loop[739]	1788609862946326	9995	6965014263587186	3d6a94d9ed80079b
1788609865571057802	2	498	phase_loop[740]	1788609862956325	10006	a390fe79d394cfb2	3d6a94d9ed80079b
1788609865571057802	2	498	phase_loop[741]	1788609862966336	9986	621f729f3610fb5c	3d6a94d9ed80079b
1788609865571057802	2	498	phase_loop[742]	1788609862976326	9995	e1a59a9bb3556c12	3d6a94d9ed80079b
1788609865571057802	2	498	phase_loop[743]	1788609862986325	10000	9b902733361fc1d8	3d6a94d9ed80079b
1788609865571057802	2	498	phase_loop[744]	1788609862996330	9992	d8d73d5f2ea10aac	3d6a94d9ed80079b
1788609865571057802	2	498	phase_loop[745]	1788609863006327	9994	4bb7cd6014cf6170	3d6a94d9ed80079b
1788609865571057802	2	498	phase_loop[746]	1788609863016325	9997	ca9f72c60e89e74c	3d6a94d9ed80079b
1788609865571057802	2	498	phase_loop[747]	1788609863026327	9997	c5480311ae12165a	3d6a94d9ed80079b
1788609865571057802	2	498	phase_loop[748]	1788609863036328	9995	30e4eefbafab8f94	3d6a94d9ed80079b
1788609865571057802	2	498	phase_loop[749]	1788609863046327	10006	5d7c334695409204	3d6a94d9ed80079b
1788609865571057802	2	498	phase_loop[750]	1788609863056337	9985	42a3b5d5d1750098	3d6a94d9ed80079b
1788609865571057802	2	498	phase_loop[751]	1788609863066327	9996	cc3caba52c37c9c8	3d6a94d9ed80079b
1788609865571057802	2	498	phase_loop[752]	1788609863076328	9993	c836cb062ef8c527	3d6a94d9ed80079b
1788609865571057802	2	498	phase_loop[753]	1788609863086325	9996	75ddb605719aa9c5	3d6a94d9ed80079b
1788609865571057802	2	498	phase_loop[754]	1788609863096326	9997	5b8c79d6c7cfde88	3d6a94d9ed80079b
1788609865571057802	2	498	phase_loop[755]	1788609863106327	9994	227817ee035ab87c	3d6a94d9ed80079b
1788609865571057802	2	498	phase_loop[756]	1788609863116325	9995	616fb793b7000118	3d6a94d9ed80079b
1788609865571057802	2	498	phase_loop[757]	1788609863126325	9998	7ea480f4f7535399	3d6a94d9ed80079b
1788609865571057802	2	498	phase_loop[758]	1788609863136327	10026	e4544c56bacd2355	3d6a94d9ed80079b
1788609865571057802	2	498	phase_loop[759]	1788609863146357	9965	d2e89301a289cef7	3d6a94d9ed80079b
1788609865571057802	2	498	phase_loop[760]	1788609863156327	9997	f4b4edf2f9dae175	3d6a94d9ed80079b
1788609865571057802	2	498	phase_loop[761]	1788609863166328	9996	3754f390cd86114d	3d6a94d9ed80079b
1788609865571057802	2	498	phase_loop[762]	1788609863176329	9993	a114539293b0165c	3d6a94d9ed80079b
1788609865571057802	2	498	phase_loop[763]	1788609863186327	9995	c40631abd54acdf0	3d6a94d9ed80079b
1788609865571057802	2	498	phase_loop[764]	1788609863196325	9997	eddb20ba4e8e6f4a	3d6a94d9ed80079b
1788609865571057802	2	498	phase_loop[765]	1788609863206327	9995	9c1f697350a86bb3	3d6a94d9ed80079b
1788609865571057802	2	498	phase_loop[766]	1788609863216327	9993	14f20392172655cc	3d6a94d9ed80079b
1788609865571057802	2	498	phase_loop[767]	1788609863226324	10001	3a2c33d9a6772371	3d6a94d9ed80079b
1788609865571057802	2	498	phase_loop[768]	1788609863236329	9991	6c601ad7fe3f9597	3d6a94d9ed80079b
1788609865571057802	2	498	phase_loop[769]	1788609863246325	10005	dc1db7587f60bc93	3d6a94d9ed80079b
1788609865571057802	2	498	phase_loop[770]	1788609863256334	9989	873e8d27883932fd	3d6a94d9ed80079b
1788609865571057802	2	498	phase_loop[771]	1788609863266326	9996	a379621e01d0e127	3d6a94d9ed80079b
1788609865571057802	2	498	phase_loop[772]	1788609863276327	9993	012a6d20b73ca0e6	3d6a94d9ed80079b
1788609865571057802	2	498	phase_loop[773]	1788609863286324	9998	95ea1ad063382fc0	3d6a94d9ed80079b
1788609865571057802	2	498	phase_loop[774]	1788609863296326	9996	71c63277c0dc1efd	3d6a94d9ed80079b
1788609865571057802	2	498	phase_loop[775]	1788609863306326	9994	1c7eb9784105c80a	3d6a94d9ed80079b
1788609865571057802	2	498	phase_loop[776]	1788609863316324	9997	61421734bb8cdd6d	3d6a94d9ed80079b
1788609865571057802	2	498	phase_loop[777]	1788609863326325	9999	e7a67a0a824861be	3d6a94d9ed80079b
1788609865571057802	2	498	phase_loop[778]	1788609863336328	9993	a8851b0a37e6a96e	3d6a94d9ed80079b
1788609865571057802	2	498	phase_loop[779]	1788609863346326	9997	76b97d990cdb4e6f	3d6a94d9ed80079b
1788609865571057802	2	498	phase_loop[780]	1788609863356327	9996	c23c30e02ceb21a5	3d6a94d9ed80079b
1788609865571057802	2	498	phase_loop[781]	1788609863366327	9996	b7c1ce02c8b446ed	3d6a94d9ed80079b
1788609865571057802	2	498	phase_loop[782]	1788609863376327	9994	581803b523a4b45e	3d6a94d9ed80079b
1788609865571057802	2	498	phase_loop[783]	1788609863386325	9998	60bab888054f73cd	3d6a94d9ed80079b
1788609865571057802	2	498	phase_loop[784]	1788609863396327	9994	4eb58d9cc458ab80	3d6a94d9ed80079b
1788609865571057802	2	498	phase_loop[785]	1788609863406325	9997	787e2719027dfa2d	3d6a94d9ed80079b
1788609865571057802	2	498	phase_loop[786]	1788609863416327	9995	da84d0ddc6701d0f	3d6a94d9ed80079b
1788609865571057802	2	498	phase_loop[787]	1788609863426326	9999	b0c60386b9b21162	3d6a94d9ed80079b
1788609865571057802	2	498	phase_loop[788]	1788609863436329	9994	6e3c97c3fa42c533	3d6a94d9ed80079b
1788609865571057802	2	498	phase_loop[789]	1788609863446327	9994	5fc6829d9585761d	3d6a94d9ed80079b
1788609865571057802	2	498	phase_loop[790]	1788609863456325	9997	86a2fa77462a3369	3d6a94d9ed80079b
1788609865571057802	2	498	phase_loop[791]	1788609863466327	10027	867f68e3de48701e	3d6a94d9ed80079b
1788609865571057802	2	498	phase_loop[792]	1788609863476358	9965	c03ff4f3c34321d2	3d6a94d9ed80079b
1788609865571057802	2	498	phase_loop[793]	1788609863486328	9993	3bdf8da97430ff24	3d6a94d9ed80079b
1788609865571057802	2	498	phase_loop[794]	1788609863496325	9999	ef4c9b98ce1ce8b0	3d6a94d9ed80079b
1788609865571057802	2	498	phase_loop[795]	1788609863506328	9993	01dbd41621c55432	3d6a94d9ed80079b
1788609865571057802	2	498	phase_loop[796]	1788609863516325	9996	944acea757b6b82a	3d6a94d9ed80079b
1788609865571057802	2	498	phase_loop[797]	1788609863526326	9997	6a1dd9fc2566e77a	3d6a94d9ed80079b
1788609865571057802	2	498	phase_loop[798]	1788609863536327	9996	b69a906a1b181b1c	3d6a94d9ed80079b
1788609865571057802	2	498	phase_loop[799]	1788609863546327	9995	3c1f23b89b634190	3d6a94d9ed80079b
1788609865571057802	2	498	phase_loop[800]	1788609863556326	9998	be603957fd887265	3d6a94d9ed80079b
1788609865571057802	2	498	phase_loop[801]	1788609863566328	9994	f892f7dc6168751a	3d6a94d9ed80079b
1788609865571057802	2	498	phase_loop[802]	1788609863576328	9993	cc97584ddba96eff	3d6a94d9ed80079b
1788609865571057802	2	498	phase_loop[803]	1788609863586326	9996	814943c7b6afebb3	3d6a94d9ed80079b
1788609865571057802	2	498	phase_loop[804]	1788609863596326	9996	2acfca0b6e6845e6	3d6a94d9ed80079b
1788609865571057802	2	498	phase_loop[805]	1788609863606327	9994	46e1ca92d052fddd	3d6a94d9ed80079b
1788609865571057802	2	498	phase_loop[806]	1788609863616325	9998	39b94c37c035be0c	3d6a94d9ed80079b
1788609865571057802	2	498	phase_loop[807]	1788609863626327	9996	7902b879aa05e716	3d6a94d9ed80079b
1788609865571057802	2	498	phase_loop[808]	1788609863636328	9994	b8c886042f174f6a	3d6a94d9ed80079b
1788609865571057802	2	498	phase_loop[809]	1788609863646327	9997	a0fc15f07fbfac26	3d6a94d9ed80079b
1788609865571057802	2	498	phase_loop[810]	1788609863656328	9995	6cff093f714edb51	3d6a94d9ed80079b
1788609865571057802	2	498	phase_loop[811]	1788609863666327	9994	ddb7c65b2b9726eb	3d6a94d9ed80079b
1788609865571057802	2	498	phase_loop[812]	1788609863676325	9996	499151ceca9dec4e	3d6a94d9ed80079b
1788609865571057802	2	498	phase_loop[813]	1788609863686325	9996	4847a5e49ad37fee	3d6a94d9ed80079b
1788609865571057802	2	498	phase_loop[814]	1788609863696327	9995	1e93896153202cbd	3d6a94d9ed80079b
1788609865571057802	2	498	phase_loop[815]	1788609863706327	9997	042e0832f1b92179	3d6a94d9ed80079b
1788609865571057802	2	498	phase_loop[816]	1788609863716328	9993	daec0953f9578282	3d6a94d9ed80079b
1788609865571057802	2	498	phase_loop[817]	1788609863726326	9998	f7b472440cd9fb03	3d6a94d9ed80079b
1788609865571057802	2	498	phase_loop[818]	1788609863736328	9994	bf2dece87f2bd07c	3d6a94d9ed80079b
1788609865571057802	2	498	phase_loop[819]	1788609863746326	9994	c50bce0ad4d0b1ea	3d6a94d9ed80079b
1788609865571057802	2	498	phase_loop[820]	1788609863756325	9999	8dbbb9bcc84ce6ad	3d6a94d9ed80079b
1788609865571057802	2	498	phase_loop[821]	1788609863766328	9995	fb98fb02863edb34	3d6a94d9ed80079b
1788609865571057802	2	498	phase_loop[822]	1788609863776327	9994	08fdfec0bb7f54e2	3d6a94d9ed80079b
1788609865571057802	2	498	phase_loop[823]	1788609863786326	9997	53cfc025e3197770	3d6a94d9ed80079b
1788609865571057802	2	498	phase_loop[824]	1788609863796327	10037	dbeea45b3c3444ab	3d6a94d9ed80079b
1788609865571057802	2	498	phase_loop[825]	1788609863806370	9951	a5a641d9f2bf3130	3d6a94d9ed80079b
1788609865571057802	2	498	phase_loop[826]	1788609863816327	9996	f55d5873ee8f5be3	3d6a94d9ed80079b
1788609865571057802	2	498	phase_loop[827]	1788609863826327	9997	d3940f11e3527da8	3d6a94d9ed80079b
1788609865571057802	2	498	phase_loop[828]	1788609863836327	9996	2ab960534427dfcb	3d6a94d9ed80079b
1788609865571057802	2	498	phase_loop[829]	1788609863846328	9993	20b6d5acbb591bd2	3d6a94d9ed80079b
1788609865571057802	2	498	phase_loop[830]	1788609863856325	9998	9d6ff535a599e6df	3d6a94d9ed80079b
1788609865571057802	2	498	phase_loop[831]	1788609863866328	9995	8c00f32c217db1ef	3d6a94d9ed80079b
1788609865571057802	2	498	phase_loop[832]	1788609863876328	9994	2c39b94d6836b65c	3d6a94d9ed80079b
1788609865571057802	2	498	phase_loop[833]	1788609863886327	10000	668705b244fed9dd	3d6a94d9ed80079b
1788609865571057802	2	498	phase_loop[834]	1788609863896332	9990	fc0f6e5fa7864115	3d6a94d9ed80079b
1788609865571057802	2	498	phase_loop[835]	1788609863906327	9995	46e2822acea9105d	3d6a94d9ed80079b
1788609865571057802	2	498	phase_loop[836]	1788609863916326	9995	e61723108719ff9b	3d6a94d9ed80079b
1788609865571057802	2	498	phase_loop[837]	1788609863926326	9996	803849af16f8dc27	3d6a94d9ed80079b
1788609865571057802	2	498	phase_loop[838]	1788609863936326	9996	727835e4a3c89558	3d6a94d9ed80079b
1788609865571057802	2	498	phase_loop[839]	1788609863946326	9997	1a423fb4838f5104	3d6a94d9ed80079b
1788609865571057802	2	498	phase_loop[840]	1788609863956327	9995	76f32144d3986d51	3d6a94d9ed80079b
1788609865571057802	2	498	phase_loop[841]	1788609863966327	9997	8972cac207d575a7	3d6a94d9ed80079b
1788609865571057802	2	498	phase_loop[842]	1788609863976328	9993	293e518068492aac	3d6a94d9ed80079b
1788609865571057802	2	498	phase_loop[843]	1788609863986327	9995	c21d2bfe76b59588	3d6a94d9ed80079b
1788609865571057802	2	498	phase_loop[844]	1788609863996325	9997	9ec4ab67260baf38	3d6a94d9ed80079b
1788609865571057802	2	498	phase_loop[845]	1788609864006326	9996	82684706b5a199f3	3d6a94d9ed80079b
1788609865571057802	2	498	phase_loop[846]	1788609864016327	9993	fa37e230c836765e	3d6a94d9ed80079b
1788609865571057802	2	498	phase_loop[847]	1788609864026326	9999	fb3b264639e85951	3d6a94d9ed80079b
1788609865571057802	2	498	phase_loop[848]	1788609864036329	9993	f6e09bbc14260f4f	3d6a94d9ed80079b
1788609865571057802	2	498	phase_loop[849]	1788609864046326	9995	dfc534e7f9031019	3d6a94d9ed80079b
1788609865571057802	2	498	phase_loop[850]	1788609864056325	9998	49437dc949f8a2bf	3d6a94d9ed80079b
1788609865571057802	2	498	phase_loop[851]	1788609864066327	9995	55ecee39a86aa7a9	3d6a94d9ed80079b
1788609865571057802	2	498	phase_loop[852]	1788609864076327	9994	47565c495a7fed30	3d6a94d9ed80079b
1788609865571057802	2	498	phase_loop[853]	1788609864086326	9997	d8da7012f93ce3f2	3d6a94d9ed80079b
1788609865571057802	2	498	phase_loop[854]	1788609864096327	9995	5aa1db06cb6ccfee	3d6a94d9ed80079b
1788609865571057802	2	498	phase_loop[855]	1788609864106328	9993	00a4f5462a4e4181	3d6a94d9ed80079b
1788609865571057802	2	498	phase_loop[856]	1788609864116325	9996	42046c651ffaec2b	3d6a94d9ed80079b
1788609865571057802	2	498	phase_loop[857]	1788609864126326	10034	c485e625a455903d	3d6a94d9ed80079b
1788609865571057802	2	498	phase_loop[858]	1788609864136364	9959	57e45d89c196d002	3d6a94d9ed80079b
1788609865571057802	2	498	phase_loop[859]	1788609864146328	9992	cd4aff4eb9eb4c97	3d6a94d9ed80079b
1788609865571057802	2	498	phase_loop[860]	1788609864156324	9998	af153c5efeea41f5	3d6a94d9ed80079b
1788609865571057802	2	498	phase_loop[861]	1788609864166326	9996	936e005caadccd3a	3d6a94d9ed80079b
1788609865571057802	2	498	phase_loop[862]	1788609864176327	9993	31c383f2ee35bbc5	3d6a94d9ed80079b
1788609865571057802	2	498	phase_loop[863]	1788609864186325	9999	ef35fadab7563bc1	3d6a94d9ed80079b
1788609865571057802	2	498	phase_loop[864]	1788609864196329	9994	36aec489297c0703	3d6a94d9ed80079b
1788609865571057802	2	498	phase_loop[865]	1788609864206327	9994	006c3510e4b5eddd	3d6a94d9ed80079b
1788609865571057802	2	498	phase_loop[866]	1788609864216326	9997	df8519274b4a2106	3d6a94d9ed80079b
1788609865571057802	2	498	phase_loop[867]	1788609864226327	9996	bac505ef20cb5b22	3d6a94d9ed80079b
1788609865571057802	2	498	phase_loop[868]	1788609864236328	9995	429c344092065e33	3d6a94d9ed80079b
1788609865571057802	2	498	phase_loop[869]	1788609864246328	10003	e18bcbbee4f58aa1	3d6a94d9ed80079b
1788609865571057802	2	498	phase_loop[870]	1788609864256335	9988	c2982e2bec1c0d27	3d6a94d9ed80079b
1788609865571057802	2	498	phase_loop[871]	1788609864266329	9994	bb4e55a3857224d7	3d6a94d9ed80079b
1788609865571057802	2	498	phase_loop[872]	1788609864276328	9993	d576764e09d44c2a	3d6a94d9ed80079b
1788609865571057802	2	498	phase_loop[873]	1788609864286326	9997	e40f51abd125b919	3d6a94d9ed80079b
1788609865571057802	2	498	phase_loop[874]	1788609864296328	9994	b33e72ebad1637fa	3d6a94d9ed80079b
1788609865571057802	2	498	phase_loop[875]	1788609864306327	9995	10e5d7c643729447	3d6a94d9ed80079b
1788609865571057802	2	498	phase_loop[876]	1788609864316325	9996	216e384cfc6f5788	3d6a94d9ed80079b
1788609865571057802	2	498	phase_loop[877]	1788609864326326	9998	228f2bef7592a22e	3d6a94d9ed80079b
1788609865571057802	2	498	phase_loop[878]	1788609864336328	9993	f78d1e2b3b0c61a4	3d6a94d9ed80079b
1788609865571057802	2	498	phase_loop[879]	1788609864346326	9995	26ef945396f3c6c4	3d6a94d9ed80079b
1788609865571057802	2	498	phase_loop[880]	1788609864356326	9997	6c5775dd7e783402	3d6a94d9ed80079b
1788609865571057802	2	498	phase_loop[881]	1788609864366327	9996	2699d223228ab370	3d6a94d9ed80079b
1788609865571057802	2	498	phase_loop[882]	1788609864376327	9994	3ca3a50d5c2e0a2f	3d6a94d9ed80079b
1788609865571057802	2	498	phase_loop[883]	1788609864386327	9994	61a7b300026728cb	3d6a94d9ed80079b
1788609865571057802	2	498	phase_loop[884]	1788609864396326	9997	0edefa45ea8fc58d	3d6a94d9ed80079b
1788609865571057802	2	498	phase_loop[885]	1788609864406327	9994	04acfd85c6fa0f42	3d6a94d9ed80079b
1788609865571057802	2	498	phase_loop[886]	1788609864416326	9996	4938958b0d3607bf	3d6a94d9ed80079b
1788609865571057802	2	498	phase_loop[887]	1788609864426326	9997	c359ed41984ca29b	3d6a94d9ed80079b
1788609865571057802	2	498	phase_loop[888]	1788609864436328	9996	217ea1b9bcd090d6	3d6a94d9ed80079b
1788609865571057802	2	498	phase_loop[889]	1788609864446328	10001	87e3f9dcb6e6cf06	3d6a94d9ed80079b
1788609865571057802	2	498	phase_loop[890]	1788609864456333	10020	424ceccdbf8262ce	3d6a94d9ed80079b
1788609865571057802	2	498	phase_loop[891]	1788609864466358	9965	1925ab465b0b1fe3	3d6a94d9ed80079b
1788609865571057802	2	498	phase_loop[892]	1788609864476328	9993	24e630535d8997f4	3d6a94d9ed80079b
1788609865571057802	2	498	phase_loop[893]	1788609864486326	9997	6056f44fadf82557	3d6a94d9ed80079b
1788609865571057802	2	498	phase_loop[894]	1788609864496327	9995	95feb93bd8425831	3d6a94d9ed80079b
1788609865571057802	2	498	phase_loop[895]	1788609864506327	9995	c3a9021b2c98daa0	3d6a94d9ed80079b
1788609865571057802	2	498	phase_loop[896]	1788609864516326	9995	db9f81e25fcead44	3d6a94d9ed80079b
1788609865571057802	2	498	phase_loop[897]	1788609864526325	9998	d20a724fa18ee8b9	3d6a94d9ed80079b
1788609865571057802	2	498	phase_loop[898]	1788609864536328	9994	8cab91ba6d7f8ab9	3d6a94d9ed80079b
1788609865571057802	2	498	phase_loop[899]	1788609864546327	9995	408b71e194f40930	3d6a94d9ed80079b
1788609865571057802	2	498	phase_loop[900]	1788609864556327	9997	35b4151e23f5b5df	3d6a94d9ed80079b
1788609865571057802	2	498	phase_loop[901]	1788609864566329	9993	2d24ff88c7851b62	3d6a94d9ed80079b
1788609865571057802	2	498	phase_loop[902]	1788609864576326	9994	b90eeb8d189f1895	3d6a94d9ed80079b
1788609865571057802	2	498	phase_loop[903]	1788609864586325	9997	9754b0988ed2b90f	3d6a94d9ed80079b
1788609865571057802	2	498	phase_loop[904]	1788609864596327	9995	d2143a9fb261c8ee	3d6a94d9ed80079b
1788609865571057802	2	498	phase_loop[905]	1788609864606326	9997	55356f8789696294	3d6a94d9ed80079b
1788609865571057802	2	498	phase_loop[906]	1788609864616327	9996	d8780ef940cfcadc	3d6a94d9ed80079b
1788609865571057802	2	498	phase_loop[907]	1788609864626328	9995	9cb98210aa111405	3d6a94d9ed80079b
1788609865571057802	2	498	phase_loop[908]	1788609864636327	9995	b393711d1e09cd87	3d6a94d9ed80079b
1788609865571057802	2	498	phase_loop[909]	1788609864646326	10013	2371bad4f88fc6bd	3d6a94d9ed80079b
1788609865571057802	2	498	phase_loop[910]	1788609864656343	9981	96e58ac4164beac2	3d6a94d9ed80079b
1788609865571057802	2	498	phase_loop[911]	1788609864666329	9998	339f4edc357f6e10	3d6a94d9ed80079b
1788609865571057802	2	498	phase_loop[912]	1788609864676330	9991	ada3fcafcf3c26a9	3d6a94d9ed80079b
1788609865571057802	2	498	phase_loop[913]	1788609864686327	9996	5967fb63e653a533	3d6a94d9ed80079b
1788609865571057802	2	498	phase_loop[914]	1788609864696327	9996	913b6233145017c2	3d6a94d9ed80079b
1788609865571057802	2	498	phase_loop[915]	1788609864706328	9993	c9e8e3141b178097	3d6a94d9ed80079b
1788609865571057802	2	498	phase_loop[916]	1788609864716325	9997	d4eb03c2468b4eab	3d6a94d9ed80079b
1788609865571057802	2	498	phase_loop[917]	1788609864726326	9999	5a8650ff04cb4a45	3d6a94d9ed80079b
1788609865571057802	2	498	phase_loop[918]	1788609864736329	9992	949824ef8f155d7d	3d6a94d9ed80079b
1788609865571057802	2	498	phase_loop[919]	1788609864746326	9995	35b716cd6e1c92bc	3d6a94d9ed80079b
1788609865571057802	2	498	phase_loop[920]	1788609864756325	9997	fac9336164181de7	3d6a94d9ed80079b
1788609865571057802	2	498	phase_loop[921]	1788609864766327	9995	f4b4270c9986e1e8	3d6a94d9ed80079b
1788609865571057802	2	498	phase_loop[922]	1788609864776327	9995	c59bc9239a6bb5af	3d6a94d9ed80079b
1788609865571057802	2	498	phase_loop[923]	1788609864786326	10028	ac308bc823763afa	3d6a94d9ed80079b
1788609865571057802	2	498	phase_loop[924]	1788609864796359	9964	4ac1f43aa3ccd687	3d6a94d9ed80079b
1788609865571057802	2	498	phase_loop[925]	1788609864806328	9992	6dc85a2dcfa0a89b	3d6a94d9ed80079b
1788609865571057802	2	498	phase_loop[926]	1788609864816324	9999	4aab61e29afd76c3	3d6a94d9ed80079b
1788609865571057802	2	498	phase_loop[927]	1788609864826328	9995	f1c4bbc0224a55be	3d6a94d9ed80079b
1788609865571057802	2	498	phase_loop[928]	1788609864836328	9994	f27385d210129429	3d6a94d9ed80079b
1788609865571057802	2	498	phase_loop[929]	1788609864846326	10005	b6282a420f30e6fe	3d6a94d9ed80079b
1788609865571057802	2	498	phase_loop[930]	1788609864856334	9989	cafe70daa2e3accc	3d6a94d9ed80079b
1788609865571057802	2	498	phase_loop[931]	1788609864866328	9994	32fc134c37c1abd5	3d6a94d9ed80079b
1788609865571057802	2	498	phase_loop[932]	1788609864876326	9994	86650278609371db	3d6a94d9ed80079b
1788609865571057802	2	498	phase_loop[933]	1788609864886325	9998	8ce66fa8f0da1b21	3d6a94d9ed80079b
1788609865571057802	2	498	phase_loop[934]	1788609864896328	9995	31c3bfdc1162b6d5	3d6a94d9ed80079b
1788609865571057802	2	498	phase_loop[935]	1788609864906327	9997	42ef77b8abf3c50c	3d6a94d9ed80079b
1788609865571057802	2	498	phase_loop[936]	1788609864916328	9993	1b84d320f341fd2b	3d6a94d9ed80079b
1788609865571057802	2	498	phase_loop[937]	1788609864926326	9997	9b1ed25add4e5ba1	3d6a94d9ed80079b
1788609865571057802	2	498	phase_loop[938]	1788609864936327	9993	22a9ba68fb0f2e6f	3d6a94d9ed80079b
1788609865571057802	2	498	phase_loop[939]	1788609864946325	9997	6f4f936e4cbefd3c	3d6a94d9ed80079b
1788609865571057802	2	498	phase_loop[940]	1788609864956326	9996	09a0bc98688d43cc	3d6a94d9ed80079b
1788609865571057802	2	498	phase_loop[941]	1788609864966327	9997	605380e0f02e8ff9	3d6a94d9ed80079b
1788609865571057802	2	498	phase_loop[942]	1788609864976329	9992	4d4821fd81c3dfe8	3d6a94d9ed80079b
1788609865571057802	2	498	phase_loop[943]	1788609864986326	9997	a42dfdd46ca4e088	3d6a94d9ed80079b
1788609865571057802	2	498	phase_loop[944]	1788609864996327	9996	1bb1b2884f7b03e1	3d6a94d9ed80079b
1788609865571057802	2	498	phase_loop[945]	1788609865006327	9994	661e5bf1f534a921	3d6a94d9ed80079b
1788609865571057802	2	498	phase_loop[946]	1788609865016327	9995	999be0a37d637a19	3d6a94d9ed80079b
1788609865571057802	2	498	phase_loop[947]	1788609865026327	9997	22efa4188550d872	3d6a94d9ed80079b
1788609865571057802	2	498	phase_loop[948]	1788609865036329	9995	9d41748b256feb15	3d6a94d9ed80079b
1788609865571057802	2	498	phase_loop[949]	1788609865046329	10000	2e70b6379a34bf6c	3d6a94d9ed80079b
1788609865571057802	2	498	phase_loop[950]	1788609865056333	9993	25c2963985498de2	3d6a94d9ed80079b
1788609865571057802	2	498	phase_loop[951]	1788609865066331	9990	6ce875ebd2f8b920	3d6a94d9ed80079b
1788609865571057802	2	498	phase_loop[952]	1788609865076327	9995	3be56dcbc299bffc	3d6a94d9ed80079b
1788609865571057802	2	498	phase_loop[953]	1788609865086326	9997	3901ff9886c68e73	3d6a94d9ed80079b
1788609865571057802	2	498	phase_loop[954]	1788609865096326	9996	17f5c49071a44998	3d6a94d9ed80079b
1788609865571057802	2	498	phase_loop[955]	1788609865106327	9994	2da3d0b47883de61	3d6a94d9ed80079b
1788609865571057802	2	498	phase_loop[956]	1788609865116325	10035	cbdf80301e32cb4c	3d6a94d9ed80079b
1788609865571057802	2	498	phase_loop[957]	1788609865126366	9958	f8ceefff99f64b2c	3d6a94d9ed80079b
1788609865571057802	2	498	phase_loop[958]	1788609865136330	9991	a1a4897e7fc608af	3d6a94d9ed80079b
1788609865571057802	2	498	phase_loop[959]	1788609865146326	9997	33b8a2609bccbcb7	3d6a94d9ed80079b
1788609865571057802	2	498	phase_loop[960]	1788609865156327	9995	6c461536ff71744a	3d6a94d9ed80079b
1788609865571057802	2	498	phase_loop[961]	1788609865166328	9995	0c575adf65ba65a5	3d6a94d9ed80079b
1788609865571057802	2	498	phase_loop[962]	1788609865176327	9994	63d12d4cf8659659	3d6a94d9ed80079b
1788609865571057802	2	498	phase_loop[963]	1788609865186325	9998	2015318bea5ea065	3d6a94d9ed80079b
1788609865571057802	2	498	phase_loop[964]	1788609865196329	9994	291313f5e09223e8	3d6a94d9ed80079b
1788609865571057802	2	498	phase_loop[965]	1788609865206327	9996	773e5850bad544dd	3d6a94d9ed80079b
1788609865571057802	2	498	phase_loop[966]	1788609865216326	9995	87ed626ab8149569	3d6a94d9ed80079b
1788609865571057802	2	498	phase_loop[967]	1788609865226326	9999	6cd2b8e566f2976a	3d6a94d9ed80079b
1788609865571057802	2	498	phase_loop[968]	1788609865236329	9992	da0d3ab677cc3d6e	3d6a94d9ed80079b
1788609865571057802	2	498	phase_loop[969]	1788609865246325	10005	a6e79ec3ee1c17af	3d6a94d9ed80079b
1788609865571057802	2	498	phase_loop[970]	1788609865256335	9988	1064dc1299d2bf64	3d6a94d9ed80079b
1788609865571057802	2	498	phase_loop[971]	1788609865266327	9995	3847f98607e14629	3d6a94d9ed80079b
1788609865571057802	2	498	phase_loop[972]	1788609865276326	9994	baf35fcd42d07008	3d6a94d9ed80079b
1788609865571057802	2	498	phase_loop[973]	1788609865286326	9998	2d6db079f3b5055b	3d6a94d9ed80079b
1788609865571057802	2	498	phase_loop[974]	1788609865296328	9995	bc86834a68c81d71	3d6a94d9ed80079b
1788609865571057802	2	498	phase_loop[975]	1788609865306328	9994	7c7cd7c9e98dd60f	3d6a94d9ed80079b
1788609865571057802	2	498	phase_loop[976]	1788609865316326	9996	d78b9ab1621e5eca	3d6a94d9ed80079b
1788609865571057802	2	498	phase_loop[977]	1788609865326327	9997	ca2a147929975eaf	3d6a94d9ed80079b
1788609865571057802	2	498	phase_loop[978]	1788609865336328	9992	64dbaa8b5f5a6312	3d6a94d9ed80079b
1788609865571057802	2	498	phase_loop[979]	1788609865346326	9995	9722a4e699834167	3d6a94d9ed80079b
1788609865571057802	2	498	phase_loop[980]	1788609865356325	10000	5d56c0c327419804	3d6a94d9ed80079b
1788609865571057802	2	498	phase_loop[981]	1788609865366329	9993	070bd4010641736e	3d6a94d9ed80079b
1788609865571057802	2	498	phase_loop[982]	1788609865376327	9995	b170edb86a00b1ad	3d6a94d9ed80079b
1788609865571057802	2	498	phase_loop[983]	1788609865386327	9995	dd695904d4ee36c2	3d6a94d9ed80079b
1788609865571057802	2	498	phase_loop[984]	1788609865396326	9997	216078ba38942760	3d6a94d9ed80079b
1788609865571057802	2	498	phase_loop[985]	1788609865406327	9995	18d58c3f6efaeaf3	3d6a94d9ed80079b
1788609865571057802	2	498	phase_loop[986]	1788609865416326	9997	4368efd0a6f74d8f	3d6a94d9ed80079b
1788609865571057802	2	498	phase_loop[987]	1788609865426328	9994	6f636e4b24e68244	3d6a94d9ed80079b
1788609865571057802	2	498	phase_loop[988]	1788609865436328	9996	9516c4141931cc60	3d6a94d9ed80079b
1788609865571057802	2	498	phase_loop[989]	1788609865446330	10023	96e94ef161132f4e	3d6a94d9ed80079b
1788609865571057802	2	498	phase_loop[990]	1788609865456357	9967	8228e0bba64bec40	3d6a94d9ed80079b
1788609865571057802	2	498	phase_loop[991]	1788609865466329	9994	30d8062c124f9cbf	3d6a94d9ed80079b
1788609865571057802	2	498	phase_loop[992]	1788609865476327	9996	93053580f74c12ab	3d6a94d9ed80079b
1788609865571057802	2	498	phase_loop[993]	1788609865486328	9995	a310429811439cf8	3d6a94d9ed80079b
1788609865571057802	2	498	phase_loop[994]	1788609865496328	9994	af6ab640b61c4ad1	3d6a94d9ed80079b
1788609865571057802	2	498	phase_loop[995]	1788609865506327	9998	ba6a7e63a6f7394f	3d6a94d9ed80079b
1788609865571057802	2	498	phase_loop[996]	1788609865516329	9992	5d6e009c467543c1	3d6a94d9ed80079b
1788609865571057802	2	498	phase_loop[997]	1788609865526325	9998	cd5e516dd57d3b45	3d6a94d9ed80079b
1788609865571057802	2	498	phase_loop[998]	1788609865536327	9994	6eccb1f9bb1d269f	3d6a94d9ed80079b
1788609865571057802	2	498	phase_loop[999]	1788609865546325	9996	c309e47d6e32e42e	3d6a94d9ed80079b
1788609865578866546	3	1	phase_loop[1000]	1788609865556326	10032	dec288bc6f1cb96d	3d6a94d9ed80079b
1788609865580416657	4	1	phase_loop[1001]	1788609865566377	9963	02cd2eeff5019409	3d6a94d9ed80079b
1788609870571027080	5	498	phase_loop[1002]	1788609865576356	9982	92625dd077d8fc53	3d6a94d9ed80079b
1788609870571027080	5	498	phase_loop[1003]	1788609865586353	9970	54cb91881b916f47	3d6a94d9ed80079b
1788609870571027080	5	498	phase_loop[1004]	1788609865596329	9993	07d02b9dd889aa38	3d6a94d9ed80079b
1788609870571027080	5	498	phase_loop[1005]	1788609865606327	9999	334123ff71a2de61	3d6a94d9ed80079b
1788609870571027080	5	498	phase_loop[1006]	1788609865616330	9992	6e4947b309fde174	3d6a94d9ed80079b
1788609870571027080	5	498	phase_loop[1007]	1788609865626326	9998	5ef8397eb0d903cc	3d6a94d9ed80079b
1788609870571027080	5	498	phase_loop[1008]	1788609865636329	9994	947a19171af4f8d9	3d6a94d9ed80079b
1788609870571027080	5	498	phase_loop[1009]	1788609865646328	9993	2fd0762c7f13b4c5	3d6a94d9ed80079b
1788609870571027080	5	498	phase_loop[1010]	1788609865656325	9998	b3e3e6bedacdc6da	3d6a94d9ed80079b
1788609870571027080	5	498	phase_loop[1011]	1788609865666327	9995	d03f10aeef9d6c55	3d6a94d9ed80079b
1788609870571027080	5	498	phase_loop[1012]	1788609865676326	9996	6b2f2d91a3534567	3d6a94d9ed80079b
1788609870571027080	5	498	phase_loop[1013]	1788609865686326	9997	f8f458f173702fe1	3d6a94d9ed80079b
1788609870571027080	5	498	phase_loop[1014]	1788609865696326	9997	5440edae47489fab	3d6a94d9ed80079b
1788609870571027080	5	498	phase_loop[1015]	1788609865706327	9994	32207d50f30a350c	3d6a94d9ed80079b
1788609870571027080	5	498	phase_loop[1016]	1788609865716325	9996	ca3fc1783e754c04	3d6a94d9ed80079b
1788609870571027080	5	498	phase_loop[1017]	1788609865726325	10001	bab2739a5c46af71	3d6a94d9ed80079b
1788609870571027080	5	498	phase_loop[1018]	1788609865736331	9992	7d54b7425d44a5ca	3d6a94d9ed80079b
1788609870571027080	5	498	phase_loop[1019]	1788609865746326	9995	dd9aadab1454a386	3d6a94d9ed80079b
1788609870571027080	5	498	phase_loop[1020]	1788609865756325	9998	766a74707e2ca38a	3d6a94d9ed80079b
1788609870571027080	5	498	phase_loop[1021]	1788609865766327	9997	6a1270425fa5e9ee	3d6a94d9ed80079b
1788609870571027080	5	498	phase_loop[1022]	1788609865776327	9997	f5da864478d27da5	3d6a94d9ed80079b
1788609870571027080	5	498	phase_loop[1023]	1788609865786328	10049	caa4f6817454f266	3d6a94d9ed80079b
1788609870571027080	5	498	phase_loop[1024]	1788609865796381	9946	5bcfcdae62e35aff	3d6a94d9ed80079b
1788609870571027080	5	498	phase_loop[1025]	1788609865806332	9991	84570f4504649d63	3d6a94d9ed80079b
1788609870571027080	5	498	phase_loop[1026]	1788609865816327	9996	8bb730d77080e9b5	3d6a94d9ed80079b
1788609870571027080	5	498	phase_loop[1027]	1788609865826327	9994	4300ce3f20c12e68	3d6a94d9ed80079b
1788609870571027080	5	498	phase_loop[1028]	1788609865836326	9999	eae7810239e0b079	3d6a94d9ed80079b
1788609870571027080	5	498	phase_loop[1029]	1788609865846328	9994	da2c0c85332c62a1	3d6a94d9ed80079b
1788609870571027080	5	498	phase_loop[1030]	1788609865856326	9995	48ca1ab5a48432cc	3d6a94d9ed80079b
1788609870571027080	5	498	phase_loop[1031]	1788609865866326	9998	b394e5bc35b7929a	3d6a94d9ed80079b
1788609870571027080	5	498	phase_loop[1032]	1788609865876328	9995	6a44c16be1b6fa97	3d6a94d9ed80079b
1788609870571027080	5	498	phase_loop[1033]	1788609865886326	9995	e7eb287aa28e8692	3d6a94d9ed80079b
1788609870571027080	5	498	phase_loop[1034]	1788609865896326	9997	6e396d9ba1cb41ac	3d6a94d9ed80079b
1788609870571027080	5	498	phase_loop[1035]	1788609865906327	9995	f8e8ccb1b22dfae6	3d6a94d9ed80079b
1788609870571027080	5	498	phase_loop[1036]	1788609865916327	9996	1d659c9aa8a5850b	3d6a94d9ed80079b
1788609870571027080	5	498	phase_loop[1037]	1788609865926326	9997	56df431c26f6423c	3d6a94d9ed80079b
1788609870571027080	5	498	phase_loop[1038]	1788609865936327	9995	80095daf1aea0964	3d6a94d9ed80079b
1788609870571027080	5	498	phase_loop[1039]	1788609865946326	9994	3095421e8dd2b45c	3d6a94d9ed80079b
1788609870571027080	5	498	phase_loop[1040]	1788609865956324	9999	d83051f4a6735347	3d6a94d9ed80079b
1788609870571027080	5	498	phase_loop[1041]	1788609865966327	9995	9c1d7ebab67a3d31	3d6a94d9ed80079b
1788609870571027080	5	498	phase_loop[1042]	1788609865976326	9997	dfdf4e8baa2c60bd	3d6a94d9ed80079b
1788609870571027080	5	498	phase_loop[1043]	1788609865986327	9995	49def710d579052f	3d6a94d9ed80079b
1788609870571027080	5	498	phase_loop[1044]	1788609865996326	9997	c64fecab3eaf74ba	3d6a94d9ed80079b
1788609870571027080	5	498	phase_loop[1045]	1788609866006327	9994	3add98339cabe6a1	3d6a94d9ed80079b
1788609870571027080	5	498	phase_loop[1046]	1788609866016325	9998	c9d8a6fb4317d8c3	3d6a94d9ed80079b
1788609870571027080	5	498	phase_loop[1047]	1788609866026326	9999	fb40773d26c517ec	3d6a94d9ed80079b
1788609870571027080	5	498	phase_loop[1048]	1788609866036329	9992	ca5f930840324186	3d6a94d9ed80079b
1788609870571027080	5	498	phase_loop[1049]	1788609866046325	9995	8b1166f611ec880a	3d6a94d9ed80079b
1788609870571027080	5	498	phase_loop[1050]	1788609866056324	9999	22a14ff9b4c53364	3d6a94d9ed80079b
1788609870571027080	5	498	phase_loop[1051]	1788609866066327	9995	a61c01dfd40da892	3d6a94d9ed80079b
1788609870571027080	5	498	phase_loop[1052]	1788609866076326	9997	9e58db31dc54f75b	3d6a94d9ed80079b
1788609870571027080	5	498	phase_loop[1053]	1788609866086326	9997	088d22892cfbde76	3d6a94d9ed80079b
1788609870571027080	5	498	phase_loop[1054]	1788609866096327	9995	fc9911f212cccc08	3d6a94d9ed80079b
1788609870571027080	5	498	phase_loop[1055]	1788609866106326	9996	200cfedf5751b22b	3d6a94d9ed80079b
1788609870571027080	5	498	phase_loop[1056]	1788609866116325	10030	4924ee5016876c22	3d6a94d9ed80079b
1788609870571027080	5	498	phase_loop[1057]	1788609866126359	9965	1c3aea15026d8a8a	3d6a94d9ed80079b
1788609870571027080	5	498	phase_loop[1058]	1788609866136329	9994	1dcd1dbe2ebe06ec	3d6a94d9ed80079b
1788609870571027080	5	498	phase_loop[1059]	1788609866146326	9996	61e8baaac7436de8	3d6a94d9ed80079b
1788609870571027080	5	498	phase_loop[1060]	1788609866156327	9996	01c86f34e07ac514	3d6a94d9ed80079b
1788609870571027080	5	498	phase_loop[1061]	1788609866166327	9995	4e521196c2782320	3d6a94d9ed80079b
1788609870571027080	5	498	phase_loop[1062]	1788609866176326	9995	d77ec1f97b47749b	3d6a94d9ed80079b
1788609870571027080	5	498	phase_loop[1063]	1788609866186326	9996	7130672b30bdfd5a	3d6a94d9ed80079b
1788609870571027080	5	498	phase_loop[1064]	1788609866196326	9996	86641029b56f8a7d	3d6a94d9ed80079b
1788609870571027080	5	498	phase_loop[1065]	1788609866206326	9996	976429ec83f3628a	3d6a94d9ed80079b
1788609870571027080	5	498	phase_loop[1066]	1788609866216327	9995	50dc3340671f7e1f	3d6a94d9ed80079b
1788609870571027080	5	498	phase_loop[1067]	1788609866226326	9998	8fe5050513f128d3	3d6a94d9ed80079b
1788609870571027080	5	498	phase_loop[1068]	1788609866236327	9994	c15ade2404034b68	3d6a94d9ed80079b
1788609870571027080	5	498	phase_loop[1069]	1788609866246325	9996	6bd84bfb1e5d9d1b	3d6a94d9ed80079b
1788609870571027080	5	498	phase_loop[1070]	1788609866256326	9997	744fd3f66c960836	3d6a94d9ed80079b
1788609870571027080	5	498	phase_loop[1071]	1788609866266327	9995	ed2857881f99edaa	3d6a94d9ed80079b
1788609870571027080	5	498	phase_loop[1072]	1788609866276326	9996	4801f8ff666761a8	3d6a94d9ed80079b
1788609870571027080	5	498	phase_loop[1073]	1788609866286327	9996	e2a9b8017851b08d	3d6a94d9ed80079b
1788609870571027080	5	498	phase_loop[1074]	1788609866296327	9996	5ef9e9de82a4ce18	3d6a94d9ed80079b
1788609870571027080	5	498	phase_loop[1075]	1788609866306327	9993	59a431878c1b1fcf	3d6a94d9ed80079b
1788609870571027080	5	498	phase_loop[1076]	1788609866316325	9998	0a5c48bb29251ff5	3d6a94d9ed80079b
1788609870571027080	5	498	phase_loop[1077]	1788609866326327	9996	e723ffde3d1ebc5d	3d6a94d9ed80079b
1788609870571027080	5	498	phase_loop[1078]	1788609866336327	9994	d81044825b1dc7dd	3d6a94d9ed80079b
1788609870571027080	5	498	phase_loop[1079]	1788609866346325	9995	7b6400e588a52d1f	3d6a94d9ed80079b
1788609870571027080	5	498	phase_loop[1080]	1788609866356324	10000	20ed88915a87a513	3d6a94d9ed80079b
1788609870571027080	5	498	phase_loop[1081]	1788609866366328	9993	95bfab2c3d73f038	3d6a94d9ed80079b
1788609870571027080	5	498	phase_loop[1082]	1788609866376326	9997	e5f3ff0ed5c72346	3d6a94d9ed80079b
1788609870571027080	5	498	phase_loop[1083]	1788609866386326	9996	40131535640ea5ed	3d6a94d9ed80079b
1788609870571027080	5	498	phase_loop[1084]	1788609866396327	9996	7e66975b0dbdf7dc	3d6a94d9ed80079b
1788609870571027080	5	498	phase_loop[1085]	1788609866406327	9994	e3e02de72f4438fd	3d6a94d9ed80079b
1788609870571027080	5	498	phase_loop[1086]	1788609866416325	9998	f2429317190896a1	3d6a94d9ed80079b
1788609870571027080	5	498	phase_loop[1087]	1788609866426326	9996	660fc3f60f374ece	3d6a94d9ed80079b
1788609870571027080	5	498	phase_loop[1088]	1788609866436327	9996	944ba8a93a3c2400	3d6a94d9ed80079b
1788609870571027080	5	498	phase_loop[1089]	1788609866446327	10031	463342fa9f9be2a9	3d6a94d9ed80079b
1788609870571027080	5	498	phase_loop[1090]	1788609866456363	9963	f44e35c0be4431c9	3d6a94d9ed80079b
1788609870571027080	5	498	phase_loop[1091]	1788609866466330	9993	6bb6c73d38753ccf	3d6a94d9ed80079b
1788609870571027080	5	498	phase_loop[1092]	1788609866476328	9996	427864433e0fab66	3d6a94d9ed80079b
1788609870571027080	5	498	phase_loop[1093]	1788609866486329	9994	ac3623075205cefb	3d6a94d9ed80079b
1788609870571027080	5	498	phase_loop[1094]	1788609866496328	9995	d0c3b694ffcd45f0	3d6a94d9ed80079b
1788609870571027080	5	498	phase_loop[1095]	1788609866506327	9996	bfbce6c9e64b5b8b	3d6a94d9ed80079b
1788609870571027080	5	498	phase_loop[1096]	1788609866516326	9995	6d3c54f3d30c419b	3d6a94d9ed80079b
1788609870571027080	5	498	phase_loop[1097]	1788609866526326	9996	ae63c7e510224b13	3d6a94d9ed80079b
1788609870571027080	5	498	phase_loop[1098]	1788609866536326	9995	21d04d16e9d7eee5	3d6a94d9ed80079b
1788609870571027080	5	498	phase_loop[1099]	1788609866546325	9997	d7835bcbc2b70eda	3d6a94d9ed80079b
1788609870571027080	5	498	phase_loop[1100]	1788609866556325	9999	20ecdedf10ba33df	3d6a94d9ed80079b
1788609870571027080	5	498	phase_loop[1101]	1788609866566329	9995	3380d2122c3ec7e4	3d6a94d9ed80079b
1788609870571027080	5	498	phase_loop[1102]	1788609866576328	9994	d69e7ed4a680230d	3d6a94d9ed80079b
1788609870571027080	5	498	phase_loop[1103]	1788609866586326	10000	b533baddb6e9452a	3d6a94d9ed80079b
1788609870571027080	5	498	phase_loop[1104]	1788609866596330	9993	1bbec5eb1d2d9821	3d6a94d9ed80079b
1788609870571027080	5	498	phase_loop[1105]	1788609866606327	9994	462dab9797572393	3d6a94d9ed80079b
1788609870571027080	5	498	phase_loop[1106]	1788609866616325	10002	b5497489f32fd1e0	3d6a94d9ed80079b
1788609870571027080	5	498	phase_loop[1107]	1788609866626330	9991	4bf3954976ff8181	3d6a94d9ed80079b
1788609870571027080	5	498	phase_loop[1108]	1788609866636325	9996	6bcc259233f9e7aa	3d6a94d9ed80079b
1788609870571027080	5	498	phase_loop[1109]	1788609866646325	10010	1818d40af401716c	3d6a94d9ed80079b
1788609870571027080	5	498	phase_loop[1110]	1788609866656340	9983	91309ae46d16de5e	3d6a94d9ed80079b
1788609870571027080	5	498	phase_loop[1111]	1788609866666326	9997	1cc05091b9bf6bf8	3d6a94d9ed80079b
1788609870571027080	5	498	phase_loop[1112]	1788609866676327	9996	66509b43540e7c50	3d6a94d9ed80079b
1788609870571027080	5	498	phase_loop[1113]	1788609866686327	9994	2515185a8d1c48bd	3d6a94d9ed80079b
1788609870571027080	5	498	phase_loop[1114]	1788609866696326	9996	8ff112195c9f2a46	3d6a94d9ed80079b
1788609870571027080	5	498	phase_loop[1115]	1788609866706326	9995	e8be868cd54af1ad	3d6a94d9ed80079b
1788609870571027080	5	498	phase_loop[1116]	1788609866716324	10000	eab13f6bf590db55	3d6a94d9ed80079b
1788609870571027080	5	498	phase_loop[1117]	1788609866726329	9994	ad39a60057473011	3d6a94d9ed80079b
1788609870571027080	5	498	phase_loop[1118]	1788609866736327	9996	d70ecbe40520ff25	3d6a94d9ed80079b
1788609870571027080	5	498	phase_loop[1119]	1788609866746326	9996	d613989bdcac50e1	3d6a94d9ed80079b
1788609870571027080	5	498	phase_loop[1120]	1788609866756325	9997	6a8a9ad702393e76	3d6a94d9ed80079b
1788609870571027080	5	498	phase_loop[1121]	1788609866766327	9995	a1da4838ac031c0b	3d6a94d9ed80079b
1788609870571027080	5	498	phase_loop[1122]	1788609866776326	10029	afd58865cb872a16	3d6a94d9ed80079b
1788609870571027080	5	498	phase_loop[1123]	1788609866786359	9964	30eb8806f399eaf0	3d6a94d9ed80079b
1788609870571027080	5	498	phase_loop[1124]	1788609866796327	9996	d56a36014d4902d5	3d6a94d9ed80079b
1788609870571027080	5	498	phase_loop[1125]	1788609866806327	9995	4251d0de5f0179e2	3d6a94d9ed80079b
1788609870571027080	5	498	phase_loop[1126]	1788609866816326	9996	3819bf3fd630f825	3d6a94d9ed80079b
1788609870571027080	5	498	phase_loop[1127]	1788609866826327	9999	80e0160f59408fd3	3d6a94d9ed80079b
1788609870571027080	5	498	phase_loop[1128]	1788609866836331	9992	6ba33ebbac4b770a	3d6a94d9ed80079b
1788609870571027080	5	498	phase_loop[1129]	1788609866846328	10002	0f4f80a0676b6f63	3d6a94d9ed80079b
1788609870571027080	5	498	phase_loop[1130]	1788609866856334	9991	2e1adcb86d2c5589	3d6a94d9ed80079b
1788609870571027080	5	498	phase_loop[1131]	1788609866866329	9993	52cb36381ff9357a	3d6a94d9ed80079b
1788609870571027080	5	498	phase_loop[1132]	1788609866876327	9996	3d06b7e0731488e9	3d6a94d9ed80079b
1788609870571027080	5	498	phase_loop[1133]	1788609866886326	9997	08629eeff739b5de	3d6a94d9ed80079b
1788609870571027080	5	498	phase_loop[1134]	1788609866896328	9994	cd20549382bc19c0	3d6a94d9ed80079b
1788609870571027080	5	498	phase_loop[1135]	1788609866906327	9996	b5e37d9a44655ce5	3d6a94d9ed80079b
1788609870571027080	5	498	phase_loop[1136]	1788609866916327	9995	6f4f9a450292b465	3d6a94d9ed80079b
1788609870571027080	5	498	phase_loop[1137]	1788609866926326	9997	2e72f230658f052b	3d6a94d9ed80079b
1788609870571027080	5	498	phase_loop[1138]	1788609866936327	9996	c24edbb918032ac6	3d6a94d9ed80079b
1788609870571027080	5	498	phase_loop[1139]	1788609866946327	9994	428b072d20d0ab74	3d6a94d9ed80079b
1788609870571027080	5	498	phase_loop[1140]	1788609866956325	9999	bbeafb97cdbc5c42	3d6a94d9ed80079b
1788609870571027080	5	498	phase_loop[1141]	1788609866966328	9994	cc4b72e5b02cd8bd	3d6a94d9ed80079b
1788609870571027080	5	498	phase_loop[1142]	1788609866976326	9996	2dc2d3aa607b3fa0	3d6a94d9ed80079b
1788609870571027080	5	498	phase_loop[1143]	1788609866986326	9996	e9f478f18b5af608	3d6a94d9ed80079b
1788609870571027080	5	498	phase_loop[1144]	1788609866996326	9997	0f3cce8159417518	3d6a94d9ed80079b
1788609870571027080	5	498	phase_loop[1145]	1788609867006327	9995	3b1f0bca19b8a444	3d6a94d9ed80079b
1788609870571027080	5	498	phase_loop[1146]	1788609867016327	9996	622cc6b6884aee6f	3d6a94d9ed80079b
1788609870571027080	5	498	phase_loop[1147]	1788609867026327	9995	7d1bf97005e4483e	3d6a94d9ed80079b
1788609870571027080	5	498	phase_loop[1148]	1788609867036326	10000	36d24114b12b7e11	3d6a94d9ed80079b
1788609870571027080	5	498	phase_loop[1149]	1788609867046330	9992	867a09f6fbe9acd5	3d6a94d9ed80079b
1788609870571027080	5	498	phase_loop[1150]	1788609867056326	9996	9d3200faffdbb8eb	3d6a94d9ed80079b
1788609870571027080	5	498	phase_loop[1151]	1788609867066326	9996	4f545296b51c0f18	3d6a94d9ed80079b
1788609870571027080	5	498	phase_loop[1152]	1788609867076327	9997	9ab6c9099453572c	3d6a94d9ed80079b
1788609870571027080	5	498	phase_loop[1153]	1788609867086328	9995	4d4ef0f577060bb9	3d6a94d9ed80079b
1788609870571027080	5	498	phase_loop[1154]	1788609867096327	9997	46702975d9d4b446	3d6a94d9ed80079b
1788609870571027080	5	498	phase_loop[1155]	1788609867106327	10028	f888331e47fa9cc1	3d6a94d9ed80079b
1788609870571027080	5	498	phase_loop[1156]	1788609867116360	9965	07cef12fb28fa90d	3d6a94d9ed80079b
1788609870571027080	5	498	phase_loop[1157]	1788609867126329	9995	886368ef008f992f	3d6a94d9ed80079b
1788609870571027080	5	498	phase_loop[1158]	1788609867136329	9994	e98f0c4e710b18e8	3d6a94d9ed80079b
1788609870571027080	5	498	phase_loop[1159]	1788609867146327	9994	eab124f15f981639	3d6a94d9ed80079b
1788609870571027080	5	498	phase_loop[1160]	1788609867156325	9999	8cfaadd032625308	3d6a94d9ed80079b
1788609870571027080	5	498	phase_loop[1161]	1788609867166329	9994	19f8ccb4e584e57e	3d6a94d9ed80079b
1788609870571027080	5	498	phase_loop[1162]	1788609867176327	9995	f5f3f59176e07a5d	3d6a94d9ed80079b
1788609870571027080	5	498	phase_loop[1163]	1788609867186326	9998	3522382d40d8bfa9	3d6a94d9ed80079b
1788609870571027080	5	498	phase_loop[1164]	1788609867196328	9994	99569246d15d7697	3d6a94d9ed80079b
1788609870571027080	5	498	phase_loop[1165]	1788609867206326	9996	de1d2acfbd52b08d	3d6a94d9ed80079b
1788609870571027080	5	498	phase_loop[1166]	1788609867216327	9996	92d29e6fc9c5961d	3d6a94d9ed80079b
1788609870571027080	5	498	phase_loop[1167]	1788609867226328	9996	fd66bdd15cddbe2c	3d6a94d9ed80079b
1788609870571027080	5	498	phase_loop[1168]	1788609867236329	9995	6e3ece2bdc5180f2	3d6a94d9ed80079b
1788609870571027080	5	498	phase_loop[1169]	1788609867246328	9993	ad264c20d5ac5837	3d6a94d9ed80079b
1788609870571027080	5	498	phase_loop[1170]	1788609867256325	10000	f913c9bd04640e57	3d6a94d9ed80079b
1788609870571027080	5	498	phase_loop[1171]	1788609867266329	9992	1694dc6d6f990569	3d6a94d9ed80079b
1788609870571027080	5	498	phase_loop[1172]	1788609867276326	9997	5fef6f74990b940f	3d6a94d9ed80079b
1788609870571027080	5	498	phase_loop[1173]	1788609867286327	9997	4ea4dc3c7748574f	3d6a94d9ed80079b
1788609870571027080	5	498	phase_loop[1174]	1788609867296329	9993	d9283c3820170914	3d6a94d9ed80079b
1788609870571027080	5	498	phase_loop[1175]	1788609867306325	9998	92068c2a32251101	3d6a94d9ed80079b
1788609870571027080	5	498	phase_loop[1176]	1788609867316327	9996	a56c13724242ec5c	3d6a94d9ed80079b
1788609870571027080	5	498	phase_loop[1177]	1788609867326327	9996	4747763819f7ed04	3d6a94d9ed80079b
1788609870571027080	5	498	phase_loop[1178]	1788609867336327	9995	9c72177e59eea886	3d6a94d9ed80079b
1788609870571027080	5	498	phase_loop[1179]	1788609867346326	10011	f8a6fcda554d5708	3d6a94d9ed80079b
1788609870571027080	5	498	phase_loop[1180]	1788609867356341	9982	8dd6f4dee01ced64	3d6a94d9ed80079b
1788609870571027080	5	498	phase_loop[1181]	1788609867366327	9996	0ead86b7de82c207	3d6a94d9ed80079b
1788609870571027080	5	498	phase_loop[1182]	1788609867376327	9997	4c3ef78334e5e432	3d6a94d9ed80079b
1788609870571027080	5	498	phase_loop[1183]	1788609867386327	9995	f4f59d75755cd695	3d6a94d9ed80079b
1788609870571027080	5	498	phase_loop[1184]	1788609867396327	9996	53f366a580c1ab1c	3d6a94d9ed80079b
1788609870571027080	5	498	phase_loop[1185]	1788609867406326	9996	42d5aa78911ba051	3d6a94d9ed80079b
1788609870571027080	5	498	phase_loop[1186]	1788609867416326	9995	815e3fb59435a1ef	3d6a94d9ed80079b
1788609870571027080	5	498	phase_loop[1187]	1788609867426326	9996	662671152b0e86f4	3d6a94d9ed80079b
1788609870571027080	5	498	phase_loop[1188]	1788609867436326	10029	2eb79fc30902be52	3d6a94d9ed80079b
1788609870571027080	5	498	phase_loop[1189]	1788609867446358	9964	c4fe6aa17a3fb16a	3d6a94d9ed80079b
1788609870571027080	5	498	phase_loop[1190]	1788609867456326	9996	b79054425f94d514	3d6a94d9ed80079b
1788609870571027080	5	498	phase_loop[1191]	1788609867466326	9997	81054c56001277ec	3d6a94d9ed80079b
1788609870571027080	5	498	phase_loop[1192]	1788609867476327	9994	6e83ffcc058242c7	3d6a94d9ed80079b
1788609870571027080	5	498	phase_loop[1193]	1788609867486325	9997	084cd5aa1d5c20db	3d6a94d9ed80079b
1788609870571027080	5	498	phase_loop[1194]	1788609867496327	9996	ec8ad6a1fd77b816	3d6a94d9ed80079b
1788609870571027080	5	498	phase_loop[1195]	1788609867506327	9994	036f5b14278d434a	3d6a94d9ed80079b
1788609870571027080	5	498	phase_loop[1196]	1788609867516327	9996	9754c4997eee5b32	3d6a94d9ed80079b
1788609870571027080	5	498	phase_loop[1197]	1788609867526326	9998	74b0ed61268286db	3d6a94d9ed80079b
1788609870571027080	5	498	phase_loop[1198]	1788609867536328	9995	5e61270ea6b0d7e9	3d6a94d9ed80079b
1788609870571027080	5	498	phase_loop[1199]	1788609867546327	10003	9349a218514f80f7	3d6a94d9ed80079b
1788609870571027080	5	498	phase_loop[1200]	1788609867556333	9989	3c4d21f401c0a1dc	3d6a94d9ed80079b
1788609870571027080	5	498	phase_loop[1201]	1788609867566327	9995	18376996e80e927d	3d6a94d9ed80079b
1788609870571027080	5	498	phase_loop[1202]	1788609867576327	9995	446f25b57e2f5a9e	3d6a94d9ed80079b
1788609870571027080	5	498	phase_loop[1203]	1788609867586326	9995	e54c2c7d204b0fb0	3d6a94d9ed80079b
1788609870571027080	5	498	phase_loop[1204]	1788609867596326	9996	46fe76825e553952	3d6a94d9ed80079b
1788609870571027080	5	498	phase_loop[1205]	1788609867606326	9995	fd759dc13b347632	3d6a94d9ed80079b
1788609870571027080	5	498	phase_loop[1206]	1788609867616326	9997	a315ab011ff2fd90	3d6a94d9ed80079b
1788609870571027080	5	498	phase_loop[1207]	1788609867626327	9996	2bb89545e144a740	3d6a94d9ed80079b
1788609870571027080	5	498	phase_loop[1208]	1788609867636327	9995	022d30c86ecc28a3	3d6a94d9ed80079b
1788609870571027080	5	498	phase_loop[1209]	1788609867646325	9997	d7b58939adf50ff2	3d6a94d9ed80079b
1788609870571027080	5	498	phase_loop[1210]	1788609867656326	9997	91928c86cd8be317	3d6a94d9ed80079b
1788609870571027080	5	498	phase_loop[1211]	1788609867666327	9995	a0aacd9e0aa77040	3d6a94d9ed80079b
1788609870571027080	5	498	phase_loop[1212]	1788609867676327	9997	a61f7278ce914a42	3d6a94d9ed80079b
1788609870571027080	5	498	phase_loop[1213]	1788609867686327	9996	3f28e8733da927f9	3d6a94d9ed80079b
1788609870571027080	5	498	phase_loop[1214]	1788609867696328	9996	6b9a1e32857b119e	3d6a94d9ed80079b
1788609870571027080	5	498	phase_loop[1215]	1788609867706328	9993	5a5b8d2396eca34a	3d6a94d9ed80079b
1788609870571027080	5	498	phase_loop[1216]	1788609867716326	9997	5ac66ce4e451e96a	3d6a94d9ed80079b
1788609870571027080	5	498	phase_loop[1217]	1788609867726327	9997	95dc804f253c0fab	3d6a94d9ed80079b
1788609870571027080	5	498	phase_loop[1218]	1788609867736328	9993	a3b8c5409e779232	3d6a94d9ed80079b
1788609870571027080	5	498	phase_loop[1219]	1788609867746325	9996	a4801ba401282b5a	3d6a94d9ed80079b
1788609870571027080	5	498	phase_loop[1220]	1788609867756326	9997	8b99f1ab92417876	3d6a94d9ed80079b
1788609870571027080	5	498	phase_loop[1221]	1788609867766327	10026	8840a8c3d9007b18	3d6a94d9ed80079b
1788609870571027080	5	498	phase_loop[1222]	1788609867776358	9963	499e271195b594db	3d6a94d9ed80079b
1788609870571027080	5	498	phase_loop[1223]	1788609867786326	10001	01d1f380e9e1fb0d	3d6a94d9ed80079b
1788609870571027080	5	498	phase_loop[1224]	1788609867796331	9992	0f942a30244fde7b	3d6a94d9ed80079b
1788609870571027080	5	498	phase_loop[1225]	1788609867806327	9995	baeb2102d7ed2079	3d6a94d9ed80079b
1788609870571027080	5	498	phase_loop[1226]	1788609867816326	9997	20d059daf63c6c88	3d6a94d9ed80079b
1788609870571027080	5	498	phase_loop[1227]	1788609867826327	9998	2c34e218bb867133	3d6a94d9ed80079b
1788609870571027080	5	498	phase_loop[1228]	1788609867836330	9993	6778e96eaae876ea	3d6a94d9ed80079b
1788609870571027080	5	498	phase_loop[1229]	1788609867846327	9995	48e8f692ec30936a	3d6a94d9ed80079b
1788609870571027080	5	498	phase_loop[1230]	1788609867856327	9998	a84bbcbe23e7c42b	3d6a94d9ed80079b
1788609870571027080	5	498	phase_loop[1231]	1788609867866329	9993	a5b7d70dbb415f4b	3d6a94d9ed80079b
1788609870571027080	5	498	phase_loop[1232]	1788609867876327	9994	ff6fd78f5e43fbc5	3d6a94d9ed80079b
1788609870571027080	5	498	phase_loop[1233]	1788609867886324	9998	5abf26eb05641399	3d6a94d9ed80079b
1788609870571027080	5	498	phase_loop[1234]	1788609867896327	9998	ba01656b5065e001	3d6a94d9ed80079b
1788609870571027080	5	498	phase_loop[1235]	1788609867906328	9994	bcbdcf118a20d75d	3d6a94d9ed80079b
1788609870571027080	5	498	phase_loop[1236]	1788609867916327	9997	a859aa606a2125af	3d6a94d9ed80079b
1788609870571027080	5	498	phase_loop[1237]	1788609867926328	9997	c05e684e554c5786	3d6a94d9ed80079b
1788609870571027080	5	498	phase_loop[1238]	1788609867936329	9994	45448951077ae14d	3d6a94d9ed80079b
1788609870571027080	5	498	phase_loop[1239]	1788609867946327	9994	f4decf407acba3bc	3d6a94d9ed80079b
1788609870571027080	5	498	phase_loop[1240]	1788609867956326	9999	ef8436580a2d5173	3d6a94d9ed80079b
1788609870571027080	5	498	phase_loop[1241]	1788609867966329	9993	bfcfcddb8ded49fb	3d6a94d9ed80079b
1788609870571027080	5	498	phase_loop[1242]	1788609867976327	9997	62fe04f704bdac14	3d6a94d9ed80079b
1788609870571027080	5	498	phase_loop[1243]	1788609867986327	9995	f4cbd5512cc85054	3d6a94d9ed80079b
1788609870571027080	5	498	phase_loop[1244]	1788609867996327	9997	b1db3ff36ac127c6	3d6a94d9ed80079b
1788609870571027080	5	498	phase_loop[1245]	1788609868006327	9995	fdb44f04b0a5ddd7	3d6a94d9ed80079b
1788609870571027080	5	498	phase_loop[1246]	1788609868016326	9996	5117c9dc1e863fcb	3d6a94d9ed80079b
1788609870571027080	5	498	phase_loop[1247]	1788609868026326	9997	73b0b087e1b05f9b	3d6a94d9ed80079b
1788609870571027080	5	498	phase_loop[1248]	1788609868036327	9996	d24ad0f8673ef2f9	3d6a94d9ed80079b
1788609870571027080	5	498	phase_loop[1249]	1788609868046327	9995	9d55a49bfacad5ed	3d6a94d9ed80079b
1788609870571027080	5	498	phase_loop[1250]	1788609868056326	9997	a292a5de8e4dd71f	3d6a94d9ed80079b
1788609870571027080	5	498	phase_loop[1251]	1788609868066328	9995	dd7f2b54d62a65b3	3d6a94d9ed80079b
1788609870571027080	5	498	phase_loop[1252]	1788609868076327	9995	fffedb29ee71fc5b	3d6a94d9ed80079b
1788609870571027080	5	498	phase_loop[1253]	1788609868086326	9997	1236df8218496575	3d6a94d9ed80079b
1788609870571027080	5	498	phase_loop[1254]	1788609868096328	10030	ee49dc16a33a7e10	3d6a94d9ed80079b
1788609870571027080	5	498	phase_loop[1255]	1788609868106363	9959	6287a4c8f071dbae	3d6a94d9ed80079b
1788609870571027080	5	498	phase_loop[1256]	1788609868116326	9997	67c063ee96c7e12c	3d6a94d9ed80079b
1788609870571027080	5	498	phase_loop[1257]	1788609868126327	9996	966235401ecd6267	3d6a94d9ed80079b
1788609870571027080	5	498	phase_loop[1258]	1788609868136327	9996	69871f0f0ddbf97d	3d6a94d9ed80079b
1788609870571027080	5	498	phase_loop[1259]	1788609868146327	9996	4ce92adb53e57683	3d6a94d9ed80079b
1788609870571027080	5	498	phase_loop[1260]	1788609868156327	9997	12037b2daf4cf76f	3d6a94d9ed80079b
1788609870571027080	5	498	phase_loop[1261]	1788609868166329	9994	c44c4859a5f58362	3d6a94d9ed80079b
1788609870571027080	5	498	phase_loop[1262]	1788609868176327	9994	db5a241122e0255a	3d6a94d9ed80079b
1788609870571027080	5	498	phase_loop[1263]	1788609868186325	9996	9b425a088b684d15	3d6a94d9ed80079b
1788609870571027080	5	498	phase_loop[1264]	1788609868196326	9998	54f313b0a1c01fa0	3d6a94d9ed80079b
1788609870571027080	5	498	phase_loop[1265]	1788609868206328	9995	2cd35f8dcb374e05	3d6a94d9ed80079b
1788609870571027080	5	498	phase_loop[1266]	1788609868216329	9996	8eb2532c69875618	3d6a94d9ed80079b
1788609870571027080	5	498	phase_loop[1267]	1788609868226328	9995	8a6d8c20a6f1d03c	3d6a94d9ed80079b
1788609870571027080	5	498	phase_loop[1268]	1788609868236328	9995	f1212b38afade157	3d6a94d9ed80079b
1788609870571027080	5	498	phase_loop[1269]	1788609868246327	9998	37d1383a44553cf8	3d6a94d9ed80079b
1788609870571027080	5	498	phase_loop[1270]	1788609868256329	9995	ca3ecfbe8f91b6f8	3d6a94d9ed80079b
1788609870571027080	5	498	phase_loop[1271]	1788609868266328	9996	7c9007e1de435d1e	3d6a94d9ed80079b
1788609870571027080	5	498	phase_loop[1272]	1788609868276328	9995	6bfde0257c49071e	3d6a94d9ed80079b
1788609870571027080	5	498	phase_loop[1273]	1788609868286327	9995	397af8822a5a1710	3d6a94d9ed80079b
1788609870571027080	5	498	phase_loop[1274]	1788609868296327	9997	2dad844d2b2eab33	3d6a94d9ed80079b
1788609870571027080	5	498	phase_loop[1275]	1788609868306328	9994	1538b3f43c79d9c6	3d6a94d9ed80079b
1788609870571027080	5	498	phase_loop[1276]	1788609868316326	9997	7cd8641351aeb4ed	3d6a94d9ed80079b
1788609870571027080	5	498	phase_loop[1277]	1788609868326327	9996	4cbf1dd2172f5985	3d6a94d9ed80079b
1788609870571027080	5	498	phase_loop[1278]	1788609868336327	9996	0e0f95fa313c4b41	3d6a94d9ed80079b
1788609870571027080	5	498	phase_loop[1279]	1788609868346327	9995	9f7846c5ca0adb2f	3d6a94d9ed80079b
1788609870571027080	5	498	phase_loop[1280]	1788609868356326	9999	5dbb79f0c4f094f5	3d6a94d9ed80079b
1788609870571027080	5	498	phase_loop[1281]	1788609868366329	9993	ed51ea1163c11174	3d6a94d9ed80079b
1788609870571027080	5	498	phase_loop[1282]	1788609868376325	9997	b148ddec1666e512	3d6a94d9ed80079b
1788609870571027080	5	498	phase_loop[1283]	1788609868386326	9997	1b02183774bf5c49	3d6a94d9ed80079b
1788609870571027080	5	498	phase_loop[1284]	1788609868396327	9996	495f91f3e326c2ca	3d6a94d9ed80079b
1788609870571027080	5	498	phase_loop[1285]	1788609868406327	9993	8773443fbd6149bb	3d6a94d9ed80079b
1788609870571027080	5	498	phase_loop[1286]	1788609868416325	9998	f3db41a65a7501ff	3d6a94d9ed80079b
1788609870571027080	5	498	phase_loop[1287]	1788609868426327	10036	088ed7b3f47f1763	3d6a94d9ed80079b
1788609870571027080	5	498	phase_loop[1288]	1788609868436368	9957	75e1cdd071d0a0b4	3d6a94d9ed80079b
1788609870571027080	5	498	phase_loop[1289]	1788609868446330	9992	5933302af690034c	3d6a94d9ed80079b
1788609870571027080	5	498	phase_loop[1290]	1788609868456326	9998	0a53807fca308bde	3d6a94d9ed80079b
1788609870571027080	5	498	phase_loop[1291]	1788609868466328	9995	ef92177925937c1b	3d6a94d9ed80079b
1788609870571027080	5	498	phase_loop[1292]	1788609868476328	9993	cb17d33be418b122	3d6a94d9ed80079b
1788609870571027080	5	498	phase_loop[1293]	1788609868486325	10001	a9467df8ae3a02b0	3d6a94d9ed80079b
1788609870571027080	5	498	phase_loop[1294]	1788609868496330	9993	fb25e18fc5de2e1b	3d6a94d9ed80079b
1788609870571027080	5	498	phase_loop[1295]	1788609868506327	9994	3ce0b49939ddb003	3d6a94d9ed80079b
1788609870571027080	5	498	phase_loop[1296]	1788609868516325	9998	5a6207588e5ada8a	3d6a94d9ed80079b
1788609870571027080	5	498	phase_loop[1297]	1788609868526327	9996	961bd32404aaf7a8	3d6a94d9ed80079b
1788609870571027080	5	498	phase_loop[1298]	1788609868536328	9994	8d8d4916075551a5	3d6a94d9ed80079b
1788609870571027080	5	498	phase_loop[1299]	1788609868546327	10002	83afeef4f1ec6bfe	3d6a94d9ed80079b
1788609870571027080	5	498	phase_loop[1300]	1788609868556333	9991	a100d64df55ba7cd	3d6a94d9ed80079b
1788609870571027080	5	498	phase_loop[1301]	1788609868566328	9994	ed339b4921ca454c	3d6a94d9ed80079b
1788609870571027080	5	498	phase_loop[1302]	1788609868576327	9996	6eba51ffbf6f777d	3d6a94d9ed80079b
1788609870571027080	5	498	phase_loop[1303]	1788609868586327	9996	fdcbd24d35459c21	3d6a94d9ed80079b
1788609870571027080	5	498	phase_loop[1304]	1788609868596328	9996	57dca3c0a5d12484	3d6a94d9ed80079b
1788609870571027080	5	498	phase_loop[1305]	1788609868606328	9994	0037801707600bc0	3d6a94d9ed80079b
1788609870571027080	5	498	phase_loop[1306]	1788609868616326	9996	7fa681dc8a944669	3d6a94d9ed80079b
1788609870571027080	5	498	phase_loop[1307]	1788609868626327	9996	569334ea5e06bf94	3d6a94d9ed80079b
1788609870571027080	5	498	phase_loop[1308]	1788609868636328	9995	62df7cc2aeec0a02	3d6a94d9ed80079b
1788609870571027080	5	498	phase_loop[1309]	1788609868646328	9994	34f071b6482bc03d	3d6a94d9ed80079b
1788609870571027080	5	498	phase_loop[1310]	1788609868656327	9998	a1754b203691d362	3d6a94d9ed80079b
1788609870571027080	5	498	phase_loop[1311]	1788609868666329	9995	820ee64648fbd88a	3d6a94d9ed80079b
1788609870571027080	5	498	phase_loop[1312]	1788609868676329	9994	f305e20987acf4c2	3d6a94d9ed80079b
1788609870571027080	5	498	phase_loop[1313]	1788609868686327	9997	e3669744d448e67b	3d6a94d9ed80079b
1788609870571027080	5	498	phase_loop[1314]	1788609868696327	9995	f59dc0e0f3967a6d	3d6a94d9ed80079b
1788609870571027080	5	498	phase_loop[1315]	1788609868706326	9995	d52418378b61569b	3d6a94d9ed80079b
1788609870571027080	5	498	phase_loop[1316]	1788609868716326	9997	e3f3d6b79161d8ab	3d6a94d9ed80079b
1788609870571027080	5	498	phase_loop[1317]	1788609868726327	9996	deb33465686d256b	3d6a94d9ed80079b
1788609870571027080	5	498	phase_loop[1318]	1788609868736328	9995	16ad49ac2b14a9a0	3d6a94d9ed80079b
1788609870571027080	5	498	phase_loop[1319]	1788609868746326	10003	b477a8fc58d63e81	3d6a94d9ed80079b
1788609870571027080	5	498	phase_loop[1320]	1788609868756334	10034	640fc5adaf4bbeb6	3d6a94d9ed80079b
1788609870571027080	5	498	phase_loop[1321]	1788609868766373	9951	ea7087b81e290177	3d6a94d9ed80079b
1788609870571027080	5	498	phase_loop[1322]	1788609868776329	9993	f3eef6fe57d269d8	3d6a94d9ed80079b
1788609870571027080	5	498	phase_loop[1323]	1788609868786326	9998	c4988ef1e5703cd2	3d6a94d9ed80079b
1788609870571027080	5	498	phase_loop[1324]	1788609868796328	9995	13fed82d9707628b	3d6a94d9ed80079b
1788609870571027080	5	498	phase_loop[1325]	1788609868806328	9994	17b98f911af06c2f	3d6a94d9ed80079b
1788609870571027080	5	498	phase_loop[1326]	1788609868816326	9997	c6b43d5dcef9a137	3d6a94d9ed80079b
1788609870571027080	5	498	phase_loop[1327]	1788609868826327	9997	2282a3ede0e2efc9	3d6a94d9ed80079b
1788609870571027080	5	498	phase_loop[1328]	1788609868836328	9993	d439127f326c7f89	3d6a94d9ed80079b
1788609870571027080	5	498	phase_loop[1329]	1788609868846325	9996	a0b0e72d75341a30	3d6a94d9ed80079b
1788609870571027080	5	498	phase_loop[1330]	1788609868856326	9997	37990a0dd957db6d	3d6a94d9ed80079b
1788609870571027080	5	498	phase_loop[1331]	1788609868866327	9996	9363a39bc41ad8f6	3d6a94d9ed80079b
1788609870571027080	5	498	phase_loop[1332]	1788609868876328	9995	23e0fef09687869e	3d6a94d9ed80079b
1788609870571027080	5	498	phase_loop[1333]	1788609868886328	9995	8895b46e068c5c08	3d6a94d9ed80079b
1788609870571027080	5	498	phase_loop[1334]	1788609868896327	9996	7032e6d0dc445e8e	3d6a94d9ed80079b
1788609870571027080	5	498	phase_loop[1335]	1788609868906327	9995	60059e36ad0c4b8b	3d6a94d9ed80079b
1788609870571027080	5	498	phase_loop[1336]	1788609868916327	9996	36a457115f3975a2	3d6a94d9ed80079b
1788609870571027080	5	498	phase_loop[1337]	1788609868926327	9997	e3752f539c059186	3d6a94d9ed80079b
1788609870571027080	5	498	phase_loop[1338]	1788609868936328	9995	b89e371c41193534	3d6a94d9ed80079b
1788609870571027080	5	498	phase_loop[1339]	1788609868946327	10002	52d18f7262b5d27e	3d6a94d9ed80079b
1788609870571027080	5	498	phase_loop[1340]	1788609868956333	9990	ca9ac2017ad12baa	3d6a94d9ed80079b
1788609870571027080	5	498	phase_loop[1341]	1788609868966327	9996	d8f701a255fc9118	3d6a94d9ed80079b
1788609870571027080	5	498	phase_loop[1342]	1788609868976327	9995	e170a21ee4d065ab	3d6a94d9ed80079b
1788609870571027080	5	498	phase_loop[1343]	1788609868986325	9997	7d6c5770b11a833d	3d6a94d9ed80079b
1788609870571027080	5	498	phase_loop[1344]	1788609868996326	9997	9a81c91f77902724	3d6a94d9ed80079b
1788609870571027080	5	498	phase_loop[1345]	1788609869006327	9995	2b4f60bc83997c4f	3d6a94d9ed80079b
1788609870571027080	5	498	phase_loop[1346]	1788609869016327	9996	1dd802b6d4de646e	3d6a94d9ed80079b
1788609870571027080	5	498	phase_loop[1347]	1788609869026326	9997	974968d35e16d2f8	3d6a94d9ed80079b
1788609870571027080	5	498	phase_loop[1348]	1788609869036328	9996	035c92ee7133daf5	3d6a94d9ed80079b
1788609870571027080	5	498	phase_loop[1349]	1788609869046327	9995	85d3193002cb712d	3d6a94d9ed80079b
1788609870571027080	5	498	phase_loop[1350]	1788609869056326	10000	41cd505f12869c7c	3d6a94d9ed80079b
1788609870571027080	5	498	phase_loop[1351]	1788609869066332	9991	bbc64baa876ed2cd	3d6a94d9ed80079b
1788609870571027080	5	498	phase_loop[1352]	1788609869076327	9995	02e0a3f8185a654c	3d6a94d9ed80079b
1788609870571027080	5	498	phase_loop[1353]	1788609869086327	10033	9ee15add6e210642	3d6a94d9ed80079b
1788609870571027080	5	498	phase_loop[1354]	1788609869096365	9960	f15ede1a8c641ce9	3d6a94d9ed80079b
1788609870571027080	5	498	phase_loop[1355]	1788609869106329	9994	a7939785b7506765	3d6a94d9ed80079b
1788609870571027080	5	498	phase_loop[1356]	1788609869116327	9995	bea42b25af9f51f2	3d6a94d9ed80079b
1788609870571027080	5	498	phase_loop[1357]	1788609869126327	10034	1821e5daca3b29f1	3d6a94d9ed80079b
1788609870571027080	5	498	phase_loop[1358]	1788609869136365	9957	87ac15cd5bf646c9	3d6a94d9ed80079b
1788609870571027080	5	498	phase_loop[1359]	1788609869146327	10014	eb5697c92b4f44f5	3d6a94d9ed80079b
1788609870571027080	5	498	phase_loop[1360]	1788609869156345	9978	f2599c09153aa6f6	3d6a94d9ed80079b
1788609870571027080	5	498	phase_loop[1361]	1788609869166328	9995	485f8b4b368b486f	3d6a94d9ed80079b
1788609870571027080	5	498	phase_loop[1362]	1788609869176328	9994	ade2ef535f1f2b70	3d6a94d9ed80079b
1788609870571027080	5	498	phase_loop[1363]	1788609869186327	9996	e69e0f21bb338c25	3d6a94d9ed80079b
1788609870571027080	5	498	phase_loop[1364]	1788609869196328	9996	b43742c4459cca85	3d6a94d9ed80079b
1788609870571027080	5	498	phase_loop[1365]	1788609869206328	9994	48672fcd77ecb28d	3d6a94d9ed80079b
1788609870571027080	5	498	phase_loop[1366]	1788609869216326	9997	3e4dd5bc52e78aee	3d6a94d9ed80079b
1788609870571027080	5	498	phase_loop[1367]	1788609869226327	9997	db93a75811fbbe1e	3d6a94d9ed80079b
1788609870571027080	5	498	phase_loop[1368]	1788609869236328	9995	9633acec2afd55fb	3d6a94d9ed80079b
1788609870571027080	5	498	phase_loop[1369]	1788609869246327	9994	ba27691d91304346	3d6a94d9ed80079b
1788609870571027080	5	498	phase_loop[1370]	1788609869256326	9997	e54e08d6c70e7ba1	3d6a94d9ed80079b
1788609870571027080	5	498	phase_loop[1371]	1788609869266327	9995	fe70e4766988bd93	3d6a94d9ed80079b
1788609870571027080	5	498	phase_loop[1372]	1788609869276327	9996	1d375f8c09535f46	3d6a94d9ed80079b
1788609870571027080	5	498	phase_loop[1373]	1788609869286326	9996	400d4392e36e656f	3d6a94d9ed80079b
1788609870571027080	5	498	phase_loop[1374]	1788609869296326	9999	8015a8034bf1c3a3	3d6a94d9ed80079b
1788609870571027080	5	498	phase_loop[1375]	1788609869306329	9994	43803bf3a2732582	3d6a94d9ed80079b
1788609870571027080	5	498	phase_loop[1376]	1788609869316327	9996	115293923c9ddf43	3d6a94d9ed80079b
1788609870571027080	5	498	phase_loop[1377]	1788609869326327	9997	7576c430f65143f0	3d6a94d9ed80079b
1788609870571027080	5	498	phase_loop[1378]	1788609869336328	9995	37f46b1d64c29c4d	3d6a94d9ed80079b
1788609870571027080	5	498	phase_loop[1379]	1788609869346328	10003	d17a30602cb15288	3d6a94d9ed80079b
1788609870571027080	5	498	phase_loop[1380]	1788609869356335	9990	24b3205b08e8c428	3d6a94d9ed80079b
1788609870571027080	5	498	phase_loop[1381]	1788609869366329	9995	160664a02ef6c1b7	3d6a94d9ed80079b
1788609870571027080	5	498	phase_loop[1382]	1788609869376328	9993	0a0f30e93c3c4bfa	3d6a94d9ed80079b
1788609870571027080	5	498	phase_loop[1383]	1788609869386325	9998	28ad32db98f3d919	3d6a94d9ed80079b
1788609870571027080	5	498	phase_loop[1384]	1788609869396328	9996	75fcd89bf6bcd9b4	3d6a94d9ed80079b
1788609870571027080	5	498	phase_loop[1385]	1788609869406328	9995	212a44515aa945c8	3d6a94d9ed80079b
1788609870571027080	5	498	phase_loop[1386]	1788609869416328	10027	34cbc98b12e1b986	3d6a94d9ed80079b
1788609870571027080	5	498	phase_loop[1387]	1788609869426360	9965	3e6515300905bc24	3d6a94d9ed80079b
1788609870571027080	5	498	phase_loop[1388]	1788609869436329	9995	09db47c0cc3f2c24	3d6a94d9ed80079b
1788609870571027080	5	498	phase_loop[1389]	1788609869446328	9996	08f757f4cc56c881	3d6a94d9ed80079b
1788609870571027080	5	498	phase_loop[1390]	1788609869456328	9995	a28235ed34fc7b83	3d6a94d9ed80079b
1788609870571027080	5	498	phase_loop[1391]	1788609869466327	9998	3f6e2c668fe141a3	3d6a94d9ed80079b
1788609870571027080	5	498	phase_loop[1392]	1788609869476330	9993	195bf4b445bbcb35	3d6a94d9ed80079b
1788609870571027080	5	498	phase_loop[1393]	1788609869486327	9995	7b3a375cd1ac3e4f	3d6a94d9ed80079b
1788609870571027080	5	498	phase_loop[1394]	1788609869496326	9997	f1cd070d88bf19b8	3d6a94d9ed80079b
1788609870571027080	5	498	phase_loop[1395]	1788609869506327	9994	a364579179c207d0	3d6a94d9ed80079b
1788609870571027080	5	498	phase_loop[1396]	1788609869516326	9996	728f276bedb0f653	3d6a94d9ed80079b
1788609870571027080	5	498	phase_loop[1397]	1788609869526326	9998	2f772168757c371f	3d6a94d9ed80079b
1788609870571027080	5	498	phase_loop[1398]	1788609869536329	9994	b4f6661fb034ea11	3d6a94d9ed80079b
1788609870571027080	5	498	phase_loop[1399]	1788609869546327	10003	762b932c7ab4e62f	3d6a94d9ed80079b
1788609870571027080	5	498	phase_loop[1400]	1788609869556334	9991	0a57047016ebca45	3d6a94d9ed80079b
1788609870571027080	5	498	phase_loop[1401]	1788609869566330	9993	a1164020a2eff950	3d6a94d9ed80079b
1788609870571027080	5	498	phase_loop[1402]	1788609869576328	9994	77d45cc2e7cfe6e5	3d6a94d9ed80079b
1788609870571027080	5	498	phase_loop[1403]	1788609869586327	9997	710afafb1a31fd83	3d6a94d9ed80079b
1788609870571027080	5	498	phase_loop[1404]	1788609869596328	9995	a1739c38c90237b2	3d6a94d9ed80079b
1788609870571027080	5	498	phase_loop[1405]	1788609869606327	9996	792cab4374dbbbcc	3d6a94d9ed80079b
1788609870571027080	5	498	phase_loop[1406]	1788609869616328	9995	9f46c9759f6b603f	3d6a94d9ed80079b
1788609870571027080	5	498	phase_loop[1407]	1788609869626328	9997	f92d848f407cc2ec	3d6a94d9ed80079b
1788609870571027080	5	498	phase_loop[1408]	1788609869636330	9993	5e74bd85a2191fdd	3d6a94d9ed80079b
1788609870571027080	5	498	phase_loop[1409]	1788609869646327	9996	28149b2e45799490	3d6a94d9ed80079b
1788609870571027080	5	498	phase_loop[1410]	1788609869656327	9996	953653a0708cb4a4	3d6a94d9ed80079b
1788609870571027080	5	498	phase_loop[1411]	1788609869666326	9998	328e5ac4e24b87ae	3d6a94d9ed80079b
1788609870571027080	5	498	phase_loop[1412]	1788609869676329	9993	a5da2a5e6819712e	3d6a94d9ed80079b
1788609870571027080	5	498	phase_loop[1413]	1788609869686325	9997	94ddb67f7739666d	3d6a94d9ed80079b
1788609870571027080	5	498	phase_loop[1414]	1788609869696327	9996	403ad0020435c46a	3d6a94d9ed80079b
1788609870571027080	5	498	phase_loop[1415]	1788609869706327	9996	7e39308d5ab71d28	3d6a94d9ed80079b
1788609870571027080	5	498	phase_loop[1416]	1788609869716328	9994	5eb7652702245c3b	3d6a94d9ed80079b
1788609870571027080	5	498	phase_loop[1417]	1788609869726326	9998	46e66c4bba5177dd	3d6a94d9ed80079b
1788609870571027080	5	498	phase_loop[1418]	1788609869736329	9994	9c7ea8ac89010fa3	3d6a94d9ed80079b
1788609870571027080	5	498	phase_loop[1419]	1788609869746328	10040	b9865e8980c8ad1e	3d6a94d9ed80079b
1788609870571027080	5	498	phase_loop[1420]	1788609869756372	9953	3e77e93fc57d28b4	3d6a94d9ed80079b
1788609870571027080	5	498	phase_loop[1421]	1788609869766330	9993	d665bdd0de55c5d5	3d6a94d9ed80079b
1788609870571027080	5	498	phase_loop[1422]	1788609869776328	9995	f315354c6e8c7c2a	3d6a94d9ed80079b
1788609870571027080	5	498	phase_loop[1423]	1788609869786328	9995	8bd11303d2c21f44	3d6a94d9ed80079b
1788609870571027080	5	498	phase_loop[1424]	1788609869796328	9996	f0b96aa845a07d62	3d6a94d9ed80079b
1788609870571027080	5	498	phase_loop[1425]	1788609869806328	9994	79638475e83f5faf	3d6a94d9ed80079b
1788609870571027080	5	498	phase_loop[1426]	1788609869816326	9997	9b6f14e80b7a0d0a	3d6a94d9ed80079b
1788609870571027080	5	498	phase_loop[1427]	1788609869826327	9997	20239f2fead1f84d	3d6a94d9ed80079b
1788609870571027080	5	498	phase_loop[1428]	1788609869836329	9995	ff93d9e0c95be759	3d6a94d9ed80079b
1788609870571027080	5	498	phase_loop[1429]	1788609869846328	9993	7a94697ff77e1613	3d6a94d9ed80079b
1788609870571027080	5	498	phase_loop[1430]	1788609869856326	9998	24aa3b28534d1f9e	3d6a94d9ed80079b
1788609870571027080	5	498	phase_loop[1431]	1788609869866328	9996	e0ab4c34f880cc0e	3d6a94d9ed80079b
1788609870571027080	5	498	phase_loop[1432]	1788609869876328	9993	4b3585d386484129	3d6a94d9ed80079b
1788609870571027080	5	498	phase_loop[1433]	1788609869886325	9997	3cc530ec86c85a9e	3d6a94d9ed80079b
1788609870571027080	5	498	phase_loop[1434]	1788609869896327	9997	6d07e7813cfd8238	3d6a94d9ed80079b
1788609870571027080	5	498	phase_loop[1435]	1788609869906329	9995	9b595ad4d92aaee5	3d6a94d9ed80079b
1788609870571027080	5	498	phase_loop[1436]	1788609869916328	9997	55817e3d309d66cd	3d6a94d9ed80079b
1788609870571027080	5	498	phase_loop[1437]	1788609869926329	9996	82c85779d8faa956	3d6a94d9ed80079b
1788609870571027080	5	498	phase_loop[1438]	1788609869936329	9993	fadfe0f9cdcb6001	3d6a94d9ed80079b
1788609870571027080	5	498	phase_loop[1439]	1788609869946327	10008	5a6956933794843e	3d6a94d9ed80079b
1788609870571027080	5	498	phase_loop[1440]	1788609869956341	9983	787f0ff708c32ed6	3d6a94d9ed80079b
1788609870571027080	5	498	phase_loop[1441]	1788609869966328	9994	08fd04215369f4b3	3d6a94d9ed80079b
1788609870571027080	5	498	phase_loop[1442]	1788609869976327	9995	14ac74c53e673242	3d6a94d9ed80079b
1788609870571027080	5	498	phase_loop[1443]	1788609869986326	10005	6d8bf3a7b486cd38	3d6a94d9ed80079b
1788609870571027080	5	498	phase_loop[1444]	1788609869996335	9987	b9fc0bfdc42956d5	3d6a94d9ed80079b
1788609870571027080	5	498	phase_loop[1445]	1788609870006326	9996	166baf901ad024f7	3d6a94d9ed80079b
1788609870571027080	5	498	phase_loop[1446]	1788609870016326	9996	9a33dcf244104e0f	3d6a94d9ed80079b
1788609870571027080	5	498	phase_loop[1447]	1788609870026327	9998	bb3a9ac10e737428	3d6a94d9ed80079b
1788609870571027080	5	498	phase_loop[1448]	1788609870036329	9993	545d53d5b40a94f3	3d6a94d9ed80079b
1788609870571027080	5	498	phase_loop[1449]	1788609870046326	9996	c845509051e97e34	3d6a94d9ed80079b
1788609870571027080	5	498	phase_loop[1450]	1788609870056327	9996	3888155e68e381de	3d6a94d9ed80079b
1788609870571027080	5	498	phase_loop[1451]	1788609870066327	9995	e6b324742f732942	3d6a94d9ed80079b
1788609870571027080	5	498	phase_loop[1452]	1788609870076327	10028	a1e6a1bb027c1730	3d6a94d9ed80079b
1788609870571027080	5	498	phase_loop[1453]	1788609870086359	9965	8d0be5382bb002d6	3d6a94d9ed80079b
1788609870571027080	5	498	phase_loop[1454]	1788609870096330	9993	81265a6bc1dd88a8	3d6a94d9ed80079b
1788609870571027080	5	498	phase_loop[1455]	1788609870106328	9994	858cf3b551d2e9bc	3d6a94d9ed80079b
1788609870571027080	5	498	phase_loop[1456]	1788609870116327	9995	cacb1056f004f732	3d6a94d9ed80079b
1788609870571027080	5	498	phase_loop[1457]	1788609870126328	9996	e86356638ee263df	3d6a94d9ed80079b
1788609870571027080	5	498	phase_loop[1458]	1788609870136328	9994	f352c40416b091f4	3d6a94d9ed80079b
1788609870571027080	5	498	phase_loop[1459]	1788609870146327	9993	7f38b21af1f7dfcb	3d6a94d9ed80079b
1788609870571027080	5	498	phase_loop[1460]	1788609870156325	9998	562780f51eb24be4	3d6a94d9ed80079b
1788609870571027080	5	498	phase_loop[1461]	1788609870166328	9995	23c9c3ab8a54f7e6	3d6a94d9ed80079b
1788609870571027080	5	498	phase_loop[1462]	1788609870176326	9995	8a1fec489de832f3	3d6a94d9ed80079b
1788609870571027080	5	498	phase_loop[1463]	1788609870186326	9997	da7aba5937ef81ea	3d6a94d9ed80079b
1788609870571027080	5	498	phase_loop[1464]	1788609870196328	9997	a427f4f243a5ab27	3d6a94d9ed80079b
1788609870571027080	5	498	phase_loop[1465]	1788609870206331	9990	1b1a2decf4f9a6b1	3d6a94d9ed80079b
1788609870571027080	5	498	phase_loop[1466]	1788609870216326	9996	7646e274c0f1ed6b	3d6a94d9ed80079b
1788609870571027080	5	498	phase_loop[1467]	1788609870226327	9997	94cd7549eec2ccbf	3d6a94d9ed80079b
1788609870571027080	5	498	phase_loop[1468]	1788609870236329	9995	d4a355a3bf8a20f4	3d6a94d9ed80079b
1788609870571027080	5	498	phase_loop[1469]	1788609870246328	9993	4e8cca3e3eb1e89c	3d6a94d9ed80079b
1788609870571027080	5	498	phase_loop[1470]	1788609870256326	9997	229bd633cc101a09	3d6a94d9ed80079b
1788609870571027080	5	498	phase_loop[1471]	1788609870266328	9994	d4ecde6668394e0f	3d6a94d9ed80079b
1788609870571027080	5	498	phase_loop[1472]	1788609870276327	9995	1ffe9d9af72a165c	3d6a94d9ed80079b
1788609870571027080	5	498	phase_loop[1473]	1788609870286326	9997	c15a0d17a0888458	3d6a94d9ed80079b
1788609870571027080	5	498	phase_loop[1474]	1788609870296328	9995	dbed09d0a5209850	3d6a94d9ed80079b
1788609870571027080	5	498	phase_loop[1475]	1788609870306328	9995	cda09a1f3e03c8c7	3d6a94d9ed80079b
1788609870571027080	5	498	phase_loop[1476]	1788609870316327	9995	4ff2f1826cf81794	3d6a94d9ed80079b
1788609870571027080	5	498	phase_loop[1477]	1788609870326327	9995	db7611311b3b802b	3d6a94d9ed80079b
1788609870571027080	5	498	phase_loop[1478]	1788609870336327	9994	46d4f25da79226d1	3d6a94d9ed80079b
1788609870571027080	5	498	phase_loop[1479]	1788609870346325	9996	3ba0afe6f0e3c039	3d6a94d9ed80079b
1788609870571027080	5	498	phase_loop[1480]	1788609870356326	9997	48498e1275576939	3d6a94d9ed80079b
1788609870571027080	5	498	phase_loop[1481]	1788609870366328	9994	9466f805b0ca1d78	3d6a94d9ed80079b
1788609870571027080	5	498	phase_loop[1482]	1788609870376327	9994	77b7a6c718096703	3d6a94d9ed80079b
1788609870571027080	5	498	phase_loop[1483]	1788609870386326	9998	19bf9ec92fd24333	3d6a94d9ed80079b
1788609870571027080	5	498	phase_loop[1484]	1788609870396328	9994	009a0537286801cc	3d6a94d9ed80079b
1788609870571027080	5	498	phase_loop[1485]	1788609870406327	10031	479248e6f002da70	3d6a94d9ed80079b
1788609870571027080	5	498	phase_loop[1486]	1788609870416362	9961	6c207866a0edccd0	3d6a94d9ed80079b
1788609870571027080	5	498	phase_loop[1487]	1788609870426328	9996	fbfc1576aca967e7	3d6a94d9ed80079b
1788609870571027080	5	498	phase_loop[1488]	1788609870436328	9994	13ccdb04592f2606	3d6a94d9ed80079b
1788609870571027080	5	498	phase_loop[1489]	1788609870446327	9993	8ce764937ca5d35c	3d6a94d9ed80079b
1788609870571027080	5	498	phase_loop[1490]	1788609870456325	9999	644266e375352c02	3d6a94d9ed80079b
1788609870571027080	5	498	phase_loop[1491]	1788609870466328	9994	5a782b73d9b56ee2	3d6a94d9ed80079b
1788609870571027080	5	498	phase_loop[1492]	1788609870476327	9994	d738f8e01c76345f	3d6a94d9ed80079b
1788609870571027080	5	498	phase_loop[1493]	1788609870486325	9998	1c013636a9396d4f	3d6a94d9ed80079b
1788609870571027080	5	498	phase_loop[1494]	1788609870496327	9995	45448b34d669a9e0	3d6a94d9ed80079b
1788609870571027080	5	498	phase_loop[1495]	1788609870506327	9994	0531a875ee8b1fe6	3d6a94d9ed80079b
1788609870571027080	5	498	phase_loop[1496]	1788609870516325	9998	46b823dc98651ce6	3d6a94d9ed80079b
1788609870571027080	5	498	phase_loop[1497]	1788609870526327	10040	aeb2e9e603f5b9f4	3d6a94d9ed80079b
1788609870571027080	5	498	phase_loop[1498]	1788609870536372	9951	d4df0646395e0b43	3d6a94d9ed80079b
1788609870571027080	5	498	phase_loop[1499]	1788609870546339	9991	0da22a5ea59886cc	3d6a94d9ed80079b
1788609870577896859	6	1	phase_loop[1500]	1788609870556344	10007	453ac0f9cc29d6e3	3d6a94d9ed80079b
1788609870579536870	7	1	phase_loop[1501]	1788609870566368	9973	99d86b5afa29a08c	3d6a94d9ed80079b
1788609875568945597	8	503	phase_loop[1502]	1788609870576357	9983	504f805111fa4cd0	3d6a94d9ed80079b
1788609875568945597	8	503	phase_loop[1503]	1788609870586356	9968	61364f9c27c77546	3d6a94d9ed80079b
1788609875568945597	8	503	phase_loop[1504]	1788609870596329	9993	920849492d19915e	3d6a94d9ed80079b
1788609875568945597	8	503	phase_loop[1505]	1788609870606327	9995	9a4167957d4ce9c3	3d6a94d9ed80079b
1788609875568945597	8	503	phase_loop[1506]	1788609870616327	9994	0d12964d8ee08cb6	3d6a94d9ed80079b
1788609875568945597	8	503	phase_loop[1507]	1788609870626326	9997	73a902db0e097725	3d6a94d9ed80079b
1788609875568945597	8	503	phase_loop[1508]	1788609870636328	9993	ec2def5c517091ab	3d6a94d9ed80079b
1788609875568945597	8	503	phase_loop[1509]	1788609870646326	9996	6fcbf4147ed68706	3d6a94d9ed80079b
1788609875568945597	8	503	phase_loop[1510]	1788609870656327	9996	27f4b42c460fa823	3d6a94d9ed80079b
1788609875568945597	8	503	phase_loop[1511]	1788609870666328	9994	af68533555a6f5dd	3d6a94d9ed80079b
1788609875568945597	8	503	phase_loop[1512]	1788609870676327	9995	91c2246c2612145b	3d6a94d9ed80079b
1788609875568945597	8	503	phase_loop[1513]	1788609870686326	9996	a65926fac4ecab8c	3d6a94d9ed80079b
1788609875568945597	8	503	phase_loop[1514]	1788609870696326	9997	dcf4d61f1794d146	3d6a94d9ed80079b
1788609875568945597	8	503	phase_loop[1515]	1788609870706327	9996	b7705c48a4bea45c	3d6a94d9ed80079b
1788609875568945597	8	503	phase_loop[1516]	1788609870716327	9995	befc2224883a4363	3d6a94d9ed80079b
1788609875568945597	8	503	phase_loop[1517]	1788609870726327	9998	f477af13de360279	3d6a94d9ed80079b
1788609875568945597	8	503	phase_loop[1518]	1788609870736330	10046	5f6293d516d1b0e1	3d6a94d9ed80079b
1788609875568945597	8	503	phase_loop[1519]	1788609870746382	9949	4780d7936bce3839	3d6a94d9ed80079b
1788609875568945597	8	503	phase_loop[1520]	1788609870756336	9988	27e532f3b27813db	3d6a94d9ed80079b
1788609875568945597	8	503	phase_loop[1521]	1788609870766329	9994	8c7dd39c47bea0eb	3d6a94d9ed80079b
1788609875568945597	8	503	phase_loop[1522]	1788609870776328	9996	af7d97a47a6dd46e	3d6a94d9ed80079b
1788609875568945597	8	503	phase_loop[1523]	1788609870786328	9996	354caf2e57aa8595	3d6a94d9ed80079b
1788609875568945597	8	503	phase_loop[1524]	1788609870796328	9996	803689c47aa36365	3d6a94d9ed80079b
1788609875568945597	8	503	phase_loop[1525]	1788609870806329	9992	a98532026cb646bb	3d6a94d9ed80079b
1788609875568945597	8	503	phase_loop[1526]	1788609870816325	9997	bca7e02f47385117	3d6a94d9ed80079b
1788609875568945597	8	503	phase_loop[1527]	1788609870826328	9997	1a7794b3cbf50316	3d6a94d9ed80079b
1788609875568945597	8	503	phase_loop[1528]	1788609870836329	9992	1bc324bce79f1aef	3d6a94d9ed80079b
1788609875568945597	8	503	phase_loop[1529]	1788609870846326	9995	72c2e102f711d1d2	3d6a94d9ed80079b
1788609875568945597	8	503	phase_loop[1530]	1788609870856325	9999	20eba42712bb9817	3d6a94d9ed80079b
1788609875568945597	8	503	phase_loop[1531]	1788609870866329	9993	8fc89830db084979	3d6a94d9ed80079b
1788609875568945597	8	503	phase_loop[1532]	1788609870876327	9995	b5586507c5a79ce8	3d6a94d9ed80079b
1788609875568945597	8	503	phase_loop[1533]	1788609870886327	9994	a98d79a37ec47bfc	3d6a94d9ed80079b
1788609875568945597	8	503	phase_loop[1534]	1788609870896326	9996	bde79068f89d562e	3d6a94d9ed80079b
1788609875568945597	8	503	phase_loop[1535]	1788609870906327	9996	fdb49363b2066d71	3d6a94d9ed80079b
1788609875568945597	8	503	phase_loop[1536]	1788609870916328	9995	23df5b2c44f25f25	3d6a94d9ed80079b
1788609875568945597	8	503	phase_loop[1537]	1788609870926328	9996	d9a9f300c829410d	3d6a94d9ed80079b
1788609875568945597	8	503	phase_loop[1538]	1788609870936328	9996	9ac72d5f24ef46bc	3d6a94d9ed80079b
1788609875568945597	8	503	phase_loop[1539]	1788609870946328	10003	e656a50164720643	3d6a94d9ed80079b
1788609875568945597	8	503	phase_loop[1540]	1788609870956335	9996	61ef07fcc640a418	3d6a94d9ed80079b
1788609875568945597	8	503	phase_loop[1541]	1788609870966335	9987	7e412d6b761a9de3	3d6a94d9ed80079b
1788609875568945597	8	503	phase_loop[1542]	1788609870976326	9998	52eb638030f9762a	3d6a94d9ed80079b
1788609875568945597	8	503	phase_loop[1543]	1788609870986328	9995	89af4ce86c909280	3d6a94d9ed80079b
1788609875568945597	8	503	phase_loop[1544]	1788609870996327	9995	5f4e93874006dcbe	3d6a94d9ed80079b
1788609875568945597	8	503	phase_loop[1545]	1788609871006326	9996	afc062c92df89c84	3d6a94d9ed80079b
1788609875568945597	8	503	phase_loop[1546]	1788609871016327	9996	c63250c59f3a85a6	3d6a94d9ed80079b
1788609875568945597	8	503	phase_loop[1547]	1788609871026327	9996	77db1f6d62890ddb	3d6a94d9ed80079b
1788609875568945597	8	503	phase_loop[1548]	1788609871036327	9996	0af2aaf660abaec4	3d6a94d9ed80079b
1788609875568945597	8	503	phase_loop[1549]	1788609871046327	9994	ce279c4ca89878bb	3d6a94d9ed80079b
1788609875568945597	8	503	phase_loop[1550]	1788609871056325	9997	8ef5b35029c050c6	3d6a94d9ed80079b
1788609875568945597	8	503	phase_loop[1551]	1788609871066327	10036	8209ce64f6f7519f	3d6a94d9ed80079b
1788609875568945597	8	503	phase_loop[1552]	1788609871076368	9955	5f358a0609f7f886	3d6a94d9ed80079b
1788609875568945597	8	503	phase_loop[1553]	1788609871086328	9994	8810fcb00213d9e0	3d6a94d9ed80079b
1788609875568945597	8	503	phase_loop[1554]	1788609871096326	9997	a8ccac7b1b5c5bd6	3d6a94d9ed80079b
1788609875568945597	8	503	phase_loop[1555]	1788609871106328	9994	cd87f77887766989	3d6a94d9ed80079b
1788609875568945597	8	503	phase_loop[1556]	1788609871116326	9997	2f8d5d8e36734ca5	3d6a94d9ed80079b
1788609875568945597	8	503	phase_loop[1557]	1788609871126328	9995	987a27fbe6da9bdf	3d6a94d9ed80079b
1788609875568945597	8	503	phase_loop[1558]	1788609871136328	9993	c560f957031908e0	3d6a94d9ed80079b
1788609875568945597	8	503	phase_loop[1559]	1788609871146326	10009	4dd244d97418ef4c	3d6a94d9ed80079b
1788609875568945597	8	503	phase_loop[1560]	1788609871156339	9985	ef105f7ecd6b33e9	3d6a94d9ed80079b
1788609875568945597	8	503	phase_loop[1561]	1788609871166328	9994	c88f366654ebb966	3d6a94d9ed80079b
1788609875568945597	8	503	phase_loop[1562]	1788609871176327	9996	8c458ef0cc8749d8	3d6a94d9ed80079b
1788609875568945597	8	503	phase_loop[1563]	1788609871186328	9996	7d0833307600bfd5	3d6a94d9ed80079b
1788609875568945597	8	503	phase_loop[1564]	1788609871196328	9994	263369f44516ffaa	3d6a94d9ed80079b
1788609875568945597	8	503	phase_loop[1565]	1788609871206328	9995	8ef3623dcd7f292c	3d6a94d9ed80079b
1788609875568945597	8	503	phase_loop[1566]	1788609871216327	9996	86d6c7b5c9dee09d	3d6a94d9ed80079b
1788609875568945597	8	503	phase_loop[1567]	1788609871226327	9997	b5712f3fbc795a4f	3d6a94d9ed80079b
1788609875568945597	8	503	phase_loop[1568]	1788609871236329	9996	dd6f3e4b5ccc1c2e	3d6a94d9ed80079b
1788609875568945597	8	503	phase_loop[1569]	1788609871246330	9991	e69411fb80aca1bc	3d6a94d9ed80079b
1788609875568945597	8	503	phase_loop[1570]	1788609871256326	9997	a12adea901b9aac0	3d6a94d9ed80079b
1788609875568945597	8	503	phase_loop[1571]	1788609871266328	9994	a7fd5dd8f7b94244	3d6a94d9ed80079b
1788609875568945597	8	503	phase_loop[1572]	1788609871276326	9995	93540352c6cf4803	3d6a94d9ed80079b
1788609875568945597	8	503	phase_loop[1573]	1788609871286326	9995	dbaadd3dc58412bb	3d6a94d9ed80079b
1788609875568945597	8	503	phase_loop[1574]	1788609871296327	9996	c19628bdbcba80cc	3d6a94d9ed80079b
1788609875568945597	8	503	phase_loop[1575]	1788609871306327	9995	20a3d6c98ef9cea6	3d6a94d9ed80079b
1788609875568945597	8	503	phase_loop[1576]	1788609871316327	9995	3b51acf33826f238	3d6a94d9ed80079b
1788609875568945597	8	503	phase_loop[1577]	1788609871326327	10000	d3e20efd525896bb	3d6a94d9ed80079b
1788609875568945597	8	503	phase_loop[1578]	1788609871336332	9992	0ab5bd7a042e26df	3d6a94d9ed80079b
1788609875568945597	8	503	phase_loop[1579]	1788609871346328	10002	174d638699af113d	3d6a94d9ed80079b
1788609875568945597	8	503	phase_loop[1580]	1788609871356334	9989	95b08c9c6b8b2c5c	3d6a94d9ed80079b
1788609875568945597	8	503	phase_loop[1581]	1788609871366328	9995	9fb34a10a913e049	3d6a94d9ed80079b
1788609875568945597	8	503	phase_loop[1582]	1788609871376328	9994	21972a7cb4346513	3d6a94d9ed80079b
1788609875568945597	8	503	phase_loop[1583]	1788609871386327	9999	dda29fce7aa2fa7d	3d6a94d9ed80079b
1788609875568945597	8	503	phase_loop[1584]	1788609871396331	10032	9b2160d1af135604	3d6a94d9ed80079b
1788609875568945597	8	503	phase_loop[1585]	1788609871406368	9954	020aef1381ff4341	3d6a94d9ed80079b
1788609875568945597	8	503	phase_loop[1586]	1788609871416327	9997	1288b4ea47c295f4	3d6a94d9ed80079b
1788609875568945597	8	503	phase_loop[1587]	1788609871426328	9996	6033cf98c1c89bf3	3d6a94d9ed80079b
1788609875568945597	8	503	phase_loop[1588]	1788609871436328	9996	527b6a88ced70fdb	3d6a94d9ed80079b
1788609875568945597	8	503	phase_loop[1589]	1788609871446329	9991	acbebe060ace4849	3d6a94d9ed80079b
1788609875568945597	8	503	phase_loop[1590]	1788609871456325	9999	6ea895fc4a687559	3d6a94d9ed80079b
1788609875568945597	8	503	phase_loop[1591]	1788609871466328	9994	a92bc025f423300d	3d6a94d9ed80079b
1788609875568945597	8	503	phase_loop[1592]	1788609871476327	9997	3fdc52aa3c923cd6	3d6a94d9ed80079b
1788609875568945597	8	503	phase_loop[1593]	1788609871486328	9994	9442d2a4a2fd7fc3	3d6a94d9ed80079b
1788609875568945597	8	503	phase_loop[1594]	1788609871496327	9996	9d3a6e12ad1ceec7	3d6a94d9ed80079b
1788609875568945597	8	503	phase_loop[1595]	1788609871506327	9994	2315c5ecfe9cbf91	3d6a94d9ed80079b
1788609875568945597	8	503	phase_loop[1596]	1788609871516326	9998	f05a8d4dbd08c940	3d6a94d9ed80079b
1788609875568945597	8	503	phase_loop[1597]	1788609871526329	9994	8cd2bce354d28230	3d6a94d9ed80079b
1788609875568945597	8	503	phase_loop[1598]	1788609871536328	9997	ca347b3f4f730f32	3d6a94d9ed80079b
1788609875568945597	8	503	phase_loop[1599]	1788609871546330	9999	13a840af59d51b6c	3d6a94d9ed80079b
1788609875568945597	8	503	phase_loop[1600]	1788609871556333	9990	5b704f66a207ad91	3d6a94d9ed80079b
1788609875568945597	8	503	phase_loop[1601]	1788609871566327	9995	873b514bfb6f4754	3d6a94d9ed80079b
1788609875568945597	8	503	phase_loop[1602]	1788609871576327	9995	2b989e50e72677a7	3d6a94d9ed80079b
1788609875568945597	8	503	phase_loop[1603]	1788609871586326	9995	201eb0a4d4299954	3d6a94d9ed80079b
1788609875568945597	8	503	phase_loop[1604]	1788609871596326	9996	9b7209bda06dc820	3d6a94d9ed80079b
1788609875568945597	8	503	phase_loop[1605]	1788609871606327	9996	7c0e70cd6ace61e6	3d6a94d9ed80079b
1788609875568945597	8	503	phase_loop[1606]	1788609871616328	9994	33ff08b904b6f5b4	3d6a94d9ed80079b
1788609875568945597	8	503	phase_loop[1607]	1788609871626327	9996	c0bd86528d1a39f7	3d6a94d9ed80079b
1788609875568945597	8	503	phase_loop[1608]	1788609871636327	9996	a952f05c92fe6e50	3d6a94d9ed80079b
1788609875568945597	8	503	phase_loop[1609]	1788609871646328	9993	9ad18df43fc78a8f	3d6a94d9ed80079b
1788609875568945597	8	503	phase_loop[1610]	1788609871656326	9996	df5b853e879a4bf4	3d6a94d9ed80079b
1788609875568945597	8	503	phase_loop[1611]	1788609871666327	9996	f418692b2b60bbc4	3d6a94d9ed80079b
1788609875568945597	8	503	phase_loop[1612]	1788609871676327	9996	f55a7fda3b29d00e	3d6a94d9ed80079b
1788609875568945597	8	503	phase_loop[1613]	1788609871686327	9996	5dc4d882ddf95e56	3d6a94d9ed80079b
1788609875568945597	8	503	phase_loop[1614]	1788609871696328	9995	073571e19b589b25	3d6a94d9ed80079b
1788609875568945597	8	503	phase_loop[1615]	1788609871706327	9994	7408eb7739d133e0	3d6a94d9ed80079b
1788609875568945597	8	503	phase_loop[1616]	1788609871716326	9996	1654090b51998f2c	3d6a94d9ed80079b
1788609875568945597	8	503	phase_loop[1617]	1788609871726326	10034	802e2130f9d797f7	3d6a94d9ed80079b
1788609875568945597	8	503	phase_loop[1618]	1788609871736365	9960	7b5bc8bce5818d73	3d6a94d9ed80079b
1788609875568945597	8	503	phase_loop[1619]	1788609871746330	10000	bbddde29ced47d78	3d6a94d9ed80079b
1788609875568945597	8	503	phase_loop[1620]	1788609871756334	9989	8779f757524b1622	3d6a94d9ed80079b
1788609875568945597	8	503	phase_loop[1621]	1788609871766327	9995	3aa968cfa65785fe	3d6a94d9ed80079b
1788609875568945597	8	503	phase_loop[1622]	1788609871776327	9995	d1139599c6f59a35	3d6a94d9ed80079b
1788609875568945597	8	503	phase_loop[1623]	1788609871786327	9996	34b4306adfe45bf2	3d6a94d9ed80079b
1788609875568945597	8	503	phase_loop[1624]	1788609871796327	9995	ca40c2eaa4287410	3d6a94d9ed80079b
1788609875568945597	8	503	phase_loop[1625]	1788609871806327	9994	df1090760f7f82cd	3d6a94d9ed80079b
1788609875568945597	8	503	phase_loop[1626]	1788609871816326	9997	960b6e703dd3930e	3d6a94d9ed80079b
1788609875568945597	8	503	phase_loop[1627]	1788609871826328	9995	ad5edcc2d56aaebb	3d6a94d9ed80079b
1788609875568945597	8	503	phase_loop[1628]	1788609871836327	9999	d35d3134308d820e	3d6a94d9ed80079b
1788609875568945597	8	503	phase_loop[1629]	1788609871846331	9991	0ba51f9083d9e5bc	3d6a94d9ed80079b
1788609875568945597	8	503	phase_loop[1630]	1788609871856326	9999	1e37979f5efd8406	3d6a94d9ed80079b
1788609875568945597	8	503	phase_loop[1631]	1788609871866330	9993	6e6b3197df77e78b	3d6a94d9ed80079b
1788609875568945597	8	503	phase_loop[1632]	1788609871876327	9996	aeb4417f93afb2e0	3d6a94d9ed80079b
1788609875568945597	8	503	phase_loop[1633]	1788609871886328	9994	62d110624d501c65	3d6a94d9ed80079b
1788609875568945597	8	503	phase_loop[1634]	1788609871896327	9996	fd1d167bc146ab72	3d6a94d9ed80079b
1788609875568945597	8	503	phase_loop[1635]	1788609871906328	9994	5e04fa1bc9b95f24	3d6a94d9ed80079b
1788609875568945597	8	503	phase_loop[1636]	1788609871916327	9995	79ae366d71a7f692	3d6a94d9ed80079b
1788609875568945597	8	503	phase_loop[1637]	1788609871926327	9996	0f34822a24fa0c72	3d6a94d9ed80079b
1788609875568945597	8	503	phase_loop[1638]	1788609871936327	9996	50688e975c7c4716	3d6a94d9ed80079b
1788609875568945597	8	503	phase_loop[1639]	1788609871946328	10001	ae7811d89a7f5592	3d6a94d9ed80079b
1788609875568945597	8	503	phase_loop[1640]	1788609871956334	9990	894038061ec641aa	3d6a94d9ed80079b
1788609875568945597	8	503	phase_loop[1641]	1788609871966328	9995	e16e9b102f3b78c9	3d6a94d9ed80079b
1788609875568945597	8	503	phase_loop[1642]	1788609871976328	9995	1cb4d8ea3178430c	3d6a94d9ed80079b
1788609875568945597	8	503	phase_loop[1643]	1788609871986327	9996	91a9e431dd5e436b	3d6a94d9ed80079b
1788609875568945597	8	503	phase_loop[1644]	1788609871996328	9995	d1a66981e23c0d48	3d6a94d9ed80079b
1788609875568945597	8	503	phase_loop[1645]	1788609872006328	9994	429a291019dd525e	3d6a94d9ed80079b
1788609875568945597	8	503	phase_loop[1646]	1788609872016327	9994	86b2afb124f98665	3d6a94d9ed80079b
1788609875568945597	8	503	phase_loop[1647]	1788609872026326	9998	983afa0e4bde7b9b	3d6a94d9ed80079b
1788609875568945597	8	503	phase_loop[1648]	1788609872036329	9995	86f270156bb98ba4	3d6a94d9ed80079b
1788609875568945597	8	503	phase_loop[1649]	1788609872046328	9993	624bbdf0301e982c	3d6a94d9ed80079b
1788609875568945597	8	503	phase_loop[1650]	1788609872056326	10032	d4c1bc81cea4805b	3d6a94d9ed80079b
1788609875568945597	8	503	phase_loop[1651]	1788609872066363	9961	08da95666bfb7107	3d6a94d9ed80079b
1788609875568945597	8	503	phase_loop[1652]	1788609872076329	9994	a1f0de334012b052	3d6a94d9ed80079b
1788609875568945597	8	503	phase_loop[1653]	1788609872086328	9995	1d5325c3530a0bfe	3d6a94d9ed80079b
1788609875568945597	8	503	phase_loop[1654]	1788609872096327	9996	3395ec13419e398b	3d6a94d9ed80079b
1788609875568945597	8	503	phase_loop[1655]	1788609872106328	9993	5e64b4da3cd91737	3d6a94d9ed80079b
1788609875568945597	8	503	phase_loop[1656]	1788609872116325	9997	22fba8423b49740d	3d6a94d9ed80079b
1788609875568945597	8	503	phase_loop[1657]	1788609872126327	9997	455a2de752af4d60	3d6a94d9ed80079b
1788609875568945597	8	503	phase_loop[1658]	1788609872136329	9993	a039c914a8c83bb6	3d6a94d9ed80079b
1788609875568945597	8	503	phase_loop[1659]	1788609872146327	9994	99ba657ab79c8241	3d6a94d9ed80079b
1788609875568945597	8	503	phase_loop[1660]	1788609872156326	9998	27e2a1003f064137	3d6a94d9ed80079b
1788609875568945597	8	503	phase_loop[1661]	1788609872166328	9995	18ed41717aa98251	3d6a94d9ed80079b
1788609875568945597	8	503	phase_loop[1662]	1788609872176327	9996	00c4cad7002bc17b	3d6a94d9ed80079b
1788609875568945597	8	503	phase_loop[1663]	1788609872186328	9995	44e8f702d017076d	3d6a94d9ed80079b
1788609875568945597	8	503	phase_loop[1664]	1788609872196328	9994	5bcb4f306902bc85	3d6a94d9ed80079b
1788609875568945597	8	503	phase_loop[1665]	1788609872206328	9996	9baf9b168504b420	3d6a94d9ed80079b
1788609875568945597	8	503	phase_loop[1666]	1788609872216329	9995	d2314c3fa60e0027	3d6a94d9ed80079b
1788609875568945597	8	503	phase_loop[1667]	1788609872226328	9995	6f359a901186c043	3d6a94d9ed80079b
1788609875568945597	8	503	phase_loop[1668]	1788609872236327	9995	5717d37d6a7020f2	3d6a94d9ed80079b
1788609875568945597	8	503	phase_loop[1669]	1788609872246327	9994	bc06c41d330f98a5	3d6a94d9ed80079b
1788609875568945597	8	503	phase_loop[1670]	1788609872256326	9996	423c3644d9913a38	3d6a94d9ed80079b
1788609875568945597	8	503	phase_loop[1671]	1788609872266326	9996	09a7496bbd4f110a	3d6a94d9ed80079b
1788609875568945597	8	503	phase_loop[1672]	1788609872276327	9995	d5e88203f68874ae	3d6a94d9ed80079b
1788609875568945597	8	503	phase_loop[1673]	1788609872286326	9996	9e97242860989642	3d6a94d9ed80079b
1788609875568945597	8	503	phase_loop[1674]	1788609872296327	9994	6e923cf5b66c250d	3d6a94d9ed80079b
1788609875568945597	8	503	phase_loop[1675]	1788609872306325	9997	391811d63af9b27a	3d6a94d9ed80079b
1788609875568945597	8	503	phase_loop[1676]	1788609872316327	9997	8cff5ebc88d71019	3d6a94d9ed80079b
1788609875568945597	8	503	phase_loop[1677]	1788609872326329	9995	60c03b8cb9f5143b	3d6a94d9ed80079b
1788609875568945597	8	503	phase_loop[1678]	1788609872336329	9995	d8ad2aae819aa5e5	3d6a94d9ed80079b
1788609875568945597	8	503	phase_loop[1679]	1788609872346328	9995	531f5b4de1f2c68d	3d6a94d9ed80079b
1788609875568945597	8	503	phase_loop[1680]	1788609872356327	9997	3e5966921357fc66	3d6a94d9ed80079b
1788609875568945597	8	503	phase_loop[1681]	1788609872366328	9994	204da8685a758eca	3d6a94d9ed80079b
1788609875568945597	8	503	phase_loop[1682]	1788609872376327	9995	eec09f3821dd9cf5	3d6a94d9ed80079b
1788609875568945597	8	503	phase_loop[1683]	1788609872386328	10030	939911e25147d9db	3d6a94d9ed80079b
1788609875568945597	8	503	phase_loop[1684]	1788609872396362	9962	a4b0487937e9dd7d	3d6a94d9ed80079b
1788609875568945597	8	503	phase_loop[1685]	1788609872406329	9992	3a3b360acfdcf74c	3d6a94d9ed80079b
1788609875568945597	8	503	phase_loop[1686]	1788609872416325	9997	9b312b00b18d5d49	3d6a94d9ed80079b
1788609875568945597	8	503	phase_loop[1687]	1788609872426327	9997	02fa4b1823aee025	3d6a94d9ed80079b
1788609875568945597	8	503	phase_loop[1688]	1788609872436328	9995	8c39ff16f56c0394	3d6a94d9ed80079b
1788609875568945597	8	503	phase_loop[1689]	1788609872446328	9993	8af7fffa23ca9e7c	3d6a94d9ed80079b
1788609875568945597	8	503	phase_loop[1690]	1788609872456325	9999	6d904204b5072763	3d6a94d9ed80079b
1788609875568945597	8	503	phase_loop[1691]	1788609872466329	9994	d8b0c757d42997fc	3d6a94d9ed80079b
1788609875568945597	8	503	phase_loop[1692]	1788609872476328	9998	e61d11117b56f2b5	3d6a94d9ed80079b
1788609875568945597	8	503	phase_loop[1693]	1788609872486330	9993	d009dac2880f8fe3	3d6a94d9ed80079b
1788609875568945597	8	503	phase_loop[1694]	1788609872496328	9998	d68b99dd258e1671	3d6a94d9ed80079b
1788609875568945597	8	503	phase_loop[1695]	1788609872506331	9991	bddcf5c4dd13e948	3d6a94d9ed80079b
1788609875568945597	8	503	phase_loop[1696]	1788609872516327	9997	b550a3aad57301e7	3d6a94d9ed80079b
1788609875568945597	8	503	phase_loop[1697]	1788609872526329	9994	4f376ab303fa3215	3d6a94d9ed80079b
1788609875568945597	8	503	phase_loop[1698]	1788609872536327	9994	8c84685ca60e0645	3d6a94d9ed80079b
1788609875568945597	8	503	phase_loop[1699]	1788609872546326	10005	c0cd84dd18e40c2e	3d6a94d9ed80079b
1788609875568945597	8	503	phase_loop[1700]	1788609872556335	9990	4c5ddaa3757dd695	3d6a94d9ed80079b
1788609875568945597	8	503	phase_loop[1701]	1788609872566331	9992	6f5b5e2f96a73afc	3d6a94d9ed80079b
1788609875568945597	8	503	phase_loop[1702]	1788609872576327	9995	0e3e7c732b1b969b	3d6a94d9ed80079b
1788609875568945597	8	503	phase_loop[1703]	1788609872586327	9994	f168cb83d1ecf36a	3d6a94d9ed80079b
1788609875568945597	8	503	phase_loop[1704]	1788609872596326	9996	7820e04a16409c49	3d6a94d9ed80079b
1788609875568945597	8	503	phase_loop[1705]	1788609872606327	9995	564137858d9b5e05	3d6a94d9ed80079b
1788609875568945597	8	503	phase_loop[1706]	1788609872616326	9998	1146a85e616e59c7	3d6a94d9ed80079b
1788609875568945597	8	503	phase_loop[1707]	1788609872626328	9999	8d6cafa7a71a398b	3d6a94d9ed80079b
1788609875568945597	8	503	phase_loop[1708]	1788609872636331	9991	26cbef55383c3393	3d6a94d9ed80079b
1788609875568945597	8	503	phase_loop[1709]	1788609872646327	9995	3dddc5a6ba04c69a	3d6a94d9ed80079b
1788609875568945597	8	503	phase_loop[1710]	1788609872656327	9998	05821fa5a65ddfc3	3d6a94d9ed80079b
1788609875568945597	8	503	phase_loop[1711]	1788609872666329	9993	ccbfdc6a73b486d2	3d6a94d9ed80079b
1788609875568945597	8	503	phase_loop[1712]	1788609872676326	9996	0331be3e0ebe5822	3d6a94d9ed80079b
1788609875568945597	8	503	phase_loop[1713]	1788609872686326	9996	82bd0633b24c7e1d	3d6a94d9ed80079b
1788609875568945597	8	503	phase_loop[1714]	1788609872696327	9997	8c58a65eff340500	3d6a94d9ed80079b
1788609875568945597	8	503	phase_loop[1715]	1788609872706329	9993	0db42a55332f9f89	3d6a94d9ed80079b
1788609875568945597	8	503	phase_loop[1716]	1788609872716326	10031	ce52a5fbc0663009	3d6a94d9ed80079b
1788609875568945597	8	503	phase_loop[1717]	1788609872726363	9961	565580e09dad27da	3d6a94d9ed80079b
1788609875568945597	8	503	phase_loop[1718]	1788609872736329	9994	a38e64382faf79b0	3d6a94d9ed80079b
1788609875568945597	8	503	phase_loop[1719]	1788609872746328	10003	8b3ac856700e6287	3d6a94d9ed80079b
1788609875568945597	8	503	phase_loop[1720]	1788609872756337	9986	08132e48745a94e2	3d6a94d9ed80079b
1788609875568945597	8	503	phase_loop[1721]	1788609872766327	9994	153aa7383c880e13	3d6a94d9ed80079b
1788609875568945597	8	503	phase_loop[1722]	1788609872776326	9997	3caf9884133b5e6a	3d6a94d9ed80079b
1788609875568945597	8	503	phase_loop[1723]	1788609872786328	9995	a69d3765c5c86bf5	3d6a94d9ed80079b
1788609875568945597	8	503	phase_loop[1724]	1788609872796326	9996	aab47eb9844e530c	3d6a94d9ed80079b
1788609875568945597	8	503	phase_loop[1725]	1788609872806327	9995	80aacf2185cf1db1	3d6a94d9ed80079b
1788609875568945597	8	503	phase_loop[1726]	1788609872816327	9998	8ba9b2bbaa6725e5	3d6a94d9ed80079b
1788609875568945597	8	503	phase_loop[1727]	1788609872826330	9993	18fa192b867b766c	3d6a94d9ed80079b
1788609875568945597	8	503	phase_loop[1728]	1788609872836328	9995	0cedc801c82ef393	3d6a94d9ed80079b
1788609875568945597	8	503	phase_loop[1729]	1788609872846328	10002	73b939e2759e56e4	3d6a94d9ed80079b
1788609875568945597	8	503	phase_loop[1730]	1788609872856335	9990	17122afb256362b4	3d6a94d9ed80079b
1788609875568945597	8	503	phase_loop[1731]	1788609872866330	9996	04f9335f0fec1a0d	3d6a94d9ed80079b
1788609875568945597	8	503	phase_loop[1732]	1788609872876330	9991	1a77f5c2c5cebabb	3d6a94d9ed80079b
1788609875568945597	8	503	phase_loop[1733]	1788609872886326	9996	95fe9f05bc6ad0a7	3d6a94d9ed80079b
1788609875568945597	8	503	phase_loop[1734]	1788609872896327	9997	2a40c9e280cf3249	3d6a94d9ed80079b
1788609875568945597	8	503	phase_loop[1735]	1788609872906328	9994	48425379bd5165c3	3d6a94d9ed80079b
1788609875568945597	8	503	phase_loop[1736]	1788609872916327	9995	91db2ffa4f19de39	3d6a94d9ed80079b
1788609875568945597	8	503	phase_loop[1737]	1788609872926328	9995	af17f9f9213dfc97	3d6a94d9ed80079b
1788609875568945597	8	503	phase_loop[1738]	1788609872936327	9995	16b378180a1429a6	3d6a94d9ed80079b
1788609875568945597	8	503	phase_loop[1739]	1788609872946327	9996	ea01b200b9cde19c	3d6a94d9ed80079b
1788609875568945597	8	503	phase_loop[1740]	1788609872956327	9995	e9aefd59bdb3acf3	3d6a94d9ed80079b
1788609875568945597	8	503	phase_loop[1741]	1788609872966327	9996	12a13a905ecf4a72	3d6a94d9ed80079b
1788609875568945597	8	503	phase_loop[1742]	1788609872976327	9995	443b80ca803f0b9d	3d6a94d9ed80079b
1788609875568945597	8	503	phase_loop[1743]	1788609872986327	9997	7fa98e0aac19783d	3d6a94d9ed80079b
1788609875568945597	8	503	phase_loop[1744]	1788609872996328	9994	8e595df6d1ab0761	3d6a94d9ed80079b
1788609875568945597	8	503	phase_loop[1745]	1788609873006328	9994	18d77d088a2f8a8d	3d6a94d9ed80079b
1788609875568945597	8	503	phase_loop[1746]	1788609873016326	9998	e2b4b7c51d0d6e27	3d6a94d9ed80079b
1788609875568945597	8	503	phase_loop[1747]	1788609873026328	9995	8f4835df1453db84	3d6a94d9ed80079b
1788609875568945597	8	503	phase_loop[1748]	1788609873036329	9995	27b3e9aea242d0c6	3d6a94d9ed80079b
1788609875568945597	8	503	phase_loop[1749]	1788609873046328	10026	957efba93fd565cb	3d6a94d9ed80079b
1788609875568945597	8	503	phase_loop[1750]	1788609873056358	9969	0ab98145384eef53	3d6a94d9ed80079b
1788609875568945597	8	503	phase_loop[1751]	1788609873066334	9988	27c832d47091ae68	3d6a94d9ed80079b
1788609875568945597	8	503	phase_loop[1752]	1788609873076327	9997	670379755912f446	3d6a94d9ed80079b
1788609875568945597	8	503	phase_loop[1753]	1788609873086329	9995	8a31b919f7b1b3b7	3d6a94d9ed80079b
1788609875568945597	8	503	phase_loop[1754]	1788609873096328	9996	eb90e91e31627ca4	3d6a94d9ed80079b
1788609875568945597	8	503	phase_loop[1755]	1788609873106329	9992	c84a90dd440236e8	3d6a94d9ed80079b
1788609875568945597	8	503	phase_loop[1756]	1788609873116326	9996	6c276a9b7a6d262b	3d6a94d9ed80079b
1788609875568945597	8	503	phase_loop[1757]	1788609873126326	9997	07374bae45041d6d	3d6a94d9ed80079b
1788609875568945597	8	503	phase_loop[1758]	1788609873136327	9998	f0af5a7ec2e8247f	3d6a94d9ed80079b
1788609875568945597	8	503	phase_loop[1759]	1788609873146329	9992	f68f6f0f1e93def4	3d6a94d9ed80079b
1788609875568945597	8	503	phase_loop[1760]	1788609873156325	9998	7b6b2dca39e67856	3d6a94d9ed80079b
1788609875568945597	8	503	phase_loop[1761]	1788609873166327	9996	e783d9a40760a2f0	3d6a94d9ed80079b
1788609875568945597	8	503	phase_loop[1762]	1788609873176327	9994	7c1efe044eaa0cbf	3d6a94d9ed80079b
1788609875568945597	8	503	phase_loop[1763]	1788609873186325	9997	4a625a4b1d4f98ca	3d6a94d9ed80079b
1788609875568945597	8	503	phase_loop[1764]	1788609873196326	9996	c2390dd2e9189924	3d6a94d9ed80079b
1788609875568945597	8	503	phase_loop[1765]	1788609873206327	9994	0fe75aadbcdcaaa4	3d6a94d9ed80079b
1788609875568945597	8	503	phase_loop[1766]	1788609873216325	10000	e36bda8d00a5faf2	3d6a94d9ed80079b
1788609875568945597	8	503	phase_loop[1767]	1788609873226329	9993	9d351f916559aff1	3d6a94d9ed80079b
1788609875568945597	8	503	phase_loop[1768]	1788609873236327	9995	8fca11b5955efb7e	3d6a94d9ed80079b
1788609875568945597	8	503	phase_loop[1769]	1788609873246327	9995	9e11fb18e554943e	3d6a94d9ed80079b
1788609875568945597	8	503	phase_loop[1770]	1788609873256326	9998	6e509a2f97b9778a	3d6a94d9ed80079b
1788609875568945597	8	503	phase_loop[1771]	1788609873266330	9993	5a9441e62b9c67de	3d6a94d9ed80079b
1788609875568945597	8	503	phase_loop[1772]	1788609873276326	9995	7dd388f0529f67cf	3d6a94d9ed80079b
1788609875568945597	8	503	phase_loop[1773]	1788609873286326	9998	a4e9299f0b29dbda	3d6a94d9ed80079b
1788609875568945597	8	503	phase_loop[1774]	1788609873296329	9993	4b6ee3ef7321e973	3d6a94d9ed80079b
1788609875568945597	8	503	phase_loop[1775]	1788609873306327	9996	a2aaf92f010b3e1b	3d6a94d9ed80079b
1788609875568945597	8	503	phase_loop[1776]	1788609873316328	9994	0fd9ca1439cc5c81	3d6a94d9ed80079b
1788609875568945597	8	503	phase_loop[1777]	1788609873326327	9995	3355f829a71ac7e5	3d6a94d9ed80079b
1788609875568945597	8	503	phase_loop[1778]	1788609873336327	9996	50ff91342fa1d380	3d6a94d9ed80079b
1788609875568945597	8	503	phase_loop[1779]	1788609873346327	9994	891a8f40b054a74d	3d6a94d9ed80079b
1788609875568945597	8	503	phase_loop[1780]	1788609873356326	9998	17c6b991294248a1	3d6a94d9ed80079b
1788609875568945597	8	503	phase_loop[1781]	1788609873366328	9994	168faf66e0967dbb	3d6a94d9ed80079b
1788609875568945597	8	503	phase_loop[1782]	1788609873376328	10030	efddd53e834c7084	3d6a94d9ed80079b
1788609875568945597	8	503	phase_loop[1783]	1788609873386363	9961	f4ff893208359f38	3d6a94d9ed80079b
1788609875568945597	8	503	phase_loop[1784]	1788609873396329	9992	97c6b0a55897cdf4	3d6a94d9ed80079b
1788609875568945597	8	503	phase_loop[1785]	1788609873406327	9995	02c69010f546d92f	3d6a94d9ed80079b
1788609875568945597	8	503	phase_loop[1786]	1788609873416327	9995	4d72b3ce7e2658ee	3d6a94d9ed80079b
1788609875568945597	8	503	phase_loop[1787]	1788609873426327	9996	ca025acb02be0643	3d6a94d9ed80079b
1788609875568945597	8	503	phase_loop[1788]	1788609873436327	9997	4bd5d80e82875d93	3d6a94d9ed80079b
1788609875568945597	8	503	phase_loop[1789]	1788609873446329	9995	eef520aa51f2774f	3d6a94d9ed80079b
1788609875568945597	8	503	phase_loop[1790]	1788609873456328	9996	b20891c7e1f4227b	3d6a94d9ed80079b
1788609875568945597	8	503	phase_loop[1791]	1788609873466329	9993	e4793a8e4a4ea004	3d6a94d9ed80079b
1788609875568945597	8	503	phase_loop[1792]	1788609873476327	9995	500cb8fa09875918	3d6a94d9ed80079b
1788609875568945597	8	503	phase_loop[1793]	1788609873486326	9997	92881b60e8677eef	3d6a94d9ed80079b
1788609875568945597	8	503	phase_loop[1794]	1788609873496327	9996	1e5d3d1318892654	3d6a94d9ed80079b
1788609875568945597	8	503	phase_loop[1795]	1788609873506329	9992	c2bf4eedc0e03778	3d6a94d9ed80079b
1788609875568945597	8	503	phase_loop[1796]	1788609873516325	9998	9562057ffdc01788	3d6a94d9ed80079b
1788609875568945597	8	503	phase_loop[1797]	1788609873526327	9998	b4cbb50ff28a59b0	3d6a94d9ed80079b
1788609875568945597	8	503	phase_loop[1798]	1788609873536330	9993	b442f6e83e4283a6	3d6a94d9ed80079b
1788609875568945597	8	503	phase_loop[1799]	1788609873546328	9994	83d483bc6d98216b	3d6a94d9ed80079b
1788609875568945597	8	503	phase_loop[1800]	1788609873556326	9998	3d02b3a3832d2ba3	3d6a94d9ed80079b
1788609875568945597	8	503	phase_loop[1801]	1788609873566330	9993	ab0f298765f46869	3d6a94d9ed80079b
1788609875568945597	8	503	phase_loop[1802]	1788609873576328	9994	1a2b33bb89e7eb05	3d6a94d9ed80079b
1788609875568945597	8	503	phase_loop[1803]	1788609873586326	9996	1529e21ac76cc765	3d6a94d9ed80079b
1788609875568945597	8	503	phase_loop[1804]	1788609873596327	9996	200d3a457a062f1b	3d6a94d9ed80079b
1788609875568945597	8	503	phase_loop[1805]	1788609873606328	9994	db0fc0026d6fdc92	3d6a94d9ed80079b
1788609875568945597	8	503	phase_loop[1806]	1788609873616326	9996	4845451c78e4ca33	3d6a94d9ed80079b
1788609875568945597	8	503	phase_loop[1807]	1788609873626327	9997	9afb929017c86f5a	3d6a94d9ed80079b
1788609875568945597	8	503	phase_loop[1808]	1788609873636329	9993	40f02acd0f46b7da	3d6a94d9ed80079b
1788609875568945597	8	503	phase_loop[1809]	1788609873646326	9995	30a90505b90b1f24	3d6a94d9ed80079b
1788609875568945597	8	503	phase_loop[1810]	1788609873656325	9999	2054a3ff58018f51	3d6a94d9ed80079b
1788609875568945597	8	503	phase_loop[1811]	1788609873666328	9995	9be04dd8fddaf309	3d6a94d9ed80079b
1788609875568945597	8	503	phase_loop[1812]	1788609873676327	9996	13574b458e5ce463	3d6a94d9ed80079b
1788609875568945597	8	503	phase_loop[1813]	1788609873686328	9994	2c176f8d19801cd3	3d6a94d9ed80079b
1788609875568945597	8	503	phase_loop[1814]	1788609873696327	9995	3e5dfaa997ac5ab2	3d6a94d9ed80079b
1788609875568945597	8	503	phase_loop[1815]	1788609873706327	10046	50158423d100c0ea	3d6a94d9ed80079b
1788609875568945597	8	503	phase_loop[1816]	1788609873716377	9947	7650a2282e4e1084	3d6a94d9ed80079b
1788609875568945597	8	503	phase_loop[1817]	1788609873726329	9996	3a74bd50f0f8fd40	3d6a94d9ed80079b
1788609875568945597	8	503	phase_loop[1818]	1788609873736329	9995	3266a479782ac123	3d6a94d9ed80079b
1788609875568945597	8	503	phase_loop[1819]	1788609873746329	9992	a40c660da8f69b6a	3d6a94d9ed80079b
1788609875568945597	8	503	phase_loop[1820]	1788609873756326	9998	943a7d7f0caa1d84	3d6a94d9ed80079b
1788609875568945597	8	503	phase_loop[1821]	1788609873766328	9995	4f7fd3aac4a978cd	3d6a94d9ed80079b
1788609875568945597	8	503	phase_loop[1822]	1788609873776328	9993	51d0d7c6b4fd1a4b	3d6a94d9ed80079b
1788609875568945597	8	503	phase_loop[1823]	1788609873786327	9996	720685634bcbfc20	3d6a94d9ed80079b
1788609875568945597	8	503	phase_loop[1824]	1788609873796328	9995	5612b5b86f8f86bd	3d6a94d9ed80079b
1788609875568945597	8	503	phase_loop[1825]	1788609873806328	9994	9510f4296f64dbfd	3d6a94d9ed80079b
1788609875568945597	8	503	phase_loop[1826]	1788609873816326	9996	18cdb4780268f988	3d6a94d9ed80079b
1788609875568945597	8	503	phase_loop[1827]	1788609873826328	9995	23ae76c5444cbb43	3d6a94d9ed80079b
1788609875568945597	8	503	phase_loop[1828]	1788609873836327	9996	e08640679850ffb7	3d6a94d9ed80079b
1788609875568945597	8	503	phase_loop[1829]	1788609873846327	9995	1e499d28932bdfd1	3d6a94d9ed80079b
1788609875568945597	8	503	phase_loop[1830]	1788609873856327	9997	05f04b7443f02b66	3d6a94d9ed80079b
1788609875568945597	8	503	phase_loop[1831]	1788609873866329	9994	3bb3c3bc325be056	3d6a94d9ed80079b
1788609875568945597	8	503	phase_loop[1832]	1788609873876327	9995	b3b03611ed927a4a	3d6a94d9ed80079b
1788609875568945597	8	503	phase_loop[1833]	1788609873886326	9997	1a14178f8b7e48dd	3d6a94d9ed80079b
1788609875568945597	8	503	phase_loop[1834]	1788609873896327	9996	1a5e5d6f5dabb41b	3d6a94d9ed80079b
1788609875568945597	8	503	phase_loop[1835]	1788609873906328	9993	3ef20cb88fab4400	3d6a94d9ed80079b
1788609875568945597	8	503	phase_loop[1836]	1788609873916326	9996	cfe5b570a12c5835	3d6a94d9ed80079b
1788609875568945597	8	503	phase_loop[1837]	1788609873926327	9997	39454ae49b2377fd	3d6a94d9ed80079b
1788609875568945597	8	503	phase_loop[1838]	1788609873936328	9994	f10bc76f68575771	3d6a94d9ed80079b
1788609875568945597	8	503	phase_loop[1839]	1788609873946326	9996	673f0b5064a5cec1	3d6a94d9ed80079b
1788609875568945597	8	503	phase_loop[1840]	1788609873956326	9996	1090f331e260bf24	3d6a94d9ed80079b
1788609875568945597	8	503	phase_loop[1841]	1788609873966327	9996	2bea12630d7c48b1	3d6a94d9ed80079b
1788609875568945597	8	503	phase_loop[1842]	1788609873976327	9996	40f1fac9493fe2fd	3d6a94d9ed80079b
1788609875568945597	8	503	phase_loop[1843]	1788609873986328	9994	5392985b5a8e6357	3d6a94d9ed80079b
1788609875568945597	8	503	phase_loop[1844]	1788609873996326	9996	f313536f95006cff	3d6a94d9ed80079b
1788609875568945597	8	503	phase_loop[1845]	1788609874006327	9994	e402c396f1523a55	3d6a94d9ed80079b
1788609875568945597	8	503	phase_loop[1846]	1788609874016326	9996	9e7929a3a92c06b5	3d6a94d9ed80079b
1788609875568945597	8	503	phase_loop[1847]	1788609874026327	9997	ee7eab663c1bf9e8	3d6a94d9ed80079b
1788609875568945597	8	503	phase_loop[1848]	1788609874036329	10028	494b9071f63d3011	3d6a94d9ed80079b
1788609875568945597	8	503	phase_loop[1849]	1788609874046361	9961	e26a3110ac45e48b	3d6a94d9ed80079b
1788609875568945597	8	503	phase_loop[1850]	1788609874056326	9997	b9614a7b74dafaad	3d6a94d9ed80079b
1788609875568945597	8	503	phase_loop[1851]	1788609874066328	9994	4c2ce8e4ce991ef8	3d6a94d9ed80079b
1788609875568945597	8	503	phase_loop[1852]	1788609874076327	9995	ab9502b01f006904	3d6a94d9ed80079b
1788609875568945597	8	503	phase_loop[1853]	1788609874086327	9996	1b24da09a1c9d723	3d6a94d9ed80079b
1788609875568945597	8	503	phase_loop[1854]	1788609874096327	9998	5419d0f16ce606cf	3d6a94d9ed80079b
1788609875568945597	8	503	phase_loop[1855]	1788609874106329	9995	8818b85cba25bcba	3d6a94d9ed80079b
1788609875568945597	8	503	phase_loop[1856]	1788609874116329	9994	5152b622961b6c31	3d6a94d9ed80079b
1788609875568945597	8	503	phase_loop[1857]	1788609874126328	9995	740c22b93a44c115	3d6a94d9ed80079b
1788609875568945597	8	503	phase_loop[1858]	1788609874136327	9994	eb068a933dfdbea8	3d6a94d9ed80079b
1788609875568945597	8	503	phase_loop[1859]	1788609874146326	9997	514ab75069fa9e83	3d6a94d9ed80079b
1788609875568945597	8	503	phase_loop[1860]	1788609874156327	9998	11be5bfced101655	3d6a94d9ed80079b
1788609875568945597	8	503	phase_loop[1861]	1788609874166329	9994	1fc4b70943371ffd	3d6a94d9ed80079b
1788609875568945597	8	503	phase_loop[1862]	1788609874176327	9995	a03be1679be1062f	3d6a94d9ed80079b
1788609875568945597	8	503	phase_loop[1863]	1788609874186326	9997	5b059f8f34364cd0	3d6a94d9ed80079b
1788609875568945597	8	503	phase_loop[1864]	1788609874196327	9998	f8c05789dd1e0953	3d6a94d9ed80079b
1788609875568945597	8	503	phase_loop[1865]	1788609874206329	9993	4968b81eca8594bc	3d6a94d9ed80079b
1788609875568945597	8	503	phase_loop[1866]	1788609874216327	9996	dd2a82192dbfc7f3	3d6a94d9ed80079b
1788609875568945597	8	503	phase_loop[1867]	1788609874226327	9997	51eb0556b47f221a	3d6a94d9ed80079b
1788609875568945597	8	503	phase_loop[1868]	1788609874236328	9993	59dd92c6c0e907cf	3d6a94d9ed80079b
1788609875568945597	8	503	phase_loop[1869]	1788609874246326	9998	bf905c34bf8aca96	3d6a94d9ed80079b
1788609875568945597	8	503	phase_loop[1870]	1788609874256329	9994	80071f93c45ee7a7	3d6a94d9ed80079b
1788609875568945597	8	503	phase_loop[1871]	1788609874266327	9997	fe4166f8f5d2ae71	3d6a94d9ed80079b
1788609875568945597	8	503	phase_loop[1872]	1788609874276329	9993	765b12658b221a24	3d6a94d9ed80079b
1788609875568945597	8	503	phase_loop[1873]	1788609874286327	9995	f5f26c385b21772f	3d6a94d9ed80079b
1788609875568945597	8	503	phase_loop[1874]	1788609874296327	9997	adcefc3d2ea30a45	3d6a94d9ed80079b
1788609875568945597	8	503	phase_loop[1875]	1788609874306329	9992	324aa1c1c7e9efe3	3d6a94d9ed80079b
1788609875568945597	8	503	phase_loop[1876]	1788609874316325	9996	debcb4b3c01ac647	3d6a94d9ed80079b
1788609875568945597	8	503	phase_loop[1877]	1788609874326325	9998	80d408fbced7b46f	3d6a94d9ed80079b
1788609875568945597	8	503	phase_loop[1878]	1788609874336327	9995	eb612bf3fae188c6	3d6a94d9ed80079b
1788609875568945597	8	503	phase_loop[1879]	1788609874346327	9994	b474ba81b4514a3e	3d6a94d9ed80079b
1788609875568945597	8	503	phase_loop[1880]	1788609874356325	9998	70528cd309663b75	3d6a94d9ed80079b
1788609875568945597	8	503	phase_loop[1881]	1788609874366327	10028	17ace588011b328b	3d6a94d9ed80079b
1788609875568945597	8	503	phase_loop[1882]	1788609874376360	9961	26e038c4e42f9118	3d6a94d9ed80079b
1788609875568945597	8	503	phase_loop[1883]	1788609874386325	9998	f1f6925837971c0a	3d6a94d9ed80079b
1788609875568945597	8	503	phase_loop[1884]	1788609874396328	9995	1bc9f08a2c3df0e5	3d6a94d9ed80079b
1788609875568945597	8	503	phase_loop[1885]	1788609874406327	9995	f20ff2025c020740	3d6a94d9ed80079b
1788609875568945597	8	503	phase_loop[1886]	1788609874416326	9997	7c700e6fac7bc1c3	3d6a94d9ed80079b
1788609875568945597	8	503	phase_loop[1887]	1788609874426327	9996	0df1f24c1f55bc4d	3d6a94d9ed80079b
1788609875568945597	8	503	phase_loop[1888]	1788609874436327	9993	be3ed109770d53f7	3d6a94d9ed80079b
1788609875568945597	8	503	phase_loop[1889]	1788609874446325	9996	87d1f520b83e2ef9	3d6a94d9ed80079b
1788609875568945597	8	503	phase_loop[1890]	1788609874456325	9998	750b918fe0466235	3d6a94d9ed80079b
1788609875568945597	8	503	phase_loop[1891]	1788609874466328	9994	992795db462b24d8	3d6a94d9ed80079b
1788609875568945597	8	503	phase_loop[1892]	1788609874476326	9995	945ce4a7dfdef911	3d6a94d9ed80079b
1788609875568945597	8	503	phase_loop[1893]	1788609874486326	9997	48dcb9cd31bc836e	3d6a94d9ed80079b
1788609875568945597	8	503	phase_loop[1894]	1788609874496327	9995	230d0bef8cbcbdcc	3d6a94d9ed80079b
1788609875568945597	8	503	phase_loop[1895]	1788609874506327	9995	0cd65d8139f16265	3d6a94d9ed80079b
1788609875568945597	8	503	phase_loop[1896]	1788609874516326	9997	0abf948794f62b60	3d6a94d9ed80079b
1788609875568945597	8	503	phase_loop[1897]	1788609874526327	9996	341010fe31d7085e	3d6a94d9ed80079b
1788609875568945597	8	503	phase_loop[1898]	1788609874536328	9993	36c43a785c27a037	3d6a94d9ed80079b
1788609875568945597	8	503	phase_loop[1899]	1788609874546325	9997	b0cf11ebb28c98d0	3d6a94d9ed80079b
1788609875568945597	8	503	phase_loop[1900]	1788609874556327	9996	c0187d3a4f152b6b	3d6a94d9ed80079b
1788609875568945597	8	503	phase_loop[1901]	1788609874566327	9996	3e64d20a11d21ce3	3d6a94d9ed80079b
1788609875568945597	8	503	phase_loop[1902]	1788609874576328	9994	9222f095d89e0e20	3d6a94d9ed80079b
1788609875568945597	8	503	phase_loop[1903]	1788609874586327	9996	3c7e11e62f1c6a34	3d6a94d9ed80079b
1788609875568945597	8	503	phase_loop[1904]	1788609874596327	9995	e801654d7e2f26c0	3d6a94d9ed80079b
1788609875568945597	8	503	phase_loop[1905]	1788609874606327	9994	20408bda86fcb6f3	3d6a94d9ed80079b
1788609875568945597	8	503	phase_loop[1906]	1788609874616325	9999	157f67cc579ad7f3	3d6a94d9ed80079b
1788609875568945597	8	503	phase_loop[1907]	1788609874626328	9995	21c290d669bca144	3d6a94d9ed80079b
1788609875568945597	8	503	phase_loop[1908]	1788609874636327	9996	0f0d0e62880a309c	3d6a94d9ed80079b
1788609875568945597	8	503	phase_loop[1909]	1788609874646327	9994	b1c3c1f10e26e19a	3d6a94d9ed80079b
1788609875568945597	8	503	phase_loop[1910]	1788609874656326	9998	1297acdee2c5fb32	3d6a94d9ed80079b
1788609875568945597	8	503	phase_loop[1911]	1788609874666328	9995	46790369f84ea99e	3d6a94d9ed80079b
1788609875568945597	8	503	phase_loop[1912]	1788609874676328	9994	bcd5b4bd2e24fd38	3d6a94d9ed80079b
1788609875568945597	8	503	phase_loop[1913]	1788609874686327	9996	3cc295b43b4a4916	3d6a94d9ed80079b
1788609875568945597	8	503	phase_loop[1914]	1788609874696327	10031	b58902fc59826ff2	3d6a94d9ed80079b
1788609875568945597	8	503	phase_loop[1915]	1788609874706364	9957	8738c19aa2a390b7	3d6a94d9ed80079b
1788609875568945597	8	503	phase_loop[1916]	1788609874716325	9997	f12a28ef900c230a	3d6a94d9ed80079b
1788609875568945597	8	503	phase_loop[1917]	1788609874726326	9998	55b7a0cd32b1045d	3d6a94d9ed80079b
1788609875568945597	8	503	phase_loop[1918]	1788609874736329	9992	af100cf9c3616a90	3d6a94d9ed80079b
1788609875568945597	8	503	phase_loop[1919]	1788609874746326	9995	0e5fef6b163d32b9	3d6a94d9ed80079b
1788609875568945597	8	503	phase_loop[1920]	1788609874756325	9999	46bfb827141ccb42	3d6a94d9ed80079b
1788609875568945597	8	503	phase_loop[1921]	1788609874766329	9993	ec0adc93acbfd254	3d6a94d9ed80079b
1788609875568945597	8	503	phase_loop[1922]	1788609874776326	9995	4347891d58ba1b3c	3d6a94d9ed80079b
1788609875568945597	8	503	phase_loop[1923]	1788609874786326	9996	2437763a2cca0ef9	3d6a94d9ed80079b
1788609875568945597	8	503	phase_loop[1924]	1788609874796326	9996	7a98a452409d0891	3d6a94d9ed80079b
1788609875568945597	8	503	phase_loop[1925]	1788609874806327	9997	f3fa8901c08f1ea2	3d6a94d9ed80079b
1788609875568945597	8	503	phase_loop[1926]	1788609874816328	9993	7b8aabd2e6bc1eb1	3d6a94d9ed80079b
1788609875568945597	8	503	phase_loop[1927]	1788609874826326	9999	762815c91f09006f	3d6a94d9ed80079b
1788609875568945597	8	503	phase_loop[1928]	1788609874836330	9992	62b7e1e8d0837728	3d6a94d9ed80079b
1788609875568945597	8	503	phase_loop[1929]	1788609874846326	10006	acaf6736b83f6249	3d6a94d9ed80079b
1788609875568945597	8	503	phase_loop[1930]	1788609874856336	9986	874b1ebbab1f6f37	3d6a94d9ed80079b
1788609875568945597	8	503	phase_loop[1931]	1788609874866326	9997	42a7864cfabef121	3d6a94d9ed80079b
1788609875568945597	8	503	phase_loop[1932]	1788609874876328	9994	ea5a2503d8e7a0d0	3d6a94d9ed80079b
1788609875568945597	8	503	phase_loop[1933]	1788609874886327	9996	697f215fd63dc831	3d6a94d9ed80079b
1788609875568945597	8	503	phase_loop[1934]	1788609874896328	9995	c6e10c5e6c50254d	3d6a94d9ed80079b
1788609875568945597	8	503	phase_loop[1935]	1788609874906328	9994	23b48acbd1422cd0	3d6a94d9ed80079b
1788609875568945597	8	503	phase_loop[1936]	1788609874916326	9997	afd373492be9b5cc	3d6a94d9ed80079b
1788609875568945597	8	503	phase_loop[1937]	1788609874926327	9998	0756299343c8af83	3d6a94d9ed80079b
1788609875568945597	8	503	phase_loop[1938]	1788609874936329	9993	b9958fc87521ce2c	3d6a94d9ed80079b
1788609875568945597	8	503	phase_loop[1939]	1788609874946326	9994	0167f5e87412d1c8	3d6a94d9ed80079b
1788609875568945597	8	503	phase_loop[1940]	1788609874956325	9999	34fdff6a365ee862	3d6a94d9ed80079b
1788609875568945597	8	503	phase_loop[1941]	1788609874966328	9994	ea577e0715a181dc	3d6a94d9ed80079b
1788609875568945597	8	503	phase_loop[1942]	1788609874976327	9994	2e2fed8851a15f97	3d6a94d9ed80079b
1788609875568945597	8	503	phase_loop[1943]	1788609874986326	9997	8cee2909fe9c5951	3d6a94d9ed80079b
1788609875568945597	8	503	phase_loop[1944]	1788609874996327	9996	ff6fcfd1915a3d72	3d6a94d9ed80079b
1788609875568945597	8	503	phase_loop[1945]	1788609875006327	9994	bcbc05e2543ce0a5	3d6a94d9ed80079b
1788609875568945597	8	503	phase_loop[1946]	1788609875016326	9997	c3fe4b965996795a	3d6a94d9ed80079b
1788609875568945597	8	503	phase_loop[1947]	1788609875026327	10027	47baf10bfc522a43	3d6a94d9ed80079b
1788609875568945597	8	503	phase_loop[1948]	1788609875036359	9965	dd6eed4c7a2d7a99	3d6a94d9ed80079b
1788609875568945597	8	503	phase_loop[1949]	1788609875046328	10002	1206e382e8c34dd4	3d6a94d9ed80079b
1788609875568945597	8	503	phase_loop[1950]	1788609875056335	9988	4ccfa7a35d36faf5	3d6a94d9ed80079b
1788609875568945597	8	503	phase_loop[1951]	1788609875066327	9996	5766175ab8486b1d	3d6a94d9ed80079b
1788609875568945597	8	503	phase_loop[1952]	1788609875076327	9994	f09bdbc16feaa6f5	3d6a94d9ed80079b
1788609875568945597	8	503	phase_loop[1953]	1788609875086326	9998	40d877d995ba4c8c	3d6a94d9ed80079b
1788609875568945597	8	503	phase_loop[1954]	1788609875096328	9995	2fbbfc62cfc4863e	3d6a94d9ed80079b
1788609875568945597	8	503	phase_loop[1955]	1788609875106327	9994	4ab5726c91df2adb	3d6a94d9ed80079b
1788609875568945597	8	503	phase_loop[1956]	1788609875116325	9997	bf9f12e47ac15835	3d6a94d9ed80079b
1788609875568945597	8	503	phase_loop[1957]	1788609875126327	9997	ca0ff744729ce323	3d6a94d9ed80079b
1788609875568945597	8	503	phase_loop[1958]	1788609875136329	9993	e0f4e8a3ef1e01a8	3d6a94d9ed80079b
1788609875568945597	8	503	phase_loop[1959]	1788609875146327	9996	3d6b0bb08825fb7a	3d6a94d9ed80079b
1788609875568945597	8	503	phase_loop[1960]	1788609875156326	9999	da8e33fe4801445b	3d6a94d9ed80079b
1788609875568945597	8	503	phase_loop[1961]	1788609875166329	9994	06eec822593c8113	3d6a94d9ed80079b
1788609875568945597	8	503	phase_loop[1962]	1788609875176327	9994	67d50a928939bc5c	3d6a94d9ed80079b
1788609875568945597	8	503	phase_loop[1963]	1788609875186325	9998	1f72082be0cba9d4	3d6a94d9ed80079b
1788609875568945597	8	503	phase_loop[1964]	1788609875196327	9995	b1d7803bc2cfb2bc	3d6a94d9ed80079b
1788609875568945597	8	503	phase_loop[1965]	1788609875206327	9995	a2ccdf1146901078	3d6a94d9ed80079b
1788609875568945597	8	503	phase_loop[1966]	1788609875216326	9997	2436501b25dc3fda	3d6a94d9ed80079b
1788609875568945597	8	503	phase_loop[1967]	1788609875226328	9996	506039b42c882683	3d6a94d9ed80079b
1788609875568945597	8	503	phase_loop[1968]	1788609875236327	9995	495a92ca521e8c96	3d6a94d9ed80079b
1788609875568945597	8	503	phase_loop[1969]	1788609875246327	9994	15e17b7e064c0bae	3d6a94d9ed80079b
1788609875568945597	8	503	phase_loop[1970]	1788609875256326	9997	eb15b68cafa0344e	3d6a94d9ed80079b
1788609875568945597	8	503	phase_loop[1971]	1788609875266327	9995	fd3e1640b0fd6998	3d6a94d9ed80079b
1788609875568945597	8	503	phase_loop[1972]	1788609875276327	9995	c7cf237a31cd7e72	3d6a94d9ed80079b
1788609875568945597	8	503	phase_loop[1973]	1788609875286326	9997	e6fa7f3aa966f411	3d6a94d9ed80079b
1788609875568945597	8	503	phase_loop[1974]	1788609875296327	9995	74503de31aa6c026	3d6a94d9ed80079b
1788609875568945597	8	503	phase_loop[1975]	1788609875306327	9994	57f4b236b6cabab8	3d6a94d9ed80079b
1788609875568945597	8	503	phase_loop[1976]	1788609875316325	9998	5fe1d992c2b66787	3d6a94d9ed80079b
1788609875568945597	8	503	phase_loop[1977]	1788609875326327	9995	195a0492d034e129	3d6a94d9ed80079b
1788609875568945597	8	503	phase_loop[1978]	1788609875336326	9997	5a1446c2d4d7c0c3	3d6a94d9ed80079b
1788609875568945597	8	503	phase_loop[1979]	1788609875346327	10001	bde35da2db9928b2	3d6a94d9ed80079b
1788609875568945597	8	503	phase_loop[1980]	1788609875356333	10026	eeed60dbccd9c6c8	3d6a94d9ed80079b
1788609875568945597	8	503	phase_loop[1981]	1788609875366364	9961	819e5311d5544dcc	3d6a94d9ed80079b
1788609875568945597	8	503	phase_loop[1982]	1788609875376329	9993	89bdbb81051cf5ac	3d6a94d9ed80079b
1788609875568945597	8	503	phase_loop[1983]	1788609875386326	9995	5734bb00d7a6214e	3d6a94d9ed80079b
1788609875568945597	8	503	phase_loop[1984]	1788609875396326	9996	60c71114f2f3eca3	3d6a94d9ed80079b
1788609875568945597	8	503	phase_loop[1985]	1788609875406326	9996	d212e0f79b574bb2	3d6a94d9ed80079b
1788609875568945597	8	503	phase_loop[1986]	1788609875416325	9997	43a62f32eca36c39	3d6a94d9ed80079b
1788609875568945597	8	503	phase_loop[1987]	1788609875426327	9997	c1276cba7c1c1d39	3d6a94d9ed80079b
1788609875568945597	8	503	phase_loop[1988]	1788609875436328	9995	a40ac952dc73d9f9	3d6a94d9ed80079b
1788609875568945597	8	503	phase_loop[1989]	1788609875446327	9995	c390c5a9e34a317f	3d6a94d9ed80079b
1788609875568945597	8	503	phase_loop[1990]	1788609875456326	9998	796eb74eafd77097	3d6a94d9ed80079b
1788609875568945597	8	503	phase_loop[1991]	1788609875466329	9994	5f1daed8f4f70c86	3d6a94d9ed80079b
1788609875568945597	8	503	phase_loop[1992]	1788609875476327	9996	df249e40ae39ff26	3d6a94d9ed80079b
1788609875568945597	8	503	phase_loop[1993]	1788609875486327	9995	af8ebebc166a86a4	3d6a94d9ed80079b
1788609875568945597	8	503	phase_loop[1994]	1788609875496327	9996	2ec7c029415e67e6	3d6a94d9ed80079b
1788609875568945597	8	503	phase_loop[1995]	1788609875506327	9995	6b020a60d61c933f	3d6a94d9ed80079b
1788609875568945597	8	503	phase_loop[1996]	1788609875516326	9995	bb61525e4461bdb9	3d6a94d9ed80079b
1788609875568945597	8	503	phase_loop[1997]	1788609875526326	9999	34d96bc30479faf0	3d6a94d9ed80079b
1788609875568945597	8	503	phase_loop[1998]	1788609875536329	9992	2e440921b2a20a75	3d6a94d9ed80079b
1788609875568945597	8	503	phase_loop[1999]	1788609875546327	10013	5f09cedaec1572d6	3d6a94d9ed80079b
1788609875568945597	8	503	HI_task-0	1788609855556399	20002006	f2d526ffcac27023	203cac69bd72928d
1788609875568945597	8	503	phase_loop[2000]	1788609875556344	2185	3e7df6b2f7eb3aba	3d6a94d9ed80079b
1788609875568945597	8	503	phase[0]	1788609855580159	19978372	3d6a94d9ed80079b	c101e311e994f863
1788609875568945597	8	503	thread_loop[0]	1788609855580151	19978380	c101e311e994f863	f2d526ffcac27023
1788609875568945597	8	503	main	1788609855556066	20002548	203cac69bd72928d	-
