run_id,block,trace_level,processor_type,sampler_type,sampler_ratio,exporter_type,n_lo,rep,duration_s,mhz_med,aperf_mhz,tctl_pre_c,tctl_post_c,hi_loops,run_dir,exit_code,warmup_rows,n_iters,deadline_misses,deadline_miss_ratio,budget_med_us,slack_med_us,slack_min_us,max_duration_us,mean_duration_us,med_duration_us,period_jitter_std_us,act_period_med_us,act_period_max_us,mean_wu_latency_us,hi_spans_exported,lo_spans_exported,spans_exported_total,export_attempts,aborted
1,block1,0,0,0,0.0,0,0,1,20,2295,NA,51.4,51.0,2001,/home/benny/Scrivania/OTel-capabilities-for-mixed-criticality-workloads/2-DoE/block1/t0_p0_s0_r0.0_e0_n0/run_01,0,1,2000,0,0.0,9991.0,8006.0,5465,2017,1991.0,1984.0,56.93,10000,10063,7.53,0,0,0,0,0
2,block1,1,0,0,0.0,0,0,1,20,2295,NA,51.0,50.8,2000,/home/benny/Scrivania/OTel-capabilities-for-mixed-criticality-workloads/2-DoE/block1/t1_p0_s0_r0.0_e0_n0/run_01,0,3,1997,0,0.0,9991,8029,7035,1990,1962.1,1955,22.67,10000.0,10058,7.45,0,0,0,3,0
3,block1,2,0,0,0.0,0,0,1,20,2295,NA,50.8,50.6,2000,/home/benny/Scrivania/OTel-capabilities-for-mixed-criticality-workloads/2-DoE/block1/t2_p0_s0_r0.0_e0_n0/run_01,0,3,1997,0,0.0,9991,8006,6270,2018,1992,1984,38.98,10000.0,10050,7.27,0,0,0,3,0
4,block1,3,0,0,0.0,0,0,1,20,2295,NA,50.6,50.5,2000,/home/benny/Scrivania/OTel-capabilities-for-mixed-criticality-workloads/2-DoE/block1/t3_p0_s0_r0.0_e0_n0/run_01,0,3,1997,0,0.0,9976,7985,6425,2023,1991.9,1984,35.63,10000.0,10058,7.48,0,0,0,7,0
5,block1,0,0,0,0.0,0,0,2,20,2295,NA,50.5,50.5,2000,/home/benny/Scrivania/OTel-capabilities-for-mixed-criticality-workloads/2-DoE/block1/t0_p0_s0_r0.0_e0_n0/run_02,0,1,1999,0,0.0,9991,7995,5130,2018,1992.4,1988,64.4,10000.0,10053,7.2,0,0,0,0,0
6,block1,1,0,0,0.0,0,0,2,20,2295,NA,50.5,50.5,2000,/home/benny/Scrivania/OTel-capabilities-for-mixed-criticality-workloads/2-DoE/block1/t1_p0_s0_r0.0_e0_n0/run_02,0,9,1991,0,0.0,9991,8021,1993,7338,4179.8,1970,16.91,10000.0,10050,7.05,0,0,0,3,0
7,block1,2,0,0,0.0,0,0,2,20,2295,NA,50.5,50.5,2000,/home/benny/Scrivania/OTel-capabilities-for-mixed-criticality-workloads/2-DoE/block1/t2_p0_s0_r0.0_e0_n0/run_02,0,3,1997,0,0.0,9991,8006,6832,2019,1991.5,1983,26.46,10000.0,10052,7.13,0,0,0,3,0
8,block1,3,0,0,0.0,0,0,2,20,2295,NA,50.5,50.5,2000,/home/benny/Scrivania/OTel-capabilities-for-mixed-criticality-workloads/2-DoE/block1/t3_p0_s0_r0.0_e0_n0/run_02,0,3,1997,0,0.0,9976,7977,6893,2046,1994.8,2000,25.57,10000.0,10082,7.47,0,0,0,8,0
9,block1,0,0,0,0.0,0,0,3,20,2295,NA,50.5,50.5,2001,/home/benny/Scrivania/OTel-capabilities-for-mixed-criticality-workloads/2-DoE/block1/t0_p0_s0_r0.0_e0_n0/run_03,0,1,2000,0,0.0,9991.0,8006.0,5162,2019,1991.8,1984.0,63.66,10000,10053,7.38,0,0,0,0,0
10,block1,1,0,0,0.0,0,0,3,20,2295,NA,50.5,50.5,2000,/home/benny/Scrivania/OTel-capabilities-for-mixed-criticality-workloads/2-DoE/block1/t1_p0_s0_r0.0_e0_n0/run_03,0,3,1997,0,0.0,9991,8036,6462,1987,1961.4,1954,35.4,10000.0,10058,7.21,0,0,0,3,0
11,block1,2,0,0,0.0,0,0,3,20,2295,NA,50.5,50.5,2000,/home/benny/Scrivania/OTel-capabilities-for-mixed-criticality-workloads/2-DoE/block1/t2_p0_s0_r0.0_e0_n0/run_03,0,3,1997,0,0.0,9991,8003,6572,2020,1992.0,1985,32.28,10000.0,10048,7.37,0,0,0,3,0
12,block1,3,0,0,0.0,0,0,3,20,2295,NA,50.5,50.5,2000,/home/benny/Scrivania/OTel-capabilities-for-mixed-criticality-workloads/2-DoE/block1/t3_p0_s0_r0.0_e0_n0/run_03,0,3,1997,0,0.0,9977,7984,6608,2020,1991.9,1984,31.84,10000.0,10071,7.67,0,0,0,8,0
13,block1,0,0,0,0.0,0,0,4,20,2295,NA,50.5,50.2,2001,/home/benny/Scrivania/OTel-capabilities-for-mixed-criticality-workloads/2-DoE/block1/t0_p0_s0_r0.0_e0_n0/run_04,0,1,2000,0,0.0,9991.0,7994.0,5238,2020,1992.1,1987.0,61.98,10000,10069,7.38,0,0,0,0,0
14,block1,1,0,0,0.0,0,0,4,20,2295,NA,50.2,50.2,2000,/home/benny/Scrivania/OTel-capabilities-for-mixed-criticality-workloads/2-DoE/block1/t1_p0_s0_r0.0_e0_n0/run_04,0,3,1997,0,0.0,9991,8036,6976,1990,1961.6,1953,23.94,10000.0,10062,7.48,0,0,0,3,0
15,block1,2,0,0,0.0,0,0,4,20,2295,NA,50.2,50.2,2000,/home/benny/Scrivania/OTel-capabilities-for-mixed-criticality-workloads/2-DoE/block1/t2_p0_s0_r0.0_e0_n0/run_04,0,3,1997,0,0.0,9991,8006,6479,2017,1991.0,1983,34.36,10000.0,10065,7.43,0,0,0,3,0
16,block1,3,0,0,0.0,0,0,4,20,2295,NA,50.2,50.2,2000,/home/benny/Scrivania/OTel-capabilities-for-mixed-criticality-workloads/2-DoE/block1/t3_p0_s0_r0.0_e0_n0/run_04,0,3,1997,0,0.0,9977,7978,6485,2022,1995.1,2000,34.33,10000.0,10066,7.53,0,0,0,8,0
17,block1,0,0,0,0.0,0,0,5,20,2295,NA,50.2,50.2,2001,/home/benny/Scrivania/OTel-capabilities-for-mixed-criticality-workloads/2-DoE/block1/t0_p0_s0_r0.0_e0_n0/run_05,0,1,2000,0,0.0,9991.0,8006.0,5183,2020,1990.6,1984.0,63.21,10000,10043,7.54,0,0,0,0,0
18,block1,1,0,0,0.0,0,0,5,20,2295,NA,50.2,50.2,2000,/home/benny/Scrivania/OTel-capabilities-for-mixed-criticality-workloads/2-DoE/block1/t1_p0_s0_r0.0_e0_n0/run_05,0,3,1997,0,0.0,9991,8030,6654,1989,1961.3,1953,31.33,10000.0,10062,8.37,0,0,0,3,0
19,block1,2,0,0,0.0,0,0,5,20,2295,NA,50.2,50.2,2000,/home/benny/Scrivania/OTel-capabilities-for-mixed-criticality-workloads/2-DoE/block1/t2_p0_s0_r0.0_e0_n0/run_05,0,3,1997,0,0.0,9991,8004,6466,2017,1991.8,1985,34.61,10000.0,10064,7.49,0,0,0,3,0
20,block1,3,0,0,0.0,0,0,5,20,2295,NA,50.2,50.2,2000,/home/benny/Scrivania/OTel-capabilities-for-mixed-criticality-workloads/2-DoE/block1/t3_p0_s0_r0.0_e0_n0/run_05,0,3,1997,0,0.0,9976,7979,6455,2030,1992.7,1996,35.1,10000.0,10070,7.48,0,0,0,8,0
21,block1,0,0,0,0.0,0,0,6,20,2295,NA,50.2,50.2,2001,/home/benny/Scrivania/OTel-capabilities-for-mixed-criticality-workloads/2-DoE/block1/t0_p0_s0_r0.0_e0_n0/run_06,0,1,2000,0,0.0,9991.0,8006.0,5215,2031,1991.5,1984.0,62.48,10000,10059,7.41,0,0,0,0,0
22,block1,1,0,0,0.0,0,0,6,20,2295,NA,50.2,50.2,2000,/home/benny/Scrivania/OTel-capabilities-for-mixed-criticality-workloads/2-DoE/block1/t1_p0_s0_r0.0_e0_n0/run_06,0,3,1997,0,0.0,9991,8034,6692,2008,1961.9,1954,30.22,10000.0,10042,7.42,0,0,0,3,0
23,block1,2,0,0,0.0,0,0,6,20,2295,NA,50.2,50.2,2000,/home/benny/Scrivania/OTel-capabilities-for-mixed-criticality-workloads/2-DoE/block1/t2_p0_s0_r0.0_e0_n0/run_06,0,3,1997,0,0.0,9991,8006,6358,2020,1990.9,1983,37.01,10000.0,10052,7.39,0,0,0,3,0
24,block1,3,0,0,0.0,0,0,6,20,2295,NA,50.2,50.1,2000,/home/benny/Scrivania/OTel-capabilities-for-mixed-criticality-workloads/2-DoE/block1/t3_p0_s0_r0.0_e0_n0/run_06,0,3,1997,0,0.0,9976,7978,6634,2030,1993.9,1999,31.01,10000.0,10061,7.46,0,0,0,7,0
25,block1,0,0,0,0.0,0,0,7,20,2295,NA,50.1,50.0,2001,/home/benny/Scrivania/OTel-capabilities-for-mixed-criticality-workloads/2-DoE/block1/t0_p0_s0_r0.0_e0_n0/run_07,0,1,2000,0,0.0,9991.0,8005.0,5212,2020,1992.0,1984.0,62.54,10000,10057,7.41,0,0,0,0,0
26,block1,1,0,0,0.0,0,0,7,20,2295,NA,50.0,50.0,2000,/home/benny/Scrivania/OTel-capabilities-for-mixed-criticality-workloads/2-DoE/block1/t1_p0_s0_r0.0_e0_n0/run_07,0,3,1997,0,0.0,9991,8037,6481,1989,1960.4,1953,34.94,10000.0,10054,7.38,0,0,0,3,0
27,block1,2,0,0,0.0,0,0,7,20,2295,NA,50.0,50.2,2000,/home/benny/Scrivania/OTel-capabilities-for-mixed-criticality-workloads/2-DoE/block1/t2_p0_s0_r0.0_e0_n0/run_07,0,3,1997,0,0.0,9991,7993,6460,2020,1992.5,1996,34.41,10000.0,10055,7.14,0,0,0,3,0
28,block1,3,0,0,0.0,0,0,7,20,2295,NA,50.2,50.2,1999,/home/benny/Scrivania/OTel-capabilities-for-mixed-criticality-workloads/2-DoE/block1/t3_p0_s0_r0.0_e0_n0/run_07,0,3,1996,0,0.0,9977.0,7979.0,6217,2020,1993.5,1999.0,40.23,10000,10066,7.32,0,0,0,8,0
29,block1,0,0,0,0.0,0,0,8,20,2295,NA,50.2,50.1,2001,/home/benny/Scrivania/OTel-capabilities-for-mixed-criticality-workloads/2-DoE/block1/t0_p0_s0_r0.0_e0_n0/run_08,0,1,2000,0,0.0,9991.0,8006.0,5225,2021,1991.4,1983.0,62.2,10000,10040,7.42,0,0,0,0,0
30,block1,1,0,0,0.0,0,0,8,20,2295,NA,50.1,50.0,2000,/home/benny/Scrivania/OTel-capabilities-for-mixed-criticality-workloads/2-DoE/block1/t1_p0_s0_r0.0_e0_n0/run_08,0,3,1997,0,0.0,9991,8032,3749,2012,1962.2,1955,101.53,10000.0,14289,7.37,0,0,0,3,0
31,block1,2,0,0,0.0,0,0,8,20,2295,NA,50.0,50.1,2000,/home/benny/Scrivania/OTel-capabilities-for-mixed-criticality-workloads/2-DoE/block1/t2_p0_s0_r0.0_e0_n0/run_08,0,3,1997,0,0.0,9991,8006,6375,2033,1992.0,1984,36.68,10000.0,10045,7.37,0,0,0,3,0
32,block1,3,0,0,0.0,0,0,8,20,2295,NA,50.1,50.1,2000,/home/benny/Scrivania/OTel-capabilities-for-mixed-criticality-workloads/2-DoE/block1/t3_p0_s0_r0.0_e0_n0/run_08,0,3,1997,0,0.0,9977,7980,6404,2019,1992.6,1998,36.14,10000.0,10060,7.3,0,0,0,7,0
33,block1,0,0,0,0.0,0,0,9,20,2295,NA,50.1,50.0,2001,/home/benny/Scrivania/OTel-capabilities-for-mixed-criticality-workloads/2-DoE/block1/t0_p0_s0_r0.0_e0_n0/run_09,0,1,2000,0,0.0,9991.0,7993.0,5161,2019,1992.5,1993.5,63.7,10000,10058,7.37,0,0,0,0,0
34,block1,1,0,0,0.0,0,0,9,20,2295,NA,50.0,50.1,2000,/home/benny/Scrivania/OTel-capabilities-for-mixed-criticality-workloads/2-DoE/block1/t1_p0_s0_r0.0_e0_n0/run_09,0,3,1997,0,0.0,9991,8036,6536,1989,1961.5,1954,33.72,10000.0,10048,7.46,0,0,0,3,0
35,block1,2,0,0,0.0,0,0,9,20,2295,NA,50.1,50.2,2000,/home/benny/Scrivania/OTel-capabilities-for-mixed-criticality-workloads/2-DoE/block1/t2_p0_s0_r0.0_e0_n0/run_09,0,3,1997,0,0.0,9991,8006,6511,2020,1991.8,1984,33.64,10000.0,10049,7.48,0,0,0,3,0
36,block1,3,0,0,0.0,0,0,9,20,2295,NA,50.2,50.2,2000,/home/benny/Scrivania/OTel-capabilities-for-mixed-criticality-workloads/2-DoE/block1/t3_p0_s0_r0.0_e0_n0/run_09,0,3,1997,0,0.0,9976,7978,6432,2020,1994.0,1999,35.66,10000.0,10070,7.52,0,0,0,9,0
37,block1,0,0,0,0.0,0,0,10,20,2295,NA,50.2,50.0,2000,/home/benny/Scrivania/OTel-capabilities-for-mixed-criticality-workloads/2-DoE/block1/t0_p0_s0_r0.0_e0_n0/run_10,0,1,1999,0,0.0,9991,8007,5181,2020,1991.1,1983,63.3,10000.0,10069,7.19,0,0,0,0,0
38,block1,1,0,0,0.0,0,0,10,20,2295,NA,50.0,50.0,2000,/home/benny/Scrivania/OTel-capabilities-for-mixed-criticality-workloads/2-DoE/block1/t1_p0_s0_r0.0_e0_n0/run_10,0,3,1997,0,0.0,9991,8036,6534,1990,1961.9,1954,33.71,10000.0,10058,7.34,0,0,0,3,0
39,block1,2,0,0,0.0,0,0,10,20,2295,NA,50.0,50.0,2000,/home/benny/Scrivania/OTel-capabilities-for-mixed-criticality-workloads/2-DoE/block1/t2_p0_s0_r0.0_e0_n0/run_10,0,3,1997,0,0.0,9991,8006,6403,2021,1991.9,1984,36.02,10000.0,10052,7.41,0,0,0,3,0
40,block1,3,0,0,0.0,0,0,10,20,2295,NA,50.0,50.0,2002,/home/benny/Scrivania/OTel-capabilities-for-mixed-criticality-workloads/2-DoE/block1/t3_p0_s0_r0.0_e0_n0/run_10,0,3,1999,0,0.0,9977,7985,6549,2031,1991.6,1984,32.92,10000.0,10074,7.64,0,0,0,9,0
41,block1,0,0,0,0.0,0,0,11,20,2295,NA,50.0,50.0,2001,/home/benny/Scrivania/OTel-capabilities-for-mixed-criticality-workloads/2-DoE/block1/t0_p0_s0_r0.0_e0_n0/run_11,0,1,2000,0,0.0,9991.0,7993.0,5258,2021,1992.5,1995.0,61.54,10000,10058,7.37,0,0,0,0,0
42,block1,1,0,0,0.0,0,0,11,20,2295,NA,50.0,50.0,2000,/home/benny/Scrivania/OTel-capabilities-for-mixed-criticality-workloads/2-DoE/block1/t1_p0_s0_r0.0_e0_n0/run_11,0,3,1997,0,0.0,9991,8036,6523,1989,1961.6,1954,34.04,10000.0,10048,7.44,0,0,0,3,0
43,block1,2,0,0,0.0,0,0,11,20,2295,NA,50.0,50.0,2000,/home/benny/Scrivania/OTel-capabilities-for-mixed-criticality-workloads/2-DoE/block1/t2_p0_s0_r0.0_e0_n0/run_11,0,3,1997,0,0.0,9991,8005,6432,2020,1991.4,1983,35.37,10000.0,10053,7.74,0,0,0,3,0
44,block1,3,0,0,0.0,0,0,11,20,2295,NA,50.0,50.0,2000,/home/benny/Scrivania/OTel-capabilities-for-mixed-criticality-workloads/2-DoE/block1/t3_p0_s0_r0.0_e0_n0/run_11,0,3,1997,0,0.0,9977,7978,6505,2020,1994.7,2000,33.93,10000.0,10063,7.48,0,0,0,8,0
45,block1,0,0,0,0.0,0,0,12,20,2295,NA,50.0,50.0,2001,/home/benny/Scrivania/OTel-capabilities-for-mixed-criticality-workloads/2-DoE/block1/t0_p0_s0_r0.0_e0_n0/run_12,0,1,2000,0,0.0,9991.0,8006.0,5321,2020,1991.7,1984.0,59.96,10000,10044,7.41,0,0,0,0,0
46,block1,1,0,0,0.0,0,0,12,20,2295,NA,50.0,50.0,2000,/home/benny/Scrivania/OTel-capabilities-for-mixed-criticality-workloads/2-DoE/block1/t1_p0_s0_r0.0_e0_n0/run_12,0,3,1997,0,0.0,9991,8036,6623,1987,1961.5,1953,31.82,10000.0,10051,7.33,0,0,0,3,0
47,block1,2,0,0,0.0,0,0,12,20,2295,NA,50.0,50.0,2000,/home/benny/Scrivania/OTel-capabilities-for-mixed-criticality-workloads/2-DoE/block1/t2_p0_s0_r0.0_e0_n0/run_12,0,3,1997,0,0.0,9991,8001,6590,2020,1992.1,1985,31.89,10000.0,10059,7.42,0,0,0,3,0
48,block1,3,0,0,0.0,0,0,12,20,2295,NA,50.0,50.0,2000,/home/benny/Scrivania/OTel-capabilities-for-mixed-criticality-workloads/2-DoE/block1/t3_p0_s0_r0.0_e0_n0/run_12,0,3,1997,0,0.0,9977,7984,6496,2020,1991.7,1984,34.09,10000.0,10060,7.4,0,0,0,8,0
49,block1,0,0,0,0.0,0,0,13,20,2295,NA,50.0,50.0,2001,/home/benny/Scrivania/OTel-capabilities-for-mixed-criticality-workloads/2-DoE/block1/t0_p0_s0_r0.0_e0_n0/run_13,0,1,2000,0,0.0,9991.0,8005.0,5231,2019,1992.0,1984.0,62.12,10000,10053,7.39,0,0,0,0,0
50,block1,1,0,0,0.0,0,0,13,20,2295,NA,50.0,50.0,2000,/home/benny/Scrivania/OTel-capabilities-for-mixed-criticality-workloads/2-DoE/block1/t1_p0_s0_r0.0_e0_n0/run_13,0,3,1997,0,0.0,9991,8036,6538,1989,1961.7,1954,33.72,10000.0,10070,7.36,0,0,0,3,0
51,block1,2,0,0,0.0,0,0,13,20,2295,NA,50.0,50.0,2000,/home/benny/Scrivania/OTel-capabilities-for-mixed-criticality-workloads/2-DoE/block1/t2_p0_s0_r0.0_e0_n0/run_13,0,3,1997,0,0.0,9991,8006,6400,2020,1991.4,1983,36.08,10000.0,10046,7.44,0,0,0,3,0
52,block1,3,0,0,0.0,0,0,13,20,2295,NA,50.0,50.0,2000,/home/benny/Scrivania/OTel-capabilities-for-mixed-criticality-workloads/2-DoE/block1/t3_p0_s0_r0.0_e0_n0/run_13,0,3,1997,0,0.0,9976,7977,6552,2030,1995.0,2000,33.33,10000.0,10086,8.74,0,0,0,8,0
53,block1,0,0,0,0.0,0,0,14,20,2295,NA,50.0,50.0,2000,/home/benny/Scrivania/OTel-capabilities-for-mixed-criticality-workloads/2-DoE/block1/t0_p0_s0_r0.0_e0_n0/run_14,0,1,1999,0,0.0,9991,8004,5148,2020,1991.5,1983,64.02,10000.0,10085,7.55,0,0,0,0,0
54,block1,1,0,0,0.0,0,0,14,20,2295,NA,50.0,50.0,2000,/home/benny/Scrivania/OTel-capabilities-for-mixed-criticality-workloads/2-DoE/block1/t1_p0_s0_r0.0_e0_n0/run_14,0,3,1997,0,0.0,9991,8036,6558,1990,1961.3,1953,33.19,10000.0,10049,7.18,0,0,0,3,0
55,block1,2,0,0,0.0,0,0,14,20,2295,NA,50.0,50.0,2000,/home/benny/Scrivania/OTel-capabilities-for-mixed-criticality-workloads/2-DoE/block1/t2_p0_s0_r0.0_e0_n0/run_14,0,3,1997,0,0.0,9991,8002,6446,2020,1992.1,1985,35.05,10000.0,10050,7.36,0,0,0,3,0
56,block1,3,0,0,0.0,0,0,14,20,2295,NA,50.0,50.0,2000,/home/benny/Scrivania/OTel-capabilities-for-mixed-criticality-workloads/2-DoE/block1/t3_p0_s0_r0.0_e0_n0/run_14,0,3,1997,0,0.0,9977,7980,6369,2019,1992.7,1999,36.93,10000.0,10053,7.27,0,0,0,7,0
57,block1,0,0,0,0.0,0,0,15,20,2295,NA,50.0,50.0,2001,/home/benny/Scrivania/OTel-capabilities-for-mixed-criticality-workloads/2-DoE/block1/t0_p0_s0_r0.0_e0_n0/run_15,0,1,2000,0,0.0,9991.0,8006.0,5231,2018,1991.5,1984.0,61.99,10000,10064,7.61,0,0,0,0,0
58,block1,1,0,0,0.0,0,0,15,20,2295,NA,50.0,50.0,2000,/home/benny/Scrivania/OTel-capabilities-for-mixed-criticality-workloads/2-DoE/block1/t1_p0_s0_r0.0_e0_n0/run_15,0,3,1997,0,0.0,9991,8036,6659,2007,1961.8,1954,30.67,10000.0,10062,7.2,0,0,0,3,0
59,block1,2,0,0,0.0,0,0,15,20,2295,NA,50.0,50.0,2000,/home/benny/Scrivania/OTel-capabilities-for-mixed-criticality-workloads/2-DoE/block1/t2_p0_s0_r0.0_e0_n0/run_15,0,3,1997,0,0.0,9991,8006,6264,2020,1991.4,1983,38.65,10000.0,10044,7.37,0,0,0,3,0
60,block1,3,0,0,0.0,0,0,15,20,2295,NA,50.0,50.0,2000,/home/benny/Scrivania/OTel-capabilities-for-mixed-criticality-workloads/2-DoE/block1/t3_p0_s0_r0.0_e0_n0/run_15,0,3,1997,0,0.0,9977,7979,6517,2046,1993.9,1999,33.63,10000.0,10056,7.5,0,0,0,8,0
61,block1,0,0,0,0.0,0,0,16,20,2295,NA,50.0,50.0,2001,/home/benny/Scrivania/OTel-capabilities-for-mixed-criticality-workloads/2-DoE/block1/t0_p0_s0_r0.0_e0_n0/run_16,0,1,2000,0,0.0,9991.0,7997.0,5188,2020,1992.2,1987.0,83.12,10000,12424,7.63,0,0,0,0,0
62,block1,1,0,0,0.0,0,0,16,20,2295,NA,50.0,50.1,2000,/home/benny/Scrivania/OTel-capabilities-for-mixed-criticality-workloads/2-DoE/block1/t1_p0_s0_r0.0_e0_n0/run_16,0,3,1997,0,0.0,9991,8036,6407,1990,1960.9,1954,36.63,10000.0,10043,7.47,0,0,0,3,0
63,block1,2,0,0,0.0,0,0,16,20,2295,NA,50.1,50.2,2002,/home/benny/Scrivania/OTel-capabilities-for-mixed-criticality-workloads/2-DoE/block1/t2_p0_s0_r0.0_e0_n0/run_16,0,3,1999,0,0.0,9991,8005,6255,2019,1991.5,1984,39.36,10000.0,10061,7.58,0,0,0,2,0
64,block1,3,0,0,0.0,0,0,16,20,2295,NA,50.2,50.2,2000,/home/benny/Scrivania/OTel-capabilities-for-mixed-criticality-workloads/2-DoE/block1/t3_p0_s0_r0.0_e0_n0/run_16,0,3,1997,0,0.0,9976,7978,6364,2021,1993.7,1999,37.01,10000.0,10053,7.53,0,0,0,8,0
65,block1,0,0,0,0.0,0,0,17,20,2295,NA,50.2,50.0,2001,/home/benny/Scrivania/OTel-capabilities-for-mixed-criticality-workloads/2-DoE/block1/t0_p0_s0_r0.0_e0_n0/run_17,0,1,2000,0,0.0,9991.0,8006.0,5162,2020,1991.7,1984.0,63.68,10000,10055,7.42,0,0,0,0,0
66,block1,1,0,0,0.0,0,0,17,20,2295,NA,50.0,50.0,2000,/home/benny/Scrivania/OTel-capabilities-for-mixed-criticality-workloads/2-DoE/block1/t1_p0_s0_r0.0_e0_n0/run_17,0,3,1997,0,0.0,9991,8030,6451,1992,1962.2,1955,35.67,10000.0,10065,7.49,0,0,0,3,0
67,block1,2,0,0,0.0,0,0,17,20,2295,NA,50.0,50.0,2000,/home/benny/Scrivania/OTel-capabilities-for-mixed-criticality-workloads/2-DoE/block1/t2_p0_s0_r0.0_e0_n0/run_17,0,3,1997,0,0.0,9991,8006,6226,2023,1991.6,1983,39.98,10000.0,10041,7.47,0,0,0,3,0
68,block1,3,0,0,0.0,0,0,17,20,2295,NA,50.0,50.0,2000,/home/benny/Scrivania/OTel-capabilities-for-mixed-criticality-workloads/2-DoE/block1/t3_p0_s0_r0.0_e0_n0/run_17,0,3,1997,0,0.0,9977,7981,6251,2020,1992.1,1985,39.51,10000.0,10067,7.48,0,0,0,7,0
69,block1,0,0,0,0.0,0,0,18,20,2295,NA,50.0,50.0,2001,/home/benny/Scrivania/OTel-capabilities-for-mixed-criticality-workloads/2-DoE/block1/t0_p0_s0_r0.0_e0_n0/run_18,0,1,2000,0,0.0,9991.0,7994.0,5229,2019,1992.5,1988.0,62.16,10000,10054,7.43,0,0,0,0,0
70,block1,1,0,0,0.0,0,0,18,20,2295,NA,50.0,50.0,2000,/home/benny/Scrivania/OTel-capabilities-for-mixed-criticality-workloads/2-DoE/block1/t1_p0_s0_r0.0_e0_n0/run_18,0,3,1997,0,0.0,9991,8036,6464,1988,1961.3,1954,35.35,10000.0,10060,7.39,0,0,0,3,0
71,block1,2,0,0,0.0,0,0,18,20,2295,NA,50.0,50.0,2000,/home/benny/Scrivania/OTel-capabilities-for-mixed-criticality-workloads/2-DoE/block1/t2_p0_s0_r0.0_e0_n0/run_18,0,3,1997,0,0.0,9991,8004,6357,2019,1992.1,1984,37.06,10000.0,10063,7.3,0,0,0,3,0
72,block1,3,0,0,0.0,0,0,18,20,2295,NA,50.0,50.0,2000,/home/benny/Scrivania/OTel-capabilities-for-mixed-criticality-workloads/2-DoE/block1/t3_p0_s0_r0.0_e0_n0/run_18,0,3,1997,0,0.0,9977,7978,6280,2019,1994.1,1999,38.96,10000.0,10059,7.34,0,0,0,8,0
73,block1,0,0,0,0.0,0,0,19,20,2295,NA,50.0,50.0,2000,/home/benny/Scrivania/OTel-capabilities-for-mixed-criticality-workloads/2-DoE/block1/t0_p0_s0_r0.0_e0_n0/run_19,0,1,1999,0,0.0,9991,8005,5259,2021,1992.0,1984,61.48,10000.0,10063,7.19,0,0,0,0,0
74,block1,1,0,0,0.0,0,0,19,20,2295,NA,50.0,50.0,2000,/home/benny/Scrivania/OTel-capabilities-for-mixed-criticality-workloads/2-DoE/block1/t1_p0_s0_r0.0_e0_n0/run_19,0,3,1997,0,0.0,9991,8034,6469,1990,1961.9,1954,35.23,10000.0,10059,7.16,0,0,0,3,0
75,block1,2,0,0,0.0,0,0,19,20,2295,NA,50.0,50.0,2000,/home/benny/Scrivania/OTel-capabilities-for-mixed-criticality-workloads/2-DoE/block1/t2_p0_s0_r0.0_e0_n0/run_19,0,3,1997,0,0.0,9991,8006,6469,2020,1991.5,1983,34.51,10000.0,10057,7.41,0,0,0,3,0
76,block1,3,0,0,0.0,0,0,19,20,2295,NA,50.0,50.0,2000,/home/benny/Scrivania/OTel-capabilities-for-mixed-criticality-workloads/2-DoE/block1/t3_p0_s0_r0.0_e0_n0/run_19,0,3,1997,0,0.0,9977,7984,6170,2022,1992.1,1984,41.21,10000.0,10055,7.4,0,0,0,8,0
77,block1,0,0,0,0.0,0,0,20,20,2295,NA,50.0,50.0,2001,/home/benny/Scrivania/OTel-capabilities-for-mixed-criticality-workloads/2-DoE/block1/t0_p0_s0_r0.0_e0_n0/run_20,0,1,2000,0,0.0,9991.0,7993.0,5180,2036,1992.7,1996.0,63.24,10000,10052,7.45,0,0,0,0,0
78,block1,1,0,0,0.0,0,0,20,20,2295,NA,50.0,50.0,2000,/home/benny/Scrivania/OTel-capabilities-for-mixed-criticality-workloads/2-DoE/block1/t1_p0_s0_r0.0_e0_n0/run_20,0,3,1997,0,0.0,9991,8029,6634,1990,1962.1,1956,31.56,10000.0,10054,7.44,0,0,0,3,0
79,block1,2,0,0,0.0,0,0,20,20,2295,NA,50.0,50.0,2000,/home/benny/Scrivania/OTel-capabilities-for-mixed-criticality-workloads/2-DoE/block1/t2_p0_s0_r0.0_e0_n0/run_20,0,3,1997,0,0.0,9991,8006,6354,2019,1991.0,1983,37.12,10000.0,10066,7.42,0,0,0,3,0
80,block1,3,0,0,0.0,0,0,20,20,2295,NA,50.0,50.0,2000,/home/benny/Scrivania/OTel-capabilities-for-mixed-criticality-workloads/2-DoE/block1/t3_p0_s0_r0.0_e0_n0/run_20,0,3,1997,0,0.0,9976,7977,6455,2020,1995.0,2000,35.07,10000.0,10057,7.67,0,0,0,8,0
81,block2,2,0,2,0.0,1,4,1,20,2295,NA,48.1,50.5,2000,/home/benny/Scrivania/OTel-capabilities-for-mixed-criticality-workloads/2-DoE/block2/t2_p0_s2_r0.0_e1_n4/run_01,0,7,1993,0,0.0,9991,2718,2678,7309,7204.1,7273,7.4,10000.0,10035,7.62,0,0,0,0,0
82,block2,2,0,0,0.0,1,4,1,20,2295,NA,50.5,51.8,2000,/home/benny/Scrivania/OTel-capabilities-for-mixed-criticality-workloads/2-DoE/block2/t2_p0_s0_r0.0_e1_n4/run_01,0,7,1993,0,0.0,9991,8008,6284,1997,1983.1,1983,38.71,10000.0,10038,7.52,1,4,17,0,0
83,block2,2,0,1,0.1,1,4,1,20,2295,NA,51.6,51.9,2000,/home/benny/Scrivania/OTel-capabilities-for-mixed-criticality-workloads/2-DoE/block2/t2_p0_s1_r0.1_e1_n4/run_01,0,7,1993,0,0.0,9991,8038,6231,1958,1953.1,1953,40.6,10000.0,10047,7.41,0,0,0,0,0
84,block2,2,0,1,0.3,1,4,1,20,2295,NA,51.8,52.0,2000,/home/benny/Scrivania/OTel-capabilities-for-mixed-criticality-workloads/2-DoE/block2/t2_p0_s1_r0.3_e1_n4/run_01,0,6,1994,0,0.0,9991.0,8038.0,1251,1956,1953.1,1953.0,151.64,10000,10039,8.16,0,0,0,0,0
85,block2,2,0,1,0.5,1,4,1,20,2295,NA,52.0,51.8,2000,/home/benny/Scrivania/OTel-capabilities-for-mixed-criticality-workloads/2-DoE/block2/t2_p0_s1_r0.5_e1_n4/run_01,0,7,1993,0,0.0,9991,8038,4200,1967,1953.1,1953,91.78,10000.0,13838,7.93,1,4,17,0,0
86,block2,2,0,1,0.7,1,4,1,20,2295,NA,51.6,51.5,2000,/home/benny/Scrivania/OTel-capabilities-for-mixed-criticality-workloads/2-DoE/block2/t2_p0_s1_r0.7_e1_n4/run_01,0,6,1994,0,0.0,9991.0,8038.0,83,1968,1953.1,1953.0,178.12,10000,10035,7.73,0,0,0,0,0
87,block2,2,0,2,0.0,1,4,2,20,2295,NA,51.4,51.1,2000,/home/benny/Scrivania/OTel-capabilities-for-mixed-criticality-workloads/2-DoE/block2/t2_p0_s2_r0.0_e1_n4/run_02,0,6,1994,0,0.0,9991.0,8008.0,707,1992,1983.1,1983.0,163.47,10000,10042,7.29,0,0,0,0,0
88,block2,2,0,0,0.0,1,4,2,20,2295,NA,51.0,51.0,2000,/home/benny/Scrivania/OTel-capabilities-for-mixed-criticality-workloads/2-DoE/block2/t2_p0_s0_r0.0_e1_n4/run_02,0,6,1994,0,0.0,9991.0,8008.0,971,1991,1983.0,1983.0,157.34,10000,10030,7.31,1,4,17,0,0
89,block2,2,0,1,0.1,1,4,2,20,2295,NA,51.0,51.2,2000,/home/benny/Scrivania/OTel-capabilities-for-mixed-criticality-workloads/2-DoE/block2/t2_p0_s1_r0.1_e1_n4/run_02,0,7,1993,0,0.0,9991,8038,7913,1955,1953.0,1953,5.42,10000.0,10037,8.03,0,0,0,0,0
90,block2,2,0,1,0.3,1,4,2,20,2295,NA,51.2,51.2,2000,/home/benny/Scrivania/OTel-capabilities-for-mixed-criticality-workloads/2-DoE/block2/t2_p0_s1_r0.3_e1_n4/run_02,0,7,1993,0,0.0,9991,8038,7718,1955,1953.0,1953,8.43,10000.0,10040,8.08,1,4,17,0,0
91,block2,2,0,1,0.5,1,4,2,20,2295,NA,51.2,51.2,2000,/home/benny/Scrivania/OTel-capabilities-for-mixed-criticality-workloads/2-DoE/block2/t2_p0_s1_r0.5_e1_n4/run_02,0,6,1994,0,0.0,9991.0,8038.0,478,1955,1953.0,1953.0,169.24,10000,10029,7.9,1,4,17,0,0
92,block2,2,0,1,0.7,1,4,2,20,2295,NA,51.2,51.2,2000,/home/benny/Scrivania/OTel-capabilities-for-mixed-criticality-workloads/2-DoE/block2/t2_p0_s1_r0.7_e1_n4/run_02,0,7,1993,0,0.0,9991,8038,5395,1964,1953.1,1953,59.25,10000.0,10041,7.35,1,4,17,0,0
93,block2,2,0,2,0.0,1,4,3,20,2295,NA,51.1,51.0,2000,/home/benny/Scrivania/OTel-capabilities-for-mixed-criticality-workloads/2-DoE/block2/t2_p0_s2_r0.0_e1_n4/run_03,0,7,1993,0,0.0,9991,8008,4950,1993,1983.0,1983,68.56,10000.0,10035,7.31,0,0,0,0,0
94,block2,2,0,0,0.0,1,4,3,20,2295,NA,51.0,51.0,2000,/home/benny/Scrivania/OTel-capabilities-for-mixed-criticality-workloads/2-DoE/block2/t2_p0_s0_r0.0_e1_n4/run_03,0,7,1993,0,0.0,9991,8008,6578,1997,1983.1,1983,32.15,10000.0,10041,7.27,1,4,17,0,0
95,block2,2,0,1,0.1,1,4,3,20,2295,NA,51.0,51.0,2000,/home/benny/Scrivania/OTel-capabilities-for-mixed-criticality-workloads/2-DoE/block2/t2_p0_s1_r0.1_e1_n4/run_03,0,6,1994,0,0.0,9991.0,8038.0,119,1967,1953.0,1953.0,177.33,10000,10044,7.89,0,0,0,0,0
96,block2,2,0,1,0.3,1,4,3,20,2295,NA,51.0,51.2,2000,/home/benny/Scrivania/OTel-capabilities-for-mixed-criticality-workloads/2-DoE/block2/t2_p0_s1_r0.3_e1_n4/run_03,0,7,1993,0,0.0,9991,8038,4997,1966,1953.1,1953,68.08,10000.0,10036,7.22,0,0,0,0,0
97,block2,2,0,1,0.5,1,4,3,20,2295,NA,51.1,51.2,2000,/home/benny/Scrivania/OTel-capabilities-for-mixed-criticality-workloads/2-DoE/block2/t2_p0_s1_r0.5_e1_n4/run_03,0,7,1993,0,0.0,9991,8038,5380,1955,1953.0,1953,59.61,10000.0,10031,7.35,0,0,0,0,0
98,block2,2,0,1,0.7,1,4,3,20,2295,NA,51.2,51.2,2000,/home/benny/Scrivania/OTel-capabilities-for-mixed-criticality-workloads/2-DoE/block2/t2_p0_s1_r0.7_e1_n4/run_03,0,7,1993,0,0.0,9991,8038,5169,1968,1953.1,1953,64.3,10000.0,10033,7.24,1,4,17,0,0
99,block2,2,0,2,0.0,1,4,4,20,2295,NA,51.2,51.2,2000,/home/benny/Scrivania/OTel-capabilities-for-mixed-criticality-workloads/2-DoE/block2/t2_p0_s2_r0.0_e1_n4/run_04,0,7,1993,0,0.0,9991,8008,5333,1987,1983.0,1983,59.98,10000.0,10035,7.3,0,0,0,0,0
100,block2,2,0,0,0.0,1,4,4,20,2295,NA,51.1,51.2,2000,/home/benny/Scrivania/OTel-capabilities-for-mixed-criticality-workloads/2-DoE/block2/t2_p0_s0_r0.0_e1_n4/run_04,0,7,1993,0,0.0,9991,8008,4754,2001,1983.1,1983,72.92,10000.0,10037,7.28,1,4,17,0,0
101,block2,2,0,1,0.1,1,4,4,20,2295,NA,51.2,51.2,2000,/home/benny/Scrivania/OTel-capabilities-for-mixed-criticality-workloads/2-DoE/block2/t2_p0_s1_r0.1_e1_n4/run_04,0,6,1994,0,0.0,9991.0,8038.0,1952,2045,1957.3,1953.0,136.21,10000,10029,7.82,0,0,0,0,0
102,block2,2,0,1,0.3,1,4,4,20,2295,NA,51.2,51.2,2000,/home/benny/Scrivania/OTel-capabilities-for-mixed-criticality-workloads/2-DoE/block2/t2_p0_s1_r0.3_e1_n4/run_04,0,7,1993,0,0.0,9991,8038,5404,1967,1953.1,1953,59.05,10000.0,10033,7.34,0,0,0,0,0
103,block2,2,0,1,0.5,1,4,4,20,2295,NA,51.1,51.2,2000,/home/benny/Scrivania/OTel-capabilities-for-mixed-criticality-workloads/2-DoE/block2/t2_p0_s1_r0.5_e1_n4/run_04,0,6,1994,0,0.0,9991.0,8038.0,231,1963,1953.0,1953.0,174.77,10000,10029,7.9,1,4,17,0,0
104,block2,2,0,1,0.7,1,4,4,20,2295,NA,51.2,51.2,2000,/home/benny/Scrivania/OTel-capabilities-for-mixed-criticality-workloads/2-DoE/block2/t2_p0_s1_r0.7_e1_n4/run_04,0,7,1993,0,0.0,9991,8038,7882,1954,1953.0,1953,4.85,10000.0,10033,7.55,1,4,17,0,0
105,block2,2,0,2,0.0,1,4,5,20,2295,NA,51.1,51.2,2000,/home/benny/Scrivania/OTel-capabilities-for-mixed-criticality-workloads/2-DoE/block2/t2_p0_s2_r0.0_e1_n4/run_05,0,7,1993,0,0.0,9991,8008,7183,1985,1983.0,1983,21.2,10000.0,10826,7.33,0,0,0,0,0
106,block2,2,0,0,0.0,1,4,5,20,2295,NA,51.2,51.5,2000,/home/benny/Scrivania/OTel-capabilities-for-mixed-criticality-workloads/2-DoE/block2/t2_p0_s0_r0.0_e1_n4/run_05,0,7,1993,0,0.0,9991,8008,7836,1985,1983.1,1983,5.23,10000.0,10041,7.44,1,4,17,0,0
107,block2,2,0,1,0.1,1,4,5,20,2295,NA,51.5,51.5,2000,/home/benny/Scrivania/OTel-capabilities-for-mixed-criticality-workloads/2-DoE/block2/t2_p0_s1_r0.1_e1_n4/run_05,0,7,1993,0,0.0,9991,8038,7056,1961,1953.0,1953,22.14,10000.0,10036,7.53,0,0,0,0,0
108,block2,2,0,1,0.3,1,4,5,20,2295,NA,51.4,51.4,2000,/home/benny/Scrivania/OTel-capabilities-for-mixed-criticality-workloads/2-DoE/block2/t2_p0_s1_r0.3_e1_n4/run_05,0,6,1994,0,0.0,9991.0,8038.0,932,1955,1953.0,1953.0,158.92,10000,10040,7.88,0,0,0,0,0
109,block2,2,0,1,0.5,1,4,5,20,2295,NA,51.4,51.5,2000,/home/benny/Scrivania/OTel-capabilities-for-mixed-criticality-workloads/2-DoE/block2/t2_p0_s1_r0.5_e1_n4/run_05,0,7,1993,0,0.0,9991,8038,4830,1964,1953.0,1953,71.88,10000.0,10033,7.26,1,4,17,0,0
110,block2,2,0,1,0.7,1,4,5,20,2295,NA,51.4,51.4,2000,/home/benny/Scrivania/OTel-capabilities-for-mixed-criticality-workloads/2-DoE/block2/t2_p0_s1_r0.7_e1_n4/run_05,0,7,1993,0,0.0,9991,8038,5882,1962,1953.0,1953,48.38,10000.0,10032,7.36,1,4,17,0,0
111,block2,2,0,2,0.0,1,4,6,20,2295,NA,51.4,51.2,2000,/home/benny/Scrivania/OTel-capabilities-for-mixed-criticality-workloads/2-DoE/block2/t2_p0_s2_r0.0_e1_n4/run_06,0,6,1994,0,0.0,9991.0,8008.0,1422,2003,1983.1,1983.0,201.53,10000,16143,7.39,0,0,0,0,0
112,block2,2,0,0,0.0,1,4,6,20,2295,NA,51.2,51.4,2000,/home/benny/Scrivania/OTel-capabilities-for-mixed-criticality-workloads/2-DoE/block2/t2_p0_s0_r0.0_e1_n4/run_06,0,7,1993,0,0.0,9991,8008,5276,1985,1983.0,1983,61.24,10000.0,10031,7.48,1,4,17,0,0
113,block2,2,0,1,0.1,1,4,6,20,2295,NA,51.2,51.2,2000,/home/benny/Scrivania/OTel-capabilities-for-mixed-criticality-workloads/2-DoE/block2/t2_p0_s1_r0.1_e1_n4/run_06,0,7,1993,0,0.0,9991,8038,6763,1955,1953.0,1953,28.78,10000.0,10028,8.03,0,0,0,0,0
114,block2,2,0,1,0.3,1,4,6,20,2295,NA,51.2,51.2,2000,/home/benny/Scrivania/OTel-capabilities-for-mixed-criticality-workloads/2-DoE/block2/t2_p0_s1_r0.3_e1_n4/run_06,0,6,1994,0,0.0,9991.0,8038.0,1488,1954,1953.0,1953.0,147.74,10000,10825,7.61,1,4,17,0,0
115,block2,2,0,1,0.5,1,4,6,20,2295,NA,51.2,51.4,2000,/home/benny/Scrivania/OTel-capabilities-for-mixed-criticality-workloads/2-DoE/block2/t2_p0_s1_r0.5_e1_n4/run_06,0,7,1993,0,0.0,9991,8038,5973,1955,1953.0,1953,46.35,10000.0,10032,7.34,1,4,17,0,0
116,block2,2,0,1,0.7,1,4,6,20,2295,NA,51.4,51.5,2000,/home/benny/Scrivania/OTel-capabilities-for-mixed-criticality-workloads/2-DoE/block2/t2_p0_s1_r0.7_e1_n4/run_06,0,7,1993,0,0.0,9991,8038,5577,1956,1953.0,1953,55.2,10000.0,10033,7.37,1,4,17,0,0
117,block2,2,0,2,0.0,1,4,7,20,2295,NA,51.4,51.2,2000,/home/benny/Scrivania/OTel-capabilities-for-mixed-criticality-workloads/2-DoE/block2/t2_p0_s2_r0.0_e1_n4/run_07,0,7,1993,0,0.0,9991,8008,5438,1996,1983.1,1983,57.62,10000.0,10042,7.35,0,0,0,0,0
118,block2,2,0,0,0.0,1,4,7,20,2295,NA,51.1,51.2,2000,/home/benny/Scrivania/OTel-capabilities-for-mixed-criticality-workloads/2-DoE/block2/t2_p0_s0_r0.0_e1_n4/run_07,0,7,1993,0,0.0,9991,8008,5039,1991,1983.0,1983,66.55,10000.0,10035,7.47,1,4,17,0,0
119,block2,2,0,1,0.1,1,4,7,20,2295,NA,51.2,51.5,2000,/home/benny/Scrivania/OTel-capabilities-for-mixed-criticality-workloads/2-DoE/block2/t2_p0_s1_r0.1_e1_n4/run_07,0,7,1993,0,0.0,9991,8038,6079,1955,1953.0,1953,43.98,10000.0,10033,7.36,1,4,17,0,0
120,block2,2,0,1,0.3,1,4,7,20,2295,NA,51.4,51.5,2000,/home/benny/Scrivania/OTel-capabilities-for-mixed-criticality-workloads/2-DoE/block2/t2_p0_s1_r0.3_e1_n4/run_07,0,7,1993,0,0.0,9991,8038,5613,1972,1953.1,1953,61.34,10000.0,12425,7.46,1,4,17,0,0
121,block2,2,0,1,0.5,1,4,7,20,2295,NA,51.5,52.2,2000,/home/benny/Scrivania/OTel-capabilities-for-mixed-criticality-workloads/2-DoE/block2/t2_p0_s1_r0.5_e1_n4/run_07,0,6,1994,0,0.0,9991.0,8038.0,1306,1987,1958.4,1953.0,150.49,10000,10031,7.33,0,0,0,0,0
122,block2,2,0,1,0.7,1,4,7,20,2295,NA,52.2,52.8,2000,/home/benny/Scrivania/OTel-capabilities-for-mixed-criticality-workloads/2-DoE/block2/t2_p0_s1_r0.7_e1_n4/run_07,0,7,1993,1,0.0005017561465127947,9991,8038,-1142,11093,1966.4,1953,72.57,10000.0,12691,7.23,0,0,0,0,0
123,block2,2,0,2,0.0,1,4,8,20,2295,NA,52.6,52.8,2000,/home/benny/Scrivania/OTel-capabilities-for-mixed-criticality-workloads/2-DoE/block2/t2_p0_s2_r0.0_e1_n4/run_08,0,6,1994,0,0.0,9991.0,8008.0,159,2017,1989.3,1983.0,175.72,10000,10049,7.21,0,0,0,0,0
124,block2,2,0,0,0.0,1,4,8,20,2295,NA,52.6,52.8,2000,/home/benny/Scrivania/OTel-capabilities-for-mixed-criticality-workloads/2-DoE/block2/t2_p0_s0_r0.0_e1_n4/run_08,0,7,1993,0,0.0,9991,7993,7185,2016,1993.2,1999,18.72,10000.0,10030,7.26,1,4,17,0,0
125,block2,2,0,1,0.1,1,4,8,20,2295,NA,52.8,53.0,2000,/home/benny/Scrivania/OTel-capabilities-for-mixed-criticality-workloads/2-DoE/block2/t2_p0_s1_r0.1_e1_n4/run_08,0,7,1993,0,0.0,9991,8022,7377,1987,1964.0,1969,15.11,10000.0,10030,7.18,0,0,0,0,0
126,block2,2,0,1,0.3,1,4,8,20,2295,NA,53.0,53.0,2000,/home/benny/Scrivania/OTel-capabilities-for-mixed-criticality-workloads/2-DoE/block2/t2_p0_s1_r0.3_e1_n4/run_08,0,6,1994,0,0.0,9991.0,8023.0,1988,1987,1963.4,1969.0,188.81,10000,15882,7.12,1,4,17,0,0
127,block2,2,0,1,0.5,1,4,8,20,2295,NA,53.0,53.2,2000,/home/benny/Scrivania/OTel-capabilities-for-mixed-criticality-workloads/2-DoE/block2/t2_p0_s1_r0.5_e1_n4/run_08,0,7,1993,0,0.0,9991,8023,6919,1986,1963.6,1969,25.25,10000.0,10035,7.17,0,0,0,0,0
128,block2,2,0,1,0.7,1,4,8,20,2295,NA,53.2,53.2,2000,/home/benny/Scrivania/OTel-capabilities-for-mixed-criticality-workloads/2-DoE/block2/t2_p0_s1_r0.7_e1_n4/run_08,0,6,1994,0,0.0,9991.0,8022.0,3015,1987,1964.5,1969.0,112.46,10000,10028,7.25,0,0,0,0,0
129,block2,2,0,2,0.0,1,4,9,20,2295,NA,53.2,53.2,2000,/home/benny/Scrivania/OTel-capabilities-for-mixed-criticality-workloads/2-DoE/block2/t2_p0_s2_r0.0_e1_n4/run_09,0,6,1994,0,0.0,9991.0,7993.0,751,2017,1993.9,1999.0,162.46,10000,10029,7.15,0,0,0,0,0
130,block2,2,0,0,0.0,1,4,9,20,2295,NA,53.2,53.2,2000,/home/benny/Scrivania/OTel-capabilities-for-mixed-criticality-workloads/2-DoE/block2/t2_p0_s0_r0.0_e1_n4/run_09,0,7,1993,0,0.0,9991,7992,6966,2028,1993.6,1999,23.52,10000.0,10035,7.17,1,4,17,0,0
131,block2,2,0,1,0.1,1,4,9,20,2295,NA,53.2,53.8,2000,/home/benny/Scrivania/OTel-capabilities-for-mixed-criticality-workloads/2-DoE/block2/t2_p0_s1_r0.1_e1_n4/run_09,0,6,1994,0,0.0,9991.0,8033.0,2567,1988,1962.0,1953.0,122.5,10000,10030,7.38,1,4,17,0,0
132,block2,2,0,1,0.3,1,4,9,20,2295,NA,53.6,54.2,2000,/home/benny/Scrivania/OTel-capabilities-for-mixed-criticality-workloads/2-DoE/block2/t2_p0_s1_r0.3_e1_n4/run_09,0,7,1993,0,0.0,9991,8038,6896,1987,1957.7,1953,25.8,10000.0,10034,7.28,1,4,17,0,0
133,block2,2,0,1,0.5,1,4,9,20,2295,NA,54.2,54.4,2000,/home/benny/Scrivania/OTel-capabilities-for-mixed-criticality-workloads/2-DoE/block2/t2_p0_s1_r0.5_e1_n4/run_09,0,6,1994,0,0.0,9991.0,8038.0,1639,1987,1958.8,1953.0,143.24,10000,10041,7.3,1,4,17,0,0
134,block2,2,0,1,0.7,1,4,9,20,2295,NA,54.4,54.2,2000,/home/benny/Scrivania/OTel-capabilities-for-mixed-criticality-workloads/2-DoE/block2/t2_p0_s1_r0.7_e1_n4/run_09,0,7,1993,0,0.0,9991,8022,7144,1997,1963.3,1969,20.32,10000.0,10035,7.75,1,4,17,0,0
135,block2,2,0,2,0.0,1,4,10,20,2295,NA,54.2,54.0,2000,/home/benny/Scrivania/OTel-capabilities-for-mixed-criticality-workloads/2-DoE/block2/t2_p0_s2_r0.0_e1_n4/run_10,0,6,1994,0,0.0,9991.0,7992.0,3283,2017,1994.2,1999.0,105.05,10000,10033,7.13,0,0,0,0,0
136,block2,2,0,0,0.0,1,4,10,20,2295,NA,54.0,54.0,2000,/home/benny/Scrivania/OTel-capabilities-for-mixed-criticality-workloads/2-DoE/block2/t2_p0_s0_r0.0_e1_n4/run_10,0,7,1993,0,0.0,9991,7993,6829,2017,1994.0,1999,26.56,10000.0,10036,7.2,1,4,17,0,0
137,block2,2,0,1,0.1,1,4,10,20,2295,NA,54.0,54.0,2000,/home/benny/Scrivania/OTel-capabilities-for-mixed-criticality-workloads/2-DoE/block2/t2_p0_s1_r0.1_e1_n4/run_10,0,6,1994,0,0.0,9991.0,8022.0,802,1987,1964.4,1969.0,161.99,10000,10040,7.16,0,0,0,0,0
138,block2,2,0,1,0.3,1,4,10,20,2295,NA,54.0,54.1,2000,/home/benny/Scrivania/OTel-capabilities-for-mixed-criticality-workloads/2-DoE/block2/t2_p0_s1_r0.3_e1_n4/run_10,0,6,1994,0,0.0,9991.0,8023.0,1823,2002,1963.6,1969.0,144.52,10000,11751,7.14,0,0,0,0,0
139,block2,2,0,1,0.5,1,4,10,20,2295,NA,54.1,54.0,2000,/home/benny/Scrivania/OTel-capabilities-for-mixed-criticality-workloads/2-DoE/block2/t2_p0_s1_r0.5_e1_n4/run_10,0,7,1993,0,0.0,9991,8022,7346,1987,1964.1,1969,15.79,10000.0,10031,7.16,1,4,17,0,0
140,block2,2,0,1,0.7,1,4,10,20,2295,NA,54.0,54.0,2000,/home/benny/Scrivania/OTel-capabilities-for-mixed-criticality-workloads/2-DoE/block2/t2_p0_s1_r0.7_e1_n4/run_10,0,7,1993,0,0.0,9991,8023,7300,1987,1963.6,1969,16.83,10000.0,10036,7.14,1,4,17,0,0
141,block2,2,0,2,0.0,1,4,11,20,2295,NA,54.0,54.1,2000,/home/benny/Scrivania/OTel-capabilities-for-mixed-criticality-workloads/2-DoE/block2/t2_p0_s2_r0.0_e1_n4/run_11,0,7,1993,0,0.0,9991,7992,6974,2017,1993.9,1999,23.37,10000.0,10029,7.16,0,0,0,0,0
142,block2,2,0,0,0.0,1,4,11,20,2295,NA,54.1,54.0,2000,/home/benny/Scrivania/OTel-capabilities-for-mixed-criticality-workloads/2-DoE/block2/t2_p0_s0_r0.0_e1_n4/run_11,0,7,1993,0,0.0,9991,7992,6894,2017,1994.7,1999,25.13,10000.0,10030,7.12,1,4,17,0,0
143,block2,2,0,1,0.1,1,4,11,20,2295,NA,54.0,54.2,2000,/home/benny/Scrivania/OTel-capabilities-for-mixed-criticality-workloads/2-DoE/block2/t2_p0_s1_r0.1_e1_n4/run_11,0,7,1993,0,0.0,9991,8022,7564,1987,1964.5,1969,11.02,10000.0,10032,7.23,0,0,0,0,0
144,block2,2,0,1,0.3,1,4,11,20,2295,NA,54.2,54.2,2000,/home/benny/Scrivania/OTel-capabilities-for-mixed-criticality-workloads/2-DoE/block2/t2_p0_s1_r0.3_e1_n4/run_11,0,6,1994,0,0.0,9991.0,8023.0,1488,2466,1963.3,1969.0,146.26,10000,10030,7.24,0,0,0,0,0
145,block2,2,0,1,0.5,1,4,11,20,2295,NA,54.2,54.2,2000,/home/benny/Scrivania/OTel-capabilities-for-mixed-criticality-workloads/2-DoE/block2/t2_p0_s1_r0.5_e1_n4/run_11,0,6,1994,0,0.0,9991.0,8022.0,1225,1987,1964.7,1969.0,159.77,10000,12123,7.32,1,4,17,0,0
146,block2,2,0,1,0.7,1,4,11,20,2295,NA,54.2,54.2,2000,/home/benny/Scrivania/OTel-capabilities-for-mixed-criticality-workloads/2-DoE/block2/t2_p0_s1_r0.7_e1_n4/run_11,0,6,1994,0,0.0,9991.0,8022.0,1696,1987,1964.7,1969.0,141.6,10000,10034,7.24,1,4,17,0,0
147,block2,2,0,2,0.0,1,4,12,20,2295,NA,54.2,54.2,2000,/home/benny/Scrivania/OTel-capabilities-for-mixed-criticality-workloads/2-DoE/block2/t2_p0_s2_r0.0_e1_n4/run_12,0,6,1994,0,0.0,9991.0,7992.0,1361,2017,1994.7,1999.0,148.81,10000,10033,7.21,0,0,0,0,0
148,block2,2,0,0,0.0,1,4,12,20,2295,NA,54.2,54.2,2000,/home/benny/Scrivania/OTel-capabilities-for-mixed-criticality-workloads/2-DoE/block2/t2_p0_s0_r0.0_e1_n4/run_12,0,6,1994,0,0.0,9991.0,7992.0,1128,2017,1994.6,1999.0,154.02,10000,10028,7.06,1,4,17,0,0
149,block2,2,0,1,0.1,1,4,12,20,2295,NA,54.2,54.4,2000,/home/benny/Scrivania/OTel-capabilities-for-mixed-criticality-workloads/2-DoE/block2/t2_p0_s1_r0.1_e1_n4/run_12,0,6,1994,0,0.0,9991.0,8022.0,1592,2077,1986.1,1970.0,144.31,10000,10043,7.19,0,0,0,0,0
150,block2,2,0,1,0.3,1,4,12,20,2295,NA,54.4,54.2,2000,/home/benny/Scrivania/OTel-capabilities-for-mixed-criticality-workloads/2-DoE/block2/t2_p0_s1_r0.3_e1_n4/run_12,0,6,1994,0,0.0,9991.0,8023.0,70,1987,1964.7,1969.0,178.18,10000,10030,7.11,1,4,17,0,0
151,block2,2,0,1,0.5,1,4,12,20,2295,NA,54.2,54.5,2000,/home/benny/Scrivania/OTel-capabilities-for-mixed-criticality-workloads/2-DoE/block2/t2_p0_s1_r0.5_e1_n4/run_12,0,6,1994,0,0.0,9991.0,8022.0,1882,1993,1964.9,1969.0,137.8,10000,10030,7.27,1,4,17,0,0
152,block2,2,0,1,0.7,1,4,12,20,2295,NA,54.5,54.5,2000,/home/benny/Scrivania/OTel-capabilities-for-mixed-criticality-workloads/2-DoE/block2/t2_p0_s1_r0.7_e1_n4/run_12,0,6,1994,0,0.0,9992.0,8023.0,2856,1986,1963.7,1969.0,116.0,10000,10036,7.19,0,0,0,0,0
153,block2,2,0,2,0.0,1,4,13,20,2295,NA,54.5,54.4,2000,/home/benny/Scrivania/OTel-capabilities-for-mixed-criticality-workloads/2-DoE/block2/t2_p0_s2_r0.0_e1_n4/run_13,0,6,1994,0,0.0,9991.0,7992.0,2153,2024,1994.2,1999.0,131.1,10000,10035,7.1,0,0,0,0,0
154,block2,2,0,0,0.0,1,4,13,20,2295,NA,54.4,54.5,2000,/home/benny/Scrivania/OTel-capabilities-for-mixed-criticality-workloads/2-DoE/block2/t2_p0_s0_r0.0_e1_n4/run_13,0,6,1994,0,0.0,9991.0,7993.0,2006,2016,1993.8,1999.0,184.33,10000,15640,7.1,1,4,17,0,0
155,block2,2,0,1,0.1,1,4,13,20,2295,NA,54.5,54.5,2000,/home/benny/Scrivania/OTel-capabilities-for-mixed-criticality-workloads/2-DoE/block2/t2_p0_s1_r0.1_e1_n4/run_13,0,7,1993,0,0.0,9991,8022,4465,1994,1964.1,1969,81.17,10000.0,13574,7.22,0,0,0,0,0
156,block2,2,0,1,0.3,1,4,13,20,2295,NA,54.5,56.2,2000,/home/benny/Scrivania/OTel-capabilities-for-mixed-criticality-workloads/2-DoE/block2/t2_p0_s1_r0.3_e1_n4/run_13,0,7,1993,0,0.0,9991,8038,7519,1986,1953.4,1953,12.01,10000.0,10042,7.61,0,0,0,0,0
157,block2,2,0,1,0.5,1,4,13,20,2295,NA,56.2,56.8,2000,/home/benny/Scrivania/OTel-capabilities-for-mixed-criticality-workloads/2-DoE/block2/t2_p0_s1_r0.5_e1_n4/run_13,0,7,1993,0,0.0,9991,8038,7933,1985,1953.8,1953,4.72,10000.0,10044,7.6,0,0,0,0,0
158,block2,2,0,1,0.7,1,4,13,20,2295,NA,56.8,56.5,2000,/home/benny/Scrivania/OTel-capabilities-for-mixed-criticality-workloads/2-DoE/block2/t2_p0_s1_r0.7_e1_n4/run_13,0,6,1994,0,0.0,9991.0,8038.0,1739,1986,1954.7,1953.0,141.04,10000,10046,7.6,1,4,17,0,0
159,block2,2,0,2,0.0,1,4,14,20,2295,NA,56.5,56.5,2000,/home/benny/Scrivania/OTel-capabilities-for-mixed-criticality-workloads/2-DoE/block2/t2_p0_s2_r0.0_e1_n4/run_14,0,7,1993,0,0.0,9991,8008,6644,2016,1985.6,1983,30.71,10000.0,10039,7.29,0,0,0,0,0
160,block2,2,0,0,0.0,1,4,14,20,2295,NA,56.5,55.8,2000,/home/benny/Scrivania/OTel-capabilities-for-mixed-criticality-workloads/2-DoE/block2/t2_p0_s0_r0.0_e1_n4/run_14,0,7,1993,0,0.0,9991,8008,6357,2016,1988.0,1983,37.09,10000.0,10043,7.29,1,4,17,0,0
161,block2,2,0,1,0.1,1,4,14,20,2295,NA,55.8,55.5,2000,/home/benny/Scrivania/OTel-capabilities-for-mixed-criticality-workloads/2-DoE/block2/t2_p0_s1_r0.1_e1_n4/run_14,0,7,1993,0,0.0,9991,8038,7149,1986,1959.2,1953,20.25,10000.0,10039,7.37,0,0,0,0,0
162,block2,2,0,1,0.3,1,4,14,20,2295,NA,55.5,55.0,2000,/home/benny/Scrivania/OTel-capabilities-for-mixed-criticality-workloads/2-DoE/block2/t2_p0_s1_r0.3_e1_n4/run_14,0,16,1984,0,0.0,9991.0,3500.0,2781,6573,5195.1,6491.0,15.61,10000,10047,7.2,0,0,0,0,0
163,block2,2,0,1,0.5,1,4,14,20,2295,NA,54.9,55.2,2000,/home/benny/Scrivania/OTel-capabilities-for-mixed-criticality-workloads/2-DoE/block2/t2_p0_s1_r0.5_e1_n4/run_14,0,6,1994,0,0.0,9991.0,8023.0,2788,2076,1963.5,1969.0,117.52,10000,10028,7.23,0,0,0,0,0
164,block2,2,0,1,0.7,1,4,14,20,2295,NA,55.1,55.0,2000,/home/benny/Scrivania/OTel-capabilities-for-mixed-criticality-workloads/2-DoE/block2/t2_p0_s1_r0.7_e1_n4/run_14,0,7,1993,0,0.0,9991,8023,4764,1987,1963.6,1969,76.04,10000.0,13241,7.26,1,4,17,0,0
165,block2,2,0,2,0.0,1,4,15,20,2295,NA,55.0,55.0,2000,/home/benny/Scrivania/OTel-capabilities-for-mixed-criticality-workloads/2-DoE/block2/t2_p0_s2_r0.0_e1_n4/run_15,0,6,1994,0,0.0,9991.0,7993.0,677,2017,1993.8,1999.0,164.14,10000,10038,7.18,0,0,0,0,0
166,block2,2,0,0,0.0,1,4,15,20,2295,NA,54.9,54.8,2000,/home/benny/Scrivania/OTel-capabilities-for-mixed-criticality-workloads/2-DoE/block2/t2_p0_s0_r0.0_e1_n4/run_15,0,6,1994,0,0.0,9991.0,7992.0,1989,2017,1993.8,1999.0,134.68,10000,10030,7.13,1,4,17,0,0
167,block2,2,0,1,0.1,1,4,15,20,2295,NA,54.8,54.8,2000,/home/benny/Scrivania/OTel-capabilities-for-mixed-criticality-workloads/2-DoE/block2/t2_p0_s1_r0.1_e1_n4/run_15,0,7,1993,0,0.0,9991,8023,7037,1987,1963.8,1969,22.6,10000.0,10031,7.22,0,0,0,0,0
168,block2,2,0,1,0.3,1,4,15,20,2295,NA,54.8,54.8,2000,/home/benny/Scrivania/OTel-capabilities-for-mixed-criticality-workloads/2-DoE/block2/t2_p0_s1_r0.3_e1_n4/run_15,0,6,1994,0,0.0,9991.0,8023.0,1819,1987,1963.5,1969.0,139.26,10000,10032,7.42,0,0,0,0,0
169,block2,2,0,1,0.5,1,4,15,20,2295,NA,54.8,54.5,2000,/home/benny/Scrivania/OTel-capabilities-for-mixed-criticality-workloads/2-DoE/block2/t2_p0_s1_r0.5_e1_n4/run_15,0,7,1993,0,0.0,9991,8022,7084,1986,1964.0,1969,21.62,10000.0,10034,7.32,1,4,17,0,0
170,block2,2,0,1,0.7,1,4,15,20,2295,NA,54.5,54.5,2000,/home/benny/Scrivania/OTel-capabilities-for-mixed-criticality-workloads/2-DoE/block2/t2_p0_s1_r0.7_e1_n4/run_15,0,7,1993,0,0.0,9991,8022,7063,1986,1964.4,1969,22.04,10000.0,10032,7.25,1,4,17,0,0
171,block2,2,0,2,0.0,1,4,16,20,2295,NA,54.5,54.5,2000,/home/benny/Scrivania/OTel-capabilities-for-mixed-criticality-workloads/2-DoE/block2/t2_p0_s2_r0.0_e1_n4/run_16,0,6,1994,0,0.0,9991.0,7992.0,1502,2017,1994.2,1999.0,145.65,10000,10032,7.21,0,0,0,0,0
172,block2,2,0,0,0.0,1,4,16,20,2295,NA,54.5,54.5,2000,/home/benny/Scrivania/OTel-capabilities-for-mixed-criticality-workloads/2-DoE/block2/t2_p0_s0_r0.0_e1_n4/run_16,0,6,1994,0,0.0,9991.0,7992.0,1226,2018,1994.3,1999.0,193.1,10000,15335,7.11,1,4,17,0,0
173,block2,2,0,1,0.1,1,4,16,20,2295,NA,54.4,54.5,2000,/home/benny/Scrivania/OTel-capabilities-for-mixed-criticality-workloads/2-DoE/block2/t2_p0_s1_r0.1_e1_n4/run_16,0,7,1993,0,0.0,9991,8022,7160,1986,1964.5,1969,19.92,10000.0,10030,7.22,0,0,0,0,0
174,block2,2,0,1,0.3,1,4,16,20,2295,NA,54.5,54.5,2000,/home/benny/Scrivania/OTel-capabilities-for-mixed-criticality-workloads/2-DoE/block2/t2_p0_s1_r0.3_e1_n4/run_16,0,7,1993,0,0.0,9991,8023,1835,1986,1963.7,1969,141.81,10000.0,16203,7.17,1,4,17,0,0
175,block2,2,0,1,0.5,1,4,16,20,2295,NA,54.5,54.5,2000,/home/benny/Scrivania/OTel-capabilities-for-mixed-criticality-workloads/2-DoE/block2/t2_p0_s1_r0.5_e1_n4/run_16,0,6,1994,0,0.0,9991.0,8022.0,2528,1987,1964.5,1969.0,123.33,10000,10032,7.42,1,4,17,0,0
176,block2,2,0,1,0.7,1,4,16,20,2295,NA,54.5,54.5,2000,/home/benny/Scrivania/OTel-capabilities-for-mixed-criticality-workloads/2-DoE/block2/t2_p0_s1_r0.7_e1_n4/run_16,0,6,1994,0,0.0,9991.0,8022.0,566,2044,1964.2,1969.0,167.28,10000,10028,7.47,1,4,17,0,0
177,block2,2,0,2,0.0,1,4,17,20,2295,NA,54.5,54.2,2000,/home/benny/Scrivania/OTel-capabilities-for-mixed-criticality-workloads/2-DoE/block2/t2_p0_s2_r0.0_e1_n4/run_17,0,6,1994,0,0.0,9991.0,7992.0,1229,2024,1994.1,1999.0,151.76,10000,10033,7.13,0,0,0,0,0
178,block2,2,0,0,0.0,1,4,17,20,2295,NA,54.2,54.5,2000,/home/benny/Scrivania/OTel-capabilities-for-mixed-criticality-workloads/2-DoE/block2/t2_p0_s0_r0.0_e1_n4/run_17,0,6,1994,0,0.0,9991.0,7993.0,1764,2016,1994.3,1999.0,139.72,10000,10041,7.11,1,4,17,0,0
179,block2,2,0,1,0.1,1,4,17,20,2295,NA,54.5,54.5,2000,/home/benny/Scrivania/OTel-capabilities-for-mixed-criticality-workloads/2-DoE/block2/t2_p0_s1_r0.1_e1_n4/run_17,0,6,1994,0,0.0,9991.0,8022.0,1196,1987,1964.2,1969.0,153.13,10000,10051,7.26,1,4,17,0,0
180,block2,2,0,1,0.3,1,4,17,20,2295,NA,54.5,54.5,2000,/home/benny/Scrivania/OTel-capabilities-for-mixed-criticality-workloads/2-DoE/block2/t2_p0_s1_r0.3_e1_n4/run_17,0,7,1993,0,0.0,9991,8022,7811,1987,1963.8,1969,6.03,10000.0,10032,7.26,1,4,17,0,0
181,block2,2,0,1,0.5,1,4,17,20,2295,NA,54.5,54.5,2000,/home/benny/Scrivania/OTel-capabilities-for-mixed-criticality-workloads/2-DoE/block2/t2_p0_s1_r0.5_e1_n4/run_17,0,7,1993,0,0.0,9991,8023,7401,1986,1963.3,1969,14.6,10000.0,10042,7.18,1,4,17,0,0
182,block2,2,0,1,0.7,1,4,17,20,2295,NA,54.5,55.0,2000,/home/benny/Scrivania/OTel-capabilities-for-mixed-criticality-workloads/2-DoE/block2/t2_p0_s1_r0.7_e1_n4/run_17,0,6,1994,0,0.0,9991.0,8038.0,186,1985,1957.5,1953.0,175.79,10000,10055,7.36,1,4,17,0,0
183,block2,2,0,2,0.0,1,4,18,20,2295,NA,55.0,55.0,2000,/home/benny/Scrivania/OTel-capabilities-for-mixed-criticality-workloads/2-DoE/block2/t2_p0_s2_r0.0_e1_n4/run_18,0,6,1994,0,0.0,9991.0,8008.0,2972,2016,1987.7,1983.0,112.6,10000,10034,7.26,0,0,0,0,0
184,block2,2,0,0,0.0,1,4,18,20,2295,NA,55.0,54.9,2000,/home/benny/Scrivania/OTel-capabilities-for-mixed-criticality-workloads/2-DoE/block2/t2_p0_s0_r0.0_e1_n4/run_18,0,7,1993,0,0.0,9991,7993,7523,2029,1993.6,1999,11.27,10000.0,10032,7.18,1,4,17,0,0
185,block2,2,0,1,0.1,1,4,18,20,2295,NA,54.8,54.8,2000,/home/benny/Scrivania/OTel-capabilities-for-mixed-criticality-workloads/2-DoE/block2/t2_p0_s1_r0.1_e1_n4/run_18,0,6,1994,0,0.0,9991.0,8023.0,645,1987,1963.7,1969.0,165.49,10000,10039,7.25,0,0,0,0,0
186,block2,2,0,1,0.3,1,4,18,20,2295,NA,54.8,54.8,2000,/home/benny/Scrivania/OTel-capabilities-for-mixed-criticality-workloads/2-DoE/block2/t2_p0_s1_r0.3_e1_n4/run_18,0,6,1994,0,0.0,9991.0,8022.0,2733,2134,1970.9,1969.0,118.4,10000,10029,7.39,0,0,0,0,0
187,block2,2,0,1,0.5,1,4,18,20,2295,NA,54.8,54.8,2000,/home/benny/Scrivania/OTel-capabilities-for-mixed-criticality-workloads/2-DoE/block2/t2_p0_s1_r0.5_e1_n4/run_18,0,8,1992,0,0.0,9991.0,8023.0,2944,1986,1963.0,1969.0,114.13,10000,10033,7.21,1,4,17,0,0
188,block2,2,0,1,0.7,1,4,18,20,2295,NA,54.6,55.9,2000,/home/benny/Scrivania/OTel-capabilities-for-mixed-criticality-workloads/2-DoE/block2/t2_p0_s1_r0.7_e1_n4/run_18,0,6,1994,0,0.0,9991.0,8038.0,3627,1969,1953.0,1953.0,98.7,10000,10037,8.12,1,4,17,0,0
189,block2,2,0,2,0.0,1,4,19,20,2295,NA,55.9,56.5,2000,/home/benny/Scrivania/OTel-capabilities-for-mixed-criticality-workloads/2-DoE/block2/t2_p0_s2_r0.0_e1_n4/run_19,0,6,1994,0,0.0,9991.0,8008.0,2680,2001,1983.2,1983.0,119.27,10000,10032,7.42,0,0,0,0,0
190,block2,2,0,0,0.0,1,4,19,20,2295,NA,56.4,57.0,2000,/home/benny/Scrivania/OTel-capabilities-for-mixed-criticality-workloads/2-DoE/block2/t2_p0_s0_r0.0_e1_n4/run_19,0,7,1993,0,0.0,9991,8008,7936,2016,1984.7,1983,3.84,10000.0,10034,7.41,1,4,17,0,0
191,block2,2,0,1,0.1,1,4,19,20,2295,NA,56.9,56.5,2000,/home/benny/Scrivania/OTel-capabilities-for-mixed-criticality-workloads/2-DoE/block2/t2_p0_s1_r0.1_e1_n4/run_19,0,6,1994,0,0.0,9991.0,8038.0,2646,1986,1958.5,1953.0,120.78,10000,10036,7.57,0,0,0,0,0
192,block2,2,0,1,0.3,1,4,19,20,2295,NA,56.4,55.8,2000,/home/benny/Scrivania/OTel-capabilities-for-mixed-criticality-workloads/2-DoE/block2/t2_p0_s1_r0.3_e1_n4/run_19,0,20,1980,0,0.0,9991.0,8023.0,1725,7256,1966.1,1969.0,22.86,10000,10030,7.38,0,0,0,0,0
193,block2,2,0,1,0.5,1,4,19,20,2295,NA,55.8,55.4,2000,/home/benny/Scrivania/OTel-capabilities-for-mixed-criticality-workloads/2-DoE/block2/t2_p0_s1_r0.5_e1_n4/run_19,0,6,1994,0,0.0,9991.0,8023.0,1078,1986,1963.7,1969.0,155.77,10000,10038,7.24,1,4,17,0,0
194,block2,2,0,1,0.7,1,4,19,20,2295,NA,55.4,55.2,2000,/home/benny/Scrivania/OTel-capabilities-for-mixed-criticality-workloads/2-DoE/block2/t2_p0_s1_r0.7_e1_n4/run_19,0,7,1993,0,0.0,9991,8023,7248,1987,1963.3,1969,17.92,10000.0,10040,7.06,1,4,17,0,0
195,block2,2,0,2,0.0,1,4,20,20,2295,NA,55.1,55.0,2000,/home/benny/Scrivania/OTel-capabilities-for-mixed-criticality-workloads/2-DoE/block2/t2_p0_s2_r0.0_e1_n4/run_20,0,6,1994,0,0.0,9991.0,7992.0,1064,2017,1994.2,1999.0,155.44,10000,10030,7.28,0,0,0,0,0
196,block2,2,0,0,0.0,1,4,20,20,2295,NA,55.0,55.0,2000,/home/benny/Scrivania/OTel-capabilities-for-mixed-criticality-workloads/2-DoE/block2/t2_p0_s0_r0.0_e1_n4/run_20,0,6,1994,0,0.0,9991.0,7992.0,411,2024,1994.2,1999.0,187.2,10000,13499,7.2,1,4,17,0,0
197,block2,2,0,1,0.1,1,4,20,20,2295,NA,55.0,55.0,2000,/home/benny/Scrivania/OTel-capabilities-for-mixed-criticality-workloads/2-DoE/block2/t2_p0_s1_r0.1_e1_n4/run_20,0,7,1993,0,0.0,9991,8022,7233,1987,1963.8,1969,18.3,10000.0,10037,7.2,0,0,0,0,0
198,block2,2,0,1,0.3,1,4,20,20,2295,NA,55.0,55.0,2000,/home/benny/Scrivania/OTel-capabilities-for-mixed-criticality-workloads/2-DoE/block2/t2_p0_s1_r0.3_e1_n4/run_20,0,7,1993,0,0.0,9991,8022,6441,1986,1963.7,1969,35.9,10000.0,10037,7.19,1,4,17,0,0
199,block2,2,0,1,0.5,1,4,20,20,2295,NA,54.9,54.8,2000,/home/benny/Scrivania/OTel-capabilities-for-mixed-criticality-workloads/2-DoE/block2/t2_p0_s1_r0.5_e1_n4/run_20,0,6,1994,0,0.0,9991.0,8023.0,2528,1987,1963.5,1969.0,123.41,10000,10034,7.42,1,4,17,0,0
200,block2,2,0,1,0.7,1,4,20,20,2295,NA,54.8,54.9,2000,/home/benny/Scrivania/OTel-capabilities-for-mixed-criticality-workloads/2-DoE/block2/t2_p0_s1_r0.7_e1_n4/run_20,0,7,1993,0,0.0,9991,8022,6971,1990,1964.6,1969,24.07,10000.0,10029,7.23,1,4,17,0,0
201,block2,2,0,2,0.0,1,4,21,20,2295,NA,54.9,54.8,2000,/home/benny/Scrivania/OTel-capabilities-for-mixed-criticality-workloads/2-DoE/block2/t2_p0_s2_r0.0_e1_n4/run_21,0,6,1994,0,0.0,9991.0,7993.0,1707,2016,1994.2,1999.0,141.04,10000,10036,7.1,0,0,0,0,0
202,block2,2,0,0,0.0,1,4,21,20,2295,NA,54.8,54.8,2000,/home/benny/Scrivania/OTel-capabilities-for-mixed-criticality-workloads/2-DoE/block2/t2_p0_s0_r0.0_e1_n4/run_21,0,7,1993,0,0.0,9991,7993,6872,2017,1993.6,1999,25.62,10000.0,10035,7.16,1,4,17,0,0
203,block2,2,0,1,0.1,1,4,21,20,2295,NA,54.8,54.8,2000,/home/benny/Scrivania/OTel-capabilities-for-mixed-criticality-workloads/2-DoE/block2/t2_p0_s1_r0.1_e1_n4/run_21,0,7,1993,0,0.0,9991,8022,6857,1987,1964.4,1969,27.01,10000.0,10039,8.37,0,0,0,0,0
204,block2,2,0,1,0.3,1,4,21,20,2295,NA,54.8,54.8,2000,/home/benny/Scrivania/OTel-capabilities-for-mixed-criticality-workloads/2-DoE/block2/t2_p0_s1_r0.3_e1_n4/run_21,0,6,1994,0,0.0,9991.0,8022.0,383,2077,1969.4,1969.0,171.38,10000,10033,7.37,1,4,17,0,0
205,block2,2,0,1,0.5,1,4,21,20,2295,NA,54.8,54.8,2000,/home/benny/Scrivania/OTel-capabilities-for-mixed-criticality-workloads/2-DoE/block2/t2_p0_s1_r0.5_e1_n4/run_21,0,7,1993,0,0.0,9991,8023,7054,1986,1963.3,1969,22.26,10000.0,10038,7.2,0,0,0,0,0
206,block2,2,0,1,0.7,1,4,21,20,2295,NA,54.8,55.0,2000,/home/benny/Scrivania/OTel-capabilities-for-mixed-criticality-workloads/2-DoE/block2/t2_p0_s1_r0.7_e1_n4/run_21,0,7,1993,0,0.0,9991,8023,6427,1999,1962.9,1968,36.22,10000.0,10035,7.26,1,4,17,0,0
207,block2,2,0,2,0.0,1,4,22,20,2295,NA,54.9,54.9,2000,/home/benny/Scrivania/OTel-capabilities-for-mixed-criticality-workloads/2-DoE/block2/t2_p0_s2_r0.0_e1_n4/run_22,0,6,1994,0,0.0,9991.0,7992.0,874,2031,1993.9,1999.0,159.71,10000,10043,7.22,0,0,0,0,0
208,block2,2,0,0,0.0,1,4,22,20,2295,NA,54.8,54.8,2000,/home/benny/Scrivania/OTel-capabilities-for-mixed-criticality-workloads/2-DoE/block2/t2_p0_s0_r0.0_e1_n4/run_22,0,6,1994,0,0.0,9991.0,7992.0,1580,2017,1994.0,1999.0,143.14,10000,10029,7.22,1,4,17,0,0
209,block2,2,0,1,0.1,1,4,22,20,2295,NA,54.8,54.8,2000,/home/benny/Scrivania/OTel-capabilities-for-mixed-criticality-workloads/2-DoE/block2/t2_p0_s1_r0.1_e1_n4/run_22,0,7,1993,0,0.0,9991,8022,7009,1990,1964.6,1969,23.24,10000.0,10031,7.25,0,0,0,0,0
210,block2,2,0,1,0.3,1,4,22,20,2295,NA,54.8,54.8,2000,/home/benny/Scrivania/OTel-capabilities-for-mixed-criticality-workloads/2-DoE/block2/t2_p0_s1_r0.3_e1_n4/run_22,0,6,1994,0,0.0,9991.0,8022.0,2326,1987,1963.7,1969.0,127.52,10000,10032,7.31,0,0,0,0,0
211,block2,2,0,1,0.5,1,4,22,20,2295,NA,54.8,54.8,2000,/home/benny/Scrivania/OTel-capabilities-for-mixed-criticality-workloads/2-DoE/block2/t2_p0_s1_r0.5_e1_n4/run_22,0,6,1994,0,0.0,9991.0,8023.0,1834,2004,1963.5,1969.0,138.88,10000,10036,7.34,0,0,0,0,0
212,block2,2,0,1,0.7,1,4,22,20,2295,NA,54.8,54.8,2000,/home/benny/Scrivania/OTel-capabilities-for-mixed-criticality-workloads/2-DoE/block2/t2_p0_s1_r0.7_e1_n4/run_22,0,7,1993,0,0.0,9991,8022,6984,1986,1964.3,1969,23.78,10000.0,10030,7.13,1,4,17,0,0
213,block2,2,0,2,0.0,1,4,23,20,2295,NA,54.8,54.8,2000,/home/benny/Scrivania/OTel-capabilities-for-mixed-criticality-workloads/2-DoE/block2/t2_p0_s2_r0.0_e1_n4/run_23,0,7,1993,0,0.0,9991,7992,7334,2017,1994.2,1999,15.43,10000.0,10033,7.22,0,0,0,0,0
214,block2,2,0,0,0.0,1,4,23,20,2295,NA,54.8,54.8,2000,/home/benny/Scrivania/OTel-capabilities-for-mixed-criticality-workloads/2-DoE/block2/t2_p0_s0_r0.0_e1_n4/run_23,0,7,1993,0,0.0,9991,7992,1721,2016,1993.7,1999,142.86,10000.0,16286,7.18,1,4,17,0,0
215,block2,2,0,1,0.1,1,4,23,20,2295,NA,54.8,54.8,2000,/home/benny/Scrivania/OTel-capabilities-for-mixed-criticality-workloads/2-DoE/block2/t2_p0_s1_r0.1_e1_n4/run_23,0,7,1993,0,0.0,9991,8022,7289,1986,1964.3,1969,17.06,10000.0,10031,7.23,0,0,0,0,0
216,block2,2,0,1,0.3,1,4,23,20,2295,NA,54.8,54.9,2000,/home/benny/Scrivania/OTel-capabilities-for-mixed-criticality-workloads/2-DoE/block2/t2_p0_s1_r0.3_e1_n4/run_23,0,7,1993,0,0.0,9991,8023,7215,1987,1963.4,1969,18.68,10000.0,10034,7.2,1,4,17,0,0
217,block2,2,0,1,0.5,1,4,23,20,2295,NA,54.9,54.8,2000,/home/benny/Scrivania/OTel-capabilities-for-mixed-criticality-workloads/2-DoE/block2/t2_p0_s1_r0.5_e1_n4/run_23,0,6,1994,0,0.0,9991.0,8022.0,2171,1986,1964.0,1969.0,138.34,10000,11946,7.21,0,0,0,0,0
218,block2,2,0,1,0.7,1,4,23,20,2295,NA,54.8,54.8,2000,/home/benny/Scrivania/OTel-capabilities-for-mixed-criticality-workloads/2-DoE/block2/t2_p0_s1_r0.7_e1_n4/run_23,0,7,1993,0,0.0,9991,8022,7132,1987,1963.9,1969,20.51,10000.0,10033,7.2,0,0,0,0,0
219,block2,2,0,2,0.0,1,4,24,20,2295,NA,54.8,54.8,2000,/home/benny/Scrivania/OTel-capabilities-for-mixed-criticality-workloads/2-DoE/block2/t2_p0_s2_r0.0_e1_n4/run_24,0,7,1993,0,0.0,9991,7993,6774,2017,1993.7,1999,27.79,10000.0,10043,7.18,0,0,0,0,0
220,block2,2,0,0,0.0,1,4,24,20,2295,NA,54.8,54.8,2000,/home/benny/Scrivania/OTel-capabilities-for-mixed-criticality-workloads/2-DoE/block2/t2_p0_s0_r0.0_e1_n4/run_24,0,6,1994,0,0.0,9991.0,7992.0,1667,2016,1994.7,1999.0,141.93,10000,10030,7.11,1,4,17,0,0
221,block2,2,0,1,0.1,1,4,24,20,2295,NA,54.8,54.8,2000,/home/benny/Scrivania/OTel-capabilities-for-mixed-criticality-workloads/2-DoE/block2/t2_p0_s1_r0.1_e1_n4/run_24,0,6,1994,0,0.0,9991.0,8023.0,325,1986,1963.5,1969.0,172.67,10000,10032,7.19,1,4,17,0,0
222,block2,2,0,1,0.3,1,4,24,20,2295,NA,54.8,54.8,2000,/home/benny/Scrivania/OTel-capabilities-for-mixed-criticality-workloads/2-DoE/block2/t2_p0_s1_r0.3_e1_n4/run_24,0,7,1993,0,0.0,9991,8023,7614,1987,1963.6,1969,10.05,10000.0,10031,7.22,0,0,0,0,0
223,block2,2,0,1,0.5,1,4,24,20,2295,NA,54.8,54.8,2000,/home/benny/Scrivania/OTel-capabilities-for-mixed-criticality-workloads/2-DoE/block2/t2_p0_s1_r0.5_e1_n4/run_24,0,6,1994,0,0.0,9991.0,8023.0,1659,2004,1963.9,1969.0,142.81,10000,10041,7.12,0,0,0,0,0
224,block2,2,0,1,0.7,1,4,24,20,2295,NA,54.8,54.8,2000,/home/benny/Scrivania/OTel-capabilities-for-mixed-criticality-workloads/2-DoE/block2/t2_p0_s1_r0.7_e1_n4/run_24,0,7,1993,0,0.0,9991,8030,7276,1986,1962.5,1953,17.29,10000.0,10031,7.14,1,4,17,0,0
225,block2,2,0,2,0.0,1,4,25,20,2295,NA,54.8,54.8,2000,/home/benny/Scrivania/OTel-capabilities-for-mixed-criticality-workloads/2-DoE/block2/t2_p0_s2_r0.0_e1_n4/run_25,0,7,1993,0,0.0,9991,7993,7134,2017,1994.4,1999,19.83,10000.0,10031,7.18,0,0,0,0,0
226,block2,2,0,0,0.0,1,4,25,20,2295,NA,54.8,54.8,2000,/home/benny/Scrivania/OTel-capabilities-for-mixed-criticality-workloads/2-DoE/block2/t2_p0_s0_r0.0_e1_n4/run_25,0,6,1994,0,0.0,9992.0,7993.0,81,2017,1994.3,1999.0,177.46,10000,10031,7.1,1,4,17,0,0
227,block2,2,0,1,0.1,1,4,25,20,2295,NA,54.8,54.8,2000,/home/benny/Scrivania/OTel-capabilities-for-mixed-criticality-workloads/2-DoE/block2/t2_p0_s1_r0.1_e1_n4/run_25,0,6,1994,0,0.0,9991.0,8023.0,1087,1987,1963.5,1969.0,155.59,10000,10033,7.24,0,0,0,0,0
228,block2,2,0,1,0.3,1,4,25,20,2295,NA,54.6,54.8,2000,/home/benny/Scrivania/OTel-capabilities-for-mixed-criticality-workloads/2-DoE/block2/t2_p0_s1_r0.3_e1_n4/run_25,0,6,1994,0,0.0,9992.0,8023.0,1701,1987,1964.0,1969.0,141.85,10000,10030,7.21,0,0,0,0,0
229,block2,2,0,1,0.5,1,4,25,20,2295,NA,54.8,54.8,2000,/home/benny/Scrivania/OTel-capabilities-for-mixed-criticality-workloads/2-DoE/block2/t2_p0_s1_r0.5_e1_n4/run_25,0,6,1994,0,0.0,9991.0,8023.0,1012,1986,1963.3,1969.0,157.31,10000,10031,7.15,1,4,17,0,0
230,block2,2,0,1,0.7,1,4,25,20,2295,NA,54.8,54.8,2000,/home/benny/Scrivania/OTel-capabilities-for-mixed-criticality-workloads/2-DoE/block2/t2_p0_s1_r0.7_e1_n4/run_25,0,6,1994,0,0.0,9991.0,8023.0,408,1990,1963.6,1969.0,170.82,10000,10035,7.41,1,4,17,0,0
231,diag,2,0,2,0.0,1,4,1,20,2295,2295,52.5,54.9,2000,/home/benny/Scrivania/OTel-capabilities-for-mixed-criticality-workloads/2-DoE/diag/t2_p0_s2_r0.0_e1_n4/run_01,0,6,1994,0,0.0,9991.0,8008.0,1951,2016,1987.3,1983.0,135.54,10000,10040,7.24,0,0,0,0,0
232,diag,2,0,1,0.3,1,4,1,20,2295,2290,54.8,55.1,2000,/home/benny/Scrivania/OTel-capabilities-for-mixed-criticality-workloads/2-DoE/diag/t2_p0_s1_r0.3_e1_n4/run_01,0,7,1993,0,0.0,9991,8037,6747,1987,1961.4,1953,29.1,10000.0,10041,7.32,1,4,17,0,0
233,diag,2,0,0,0.0,1,4,1,20,2295,2288,55.0,54.9,2000,/home/benny/Scrivania/OTel-capabilities-for-mixed-criticality-workloads/2-DoE/diag/t2_p0_s0_r0.0_e1_n4/run_01,0,6,1994,0,0.0,9991.0,7993.0,1178,2016,1993.9,1999.0,152.68,10000,10042,7.14,1,4,17,0,0
234,diag,2,0,2,0.0,1,4,2,20,2295,2288,54.8,54.9,2000,/home/benny/Scrivania/OTel-capabilities-for-mixed-criticality-workloads/2-DoE/diag/t2_p0_s2_r0.0_e1_n4/run_02,0,6,1994,0,0.0,9991.0,7993.0,1791,2017,1993.3,1999.0,139.16,10000,10028,7.12,0,0,0,0,0
235,diag,2,0,1,0.3,1,4,2,20,2295,2287,54.8,54.9,2000,/home/benny/Scrivania/OTel-capabilities-for-mixed-criticality-workloads/2-DoE/diag/t2_p0_s1_r0.3_e1_n4/run_02,0,7,1993,0,0.0,9992,8023,6527,1988,1964.0,1969,33.97,10000.0,10031,7.17,0,0,0,0,0
236,diag,2,0,0,0.0,1,4,2,20,2295,2288,54.8,54.9,2000,/home/benny/Scrivania/OTel-capabilities-for-mixed-criticality-workloads/2-DoE/diag/t2_p0_s0_r0.0_e1_n4/run_02,0,7,1993,0,0.0,9991,7993,6442,2017,1993.4,1999,35.22,10000.0,10035,7.14,1,4,17,0,0
237,diag,2,0,2,0.0,1,4,3,20,2295,2287,54.8,54.9,2000,/home/benny/Scrivania/OTel-capabilities-for-mixed-criticality-workloads/2-DoE/diag/t2_p0_s2_r0.0_e1_n4/run_03,0,6,1994,0,0.0,9991.0,7992.0,955,2016,1994.0,1999.0,157.92,10000,10030,7.25,0,0,0,0,0
238,diag,2,0,1,0.3,1,4,3,20,2295,2287,54.8,54.9,2000,/home/benny/Scrivania/OTel-capabilities-for-mixed-criticality-workloads/2-DoE/diag/t2_p0_s1_r0.3_e1_n4/run_03,0,6,1994,0,0.0,9991.0,8023.0,1659,1986,1963.9,1969.0,142.79,10000,10029,7.23,0,0,0,0,0
239,diag,2,0,0,0.0,1,4,3,20,2295,2289,54.8,54.9,2000,/home/benny/Scrivania/OTel-capabilities-for-mixed-criticality-workloads/2-DoE/diag/t2_p0_s0_r0.0_e1_n4/run_03,0,6,1994,0,0.0,9991.0,7993.0,863,2016,1993.0,1999.0,159.95,10000,10029,7.09,1,4,17,0,0
240,diag,2,0,2,0.0,1,4,4,20,2295,2288,54.8,54.9,2000,/home/benny/Scrivania/OTel-capabilities-for-mixed-criticality-workloads/2-DoE/diag/t2_p0_s2_r0.0_e1_n4/run_04,0,7,1993,0,0.0,9991,7993,7948,2017,1993.8,1999,3.29,10000.0,10035,7.13,0,0,0,0,0
241,diag,2,0,1,0.3,1,4,4,20,2295,2288,54.8,54.9,2000,/home/benny/Scrivania/OTel-capabilities-for-mixed-criticality-workloads/2-DoE/diag/t2_p0_s1_r0.3_e1_n4/run_04,0,6,1994,0,0.0,9991.0,8023.0,331,1987,1963.7,1969.0,172.49,10000,10041,7.22,1,4,17,0,0
242,diag,2,0,0,0.0,1,4,4,20,2295,2288,54.8,54.9,2000,/home/benny/Scrivania/OTel-capabilities-for-mixed-criticality-workloads/2-DoE/diag/t2_p0_s0_r0.0_e1_n4/run_04,0,7,1993,0,0.0,9991,7993,7759,2017,1993.3,1999,6.38,10000.0,10029,7.2,1,4,17,0,0
243,diag,2,0,2,0.0,1,4,5,20,2295,2287,54.8,54.9,2000,/home/benny/Scrivania/OTel-capabilities-for-mixed-criticality-workloads/2-DoE/diag/t2_p0_s2_r0.0_e1_n4/run_05,0,6,1994,0,0.0,9991.0,7993.0,1468,2017,1994.2,1999.0,146.43,10000,10032,7.1,0,0,0,0,0
244,diag,2,0,1,0.3,1,4,5,20,2295,2287,54.8,54.9,2000,/home/benny/Scrivania/OTel-capabilities-for-mixed-criticality-workloads/2-DoE/diag/t2_p0_s1_r0.3_e1_n4/run_05,0,7,1993,0,0.0,9991,8022,6650,1986,1964.2,1969,31.23,10000.0,10031,7.15,0,0,0,0,0
245,diag,2,0,0,0.0,1,4,5,20,2295,2287,54.8,54.9,2000,/home/benny/Scrivania/OTel-capabilities-for-mixed-criticality-workloads/2-DoE/diag/t2_p0_s0_r0.0_e1_n4/run_05,0,6,1994,0,0.0,9991.0,7992.0,924,2016,1994.2,1999.0,158.59,10000,10029,7.16,1,4,17,0,0
246,diag,2,0,2,0.0,1,4,6,20,2295,2288,54.8,54.9,2000,/home/benny/Scrivania/OTel-capabilities-for-mixed-criticality-workloads/2-DoE/diag/t2_p0_s2_r0.0_e1_n4/run_06,0,6,1994,0,0.0,9991.0,7993.0,478,2016,1993.8,1999.0,168.57,10000,10031,7.13,0,0,0,0,0
247,diag,2,0,1,0.3,1,4,6,20,2295,2288,54.8,54.9,2000,/home/benny/Scrivania/OTel-capabilities-for-mixed-criticality-workloads/2-DoE/diag/t2_p0_s1_r0.3_e1_n4/run_06,0,7,1993,0,0.0,9991,8023,6395,1986,1963.0,1969,36.93,10000.0,10031,7.09,0,0,0,0,0
248,diag,2,0,0,0.0,1,4,6,20,2295,2288,54.8,54.9,2000,/home/benny/Scrivania/OTel-capabilities-for-mixed-criticality-workloads/2-DoE/diag/t2_p0_s0_r0.0_e1_n4/run_06,0,6,1994,0,0.0,9991.0,7993.0,1678,2018,1993.8,1999.0,192.22,10000,15818,7.14,1,4,17,0,0
249,diag,2,0,2,0.0,1,4,7,20,2295,2287,54.8,54.9,2000,/home/benny/Scrivania/OTel-capabilities-for-mixed-criticality-workloads/2-DoE/diag/t2_p0_s2_r0.0_e1_n4/run_07,0,6,1994,0,0.0,9991.0,7992.0,489,2017,1994.4,1999.0,168.33,10000,10031,7.22,0,0,0,0,0
250,diag,2,0,1,0.3,1,4,7,20,2295,2287,54.8,54.9,2000,/home/benny/Scrivania/OTel-capabilities-for-mixed-criticality-workloads/2-DoE/diag/t2_p0_s1_r0.3_e1_n4/run_07,0,7,1993,0,0.0,9991,8022,6541,1986,1963.8,1969,39.3,10000.0,10906,7.24,0,0,0,0,0
251,diag,2,0,0,0.0,1,4,7,20,2295,2288,54.8,54.9,2000,/home/benny/Scrivania/OTel-capabilities-for-mixed-criticality-workloads/2-DoE/diag/t2_p0_s0_r0.0_e1_n4/run_07,0,7,1993,0,0.0,9991,7992,6150,2016,1993.8,1999,41.72,10000.0,10031,7.22,1,4,17,0,0
252,diag,2,0,2,0.0,1,4,8,20,2295,2287,54.8,54.6,2000,/home/benny/Scrivania/OTel-capabilities-for-mixed-criticality-workloads/2-DoE/diag/t2_p0_s2_r0.0_e1_n4/run_08,0,6,1994,0,0.0,9991.0,7992.0,1413,2017,1994.6,1999.0,147.17,10000,10032,7.12,0,0,0,0,0
253,diag,2,0,1,0.3,1,4,8,20,2295,2287,54.5,54.6,2000,/home/benny/Scrivania/OTel-capabilities-for-mixed-criticality-workloads/2-DoE/diag/t2_p0_s1_r0.3_e1_n4/run_08,0,6,1994,0,0.0,9991.0,8023.0,1246,1990,1964.0,1969.0,152.08,10000,10030,7.19,0,0,0,0,0
254,diag,2,0,0,0.0,1,4,8,20,2295,2288,54.5,54.6,2000,/home/benny/Scrivania/OTel-capabilities-for-mixed-criticality-workloads/2-DoE/diag/t2_p0_s0_r0.0_e1_n4/run_08,0,6,1994,0,0.0,9991.0,7993.0,1489,2017,1993.7,1999.0,145.97,10000,10035,7.24,1,4,17,0,0
255,diag,2,0,2,0.0,1,4,9,20,2295,2288,54.5,54.6,2000,/home/benny/Scrivania/OTel-capabilities-for-mixed-criticality-workloads/2-DoE/diag/t2_p0_s2_r0.0_e1_n4/run_09,0,6,1994,0,0.0,9991.0,7993.0,960,2017,1993.4,1999.0,157.81,10000,10031,7.09,0,0,0,0,0
256,diag,2,0,1,0.3,1,4,9,20,2295,2289,54.5,54.6,2000,/home/benny/Scrivania/OTel-capabilities-for-mixed-criticality-workloads/2-DoE/diag/t2_p0_s1_r0.3_e1_n4/run_09,0,7,1993,0,0.0,9991,8027,6487,2000,1962.2,1953,34.72,10000.0,10032,7.14,1,4,17,0,0
257,diag,2,0,0,0.0,1,4,9,20,2295,2288,54.5,54.6,2000,/home/benny/Scrivania/OTel-capabilities-for-mixed-criticality-workloads/2-DoE/diag/t2_p0_s0_r0.0_e1_n4/run_09,0,6,1994,0,0.0,9991.0,7993.0,120,2017,1993.2,1999.0,176.59,10000,10047,7.2,1,4,17,0,0
258,diag,2,0,2,0.0,1,4,10,20,2295,2287,54.5,54.6,2000,/home/benny/Scrivania/OTel-capabilities-for-mixed-criticality-workloads/2-DoE/diag/t2_p0_s2_r0.0_e1_n4/run_10,0,6,1994,0,0.0,9991.0,7993.0,836,2017,1993.9,1999.0,160.54,10000,10035,7.07,0,0,0,0,0
259,diag,2,0,1,0.3,1,4,10,20,2295,2287,54.5,54.6,2000,/home/benny/Scrivania/OTel-capabilities-for-mixed-criticality-workloads/2-DoE/diag/t2_p0_s1_r0.3_e1_n4/run_10,0,7,1993,0,0.0,9991,8023,6352,1986,1963.6,1969,37.9,10000.0,10032,7.2,1,4,17,0,0
260,diag,2,0,0,0.0,1,4,10,20,2295,2287,54.5,54.6,2000,/home/benny/Scrivania/OTel-capabilities-for-mixed-criticality-workloads/2-DoE/diag/t2_p0_s0_r0.0_e1_n4/run_10,0,7,1993,0,0.0,9991,7993,6294,2016,1994.5,1999,38.57,10000.0,10068,7.41,1,4,17,0,0
261,diag,2,0,2,0.0,1,4,11,20,2295,2288,54.5,54.6,2000,/home/benny/Scrivania/OTel-capabilities-for-mixed-criticality-workloads/2-DoE/diag/t2_p0_s2_r0.0_e1_n4/run_11,0,7,1993,0,0.0,9991,7993,6213,2029,1993.4,1999,40.32,10000.0,10030,7.14,0,0,0,0,0
262,diag,2,0,1,0.3,1,4,11,20,2295,2288,54.5,54.6,2000,/home/benny/Scrivania/OTel-capabilities-for-mixed-criticality-workloads/2-DoE/diag/t2_p0_s1_r0.3_e1_n4/run_11,0,6,1994,0,0.0,9991.0,8023.0,1126,1988,1962.9,1969.0,154.77,10000,10035,7.41,1,4,17,0,0
263,diag,2,0,0,0.0,1,4,11,20,2295,2289,54.5,54.6,2000,/home/benny/Scrivania/OTel-capabilities-for-mixed-criticality-workloads/2-DoE/diag/t2_p0_s0_r0.0_e1_n4/run_11,0,6,1994,0,0.0,9991.0,7994.0,1939,2017,1992.7,1986.5,154.24,10000,13265,7.11,1,4,17,0,0
264,diag,2,0,2,0.0,1,4,12,20,2295,2287,54.5,54.6,2000,/home/benny/Scrivania/OTel-capabilities-for-mixed-criticality-workloads/2-DoE/diag/t2_p0_s2_r0.0_e1_n4/run_12,0,7,1993,0,0.0,9991,7993,5791,2016,1994.1,1999,49.74,10000.0,10037,7.07,0,0,0,0,0
265,diag,2,0,1,0.3,1,4,12,20,2295,2287,54.5,54.6,2000,/home/benny/Scrivania/OTel-capabilities-for-mixed-criticality-workloads/2-DoE/diag/t2_p0_s1_r0.3_e1_n4/run_12,0,7,1993,0,0.0,9991,8022,6618,1998,1964.0,1969,31.94,10000.0,10035,7.25,0,0,0,0,0
266,diag,2,0,0,0.0,1,4,12,20,2295,2287,54.5,54.6,2000,/home/benny/Scrivania/OTel-capabilities-for-mixed-criticality-workloads/2-DoE/diag/t2_p0_s0_r0.0_e1_n4/run_12,0,6,1994,0,0.0,9991.0,7992.0,1382,2018,1994.4,1999.0,148.34,10000,10036,7.18,1,4,17,0,0
267,diag,2,0,2,0.0,1,4,13,20,2295,2288,54.5,54.6,2000,/home/benny/Scrivania/OTel-capabilities-for-mixed-criticality-workloads/2-DoE/diag/t2_p0_s2_r0.0_e1_n4/run_13,0,6,1994,0,0.0,9991.0,7993.0,490,2017,1993.7,1999.0,168.3,10000,10032,7.11,0,0,0,0,0
268,diag,2,0,1,0.3,1,4,13,20,2295,2288,54.5,54.6,2000,/home/benny/Scrivania/OTel-capabilities-for-mixed-criticality-workloads/2-DoE/diag/t2_p0_s1_r0.3_e1_n4/run_13,0,7,1993,0,0.0,9991,8023,6403,1986,1963.5,1969,36.73,10000.0,10037,7.29,0,0,0,0,0
269,diag,2,0,0,0.0,1,4,13,20,2295,2288,54.5,54.6,2000,/home/benny/Scrivania/OTel-capabilities-for-mixed-criticality-workloads/2-DoE/diag/t2_p0_s0_r0.0_e1_n4/run_13,0,6,1994,0,0.0,9991.0,7993.0,1014,2017,1993.2,1999.0,156.58,10000,10035,7.2,1,4,17,0,0
270,diag,2,0,2,0.0,1,4,14,20,2295,2288,54.5,54.6,2000,/home/benny/Scrivania/OTel-capabilities-for-mixed-criticality-workloads/2-DoE/diag/t2_p0_s2_r0.0_e1_n4/run_14,0,6,1994,0,0.0,9991.0,7993.0,635,2017,1993.6,1999.0,184.68,10000,13701,7.16,0,0,0,0,0
271,diag,2,0,1,0.3,1,4,14,20,2295,2286,54.5,54.6,2000,/home/benny/Scrivania/OTel-capabilities-for-mixed-criticality-workloads/2-DoE/diag/t2_p0_s1_r0.3_e1_n4/run_14,0,6,1994,0,0.0,9991.0,8022.0,1302,1997,1964.5,1969.0,150.85,10000,10036,7.27,0,0,0,0,0
272,diag,2,0,0,0.0,1,4,14,20,2295,2287,54.5,54.6,2000,/home/benny/Scrivania/OTel-capabilities-for-mixed-criticality-workloads/2-DoE/diag/t2_p0_s0_r0.0_e1_n4/run_14,0,6,1994,0,0.0,9991.0,7992.0,473,2016,1994.2,1999.0,168.66,10000,10030,7.22,1,4,17,0,0
273,diag,2,0,2,0.0,1,4,15,20,2295,2288,54.5,54.6,2000,/home/benny/Scrivania/OTel-capabilities-for-mixed-criticality-workloads/2-DoE/diag/t2_p0_s2_r0.0_e1_n4/run_15,0,6,1994,0,0.0,9991.0,7993.0,1380,2017,1993.3,1999.0,148.32,10000,10031,7.09,0,0,0,0,0
274,diag,2,0,1,0.3,1,4,15,20,2295,2287,54.5,54.6,2000,/home/benny/Scrivania/OTel-capabilities-for-mixed-criticality-workloads/2-DoE/diag/t2_p0_s1_r0.3_e1_n4/run_15,0,7,1993,0,0.0,9991,8022,6354,1986,1964.3,1969,37.84,10000.0,10035,7.21,1,4,17,0,0
275,diag,2,0,0,0.0,1,4,15,20,2295,2288,54.5,54.6,2000,/home/benny/Scrivania/OTel-capabilities-for-mixed-criticality-workloads/2-DoE/diag/t2_p0_s0_r0.0_e1_n4/run_15,0,7,1993,0,0.0,9991,7993,2084,2016,1993.6,1999,139.4,10000.0,15925,7.11,1,4,17,0,0
276,diag,2,0,2,0.0,1,4,16,20,2295,2287,54.5,54.5,2000,/home/benny/Scrivania/OTel-capabilities-for-mixed-criticality-workloads/2-DoE/diag/t2_p0_s2_r0.0_e1_n4/run_16,0,7,1993,0,0.0,9991,7993,6373,2017,1993.9,1999,36.72,10000.0,10030,7.15,0,0,0,0,0
277,diag,2,0,1,0.3,1,4,16,20,2295,2287,54.4,54.6,2000,/home/benny/Scrivania/OTel-capabilities-for-mixed-criticality-workloads/2-DoE/diag/t2_p0_s1_r0.3_e1_n4/run_16,0,6,1994,0,0.0,9991.0,8023.0,1363,1989,1964.1,1969.0,149.43,10000,10029,7.05,1,4,17,0,0
278,diag,2,0,0,0.0,1,4,16,20,2295,2287,54.5,54.6,2000,/home/benny/Scrivania/OTel-capabilities-for-mixed-criticality-workloads/2-DoE/diag/t2_p0_s0_r0.0_e1_n4/run_16,0,7,1993,0,0.0,9991,7993,6472,2017,1993.9,1999,34.58,10000.0,10030,7.39,1,4,17,0,0
279,diag,2,0,2,0.0,1,4,17,20,2295,2287,54.5,54.6,2000,/home/benny/Scrivania/OTel-capabilities-for-mixed-criticality-workloads/2-DoE/diag/t2_p0_s2_r0.0_e1_n4/run_17,0,6,1994,0,0.0,9991.0,7992.0,1025,2017,1994.6,1999.0,156.3,10000,10028,7.13,0,0,0,0,0
280,diag,2,0,1,0.3,1,4,17,20,2295,2287,54.5,54.6,2000,/home/benny/Scrivania/OTel-capabilities-for-mixed-criticality-workloads/2-DoE/diag/t2_p0_s1_r0.3_e1_n4/run_17,0,6,1994,0,0.0,9991.0,8023.0,2088,1993,1964.0,1969.0,133.19,10000,10040,7.2,0,0,0,0,0
281,diag,2,0,0,0.0,1,4,17,20,2295,2293,54.5,55.0,2000,/home/benny/Scrivania/OTel-capabilities-for-mixed-criticality-workloads/2-DoE/diag/t2_p0_s0_r0.0_e1_n4/run_17,0,6,1994,0,0.0,9991.0,8008.0,1235,2017,1989.2,1983.0,194.16,10000,15419,7.19,1,4,17,0,0
282,diag,2,0,2,0.0,1,4,18,20,2295,2298,54.9,56.1,2000,/home/benny/Scrivania/OTel-capabilities-for-mixed-criticality-workloads/2-DoE/diag/t2_p0_s2_r0.0_e1_n4/run_18,0,6,1994,0,0.0,9991.0,8008.0,1291,2016,1984.3,1983.0,150.31,10000,10033,7.23,0,0,0,0,0
283,diag,2,0,1,0.3,1,4,18,20,2295,2298,56.1,56.9,2000,/home/benny/Scrivania/OTel-capabilities-for-mixed-criticality-workloads/2-DoE/diag/t2_p0_s1_r0.3_e1_n4/run_18,0,7,1993,0,0.0,9992,8039,6744,1984,1954.3,1953,29.24,10000.0,10032,7.51,0,0,0,0,0
284,diag,2,0,0,0.0,1,4,18,20,2295,2294,56.8,56.1,2000,/home/benny/Scrivania/OTel-capabilities-for-mixed-criticality-workloads/2-DoE/diag/t2_p0_s0_r0.0_e1_n4/run_18,0,6,1994,0,0.0,9991.0,8008.0,261,2016,1987.8,1983.0,173.43,10000,10043,7.22,1,4,17,0,0
285,diag,2,0,2,0.0,1,4,19,20,2295,2288,56.0,55.6,2000,/home/benny/Scrivania/OTel-capabilities-for-mixed-criticality-workloads/2-DoE/diag/t2_p0_s2_r0.0_e1_n4/run_19,0,7,1993,0,0.0,9991,7993,6092,2017,1993.0,1998,43.04,10000.0,10036,7.25,0,0,0,0,0
286,diag,2,0,1,0.3,1,4,19,20,2295,2288,55.5,55.2,2000,/home/benny/Scrivania/OTel-capabilities-for-mixed-criticality-workloads/2-DoE/diag/t2_p0_s1_r0.3_e1_n4/run_19,0,6,1994,0,0.0,9991.0,8023.0,1718,1986,1963.0,1969.0,141.54,10000,10036,7.32,0,0,0,0,0
287,diag,2,0,0,0.0,1,4,19,20,2295,2287,55.1,55.1,2000,/home/benny/Scrivania/OTel-capabilities-for-mixed-criticality-workloads/2-DoE/diag/t2_p0_s0_r0.0_e1_n4/run_19,0,7,1993,0,0.0,9991,7993,6167,2017,1994.0,1999,41.35,10000.0,10034,7.19,1,4,17,0,0
288,diag,2,0,2,0.0,1,4,20,20,2295,2288,55.0,54.9,2000,/home/benny/Scrivania/OTel-capabilities-for-mixed-criticality-workloads/2-DoE/diag/t2_p0_s2_r0.0_e1_n4/run_20,0,6,1994,0,0.0,9991.0,7993.0,1322,2017,1993.2,1999.0,148.92,10000,10027,7.19,0,0,0,0,0
289,diag,2,0,1,0.3,1,4,20,20,2295,2287,54.8,54.9,2000,/home/benny/Scrivania/OTel-capabilities-for-mixed-criticality-workloads/2-DoE/diag/t2_p0_s1_r0.3_e1_n4/run_20,0,7,1993,0,0.0,9991,8023,6685,1986,1963.8,1969,30.44,10000.0,10034,7.19,0,0,0,0,0
290,diag,2,0,0,0.0,1,4,20,20,2295,2288,54.8,54.9,2000,/home/benny/Scrivania/OTel-capabilities-for-mixed-criticality-workloads/2-DoE/diag/t2_p0_s0_r0.0_e1_n4/run_20,0,7,1993,0,0.0,9991,7993,6530,2030,1993.7,1999,33.26,10000.0,10031,7.24,1,4,17,0,0
291,diag,2,0,2,0.0,1,4,21,20,2295,2287,54.8,54.6,2000,/home/benny/Scrivania/OTel-capabilities-for-mixed-criticality-workloads/2-DoE/diag/t2_p0_s2_r0.0_e1_n4/run_21,0,7,1993,0,0.0,9991,7993,6460,2017,1994.2,1999,34.79,10000.0,10037,7.1,0,0,0,0,0
292,diag,2,0,1,0.3,1,4,21,20,2295,2287,54.5,54.8,2000,/home/benny/Scrivania/OTel-capabilities-for-mixed-criticality-workloads/2-DoE/diag/t2_p0_s1_r0.3_e1_n4/run_21,0,7,1993,0,0.0,9991,8023,5934,1987,1963.7,1969,47.05,10000.0,10034,7.16,0,0,0,0,0
293,diag,2,0,0,0.0,1,4,21,20,2295,2287,54.6,54.6,2000,/home/benny/Scrivania/OTel-capabilities-for-mixed-criticality-workloads/2-DoE/diag/t2_p0_s0_r0.0_e1_n4/run_21,0,6,1994,0,0.0,9991.0,7992.0,2497,2016,1994.0,1999.0,123.36,10000,10028,7.21,1,4,17,0,0
294,diag,2,0,2,0.0,1,4,22,20,2295,2289,54.5,54.6,2000,/home/benny/Scrivania/OTel-capabilities-for-mixed-criticality-workloads/2-DoE/diag/t2_p0_s2_r0.0_e1_n4/run_22,0,7,1993,0,0.0,9991,7993,6209,2029,1992.9,1999,40.4,10000.0,10031,7.15,0,0,0,0,0
295,diag,2,0,1,0.3,1,4,22,20,2295,2287,54.5,54.6,2000,/home/benny/Scrivania/OTel-capabilities-for-mixed-criticality-workloads/2-DoE/diag/t2_p0_s1_r0.3_e1_n4/run_22,0,6,1994,0,0.0,9991.0,8023.0,581,1987,1964.0,1969.0,166.93,10000,10030,7.48,0,0,0,0,0
296,diag,2,0,0,0.0,1,4,22,20,2295,2287,54.5,54.6,2000,/home/benny/Scrivania/OTel-capabilities-for-mixed-criticality-workloads/2-DoE/diag/t2_p0_s0_r0.0_e1_n4/run_22,0,6,1994,0,0.0,9991.0,7992.0,1279,2016,1994.2,1999.0,150.69,10000,10031,7.17,1,4,17,0,0
297,diag,2,0,2,0.0,1,4,23,20,2295,2288,54.5,54.6,2000,/home/benny/Scrivania/OTel-capabilities-for-mixed-criticality-workloads/2-DoE/diag/t2_p0_s2_r0.0_e1_n4/run_23,0,7,1993,0,0.0,9991,7992,6256,2017,1993.8,1999,39.32,10000.0,10034,7.22,0,0,0,0,0
298,diag,2,0,1,0.3,1,4,23,20,2295,2287,54.5,54.9,2000,/home/benny/Scrivania/OTel-capabilities-for-mixed-criticality-workloads/2-DoE/diag/t2_p0_s1_r0.3_e1_n4/run_23,0,7,1993,0,0.0,9991,8022,6534,1986,1964.0,1969,33.8,10000.0,10029,7.27,0,0,0,0,0
299,diag,2,0,0,0.0,1,4,23,20,2295,2286,54.8,54.6,2000,/home/benny/Scrivania/OTel-capabilities-for-mixed-criticality-workloads/2-DoE/diag/t2_p0_s0_r0.0_e1_n4/run_23,0,7,1993,0,0.0,9991,7992,6812,2021,1994.8,1999,26.95,10000.0,10030,7.19,1,4,17,0,0
300,diag,2,0,2,0.0,1,4,24,20,2295,2288,54.5,54.6,2000,/home/benny/Scrivania/OTel-capabilities-for-mixed-criticality-workloads/2-DoE/diag/t2_p0_s2_r0.0_e1_n4/run_24,0,6,1994,0,0.0,9991.0,7993.0,803,2019,1993.7,1999.0,161.3,10000,10030,6.97,0,0,0,0,0
301,diag,2,0,1,0.3,1,4,24,20,2295,2286,54.5,54.8,2000,/home/benny/Scrivania/OTel-capabilities-for-mixed-criticality-workloads/2-DoE/diag/t2_p0_s1_r0.3_e1_n4/run_24,0,6,1994,0,0.0,9992.0,8023.0,1566,1986,1964.6,1969.0,144.91,10000,10031,6.99,1,4,17,0,0
302,diag,2,0,0,0.0,1,4,24,20,2295,2287,54.6,54.8,2000,/home/benny/Scrivania/OTel-capabilities-for-mixed-criticality-workloads/2-DoE/diag/t2_p0_s0_r0.0_e1_n4/run_24,0,7,1993,0,0.0,9992,7993,6537,2017,1994.3,1999,33.1,10000.0,10031,6.99,1,4,17,0,0
303,diag,2,0,2,0.0,1,4,25,20,2295,2288,54.6,54.6,2000,/home/benny/Scrivania/OTel-capabilities-for-mixed-criticality-workloads/2-DoE/diag/t2_p0_s2_r0.0_e1_n4/run_25,0,6,1994,0,0.0,9991.0,7993.0,62,2017,1993.3,1999.0,177.84,10000,10033,7.18,0,0,0,0,0
304,diag,2,0,1,0.3,1,4,25,20,2295,2287,54.5,54.6,2000,/home/benny/Scrivania/OTel-capabilities-for-mixed-criticality-workloads/2-DoE/diag/t2_p0_s1_r0.3_e1_n4/run_25,0,6,1994,0,0.0,9991.0,8023.0,1414,1993,1964.2,1969.0,148.34,10000,10030,7.2,0,0,0,0,0
305,diag,2,0,0,0.0,1,4,25,20,2295,2288,54.5,54.6,2000,/home/benny/Scrivania/OTel-capabilities-for-mixed-criticality-workloads/2-DoE/diag/t2_p0_s0_r0.0_e1_n4/run_25,0,7,1993,0,0.0,9991,7993,6492,2016,1993.5,1999,34.09,10000.0,10032,7.19,1,4,17,0,0
306,block3,0,0,0,0.0,0,0,1,20,2295,2291,52.1,52.0,2001,/home/benny/Scrivania/OTel-capabilities-for-mixed-criticality-workloads/2-DoE/block3/t0_p0_s0_r0.0_e0_n0/run_01,0,1,2000,0,0.0,9991.0,8006.0,6090,2018,1990.9,1984.0,43.03,10000,10050,7.41,0,0,0,0,0
307,block3,3,0,0,0.0,0,0,1,20,2295,2290,52.0,51.8,2000,/home/benny/Scrivania/OTel-capabilities-for-mixed-criticality-workloads/2-DoE/block3/t3_p0_s0_r0.0_e0_n0/run_01,0,2,1998,0,0.0,9977.0,7983.0,226,2018,1991.6,1984.0,173.76,10000,10066,7.49,0,0,0,8,0
308,block3,3,1,0,0.0,0,0,1,20,2295,2288,51.8,51.8,2000,/home/benny/Scrivania/OTel-capabilities-for-mixed-criticality-workloads/2-DoE/block3/t3_p1_s0_r0.0_e0_n0/run_01,0,2,1998,0,0.0,9685.0,7630.5,7171,2079,2052.1,2045.0,22.44,10000,10189,8.7,0,0,0,2006,0
309,block3,0,0,0,0.0,0,1,1,20,2295,2286,51.8,52.2,2000,/home/benny/Scrivania/OTel-capabilities-for-mixed-criticality-workloads/2-DoE/block3/t0_p0_s0_r0.0_e0_n1/run_01,0,2,1998,0,0.0,9991.0,7992.0,6097,2018,1995.0,1999.0,42.82,10000,10035,7.31,0,0,0,0,0
310,block3,3,0,0,0.0,0,1,1,20,2295,2299,52.2,52.6,2000,/home/benny/Scrivania/OTel-capabilities-for-mixed-criticality-workloads/2-DoE/block3/t3_p0_s0_r0.0_e0_n1/run_01,0,4,1996,0,0.0,9978.0,7995.0,7945,2000,1983.2,1983.0,5.8,10000,10049,7.06,0,0,0,112,0
311,block3,3,1,0,0.0,0,1,1,20,2295,2298,52.6,52.9,2000,/home/benny/Scrivania/OTel-capabilities-for-mixed-criticality-workloads/2-DoE/block3/t3_p1_s0_r0.0_e0_n1/run_01,0,3,1997,0,0.0,9691,7647,4597,2061,2044.2,2044,217.31,10000.0,13046,8.46,0,0,0,16049,0
312,block3,0,0,0,0.0,0,4,1,20,2295,2287,52.9,54.9,2000,/home/benny/Scrivania/OTel-capabilities-for-mixed-criticality-workloads/2-DoE/block3/t0_p0_s0_r0.0_e0_n4/run_01,0,5,1995,0,0.0,9991,7992,3699,2017,1994.1,1999,96.65,10000.0,10042,8.99,0,0,0,0,0
313,block3,3,0,0,0.0,0,4,1,20,2295,2300,54.8,55.4,2000,/home/benny/Scrivania/OTel-capabilities-for-mixed-criticality-workloads/2-DoE/block3/t3_p0_s0_r0.0_e0_n4/run_01,0,6,1994,0,0.0,9979.0,7996.0,547,1996,1983.0,1983.0,166.8,10000,10049,7.15,0,0,0,195,0
314,block3,3,1,0,0.0,0,4,1,20,2295,2299,55.2,54.2,1980,/home/benny/Scrivania/OTel-capabilities-for-mixed-criticality-workloads/2-DoE/block3/t3_p1_s0_r0.0_e0_n4/run_01,134,6,1974,0,0.0,9666.0,7622.5,579,2063,2043.6,2044.0,1125.09,10000,17068,8.47,0,0,0,25548,1
315,block3,0,0,0,0.0,0,8,1,20,2295,2289,54.2,55.1,2000,/home/benny/Scrivania/OTel-capabilities-for-mixed-criticality-workloads/2-DoE/block3/t0_p0_s0_r0.0_e0_n8/run_01,0,10,1990,0,0.0,9991.0,7993.0,6728,2017,1992.8,1986.0,28.88,10000,10035,7.3,0,0,0,0,0
316,block3,3,0,0,0.0,0,8,1,20,2295,2300,55.0,55.1,2000,/home/benny/Scrivania/OTel-capabilities-for-mixed-criticality-workloads/2-DoE/block3/t3_p0_s0_r0.0_e0_n8/run_01,0,11,1989,0,0.0,9979,7996,855,1984,1983.0,1983,160.11,10000.0,10052,7.23,0,0,0,208,0
317,block3,3,1,0,0.0,0,8,1,20,2295,2299,55.0,54.4,1980,/home/benny/Scrivania/OTel-capabilities-for-mixed-criticality-workloads/2-DoE/block3/t3_p1_s0_r0.0_e0_n8/run_01,134,12,1968,1,0.0005081300813008131,9685.0,7641.0,-463,2051,2043.6,2044.0,1031.46,10000,18110,8.39,0,0,0,25566,1
318,block3,0,0,0,0.0,0,0,2,20,2295,2290,54.2,52.2,2001,/home/benny/Scrivania/OTel-capabilities-for-mixed-criticality-workloads/2-DoE/block3/t0_p0_s0_r0.0_e0_n0/run_02,0,1,2000,0,0.0,9991.0,8006.0,6271,2017,1991.7,1984.0,38.73,10000,10063,7.37,0,0,0,0,0
319,block3,3,0,0,0.0,0,0,2,20,2295,2287,52.2,51.9,2000,/home/benny/Scrivania/OTel-capabilities-for-mixed-criticality-workloads/2-DoE/block3/t3_p0_s0_r0.0_e0_n0/run_02,0,2,1998,0,0.0,9977.0,7978.0,580,2022,1994.8,2000.0,165.84,10000,10059,7.48,0,0,0,8,0
320,block3,3,1,0,0.0,0,0,2,20,2295,2285,51.9,52.0,2000,/home/benny/Scrivania/OTel-capabilities-for-mixed-criticality-workloads/2-DoE/block3/t3_p1_s0_r0.0_e0_n0/run_02,0,2,1998,0,0.0,9688.0,7628.0,7278,2079,2054.9,2060.0,18.11,10000,10147,8.42,0,0,0,2006,0
321,block3,0,0,0,0.0,0,1,2,20,2295,2286,52.0,52.5,2000,/home/benny/Scrivania/OTel-capabilities-for-mixed-criticality-workloads/2-DoE/block3/t0_p0_s0_r0.0_e0_n1/run_02,0,2,1998,0,0.0,9991.0,7992.0,6373,2023,1995.4,1999.0,36.54,10000,10029,7.07,0,0,0,0,0
322,block3,3,0,0,0.0,0,1,2,20,2295,2299,52.5,52.8,2000,/home/benny/Scrivania/OTel-capabilities-for-mixed-criticality-workloads/2-DoE/block3/t3_p0_s0_r0.0_e0_n1/run_02,0,3,1997,0,0.0,9978,7995,409,2007,1983.2,1983,169.7,10000.0,10040,7.09,0,0,0,95,0
323,block3,3,1,0,0.0,0,1,2,20,2295,2299,52.8,53.0,2000,/home/benny/Scrivania/OTel-capabilities-for-mixed-criticality-workloads/2-DoE/block3/t3_p1_s0_r0.0_e0_n1/run_02,134,3,1997,0,0.0,9692,7648,5266,2068,2044.1,2044,221.36,10000.0,12024,8.29,0,0,0,16053,1
324,block3,0,0,0,0.0,0,4,2,20,2295,2288,53.0,55.1,2000,/home/benny/Scrivania/OTel-capabilities-for-mixed-criticality-workloads/2-DoE/block3/t0_p0_s0_r0.0_e0_n4/run_02,0,5,1995,0,0.0,9991,7993,4581,2017,1993.7,1999,76.77,10000.0,10035,7.08,0,0,0,0,0
325,block3,3,0,0,0.0,0,4,2,20,2295,2300,55.0,55.4,2000,/home/benny/Scrivania/OTel-capabilities-for-mixed-criticality-workloads/2-DoE/block3/t3_p0_s0_r0.0_e0_n4/run_02,0,6,1994,0,0.0,9979.0,7996.0,868,1984,1983.0,1983.0,198.61,10000,15284,7.14,0,0,0,199,0
326,block3,3,1,0,0.0,0,4,2,20,2295,2299,55.2,54.2,1980,/home/benny/Scrivania/OTel-capabilities-for-mixed-criticality-workloads/2-DoE/block3/t3_p1_s0_r0.0_e0_n4/run_02,134,7,1973,1,0.0005068423720223011,8689,6645,-434,2051,2043.6,2044,1113.37,10000.0,18070,8.48,0,0,0,25571,1
327,block3,0,0,0,0.0,0,8,2,20,2295,2289,54.2,55.4,2000,/home/benny/Scrivania/OTel-capabilities-for-mixed-criticality-workloads/2-DoE/block3/t0_p0_s0_r0.0_e0_n8/run_02,0,9,1991,0,0.0,9991,8004,109,2022,1992.2,1983,184.77,10000.0,12368,7.14,0,0,0,0,0
328,block3,3,0,0,0.0,0,8,2,20,2295,2300,55.2,55.6,2000,/home/benny/Scrivania/OTel-capabilities-for-mixed-criticality-workloads/2-DoE/block3/t3_p0_s0_r0.0_e0_n8/run_02,0,10,1990,0,0.0,9978.0,7995.0,1205,2000,1983.0,1983.0,151.77,10000,10057,7.76,0,0,0,276,0
329,block3,3,1,0,0.0,0,8,2,20,2295,2299,55.5,54.6,1980,/home/benny/Scrivania/OTel-capabilities-for-mixed-criticality-workloads/2-DoE/block3/t3_p1_s0_r0.0_e0_n8/run_02,134,13,1967,0,0.0,9686,7643,1592,2045,2043.7,2044,701.03,10000.0,16041,8.59,0,0,0,25371,1
330,block3,0,0,0,0.0,0,0,3,20,2295,2289,54.6,52.2,2001,/home/benny/Scrivania/OTel-capabilities-for-mixed-criticality-workloads/2-DoE/block3/t0_p0_s0_r0.0_e0_n0/run_03,0,1,2000,0,0.0,9991.0,7996.0,6045,2018,1992.4,1989.0,43.98,10000,10047,7.22,0,0,0,0,0
331,block3,3,0,0,0.0,0,0,3,20,2295,2289,52.2,51.8,2000,/home/benny/Scrivania/OTel-capabilities-for-mixed-criticality-workloads/2-DoE/block3/t3_p0_s0_r0.0_e0_n0/run_03,0,3,1997,0,0.0,9976,7980,7901,2018,1992.4,1997,7.13,10000.0,10074,7.52,0,0,0,7,0
332,block3,3,1,0,0.0,0,0,3,20,2295,2286,51.8,51.8,2001,/home/benny/Scrivania/OTel-capabilities-for-mixed-criticality-workloads/2-DoE/block3/t3_p1_s0_r0.0_e0_n0/run_03,0,2,1999,0,0.0,9686,7627,7038,2080,2054.3,2045,21.92,10000.0,10205,8.69,0,0,0,2007,0
333,block3,0,0,0,0.0,0,1,3,20,2295,2286,51.8,52.2,2000,/home/benny/Scrivania/OTel-capabilities-for-mixed-criticality-workloads/2-DoE/block3/t0_p0_s0_r0.0_e0_n1/run_03,0,2,1998,0,0.0,9992.0,7992.0,6779,2022,1995.3,1999.0,27.6,10000,10040,6.79,0,0,0,0,0
334,block3,3,0,0,0.0,0,1,3,20,2295,2299,52.2,52.8,2000,/home/benny/Scrivania/OTel-capabilities-for-mixed-criticality-workloads/2-DoE/block3/t3_p0_s0_r0.0_e0_n1/run_03,0,3,1997,0,0.0,9978,7995,480,2000,1983.2,1983,168.07,10000.0,10045,6.98,0,0,0,107,0
335,block3,3,1,0,0.0,0,1,3,20,2295,2299,52.8,53.1,1980,/home/benny/Scrivania/OTel-capabilities-for-mixed-criticality-workloads/2-DoE/block3/t3_p1_s0_r0.0_e0_n1/run_03,134,3,1977,0,0.0,9692,7648,811,2078,2044.1,2044,300.79,10001.0,16802,8.43,0,0,0,16112,1
336,block3,0,0,0,0.0,0,4,3,20,2295,2288,53.1,55.1,2000,/home/benny/Scrivania/OTel-capabilities-for-mixed-criticality-workloads/2-DoE/block3/t0_p0_s0_r0.0_e0_n4/run_03,0,5,1995,0,0.0,9991,7993,4141,2031,1993.0,1996,86.61,10000.0,10032,7.18,0,0,0,0,0
337,block3,3,0,0,0.0,0,4,3,20,2295,2300,55.0,55.9,2000,/home/benny/Scrivania/OTel-capabilities-for-mixed-criticality-workloads/2-DoE/block3/t3_p0_s0_r0.0_e0_n4/run_03,0,6,1994,0,0.0,9978.0,7995.0,430,2002,1983.1,1983.0,169.46,10000,10077,7.94,0,0,0,277,0
338,block3,3,1,0,0.0,0,4,3,20,2295,2299,55.8,54.6,1980,/home/benny/Scrivania/OTel-capabilities-for-mixed-criticality-workloads/2-DoE/block3/t3_p1_s0_r0.0_e0_n4/run_03,134,6,1974,1,0.0005065856129685917,9665.0,7621.0,-434,2057,2043.6,2044.0,1122.31,10000,18083,8.31,0,0,0,25662,1
339,block3,0,0,0,0.0,0,8,3,20,2295,2289,54.6,55.4,2000,/home/benny/Scrivania/OTel-capabilities-for-mixed-criticality-workloads/2-DoE/block3/t0_p0_s0_r0.0_e0_n8/run_03,0,9,1991,0,0.0,9991,8002,5390,2017,1992.5,1983,58.67,10000.0,10030,7.17,0,0,0,0,0
340,block3,3,0,0,0.0,0,8,3,20,2295,2300,55.2,55.4,2000,/home/benny/Scrivania/OTel-capabilities-for-mixed-criticality-workloads/2-DoE/block3/t3_p0_s0_r0.0_e0_n8/run_03,0,11,1989,0,0.0,9979,7996,3539,1984,1983.0,1983,99.98,10000.0,10056,7.11,0,0,0,205,0
341,block3,3,1,0,0.0,0,8,3,20,2295,2299,55.2,54.6,1980,/home/benny/Scrivania/OTel-capabilities-for-mixed-criticality-workloads/2-DoE/block3/t3_p1_s0_r0.0_e0_n8/run_03,134,12,1968,4,0.0020325203252032522,9685.0,7641.0,-1442,2064,2043.7,2044.0,1144.55,10000,19091,8.3,0,0,0,25523,1
342,block3,0,0,0,0.0,0,0,4,20,2295,2290,54.5,52.2,2000,/home/benny/Scrivania/OTel-capabilities-for-mixed-criticality-workloads/2-DoE/block3/t0_p0_s0_r0.0_e0_n0/run_04,0,1,1999,0,0.0,9991,8006,6312,2021,1991.6,1983,38.06,10000.0,10059,7.22,0,0,0,0,0
343,block3,3,0,0,0.0,0,0,4,20,2295,2288,52.2,52.0,2000,/home/benny/Scrivania/OTel-capabilities-for-mixed-criticality-workloads/2-DoE/block3/t3_p0_s0_r0.0_e0_n0/run_04,0,2,1998,0,0.0,9977.0,7979.0,511,2017,1993.5,1999.0,167.36,10000,10064,7.21,0,0,0,8,0
344,block3,3,1,0,0.0,0,0,4,20,2295,2287,52.0,52.0,2000,/home/benny/Scrivania/OTel-capabilities-for-mixed-criticality-workloads/2-DoE/block3/t3_p1_s0_r0.0_e0_n0/run_04,0,2,1998,0,0.0,9683.0,7625.0,6988,2081,2053.3,2045.0,23.39,10000,10177,8.48,0,0,0,2006,0
345,block3,0,0,0,0.0,0,1,4,20,2295,2286,52.0,52.2,2000,/home/benny/Scrivania/OTel-capabilities-for-mixed-criticality-workloads/2-DoE/block3/t0_p0_s0_r0.0_e0_n1/run_04,0,2,1998,0,0.0,9992.0,7993.0,5595,2017,1995.3,1999.0,54.01,10000,10034,6.8,0,0,0,0,0
346,block3,3,0,0,0.0,0,1,4,20,2295,2300,52.2,52.6,2000,/home/benny/Scrivania/OTel-capabilities-for-mixed-criticality-workloads/2-DoE/block3/t3_p0_s0_r0.0_e0_n1/run_04,0,3,1997,0,0.0,9978,7995,334,2016,1983.2,1983,171.42,10000.0,10044,7.18,0,0,0,113,0
347,block3,3,1,0,0.0,0,1,4,20,2295,2298,52.6,53.0,1980,/home/benny/Scrivania/OTel-capabilities-for-mixed-criticality-workloads/2-DoE/block3/t3_p1_s0_r0.0_e0_n1/run_04,134,3,1977,0,0.0,9692,7648,2601,2053,2044.2,2044,280.81,10001.0,15045,8.54,0,0,0,16063,1
348,block3,0,0,0,0.0,0,4,4,20,2295,2287,53.0,55.0,2000,/home/benny/Scrivania/OTel-capabilities-for-mixed-criticality-workloads/2-DoE/block3/t0_p0_s0_r0.0_e0_n4/run_04,0,5,1995,0,0.0,9991,7992,1361,2017,1994.1,1999,166.19,10000.0,16647,7.04,0,0,0,0,0
349,block3,3,0,0,0.0,0,4,4,20,2295,2300,54.9,55.1,2000,/home/benny/Scrivania/OTel-capabilities-for-mixed-criticality-workloads/2-DoE/block3/t3_p0_s0_r0.0_e0_n4/run_04,0,6,1994,0,0.0,9978.0,7995.0,65,2000,1983.1,1983.0,177.63,10000,10057,7.9,0,0,0,292,0
350,block3,3,1,0,0.0,0,4,4,20,2295,2299,55.0,54.2,1980,/home/benny/Scrivania/OTel-capabilities-for-mixed-criticality-workloads/2-DoE/block3/t3_p1_s0_r0.0_e0_n4/run_04,134,7,1973,0,0.0,9664,7621,588,2045,2043.6,2044,1036.91,10000.0,15047,8.46,0,0,0,25491,1
351,block3,0,0,0,0.0,0,8,4,20,2295,2289,54.2,55.4,2000,/home/benny/Scrivania/OTel-capabilities-for-mixed-criticality-workloads/2-DoE/block3/t0_p0_s0_r0.0_e0_n8/run_04,0,9,1991,0,0.0,9991,7994,2155,2020,1992.6,1987,131.16,10000.0,10049,7.16,0,0,0,0,0
352,block3,3,0,0,0.0,0,8,4,20,2295,2300,55.2,55.4,2000,/home/benny/Scrivania/OTel-capabilities-for-mixed-criticality-workloads/2-DoE/block3/t3_p0_s0_r0.0_e0_n8/run_04,0,11,1989,0,0.0,9979,7994,4717,2023,1995.2,1983,73.61,10000.0,10038,7.16,0,0,0,194,0
353,block3,3,1,0,0.0,0,8,4,20,2295,2299,55.2,54.5,1980,/home/benny/Scrivania/OTel-capabilities-for-mixed-criticality-workloads/2-DoE/block3/t3_p1_s0_r0.0_e0_n8/run_04,134,12,1968,0,0.0,9682.0,7639.0,580,2059,2043.5,2043.0,987.08,10000,16059,8.42,0,0,0,25498,1
354,block3,0,0,0,0.0,0,0,5,20,2295,2290,54.5,52.2,2000,/home/benny/Scrivania/OTel-capabilities-for-mixed-criticality-workloads/2-DoE/block3/t0_p0_s0_r0.0_e0_n0/run_05,0,1,1999,0,0.0,9991,8006,6305,2017,1991.7,1983,38.18,10000.0,10064,7.06,0,0,0,0,0
355,block3,3,0,0,0.0,0,0,5,20,2295,2287,52.2,52.0,2000,/home/benny/Scrivania/OTel-capabilities-for-mixed-criticality-workloads/2-DoE/block3/t3_p0_s0_r0.0_e0_n0/run_05,0,2,1998,0,0.0,9976.0,7978.0,431,2017,1994.3,2000.0,169.12,10000,10070,7.48,0,0,0,8,0
356,block3,3,1,0,0.0,0,0,5,20,2295,2287,52.0,52.0,2002,/home/benny/Scrivania/OTel-capabilities-for-mixed-criticality-workloads/2-DoE/block3/t3_p1_s0_r0.0_e0_n0/run_05,0,2,2000,0,0.0,9686.0,7626.5,441,2079,2053.8,2046.0,161.7,10000,17187,8.36,0,0,0,2008,0
357,block3,0,0,0,0.0,0,1,5,20,2295,2286,52.0,52.2,2000,/home/benny/Scrivania/OTel-capabilities-for-mixed-criticality-workloads/2-DoE/block3/t0_p0_s0_r0.0_e0_n1/run_05,0,2,1998,0,0.0,9992.0,7992.0,5579,2019,1995.1,1999.0,54.33,10000,10033,6.86,0,0,0,0,0
358,block3,3,0,0,0.0,0,1,5,20,2295,2299,52.2,52.8,2000,/home/benny/Scrivania/OTel-capabilities-for-mixed-criticality-workloads/2-DoE/block3/t3_p0_s0_r0.0_e0_n1/run_05,0,3,1997,0,0.0,9978,7995,659,2003,1983.2,1983,164.09,10000.0,10043,6.96,0,0,0,109,0
359,block3,3,1,0,0.0,0,1,5,20,2295,2298,52.8,52.8,2000,/home/benny/Scrivania/OTel-capabilities-for-mixed-criticality-workloads/2-DoE/block3/t3_p1_s0_r0.0_e0_n1/run_05,0,3,1997,0,0.0,9685,7641,1586,2046,2044.1,2044,281.55,10000.0,16056,14.3,0,0,0,16064,0
360,block3,0,0,0,0.0,0,4,5,20,2295,2287,52.8,54.9,2000,/home/benny/Scrivania/OTel-capabilities-for-mixed-criticality-workloads/2-DoE/block3/t0_p0_s0_r0.0_e0_n4/run_05,0,5,1995,0,0.0,9991,7993,4607,2017,1993.9,1999,76.16,10000.0,10032,7.09,0,0,0,0,0
361,block3,3,0,0,0.0,0,4,5,20,2295,2300,54.8,55.1,2000,/home/benny/Scrivania/OTel-capabilities-for-mixed-criticality-workloads/2-DoE/block3/t3_p0_s0_r0.0_e0_n4/run_05,0,6,1994,0,0.0,9979.0,7996.0,915,1984,1983.0,1983.0,158.58,10000,10048,7.19,0,0,0,201,0
362,block3,3,1,0,0.0,0,4,5,20,2295,2299,55.0,54.6,2000,/home/benny/Scrivania/OTel-capabilities-for-mixed-criticality-workloads/2-DoE/block3/t3_p1_s0_r0.0_e0_n4/run_05,0,7,1993,2,0.0010035122930255895,8689,6645,-1445,2059,2043.5,2044,1080.24,10000.0,16064,8.57,0,0,0,25568,0
363,block3,0,0,0,0.0,0,8,5,20,2295,2289,54.5,55.4,2000,/home/benny/Scrivania/OTel-capabilities-for-mixed-criticality-workloads/2-DoE/block3/t0_p0_s0_r0.0_e0_n8/run_05,0,10,1990,0,0.0,9991.0,7995.0,7224,2017,1992.6,1983.0,17.82,10000,10034,7.11,0,0,0,0,0
364,block3,3,0,0,0.0,0,8,5,20,2295,2300,55.2,55.4,2000,/home/benny/Scrivania/OTel-capabilities-for-mixed-criticality-workloads/2-DoE/block3/t3_p0_s0_r0.0_e0_n8/run_05,0,10,1990,0,0.0,9978.0,7995.0,1017,1985,1983.0,1983.0,156.47,10000,10066,7.84,0,0,0,265,0
365,block3,3,1,0,0.0,0,8,5,20,2295,2299,55.2,54.5,1980,/home/benny/Scrivania/OTel-capabilities-for-mixed-criticality-workloads/2-DoE/block3/t3_p1_s0_r0.0_e0_n8/run_05,134,11,1969,1,0.0005078720162519045,9677,7634,-431,2052,2043.6,2044,1193.17,10000.0,17078,8.56,0,0,0,25551,1
366,block3,0,0,0,0.0,0,0,6,20,2295,2291,54.4,52.5,2001,/home/benny/Scrivania/OTel-capabilities-for-mixed-criticality-workloads/2-DoE/block3/t0_p0_s0_r0.0_e0_n0/run_06,0,1,2000,0,0.0,9991.0,8006.0,6439,2017,1990.8,1983.0,34.83,10000,10040,7.35,0,0,0,0,0
367,block3,3,0,0,0.0,0,0,6,20,2295,2286,52.5,52.8,2000,/home/benny/Scrivania/OTel-capabilities-for-mixed-criticality-workloads/2-DoE/block3/t3_p0_s0_r0.0_e0_n0/run_06,0,6,1994,0,0.0,9977.0,3386.0,329,6639,6589.8,6584.0,69.62,10000,10058,7.23,0,0,0,7,0
368,block3,3,1,0,0.0,0,0,6,20,2295,2289,52.8,52.2,2002,/home/benny/Scrivania/OTel-capabilities-for-mixed-criticality-workloads/2-DoE/block3/t3_p1_s0_r0.0_e0_n0/run_06,0,2,2000,0,0.0,9678.0,7619.0,7097,2081,2051.9,2045.0,27.44,10000,10137,8.73,0,0,0,2008,0
369,block3,0,0,0,0.0,0,1,6,20,2295,2289,52.2,52.8,2000,/home/benny/Scrivania/OTel-capabilities-for-mixed-criticality-workloads/2-DoE/block3/t0_p0_s0_r0.0_e0_n1/run_06,0,2,1998,0,0.0,9991.0,7995.0,6376,2017,1992.4,1984.0,36.56,10000,10030,7.04,0,0,0,0,0
370,block3,3,0,0,0.0,0,1,6,20,2295,2300,52.8,53.0,2000,/home/benny/Scrivania/OTel-capabilities-for-mixed-criticality-workloads/2-DoE/block3/t3_p0_s0_r0.0_e0_n1/run_06,0,3,1997,0,0.0,9978,7995,900,2030,1984.4,1983,160.42,10000.0,11049,6.93,0,0,0,126,0
371,block3,3,1,0,0.0,0,1,6,20,2295,2299,53.0,53.2,1980,/home/benny/Scrivania/OTel-capabilities-for-mixed-criticality-workloads/2-DoE/block3/t3_p1_s0_r0.0_e0_n1/run_06,134,3,1977,0,0.0,9687,7643,326,2062,2044.0,2044,312.89,10000.0,17217,8.63,0,0,0,15905,1
372,block3,0,0,0,0.0,0,4,6,20,2295,2291,53.2,55.1,2000,/home/benny/Scrivania/OTel-capabilities-for-mixed-criticality-workloads/2-DoE/block3/t0_p0_s0_r0.0_e0_n4/run_06,0,5,1995,0,0.0,9991,8000,6335,2025,1991.3,1983,37.8,10000.0,10036,8.99,0,0,0,0,0
373,block3,3,0,0,0.0,0,4,6,20,2295,2300,55.0,55.2,2000,/home/benny/Scrivania/OTel-capabilities-for-mixed-criticality-workloads/2-DoE/block3/t3_p0_s0_r0.0_e0_n4/run_06,0,6,1994,0,0.0,9978.0,7995.0,729,2013,1983.1,1983.0,162.75,10000,10043,7.91,0,0,0,283,0
374,block3,3,1,0,0.0,0,4,6,20,2295,2299,55.1,55.2,1980,/home/benny/Scrivania/OTel-capabilities-for-mixed-criticality-workloads/2-DoE/block3/t3_p1_s0_r0.0_e0_n4/run_06,134,6,1974,1,0.0005065856129685917,9654.0,7611.0,-440,2060,2043.5,2043.0,1101.54,10000,16079,8.96,0,0,0,25328,1
375,block3,0,0,0,0.0,0,8,6,20,2295,2294,55.2,56.1,2000,/home/benny/Scrivania/OTel-capabilities-for-mixed-criticality-workloads/2-DoE/block3/t0_p0_s0_r0.0_e0_n8/run_06,0,8,1992,0,0.0,9991.0,8008.0,337,2016,1988.2,1983.0,171.81,10000,10041,7.23,0,0,0,0,0
376,block3,3,0,0,0.0,0,8,6,20,2295,2300,56.0,55.6,2000,/home/benny/Scrivania/OTel-capabilities-for-mixed-criticality-workloads/2-DoE/block3/t3_p0_s0_r0.0_e0_n8/run_06,0,10,1990,0,0.0,9978.0,7995.0,203,1993,1983.1,1983.0,174.51,10000,10081,7.75,0,0,0,279,0
377,block3,3,1,0,0.0,0,8,6,20,2295,2299,55.5,54.4,1980,/home/benny/Scrivania/OTel-capabilities-for-mixed-criticality-workloads/2-DoE/block3/t3_p1_s0_r0.0_e0_n8/run_06,134,12,1968,3,0.001524390243902439,9669.0,7626.0,-3631,2059,2043.7,2044.0,1245.48,10000,19234,8.68,0,0,0,25399,1
378,block3,0,0,0,0.0,0,0,7,20,2295,2291,54.4,52.5,2001,/home/benny/Scrivania/OTel-capabilities-for-mixed-criticality-workloads/2-DoE/block3/t0_p0_s0_r0.0_e0_n0/run_07,0,1,2000,0,0.0,9991.0,8006.0,6315,2017,1990.6,1984.0,37.84,10000,10049,7.43,0,0,0,0,0
379,block3,3,0,0,0.0,0,0,7,20,2295,2288,52.5,51.8,2000,/home/benny/Scrivania/OTel-capabilities-for-mixed-criticality-workloads/2-DoE/block3/t3_p0_s0_r0.0_e0_n0/run_07,0,2,1998,0,0.0,9976.0,7978.0,697,2046,1994.0,1999.0,163.25,10000,10060,7.37,0,0,0,8,0
380,block3,3,1,0,0.0,0,0,7,20,2295,2289,51.8,51.8,2001,/home/benny/Scrivania/OTel-capabilities-for-mixed-criticality-workloads/2-DoE/block3/t3_p1_s0_r0.0_e0_n0/run_07,0,2,1999,0,0.0,9686,7636,7221,2079,2051.7,2045,20.41,10000.0,10185,8.74,0,0,0,2007,0
381,block3,0,0,0,0.0,0,1,7,20,2295,2290,51.8,52.6,2000,/home/benny/Scrivania/OTel-capabilities-for-mixed-criticality-workloads/2-DoE/block3/t0_p0_s0_r0.0_e0_n1/run_07,0,2,1998,0,0.0,9991.0,8006.0,5675,2020,1991.3,1984.0,52.25,10000,10035,7.17,0,0,0,0,0
382,block3,3,0,0,0.0,0,1,7,20,2295,2300,52.6,52.8,2000,/home/benny/Scrivania/OTel-capabilities-for-mixed-criticality-workloads/2-DoE/block3/t3_p0_s0_r0.0_e0_n1/run_07,0,4,1996,0,0.0,9978.0,7995.0,7652,2016,1983.2,1983.0,8.84,10000,10055,6.87,0,0,0,123,0
383,block3,3,1,0,0.0,0,1,7,20,2295,2298,52.8,53.0,2000,/home/benny/Scrivania/OTel-capabilities-for-mixed-criticality-workloads/2-DoE/block3/t3_p1_s0_r0.0_e0_n1/run_07,134,3,1997,0,0.0,9691,7647,4610,2069,2044.2,2044,254.06,10000.0,13026,8.47,0,0,0,16075,1
384,block3,0,0,0,0.0,0,4,7,20,2295,2291,53.0,54.8,2000,/home/benny/Scrivania/OTel-capabilities-for-mixed-criticality-workloads/2-DoE/block3/t0_p0_s0_r0.0_e0_n4/run_07,0,5,1995,0,0.0,9991,8008,4736,2016,1990.4,1983,73.32,10000.0,10045,7.23,0,0,0,0,0
385,block3,3,0,0,0.0,0,4,7,20,2295,2300,54.6,55.4,2000,/home/benny/Scrivania/OTel-capabilities-for-mixed-criticality-workloads/2-DoE/block3/t3_p0_s0_r0.0_e0_n4/run_07,0,7,1993,0,0.0,9978,7995,6457,1988,1983.0,1983,34.85,10000.0,10077,7.5,0,0,0,203,0
386,block3,3,1,0,0.0,0,4,7,20,2295,2299,55.2,54.4,1980,/home/benny/Scrivania/OTel-capabilities-for-mixed-criticality-workloads/2-DoE/block3/t3_p1_s0_r0.0_e0_n4/run_07,134,6,1974,1,0.0005065856129685917,9672.0,7628.5,-1444,2052,2043.6,2044.0,880.29,10000,17073,8.8,0,0,0,25332,1
387,block3,0,0,0,0.0,0,8,7,20,2295,2296,54.4,55.4,2000,/home/benny/Scrivania/OTel-capabilities-for-mixed-criticality-workloads/2-DoE/block3/t0_p0_s0_r0.0_e0_n8/run_07,0,10,1990,0,0.0,9991.0,8008.0,7693,2017,1986.4,1983.0,7.81,10000,10061,7.19,0,0,0,0,0
388,block3,3,0,0,0.0,0,8,7,20,2295,2300,55.2,55.1,2000,/home/benny/Scrivania/OTel-capabilities-for-mixed-criticality-workloads/2-DoE/block3/t3_p0_s0_r0.0_e0_n8/run_07,0,11,1989,0,0.0,9978,7995,1689,2014,1983.2,1983,141.41,10000.0,10038,7.43,0,0,0,205,0
389,block3,3,1,0,0.0,0,8,7,20,2295,2299,55.0,54.1,1980,/home/benny/Scrivania/OTel-capabilities-for-mixed-criticality-workloads/2-DoE/block3/t3_p1_s0_r0.0_e0_n8/run_07,134,13,1967,0,0.0,9677,7633,1582,2045,2043.6,2044,899.01,10000.0,16039,8.37,0,0,0,25481,1
390,block3,0,0,0,0.0,0,0,8,20,2295,2289,54.1,51.8,2000,/home/benny/Scrivania/OTel-capabilities-for-mixed-criticality-workloads/2-DoE/block3/t0_p0_s0_r0.0_e0_n0/run_08,0,1,1999,0,0.0,9991,7993,6323,2020,1992.7,1999,37.83,10000.0,10054,7.16,0,0,0,0,0
391,block3,3,0,0,0.0,0,0,8,20,2295,2290,51.8,51.5,2000,/home/benny/Scrivania/OTel-capabilities-for-mixed-criticality-workloads/2-DoE/block3/t3_p0_s0_r0.0_e0_n0/run_08,0,2,1998,0,0.0,9977.0,7983.5,866,2018,1991.5,1984.0,159.47,10000,10073,7.48,0,0,0,8,0
392,block3,3,1,0,0.0,0,0,8,20,2295,2288,51.5,51.6,2002,/home/benny/Scrivania/OTel-capabilities-for-mixed-criticality-workloads/2-DoE/block3/t3_p1_s0_r0.0_e0_n0/run_08,0,2,2000,0,0.0,9684.0,7626.0,7352,2090,2051.1,2045.0,45.77,10000,10256,8.71,0,0,0,2008,0
393,block3,0,0,0,0.0,0,1,8,20,2295,2288,51.6,52.0,2000,/home/benny/Scrivania/OTel-capabilities-for-mixed-criticality-workloads/2-DoE/block3/t0_p0_s0_r0.0_e0_n1/run_08,0,2,1998,0,0.0,9991.0,7993.0,6646,2017,1993.5,1999.0,30.57,10000,10046,7.13,0,0,0,0,0
394,block3,3,0,0,0.0,0,1,8,20,2295,2300,52.0,52.0,2000,/home/benny/Scrivania/OTel-capabilities-for-mixed-criticality-workloads/2-DoE/block3/t3_p0_s0_r0.0_e0_n1/run_08,0,3,1997,0,0.0,9979,7995,196,2016,1983.2,1983,174.43,10000.0,10040,6.74,0,0,0,117,0
395,block3,3,1,0,0.0,0,1,8,20,2295,2298,52.0,52.8,2000,/home/benny/Scrivania/OTel-capabilities-for-mixed-criticality-workloads/2-DoE/block3/t3_p1_s0_r0.0_e0_n1/run_08,134,3,1997,0,0.0,9688,7644,5592,2067,2044.2,2044,285.29,10000.0,12017,8.76,0,0,0,15904,1
396,block3,0,0,0,0.0,0,4,8,20,2295,2291,52.8,54.4,2000,/home/benny/Scrivania/OTel-capabilities-for-mixed-criticality-workloads/2-DoE/block3/t0_p0_s0_r0.0_e0_n4/run_08,0,5,1995,0,0.0,9992,8008,5127,2016,1990.7,1983,64.59,10000.0,10037,7.35,0,0,0,0,0
397,block3,3,0,0,0.0,0,4,8,20,2295,2300,54.2,54.4,2000,/home/benny/Scrivania/OTel-capabilities-for-mixed-criticality-workloads/2-DoE/block3/t3_p0_s0_r0.0_e0_n4/run_08,0,6,1994,0,0.0,9978.0,7995.0,178,1987,1983.0,1983.0,175.05,10000,10044,7.73,0,0,0,279,0
398,block3,3,1,0,0.0,0,4,8,20,2295,2299,54.2,53.5,1980,/home/benny/Scrivania/OTel-capabilities-for-mixed-criticality-workloads/2-DoE/block3/t3_p1_s0_r0.0_e0_n4/run_08,134,6,1974,2,0.0010131712259371835,9655.5,7612.0,-1461,2064,2043.6,2044.0,1084.29,10000,17074,8.28,0,0,0,25614,1
399,block3,0,0,0,0.0,0,8,8,20,2295,2291,53.4,54.4,2000,/home/benny/Scrivania/OTel-capabilities-for-mixed-criticality-workloads/2-DoE/block3/t0_p0_s0_r0.0_e0_n8/run_08,0,10,1990,0,0.0,9991.0,8008.0,7910,2016,1990.9,1983.0,3.78,10000,10038,6.97,0,0,0,0,0
400,block3,3,0,0,0.0,0,8,8,20,2295,2300,54.2,54.6,2000,/home/benny/Scrivania/OTel-capabilities-for-mixed-criticality-workloads/2-DoE/block3/t3_p0_s0_r0.0_e0_n8/run_08,0,10,1990,0,0.0,9979.0,7995.0,1032,2013,1983.1,1983.0,156.12,10000,10065,7.52,0,0,0,269,0
401,block3,3,1,0,0.0,0,8,8,20,2295,2299,54.5,53.6,1980,/home/benny/Scrivania/OTel-capabilities-for-mixed-criticality-workloads/2-DoE/block3/t3_p1_s0_r0.0_e0_n8/run_08,134,11,1969,0,0.0,9686,7642,1587,2045,2043.6,2044,812.94,10000.0,16059,8.33,0,0,0,25660,1
402,block3,0,0,0,0.0,0,0,9,20,2295,2289,53.5,51.5,2000,/home/benny/Scrivania/OTel-capabilities-for-mixed-criticality-workloads/2-DoE/block3/t0_p0_s0_r0.0_e0_n0/run_09,0,1,1999,0,0.0,9992,7995,6147,2018,1992.3,1987,41.73,10000.0,10068,7.09,0,0,0,0,0
403,block3,3,0,0,0.0,0,0,9,20,2295,2289,51.5,51.0,2000,/home/benny/Scrivania/OTel-capabilities-for-mixed-criticality-workloads/2-DoE/block3/t3_p0_s0_r0.0_e0_n0/run_09,0,2,1998,0,0.0,9976.0,7979.0,450,2018,1992.7,1998.0,168.6,10000,10067,7.45,0,0,0,8,0
404,block3,3,1,0,0.0,0,0,9,20,2295,2289,51.0,51.0,2001,/home/benny/Scrivania/OTel-capabilities-for-mixed-criticality-workloads/2-DoE/block3/t3_p1_s0_r0.0_e0_n0/run_09,0,2,1999,0,0.0,9686,7638,7078,2085,2051.2,2045,20.59,10000.0,10152,8.43,0,0,0,2007,0
405,block3,0,0,0,0.0,0,1,9,20,2295,2287,51.0,51.2,2000,/home/benny/Scrivania/OTel-capabilities-for-mixed-criticality-workloads/2-DoE/block3/t0_p0_s0_r0.0_e0_n1/run_09,0,2,1998,0,0.0,9991.0,7993.0,5658,2018,1994.1,1999.0,52.58,10000,10041,6.99,0,0,0,0,0
406,block3,3,0,0,0.0,0,1,9,20,2295,2300,51.2,51.5,2000,/home/benny/Scrivania/OTel-capabilities-for-mixed-criticality-workloads/2-DoE/block3/t3_p0_s0_r0.0_e0_n1/run_09,0,3,1997,0,0.0,9978,7995,336,2016,1983.3,1983,171.32,10000.0,10038,6.78,0,0,0,124,0
407,block3,3,1,0,0.0,0,1,9,20,2295,2297,51.5,51.8,2000,/home/benny/Scrivania/OTel-capabilities-for-mixed-criticality-workloads/2-DoE/block3/t3_p1_s0_r0.0_e0_n1/run_09,134,3,1997,0,0.0,9691,7646,1585,2057,2044.2,2044,282.16,10000.0,16061,8.25,0,0,0,16060,1
408,block3,0,0,0,0.0,0,4,9,20,2295,2289,51.8,53.6,2000,/home/benny/Scrivania/OTel-capabilities-for-mixed-criticality-workloads/2-DoE/block3/t0_p0_s0_r0.0_e0_n4/run_09,0,5,1995,0,0.0,9992,8007,5031,2017,1992.1,1983,66.7,10000.0,10032,7.02,0,0,0,0,0
409,block3,3,0,0,0.0,0,4,9,20,2295,2300,53.5,53.9,2000,/home/benny/Scrivania/OTel-capabilities-for-mixed-criticality-workloads/2-DoE/block3/t3_p0_s0_r0.0_e0_n4/run_09,0,7,1993,0,0.0,9979,7996,6695,1989,1983.1,1983,29.53,10000.0,10058,7.24,0,0,0,197,0
410,block3,3,1,0,0.0,0,4,9,20,2295,2299,53.8,53.1,1980,/home/benny/Scrivania/OTel-capabilities-for-mixed-criticality-workloads/2-DoE/block3/t3_p1_s0_r0.0_e0_n4/run_09,134,7,1973,0,0.0,8689,6645,1595,2063,2043.7,2044,1073.38,10000.0,16051,8.67,0,0,0,25449,1
411,block3,0,0,0,0.0,0,8,9,20,2295,2291,53.1,54.0,2000,/home/benny/Scrivania/OTel-capabilities-for-mixed-criticality-workloads/2-DoE/block3/t0_p0_s0_r0.0_e0_n8/run_09,0,8,1992,0,0.0,9991.0,8008.0,548,2016,1991.1,1983.0,209.44,10000,15642,7.08,0,0,0,0,0
412,block3,3,0,0,0.0,0,8,9,20,2295,2300,53.9,54.1,2001,/home/benny/Scrivania/OTel-capabilities-for-mixed-criticality-workloads/2-DoE/block3/t3_p0_s0_r0.0_e0_n8/run_09,0,11,1990,0,0.0,9979.0,7996.0,2217,2014,1983.6,1983.0,129.3,10000,10053,7.1,0,0,0,209,0
413,block3,3,1,0,0.0,0,8,9,20,2295,2299,54.0,53.5,1980,/home/benny/Scrivania/OTel-capabilities-for-mixed-criticality-workloads/2-DoE/block3/t3_p1_s0_r0.0_e0_n8/run_09,134,12,1968,0,0.0,9682.0,7638.0,567,2067,2043.6,2044.0,1125.51,10000,17079,8.37,0,0,0,25526,1
414,block3,0,0,0,0.0,0,0,10,20,2295,2290,53.4,51.2,2001,/home/benny/Scrivania/OTel-capabilities-for-mixed-criticality-workloads/2-DoE/block3/t0_p0_s0_r0.0_e0_n0/run_10,0,1,2000,0,0.0,9991.0,8002.0,6324,2033,1992.1,1985.0,37.58,10000,10052,7.2,0,0,0,0,0
415,block3,3,0,0,0.0,0,0,10,20,2295,2287,51.2,50.6,2000,/home/benny/Scrivania/OTel-capabilities-for-mixed-criticality-workloads/2-DoE/block3/t3_p0_s0_r0.0_e0_n0/run_10,0,2,1998,0,0.0,9977.0,7978.0,429,2018,1994.2,1999.0,169.23,10000,10068,7.41,0,0,0,8,0
416,block3,3,1,0,0.0,0,0,10,20,2295,2286,50.6,50.8,2002,/home/benny/Scrivania/OTel-capabilities-for-mixed-criticality-workloads/2-DoE/block3/t3_p1_s0_r0.0_e0_n0/run_10,0,2,2000,0,0.0,9685.0,7630.0,7164,2086,2053.3,2046.0,19.47,10000,10158,8.45,0,0,0,2008,0
417,block3,0,0,0,0.0,0,1,10,20,2295,2287,50.8,51.0,2000,/home/benny/Scrivania/OTel-capabilities-for-mixed-criticality-workloads/2-DoE/block3/t0_p0_s0_r0.0_e0_n1/run_10,0,2,1998,0,0.0,9991.0,7993.0,714,2018,1994.3,1999.0,165.95,10000,17261,7.03,0,0,0,0,0
418,block3,3,0,0,0.0,0,1,10,20,2295,2299,51.0,51.2,2000,/home/benny/Scrivania/OTel-capabilities-for-mixed-criticality-workloads/2-DoE/block3/t3_p0_s0_r0.0_e0_n1/run_10,0,3,1997,0,0.0,9978,7995,509,2016,1983.3,1983,167.45,10000.0,10052,7.13,0,0,0,106,0
419,block3,3,1,0,0.0,0,1,10,20,2295,2298,51.2,51.5,1980,/home/benny/Scrivania/OTel-capabilities-for-mixed-criticality-workloads/2-DoE/block3/t3_p1_s0_r0.0_e0_n1/run_10,134,3,1977,0,0.0,9692,7647,4600,2052,2044.4,2044,213.62,10000.0,13049,8.15,0,0,0,16057,1
420,block3,0,0,0,0.0,0,4,10,20,2295,2290,51.5,53.4,2000,/home/benny/Scrivania/OTel-capabilities-for-mixed-criticality-workloads/2-DoE/block3/t0_p0_s0_r0.0_e0_n4/run_10,0,5,1995,0,0.0,9992,8008,7233,2017,1992.1,1983,17.59,10000.0,10038,6.99,0,0,0,0,0
421,block3,3,0,0,0.0,0,4,10,20,2295,2300,53.2,53.6,2000,/home/benny/Scrivania/OTel-capabilities-for-mixed-criticality-workloads/2-DoE/block3/t3_p0_s0_r0.0_e0_n4/run_10,0,6,1994,0,0.0,9978.0,7995.0,921,1985,1983.0,1983.0,158.46,10000,10071,7.77,0,0,0,278,0
422,block3,3,1,0,0.0,0,4,10,20,2295,2299,53.5,52.9,1980,/home/benny/Scrivania/OTel-capabilities-for-mixed-criticality-workloads/2-DoE/block3/t3_p1_s0_r0.0_e0_n4/run_10,134,6,1974,0,0.0,9668.0,7625.0,316,2064,2043.6,2044.0,1064.55,10000,16310,8.29,0,0,0,25701,1
423,block3,0,0,0,0.0,0,8,10,20,2295,2291,52.9,53.6,2000,/home/benny/Scrivania/OTel-capabilities-for-mixed-criticality-workloads/2-DoE/block3/t0_p0_s0_r0.0_e0_n8/run_10,0,10,1990,0,0.0,9991.0,8008.0,7399,2020,1990.4,1983.0,13.95,10000,10037,7.06,0,0,0,0,0
424,block3,3,0,0,0.0,0,8,10,20,2295,2300,53.5,53.9,2000,/home/benny/Scrivania/OTel-capabilities-for-mixed-criticality-workloads/2-DoE/block3/t3_p0_s0_r0.0_e0_n8/run_10,0,10,1990,0,0.0,9978.0,7995.0,434,1990,1983.1,1983.0,169.52,10000,10057,7.67,0,0,0,268,0
425,block3,3,1,0,0.0,0,8,10,20,2295,2299,53.8,52.9,1980,/home/benny/Scrivania/OTel-capabilities-for-mixed-criticality-workloads/2-DoE/block3/t3_p1_s0_r0.0_e0_n8/run_10,134,12,1968,0,0.0,9685.0,7641.0,1575,2052,2043.6,2044.0,986.68,10000,16070,8.34,0,0,0,25556,1
426,block3,0,0,0,0.0,0,0,11,20,2295,2289,52.9,50.9,2000,/home/benny/Scrivania/OTel-capabilities-for-mixed-criticality-workloads/2-DoE/block3/t0_p0_s0_r0.0_e0_n0/run_11,0,1,1999,0,0.0,9992,7993,6167,2017,1992.7,1999,41.24,10000.0,10054,7.06,0,0,0,0,0
427,block3,3,0,0,0.0,0,0,11,20,2295,2290,50.9,50.6,2000,/home/benny/Scrivania/OTel-capabilities-for-mixed-criticality-workloads/2-DoE/block3/t3_p0_s0_r0.0_e0_n0/run_11,0,2,1998,0,0.0,9976.0,7982.0,181,2019,1991.6,1984.0,174.78,10000,10078,7.61,0,0,0,8,0
428,block3,3,1,0,0.0,0,0,11,20,2295,2288,50.6,50.5,2000,/home/benny/Scrivania/OTel-capabilities-for-mixed-criticality-workloads/2-DoE/block3/t3_p1_s0_r0.0_e0_n0/run_11,0,2,1998,0,0.0,9686.0,7638.0,7019,2100,2051.5,2045.0,21.62,10000,10134,8.39,0,0,0,2006,0
429,block3,0,0,0,0.0,0,1,11,20,2295,2288,50.5,50.8,2000,/home/benny/Scrivania/OTel-capabilities-for-mixed-criticality-workloads/2-DoE/block3/t0_p0_s0_r0.0_e0_n1/run_11,0,2,1998,0,0.0,9991.0,7993.0,6139,2024,1993.6,1999.0,41.86,10000,10043,7.2,0,0,0,0,0
430,block3,3,0,0,0.0,0,1,11,20,2295,2299,50.8,51.0,2000,/home/benny/Scrivania/OTel-capabilities-for-mixed-criticality-workloads/2-DoE/block3/t3_p0_s0_r0.0_e0_n1/run_11,0,3,1997,0,0.0,9978,7995,298,2003,1983.3,1983,171.93,10000.0,10050,7.39,0,0,0,93,0
431,block3,3,1,0,0.0,0,1,11,20,2295,2297,51.0,51.1,2000,/home/benny/Scrivania/OTel-capabilities-for-mixed-criticality-workloads/2-DoE/block3/t3_p1_s0_r0.0_e0_n1/run_11,134,3,1997,0,0.0,9692,7647,2594,2062,2044.3,2044,274.34,10000.0,15049,8.27,0,0,0,16082,1
432,block3,0,0,0,0.0,0,4,11,20,2295,2289,51.1,52.9,2000,/home/benny/Scrivania/OTel-capabilities-for-mixed-criticality-workloads/2-DoE/block3/t0_p0_s0_r0.0_e0_n4/run_11,0,5,1995,0,0.0,9992,8003,6400,2020,1992.5,1983,36.07,10000.0,10028,7.04,0,0,0,0,0
433,block3,3,0,0,0.0,0,4,11,20,2295,2300,52.8,53.2,2000,/home/benny/Scrivania/OTel-capabilities-for-mixed-criticality-workloads/2-DoE/block3/t3_p0_s0_r0.0_e0_n4/run_11,0,6,1994,0,0.0,9979.0,7996.0,1693,1988,1983.0,1983.0,141.15,10000,10045,7.2,0,0,0,187,0
434,block3,3,1,0,0.0,0,4,11,20,2295,2299,53.1,52.5,1980,/home/benny/Scrivania/OTel-capabilities-for-mixed-criticality-workloads/2-DoE/block3/t3_p1_s0_r0.0_e0_n4/run_11,134,6,1974,0,0.0,8684.0,6640.0,361,2063,2043.6,2044.0,1031.36,10000,17285,8.32,0,0,0,25570,1
435,block3,0,0,0,0.0,0,8,11,20,2295,2291,52.5,53.4,2000,/home/benny/Scrivania/OTel-capabilities-for-mixed-criticality-workloads/2-DoE/block3/t0_p0_s0_r0.0_e0_n8/run_11,0,8,1992,0,0.0,9992.0,8008.0,593,2016,1990.8,1983.0,166.03,10000,10031,6.98,0,0,0,0,0
436,block3,3,0,0,0.0,0,8,11,20,2295,2300,53.2,53.5,2000,/home/benny/Scrivania/OTel-capabilities-for-mixed-criticality-workloads/2-DoE/block3/t3_p0_s0_r0.0_e0_n8/run_11,0,11,1989,0,0.0,9979,7996,7462,1993,1983.1,1983,13.74,10000.0,10060,7.7,0,0,0,277,0
437,block3,3,1,0,0.0,0,8,11,20,2295,2299,53.4,52.5,1980,/home/benny/Scrivania/OTel-capabilities-for-mixed-criticality-workloads/2-DoE/block3/t3_p1_s0_r0.0_e0_n8/run_11,134,11,1969,0,0.0,9690,7646,557,2045,2043.8,2044,761.17,10000.0,17090,8.43,0,0,0,25646,1
438,block3,0,0,0,0.0,0,0,12,20,2295,2289,52.5,50.8,2001,/home/benny/Scrivania/OTel-capabilities-for-mixed-criticality-workloads/2-DoE/block3/t0_p0_s0_r0.0_e0_n0/run_12,0,1,2000,0,0.0,9991.5,7997.0,6298,2017,1992.3,1985.0,38.19,10000,10050,7.15,0,0,0,0,0
439,block3,3,0,0,0.0,0,0,12,20,2295,2288,50.8,50.5,2000,/home/benny/Scrivania/OTel-capabilities-for-mixed-criticality-workloads/2-DoE/block3/t3_p0_s0_r0.0_e0_n0/run_12,0,2,1998,0,0.0,9976.0,7978.5,512,2018,1993.5,1999.0,167.32,10000,10058,7.36,0,0,0,8,0
440,block3,3,1,0,0.0,0,0,12,20,2295,2289,50.5,50.5,2001,/home/benny/Scrivania/OTel-capabilities-for-mixed-criticality-workloads/2-DoE/block3/t3_p1_s0_r0.0_e0_n0/run_12,0,2,1999,0,0.0,9683,7632,7016,2079,2051.7,2045,22.7,10000.0,10130,10.96,0,0,0,2007,0
441,block3,0,0,0,0.0,0,1,12,20,2295,2286,50.5,51.0,2000,/home/benny/Scrivania/OTel-capabilities-for-mixed-criticality-workloads/2-DoE/block3/t0_p0_s0_r0.0_e0_n1/run_12,0,3,1997,0,0.0,9991,5914,2332,4113,4077.6,4077,80.59,10000.0,13567,7.0,0,0,0,0,0
442,block3,3,0,0,0.0,0,1,12,20,2295,2300,51.0,51.0,2000,/home/benny/Scrivania/OTel-capabilities-for-mixed-criticality-workloads/2-DoE/block3/t3_p0_s0_r0.0_e0_n1/run_12,0,4,1996,0,0.0,9978.0,7995.0,7450,2016,1983.3,1983.0,12.89,10000,10038,6.98,0,0,0,136,0
443,block3,3,1,0,0.0,0,1,12,20,2295,2298,51.0,51.2,2000,/home/benny/Scrivania/OTel-capabilities-for-mixed-criticality-workloads/2-DoE/block3/t3_p1_s0_r0.0_e0_n1/run_12,0,3,1997,0,0.0,9692,7648,5936,2047,2044.4,2044,224.08,10000.0,11037,8.4,0,0,0,16082,0
444,block3,0,0,0,0.0,0,4,12,20,2295,2290,51.2,53.1,2000,/home/benny/Scrivania/OTel-capabilities-for-mixed-criticality-workloads/2-DoE/block3/t0_p0_s0_r0.0_e0_n4/run_12,0,5,1995,0,0.0,9992,8005,6679,2016,1992.2,1983,29.86,10000.0,10034,7.07,0,0,0,0,0
445,block3,3,0,0,0.0,0,4,12,20,2295,2300,53.0,53.4,2000,/home/benny/Scrivania/OTel-capabilities-for-mixed-criticality-workloads/2-DoE/block3/t3_p0_s0_r0.0_e0_n4/run_12,0,6,1994,0,0.0,9979.0,7996.0,1739,2001,1983.0,1983.0,140.12,10000,10048,7.15,0,0,0,197,0
446,block3,3,1,0,0.0,0,4,12,20,2295,2299,53.2,52.4,1980,/home/benny/Scrivania/OTel-capabilities-for-mixed-criticality-workloads/2-DoE/block3/t3_p1_s0_r0.0_e0_n4/run_12,134,6,1974,1,0.0005065856129685917,8688.0,6645.0,-444,2064,2043.5,2044.0,1082.44,10000,17076,8.33,0,0,0,25609,1
447,block3,0,0,0,0.0,0,8,12,20,2295,2291,52.4,53.4,2000,/home/benny/Scrivania/OTel-capabilities-for-mixed-criticality-workloads/2-DoE/block3/t0_p0_s0_r0.0_e0_n8/run_12,0,10,1990,0,0.0,9992.0,8008.0,7362,2020,1991.0,1983.0,14.79,10000,10031,6.99,0,0,0,0,0
448,block3,3,0,0,0.0,0,8,12,20,2295,2300,53.2,53.6,2000,/home/benny/Scrivania/OTel-capabilities-for-mixed-criticality-workloads/2-DoE/block3/t3_p0_s0_r0.0_e0_n8/run_12,0,11,1989,0,0.0,9979,7996,2803,2002,1983.1,1983,116.46,10000.0,10044,7.23,0,0,0,209,0
449,block3,3,1,0,0.0,0,8,12,20,2295,2299,53.5,52.8,1980,/home/benny/Scrivania/OTel-capabilities-for-mixed-criticality-workloads/2-DoE/block3/t3_p1_s0_r0.0_e0_n8/run_12,134,13,1967,0,0.0,9681,7637,295,2051,2043.6,2044,981.12,10000.0,16338,8.31,0,0,0,25537,1
450,block3,0,0,0,0.0,0,0,13,20,2295,2290,52.8,50.8,2001,/home/benny/Scrivania/OTel-capabilities-for-mixed-criticality-workloads/2-DoE/block3/t0_p0_s0_r0.0_e0_n0/run_13,0,1,2000,0,0.0,9991.0,7998.5,6328,2019,1992.0,1985.0,37.68,10000,10040,7.45,0,0,0,0,0
451,block3,3,0,0,0.0,0,0,13,20,2295,2288,50.8,50.4,2000,/home/benny/Scrivania/OTel-capabilities-for-mixed-criticality-workloads/2-DoE/block3/t3_p0_s0_r0.0_e0_n0/run_13,0,2,1998,0,0.0,9977.0,7979.0,311,2046,1993.8,1999.0,173.44,10000,10809,7.29,0,0,0,9,0
452,block3,3,1,0,0.0,0,0,13,20,2295,2287,50.4,50.4,2001,/home/benny/Scrivania/OTel-capabilities-for-mixed-criticality-workloads/2-DoE/block3/t3_p1_s0_r0.0_e0_n0/run_13,0,2,1999,0,0.0,9686,7629,7223,2079,2053.7,2046,19.06,10000.0,10135,8.56,0,0,0,2007,0
453,block3,0,0,0,0.0,0,1,13,20,2295,2287,50.4,50.6,2000,/home/benny/Scrivania/OTel-capabilities-for-mixed-criticality-workloads/2-DoE/block3/t0_p0_s0_r0.0_e0_n1/run_13,0,2,1998,0,0.0,9991.0,7993.0,6195,2019,1994.0,1999.0,40.58,10000,10039,7.19,0,0,0,0,0
454,block3,3,0,0,0.0,0,1,13,20,2295,2300,50.6,51.0,2000,/home/benny/Scrivania/OTel-capabilities-for-mixed-criticality-workloads/2-DoE/block3/t3_p0_s0_r0.0_e0_n1/run_13,0,4,1996,0,0.0,9979.0,7995.0,7630,2016,1983.3,1983.0,9.12,10000,10035,6.84,0,0,0,129,0
455,block3,3,1,0,0.0,0,1,13,20,2295,2298,51.0,51.1,1980,/home/benny/Scrivania/OTel-capabilities-for-mixed-criticality-workloads/2-DoE/block3/t3_p1_s0_r0.0_e0_n1/run_13,134,3,1977,0,0.0,9690,7646,2591,2078,2044.3,2044,271.43,10000.0,15042,8.38,0,0,0,16079,1
456,block3,0,0,0,0.0,0,4,13,20,2295,2290,51.1,52.9,2000,/home/benny/Scrivania/OTel-capabilities-for-mixed-criticality-workloads/2-DoE/block3/t0_p0_s0_r0.0_e0_n4/run_13,0,5,1995,0,0.0,9992,8007,4488,2016,1991.9,1983,78.81,10000.0,10041,7.06,0,0,0,0,0
457,block3,3,0,0,0.0,0,4,13,20,2295,2300,52.8,53.4,2000,/home/benny/Scrivania/OTel-capabilities-for-mixed-criticality-workloads/2-DoE/block3/t3_p0_s0_r0.0_e0_n4/run_13,0,6,1994,0,0.0,9978.0,7995.0,746,1993,1983.1,1983.0,162.39,10000,10057,7.85,0,0,0,281,0
458,block3,3,1,0,0.0,0,4,13,20,2295,2299,53.2,52.5,1980,/home/benny/Scrivania/OTel-capabilities-for-mixed-criticality-workloads/2-DoE/block3/t3_p1_s0_r0.0_e0_n4/run_13,134,7,1973,3,0.0015205271160669033,8688,6645,-2453,2045,2043.6,2044,1152.45,10000.0,18223,8.44,0,0,0,25497,1
459,block3,0,0,0,0.0,0,8,13,20,2295,2291,52.5,53.4,2000,/home/benny/Scrivania/OTel-capabilities-for-mixed-criticality-workloads/2-DoE/block3/t0_p0_s0_r0.0_e0_n8/run_13,0,9,1991,0,0.0,9992,8008,6008,2016,1990.6,1983,44.89,10000.0,10030,6.99,0,0,0,0,0
460,block3,3,0,0,0.0,0,8,13,20,2295,2300,53.2,53.6,2000,/home/benny/Scrivania/OTel-capabilities-for-mixed-criticality-workloads/2-DoE/block3/t3_p0_s0_r0.0_e0_n8/run_13,0,11,1989,0,0.0,9979,7996,3000,1991,1983.0,1983,112.03,10000.0,10047,7.09,0,0,0,196,0
461,block3,3,1,0,0.0,0,8,13,20,2295,2299,53.5,52.6,2000,/home/benny/Scrivania/OTel-capabilities-for-mixed-criticality-workloads/2-DoE/block3/t3_p1_s0_r0.0_e0_n8/run_13,134,10,1990,0,0.0,9677.0,7633.0,539,2045,2043.6,2044.0,1047.5,10000,16069,8.4,0,0,0,25646,1
462,block3,0,0,0,0.0,0,0,14,20,2295,2289,52.6,50.8,2000,/home/benny/Scrivania/OTel-capabilities-for-mixed-criticality-workloads/2-DoE/block3/t0_p0_s0_r0.0_e0_n0/run_14,0,1,1999,0,0.0,9992,7996,6217,2018,1992.3,1988,40.15,10000.0,10055,7.06,0,0,0,0,0
463,block3,3,0,0,0.0,0,0,14,20,2295,2289,50.8,50.2,2000,/home/benny/Scrivania/OTel-capabilities-for-mixed-criticality-workloads/2-DoE/block3/t3_p0_s0_r0.0_e0_n0/run_14,0,2,1998,0,0.0,9977.0,7981.0,640,2018,1992.2,1987.5,164.48,10000,10073,7.35,0,0,0,8,0
464,block3,3,1,0,0.0,0,0,14,20,2295,2289,50.2,50.2,2002,/home/benny/Scrivania/OTel-capabilities-for-mixed-criticality-workloads/2-DoE/block3/t3_p1_s0_r0.0_e0_n0/run_14,0,2,2000,0,0.0,9686.0,7638.0,7342,2079,2051.5,2045.0,17.85,10000,10147,8.37,0,0,0,2008,0
465,block3,0,0,0,0.0,0,1,14,20,2295,2287,50.2,50.5,2000,/home/benny/Scrivania/OTel-capabilities-for-mixed-criticality-workloads/2-DoE/block3/t0_p0_s0_r0.0_e0_n1/run_14,0,2,1998,0,0.0,9991.0,7993.0,6467,2018,1994.6,1999.0,34.56,10000,10032,6.92,0,0,0,0,0
466,block3,3,0,0,0.0,0,1,14,20,2295,2300,50.5,50.8,2000,/home/benny/Scrivania/OTel-capabilities-for-mixed-criticality-workloads/2-DoE/block3/t3_p0_s0_r0.0_e0_n1/run_14,0,3,1997,0,0.0,9978,7995,78,2016,1983.3,1983,177.09,10000.0,10039,6.87,0,0,0,131,0
467,block3,3,1,0,0.0,0,1,14,20,2295,2297,50.8,51.0,2000,/home/benny/Scrivania/OTel-capabilities-for-mixed-criticality-workloads/2-DoE/block3/t3_p1_s0_r0.0_e0_n1/run_14,0,3,1997,0,0.0,9690,7646,1345,2052,2044.4,2044,263.95,10000.0,16304,8.21,0,0,0,16052,0
468,block3,0,0,0,0.0,0,4,14,20,2295,2289,51.0,52.6,2000,/home/benny/Scrivania/OTel-capabilities-for-mixed-criticality-workloads/2-DoE/block3/t0_p0_s0_r0.0_e0_n4/run_14,0,5,1995,0,0.0,9992,7997,6208,2016,1992.5,1983,40.33,10000.0,10037,7.01,0,0,0,0,0
469,block3,3,0,0,0.0,0,4,14,20,2295,2300,52.5,53.1,2000,/home/benny/Scrivania/OTel-capabilities-for-mixed-criticality-workloads/2-DoE/block3/t3_p0_s0_r0.0_e0_n4/run_14,0,6,1994,0,0.0,9978.0,7995.0,1874,2003,1983.1,1983.0,137.11,10000,10064,7.84,0,0,0,287,0
470,block3,3,1,0,0.0,0,4,14,20,2295,2299,53.0,52.2,1980,/home/benny/Scrivania/OTel-capabilities-for-mixed-criticality-workloads/2-DoE/block3/t3_p1_s0_r0.0_e0_n4/run_14,134,7,1973,0,0.0,8689,6645,584,2063,2043.6,2044,1139.57,10000.0,17065,8.75,0,0,0,25570,1
471,block3,0,0,0,0.0,0,8,14,20,2295,2291,52.2,53.1,2000,/home/benny/Scrivania/OTel-capabilities-for-mixed-criticality-workloads/2-DoE/block3/t0_p0_s0_r0.0_e0_n8/run_14,0,9,1991,0,0.0,9991,8008,7432,2016,1991.2,1983,13.38,10000.0,10032,7.27,0,0,0,0,0
472,block3,3,0,0,0.0,0,8,14,20,2295,2300,53.0,53.0,2000,/home/benny/Scrivania/OTel-capabilities-for-mixed-criticality-workloads/2-DoE/block3/t3_p0_s0_r0.0_e0_n8/run_14,0,11,1989,0,0.0,9979,7996,5281,1984,1983.0,1983,61.02,10000.0,10043,7.11,0,0,0,206,0
473,block3,3,1,0,0.0,0,8,14,20,2295,2299,52.9,52.2,1980,/home/benny/Scrivania/OTel-capabilities-for-mixed-criticality-workloads/2-DoE/block3/t3_p1_s0_r0.0_e0_n8/run_14,134,11,1969,0,0.0,9682,7639,582,2045,2043.5,2043,1035.33,10000.0,17063,8.66,0,0,0,25621,1
474,block3,0,0,0,0.0,0,0,15,20,2295,2290,52.2,50.2,2000,/home/benny/Scrivania/OTel-capabilities-for-mixed-criticality-workloads/2-DoE/block3/t0_p0_s0_r0.0_e0_n0/run_15,0,1,1999,0,0.0,9992,8006,3292,2017,1992.0,1984,112.44,10000.0,14682,7.1,0,0,0,0,0
475,block3,3,0,0,0.0,0,0,15,20,2295,2287,50.2,49.8,2000,/home/benny/Scrivania/OTel-capabilities-for-mixed-criticality-workloads/2-DoE/block3/t3_p0_s0_r0.0_e0_n0/run_15,0,2,1998,0,0.0,9977.0,7978.0,558,2032,1994.2,1999.0,166.21,10000,10048,7.29,0,0,0,8,0
476,block3,3,1,0,0.0,0,0,15,20,2295,2287,49.8,49.8,2000,/home/benny/Scrivania/OTel-capabilities-for-mixed-criticality-workloads/2-DoE/block3/t3_p1_s0_r0.0_e0_n0/run_15,0,2,1998,0,0.0,9685.0,7629.0,7252,2079,2053.1,2046.0,17.99,10000,10147,8.46,0,0,0,2006,0
477,block3,0,0,0,0.0,0,1,15,20,2295,2288,49.8,50.0,2000,/home/benny/Scrivania/OTel-capabilities-for-mixed-criticality-workloads/2-DoE/block3/t0_p0_s0_r0.0_e0_n1/run_15,0,2,1998,0,0.0,9991.0,7992.0,6597,2022,1993.6,1999.0,31.65,10000,10048,7.22,0,0,0,0,0
478,block3,3,0,0,0.0,0,1,15,20,2295,2300,50.0,50.5,2000,/home/benny/Scrivania/OTel-capabilities-for-mixed-criticality-workloads/2-DoE/block3/t3_p0_s0_r0.0_e0_n1/run_15,0,4,1996,0,0.0,9978.0,7995.0,7751,2000,1983.3,1983.0,7.27,10000,10104,6.9,0,0,0,142,0
479,block3,3,1,0,0.0,0,1,15,20,2295,2298,50.5,50.5,1980,/home/benny/Scrivania/OTel-capabilities-for-mixed-criticality-workloads/2-DoE/block3/t3_p1_s0_r0.0_e0_n1/run_15,134,3,1977,0,0.0,9693,7649,1576,2046,2044.2,2044,267.1,10000.0,16069,8.21,0,0,0,16036,1
480,block3,0,0,0,0.0,0,4,15,20,2295,2290,50.5,52.2,2000,/home/benny/Scrivania/OTel-capabilities-for-mixed-criticality-workloads/2-DoE/block3/t0_p0_s0_r0.0_e0_n4/run_15,0,5,1995,0,0.0,9992,8007,6743,2016,1992.0,1983,28.42,10000.0,10034,6.96,0,0,0,0,0
481,block3,3,0,0,0.0,0,4,15,20,2295,2300,52.1,52.6,2000,/home/benny/Scrivania/OTel-capabilities-for-mixed-criticality-workloads/2-DoE/block3/t3_p0_s0_r0.0_e0_n4/run_15,0,7,1993,0,0.0,9979,7996,6360,1984,1983.0,1983,36.86,10000.0,10044,7.21,0,0,0,198,0
482,block3,3,1,0,0.0,0,4,15,20,2295,2299,52.5,52.1,1980,/home/benny/Scrivania/OTel-capabilities-for-mixed-criticality-workloads/2-DoE/block3/t3_p1_s0_r0.0_e0_n4/run_15,134,6,1974,0,0.0,8683.0,6640.0,521,2059,2043.6,2044.0,1028.2,10000,17085,8.59,0,0,0,25297,1
483,block3,0,0,0,0.0,0,8,15,20,2295,2292,52.1,52.8,2000,/home/benny/Scrivania/OTel-capabilities-for-mixed-criticality-workloads/2-DoE/block3/t0_p0_s0_r0.0_e0_n8/run_15,0,9,1991,0,0.0,9992,8008,702,2016,1990.1,1983,194.27,10000.0,14672,7.03,0,0,0,0,0
484,block3,3,0,0,0.0,0,8,15,20,2295,2300,52.6,52.6,2000,/home/benny/Scrivania/OTel-capabilities-for-mixed-criticality-workloads/2-DoE/block3/t3_p0_s0_r0.0_e0_n8/run_15,0,11,1989,0,0.0,9979,7996,1528,1989,1983.1,1983,145.03,10000.0,10045,7.12,0,0,0,206,0
485,block3,3,1,0,0.0,0,8,15,20,2295,2299,52.5,52.0,1980,/home/benny/Scrivania/OTel-capabilities-for-mixed-criticality-workloads/2-DoE/block3/t3_p1_s0_r0.0_e0_n8/run_15,134,11,1969,0,0.0,9686,7643,577,2063,2043.7,2044,963.44,10000.0,17063,8.5,0,0,0,25570,1
