t_recv_ns	batch_idx	n_span	name	timestamp_us	duration_us	id	parent
1788609282588021598	0	500	calibration	1788609277568682	50	12efda322582db73	6d1e5f715f226ff0
1788609282588021598	0	500	phase_loop[0]	1788609277592943	2095	d9d494a18ce6b5e3	f82bebb08beced45
1788609282588021598	0	500	phase_loop[1]	1788609277595043	2055	ce3032098566eb67	f82bebb08beced45
1788609282588021598	0	500	phase_loop[2]	1788609277597103	2054	cb228fa43e59864c	f82bebb08beced45
1788609282588021598	0	500	phase_loop[3]	1788609277599161	9782	0fd1a2b4373b2727	f82bebb08beced45
1788609282588021598	0	500	phase_loop[4]	1788609277608948	9991	9d4b59075abceefb	f82bebb08beced45
1788609282588021598	0	500	phase_loop[5]	1788609277618943	9997	3d4bd8e9107e0d41	f82bebb08beced45
1788609282588021598	0	500	phase_loop[6]	1788609277628944	9997	5d4d5c16ff40209a	f82bebb08beced45
1788609282588021598	0	500	phase_loop[7]	1788609277638945	9994	ab056e0f75ca9d60	f82bebb08beced45
1788609282588021598	0	500	phase_loop[8]	1788609277648943	9996	7948aecacc6ff845	f82bebb08beced45
1788609282588021598	0	500	phase_loop[9]	1788609277658943	9996	7d1da0d1ef4ce41a	f82bebb08beced45
1788609282588021598	0	500	phase_loop[10]	1788609277668950	9992	911bf547328cbfea	f82bebb08beced45
1788609282588021598	0	500	phase_loop[11]	1788609277678946	9994	18b1271222197456	f82bebb08beced45
1788609282588021598	0	500	phase_loop[12]	1788609277688943	9996	b9de6960b9959844	f82bebb08beced45
1788609282588021598	0	500	phase_loop[13]	1788609277698943	9998	c7fe89eab0b3095f	f82bebb08beced45
1788609282588021598	0	500	phase_loop[14]	1788609277708944	9994	5732f1fa605b2196	f82bebb08beced45
1788609282588021598	0	500	phase_loop[15]	1788609277718943	9996	c40a444f6acc6c3e	f82bebb08beced45
1788609282588021598	0	500	phase_loop[16]	1788609277728943	9997	43d9827ed5dac478	f82bebb08beced45
1788609282588021598	0	500	phase_loop[17]	1788609277738944	9999	06e14edf0629b00f	f82bebb08beced45
1788609282588021598	0	500	phase_loop[18]	1788609277748947	9992	829709dff6c12e29	f82bebb08beced45
1788609282588021598	0	500	phase_loop[19]	1788609277758943	9996	957ac06db9bb6c94	f82bebb08beced45
1788609282588021598	0	500	phase_loop[20]	1788609277768943	9996	675761ba784db066	f82bebb08beced45
1788609282588021598	0	500	phase_loop[21]	1788609277778943	9996	665c93578f30eef2	f82bebb08beced45
1788609282588021598	0	500	phase_loop[22]	1788609277788943	9996	bb252a2f4a9f9acc	f82bebb08beced45
1788609282588021598	0	500	phase_loop[23]	1788609277798943	9996	0af3ed9e5edbf601	f82bebb08beced45
1788609282588021598	0	500	phase_loop[24]	1788609277808943	9996	05b0d754f0525290	f82bebb08beced45
1788609282588021598	0	500	phase_loop[25]	1788609277818943	9996	57a7afd05ac6923e	f82bebb08beced45
1788609282588021598	0	500	phase_loop[26]	1788609277828943	9996	b67485a255c419b6	f82bebb08beced45
1788609282588021598	0	500	phase_loop[27]	1788609277838943	9995	f54024307641ee48	f82bebb08beced45
1788609282588021598	0	500	phase_loop[28]	1788609277848941	9998	386ef8df532126bc	f82bebb08beced45
1788609282588021598	0	500	phase_loop[29]	1788609277858944	9997	9df2201a2eb8cf27	f82bebb08beced45
1788609282588021598	0	500	phase_loop[30]	1788609277868945	9995	45ef246d7d659991	f82bebb08beced45
1788609282588021598	0	500	phase_loop[31]	1788609277878944	9994	fca6ffd93b88ff82	f82bebb08beced45
1788609282588021598	0	500	phase_loop[32]	1788609277888942	10056	7a1d33f0f50c9d30	f82bebb08beced45
1788609282588021598	0	500	phase_loop[33]	1788609277899003	9938	54406a0b7c646aef	f82bebb08beced45
1788609282588021598	0	500	phase_loop[34]	1788609277908945	9992	f5ac70db2baec525	f82bebb08beced45
1788609282588021598	0	500	phase_loop[35]	1788609277918975	9965	a4fe831399fa607c	f82bebb08beced45
1788609282588021598	0	500	phase_loop[36]	1788609277928946	9994	c34376770e2a8928	f82bebb08beced45
1788609282588021598	0	500	phase_loop[37]	1788609277938945	10006	176cc0da78693200	f82bebb08beced45
1788609282588021598	0	500	phase_loop[38]	1788609277948956	9997	129f9ced01fbe4d2	f82bebb08beced45
1788609282588021598	0	500	phase_loop[39]	1788609277958958	9990	f25bb62b5ecc7c76	f82bebb08beced45
1788609282588021598	0	500	phase_loop[40]	1788609277968964	9976	712772f137f39a26	f82bebb08beced45
1788609282588021598	0	500	phase_loop[41]	1788609277978957	9984	33de5ee167e8c361	f82bebb08beced45
1788609282588021598	0	500	phase_loop[42]	1788609277988945	10008	d83a83f56d7f20df	f82bebb08beced45
1788609282588021598	0	500	phase_loop[43]	1788609277998957	9996	80dee96b7b4d6bc9	f82bebb08beced45
1788609282588021598	0	500	phase_loop[44]	1788609278008958	9991	5e8b2512571b46b3	f82bebb08beced45
1788609282588021598	0	500	phase_loop[45]	1788609278018953	9987	e92c7e5cd2a691a3	f82bebb08beced45
1788609282588021598	0	500	phase_loop[46]	1788609278028956	9984	c91aae1ea88b74bb	f82bebb08beced45
1788609282588021598	0	500	phase_loop[47]	1788609278038956	9985	b9f2c6e48d98ada6	f82bebb08beced45
1788609282588021598	0	500	phase_loop[48]	1788609278048946	10006	a46368c5accf48bf	f82bebb08beced45
1788609282588021598	0	500	phase_loop[49]	1788609278058956	10001	f24893d09492a94f	f82bebb08beced45
1788609282588021598	0	500	phase_loop[50]	1788609278068962	9993	d7c95b445cbcbbd6	f82bebb08beced45
1788609282588021598	0	500	phase_loop[51]	1788609278078959	9981	6414b9aad759aa51	f82bebb08beced45
1788609282588021598	0	500	phase_loop[52]	1788609278088957	9983	022921550e6b5051	f82bebb08beced45
1788609282588021598	0	500	phase_loop[53]	1788609278098957	9982	c9eca6d2894b6f93	f82bebb08beced45
1788609282588021598	0	500	phase_loop[54]	1788609278108944	10006	657df9433996d3cb	f82bebb08beced45
1788609282588021598	0	500	phase_loop[55]	1788609278118955	9997	2466026532c5516b	f82bebb08beced45
1788609282588021598	0	500	phase_loop[56]	1788609278128956	9999	e6055274311b987b	f82bebb08beced45
1788609282588021598	0	500	phase_loop[57]	1788609278138959	9979	ca7a854437eb5377	f82bebb08beced45
1788609282588021598	0	500	phase_loop[58]	1788609278148954	9986	10e2041e4d15fa93	f82bebb08beced45
1788609282588021598	0	500	phase_loop[59]	1788609278158944	9986	72290c60d6e1ff78	f82bebb08beced45
1788609282588021598	0	500	phase_loop[60]	1788609278168946	10007	a365e87b47e4764e	f82bebb08beced45
1788609282588021598	0	500	phase_loop[61]	1788609278178957	9995	2e794fc7b4f16630	f82bebb08beced45
1788609282588021598	0	500	phase_loop[62]	1788609278188956	9985	6160b542209981bd	f82bebb08beced45
1788609282588021598	0	500	phase_loop[63]	1788609278198959	9981	3e3fd14c2f8dbe39	f82bebb08beced45
1788609282588021598	0	500	phase_loop[64]	1788609278208957	9981	fd81107d5145950e	f82bebb08beced45
1788609282588021598	0	500	phase_loop[65]	1788609278218942	10038	032556eb9900fd4c	f82bebb08beced45
1788609282588021598	0	500	phase_loop[66]	1788609278228985	9978	83bbfced60d6a4a7	f82bebb08beced45
1788609282588021598	0	500	phase_loop[67]	1788609278238968	9981	21681cecdb269c8f	f82bebb08beced45
1788609282588021598	0	500	phase_loop[68]	1788609278248953	9986	a05f512c6c847e18	f82bebb08beced45
1788609282588021598	0	500	phase_loop[69]	1788609278258955	9986	1ce48d582f46ecea	f82bebb08beced45
1788609282588021598	0	500	phase_loop[70]	1788609278268958	9983	c21da5470aa07f84	f82bebb08beced45
1788609282588021598	0	500	phase_loop[71]	1788609278278945	9994	b832fdf7d5a4e770	f82bebb08beced45
1788609282588021598	0	500	phase_loop[72]	1788609278288944	10009	d9d26ee592688301	f82bebb08beced45
1788609282588021598	0	500	phase_loop[73]	1788609278298958	9994	2c21d77431afb72b	f82bebb08beced45
1788609282588021598	0	500	phase_loop[74]	1788609278308957	9983	b2591dcbce90a1cf	f82bebb08beced45
1788609282588021598	0	500	phase_loop[75]	1788609278318956	9985	0ea60ec996f7ab4c	f82bebb08beced45
1788609282588021598	0	500	phase_loop[76]	1788609278328956	9984	8ff2c2573cc22cf6	f82bebb08beced45
1788609282588021598	0	500	phase_loop[77]	1788609278338945	10007	293568e052a19cb2	f82bebb08beced45
1788609282588021598	0	500	phase_loop[78]	1788609278348956	9995	3e97e70b788a831e	f82bebb08beced45
1788609282588021598	0	500	phase_loop[79]	1788609278358956	9996	da44c8eca1857581	f82bebb08beced45
1788609282588021598	0	500	phase_loop[80]	1788609278368957	9982	61399c419a3cf826	f82bebb08beced45
1788609282588021598	0	500	phase_loop[81]	1788609278378954	9986	cea042ebf9df7b96	f82bebb08beced45
1788609282588021598	0	500	phase_loop[82]	1788609278388957	9983	d9a02cbcf6e762fe	f82bebb08beced45
1788609282588021598	0	500	phase_loop[83]	1788609278398946	10012	0827c03fa39a3964	f82bebb08beced45
1788609282588021598	0	500	phase_loop[84]	1788609278408962	9990	8af50e66d9871463	f82bebb08beced45
1788609282588021598	0	500	phase_loop[85]	1788609278418957	9994	ea4b10811f16fb94	f82bebb08beced45
1788609282588021598	0	500	phase_loop[86]	1788609278428955	9983	f532155f417c21ff	f82bebb08beced45
1788609282588021598	0	500	phase_loop[87]	1788609278438955	9986	90d0a5150e0fe759	f82bebb08beced45
1788609282588021598	0	500	phase_loop[88]	1788609278448957	9982	3867407f5ed9f779	f82bebb08beced45
1788609282588021598	0	500	phase_loop[89]	1788609278458944	10007	f28a1597ec2106a5	f82bebb08beced45
1788609282588021598	0	500	phase_loop[90]	1788609278468955	9995	a81503605bb2cdb9	f82bebb08beced45
1788609282588021598	0	500	phase_loop[91]	1788609278478955	9984	cff9e1331794f31a	f82bebb08beced45
1788609282588021598	0	500	phase_loop[92]	1788609278488955	9986	f6b64cfbbfd8952d	f82bebb08beced45
1788609282588021598	0	500	phase_loop[93]	1788609278498956	9984	15e7ed37d8401c07	f82bebb08beced45
1788609282588021598	0	500	phase_loop[94]	1788609278508944	9985	29e223de0ac95079	f82bebb08beced45
1788609282588021598	0	500	phase_loop[95]	1788609278518946	10007	1a7b96ffc5b43806	f82bebb08beced45
1788609282588021598	0	500	phase_loop[96]	1788609278528957	9999	c41d595517dcfa02	f82bebb08beced45
1788609282588021598	0	500	phase_loop[97]	1788609278538960	9979	fc016abcb5b4c097	f82bebb08beced45
1788609282588021598	0	500	phase_loop[98]	1788609278548956	10028	2918fa7f489d9b49	f82bebb08beced45
1788609282588021598	0	500	phase_loop[99]	1788609278559002	9940	d804975af99ebc4c	f82bebb08beced45
1788609282588021598	0	500	phase_loop[100]	1788609278568949	9992	996817565ebf60e7	f82bebb08beced45
1788609282588021598	0	500	phase_loop[101]	1788609278578946	10003	648a0597f50a3927	f82bebb08beced45
1788609282588021598	0	500	phase_loop[102]	1788609278588954	9998	b67ff0f2fb22bbde	f82bebb08beced45
1788609282588021598	0	500	phase_loop[103]	1788609278598956	9984	25833b33883f3e12	f82bebb08beced45
1788609282588021598	0	500	phase_loop[104]	1788609278608958	9982	c4593c3c5fd88cb9	f82bebb08beced45
1788609282588021598	0	500	phase_loop[105]	1788609278618956	9984	185c77abcbf724b3	f82bebb08beced45
1788609282588021598	0	500	phase_loop[106]	1788609278628945	10007	b134b0b3a2fc412c	f82bebb08beced45
1788609282588021598	0	500	phase_loop[107]	1788609278638957	9996	09ce22674661d31b	f82bebb08beced45
1788609282588021598	0	500	phase_loop[108]	1788609278648957	9993	b608a0db2bd6b81e	f82bebb08beced45
1788609282588021598	0	500	phase_loop[109]	1788609278658955	9985	a86d4775f90120a2	f82bebb08beced45
1788609282588021598	0	500	phase_loop[110]	1788609278668955	9983	51252c431be878a9	f82bebb08beced45
1788609282588021598	0	500	phase_loop[111]	1788609278678954	9986	81f7d1e9da70ac08	f82bebb08beced45
1788609282588021598	0	500	phase_loop[112]	1788609278688945	10009	df5e36716dfa5871	f82bebb08beced45
1788609282588021598	0	500	phase_loop[113]	1788609278698957	9995	a95af31bca4b25d7	f82bebb08beced45
1788609282588021598	0	500	phase_loop[114]	1788609278708957	9992	941c01464cf9949d	f82bebb08beced45
1788609282588021598	0	500	phase_loop[115]	1788609278718953	9986	8ddc49542a998da3	f82bebb08beced45
1788609282588021598	0	500	phase_loop[116]	1788609278728956	9985	5fe9abc1ecc0db67	f82bebb08beced45
1788609282588021598	0	500	phase_loop[117]	1788609278738958	9985	2f4a968bfb6e3c0f	f82bebb08beced45
1788609282588021598	0	500	phase_loop[118]	1788609278748949	10007	f9e8e9cf5f73bf11	f82bebb08beced45
1788609282588021598	0	500	phase_loop[119]	1788609278758961	9993	c730dd6847103d80	f82bebb08beced45
1788609282588021598	0	500	phase_loop[120]	1788609278768958	9996	f77ae98dfdb295be	f82bebb08beced45
1788609282588021598	0	500	phase_loop[121]	1788609278778959	9981	c50af031d3ff831b	f82bebb08beced45
1788609282588021598	0	500	phase_loop[122]	1788609278788956	9985	40fde3af880837db	f82bebb08beced45
1788609282588021598	0	500	phase_loop[123]	1788609278798946	9984	e75a5e35c0b78b89	f82bebb08beced45
1788609282588021598	0	500	phase_loop[124]	1788609278808946	10007	eae5c4faa0f4bcfa	f82bebb08beced45
1788609282588021598	0	500	phase_loop[125]	1788609278818958	9996	cef268f3a09a9c91	f82bebb08beced45
1788609282588021598	0	500	phase_loop[126]	1788609278828958	9984	c284b8d36c595a27	f82bebb08beced45
1788609282588021598	0	500	phase_loop[127]	1788609278838958	9984	59fcd91ed059f505	f82bebb08beced45
1788609282588021598	0	500	phase_loop[128]	1788609278848958	9984	cb2824bbc823852c	f82bebb08beced45
1788609282588021598	0	500	phase_loop[129]	1788609278858946	9994	1241a2b7df65801e	f82bebb08beced45
1788609282588021598	0	500	phase_loop[130]	1788609278868946	10005	b179162de4bf9d06	f82bebb08beced45
1788609282588021598	0	500	phase_loop[131]	1788609278878956	10031	6f8843071f8ef9f7	f82bebb08beced45
1788609282588021598	0	500	phase_loop[132]	1788609278888992	9951	d16c362c454d36df	f82bebb08beced45
1788609282588021598	0	500	phase_loop[133]	1788609278898960	9982	799d3002e640aa96	f82bebb08beced45
1788609282588021598	0	500	phase_loop[134]	1788609278908960	9981	933b419d89264a62	f82bebb08beced45
1788609282588021598	0	500	phase_loop[135]	1788609278918945	9996	2d598c677ba39e0e	f82bebb08beced45
1788609282588021598	0	500	phase_loop[136]	1788609278928946	10008	f366f84b41f286e4	f82bebb08beced45
1788609282588021598	0	500	phase_loop[137]	1788609278938959	9994	3da5fc698b0d231b	f82bebb08beced45
1788609282588021598	0	500	phase_loop[138]	1788609278948956	9982	80a6f7d60a0c76d5	f82bebb08beced45
1788609282588021598	0	500	phase_loop[139]	1788609278958955	9984	49a16b76e4cb856f	f82bebb08beced45
1788609282588021598	0	500	phase_loop[140]	1788609278968955	9986	6af9ed789965a894	f82bebb08beced45
1788609282588021598	0	500	phase_loop[141]	1788609278978946	10008	c92da6c17c361e3b	f82bebb08beced45
1788609282588021598	0	500	phase_loop[142]	1788609278988958	9996	a0849a88f44f014b	f82bebb08beced45
1788609282588021598	0	500	phase_loop[143]	1788609278998959	9994	6a2c661a33c48245	f82bebb08beced45
1788609282588021598	0	500	phase_loop[144]	1788609279008958	9983	31a76794125635f4	f82bebb08beced45
1788609282588021598	0	500	phase_loop[145]	1788609279018956	9984	1ba416e2d7884188	f82bebb08beced45
1788609282588021598	0	500	phase_loop[146]	1788609279028956	9984	1d1c0257165c569d	f82bebb08beced45
1788609282588021598	0	500	phase_loop[147]	1788609279038945	10009	8a4513dcb0af0361	f82bebb08beced45
1788609282588021598	0	500	phase_loop[148]	1788609279048958	9994	4ba8328ed75e84b6	f82bebb08beced45
1788609282588021598	0	500	phase_loop[149]	1788609279058956	9996	0daf701b169a1af0	f82bebb08beced45
1788609282588021598	0	500	phase_loop[150]	1788609279068957	9983	595bb17edd78ddad	f82bebb08beced45
1788609282588021598	0	500	phase_loop[151]	1788609279078956	9984	c1c33fd4a22cb216	f82bebb08beced45
1788609282588021598	0	500	phase_loop[152]	1788609279088956	9984	42a0aa46d32d95db	f82bebb08beced45
1788609282588021598	0	500	phase_loop[153]	1788609279098945	10008	66dde2b8c8c0681a	f82bebb08beced45
1788609282588021598	0	500	phase_loop[154]	1788609279108958	10006	b65732424f2cf330	f82bebb08beced45
1788609282588021598	0	500	phase_loop[155]	1788609279118968	9973	b1cd56d5740ce691	f82bebb08beced45
1788609282588021598	0	500	phase_loop[156]	1788609279128960	9981	70d98a200bc33d99	f82bebb08beced45
1788609282588021598	0	500	phase_loop[157]	1788609279138957	9983	7057aec5ae2ded41	f82bebb08beced45
1788609282588021598	0	500	phase_loop[158]	1788609279148945	9984	64fe12fa6d643f1e	f82bebb08beced45
1788609282588021598	0	500	phase_loop[159]	1788609279158945	10008	5090c734d858f4c3	f82bebb08beced45
1788609282588021598	0	500	phase_loop[160]	1788609279168957	9996	501ed4ac3304b8f6	f82bebb08beced45
1788609282588021598	0	500	phase_loop[161]	1788609279178958	9982	f48f557a7c1fa916	f82bebb08beced45
1788609282588021598	0	500	phase_loop[162]	1788609279188956	9990	833db2e0f23ea835	f82bebb08beced45
1788609282588021598	0	500	phase_loop[163]	1788609279198965	9975	96c8ca549911425d	f82bebb08beced45
1788609282588021598	0	500	phase_loop[164]	1788609279208945	10033	73d221bd2d052aa4	f82bebb08beced45
1788609282588021598	0	500	phase_loop[165]	1788609279218984	9975	6dc8d7e13a32111a	f82bebb08beced45
1788609282588021598	0	500	phase_loop[166]	1788609279228963	10279	734245228ce60d0f	f82bebb08beced45
1788609282588021598	0	500	phase_loop[167]	1788609279239247	9692	8eca5b4805be8bd1	f82bebb08beced45
1788609282588021598	0	500	phase_loop[168]	1788609279248955	9985	66d8fd323f8d6c00	f82bebb08beced45
1788609282588021598	0	500	phase_loop[169]	1788609279258955	9985	a525e6a1a5bd1c31	f82bebb08beced45
1788609282588021598	0	500	phase_loop[170]	1788609279268945	10007	563f8f0112665290	f82bebb08beced45
1788609282588021598	0	500	phase_loop[171]	1788609279278956	9994	b56745e483478429	f82bebb08beced45
1788609282588021598	0	500	phase_loop[172]	1788609279288954	9999	565fbb82868e32a4	f82bebb08beced45
1788609282588021598	0	500	phase_loop[173]	1788609279298957	9984	d70845662a6a98b8	f82bebb08beced45
1788609282588021598	0	500	phase_loop[174]	1788609279308960	9981	a99b6820543834d1	f82bebb08beced45
1788609282588021598	0	500	phase_loop[175]	1788609279318958	9982	dc86dc6d0f3a012e	f82bebb08beced45
1788609282588021598	0	500	phase_loop[176]	1788609279328945	10007	d4552d644c46bd8e	f82bebb08beced45
1788609282588021598	0	500	phase_loop[177]	1788609279338956	9997	dd22bc6f7ad38678	f82bebb08beced45
1788609282588021598	0	500	phase_loop[178]	1788609279348957	9994	b71e48f65ce17b14	f82bebb08beced45
1788609282588021598	0	500	phase_loop[179]	1788609279358956	9986	41a39c3f48a3bdd5	f82bebb08beced45
1788609282588021598	0	500	phase_loop[180]	1788609279368961	9980	90cfe6b82788cc11	f82bebb08beced45
1788609282588021598	0	500	phase_loop[181]	1788609279378957	9982	3ec3449e18feeedf	f82bebb08beced45
1788609282588021598	0	500	phase_loop[182]	1788609279388943	10008	a9495ce4381880ba	f82bebb08beced45
1788609282588021598	0	500	phase_loop[183]	1788609279398955	9998	aeb6dd154f1342e9	f82bebb08beced45
1788609282588021598	0	500	phase_loop[184]	1788609279408958	10001	78bc72f9fd1c3450	f82bebb08beced45
1788609282588021598	0	500	phase_loop[185]	1788609279418963	9980	037a70062de3561f	f82bebb08beced45
1788609282588021598	0	500	phase_loop[186]	1788609279428959	9982	7f1e8f724ee51752	f82bebb08beced45
1788609282588021598	0	500	phase_loop[187]	1788609279438948	9981	123fa39be48d3db9	f82bebb08beced45
1788609282588021598	0	500	phase_loop[188]	1788609279448945	10006	c62f1fd2ead1eacd	f82bebb08beced45
1788609282588021598	0	500	phase_loop[189]	1788609279458955	9997	7feae24344837b06	f82bebb08beced45
1788609282588021598	0	500	phase_loop[190]	1788609279468956	9983	a266d9e60ca22746	f82bebb08beced45
1788609282588021598	0	500	phase_loop[191]	1788609279478955	9983	fe3e4779d3d749a1	f82bebb08beced45
1788609282588021598	0	500	phase_loop[192]	1788609279488953	9988	e5ae3837bfa8b254	f82bebb08beced45
1788609282588021598	0	500	phase_loop[193]	1788609279498945	9996	4abb65ff3e9134ad	f82bebb08beced45
1788609282588021598	0	500	phase_loop[194]	1788609279508946	10007	9b051d9a3f392dbb	f82bebb08beced45
1788609282588021598	0	500	phase_loop[195]	1788609279518957	9994	d38cf6be64f376ac	f82bebb08beced45
1788609282588021598	0	500	phase_loop[196]	1788609279528956	9984	57657da335b89a91	f82bebb08beced45
1788609282588021598	0	500	phase_loop[197]	1788609279538956	10027	39fb6ff0fe5b84b9	f82bebb08beced45
1788609282588021598	0	500	phase_loop[198]	1788609279549003	9938	2bee3d451680f704	f82bebb08beced45
1788609282588021598	0	500	phase_loop[199]	1788609279558946	9996	09466e00ac39eb49	f82bebb08beced45
1788609282588021598	0	500	phase_loop[200]	1788609279568948	10005	51f8ff3d781cd649	f82bebb08beced45
1788609282588021598	0	500	phase_loop[201]	1788609279578957	9992	724ab5f7cccdeaad	f82bebb08beced45
1788609282588021598	0	500	phase_loop[202]	1788609279588953	9987	af04341181ae9faf	f82bebb08beced45
1788609282588021598	0	500	phase_loop[203]	1788609279598957	9983	717127208ae238fb	f82bebb08beced45
1788609282588021598	0	500	phase_loop[204]	1788609279608958	9981	b224db2040881d0c	f82bebb08beced45
1788609282588021598	0	500	phase_loop[205]	1788609279618942	10009	b5ed71d4cee5d4d3	f82bebb08beced45
1788609282588021598	0	500	phase_loop[206]	1788609279628955	9998	1496b9cc123dc727	f82bebb08beced45
1788609282588021598	0	500	phase_loop[207]	1788609279638958	9994	ad024b07a433983b	f82bebb08beced45
1788609282588021598	0	500	phase_loop[208]	1788609279648957	9984	1c61be12b7d27a89	f82bebb08beced45
1788609282588021598	0	500	phase_loop[209]	1788609279658959	9981	a257cf18ed83ed1f	f82bebb08beced45
1788609282588021598	0	500	phase_loop[210]	1788609279668956	9984	aee872b21f34fefa	f82bebb08beced45
1788609282588021598	0	500	phase_loop[211]	1788609279678945	10005	e6f4f7cf1e239cd0	f82bebb08beced45
1788609282588021598	0	500	phase_loop[212]	1788609279688954	9999	87b058851d1575e5	f82bebb08beced45
1788609282588021598	0	500	phase_loop[213]	1788609279698957	9996	49ddad77880e81a4	f82bebb08beced45
1788609282588021598	0	500	phase_loop[214]	1788609279708957	9981	b5d32e3f59584f4e	f82bebb08beced45
1788609282588021598	0	500	phase_loop[215]	1788609279718952	9988	da838fb77c4a12e5	f82bebb08beced45
1788609282588021598	0	500	phase_loop[216]	1788609279728957	9984	f39fe644d6ba1f62	f82bebb08beced45
1788609282588021598	0	500	phase_loop[217]	1788609279738947	10006	30e0a6338159733b	f82bebb08beced45
1788609282588021598	0	500	phase_loop[218]	1788609279748957	9996	7499f9c7586a49e6	f82bebb08beced45
1788609282588021598	0	500	phase_loop[219]	1788609279758958	9982	38b5373c873f38ea	f82bebb08beced45
1788609282588021598	0	500	phase_loop[220]	1788609279768956	9985	e202147fcbfc5ae0	f82bebb08beced45
1788609282588021598	0	500	phase_loop[221]	1788609279778956	9988	80e2c15536ba80b2	f82bebb08beced45
1788609282588021598	0	500	phase_loop[222]	1788609279788949	9978	2086e6ad63486648	f82bebb08beced45
1788609282588021598	0	500	phase_loop[223]	1788609279798946	10009	9fefd45b4145d2fb	f82bebb08beced45
1788609282588021598	0	500	phase_loop[224]	1788609279808959	9995	f479f8d676ad34a5	f82bebb08beced45
1788609282588021598	0	500	phase_loop[225]	1788609279818958	9982	7b92b26ec33f14cb	f82bebb08beced45
1788609282588021598	0	500	phase_loop[226]	1788609279828956	9986	b830c8d3a3a55eea	f82bebb08beced45
1788609282588021598	0	500	phase_loop[227]	1788609279838958	9980	e5b280d0c0b08081	f82bebb08beced45
1788609282588021598	0	500	phase_loop[228]	1788609279848942	9998	9bf29e2e400b38c9	f82bebb08beced45
1788609282588021598	0	500	phase_loop[229]	1788609279858946	10014	917d20ae1deade68	f82bebb08beced45
1788609282588021598	0	500	phase_loop[230]	1788609279868964	10034	28d4e9d92c9bd13f	f82bebb08beced45
1788609282588021598	0	500	phase_loop[231]	1788609279879003	9937	0f50107eec0488c8	f82bebb08beced45
1788609282588021598	0	500	phase_loop[232]	1788609279888957	9983	b7ddfb97a13959e2	f82bebb08beced45
1788609282588021598	0	500	phase_loop[233]	1788609279898956	9984	52424cac2fec8f9f	f82bebb08beced45
1788609282588021598	0	500	phase_loop[234]	1788609279908945	10004	7caee4e05eae0aac	f82bebb08beced45
1788609282588021598	0	500	phase_loop[235]	1788609279918954	9999	f87bfd6d2ca45034	f82bebb08beced45
1788609282588021598	0	500	phase_loop[236]	1788609279928958	9997	92de343f1b23b5b1	f82bebb08beced45
1788609282588021598	0	500	phase_loop[237]	1788609279938959	9983	e1e1f99a58699d93	f82bebb08beced45
1788609282588021598	0	500	phase_loop[238]	1788609279948958	9984	51726639b0bb076c	f82bebb08beced45
1788609282588021598	0	500	phase_loop[239]	1788609279958958	9982	604a49f163a9fb83	f82bebb08beced45
1788609282588021598	0	500	phase_loop[240]	1788609279968946	10009	05da339c7dacd66f	f82bebb08beced45
1788609282588021598	0	500	phase_loop[241]	1788609279978959	9993	d57b3aaffa95c399	f82bebb08beced45
1788609282588021598	0	500	phase_loop[242]	1788609279988956	9997	ff726794e3c79ee6	f82bebb08beced45
1788609282588021598	0	500	phase_loop[243]	1788609279998957	9983	108e5e01f9cb4551	f82bebb08beced45
1788609282588021598	0	500	phase_loop[244]	1788609280008956	9985	80c2d9b2c2235174	f82bebb08beced45
1788609282588021598	0	500	phase_loop[245]	1788609280018956	9985	cfac92d050df8823	f82bebb08beced45
1788609282588021598	0	500	phase_loop[246]	1788609280028946	10009	f2dc200fae090d96	f82bebb08beced45
1788609282588021598	0	500	phase_loop[247]	1788609280038959	9994	52eac0c6b5df1daa	f82bebb08beced45
1788609282588021598	0	500	phase_loop[248]	1788609280048957	9993	da2d0a66e0a109f1	f82bebb08beced45
1788609282588021598	0	500	phase_loop[249]	1788609280058956	9985	ba4b3524e1a1c671	f82bebb08beced45
1788609282588021598	0	500	phase_loop[250]	1788609280068956	9984	c937156522fa6970	f82bebb08beced45
1788609282588021598	0	500	phase_loop[251]	1788609280078945	9983	7e0e9c7bdfbbf8ee	f82bebb08beced45
1788609282588021598	0	500	phase_loop[252]	1788609280088945	10008	1d8f16751ac7394f	f82bebb08beced45
1788609282588021598	0	500	phase_loop[253]	1788609280098957	9996	0865fe43973cff4f	f82bebb08beced45
1788609282588021598	0	500	phase_loop[254]	1788609280108958	9982	5d865c617fa28c93	f82bebb08beced45
1788609282588021598	0	500	phase_loop[255]	1788609280118956	9983	9c1cb999812ff30f	f82bebb08beced45
1788609282588021598	0	500	phase_loop[256]	1788609280128956	9984	ab8f8ed8094d173c	f82bebb08beced45
1788609282588021598	0	500	phase_loop[257]	1788609280138945	9993	3bdc38e8c29170eb	f82bebb08beced45
1788609282588021598	0	500	phase_loop[258]	1788609280148943	10009	89a2170e72f8cc32	f82bebb08beced45
1788609282588021598	0	500	phase_loop[259]	1788609280158956	9996	caa002b4a0418824	f82bebb08beced45
1788609282588021598	0	500	phase_loop[260]	1788609280168956	9984	93c0bafc9553b22a	f82bebb08beced45
1788609282588021598	0	500	phase_loop[261]	1788609280178956	9982	7102ac2be1d0dfd5	f82bebb08beced45
1788609282588021598	0	500	phase_loop[262]	1788609280188953	9987	e238be93ffde2e54	f82bebb08beced45
1788609282588021598	0	500	phase_loop[263]	1788609280198944	10042	b8670bd5d43bddcd	f82bebb08beced45
1788609282588021598	0	500	phase_loop[264]	1788609280208992	9975	0357ae14966fa4f9	f82bebb08beced45
1788609282588021598	0	500	phase_loop[265]	1788609280218971	9980	8e7dceeff7be4c16	f82bebb08beced45
1788609282588021598	0	500	phase_loop[266]	1788609280228956	9984	fef33c32a80e03ee	f82bebb08beced45
1788609282588021598	0	500	phase_loop[267]	1788609280238957	9983	23ac06779d67be5b	f82bebb08beced45
1788609282588021598	0	500	phase_loop[268]	1788609280248955	9985	28b8fa19a16192a1	f82bebb08beced45
1788609282588021598	0	500	phase_loop[269]	1788609280258945	10009	30607e3d71709d72	f82bebb08beced45
1788609282588021598	0	500	phase_loop[270]	1788609280268958	9995	da0a3e0e99c88721	f82bebb08beced45
1788609282588021598	0	500	phase_loop[271]	1788609280278957	9991	d2316ed45d4b4bc5	f82bebb08beced45
1788609282588021598	0	500	phase_loop[272]	1788609280288952	9988	feb33ebf51d34ce6	f82bebb08beced45
1788609282588021598	0	500	phase_loop[273]	1788609280298957	9983	1533106d04b32ac4	f82bebb08beced45
1788609282588021598	0	500	phase_loop[274]	1788609280308957	9983	bd97ba620fc1bdc4	f82bebb08beced45
1788609282588021598	0	500	phase_loop[275]	1788609280318947	10007	102201ba96b7df84	f82bebb08beced45
1788609282588021598	0	500	phase_loop[276]	1788609280328958	9993	15110bb85d7a7048	f82bebb08beced45
1788609282588021598	0	500	phase_loop[277]	1788609280338955	9994	224f7a72bae0d586	f82bebb08beced45
1788609282588021598	0	500	phase_loop[278]	1788609280348954	9987	65c728f52af5600d	f82bebb08beced45
1788609282588021598	0	500	phase_loop[279]	1788609280358955	9986	ec42e22e448450ec	f82bebb08beced45
1788609282588021598	0	500	phase_loop[280]	1788609280368958	9981	6aa153565c565431	f82bebb08beced45
1788609282588021598	0	500	phase_loop[281]	1788609280378945	10012	5e89122902fe3b23	f82bebb08beced45
1788609282588021598	0	500	phase_loop[282]	1788609280388960	9992	b112880c0ef43400	f82bebb08beced45
1788609282588021598	0	500	phase_loop[283]	1788609280398957	9984	0b09927d56b10cdc	f82bebb08beced45
1788609282588021598	0	500	phase_loop[284]	1788609280408962	9977	012bfa49b5fcede4	f82bebb08beced45
1788609282588021598	0	500	phase_loop[285]	1788609280418955	9985	e5ca52affc921ea4	f82bebb08beced45
1788609282588021598	0	500	phase_loop[286]	1788609280428945	9984	38b28419e89bc3a4	f82bebb08beced45
1788609282588021598	0	500	phase_loop[287]	1788609280438945	10007	82fdbb7f6f500087	f82bebb08beced45
1788609282588021598	0	500	phase_loop[288]	1788609280448957	9995	ec10fa4e893b31de	f82bebb08beced45
1788609282588021598	0	500	phase_loop[289]	1788609280458957	9983	4c10c5d5c42cf00e	f82bebb08beced45
1788609282588021598	0	500	phase_loop[290]	1788609280468956	9985	c34879e9e481f8f5	f82bebb08beced45
1788609282588021598	0	500	phase_loop[291]	1788609280478957	9982	721d37fdd0016d8c	f82bebb08beced45
1788609282588021598	0	500	phase_loop[292]	1788609280488943	9998	c3fdfa3e09abfdaa	f82bebb08beced45
1788609282588021598	0	500	phase_loop[293]	1788609280498945	10008	8406b28441711208	f82bebb08beced45
1788609282588021598	0	500	phase_loop[294]	1788609280508957	9995	b566da24b12834e8	f82bebb08beced45
1788609282588021598	0	500	phase_loop[295]	1788609280518956	9984	bf28e37911ec367f	f82bebb08beced45
1788609282588021598	0	500	phase_loop[296]	1788609280528956	10022	51f63ced7077e240	f82bebb08beced45
1788609282588021598	0	500	phase_loop[297]	1788609280538996	9944	b21ced4eb2bd6eb8	f82bebb08beced45
1788609282588021598	0	500	phase_loop[298]	1788609280548946	10010	f3d41384494d012f	f82bebb08beced45
1788609282588021598	0	500	phase_loop[299]	1788609280558960	9991	8a3ea2a0a32a6ba1	f82bebb08beced45
1788609282588021598	0	500	phase_loop[300]	1788609280568955	9995	639117c91bfcaf8f	f82bebb08beced45
1788609282588021598	0	500	phase_loop[301]	1788609280578955	9984	6e2d59a3c298d47f	f82bebb08beced45
1788609282588021598	0	500	phase_loop[302]	1788609280588953	9990	e44866fa7d2779e2	f82bebb08beced45
1788609282588021598	0	500	phase_loop[303]	1788609280598958	9982	ea89adc665fa54c4	f82bebb08beced45
1788609282588021598	0	500	phase_loop[304]	1788609280608945	10006	38d0d8839710d9aa	f82bebb08beced45
1788609282588021598	0	500	phase_loop[305]	1788609280618954	9997	bd6035fd0bfa6237	f82bebb08beced45
1788609282588021598	0	500	phase_loop[306]	1788609280628956	9997	0d570233d0704ae1	f82bebb08beced45
1788609282588021598	0	500	phase_loop[307]	1788609280638957	9981	3c6062f8ce14ee5f	f82bebb08beced45
1788609282588021598	0	500	phase_loop[308]	1788609280648952	9991	0e186d29b1ff9d16	f82bebb08beced45
1788609282588021598	0	500	phase_loop[309]	1788609280658961	9980	8d317a3e42fd2b1f	f82bebb08beced45
1788609282588021598	0	500	phase_loop[310]	1788609280668946	10008	20f1df8e9eae01f1	f82bebb08beced45
1788609282588021598	0	500	phase_loop[311]	1788609280678958	9994	89c6ee133f8fc432	f82bebb08beced45
1788609282588021598	0	500	phase_loop[312]	1788609280688957	9993	e28b9bf4727f04d1	f82bebb08beced45
1788609282588021598	0	500	phase_loop[313]	1788609280698954	9986	1bd92118ad5db640	f82bebb08beced45
1788609282588021598	0	500	phase_loop[314]	1788609280708957	9982	c73151e864944b38	f82bebb08beced45
1788609282588021598	0	500	phase_loop[315]	1788609280718944	9984	9c7efa9a5a7311b2	f82bebb08beced45
1788609282588021598	0	500	phase_loop[316]	1788609280728945	10007	8e75d8713ac26c6b	f82bebb08beced45
1788609282588021598	0	500	phase_loop[317]	1788609280738957	9994	1f1c8337b5b62c46	f82bebb08beced45
1788609282588021598	0	500	phase_loop[318]	1788609280748955	9986	611e03b29570f8c5	f82bebb08beced45
1788609282588021598	0	500	phase_loop[319]	1788609280758957	9984	f8c04115d1682fa9	f82bebb08beced45
1788609282588021598	0	500	phase_loop[320]	1788609280768960	9981	77c2b7a33c2fde0d	f82bebb08beced45
1788609282588021598	0	500	phase_loop[321]	1788609280778946	9993	5e040b1c9d1338dc	f82bebb08beced45
1788609282588021598	0	500	phase_loop[322]	1788609280788943	10010	ca7784836e7268f0	f82bebb08beced45
1788609282588021598	0	500	phase_loop[323]	1788609280798957	9994	74318fb953598ee6	f82bebb08beced45
1788609282588021598	0	500	phase_loop[324]	1788609280808956	9983	ce1b4aa28c0064bd	f82bebb08beced45
1788609282588021598	0	500	phase_loop[325]	1788609280818955	9984	398343c9bba4b040	f82bebb08beced45
1788609282588021598	0	500	phase_loop[326]	1788609280828955	9985	defdf4aad6feb9c0	f82bebb08beced45
1788609282588021598	0	500	phase_loop[327]	1788609280838945	9994	2cd13289714af025	f82bebb08beced45
1788609282588021598	0	500	phase_loop[328]	1788609280848945	10008	3483d51862ea9ff1	f82bebb08beced45
1788609282588021598	0	500	phase_loop[329]	1788609280858957	10037	59681eebb304ab10	f82bebb08beced45
1788609282588021598	0	500	phase_loop[330]	1788609280869000	9944	ab75b6bc7c20360e	f82bebb08beced45
1788609282588021598	0	500	phase_loop[331]	1788609280878966	9974	836abccc71d18497	f82bebb08beced45
1788609282588021598	0	500	phase_loop[332]	1788609280888956	9984	f1a4618766e6eb4b	f82bebb08beced45
1788609282588021598	0	500	phase_loop[333]	1788609280898945	10009	e179cf04006ba063	f82bebb08beced45
1788609282588021598	0	500	phase_loop[334]	1788609280908958	9991	321338e1f751f022	f82bebb08beced45
1788609282588021598	0	500	phase_loop[335]	1788609280918953	9998	a27dbc5ffa1e4d3f	f82bebb08beced45
1788609282588021598	0	500	phase_loop[336]	1788609280928956	9985	f4dfca35a3f70d22	f82bebb08beced45
1788609282588021598	0	500	phase_loop[337]	1788609280938957	9983	53e0307fbbe4b061	f82bebb08beced45
1788609282588021598	0	500	phase_loop[338]	1788609280948957	9983	f5d3663284a1452d	f82bebb08beced45
1788609282588021598	0	500	phase_loop[339]	1788609280958946	10008	b177fff792e85436	f82bebb08beced45
1788609282588021598	0	500	phase_loop[340]	1788609280968958	9994	1cdcc75bdbcd37cb	f82bebb08beced45
1788609282588021598	0	500	phase_loop[341]	1788609280978957	9997	ce8a9007b1ee66dd	f82bebb08beced45
1788609282588021598	0	500	phase_loop[342]	1788609280988958	9982	9e3bffb1b274c5fd	f82bebb08beced45
1788609282588021598	0	500	phase_loop[343]	1788609280998957	9984	ebdbaf55b0e0d2b7	f82bebb08beced45
1788609282588021598	0	500	phase_loop[344]	1788609281008957	9983	202a8d9bdfb87060	f82bebb08beced45
1788609282588021598	0	500	phase_loop[345]	1788609281018945	10007	1836cef22c285310	f82bebb08beced45
1788609282588021598	0	500	phase_loop[346]	1788609281028956	9997	0b3eb1ee20ce301f	f82bebb08beced45
1788609282588021598	0	500	phase_loop[347]	1788609281038958	9982	bd869080fd3c4737	f82bebb08beced45
1788609282588021598	0	500	phase_loop[348]	1788609281048956	9984	de6ef2dec02d8d06	f82bebb08beced45
1788609282588021598	0	500	phase_loop[349]	1788609281058956	9990	a3896cb36284854d	f82bebb08beced45
1788609282588021598	0	500	phase_loop[350]	1788609281068953	9971	677d5a945fc18961	f82bebb08beced45
1788609282588021598	0	500	phase_loop[351]	1788609281078947	10006	999449ff9d049f65	f82bebb08beced45
1788609282588021598	0	500	phase_loop[352]	1788609281088957	9996	85873fc8544707d4	f82bebb08beced45
1788609282588021598	0	500	phase_loop[353]	1788609281098958	9982	c23d7191878b68ff	f82bebb08beced45
1788609282588021598	0	500	phase_loop[354]	1788609281108958	9983	48dedf036d363d95	f82bebb08beced45
1788609282588021598	0	500	phase_loop[355]	1788609281118958	9981	d3ee3803314f8ddd	f82bebb08beced45
1788609282588021598	0	500	phase_loop[356]	1788609281128944	9997	3c86e3d535a8d182	f82bebb08beced45
1788609282588021598	0	500	phase_loop[357]	1788609281138946	10007	803ef089f9adc50d	f82bebb08beced45
1788609282588021598	0	500	phase_loop[358]	1788609281148958	9996	9fba72d2c7c3fe75	f82bebb08beced45
1788609282588021598	0	500	phase_loop[359]	1788609281158958	9982	d6303f1cab167263	f82bebb08beced45
1788609282588021598	0	500	phase_loop[360]	1788609281168957	9982	d56ee50b9fd2a0d1	f82bebb08beced45
1788609282588021598	0	500	phase_loop[361]	1788609281178956	9983	451eef397dc19bc3	f82bebb08beced45
1788609282588021598	0	500	phase_loop[362]	1788609281188943	10053	3f5efc8c1fa78421	f82bebb08beced45
1788609282588021598	0	500	phase_loop[363]	1788609281199001	9956	442a1fb5cec8491e	f82bebb08beced45
1788609282588021598	0	500	phase_loop[364]	1788609281208961	9994	3aaae599574a6aac	f82bebb08beced45
1788609282588021598	0	500	phase_loop[365]	1788609281218959	9983	1fef435d66fccef5	f82bebb08beced45
1788609282588021598	0	500	phase_loop[366]	1788609281228960	9981	bea6ae81739b351d	f82bebb08beced45
1788609282588021598	0	500	phase_loop[367]	1788609281238957	9984	1a02837b31e794f2	f82bebb08beced45
1788609282588021598	0	500	phase_loop[368]	1788609281248945	10007	b77ba47e0b86208f	f82bebb08beced45
1788609282588021598	0	500	phase_loop[369]	1788609281258956	9997	6bb5da8fd8a451fe	f82bebb08beced45
1788609282588021598	0	500	phase_loop[370]	1788609281268957	9997	768232da2cb1f065	f82bebb08beced45
1788609282588021598	0	500	phase_loop[371]	1788609281278959	9980	4867a1d60b50d70b	f82bebb08beced45
1788609282588021598	0	500	phase_loop[372]	1788609281288956	9985	d7f0ef5b32967b38	f82bebb08beced45
1788609282588021598	0	500	phase_loop[373]	1788609281298958	9981	6fc514f7a8bcaf26	f82bebb08beced45
1788609282588021598	0	500	phase_loop[374]	1788609281308944	10006	f9d2a6acc51e66e7	f82bebb08beced45
1788609282588021598	0	500	phase_loop[375]	1788609281318955	9996	930d1c30bf112efd	f82bebb08beced45
1788609282588021598	0	500	phase_loop[376]	1788609281328955	9996	b7828552a94195b8	f82bebb08beced45
1788609282588021598	0	500	phase_loop[377]	1788609281338956	9984	1c00363c0534dfda	f82bebb08beced45
1788609282588021598	0	500	phase_loop[378]	1788609281348955	9984	bdb4ce659e2ae3d7	f82bebb08beced45
1788609282588021598	0	500	phase_loop[379]	1788609281358944	9986	f210e9710025aafa	f82bebb08beced45
1788609282588021598	0	500	phase_loop[380]	1788609281368945	10007	143ae1ec592674d3	f82bebb08beced45
1788609282588021598	0	500	phase_loop[381]	1788609281378957	9992	9d35257aa1cf8858	f82bebb08beced45
1788609282588021598	0	500	phase_loop[382]	1788609281388953	9986	35d7e1f02d650c6a	f82bebb08beced45
1788609282588021598	0	500	phase_loop[383]	1788609281398956	9985	b542549d366d3e62	f82bebb08beced45
1788609282588021598	0	500	phase_loop[384]	1788609281408957	9982	c8d1a52ea57fba8e	f82bebb08beced45
1788609282588021598	0	500	phase_loop[385]	1788609281418945	9994	8dc4e39f9e2ca9ae	f82bebb08beced45
1788609282588021598	0	500	phase_loop[386]	1788609281428944	10018	2cc4ec87e0d7d66a	f82bebb08beced45
1788609282588021598	0	500	phase_loop[387]	1788609281438966	9987	b97ba102b2b07d0c	f82bebb08beced45
1788609282588021598	0	500	phase_loop[388]	1788609281448957	9982	902b79128fc16ad1	f82bebb08beced45
1788609282588021598	0	500	phase_loop[389]	1788609281458956	9984	a3283171608def6d	f82bebb08beced45
1788609282588021598	0	500	phase_loop[390]	1788609281468955	9986	453b97e5323c9e84	f82bebb08beced45
1788609282588021598	0	500	phase_loop[391]	1788609281478945	9995	2d0c1245d554fa66	f82bebb08beced45
1788609282588021598	0	500	phase_loop[392]	1788609281488944	10009	c620975bd08a09fb	f82bebb08beced45
1788609282588021598	0	500	phase_loop[393]	1788609281498957	9995	8b378ccda1db692d	f82bebb08beced45
1788609282588021598	0	500	phase_loop[394]	1788609281508956	9983	24af675ce1c91e4a	f82bebb08beced45
1788609282588021598	0	500	phase_loop[395]	1788609281518955	10022	4ee9ed51f39d8f6d	f82bebb08beced45
1788609282588021598	0	500	phase_loop[396]	1788609281528996	9946	9bd0524f60570112	f82bebb08beced45
1788609282588021598	0	500	phase_loop[397]	1788609281538947	10006	df1340f15e12198e	f82bebb08beced45
1788609282588021598	0	500	phase_loop[398]	1788609281548958	10000	8cdca4d05fe62dac	f82bebb08beced45
1788609282588021598	0	500	phase_loop[399]	1788609281558964	9990	91efb7c97b267c4f	f82bebb08beced45
1788609282588021598	0	500	phase_loop[400]	1788609281568959	9981	677842ab406b7656	f82bebb08beced45
1788609282588021598	0	500	phase_loop[401]	1788609281578955	9986	f5587c716bb21ec2	f82bebb08beced45
1788609282588021598	0	500	phase_loop[402]	1788609281588957	9987	fc076f178eaffdcb	f82bebb08beced45
1788609282588021598	0	500	phase_loop[403]	1788609281598951	10004	d15fdb9b0e031a54	f82bebb08beced45
1788609282588021598	0	500	phase_loop[404]	1788609281608959	9994	facfe5ed8790b050	f82bebb08beced45
1788609282588021598	0	500	phase_loop[405]	1788609281618958	9993	67f8431690be2893	f82bebb08beced45
1788609282588021598	0	500	phase_loop[406]	1788609281628955	9986	fece5703765e7116	f82bebb08beced45
1788609282588021598	0	500	phase_loop[407]	1788609281638957	9984	144f985113e01b4b	f82bebb08beced45
1788609282588021598	0	500	phase_loop[408]	1788609281648958	9981	6d203e0f2908b27f	f82bebb08beced45
1788609282588021598	0	500	phase_loop[409]	1788609281658944	10015	c5ca4df3b6504926	f82bebb08beced45
1788609282588021598	0	500	phase_loop[410]	1788609281668964	9991	f845cae565551fbe	f82bebb08beced45
1788609282588021598	0	500	phase_loop[411]	1788609281678959	9981	4a5bebb5dbc29fbc	f82bebb08beced45
1788609282588021598	0	500	phase_loop[412]	1788609281688955	9986	3f522e0fb59ccdcb	f82bebb08beced45
1788609282588021598	0	500	phase_loop[413]	1788609281698957	9982	9b3734d7ddfc0a79	f82bebb08beced45
1788609282588021598	0	500	phase_loop[414]	1788609281708944	9985	52b5a2bcdccfc448	f82bebb08beced45
1788609282588021598	0	500	phase_loop[415]	1788609281718944	10007	70383f1cd868a5be	f82bebb08beced45
1788609282588021598	0	500	phase_loop[416]	1788609281728956	9996	a5df131f3d338107	f82bebb08beced45
1788609282588021598	0	500	phase_loop[417]	1788609281738956	9982	2285bb46b2b0c9dc	f82bebb08beced45
1788609282588021598	0	500	phase_loop[418]	1788609281748953	9988	ee503aec09bfb473	f82bebb08beced45
1788609282588021598	0	500	phase_loop[419]	1788609281758957	9984	9f84e6376491553e	f82bebb08beced45
1788609282588021598	0	500	phase_loop[420]	1788609281768945	9997	2f9167f34c719649	f82bebb08beced45
1788609282588021598	0	500	phase_loop[421]	1788609281778947	10006	65af5453448b54d9	f82bebb08beced45
1788609282588021598	0	500	phase_loop[422]	1788609281788958	9995	37434e10700e342a	f82bebb08beced45
1788609282588021598	0	500	phase_loop[423]	1788609281798957	9984	12268b24e40d4533	f82bebb08beced45
1788609282588021598	0	500	phase_loop[424]	1788609281808957	9983	1187317937151961	f82bebb08beced45
1788609282588021598	0	500	phase_loop[425]	1788609281818956	9983	01340b9f2268a6f7	f82bebb08beced45
1788609282588021598	0	500	phase_loop[426]	1788609281828944	10009	79ec3d2a33a551ea	f82bebb08beced45
1788609282588021598	0	500	phase_loop[427]	1788609281838958	9993	43d57bfadab77ac4	f82bebb08beced45
1788609282588021598	0	500	phase_loop[428]	1788609281848955	10034	94527a7b0864a06f	f82bebb08beced45
1788609282588021598	0	500	phase_loop[429]	1788609281858994	9947	bb2d3df1e0c1a8bc	f82bebb08beced45
1788609282588021598	0	500	phase_loop[430]	1788609281868958	9986	06b5e4f96ad6c949	f82bebb08beced45
1788609282588021598	0	500	phase_loop[431]	1788609281878962	9979	0aec5f1103ddb87b	f82bebb08beced45
1788609282588021598	0	500	phase_loop[432]	1788609281888946	10008	1a255e605838a4f3	f82bebb08beced45
1788609282588021598	0	500	phase_loop[433]	1788609281898958	9996	88be91fb59aa72f5	f82bebb08beced45
1788609282588021598	0	500	phase_loop[434]	1788609281908959	9989	13fa8471919afec5	f82bebb08beced45
1788609282588021598	0	500	phase_loop[435]	1788609281918952	9988	e007b77089c38bff	f82bebb08beced45
1788609282588021598	0	500	phase_loop[436]	1788609281928956	9985	afbb9019d78045ea	f82bebb08beced45
1788609282588021598	0	500	phase_loop[437]	1788609281938956	9984	61e68296bb840212	f82bebb08beced45
1788609282588021598	0	500	phase_loop[438]	1788609281948945	10008	aada29a21df32ba4	f82bebb08beced45
1788609282588021598	0	500	phase_loop[439]	1788609281958957	9995	b5008a9f9e9005fc	f82bebb08beced45
1788609282588021598	0	500	phase_loop[440]	1788609281968956	9996	649287cce12a0c69	f82bebb08beced45
1788609282588021598	0	500	phase_loop[441]	1788609281978957	9984	2567796aab9fb6db	f82bebb08beced45
1788609282588021598	0	500	phase_loop[442]	1788609281988958	9984	67f8bd43cea56002	f82bebb08beced45
1788609282588021598	0	500	phase_loop[443]	1788609281998946	9984	814a1d8bfda5f53b	f82bebb08beced45
1788609282588021598	0	500	phase_loop[444]	1788609282008947	10005	a40fdb7f48183bca	f82bebb08beced45
1788609282588021598	0	500	phase_loop[445]	1788609282018956	9994	fcc16679ffa20b8b	f82bebb08beced45
1788609282588021598	0	500	phase_loop[446]	1788609282028955	9986	dd09938efceb90f4	f82bebb08beced45
1788609282588021598	0	500	phase_loop[447]	1788609282038958	9981	ce76599fc0e7d1e8	f82bebb08beced45
1788609282588021598	0	500	phase_loop[448]	1788609282048953	9988	ad0cf2c88d2599ca	f82bebb08beced45
1788609282588021598	0	500	phase_loop[449]	1788609282058945	9995	fe340bb637759701	f82bebb08beced45
1788609282588021598	0	500	phase_loop[450]	1788609282068945	10007	80ab56807cb06271	f82bebb08beced45
1788609282588021598	0	500	phase_loop[451]	1788609282078957	9991	b3b3d10aa641b017	f82bebb08beced45
1788609282588021598	0	500	phase_loop[452]	1788609282088952	9987	30bf22393ee60c64	f82bebb08beced45
1788609282588021598	0	500	phase_loop[453]	1788609282098955	9984	68983ed3a52c57c1	f82bebb08beced45
1788609282588021598	0	500	phase_loop[454]	1788609282108955	9984	a84240429bf7663e	f82bebb08beced45
1788609282588021598	0	500	phase_loop[455]	1788609282118946	9996	3aff554d4ddd39a7	f82bebb08beced45
1788609282588021598	0	500	phase_loop[456]	1788609282128946	10005	898243a764c4352a	f82bebb08beced45
1788609282588021598	0	500	phase_loop[457]	1788609282138956	9994	2f609e74af6d91e5	f82bebb08beced45
1788609282588021598	0	500	phase_loop[458]	1788609282148954	9986	49956c32ee1b2dcd	f82bebb08beced45
1788609282588021598	0	500	phase_loop[459]	1788609282158956	9984	02ffc556ef48e59d	f82bebb08beced45
1788609282588021598	0	500	phase_loop[460]	1788609282168956	9984	d106227ec16cd0c9	f82bebb08beced45
1788609282588021598	0	500	phase_loop[461]	1788609282178944	10046	20ac9eafb2b99ec4	f82bebb08beced45
1788609282588021598	0	500	phase_loop[462]	1788609282188995	9961	de25b0394b930d99	f82bebb08beced45
1788609282588021598	0	500	phase_loop[463]	1788609282198961	9993	edabae3a589bf6be	f82bebb08beced45
1788609282588021598	0	500	phase_loop[464]	1788609282208959	9982	d684b43897105c00	f82bebb08beced45
1788609282588021598	0	500	phase_loop[465]	1788609282218957	9985	e00c062c51239094	f82bebb08beced45
1788609282588021598	0	500	phase_loop[466]	1788609282228961	9980	2ae8bd4610967760	f82bebb08beced45
1788609282588021598	0	500	phase_loop[467]	1788609282238946	10007	3721cc09497d5565	f82bebb08beced45
1788609282588021598	0	500	phase_loop[468]	1788609282248957	9996	e653e07dde5bfdfb	f82bebb08beced45
1788609282588021598	0	500	phase_loop[469]	1788609282258957	9996	c24f1cd5b3f81cfa	f82bebb08beced45
1788609282588021598	0	500	phase_loop[470]	1788609282268957	9983	cc71c1ff9e7c6211	f82bebb08beced45
1788609282588021598	0	500	phase_loop[471]	1788609282278956	9984	375151c219c81779	f82bebb08beced45
1788609282588021598	0	500	phase_loop[472]	1788609282288957	9982	c5e489a8896d35f6	f82bebb08beced45
1788609282588021598	0	500	phase_loop[473]	1788609282298945	10007	dee586790c44bf80	f82bebb08beced45
1788609282588021598	0	500	phase_loop[474]	1788609282308956	9994	5f5e9687c73e33cf	f82bebb08beced45
1788609282588021598	0	500	phase_loop[475]	1788609282318955	9985	c8f58bc95cfbcc48	f82bebb08beced45
1788609282588021598	0	500	phase_loop[476]	1788609282328955	9986	285aba56b1cd5595	f82bebb08beced45
1788609282588021598	0	500	phase_loop[477]	1788609282338960	9981	7bd7f2b07bd3e31e	f82bebb08beced45
1788609282588021598	0	500	phase_loop[478]	1788609282348946	9982	2438ad4056803272	f82bebb08beced45
1788609282588021598	0	500	phase_loop[479]	1788609282358944	10009	ce1ed6d7873fa779	f82bebb08beced45
1788609282588021598	0	500	phase_loop[480]	1788609282368957	9995	3ff1e119e66094f2	f82bebb08beced45
1788609282588021598	0	500	phase_loop[481]	1788609282378956	9985	4e52ebc1403159ba	f82bebb08beced45
1788609282588021598	0	500	phase_loop[482]	1788609282388957	9984	dff43ded9c1cb638	f82bebb08beced45
1788609282588021598	0	500	phase_loop[483]	1788609282398957	9983	6878e84b3b0900e0	f82bebb08beced45
1788609282588021598	0	500	phase_loop[484]	1788609282408945	9993	1194d026c04fd358	f82bebb08beced45
1788609282588021598	0	500	phase_loop[485]	1788609282418943	10008	72b45f576a21299a	f82bebb08beced45
1788609282588021598	0	500	phase_loop[486]	1788609282428955	9997	8aef135c8d156521	f82bebb08beced45
1788609282588021598	0	500	phase_loop[487]	1788609282438957	9983	83252a076f49e312	f82bebb08beced45
1788609282588021598	0	500	phase_loop[488]	1788609282448957	9983	776a072e28d2abac	f82bebb08beced45
1788609282588021598	0	500	phase_loop[489]	1788609282458955	9984	6c088ec45eac3c51	f82bebb08beced45
1788609282588021598	0	500	phase_loop[490]	1788609282468944	10009	ac0e89d33da677b0	f82bebb08beced45
1788609282588021598	0	500	phase_loop[491]	1788609282478957	9993	46ce4428ae43d892	f82bebb08beced45
1788609282588021598	0	500	phase_loop[492]	1788609282488954	9998	0a94ac7e0181a601	f82bebb08beced45
1788609282588021598	0	500	phase_loop[493]	1788609282498956	9985	ec898fe3caaee299	f82bebb08beced45
1788609282588021598	0	500	phase_loop[494]	1788609282508957	10015	5368927c0d83fb18	f82bebb08beced45
1788609282588021598	0	500	phase_loop[495]	1788609282518988	9953	84e5325becb18e0a	f82bebb08beced45
1788609282588021598	0	500	phase_loop[496]	1788609282528946	10008	4398aa5134bdd43a	f82bebb08beced45
1788609282588021598	0	500	phase_loop[497]	1788609282538958	9994	c8175e4246691228	f82bebb08beced45
1788609282588021598	0	500	phase_loop[498]	1788609282548957	9996	0ea04582930c8652	f82bebb08beced45
1788609282596523219	1	3	phase_loop[499]	1788609282558958	9987	997e8927ac5952c7	f82bebb08beced45
1788609282596523219	1	3	phase_loop[500]	1788609282568963	9998	93fa3a05680a8bae	f82bebb08beced45
1788609282596523219	1	3	phase_loop[501]	1788609282578974	9990	9c3ac98fba4d28bd	f82bebb08beced45
1788609287583570803	2	497	phase_loop[502]	1788609282588980	9978	f3d794889a739b62	f82bebb08beced45
1788609287583570803	2	497	phase_loop[503]	1788609282598974	9970	98c49e5ea5ac2a07	f82bebb08beced45
1788609287583570803	2	497	phase_loop[504]	1788609282608948	9991	16b64545769ae4d4	f82bebb08beced45
1788609287583570803	2	497	phase_loop[505]	1788609282618944	9996	f0ce48eaa0824a1f	f82bebb08beced45
1788609287583570803	2	497	phase_loop[506]	1788609282628944	9997	827d7a9a2371420f	f82bebb08beced45
1788609287583570803	2	497	phase_loop[507]	1788609282638946	9994	d510db498c7a877e	f82bebb08beced45
1788609287583570803	2	497	phase_loop[508]	1788609282648943	9996	b751b060369b92dc	f82bebb08beced45
1788609287583570803	2	497	phase_loop[509]	1788609282658944	10004	3d55fdcc38cfe99b	f82bebb08beced45
1788609287583570803	2	497	phase_loop[510]	1788609282668951	9987	4450be6421002b24	f82bebb08beced45
1788609287583570803	2	497	phase_loop[511]	1788609282678942	9998	50fb4efe2a8ea863	f82bebb08beced45
1788609287583570803	2	497	phase_loop[512]	1788609282688944	9996	dc42d06e8ba40b10	f82bebb08beced45
1788609287583570803	2	497	phase_loop[513]	1788609282698944	9997	82413c17653ae636	f82bebb08beced45
1788609287583570803	2	497	phase_loop[514]	1788609282708945	9994	d3c58cde11e712b1	f82bebb08beced45
1788609287583570803	2	497	phase_loop[515]	1788609282718943	9996	b3a47a520a56a1c5	f82bebb08beced45
1788609287583570803	2	497	phase_loop[516]	1788609282728943	9997	25fc8782b384e18c	f82bebb08beced45
1788609287583570803	2	497	phase_loop[517]	1788609282738946	9993	2da6c0f2a61159cc	f82bebb08beced45
1788609287583570803	2	497	phase_loop[518]	1788609282748943	9997	5aa1957869c33879	f82bebb08beced45
1788609287583570803	2	497	phase_loop[519]	1788609282758943	9996	7c3b063ece495908	f82bebb08beced45
1788609287583570803	2	497	phase_loop[520]	1788609282768943	9998	39f37e79e50d54e7	f82bebb08beced45
1788609287583570803	2	497	phase_loop[521]	1788609282778945	9996	db38a3377c2b9cc7	f82bebb08beced45
1788609287583570803	2	497	phase_loop[522]	1788609282788944	10000	8ff3aa1821cb03ee	f82bebb08beced45
1788609287583570803	2	497	phase_loop[523]	1788609282798949	9992	8f866c723d32436c	f82bebb08beced45
1788609287583570803	2	497	phase_loop[524]	1788609282808945	9995	12b2ddca523ccdcd	f82bebb08beced45
1788609287583570803	2	497	phase_loop[525]	1788609282818943	9996	282cc8e55e9a7080	f82bebb08beced45
1788609287583570803	2	497	phase_loop[526]	1788609282828944	9997	50d768248d0afd88	f82bebb08beced45
1788609287583570803	2	497	phase_loop[527]	1788609282838945	10045	ddca8a54877c1fd9	f82bebb08beced45
1788609287583570803	2	497	phase_loop[528]	1788609282848994	9947	0a3f287a7e15d116	f82bebb08beced45
1788609287583570803	2	497	phase_loop[529]	1788609282858947	9993	9a7143c0df486779	f82bebb08beced45
1788609287583570803	2	497	phase_loop[530]	1788609282868945	9996	dc681478b430dbaf	f82bebb08beced45
1788609287583570803	2	497	phase_loop[531]	1788609282878945	9995	76fde8eb534354a6	f82bebb08beced45
1788609287583570803	2	497	phase_loop[532]	1788609282888944	9997	15be24a51c5ec5d2	f82bebb08beced45
1788609287583570803	2	497	phase_loop[533]	1788609282898946	9996	da971d6b931c77e6	f82bebb08beced45
1788609287583570803	2	497	phase_loop[534]	1788609282908946	9992	8d537d63889a8f01	f82bebb08beced45
1788609287583570803	2	497	phase_loop[535]	1788609282918942	10002	fbe449bf851264d4	f82bebb08beced45
1788609287583570803	2	497	phase_loop[536]	1788609282928948	9994	dd617dc2018822a7	f82bebb08beced45
1788609287583570803	2	497	phase_loop[537]	1788609282938949	9992	0bdeed0bf5851e00	f82bebb08beced45
1788609287583570803	2	497	phase_loop[538]	1788609282948944	9995	10d8aa8b08755b58	f82bebb08beced45
1788609287583570803	2	497	phase_loop[539]	1788609282958943	9998	c5badc47ccd8be6e	f82bebb08beced45
1788609287583570803	2	497	phase_loop[540]	1788609282968945	9995	0c7a411db1669d91	f82bebb08beced45
1788609287583570803	2	497	phase_loop[541]	1788609282978945	9995	df60a225db7ffab8	f82bebb08beced45
1788609287583570803	2	497	phase_loop[542]	1788609282988945	9996	e0ccf7ad9a64cbe0	f82bebb08beced45
1788609287583570803	2	497	phase_loop[543]	1788609282998945	9994	c08a78ade9ef5539	f82bebb08beced45
1788609287583570803	2	497	phase_loop[544]	1788609283008943	9996	cdb00adc3a89c329	f82bebb08beced45
1788609287583570803	2	497	phase_loop[545]	1788609283018943	9998	1211466ebf4e1405	f82bebb08beced45
1788609287583570803	2	497	phase_loop[546]	1788609283028945	9995	f0cb67103aa4c240	f82bebb08beced45
1788609287583570803	2	497	phase_loop[547]	1788609283038944	9996	c2c6917693a679db	f82bebb08beced45
1788609287583570803	2	497	phase_loop[548]	1788609283048944	9997	fc706784741ebfb7	f82bebb08beced45
1788609287583570803	2	497	phase_loop[549]	1788609283058945	9995	aa136709b8041014	f82bebb08beced45
1788609287583570803	2	497	phase_loop[550]	1788609283068944	9996	cc7922e3395d8e9a	f82bebb08beced45
1788609287583570803	2	497	phase_loop[551]	1788609283078944	9995	b861bbc500437bea	f82bebb08beced45
1788609287583570803	2	497	phase_loop[552]	1788609283088943	9997	c300486d75cdfa76	f82bebb08beced45
1788609287583570803	2	497	phase_loop[553]	1788609283098944	9996	cd7c69840720120e	f82bebb08beced45
1788609287583570803	2	497	phase_loop[554]	1788609283108944	9996	3f04a69da5b3ef13	f82bebb08beced45
1788609287583570803	2	497	phase_loop[555]	1788609283118945	9995	32092d27035c1b0a	f82bebb08beced45
1788609287583570803	2	497	phase_loop[556]	1788609283128943	9998	f49e8fc4e4c77527	f82bebb08beced45
1788609287583570803	2	497	phase_loop[557]	1788609283138946	9995	7370380d92f4f61d	f82bebb08beced45
1788609287583570803	2	497	phase_loop[558]	1788609283148946	9993	6c1505d7328dea48	f82bebb08beced45
1788609287583570803	2	497	phase_loop[559]	1788609283158944	9996	2ded515720b0f96f	f82bebb08beced45
1788609287583570803	2	497	phase_loop[560]	1788609283168943	10030	7590f8395ea3bb6d	f82bebb08beced45
1788609287583570803	2	497	phase_loop[561]	1788609283178978	9963	6f2cbc3352da2dce	f82bebb08beced45
1788609287583570803	2	497	phase_loop[562]	1788609283188945	9996	e334df740ed26c0d	f82bebb08beced45
1788609287583570803	2	497	phase_loop[563]	1788609283198946	9995	008003974eb83858	f82bebb08beced45
1788609287583570803	2	497	phase_loop[564]	1788609283208945	9994	11f22d28ed6c0f54	f82bebb08beced45
1788609287583570803	2	497	phase_loop[565]	1788609283218944	9997	6989bc8e63332a55	f82bebb08beced45
1788609287583570803	2	497	phase_loop[566]	1788609283228945	9996	d7e1b01ae4d96ea8	f82bebb08beced45
1788609287583570803	2	497	phase_loop[567]	1788609283238945	9995	9386d7804bb47b91	f82bebb08beced45
1788609287583570803	2	497	phase_loop[568]	1788609283248945	9995	8c94d2abc0f50717	f82bebb08beced45
1788609287583570803	2	497	phase_loop[569]	1788609283258945	9995	891686003a7fcc5b	f82bebb08beced45
1788609287583570803	2	497	phase_loop[570]	1788609283268943	9996	76fe546f67285e2c	f82bebb08beced45
1788609287583570803	2	497	phase_loop[571]	1788609283278944	9996	cd6a258cb3a991b3	f82bebb08beced45
1788609287583570803	2	497	phase_loop[572]	1788609283288943	9997	88402ffa2c27e1b2	f82bebb08beced45
1788609287583570803	2	497	phase_loop[573]	1788609283298945	9994	20b54640647b0d89	f82bebb08beced45
1788609287583570803	2	497	phase_loop[574]	1788609283308944	9995	5bbb94974a4ba965	f82bebb08beced45
1788609287583570803	2	497	phase_loop[575]	1788609283318943	9996	fcd78e4220d9bb0e	f82bebb08beced45
1788609287583570803	2	497	phase_loop[576]	1788609283328943	9998	f8f15fdac83f4ebd	f82bebb08beced45
1788609287583570803	2	497	phase_loop[577]	1788609283338947	9994	d8af5a2bd9e0b31e	f82bebb08beced45
1788609287583570803	2	497	phase_loop[578]	1788609283348946	9995	cf98d97a19c0d03c	f82bebb08beced45
1788609287583570803	2	497	phase_loop[579]	1788609283358945	9994	5c637f515e4ba631	f82bebb08beced45
1788609287583570803	2	497	phase_loop[580]	1788609283368944	9995	1ddc232e673f9cff	f82bebb08beced45
1788609287583570803	2	497	phase_loop[581]	1788609283378943	9996	3a743f3728257d1d	f82bebb08beced45
1788609287583570803	2	497	phase_loop[582]	1788609283388943	9997	5242bb7a18b23752	f82bebb08beced45
1788609287583570803	2	497	phase_loop[583]	1788609283398944	9996	5cb1fc2f90b41e20	f82bebb08beced45
1788609287583570803	2	497	phase_loop[584]	1788609283408943	9997	c13c0dcda191a881	f82bebb08beced45
1788609287583570803	2	497	phase_loop[585]	1788609283418944	9994	e4600f5cc646a219	f82bebb08beced45
1788609287583570803	2	497	phase_loop[586]	1788609283428944	9995	b7ee8ebb48584f4a	f82bebb08beced45
1788609287583570803	2	497	phase_loop[587]	1788609283438943	10000	4ccc48f1083cdb93	f82bebb08beced45
1788609287583570803	2	497	phase_loop[588]	1788609283448948	9992	67cbb4bf9effe96c	f82bebb08beced45
1788609287583570803	2	497	phase_loop[589]	1788609283458946	9995	dd94d5cd8b178adc	f82bebb08beced45
1788609287583570803	2	497	phase_loop[590]	1788609283468945	9994	9f96e76a060b40ff	f82bebb08beced45
1788609287583570803	2	497	phase_loop[591]	1788609283478943	9995	6f96a50d48fbce5c	f82bebb08beced45
1788609287583570803	2	497	phase_loop[592]	1788609283488943	9996	2feb1b96f8bfb9e2	f82bebb08beced45
1788609287583570803	2	497	phase_loop[593]	1788609283498943	10031	58a6940f40d7e1a1	f82bebb08beced45
1788609287583570803	2	497	phase_loop[594]	1788609283508979	9960	75e11b64b7f7d3c6	f82bebb08beced45
1788609287583570803	2	497	phase_loop[595]	1788609283518944	9995	ed4c5d65637afa84	f82bebb08beced45
1788609287583570803	2	497	phase_loop[596]	1788609283528944	9997	5d5380edb3ac50dc	f82bebb08beced45
1788609287583570803	2	497	phase_loop[597]	1788609283538945	9994	5bebad401bb30469	f82bebb08beced45
1788609287583570803	2	497	phase_loop[598]	1788609283548944	9995	2e8f25212ac3ad62	f82bebb08beced45
1788609287583570803	2	497	phase_loop[599]	1788609283558943	10002	fce29dbe7ccd8867	f82bebb08beced45
1788609287583570803	2	497	phase_loop[600]	1788609283568949	9991	27384e09d01acca1	f82bebb08beced45
1788609287583570803	2	497	phase_loop[601]	1788609283578945	9995	3d89fa6be3906278	f82bebb08beced45
1788609287583570803	2	497	phase_loop[602]	1788609283588944	9997	80650ea827e29b7e	f82bebb08beced45
1788609287583570803	2	497	phase_loop[603]	1788609283598945	9994	d16146162d58cb97	f82bebb08beced45
1788609287583570803	2	497	phase_loop[604]	1788609283608943	9995	6fd5309cf83483e5	f82bebb08beced45
1788609287583570803	2	497	phase_loop[605]	1788609283618943	9997	19cb654dbf0f3384	f82bebb08beced45
1788609287583570803	2	497	phase_loop[606]	1788609283628944	9995	76f8bdf8db3e6a1a	f82bebb08beced45
1788609287583570803	2	497	phase_loop[607]	1788609283638944	9994	c206c49981acdc75	f82bebb08beced45
1788609287583570803	2	497	phase_loop[608]	1788609283648943	9997	c50de76ecd1f6de9	f82bebb08beced45
1788609287583570803	2	497	phase_loop[609]	1788609283658944	9995	fc619b50e5acdd33	f82bebb08beced45
1788609287583570803	2	497	phase_loop[610]	1788609283668944	9995	00510051b0fe052c	f82bebb08beced45
1788609287583570803	2	497	phase_loop[611]	1788609283678944	9994	1b831bff5e118085	f82bebb08beced45
1788609287583570803	2	497	phase_loop[612]	1788609283688942	9997	9aba436f9ec85111	f82bebb08beced45
1788609287583570803	2	497	phase_loop[613]	1788609283698944	9998	8c11a7c5fc4eafbb	f82bebb08beced45
1788609287583570803	2	497	phase_loop[614]	1788609283708946	9995	d5e631410a534859	f82bebb08beced45
1788609287583570803	2	497	phase_loop[615]	1788609283718945	9993	64dee226d773b61b	f82bebb08beced45
1788609287583570803	2	497	phase_loop[616]	1788609283728943	9999	4adb35f991908e25	f82bebb08beced45
1788609287583570803	2	497	phase_loop[617]	1788609283738946	9994	4ff782cd98f3623d	f82bebb08beced45
1788609287583570803	2	497	phase_loop[618]	1788609283748946	9993	b3bfb0a400dccf4a	f82bebb08beced45
1788609287583570803	2	497	phase_loop[619]	1788609283758945	9993	c79259f0db6107b9	f82bebb08beced45
1788609287583570803	2	497	phase_loop[620]	1788609283768943	9997	399ba03ca3cfe56d	f82bebb08beced45
1788609287583570803	2	497	phase_loop[621]	1788609283778944	9996	c2b7c9cefda5f6a2	f82bebb08beced45
1788609287583570803	2	497	phase_loop[622]	1788609283788945	9994	57ce4bf01952af4a	f82bebb08beced45
1788609287583570803	2	497	phase_loop[623]	1788609283798943	9998	c55d024f9d2930a7	f82bebb08beced45
1788609287583570803	2	497	phase_loop[624]	1788609283808945	9994	ebb884b024d0883d	f82bebb08beced45
1788609287583570803	2	497	phase_loop[625]	1788609283818943	9995	2cc0209392b9a044	f82bebb08beced45
1788609287583570803	2	497	phase_loop[626]	1788609283828943	10031	6f4b168aa93e8121	f82bebb08beced45
1788609287583570803	2	497	phase_loop[627]	1788609283838979	9962	4e124d32c12d9a93	f82bebb08beced45
1788609287583570803	2	497	phase_loop[628]	1788609283848945	9994	fa3600fcf49d5304	f82bebb08beced45
1788609287583570803	2	497	phase_loop[629]	1788609283858943	9998	e9fc37a000b05091	f82bebb08beced45
1788609287583570803	2	497	phase_loop[630]	1788609283868945	9994	1f073d3034847b75	f82bebb08beced45
1788609287583570803	2	497	phase_loop[631]	1788609283878945	9995	c2e2a65b7ad1dae3	f82bebb08beced45
1788609287583570803	2	497	phase_loop[632]	1788609283888944	9998	c07cf7bb7f3e578c	f82bebb08beced45
1788609287583570803	2	497	phase_loop[633]	1788609283898947	9992	7a786b78001d2bea	f82bebb08beced45
1788609287583570803	2	497	phase_loop[634]	1788609283908943	9997	90118ce1d5bfb91d	f82bebb08beced45
1788609287583570803	2	497	phase_loop[635]	1788609283918944	9997	1c700eff4739d2b3	f82bebb08beced45
1788609287583570803	2	497	phase_loop[636]	1788609283928946	9993	3a3a5b1fec68c992	f82bebb08beced45
1788609287583570803	2	497	phase_loop[637]	1788609283938944	9997	1f8d3ebe045ef602	f82bebb08beced45
1788609287583570803	2	497	phase_loop[638]	1788609283948945	9996	91ef728122621cf6	f82bebb08beced45
1788609287583570803	2	497	phase_loop[639]	1788609283958946	9993	5f43db21bfe990fc	f82bebb08beced45
1788609287583570803	2	497	phase_loop[640]	1788609283968945	9995	dbfcd07899cc33f7	f82bebb08beced45
1788609287583570803	2	497	phase_loop[641]	1788609283978944	9995	0370d58be2c1495a	f82bebb08beced45
1788609287583570803	2	497	phase_loop[642]	1788609283988944	9996	68908102969fd5af	f82bebb08beced45
1788609287583570803	2	497	phase_loop[643]	1788609283998945	9997	023bc0b96986d543	f82bebb08beced45
1788609287583570803	2	497	phase_loop[644]	1788609284008946	9995	87eabd35156f0161	f82bebb08beced45
1788609287583570803	2	497	phase_loop[645]	1788609284018947	9992	675f3d4b020751e6	f82bebb08beced45
1788609287583570803	2	497	phase_loop[646]	1788609284028944	9996	03b35242e89c36aa	f82bebb08beced45
1788609287583570803	2	497	phase_loop[647]	1788609284038944	9997	c20699e06d658b46	f82bebb08beced45
1788609287583570803	2	497	phase_loop[648]	1788609284048945	9994	f06bd003eab035c7	f82bebb08beced45
1788609287583570803	2	497	phase_loop[649]	1788609284058944	9997	6f2db9beb015dbeb	f82bebb08beced45
1788609287583570803	2	497	phase_loop[650]	1788609284068946	9995	8738e8f8156ba717	f82bebb08beced45
1788609287583570803	2	497	phase_loop[651]	1788609284078946	9993	337afcb9918ead42	f82bebb08beced45
1788609287583570803	2	497	phase_loop[652]	1788609284088944	9996	485bb1ecd80f72a2	f82bebb08beced45
1788609287583570803	2	497	phase_loop[653]	1788609284098945	9996	74bcf881189587d6	f82bebb08beced45
1788609287583570803	2	497	phase_loop[654]	1788609284108945	9993	3975b1eb6355d026	f82bebb08beced45
1788609287583570803	2	497	phase_loop[655]	1788609284118942	9997	d5372980b48d8784	f82bebb08beced45
1788609287583570803	2	497	phase_loop[656]	1788609284128943	9997	c1b5aeb5567dc19f	f82bebb08beced45
1788609287583570803	2	497	phase_loop[657]	1788609284138944	9996	02583ab5de347aff	f82bebb08beced45
1788609287583570803	2	497	phase_loop[658]	1788609284148945	9994	1ccc76f9066552b3	f82bebb08beced45
1788609287583570803	2	497	phase_loop[659]	1788609284158943	10035	a319ce97d1dab123	f82bebb08beced45
1788609287583570803	2	497	phase_loop[660]	1788609284168982	9958	66edf23264a3daf3	f82bebb08beced45
1788609287583570803	2	497	phase_loop[661]	1788609284178945	9994	6d815d13c3391587	f82bebb08beced45
1788609287583570803	2	497	phase_loop[662]	1788609284188943	9996	6d9ce4113c4e13e5	f82bebb08beced45
1788609287583570803	2	497	phase_loop[663]	1788609284198944	9996	9c95fc5018148c3e	f82bebb08beced45
1788609287583570803	2	497	phase_loop[664]	1788609284208944	9994	fdcd039fa21890b7	f82bebb08beced45
1788609287583570803	2	497	phase_loop[665]	1788609284218943	9997	e926512e2ea0fb6b	f82bebb08beced45
1788609287583570803	2	497	phase_loop[666]	1788609284228945	9995	3c158882a818bd49	f82bebb08beced45
1788609287583570803	2	497	phase_loop[667]	1788609284238946	9994	ff510c5aa6a8d8f2	f82bebb08beced45
1788609287583570803	2	497	phase_loop[668]	1788609284248945	9995	d08b6f5e491f695d	f82bebb08beced45
1788609287583570803	2	497	phase_loop[669]	1788609284258946	9993	2d3a7d0fee0b5f95	f82bebb08beced45
1788609287583570803	2	497	phase_loop[670]	1788609284268943	9996	09d24a137f4346d4	f82bebb08beced45
1788609287583570803	2	497	phase_loop[671]	1788609284278943	9996	4443a1526231ef2f	f82bebb08beced45
1788609287583570803	2	497	phase_loop[672]	1788609284288944	9994	74a7eef33ae51a1c	f82bebb08beced45
1788609287583570803	2	497	phase_loop[673]	1788609284298943	9997	7c2c9eba8cd74583	f82bebb08beced45
1788609287583570803	2	497	phase_loop[674]	1788609284308944	9996	8fe359906c189dc3	f82bebb08beced45
1788609287583570803	2	497	phase_loop[675]	1788609284318945	9994	28ef86b7a885fbea	f82bebb08beced45
1788609287583570803	2	497	phase_loop[676]	1788609284328943	9996	2ecd5c3609c116f1	f82bebb08beced45
1788609287583570803	2	497	phase_loop[677]	1788609284338944	9997	55361540277e7751	f82bebb08beced45
1788609287583570803	2	497	phase_loop[678]	1788609284348945	9997	8b1791057546bcdc	f82bebb08beced45
1788609287583570803	2	497	phase_loop[679]	1788609284358946	9993	264648005ad4a4bd	f82bebb08beced45
1788609287583570803	2	497	phase_loop[680]	1788609284368944	9995	c4e391e99df76a2a	f82bebb08beced45
1788609287583570803	2	497	phase_loop[681]	1788609284378944	9995	b60f41bc9b46c699	f82bebb08beced45
1788609287583570803	2	497	phase_loop[682]	1788609284388944	9996	7090a4179bfeed5b	f82bebb08beced45
1788609287583570803	2	497	phase_loop[683]	1788609284398945	9995	33cd155961a68534	f82bebb08beced45
1788609287583570803	2	497	phase_loop[684]	1788609284408944	9993	86bc1c62d489132a	f82bebb08beced45
1788609287583570803	2	497	phase_loop[685]	1788609284418942	9996	c45f9081fa41e844	f82bebb08beced45
1788609287583570803	2	497	phase_loop[686]	1788609284428944	9996	a04e3a4a34fe0535	f82bebb08beced45
1788609287583570803	2	497	phase_loop[687]	1788609284438944	9996	4ecb17c516d8dcfc	f82bebb08beced45
1788609287583570803	2	497	phase_loop[688]	1788609284448945	9994	a66c5d1d63b2f9e1	f82bebb08beced45
1788609287583570803	2	497	phase_loop[689]	1788609284458943	9999	a8e9eb67b8c4b71d	f82bebb08beced45
1788609287583570803	2	497	phase_loop[690]	1788609284468946	9994	17d04eb71d3d8d0d	f82bebb08beced45
1788609287583570803	2	497	phase_loop[691]	1788609284478944	9995	1cd052bacfa1a18e	f82bebb08beced45
1788609287583570803	2	497	phase_loop[692]	1788609284488944	10031	2816d18ea8fa6d10	f82bebb08beced45
1788609287583570803	2	497	phase_loop[693]	1788609284498979	9961	132791a1f744af99	f82bebb08beced45
1788609287583570803	2	497	phase_loop[694]	1788609284508945	9993	1e70f9a5911819fe	f82bebb08beced45
1788609287583570803	2	497	phase_loop[695]	1788609284518942	9999	4701e8b9e99eb2e8	f82bebb08beced45
1788609287583570803	2	497	phase_loop[696]	1788609284528945	9994	44264a6e5e9e6c0f	f82bebb08beced45
1788609287583570803	2	497	phase_loop[697]	1788609284538944	9996	85214916af029f11	f82bebb08beced45
1788609287583570803	2	497	phase_loop[698]	1788609284548945	9995	4b3ff3f48d727913	f82bebb08beced45
1788609287583570803	2	497	phase_loop[699]	1788609284558944	9996	d06dbd13e0bd6dd9	f82bebb08beced45
1788609287583570803	2	497	phase_loop[700]	1788609284568945	9994	28bd46a2275dce00	f82bebb08beced45
1788609287583570803	2	497	phase_loop[701]	1788609284578943	9999	76d76221bfdb6a37	f82bebb08beced45
1788609287583570803	2	497	phase_loop[702]	1788609284588946	9994	8b2d6e9a620f0f13	f82bebb08beced45
1788609287583570803	2	497	phase_loop[703]	1788609284598946	9995	26c0f038860bf5b5	f82bebb08beced45
1788609287583570803	2	497	phase_loop[704]	1788609284608944	9995	b63762b838939271	f82bebb08beced45
1788609287583570803	2	497	phase_loop[705]	1788609284618944	9996	0a57eeec1acdb9fc	f82bebb08beced45
1788609287583570803	2	497	phase_loop[706]	1788609284628944	9999	fafaf329207243ee	f82bebb08beced45
1788609287583570803	2	497	phase_loop[707]	1788609284638948	9993	b9e2b0ed3b4efc62	f82bebb08beced45
1788609287583570803	2	497	phase_loop[708]	1788609284648946	9993	9fa26d8a55e59b84	f82bebb08beced45
1788609287583570803	2	497	phase_loop[709]	1788609284658944	9996	cbab1f8bedeca803	f82bebb08beced45
1788609287583570803	2	497	phase_loop[710]	1788609284668944	9997	62c39b39a7c832d2	f82bebb08beced45
1788609287583570803	2	497	phase_loop[711]	1788609284678945	10005	4df81b0c546963b7	f82bebb08beced45
1788609287583570803	2	497	phase_loop[712]	1788609284688955	9986	f005874cdb5fdb22	f82bebb08beced45
1788609287583570803	2	497	phase_loop[713]	1788609284698947	9995	e8b7aa9e67117a85	f82bebb08beced45
1788609287583570803	2	497	phase_loop[714]	1788609284708946	9992	d4562e0caaf8437c	f82bebb08beced45
1788609287583570803	2	497	phase_loop[715]	1788609284718943	9998	92cfc764da39024b	f82bebb08beced45
1788609287583570803	2	497	phase_loop[716]	1788609284728947	9994	6f229d329b3bc023	f82bebb08beced45
1788609287583570803	2	497	phase_loop[717]	1788609284738945	9994	50ea44f7f6959033	f82bebb08beced45
1788609287583570803	2	497	phase_loop[718]	1788609284748944	9995	2838e3c3c8c37961	f82bebb08beced45
1788609287583570803	2	497	phase_loop[719]	1788609284758943	9997	8e2353514aa26431	f82bebb08beced45
1788609287583570803	2	497	phase_loop[720]	1788609284768945	9994	5e864054d0f148ea	f82bebb08beced45
1788609287583570803	2	497	phase_loop[721]	1788609284778943	9995	6d406e5655654da2	f82bebb08beced45
1788609287583570803	2	497	phase_loop[722]	1788609284788943	9995	6448b51234ed6294	f82bebb08beced45
1788609287583570803	2	497	phase_loop[723]	1788609284798943	9995	25c34783b9e2a94c	f82bebb08beced45
1788609287583570803	2	497	phase_loop[724]	1788609284808942	9996	f00ba3a49c5d5152	f82bebb08beced45
1788609287583570803	2	497	phase_loop[725]	1788609284818943	10049	b82bdf9e4632e927	f82bebb08beced45
1788609287583570803	2	497	phase_loop[726]	1788609284828998	9943	295cf11d33f249c7	f82bebb08beced45
1788609287583570803	2	497	phase_loop[727]	1788609284838946	9995	ccfbd525d229967c	f82bebb08beced45
1788609287583570803	2	497	phase_loop[728]	1788609284848945	9996	8b7f68fc005ad99a	f82bebb08beced45
1788609287583570803	2	497	phase_loop[729]	1788609284858945	9995	71eeb0c560cf3537	f82bebb08beced45
1788609287583570803	2	497	phase_loop[730]	1788609284868945	9994	ecc78466932eda9b	f82bebb08beced45
1788609287583570803	2	497	phase_loop[731]	1788609284878943	9998	7f3e54f175647fd4	f82bebb08beced45
1788609287583570803	2	497	phase_loop[732]	1788609284888946	9994	19e8ca22dbd5f091	f82bebb08beced45
1788609287583570803	2	497	phase_loop[733]	1788609284898944	9997	b4c7a3ea310d6a86	f82bebb08beced45
1788609287583570803	2	497	phase_loop[734]	1788609284908946	9993	31a5a858b3dfc702	f82bebb08beced45
1788609287583570803	2	497	phase_loop[735]	1788609284918943	9996	39abf3f3b6f148e7	f82bebb08beced45
1788609287583570803	2	497	phase_loop[736]	1788609284928944	9995	61148ffbc1d124cf	f82bebb08beced45
1788609287583570803	2	497	phase_loop[737]	1788609284938943	9998	2523980608155604	f82bebb08beced45
1788609287583570803	2	497	phase_loop[738]	1788609284948947	9993	7263f772e14e2f5c	f82bebb08beced45
1788609287583570803	2	497	phase_loop[739]	1788609284958945	9995	6482242480cdcbdb	f82bebb08beced45
1788609287583570803	2	497	phase_loop[740]	1788609284968944	9997	64da0e7bc0035cce	f82bebb08beced45
1788609287583570803	2	497	phase_loop[741]	1788609284978946	9992	7368cb29673ab6b2	f82bebb08beced45
1788609287583570803	2	497	phase_loop[742]	1788609284988942	9997	69ffdbbce8d49703	f82bebb08beced45
1788609287583570803	2	497	phase_loop[743]	1788609284998943	9997	ce140159eb8e7c25	f82bebb08beced45
1788609287583570803	2	497	phase_loop[744]	1788609285008945	9993	13addfbb2be08675	f82bebb08beced45
1788609287583570803	2	497	phase_loop[745]	1788609285018942	9999	fd1c51a9a9976505	f82bebb08beced45
1788609287583570803	2	497	phase_loop[746]	1788609285028945	9995	5cd474016f074d86	f82bebb08beced45
1788609287583570803	2	497	phase_loop[747]	1788609285038944	9995	403e8733477e9cb7	f82bebb08beced45
1788609287583570803	2	497	phase_loop[748]	1788609285048944	9994	168382783fd2cd28	f82bebb08beced45
1788609287583570803	2	497	phase_loop[749]	1788609285058942	10002	083c22e31d231c0e	f82bebb08beced45
1788609287583570803	2	497	phase_loop[750]	1788609285068950	9989	b4712782b0369ac5	f82bebb08beced45
1788609287583570803	2	497	phase_loop[751]	1788609285078943	9995	defedf4d8ec1ec45	f82bebb08beced45
1788609287583570803	2	497	phase_loop[752]	1788609285088942	9997	6705637553ce9398	f82bebb08beced45
1788609287583570803	2	497	phase_loop[753]	1788609285098943	9996	b492bf19302e6039	f82bebb08beced45
1788609287583570803	2	497	phase_loop[754]	1788609285108944	9994	8520e87ee17811e2	f82bebb08beced45
1788609287583570803	2	497	phase_loop[755]	1788609285118942	9997	bc2dc644a259c6c0	f82bebb08beced45
1788609287583570803	2	497	phase_loop[756]	1788609285128943	9997	0c595e2b7f2f728f	f82bebb08beced45
1788609287583570803	2	497	phase_loop[757]	1788609285138944	9995	7839ca8c3c7ace1b	f82bebb08beced45
1788609287583570803	2	497	phase_loop[758]	1788609285148943	10033	c03e6391ef6ff3cc	f82bebb08beced45
1788609287583570803	2	497	phase_loop[759]	1788609285158981	9961	c921898ed8e2e212	f82bebb08beced45
1788609287583570803	2	497	phase_loop[760]	1788609285168946	9993	cc6bcc2a180ee94d	f82bebb08beced45
1788609287583570803	2	497	phase_loop[761]	1788609285178943	9998	b4f156770e0e71ba	f82bebb08beced45
1788609287583570803	2	497	phase_loop[762]	1788609285188946	9993	7e705f49315015b0	f82bebb08beced45
1788609287583570803	2	497	phase_loop[763]	1788609285198943	9997	0e9a1ca1dec6004f	f82bebb08beced45
1788609287583570803	2	497	phase_loop[764]	1788609285208944	9995	ce3a903734e745c8	f82bebb08beced45
1788609287583570803	2	497	phase_loop[765]	1788609285218944	9996	5a7f8bd4e2ad6809	f82bebb08beced45
1788609287583570803	2	497	phase_loop[766]	1788609285228944	9996	419644dc1ca506a4	f82bebb08beced45
1788609287583570803	2	497	phase_loop[767]	1788609285238944	9999	b899637b6a2c07a9	f82bebb08beced45
1788609287583570803	2	497	phase_loop[768]	1788609285248947	9993	93d77c4c83b76294	f82bebb08beced45
1788609287583570803	2	497	phase_loop[769]	1788609285258946	9995	8d82eb6a6b5d15dd	f82bebb08beced45
1788609287583570803	2	497	phase_loop[770]	1788609285268945	9996	61f60b3487fd3807	f82bebb08beced45
1788609287583570803	2	497	phase_loop[771]	1788609285278947	9991	9602e48bf8d9d988	f82bebb08beced45
1788609287583570803	2	497	phase_loop[772]	1788609285288942	9997	9c488561a7133bcd	f82bebb08beced45
1788609287583570803	2	497	phase_loop[773]	1788609285298944	9997	deb4577e1cf28640	f82bebb08beced45
1788609287583570803	2	497	phase_loop[774]	1788609285308945	9994	a74c38dbe93cfd9e	f82bebb08beced45
1788609287583570803	2	497	phase_loop[775]	1788609285318944	9995	9d9c2e9bf4864150	f82bebb08beced45
1788609287583570803	2	497	phase_loop[776]	1788609285328943	9997	5ffdccc5adc6d91b	f82bebb08beced45
1788609287583570803	2	497	phase_loop[777]	1788609285338945	9993	3fc08b3b5b945d51	f82bebb08beced45
1788609287583570803	2	497	phase_loop[778]	1788609285348943	9996	eeb4414da7aa62ce	f82bebb08beced45
1788609287583570803	2	497	phase_loop[779]	1788609285358943	9998	7d7c3c02315223eb	f82bebb08beced45
1788609287583570803	2	497	phase_loop[780]	1788609285368945	9994	49e6ae4b11876970	f82bebb08beced45
1788609287583570803	2	497	phase_loop[781]	1788609285378944	9997	4e4cacbb8f63bf8b	f82bebb08beced45
1788609287583570803	2	497	phase_loop[782]	1788609285388945	9995	a242d35198cfaf92	f82bebb08beced45
1788609287583570803	2	497	phase_loop[783]	1788609285398944	9995	943fee80e1a792ce	f82bebb08beced45
1788609287583570803	2	497	phase_loop[784]	1788609285408943	9994	198524fe6eb2f96f	f82bebb08beced45
1788609287583570803	2	497	phase_loop[785]	1788609285418942	9997	02430aa0abb1a790	f82bebb08beced45
1788609287583570803	2	497	phase_loop[786]	1788609285428943	9995	6651a88ca9782de8	f82bebb08beced45
1788609287583570803	2	497	phase_loop[787]	1788609285438943	9998	2bf0d88d8ef0d531	f82bebb08beced45
1788609287583570803	2	497	phase_loop[788]	1788609285448945	9995	3a0b49d0e61b6f30	f82bebb08beced45
1788609287583570803	2	497	phase_loop[789]	1788609285458946	9998	2057a26dee4b70d6	f82bebb08beced45
1788609287583570803	2	497	phase_loop[790]	1788609285468949	9991	1c6aefc2f85c79a1	f82bebb08beced45
1788609287583570803	2	497	phase_loop[791]	1788609285478945	10025	9147d6a77c6bbfd3	f82bebb08beced45
1788609287583570803	2	497	phase_loop[792]	1788609285488975	9965	21221c89875163be	f82bebb08beced45
1788609287583570803	2	497	phase_loop[793]	1788609285498945	9994	c9641945e91178a8	f82bebb08beced45
1788609287583570803	2	497	phase_loop[794]	1788609285508944	9996	bd033508fa5a5037	f82bebb08beced45
1788609287583570803	2	497	phase_loop[795]	1788609285518944	9995	b1a9f0d058e0358b	f82bebb08beced45
1788609287583570803	2	497	phase_loop[796]	1788609285528943	9995	e9b8a12c879fe9d0	f82bebb08beced45
1788609287583570803	2	497	phase_loop[797]	1788609285538944	9996	71418e13916c1c7b	f82bebb08beced45
1788609287583570803	2	497	phase_loop[798]	1788609285548944	9997	ff38e8f32847cdf6	f82bebb08beced45
1788609287583570803	2	497	phase_loop[799]	1788609285558946	9994	76104fd73d013fb6	f82bebb08beced45
1788609287583570803	2	497	phase_loop[800]	1788609285568944	9995	3106afcf95f6eb56	f82bebb08beced45
1788609287583570803	2	497	phase_loop[801]	1788609285578943	9996	0ec2db891d719a80	f82bebb08beced45
1788609287583570803	2	497	phase_loop[802]	1788609285588944	9996	f638d445cabb16de	f82bebb08beced45
1788609287583570803	2	497	phase_loop[803]	1788609285598946	9996	b4b34a713665c70e	f82bebb08beced45
1788609287583570803	2	497	phase_loop[804]	1788609285608946	9993	f80caeebd8d30f46	f82bebb08beced45
1788609287583570803	2	497	phase_loop[805]	1788609285618944	9995	63a96798e08e0f1c	f82bebb08beced45
1788609287583570803	2	497	phase_loop[806]	1788609285628943	9997	a09a08f7106d89e1	f82bebb08beced45
1788609287583570803	2	497	phase_loop[807]	1788609285638945	9993	7e5a3dd4f3b91d52	f82bebb08beced45
1788609287583570803	2	497	phase_loop[808]	1788609285648943	9995	9a4d64db38d61c3c	f82bebb08beced45
1788609287583570803	2	497	phase_loop[809]	1788609285658942	9999	3c670169539458f0	f82bebb08beced45
1788609287583570803	2	497	phase_loop[810]	1788609285668946	9993	7871f19e26b8a197	f82bebb08beced45
1788609287583570803	2	497	phase_loop[811]	1788609285678944	9997	6670eaa3bc88d3ce	f82bebb08beced45
1788609287583570803	2	497	phase_loop[812]	1788609285688945	9998	c3e04cdc954e61ca	f82bebb08beced45
1788609287583570803	2	497	phase_loop[813]	1788609285698949	9990	e1adf7f9fafb5f51	f82bebb08beced45
1788609287583570803	2	497	phase_loop[814]	1788609285708944	9994	7f733a4f40935041	f82bebb08beced45
1788609287583570803	2	497	phase_loop[815]	1788609285718942	9999	6399048f076753f5	f82bebb08beced45
1788609287583570803	2	497	phase_loop[816]	1788609285728946	9995	6b716f0adaa02a54	f82bebb08beced45
1788609287583570803	2	497	phase_loop[817]	1788609285738946	9993	fdecd48f779890e2	f82bebb08beced45
1788609287583570803	2	497	phase_loop[818]	1788609285748943	9997	797fbac89f45612b	f82bebb08beced45
1788609287583570803	2	497	phase_loop[819]	1788609285758944	9996	4482d6294eeb0886	f82bebb08beced45
1788609287583570803	2	497	phase_loop[820]	1788609285768945	9995	509cdd50fe42b58a	f82bebb08beced45
1788609287583570803	2	497	phase_loop[821]	1788609285778944	9997	85965feb7121912b	f82bebb08beced45
1788609287583570803	2	497	phase_loop[822]	1788609285788945	9994	6f367239063a1321	f82bebb08beced45
1788609287583570803	2	497	phase_loop[823]	1788609285798944	9996	9828cdfa6c3374ae	f82bebb08beced45
1788609287583570803	2	497	phase_loop[824]	1788609285808945	10046	b0fdbe182eae3586	f82bebb08beced45
1788609287583570803	2	497	phase_loop[825]	1788609285818995	9946	699a5cc0eff7334d	f82bebb08beced45
1788609287583570803	2	497	phase_loop[826]	1788609285828946	9994	5518745fe0a909ce	f82bebb08beced45
1788609287583570803	2	497	phase_loop[827]	1788609285838944	9998	8a7c268a6a30f6a8	f82bebb08beced45
1788609287583570803	2	497	phase_loop[828]	1788609285848946	9993	d43ddcf3f9c09cc8	f82bebb08beced45
1788609287583570803	2	497	phase_loop[829]	1788609285858944	9996	61325601a2c3f188	f82bebb08beced45
1788609287583570803	2	497	phase_loop[830]	1788609285868944	9996	07212dd9f5c15a6d	f82bebb08beced45
1788609287583570803	2	497	phase_loop[831]	1788609285878944	9996	29cc2ba5646c69b3	f82bebb08beced45
1788609287583570803	2	497	phase_loop[832]	1788609285888945	9994	36d3a057a67ff34a	f82bebb08beced45
1788609287583570803	2	497	phase_loop[833]	1788609285898944	9997	159cb6817979e0e4	f82bebb08beced45
1788609287583570803	2	497	phase_loop[834]	1788609285908945	9996	d4fa7092e1c14014	f82bebb08beced45
1788609287583570803	2	497	phase_loop[835]	1788609285918946	9997	7d7ff1ff8e611d6c	f82bebb08beced45
1788609287583570803	2	497	phase_loop[836]	1788609285928947	9993	a860d20909b69740	f82bebb08beced45
1788609287583570803	2	497	phase_loop[837]	1788609285938944	9996	20fab65152b2f99a	f82bebb08beced45
1788609287583570803	2	497	phase_loop[838]	1788609285948945	9997	5bda1e8f45bacc4d	f82bebb08beced45
1788609287583570803	2	497	phase_loop[839]	1788609285958946	9995	64e040764af0fb49	f82bebb08beced45
1788609287583570803	2	497	phase_loop[840]	1788609285968946	9991	5cb7b4f3d49a569d	f82bebb08beced45
1788609287583570803	2	497	phase_loop[841]	1788609285978942	9997	0b729874d9ab1d59	f82bebb08beced45
1788609287583570803	2	497	phase_loop[842]	1788609285988943	9999	f01ff815dd054a0f	f82bebb08beced45
1788609287583570803	2	497	phase_loop[843]	1788609285998946	9995	7464733f0642e6a7	f82bebb08beced45
1788609287583570803	2	497	phase_loop[844]	1788609286008945	9994	4ed8e32d30e04c67	f82bebb08beced45
1788609287583570803	2	497	phase_loop[845]	1788609286018944	10001	b284cc72a706c7ca	f82bebb08beced45
1788609287583570803	2	497	phase_loop[846]	1788609286028949	9994	31fc1cf6e44f915b	f82bebb08beced45
1788609287583570803	2	497	phase_loop[847]	1788609286038950	9992	a10f876b1c870aa5	f82bebb08beced45
1788609287583570803	2	497	phase_loop[848]	1788609286048947	9994	ddbbb2beb926f45e	f82bebb08beced45
1788609287583570803	2	497	phase_loop[849]	1788609286058945	9994	fde8d3214b25e7e7	f82bebb08beced45
1788609287583570803	2	497	phase_loop[850]	1788609286068944	9995	623856cbef9e52ec	f82bebb08beced45
1788609287583570803	2	497	phase_loop[851]	1788609286078943	9998	18e9eb17ec04b41e	f82bebb08beced45
1788609287583570803	2	497	phase_loop[852]	1788609286088946	9991	9778a30538e70bba	f82bebb08beced45
1788609287583570803	2	497	phase_loop[853]	1788609286098943	9997	12eb11f7bf136429	f82bebb08beced45
1788609287583570803	2	497	phase_loop[854]	1788609286108944	9995	16b7adef4d315583	f82bebb08beced45
1788609287583570803	2	497	phase_loop[855]	1788609286118944	9996	9a7c7a59ba99eb79	f82bebb08beced45
1788609287583570803	2	497	phase_loop[856]	1788609286128944	9997	59f841a0eae5a74b	f82bebb08beced45
1788609287583570803	2	497	phase_loop[857]	1788609286138945	10036	e003457f9cdf8fac	f82bebb08beced45
1788609287583570803	2	497	phase_loop[858]	1788609286148986	9955	585c03f2b3cf7766	f82bebb08beced45
1788609287583570803	2	497	phase_loop[859]	1788609286158947	9993	fafc419fa74fa8e8	f82bebb08beced45
1788609287583570803	2	497	phase_loop[860]	1788609286168944	9997	46a12d71ee2437bc	f82bebb08beced45
1788609287583570803	2	497	phase_loop[861]	1788609286178946	9992	2338d721396b9ea7	f82bebb08beced45
1788609287583570803	2	497	phase_loop[862]	1788609286188942	9997	5e8216e571c31f73	f82bebb08beced45
1788609287583570803	2	497	phase_loop[863]	1788609286198944	9997	a0353bb4875bf270	f82bebb08beced45
1788609287583570803	2	497	phase_loop[864]	1788609286208946	9993	b0b9a3c44d6ee4a6	f82bebb08beced45
1788609287583570803	2	497	phase_loop[865]	1788609286218943	9997	047b4fd543640872	f82bebb08beced45
1788609287583570803	2	497	phase_loop[866]	1788609286228945	9996	bf407f0ed60a0294	f82bebb08beced45
1788609287583570803	2	497	phase_loop[867]	1788609286238945	9992	67b5a1b8ac9c1340	f82bebb08beced45
1788609287583570803	2	497	phase_loop[868]	1788609286248942	9998	1652f496fd0509c1	f82bebb08beced45
1788609287583570803	2	497	phase_loop[869]	1788609286258944	10001	9f539b37bffd92a6	f82bebb08beced45
1788609287583570803	2	497	phase_loop[870]	1788609286268950	9991	f1123bb4f89276e4	f82bebb08beced45
1788609287583570803	2	497	phase_loop[871]	1788609286278947	9994	8b2d00c2f32a371d	f82bebb08beced45
1788609287583570803	2	497	phase_loop[872]	1788609286288946	9994	f63a6bde9d3cd3b4	f82bebb08beced45
1788609287583570803	2	497	phase_loop[873]	1788609286298944	9997	2e768b9334e2fc13	f82bebb08beced45
1788609287583570803	2	497	phase_loop[874]	1788609286308946	9993	1cb83cb047a534b0	f82bebb08beced45
1788609287583570803	2	497	phase_loop[875]	1788609286318944	9996	49c1cef1da977dfe	f82bebb08beced45
1788609287583570803	2	497	phase_loop[876]	1788609286328944	9996	e11e0eed738673aa	f82bebb08beced45
1788609287583570803	2	497	phase_loop[877]	1788609286338945	9994	03be70fd0e097d86	f82bebb08beced45
1788609287583570803	2	497	phase_loop[878]	1788609286348943	9996	a8f7e8efda07fbd2	f82bebb08beced45
1788609287583570803	2	497	phase_loop[879]	1788609286358943	9998	eb0c4bab303cfdbf	f82bebb08beced45
1788609287583570803	2	497	phase_loop[880]	1788609286368946	9993	0f38e43f16107a00	f82bebb08beced45
1788609287583570803	2	497	phase_loop[881]	1788609286378945	9997	52b338aff26cd328	f82bebb08beced45
1788609287583570803	2	497	phase_loop[882]	1788609286388947	9993	db17e5df5890b90d	f82bebb08beced45
1788609287583570803	2	497	phase_loop[883]	1788609286398945	9995	f1f70224b7608d72	f82bebb08beced45
1788609287583570803	2	497	phase_loop[884]	1788609286408945	9993	d511cc2542924319	f82bebb08beced45
1788609287583570803	2	497	phase_loop[885]	1788609286418943	9996	d71b72c797242402	f82bebb08beced45
1788609287583570803	2	497	phase_loop[886]	1788609286428944	9996	c2c1331b83d3d4c7	f82bebb08beced45
1788609287583570803	2	497	phase_loop[887]	1788609286438944	9996	35dabf9624239509	f82bebb08beced45
1788609287583570803	2	497	phase_loop[888]	1788609286448945	9993	576241fc98985a83	f82bebb08beced45
1788609287583570803	2	497	phase_loop[889]	1788609286458943	9998	5fa822812de810e6	f82bebb08beced45
1788609287583570803	2	497	phase_loop[890]	1788609286468945	10040	8f21ad9237083627	f82bebb08beced45
1788609287583570803	2	497	phase_loop[891]	1788609286478991	9950	9abd516b5590e439	f82bebb08beced45
1788609287583570803	2	497	phase_loop[892]	1788609286488947	9992	5c5cd0f7db4575f6	f82bebb08beced45
1788609287583570803	2	497	phase_loop[893]	1788609286498943	9997	1d74f7990337c668	f82bebb08beced45
1788609287583570803	2	497	phase_loop[894]	1788609286508945	9995	f6f06e349bd64c64	f82bebb08beced45
1788609287583570803	2	497	phase_loop[895]	1788609286518946	9993	8cb9855457975781	f82bebb08beced45
1788609287583570803	2	497	phase_loop[896]	1788609286528944	9997	4d04cbdbe18320ca	f82bebb08beced45
1788609287583570803	2	497	phase_loop[897]	1788609286538945	9993	23a8852183965a94	f82bebb08beced45
1788609287583570803	2	497	phase_loop[898]	1788609286548942	9997	6525624576fb0abb	f82bebb08beced45
1788609287583570803	2	497	phase_loop[899]	1788609286558945	9995	6d28d3e0d2e73f63	f82bebb08beced45
1788609287583570803	2	497	phase_loop[900]	1788609286568944	9995	ed92928d461b1363	f82bebb08beced45
1788609287583570803	2	497	phase_loop[901]	1788609286578943	9995	0bd7598fb74c43ee	f82bebb08beced45
1788609287583570803	2	497	phase_loop[902]	1788609286588942	9998	49c62a6604cbe61e	f82bebb08beced45
1788609287583570803	2	497	phase_loop[903]	1788609286598944	9996	8343bda59ab88b0c	f82bebb08beced45
1788609287583570803	2	497	phase_loop[904]	1788609286608946	9995	64acb8ad8cbb5983	f82bebb08beced45
1788609287583570803	2	497	phase_loop[905]	1788609286618946	9997	08d8878d64b3ba29	f82bebb08beced45
1788609287583570803	2	497	phase_loop[906]	1788609286628947	9992	b9848a5fa6be776c	f82bebb08beced45
1788609287583570803	2	497	phase_loop[907]	1788609286638945	9995	47d2aa7331c96598	f82bebb08beced45
1788609287583570803	2	497	phase_loop[908]	1788609286648945	9994	8c22592debddddc8	f82bebb08beced45
1788609287583570803	2	497	phase_loop[909]	1788609286658943	9997	43098044c2fd39a6	f82bebb08beced45
1788609287583570803	2	497	phase_loop[910]	1788609286668945	9994	2d53fc9344c9f4eb	f82bebb08beced45
1788609287583570803	2	497	phase_loop[911]	1788609286678943	9998	33e8af59db68d826	f82bebb08beced45
1788609287583570803	2	497	phase_loop[912]	1788609286688944	9996	3bee26d5d3b329dd	f82bebb08beced45
1788609287583570803	2	497	phase_loop[913]	1788609286698945	9995	18b1d50be0083049	f82bebb08beced45
1788609287583570803	2	497	phase_loop[914]	1788609286708945	9995	9a6c0247e36d1b72	f82bebb08beced45
1788609287583570803	2	497	phase_loop[915]	1788609286718945	9994	94026fa73f75f198	f82bebb08beced45
1788609287583570803	2	497	phase_loop[916]	1788609286728944	9995	4929df09eb567539	f82bebb08beced45
1788609287583570803	2	497	phase_loop[917]	1788609286738943	9998	fb06bd7586cb4780	f82bebb08beced45
1788609287583570803	2	497	phase_loop[918]	1788609286748945	9995	d7d047622a405dd2	f82bebb08beced45
1788609287583570803	2	497	phase_loop[919]	1788609286758945	9994	55ba1b0d7c6dda12	f82bebb08beced45
1788609287583570803	2	497	phase_loop[920]	1788609286768944	9997	cb1f8ea0fa602e55	f82bebb08beced45
1788609287583570803	2	497	phase_loop[921]	1788609286778945	9993	40299661015c2a00	f82bebb08beced45
1788609287583570803	2	497	phase_loop[922]	1788609286788943	9997	be6867f608d80b2c	f82bebb08beced45
1788609287583570803	2	497	phase_loop[923]	1788609286798945	10045	682d54dc53c7902c	f82bebb08beced45
1788609287583570803	2	497	phase_loop[924]	1788609286808996	9944	1240196705380814	f82bebb08beced45
1788609287583570803	2	497	phase_loop[925]	1788609286818946	9994	2e9d732304768955	f82bebb08beced45
1788609287583570803	2	497	phase_loop[926]	1788609286828944	9996	907cda31cdb9db43	f82bebb08beced45
1788609287583570803	2	497	phase_loop[927]	1788609286838945	9996	140524c4589660f4	f82bebb08beced45
1788609287583570803	2	497	phase_loop[928]	1788609286848944	9994	80bf75730ffbadd8	f82bebb08beced45
1788609287583570803	2	497	phase_loop[929]	1788609286858944	9996	1937e7c31f6fc705	f82bebb08beced45
1788609287583570803	2	497	phase_loop[930]	1788609286868944	9995	81c29585d1fddab4	f82bebb08beced45
1788609287583570803	2	497	phase_loop[931]	1788609286878945	9995	09738cc228d0f5be	f82bebb08beced45
1788609287583570803	2	497	phase_loop[932]	1788609286888945	9994	cfc65ccdaa4b681f	f82bebb08beced45
1788609287583570803	2	497	phase_loop[933]	1788609286898943	9996	77e54c9ce297518c	f82bebb08beced45
1788609287583570803	2	497	phase_loop[934]	1788609286908944	9996	ceb43abf9db80380	f82bebb08beced45
1788609287583570803	2	497	phase_loop[935]	1788609286918945	9997	d21b849ffefb7f02	f82bebb08beced45
1788609287583570803	2	497	phase_loop[936]	1788609286928947	9994	18a3ed6d7bce9c15	f82bebb08beced45
1788609287583570803	2	497	phase_loop[937]	1788609286938947	9995	9757858f1221ed12	f82bebb08beced45
1788609287583570803	2	497	phase_loop[938]	1788609286948946	9995	ac8671c49551e722	f82bebb08beced45
1788609287583570803	2	497	phase_loop[939]	1788609286958946	9994	7c2cd54a109b4289	f82bebb08beced45
1788609287583570803	2	497	phase_loop[940]	1788609286968945	9994	a7dfc818e2b77d7d	f82bebb08beced45
1788609287583570803	2	497	phase_loop[941]	1788609286978944	9998	5329c419e3e10c5d	f82bebb08beced45
1788609287583570803	2	497	phase_loop[942]	1788609286988946	9994	fabb20b01cc39bf0	f82bebb08beced45
1788609287583570803	2	497	phase_loop[943]	1788609286998944	9996	737f8c961fe9fb84	f82bebb08beced45
1788609287583570803	2	497	phase_loop[944]	1788609287008945	9993	e8b4cc83decf07fe	f82bebb08beced45
1788609287583570803	2	497	phase_loop[945]	1788609287018942	10001	13fd43085ea530e9	f82bebb08beced45
1788609287583570803	2	497	phase_loop[946]	1788609287028948	9994	4c28b204f9eae6db	f82bebb08beced45
1788609287583570803	2	497	phase_loop[947]	1788609287038946	9995	729a06679270c2c1	f82bebb08beced45
1788609287583570803	2	497	phase_loop[948]	1788609287048945	9994	fa27e656f2ee4d6a	f82bebb08beced45
1788609287583570803	2	497	phase_loop[949]	1788609287058943	9998	1f57d9cdedfcb44f	f82bebb08beced45
1788609287583570803	2	497	phase_loop[950]	1788609287068945	9997	6280d7c30e81396c	f82bebb08beced45
1788609287583570803	2	497	phase_loop[951]	1788609287078947	9994	f79fe343d88c09ab	f82bebb08beced45
1788609287583570803	2	497	phase_loop[952]	1788609287088947	9993	bc0ef09b0afa31a6	f82bebb08beced45
1788609287583570803	2	497	phase_loop[953]	1788609287098944	9996	4c0cde4658f709d7	f82bebb08beced45
1788609287583570803	2	497	phase_loop[954]	1788609287108946	9993	bea9671eb9c68535	f82bebb08beced45
1788609287583570803	2	497	phase_loop[955]	1788609287118944	9996	49cc426ad070683a	f82bebb08beced45
1788609287583570803	2	497	phase_loop[956]	1788609287128945	10031	2c2f68b17db99141	f82bebb08beced45
1788609287583570803	2	497	phase_loop[957]	1788609287138981	9960	3c9ec50b9abdef1e	f82bebb08beced45
1788609287583570803	2	497	phase_loop[958]	1788609287148946	9994	65fa02c45e13c59c	f82bebb08beced45
1788609287583570803	2	497	phase_loop[959]	1788609287158945	9997	f11ec7becc21cf2a	f82bebb08beced45
1788609287583570803	2	497	phase_loop[960]	1788609287168946	9994	24af68e74feb6bfc	f82bebb08beced45
1788609287583570803	2	497	phase_loop[961]	1788609287178945	9994	2d388cc5c53e3df0	f82bebb08beced45
1788609287583570803	2	497	phase_loop[962]	1788609287188943	9998	a67bacb4c131dd8b	f82bebb08beced45
1788609287583570803	2	497	phase_loop[963]	1788609287198945	9994	8fbbc0c2b10a7b46	f82bebb08beced45
1788609287583570803	2	497	phase_loop[964]	1788609287208944	9995	d2251b0aeb5eb95d	f82bebb08beced45
1788609287583570803	2	497	phase_loop[965]	1788609287218942	9998	519fd867debd48f2	f82bebb08beced45
1788609287583570803	2	497	phase_loop[966]	1788609287228944	9995	b2eb2e7230521a22	f82bebb08beced45
1788609287583570803	2	497	phase_loop[967]	1788609287238945	9995	b86328b2deb78500	f82bebb08beced45
1788609287583570803	2	497	phase_loop[968]	1788609287248944	9996	d03bac5b2e612ec6	f82bebb08beced45
1788609287583570803	2	497	phase_loop[969]	1788609287258944	9994	5996aba1cf3a093b	f82bebb08beced45
1788609287583570803	2	497	phase_loop[970]	1788609287268943	9996	433105956ebaa8c7	f82bebb08beced45
1788609287583570803	2	497	phase_loop[971]	1788609287278943	9996	b19a6cf9297f90f4	f82bebb08beced45
1788609287583570803	2	497	phase_loop[972]	1788609287288944	9995	6b25820b1e367ce4	f82bebb08beced45
1788609287583570803	2	497	phase_loop[973]	1788609287298943	9997	91aa21c9123df744	f82bebb08beced45
1788609287583570803	2	497	phase_loop[974]	1788609287308945	9994	921736e029cf8573	f82bebb08beced45
1788609287583570803	2	497	phase_loop[975]	1788609287318944	9995	79bf641eac0c23a0	f82bebb08beced45
1788609287583570803	2	497	phase_loop[976]	1788609287328943	9996	f87dfe584fdc7297	f82bebb08beced45
1788609287583570803	2	497	phase_loop[977]	1788609287338943	9996	7504f795f66460b1	f82bebb08beced45
1788609287583570803	2	497	phase_loop[978]	1788609287348946	9993	452ea7319fbb7f71	f82bebb08beced45
1788609287583570803	2	497	phase_loop[979]	1788609287358945	9997	a41b85d64a63d444	f82bebb08beced45
1788609287583570803	2	497	phase_loop[980]	1788609287368947	9994	6334f88dca92fd81	f82bebb08beced45
1788609287583570803	2	497	phase_loop[981]	1788609287378946	9994	7e7b74b3dc7c94a3	f82bebb08beced45
1788609287583570803	2	497	phase_loop[982]	1788609287388945	9993	d83b4e695dd5ed84	f82bebb08beced45
1788609287583570803	2	497	phase_loop[983]	1788609287398942	10000	385cc9dd5a15047b	f82bebb08beced45
1788609287583570803	2	497	phase_loop[984]	1788609287408947	9992	3429ccdc5ec96963	f82bebb08beced45
1788609287583570803	2	497	phase_loop[985]	1788609287418943	9996	1df361ad665f3283	f82bebb08beced45
1788609287583570803	2	497	phase_loop[986]	1788609287428944	9996	d42fa5c02841fb70	f82bebb08beced45
1788609287583570803	2	497	phase_loop[987]	1788609287438944	9996	fc08050019568138	f82bebb08beced45
1788609287583570803	2	497	phase_loop[988]	1788609287448944	9994	f61ccedd49132662	f82bebb08beced45
1788609287583570803	2	497	phase_loop[989]	1788609287458943	10031	118ad54c158624d9	f82bebb08beced45
1788609287583570803	2	497	phase_loop[990]	1788609287468978	9962	8153370be3504fa0	f82bebb08beced45
1788609287583570803	2	497	phase_loop[991]	1788609287478946	9993	2ae162784569e5bb	f82bebb08beced45
1788609287583570803	2	497	phase_loop[992]	1788609287488944	9996	9da1aab30be00b92	f82bebb08beced45
1788609287583570803	2	497	phase_loop[993]	1788609287498945	9995	9a6251417109620f	f82bebb08beced45
1788609287583570803	2	497	phase_loop[994]	1788609287508944	9994	ebb2e9fbb642c096	f82bebb08beced45
1788609287583570803	2	497	phase_loop[995]	1788609287518943	9997	5aacc9f9848dbdbc	f82bebb08beced45
1788609287583570803	2	497	phase_loop[996]	1788609287528944	9995	6c12f53333f088d2	f82bebb08beced45
1788609287583570803	2	497	phase_loop[997]	1788609287538944	9995	cade231956473fd6	f82bebb08beced45
1788609287583570803	2	497	phase_loop[998]	1788609287548943	9998	b9ffdda3614e1c0e	f82bebb08beced45
1788609287591333159	3	2	phase_loop[999]	1788609287558945	9997	8e14eaa396ded7a4	f82bebb08beced45
1788609287591333159	3	2	phase_loop[1000]	1788609287568947	10019	8f98c3f5b9c3e96b	f82bebb08beced45
1788609287595048907	4	1	phase_loop[1001]	1788609287578982	9976	538cf9dbbf14e433	f82bebb08beced45
1788609292583570075	5	498	phase_loop[1002]	1788609287588973	9985	c81ab8d21932bf34	f82bebb08beced45
1788609292583570075	5	498	phase_loop[1003]	1788609287598975	9966	1a3df8614b3fede0	f82bebb08beced45
1788609292583570075	5	498	phase_loop[1004]	1788609287608946	9994	b7c0e17e02a966dd	f82bebb08beced45
1788609292583570075	5	498	phase_loop[1005]	1788609287618944	9995	ef770687f07c06dc	f82bebb08beced45
1788609292583570075	5	498	phase_loop[1006]	1788609287628944	9997	bc05150adab35f7d	f82bebb08beced45
1788609292583570075	5	498	phase_loop[1007]	1788609287638945	9995	f94f3d2958a21499	f82bebb08beced45
1788609292583570075	5	498	phase_loop[1008]	1788609287648945	9994	ae26f1d23d22b650	f82bebb08beced45
1788609292583570075	5	498	phase_loop[1009]	1788609287658944	9996	dc328b93226d8dab	f82bebb08beced45
1788609292583570075	5	498	phase_loop[1010]	1788609287668944	9996	ea68889643abef7c	f82bebb08beced45
1788609292583570075	5	498	phase_loop[1011]	1788609287678945	9994	e21155439a661842	f82bebb08beced45
1788609292583570075	5	498	phase_loop[1012]	1788609287688943	9997	d7907ad65981ec26	f82bebb08beced45
1788609292583570075	5	498	phase_loop[1013]	1788609287698945	9996	55cfd08008f3b911	f82bebb08beced45
1788609292583570075	5	498	phase_loop[1014]	1788609287708945	9994	49d1813d9af6b1a1	f82bebb08beced45
1788609292583570075	5	498	phase_loop[1015]	1788609287718943	9998	6d4e63ecafd0370c	f82bebb08beced45
1788609292583570075	5	498	phase_loop[1016]	1788609287728946	9994	4984dfd4002f6825	f82bebb08beced45
1788609292583570075	5	498	phase_loop[1017]	1788609287738943	9996	aa0bf81c06ad2af1	f82bebb08beced45
1788609292583570075	5	498	phase_loop[1018]	1788609287748943	9995	1aeb9a81c020334c	f82bebb08beced45
1788609292583570075	5	498	phase_loop[1019]	1788609287758943	9998	b6295e8070211cd8	f82bebb08beced45
1788609292583570075	5	498	phase_loop[1020]	1788609287768945	9996	3f6a8d3fc663a86b	f82bebb08beced45
1788609292583570075	5	498	phase_loop[1021]	1788609287778945	9994	ca6360773da94bdb	f82bebb08beced45
1788609292583570075	5	498	phase_loop[1022]	1788609287788944	9996	5eb5c5030357c34c	f82bebb08beced45
1788609292583570075	5	498	phase_loop[1023]	1788609287798943	10054	d04995e2c6033438	f82bebb08beced45
1788609292583570075	5	498	phase_loop[1024]	1788609287809002	9937	8fdcbabcf977d668	f82bebb08beced45
1788609292583570075	5	498	phase_loop[1025]	1788609287818943	9996	98969aa01844715b	f82bebb08beced45
1788609292583570075	5	498	phase_loop[1026]	1788609287828943	9998	7a7a8cd161f3e0ee	f82bebb08beced45
1788609292583570075	5	498	phase_loop[1027]	1788609287838946	9995	13f3285ed8a69f27	f82bebb08beced45
1788609292583570075	5	498	phase_loop[1028]	1788609287848946	9995	c15446dbff6317f5	f82bebb08beced45
1788609292583570075	5	498	phase_loop[1029]	1788609287858945	9993	c7d52bdd9f8ba679	f82bebb08beced45
1788609292583570075	5	498	phase_loop[1030]	1788609287868943	9997	dc29960a32c4dc84	f82bebb08beced45
1788609292583570075	5	498	phase_loop[1031]	1788609287878944	9996	142fbc398317061b	f82bebb08beced45
1788609292583570075	5	498	phase_loop[1032]	1788609287888944	9996	f8645a0920b42f3f	f82bebb08beced45
1788609292583570075	5	498	phase_loop[1033]	1788609287898944	9995	38e5d5cbd5b206de	f82bebb08beced45
1788609292583570075	5	498	phase_loop[1034]	1788609287908944	9997	d305b47a90bbc38e	f82bebb08beced45
1788609292583570075	5	498	phase_loop[1035]	1788609287918945	9994	ecc4bef8775d5207	f82bebb08beced45
1788609292583570075	5	498	phase_loop[1036]	1788609287928943	9997	b96aecf6cae3513f	f82bebb08beced45
1788609292583570075	5	498	phase_loop[1037]	1788609287938944	9997	b0e6bf46213803fc	f82bebb08beced45
1788609292583570075	5	498	phase_loop[1038]	1788609287948945	9997	75c0d94c73b32d9f	f82bebb08beced45
1788609292583570075	5	498	phase_loop[1039]	1788609287958946	9995	2e8ecf98c48145d4	f82bebb08beced45
1788609292583570075	5	498	phase_loop[1040]	1788609287968946	9995	72e5ded4b92ffe0a	f82bebb08beced45
1788609292583570075	5	498	phase_loop[1041]	1788609287978945	9999	15118544ad226d54	f82bebb08beced45
1788609292583570075	5	498	phase_loop[1042]	1788609287988948	9993	13da22547e74855e	f82bebb08beced45
1788609292583570075	5	498	phase_loop[1043]	1788609287998945	9996	1dd09f9b24a7b670	f82bebb08beced45
1788609292583570075	5	498	phase_loop[1044]	1788609288008945	9993	4e509af8dbf2fad0	f82bebb08beced45
1788609292583570075	5	498	phase_loop[1045]	1788609288018942	9996	cd1ae28b3c0beff1	f82bebb08beced45
1788609292583570075	5	498	phase_loop[1046]	1788609288028943	9996	6eb5e213a718f896	f82bebb08beced45
1788609292583570075	5	498	phase_loop[1047]	1788609288038943	9997	d54edb6a5d0893c2	f82bebb08beced45
1788609292583570075	5	498	phase_loop[1048]	1788609288048945	9996	088f9273c1f42c5e	f82bebb08beced45
1788609292583570075	5	498	phase_loop[1049]	1788609288058945	9995	d2a7386541284eba	f82bebb08beced45
1788609292583570075	5	498	phase_loop[1050]	1788609288068944	9997	cea0e4e74e27cb7c	f82bebb08beced45
1788609292583570075	5	498	phase_loop[1051]	1788609288078945	9993	8ddf5ed7eb9531a3	f82bebb08beced45
1788609292583570075	5	498	phase_loop[1052]	1788609288088943	9996	9bd15633ff69d2bd	f82bebb08beced45
1788609292583570075	5	498	phase_loop[1053]	1788609288098943	9997	5adfac2998af94a0	f82bebb08beced45
1788609292583570075	5	498	phase_loop[1054]	1788609288108944	9995	247b6634f37b60e2	f82bebb08beced45
1788609292583570075	5	498	phase_loop[1055]	1788609288118943	9996	31068d9ea612b74d	f82bebb08beced45
1788609292583570075	5	498	phase_loop[1056]	1788609288128943	10038	eea07a147987cc51	f82bebb08beced45
1788609292583570075	5	498	phase_loop[1057]	1788609288138986	9954	4e373f561a396454	f82bebb08beced45
1788609292583570075	5	498	phase_loop[1058]	1788609288148945	9996	58b0039e01bf09bf	f82bebb08beced45
1788609292583570075	5	498	phase_loop[1059]	1788609288158945	9996	d771d5d7e4536edb	f82bebb08beced45
1788609292583570075	5	498	phase_loop[1060]	1788609288168946	9994	39a3ad6f4234b1a0	f82bebb08beced45
1788609292583570075	5	498	phase_loop[1061]	1788609288178944	9995	ba56dde23cc16ecf	f82bebb08beced45
1788609292583570075	5	498	phase_loop[1062]	1788609288188943	9998	67dca82b8c90650d	f82bebb08beced45
1788609292583570075	5	498	phase_loop[1063]	1788609288198945	9995	5ea1f1d1bf3286a2	f82bebb08beced45
1788609292583570075	5	498	phase_loop[1064]	1788609288208944	9999	44e4269abb9c1607	f82bebb08beced45
1788609292583570075	5	498	phase_loop[1065]	1788609288218947	9992	6070d60e0461ab02	f82bebb08beced45
1788609292583570075	5	498	phase_loop[1066]	1788609288228943	9997	58a06e0f12c4699c	f82bebb08beced45
1788609292583570075	5	498	phase_loop[1067]	1788609288238944	9995	5d6318cac51fc74b	f82bebb08beced45
1788609292583570075	5	498	phase_loop[1068]	1788609288248944	9994	9b4ff014887d6586	f82bebb08beced45
1788609292583570075	5	498	phase_loop[1069]	1788609288258942	9998	db8b70431a5b8b5b	f82bebb08beced45
1788609292583570075	5	498	phase_loop[1070]	1788609288268945	9997	4e0693e1c9522c19	f82bebb08beced45
1788609292583570075	5	498	phase_loop[1071]	1788609288278946	9994	a34d19d6c040c04a	f82bebb08beced45
1788609292583570075	5	498	phase_loop[1072]	1788609288288944	9998	cc7c615e0f75a4aa	f82bebb08beced45
1788609292583570075	5	498	phase_loop[1073]	1788609288298947	9993	32d5f813ce147180	f82bebb08beced45
1788609292583570075	5	498	phase_loop[1074]	1788609288308944	9996	dac891fe7ce87c4d	f82bebb08beced45
1788609292583570075	5	498	phase_loop[1075]	1788609288318944	9995	dc6b0b596fc31174	f82bebb08beced45
1788609292583570075	5	498	phase_loop[1076]	1788609288328943	9997	0c8942a55a201651	f82bebb08beced45
1788609292583570075	5	498	phase_loop[1077]	1788609288338944	9995	2c0b927bec9cb3c4	f82bebb08beced45
1788609292583570075	5	498	phase_loop[1078]	1788609288348944	9994	d62de8f4660fb0e1	f82bebb08beced45
1788609292583570075	5	498	phase_loop[1079]	1788609288358942	9998	d676539d60133f92	f82bebb08beced45
1788609292583570075	5	498	phase_loop[1080]	1788609288368944	9996	cf8be7faf84816e4	f82bebb08beced45
1788609292583570075	5	498	phase_loop[1081]	1788609288378945	9995	5a58f43d3a866cc1	f82bebb08beced45
1788609292583570075	5	498	phase_loop[1082]	1788609288388943	9997	dfd61dd4f782d161	f82bebb08beced45
1788609292583570075	5	498	phase_loop[1083]	1788609288398944	9996	7643ed0c11e80387	f82bebb08beced45
1788609292583570075	5	498	phase_loop[1084]	1788609288408944	9995	8bfb67e03ffd1f21	f82bebb08beced45
1788609292583570075	5	498	phase_loop[1085]	1788609288418942	9997	0c9cc31255699593	f82bebb08beced45
1788609292583570075	5	498	phase_loop[1086]	1788609288428943	9998	862a4e5d817f65d2	f82bebb08beced45
1788609292583570075	5	498	phase_loop[1087]	1788609288438945	9995	f16714dcf9808939	f82bebb08beced45
1788609292583570075	5	498	phase_loop[1088]	1788609288448944	9995	906c9c508e1373a7	f82bebb08beced45
1788609292583570075	5	498	phase_loop[1089]	1788609288458944	10030	86dd3ed0b0ecd8ee	f82bebb08beced45
1788609292583570075	5	498	phase_loop[1090]	1788609288468979	9962	786d9b4ab1673fa0	f82bebb08beced45
1788609292583570075	5	498	phase_loop[1091]	1788609288478946	9993	40c1017987bffe18	f82bebb08beced45
1788609292583570075	5	498	phase_loop[1092]	1788609288488943	9997	904339502462628f	f82bebb08beced45
1788609292583570075	5	498	phase_loop[1093]	1788609288498945	9996	13b502f9934127b3	f82bebb08beced45
1788609292583570075	5	498	phase_loop[1094]	1788609288508946	9995	701a00cc206d2e92	f82bebb08beced45
1788609292583570075	5	498	phase_loop[1095]	1788609288518945	9995	a8fcb76d7ed0e9c8	f82bebb08beced45
1788609292583570075	5	498	phase_loop[1096]	1788609288528943	9997	9af85a0b9d745104	f82bebb08beced45
1788609292583570075	5	498	phase_loop[1097]	1788609288538944	9996	e95584a3f78b80fc	f82bebb08beced45
1788609292583570075	5	498	phase_loop[1098]	1788609288548945	9994	42bb3b5303c0a8ca	f82bebb08beced45
1788609292583570075	5	498	phase_loop[1099]	1788609288558943	9997	5cfe58c7ede915d2	f82bebb08beced45
1788609292583570075	5	498	phase_loop[1100]	1788609288568944	9994	2683a1ea22a8d609	f82bebb08beced45
1788609292583570075	5	498	phase_loop[1101]	1788609288578943	9995	e03fafd15a5fdc64	f82bebb08beced45
1788609292583570075	5	498	phase_loop[1102]	1788609288588943	9998	053315f260258b6b	f82bebb08beced45
1788609292583570075	5	498	phase_loop[1103]	1788609288598944	9996	f5dbc75c9bfaa5b1	f82bebb08beced45
1788609292583570075	5	498	phase_loop[1104]	1788609288608946	9993	62ed137c52ee91f4	f82bebb08beced45
1788609292583570075	5	498	phase_loop[1105]	1788609288618944	9995	766789521b821991	f82bebb08beced45
1788609292583570075	5	498	phase_loop[1106]	1788609288628944	9997	4d068c62df8bc584	f82bebb08beced45
1788609292583570075	5	498	phase_loop[1107]	1788609288638945	9994	51711bbc7c8cdd01	f82bebb08beced45
1788609292583570075	5	498	phase_loop[1108]	1788609288648943	9996	dbd9fed5092e21ad	f82bebb08beced45
1788609292583570075	5	498	phase_loop[1109]	1788609288658943	9996	5718fc43b2c3a1e4	f82bebb08beced45
1788609292583570075	5	498	phase_loop[1110]	1788609288668943	9996	dfbbe190139a99dc	f82bebb08beced45
1788609292583570075	5	498	phase_loop[1111]	1788609288678944	9995	4d24e5f70ad6d9e0	f82bebb08beced45
1788609292583570075	5	498	phase_loop[1112]	1788609288688944	9995	0d2f8e8ab8c20afd	f82bebb08beced45
1788609292583570075	5	498	phase_loop[1113]	1788609288698943	9997	81600dab68f8cc20	f82bebb08beced45
1788609292583570075	5	498	phase_loop[1114]	1788609288708945	9997	0ecfdd673a200788	f82bebb08beced45
1788609292583570075	5	498	phase_loop[1115]	1788609288718947	9993	1f231f1b769fdf22	f82bebb08beced45
1788609292583570075	5	498	phase_loop[1116]	1788609288728945	9996	c5300adb762f24b8	f82bebb08beced45
1788609292583570075	5	498	phase_loop[1117]	1788609288738945	9993	7f7b5d3280b5395a	f82bebb08beced45
1788609292583570075	5	498	phase_loop[1118]	1788609288748943	9996	bbabb305e60bc062	f82bebb08beced45
1788609292583570075	5	498	phase_loop[1119]	1788609288758943	9997	04ed3b84902cedc8	f82bebb08beced45
1788609292583570075	5	498	phase_loop[1120]	1788609288768944	9996	325b5de5bdc62f59	f82bebb08beced45
1788609292583570075	5	498	phase_loop[1121]	1788609288778944	9995	961fb8c57a6b0078	f82bebb08beced45
1788609292583570075	5	498	phase_loop[1122]	1788609288788943	10038	1d7ad31e4992dbbf	f82bebb08beced45
1788609292583570075	5	498	phase_loop[1123]	1788609288798986	9956	97f97a934929c00a	f82bebb08beced45
1788609292583570075	5	498	phase_loop[1124]	1788609288808947	9995	0872a082293c550e	f82bebb08beced45
1788609292583570075	5	498	phase_loop[1125]	1788609288818946	9993	d14ed15220014b3c	f82bebb08beced45
1788609292583570075	5	498	phase_loop[1126]	1788609288828943	9996	1a65df808fb1b89a	f82bebb08beced45
1788609292583570075	5	498	phase_loop[1127]	1788609288838944	10001	2d945d867501b3ed	f82bebb08beced45
1788609292583570075	5	498	phase_loop[1128]	1788609288848949	9993	ab975ded33cbbb1a	f82bebb08beced45
1788609292583570075	5	498	phase_loop[1129]	1788609288858946	9993	1077343f402dbe6f	f82bebb08beced45
1788609292583570075	5	498	phase_loop[1130]	1788609288868944	9997	129ae78e7b7807fb	f82bebb08beced45
1788609292583570075	5	498	phase_loop[1131]	1788609288878944	9996	c6644ebb57e9eaea	f82bebb08beced45
1788609292583570075	5	498	phase_loop[1132]	1788609288888945	9997	55bd88fb484eeaa9	f82bebb08beced45
1788609292583570075	5	498	phase_loop[1133]	1788609288898946	9995	55170626180d1d6b	f82bebb08beced45
1788609292583570075	5	498	phase_loop[1134]	1788609288908945	9995	a03093195cc5b0a4	f82bebb08beced45
1788609292583570075	5	498	phase_loop[1135]	1788609288918943	9996	9369789f94b2a6b5	f82bebb08beced45
1788609292583570075	5	498	phase_loop[1136]	1788609288928944	9996	bfc4f838c82df7be	f82bebb08beced45
1788609292583570075	5	498	phase_loop[1137]	1788609288938944	9997	c9856ba4d7eb1f3f	f82bebb08beced45
1788609292583570075	5	498	phase_loop[1138]	1788609288948945	9997	c0db62b43e454c1c	f82bebb08beced45
1788609292583570075	5	498	phase_loop[1139]	1788609288958947	9994	32e7b38de5fcb9a9	f82bebb08beced45
1788609292583570075	5	498	phase_loop[1140]	1788609288968945	9995	d07c3a90c3c087ec	f82bebb08beced45
1788609292583570075	5	498	phase_loop[1141]	1788609288978944	9994	9053fed849c196b1	f82bebb08beced45
1788609292583570075	5	498	phase_loop[1142]	1788609288988943	9999	637950b23098b666	f82bebb08beced45
1788609292583570075	5	498	phase_loop[1143]	1788609288998945	9995	87086d377569b151	f82bebb08beced45
1788609292583570075	5	498	phase_loop[1144]	1788609289008945	9994	2643007420f81b53	f82bebb08beced45
1788609292583570075	5	498	phase_loop[1145]	1788609289018943	10001	c5c81ca80f6106c5	f82bebb08beced45
1788609292583570075	5	498	phase_loop[1146]	1788609289028949	9992	09965470635ac461	f82bebb08beced45
1788609292583570075	5	498	phase_loop[1147]	1788609289038944	10000	e6a1580551f97155	f82bebb08beced45
1788609292583570075	5	498	phase_loop[1148]	1788609289048948	9993	b83429cd67f5f42e	f82bebb08beced45
1788609292583570075	5	498	phase_loop[1149]	1788609289058946	9999	a93f70478bc10511	f82bebb08beced45
1788609292583570075	5	498	phase_loop[1150]	1788609289068952	9989	e6fe15527074364e	f82bebb08beced45
1788609292583570075	5	498	phase_loop[1151]	1788609289078945	9994	09f1b512fa2454f3	f82bebb08beced45
1788609292583570075	5	498	phase_loop[1152]	1788609289088943	9997	b708de0b9a767c7d	f82bebb08beced45
1788609292583570075	5	498	phase_loop[1153]	1788609289098945	9995	54be1dbd56c5350f	f82bebb08beced45
1788609292583570075	5	498	phase_loop[1154]	1788609289108946	9993	e252dc763f64af42	f82bebb08beced45
1788609292583570075	5	498	phase_loop[1155]	1788609289118943	10034	c71a419fd9051c1f	f82bebb08beced45
1788609292583570075	5	498	phase_loop[1156]	1788609289128981	9961	35de39ce2949b97c	f82bebb08beced45
1788609292583570075	5	498	phase_loop[1157]	1788609289138947	9993	465be31795dbed88	f82bebb08beced45
1788609292583570075	5	498	phase_loop[1158]	1788609289148944	9996	d28054d3c96f1f87	f82bebb08beced45
1788609292583570075	5	498	phase_loop[1159]	1788609289158944	9997	13d5f2482105be45	f82bebb08beced45
1788609292583570075	5	498	phase_loop[1160]	1788609289168947	9993	ae252747ef09c9d9	f82bebb08beced45
1788609292583570075	5	498	phase_loop[1161]	1788609289178944	9998	19e4ae4dd729f802	f82bebb08beced45
1788609292583570075	5	498	phase_loop[1162]	1788609289188946	9994	4ff86ff87540dba0	f82bebb08beced45
1788609292583570075	5	498	phase_loop[1163]	1788609289198944	9996	2c8772f89e16caf1	f82bebb08beced45
1788609292583570075	5	498	phase_loop[1164]	1788609289208945	9994	8561337f0e8a0a7a	f82bebb08beced45
1788609292583570075	5	498	phase_loop[1165]	1788609289218943	9997	ae22cb39c85bdc3c	f82bebb08beced45
1788609292583570075	5	498	phase_loop[1166]	1788609289228945	9997	6d9667f1a341112a	f82bebb08beced45
1788609292583570075	5	498	phase_loop[1167]	1788609289238945	9994	1b70c07a889817d9	f82bebb08beced45
1788609292583570075	5	498	phase_loop[1168]	1788609289248944	9997	39b105ae0d3d1d8d	f82bebb08beced45
1788609292583570075	5	498	phase_loop[1169]	1788609289258945	9996	3ec87365d7ee4a78	f82bebb08beced45
1788609292583570075	5	498	phase_loop[1170]	1788609289268945	9995	720aa17dc0c2b453	f82bebb08beced45
1788609292583570075	5	498	phase_loop[1171]	1788609289278944	9995	064db6f1f9e33ca7	f82bebb08beced45
1788609292583570075	5	498	phase_loop[1172]	1788609289288944	9995	dba2501a1958c773	f82bebb08beced45
1788609292583570075	5	498	phase_loop[1173]	1788609289298943	9998	3399b42cb07e7fcf	f82bebb08beced45
1788609292583570075	5	498	phase_loop[1174]	1788609289308945	9993	d0ed76a173bc2948	f82bebb08beced45
1788609292583570075	5	498	phase_loop[1175]	1788609289318942	9998	28693103151e40b0	f82bebb08beced45
1788609292583570075	5	498	phase_loop[1176]	1788609289328944	9997	8165908b259d45e2	f82bebb08beced45
1788609292583570075	5	498	phase_loop[1177]	1788609289338945	9993	115fa632eabc861c	f82bebb08beced45
1788609292583570075	5	498	phase_loop[1178]	1788609289348942	9997	e0580056a0677bdc	f82bebb08beced45
1788609292583570075	5	498	phase_loop[1179]	1788609289358944	9995	7d7e2272374cdc44	f82bebb08beced45
1788609292583570075	5	498	phase_loop[1180]	1788609289368944	9996	1de7fe96b8e96d18	f82bebb08beced45
1788609292583570075	5	498	phase_loop[1181]	1788609289378944	9994	12df5b4989cbfae6	f82bebb08beced45
1788609292583570075	5	498	phase_loop[1182]	1788609289388943	9997	9c278a23396f5602	f82bebb08beced45
1788609292583570075	5	498	phase_loop[1183]	1788609289398944	9996	a769b9827043b05f	f82bebb08beced45
1788609292583570075	5	498	phase_loop[1184]	1788609289408945	9995	146591b4ea40e900	f82bebb08beced45
1788609292583570075	5	498	phase_loop[1185]	1788609289418943	9996	51e962e2656a06e9	f82bebb08beced45
1788609292583570075	5	498	phase_loop[1186]	1788609289428943	9997	b0ac5421af7cb764	f82bebb08beced45
1788609292583570075	5	498	phase_loop[1187]	1788609289438944	9995	7b78a58f2a00620d	f82bebb08beced45
1788609292583570075	5	498	phase_loop[1188]	1788609289448944	10028	417071aba5111afe	f82bebb08beced45
1788609292583570075	5	498	phase_loop[1189]	1788609289458976	9965	7f6a3b0fbeeaefe2	f82bebb08beced45
1788609292583570075	5	498	phase_loop[1190]	1788609289468946	9995	1045e035d6bc1f9c	f82bebb08beced45
1788609292583570075	5	498	phase_loop[1191]	1788609289478945	9994	9ebbad81fe72289a	f82bebb08beced45
1788609292583570075	5	498	phase_loop[1192]	1788609289488943	9999	5fa04e3cd5112d6f	f82bebb08beced45
1788609292583570075	5	498	phase_loop[1193]	1788609289498946	9997	37fadbf492e4c155	f82bebb08beced45
1788609292583570075	5	498	phase_loop[1194]	1788609289508948	9993	4c18ab4ca1fa8249	f82bebb08beced45
1788609292583570075	5	498	phase_loop[1195]	1788609289518945	9995	febe1f1b657a462d	f82bebb08beced45
1788609292583570075	5	498	phase_loop[1196]	1788609289528945	9996	747e86a9ec2c2eb4	f82bebb08beced45
1788609292583570075	5	498	phase_loop[1197]	1788609289538946	9993	5e29d4d6fb027ab5	f82bebb08beced45
1788609292583570075	5	498	phase_loop[1198]	1788609289548944	10002	71f7b767092a9ff3	f82bebb08beced45
1788609292583570075	5	498	phase_loop[1199]	1788609289558950	9991	9d943d19f0a53acc	f82bebb08beced45
1788609292583570075	5	498	phase_loop[1200]	1788609289568946	9995	c42140ecdf2f77dc	f82bebb08beced45
1788609292583570075	5	498	phase_loop[1201]	1788609289578945	9994	df7aa1dd5e034988	f82bebb08beced45
1788609292583570075	5	498	phase_loop[1202]	1788609289588944	9996	c01b48deb091cbbb	f82bebb08beced45
1788609292583570075	5	498	phase_loop[1203]	1788609289598944	9996	f26675a8c4c97484	f82bebb08beced45
1788609292583570075	5	498	phase_loop[1204]	1788609289608945	9995	485941ecde1a389f	f82bebb08beced45
1788609292583570075	5	498	phase_loop[1205]	1788609289618944	9996	76c23b9a91e9edf9	f82bebb08beced45
1788609292583570075	5	498	phase_loop[1206]	1788609289628944	9998	dceb8184231763cb	f82bebb08beced45
1788609292583570075	5	498	phase_loop[1207]	1788609289638947	9993	4279bb02f5ab1f9a	f82bebb08beced45
1788609292583570075	5	498	phase_loop[1208]	1788609289648944	9995	7a52fb6d4330f760	f82bebb08beced45
1788609292583570075	5	498	phase_loop[1209]	1788609289658944	9995	9bba9e61dd2556d2	f82bebb08beced45
1788609292583570075	5	498	phase_loop[1210]	1788609289668944	9994	eff667f6a9f393d3	f82bebb08beced45
1788609292583570075	5	498	phase_loop[1211]	1788609289678942	9998	f2350cd8e26c0d30	f82bebb08beced45
1788609292583570075	5	498	phase_loop[1212]	1788609289688944	9996	4736a89cf9b05e47	f82bebb08beced45
1788609292583570075	5	498	phase_loop[1213]	1788609289698944	9995	32a3cc5062f3a4a6	f82bebb08beced45
1788609292583570075	5	498	phase_loop[1214]	1788609289708944	9997	f31dcfa902b50ff4	f82bebb08beced45
1788609292583570075	5	498	phase_loop[1215]	1788609289718945	9995	fbd675f21a88827c	f82bebb08beced45
1788609292583570075	5	498	phase_loop[1216]	1788609289728944	9995	8194cec65e921707	f82bebb08beced45
1788609292583570075	5	498	phase_loop[1217]	1788609289738943	9995	25ef36e37a92ea90	f82bebb08beced45
1788609292583570075	5	498	phase_loop[1218]	1788609289748943	9997	a077ebe57ccc763a	f82bebb08beced45
1788609292583570075	5	498	phase_loop[1219]	1788609289758944	9996	498c07aec17ef5e6	f82bebb08beced45
1788609292583570075	5	498	phase_loop[1220]	1788609289768944	9997	f9c1d6c63909ec6f	f82bebb08beced45
1788609292583570075	5	498	phase_loop[1221]	1788609289778945	10029	d445e50a08ca1fe8	f82bebb08beced45
1788609292583570075	5	498	phase_loop[1222]	1788609289788979	9964	964787019296060b	f82bebb08beced45
1788609292583570075	5	498	phase_loop[1223]	1788609289798947	9993	38e1f22705e8cd26	f82bebb08beced45
1788609292583570075	5	498	phase_loop[1224]	1788609289808944	9997	e288b84f9ee1ca80	f82bebb08beced45
1788609292583570075	5	498	phase_loop[1225]	1788609289818945	9994	5669d8c1b21d094d	f82bebb08beced45
1788609292583570075	5	498	phase_loop[1226]	1788609289828944	9998	486a8b47160466db	f82bebb08beced45
1788609292583570075	5	498	phase_loop[1227]	1788609289838947	9993	934ff33bc48aff72	f82bebb08beced45
1788609292583570075	5	498	phase_loop[1228]	1788609289848944	10005	7ee02870a5b87582	f82bebb08beced45
1788609292583570075	5	498	phase_loop[1229]	1788609289858953	9988	07d684acf1269475	f82bebb08beced45
1788609292583570075	5	498	phase_loop[1230]	1788609289868945	9995	b921826ca14f9683	f82bebb08beced45
1788609292583570075	5	498	phase_loop[1231]	1788609289878944	9995	f08ec3e0e9664f85	f82bebb08beced45
1788609292583570075	5	498	phase_loop[1232]	1788609289888943	9997	53549fb24dbba3d2	f82bebb08beced45
1788609292583570075	5	498	phase_loop[1233]	1788609289898944	9997	942870204de543b0	f82bebb08beced45
1788609292583570075	5	498	phase_loop[1234]	1788609289908946	9993	2f4a0947ea3ebe36	f82bebb08beced45
1788609292583570075	5	498	phase_loop[1235]	1788609289918943	9997	4b47956075005df1	f82bebb08beced45
1788609292583570075	5	498	phase_loop[1236]	1788609289928944	9996	19ea191c4b5db31d	f82bebb08beced45
1788609292583570075	5	498	phase_loop[1237]	1788609289938945	9998	b45c4bde8d37266d	f82bebb08beced45
1788609292583570075	5	498	phase_loop[1238]	1788609289948947	9995	50234c64984b01c5	f82bebb08beced45
1788609292583570075	5	498	phase_loop[1239]	1788609289958946	9994	9bda6401f2d4ebfe	f82bebb08beced45
1788609292583570075	5	498	phase_loop[1240]	1788609289968945	9997	b498922fcee6fc6d	f82bebb08beced45
1788609292583570075	5	498	phase_loop[1241]	1788609289978947	9994	22da95c363531226	f82bebb08beced45
1788609292583570075	5	498	phase_loop[1242]	1788609289988945	9996	4973d22d9c5abd1c	f82bebb08beced45
1788609292583570075	5	498	phase_loop[1243]	1788609289998945	9995	de95ed751cb8cc28	f82bebb08beced45
1788609292583570075	5	498	phase_loop[1244]	1788609290008945	9996	207e61b75d6b567b	f82bebb08beced45
1788609292583570075	5	498	phase_loop[1245]	1788609290018944	9996	ebcaeca4c360c640	f82bebb08beced45
1788609292583570075	5	498	phase_loop[1246]	1788609290028944	9996	596c9500bcfb4b74	f82bebb08beced45
1788609292583570075	5	498	phase_loop[1247]	1788609290038944	9995	d59af86cc7534bcd	f82bebb08beced45
1788609292583570075	5	498	phase_loop[1248]	1788609290048943	9997	6e3f69bab84cffb6	f82bebb08beced45
1788609292583570075	5	498	phase_loop[1249]	1788609290058945	9997	a33612f01668fdd3	f82bebb08beced45
1788609292583570075	5	498	phase_loop[1250]	1788609290068947	9993	bf01cb205a0ca278	f82bebb08beced45
1788609292583570075	5	498	phase_loop[1251]	1788609290078944	9995	6dc632f6c7cbdc97	f82bebb08beced45
1788609292583570075	5	498	phase_loop[1252]	1788609290088944	9996	6f3225b1f1a42a32	f82bebb08beced45
1788609292583570075	5	498	phase_loop[1253]	1788609290098944	9996	6ed3eef3d4fc3e2e	f82bebb08beced45
1788609292583570075	5	498	phase_loop[1254]	1788609290108944	10046	b9b966ccd2cfbd63	f82bebb08beced45
1788609292583570075	5	498	phase_loop[1255]	1788609290118995	9947	6182196a52ba08dc	f82bebb08beced45
1788609292583570075	5	498	phase_loop[1256]	1788609290128947	9993	f9c5852cd765e44e	f82bebb08beced45
1788609292583570075	5	498	phase_loop[1257]	1788609290138944	9997	84af8be85285f0cb	f82bebb08beced45
1788609292583570075	5	498	phase_loop[1258]	1788609290148945	9995	14164bc0d5af75a9	f82bebb08beced45
1788609292583570075	5	498	phase_loop[1259]	1788609290158945	9995	8e57fda88033090f	f82bebb08beced45
1788609292583570075	5	498	phase_loop[1260]	1788609290168944	9997	12b92d5cf56bb398	f82bebb08beced45
1788609292583570075	5	498	phase_loop[1261]	1788609290178945	9995	309275686349fec9	f82bebb08beced45
1788609292583570075	5	498	phase_loop[1262]	1788609290188944	9995	338110f4c6f2a04a	f82bebb08beced45
1788609292583570075	5	498	phase_loop[1263]	1788609290198944	9996	cb5c121c7764ee52	f82bebb08beced45
1788609292583570075	5	498	phase_loop[1264]	1788609290208944	9995	ad6c62165a44b72d	f82bebb08beced45
1788609292583570075	5	498	phase_loop[1265]	1788609290218944	9995	704246189221bb16	f82bebb08beced45
1788609292583570075	5	498	phase_loop[1266]	1788609290228944	9997	6bdc54f0dba672d8	f82bebb08beced45
1788609292583570075	5	498	phase_loop[1267]	1788609290238944	9994	e99093ac53b9cb98	f82bebb08beced45
1788609292583570075	5	498	phase_loop[1268]	1788609290248942	9997	c8844f32ee515172	f82bebb08beced45
1788609292583570075	5	498	phase_loop[1269]	1788609290258943	9996	68db7ab494bdef8b	f82bebb08beced45
1788609292583570075	5	498	phase_loop[1270]	1788609290268943	9996	fcb2715e18b98522	f82bebb08beced45
1788609292583570075	5	498	phase_loop[1271]	1788609290278943	9997	0cda812d00923280	f82bebb08beced45
1788609292583570075	5	498	phase_loop[1272]	1788609290288945	9995	7a173dfde248dcd1	f82bebb08beced45
1788609292583570075	5	498	phase_loop[1273]	1788609290298945	9996	605872dad6b75451	f82bebb08beced45
1788609292583570075	5	498	phase_loop[1274]	1788609290308945	9995	7ee25b98af7cfb2e	f82bebb08beced45
1788609292583570075	5	498	phase_loop[1275]	1788609290318943	9995	89179000412a34d4	f82bebb08beced45
1788609292583570075	5	498	phase_loop[1276]	1788609290328942	9999	0ff0ccd30977043d	f82bebb08beced45
1788609292583570075	5	498	phase_loop[1277]	1788609290338945	9994	851c413ef86350c6	f82bebb08beced45
1788609292583570075	5	498	phase_loop[1278]	1788609290348943	9997	7520de876422f607	f82bebb08beced45
1788609292583570075	5	498	phase_loop[1279]	1788609290358943	9996	d19c49764826c235	f82bebb08beced45
1788609292583570075	5	498	phase_loop[1280]	1788609290368944	9996	1e4b62065b3b0080	f82bebb08beced45
1788609292583570075	5	498	phase_loop[1281]	1788609290378944	9994	98a92f69325d0326	f82bebb08beced45
1788609292583570075	5	498	phase_loop[1282]	1788609290388943	9997	18de82504c097ee8	f82bebb08beced45
1788609292583570075	5	498	phase_loop[1283]	1788609290398945	9995	9deb97e25485526b	f82bebb08beced45
1788609292583570075	5	498	phase_loop[1284]	1788609290408945	9996	9fb86c94871e2f35	f82bebb08beced45
1788609292583570075	5	498	phase_loop[1285]	1788609290418944	9995	32e5dfa6f8f34e6f	f82bebb08beced45
1788609292583570075	5	498	phase_loop[1286]	1788609290428944	9997	8d8ede373a6ffb75	f82bebb08beced45
1788609292583570075	5	498	phase_loop[1287]	1788609290438944	10027	79f71cbbe3227806	f82bebb08beced45
1788609292583570075	5	498	phase_loop[1288]	1788609290448976	9966	2af4007cdcb6902f	f82bebb08beced45
1788609292583570075	5	498	phase_loop[1289]	1788609290458947	9993	fe8f4230ed4f7692	f82bebb08beced45
1788609292583570075	5	498	phase_loop[1290]	1788609290468945	9995	402f9640abb817d1	f82bebb08beced45
1788609292583570075	5	498	phase_loop[1291]	1788609290478944	9996	3a5c3881d6773936	f82bebb08beced45
1788609292583570075	5	498	phase_loop[1292]	1788609290488945	9996	949e8d0445e6cdfb	f82bebb08beced45
1788609292583570075	5	498	phase_loop[1293]	1788609290498944	9997	e598eb261ee5d7b0	f82bebb08beced45
1788609292583570075	5	498	phase_loop[1294]	1788609290508946	9994	6dd8da485f269893	f82bebb08beced45
1788609292583570075	5	498	phase_loop[1295]	1788609290518944	9997	ecd7cf7cf389dc6d	f82bebb08beced45
1788609292583570075	5	498	phase_loop[1296]	1788609290528946	9995	81f1891c9fe4e88a	f82bebb08beced45
1788609292583570075	5	498	phase_loop[1297]	1788609290538945	9994	e8c6eedc9718d216	f82bebb08beced45
1788609292583570075	5	498	phase_loop[1298]	1788609290548943	9997	9d7d8ea69661be5b	f82bebb08beced45
1788609292583570075	5	498	phase_loop[1299]	1788609290558944	9997	7de744b81ec5fa80	f82bebb08beced45
1788609292583570075	5	498	phase_loop[1300]	1788609290568945	9994	316813e647a1ef57	f82bebb08beced45
1788609292583570075	5	498	phase_loop[1301]	1788609290578944	9996	24d66133b7c1c067	f82bebb08beced45
1788609292583570075	5	498	phase_loop[1302]	1788609290588944	9996	73e5bda6b73fde3b	f82bebb08beced45
1788609292583570075	5	498	phase_loop[1303]	1788609290598944	9996	64bd869bff10c8af	f82bebb08beced45
1788609292583570075	5	498	phase_loop[1304]	1788609290608945	9995	718ef229409e0658	f82bebb08beced45
1788609292583570075	5	498	phase_loop[1305]	1788609290618944	9997	44c8eefaf7976c28	f82bebb08beced45
1788609292583570075	5	498	phase_loop[1306]	1788609290628945	9996	11cf122aaf1679af	f82bebb08beced45
1788609292583570075	5	498	phase_loop[1307]	1788609290638945	9996	07c33f5e40360b8b	f82bebb08beced45
1788609292583570075	5	498	phase_loop[1308]	1788609290648945	9995	4509c57318442373	f82bebb08beced45
1788609292583570075	5	498	phase_loop[1309]	1788609290658944	9998	c17924d738032706	f82bebb08beced45
1788609292583570075	5	498	phase_loop[1310]	1788609290668946	9994	b0b4064e74f149a7	f82bebb08beced45
1788609292583570075	5	498	phase_loop[1311]	1788609290678945	9995	ee74221500bab343	f82bebb08beced45
1788609292583570075	5	498	phase_loop[1312]	1788609290688944	9996	18dd1c17f7bc2262	f82bebb08beced45
1788609292583570075	5	498	phase_loop[1313]	1788609290698943	9996	5f1f80e98e2eae1e	f82bebb08beced45
1788609292583570075	5	498	phase_loop[1314]	1788609290708944	9997	809129c24b743740	f82bebb08beced45
1788609292583570075	5	498	phase_loop[1315]	1788609290718944	9995	829c8c9dbe9afe59	f82bebb08beced45
1788609292583570075	5	498	phase_loop[1316]	1788609290728944	9996	c139840cc244ea3f	f82bebb08beced45
1788609292583570075	5	498	phase_loop[1317]	1788609290738944	9996	b29b1e67f50bbd06	f82bebb08beced45
1788609292583570075	5	498	phase_loop[1318]	1788609290748944	9996	1eeea9a0e2b8cc67	f82bebb08beced45
1788609292583570075	5	498	phase_loop[1319]	1788609290758944	9998	f52bed032c45b675	f82bebb08beced45
1788609292583570075	5	498	phase_loop[1320]	1788609290768947	10026	31c920e712d21980	f82bebb08beced45
1788609292583570075	5	498	phase_loop[1321]	1788609290778977	9962	632124ba135e6574	f82bebb08beced45
1788609292583570075	5	498	phase_loop[1322]	1788609290788944	9996	53182fa3fddf8e0b	f82bebb08beced45
1788609292583570075	5	498	phase_loop[1323]	1788609290798944	9995	65bbb0dbcf1c0a85	f82bebb08beced45
1788609292583570075	5	498	phase_loop[1324]	1788609290808945	9995	771bc4e8a09b5078	f82bebb08beced45
1788609292583570075	5	498	phase_loop[1325]	1788609290818944	9996	21c43eb5e030349b	f82bebb08beced45
1788609292583570075	5	498	phase_loop[1326]	1788609290828944	10000	1dfe93d83ce86551	f82bebb08beced45
1788609292583570075	5	498	phase_loop[1327]	1788609290838948	9992	6bb88baf06338b24	f82bebb08beced45
1788609292583570075	5	498	phase_loop[1328]	1788609290848944	9996	ce7f6cbb5027a1f1	f82bebb08beced45
1788609292583570075	5	498	phase_loop[1329]	1788609290858944	9995	64d489dfb1787c60	f82bebb08beced45
1788609292583570075	5	498	phase_loop[1330]	1788609290868944	9996	1e072435052a7943	f82bebb08beced45
1788609292583570075	5	498	phase_loop[1331]	1788609290878945	9995	75e6abcad10aeb79	f82bebb08beced45
1788609292583570075	5	498	phase_loop[1332]	1788609290888944	9995	89c0c65ee469df37	f82bebb08beced45
1788609292583570075	5	498	phase_loop[1333]	1788609290898944	9996	8545e1dd7adacfe4	f82bebb08beced45
1788609292583570075	5	498	phase_loop[1334]	1788609290908944	9995	fe6077bee49a40f0	f82bebb08beced45
1788609292583570075	5	498	phase_loop[1335]	1788609290918943	9997	74173c870a0220cd	f82bebb08beced45
1788609292583570075	5	498	phase_loop[1336]	1788609290928945	9996	481860e949ed3f50	f82bebb08beced45
1788609292583570075	5	498	phase_loop[1337]	1788609290938944	9996	c87832cae5af637d	f82bebb08beced45
1788609292583570075	5	498	phase_loop[1338]	1788609290948945	9997	7d6dcf2e3e19318a	f82bebb08beced45
1788609292583570075	5	498	phase_loop[1339]	1788609290958946	9995	323d28dcda0cc8fd	f82bebb08beced45
1788609292583570075	5	498	phase_loop[1340]	1788609290968946	9995	30fe5bba23716fd0	f82bebb08beced45
1788609292583570075	5	498	phase_loop[1341]	1788609290978946	9994	9c85d3ad805059bf	f82bebb08beced45
1788609292583570075	5	498	phase_loop[1342]	1788609290988945	9995	f095c1ced0bb465c	f82bebb08beced45
1788609292583570075	5	498	phase_loop[1343]	1788609290998944	9996	fd966126f0d304dd	f82bebb08beced45
1788609292583570075	5	498	phase_loop[1344]	1788609291008945	9996	155801f6fafd6498	f82bebb08beced45
1788609292583570075	5	498	phase_loop[1345]	1788609291018944	9996	cc2ac334c62373b3	f82bebb08beced45
1788609292583570075	5	498	phase_loop[1346]	1788609291028945	9995	e84166ae2dec8818	f82bebb08beced45
1788609292583570075	5	498	phase_loop[1347]	1788609291038944	9994	cada7ffc8f801f42	f82bebb08beced45
1788609292583570075	5	498	phase_loop[1348]	1788609291048943	9997	5684bb88a349c03e	f82bebb08beced45
1788609292583570075	5	498	phase_loop[1349]	1788609291058944	9995	58ece78d2262a234	f82bebb08beced45
1788609292583570075	5	498	phase_loop[1350]	1788609291068943	9998	65fbb10fada1a5b7	f82bebb08beced45
1788609292583570075	5	498	phase_loop[1351]	1788609291078945	9996	dbe8279f619848f2	f82bebb08beced45
1788609292583570075	5	498	phase_loop[1352]	1788609291088947	9994	5f38993b472c2b70	f82bebb08beced45
1788609292583570075	5	498	phase_loop[1353]	1788609291098946	10029	29820f941d3e11ad	f82bebb08beced45
1788609292583570075	5	498	phase_loop[1354]	1788609291108981	9959	b59bcf6f5f788201	f82bebb08beced45
1788609292583570075	5	498	phase_loop[1355]	1788609291118945	9995	4f3270e2c352bf46	f82bebb08beced45
1788609292583570075	5	498	phase_loop[1356]	1788609291128944	9997	5abc90a518170576	f82bebb08beced45
1788609292583570075	5	498	phase_loop[1357]	1788609291138945	9994	7d618d2fd13e52d1	f82bebb08beced45
1788609292583570075	5	498	phase_loop[1358]	1788609291148943	9997	a61b0f997112a2ce	f82bebb08beced45
1788609292583570075	5	498	phase_loop[1359]	1788609291158945	9995	0c7611d057e7b755	f82bebb08beced45
1788609292583570075	5	498	phase_loop[1360]	1788609291168944	9995	8e7dd7981429c91e	f82bebb08beced45
1788609292583570075	5	498	phase_loop[1361]	1788609291178943	9997	591f36774d987a5b	f82bebb08beced45
1788609292583570075	5	498	phase_loop[1362]	1788609291188945	9997	c5076b4b5bd753b2	f82bebb08beced45
1788609292583570075	5	498	phase_loop[1363]	1788609291198946	9995	2a1b039dbae69539	f82bebb08beced45
1788609292583570075	5	498	phase_loop[1364]	1788609291208946	9993	7be9922c5cc5e054	f82bebb08beced45
1788609292583570075	5	498	phase_loop[1365]	1788609291218943	9997	4e8f3cc839107bb4	f82bebb08beced45
1788609292583570075	5	498	phase_loop[1366]	1788609291228944	9996	bb81bf3e6db38d8a	f82bebb08beced45
1788609292583570075	5	498	phase_loop[1367]	1788609291238945	9996	0da6378324e12eb3	f82bebb08beced45
1788609292583570075	5	498	phase_loop[1368]	1788609291248945	9994	02dcca786466bffd	f82bebb08beced45
1788609292583570075	5	498	phase_loop[1369]	1788609291258944	9996	aa63be047056ceb4	f82bebb08beced45
1788609292583570075	5	498	phase_loop[1370]	1788609291268945	9995	e8f7582c8f6133e1	f82bebb08beced45
1788609292583570075	5	498	phase_loop[1371]	1788609291278944	9995	568810f5ce986904	f82bebb08beced45
1788609292583570075	5	498	phase_loop[1372]	1788609291288944	9999	3d5294405ac0ca6b	f82bebb08beced45
1788609292583570075	5	498	phase_loop[1373]	1788609291298948	9992	c59cf6e6a45ddfce	f82bebb08beced45
1788609292583570075	5	498	phase_loop[1374]	1788609291308944	9996	5a48815ae30335b0	f82bebb08beced45
1788609292583570075	5	498	phase_loop[1375]	1788609291318945	9996	b5ecc8cf6d3988cf	f82bebb08beced45
1788609292583570075	5	498	phase_loop[1376]	1788609291328946	9996	da6cf5ef5249a52c	f82bebb08beced45
1788609292583570075	5	498	phase_loop[1377]	1788609291338946	9994	20d1ffde9239f593	f82bebb08beced45
1788609292583570075	5	498	phase_loop[1378]	1788609291348945	9995	ff76e8031727d81d	f82bebb08beced45
1788609292583570075	5	498	phase_loop[1379]	1788609291358945	9996	488524e82ffb52c0	f82bebb08beced45
1788609292583570075	5	498	phase_loop[1380]	1788609291368945	9995	1ba08a792486fc0d	f82bebb08beced45
1788609292583570075	5	498	phase_loop[1381]	1788609291378945	9995	85cedd501098adf5	f82bebb08beced45
1788609292583570075	5	498	phase_loop[1382]	1788609291388944	10000	5bda09e5c143ecc9	f82bebb08beced45
1788609292583570075	5	498	phase_loop[1383]	1788609291398949	9992	36a5ddd2e619d7c7	f82bebb08beced45
1788609292583570075	5	498	phase_loop[1384]	1788609291408945	9994	d89f9b605540f82c	f82bebb08beced45
1788609292583570075	5	498	phase_loop[1385]	1788609291418943	9995	053d5d2bd8dda777	f82bebb08beced45
1788609292583570075	5	498	phase_loop[1386]	1788609291428943	10036	9ce88bdecec3df7f	f82bebb08beced45
1788609292583570075	5	498	phase_loop[1387]	1788609291438984	9959	191f7817f9a8621c	f82bebb08beced45
1788609292583570075	5	498	phase_loop[1388]	1788609291448948	9992	e79df3be8388117d	f82bebb08beced45
1788609292583570075	5	498	phase_loop[1389]	1788609291458945	9996	e9969b7fea4c02e6	f82bebb08beced45
1788609292583570075	5	498	phase_loop[1390]	1788609291468945	9996	0096745ab94310d3	f82bebb08beced45
1788609292583570075	5	498	phase_loop[1391]	1788609291478945	9994	39527bb33fb9cd71	f82bebb08beced45
1788609292583570075	5	498	phase_loop[1392]	1788609291488944	9996	15c1d77e38fa6ffe	f82bebb08beced45
1788609292583570075	5	498	phase_loop[1393]	1788609291498945	9998	723c158cb0f5c7ec	f82bebb08beced45
1788609292583570075	5	498	phase_loop[1394]	1788609291508948	9993	aa4cea034a7f98da	f82bebb08beced45
1788609292583570075	5	498	phase_loop[1395]	1788609291518945	9997	b2885dee06c29a46	f82bebb08beced45
1788609292583570075	5	498	phase_loop[1396]	1788609291528946	9994	03c31241cbf70bbf	f82bebb08beced45
1788609292583570075	5	498	phase_loop[1397]	1788609291538944	9997	684b40a6fd4f0a75	f82bebb08beced45
1788609292583570075	5	498	phase_loop[1398]	1788609291548944	9998	8426589bed2d5fe4	f82bebb08beced45
1788609292583570075	5	498	phase_loop[1399]	1788609291558946	9995	2113fb0b49303f68	f82bebb08beced45
1788609292583570075	5	498	phase_loop[1400]	1788609291568946	9995	de4faf6c9ec9117d	f82bebb08beced45
1788609292583570075	5	498	phase_loop[1401]	1788609291578944	9995	db524e6071e848f0	f82bebb08beced45
1788609292583570075	5	498	phase_loop[1402]	1788609291588944	9997	b41fde404d5931c2	f82bebb08beced45
1788609292583570075	5	498	phase_loop[1403]	1788609291598945	9994	a8b187daea5f9816	f82bebb08beced45
1788609292583570075	5	498	phase_loop[1404]	1788609291608943	9996	b923e1b19c7fc67a	f82bebb08beced45
1788609292583570075	5	498	phase_loop[1405]	1788609291618943	9998	534cc7b634dd536d	f82bebb08beced45
1788609292583570075	5	498	phase_loop[1406]	1788609291628946	9997	cc8cc37ef8b0643f	f82bebb08beced45
1788609292583570075	5	498	phase_loop[1407]	1788609291638947	9994	ca5e4486ff7b6d36	f82bebb08beced45
1788609292583570075	5	498	phase_loop[1408]	1788609291648945	9994	dfa8a8e89aafc78a	f82bebb08beced45
1788609292583570075	5	498	phase_loop[1409]	1788609291658944	9996	23563ff392351753	f82bebb08beced45
1788609292583570075	5	498	phase_loop[1410]	1788609291668944	9996	7164ad8daea3db98	f82bebb08beced45
1788609292583570075	5	498	phase_loop[1411]	1788609291678944	9996	35d644e70a354a87	f82bebb08beced45
1788609292583570075	5	498	phase_loop[1412]	1788609291688943	9997	f4c549839293a325	f82bebb08beced45
1788609292583570075	5	498	phase_loop[1413]	1788609291698944	9996	3936fc1c267ec82b	f82bebb08beced45
1788609292583570075	5	498	phase_loop[1414]	1788609291708945	9995	6d7a07d0368764cb	f82bebb08beced45
1788609292583570075	5	498	phase_loop[1415]	1788609291718943	9997	21bac91aade5ce92	f82bebb08beced45
1788609292583570075	5	498	phase_loop[1416]	1788609291728944	9996	13626c21992af2f2	f82bebb08beced45
1788609292583570075	5	498	phase_loop[1417]	1788609291738944	9996	b05a2f821029ba71	f82bebb08beced45
1788609292583570075	5	498	phase_loop[1418]	1788609291748946	9994	971caa1d7d153b3a	f82bebb08beced45
1788609292583570075	5	498	phase_loop[1419]	1788609291758945	10054	dd6d8e88a31bc250	f82bebb08beced45
1788609292583570075	5	498	phase_loop[1420]	1788609291769004	9937	2b2b39599a95f8d7	f82bebb08beced45
1788609292583570075	5	498	phase_loop[1421]	1788609291778946	9996	dd965d8ee8817255	f82bebb08beced45
1788609292583570075	5	498	phase_loop[1422]	1788609291788947	9995	18e5895b37836644	f82bebb08beced45
1788609292583570075	5	498	phase_loop[1423]	1788609291798945	9996	5738cd1c7cf13c03	f82bebb08beced45
1788609292583570075	5	498	phase_loop[1424]	1788609291808945	9996	a7cee47517220121	f82bebb08beced45
1788609292583570075	5	498	phase_loop[1425]	1788609291818945	9995	675b54a6c19ab75f	f82bebb08beced45
1788609292583570075	5	498	phase_loop[1426]	1788609291828945	9995	4f62858987549173	f82bebb08beced45
1788609292583570075	5	498	phase_loop[1427]	1788609291838946	9994	feb7bff87dd0e873	f82bebb08beced45
1788609292583570075	5	498	phase_loop[1428]	1788609291848945	9995	36a40ae21127c544	f82bebb08beced45
1788609292583570075	5	498	phase_loop[1429]	1788609291858945	9997	353262e4b7ecd70f	f82bebb08beced45
1788609292583570075	5	498	phase_loop[1430]	1788609291868947	9993	569b801a5be2e161	f82bebb08beced45
1788609292583570075	5	498	phase_loop[1431]	1788609291878945	9999	9f4c46208c5a3fb6	f82bebb08beced45
1788609292583570075	5	498	phase_loop[1432]	1788609291888949	9991	f59b40e9c6cdca7e	f82bebb08beced45
1788609292583570075	5	498	phase_loop[1433]	1788609291898945	9996	0dc5592f1f5a7b82	f82bebb08beced45
1788609292583570075	5	498	phase_loop[1434]	1788609291908946	9994	732cb76f65ef6427	f82bebb08beced45
1788609292583570075	5	498	phase_loop[1435]	1788609291918944	9996	6d5c135bc8909194	f82bebb08beced45
1788609292583570075	5	498	phase_loop[1436]	1788609291928944	9999	ed5286a7073c742f	f82bebb08beced45
1788609292583570075	5	498	phase_loop[1437]	1788609291938947	9994	71ddb2d135800e17	f82bebb08beced45
1788609292583570075	5	498	phase_loop[1438]	1788609291948946	9998	1868e57bc54ce673	f82bebb08beced45
1788609292583570075	5	498	phase_loop[1439]	1788609291958949	9992	6ee32bb5a4d4ba37	f82bebb08beced45
1788609292583570075	5	498	phase_loop[1440]	1788609291968946	9995	24a2770b1c8a9272	f82bebb08beced45
1788609292583570075	5	498	phase_loop[1441]	1788609291978945	9995	75d79959b4333285	f82bebb08beced45
1788609292583570075	5	498	phase_loop[1442]	1788609291988944	9997	fac0d35d233ea504	f82bebb08beced45
1788609292583570075	5	498	phase_loop[1443]	1788609291998945	9996	4a6fcbe0818201ae	f82bebb08beced45
1788609292583570075	5	498	phase_loop[1444]	1788609292008944	9994	561e945997a4ac9b	f82bebb08beced45
1788609292583570075	5	498	phase_loop[1445]	1788609292018943	9996	a0ee11198637dbae	f82bebb08beced45
1788609292583570075	5	498	phase_loop[1446]	1788609292028944	9997	2689e1decd3dc2ac	f82bebb08beced45
1788609292583570075	5	498	phase_loop[1447]	1788609292038946	9993	343f791e859edaba	f82bebb08beced45
1788609292583570075	5	498	phase_loop[1448]	1788609292048944	10002	c40183efe7428ca1	f82bebb08beced45
1788609292583570075	5	498	phase_loop[1449]	1788609292058950	9989	775b07b9b9242229	f82bebb08beced45
1788609292583570075	5	498	phase_loop[1450]	1788609292068944	9999	a4c1170412be9df3	f82bebb08beced45
1788609292583570075	5	498	phase_loop[1451]	1788609292078947	9993	32af4ac9d04feb8f	f82bebb08beced45
1788609292583570075	5	498	phase_loop[1452]	1788609292088945	10034	da7346e927734f95	f82bebb08beced45
1788609292583570075	5	498	phase_loop[1453]	1788609292098984	9957	a331f340db6808ef	f82bebb08beced45
1788609292583570075	5	498	phase_loop[1454]	1788609292108946	9993	1c72c101ff94d5e5	f82bebb08beced45
1788609292583570075	5	498	phase_loop[1455]	1788609292118944	9997	6245f5ee05766dc5	f82bebb08beced45
1788609292583570075	5	498	phase_loop[1456]	1788609292128945	9995	6557f0ebaab21061	f82bebb08beced45
1788609292583570075	5	498	phase_loop[1457]	1788609292138945	9996	7d7818caf7de7b96	f82bebb08beced45
1788609292583570075	5	498	phase_loop[1458]	1788609292148945	9996	885fc3d87cd6ecea	f82bebb08beced45
1788609292583570075	5	498	phase_loop[1459]	1788609292158945	9993	4c4b197c36d981d0	f82bebb08beced45
1788609292583570075	5	498	phase_loop[1460]	1788609292168943	9997	9b0fe2ec3a3801a4	f82bebb08beced45
1788609292583570075	5	498	phase_loop[1461]	1788609292178944	9996	8064b44c0506bd48	f82bebb08beced45
1788609292583570075	5	498	phase_loop[1462]	1788609292188945	9997	fbb12ff26026c397	f82bebb08beced45
1788609292583570075	5	498	phase_loop[1463]	1788609292198947	9993	2ff39383681f584d	f82bebb08beced45
1788609292583570075	5	498	phase_loop[1464]	1788609292208944	10049	2f77a0c5b40c2ce6	f82bebb08beced45
1788609292583570075	5	498	phase_loop[1465]	1788609292218997	9945	bc445076829319cd	f82bebb08beced45
1788609292583570075	5	498	phase_loop[1466]	1788609292228947	9996	ed7e6090cd928ac4	f82bebb08beced45
1788609292583570075	5	498	phase_loop[1467]	1788609292238947	9991	7188841d80dd44b8	f82bebb08beced45
1788609292583570075	5	498	phase_loop[1468]	1788609292248943	9997	5f9dab8a61a7824e	f82bebb08beced45
1788609292583570075	5	498	phase_loop[1469]	1788609292258945	9996	bcd0ab948b242d56	f82bebb08beced45
1788609292583570075	5	498	phase_loop[1470]	1788609292268946	9995	0ab4017460297f62	f82bebb08beced45
1788609292583570075	5	498	phase_loop[1471]	1788609292278946	9994	d790c9e6c65a7bc2	f82bebb08beced45
1788609292583570075	5	498	phase_loop[1472]	1788609292288945	9995	b33298af4536bab0	f82bebb08beced45
1788609292583570075	5	498	phase_loop[1473]	1788609292298944	9997	9cc96fe8d011c62b	f82bebb08beced45
1788609292583570075	5	498	phase_loop[1474]	1788609292308946	9995	07facafdf1f81f86	f82bebb08beced45
1788609292583570075	5	498	phase_loop[1475]	1788609292318946	9994	d998b67e11a7e575	f82bebb08beced45
1788609292583570075	5	498	phase_loop[1476]	1788609292328945	9995	4e59a92d33bac67a	f82bebb08beced45
1788609292583570075	5	498	phase_loop[1477]	1788609292338945	9996	351e687558439f4d	f82bebb08beced45
1788609292583570075	5	498	phase_loop[1478]	1788609292348945	9995	e4fb328cbaec82fd	f82bebb08beced45
1788609292583570075	5	498	phase_loop[1479]	1788609292358945	9995	42866d5e6c1499fb	f82bebb08beced45
1788609292583570075	5	498	phase_loop[1480]	1788609292368944	9996	9f4e57defefacb9e	f82bebb08beced45
1788609292583570075	5	498	phase_loop[1481]	1788609292378945	9996	0f6f7f120bd15b6d	f82bebb08beced45
1788609292583570075	5	498	phase_loop[1482]	1788609292388945	9996	e09546d211f1d84b	f82bebb08beced45
1788609292583570075	5	498	phase_loop[1483]	1788609292398945	10004	3316239340f2f560	f82bebb08beced45
1788609292583570075	5	498	phase_loop[1484]	1788609292408954	9988	33427adc7202448e	f82bebb08beced45
1788609292583570075	5	498	phase_loop[1485]	1788609292418946	10046	4028f903585b844c	f82bebb08beced45
1788609292583570075	5	498	phase_loop[1486]	1788609292428997	9943	d106df9c900dda63	f82bebb08beced45
1788609292583570075	5	498	phase_loop[1487]	1788609292438945	9996	ec77c060f9de5743	f82bebb08beced45
1788609292583570075	5	498	phase_loop[1488]	1788609292448946	9994	b6044c0284f2cea7	f82bebb08beced45
1788609292583570075	5	498	phase_loop[1489]	1788609292458945	9995	ee782d7a603ba8d7	f82bebb08beced45
1788609292583570075	5	498	phase_loop[1490]	1788609292468945	9994	0a5d05fae8e1d6f1	f82bebb08beced45
1788609292583570075	5	498	phase_loop[1491]	1788609292478944	9995	3ed7c1de7283634a	f82bebb08beced45
1788609292583570075	5	498	phase_loop[1492]	1788609292488943	9996	8c4900da4b900750	f82bebb08beced45
1788609292583570075	5	498	phase_loop[1493]	1788609292498944	9996	08e4ee8787a353cc	f82bebb08beced45
1788609292583570075	5	498	phase_loop[1494]	1788609292508944	9995	490c4993e5f576a6	f82bebb08beced45
1788609292583570075	5	498	phase_loop[1495]	1788609292518944	9996	fc7a291a3e96ef1d	f82bebb08beced45
1788609292583570075	5	498	phase_loop[1496]	1788609292528944	9995	05bc5364000d4a68	f82bebb08beced45
1788609292583570075	5	498	phase_loop[1497]	1788609292538944	9996	3751307c69806971	f82bebb08beced45
1788609292583570075	5	498	phase_loop[1498]	1788609292549001	9942	45af8d6024a05189	f82bebb08beced45
1788609292583570075	5	498	phase_loop[1499]	1788609292558965	9976	3cfc95ee52eca5d0	f82bebb08beced45
1788609292595180879	6	1	phase_loop[1500]	1788609292568945	10017	e8f54e8b96d42354	f82bebb08beced45
1788609292597336835	7	1	phase_loop[1501]	1788609292578976	9981	b27c79ebe1500e9a	f82bebb08beced45
1788609297582123919	8	503	phase_loop[1502]	1788609292588972	9986	278aabd726e1a70e	f82bebb08beced45
1788609297582123919	8	503	phase_loop[1503]	1788609292598973	9968	f8dc9a3dbde283e4	f82bebb08beced45
1788609297582123919	8	503	phase_loop[1504]	1788609292608945	9995	a904c16b9fdd8788	f82bebb08beced45
1788609297582123919	8	503	phase_loop[1505]	1788609292618945	9995	2da3942b75e36442	f82bebb08beced45
1788609297582123919	8	503	phase_loop[1506]	1788609292628945	9997	63571a0127bb1e6a	f82bebb08beced45
1788609297582123919	8	503	phase_loop[1507]	1788609292638947	9993	be8a488157c167a0	f82bebb08beced45
1788609297582123919	8	503	phase_loop[1508]	1788609292648947	9996	c652b8c800b4c8a1	f82bebb08beced45
1788609297582123919	8	503	phase_loop[1509]	1788609292658949	9992	84b87be119452196	f82bebb08beced45
1788609297582123919	8	503	phase_loop[1510]	1788609292668945	9994	14fdabba8e1eb4f3	f82bebb08beced45
1788609297582123919	8	503	phase_loop[1511]	1788609292678945	9994	f5d3ad140922c2da	f82bebb08beced45
1788609297582123919	8	503	phase_loop[1512]	1788609292688945	9994	bbe5a9e980c0bcac	f82bebb08beced45
1788609297582123919	8	503	phase_loop[1513]	1788609292698944	9998	348a43cb7e3a07d5	f82bebb08beced45
1788609297582123919	8	503	phase_loop[1514]	1788609292708946	9993	dbed8929b168cf69	f82bebb08beced45
1788609297582123919	8	503	phase_loop[1515]	1788609292718944	9994	357f15343214c4d9	f82bebb08beced45
1788609297582123919	8	503	phase_loop[1516]	1788609292728944	9997	24936574e96768c7	f82bebb08beced45
1788609297582123919	8	503	phase_loop[1517]	1788609292738946	9993	e12b6c1bf4359ae4	f82bebb08beced45
1788609297582123919	8	503	phase_loop[1518]	1788609292748945	10049	02cbccbed630ec75	f82bebb08beced45
1788609297582123919	8	503	phase_loop[1519]	1788609292759000	9942	4c6cf626a3a65c8b	f82bebb08beced45
1788609297582123919	8	503	phase_loop[1520]	1788609292768948	9991	e869bf94b7181084	f82bebb08beced45
1788609297582123919	8	503	phase_loop[1521]	1788609292778945	9995	b3add9f8614920cf	f82bebb08beced45
1788609297582123919	8	503	phase_loop[1522]	1788609292788945	9994	ed5bf101bc7c05a7	f82bebb08beced45
1788609297582123919	8	503	phase_loop[1523]	1788609292798944	9996	b16d0ddf68ffe168	f82bebb08beced45
1788609297582123919	8	503	phase_loop[1524]	1788609292808946	9993	8ff01039197edb23	f82bebb08beced45
1788609297582123919	8	503	phase_loop[1525]	1788609292818944	9996	b8f9cae48cf788fe	f82bebb08beced45
1788609297582123919	8	503	phase_loop[1526]	1788609292828945	9996	92a644e4c90b0bcf	f82bebb08beced45
1788609297582123919	8	503	phase_loop[1527]	1788609292838946	9994	736d35a17e2d250a	f82bebb08beced45
1788609297582123919	8	503	phase_loop[1528]	1788609292848945	9995	8ff005d69c850c16	f82bebb08beced45
1788609297582123919	8	503	phase_loop[1529]	1788609292858944	9996	ccc280b70694b7c8	f82bebb08beced45
1788609297582123919	8	503	phase_loop[1530]	1788609292868945	9996	62ac17dc6ed70d39	f82bebb08beced45
1788609297582123919	8	503	phase_loop[1531]	1788609292878946	9993	840d39f80c25fb6a	f82bebb08beced45
1788609297582123919	8	503	phase_loop[1532]	1788609292888943	9997	042f99eac3508798	f82bebb08beced45
1788609297582123919	8	503	phase_loop[1533]	1788609292898945	9994	7effcd4e8b92ffa3	f82bebb08beced45
1788609297582123919	8	503	phase_loop[1534]	1788609292908944	9995	f1c39d58adab83e9	f82bebb08beced45
1788609297582123919	8	503	phase_loop[1535]	1788609292918944	9997	3aa87e4b2fb5a47f	f82bebb08beced45
1788609297582123919	8	503	phase_loop[1536]	1788609292928945	9994	a53794528e77c4c4	f82bebb08beced45
1788609297582123919	8	503	phase_loop[1537]	1788609292938944	9995	bfd6b9ee5e4e451d	f82bebb08beced45
1788609297582123919	8	503	phase_loop[1538]	1788609292948944	9995	c2fa87f1ab663292	f82bebb08beced45
1788609297582123919	8	503	phase_loop[1539]	1788609292958944	9997	aca67d5fbeae54a5	f82bebb08beced45
1788609297582123919	8	503	phase_loop[1540]	1788609292968945	9996	b472545c41e00abd	f82bebb08beced45
1788609297582123919	8	503	phase_loop[1541]	1788609292978946	9994	7557557f8c6e66b8	f82bebb08beced45
1788609297582123919	8	503	phase_loop[1542]	1788609292988946	9995	81639fe1d8048c5a	f82bebb08beced45
1788609297582123919	8	503	phase_loop[1543]	1788609292998946	9993	b4e6ab7ea98f65e8	f82bebb08beced45
1788609297582123919	8	503	phase_loop[1544]	1788609293008944	9996	88fd3fae697f2812	f82bebb08beced45
1788609297582123919	8	503	phase_loop[1545]	1788609293018945	9994	c84f5bd6ae5f8236	f82bebb08beced45
1788609297582123919	8	503	phase_loop[1546]	1788609293028944	10004	a4ba88664d2381f8	f82bebb08beced45
1788609297582123919	8	503	phase_loop[1547]	1788609293038953	9987	6dd9125ab4a391da	f82bebb08beced45
1788609297582123919	8	503	phase_loop[1548]	1788609293048945	9994	61fcba159eecbb69	f82bebb08beced45
1788609297582123919	8	503	phase_loop[1549]	1788609293058944	9997	0e50880e0c22f5a8	f82bebb08beced45
1788609297582123919	8	503	phase_loop[1550]	1788609293068947	9993	9a7acc934bda234e	f82bebb08beced45
1788609297582123919	8	503	phase_loop[1551]	1788609293078945	10041	3bcb5a1fb1c9379b	f82bebb08beced45
1788609297582123919	8	503	phase_loop[1552]	1788609293088992	9949	45eddedc177abd61	f82bebb08beced45
1788609297582123919	8	503	phase_loop[1553]	1788609293098948	9994	bb427f9e2ce6f59e	f82bebb08beced45
1788609297582123919	8	503	phase_loop[1554]	1788609293108950	9990	b5dc62f56b1d6a31	f82bebb08beced45
1788609297582123919	8	503	phase_loop[1555]	1788609293118945	9995	eedc0157ce0c2599	f82bebb08beced45
1788609297582123919	8	503	phase_loop[1556]	1788609293128945	9995	9971fac93452c085	f82bebb08beced45
1788609297582123919	8	503	phase_loop[1557]	1788609293138945	9996	3e1043f079c2f281	f82bebb08beced45
1788609297582123919	8	503	phase_loop[1558]	1788609293148945	9995	c2f3bfda5e8597e4	f82bebb08beced45
1788609297582123919	8	503	phase_loop[1559]	1788609293158946	9996	06a2c874ad7cdc9f	f82bebb08beced45
1788609297582123919	8	503	phase_loop[1560]	1788609293168947	9994	c94bc7796629f00b	f82bebb08beced45
1788609297582123919	8	503	phase_loop[1561]	1788609293178946	9997	1dd06285f6c3d904	f82bebb08beced45
1788609297582123919	8	503	phase_loop[1562]	1788609293188951	9990	5c4f1223cee2354d	f82bebb08beced45
1788609297582123919	8	503	phase_loop[1563]	1788609293198947	9994	9016708cefda9543	f82bebb08beced45
1788609297582123919	8	503	phase_loop[1564]	1788609293208947	9992	2aa3a9df11696e8f	f82bebb08beced45
1788609297582123919	8	503	phase_loop[1565]	1788609293218944	9995	a21d53a56e6ef2b4	f82bebb08beced45
1788609297582123919	8	503	phase_loop[1566]	1788609293228944	9996	c0d5f2b937ab73ae	f82bebb08beced45
1788609297582123919	8	503	phase_loop[1567]	1788609293238946	9992	d267f4f9c2b71561	f82bebb08beced45
1788609297582123919	8	503	phase_loop[1568]	1788609293248942	9997	22cea9dfcc308d16	f82bebb08beced45
1788609297582123919	8	503	phase_loop[1569]	1788609293258945	9995	45936d31ad84f416	f82bebb08beced45
1788609297582123919	8	503	phase_loop[1570]	1788609293268945	9993	95ffa3cd5d75d785	f82bebb08beced45
1788609297582123919	8	503	phase_loop[1571]	1788609293278943	9995	aa1d9585cbf81b08	f82bebb08beced45
1788609297582123919	8	503	phase_loop[1572]	1788609293288944	9996	fbd70111f5441df3	f82bebb08beced45
1788609297582123919	8	503	phase_loop[1573]	1788609293298945	9994	191dcfc3a330b63f	f82bebb08beced45
1788609297582123919	8	503	phase_loop[1574]	1788609293308944	9996	8c9bd8e2cb2521d3	f82bebb08beced45
1788609297582123919	8	503	phase_loop[1575]	1788609293318945	9995	ddaeffdaf2ae4c79	f82bebb08beced45
1788609297582123919	8	503	phase_loop[1576]	1788609293328945	9994	c45af67329133c8c	f82bebb08beced45
1788609297582123919	8	503	phase_loop[1577]	1788609293338945	9995	84bac691e0ea599a	f82bebb08beced45
1788609297582123919	8	503	phase_loop[1578]	1788609293348945	9994	1a9f4a4fbdce97b2	f82bebb08beced45
1788609297582123919	8	503	phase_loop[1579]	1788609293358945	9995	0b906f9aa6e90488	f82bebb08beced45
1788609297582123919	8	503	phase_loop[1580]	1788609293368945	9995	f93ade3e3d74d586	f82bebb08beced45
1788609297582123919	8	503	phase_loop[1581]	1788609293378944	9995	90c8b4685015222e	f82bebb08beced45
1788609297582123919	8	503	phase_loop[1582]	1788609293388944	9997	389f058062e5ec4c	f82bebb08beced45
1788609297582123919	8	503	phase_loop[1583]	1788609293398946	9994	c00d389d6d950007	f82bebb08beced45
1788609297582123919	8	503	phase_loop[1584]	1788609293408944	10032	a45aed2cdc24d20a	f82bebb08beced45
1788609297582123919	8	503	phase_loop[1585]	1788609293418982	9959	f360776c638f1e43	f82bebb08beced45
1788609297582123919	8	503	phase_loop[1586]	1788609293428946	9994	488c1e5c6d4637ce	f82bebb08beced45
1788609297582123919	8	503	phase_loop[1587]	1788609293438946	9995	61fb7ad0b1d9623d	f82bebb08beced45
1788609297582123919	8	503	phase_loop[1588]	1788609293448945	9994	a66ec32c5de099c5	f82bebb08beced45
1788609297582123919	8	503	phase_loop[1589]	1788609293458945	9995	2c2b267a467fff2f	f82bebb08beced45
1788609297582123919	8	503	phase_loop[1590]	1788609293468944	9995	eddc902e080bbc5b	f82bebb08beced45
1788609297582123919	8	503	phase_loop[1591]	1788609293478947	9993	5ac56fc97baeffd0	f82bebb08beced45
1788609297582123919	8	503	phase_loop[1592]	1788609293488945	9997	6936073c83cb2bf1	f82bebb08beced45
1788609297582123919	8	503	phase_loop[1593]	1788609293498947	9992	399cf84dfc11cf65	f82bebb08beced45
1788609297582123919	8	503	phase_loop[1594]	1788609293508944	9995	3321ca924b374537	f82bebb08beced45
1788609297582123919	8	503	phase_loop[1595]	1788609293518943	10000	2377e852b52d4dcf	f82bebb08beced45
1788609297582123919	8	503	phase_loop[1596]	1788609293528948	9994	52db9e888fdcd0cc	f82bebb08beced45
1788609297582123919	8	503	phase_loop[1597]	1788609293538948	9992	17f02f102e425ddc	f82bebb08beced45
1788609297582123919	8	503	phase_loop[1598]	1788609293548945	9999	a4e5c2ea354350c8	f82bebb08beced45
1788609297582123919	8	503	phase_loop[1599]	1788609293558950	9990	eca92fec91170bc5	f82bebb08beced45
1788609297582123919	8	503	phase_loop[1600]	1788609293568945	9996	bd7b92eb57c8af57	f82bebb08beced45
1788609297582123919	8	503	phase_loop[1601]	1788609293578946	9992	a02af41d2818afd9	f82bebb08beced45
1788609297582123919	8	503	phase_loop[1602]	1788609293588942	9997	8a6396a9014d091e	f82bebb08beced45
1788609297582123919	8	503	phase_loop[1603]	1788609293598944	9995	2d90355b091e4930	f82bebb08beced45
1788609297582123919	8	503	phase_loop[1604]	1788609293608944	9997	c98bf0e264a0f590	f82bebb08beced45
1788609297582123919	8	503	phase_loop[1605]	1788609293618946	9992	64131e9c903adaf9	f82bebb08beced45
1788609297582123919	8	503	phase_loop[1606]	1788609293628943	10002	a18fbb158f23771e	f82bebb08beced45
1788609297582123919	8	503	phase_loop[1607]	1788609293638950	9990	6db48521e43c4b5c	f82bebb08beced45
1788609297582123919	8	503	phase_loop[1608]	1788609293648945	9996	4d0f65d024061f7f	f82bebb08beced45
1788609297582123919	8	503	phase_loop[1609]	1788609293658946	9993	047d8070c20405b1	f82bebb08beced45
1788609297582123919	8	503	phase_loop[1610]	1788609293668944	9997	a10376acefe56dd5	f82bebb08beced45
1788609297582123919	8	503	phase_loop[1611]	1788609293678946	9994	088a95f2431db1ce	f82bebb08beced45
1788609297582123919	8	503	phase_loop[1612]	1788609293688945	9995	f959e1aabf839101	f82bebb08beced45
1788609297582123919	8	503	phase_loop[1613]	1788609293698945	9995	2389e76ccbd20991	f82bebb08beced45
1788609297582123919	8	503	phase_loop[1614]	1788609293708946	9993	76bec07562aed56f	f82bebb08beced45
1788609297582123919	8	503	phase_loop[1615]	1788609293718944	9995	34486e3d25953259	f82bebb08beced45
1788609297582123919	8	503	phase_loop[1616]	1788609293728944	9997	ad05c94d90e6851a	f82bebb08beced45
1788609297582123919	8	503	phase_loop[1617]	1788609293738946	10031	2bf2e7a0167ef053	f82bebb08beced45
1788609297582123919	8	503	phase_loop[1618]	1788609293748982	9959	8160e31ed6e18991	f82bebb08beced45
1788609297582123919	8	503	phase_loop[1619]	1788609293758948	9993	a405300c0ad64755	f82bebb08beced45
1788609297582123919	8	503	phase_loop[1620]	1788609293768946	9996	dd36a4a8d8992db3	f82bebb08beced45
1788609297582123919	8	503	phase_loop[1621]	1788609293778946	9992	3d18118e5ddfe35a	f82bebb08beced45
1788609297582123919	8	503	phase_loop[1622]	1788609293788943	9998	99656e6b864f0a0c	f82bebb08beced45
1788609297582123919	8	503	phase_loop[1623]	1788609293798946	9992	1c1a0eb73c526fe2	f82bebb08beced45
1788609297582123919	8	503	phase_loop[1624]	1788609293808944	9996	5eb6402602c71aba	f82bebb08beced45
1788609297582123919	8	503	phase_loop[1625]	1788609293818945	9995	f958008e3ab20f35	f82bebb08beced45
1788609297582123919	8	503	phase_loop[1626]	1788609293828945	9996	effe0c9c82ee01fc	f82bebb08beced45
1788609297582123919	8	503	phase_loop[1627]	1788609293838946	9992	934a36cc862baba1	f82bebb08beced45
1788609297582123919	8	503	phase_loop[1628]	1788609293848943	9998	1e5d5e5d681af7e4	f82bebb08beced45
1788609297582123919	8	503	phase_loop[1629]	1788609293858946	9993	58bbef8c1dc4d185	f82bebb08beced45
1788609297582123919	8	503	phase_loop[1630]	1788609293868944	9995	a37e9ebd3462ac74	f82bebb08beced45
1788609297582123919	8	503	phase_loop[1631]	1788609293878944	9996	4956d4a08be292fd	f82bebb08beced45
1788609297582123919	8	503	phase_loop[1632]	1788609293888945	9995	b9daf49fa477856d	f82bebb08beced45
1788609297582123919	8	503	phase_loop[1633]	1788609293898945	9994	5679a568cf0223c6	f82bebb08beced45
1788609297582123919	8	503	phase_loop[1634]	1788609293908944	9995	7af88278b27a0d72	f82bebb08beced45
1788609297582123919	8	503	phase_loop[1635]	1788609293918945	9994	edb2db4c730b3764	f82bebb08beced45
1788609297582123919	8	503	phase_loop[1636]	1788609293928944	9996	96f851c150d9ea58	f82bebb08beced45
1788609297582123919	8	503	phase_loop[1637]	1788609293938944	9994	ae4d6a8fa58a5baa	f82bebb08beced45
1788609297582123919	8	503	phase_loop[1638]	1788609293948944	9999	71ccbbb6964ad509	f82bebb08beced45
1788609297582123919	8	503	phase_loop[1639]	1788609293958947	9993	5ae0c5d912095202	f82bebb08beced45
1788609297582123919	8	503	phase_loop[1640]	1788609293968945	9996	44202ce92f90e1a1	f82bebb08beced45
1788609297582123919	8	503	phase_loop[1641]	1788609293978946	9993	612f33b489f4e028	f82bebb08beced45
1788609297582123919	8	503	phase_loop[1642]	1788609293988945	9996	980b250099f2cb70	f82bebb08beced45
1788609297582123919	8	503	phase_loop[1643]	1788609293998946	9993	a03304a6803ab104	f82bebb08beced45
1788609297582123919	8	503	phase_loop[1644]	1788609294008945	9994	152ea0146b6f6560	f82bebb08beced45
1788609297582123919	8	503	phase_loop[1645]	1788609294018944	9995	32f5fb62ecac7d9c	f82bebb08beced45
1788609297582123919	8	503	phase_loop[1646]	1788609294028944	9995	2807f377c6df8877	f82bebb08beced45
1788609297582123919	8	503	phase_loop[1647]	1788609294038945	9994	3e86a1a329a8bc60	f82bebb08beced45
1788609297582123919	8	503	phase_loop[1648]	1788609294048943	9996	a18f476d791e7808	f82bebb08beced45
1788609297582123919	8	503	phase_loop[1649]	1788609294058944	9996	82c9160db0c80984	f82bebb08beced45
1788609297582123919	8	503	phase_loop[1650]	1788609294068945	10020	31765c551a65e836	f82bebb08beced45
1788609297582123919	8	503	phase_loop[1651]	1788609294078972	9970	3f40920f8b26e86a	f82bebb08beced45
1788609297582123919	8	503	phase_loop[1652]	1788609294088947	9994	4bd50a0da23215ad	f82bebb08beced45
1788609297582123919	8	503	phase_loop[1653]	1788609294098946	9994	796435589ea1c4fe	f82bebb08beced45
1788609297582123919	8	503	phase_loop[1654]	1788609294108944	9994	10dd19236cf9b2fe	f82bebb08beced45
1788609297582123919	8	503	phase_loop[1655]	1788609294118944	9995	05d164ec401c0a2f	f82bebb08beced45
1788609297582123919	8	503	phase_loop[1656]	1788609294128945	9996	e9300034e374697a	f82bebb08beced45
1788609297582123919	8	503	phase_loop[1657]	1788609294138945	9994	e15de6bf7233d669	f82bebb08beced45
1788609297582123919	8	503	phase_loop[1658]	1788609294148944	9995	f4af51e1d08a0e82	f82bebb08beced45
1788609297582123919	8	503	phase_loop[1659]	1788609294158944	9994	0c06aa1c93ac1763	f82bebb08beced45
1788609297582123919	8	503	phase_loop[1660]	1788609294168943	9995	45c169945cf778b8	f82bebb08beced45
1788609297582123919	8	503	phase_loop[1661]	1788609294178943	9997	8bc6cc3540d0b0ab	f82bebb08beced45
1788609297582123919	8	503	phase_loop[1662]	1788609294188944	9996	9033159efd59cc03	f82bebb08beced45
1788609297582123919	8	503	phase_loop[1663]	1788609294198946	9994	2072a47e01c64838	f82bebb08beced45
1788609297582123919	8	503	phase_loop[1664]	1788609294208945	9996	151049e1af792b36	f82bebb08beced45
1788609297582123919	8	503	phase_loop[1665]	1788609294218947	9994	f9e065242f3ca2fd	f82bebb08beced45
1788609297582123919	8	503	phase_loop[1666]	1788609294228945	9996	3e2298af08e387ef	f82bebb08beced45
1788609297582123919	8	503	phase_loop[1667]	1788609294238946	9991	76d44858ef0033f9	f82bebb08beced45
1788609297582123919	8	503	phase_loop[1668]	1788609294248942	9996	8d167585bbebc28d	f82bebb08beced45
1788609297582123919	8	503	phase_loop[1669]	1788609294258944	9996	6d082e5fa63e41fd	f82bebb08beced45
1788609297582123919	8	503	phase_loop[1670]	1788609294268944	9996	5233d8ab833f3999	f82bebb08beced45
1788609297582123919	8	503	phase_loop[1671]	1788609294278945	9993	012144961c82a748	f82bebb08beced45
1788609297582123919	8	503	phase_loop[1672]	1788609294288943	9998	b181c08a1122e86d	f82bebb08beced45
1788609297582123919	8	503	phase_loop[1673]	1788609294298946	9993	c1cdaae30d3785f3	f82bebb08beced45
1788609297582123919	8	503	phase_loop[1674]	1788609294308944	9996	a53965facde4df52	f82bebb08beced45
1788609297582123919	8	503	phase_loop[1675]	1788609294318946	9995	ecd999fedbba6ce6	f82bebb08beced45
1788609297582123919	8	503	phase_loop[1676]	1788609294328945	9995	e06c5976549988fa	f82bebb08beced45
1788609297582123919	8	503	phase_loop[1677]	1788609294338945	9994	d5b7906545541d86	f82bebb08beced45
1788609297582123919	8	503	phase_loop[1678]	1788609294348944	9996	b3c8efa7ef3f60e5	f82bebb08beced45
1788609297582123919	8	503	phase_loop[1679]	1788609294358944	9998	6072a617d1041082	f82bebb08beced45
1788609297582123919	8	503	phase_loop[1680]	1788609294368949	9991	bd38c106c9a2bba4	f82bebb08beced45
1788609297582123919	8	503	phase_loop[1681]	1788609294378945	9996	2e666f09ee81274b	f82bebb08beced45
1788609297582123919	8	503	phase_loop[1682]	1788609294388945	9994	f3fddf697f2ee789	f82bebb08beced45
1788609297582123919	8	503	phase_loop[1683]	1788609294398944	10031	f0689a736e3aba33	f82bebb08beced45
1788609297582123919	8	503	phase_loop[1684]	1788609294408981	9959	92d1487f8a7e276a	f82bebb08beced45
1788609297582123919	8	503	phase_loop[1685]	1788609294418944	9995	54c7133ca178a26d	f82bebb08beced45
1788609297582123919	8	503	phase_loop[1686]	1788609294428944	9998	14042a2c8b58ba39	f82bebb08beced45
1788609297582123919	8	503	phase_loop[1687]	1788609294438947	9993	6bbabc4231b3757f	f82bebb08beced45
1788609297582123919	8	503	phase_loop[1688]	1788609294448945	9994	654a289f477711fb	f82bebb08beced45
1788609297582123919	8	503	phase_loop[1689]	1788609294458944	9995	d88892bda7f03c15	f82bebb08beced45
1788609297582123919	8	503	phase_loop[1690]	1788609294468944	9994	12f23b409859db7e	f82bebb08beced45
1788609297582123919	8	503	phase_loop[1691]	1788609294478944	9995	d0edf1eaed62371d	f82bebb08beced45
1788609297582123919	8	503	phase_loop[1692]	1788609294488944	9996	75d4aa15e78d7b8a	f82bebb08beced45
1788609297582123919	8	503	phase_loop[1693]	1788609294498945	9994	b8f8bef8e2004fe4	f82bebb08beced45
1788609297582123919	8	503	phase_loop[1694]	1788609294508944	9995	70b703c4f90c5e55	f82bebb08beced45
1788609297582123919	8	503	phase_loop[1695]	1788609294518945	9994	014ffdb1ee118eea	f82bebb08beced45
1788609297582123919	8	503	phase_loop[1696]	1788609294528944	9998	fd10039676135212	f82bebb08beced45
1788609297582123919	8	503	phase_loop[1697]	1788609294538946	9993	ad871702ecff0a10	f82bebb08beced45
1788609297582123919	8	503	phase_loop[1698]	1788609294548944	9995	69e54de18d748742	f82bebb08beced45
1788609297582123919	8	503	phase_loop[1699]	1788609294558945	9998	b2b5b6f546557b38	f82bebb08beced45
1788609297582123919	8	503	phase_loop[1700]	1788609294568948	9992	6b0b19a201240341	f82bebb08beced45
1788609297582123919	8	503	phase_loop[1701]	1788609294578945	9995	66ec9501156406e7	f82bebb08beced45
1788609297582123919	8	503	phase_loop[1702]	1788609294588944	9997	51565009d65332a5	f82bebb08beced45
1788609297582123919	8	503	phase_loop[1703]	1788609294598945	9993	8cf3d48f880babb8	f82bebb08beced45
1788609297582123919	8	503	phase_loop[1704]	1788609294608944	9994	18ca812da9967d3e	f82bebb08beced45
1788609297582123919	8	503	phase_loop[1705]	1788609294618943	9997	777f303d4f5b8a49	f82bebb08beced45
1788609297582123919	8	503	phase_loop[1706]	1788609294628944	9996	4419a722936c5337	f82bebb08beced45
1788609297582123919	8	503	phase_loop[1707]	1788609294638945	9994	080398b4fdd0698d	f82bebb08beced45
1788609297582123919	8	503	phase_loop[1708]	1788609294648944	9997	160e83cfdab79f2f	f82bebb08beced45
1788609297582123919	8	503	phase_loop[1709]	1788609294658946	9998	021f3f2a8fa95a21	f82bebb08beced45
1788609297582123919	8	503	phase_loop[1710]	1788609294668951	9991	19bb9729c02d1304	f82bebb08beced45
1788609297582123919	8	503	phase_loop[1711]	1788609294678947	9992	96086e18d527691b	f82bebb08beced45
1788609297582123919	8	503	phase_loop[1712]	1788609294688943	9996	d3ee99d6e00b5b37	f82bebb08beced45
1788609297582123919	8	503	phase_loop[1713]	1788609294698944	9996	f96f3c09981f9e12	f82bebb08beced45
1788609297582123919	8	503	phase_loop[1714]	1788609294708945	9994	03e52ed83167cc0b	f82bebb08beced45
1788609297582123919	8	503	phase_loop[1715]	1788609294718944	9995	661aa3fd3c7e213d	f82bebb08beced45
1788609297582123919	8	503	phase_loop[1716]	1788609294728945	10037	f357774b8f34419b	f82bebb08beced45
1788609297582123919	8	503	phase_loop[1717]	1788609294738987	9953	f8b4bc84ed969e7d	f82bebb08beced45
1788609297582123919	8	503	phase_loop[1718]	1788609294748945	9994	e37e699672c2789a	f82bebb08beced45
1788609297582123919	8	503	phase_loop[1719]	1788609294758944	9996	49ed3461808f1896	f82bebb08beced45
1788609297582123919	8	503	phase_loop[1720]	1788609294768945	9996	5492bdfbb15af5c5	f82bebb08beced45
1788609297582123919	8	503	phase_loop[1721]	1788609294778946	9994	db23e8b9f314a2ef	f82bebb08beced45
1788609297582123919	8	503	phase_loop[1722]	1788609294788945	9994	2661e3afe0e4aaf2	f82bebb08beced45
1788609297582123919	8	503	phase_loop[1723]	1788609294798944	9996	5d51eba0eaa7559a	f82bebb08beced45
1788609297582123919	8	503	phase_loop[1724]	1788609294808944	9995	a132cfeb70252338	f82bebb08beced45
1788609297582123919	8	503	phase_loop[1725]	1788609294818944	9996	81dd008b8b57bd88	f82bebb08beced45
1788609297582123919	8	503	phase_loop[1726]	1788609294828944	9997	6bf2a06a7a390ca9	f82bebb08beced45
1788609297582123919	8	503	phase_loop[1727]	1788609294838946	9992	8ed0afe709b891ea	f82bebb08beced45
1788609297582123919	8	503	phase_loop[1728]	1788609294848943	9997	98a2f13c3ef4ba80	f82bebb08beced45
1788609297582123919	8	503	phase_loop[1729]	1788609294858945	9994	974c1731ff88bd92	f82bebb08beced45
1788609297582123919	8	503	phase_loop[1730]	1788609294868944	9999	34af4e5d0b2fe1ee	f82bebb08beced45
1788609297582123919	8	503	phase_loop[1731]	1788609294878949	9991	f8084642be26cbdc	f82bebb08beced45
1788609297582123919	8	503	phase_loop[1732]	1788609294888944	9996	b2717605298c4724	f82bebb08beced45
1788609297582123919	8	503	phase_loop[1733]	1788609294898945	9994	f58f2c2a358a5ba8	f82bebb08beced45
1788609297582123919	8	503	phase_loop[1734]	1788609294908944	9997	18da7a4b709db870	f82bebb08beced45
1788609297582123919	8	503	phase_loop[1735]	1788609294918946	9993	8b462d0feb2db6ae	f82bebb08beced45
1788609297582123919	8	503	phase_loop[1736]	1788609294928944	9997	61591d5eeabdc305	f82bebb08beced45
1788609297582123919	8	503	phase_loop[1737]	1788609294938945	9995	33c2fb418a94954d	f82bebb08beced45
1788609297582123919	8	503	phase_loop[1738]	1788609294948945	9995	9aaf5c34a7c8e152	f82bebb08beced45
1788609297582123919	8	503	phase_loop[1739]	1788609294958946	9994	b079d54cc438dd59	f82bebb08beced45
1788609297582123919	8	503	phase_loop[1740]	1788609294968945	9996	852daae12b4a1d23	f82bebb08beced45
1788609297582123919	8	503	phase_loop[1741]	1788609294978946	9994	4eb7e398d902572b	f82bebb08beced45
1788609297582123919	8	503	phase_loop[1742]	1788609294988946	9994	e71314c8a5b32216	f82bebb08beced45
1788609297582123919	8	503	phase_loop[1743]	1788609294998946	9994	654f3068af107a39	f82bebb08beced45
1788609297582123919	8	503	phase_loop[1744]	1788609295008944	9996	8e25b88243916bd0	f82bebb08beced45
1788609297582123919	8	503	phase_loop[1745]	1788609295018945	9995	9008d8dd9551355f	f82bebb08beced45
1788609297582123919	8	503	phase_loop[1746]	1788609295028945	9994	cfde5fe0b044cbb0	f82bebb08beced45
1788609297582123919	8	503	phase_loop[1747]	1788609295038944	9994	dff4871af2bb8626	f82bebb08beced45
1788609297582123919	8	503	phase_loop[1748]	1788609295048943	9997	63d547a91d2b2bce	f82bebb08beced45
1788609297582123919	8	503	phase_loop[1749]	1788609295058944	10042	e0cee8968639edae	f82bebb08beced45
1788609297582123919	8	503	phase_loop[1750]	1788609295068992	9951	3c176d8ff62cce33	f82bebb08beced45
1788609297582123919	8	503	phase_loop[1751]	1788609295078948	9992	8eb471c21f89323a	f82bebb08beced45
1788609297582123919	8	503	phase_loop[1752]	1788609295088945	9995	dd2f2a2a4eaaf986	f82bebb08beced45
1788609297582123919	8	503	phase_loop[1753]	1788609295098944	9996	36ea4d6166bde79c	f82bebb08beced45
1788609297582123919	8	503	phase_loop[1754]	1788609295108944	9996	a69505de0740e92c	f82bebb08beced45
1788609297582123919	8	503	phase_loop[1755]	1788609295118945	9995	230c35baafd611fb	f82bebb08beced45
1788609297582123919	8	503	phase_loop[1756]	1788609295128945	9995	4be324f461a699d2	f82bebb08beced45
1788609297582123919	8	503	phase_loop[1757]	1788609295138944	9993	b8c743ee99ace85e	f82bebb08beced45
1788609297582123919	8	503	phase_loop[1758]	1788609295148942	9998	c8ccc3d50cb544dd	f82bebb08beced45
1788609297582123919	8	503	phase_loop[1759]	1788609295158944	9995	342884b190ee54ed	f82bebb08beced45
1788609297582123919	8	503	phase_loop[1760]	1788609295168944	9996	6ebe71992bf29a88	f82bebb08beced45
1788609297582123919	8	503	phase_loop[1761]	1788609295178944	9994	028df0de4c36ad5f	f82bebb08beced45
1788609297582123919	8	503	phase_loop[1762]	1788609295188943	9996	fc5124f43ebbc600	f82bebb08beced45
1788609297582123919	8	503	phase_loop[1763]	1788609295198943	9996	db228c39dab94777	f82bebb08beced45
1788609297582123919	8	503	phase_loop[1764]	1788609295208944	9998	0752ec39ffe3f6d4	f82bebb08beced45
1788609297582123919	8	503	phase_loop[1765]	1788609295218947	9993	e88d2bac65a58472	f82bebb08beced45
1788609297582123919	8	503	phase_loop[1766]	1788609295228944	9996	6e4beffff8e4a89d	f82bebb08beced45
1788609297582123919	8	503	phase_loop[1767]	1788609295238945	9994	232b9d7eff522e9c	f82bebb08beced45
1788609297582123919	8	503	phase_loop[1768]	1788609295248943	9996	5374b754d7f405ba	f82bebb08beced45
1788609297582123919	8	503	phase_loop[1769]	1788609295258943	9996	7d89df2f95fa149e	f82bebb08beced45
1788609297582123919	8	503	phase_loop[1770]	1788609295268944	9996	5b032da216d57078	f82bebb08beced45
1788609297582123919	8	503	phase_loop[1771]	1788609295278944	9994	e32b941f14d8f39f	f82bebb08beced45
1788609297582123919	8	503	phase_loop[1772]	1788609295288942	9999	880979e30bf8d19c	f82bebb08beced45
1788609297582123919	8	503	phase_loop[1773]	1788609295298945	9994	60e7e98b202deef6	f82bebb08beced45
1788609297582123919	8	503	phase_loop[1774]	1788609295308944	9996	b2e55c75f6218e54	f82bebb08beced45
1788609297582123919	8	503	phase_loop[1775]	1788609295318944	9995	4322f498e9c5650c	f82bebb08beced45
1788609297582123919	8	503	phase_loop[1776]	1788609295328943	9996	4072c1166b0625b4	f82bebb08beced45
1788609297582123919	8	503	phase_loop[1777]	1788609295338944	9995	53952164168f309b	f82bebb08beced45
1788609297582123919	8	503	phase_loop[1778]	1788609295348943	9997	9db8fa0aaee29eab	f82bebb08beced45
1788609297582123919	8	503	phase_loop[1779]	1788609295358944	9995	0aca2090c77d3c9d	f82bebb08beced45
1788609297582123919	8	503	phase_loop[1780]	1788609295368944	9995	68ad2a23a8439b1a	f82bebb08beced45
1788609297582123919	8	503	phase_loop[1781]	1788609295378943	9998	ad96026a37d61659	f82bebb08beced45
1788609297582123919	8	503	phase_loop[1782]	1788609295388945	10027	554402309e54ad2a	f82bebb08beced45
1788609297582123919	8	503	phase_loop[1783]	1788609295398977	9964	c5e07c67d1943fdd	f82bebb08beced45
1788609297582123919	8	503	phase_loop[1784]	1788609295408945	9997	1fe3fd93259e7a23	f82bebb08beced45
1788609297582123919	8	503	phase_loop[1785]	1788609295418948	9994	772e8ce83cf38edc	f82bebb08beced45
1788609297582123919	8	503	phase_loop[1786]	1788609295428946	9994	cfb6379ab92d2a8c	f82bebb08beced45
1788609297582123919	8	503	phase_loop[1787]	1788609295438945	9996	4d543220e35d1711	f82bebb08beced45
1788609297582123919	8	503	phase_loop[1788]	1788609295448947	9992	0d035c88c9203a68	f82bebb08beced45
1788609297582123919	8	503	phase_loop[1789]	1788609295458944	9997	1b01a0c3067c9248	f82bebb08beced45
1788609297582123919	8	503	phase_loop[1790]	1788609295468945	9995	8dff08c4004b1c3d	f82bebb08beced45
1788609297582123919	8	503	phase_loop[1791]	1788609295478944	9994	a76359f95f73ebf7	f82bebb08beced45
1788609297582123919	8	503	phase_loop[1792]	1788609295488943	9997	ae56166ece0a2d3a	f82bebb08beced45
1788609297582123919	8	503	phase_loop[1793]	1788609295498945	9995	68da6a28cb675af2	f82bebb08beced45
1788609297582123919	8	503	phase_loop[1794]	1788609295508945	9994	4729d4a779486631	f82bebb08beced45
1788609297582123919	8	503	phase_loop[1795]	1788609295518944	9994	726fb0de3918c839	f82bebb08beced45
1788609297582123919	8	503	phase_loop[1796]	1788609295528943	9997	c71e9036abcf9d4d	f82bebb08beced45
1788609297582123919	8	503	phase_loop[1797]	1788609295538945	9994	93b23ab94831c7f0	f82bebb08beced45
1788609297582123919	8	503	phase_loop[1798]	1788609295548944	9997	b5d73ac42c1994cd	f82bebb08beced45
1788609297582123919	8	503	phase_loop[1799]	1788609295558945	9994	c8df252b2cef2f1c	f82bebb08beced45
1788609297582123919	8	503	phase_loop[1800]	1788609295568944	9996	cc85c7448752b9e6	f82bebb08beced45
1788609297582123919	8	503	phase_loop[1801]	1788609295578944	9996	fa54a25e3ae582f0	f82bebb08beced45
1788609297582123919	8	503	phase_loop[1802]	1788609295588944	9996	e0101afa8f7a2b69	f82bebb08beced45
1788609297582123919	8	503	phase_loop[1803]	1788609295598945	9994	714d5e76b15c799d	f82bebb08beced45
1788609297582123919	8	503	phase_loop[1804]	1788609295608944	9994	7b014f53fedb4c7c	f82bebb08beced45
1788609297582123919	8	503	phase_loop[1805]	1788609295618943	9996	0b231926e42f9e7d	f82bebb08beced45
1788609297582123919	8	503	phase_loop[1806]	1788609295628943	9997	3d1596ed7731ab01	f82bebb08beced45
1788609297582123919	8	503	phase_loop[1807]	1788609295638946	9993	52f09a87763e3c95	f82bebb08beced45
1788609297582123919	8	503	phase_loop[1808]	1788609295648943	9995	5e93660732e582af	f82bebb08beced45
1788609297582123919	8	503	phase_loop[1809]	1788609295658944	9997	b3ee0aed0e3a0a7d	f82bebb08beced45
1788609297582123919	8	503	phase_loop[1810]	1788609295668945	9994	d3a27ac180e68b36	f82bebb08beced45
1788609297582123919	8	503	phase_loop[1811]	1788609295678944	9995	89aab6bf426df3c0	f82bebb08beced45
1788609297582123919	8	503	phase_loop[1812]	1788609295688943	9995	d3849065c54f08ca	f82bebb08beced45
1788609297582123919	8	503	phase_loop[1813]	1788609295698943	9996	3eaac08d2f78b567	f82bebb08beced45
1788609297582123919	8	503	phase_loop[1814]	1788609295708943	9995	821e1b196196dafb	f82bebb08beced45
1788609297582123919	8	503	phase_loop[1815]	1788609295718943	10028	0852e5c617bf1b7d	f82bebb08beced45
1788609297582123919	8	503	phase_loop[1816]	1788609295728976	9967	5a64d9c06e19ed50	f82bebb08beced45
1788609297582123919	8	503	phase_loop[1817]	1788609295738948	9991	d1e14c1aa6e2a347	f82bebb08beced45
1788609297582123919	8	503	phase_loop[1818]	1788609295748944	9995	ab854e352329976e	f82bebb08beced45
1788609297582123919	8	503	phase_loop[1819]	1788609295758944	9995	580254f7bfe917f6	f82bebb08beced45
1788609297582123919	8	503	phase_loop[1820]	1788609295768945	9995	7cba5ae710171616	f82bebb08beced45
1788609297582123919	8	503	phase_loop[1821]	1788609295778946	9995	6a04a98d7b30fa3f	f82bebb08beced45
1788609297582123919	8	503	phase_loop[1822]	1788609295788946	9996	bbddd19add2c70a1	f82bebb08beced45
1788609297582123919	8	503	phase_loop[1823]	1788609295798947	9993	3046c0e3dd0eafa3	f82bebb08beced45
1788609297582123919	8	503	phase_loop[1824]	1788609295808945	9995	7dd7798bc2731351	f82bebb08beced45
1788609297582123919	8	503	phase_loop[1825]	1788609295818945	9996	e0e612eef46c9220	f82bebb08beced45
1788609297582123919	8	503	phase_loop[1826]	1788609295828946	9996	f0efef951ff440b1	f82bebb08beced45
1788609297582123919	8	503	phase_loop[1827]	1788609295838946	9993	32c2c296f8053516	f82bebb08beced45
1788609297582123919	8	503	phase_loop[1828]	1788609295848944	9997	06a5074b21bac675	f82bebb08beced45
1788609297582123919	8	503	phase_loop[1829]	1788609295858945	9995	16aac67bc1cec463	f82bebb08beced45
1788609297582123919	8	503	phase_loop[1830]	1788609295868945	9993	d1bca04d1f7d521c	f82bebb08beced45
1788609297582123919	8	503	phase_loop[1831]	1788609295878943	9998	28888547a640cf99	f82bebb08beced45
1788609297582123919	8	503	phase_loop[1832]	1788609295888945	9995	6afe3566b33d95ed	f82bebb08beced45
1788609297582123919	8	503	phase_loop[1833]	1788609295898945	9998	57237ab71069e926	f82bebb08beced45
1788609297582123919	8	503	phase_loop[1834]	1788609295908948	9992	c630f9c933d78013	f82bebb08beced45
1788609297582123919	8	503	phase_loop[1835]	1788609295918944	9995	ad69b87879113a45	f82bebb08beced45
1788609297582123919	8	503	phase_loop[1836]	1788609295928944	9996	ba2ded29b109609b	f82bebb08beced45
1788609297582123919	8	503	phase_loop[1837]	1788609295938944	9996	a48c8b01674e6917	f82bebb08beced45
1788609297582123919	8	503	phase_loop[1838]	1788609295948945	9995	bc2015a5da693261	f82bebb08beced45
1788609297582123919	8	503	phase_loop[1839]	1788609295958946	9995	2479381aae1b4c16	f82bebb08beced45
1788609297582123919	8	503	phase_loop[1840]	1788609295968946	9994	4cd8bc7c15f03ea0	f82bebb08beced45
1788609297582123919	8	503	phase_loop[1841]	1788609295978945	9995	36757e0809fbdf72	f82bebb08beced45
1788609297582123919	8	503	phase_loop[1842]	1788609295988944	9996	39b155a59d9ce2e1	f82bebb08beced45
1788609297582123919	8	503	phase_loop[1843]	1788609295998946	9995	b92c482cbbdd76ea	f82bebb08beced45
1788609297582123919	8	503	phase_loop[1844]	1788609296008946	9995	4f540c46c74baf6e	f82bebb08beced45
1788609297582123919	8	503	phase_loop[1845]	1788609296018945	9995	466f6788a8a69e70	f82bebb08beced45
1788609297582123919	8	503	phase_loop[1846]	1788609296028945	9994	938c8b29f4088ce0	f82bebb08beced45
1788609297582123919	8	503	phase_loop[1847]	1788609296038944	9996	2a6bd700f1acb0db	f82bebb08beced45
1788609297582123919	8	503	phase_loop[1848]	1788609296048944	10027	ccec166fe8932f81	f82bebb08beced45
1788609297582123919	8	503	phase_loop[1849]	1788609296058976	9965	412e46f3b4d1ff1c	f82bebb08beced45
1788609297582123919	8	503	phase_loop[1850]	1788609296068946	9994	d181cc41cd8797a7	f82bebb08beced45
1788609297582123919	8	503	phase_loop[1851]	1788609296078945	9994	3b6d9234542d0de0	f82bebb08beced45
1788609297582123919	8	503	phase_loop[1852]	1788609296088943	9996	9543b89840281611	f82bebb08beced45
1788609297582123919	8	503	phase_loop[1853]	1788609296098945	9994	06c33c99169d02cb	f82bebb08beced45
1788609297582123919	8	503	phase_loop[1854]	1788609296108943	9997	14594bc263e4a1d9	f82bebb08beced45
1788609297582123919	8	503	phase_loop[1855]	1788609296118945	9993	69f0d36ded57567f	f82bebb08beced45
1788609297582123919	8	503	phase_loop[1856]	1788609296128943	9997	b34bb66043839673	f82bebb08beced45
1788609297582123919	8	503	phase_loop[1857]	1788609296138945	9994	2fbb951ad54d771c	f82bebb08beced45
1788609297582123919	8	503	phase_loop[1858]	1788609296148944	9996	c2a091e6cb9c2fc6	f82bebb08beced45
1788609297582123919	8	503	phase_loop[1859]	1788609296158945	9995	1652065a9eb44994	f82bebb08beced45
1788609297582123919	8	503	phase_loop[1860]	1788609296168944	9996	2ac5032c2cb71530	f82bebb08beced45
1788609297582123919	8	503	phase_loop[1861]	1788609296178946	9996	b0fb8aa2e7497bec	f82bebb08beced45
1788609297582123919	8	503	phase_loop[1862]	1788609296188948	9994	4a15527209f16356	f82bebb08beced45
1788609297582123919	8	503	phase_loop[1863]	1788609296198948	9993	fede9d0855645a5e	f82bebb08beced45
1788609297582123919	8	503	phase_loop[1864]	1788609296208945	9996	5de6c00dfda1b18e	f82bebb08beced45
1788609297582123919	8	503	phase_loop[1865]	1788609296218946	9996	21e708673559f35a	f82bebb08beced45
1788609297582123919	8	503	phase_loop[1866]	1788609296228948	9993	a83abeef8c63dad1	f82bebb08beced45
1788609297582123919	8	503	phase_loop[1867]	1788609296238947	9993	2b140dd68189dadb	f82bebb08beced45
1788609297582123919	8	503	phase_loop[1868]	1788609296248944	9995	3f863f29a002b8d3	f82bebb08beced45
1788609297582123919	8	503	phase_loop[1869]	1788609296258944	9995	46ea3207216ad2b8	f82bebb08beced45
1788609297582123919	8	503	phase_loop[1870]	1788609296268944	9994	ec0888daa4f38415	f82bebb08beced45
1788609297582123919	8	503	phase_loop[1871]	1788609296278943	9996	287331afc144278e	f82bebb08beced45
1788609297582123919	8	503	phase_loop[1872]	1788609296288944	9996	7e938bc53097348a	f82bebb08beced45
1788609297582123919	8	503	phase_loop[1873]	1788609296298945	9994	37aa80a45c82659b	f82bebb08beced45
1788609297582123919	8	503	phase_loop[1874]	1788609296308943	9996	da3f61f00d1894a9	f82bebb08beced45
1788609297582123919	8	503	phase_loop[1875]	1788609296318945	9996	81601e15389d043c	f82bebb08beced45
1788609297582123919	8	503	phase_loop[1876]	1788609296328945	9996	dd814f87acc98893	f82bebb08beced45
1788609297582123919	8	503	phase_loop[1877]	1788609296338946	9994	61ac8770bf9186c3	f82bebb08beced45
1788609297582123919	8	503	phase_loop[1878]	1788609296348944	9996	123715dc9875b9d9	f82bebb08beced45
1788609297582123919	8	503	phase_loop[1879]	1788609296358945	9994	5ebbee0111f9fa72	f82bebb08beced45
1788609297582123919	8	503	phase_loop[1880]	1788609296368943	9997	ef0f9b392164cfe4	f82bebb08beced45
1788609297582123919	8	503	phase_loop[1881]	1788609296378946	10024	35f599f0476d55fa	f82bebb08beced45
1788609297582123919	8	503	phase_loop[1882]	1788609296388975	9967	86ca7f603a56e224	f82bebb08beced45
1788609297582123919	8	503	phase_loop[1883]	1788609296398948	9991	3220f80fe4e094ce	f82bebb08beced45
1788609297582123919	8	503	phase_loop[1884]	1788609296408944	9996	4ead101cec6602c7	f82bebb08beced45
1788609297582123919	8	503	phase_loop[1885]	1788609296418945	9994	4793682ebd90358a	f82bebb08beced45
1788609297582123919	8	503	phase_loop[1886]	1788609296428944	9996	9b955dd8fd0c1941	f82bebb08beced45
1788609297582123919	8	503	phase_loop[1887]	1788609296438945	9995	7cd66f0515627adc	f82bebb08beced45
1788609297582123919	8	503	phase_loop[1888]	1788609296448944	9997	78214e030ac5751a	f82bebb08beced45
1788609297582123919	8	503	phase_loop[1889]	1788609296458946	9993	32e9665d39c27d68	f82bebb08beced45
1788609297582123919	8	503	phase_loop[1890]	1788609296468943	9995	e6b37b1cd48009d3	f82bebb08beced45
1788609297582123919	8	503	phase_loop[1891]	1788609296478944	9994	db9f9a5ec853e275	f82bebb08beced45
1788609297582123919	8	503	phase_loop[1892]	1788609296488942	9996	b9d112e6929fcefc	f82bebb08beced45
1788609297582123919	8	503	phase_loop[1893]	1788609296498944	9995	f3701e47657e9bb0	f82bebb08beced45
1788609297582123919	8	503	phase_loop[1894]	1788609296508943	9996	ff5f109998d42189	f82bebb08beced45
1788609297582123919	8	503	phase_loop[1895]	1788609296518944	9996	9b73f7f559c42994	f82bebb08beced45
1788609297582123919	8	503	phase_loop[1896]	1788609296528944	9997	bd9cc2183e687296	f82bebb08beced45
1788609297582123919	8	503	phase_loop[1897]	1788609296538945	9992	922b39a2fec74fd5	f82bebb08beced45
1788609297582123919	8	503	phase_loop[1898]	1788609296548942	10001	265249bfbc85f15d	f82bebb08beced45
1788609297582123919	8	503	phase_loop[1899]	1788609296558950	9991	b54bacbdf7a5ee88	f82bebb08beced45
1788609297582123919	8	503	phase_loop[1900]	1788609296568946	9994	bb97977cc6e35e4a	f82bebb08beced45
1788609297582123919	8	503	phase_loop[1901]	1788609296578946	9993	835601324bc94ed5	f82bebb08beced45
1788609297582123919	8	503	phase_loop[1902]	1788609296588944	9996	fcb0d347703e2e6e	f82bebb08beced45
1788609297582123919	8	503	phase_loop[1903]	1788609296598945	9994	3940f34023c5bace	f82bebb08beced45
1788609297582123919	8	503	phase_loop[1904]	1788609296608943	9994	9f9df762278ad829	f82bebb08beced45
1788609297582123919	8	503	phase_loop[1905]	1788609296618942	9997	41aac7f2339cbecc	f82bebb08beced45
1788609297582123919	8	503	phase_loop[1906]	1788609296628943	9996	47d4ad3f2e79b796	f82bebb08beced45
1788609297582123919	8	503	phase_loop[1907]	1788609296638945	9994	722014728254ee6f	f82bebb08beced45
1788609297582123919	8	503	phase_loop[1908]	1788609296648944	9996	9962537d2921d741	f82bebb08beced45
1788609297582123919	8	503	phase_loop[1909]	1788609296658944	9995	2158aea322bead10	f82bebb08beced45
1788609297582123919	8	503	phase_loop[1910]	1788609296668944	9994	2ad55130a758951a	f82bebb08beced45
1788609297582123919	8	503	phase_loop[1911]	1788609296678943	9998	26b27677b6593a3f	f82bebb08beced45
1788609297582123919	8	503	phase_loop[1912]	1788609296688946	9994	3560cfc690557d50	f82bebb08beced45
1788609297582123919	8	503	phase_loop[1913]	1788609296698946	9994	4e7e9568b1900db5	f82bebb08beced45
1788609297582123919	8	503	phase_loop[1914]	1788609296708944	10026	0302fd2ade352d32	f82bebb08beced45
1788609297582123919	8	503	phase_loop[1915]	1788609296718976	9964	d2ebeeea3bd3cbe0	f82bebb08beced45
1788609297582123919	8	503	phase_loop[1916]	1788609296728946	9993	311e2e1657ceb0bf	f82bebb08beced45
1788609297582123919	8	503	phase_loop[1917]	1788609296738943	9997	e7ac9d66c338d144	f82bebb08beced45
1788609297582123919	8	503	phase_loop[1918]	1788609296748944	9995	0589f10bf878b971	f82bebb08beced45
1788609297582123919	8	503	phase_loop[1919]	1788609296758944	9995	2c0f2c558f5ca306	f82bebb08beced45
1788609297582123919	8	503	phase_loop[1920]	1788609296768943	9996	9f9d7ed7f0de2308	f82bebb08beced45
1788609297582123919	8	503	phase_loop[1921]	1788609296778945	9995	7137af23f4105ed9	f82bebb08beced45
1788609297582123919	8	503	phase_loop[1922]	1788609296788944	9996	9ada548eba22a657	f82bebb08beced45
1788609297582123919	8	503	phase_loop[1923]	1788609296798945	9996	e445715607f2f9f3	f82bebb08beced45
1788609297582123919	8	503	phase_loop[1924]	1788609296808946	9993	ccd2f0bbe2c41c77	f82bebb08beced45
1788609297582123919	8	503	phase_loop[1925]	1788609296818944	9996	c2b3f8f57010be8e	f82bebb08beced45
1788609297582123919	8	503	phase_loop[1926]	1788609296828944	9995	8e5e4a346e4cc781	f82bebb08beced45
1788609297582123919	8	503	phase_loop[1927]	1788609296838945	9995	904ff4fe803980ae	f82bebb08beced45
1788609297582123919	8	503	phase_loop[1928]	1788609296848944	9996	4283c2cb2ff49e75	f82bebb08beced45
1788609297582123919	8	503	phase_loop[1929]	1788609296858945	10002	6a9b244f07899f07	f82bebb08beced45
1788609297582123919	8	503	phase_loop[1930]	1788609296868952	9990	689ebd47e5b4568a	f82bebb08beced45
1788609297582123919	8	503	phase_loop[1931]	1788609296878947	9991	893f521bfc7360ff	f82bebb08beced45
1788609297582123919	8	503	phase_loop[1932]	1788609296888943	9997	536aa8bdbaa8a504	f82bebb08beced45
1788609297582123919	8	503	phase_loop[1933]	1788609296898946	9995	d535e281655a3307	f82bebb08beced45
1788609297582123919	8	503	phase_loop[1934]	1788609296908946	9994	5369ec791d752ee0	f82bebb08beced45
1788609297582123919	8	503	phase_loop[1935]	1788609296918946	9993	6e26af1e22cfbbe5	f82bebb08beced45
1788609297582123919	8	503	phase_loop[1936]	1788609296928944	9994	d96afb45e653d876	f82bebb08beced45
1788609297582123919	8	503	phase_loop[1937]	1788609296938944	9996	530dacd2ddf70b2a	f82bebb08beced45
1788609297582123919	8	503	phase_loop[1938]	1788609296948944	9997	592d8c72e0535887	f82bebb08beced45
1788609297582123919	8	503	phase_loop[1939]	1788609296958946	9994	44d4f9cda92e156e	f82bebb08beced45
1788609297582123919	8	503	phase_loop[1940]	1788609296968944	9995	63d719943da9f316	f82bebb08beced45
1788609297582123919	8	503	phase_loop[1941]	1788609296978944	9996	595be95cd862e7dd	f82bebb08beced45
1788609297582123919	8	503	phase_loop[1942]	1788609296988945	9995	ea5ad0c4c4c2b9e9	f82bebb08beced45
1788609297582123919	8	503	phase_loop[1943]	1788609296998945	9997	c5eca1ce3f882090	f82bebb08beced45
1788609297582123919	8	503	phase_loop[1944]	1788609297008947	9994	cbdbf9bd7152c544	f82bebb08beced45
1788609297582123919	8	503	phase_loop[1945]	1788609297018945	9995	a5b1fa1609973c9c	f82bebb08beced45
1788609297582123919	8	503	phase_loop[1946]	1788609297028945	9994	c3c315c4fb49188f	f82bebb08beced45
1788609297582123919	8	503	phase_loop[1947]	1788609297038943	10035	f08de09f59255076	f82bebb08beced45
1788609297582123919	8	503	phase_loop[1948]	1788609297048983	9959	fe48ca47ee9815d5	f82bebb08beced45
1788609297582123919	8	503	phase_loop[1949]	1788609297058949	9993	13d084611bd495fd	f82bebb08beced45
1788609297582123919	8	503	phase_loop[1950]	1788609297068949	9992	7422765cbb7aabc0	f82bebb08beced45
1788609297582123919	8	503	phase_loop[1951]	1788609297078946	9993	a456ac1c4e6ba6b4	f82bebb08beced45
1788609297582123919	8	503	phase_loop[1952]	1788609297088944	9996	9cec853bd9068915	f82bebb08beced45
1788609297582123919	8	503	phase_loop[1953]	1788609297098946	9995	36d949cd3c6ff409	f82bebb08beced45
1788609297582123919	8	503	phase_loop[1954]	1788609297108945	9996	52925f374cecc89b	f82bebb08beced45
1788609297582123919	8	503	phase_loop[1955]	1788609297118946	9994	f57e1f30e607eeef	f82bebb08beced45
1788609297582123919	8	503	phase_loop[1956]	1788609297128944	9995	055e2b61129b298e	f82bebb08beced45
1788609297582123919	8	503	phase_loop[1957]	1788609297138945	9996	1e5ec84aed6443cd	f82bebb08beced45
1788609297582123919	8	503	phase_loop[1958]	1788609297148945	9994	55a17fd5e86b08b6	f82bebb08beced45
1788609297582123919	8	503	phase_loop[1959]	1788609297158944	9995	cd143d143b05227e	f82bebb08beced45
1788609297582123919	8	503	phase_loop[1960]	1788609297168945	9995	f182bf94a4f072cb	f82bebb08beced45
1788609297582123919	8	503	phase_loop[1961]	1788609297178945	9993	1b78277c61faca28	f82bebb08beced45
1788609297582123919	8	503	phase_loop[1962]	1788609297188943	10004	d0da1a152c69a32f	f82bebb08beced45
1788609297582123919	8	503	phase_loop[1963]	1788609297198952	9989	dff972739ac11e33	f82bebb08beced45
1788609297582123919	8	503	phase_loop[1964]	1788609297208945	9992	b9c9d62b8a4e46a5	f82bebb08beced45
1788609297582123919	8	503	phase_loop[1965]	1788609297218942	9998	8a6ba6ea392571e5	f82bebb08beced45
1788609297582123919	8	503	phase_loop[1966]	1788609297228944	9995	829cb053f49a188b	f82bebb08beced45
1788609297582123919	8	503	phase_loop[1967]	1788609297238944	9995	e6834a71d305a402	f82bebb08beced45
1788609297582123919	8	503	phase_loop[1968]	1788609297248944	9996	57cb013f784f99f9	f82bebb08beced45
1788609297582123919	8	503	phase_loop[1969]	1788609297258945	9995	806a74a412a7ba0c	f82bebb08beced45
1788609297582123919	8	503	phase_loop[1970]	1788609297268944	9995	d51090f23c3501cf	f82bebb08beced45
1788609297582123919	8	503	phase_loop[1971]	1788609297278944	9997	94c7fcc1e44efa38	f82bebb08beced45
1788609297582123919	8	503	phase_loop[1972]	1788609297288945	9994	fca8154b059a73c9	f82bebb08beced45
1788609297582123919	8	503	phase_loop[1973]	1788609297298944	9995	905ea5a446a81a12	f82bebb08beced45
1788609297582123919	8	503	phase_loop[1974]	1788609297308943	9995	82257a1f8dde564b	f82bebb08beced45
1788609297582123919	8	503	phase_loop[1975]	1788609297318943	9996	9badf82a10734e2c	f82bebb08beced45
1788609297582123919	8	503	phase_loop[1976]	1788609297328944	9996	bdc2edc926d76733	f82bebb08beced45
1788609297582123919	8	503	phase_loop[1977]	1788609297338945	9995	da5bbe363af6538f	f82bebb08beced45
1788609297582123919	8	503	phase_loop[1978]	1788609297348944	9996	2ba15034841e0fe8	f82bebb08beced45
1788609297582123919	8	503	phase_loop[1979]	1788609297358944	9994	89974a31aecca16b	f82bebb08beced45
1788609297582123919	8	503	phase_loop[1980]	1788609297368943	10037	4fc5f2c3f1b3bcc9	f82bebb08beced45
1788609297582123919	8	503	phase_loop[1981]	1788609297378985	9954	ace7128df79feff6	f82bebb08beced45
1788609297582123919	8	503	phase_loop[1982]	1788609297388943	9998	b7739afd4cf15034	f82bebb08beced45
1788609297582123919	8	503	phase_loop[1983]	1788609297398946	9993	3b3c7d66fbd6a64c	f82bebb08beced45
1788609297582123919	8	503	phase_loop[1984]	1788609297408943	9996	aa6fa7155c4dc7e1	f82bebb08beced45
1788609297582123919	8	503	phase_loop[1985]	1788609297418944	9994	05dab0ae74508d13	f82bebb08beced45
1788609297582123919	8	503	phase_loop[1986]	1788609297428943	9996	d22dbf7066d7be83	f82bebb08beced45
1788609297582123919	8	503	phase_loop[1987]	1788609297438944	9997	79ea3d67d8f1db2c	f82bebb08beced45
1788609297582123919	8	503	phase_loop[1988]	1788609297448945	9998	3e6f380697aa644c	f82bebb08beced45
1788609297582123919	8	503	phase_loop[1989]	1788609297458947	9993	2408f70680d8bccb	f82bebb08beced45
1788609297582123919	8	503	phase_loop[1990]	1788609297468944	9995	83357c8f6dca4bcb	f82bebb08beced45
1788609297582123919	8	503	phase_loop[1991]	1788609297478944	9993	7b0c2e9edfaee23f	f82bebb08beced45
1788609297582123919	8	503	phase_loop[1992]	1788609297488942	9999	16589207605b7ebd	f82bebb08beced45
1788609297582123919	8	503	phase_loop[1993]	1788609297498945	9998	ba63a810488bca2d	f82bebb08beced45
1788609297582123919	8	503	phase_loop[1994]	1788609297508948	9994	8f4311260e385080	f82bebb08beced45
1788609297582123919	8	503	phase_loop[1995]	1788609297518946	9994	62ea898b9ad77bae	f82bebb08beced45
1788609297582123919	8	503	phase_loop[1996]	1788609297528944	9995	d9ca2ab34075184b	f82bebb08beced45
1788609297582123919	8	503	phase_loop[1997]	1788609297538945	9996	813c97e2fec01247	f82bebb08beced45
1788609297582123919	8	503	phase_loop[1998]	1788609297548946	9999	2d0e12615c5590d9	f82bebb08beced45
1788609297582123919	8	503	phase_loop[1999]	1788609297558952	9988	3b87b43c0b272c12	f82bebb08beced45
1788609297582123919	8	503	HI_task-0	1788609277569020	20001990	d2053d733508840c	6d1e5f715f226ff0
1788609297582123919	8	503	phase_loop[2000]	1788609297568944	2223	0e0a3be6b1b04bc6	f82bebb08beced45
1788609297582123919	8	503	phase[0]	1788609277592938	19978230	f82bebb08beced45	87d0f0f6a23cbc74
1788609297582123919	8	503	thread_loop[0]	1788609277592929	19978240	87d0f0f6a23cbc74	d2053d733508840c
1788609297582123919	8	503	main	1788609277568644	20002637	6d1e5f715f226ff0	-
