t_recv_ns	batch_idx	n_span	name	timestamp_us	duration_us	id	parent
1788609571552240989	0	500	calibration	1788609566537505	60	0524e4e1038ef211	5d1628218ec11409
1788609571552240989	0	500	phase_loop[0]	1788609566561796	2131	ada6d72f8deba6fd	bec100be5ca6ed56
1788609571552240989	0	500	phase_loop[1]	1788609566563938	2059	025a2fede67f9877	bec100be5ca6ed56
1788609571552240989	0	500	phase_loop[2]	1788609566566002	2054	84d91392a3a569c2	bec100be5ca6ed56
1788609571552240989	0	500	phase_loop[3]	1788609566568060	9687	b74abab3059c87d6	bec100be5ca6ed56
1788609571552240989	0	500	phase_loop[4]	1788609566577752	9994	5e7b2fc4434d4366	bec100be5ca6ed56
1788609571552240989	0	500	phase_loop[5]	1788609566587750	9998	87135d1636856194	bec100be5ca6ed56
1788609571552240989	0	500	phase_loop[6]	1788609566597752	9994	c520da85a5df8094	bec100be5ca6ed56
1788609571552240989	0	500	phase_loop[7]	1788609566607751	9994	1df91a77ba46125d	bec100be5ca6ed56
1788609571552240989	0	500	phase_loop[8]	1788609566617749	9997	2996b31b6d1cee2b	bec100be5ca6ed56
1788609571552240989	0	500	phase_loop[9]	1788609566627750	9997	54f1809b1d3718ea	bec100be5ca6ed56
1788609571552240989	0	500	phase_loop[10]	1788609566637757	9990	e6ea4165ef157c63	bec100be5ca6ed56
1788609571552240989	0	500	phase_loop[11]	1788609566647752	9997	82b0398dd5b095ca	bec100be5ca6ed56
1788609571552240989	0	500	phase_loop[12]	1788609566657753	9999	32deeefb7fbf6a5f	bec100be5ca6ed56
1788609571552240989	0	500	phase_loop[13]	1788609566667755	10001	86736178f33390df	bec100be5ca6ed56
1788609571552240989	0	500	phase_loop[14]	1788609566677760	9987	4801cd0781192740	bec100be5ca6ed56
1788609571552240989	0	500	phase_loop[15]	1788609566687750	9997	87106ccfafe65268	bec100be5ca6ed56
1788609571552240989	0	500	phase_loop[16]	1788609566697751	9996	1cad611dcfa5a768	bec100be5ca6ed56
1788609571552240989	0	500	phase_loop[17]	1788609566707750	9996	76420322df70fc77	bec100be5ca6ed56
1788609571552240989	0	500	phase_loop[18]	1788609566717750	9997	228f09ad5cbbcbf7	bec100be5ca6ed56
1788609571552240989	0	500	phase_loop[19]	1788609566727751	9997	42a19f31f3449ef0	bec100be5ca6ed56
1788609571552240989	0	500	phase_loop[20]	1788609566737752	9993	dba86f0703f53629	bec100be5ca6ed56
1788609571552240989	0	500	phase_loop[21]	1788609566747750	9999	0a620b2c423d71ae	bec100be5ca6ed56
1788609571552240989	0	500	phase_loop[22]	1788609566757753	9996	92cf12774fb4bb06	bec100be5ca6ed56
1788609571552240989	0	500	phase_loop[23]	1788609566767753	9993	42e67ba513663cb9	bec100be5ca6ed56
1788609571552240989	0	500	phase_loop[24]	1788609566777750	9995	5436a43cf4293c9a	bec100be5ca6ed56
1788609571552240989	0	500	phase_loop[25]	1788609566787749	9997	2513262ab15bb5e2	bec100be5ca6ed56
1788609571552240989	0	500	phase_loop[26]	1788609566797749	9997	5cc0aa5b99759826	bec100be5ca6ed56
1788609571552240989	0	500	phase_loop[27]	1788609566807750	9996	4f19b6355d9d3cfc	bec100be5ca6ed56
1788609571552240989	0	500	phase_loop[28]	1788609566817751	9995	c0864d14b14c7620	bec100be5ca6ed56
1788609571552240989	0	500	phase_loop[29]	1788609566827749	9998	37ac9169ec659435	bec100be5ca6ed56
1788609571552240989	0	500	phase_loop[30]	1788609566837751	9994	eedcc2f2f64b8c4d	bec100be5ca6ed56
1788609571552240989	0	500	phase_loop[31]	1788609566847749	9999	a237b7a5e6b51c7e	bec100be5ca6ed56
1788609571552240989	0	500	phase_loop[32]	1788609566857751	10056	d8556ea1050c592d	bec100be5ca6ed56
1788609571552240989	0	500	phase_loop[33]	1788609566867813	9936	c77e37cd47756bb3	bec100be5ca6ed56
1788609571552240989	0	500	phase_loop[34]	1788609566877753	9992	5d92ff4b632b6389	bec100be5ca6ed56
1788609571552240989	0	500	phase_loop[35]	1788609566887788	9962	a191cfae7fc45632	bec100be5ca6ed56
1788609571552240989	0	500	phase_loop[36]	1788609566897755	9993	768fdc5f680b4a93	bec100be5ca6ed56
1788609571552240989	0	500	phase_loop[37]	1788609566907753	10015	3134e488f375cc21	bec100be5ca6ed56
1788609571552240989	0	500	phase_loop[38]	1788609566917773	9987	91d1246196e0f2c2	bec100be5ca6ed56
1788609571552240989	0	500	phase_loop[39]	1788609566927764	9984	0c126473c1d3ea98	bec100be5ca6ed56
1788609571552240989	0	500	phase_loop[40]	1788609566937767	9982	c95bb8b046b2283b	bec100be5ca6ed56
1788609571552240989	0	500	phase_loop[41]	1788609566947765	9982	5da57a28962df443	bec100be5ca6ed56
1788609571552240989	0	500	phase_loop[42]	1788609566957751	10009	035388d516ec12ee	bec100be5ca6ed56
1788609571552240989	0	500	phase_loop[43]	1788609566967764	9995	231bc9ab99e33213	bec100be5ca6ed56
1788609571552240989	0	500	phase_loop[44]	1788609566977764	10002	e007d19df9b89901	bec100be5ca6ed56
1788609571552240989	0	500	phase_loop[45]	1788609566987770	9978	1779b3029d777c2b	bec100be5ca6ed56
1788609571552240989	0	500	phase_loop[46]	1788609566997765	9987	c93f056b351312a3	bec100be5ca6ed56
1788609571552240989	0	500	phase_loop[47]	1788609567007769	9979	516dbeb0fe3f1427	bec100be5ca6ed56
1788609571552240989	0	500	phase_loop[48]	1788609567017752	10008	026876f47086b4e7	bec100be5ca6ed56
1788609571552240989	0	500	phase_loop[49]	1788609567027764	9997	379b6bd3b03bb8bf	bec100be5ca6ed56
1788609571552240989	0	500	phase_loop[50]	1788609567037766	9990	e6cb624699877d20	bec100be5ca6ed56
1788609571552240989	0	500	phase_loop[51]	1788609567047760	9987	531e8f02abc44b89	bec100be5ca6ed56
1788609571552240989	0	500	phase_loop[52]	1788609567057764	9984	84a5bfbe84de32ad	bec100be5ca6ed56
1788609571552240989	0	500	phase_loop[53]	1788609567067763	9984	14f01b0b4fd367b9	bec100be5ca6ed56
1788609571552240989	0	500	phase_loop[54]	1788609567077751	10004	6758c6e3dbcb954a	bec100be5ca6ed56
1788609571552240989	0	500	phase_loop[55]	1788609567087760	10000	96d07fd0b67ebcfa	bec100be5ca6ed56
1788609571552240989	0	500	phase_loop[56]	1788609567097764	9996	2adebe6fed7314a6	bec100be5ca6ed56
1788609571552240989	0	500	phase_loop[57]	1788609567107764	9981	ea2ab71d2772d007	bec100be5ca6ed56
1788609571552240989	0	500	phase_loop[58]	1788609567117760	9988	4f83aa030cff835b	bec100be5ca6ed56
1788609571552240989	0	500	phase_loop[59]	1788609567127752	9985	9a61a8b5363f1c47	bec100be5ca6ed56
1788609571552240989	0	500	phase_loop[60]	1788609567137752	10007	892173e952509a51	bec100be5ca6ed56
1788609571552240989	0	500	phase_loop[61]	1788609567147763	9997	7bb6a933acc7d8a7	bec100be5ca6ed56
1788609571552240989	0	500	phase_loop[62]	1788609567157764	9982	13eac4b62f2fb3bc	bec100be5ca6ed56
1788609571552240989	0	500	phase_loop[63]	1788609567167764	9984	46bce31cec1bb8c6	bec100be5ca6ed56
1788609571552240989	0	500	phase_loop[64]	1788609567177763	9982	b3646b6db17b9a61	bec100be5ca6ed56
1788609571552240989	0	500	phase_loop[65]	1788609567187749	10058	ed94dd2b3e8d10a1	bec100be5ca6ed56
1788609571552240989	0	500	phase_loop[66]	1788609567197814	9958	729594e3ac0b9f28	bec100be5ca6ed56
1788609571552240989	0	500	phase_loop[67]	1788609567207776	9980	a7857ecfad8b3c28	bec100be5ca6ed56
1788609571552240989	0	500	phase_loop[68]	1788609567217760	9986	c817e489dbe22eba	bec100be5ca6ed56
1788609571552240989	0	500	phase_loop[69]	1788609567227761	9986	56eab20bded1c86a	bec100be5ca6ed56
1788609571552240989	0	500	phase_loop[70]	1788609567237764	9983	4b093b85c9b656fe	bec100be5ca6ed56
1788609571552240989	0	500	phase_loop[71]	1788609567247752	9999	8c75258a511d8ca2	bec100be5ca6ed56
1788609571552240989	0	500	phase_loop[72]	1788609567257756	10015	019b9c36e8b67248	bec100be5ca6ed56
1788609571552240989	0	500	phase_loop[73]	1788609567267775	9985	5c933fd6f787eb4e	bec100be5ca6ed56
1788609571552240989	0	500	phase_loop[74]	1788609567277764	9983	b512986ec66d547a	bec100be5ca6ed56
1788609571552240989	0	500	phase_loop[75]	1788609567287763	9985	cce6e6bf7d93342f	bec100be5ca6ed56
1788609571552240989	0	500	phase_loop[76]	1788609567297765	9984	27085e832c9c1794	bec100be5ca6ed56
1788609571552240989	0	500	phase_loop[77]	1788609567307753	10006	a5bbc574170cc3a6	bec100be5ca6ed56
1788609571552240989	0	500	phase_loop[78]	1788609567317763	9997	32825298e51fecb8	bec100be5ca6ed56
1788609571552240989	0	500	phase_loop[79]	1788609567327763	9996	5ac9c96b013edf25	bec100be5ca6ed56
1788609571552240989	0	500	phase_loop[80]	1788609567337764	9982	7ffa2d31ee65a749	bec100be5ca6ed56
1788609571552240989	0	500	phase_loop[81]	1788609567347760	9988	7b75205d825cbe26	bec100be5ca6ed56
1788609571552240989	0	500	phase_loop[82]	1788609567357763	9985	c10c76dbe0e8faf3	bec100be5ca6ed56
1788609571552240989	0	500	phase_loop[83]	1788609567367753	10008	da605b2dd9760d0c	bec100be5ca6ed56
1788609571552240989	0	500	phase_loop[84]	1788609567377764	9992	cde43a24f1ec7cc8	bec100be5ca6ed56
1788609571552240989	0	500	phase_loop[85]	1788609567387761	9999	119aa53e6381d260	bec100be5ca6ed56
1788609571552240989	0	500	phase_loop[86]	1788609567397764	9982	cb9558fe0a13c820	bec100be5ca6ed56
1788609571552240989	0	500	phase_loop[87]	1788609567407762	9985	079d28fb6e3f950f	bec100be5ca6ed56
1788609571552240989	0	500	phase_loop[88]	1788609567417763	9984	a0717d582d2d4e6c	bec100be5ca6ed56
1788609571552240989	0	500	phase_loop[89]	1788609567427751	10011	c2d496afb5033706	bec100be5ca6ed56
1788609571552240989	0	500	phase_loop[90]	1788609567437767	9992	87fbbf613225a42e	bec100be5ca6ed56
1788609571552240989	0	500	phase_loop[91]	1788609567447763	9987	39b985115a86556f	bec100be5ca6ed56
1788609571552240989	0	500	phase_loop[92]	1788609567457766	9982	0bd959554c4d64c7	bec100be5ca6ed56
1788609571552240989	0	500	phase_loop[93]	1788609567467764	9983	430126d9a58615cb	bec100be5ca6ed56
1788609571552240989	0	500	phase_loop[94]	1788609567477752	9983	ff336ed9188d5ced	bec100be5ca6ed56
1788609571552240989	0	500	phase_loop[95]	1788609567487750	10010	5dd41eb66ed55375	bec100be5ca6ed56
1788609571552240989	0	500	phase_loop[96]	1788609567497764	9996	8f7870bd85c58305	bec100be5ca6ed56
1788609571552240989	0	500	phase_loop[97]	1788609567507764	9981	28fd4251b5e8cad7	bec100be5ca6ed56
1788609571552240989	0	500	phase_loop[98]	1788609567517759	10027	41b2b6598dfd661f	bec100be5ca6ed56
1788609571552240989	0	500	phase_loop[99]	1788609567527804	9945	ac8cd59df8af61ac	bec100be5ca6ed56
1788609571552240989	0	500	phase_loop[100]	1788609567537754	9992	de35008aeb5cc773	bec100be5ca6ed56
1788609571552240989	0	500	phase_loop[101]	1788609567547750	10007	478631d387d3f4d2	bec100be5ca6ed56
1788609571552240989	0	500	phase_loop[102]	1788609567557762	9998	e2bcb7e223966a93	bec100be5ca6ed56
1788609571552240989	0	500	phase_loop[103]	1788609567567764	9983	2b7529cc47e38a05	bec100be5ca6ed56
1788609571552240989	0	500	phase_loop[104]	1788609567577762	9984	c8d0b1b9a3320d64	bec100be5ca6ed56
1788609571552240989	0	500	phase_loop[105]	1788609567587761	9987	861ddc2786956002	bec100be5ca6ed56
1788609571552240989	0	500	phase_loop[106]	1788609567597752	10008	cb66be13643f7651	bec100be5ca6ed56
1788609571552240989	0	500	phase_loop[107]	1788609567607765	9991	441e2ea1a499098a	bec100be5ca6ed56
1788609571552240989	0	500	phase_loop[108]	1788609567617761	9999	eca9ad1899a69df2	bec100be5ca6ed56
1788609571552240989	0	500	phase_loop[109]	1788609567627763	9985	a512246c1aa6426e	bec100be5ca6ed56
1788609571552240989	0	500	phase_loop[110]	1788609567637765	9983	270b08866347210c	bec100be5ca6ed56
1788609571552240989	0	500	phase_loop[111]	1788609567647764	9983	21ace79056c634ab	bec100be5ca6ed56
1788609571552240989	0	500	phase_loop[112]	1788609567657751	10008	2242709ef4b6d044	bec100be5ca6ed56
1788609571552240989	0	500	phase_loop[113]	1788609567667764	9996	5b117e8d09ecd4c3	bec100be5ca6ed56
1788609571552240989	0	500	phase_loop[114]	1788609567677765	9991	21cb8c0466f575f4	bec100be5ca6ed56
1788609571552240989	0	500	phase_loop[115]	1788609567687760	9989	03730a7ada46c82d	bec100be5ca6ed56
1788609571552240989	0	500	phase_loop[116]	1788609567697765	9982	80b9b195f63950e2	bec100be5ca6ed56
1788609571552240989	0	500	phase_loop[117]	1788609567707763	9984	a8fec75d15626b3f	bec100be5ca6ed56
1788609571552240989	0	500	phase_loop[118]	1788609567717752	10006	32a1dce33bded460	bec100be5ca6ed56
1788609571552240989	0	500	phase_loop[119]	1788609567727762	9999	f3576a0f0efab314	bec100be5ca6ed56
1788609571552240989	0	500	phase_loop[120]	1788609567737765	9990	187b58570d87edd1	bec100be5ca6ed56
1788609571552240989	0	500	phase_loop[121]	1788609567747760	9987	0f55f7f051be31ba	bec100be5ca6ed56
1788609571552240989	0	500	phase_loop[122]	1788609567757765	9982	2e6c0987acaeef65	bec100be5ca6ed56
1788609571552240989	0	500	phase_loop[123]	1788609567767752	9983	bd7e7cab305cc656	bec100be5ca6ed56
1788609571552240989	0	500	phase_loop[124]	1788609567777752	10005	1fc45e3a17371b48	bec100be5ca6ed56
1788609571552240989	0	500	phase_loop[125]	1788609567787761	10002	973d22fb58fca287	bec100be5ca6ed56
1788609571552240989	0	500	phase_loop[126]	1788609567797767	9980	413497124dd32cc3	bec100be5ca6ed56
1788609571552240989	0	500	phase_loop[127]	1788609567807764	9984	88f26b3694570ce8	bec100be5ca6ed56
1788609571552240989	0	500	phase_loop[128]	1788609567817762	9994	2e7a816ab52a6d4e	bec100be5ca6ed56
1788609571552240989	0	500	phase_loop[129]	1788609567827761	9988	bb1bda20e21d7d2f	bec100be5ca6ed56
1788609571552240989	0	500	phase_loop[130]	1788609567837753	10013	2a74889d4a865686	bec100be5ca6ed56
1788609571552240989	0	500	phase_loop[131]	1788609567847771	10033	814b4085a0ec0768	bec100be5ca6ed56
1788609571552240989	0	500	phase_loop[132]	1788609567857809	9940	523976e6664042fc	bec100be5ca6ed56
1788609571552240989	0	500	phase_loop[133]	1788609567867766	9982	cf6d08bf5e477144	bec100be5ca6ed56
1788609571552240989	0	500	phase_loop[134]	1788609567877764	9984	0c5e644b4835da7d	bec100be5ca6ed56
1788609571552240989	0	500	phase_loop[135]	1788609567887752	9995	aa9ad7ab9f71c888	bec100be5ca6ed56
1788609571552240989	0	500	phase_loop[136]	1788609567897752	10010	b5dee305637f1767	bec100be5ca6ed56
1788609571552240989	0	500	phase_loop[137]	1788609567907766	9991	02ec5fcd8815298f	bec100be5ca6ed56
1788609571552240989	0	500	phase_loop[138]	1788609567917760	9986	a8a8e83cd1b28c72	bec100be5ca6ed56
1788609571552240989	0	500	phase_loop[139]	1788609567927762	9988	5b19845ff030bcf9	bec100be5ca6ed56
1788609571552240989	0	500	phase_loop[140]	1788609567937767	9980	f2a65643e10e11f3	bec100be5ca6ed56
1788609571552240989	0	500	phase_loop[141]	1788609567947752	10008	aa5c9434cce40481	bec100be5ca6ed56
1788609571552240989	0	500	phase_loop[142]	1788609567957764	9998	b6c5da6dc6fd551d	bec100be5ca6ed56
1788609571552240989	0	500	phase_loop[143]	1788609567967766	9993	f9ff08c3ea6d7af2	bec100be5ca6ed56
1788609571552240989	0	500	phase_loop[144]	1788609567977764	9981	6a778e58ff80e1fb	bec100be5ca6ed56
1788609571552240989	0	500	phase_loop[145]	1788609567987759	9988	83d5724ab78fc80b	bec100be5ca6ed56
1788609571552240989	0	500	phase_loop[146]	1788609567997763	9986	8b01ca3ba825cb8f	bec100be5ca6ed56
1788609571552240989	0	500	phase_loop[147]	1788609568007754	10007	08885b650779e7e7	bec100be5ca6ed56
1788609571552240989	0	500	phase_loop[148]	1788609568017765	9995	95379ea1b4342e03	bec100be5ca6ed56
1788609571552240989	0	500	phase_loop[149]	1788609568027765	9995	d12be652a29f359f	bec100be5ca6ed56
1788609571552240989	0	500	phase_loop[150]	1788609568037764	9982	4cc2e8174e283600	bec100be5ca6ed56
1788609571552240989	0	500	phase_loop[151]	1788609568047762	9986	eeb610f789d3c191	bec100be5ca6ed56
1788609571552240989	0	500	phase_loop[152]	1788609568057762	9985	177a272bd4349726	bec100be5ca6ed56
1788609571552240989	0	500	phase_loop[153]	1788609568067752	10007	3935122a17deca5f	bec100be5ca6ed56
1788609571552240989	0	500	phase_loop[154]	1788609568077763	9992	b6cde8e7783d080f	bec100be5ca6ed56
1788609571552240989	0	500	phase_loop[155]	1788609568087760	9988	6d2df8cf9c0398a3	bec100be5ca6ed56
1788609571552240989	0	500	phase_loop[156]	1788609568097764	9983	0a9c2f4d93cf0bd0	bec100be5ca6ed56
1788609571552240989	0	500	phase_loop[157]	1788609568107763	9985	e4cd81174ed1dbdc	bec100be5ca6ed56
1788609571552240989	0	500	phase_loop[158]	1788609568117752	9984	e8bf581be39ef146	bec100be5ca6ed56
1788609571552240989	0	500	phase_loop[159]	1788609568127752	10009	aea55242bd6f1191	bec100be5ca6ed56
1788609571552240989	0	500	phase_loop[160]	1788609568137765	9990	7a8d01b32a14aeb2	bec100be5ca6ed56
1788609571552240989	0	500	phase_loop[161]	1788609568147760	9987	81f9763591f5bbc3	bec100be5ca6ed56
1788609571552240989	0	500	phase_loop[162]	1788609568157763	9984	3a508aa84881b403	bec100be5ca6ed56
1788609571552240989	0	500	phase_loop[163]	1788609568167763	9985	dc241f060793d386	bec100be5ca6ed56
1788609571552240989	0	500	phase_loop[164]	1788609568177752	10034	e25280e5796971e0	bec100be5ca6ed56
1788609571552240989	0	500	phase_loop[165]	1788609568187791	9978	d0b4edfbd0e51ed5	bec100be5ca6ed56
1788609571552240989	0	500	phase_loop[166]	1788609568197774	9989	6110fe90740d7b35	bec100be5ca6ed56
1788609571552240989	0	500	phase_loop[167]	1788609568207767	9978	c4faf7ad40c5d5e8	bec100be5ca6ed56
1788609571552240989	0	500	phase_loop[168]	1788609568217759	9988	4f0827da0635a2ed	bec100be5ca6ed56
1788609571552240989	0	500	phase_loop[169]	1788609568227762	9987	a977fef619498164	bec100be5ca6ed56
1788609571552240989	0	500	phase_loop[170]	1788609568237753	10017	c9b6a1f099b56bfc	bec100be5ca6ed56
1788609571552240989	0	500	phase_loop[171]	1788609568247775	9986	64a31dabe8d0e622	bec100be5ca6ed56
1788609571552240989	0	500	phase_loop[172]	1788609568257765	9996	455f5866037374a3	bec100be5ca6ed56
1788609571552240989	0	500	phase_loop[173]	1788609568267765	9982	bd3732098ffb2615	bec100be5ca6ed56
1788609571552240989	0	500	phase_loop[174]	1788609568277764	9981	50a5a127f0c6e1ed	bec100be5ca6ed56
1788609571552240989	0	500	phase_loop[175]	1788609568287759	9988	7e9d73ad9a0a3731	bec100be5ca6ed56
1788609571552240989	0	500	phase_loop[176]	1788609568297752	10007	ac3da268643769bb	bec100be5ca6ed56
1788609571552240989	0	500	phase_loop[177]	1788609568307763	9997	b46ad56e356fedb4	bec100be5ca6ed56
1788609571552240989	0	500	phase_loop[178]	1788609568317764	9994	63c4883ef05918cb	bec100be5ca6ed56
1788609571552240989	0	500	phase_loop[179]	1788609568327762	9993	f7d09d97df46e4f0	bec100be5ca6ed56
1788609571552240989	0	500	phase_loop[180]	1788609568337772	9975	7c3cce0de68e6d1d	bec100be5ca6ed56
1788609571552240989	0	500	phase_loop[181]	1788609568347762	9985	f9c357cb680655bc	bec100be5ca6ed56
1788609571552240989	0	500	phase_loop[182]	1788609568357751	10009	2f4b30cff638f231	bec100be5ca6ed56
1788609571552240989	0	500	phase_loop[183]	1788609568367765	9996	88ada3d82c3733a1	bec100be5ca6ed56
1788609571552240989	0	500	phase_loop[184]	1788609568377765	9990	e824bdee00f358fa	bec100be5ca6ed56
1788609571552240989	0	500	phase_loop[185]	1788609568387759	9988	60c2f6c14b2311c7	bec100be5ca6ed56
1788609571552240989	0	500	phase_loop[186]	1788609568397763	9984	3f8226892a8e1e4e	bec100be5ca6ed56
1788609571552240989	0	500	phase_loop[187]	1788609568407751	9986	0574835a0b4aea5c	bec100be5ca6ed56
1788609571552240989	0	500	phase_loop[188]	1788609568417753	10005	6c9fcbd696398c33	bec100be5ca6ed56
1788609571552240989	0	500	phase_loop[189]	1788609568427763	9996	6ee2e09c248037e1	bec100be5ca6ed56
1788609571552240989	0	500	phase_loop[190]	1788609568437763	9985	e33c124136accee0	bec100be5ca6ed56
1788609571552240989	0	500	phase_loop[191]	1788609568447763	9987	3ef2744974c5a5ae	bec100be5ca6ed56
1788609571552240989	0	500	phase_loop[192]	1788609568457766	9991	d127997807a7f9f8	bec100be5ca6ed56
1788609571552240989	0	500	phase_loop[193]	1788609568467761	9986	089d4847ff4b3280	bec100be5ca6ed56
1788609571552240989	0	500	phase_loop[194]	1788609568477752	10006	5ddf26d8ce96fd02	bec100be5ca6ed56
1788609571552240989	0	500	phase_loop[195]	1788609568487762	9997	89b01bfa5a3e2f83	bec100be5ca6ed56
1788609571552240989	0	500	phase_loop[196]	1788609568497763	9984	726d7424c16e8518	bec100be5ca6ed56
1788609571552240989	0	500	phase_loop[197]	1788609568507764	10024	c496c2e5c0560b67	bec100be5ca6ed56
1788609571552240989	0	500	phase_loop[198]	1788609568517807	9941	3cb327962d6214b0	bec100be5ca6ed56
1788609571552240989	0	500	phase_loop[199]	1788609568527753	9995	6f3318bbe1e6b528	bec100be5ca6ed56
1788609571552240989	0	500	phase_loop[200]	1788609568537754	10014	b3c272a989a56a8e	bec100be5ca6ed56
1788609571552240989	0	500	phase_loop[201]	1788609568547772	9987	2835cde399589252	bec100be5ca6ed56
1788609571552240989	0	500	phase_loop[202]	1788609568557763	9984	7d70b18832351385	bec100be5ca6ed56
1788609571552240989	0	500	phase_loop[203]	1788609568567765	9982	0bf31358cb9d71b7	bec100be5ca6ed56
1788609571552240989	0	500	phase_loop[204]	1788609568577764	9982	27ba0512235d1a08	bec100be5ca6ed56
1788609571552240989	0	500	phase_loop[205]	1788609568587750	10010	7ffd96c283e3c43a	bec100be5ca6ed56
1788609571552240989	0	500	phase_loop[206]	1788609568597764	9996	1723309d7ccf13a4	bec100be5ca6ed56
1788609571552240989	0	500	phase_loop[207]	1788609568607765	9993	ba85c1d4a4bc2b28	bec100be5ca6ed56
1788609571552240989	0	500	phase_loop[208]	1788609568617762	9986	640f4ef841656246	bec100be5ca6ed56
1788609571552240989	0	500	phase_loop[209]	1788609568627764	9984	8de468b65494914f	bec100be5ca6ed56
1788609571552240989	0	500	phase_loop[210]	1788609568637763	9984	c99082355c3833aa	bec100be5ca6ed56
1788609571552240989	0	500	phase_loop[211]	1788609568647752	10010	ab5ad613c892048d	bec100be5ca6ed56
1788609571552240989	0	500	phase_loop[212]	1788609568657765	9994	ec3409bee950b014	bec100be5ca6ed56
1788609571552240989	0	500	phase_loop[213]	1788609568667764	9994	8a8fa317d9c6c1eb	bec100be5ca6ed56
1788609571552240989	0	500	phase_loop[214]	1788609568677762	9985	67eb0f541574322a	bec100be5ca6ed56
1788609571552240989	0	500	phase_loop[215]	1788609568687761	9987	bef745e2ea7b84ad	bec100be5ca6ed56
1788609571552240989	0	500	phase_loop[216]	1788609568697765	9983	5a4ec70319d19f8e	bec100be5ca6ed56
1788609571552240989	0	500	phase_loop[217]	1788609568707752	10009	ca43f0d2427baaf8	bec100be5ca6ed56
1788609571552240989	0	500	phase_loop[218]	1788609568717765	9993	d2e5aee4f78984fe	bec100be5ca6ed56
1788609571552240989	0	500	phase_loop[219]	1788609568727762	9985	0bac48ca234b8765	bec100be5ca6ed56
1788609571552240989	0	500	phase_loop[220]	1788609568737763	9993	23666abfac18315b	bec100be5ca6ed56
1788609571552240989	0	500	phase_loop[221]	1788609568747772	9976	b35a219397c286a3	bec100be5ca6ed56
1788609571552240989	0	500	phase_loop[222]	1788609568757753	9983	45bfae44dbbaf51a	bec100be5ca6ed56
1788609571552240989	0	500	phase_loop[223]	1788609568767752	10011	6008916c5b05bd23	bec100be5ca6ed56
1788609571552240989	0	500	phase_loop[224]	1788609568777768	9991	eff7414f860d9fb6	bec100be5ca6ed56
1788609571552240989	0	500	phase_loop[225]	1788609568787763	9985	d723f160141a2861	bec100be5ca6ed56
1788609571552240989	0	500	phase_loop[226]	1788609568797765	9982	bfe6e920b1b8515f	bec100be5ca6ed56
1788609571552240989	0	500	phase_loop[227]	1788609568807762	9983	079ac6d932705a31	bec100be5ca6ed56
1788609571552240989	0	500	phase_loop[228]	1788609568817749	9998	74823b1e8cffb7b2	bec100be5ca6ed56
1788609571552240989	0	500	phase_loop[229]	1788609568827752	10007	0a10b8239cfcf09f	bec100be5ca6ed56
1788609571552240989	0	500	phase_loop[230]	1788609568837764	10037	af288bf6fb654866	bec100be5ca6ed56
1788609571552240989	0	500	phase_loop[231]	1788609568847806	9942	ffe938b1f47bc532	bec100be5ca6ed56
1788609571552240989	0	500	phase_loop[232]	1788609568857767	9980	869795d9ac709ace	bec100be5ca6ed56
1788609571552240989	0	500	phase_loop[233]	1788609568867763	9984	96b34d13b4e16da1	bec100be5ca6ed56
1788609571552240989	0	500	phase_loop[234]	1788609568877751	10005	3756c7b3a1f16137	bec100be5ca6ed56
1788609571552240989	0	500	phase_loop[235]	1788609568887761	9999	d42a249e27b4ad3a	bec100be5ca6ed56
1788609571552240989	0	500	phase_loop[236]	1788609568897764	9998	1036d01596f53594	bec100be5ca6ed56
1788609571552240989	0	500	phase_loop[237]	1788609568907767	9980	165017bca9a45966	bec100be5ca6ed56
1788609571552240989	0	500	phase_loop[238]	1788609568917761	9988	bdb6d767d9a6261b	bec100be5ca6ed56
1788609571552240989	0	500	phase_loop[239]	1788609568927764	9983	48ebb8be1a92c369	bec100be5ca6ed56
1788609571552240989	0	500	phase_loop[240]	1788609568937752	10004	925c6fa95ff47092	bec100be5ca6ed56
1788609571552240989	0	500	phase_loop[241]	1788609568947761	9999	dc2156b613818c3d	bec100be5ca6ed56
1788609571552240989	0	500	phase_loop[242]	1788609568957764	9997	a510200ad52370fa	bec100be5ca6ed56
1788609571552240989	0	500	phase_loop[243]	1788609568967765	9983	caa3c7b7b0afc82a	bec100be5ca6ed56
1788609571552240989	0	500	phase_loop[244]	1788609568977763	9982	5fe9e3bf15d443db	bec100be5ca6ed56
1788609571552240989	0	500	phase_loop[245]	1788609568987760	9988	93d6a652923917d5	bec100be5ca6ed56
1788609571552240989	0	500	phase_loop[246]	1788609568997752	10007	c89b8c4e41cfb3fc	bec100be5ca6ed56
1788609571552240989	0	500	phase_loop[247]	1788609569007764	9997	828084f65c77e458	bec100be5ca6ed56
1788609571552240989	0	500	phase_loop[248]	1788609569017765	9994	8cbf892ad24a59fd	bec100be5ca6ed56
1788609571552240989	0	500	phase_loop[249]	1788609569027764	9984	97a8283dcfaae7f2	bec100be5ca6ed56
1788609571552240989	0	500	phase_loop[250]	1788609569037764	9981	3fa764a1380f9aca	bec100be5ca6ed56
1788609571552240989	0	500	phase_loop[251]	1788609569047749	9991	4620b74d4b2e20ff	bec100be5ca6ed56
1788609571552240989	0	500	phase_loop[252]	1788609569057754	10021	76dd6e1e2bc13598	bec100be5ca6ed56
1788609571552240989	0	500	phase_loop[253]	1788609569067781	9980	ab437ead0bb70ac3	bec100be5ca6ed56
1788609571552240989	0	500	phase_loop[254]	1788609569077766	9980	304bf060aaa14491	bec100be5ca6ed56
1788609571552240989	0	500	phase_loop[255]	1788609569087762	9986	fccdb96a1bbaf027	bec100be5ca6ed56
1788609571552240989	0	500	phase_loop[256]	1788609569097764	9983	7af56883afeb9b71	bec100be5ca6ed56
1788609571552240989	0	500	phase_loop[257]	1788609569107752	9994	de4704dcc9fded57	bec100be5ca6ed56
1788609571552240989	0	500	phase_loop[258]	1788609569117750	10008	96e8310b757e249e	bec100be5ca6ed56
1788609571552240989	0	500	phase_loop[259]	1788609569127762	9999	0408104a337c489d	bec100be5ca6ed56
1788609571552240989	0	500	phase_loop[260]	1788609569137765	9982	419a060160769fb9	bec100be5ca6ed56
1788609571552240989	0	500	phase_loop[261]	1788609569147765	9982	c5a1042fa057f486	bec100be5ca6ed56
1788609571552240989	0	500	phase_loop[262]	1788609569157763	9984	c59f6ec2f862549d	bec100be5ca6ed56
1788609571552240989	0	500	phase_loop[263]	1788609569167752	10038	69a23927de8d7825	bec100be5ca6ed56
1788609571552240989	0	500	phase_loop[264]	1788609569177795	9964	a1cf43535759c314	bec100be5ca6ed56
1788609571552240989	0	500	phase_loop[265]	1788609569187764	9999	b2b9c62f989d36de	bec100be5ca6ed56
1788609571552240989	0	500	phase_loop[266]	1788609569197766	9981	dbb024986d1edddc	bec100be5ca6ed56
1788609571552240989	0	500	phase_loop[267]	1788609569207765	9980	0cf0c37ef44ece32	bec100be5ca6ed56
1788609571552240989	0	500	phase_loop[268]	1788609569217758	9991	fdc9187cc01b853c	bec100be5ca6ed56
1788609571552240989	0	500	phase_loop[269]	1788609569227754	10008	acab977ecf367624	bec100be5ca6ed56
1788609571552240989	0	500	phase_loop[270]	1788609569237766	9990	206bdadcc5e4aec8	bec100be5ca6ed56
1788609571552240989	0	500	phase_loop[271]	1788609569247761	10002	dc93f435cb3df72b	bec100be5ca6ed56
1788609571552240989	0	500	phase_loop[272]	1788609569257767	9981	e07fde94935f56c8	bec100be5ca6ed56
1788609571552240989	0	500	phase_loop[273]	1788609569267764	9984	6ee84e28778df1c5	bec100be5ca6ed56
1788609571552240989	0	500	phase_loop[274]	1788609569277764	9981	7afc21903f2bc527	bec100be5ca6ed56
1788609571552240989	0	500	phase_loop[275]	1788609569287749	10010	ae17a015ccc59fa5	bec100be5ca6ed56
1788609571552240989	0	500	phase_loop[276]	1788609569297763	9997	97fc9505aa65121e	bec100be5ca6ed56
1788609571552240989	0	500	phase_loop[277]	1788609569307764	9993	496266e1fb17858e	bec100be5ca6ed56
1788609571552240989	0	500	phase_loop[278]	1788609569317762	9985	56503efdc7826797	bec100be5ca6ed56
1788609571552240989	0	500	phase_loop[279]	1788609569327761	9991	ca23fee3add5e006	bec100be5ca6ed56
1788609571552240989	0	500	phase_loop[280]	1788609569337768	9978	d652ba0da578771b	bec100be5ca6ed56
1788609571552240989	0	500	phase_loop[281]	1788609569347751	10009	dcb9d64e2acba4ed	bec100be5ca6ed56
1788609571552240989	0	500	phase_loop[282]	1788609569357764	9995	e168b95ced3ebc86	bec100be5ca6ed56
1788609571552240989	0	500	phase_loop[283]	1788609569367763	9993	9207f5672fab5e0e	bec100be5ca6ed56
1788609571552240989	0	500	phase_loop[284]	1788609569377772	9978	d28b07c7960532fd	bec100be5ca6ed56
1788609571552240989	0	500	phase_loop[285]	1788609569387764	9984	9a6642294021bf65	bec100be5ca6ed56
1788609571552240989	0	500	phase_loop[286]	1788609569397752	9986	4213df0250422ba2	bec100be5ca6ed56
1788609571552240989	0	500	phase_loop[287]	1788609569407753	10007	bc3483fcd262ffdb	bec100be5ca6ed56
1788609571552240989	0	500	phase_loop[288]	1788609569417764	10004	ca510ff214abd1d1	bec100be5ca6ed56
1788609571552240989	0	500	phase_loop[289]	1788609569427773	9973	176e635471565060	bec100be5ca6ed56
1788609571552240989	0	500	phase_loop[290]	1788609569437762	9994	01e608ab3ee50503	bec100be5ca6ed56
1788609571552240989	0	500	phase_loop[291]	1788609569447774	9972	06547a5dd2d4ff63	bec100be5ca6ed56
1788609571552240989	0	500	phase_loop[292]	1788609569457750	9996	47fc95650ae3a301	bec100be5ca6ed56
1788609571552240989	0	500	phase_loop[293]	1788609569467750	10008	1a58d6d1156e1347	bec100be5ca6ed56
1788609571552240989	0	500	phase_loop[294]	1788609569477763	9996	71a90da47f7922c0	bec100be5ca6ed56
1788609571552240989	0	500	phase_loop[295]	1788609569487763	9985	23c17373c717fc6d	bec100be5ca6ed56
1788609571552240989	0	500	phase_loop[296]	1788609569497766	10019	47b731ee88e3fbed	bec100be5ca6ed56
1788609571552240989	0	500	phase_loop[297]	1788609569507804	9941	059bd8826da93d9c	bec100be5ca6ed56
1788609571552240989	0	500	phase_loop[298]	1788609569517750	10010	1711e4a78818c971	bec100be5ca6ed56
1788609571552240989	0	500	phase_loop[299]	1788609569527764	9998	3c5977d114fc49fc	bec100be5ca6ed56
1788609571552240989	0	500	phase_loop[300]	1788609569537766	9989	5de0dbacb1f0b44e	bec100be5ca6ed56
1788609571552240989	0	500	phase_loop[301]	1788609569547759	9990	ffac66d385bd1367	bec100be5ca6ed56
1788609571552240989	0	500	phase_loop[302]	1788609569557770	9985	40348326f1333079	bec100be5ca6ed56
1788609571552240989	0	500	phase_loop[303]	1788609569567774	9973	54c661e0b4fc11d7	bec100be5ca6ed56
1788609571552240989	0	500	phase_loop[304]	1788609569577751	10006	96c18792ca688694	bec100be5ca6ed56
1788609571552240989	0	500	phase_loop[305]	1788609569587761	10008	6bf2aa17523c0493	bec100be5ca6ed56
1788609571552240989	0	500	phase_loop[306]	1788609569597774	9986	54e3c6a28fff46a3	bec100be5ca6ed56
1788609571552240989	0	500	phase_loop[307]	1788609569607765	9981	17c807aeae15ad39	bec100be5ca6ed56
1788609571552240989	0	500	phase_loop[308]	1788609569617760	9987	825c1a4763e1365e	bec100be5ca6ed56
1788609571552240989	0	500	phase_loop[309]	1788609569627761	9988	20b85907e7bf38fd	bec100be5ca6ed56
1788609571552240989	0	500	phase_loop[310]	1788609569637754	10005	ee00daf96143e0d1	bec100be5ca6ed56
1788609571552240989	0	500	phase_loop[311]	1788609569647763	9997	f90c0a01411f27e0	bec100be5ca6ed56
1788609571552240989	0	500	phase_loop[312]	1788609569657763	9999	b862a8efa0e73b1d	bec100be5ca6ed56
1788609571552240989	0	500	phase_loop[313]	1788609569667766	9982	d41eb45d3b2b95dd	bec100be5ca6ed56
1788609571552240989	0	500	phase_loop[314]	1788609569677765	9981	be6cbc534c96f1af	bec100be5ca6ed56
1788609571552240989	0	500	phase_loop[315]	1788609569687750	9988	957427957d5b8d54	bec100be5ca6ed56
1788609571552240989	0	500	phase_loop[316]	1788609569697752	10007	16bf0e23e7f1654a	bec100be5ca6ed56
1788609571552240989	0	500	phase_loop[317]	1788609569707764	9997	5bdf7f76f7abd134	bec100be5ca6ed56
1788609571552240989	0	500	phase_loop[318]	1788609569717765	9981	2c164cc54e933dd6	bec100be5ca6ed56
1788609571552240989	0	500	phase_loop[319]	1788609569727763	9986	d4666c94c4c83795	bec100be5ca6ed56
1788609571552240989	0	500	phase_loop[320]	1788609569737765	9983	2d15e7c502b81866	bec100be5ca6ed56
1788609571552240989	0	500	phase_loop[321]	1788609569747752	9995	e7be6c2984e20633	bec100be5ca6ed56
1788609571552240989	0	500	phase_loop[322]	1788609569757752	10009	317b3ae2148451ce	bec100be5ca6ed56
1788609571552240989	0	500	phase_loop[323]	1788609569767765	9994	de17bdd87883d9dc	bec100be5ca6ed56
1788609571552240989	0	500	phase_loop[324]	1788609569777763	9984	22c2f4d6028bf939	bec100be5ca6ed56
1788609571552240989	0	500	phase_loop[325]	1788609569787764	9985	c8802e121dbf921c	bec100be5ca6ed56
1788609571552240989	0	500	phase_loop[326]	1788609569797765	9983	c500c078aab00468	bec100be5ca6ed56
1788609571552240989	0	500	phase_loop[327]	1788609569807752	9994	e4dfec47a643fbfc	bec100be5ca6ed56
1788609571552240989	0	500	phase_loop[328]	1788609569817750	10008	c1ab919e5da9c2e9	bec100be5ca6ed56
1788609571552240989	0	500	phase_loop[329]	1788609569827763	10041	45bdefcffc6d23de	bec100be5ca6ed56
1788609571552240989	0	500	phase_loop[330]	1788609569837809	9937	56ab9052c26650d1	bec100be5ca6ed56
1788609571552240989	0	500	phase_loop[331]	1788609569847761	9987	12d8fd037204c5f8	bec100be5ca6ed56
1788609571552240989	0	500	phase_loop[332]	1788609569857764	9984	587c3dae31dade08	bec100be5ca6ed56
1788609571552240989	0	500	phase_loop[333]	1788609569867752	10008	12794925dbc417e9	bec100be5ca6ed56
1788609571552240989	0	500	phase_loop[334]	1788609569877764	9997	d082417ab9118219	bec100be5ca6ed56
1788609571552240989	0	500	phase_loop[335]	1788609569887766	9994	436f8d473bd3dba5	bec100be5ca6ed56
1788609571552240989	0	500	phase_loop[336]	1788609569897765	9983	882c46f5c0859667	bec100be5ca6ed56
1788609571552240989	0	500	phase_loop[337]	1788609569907765	9981	a8dacf71a0b75e24	bec100be5ca6ed56
1788609571552240989	0	500	phase_loop[338]	1788609569917760	9987	e6ee50f0b83b4363	bec100be5ca6ed56
1788609571552240989	0	500	phase_loop[339]	1788609569927752	10007	32f52a0dc6582368	bec100be5ca6ed56
1788609571552240989	0	500	phase_loop[340]	1788609569937763	9995	bedd0f336d3338e8	bec100be5ca6ed56
1788609571552240989	0	500	phase_loop[341]	1788609569947762	9996	afa21d267d0e0eed	bec100be5ca6ed56
1788609571552240989	0	500	phase_loop[342]	1788609569957763	9986	3ffd1b0c1c8a8017	bec100be5ca6ed56
1788609571552240989	0	500	phase_loop[343]	1788609569967766	9981	3ef847e84e79dd70	bec100be5ca6ed56
1788609571552240989	0	500	phase_loop[344]	1788609569977764	9982	f9803b86f7c2222b	bec100be5ca6ed56
1788609571552240989	0	500	phase_loop[345]	1788609569987750	10013	b9c2f5f98789d922	bec100be5ca6ed56
1788609571552240989	0	500	phase_loop[346]	1788609569997767	9993	27a44477da94f943	bec100be5ca6ed56
1788609571552240989	0	500	phase_loop[347]	1788609570007765	9981	850c08adcbe01ce5	bec100be5ca6ed56
1788609571552240989	0	500	phase_loop[348]	1788609570017763	9984	478fe13200f6e731	bec100be5ca6ed56
1788609571552240989	0	500	phase_loop[349]	1788609570027765	9983	b7bc7bde7b5ea423	bec100be5ca6ed56
1788609571552240989	0	500	phase_loop[350]	1788609570037752	9983	03d992d1cdeee1f1	bec100be5ca6ed56
1788609571552240989	0	500	phase_loop[351]	1788609570047751	10009	786f48e6216d0e8c	bec100be5ca6ed56
1788609571552240989	0	500	phase_loop[352]	1788609570057763	9995	10646a1985c584f3	bec100be5ca6ed56
1788609571552240989	0	500	phase_loop[353]	1788609570067763	9984	f006869ef29a65b0	bec100be5ca6ed56
1788609571552240989	0	500	phase_loop[354]	1788609570077764	9983	6a2ff8b5c6262d7b	bec100be5ca6ed56
1788609571552240989	0	500	phase_loop[355]	1788609570087762	9985	a0c290e658555a54	bec100be5ca6ed56
1788609571552240989	0	500	phase_loop[356]	1788609570097752	9995	ce37698672438036	bec100be5ca6ed56
1788609571552240989	0	500	phase_loop[357]	1788609570107752	10015	cf6bf0627e4fb1a6	bec100be5ca6ed56
1788609571552240989	0	500	phase_loop[358]	1788609570117772	9987	53e44d3ec6937423	bec100be5ca6ed56
1788609571552240989	0	500	phase_loop[359]	1788609570127764	9985	46cc9bd125cf8c3c	bec100be5ca6ed56
1788609571552240989	0	500	phase_loop[360]	1788609570137765	9980	6d502db777d5f6ae	bec100be5ca6ed56
1788609571552240989	0	500	phase_loop[361]	1788609570147759	9989	c12d75bcf9284ff7	bec100be5ca6ed56
1788609571552240989	0	500	phase_loop[362]	1788609570157752	10051	0623624a7c437c84	bec100be5ca6ed56
1788609571552240989	0	500	phase_loop[363]	1788609570167808	9953	75bb6cb4bb9a4f0a	bec100be5ca6ed56
1788609571552240989	0	500	phase_loop[364]	1788609570177766	9995	1d07a144883de8c3	bec100be5ca6ed56
1788609571552240989	0	500	phase_loop[365]	1788609570187765	9983	6d41f73622b1aed3	bec100be5ca6ed56
1788609571552240989	0	500	phase_loop[366]	1788609570197765	9983	56fbbca309042554	bec100be5ca6ed56
1788609571552240989	0	500	phase_loop[367]	1788609570207764	9981	472e9856bdee1097	bec100be5ca6ed56
1788609571552240989	0	500	phase_loop[368]	1788609570217749	10008	3d6b630d0286fc47	bec100be5ca6ed56
1788609571552240989	0	500	phase_loop[369]	1788609570227761	10007	6a1c4816309d36d2	bec100be5ca6ed56
1788609571552240989	0	500	phase_loop[370]	1788609570237773	9985	bf2b103be97c208b	bec100be5ca6ed56
1788609571552240989	0	500	phase_loop[371]	1788609570247762	9985	2287d6eb28f6f450	bec100be5ca6ed56
1788609571552240989	0	500	phase_loop[372]	1788609570257764	9983	1c612111533131f1	bec100be5ca6ed56
1788609571552240989	0	500	phase_loop[373]	1788609570267764	9983	d427b45f291162ab	bec100be5ca6ed56
1788609571552240989	0	500	phase_loop[374]	1788609570277751	10005	53783f79f98fa869	bec100be5ca6ed56
1788609571552240989	0	500	phase_loop[375]	1788609570287761	9997	5a6eee530dd1f5d9	bec100be5ca6ed56
1788609571552240989	0	500	phase_loop[376]	1788609570297763	9997	a2e79870f0d38c73	bec100be5ca6ed56
1788609571552240989	0	500	phase_loop[377]	1788609570307764	9983	99d6d17f262ac513	bec100be5ca6ed56
1788609571552240989	0	500	phase_loop[378]	1788609570317764	9984	5310cc502f706f88	bec100be5ca6ed56
1788609571552240989	0	500	phase_loop[379]	1788609570327752	9987	eb1b98d11e3b6a91	bec100be5ca6ed56
1788609571552240989	0	500	phase_loop[380]	1788609570337755	10014	cc278da44a6d2310	bec100be5ca6ed56
1788609571552240989	0	500	phase_loop[381]	1788609570347773	9988	c45adf1717061010	bec100be5ca6ed56
1788609571552240989	0	500	phase_loop[382]	1788609570357766	9982	d57f4bad99ae3a3b	bec100be5ca6ed56
1788609571552240989	0	500	phase_loop[383]	1788609570367764	9985	284f5d2cc4529e6e	bec100be5ca6ed56
1788609571552240989	0	500	phase_loop[384]	1788609570377765	9981	288f91e7122039d2	bec100be5ca6ed56
1788609571552240989	0	500	phase_loop[385]	1788609570387750	9998	8d9cbae552f3f8c0	bec100be5ca6ed56
1788609571552240989	0	500	phase_loop[386]	1788609570397753	10006	541d5faadb5c3ae5	bec100be5ca6ed56
1788609571552240989	0	500	phase_loop[387]	1788609570407764	9992	5049a9e3ca7eb4d1	bec100be5ca6ed56
1788609571552240989	0	500	phase_loop[388]	1788609570417759	9987	c10ee0b39371971a	bec100be5ca6ed56
1788609571552240989	0	500	phase_loop[389]	1788609570427762	9988	838c9ac54fb170ee	bec100be5ca6ed56
1788609571552240989	0	500	phase_loop[390]	1788609570437768	9981	f746bc6f6d4f9f2d	bec100be5ca6ed56
1788609571552240989	0	500	phase_loop[391]	1788609570447753	9997	af1f3d70e88f91f7	bec100be5ca6ed56
1788609571552240989	0	500	phase_loop[392]	1788609570457756	10014	74656c559b393a01	bec100be5ca6ed56
1788609571552240989	0	500	phase_loop[393]	1788609570467774	9988	c0f4e17a4399e016	bec100be5ca6ed56
1788609571552240989	0	500	phase_loop[394]	1788609570477766	9981	9995f6bc3d06415c	bec100be5ca6ed56
1788609571552240989	0	500	phase_loop[395]	1788609570487764	10032	15c5afd9c43925e3	bec100be5ca6ed56
1788609571552240989	0	500	phase_loop[396]	1788609570497816	9933	c1594b7753edc1a1	bec100be5ca6ed56
1788609571552240989	0	500	phase_loop[397]	1788609570507754	10014	46f4c28a3d043121	bec100be5ca6ed56
1788609571552240989	0	500	phase_loop[398]	1788609570517773	9988	ae1de5ed88e231d4	bec100be5ca6ed56
1788609571552240989	0	500	phase_loop[399]	1788609570527765	9995	0daac1c10e5c970c	bec100be5ca6ed56
1788609571552240989	0	500	phase_loop[400]	1788609570537764	9981	e8453fe7cf6edef4	bec100be5ca6ed56
1788609571552240989	0	500	phase_loop[401]	1788609570547760	9987	4807b767fdfca7ee	bec100be5ca6ed56
1788609571552240989	0	500	phase_loop[402]	1788609570557763	9985	ac6dca4b305fb591	bec100be5ca6ed56
1788609571552240989	0	500	phase_loop[403]	1788609570567752	10008	8198f16eb2ced91f	bec100be5ca6ed56
1788609571552240989	0	500	phase_loop[404]	1788609570577764	9992	5db1272528473a35	bec100be5ca6ed56
1788609571552240989	0	500	phase_loop[405]	1788609570587760	10000	afc6f6c9f223a9f0	bec100be5ca6ed56
1788609571552240989	0	500	phase_loop[406]	1788609570597764	9983	efe2e009bfd77a47	bec100be5ca6ed56
1788609571552240989	0	500	phase_loop[407]	1788609570607763	9984	15f12c7b20d4588f	bec100be5ca6ed56
1788609571552240989	0	500	phase_loop[408]	1788609570617763	9984	6671e3b9c2e64867	bec100be5ca6ed56
1788609571552240989	0	500	phase_loop[409]	1788609570627751	10011	b64bf4cd5aeab208	bec100be5ca6ed56
1788609571552240989	0	500	phase_loop[410]	1788609570637766	9990	dd982028ffe98e40	bec100be5ca6ed56
1788609571552240989	0	500	phase_loop[411]	1788609570647760	9988	c79dfdce0e98628b	bec100be5ca6ed56
1788609571552240989	0	500	phase_loop[412]	1788609570657764	9985	ca29facbfc9d7f4a	bec100be5ca6ed56
1788609571552240989	0	500	phase_loop[413]	1788609570667765	9983	2f06f5f71846b5c8	bec100be5ca6ed56
1788609571552240989	0	500	phase_loop[414]	1788609570677752	9983	8251cb64163d9380	bec100be5ca6ed56
1788609571552240989	0	500	phase_loop[415]	1788609570687751	10010	8c192bc494e399ac	bec100be5ca6ed56
1788609571552240989	0	500	phase_loop[416]	1788609570697765	9994	db37318b592af0a9	bec100be5ca6ed56
1788609571552240989	0	500	phase_loop[417]	1788609570707764	9982	3eea70ec5354b3c3	bec100be5ca6ed56
1788609571552240989	0	500	phase_loop[418]	1788609570717760	9987	bd86076e00278dee	bec100be5ca6ed56
1788609571552240989	0	500	phase_loop[419]	1788609570727762	9987	d3c056514337be06	bec100be5ca6ed56
1788609571552240989	0	500	phase_loop[420]	1788609570737753	9995	fae33ba59ac5fb97	bec100be5ca6ed56
1788609571552240989	0	500	phase_loop[421]	1788609570747753	10016	41c9a53b292da52f	bec100be5ca6ed56
1788609571552240989	0	500	phase_loop[422]	1788609570757774	9987	7767e50c519d166b	bec100be5ca6ed56
1788609571552240989	0	500	phase_loop[423]	1788609570767765	9980	e0984ec58f90d756	bec100be5ca6ed56
1788609571552240989	0	500	phase_loop[424]	1788609570777760	9988	cbab73ff45904924	bec100be5ca6ed56
1788609571552240989	0	500	phase_loop[425]	1788609570787763	9983	8443f7837b958e05	bec100be5ca6ed56
1788609571552240989	0	500	phase_loop[426]	1788609570797750	10006	a6f83f97c7ae44c4	bec100be5ca6ed56
1788609571552240989	0	500	phase_loop[427]	1788609570807760	10007	92c68964222e7c9a	bec100be5ca6ed56
1788609571552240989	0	500	phase_loop[428]	1788609570817772	10029	e53ba6aceacb636f	bec100be5ca6ed56
1788609571552240989	0	500	phase_loop[429]	1788609570827805	9943	039452dd5c1ef6e5	bec100be5ca6ed56
1788609571552240989	0	500	phase_loop[430]	1788609570837765	9982	909e599320026075	bec100be5ca6ed56
1788609571552240989	0	500	phase_loop[431]	1788609570847762	9988	4102127a6517bbbe	bec100be5ca6ed56
1788609571552240989	0	500	phase_loop[432]	1788609570857755	10015	6924162598f69059	bec100be5ca6ed56
1788609571552240989	0	500	phase_loop[433]	1788609570867775	9985	b2f9677f4dca928d	bec100be5ca6ed56
1788609571552240989	0	500	phase_loop[434]	1788609570877765	9990	9cc4ca3cc69b0f10	bec100be5ca6ed56
1788609571552240989	0	500	phase_loop[435]	1788609570887759	9989	1839778e96d73c7c	bec100be5ca6ed56
1788609571552240989	0	500	phase_loop[436]	1788609570897765	9982	a3199be976780bd1	bec100be5ca6ed56
1788609571552240989	0	500	phase_loop[437]	1788609570907764	9984	ce533fec04e95727	bec100be5ca6ed56
1788609571552240989	0	500	phase_loop[438]	1788609570917753	10015	d552a3daea2dc81b	bec100be5ca6ed56
1788609571552240989	0	500	phase_loop[439]	1788609570927772	9991	71eebf2a8fe7e999	bec100be5ca6ed56
1788609571552240989	0	500	phase_loop[440]	1788609570937767	9991	34bbe3ce676d9074	bec100be5ca6ed56
1788609571552240989	0	500	phase_loop[441]	1788609570947763	9985	79e5340d344fb001	bec100be5ca6ed56
1788609571552240989	0	500	phase_loop[442]	1788609570957764	9984	3c233b5965343841	bec100be5ca6ed56
1788609571552240989	0	500	phase_loop[443]	1788609570967752	9985	2bd5f3f9663f9159	bec100be5ca6ed56
1788609571552240989	0	500	phase_loop[444]	1788609570977753	10013	de28ff0ff8c78d9a	bec100be5ca6ed56
1788609571552240989	0	500	phase_loop[445]	1788609570987771	9991	e78be77890aa77c2	bec100be5ca6ed56
1788609571552240989	0	500	phase_loop[446]	1788609570997766	9981	58afef9597b1f123	bec100be5ca6ed56
1788609571552240989	0	500	phase_loop[447]	1788609571007763	9983	8b99d8b516763869	bec100be5ca6ed56
1788609571552240989	0	500	phase_loop[448]	1788609571017762	9986	dbe6da0f371d0a47	bec100be5ca6ed56
1788609571552240989	0	500	phase_loop[449]	1788609571027752	9996	5ef75ce0248586e4	bec100be5ca6ed56
1788609571552240989	0	500	phase_loop[450]	1788609571037753	10006	de06ad3ff25004f9	bec100be5ca6ed56
1788609571552240989	0	500	phase_loop[451]	1788609571047763	9999	94398b3b16de0d80	bec100be5ca6ed56
1788609571552240989	0	500	phase_loop[452]	1788609571057766	9981	41ae0b27a8eee90d	bec100be5ca6ed56
1788609571552240989	0	500	phase_loop[453]	1788609571067764	9984	523fb0355b85fa8a	bec100be5ca6ed56
1788609571552240989	0	500	phase_loop[454]	1788609571077764	9983	f9c757487efd0349	bec100be5ca6ed56
1788609571552240989	0	500	phase_loop[455]	1788609571087752	9996	35905bb43caf6e62	bec100be5ca6ed56
1788609571552240989	0	500	phase_loop[456]	1788609571097753	10006	9b85f695aee08658	bec100be5ca6ed56
1788609571552240989	0	500	phase_loop[457]	1788609571107763	9992	5b62e24f7817be88	bec100be5ca6ed56
1788609571552240989	0	500	phase_loop[458]	1788609571117759	9989	dc2e5e91f15a60c7	bec100be5ca6ed56
1788609571552240989	0	500	phase_loop[459]	1788609571127764	9982	b9c310dd2db8ba02	bec100be5ca6ed56
1788609571552240989	0	500	phase_loop[460]	1788609571137762	9986	023111e61f0c15c3	bec100be5ca6ed56
1788609571552240989	0	500	phase_loop[461]	1788609571147752	10058	0a42f1fa903b69a7	bec100be5ca6ed56
1788609571552240989	0	500	phase_loop[462]	1788609571157815	9947	463a934554f441f4	bec100be5ca6ed56
1788609571552240989	0	500	phase_loop[463]	1788609571167766	9991	24281411a8f55e74	bec100be5ca6ed56
1788609571552240989	0	500	phase_loop[464]	1788609571177762	9983	bad256a012553e46	bec100be5ca6ed56
1788609571552240989	0	500	phase_loop[465]	1788609571187760	9997	96de813bad29d8dd	bec100be5ca6ed56
1788609571552240989	0	500	phase_loop[466]	1788609571197772	9975	746f79b6d8c8e909	bec100be5ca6ed56
1788609571552240989	0	500	phase_loop[467]	1788609571207752	10009	cf6a971e7014af71	bec100be5ca6ed56
1788609571552240989	0	500	phase_loop[468]	1788609571217765	9994	4257279de859a8f3	bec100be5ca6ed56
1788609571552240989	0	500	phase_loop[469]	1788609571227763	10005	7d4f4d97195a083a	bec100be5ca6ed56
1788609571552240989	0	500	phase_loop[470]	1788609571237773	9972	7979963af5772e52	bec100be5ca6ed56
1788609571552240989	0	500	phase_loop[471]	1788609571247760	9988	57a184bac0a8f90e	bec100be5ca6ed56
1788609571552240989	0	500	phase_loop[472]	1788609571257764	9984	5597a5f95652e6e7	bec100be5ca6ed56
1788609571552240989	0	500	phase_loop[473]	1788609571267753	10008	5a1ccd8339c24fb8	bec100be5ca6ed56
1788609571552240989	0	500	phase_loop[474]	1788609571277766	9990	4bea6688e011ee1b	bec100be5ca6ed56
1788609571552240989	0	500	phase_loop[475]	1788609571287760	9987	12b734ede3ece0fe	bec100be5ca6ed56
1788609571552240989	0	500	phase_loop[476]	1788609571297764	9984	62725d67bb1c2ff1	bec100be5ca6ed56
1788609571552240989	0	500	phase_loop[477]	1788609571307763	9983	c2afcebdf8b73ba4	bec100be5ca6ed56
1788609571552240989	0	500	phase_loop[478]	1788609571317750	9987	4c6fb2e773f6e110	bec100be5ca6ed56
1788609571552240989	0	500	phase_loop[479]	1788609571327751	10008	e555c1bd50568770	bec100be5ca6ed56
1788609571552240989	0	500	phase_loop[480]	1788609571337764	9994	7db736f3dc9cb924	bec100be5ca6ed56
1788609571552240989	0	500	phase_loop[481]	1788609571347762	9987	e600e92b645955fc	bec100be5ca6ed56
1788609571552240989	0	500	phase_loop[482]	1788609571357766	9983	1e81bf1b9ca51962	bec100be5ca6ed56
1788609571552240989	0	500	phase_loop[483]	1788609571367765	9983	920323d3ef69ba17	bec100be5ca6ed56
1788609571552240989	0	500	phase_loop[484]	1788609571377752	9994	77a5f8f089a49217	bec100be5ca6ed56
1788609571552240989	0	500	phase_loop[485]	1788609571387750	10011	98ed44bfc7e1c5f7	bec100be5ca6ed56
1788609571552240989	0	500	phase_loop[486]	1788609571397765	9994	c368fa442ecb498b	bec100be5ca6ed56
1788609571552240989	0	500	phase_loop[487]	1788609571407763	9983	78b3be37f28fa377	bec100be5ca6ed56
1788609571552240989	0	500	phase_loop[488]	1788609571417759	9989	99736160e2702e45	bec100be5ca6ed56
1788609571552240989	0	500	phase_loop[489]	1788609571427764	9983	a71a1f71dec1aec2	bec100be5ca6ed56
1788609571552240989	0	500	phase_loop[490]	1788609571437751	10009	4455b2d368f2af30	bec100be5ca6ed56
1788609571552240989	0	500	phase_loop[491]	1788609571447765	9998	1aaf9cbd4af1c75e	bec100be5ca6ed56
1788609571552240989	0	500	phase_loop[492]	1788609571457767	9992	abdb599e91bd9d63	bec100be5ca6ed56
1788609571552240989	0	500	phase_loop[493]	1788609571467763	9984	74649b7239bd3a5f	bec100be5ca6ed56
1788609571552240989	0	500	phase_loop[494]	1788609571477762	10025	01d8f2fcaf834df4	bec100be5ca6ed56
1788609571552240989	0	500	phase_loop[495]	1788609571487806	9943	85c42a59b9f5cbaf	bec100be5ca6ed56
1788609571552240989	0	500	phase_loop[496]	1788609571497754	10008	437d1cf313f57fa3	bec100be5ca6ed56
1788609571552240989	0	500	phase_loop[497]	1788609571507766	9993	9cf7e2ee55a007d0	bec100be5ca6ed56
1788609571552240989	0	500	phase_loop[498]	1788609571517763	9997	770b1d5069c27cc2	bec100be5ca6ed56
1788609571561084078	1	2	phase_loop[499]	1788609571527764	9984	5796da0708ae7dc7	bec100be5ca6ed56
1788609571561084078	1	2	phase_loop[500]	1788609571537754	10002	e982525243a058c9	bec100be5ca6ed56
1788609571563167324	2	1	phase_loop[501]	1788609571547760	9994	688bae3cde69e50d	bec100be5ca6ed56
1788609576548786974	3	498	phase_loop[502]	1788609571557760	9991	dc363f5627ce5766	bec100be5ca6ed56
1788609576548786974	3	498	phase_loop[503]	1788609571567756	9998	a51cec8cc5c9d21b	bec100be5ca6ed56
1788609576548786974	3	498	phase_loop[504]	1788609571577759	9987	1f8089297f4666a9	bec100be5ca6ed56
1788609576548786974	3	498	phase_loop[505]	1788609571587750	9998	62a7603c3c375928	bec100be5ca6ed56
1788609576548786974	3	498	phase_loop[506]	1788609571597753	9996	71cbe4816b3c88c0	bec100be5ca6ed56
1788609576548786974	3	498	phase_loop[507]	1788609571607753	9992	3d0a5fa182f3107a	bec100be5ca6ed56
1788609576548786974	3	498	phase_loop[508]	1788609571617749	10000	d4ceb7c190efc5ef	bec100be5ca6ed56
1788609576548786974	3	498	phase_loop[509]	1788609571627752	9995	4c9edc0af2f90755	bec100be5ca6ed56
1788609576548786974	3	498	phase_loop[510]	1788609571637752	9996	776bf1b114b2e03c	bec100be5ca6ed56
1788609576548786974	3	498	phase_loop[511]	1788609571647752	9999	055521c3a078d3e0	bec100be5ca6ed56
1788609576548786974	3	498	phase_loop[512]	1788609571657756	9999	7b6466ebdfb14b5a	bec100be5ca6ed56
1788609576548786974	3	498	phase_loop[513]	1788609571667760	9995	49e84bbaf08fd9e9	bec100be5ca6ed56
1788609576548786974	3	498	phase_loop[514]	1788609571677759	9988	635cd115d3435b7f	bec100be5ca6ed56
1788609576548786974	3	498	phase_loop[515]	1788609571687751	9997	0daf62eab1e2d69d	bec100be5ca6ed56
1788609576548786974	3	498	phase_loop[516]	1788609571697753	9995	3bd908f84b9026f6	bec100be5ca6ed56
1788609576548786974	3	498	phase_loop[517]	1788609571707751	9996	77e8a56e46f3440f	bec100be5ca6ed56
1788609576548786974	3	498	phase_loop[518]	1788609571717751	9997	ec112ccaa45c1a33	bec100be5ca6ed56
1788609576548786974	3	498	phase_loop[519]	1788609571727753	9996	71fd6fc83f641e87	bec100be5ca6ed56
1788609576548786974	3	498	phase_loop[520]	1788609571737753	10003	44cc48163bec5a02	bec100be5ca6ed56
1788609576548786974	3	498	phase_loop[521]	1788609571747760	9990	01a675f535cb215b	bec100be5ca6ed56
1788609576548786974	3	498	phase_loop[522]	1788609571757754	10001	5e23eaf1c534437f	bec100be5ca6ed56
1788609576548786974	3	498	phase_loop[523]	1788609571767760	9987	59a302b21527a87f	bec100be5ca6ed56
1788609576548786974	3	498	phase_loop[524]	1788609571777752	9994	a8bc274103091ca3	bec100be5ca6ed56
1788609576548786974	3	498	phase_loop[525]	1788609571787750	9998	817a0bb82de21a9f	bec100be5ca6ed56
1788609576548786974	3	498	phase_loop[526]	1788609571797753	9996	ad8f899ae0349f7e	bec100be5ca6ed56
1788609576548786974	3	498	phase_loop[527]	1788609571807753	10035	e0d1d2edfbb068c8	bec100be5ca6ed56
1788609576548786974	3	498	phase_loop[528]	1788609571817794	9956	d741147241456bda	bec100be5ca6ed56
1788609576548786974	3	498	phase_loop[529]	1788609571827754	9995	293fc8f10b9c0990	bec100be5ca6ed56
1788609576548786974	3	498	phase_loop[530]	1788609571837754	9992	1fbf5ebb7e86d914	bec100be5ca6ed56
1788609576548786974	3	498	phase_loop[531]	1788609571847750	9999	afd164c2be13cb86	bec100be5ca6ed56
1788609576548786974	3	498	phase_loop[532]	1788609571857753	9994	1c8fc3e7f28c8f28	bec100be5ca6ed56
1788609576548786974	3	498	phase_loop[533]	1788609571867751	9995	71e75a1352cc5db5	bec100be5ca6ed56
1788609576548786974	3	498	phase_loop[534]	1788609571877751	9995	8907b85c24815a05	bec100be5ca6ed56
1788609576548786974	3	498	phase_loop[535]	1788609571887750	9996	ab3c07f6425cf6f8	bec100be5ca6ed56
1788609576548786974	3	498	phase_loop[536]	1788609571897750	9997	b4d5740fb78f6963	bec100be5ca6ed56
1788609576548786974	3	498	phase_loop[537]	1788609571907752	9994	aa582a0f33a3e68b	bec100be5ca6ed56
1788609576548786974	3	498	phase_loop[538]	1788609571917751	9997	30b4fbd36c5ec544	bec100be5ca6ed56
1788609576548786974	3	498	phase_loop[539]	1788609571927752	9997	8a9ca945bb3767a3	bec100be5ca6ed56
1788609576548786974	3	498	phase_loop[540]	1788609571937754	10002	99539a2376200825	bec100be5ca6ed56
1788609576548786974	3	498	phase_loop[541]	1788609571947760	9987	6d29a1e81e37bee7	bec100be5ca6ed56
1788609576548786974	3	498	phase_loop[542]	1788609571957751	9997	69c1d8476e56a8d7	bec100be5ca6ed56
1788609576548786974	3	498	phase_loop[543]	1788609571967752	9995	dd0cad25bbe8657f	bec100be5ca6ed56
1788609576548786974	3	498	phase_loop[544]	1788609571977751	9995	f90d3335ea97916f	bec100be5ca6ed56
1788609576548786974	3	498	phase_loop[545]	1788609571987750	9997	d0850173aab598d1	bec100be5ca6ed56
1788609576548786974	3	498	phase_loop[546]	1788609571997752	9996	31aff17017b9ec18	bec100be5ca6ed56
1788609576548786974	3	498	phase_loop[547]	1788609572007752	9994	12c21ad1c63e2c90	bec100be5ca6ed56
1788609576548786974	3	498	phase_loop[548]	1788609572017750	9996	9ec9909574ce170b	bec100be5ca6ed56
1788609576548786974	3	498	phase_loop[549]	1788609572027750	9999	ac02bec9a414931f	bec100be5ca6ed56
1788609576548786974	3	498	phase_loop[550]	1788609572037754	10002	bcaf8f7f152a4257	bec100be5ca6ed56
1788609576548786974	3	498	phase_loop[551]	1788609572047760	9989	f1832f83741e52a3	bec100be5ca6ed56
1788609576548786974	3	498	phase_loop[552]	1788609572057755	10001	c6aa973b1816d057	bec100be5ca6ed56
1788609576548786974	3	498	phase_loop[553]	1788609572067761	9994	6067c23c6718bc6a	bec100be5ca6ed56
1788609576548786974	3	498	phase_loop[554]	1788609572077761	9988	d886db384e104617	bec100be5ca6ed56
1788609576548786974	3	498	phase_loop[555]	1788609572087752	9997	52dbe37e99456b41	bec100be5ca6ed56
1788609576548786974	3	498	phase_loop[556]	1788609572097754	9994	03dd96b9b8e74185	bec100be5ca6ed56
1788609576548786974	3	498	phase_loop[557]	1788609572107751	9994	707e686afa3c976f	bec100be5ca6ed56
1788609576548786974	3	498	phase_loop[558]	1788609572117750	9997	f67b2193492eaace	bec100be5ca6ed56
1788609576548786974	3	498	phase_loop[559]	1788609572127751	9997	62968b5ce2a21de4	bec100be5ca6ed56
1788609576548786974	3	498	phase_loop[560]	1788609572137752	10031	59b6e0cda9ea2ae9	bec100be5ca6ed56
1788609576548786974	3	498	phase_loop[561]	1788609572147787	9961	70ca77097637ff81	bec100be5ca6ed56
1788609576548786974	3	498	phase_loop[562]	1788609572157753	9996	fe8a6a3ff07beb3f	bec100be5ca6ed56
1788609576548786974	3	498	phase_loop[563]	1788609572167753	9995	98733cf8bc25ed82	bec100be5ca6ed56
1788609576548786974	3	498	phase_loop[564]	1788609572177754	9992	0d989e8aa092a13a	bec100be5ca6ed56
1788609576548786974	3	498	phase_loop[565]	1788609572187750	9998	4a3e6d9e3e7d3055	bec100be5ca6ed56
1788609576548786974	3	498	phase_loop[566]	1788609572197752	9994	1259d2be2af5c7ca	bec100be5ca6ed56
1788609576548786974	3	498	phase_loop[567]	1788609572207751	9996	2a5f0cbd0e64e88f	bec100be5ca6ed56
1788609576548786974	3	498	phase_loop[568]	1788609572217750	9996	1ede6b8986e7bf4f	bec100be5ca6ed56
1788609576548786974	3	498	phase_loop[569]	1788609572227750	9996	dc85665cb82ef9b8	bec100be5ca6ed56
1788609576548786974	3	498	phase_loop[570]	1788609572237751	9995	5d0fa8922792fe23	bec100be5ca6ed56
1788609576548786974	3	498	phase_loop[571]	1788609572247750	9998	7068ab396662d3c6	bec100be5ca6ed56
1788609576548786974	3	498	phase_loop[572]	1788609572257752	9996	5d2683eca4075eae	bec100be5ca6ed56
1788609576548786974	3	498	phase_loop[573]	1788609572267752	9995	84f248a049d1a912	bec100be5ca6ed56
1788609576548786974	3	498	phase_loop[574]	1788609572277752	9994	3839caafffbc71b6	bec100be5ca6ed56
1788609576548786974	3	498	phase_loop[575]	1788609572287751	9998	3c1949260bcaf7c9	bec100be5ca6ed56
1788609576548786974	3	498	phase_loop[576]	1788609572297755	9993	50949a159a0f9e93	bec100be5ca6ed56
1788609576548786974	3	498	phase_loop[577]	1788609572307752	9995	7c9324f4f9a4b6cb	bec100be5ca6ed56
1788609576548786974	3	498	phase_loop[578]	1788609572317751	9995	1df00ed9317a0f83	bec100be5ca6ed56
1788609576548786974	3	498	phase_loop[579]	1788609572327751	9997	5ef365fd75e75e44	bec100be5ca6ed56
1788609576548786974	3	498	phase_loop[580]	1788609572337752	9995	c4ed4134f7c33aa8	bec100be5ca6ed56
1788609576548786974	3	498	phase_loop[581]	1788609572347751	9995	e00ccd90f0dee228	bec100be5ca6ed56
1788609576548786974	3	498	phase_loop[582]	1788609572357750	9997	57783a84306c5384	bec100be5ca6ed56
1788609576548786974	3	498	phase_loop[583]	1788609572367751	10000	ff96eca7290409e4	bec100be5ca6ed56
1788609576548786974	3	498	phase_loop[584]	1788609572377756	10000	e2cf4b58e8b76347	bec100be5ca6ed56
1788609576548786974	3	498	phase_loop[585]	1788609572387760	9989	d4460e0ffd8e3e80	bec100be5ca6ed56
1788609576548786974	3	498	phase_loop[586]	1788609572397753	9996	76cf1e3c8ad22e45	bec100be5ca6ed56
1788609576548786974	3	498	phase_loop[587]	1788609572407753	10001	4acc643fc0ad663e	bec100be5ca6ed56
1788609576548786974	3	498	phase_loop[588]	1788609572417758	9989	5a1aa22d97d60936	bec100be5ca6ed56
1788609576548786974	3	498	phase_loop[589]	1788609572427751	9998	97de6189148bc3d7	bec100be5ca6ed56
1788609576548786974	3	498	phase_loop[590]	1788609572437753	9995	b9005056ac6e10e6	bec100be5ca6ed56
1788609576548786974	3	498	phase_loop[591]	1788609572447752	9996	2972a8e582e90798	bec100be5ca6ed56
1788609576548786974	3	498	phase_loop[592]	1788609572457752	9996	eb399c29fcdcdb8b	bec100be5ca6ed56
1788609576548786974	3	498	phase_loop[593]	1788609572467752	10031	9209bd18d5d2683a	bec100be5ca6ed56
1788609576548786974	3	498	phase_loop[594]	1788609572477788	9958	f731ee64ceaeb92c	bec100be5ca6ed56
1788609576548786974	3	498	phase_loop[595]	1788609572487750	10000	6eede2397c4fd470	bec100be5ca6ed56
1788609576548786974	3	498	phase_loop[596]	1788609572497754	9994	acec74b521328fbb	bec100be5ca6ed56
1788609576548786974	3	498	phase_loop[597]	1788609572507752	9996	55b0c23d127c9f0b	bec100be5ca6ed56
1788609576548786974	3	498	phase_loop[598]	1788609572517753	9995	1f839a9914aaf646	bec100be5ca6ed56
1788609576548786974	3	498	phase_loop[599]	1788609572527752	9995	423dc282ff083d34	bec100be5ca6ed56
1788609576548786974	3	498	phase_loop[600]	1788609572537752	9993	3475918553b3d109	bec100be5ca6ed56
1788609576548786974	3	498	phase_loop[601]	1788609572547749	10001	32ea8ba4bf367055	bec100be5ca6ed56
1788609576548786974	3	498	phase_loop[602]	1788609572557755	9995	2d9c37542f80bbfd	bec100be5ca6ed56
1788609576548786974	3	498	phase_loop[603]	1788609572567754	10002	c30e3b5650fa5d48	bec100be5ca6ed56
1788609576548786974	3	498	phase_loop[604]	1788609572577761	9986	740da9056c443893	bec100be5ca6ed56
1788609576548786974	3	498	phase_loop[605]	1788609572587752	9996	ddeb6a6ba2a72e13	bec100be5ca6ed56
1788609576548786974	3	498	phase_loop[606]	1788609572597752	9996	33ca098e30a0f739	bec100be5ca6ed56
1788609576548786974	3	498	phase_loop[607]	1788609572607752	9994	6e06f0d0d76d86d5	bec100be5ca6ed56
1788609576548786974	3	498	phase_loop[608]	1788609572617750	9995	42ea3b6d1a1c1ca4	bec100be5ca6ed56
1788609576548786974	3	498	phase_loop[609]	1788609572627750	9997	46edf6f3fa379daa	bec100be5ca6ed56
1788609576548786974	3	498	phase_loop[610]	1788609572637751	9996	b19ff40d9eb23814	bec100be5ca6ed56
1788609576548786974	3	498	phase_loop[611]	1788609572647751	9998	1e446b4c41c32194	bec100be5ca6ed56
1788609576548786974	3	498	phase_loop[612]	1788609572657754	9993	6e9fd48eadf3df38	bec100be5ca6ed56
1788609576548786974	3	498	phase_loop[613]	1788609572667751	9996	4603d4833461d885	bec100be5ca6ed56
1788609576548786974	3	498	phase_loop[614]	1788609572677752	9996	6f19c6ed58b13f22	bec100be5ca6ed56
1788609576548786974	3	498	phase_loop[615]	1788609572687752	9997	e5d0b36fbc7ba475	bec100be5ca6ed56
1788609576548786974	3	498	phase_loop[616]	1788609572697753	9996	db51ce4adf2eeb97	bec100be5ca6ed56
1788609576548786974	3	498	phase_loop[617]	1788609572707752	9993	babe8b91fd5a7ef4	bec100be5ca6ed56
1788609576548786974	3	498	phase_loop[618]	1788609572717751	9996	82718019f9b0efeb	bec100be5ca6ed56
1788609576548786974	3	498	phase_loop[619]	1788609572727751	9998	acd775444fd5c878	bec100be5ca6ed56
1788609576548786974	3	498	phase_loop[620]	1788609572737753	10002	42d6c9137ca53c02	bec100be5ca6ed56
1788609576548786974	3	498	phase_loop[621]	1788609572747759	9990	50ea8335d05cd9e0	bec100be5ca6ed56
1788609576548786974	3	498	phase_loop[622]	1788609572757754	9995	065bbfbae5db9ea0	bec100be5ca6ed56
1788609576548786974	3	498	phase_loop[623]	1788609572767753	9994	8d74111adfbdec97	bec100be5ca6ed56
1788609576548786974	3	498	phase_loop[624]	1788609572777751	9996	1901a4c96ff72e14	bec100be5ca6ed56
1788609576548786974	3	498	phase_loop[625]	1788609572787751	9998	1d53658bed14cf6b	bec100be5ca6ed56
1788609576548786974	3	498	phase_loop[626]	1788609572797753	10033	dbe45407b7593b8f	bec100be5ca6ed56
1788609576548786974	3	498	phase_loop[627]	1788609572807791	9957	1b2e7f4f090636ac	bec100be5ca6ed56
1788609576548786974	3	498	phase_loop[628]	1788609572817753	9995	b88c102cc7577ec8	bec100be5ca6ed56
1788609576548786974	3	498	phase_loop[629]	1788609572827753	9995	91ada82640787018	bec100be5ca6ed56
1788609576548786974	3	498	phase_loop[630]	1788609572837753	9993	65d8ffb1504e5c6b	bec100be5ca6ed56
1788609576548786974	3	498	phase_loop[631]	1788609572847749	10000	a6b3378fd515e072	bec100be5ca6ed56
1788609576548786974	3	498	phase_loop[632]	1788609572857754	10003	2672d21e9b09abee	bec100be5ca6ed56
1788609576548786974	3	498	phase_loop[633]	1788609572867761	9986	75a4cc5791df958e	bec100be5ca6ed56
1788609576548786974	3	498	phase_loop[634]	1788609572877753	9993	c4107134f00578d2	bec100be5ca6ed56
1788609576548786974	3	498	phase_loop[635]	1788609572887750	9998	c1d1947c2741160a	bec100be5ca6ed56
1788609576548786974	3	498	phase_loop[636]	1788609572897752	9996	c577cffaa72a431f	bec100be5ca6ed56
1788609576548786974	3	498	phase_loop[637]	1788609572907751	10002	19dcc98ecd5eecc2	bec100be5ca6ed56
1788609576548786974	3	498	phase_loop[638]	1788609572917758	9989	32e7b70101a2a3cf	bec100be5ca6ed56
1788609576548786974	3	498	phase_loop[639]	1788609572927751	9996	153ad82939ec6e33	bec100be5ca6ed56
1788609576548786974	3	498	phase_loop[640]	1788609572937752	9995	7c6d5debe2434864	bec100be5ca6ed56
1788609576548786974	3	498	phase_loop[641]	1788609572947750	9999	c10ca9d969316ecd	bec100be5ca6ed56
1788609576548786974	3	498	phase_loop[642]	1788609572957753	9997	e61f63bdc0658f5a	bec100be5ca6ed56
1788609576548786974	3	498	phase_loop[643]	1788609572967754	10002	bca5c9bea0c513a0	bec100be5ca6ed56
1788609576548786974	3	498	phase_loop[644]	1788609572977761	9988	a9cb1e5bd9efdc24	bec100be5ca6ed56
1788609576548786974	3	498	phase_loop[645]	1788609572987754	10002	25e7f8e49da42876	bec100be5ca6ed56
1788609576548786974	3	498	phase_loop[646]	1788609572997760	9996	1bddf8620fa0f94b	bec100be5ca6ed56
1788609576548786974	3	498	phase_loop[647]	1788609573007759	9988	e845efacb492d106	bec100be5ca6ed56
1788609576548786974	3	498	phase_loop[648]	1788609573017752	9995	92c120492885a9c2	bec100be5ca6ed56
1788609576548786974	3	498	phase_loop[649]	1788609573027751	9997	056aac98bb94a0f6	bec100be5ca6ed56
1788609576548786974	3	498	phase_loop[650]	1788609573037752	10003	90fd6499e3f60fc0	bec100be5ca6ed56
1788609576548786974	3	498	phase_loop[651]	1788609573047760	9990	b20afc598c40c36b	bec100be5ca6ed56
1788609576548786974	3	498	phase_loop[652]	1788609573057754	9999	d621970558b65e1a	bec100be5ca6ed56
1788609576548786974	3	498	phase_loop[653]	1788609573067758	9989	4afef4b6dda0ac60	bec100be5ca6ed56
1788609576548786974	3	498	phase_loop[654]	1788609573077751	9994	699691e24a194932	bec100be5ca6ed56
1788609576548786974	3	498	phase_loop[655]	1788609573087749	9999	52cbb5bf980b675e	bec100be5ca6ed56
1788609576548786974	3	498	phase_loop[656]	1788609573097752	9996	d4d898246ccb8ac1	bec100be5ca6ed56
1788609576548786974	3	498	phase_loop[657]	1788609573107753	9995	d81df791dbb9838f	bec100be5ca6ed56
1788609576548786974	3	498	phase_loop[658]	1788609573117752	9996	87db66d8b105ef17	bec100be5ca6ed56
1788609576548786974	3	498	phase_loop[659]	1788609573127751	10035	f142c2897bb314ba	bec100be5ca6ed56
1788609576548786974	3	498	phase_loop[660]	1788609573137792	9955	30183f672a3b9879	bec100be5ca6ed56
1788609576548786974	3	498	phase_loop[661]	1788609573147750	10001	0a2e5c4df3c1cefd	bec100be5ca6ed56
1788609576548786974	3	498	phase_loop[662]	1788609573157755	9992	5ada8c33351d6ae9	bec100be5ca6ed56
1788609576548786974	3	498	phase_loop[663]	1788609573167752	9996	ef20bb4b3a0f39f5	bec100be5ca6ed56
1788609576548786974	3	498	phase_loop[664]	1788609573177753	9993	e302baed09f7685e	bec100be5ca6ed56
1788609576548786974	3	498	phase_loop[665]	1788609573187751	9997	8581ae6f14d25d0c	bec100be5ca6ed56
1788609576548786974	3	498	phase_loop[666]	1788609573197752	9996	8f2f0a496918ea30	bec100be5ca6ed56
1788609576548786974	3	498	phase_loop[667]	1788609573207752	10001	2b9da2044a2d6416	bec100be5ca6ed56
1788609576548786974	3	498	phase_loop[668]	1788609573217758	9989	ba5b231fe79a9d31	bec100be5ca6ed56
1788609576548786974	3	498	phase_loop[669]	1788609573227751	9996	04c5dce020023c7e	bec100be5ca6ed56
1788609576548786974	3	498	phase_loop[670]	1788609573237753	9993	ab91645b01340fd8	bec100be5ca6ed56
1788609576548786974	3	498	phase_loop[671]	1788609573247750	9999	447d5fbbbb684369	bec100be5ca6ed56
1788609576548786974	3	498	phase_loop[672]	1788609573257754	9995	16b5663a22910a8e	bec100be5ca6ed56
1788609576548786974	3	498	phase_loop[673]	1788609573267753	9994	7f2b324cace4ecca	bec100be5ca6ed56
1788609576548786974	3	498	phase_loop[674]	1788609573277751	9995	c76cb6ea4386ffcd	bec100be5ca6ed56
1788609576548786974	3	498	phase_loop[675]	1788609573287751	9998	28187bfe116fec48	bec100be5ca6ed56
1788609576548786974	3	498	phase_loop[676]	1788609573297754	9994	4054e061b80df658	bec100be5ca6ed56
1788609576548786974	3	498	phase_loop[677]	1788609573307752	9994	f0d85038019c0ab9	bec100be5ca6ed56
1788609576548786974	3	498	phase_loop[678]	1788609573317750	9998	52c232bba7a3e703	bec100be5ca6ed56
1788609576548786974	3	498	phase_loop[679]	1788609573327752	9996	58abdaa0b358794a	bec100be5ca6ed56
1788609576548786974	3	498	phase_loop[680]	1788609573337753	9994	e702b7df54ffb37a	bec100be5ca6ed56
1788609576548786974	3	498	phase_loop[681]	1788609573347751	9997	a9ae9d739c0ff28d	bec100be5ca6ed56
1788609576548786974	3	498	phase_loop[682]	1788609573357752	9996	db2c712b3b3bae7c	bec100be5ca6ed56
1788609576548786974	3	498	phase_loop[683]	1788609573367751	9996	cc6ce09512cbf540	bec100be5ca6ed56
1788609576548786974	3	498	phase_loop[684]	1788609573377752	9995	5147eb7c33eedd26	bec100be5ca6ed56
1788609576548786974	3	498	phase_loop[685]	1788609573387751	9998	1952f213386d316f	bec100be5ca6ed56
1788609576548786974	3	498	phase_loop[686]	1788609573397753	9995	033e4631257d994e	bec100be5ca6ed56
1788609576548786974	3	498	phase_loop[687]	1788609573407751	9995	592361b44ca57163	bec100be5ca6ed56
1788609576548786974	3	498	phase_loop[688]	1788609573417751	9996	b6f58ecc3f6c80a1	bec100be5ca6ed56
1788609576548786974	3	498	phase_loop[689]	1788609573427751	9995	279dfb8c0a4db5e2	bec100be5ca6ed56
1788609576548786974	3	498	phase_loop[690]	1788609573437753	9996	1e9e7479785ccf60	bec100be5ca6ed56
1788609576548786974	3	498	phase_loop[691]	1788609573447753	9994	956200cc1f8ae0f2	bec100be5ca6ed56
1788609576548786974	3	498	phase_loop[692]	1788609573457752	10029	c098e34a5185d54d	bec100be5ca6ed56
1788609576548786974	3	498	phase_loop[693]	1788609573467785	9963	5a935036db09e36a	bec100be5ca6ed56
1788609576548786974	3	498	phase_loop[694]	1788609573477752	9996	3d27efcad40ce075	bec100be5ca6ed56
1788609576548786974	3	498	phase_loop[695]	1788609573487753	9995	c7916f14ea09a218	bec100be5ca6ed56
1788609576548786974	3	498	phase_loop[696]	1788609573497752	9996	4aa1fb8d5f7ea4ed	bec100be5ca6ed56
1788609576548786974	3	498	phase_loop[697]	1788609573507752	9994	64f0046317a50400	bec100be5ca6ed56
1788609576548786974	3	498	phase_loop[698]	1788609573517751	9996	2aa23ee50534a7e2	bec100be5ca6ed56
1788609576548786974	3	498	phase_loop[699]	1788609573527752	9995	39e9a90021d86e59	bec100be5ca6ed56
1788609576548786974	3	498	phase_loop[700]	1788609573537751	9995	aec6178f5728b577	bec100be5ca6ed56
1788609576548786974	3	498	phase_loop[701]	1788609573547750	10002	727df223c1e1c6ec	bec100be5ca6ed56
1788609576548786974	3	498	phase_loop[702]	1788609573557758	9998	ed1a5d735ff3d730	bec100be5ca6ed56
1788609576548786974	3	498	phase_loop[703]	1788609573567760	9988	3196b402b9027f64	bec100be5ca6ed56
1788609576548786974	3	498	phase_loop[704]	1788609573577752	9994	9b21f1314814edc3	bec100be5ca6ed56
1788609576548786974	3	498	phase_loop[705]	1788609573587751	9997	598e886abaabee0a	bec100be5ca6ed56
1788609576548786974	3	498	phase_loop[706]	1788609573597752	9997	7ecd682ee38ee62a	bec100be5ca6ed56
1788609576548786974	3	498	phase_loop[707]	1788609573607753	10002	e860bef0391ab1fe	bec100be5ca6ed56
1788609576548786974	3	498	phase_loop[708]	1788609573617759	9988	6a59b2152036725d	bec100be5ca6ed56
1788609576548786974	3	498	phase_loop[709]	1788609573627751	9997	413dd920718ac983	bec100be5ca6ed56
1788609576548786974	3	498	phase_loop[710]	1788609573637753	9994	de85002bceed4316	bec100be5ca6ed56
1788609576548786974	3	498	phase_loop[711]	1788609573647751	9996	2a0b3299b798e95a	bec100be5ca6ed56
1788609576548786974	3	498	phase_loop[712]	1788609573657751	9998	10e4ab17fc3ec073	bec100be5ca6ed56
1788609576548786974	3	498	phase_loop[713]	1788609573667752	9994	29812c52e22f8b7c	bec100be5ca6ed56
1788609576548786974	3	498	phase_loop[714]	1788609573677751	9995	18942ff52e23b58a	bec100be5ca6ed56
1788609576548786974	3	498	phase_loop[715]	1788609573687751	9997	d928f98bbdc652ff	bec100be5ca6ed56
1788609576548786974	3	498	phase_loop[716]	1788609573697752	9995	92f55927143ad9dd	bec100be5ca6ed56
1788609576548786974	3	498	phase_loop[717]	1788609573707751	9996	86636b0418274c43	bec100be5ca6ed56
1788609576548786974	3	498	phase_loop[718]	1788609573717751	9997	7184cf682dd9e6db	bec100be5ca6ed56
1788609576548786974	3	498	phase_loop[719]	1788609573727752	9995	1f681abb0a1ba664	bec100be5ca6ed56
1788609576548786974	3	498	phase_loop[720]	1788609573737751	9995	d4aadfc63d8f5633	bec100be5ca6ed56
1788609576548786974	3	498	phase_loop[721]	1788609573747750	9997	f6dbc861e6240e6b	bec100be5ca6ed56
1788609576548786974	3	498	phase_loop[722]	1788609573757751	9996	63b99b017000b4de	bec100be5ca6ed56
1788609576548786974	3	498	phase_loop[723]	1788609573767752	9997	de4f2be5c7ebd4e6	bec100be5ca6ed56
1788609576548786974	3	498	phase_loop[724]	1788609573777754	9992	e43a00cd20d31d50	bec100be5ca6ed56
1788609576548786974	3	498	phase_loop[725]	1788609573787750	10041	4cd071f8448d5565	bec100be5ca6ed56
1788609576548786974	3	498	phase_loop[726]	1788609573797797	9953	7e277226684a9d84	bec100be5ca6ed56
1788609576548786974	3	498	phase_loop[727]	1788609573807754	10003	f5c85b25758bcb79	bec100be5ca6ed56
1788609576548786974	3	498	phase_loop[728]	1788609573817762	9986	e9a7f6dee63643c9	bec100be5ca6ed56
1788609576548786974	3	498	phase_loop[729]	1788609573827752	9996	9b68b8e04468e101	bec100be5ca6ed56
1788609576548786974	3	498	phase_loop[730]	1788609573837753	10003	a79d60fa527c70c5	bec100be5ca6ed56
1788609576548786974	3	498	phase_loop[731]	1788609573847760	9988	4730fd7ce6bf3fa5	bec100be5ca6ed56
1788609576548786974	3	498	phase_loop[732]	1788609573857752	9998	28a96d937b205209	bec100be5ca6ed56
1788609576548786974	3	498	phase_loop[733]	1788609573867754	9994	50abc662e1a64f6f	bec100be5ca6ed56
1788609576548786974	3	498	phase_loop[734]	1788609573877753	9994	1b6e3a00291fd5a7	bec100be5ca6ed56
1788609576548786974	3	498	phase_loop[735]	1788609573887751	9997	b9b265959e4d7637	bec100be5ca6ed56
1788609576548786974	3	498	phase_loop[736]	1788609573897752	9995	c0533f0785bb2014	bec100be5ca6ed56
1788609576548786974	3	498	phase_loop[737]	1788609573907751	9994	8c464c6df66d9d2d	bec100be5ca6ed56
1788609576548786974	3	498	phase_loop[738]	1788609573917751	9998	a902d7886ca7f8db	bec100be5ca6ed56
1788609576548786974	3	498	phase_loop[739]	1788609573927752	9996	60514ee02e1c32b3	bec100be5ca6ed56
1788609576548786974	3	498	phase_loop[740]	1788609573937752	9994	1de158ec59157ca8	bec100be5ca6ed56
1788609576548786974	3	498	phase_loop[741]	1788609573947750	9996	e32fbca002b8b97c	bec100be5ca6ed56
1788609576548786974	3	498	phase_loop[742]	1788609573957750	9999	32993037ee7b3321	bec100be5ca6ed56
1788609576548786974	3	498	phase_loop[743]	1788609573967753	9993	55fef205a0bb88d5	bec100be5ca6ed56
1788609576548786974	3	498	phase_loop[744]	1788609573977750	9996	11dcedd77b1571a9	bec100be5ca6ed56
1788609576548786974	3	498	phase_loop[745]	1788609573987750	9998	111d26ad838feb23	bec100be5ca6ed56
1788609576548786974	3	498	phase_loop[746]	1788609573997753	9994	3e185f8360e966b4	bec100be5ca6ed56
1788609576548786974	3	498	phase_loop[747]	1788609574007751	9995	bb9d79b6ed2b504f	bec100be5ca6ed56
1788609576548786974	3	498	phase_loop[748]	1788609574017750	9998	6c37d7ed807b274b	bec100be5ca6ed56
1788609576548786974	3	498	phase_loop[749]	1788609574027752	9995	24b68b9d78ececf2	bec100be5ca6ed56
1788609576548786974	3	498	phase_loop[750]	1788609574037752	9994	6071e210594a2c67	bec100be5ca6ed56
1788609576548786974	3	498	phase_loop[751]	1788609574047750	10000	92687a2a69cb4fb8	bec100be5ca6ed56
1788609576548786974	3	498	phase_loop[752]	1788609574057755	10001	df03ee1a3d66bba1	bec100be5ca6ed56
1788609576548786974	3	498	phase_loop[753]	1788609574067760	9993	01f45a5ae654beaf	bec100be5ca6ed56
1788609576548786974	3	498	phase_loop[754]	1788609574077757	9998	5cc4d7fd2536742e	bec100be5ca6ed56
1788609576548786974	3	498	phase_loop[755]	1788609574087759	9987	655c787eadb58aea	bec100be5ca6ed56
1788609576548786974	3	498	phase_loop[756]	1788609574097751	9996	201007c3940510cf	bec100be5ca6ed56
1788609576548786974	3	498	phase_loop[757]	1788609574107750	9995	13098f6d47f9c589	bec100be5ca6ed56
1788609576548786974	3	498	phase_loop[758]	1788609574117750	10032	d195c392074158e4	bec100be5ca6ed56
1788609576548786974	3	498	phase_loop[759]	1788609574127787	9961	f2c8f536287f4b06	bec100be5ca6ed56
1788609576548786974	3	498	phase_loop[760]	1788609574137752	9996	16703b70404ea4ad	bec100be5ca6ed56
1788609576548786974	3	498	phase_loop[761]	1788609574147752	9998	89c0871e4f7b76db	bec100be5ca6ed56
1788609576548786974	3	498	phase_loop[762]	1788609574157754	10002	7e466decd729aa8d	bec100be5ca6ed56
1788609576548786974	3	498	phase_loop[763]	1788609574167759	9995	3a68427f96a2c02d	bec100be5ca6ed56
1788609576548786974	3	498	phase_loop[764]	1788609574177759	9996	01e2c157c16f0c8c	bec100be5ca6ed56
1788609576548786974	3	498	phase_loop[765]	1788609574187758	9996	6c3a8a4979540b2b	bec100be5ca6ed56
1788609576548786974	3	498	phase_loop[766]	1788609574197759	9996	3d7e97b739186b80	bec100be5ca6ed56
1788609576548786974	3	498	phase_loop[767]	1788609574207760	9987	32ae042ab3a40418	bec100be5ca6ed56
1788609576548786974	3	498	phase_loop[768]	1788609574217753	9993	fc6f94774e7fb54a	bec100be5ca6ed56
1788609576548786974	3	498	phase_loop[769]	1788609574227750	10000	164f9c3472109ebb	bec100be5ca6ed56
1788609576548786974	3	498	phase_loop[770]	1788609574237755	10000	61008374380bad49	bec100be5ca6ed56
1788609576548786974	3	498	phase_loop[771]	1788609574247760	9987	8ee796f7d1fa14c5	bec100be5ca6ed56
1788609576548786974	3	498	phase_loop[772]	1788609574257751	9997	dc3ef83f22e13d57	bec100be5ca6ed56
1788609576548786974	3	498	phase_loop[773]	1788609574267752	9995	b57eb8b1e17a2d07	bec100be5ca6ed56
1788609576548786974	3	498	phase_loop[774]	1788609574277751	9996	9adef56590a20f2d	bec100be5ca6ed56
1788609576548786974	3	498	phase_loop[775]	1788609574287751	9997	9502527045b806b7	bec100be5ca6ed56
1788609576548786974	3	498	phase_loop[776]	1788609574297752	9995	26b6e25f847ec2df	bec100be5ca6ed56
1788609576548786974	3	498	phase_loop[777]	1788609574307750	9995	8229349920db9303	bec100be5ca6ed56
1788609576548786974	3	498	phase_loop[778]	1788609574317749	9999	ce55511cd3fc80e2	bec100be5ca6ed56
1788609576548786974	3	498	phase_loop[779]	1788609574327752	9995	ec54522f564d9e4f	bec100be5ca6ed56
1788609576548786974	3	498	phase_loop[780]	1788609574337752	9994	d134168bbfe94dde	bec100be5ca6ed56
1788609576548786974	3	498	phase_loop[781]	1788609574347750	9997	06cd42e090900724	bec100be5ca6ed56
1788609576548786974	3	498	phase_loop[782]	1788609574357751	9999	463bf3e9b9fa04a6	bec100be5ca6ed56
1788609576548786974	3	498	phase_loop[783]	1788609574367754	9994	5f4e02a1001ead39	bec100be5ca6ed56
1788609576548786974	3	498	phase_loop[784]	1788609574377752	9996	632a1d7bb2078d37	bec100be5ca6ed56
1788609576548786974	3	498	phase_loop[785]	1788609574387752	9996	1d77311f9f4fb0fd	bec100be5ca6ed56
1788609576548786974	3	498	phase_loop[786]	1788609574397753	9996	0139ac5535bfe6f0	bec100be5ca6ed56
1788609576548786974	3	498	phase_loop[787]	1788609574407752	9995	dfe07eb580aee341	bec100be5ca6ed56
1788609576548786974	3	498	phase_loop[788]	1788609574417751	9996	a3757e663503ccb5	bec100be5ca6ed56
1788609576548786974	3	498	phase_loop[789]	1788609574427751	9998	43709943a79485b7	bec100be5ca6ed56
1788609576548786974	3	498	phase_loop[790]	1788609574437753	9996	273b83f476dc2a9c	bec100be5ca6ed56
1788609576548786974	3	498	phase_loop[791]	1788609574447753	10039	03a029ebd95bbb48	bec100be5ca6ed56
1788609576548786974	3	498	phase_loop[792]	1788609574457797	9952	94367e4bbf4d0b69	bec100be5ca6ed56
1788609576548786974	3	498	phase_loop[793]	1788609574467754	9996	f421bd4396db510d	bec100be5ca6ed56
1788609576548786974	3	498	phase_loop[794]	1788609574477753	10002	02da3ea1dd876c83	bec100be5ca6ed56
1788609576548786974	3	498	phase_loop[795]	1788609574487760	9987	7b2c530387fdf8a0	bec100be5ca6ed56
1788609576548786974	3	498	phase_loop[796]	1788609574497751	9998	08422910574bbcec	bec100be5ca6ed56
1788609576548786974	3	498	phase_loop[797]	1788609574507754	9995	5145b27beab0298f	bec100be5ca6ed56
1788609576548786974	3	498	phase_loop[798]	1788609574517753	9995	3938c6d24b5bf5d4	bec100be5ca6ed56
1788609576548786974	3	498	phase_loop[799]	1788609574527752	9997	bbb9b6aecc9489b2	bec100be5ca6ed56
1788609576548786974	3	498	phase_loop[800]	1788609574537753	9993	808f98bc2a177fbf	bec100be5ca6ed56
1788609576548786974	3	498	phase_loop[801]	1788609574547750	9997	cee24711f5298ca5	bec100be5ca6ed56
1788609576548786974	3	498	phase_loop[802]	1788609574557751	9997	775612f746086ff3	bec100be5ca6ed56
1788609576548786974	3	498	phase_loop[803]	1788609574567752	9993	fd12b3cea2705b4a	bec100be5ca6ed56
1788609576548786974	3	498	phase_loop[804]	1788609574577750	9999	19de6db45f85b772	bec100be5ca6ed56
1788609576548786974	3	498	phase_loop[805]	1788609574587754	9995	ff4b6670b09683b9	bec100be5ca6ed56
1788609576548786974	3	498	phase_loop[806]	1788609574597753	9995	fdd41d710d87f2f6	bec100be5ca6ed56
1788609576548786974	3	498	phase_loop[807]	1788609574607752	9994	d9eca505a22917d5	bec100be5ca6ed56
1788609576548786974	3	498	phase_loop[808]	1788609574617750	9998	38685ae78b7bfd64	bec100be5ca6ed56
1788609576548786974	3	498	phase_loop[809]	1788609574627752	9998	4488e5f01e99e438	bec100be5ca6ed56
1788609576548786974	3	498	phase_loop[810]	1788609574637754	10002	416b14d24cb2dc89	bec100be5ca6ed56
1788609576548786974	3	498	phase_loop[811]	1788609574647760	9987	ecdd30d1c1b080e1	bec100be5ca6ed56
1788609576548786974	3	498	phase_loop[812]	1788609574657751	9997	d2543ca183023bee	bec100be5ca6ed56
1788609576548786974	3	498	phase_loop[813]	1788609574667752	9996	3b2e012d0438e46f	bec100be5ca6ed56
1788609576548786974	3	498	phase_loop[814]	1788609574677753	9999	18f06175208b5841	bec100be5ca6ed56
1788609576548786974	3	498	phase_loop[815]	1788609574687756	9999	1c0004aa85fd6ccf	bec100be5ca6ed56
1788609576548786974	3	498	phase_loop[816]	1788609574697760	9997	7fd4f6772599ff1e	bec100be5ca6ed56
1788609576548786974	3	498	phase_loop[817]	1788609574707762	9985	05a10addd23bbd92	bec100be5ca6ed56
1788609576548786974	3	498	phase_loop[818]	1788609574717751	9994	b86d805f44b981c6	bec100be5ca6ed56
1788609576548786974	3	498	phase_loop[819]	1788609574727750	9998	a9cbd5d903b2513d	bec100be5ca6ed56
1788609576548786974	3	498	phase_loop[820]	1788609574737752	9995	61c1a92ab50efcd8	bec100be5ca6ed56
1788609576548786974	3	498	phase_loop[821]	1788609574747751	9996	12832663ff61bf9d	bec100be5ca6ed56
1788609576548786974	3	498	phase_loop[822]	1788609574757750	9998	b133d303b1c12c1f	bec100be5ca6ed56
1788609576548786974	3	498	phase_loop[823]	1788609574767752	9996	f30d7e8de8c21a82	bec100be5ca6ed56
1788609576548786974	3	498	phase_loop[824]	1788609574777753	10027	a3428a4abfe66f7a	bec100be5ca6ed56
1788609576548786974	3	498	phase_loop[825]	1788609574787785	9964	66aa93d786620e7b	bec100be5ca6ed56
1788609576548786974	3	498	phase_loop[826]	1788609574797753	9995	9ef00e688645c4a0	bec100be5ca6ed56
1788609576548786974	3	498	phase_loop[827]	1788609574807752	9996	9b2d1347a7bc51e1	bec100be5ca6ed56
1788609576548786974	3	498	phase_loop[828]	1788609574817752	9997	de9e774cc55fc1fb	bec100be5ca6ed56
1788609576548786974	3	498	phase_loop[829]	1788609574827753	9996	f5ac1e74c01ed3cd	bec100be5ca6ed56
1788609576548786974	3	498	phase_loop[830]	1788609574837753	9993	ff3e66790e16aa33	bec100be5ca6ed56
1788609576548786974	3	498	phase_loop[831]	1788609574847751	9997	b0158aacca451986	bec100be5ca6ed56
1788609576548786974	3	498	phase_loop[832]	1788609574857752	9998	fddd4ed30703364b	bec100be5ca6ed56
1788609576548786974	3	498	phase_loop[833]	1788609574867754	9993	8b8cb7eda835e2d1	bec100be5ca6ed56
1788609576548786974	3	498	phase_loop[834]	1788609574877751	9995	256b7a638d428623	bec100be5ca6ed56
1788609576548786974	3	498	phase_loop[835]	1788609574887751	9997	da3c2e15b3349db5	bec100be5ca6ed56
1788609576548786974	3	498	phase_loop[836]	1788609574897753	9995	a55e2fd2ea999b5e	bec100be5ca6ed56
1788609576548786974	3	498	phase_loop[837]	1788609574907751	9996	56c42a9e26e06c0e	bec100be5ca6ed56
1788609576548786974	3	498	phase_loop[838]	1788609574917751	9997	c94b911847228a19	bec100be5ca6ed56
1788609576548786974	3	498	phase_loop[839]	1788609574927751	9996	06cd5a701c7fc2fe	bec100be5ca6ed56
1788609576548786974	3	498	phase_loop[840]	1788609574937752	9995	1a3939724785acc0	bec100be5ca6ed56
1788609576548786974	3	498	phase_loop[841]	1788609574947750	9997	d6c397222c6e3234	bec100be5ca6ed56
1788609576548786974	3	498	phase_loop[842]	1788609574957751	9995	531e8d6d8a833dd8	bec100be5ca6ed56
1788609576548786974	3	498	phase_loop[843]	1788609574967750	9998	807d8b24ee72fcbd	bec100be5ca6ed56
1788609576548786974	3	498	phase_loop[844]	1788609574977752	9996	872c0c2067509088	bec100be5ca6ed56
1788609576548786974	3	498	phase_loop[845]	1788609574987752	9995	33021c4fda12a149	bec100be5ca6ed56
1788609576548786974	3	498	phase_loop[846]	1788609574997751	9997	3cbb0f2a18e280fd	bec100be5ca6ed56
1788609576548786974	3	498	phase_loop[847]	1788609575007752	9994	9aaf3a8ba279c644	bec100be5ca6ed56
1788609576548786974	3	498	phase_loop[848]	1788609575017751	9997	915c9c51d69e2e43	bec100be5ca6ed56
1788609576548786974	3	498	phase_loop[849]	1788609575027752	9994	a38f9c927379a1af	bec100be5ca6ed56
1788609576548786974	3	498	phase_loop[850]	1788609575037751	9995	174ca7e1428399e1	bec100be5ca6ed56
1788609576548786974	3	498	phase_loop[851]	1788609575047750	9997	a56387feeb12af73	bec100be5ca6ed56
1788609576548786974	3	498	phase_loop[852]	1788609575057752	9997	a0c9992c2e314609	bec100be5ca6ed56
1788609576548786974	3	498	phase_loop[853]	1788609575067752	9995	abb77a6139d1960f	bec100be5ca6ed56
1788609576548786974	3	498	phase_loop[854]	1788609575077752	9995	adbfd6bc921e186e	bec100be5ca6ed56
1788609576548786974	3	498	phase_loop[855]	1788609575087751	9998	7aac6716f7f9dffd	bec100be5ca6ed56
1788609576548786974	3	498	phase_loop[856]	1788609575097754	9997	472d1a644b86294b	bec100be5ca6ed56
1788609576548786974	3	498	phase_loop[857]	1788609575107754	10028	b4679db64d8daabf	bec100be5ca6ed56
1788609576548786974	3	498	phase_loop[858]	1788609575117787	9961	b015c4476cd2764f	bec100be5ca6ed56
1788609576548786974	3	498	phase_loop[859]	1788609575127752	9997	00dfc39de52cffe9	bec100be5ca6ed56
1788609576548786974	3	498	phase_loop[860]	1788609575137753	9993	2fa37670f32964d0	bec100be5ca6ed56
1788609576548786974	3	498	phase_loop[861]	1788609575147749	9999	a18edbeaabc0d513	bec100be5ca6ed56
1788609576548786974	3	498	phase_loop[862]	1788609575157753	9996	68a8619c42ef296d	bec100be5ca6ed56
1788609576548786974	3	498	phase_loop[863]	1788609575167753	9993	70bcf74051e1622b	bec100be5ca6ed56
1788609576548786974	3	498	phase_loop[864]	1788609575177751	9997	b17713fd0890ae5d	bec100be5ca6ed56
1788609576548786974	3	498	phase_loop[865]	1788609575187753	10004	a640faff4b20ed4c	bec100be5ca6ed56
1788609576548786974	3	498	phase_loop[866]	1788609575197762	9993	e73db1be8eb8c0ef	bec100be5ca6ed56
1788609576548786974	3	498	phase_loop[867]	1788609575207759	9988	4e88da42e34bd37c	bec100be5ca6ed56
1788609576548786974	3	498	phase_loop[868]	1788609575217753	9995	73a710f680e1f34b	bec100be5ca6ed56
1788609576548786974	3	498	phase_loop[869]	1788609575227751	9998	f9116ccefcc486bd	bec100be5ca6ed56
1788609576548786974	3	498	phase_loop[870]	1788609575237754	10001	f58d7c3a2af21d31	bec100be5ca6ed56
1788609576548786974	3	498	phase_loop[871]	1788609575247759	9991	73af929c105b00fa	bec100be5ca6ed56
1788609576548786974	3	498	phase_loop[872]	1788609575257754	10000	855ba5c05e46c593	bec100be5ca6ed56
1788609576548786974	3	498	phase_loop[873]	1788609575267758	9998	35a12f43ddecf621	bec100be5ca6ed56
1788609576548786974	3	498	phase_loop[874]	1788609575277761	9988	cbcbdcab3eb2d19e	bec100be5ca6ed56
1788609576548786974	3	498	phase_loop[875]	1788609575287753	10001	ad46424da9487dcc	bec100be5ca6ed56
1788609576548786974	3	498	phase_loop[876]	1788609575297760	9996	b88f21dae2a561ce	bec100be5ca6ed56
1788609576548786974	3	498	phase_loop[877]	1788609575307759	9988	60b507e2fe7b8256	bec100be5ca6ed56
1788609576548786974	3	498	phase_loop[878]	1788609575317752	9997	8ca39ae7dcd8b377	bec100be5ca6ed56
1788609576548786974	3	498	phase_loop[879]	1788609575327752	9996	ba5defe618b0a024	bec100be5ca6ed56
1788609576548786974	3	498	phase_loop[880]	1788609575337753	9994	e667f432a9ef7fff	bec100be5ca6ed56
1788609576548786974	3	498	phase_loop[881]	1788609575347751	10000	84534511fdd26bc7	bec100be5ca6ed56
1788609576548786974	3	498	phase_loop[882]	1788609575357756	10000	28cd79a2e38c721c	bec100be5ca6ed56
1788609576548786974	3	498	phase_loop[883]	1788609575367760	9989	2bc5a01715ea8ed7	bec100be5ca6ed56
1788609576548786974	3	498	phase_loop[884]	1788609575377753	10001	10167fcd17d76829	bec100be5ca6ed56
1788609576548786974	3	498	phase_loop[885]	1788609575387758	9996	cf2b427948e84555	bec100be5ca6ed56
1788609576548786974	3	498	phase_loop[886]	1788609575397759	9996	efb9863562a402b8	bec100be5ca6ed56
1788609576548786974	3	498	phase_loop[887]	1788609575407759	9988	2226edbc416097be	bec100be5ca6ed56
1788609576548786974	3	498	phase_loop[888]	1788609575417752	9996	a7f2ba27b7a96b57	bec100be5ca6ed56
1788609576548786974	3	498	phase_loop[889]	1788609575427751	9997	a764d45a0c142fb7	bec100be5ca6ed56
1788609576548786974	3	498	phase_loop[890]	1788609575437752	10028	34706030c9292e73	bec100be5ca6ed56
1788609576548786974	3	498	phase_loop[891]	1788609575447786	9969	df0eee3f86102ea4	bec100be5ca6ed56
1788609576548786974	3	498	phase_loop[892]	1788609575457760	9990	79cba20bc8fec7d5	bec100be5ca6ed56
1788609576548786974	3	498	phase_loop[893]	1788609575467754	10001	d016701853f3b9f1	bec100be5ca6ed56
1788609576548786974	3	498	phase_loop[894]	1788609575477759	9989	f812bf8a4902d877	bec100be5ca6ed56
1788609576548786974	3	498	phase_loop[895]	1788609575487752	9999	072e3b4ddeb891ac	bec100be5ca6ed56
1788609576548786974	3	498	phase_loop[896]	1788609575497756	9998	56398e9eac447157	bec100be5ca6ed56
1788609576548786974	3	498	phase_loop[897]	1788609575507758	9988	44932eca9b44b90d	bec100be5ca6ed56
1788609576548786974	3	498	phase_loop[898]	1788609575517751	9997	d30f2f623a147b04	bec100be5ca6ed56
1788609576548786974	3	498	phase_loop[899]	1788609575527752	9999	ea36f897d9fcc6a0	bec100be5ca6ed56
1788609576548786974	3	498	phase_loop[900]	1788609575537755	10000	b5e2e60ab4df7c3d	bec100be5ca6ed56
1788609576548786974	3	498	phase_loop[901]	1788609575547760	9997	6c3eac3a73e5f133	bec100be5ca6ed56
1788609576548786974	3	498	phase_loop[902]	1788609575557761	9988	6f732a2c71c46bcc	bec100be5ca6ed56
1788609576548786974	3	498	phase_loop[903]	1788609575567753	9994	e21682209dcd9c5d	bec100be5ca6ed56
1788609576548786974	3	498	phase_loop[904]	1788609575577752	9998	1ec2ff1dca24cbdc	bec100be5ca6ed56
1788609576548786974	3	498	phase_loop[905]	1788609575587754	10001	cb9e6a770bd9bd4e	bec100be5ca6ed56
1788609576548786974	3	498	phase_loop[906]	1788609575597759	9997	b91939c5b9d8e318	bec100be5ca6ed56
1788609576548786974	3	498	phase_loop[907]	1788609575607759	9989	7008287fc5a0e255	bec100be5ca6ed56
1788609576548786974	3	498	phase_loop[908]	1788609575617752	9996	bb2d883cba41df99	bec100be5ca6ed56
1788609576548786974	3	498	phase_loop[909]	1788609575627753	9995	38828f737f1dbde2	bec100be5ca6ed56
1788609576548786974	3	498	phase_loop[910]	1788609575637752	10000	8b23d847afe83b28	bec100be5ca6ed56
1788609576548786974	3	498	phase_loop[911]	1788609575647756	9999	fa5cf2ae67803506	bec100be5ca6ed56
1788609576548786974	3	498	phase_loop[912]	1788609575657759	9992	67365a65f2cbc536	bec100be5ca6ed56
1788609576548786974	3	498	phase_loop[913]	1788609575667755	10001	10b36be43fe8a764	bec100be5ca6ed56
1788609576548786974	3	498	phase_loop[914]	1788609575677760	9986	d841537fd48e8e25	bec100be5ca6ed56
1788609576548786974	3	498	phase_loop[915]	1788609575687750	9998	36618ee7d1c614e1	bec100be5ca6ed56
1788609576548786974	3	498	phase_loop[916]	1788609575697752	9996	f3928483f0ba4445	bec100be5ca6ed56
1788609576548786974	3	498	phase_loop[917]	1788609575707752	9996	551c169da4f94beb	bec100be5ca6ed56
1788609576548786974	3	498	phase_loop[918]	1788609575717752	9995	8ff9564280df442c	bec100be5ca6ed56
1788609576548786974	3	498	phase_loop[919]	1788609575727751	9995	c180c9e166203223	bec100be5ca6ed56
1788609576548786974	3	498	phase_loop[920]	1788609575737751	9994	4e8018b74d4f4eb5	bec100be5ca6ed56
1788609576548786974	3	498	phase_loop[921]	1788609575747749	10000	627ab158adbb8c7d	bec100be5ca6ed56
1788609576548786974	3	498	phase_loop[922]	1788609575757753	9996	45ddd1b70c72aa20	bec100be5ca6ed56
1788609576548786974	3	498	phase_loop[923]	1788609575767753	10036	f5147b49b503ac89	bec100be5ca6ed56
1788609576548786974	3	498	phase_loop[924]	1788609575777795	9956	d99c9ce88392dd51	bec100be5ca6ed56
1788609576548786974	3	498	phase_loop[925]	1788609575787755	10000	02e68bba45e00c6d	bec100be5ca6ed56
1788609576548786974	3	498	phase_loop[926]	1788609575797759	9996	b2490c5892c63be1	bec100be5ca6ed56
1788609576548786974	3	498	phase_loop[927]	1788609575807758	9990	3aa6d59312870813	bec100be5ca6ed56
1788609576548786974	3	498	phase_loop[928]	1788609575817752	9996	74e0ef6f72daa06a	bec100be5ca6ed56
1788609576548786974	3	498	phase_loop[929]	1788609575827752	9995	7fa7879ff52011e1	bec100be5ca6ed56
1788609576548786974	3	498	phase_loop[930]	1788609575837752	9996	eae54093768d1a7f	bec100be5ca6ed56
1788609576548786974	3	498	phase_loop[931]	1788609575847751	9999	fd79a8856ccbc828	bec100be5ca6ed56
1788609576548786974	3	498	phase_loop[932]	1788609575857754	10000	daab857214ff766e	bec100be5ca6ed56
1788609576548786974	3	498	phase_loop[933]	1788609575867759	9996	6431447801885f7e	bec100be5ca6ed56
1788609576548786974	3	498	phase_loop[934]	1788609575877759	9988	93b2e5f662472f7d	bec100be5ca6ed56
1788609576548786974	3	498	phase_loop[935]	1788609575887752	9997	6e72a1ca3ba51304	bec100be5ca6ed56
1788609576548786974	3	498	phase_loop[936]	1788609575897753	9995	72481353a9f588dd	bec100be5ca6ed56
1788609576548786974	3	498	phase_loop[937]	1788609575907752	9995	073bb76083d49937	bec100be5ca6ed56
1788609576548786974	3	498	phase_loop[938]	1788609575917752	9996	ec22dbbb145d5835	bec100be5ca6ed56
1788609576548786974	3	498	phase_loop[939]	1788609575927752	9996	31b4aecff0e78d3f	bec100be5ca6ed56
1788609576548786974	3	498	phase_loop[940]	1788609575937752	9997	d00f01177486d37c	bec100be5ca6ed56
1788609576548786974	3	498	phase_loop[941]	1788609575947753	10000	868976f89f2cee46	bec100be5ca6ed56
1788609576548786974	3	498	phase_loop[942]	1788609575957758	9994	27eb1bf031fd2d00	bec100be5ca6ed56
1788609576548786974	3	498	phase_loop[943]	1788609575967755	10000	9993b490ce384369	bec100be5ca6ed56
1788609576548786974	3	498	phase_loop[944]	1788609575977760	9987	ec32f4731df60cfe	bec100be5ca6ed56
1788609576548786974	3	498	phase_loop[945]	1788609575987751	9996	52ea407f6eab212e	bec100be5ca6ed56
1788609576548786974	3	498	phase_loop[946]	1788609575997751	9998	c858ea0f3e87df41	bec100be5ca6ed56
1788609576548786974	3	498	phase_loop[947]	1788609576007753	9994	bab382e5c2f0fcda	bec100be5ca6ed56
1788609576548786974	3	498	phase_loop[948]	1788609576017752	9995	5226d3e6464425fa	bec100be5ca6ed56
1788609576548786974	3	498	phase_loop[949]	1788609576027751	9997	2b01e9a72f12bb01	bec100be5ca6ed56
1788609576548786974	3	498	phase_loop[950]	1788609576037753	10003	fd282728e78624e4	bec100be5ca6ed56
1788609576548786974	3	498	phase_loop[951]	1788609576047759	9989	e469c6f3fc333d0a	bec100be5ca6ed56
1788609576548786974	3	498	phase_loop[952]	1788609576057753	9996	89ff3b463dcb7cb7	bec100be5ca6ed56
1788609576548786974	3	498	phase_loop[953]	1788609576067753	9994	7cc1e52c9db7c5af	bec100be5ca6ed56
1788609576548786974	3	498	phase_loop[954]	1788609576077751	9995	ca97347666462657	bec100be5ca6ed56
1788609576548786974	3	498	phase_loop[955]	1788609576087750	9998	5cc55f7d6c5b76d6	bec100be5ca6ed56
1788609576548786974	3	498	phase_loop[956]	1788609576097753	10032	19f13bf5f000113b	bec100be5ca6ed56
1788609576548786974	3	498	phase_loop[957]	1788609576107791	9957	34166316da25da1d	bec100be5ca6ed56
1788609576548786974	3	498	phase_loop[958]	1788609576117752	9996	acf2bf6b28f0415a	bec100be5ca6ed56
1788609576548786974	3	498	phase_loop[959]	1788609576127752	9995	aeaa96384f7f6051	bec100be5ca6ed56
1788609576548786974	3	498	phase_loop[960]	1788609576137752	9995	7b76d4eb18a96445	bec100be5ca6ed56
1788609576548786974	3	498	phase_loop[961]	1788609576147751	9996	5f2561a16ea7a0cb	bec100be5ca6ed56
1788609576548786974	3	498	phase_loop[962]	1788609576157751	9998	7a42492571c71112	bec100be5ca6ed56
1788609576548786974	3	498	phase_loop[963]	1788609576167753	9996	dbe3f382f902416f	bec100be5ca6ed56
1788609576548786974	3	498	phase_loop[964]	1788609576177753	10003	4c5314725c889c9d	bec100be5ca6ed56
1788609576548786974	3	498	phase_loop[965]	1788609576187760	9987	130f48268e031dad	bec100be5ca6ed56
1788609576548786974	3	498	phase_loop[966]	1788609576197751	9997	e6fb9056c8c4b93d	bec100be5ca6ed56
1788609576548786974	3	498	phase_loop[967]	1788609576207752	9994	ecc6ba0cc2a88b45	bec100be5ca6ed56
1788609576548786974	3	498	phase_loop[968]	1788609576217751	9997	94dff68e6f0d6d23	bec100be5ca6ed56
1788609576548786974	3	498	phase_loop[969]	1788609576227751	9999	2eafaa7870d6d43a	bec100be5ca6ed56
1788609576548786974	3	498	phase_loop[970]	1788609576237754	10001	849169790d77b0df	bec100be5ca6ed56
1788609576548786974	3	498	phase_loop[971]	1788609576247759	9987	de8e739178c8ffec	bec100be5ca6ed56
1788609576548786974	3	498	phase_loop[972]	1788609576257751	9999	751f279331de93b4	bec100be5ca6ed56
1788609576548786974	3	498	phase_loop[973]	1788609576267753	9995	75c17c3e0ae95c8a	bec100be5ca6ed56
1788609576548786974	3	498	phase_loop[974]	1788609576277752	9995	d5e8f72bddd780b8	bec100be5ca6ed56
1788609576548786974	3	498	phase_loop[975]	1788609576287750	9999	a62aea4585dd0518	bec100be5ca6ed56
1788609576548786974	3	498	phase_loop[976]	1788609576297754	9993	d7aba5763b1deb70	bec100be5ca6ed56
1788609576548786974	3	498	phase_loop[977]	1788609576307751	9995	f46b3451304e8815	bec100be5ca6ed56
1788609576548786974	3	498	phase_loop[978]	1788609576317751	9998	f450e04308dbf806	bec100be5ca6ed56
1788609576548786974	3	498	phase_loop[979]	1788609576327752	9998	4b05789fe80f58db	bec100be5ca6ed56
1788609576548786974	3	498	phase_loop[980]	1788609576337754	9994	53d1b36e54e17c61	bec100be5ca6ed56
1788609576548786974	3	498	phase_loop[981]	1788609576347752	9995	ed0bf914b900d592	bec100be5ca6ed56
1788609576548786974	3	498	phase_loop[982]	1788609576357751	9997	c703a9a12e90726b	bec100be5ca6ed56
1788609576548786974	3	498	phase_loop[983]	1788609576367752	9996	387173aeb0d70fb5	bec100be5ca6ed56
1788609576548786974	3	498	phase_loop[984]	1788609576377753	9993	9e9e1fbe7f5dec2f	bec100be5ca6ed56
1788609576548786974	3	498	phase_loop[985]	1788609576387750	9997	57ee4e23afa88322	bec100be5ca6ed56
1788609576548786974	3	498	phase_loop[986]	1788609576397752	9996	a95e6d593b73b0b2	bec100be5ca6ed56
1788609576548786974	3	498	phase_loop[987]	1788609576407752	9994	2b240772791a3ee7	bec100be5ca6ed56
1788609576548786974	3	498	phase_loop[988]	1788609576417751	9997	7141bf5f31b16066	bec100be5ca6ed56
1788609576548786974	3	498	phase_loop[989]	1788609576427752	10033	0b9eff9cb9196853	bec100be5ca6ed56
1788609576548786974	3	498	phase_loop[990]	1788609576437790	9958	f0827b7027811743	bec100be5ca6ed56
1788609576548786974	3	498	phase_loop[991]	1788609576447753	9995	1d9d4fc2cf3b828a	bec100be5ca6ed56
1788609576548786974	3	498	phase_loop[992]	1788609576457752	9997	8519bf5dd12cb2ea	bec100be5ca6ed56
1788609576548786974	3	498	phase_loop[993]	1788609576467753	9995	551f8ed564560e58	bec100be5ca6ed56
1788609576548786974	3	498	phase_loop[994]	1788609576477752	9996	8f7cba88b943cfd4	bec100be5ca6ed56
1788609576548786974	3	498	phase_loop[995]	1788609576487752	9996	bd50816bf7a875a9	bec100be5ca6ed56
1788609576548786974	3	498	phase_loop[996]	1788609576497752	9994	626aace0dd216af2	bec100be5ca6ed56
1788609576548786974	3	498	phase_loop[997]	1788609576507750	9996	cf1cebbda4d9c2b5	bec100be5ca6ed56
1788609576548786974	3	498	phase_loop[998]	1788609576517750	9997	242078a04cec68b2	bec100be5ca6ed56
1788609576548786974	3	498	phase_loop[999]	1788609576527751	9996	f3bc3838a09b8927	bec100be5ca6ed56
1788609576556291597	4	1	phase_loop[1000]	1788609576537752	9998	8fdb4bcd4487f0ff	bec100be5ca6ed56
1788609581548284967	5	499	phase_loop[1001]	1788609576547756	9994	919094da7d1b8b08	bec100be5ca6ed56
1788609581548284967	5	499	phase_loop[1002]	1788609576557756	10000	2a6a28debae825a7	bec100be5ca6ed56
1788609581548284967	5	499	phase_loop[1003]	1788609576567761	9986	2239b1abc6d7b55d	bec100be5ca6ed56
1788609581548284967	5	499	phase_loop[1004]	1788609576577751	9997	afe7ba189d0f0d15	bec100be5ca6ed56
1788609581548284967	5	499	phase_loop[1005]	1788609576587752	9995	6ef634e0c23a0dd2	bec100be5ca6ed56
1788609581548284967	5	499	phase_loop[1006]	1788609576597752	9995	f90ba3931be58b8a	bec100be5ca6ed56
1788609581548284967	5	499	phase_loop[1007]	1788609576607752	9995	97b2f66f80b50e6a	bec100be5ca6ed56
1788609581548284967	5	499	phase_loop[1008]	1788609576617751	9995	52ddf3b6f3a4dc6d	bec100be5ca6ed56
1788609581548284967	5	499	phase_loop[1009]	1788609576627750	10000	99c32706df371644	bec100be5ca6ed56
1788609581548284967	5	499	phase_loop[1010]	1788609576637754	10001	f92f21290b05565c	bec100be5ca6ed56
1788609581548284967	5	499	phase_loop[1011]	1788609576647759	9990	55baf3ddb223c508	bec100be5ca6ed56
1788609581548284967	5	499	phase_loop[1012]	1788609576657753	9995	e14f40c98294e835	bec100be5ca6ed56
1788609581548284967	5	499	phase_loop[1013]	1788609576667752	9995	e67e353e9550b407	bec100be5ca6ed56
1788609581548284967	5	499	phase_loop[1014]	1788609576677750	9995	3aa496edd5b84090	bec100be5ca6ed56
1788609581548284967	5	499	phase_loop[1015]	1788609576687750	9998	004a18335b6ced5e	bec100be5ca6ed56
1788609581548284967	5	499	phase_loop[1016]	1788609576697752	9995	04d61438afccd327	bec100be5ca6ed56
1788609581548284967	5	499	phase_loop[1017]	1788609576707752	9993	f89ee58879325edb	bec100be5ca6ed56
1788609581548284967	5	499	phase_loop[1018]	1788609576717748	9998	17e8d6fdfeabee0c	bec100be5ca6ed56
1788609581548284967	5	499	phase_loop[1019]	1788609576727751	9996	f8c0a735be0cc70c	bec100be5ca6ed56
1788609581548284967	5	499	phase_loop[1020]	1788609576737751	9996	5d32dbfa1f355702	bec100be5ca6ed56
1788609581548284967	5	499	phase_loop[1021]	1788609576747751	9998	fecc11696d4ba594	bec100be5ca6ed56
1788609581548284967	5	499	phase_loop[1022]	1788609576757753	10003	a6589fa5c5c84b02	bec100be5ca6ed56
1788609581548284967	5	499	phase_loop[1023]	1788609576767760	10015	6cd15f221ff48826	bec100be5ca6ed56
1788609581548284967	5	499	phase_loop[1024]	1788609576777780	9969	246dce630be08f41	bec100be5ca6ed56
1788609581548284967	5	499	phase_loop[1025]	1788609576787754	9996	078483d2d040960a	bec100be5ca6ed56
1788609581548284967	5	499	phase_loop[1026]	1788609576797754	10002	175ea7eed67468b0	bec100be5ca6ed56
1788609581548284967	5	499	phase_loop[1027]	1788609576807761	9986	4391b295b3c547de	bec100be5ca6ed56
1788609581548284967	5	499	phase_loop[1028]	1788609576817751	9996	3f918c710ab15707	bec100be5ca6ed56
1788609581548284967	5	499	phase_loop[1029]	1788609576827752	9996	4e9099580bf57442	bec100be5ca6ed56
1788609581548284967	5	499	phase_loop[1030]	1788609576837751	9995	263fcffadf3fdab5	bec100be5ca6ed56
1788609581548284967	5	499	phase_loop[1031]	1788609576847751	10000	b162685597b1f409	bec100be5ca6ed56
1788609581548284967	5	499	phase_loop[1032]	1788609576857756	9999	1388febc0d271c64	bec100be5ca6ed56
1788609581548284967	5	499	phase_loop[1033]	1788609576867759	9988	9b64603086e4d425	bec100be5ca6ed56
1788609581548284967	5	499	phase_loop[1034]	1788609576877751	9996	77ea85033a2f984a	bec100be5ca6ed56
1788609581548284967	5	499	phase_loop[1035]	1788609576887752	9998	8df4f439e1c8b967	bec100be5ca6ed56
1788609581548284967	5	499	phase_loop[1036]	1788609576897753	10002	1ca6801fc28a23c0	bec100be5ca6ed56
1788609581548284967	5	499	phase_loop[1037]	1788609576907759	9988	77a2b9cf75c484e7	bec100be5ca6ed56
1788609581548284967	5	499	phase_loop[1038]	1788609576917752	9995	d759630efee85086	bec100be5ca6ed56
1788609581548284967	5	499	phase_loop[1039]	1788609576927751	9997	938ee0047bce4356	bec100be5ca6ed56
1788609581548284967	5	499	phase_loop[1040]	1788609576937752	9995	a1c4d010f91cec44	bec100be5ca6ed56
1788609581548284967	5	499	phase_loop[1041]	1788609576947752	9998	3252837d94f02da8	bec100be5ca6ed56
1788609581548284967	5	499	phase_loop[1042]	1788609576957753	10001	a728192c5282c9d6	bec100be5ca6ed56
1788609581548284967	5	499	phase_loop[1043]	1788609576967759	9997	db142b54258fdc58	bec100be5ca6ed56
1788609581548284967	5	499	phase_loop[1044]	1788609576977760	9987	4164f4bfb67b398b	bec100be5ca6ed56
1788609581548284967	5	499	phase_loop[1045]	1788609576987751	9997	7662f7eb3c6ba9bd	bec100be5ca6ed56
1788609581548284967	5	499	phase_loop[1046]	1788609576997752	9995	5efe23c98f0790e1	bec100be5ca6ed56
1788609581548284967	5	499	phase_loop[1047]	1788609577007752	9996	58a4606371ba50c6	bec100be5ca6ed56
1788609581548284967	5	499	phase_loop[1048]	1788609577017752	9995	09ff05fd7e589b9c	bec100be5ca6ed56
1788609581548284967	5	499	phase_loop[1049]	1788609577027752	9997	5dbebf9b16ccdc8f	bec100be5ca6ed56
1788609581548284967	5	499	phase_loop[1050]	1788609577037752	9994	12fc3384f0cebcb3	bec100be5ca6ed56
1788609581548284967	5	499	phase_loop[1051]	1788609577047751	9999	c3f884145da3092f	bec100be5ca6ed56
1788609581548284967	5	499	phase_loop[1052]	1788609577057754	10004	e8fe306a93830e25	bec100be5ca6ed56
1788609581548284967	5	499	phase_loop[1053]	1788609577067764	9984	a1cd5c2ea7189b01	bec100be5ca6ed56
1788609581548284967	5	499	phase_loop[1054]	1788609577077752	10002	0cefda01c4acbd11	bec100be5ca6ed56
1788609581548284967	5	499	phase_loop[1055]	1788609577087759	9990	cd8f96d43f990965	bec100be5ca6ed56
1788609581548284967	5	499	phase_loop[1056]	1788609577097753	10043	0bb3c33434da4cad	bec100be5ca6ed56
1788609581548284967	5	499	phase_loop[1057]	1788609577107802	9946	f2b7ef3a7e1717e8	bec100be5ca6ed56
1788609581548284967	5	499	phase_loop[1058]	1788609577117751	9996	ce1cd13ea26bbd50	bec100be5ca6ed56
1788609581548284967	5	499	phase_loop[1059]	1788609577127752	9997	46b375da01900328	bec100be5ca6ed56
1788609581548284967	5	499	phase_loop[1060]	1788609577137753	10002	f66480b9c7f726b6	bec100be5ca6ed56
1788609581548284967	5	499	phase_loop[1061]	1788609577147760	9988	cb53f22074a909a1	bec100be5ca6ed56
1788609581548284967	5	499	phase_loop[1062]	1788609577157752	10001	4f9d5e6b0a5d17c7	bec100be5ca6ed56
1788609581548284967	5	499	phase_loop[1063]	1788609577167758	9990	94c9d5865d3fdedf	bec100be5ca6ed56
1788609581548284967	5	499	phase_loop[1064]	1788609577177752	9995	c6e77dddee940e94	bec100be5ca6ed56
1788609581548284967	5	499	phase_loop[1065]	1788609577187751	9997	42b1d1d13da5855d	bec100be5ca6ed56
1788609581548284967	5	499	phase_loop[1066]	1788609577197752	9994	9318d05c5fdd0557	bec100be5ca6ed56
1788609581548284967	5	499	phase_loop[1067]	1788609577207751	9995	74c501401666abcc	bec100be5ca6ed56
1788609581548284967	5	499	phase_loop[1068]	1788609577217751	9996	a7fb81a0eb14f064	bec100be5ca6ed56
1788609581548284967	5	499	phase_loop[1069]	1788609577227751	9996	e4f025d54a8e64a3	bec100be5ca6ed56
1788609581548284967	5	499	phase_loop[1070]	1788609577237751	9995	19d604efe09044b0	bec100be5ca6ed56
1788609581548284967	5	499	phase_loop[1071]	1788609577247751	9998	102fca929be48652	bec100be5ca6ed56
1788609581548284967	5	499	phase_loop[1072]	1788609577257753	9995	f427f3b879bcbb2e	bec100be5ca6ed56
1788609581548284967	5	499	phase_loop[1073]	1788609577267752	9995	c68494b1170dde0d	bec100be5ca6ed56
1788609581548284967	5	499	phase_loop[1074]	1788609577277751	9994	0b3c790a5ff081c2	bec100be5ca6ed56
1788609581548284967	5	499	phase_loop[1075]	1788609577287749	10000	cf6602bb18dcbe40	bec100be5ca6ed56
1788609581548284967	5	499	phase_loop[1076]	1788609577297753	9994	7cc46fd7ece8b1cf	bec100be5ca6ed56
1788609581548284967	5	499	phase_loop[1077]	1788609577307751	9997	24772f852b57517b	bec100be5ca6ed56
1788609581548284967	5	499	phase_loop[1078]	1788609577317752	9995	e5c48e23a99ebb29	bec100be5ca6ed56
1788609581548284967	5	499	phase_loop[1079]	1788609577327752	9998	b53495a5cb8c286e	bec100be5ca6ed56
1788609581548284967	5	499	phase_loop[1080]	1788609577337754	10002	74ee70b6ea8dfcb7	bec100be5ca6ed56
1788609581548284967	5	499	phase_loop[1081]	1788609577347760	9987	c501a74493d50ab4	bec100be5ca6ed56
1788609581548284967	5	499	phase_loop[1082]	1788609577357751	9998	0bb8edb91ae0a2f6	bec100be5ca6ed56
1788609581548284967	5	499	phase_loop[1083]	1788609577367754	9993	e844e7b02fe5b38b	bec100be5ca6ed56
1788609581548284967	5	499	phase_loop[1084]	1788609577377751	9998	e8aa005e170cb4a7	bec100be5ca6ed56
1788609581548284967	5	499	phase_loop[1085]	1788609577387753	9998	734c7d88a69017b4	bec100be5ca6ed56
1788609581548284967	5	499	phase_loop[1086]	1788609577397755	9999	2dcd198efbae6418	bec100be5ca6ed56
1788609581548284967	5	499	phase_loop[1087]	1788609577407758	9989	a420462d2ee008ff	bec100be5ca6ed56
1788609581548284967	5	499	phase_loop[1088]	1788609577417751	9995	3a26e95082415b68	bec100be5ca6ed56
1788609581548284967	5	499	phase_loop[1089]	1788609577427751	10035	0973936862063980	bec100be5ca6ed56
1788609581548284967	5	499	phase_loop[1090]	1788609577437790	9959	6b1a56c3144fbf56	bec100be5ca6ed56
1788609581548284967	5	499	phase_loop[1091]	1788609577447755	10002	8fd262be79d7cf05	bec100be5ca6ed56
1788609581548284967	5	499	phase_loop[1092]	1788609577457761	9987	2ab4e6d75a21ae39	bec100be5ca6ed56
1788609581548284967	5	499	phase_loop[1093]	1788609577467754	10002	60d1e9caa9a6bba8	bec100be5ca6ed56
1788609581548284967	5	499	phase_loop[1094]	1788609577477760	9987	663653e988869915	bec100be5ca6ed56
1788609581548284967	5	499	phase_loop[1095]	1788609577487752	9997	6bc11f77f44fc3ff	bec100be5ca6ed56
1788609581548284967	5	499	phase_loop[1096]	1788609577497753	9995	17388a955a863ca5	bec100be5ca6ed56
1788609581548284967	5	499	phase_loop[1097]	1788609577507753	9993	7c6db7a052a1b4df	bec100be5ca6ed56
1788609581548284967	5	499	phase_loop[1098]	1788609577517750	9996	e8007296412f134d	bec100be5ca6ed56
1788609581548284967	5	499	phase_loop[1099]	1788609577527751	9999	82300305dd2cae35	bec100be5ca6ed56
1788609581548284967	5	499	phase_loop[1100]	1788609577537755	9996	4eeb66f88f7953c7	bec100be5ca6ed56
1788609581548284967	5	499	phase_loop[1101]	1788609577547756	9996	f2d0dbef012d2402	bec100be5ca6ed56
1788609581548284967	5	499	phase_loop[1102]	1788609577557756	9994	73d730c90bc0cc82	bec100be5ca6ed56
1788609581548284967	5	499	phase_loop[1103]	1788609577567755	10000	f87b9cde50b850fd	bec100be5ca6ed56
1788609581548284967	5	499	phase_loop[1104]	1788609577577759	9987	1a4ded758abd2078	bec100be5ca6ed56
1788609581548284967	5	499	phase_loop[1105]	1788609577587751	9995	0fdc9197e7e16023	bec100be5ca6ed56
1788609581548284967	5	499	phase_loop[1106]	1788609577597750	9996	f1a225d74b6d03a0	bec100be5ca6ed56
1788609581548284967	5	499	phase_loop[1107]	1788609577607751	9997	c7bf7677e28bce88	bec100be5ca6ed56
1788609581548284967	5	499	phase_loop[1108]	1788609577617752	9995	25a5e620e668be4e	bec100be5ca6ed56
1788609581548284967	5	499	phase_loop[1109]	1788609577627751	9996	3ac938b293863372	bec100be5ca6ed56
1788609581548284967	5	499	phase_loop[1110]	1788609577637751	9996	c34836e27a678306	bec100be5ca6ed56
1788609581548284967	5	499	phase_loop[1111]	1788609577647752	9995	6ab6ef7434567569	bec100be5ca6ed56
1788609581548284967	5	499	phase_loop[1112]	1788609577657751	9998	ec8983405f69a325	bec100be5ca6ed56
1788609581548284967	5	499	phase_loop[1113]	1788609577667753	9994	608836f5b33b4ae6	bec100be5ca6ed56
1788609581548284967	5	499	phase_loop[1114]	1788609577677751	10000	57f670ecb5f60690	bec100be5ca6ed56
1788609581548284967	5	499	phase_loop[1115]	1788609577687755	9997	f5bdf4c5c637c6cf	bec100be5ca6ed56
1788609581548284967	5	499	phase_loop[1116]	1788609577697755	10000	8b59b00025ffd4e4	bec100be5ca6ed56
1788609581548284967	5	499	phase_loop[1117]	1788609577707759	9989	3849c870afc27128	bec100be5ca6ed56
1788609581548284967	5	499	phase_loop[1118]	1788609577717752	9995	739e9b6c93961ce2	bec100be5ca6ed56
1788609581548284967	5	499	phase_loop[1119]	1788609577727751	9997	36404b03a9173321	bec100be5ca6ed56
1788609581548284967	5	499	phase_loop[1120]	1788609577737752	9994	a2bc53cb7bd26b38	bec100be5ca6ed56
1788609581548284967	5	499	phase_loop[1121]	1788609577747750	9999	a10c4f286839b773	bec100be5ca6ed56
1788609581548284967	5	499	phase_loop[1122]	1788609577757753	10043	21fa9b1393bc667d	bec100be5ca6ed56
1788609581548284967	5	499	phase_loop[1123]	1788609577767803	9946	2720b3a2abaa9b5d	bec100be5ca6ed56
1788609581548284967	5	499	phase_loop[1124]	1788609577777754	10002	1faca3ecc124aec5	bec100be5ca6ed56
1788609581548284967	5	499	phase_loop[1125]	1788609577787761	9988	54bac86ff53fdd86	bec100be5ca6ed56
1788609581548284967	5	499	phase_loop[1126]	1788609577797754	10002	bf63e11019587562	bec100be5ca6ed56
1788609581548284967	5	499	phase_loop[1127]	1788609577807761	9987	f4dff75bdce9efdb	bec100be5ca6ed56
1788609581548284967	5	499	phase_loop[1128]	1788609577817751	9997	b39cc71582d7f174	bec100be5ca6ed56
1788609581548284967	5	499	phase_loop[1129]	1788609577827753	9996	998d73adb1d4afbe	bec100be5ca6ed56
1788609581548284967	5	499	phase_loop[1130]	1788609577837754	10001	45f5053c79bd9206	bec100be5ca6ed56
1788609581548284967	5	499	phase_loop[1131]	1788609577847760	9987	b17deadf9741b8dc	bec100be5ca6ed56
1788609581548284967	5	499	phase_loop[1132]	1788609577857751	9997	1de9555b5c297799	bec100be5ca6ed56
1788609581548284967	5	499	phase_loop[1133]	1788609577867752	9996	0d8fb1009890aef8	bec100be5ca6ed56
1788609581548284967	5	499	phase_loop[1134]	1788609577877752	10002	a1370f29e0a56bcd	bec100be5ca6ed56
1788609581548284967	5	499	phase_loop[1135]	1788609577887759	9989	9d5d031cb97cbc00	bec100be5ca6ed56
1788609581548284967	5	499	phase_loop[1136]	1788609577897751	9995	2a0b33d587014543	bec100be5ca6ed56
1788609581548284967	5	499	phase_loop[1137]	1788609577907751	9997	f685a42b8f780223	bec100be5ca6ed56
1788609581548284967	5	499	phase_loop[1138]	1788609577917753	10002	0264e8f30facda63	bec100be5ca6ed56
1788609581548284967	5	499	phase_loop[1139]	1788609577927760	9996	f5d5a5746b304ec2	bec100be5ca6ed56
1788609581548284967	5	499	phase_loop[1140]	1788609577937759	9988	da517a9f716a7566	bec100be5ca6ed56
1788609581548284967	5	499	phase_loop[1141]	1788609577947751	9998	222008281e93695a	bec100be5ca6ed56
1788609581548284967	5	499	phase_loop[1142]	1788609577957753	10001	4d4ed5a9f479242b	bec100be5ca6ed56
1788609581548284967	5	499	phase_loop[1143]	1788609577967760	9987	5bd661ec7092ae5b	bec100be5ca6ed56
1788609581548284967	5	499	phase_loop[1144]	1788609577977752	9995	b48b05ac111ddd26	bec100be5ca6ed56
1788609581548284967	5	499	phase_loop[1145]	1788609577987751	9997	13849df210488603	bec100be5ca6ed56
1788609581548284967	5	499	phase_loop[1146]	1788609577997752	9996	67cf513b7519df63	bec100be5ca6ed56
1788609581548284967	5	499	phase_loop[1147]	1788609578007751	9996	628234d60f0fd227	bec100be5ca6ed56
1788609581548284967	5	499	phase_loop[1148]	1788609578017751	9997	6baea04bbfa51979	bec100be5ca6ed56
1788609581548284967	5	499	phase_loop[1149]	1788609578027752	9997	df6d5cd1dfcf32b9	bec100be5ca6ed56
1788609581548284967	5	499	phase_loop[1150]	1788609578037752	10002	42961265a36fb4df	bec100be5ca6ed56
1788609581548284967	5	499	phase_loop[1151]	1788609578047759	9990	da8e681358736a36	bec100be5ca6ed56
1788609581548284967	5	499	phase_loop[1152]	1788609578057753	9996	976bec65ffd0e827	bec100be5ca6ed56
1788609581548284967	5	499	phase_loop[1153]	1788609578067753	9994	c0dccf9f05e58595	bec100be5ca6ed56
1788609581548284967	5	499	phase_loop[1154]	1788609578077751	9996	8d5147c17e6ae0ed	bec100be5ca6ed56
1788609581548284967	5	499	phase_loop[1155]	1788609578087752	10038	a134d928068e4aad	bec100be5ca6ed56
1788609581548284967	5	499	phase_loop[1156]	1788609578097794	9954	665dd7bdac1a0bfe	bec100be5ca6ed56
1788609581548284967	5	499	phase_loop[1157]	1788609578107754	9992	d817619e6126c44d	bec100be5ca6ed56
1788609581548284967	5	499	phase_loop[1158]	1788609578117750	9998	8a03ffe213f3d975	bec100be5ca6ed56
1788609581548284967	5	499	phase_loop[1159]	1788609578127754	9996	ea8f17085ecc8657	bec100be5ca6ed56
1788609581548284967	5	499	phase_loop[1160]	1788609578137754	10001	520715efdd51bd67	bec100be5ca6ed56
1788609581548284967	5	499	phase_loop[1161]	1788609578147760	9991	5cf5199c7b7a3a61	bec100be5ca6ed56
1788609581548284967	5	499	phase_loop[1162]	1788609578157755	10002	1ed2afebfe37f406	bec100be5ca6ed56
1788609581548284967	5	499	phase_loop[1163]	1788609578167761	9987	ed05876044f28f66	bec100be5ca6ed56
1788609581548284967	5	499	phase_loop[1164]	1788609578177752	9995	037df1f77a06265f	bec100be5ca6ed56
1788609581548284967	5	499	phase_loop[1165]	1788609578187751	9997	50bd02a824b7e595	bec100be5ca6ed56
1788609581548284967	5	499	phase_loop[1166]	1788609578197752	9999	50be03dd3cd74b71	bec100be5ca6ed56
1788609581548284967	5	499	phase_loop[1167]	1788609578207756	9999	eef02b498bff792d	bec100be5ca6ed56
1788609581548284967	5	499	phase_loop[1168]	1788609578217759	9988	69fa36a3c7bfbf1c	bec100be5ca6ed56
1788609581548284967	5	499	phase_loop[1169]	1788609578227752	9996	501271af8df81a99	bec100be5ca6ed56
1788609581548284967	5	499	phase_loop[1170]	1788609578237752	9994	0fc9f53aa8348d48	bec100be5ca6ed56
1788609581548284967	5	499	phase_loop[1171]	1788609578247750	10000	a31c2d3cb38dda78	bec100be5ca6ed56
1788609581548284967	5	499	phase_loop[1172]	1788609578257755	10000	364a3ae6315067dc	bec100be5ca6ed56
1788609581548284967	5	499	phase_loop[1173]	1788609578267760	9995	4edbcb8516862e0a	bec100be5ca6ed56
1788609581548284967	5	499	phase_loop[1174]	1788609578277759	9986	049987ceba82b838	bec100be5ca6ed56
1788609581548284967	5	499	phase_loop[1175]	1788609578287750	9999	de1cdaa02b29c731	bec100be5ca6ed56
1788609581548284967	5	499	phase_loop[1176]	1788609578297753	10002	11b06486addff657	bec100be5ca6ed56
1788609581548284967	5	499	phase_loop[1177]	1788609578307760	9989	c878dfeb54405d80	bec100be5ca6ed56
1788609581548284967	5	499	phase_loop[1178]	1788609578317753	10001	70879df5a8792953	bec100be5ca6ed56
1788609581548284967	5	499	phase_loop[1179]	1788609578327759	9996	e502785ca3e05904	bec100be5ca6ed56
1788609581548284967	5	499	phase_loop[1180]	1788609578337759	9987	af0b95661885aad4	bec100be5ca6ed56
1788609581548284967	5	499	phase_loop[1181]	1788609578347752	9998	a4ee0a00d6da2602	bec100be5ca6ed56
1788609581548284967	5	499	phase_loop[1182]	1788609578357754	9994	e54b02c32283bfb9	bec100be5ca6ed56
1788609581548284967	5	499	phase_loop[1183]	1788609578367752	9995	5b7dd5828c71983a	bec100be5ca6ed56
1788609581548284967	5	499	phase_loop[1184]	1788609578377751	9995	645db7a4774e3aec	bec100be5ca6ed56
1788609581548284967	5	499	phase_loop[1185]	1788609578387751	9998	db86e35af469dfeb	bec100be5ca6ed56
1788609581548284967	5	499	phase_loop[1186]	1788609578397753	9995	c6995ab54c6711bc	bec100be5ca6ed56
1788609581548284967	5	499	phase_loop[1187]	1788609578407752	9993	176d74729f6cdfd5	bec100be5ca6ed56
1788609581548284967	5	499	phase_loop[1188]	1788609578417749	10033	aeb6c2d4b72433f7	bec100be5ca6ed56
1788609581548284967	5	499	phase_loop[1189]	1788609578427787	9963	7114b4bb733e1471	bec100be5ca6ed56
1788609581548284967	5	499	phase_loop[1190]	1788609578437755	10000	4a39cfbd9782cedd	bec100be5ca6ed56
1788609581548284967	5	499	phase_loop[1191]	1788609578447760	9989	e743994d2d7a9cc6	bec100be5ca6ed56
1788609581548284967	5	499	phase_loop[1192]	1788609578457754	9995	3410a13eb76dad24	bec100be5ca6ed56
1788609581548284967	5	499	phase_loop[1193]	1788609578467753	9994	278df66b61aac748	bec100be5ca6ed56
1788609581548284967	5	499	phase_loop[1194]	1788609578477752	9995	e29a25ec6dcb7909	bec100be5ca6ed56
1788609581548284967	5	499	phase_loop[1195]	1788609578487751	9998	73f2c4d48d8828f1	bec100be5ca6ed56
1788609581548284967	5	499	phase_loop[1196]	1788609578497754	10002	45f3882192dc8816	bec100be5ca6ed56
1788609581548284967	5	499	phase_loop[1197]	1788609578507761	9988	91abdc2cdd1e86eb	bec100be5ca6ed56
1788609581548284967	5	499	phase_loop[1198]	1788609578517753	9997	b4b2d333c615ed1d	bec100be5ca6ed56
1788609581548284967	5	499	phase_loop[1199]	1788609578527754	9993	cda8f8a976d90ca4	bec100be5ca6ed56
1788609581548284967	5	499	phase_loop[1200]	1788609578537751	9998	293ca95fffe3016b	bec100be5ca6ed56
1788609581548284967	5	499	phase_loop[1201]	1788609578547754	9996	e8d4d69edb32a841	bec100be5ca6ed56
1788609581548284967	5	499	phase_loop[1202]	1788609578557755	10001	a4a351419b4176d6	bec100be5ca6ed56
1788609581548284967	5	499	phase_loop[1203]	1788609578567760	9996	703c6139c8999d06	bec100be5ca6ed56
1788609581548284967	5	499	phase_loop[1204]	1788609578577761	9988	f1198a19eef8c660	bec100be5ca6ed56
1788609581548284967	5	499	phase_loop[1205]	1788609578587754	10001	26139a20f769ce6d	bec100be5ca6ed56
1788609581548284967	5	499	phase_loop[1206]	1788609578597759	9988	c02d3c9e08be9991	bec100be5ca6ed56
1788609581548284967	5	499	phase_loop[1207]	1788609578607752	9996	6d86b9f2e1695b1c	bec100be5ca6ed56
1788609581548284967	5	499	phase_loop[1208]	1788609578617752	9995	ee3046d4a44c1287	bec100be5ca6ed56
1788609581548284967	5	499	phase_loop[1209]	1788609578627752	9997	38e66c7b4297b8d7	bec100be5ca6ed56
1788609581548284967	5	499	phase_loop[1210]	1788609578637753	10002	42eaaf9949dbbc7e	bec100be5ca6ed56
1788609581548284967	5	499	phase_loop[1211]	1788609578647759	9989	da9ef7da56474606	bec100be5ca6ed56
1788609581548284967	5	499	phase_loop[1212]	1788609578657752	9998	c9597d0f44b1b8d2	bec100be5ca6ed56
1788609581548284967	5	499	phase_loop[1213]	1788609578667755	10000	1ad184d4dc0ae483	bec100be5ca6ed56
1788609581548284967	5	499	phase_loop[1214]	1788609578677759	9987	a851337244d0330f	bec100be5ca6ed56
1788609581548284967	5	499	phase_loop[1215]	1788609578687751	9998	026166fc8ef9f5f9	bec100be5ca6ed56
1788609581548284967	5	499	phase_loop[1216]	1788609578697753	9994	b46ddfdcf33579cc	bec100be5ca6ed56
1788609581548284967	5	499	phase_loop[1217]	1788609578707752	9993	06cbad55f12e018a	bec100be5ca6ed56
1788609581548284967	5	499	phase_loop[1218]	1788609578717749	9998	1de06476fcee95b7	bec100be5ca6ed56
1788609581548284967	5	499	phase_loop[1219]	1788609578727752	9998	13e1a96ddc6aa6ad	bec100be5ca6ed56
1788609581548284967	5	499	phase_loop[1220]	1788609578737755	10001	55fecd2e73715174	bec100be5ca6ed56
1788609581548284967	5	499	phase_loop[1221]	1788609578747760	10026	aacbb21dc0525134	bec100be5ca6ed56
1788609581548284967	5	499	phase_loop[1222]	1788609578757791	9959	aa7e8c87c0dd0681	bec100be5ca6ed56
1788609581548284967	5	499	phase_loop[1223]	1788609578767755	10002	9cde4423ad11c5ec	bec100be5ca6ed56
1788609581548284967	5	499	phase_loop[1224]	1788609578777762	9984	81db7cc2e6a0824b	bec100be5ca6ed56
1788609581548284967	5	499	phase_loop[1225]	1788609578787751	9997	984b7fd36ed52e75	bec100be5ca6ed56
1788609581548284967	5	499	phase_loop[1226]	1788609578797752	9996	ba4085137e950dbe	bec100be5ca6ed56
1788609581548284967	5	499	phase_loop[1227]	1788609578807753	9994	ece4ec5420678a11	bec100be5ca6ed56
1788609581548284967	5	499	phase_loop[1228]	1788609578817751	9997	0592d1413f538792	bec100be5ca6ed56
1788609581548284967	5	499	phase_loop[1229]	1788609578827752	9997	b58de74e5eb5e610	bec100be5ca6ed56
1788609581548284967	5	499	phase_loop[1230]	1788609578837753	10003	abace5a70f8e00df	bec100be5ca6ed56
1788609581548284967	5	499	phase_loop[1231]	1788609578847761	9987	c08902fd6d85f19c	bec100be5ca6ed56
1788609581548284967	5	499	phase_loop[1232]	1788609578857752	9999	a99f89a6b7dbd4b5	bec100be5ca6ed56
1788609581548284967	5	499	phase_loop[1233]	1788609578867756	9999	6492765e39c3e0f1	bec100be5ca6ed56
1788609581548284967	5	499	phase_loop[1234]	1788609578877760	9987	af80f19aa6527e58	bec100be5ca6ed56
1788609581548284967	5	499	phase_loop[1235]	1788609578887751	9997	29d5612d45dbec0a	bec100be5ca6ed56
1788609581548284967	5	499	phase_loop[1236]	1788609578897752	9997	6ee4beaff9dcba6c	bec100be5ca6ed56
1788609581548284967	5	499	phase_loop[1237]	1788609578907753	10003	182cefc3ae76a708	bec100be5ca6ed56
1788609581548284967	5	499	phase_loop[1238]	1788609578917760	9985	b404c2c1376e0421	bec100be5ca6ed56
1788609581548284967	5	499	phase_loop[1239]	1788609578927750	9999	75b2e22015beba82	bec100be5ca6ed56
1788609581548284967	5	499	phase_loop[1240]	1788609578937753	10002	28676a015294d73d	bec100be5ca6ed56
1788609581548284967	5	499	phase_loop[1241]	1788609578947760	9988	033a76029318edaf	bec100be5ca6ed56
1788609581548284967	5	499	phase_loop[1242]	1788609578957752	9996	25a9048d2fee1669	bec100be5ca6ed56
1788609581548284967	5	499	phase_loop[1243]	1788609578967753	9995	8df49de0e80eab5d	bec100be5ca6ed56
1788609581548284967	5	499	phase_loop[1244]	1788609578977753	9993	639aee81e5be619d	bec100be5ca6ed56
1788609581548284967	5	499	phase_loop[1245]	1788609578987751	9996	2d792aebff5387cb	bec100be5ca6ed56
1788609581548284967	5	499	phase_loop[1246]	1788609578997751	9997	e034916e6288669a	bec100be5ca6ed56
1788609581548284967	5	499	phase_loop[1247]	1788609579007753	9995	a4f526b7c9eefcce	bec100be5ca6ed56
1788609581548284967	5	499	phase_loop[1248]	1788609579017752	9996	4cac63e00676cd60	bec100be5ca6ed56
1788609581548284967	5	499	phase_loop[1249]	1788609579027752	9998	298fe1a271b70de7	bec100be5ca6ed56
1788609581548284967	5	499	phase_loop[1250]	1788609579037754	10001	edc31d3a579acf72	bec100be5ca6ed56
1788609581548284967	5	499	phase_loop[1251]	1788609579047759	9991	73b48980402250d2	bec100be5ca6ed56
1788609581548284967	5	499	phase_loop[1252]	1788609579057754	10000	ddf23fec0a593d19	bec100be5ca6ed56
1788609581548284967	5	499	phase_loop[1253]	1788609579067759	9988	ee241645446d2b67	bec100be5ca6ed56
1788609581548284967	5	499	phase_loop[1254]	1788609579077751	10033	9aa0a500df2c60d8	bec100be5ca6ed56
1788609581548284967	5	499	phase_loop[1255]	1788609579087789	9961	f929afe6264752cf	bec100be5ca6ed56
1788609581548284967	5	499	phase_loop[1256]	1788609579097755	10001	eaa90e9d6f797125	bec100be5ca6ed56
1788609581548284967	5	499	phase_loop[1257]	1788609579107761	9985	4c0da614edbd94f3	bec100be5ca6ed56
1788609581548284967	5	499	phase_loop[1258]	1788609579117751	9997	bfa35c44adbdccf6	bec100be5ca6ed56
1788609581548284967	5	499	phase_loop[1259]	1788609579127752	9996	ab41967e96cdade8	bec100be5ca6ed56
1788609581548284967	5	499	phase_loop[1260]	1788609579137752	9995	594998367d14434c	bec100be5ca6ed56
1788609581548284967	5	499	phase_loop[1261]	1788609579147752	9998	3a7e8be10174d020	bec100be5ca6ed56
1788609581548284967	5	499	phase_loop[1262]	1788609579157753	10001	81f2e331f2795295	bec100be5ca6ed56
1788609581548284967	5	499	phase_loop[1263]	1788609579167759	9997	fb58b87cfdc49189	bec100be5ca6ed56
1788609581548284967	5	499	phase_loop[1264]	1788609579177760	9987	232fec7908f257f7	bec100be5ca6ed56
1788609581548284967	5	499	phase_loop[1265]	1788609579187752	9996	ebd0af05368478ee	bec100be5ca6ed56
1788609581548284967	5	499	phase_loop[1266]	1788609579197753	9995	4a0a1587b26dd3f2	bec100be5ca6ed56
1788609581548284967	5	499	phase_loop[1267]	1788609579207752	9993	615a26e99e9b5dff	bec100be5ca6ed56
1788609581548284967	5	499	phase_loop[1268]	1788609579217749	9998	204b4904179f462e	bec100be5ca6ed56
1788609581548284967	5	499	phase_loop[1269]	1788609579227752	9995	be32646dc940f6fe	bec100be5ca6ed56
1788609581548284967	5	499	phase_loop[1270]	1788609579237751	9997	cc7d87ef86a93145	bec100be5ca6ed56
1788609581548284967	5	499	phase_loop[1271]	1788609579247753	10003	d9532712dea9055b	bec100be5ca6ed56
1788609581548284967	5	499	phase_loop[1272]	1788609579257760	9996	49c8e685cf3d5f5a	bec100be5ca6ed56
1788609581548284967	5	499	phase_loop[1273]	1788609579267760	9995	d939c5bdccfda20f	bec100be5ca6ed56
1788609581548284967	5	499	phase_loop[1274]	1788609579277759	9987	561454e1438c86cd	bec100be5ca6ed56
1788609581548284967	5	499	phase_loop[1275]	1788609579287752	9997	fb1967c08992c260	bec100be5ca6ed56
1788609581548284967	5	499	phase_loop[1276]	1788609579297752	9996	954b3e4deb004db1	bec100be5ca6ed56
1788609581548284967	5	499	phase_loop[1277]	1788609579307753	10002	2860030bc8eca985	bec100be5ca6ed56
1788609581548284967	5	499	phase_loop[1278]	1788609579317759	9988	d86239b7a5e5854a	bec100be5ca6ed56
1788609581548284967	5	499	phase_loop[1279]	1788609579327753	9995	f24ff3b4bdc7e128	bec100be5ca6ed56
1788609581548284967	5	499	phase_loop[1280]	1788609579337752	9995	3b5052f9d310d80b	bec100be5ca6ed56
1788609581548284967	5	499	phase_loop[1281]	1788609579347752	9998	08cd605793a18bfc	bec100be5ca6ed56
1788609581548284967	5	499	phase_loop[1282]	1788609579357754	10002	a0e4131cfa32b08a	bec100be5ca6ed56
1788609581548284967	5	499	phase_loop[1283]	1788609579367761	9987	f3aa942d822519a4	bec100be5ca6ed56
1788609581548284967	5	499	phase_loop[1284]	1788609579377752	9995	05f8b9a298c85694	bec100be5ca6ed56
1788609581548284967	5	499	phase_loop[1285]	1788609579387752	9996	3a99cfa244fc54af	bec100be5ca6ed56
1788609581548284967	5	499	phase_loop[1286]	1788609579397752	9996	0d1c6d6cb388702f	bec100be5ca6ed56
1788609581548284967	5	499	phase_loop[1287]	1788609579407753	10029	2fa8c6defa0d695e	bec100be5ca6ed56
1788609581548284967	5	499	phase_loop[1288]	1788609579417786	9962	3fbd06109fffafd8	bec100be5ca6ed56
1788609581548284967	5	499	phase_loop[1289]	1788609579427754	10002	ddc128e76620f77c	bec100be5ca6ed56
1788609581548284967	5	499	phase_loop[1290]	1788609579437761	9988	c9f279ecf687cfd4	bec100be5ca6ed56
1788609581548284967	5	499	phase_loop[1291]	1788609579447753	9999	31d1e916c98f438b	bec100be5ca6ed56
1788609581548284967	5	499	phase_loop[1292]	1788609579457756	9992	8bbf9203a8b8fdb2	bec100be5ca6ed56
1788609581548284967	5	499	phase_loop[1293]	1788609579467753	9994	3484c779200947c9	bec100be5ca6ed56
1788609581548284967	5	499	phase_loop[1294]	1788609579477751	9999	8c7d56468a294bea	bec100be5ca6ed56
1788609581548284967	5	499	phase_loop[1295]	1788609579487755	10001	cba1be3105e74871	bec100be5ca6ed56
1788609581548284967	5	499	phase_loop[1296]	1788609579497760	9988	b5b57666b2e16cc0	bec100be5ca6ed56
1788609581548284967	5	499	phase_loop[1297]	1788609579507752	9994	3ed0ae43ed54dbcb	bec100be5ca6ed56
1788609581548284967	5	499	phase_loop[1298]	1788609579517750	9998	6875be73c135a3a9	bec100be5ca6ed56
1788609581548284967	5	499	phase_loop[1299]	1788609579527752	9996	31c63218309e6d53	bec100be5ca6ed56
1788609581548284967	5	499	phase_loop[1300]	1788609579537753	9995	00795addc464448a	bec100be5ca6ed56
1788609581548284967	5	499	phase_loop[1301]	1788609579547752	9996	5d332ad838a7d23e	bec100be5ca6ed56
1788609581548284967	5	499	phase_loop[1302]	1788609579557752	9995	0ee57a6e86bb2ccf	bec100be5ca6ed56
1788609581548284967	5	499	phase_loop[1303]	1788609579567752	9996	c463aafb015dc6f3	bec100be5ca6ed56
1788609581548284967	5	499	phase_loop[1304]	1788609579577752	9996	5bbab3360b2ee269	bec100be5ca6ed56
1788609581548284967	5	499	phase_loop[1305]	1788609579587753	9999	42deba63c22d22f1	bec100be5ca6ed56
1788609581548284967	5	499	phase_loop[1306]	1788609579597756	9999	4aef051ec7dde8a0	bec100be5ca6ed56
1788609581548284967	5	499	phase_loop[1307]	1788609579607760	9988	0d2859f6a9d5988e	bec100be5ca6ed56
1788609581548284967	5	499	phase_loop[1308]	1788609579617753	9995	e8861997192ffff0	bec100be5ca6ed56
1788609581548284967	5	499	phase_loop[1309]	1788609579627752	9995	fe0fc1cd73c5698f	bec100be5ca6ed56
1788609581548284967	5	499	phase_loop[1310]	1788609579637752	9996	e01b8dd76178c6b1	bec100be5ca6ed56
1788609581548284967	5	499	phase_loop[1311]	1788609579647752	9995	7e5a4c1c42a7e1cb	bec100be5ca6ed56
1788609581548284967	5	499	phase_loop[1312]	1788609579657751	9995	b6a47e697cfa64c9	bec100be5ca6ed56
1788609581548284967	5	499	phase_loop[1313]	1788609579667751	9995	2b0f6f57c293911a	bec100be5ca6ed56
1788609581548284967	5	499	phase_loop[1314]	1788609579677749	10001	605f1c185677e15e	bec100be5ca6ed56
1788609581548284967	5	499	phase_loop[1315]	1788609579687755	10000	80bc265873c97b25	bec100be5ca6ed56
1788609581548284967	5	499	phase_loop[1316]	1788609579697760	9995	c0631130cd8e868f	bec100be5ca6ed56
1788609581548284967	5	499	phase_loop[1317]	1788609579707759	9995	24bf9b30e9d856af	bec100be5ca6ed56
1788609581548284967	5	499	phase_loop[1318]	1788609579717759	9989	778821e93d282898	bec100be5ca6ed56
1788609581548284967	5	499	phase_loop[1319]	1788609579727752	9996	5360f6939ac08991	bec100be5ca6ed56
1788609581548284967	5	499	phase_loop[1320]	1788609579737752	10031	8679c2c6870d76da	bec100be5ca6ed56
1788609581548284967	5	499	phase_loop[1321]	1788609579747789	9963	5858f988a2393eb7	bec100be5ca6ed56
1788609581548284967	5	499	phase_loop[1322]	1788609579757756	10000	31cd669348dce398	bec100be5ca6ed56
1788609581548284967	5	499	phase_loop[1323]	1788609579767763	9986	52c31b294c1c9990	bec100be5ca6ed56
1788609581548284967	5	499	phase_loop[1324]	1788609579777753	10002	f708fc2b55bf3d12	bec100be5ca6ed56
1788609581548284967	5	499	phase_loop[1325]	1788609579787760	9990	54df1e39be4d9997	bec100be5ca6ed56
1788609581548284967	5	499	phase_loop[1326]	1788609579797754	10001	af2e12e848ca152c	bec100be5ca6ed56
1788609581548284967	5	499	phase_loop[1327]	1788609579807759	9990	f2a9c54cfe315975	bec100be5ca6ed56
1788609581548284967	5	499	phase_loop[1328]	1788609579817753	10001	f9425d1ff3a2bff1	bec100be5ca6ed56
1788609581548284967	5	499	phase_loop[1329]	1788609579827760	9996	bd2c282f55ddc07c	bec100be5ca6ed56
1788609581548284967	5	499	phase_loop[1330]	1788609579837760	9987	9325480d1bdd6f25	bec100be5ca6ed56
1788609581548284967	5	499	phase_loop[1331]	1788609579847752	9996	7756f97773a437c3	bec100be5ca6ed56
1788609581548284967	5	499	phase_loop[1332]	1788609579857752	9994	0c3ce0a6f2b85010	bec100be5ca6ed56
1788609581548284967	5	499	phase_loop[1333]	1788609579867751	9997	170e95e7864fdd93	bec100be5ca6ed56
1788609581548284967	5	499	phase_loop[1334]	1788609579877751	9996	5393187bb2a1df04	bec100be5ca6ed56
1788609581548284967	5	499	phase_loop[1335]	1788609579887752	9996	36f6f183abd18da6	bec100be5ca6ed56
1788609581548284967	5	499	phase_loop[1336]	1788609579897753	9996	57820b53b4b1747d	bec100be5ca6ed56
1788609581548284967	5	499	phase_loop[1337]	1788609579907753	9996	0a22f93a97ee2409	bec100be5ca6ed56
1788609581548284967	5	499	phase_loop[1338]	1788609579917752	9994	cab5eee0116608a3	bec100be5ca6ed56
1788609581548284967	5	499	phase_loop[1339]	1788609579927751	9998	b4387ab041b14806	bec100be5ca6ed56
1788609581548284967	5	499	phase_loop[1340]	1788609579937753	9995	eb30bcab8cebcf55	bec100be5ca6ed56
1788609581548284967	5	499	phase_loop[1341]	1788609579947753	9994	a700652fcdc6ee3a	bec100be5ca6ed56
1788609581548284967	5	499	phase_loop[1342]	1788609579957751	10000	36fc23146d49c92a	bec100be5ca6ed56
1788609581548284967	5	499	phase_loop[1343]	1788609579967756	9999	e0f767e1ca3a32d5	bec100be5ca6ed56
1788609581548284967	5	499	phase_loop[1344]	1788609579977760	9995	6405372640c90261	bec100be5ca6ed56
1788609581548284967	5	499	phase_loop[1345]	1788609579987760	9987	bd454271081261f0	bec100be5ca6ed56
1788609581548284967	5	499	phase_loop[1346]	1788609579997751	9996	ae811192db8a8d2e	bec100be5ca6ed56
1788609581548284967	5	499	phase_loop[1347]	1788609580007753	9995	e0aaf20f0c34f542	bec100be5ca6ed56
1788609581548284967	5	499	phase_loop[1348]	1788609580017752	9996	0916069716e0b0aa	bec100be5ca6ed56
1788609581548284967	5	499	phase_loop[1349]	1788609580027753	10003	df9ff86206c0d395	bec100be5ca6ed56
1788609581548284967	5	499	phase_loop[1350]	1788609580037759	9989	5ad8fc57b5856ec6	bec100be5ca6ed56
1788609581548284967	5	499	phase_loop[1351]	1788609580047752	9996	3dd93d23ba7bc831	bec100be5ca6ed56
1788609581548284967	5	499	phase_loop[1352]	1788609580057752	9998	2f76e0594eff5536	bec100be5ca6ed56
1788609581548284967	5	499	phase_loop[1353]	1788609580067754	10029	385066428b9d97c3	bec100be5ca6ed56
1788609581548284967	5	499	phase_loop[1354]	1788609580077788	9961	9897e49eb6df2e64	bec100be5ca6ed56
1788609581548284967	5	499	phase_loop[1355]	1788609580087756	10001	1b0724c02f13525c	bec100be5ca6ed56
1788609581548284967	5	499	phase_loop[1356]	1788609580097761	9989	2f150d9af1e573b5	bec100be5ca6ed56
1788609581548284967	5	499	phase_loop[1357]	1788609580107754	10000	7fcafcfab51a02e1	bec100be5ca6ed56
1788609581548284967	5	499	phase_loop[1358]	1788609580117759	9991	ce334bde7acbbc74	bec100be5ca6ed56
1788609581548284967	5	499	phase_loop[1359]	1788609580127755	9995	4fa905d56556bd4a	bec100be5ca6ed56
1788609581548284967	5	499	phase_loop[1360]	1788609580137754	10001	5e6d86df77901393	bec100be5ca6ed56
1788609581548284967	5	499	phase_loop[1361]	1788609580147759	9996	94f47253586828fa	bec100be5ca6ed56
1788609581548284967	5	499	phase_loop[1362]	1788609580157759	9989	ec83fb9e8a070523	bec100be5ca6ed56
1788609581548284967	5	499	phase_loop[1363]	1788609580167754	9994	1b2bce955acd8656	bec100be5ca6ed56
1788609581548284967	5	499	phase_loop[1364]	1788609580177752	9993	94443de6a0615119	bec100be5ca6ed56
1788609581548284967	5	499	phase_loop[1365]	1788609580187750	9999	a8ac8ca348a31d95	bec100be5ca6ed56
1788609581548284967	5	499	phase_loop[1366]	1788609580197753	9995	4a6b877f6417408d	bec100be5ca6ed56
1788609581548284967	5	499	phase_loop[1367]	1788609580207752	9996	48dc7d0d1eb2d05c	bec100be5ca6ed56
1788609581548284967	5	499	phase_loop[1368]	1788609580217752	9994	86462ead9660d086	bec100be5ca6ed56
1788609581548284967	5	499	phase_loop[1369]	1788609580227751	9999	1e78d33a749efa18	bec100be5ca6ed56
1788609581548284967	5	499	phase_loop[1370]	1788609580237754	10000	ffb513ad878ddf48	bec100be5ca6ed56
1788609581548284967	5	499	phase_loop[1371]	1788609580247760	9987	96ecb7a27b350776	bec100be5ca6ed56
1788609581548284967	5	499	phase_loop[1372]	1788609580257751	9996	3d44e8f77f1b3261	bec100be5ca6ed56
1788609581548284967	5	499	phase_loop[1373]	1788609580267752	9998	072cf727feb15931	bec100be5ca6ed56
1788609581548284967	5	499	phase_loop[1374]	1788609580277754	9994	ce521609de582390	bec100be5ca6ed56
1788609581548284967	5	499	phase_loop[1375]	1788609580287752	9997	7186bfcbbbbadd5f	bec100be5ca6ed56
1788609581548284967	5	499	phase_loop[1376]	1788609580297753	9996	6d3a26d626bced60	bec100be5ca6ed56
1788609581548284967	5	499	phase_loop[1377]	1788609580307753	10002	0d405130c7a6055f	bec100be5ca6ed56
1788609581548284967	5	499	phase_loop[1378]	1788609580317760	9988	8f65b1f5cebea428	bec100be5ca6ed56
1788609581548284967	5	499	phase_loop[1379]	1788609580327753	9996	8cdafd9982df564c	bec100be5ca6ed56
1788609581548284967	5	499	phase_loop[1380]	1788609580337753	10002	c8a654d610d22c9b	bec100be5ca6ed56
1788609581548284967	5	499	phase_loop[1381]	1788609580347760	9990	62a056fa88b9420b	bec100be5ca6ed56
1788609581548284967	5	499	phase_loop[1382]	1788609580357754	10001	98be8dab2ea3a867	bec100be5ca6ed56
1788609581548284967	5	499	phase_loop[1383]	1788609580367761	9988	3186fc7bf0ccea98	bec100be5ca6ed56
1788609581548284967	5	499	phase_loop[1384]	1788609580377752	9996	2b0b9862399a9647	bec100be5ca6ed56
1788609581548284967	5	499	phase_loop[1385]	1788609580387753	10003	c364ebd074c6e926	bec100be5ca6ed56
1788609581548284967	5	499	phase_loop[1386]	1788609580397760	10038	a4c36c4506b7c4f4	bec100be5ca6ed56
1788609581548284967	5	499	phase_loop[1387]	1788609580407803	9944	f449fb286491e389	bec100be5ca6ed56
1788609581548284967	5	499	phase_loop[1388]	1788609580417751	10000	3c67e6ee1e853b0e	bec100be5ca6ed56
1788609581548284967	5	499	phase_loop[1389]	1788609580427756	10000	7f2de81391414ab2	bec100be5ca6ed56
1788609581548284967	5	499	phase_loop[1390]	1788609580437760	9995	ef04cb0d89698673	bec100be5ca6ed56
1788609581548284967	5	499	phase_loop[1391]	1788609580447760	9991	ff3fd742cbe9c107	bec100be5ca6ed56
1788609581548284967	5	499	phase_loop[1392]	1788609580457755	10000	def2025f7251c0ce	bec100be5ca6ed56
1788609581548284967	5	499	phase_loop[1393]	1788609580467759	9996	ea11d76e1af4dbe0	bec100be5ca6ed56
1788609581548284967	5	499	phase_loop[1394]	1788609580477760	9987	c9ec308522164ccb	bec100be5ca6ed56
1788609581548284967	5	499	phase_loop[1395]	1788609580487752	9998	f8bf9f7869a0c8f3	bec100be5ca6ed56
1788609581548284967	5	499	phase_loop[1396]	1788609580497753	10002	a3d3beade853c935	bec100be5ca6ed56
1788609581548284967	5	499	phase_loop[1397]	1788609580507760	9988	b24e8d320267c56e	bec100be5ca6ed56
1788609581548284967	5	499	phase_loop[1398]	1788609580517752	10004	24e94987070e9f25	bec100be5ca6ed56
1788609581548284967	5	499	phase_loop[1399]	1788609580527761	9987	75b219ca6fe68334	bec100be5ca6ed56
1788609581548284967	5	499	phase_loop[1400]	1788609580537753	10003	7e856f041e8d29f3	bec100be5ca6ed56
1788609581548284967	5	499	phase_loop[1401]	1788609580547761	9989	dd991dd71cd88276	bec100be5ca6ed56
1788609581548284967	5	499	phase_loop[1402]	1788609580557754	10000	99ae602c65dd5bf2	bec100be5ca6ed56
1788609581548284967	5	499	phase_loop[1403]	1788609580567761	9990	d6b9b2313cc26c8a	bec100be5ca6ed56
1788609581548284967	5	499	phase_loop[1404]	1788609580577755	9993	c76c62e44705abea	bec100be5ca6ed56
1788609581548284967	5	499	phase_loop[1405]	1788609580587752	9998	3f66b9fef0725782	bec100be5ca6ed56
1788609581548284967	5	499	phase_loop[1406]	1788609580597755	10001	7702e71497cebaf3	bec100be5ca6ed56
1788609581548284967	5	499	phase_loop[1407]	1788609580607761	9986	eec7068f0cf5e1f9	bec100be5ca6ed56
1788609581548284967	5	499	phase_loop[1408]	1788609580617751	9996	f8ff91e066c790ca	bec100be5ca6ed56
1788609581548284967	5	499	phase_loop[1409]	1788609580627752	9995	bd026adc85fff56a	bec100be5ca6ed56
1788609581548284967	5	499	phase_loop[1410]	1788609580637751	10000	719b1531cc62d562	bec100be5ca6ed56
1788609581548284967	5	499	phase_loop[1411]	1788609580647756	10000	1da1221c2a92c9da	bec100be5ca6ed56
1788609581548284967	5	499	phase_loop[1412]	1788609580657760	9995	47f7249c4c7e0c12	bec100be5ca6ed56
1788609581548284967	5	499	phase_loop[1413]	1788609580667759	9996	9ecd1f6409f55402	bec100be5ca6ed56
1788609581548284967	5	499	phase_loop[1414]	1788609580677759	9988	7584a6453d6796ce	bec100be5ca6ed56
1788609581548284967	5	499	phase_loop[1415]	1788609580687753	9996	a25bb0ce4e836f50	bec100be5ca6ed56
1788609581548284967	5	499	phase_loop[1416]	1788609580697753	9994	f558669457033624	bec100be5ca6ed56
1788609581548284967	5	499	phase_loop[1417]	1788609580707752	9994	aef9cd59d3a36a6d	bec100be5ca6ed56
1788609581548284967	5	499	phase_loop[1418]	1788609580717750	9998	2d6ca4b49f8f02d5	bec100be5ca6ed56
1788609581548284967	5	499	phase_loop[1419]	1788609580727753	10034	1795397c628be965	bec100be5ca6ed56
1788609581548284967	5	499	phase_loop[1420]	1788609580737791	9958	b17edc58cab75841	bec100be5ca6ed56
1788609581548284967	5	499	phase_loop[1421]	1788609580747755	10002	ae137de1d60db1ac	bec100be5ca6ed56
1788609581548284967	5	499	phase_loop[1422]	1788609580757761	9987	87859fdfa2410a8e	bec100be5ca6ed56
1788609581548284967	5	499	phase_loop[1423]	1788609580767753	9994	c07934ef592104b6	bec100be5ca6ed56
1788609581548284967	5	499	phase_loop[1424]	1788609580777752	9994	45c431d247bda9d2	bec100be5ca6ed56
1788609581548284967	5	499	phase_loop[1425]	1788609580787750	9997	ba03fa14c7168ea7	bec100be5ca6ed56
1788609581548284967	5	499	phase_loop[1426]	1788609580797752	9996	c46c63080635f730	bec100be5ca6ed56
1788609581548284967	5	499	phase_loop[1427]	1788609580807753	10003	9792d9ceb74ceba5	bec100be5ca6ed56
1788609581548284967	5	499	phase_loop[1428]	1788609580817760	9987	712427d505b2f7f5	bec100be5ca6ed56
1788609581548284967	5	499	phase_loop[1429]	1788609580827751	9999	b85dca9e0ab5f4ab	bec100be5ca6ed56
1788609581548284967	5	499	phase_loop[1430]	1788609580837755	10000	3c84861f1ccee7ca	bec100be5ca6ed56
1788609581548284967	5	499	phase_loop[1431]	1788609580847760	9988	9a97a15feaa383b3	bec100be5ca6ed56
1788609581548284967	5	499	phase_loop[1432]	1788609580857752	9998	22b0441ef16a2df3	bec100be5ca6ed56
1788609581548284967	5	499	phase_loop[1433]	1788609580867755	10001	3e1f2804a900d833	bec100be5ca6ed56
1788609581548284967	5	499	phase_loop[1434]	1788609580877760	9987	f6fc3f7a21f33b38	bec100be5ca6ed56
1788609581548284967	5	499	phase_loop[1435]	1788609580887752	10000	65f3c17bdd2aead0	bec100be5ca6ed56
1788609581548284967	5	499	phase_loop[1436]	1788609580897756	9999	b970cf7735296d29	bec100be5ca6ed56
1788609581548284967	5	499	phase_loop[1437]	1788609580907760	9988	7626dfb2342f45cb	bec100be5ca6ed56
1788609581548284967	5	499	phase_loop[1438]	1788609580917752	10004	ab77a736b8f593fc	bec100be5ca6ed56
1788609581548284967	5	499	phase_loop[1439]	1788609580927761	9988	5c4ba783d38ba588	bec100be5ca6ed56
1788609581548284967	5	499	phase_loop[1440]	1788609580937753	9995	af1d5a46792de56f	bec100be5ca6ed56
1788609581548284967	5	499	phase_loop[1441]	1788609580947753	9994	2387c45356bb79dd	bec100be5ca6ed56
1788609581548284967	5	499	phase_loop[1442]	1788609580957751	9997	528f5a298e40f629	bec100be5ca6ed56
1788609581548284967	5	499	phase_loop[1443]	1788609580967753	9994	b68bfd70c4bd9ef5	bec100be5ca6ed56
1788609581548284967	5	499	phase_loop[1444]	1788609580977751	9995	147efdaee605cf12	bec100be5ca6ed56
1788609581548284967	5	499	phase_loop[1445]	1788609580987751	9996	fdd709c0d8ea713f	bec100be5ca6ed56
1788609581548284967	5	499	phase_loop[1446]	1788609580997751	9997	8cae1c5789602b40	bec100be5ca6ed56
1788609581548284967	5	499	phase_loop[1447]	1788609581007753	10002	8e8879e6184d5995	bec100be5ca6ed56
1788609581548284967	5	499	phase_loop[1448]	1788609581017759	9988	6afc36bb786cc1e1	bec100be5ca6ed56
1788609581548284967	5	499	phase_loop[1449]	1788609581027751	9998	3a068d0df6f6f2f7	bec100be5ca6ed56
1788609581548284967	5	499	phase_loop[1450]	1788609581037754	10002	ad0495c63a17d4d9	bec100be5ca6ed56
1788609581548284967	5	499	phase_loop[1451]	1788609581047762	9987	67c9b6cae6ecf964	bec100be5ca6ed56
1788609581548284967	5	499	phase_loop[1452]	1788609581057752	10050	7f52f70197868ea9	bec100be5ca6ed56
1788609581548284967	5	499	phase_loop[1453]	1788609581067813	9936	df9184391aec11c1	bec100be5ca6ed56
1788609581548284967	5	499	phase_loop[1454]	1788609581077754	9995	094ba2a3141d024b	bec100be5ca6ed56
1788609581548284967	5	499	phase_loop[1455]	1788609581087755	10001	a1ff3d2b5ffcda56	bec100be5ca6ed56
1788609581548284967	5	499	phase_loop[1456]	1788609581097761	9987	000314194c0807be	bec100be5ca6ed56
1788609581548284967	5	499	phase_loop[1457]	1788609581107753	9995	5a916341c28fc6b7	bec100be5ca6ed56
1788609581548284967	5	499	phase_loop[1458]	1788609581117752	9994	042d8ef6672fd293	bec100be5ca6ed56
1788609581548284967	5	499	phase_loop[1459]	1788609581127750	9998	1179abc4113d2bfb	bec100be5ca6ed56
1788609581548284967	5	499	phase_loop[1460]	1788609581137813	9933	e9c22e64856e50ab	bec100be5ca6ed56
1788609581548284967	5	499	phase_loop[1461]	1788609581147751	9997	3a2f61014b464345	bec100be5ca6ed56
1788609581548284967	5	499	phase_loop[1462]	1788609581157753	9997	768af01ea029e5db	bec100be5ca6ed56
1788609581548284967	5	499	phase_loop[1463]	1788609581167755	10002	8752524534a3217a	bec100be5ca6ed56
1788609581548284967	5	499	phase_loop[1464]	1788609581177762	9985	3626e06d2e356eee	bec100be5ca6ed56
1788609581548284967	5	499	phase_loop[1465]	1788609581187752	9996	6ed031cf0ec3919e	bec100be5ca6ed56
1788609581548284967	5	499	phase_loop[1466]	1788609581197753	10003	0636c7cd02b2ea54	bec100be5ca6ed56
1788609581548284967	5	499	phase_loop[1467]	1788609581207761	9986	ddba01643072523d	bec100be5ca6ed56
1788609581548284967	5	499	phase_loop[1468]	1788609581217752	9996	934619330afc90e7	bec100be5ca6ed56
1788609581548284967	5	499	phase_loop[1469]	1788609581227753	9996	a3d03dbca58f2cc2	bec100be5ca6ed56
1788609581548284967	5	499	phase_loop[1470]	1788609581237754	9993	ec0d7bc7f6c9b4d1	bec100be5ca6ed56
1788609581548284967	5	499	phase_loop[1471]	1788609581247752	9997	deb65346f5876a5a	bec100be5ca6ed56
1788609581548284967	5	499	phase_loop[1472]	1788609581257754	9995	0196c6c1a359418e	bec100be5ca6ed56
1788609581548284967	5	499	phase_loop[1473]	1788609581267753	9994	c5205681be7b392e	bec100be5ca6ed56
1788609581548284967	5	499	phase_loop[1474]	1788609581277752	9994	873a0c4e969c98f1	bec100be5ca6ed56
1788609581548284967	5	499	phase_loop[1475]	1788609581287750	9999	b83cd775098d9ea3	bec100be5ca6ed56
1788609581548284967	5	499	phase_loop[1476]	1788609581297753	9994	b4ac5c0e81f7249e	bec100be5ca6ed56
1788609581548284967	5	499	phase_loop[1477]	1788609581307752	9993	f8b879d7554a3d79	bec100be5ca6ed56
1788609581548284967	5	499	phase_loop[1478]	1788609581317751	9997	5a25b361ae938a1b	bec100be5ca6ed56
1788609581548284967	5	499	phase_loop[1479]	1788609581327753	9995	ae7af9f0c16739f5	bec100be5ca6ed56
1788609581548284967	5	499	phase_loop[1480]	1788609581337752	9996	5cdd0f730fd3f1a1	bec100be5ca6ed56
1788609581548284967	5	499	phase_loop[1481]	1788609581347753	9997	3171142611f7cf8f	bec100be5ca6ed56
1788609581548284967	5	499	phase_loop[1482]	1788609581357755	10001	2c2d867938af8486	bec100be5ca6ed56
1788609581548284967	5	499	phase_loop[1483]	1788609581367760	9986	29e339ba45ce175f	bec100be5ca6ed56
1788609581548284967	5	499	phase_loop[1484]	1788609581377751	10001	947c737d7dafd573	bec100be5ca6ed56
1788609581548284967	5	499	phase_loop[1485]	1788609581387756	10042	f9c8e9530f37a1f9	bec100be5ca6ed56
1788609581548284967	5	499	phase_loop[1486]	1788609581397804	9948	0b6006bb8df28ac7	bec100be5ca6ed56
1788609581548284967	5	499	phase_loop[1487]	1788609581407756	9999	337a6c3ff1ec3335	bec100be5ca6ed56
1788609581548284967	5	499	phase_loop[1488]	1788609581417760	9986	f7e13a2d67dd86c0	bec100be5ca6ed56
1788609581548284967	5	499	phase_loop[1489]	1788609581427751	9996	7d543e0eaf64b314	bec100be5ca6ed56
1788609581548284967	5	499	phase_loop[1490]	1788609581437752	9995	022871aed49e1f88	bec100be5ca6ed56
1788609581548284967	5	499	phase_loop[1491]	1788609581447752	9998	919fcf5334ebe52b	bec100be5ca6ed56
1788609581548284967	5	499	phase_loop[1492]	1788609581457755	10000	0c7a07d7d6fff2f1	bec100be5ca6ed56
1788609581548284967	5	499	phase_loop[1493]	1788609581467759	9988	a84e9e085d27f327	bec100be5ca6ed56
1788609581548284967	5	499	phase_loop[1494]	1788609581477752	9994	f972eb305ca36c2a	bec100be5ca6ed56
1788609581548284967	5	499	phase_loop[1495]	1788609581487750	10038	a83f8e9afe0fccb0	bec100be5ca6ed56
1788609581548284967	5	499	phase_loop[1496]	1788609581497792	9958	09aaadb4ad2e8738	bec100be5ca6ed56
1788609581548284967	5	499	phase_loop[1497]	1788609581507770	9976	71d0e34eba2f6087	bec100be5ca6ed56
1788609581548284967	5	499	phase_loop[1498]	1788609581517760	9989	01d0cec89bd8be09	bec100be5ca6ed56
1788609581548284967	5	499	phase_loop[1499]	1788609581527764	9988	4a06408dda88b5a5	bec100be5ca6ed56
1788609581555393220	6	1	phase_loop[1500]	1788609581537757	9991	bda1e5659aa5d209	bec100be5ca6ed56
1788609586548342782	7	500	phase_loop[1501]	1788609581547753	10002	80115e98d86360db	bec100be5ca6ed56
1788609586548342782	7	500	phase_loop[1502]	1788609581557760	9987	325e1a423cc1da46	bec100be5ca6ed56
1788609586548342782	7	500	phase_loop[1503]	1788609581567752	9995	90b2f468d047e677	bec100be5ca6ed56
1788609586548342782	7	500	phase_loop[1504]	1788609581577752	9994	13dcc2190ec936d3	bec100be5ca6ed56
1788609586548342782	7	500	phase_loop[1505]	1788609581587750	9997	b309512f04538d83	bec100be5ca6ed56
1788609586548342782	7	500	phase_loop[1506]	1788609581597754	9994	8dfc1eb75bd26331	bec100be5ca6ed56
1788609586548342782	7	500	phase_loop[1507]	1788609581607753	10003	52d626f439d8be2f	bec100be5ca6ed56
1788609586548342782	7	500	phase_loop[1508]	1788609581617762	9987	334c6e9ecc740831	bec100be5ca6ed56
1788609586548342782	7	500	phase_loop[1509]	1788609581627754	10001	c69413c36e9e3fe2	bec100be5ca6ed56
1788609586548342782	7	500	phase_loop[1510]	1788609581637760	9988	05a97310c4b4677a	bec100be5ca6ed56
1788609586548342782	7	500	phase_loop[1511]	1788609581647753	10002	1114d08ec0480660	bec100be5ca6ed56
1788609586548342782	7	500	phase_loop[1512]	1788609581657760	9988	66d53acb756fa643	bec100be5ca6ed56
1788609586548342782	7	500	phase_loop[1513]	1788609581667752	9995	f8dff3feddae6983	bec100be5ca6ed56
1788609586548342782	7	500	phase_loop[1514]	1788609581677751	9998	b7b260b24d9f9c8c	bec100be5ca6ed56
1788609586548342782	7	500	phase_loop[1515]	1788609581687754	10000	d80030dd475d3498	bec100be5ca6ed56
1788609586548342782	7	500	phase_loop[1516]	1788609581697759	9996	07d1f1b3a482b7b4	bec100be5ca6ed56
1788609586548342782	7	500	phase_loop[1517]	1788609581707759	9988	8660fd8449979180	bec100be5ca6ed56
1788609586548342782	7	500	phase_loop[1518]	1788609581717753	10031	02366c63cf22a07a	bec100be5ca6ed56
1788609586548342782	7	500	phase_loop[1519]	1788609581727788	9962	46a8b2571b584c5d	bec100be5ca6ed56
1788609586548342782	7	500	phase_loop[1520]	1788609581737756	9999	d0bddaad0a6c5a3a	bec100be5ca6ed56
1788609586548342782	7	500	phase_loop[1521]	1788609581747760	9989	955027e964235ad7	bec100be5ca6ed56
1788609586548342782	7	500	phase_loop[1522]	1788609581757754	10002	d17521cf6aa56896	bec100be5ca6ed56
1788609586548342782	7	500	phase_loop[1523]	1788609581767761	9993	a876f5c35b9c5749	bec100be5ca6ed56
1788609586548342782	7	500	phase_loop[1524]	1788609581777759	9989	cffb9877394e57d8	bec100be5ca6ed56
1788609586548342782	7	500	phase_loop[1525]	1788609581787753	10002	f0b546630555ed1c	bec100be5ca6ed56
1788609586548342782	7	500	phase_loop[1526]	1788609581797759	9988	01457aec22bed161	bec100be5ca6ed56
1788609586548342782	7	500	phase_loop[1527]	1788609581807753	10002	1b5c82dfc5fc96b7	bec100be5ca6ed56
1788609586548342782	7	500	phase_loop[1528]	1788609581817760	9988	1393cbdf9be35a43	bec100be5ca6ed56
1788609586548342782	7	500	phase_loop[1529]	1788609581827753	9998	4637c4d182b7d3ee	bec100be5ca6ed56
1788609586548342782	7	500	phase_loop[1530]	1788609581837755	9992	8b8c494e16c068bd	bec100be5ca6ed56
1788609586548342782	7	500	phase_loop[1531]	1788609581847753	10001	b79368c76d9e1d8e	bec100be5ca6ed56
1788609586548342782	7	500	phase_loop[1532]	1788609581857758	9990	5d4f2804bf2d0dd9	bec100be5ca6ed56
1788609586548342782	7	500	phase_loop[1533]	1788609581867754	10001	bd81c339913a138a	bec100be5ca6ed56
1788609586548342782	7	500	phase_loop[1534]	1788609581877759	9987	c533826c3d6580d1	bec100be5ca6ed56
1788609586548342782	7	500	phase_loop[1535]	1788609581887751	9996	2b91ad39b126d01b	bec100be5ca6ed56
1788609586548342782	7	500	phase_loop[1536]	1788609581897752	9997	950e15ba8158f9eb	bec100be5ca6ed56
1788609586548342782	7	500	phase_loop[1537]	1788609581907754	10001	941f44893cb19d17	bec100be5ca6ed56
1788609586548342782	7	500	phase_loop[1538]	1788609581917759	9996	c339a8e3cc38536c	bec100be5ca6ed56
1788609586548342782	7	500	phase_loop[1539]	1788609581927760	9995	02072c59184472af	bec100be5ca6ed56
1788609586548342782	7	500	phase_loop[1540]	1788609581937759	9987	17b4c27a310e915d	bec100be5ca6ed56
1788609586548342782	7	500	phase_loop[1541]	1788609581947752	9994	788de71b0842d4a1	bec100be5ca6ed56
1788609586548342782	7	500	phase_loop[1542]	1788609581957751	9996	efb307556772056c	bec100be5ca6ed56
1788609586548342782	7	500	phase_loop[1543]	1788609581967752	9995	e6ccf4355d3323ce	bec100be5ca6ed56
1788609586548342782	7	500	phase_loop[1544]	1788609581977752	9995	cf8cbfcee888b036	bec100be5ca6ed56
1788609586548342782	7	500	phase_loop[1545]	1788609581987752	9995	1ba38da67628f2e6	bec100be5ca6ed56
1788609586548342782	7	500	phase_loop[1546]	1788609581997753	9995	8e8c120942eeb983	bec100be5ca6ed56
1788609586548342782	7	500	phase_loop[1547]	1788609582007753	9992	bf55154ce0815c69	bec100be5ca6ed56
1788609586548342782	7	500	phase_loop[1548]	1788609582017750	9997	8d9dea041b50a5c8	bec100be5ca6ed56
1788609586548342782	7	500	phase_loop[1549]	1788609582027752	9997	7dd76a63ca846a4f	bec100be5ca6ed56
1788609586548342782	7	500	phase_loop[1550]	1788609582037754	10000	be153dd97e074883	bec100be5ca6ed56
1788609586548342782	7	500	phase_loop[1551]	1788609582047759	10032	e90ae94561ff4bd1	bec100be5ca6ed56
1788609586548342782	7	500	phase_loop[1552]	1788609582057797	9958	cf192f00fd379f0e	bec100be5ca6ed56
1788609586548342782	7	500	phase_loop[1553]	1788609582067761	9994	b9f33f8f3f7e70b0	bec100be5ca6ed56
1788609586548342782	7	500	phase_loop[1554]	1788609582077761	9986	364f2f08beeb50a4	bec100be5ca6ed56
1788609586548342782	7	500	phase_loop[1555]	1788609582087753	9995	312393f3d110170d	bec100be5ca6ed56
1788609586548342782	7	500	phase_loop[1556]	1788609582097752	9995	dcc15e22a44bc2cf	bec100be5ca6ed56
1788609586548342782	7	500	phase_loop[1557]	1788609582107752	10003	3ee5a0d89549a539	bec100be5ca6ed56
1788609586548342782	7	500	phase_loop[1558]	1788609582117761	9985	59238a1588afef83	bec100be5ca6ed56
1788609586548342782	7	500	phase_loop[1559]	1788609582127751	9996	122929f26d121f77	bec100be5ca6ed56
1788609586548342782	7	500	phase_loop[1560]	1788609582137752	9994	d691a1ec5684263f	bec100be5ca6ed56
1788609586548342782	7	500	phase_loop[1561]	1788609582147750	9998	1618be679ea43e0f	bec100be5ca6ed56
1788609586548342782	7	500	phase_loop[1562]	1788609582157753	9995	af6b346f393d9ea3	bec100be5ca6ed56
1788609586548342782	7	500	phase_loop[1563]	1788609582167754	10000	f8c63aea9b97e3e2	bec100be5ca6ed56
1788609586548342782	7	500	phase_loop[1564]	1788609582177759	9988	6e46c0ae0e8bbd5c	bec100be5ca6ed56
1788609586548342782	7	500	phase_loop[1565]	1788609582187752	10002	bd3369e6a090e763	bec100be5ca6ed56
1788609586548342782	7	500	phase_loop[1566]	1788609582197759	9995	476166493ebf812f	bec100be5ca6ed56
1788609586548342782	7	500	phase_loop[1567]	1788609582207760	9986	d6df4f06a8f7261c	bec100be5ca6ed56
1788609586548342782	7	500	phase_loop[1568]	1788609582217752	9997	3126eff4c3ceb885	bec100be5ca6ed56
1788609586548342782	7	500	phase_loop[1569]	1788609582227754	10001	c6b34eac370fa145	bec100be5ca6ed56
1788609586548342782	7	500	phase_loop[1570]	1788609582237760	9987	edccdc6f32b9ef29	bec100be5ca6ed56
1788609586548342782	7	500	phase_loop[1571]	1788609582247752	9995	ee80f9c49f062541	bec100be5ca6ed56
1788609586548342782	7	500	phase_loop[1572]	1788609582257752	9996	44a8ba26533dfd7b	bec100be5ca6ed56
1788609586548342782	7	500	phase_loop[1573]	1788609582267754	9992	6b4241bf8ffafaea	bec100be5ca6ed56
1788609586548342782	7	500	phase_loop[1574]	1788609582277751	9996	87e2ad4ff2496cdd	bec100be5ca6ed56
1788609586548342782	7	500	phase_loop[1575]	1788609582287752	9996	2cda96befed789a9	bec100be5ca6ed56
1788609586548342782	7	500	phase_loop[1576]	1788609582297754	9994	b153960be24d53c3	bec100be5ca6ed56
1788609586548342782	7	500	phase_loop[1577]	1788609582307753	10001	f71d841c3485241b	bec100be5ca6ed56
1788609586548342782	7	500	phase_loop[1578]	1788609582317759	9987	709c902145c6d248	bec100be5ca6ed56
1788609586548342782	7	500	phase_loop[1579]	1788609582327751	9997	9ba3c672be327ca3	bec100be5ca6ed56
1788609586548342782	7	500	phase_loop[1580]	1788609582337753	9998	4235cd75c6211a7d	bec100be5ca6ed56
1788609586548342782	7	500	phase_loop[1581]	1788609582347756	9998	b0d954a5e857ef74	bec100be5ca6ed56
1788609586548342782	7	500	phase_loop[1582]	1788609582357759	9991	4bc68313ed1e7a16	bec100be5ca6ed56
1788609586548342782	7	500	phase_loop[1583]	1788609582367756	9999	2398e8370fd63fad	bec100be5ca6ed56
1788609586548342782	7	500	phase_loop[1584]	1788609582377761	10016	0099f77937c437ff	bec100be5ca6ed56
1788609586548342782	7	500	phase_loop[1585]	1788609582387782	9968	88b518fef8f58b49	bec100be5ca6ed56
1788609586548342782	7	500	phase_loop[1586]	1788609582397756	9999	54eb361f9e2f9f5d	bec100be5ca6ed56
1788609586548342782	7	500	phase_loop[1587]	1788609582407762	9985	0f3c111fa44894e2	bec100be5ca6ed56
1788609586548342782	7	500	phase_loop[1588]	1788609582417753	9995	67b781eb58760434	bec100be5ca6ed56
1788609586548342782	7	500	phase_loop[1589]	1788609582427753	9994	8cd9d77a5a6e5ff7	bec100be5ca6ed56
1788609586548342782	7	500	phase_loop[1590]	1788609582437753	9996	938cdbf8cb762478	bec100be5ca6ed56
1788609586548342782	7	500	phase_loop[1591]	1788609582447754	10000	dc91452fb4590233	bec100be5ca6ed56
1788609586548342782	7	500	phase_loop[1592]	1788609582457760	9992	e79f694f2151de30	bec100be5ca6ed56
1788609586548342782	7	500	phase_loop[1593]	1788609582467757	9997	e6c32649eb5ec3a3	bec100be5ca6ed56
1788609586548342782	7	500	phase_loop[1594]	1788609582477760	9987	a9fb4fe8d939bce1	bec100be5ca6ed56
1788609586548342782	7	500	phase_loop[1595]	1788609582487752	9997	b066c7c56e75e193	bec100be5ca6ed56
1788609586548342782	7	500	phase_loop[1596]	1788609582497754	10000	99ba66f61fa7eb9c	bec100be5ca6ed56
1788609586548342782	7	500	phase_loop[1597]	1788609582507760	9987	2ea317e29f09afcf	bec100be5ca6ed56
1788609586548342782	7	500	phase_loop[1598]	1788609582517753	9995	239c9482897ac682	bec100be5ca6ed56
1788609586548342782	7	500	phase_loop[1599]	1788609582527753	10001	5c008a46304da2e2	bec100be5ca6ed56
1788609586548342782	7	500	phase_loop[1600]	1788609582537760	9987	e0ef834849479f24	bec100be5ca6ed56
1788609586548342782	7	500	phase_loop[1601]	1788609582547752	9995	355a9bb1599a18aa	bec100be5ca6ed56
1788609586548342782	7	500	phase_loop[1602]	1788609582557752	9996	3dac8ed1beac15f1	bec100be5ca6ed56
1788609586548342782	7	500	phase_loop[1603]	1788609582567753	10001	64ed034723ccd5fb	bec100be5ca6ed56
1788609586548342782	7	500	phase_loop[1604]	1788609582577760	9988	a99eb20b272f07ab	bec100be5ca6ed56
1788609586548342782	7	500	phase_loop[1605]	1788609582587753	10000	b718c55afbe9cea0	bec100be5ca6ed56
1788609586548342782	7	500	phase_loop[1606]	1788609582597759	9995	1027f8dabbd943a2	bec100be5ca6ed56
1788609586548342782	7	500	phase_loop[1607]	1788609582607759	9988	5d3c3c631cd3bfff	bec100be5ca6ed56
1788609586548342782	7	500	phase_loop[1608]	1788609582617752	9994	68896ac0e4bd0e7f	bec100be5ca6ed56
1788609586548342782	7	500	phase_loop[1609]	1788609582627752	9995	b7e81effc2a580f1	bec100be5ca6ed56
1788609586548342782	7	500	phase_loop[1610]	1788609582637752	9997	1a55ed4ddf67125d	bec100be5ca6ed56
1788609586548342782	7	500	phase_loop[1611]	1788609582647754	10000	f800aec852691350	bec100be5ca6ed56
1788609586548342782	7	500	phase_loop[1612]	1788609582657759	9992	f715170063be67e3	bec100be5ca6ed56
1788609586548342782	7	500	phase_loop[1613]	1788609582667756	9998	06cd54e1b6a7af2a	bec100be5ca6ed56
1788609586548342782	7	500	phase_loop[1614]	1788609582677760	9987	25835fe146c4c757	bec100be5ca6ed56
1788609586548342782	7	500	phase_loop[1615]	1788609582687752	9995	159ac80d87618711	bec100be5ca6ed56
1788609586548342782	7	500	phase_loop[1616]	1788609582697751	9997	56c366431f1c3077	bec100be5ca6ed56
1788609586548342782	7	500	phase_loop[1617]	1788609582707753	10032	b06e028da8b12178	bec100be5ca6ed56
1788609586548342782	7	500	phase_loop[1618]	1788609582717791	9958	8239ea5c9d860bd1	bec100be5ca6ed56
1788609586548342782	7	500	phase_loop[1619]	1788609582727754	10001	58982eda888b842e	bec100be5ca6ed56
1788609586548342782	7	500	phase_loop[1620]	1788609582737761	9986	e0eb5c63b771cbe9	bec100be5ca6ed56
1788609586548342782	7	500	phase_loop[1621]	1788609582747753	10003	766529fd573fd4fe	bec100be5ca6ed56
1788609586548342782	7	500	phase_loop[1622]	1788609582757761	9987	1deda320e506cf38	bec100be5ca6ed56
1788609586548342782	7	500	phase_loop[1623]	1788609582767753	10001	8b5f3fe2573dfeed	bec100be5ca6ed56
1788609586548342782	7	500	phase_loop[1624]	1788609582777760	9988	05333f787d4c9f46	bec100be5ca6ed56
1788609586548342782	7	500	phase_loop[1625]	1788609582787753	9995	0a16515d79f6b134	bec100be5ca6ed56
1788609586548342782	7	500	phase_loop[1626]	1788609582797753	9994	0e820495988a36af	bec100be5ca6ed56
1788609586548342782	7	500	phase_loop[1627]	1788609582807753	10001	20ddeeda6864563f	bec100be5ca6ed56
1788609586548342782	7	500	phase_loop[1628]	1788609582817759	9989	e4d6263143591645	bec100be5ca6ed56
1788609586548342782	7	500	phase_loop[1629]	1788609582827753	9993	c18da6de3a712a49	bec100be5ca6ed56
1788609586548342782	7	500	phase_loop[1630]	1788609582837752	9994	2e899cbdb5d42b64	bec100be5ca6ed56
1788609586548342782	7	500	phase_loop[1631]	1788609582847751	9996	e24867256df0b2b8	bec100be5ca6ed56
1788609586548342782	7	500	phase_loop[1632]	1788609582857752	9996	6449d02d8624a667	bec100be5ca6ed56
1788609586548342782	7	500	phase_loop[1633]	1788609582867754	10000	95b0ea07b9d9ff64	bec100be5ca6ed56
1788609586548342782	7	500	phase_loop[1634]	1788609582877760	9987	5fd897e51ecf4288	bec100be5ca6ed56
1788609586548342782	7	500	phase_loop[1635]	1788609582887753	9995	7909e8b1e74bbfff	bec100be5ca6ed56
1788609586548342782	7	500	phase_loop[1636]	1788609582897753	9995	64541f84fb348fe7	bec100be5ca6ed56
1788609586548342782	7	500	phase_loop[1637]	1788609582907753	10002	3e01f0342ebba8e3	bec100be5ca6ed56
1788609586548342782	7	500	phase_loop[1638]	1788609582917760	9986	3ea11a7af2c0a77d	bec100be5ca6ed56
1788609586548342782	7	500	phase_loop[1639]	1788609582927751	9997	4b97c69b78d7e30e	bec100be5ca6ed56
1788609586548342782	7	500	phase_loop[1640]	1788609582937753	9994	c5ad8459d7bbf5f9	bec100be5ca6ed56
1788609586548342782	7	500	phase_loop[1641]	1788609582947751	10000	a7c157e1e1236836	bec100be5ca6ed56
1788609586548342782	7	500	phase_loop[1642]	1788609582957756	9998	10d15d63c734c660	bec100be5ca6ed56
1788609586548342782	7	500	phase_loop[1643]	1788609582967760	9994	734495005f806d3b	bec100be5ca6ed56
1788609586548342782	7	500	phase_loop[1644]	1788609582977760	9987	4148fc3d59eb5a45	bec100be5ca6ed56
1788609586548342782	7	500	phase_loop[1645]	1788609582987753	10001	01cd36bb0d5c6d5c	bec100be5ca6ed56
1788609586548342782	7	500	phase_loop[1646]	1788609582997759	9995	aab46c1fa01e75c4	bec100be5ca6ed56
1788609586548342782	7	500	phase_loop[1647]	1788609583007761	9986	bdfaf7619d88256b	bec100be5ca6ed56
1788609586548342782	7	500	phase_loop[1648]	1788609583017752	9994	a3b16cde639d9b16	bec100be5ca6ed56
1788609586548342782	7	500	phase_loop[1649]	1788609583027751	9997	2fed2b1371f3063c	bec100be5ca6ed56
1788609586548342782	7	500	phase_loop[1650]	1788609583037753	10038	324c7d8b72bbdaf3	bec100be5ca6ed56
1788609586548342782	7	500	phase_loop[1651]	1788609583047797	9955	ecf5648fa5633d0f	bec100be5ca6ed56
1788609586548342782	7	500	phase_loop[1652]	1788609583057757	9999	5178a1b881bda440	bec100be5ca6ed56
1788609586548342782	7	500	phase_loop[1653]	1788609583067762	9985	72f7bc7a759c1fdc	bec100be5ca6ed56
1788609586548342782	7	500	phase_loop[1654]	1788609583077753	9992	a3b01de329905fdc	bec100be5ca6ed56
1788609586548342782	7	500	phase_loop[1655]	1788609583087751	9997	d88b3f224b7c81ba	bec100be5ca6ed56
1788609586548342782	7	500	phase_loop[1656]	1788609583097754	9993	6f2fde36123533c6	bec100be5ca6ed56
1788609586548342782	7	500	phase_loop[1657]	1788609583107753	10002	f951b9d57ae83ed5	bec100be5ca6ed56
1788609586548342782	7	500	phase_loop[1658]	1788609583117760	9988	12019f29ea027098	bec100be5ca6ed56
1788609586548342782	7	500	phase_loop[1659]	1788609583127753	10001	cc5a149eb7c3a504	bec100be5ca6ed56
1788609586548342782	7	500	phase_loop[1660]	1788609583137760	9988	a575b3d582bf58e1	bec100be5ca6ed56
1788609586548342782	7	500	phase_loop[1661]	1788609583147753	10001	905950922315aac0	bec100be5ca6ed56
1788609586548342782	7	500	phase_loop[1662]	1788609583157760	9990	939dbe9e8e9bba9c	bec100be5ca6ed56
1788609586548342782	7	500	phase_loop[1663]	1788609583167755	9999	79aab6225687394e	bec100be5ca6ed56
1788609586548342782	7	500	phase_loop[1664]	1788609583177760	9996	4adec40adaa12ee9	bec100be5ca6ed56
1788609586548342782	7	500	phase_loop[1665]	1788609583187761	9987	f53f0c288dad82c5	bec100be5ca6ed56
1788609586548342782	7	500	phase_loop[1666]	1788609583197754	9993	06e3bb96fef33dc9	bec100be5ca6ed56
1788609586548342782	7	500	phase_loop[1667]	1788609583207752	9994	fccaa793bf579fba	bec100be5ca6ed56
1788609586548342782	7	500	phase_loop[1668]	1788609583217751	9996	5f8e36d0ae270cee	bec100be5ca6ed56
1788609586548342782	7	500	phase_loop[1669]	1788609583227752	9995	ebdd3679d534bb93	bec100be5ca6ed56
1788609586548342782	7	500	phase_loop[1670]	1788609583237752	9995	9ed521adab6547ee	bec100be5ca6ed56
1788609586548342782	7	500	phase_loop[1671]	1788609583247752	9993	5033f2b9cebf3fc3	bec100be5ca6ed56
1788609586548342782	7	500	phase_loop[1672]	1788609583257750	9997	d843191cffcca2fe	bec100be5ca6ed56
1788609586548342782	7	500	phase_loop[1673]	1788609583267752	9994	de0ed852ac75c053	bec100be5ca6ed56
1788609586548342782	7	500	phase_loop[1674]	1788609583277752	9995	a5d5e76c7bb58fd5	bec100be5ca6ed56
1788609586548342782	7	500	phase_loop[1675]	1788609583287751	9997	c6fdf48da870885b	bec100be5ca6ed56
1788609586548342782	7	500	phase_loop[1676]	1788609583297754	9995	199e3a6b323f433b	bec100be5ca6ed56
1788609586548342782	7	500	phase_loop[1677]	1788609583307753	10001	9524ca3d3cb4018c	bec100be5ca6ed56
1788609586548342782	7	500	phase_loop[1678]	1788609583317760	9989	64c850f60a40949f	bec100be5ca6ed56
1788609586548342782	7	500	phase_loop[1679]	1788609583327754	9994	1be8fddcdd5731b5	bec100be5ca6ed56
1788609586548342782	7	500	phase_loop[1680]	1788609583337753	10001	538286b96a02162b	bec100be5ca6ed56
1788609586548342782	7	500	phase_loop[1681]	1788609583347760	9989	86b4b8c3421cb246	bec100be5ca6ed56
1788609586548342782	7	500	phase_loop[1682]	1788609583357754	9994	c575ede40d46bbf7	bec100be5ca6ed56
1788609586548342782	7	500	phase_loop[1683]	1788609583367753	10023	228ed193997a1b8f	bec100be5ca6ed56
1788609586548342782	7	500	phase_loop[1684]	1788609583377782	9964	ea8ede65d0be21b0	bec100be5ca6ed56
1788609586548342782	7	500	phase_loop[1685]	1788609583387752	9995	372885e01c6bd031	bec100be5ca6ed56
1788609586548342782	7	500	phase_loop[1686]	1788609583397752	9996	0cdadd88f3d7e198	bec100be5ca6ed56
1788609586548342782	7	500	phase_loop[1687]	1788609583407753	10003	f24a8b03940c81dc	bec100be5ca6ed56
1788609586548342782	7	500	phase_loop[1688]	1788609583417762	9985	b584fa33666dda3c	bec100be5ca6ed56
1788609586548342782	7	500	phase_loop[1689]	1788609583427753	9995	818e5ae0b4c75a8a	bec100be5ca6ed56
1788609586548342782	7	500	phase_loop[1690]	1788609583437753	9993	061535519c4e1a89	bec100be5ca6ed56
1788609586548342782	7	500	phase_loop[1691]	1788609583447752	9996	a16e866632e53122	bec100be5ca6ed56
1788609586548342782	7	500	phase_loop[1692]	1788609583457753	9995	b5f534e5a28f5207	bec100be5ca6ed56
1788609586548342782	7	500	phase_loop[1693]	1788609583467752	9994	04814f68170c4c3e	bec100be5ca6ed56
1788609586548342782	7	500	phase_loop[1694]	1788609583477752	9994	4bb0318852296fe9	bec100be5ca6ed56
1788609586548342782	7	500	phase_loop[1695]	1788609583487751	9996	1891980822244faf	bec100be5ca6ed56
1788609586548342782	7	500	phase_loop[1696]	1788609583497753	9994	10774db4d8399c9f	bec100be5ca6ed56
1788609586548342782	7	500	phase_loop[1697]	1788609583507753	9992	743508af23f950e1	bec100be5ca6ed56
1788609586548342782	7	500	phase_loop[1698]	1788609583517750	9997	805313f96dc7ba15	bec100be5ca6ed56
1788609586548342782	7	500	phase_loop[1699]	1788609583527752	9996	627f3c9090af20c8	bec100be5ca6ed56
1788609586548342782	7	500	phase_loop[1700]	1788609583537753	9994	4c2a5fdccc4a6a8b	bec100be5ca6ed56
1788609586548342782	7	500	phase_loop[1701]	1788609583547753	10002	8a1918e23b7df10b	bec100be5ca6ed56
1788609586548342782	7	500	phase_loop[1702]	1788609583557761	9985	873bf615f72e3d2a	bec100be5ca6ed56
1788609586548342782	7	500	phase_loop[1703]	1788609583567752	9995	83aa3a89bb0addbb	bec100be5ca6ed56
1788609586548342782	7	500	phase_loop[1704]	1788609583577752	9993	b943192e81af0a1e	bec100be5ca6ed56
1788609586548342782	7	500	phase_loop[1705]	1788609583587751	9997	62659320562b02c8	bec100be5ca6ed56
1788609586548342782	7	500	phase_loop[1706]	1788609583597753	9996	c1de14bac3f74c69	bec100be5ca6ed56
1788609586548342782	7	500	phase_loop[1707]	1788609583607754	10001	9c114e9f987b1934	bec100be5ca6ed56
1788609586548342782	7	500	phase_loop[1708]	1788609583617760	9988	48a7365a4fecc169	bec100be5ca6ed56
1788609586548342782	7	500	phase_loop[1709]	1788609583627754	9993	0dc6e14dc853de81	bec100be5ca6ed56
1788609586548342782	7	500	phase_loop[1710]	1788609583637753	9993	5fc20cf315c3b7ef	bec100be5ca6ed56
1788609586548342782	7	500	phase_loop[1711]	1788609583647750	9996	43cfdd9095d2444a	bec100be5ca6ed56
1788609586548342782	7	500	phase_loop[1712]	1788609583657751	9996	d72222c331a494eb	bec100be5ca6ed56
1788609586548342782	7	500	phase_loop[1713]	1788609583667752	9994	a4860e4742aa886e	bec100be5ca6ed56
1788609586548342782	7	500	phase_loop[1714]	1788609583677751	9995	04d4d79e5064628c	bec100be5ca6ed56
1788609586548342782	7	500	phase_loop[1715]	1788609583687751	9995	a333cd592afbf5fc	bec100be5ca6ed56
1788609586548342782	7	500	phase_loop[1716]	1788609583697752	10032	991739fcbce0e448	bec100be5ca6ed56
1788609586548342782	7	500	phase_loop[1717]	1788609583707790	9956	e48669bc11954a37	bec100be5ca6ed56
1788609586548342782	7	500	phase_loop[1718]	1788609583717751	9994	6ece89618380e34d	bec100be5ca6ed56
1788609586548342782	7	500	phase_loop[1719]	1788609583727751	9998	a2fa067a9066f9a9	bec100be5ca6ed56
1788609586548342782	7	500	phase_loop[1720]	1788609583737754	10003	f656c55e0919719e	bec100be5ca6ed56
1788609586548342782	7	500	phase_loop[1721]	1788609583747761	9986	f00177a33887b82b	bec100be5ca6ed56
1788609586548342782	7	500	phase_loop[1722]	1788609583757753	9996	e4d28ce14b9ef611	bec100be5ca6ed56
1788609586548342782	7	500	phase_loop[1723]	1788609583767755	10000	917c69a9ce4e8c0a	bec100be5ca6ed56
1788609586548342782	7	500	phase_loop[1724]	1788609583777760	9987	7340fe18d151c6d6	bec100be5ca6ed56
1788609586548342782	7	500	phase_loop[1725]	1788609583787752	10002	df60f51849e19273	bec100be5ca6ed56
1788609586548342782	7	500	phase_loop[1726]	1788609583797760	9989	379a0185b0db578b	bec100be5ca6ed56
1788609586548342782	7	500	phase_loop[1727]	1788609583807754	9992	a002c2e6bc805892	bec100be5ca6ed56
1788609586548342782	7	500	phase_loop[1728]	1788609583817751	9995	fd8ba393497b3f27	bec100be5ca6ed56
1788609586548342782	7	500	phase_loop[1729]	1788609583827752	9996	333d9cdc7a8079f5	bec100be5ca6ed56
1788609586548342782	7	500	phase_loop[1730]	1788609583837753	9994	5fdb54c716b67f3c	bec100be5ca6ed56
1788609586548342782	7	500	phase_loop[1731]	1788609583847753	9995	0b2ffdf881959880	bec100be5ca6ed56
1788609586548342782	7	500	phase_loop[1732]	1788609583857754	9994	9c179b4757197c37	bec100be5ca6ed56
1788609586548342782	7	500	phase_loop[1733]	1788609583867753	10002	679346904ee4de85	bec100be5ca6ed56
1788609586548342782	7	500	phase_loop[1734]	1788609583877761	9988	ee633ebf1bd2f69a	bec100be5ca6ed56
1788609586548342782	7	500	phase_loop[1735]	1788609583887755	9994	449fc0e2c02be1bb	bec100be5ca6ed56
1788609586548342782	7	500	phase_loop[1736]	1788609583897754	9993	94f013bee96eca12	bec100be5ca6ed56
1788609586548342782	7	500	phase_loop[1737]	1788609583907752	10002	96962feb8dd57c36	bec100be5ca6ed56
1788609586548342782	7	500	phase_loop[1738]	1788609583917759	9988	e5c8d140925bd32c	bec100be5ca6ed56
1788609586548342782	7	500	phase_loop[1739]	1788609583927752	9995	8dc4e6f3b65e5dad	bec100be5ca6ed56
1788609586548342782	7	500	phase_loop[1740]	1788609583937752	9994	12340cd496aeab91	bec100be5ca6ed56
1788609586548342782	7	500	phase_loop[1741]	1788609583947751	9996	5f7dad8d5063b83f	bec100be5ca6ed56
1788609586548342782	7	500	phase_loop[1742]	1788609583957752	9995	4ea4ea97520eb3e2	bec100be5ca6ed56
1788609586548342782	7	500	phase_loop[1743]	1788609583967753	9994	5a2372f68fbd2d34	bec100be5ca6ed56
1788609586548342782	7	500	phase_loop[1744]	1788609583977752	9993	797b238955b48e3e	bec100be5ca6ed56
1788609586548342782	7	500	phase_loop[1745]	1788609583987750	9997	f0c54d83f37164c2	bec100be5ca6ed56
1788609586548342782	7	500	phase_loop[1746]	1788609583997753	9994	9c5c3ed392da0aca	bec100be5ca6ed56
1788609586548342782	7	500	phase_loop[1747]	1788609584007752	9994	7294e1e4d375f00d	bec100be5ca6ed56
1788609586548342782	7	500	phase_loop[1748]	1788609584017752	9995	dc895c1d0c3b5b1a	bec100be5ca6ed56
1788609586548342782	7	500	phase_loop[1749]	1788609584027751	10033	345bb3f37c4861f2	bec100be5ca6ed56
1788609586548342782	7	500	phase_loop[1750]	1788609584037790	9958	f674e8d7709b345a	bec100be5ca6ed56
1788609586548342782	7	500	phase_loop[1751]	1788609584047754	9996	b8880419cc257185	bec100be5ca6ed56
1788609586548342782	7	500	phase_loop[1752]	1788609584057755	10001	fe4896eaf9bb9072	bec100be5ca6ed56
1788609586548342782	7	500	phase_loop[1753]	1788609584067761	9985	75997bde8f491403	bec100be5ca6ed56
1788609586548342782	7	500	phase_loop[1754]	1788609584077752	9995	7042884614e29d93	bec100be5ca6ed56
1788609586548342782	7	500	phase_loop[1755]	1788609584087752	9995	a1759e92a0289a38	bec100be5ca6ed56
1788609586548342782	7	500	phase_loop[1756]	1788609584097752	9996	7c128560b9b7d78a	bec100be5ca6ed56
1788609586548342782	7	500	phase_loop[1757]	1788609584107753	10002	00c68239e4eb8322	bec100be5ca6ed56
1788609586548342782	7	500	phase_loop[1758]	1788609584117760	9988	ebca701886a0fbc2	bec100be5ca6ed56
1788609586548342782	7	500	phase_loop[1759]	1788609584127753	9994	957de8d7547c52ae	bec100be5ca6ed56
1788609586548342782	7	500	phase_loop[1760]	1788609584137752	9995	956eb14d29614346	bec100be5ca6ed56
1788609586548342782	7	500	phase_loop[1761]	1788609584147751	9998	383eaf78ae1e5d6a	bec100be5ca6ed56
1788609586548342782	7	500	phase_loop[1762]	1788609584157754	9995	eaae6ee6f54f3394	bec100be5ca6ed56
1788609586548342782	7	500	phase_loop[1763]	1788609584167753	9994	9b030ceeb352fa80	bec100be5ca6ed56
1788609586548342782	7	500	phase_loop[1764]	1788609584177754	9995	b083f271c81ad407	bec100be5ca6ed56
1788609586548342782	7	500	phase_loop[1765]	1788609584187754	10001	0440347eca28d33c	bec100be5ca6ed56
1788609586548342782	7	500	phase_loop[1766]	1788609584197761	9988	93c6be550f5338d9	bec100be5ca6ed56
1788609586548342782	7	500	phase_loop[1767]	1788609584207754	10001	b90bee4f8feea505	bec100be5ca6ed56
1788609586548342782	7	500	phase_loop[1768]	1788609584217760	9987	e50f1c8ca1f2fab5	bec100be5ca6ed56
1788609586548342782	7	500	phase_loop[1769]	1788609584227751	9997	72462d7c6b2bbdf8	bec100be5ca6ed56
1788609586548342782	7	500	phase_loop[1770]	1788609584237753	9993	28890d05931d7c12	bec100be5ca6ed56
1788609586548342782	7	500	phase_loop[1771]	1788609584247752	9998	3b16d6dbedf1005f	bec100be5ca6ed56
1788609586548342782	7	500	phase_loop[1772]	1788609584257755	9999	2d5e1bd1e54f0045	bec100be5ca6ed56
1788609586548342782	7	500	phase_loop[1773]	1788609584267759	9995	7dc062bee66a11f9	bec100be5ca6ed56
1788609586548342782	7	500	phase_loop[1774]	1788609584277760	9988	a498563f9ba4e9a2	bec100be5ca6ed56
1788609586548342782	7	500	phase_loop[1775]	1788609584287753	9994	b4b16d91351e6b3c	bec100be5ca6ed56
1788609586548342782	7	500	phase_loop[1776]	1788609584297752	9995	aa53eb151edfe1e6	bec100be5ca6ed56
1788609586548342782	7	500	phase_loop[1777]	1788609584307752	9994	8f9c8f884fe22194	bec100be5ca6ed56
1788609586548342782	7	500	phase_loop[1778]	1788609584317751	9995	0f9f4fc6c2f22c3e	bec100be5ca6ed56
1788609586548342782	7	500	phase_loop[1779]	1788609584327751	9995	e7220256b7e1de01	bec100be5ca6ed56
1788609586548342782	7	500	phase_loop[1780]	1788609584337752	9993	531a24640ef68462	bec100be5ca6ed56
1788609586548342782	7	500	phase_loop[1781]	1788609584347750	9996	0ac9ed29a427f557	bec100be5ca6ed56
1788609586548342782	7	500	phase_loop[1782]	1788609584357751	10036	ba1894f15af065ee	bec100be5ca6ed56
1788609586548342782	7	500	phase_loop[1783]	1788609584367792	9957	9a3107a881d367e8	bec100be5ca6ed56
1788609586548342782	7	500	phase_loop[1784]	1788609584377755	9992	e2a84b6dc30f59ad	bec100be5ca6ed56
1788609586548342782	7	500	phase_loop[1785]	1788609584387752	9995	f0777b3404ec3c82	bec100be5ca6ed56
1788609586548342782	7	500	phase_loop[1786]	1788609584397753	9995	22cef5c78b7c35f7	bec100be5ca6ed56
1788609586548342782	7	500	phase_loop[1787]	1788609584407753	9993	0fab3faf318ef272	bec100be5ca6ed56
1788609586548342782	7	500	phase_loop[1788]	1788609584417751	9995	55aef14071acd03d	bec100be5ca6ed56
1788609586548342782	7	500	phase_loop[1789]	1788609584427752	9996	a5db288c2b29a6b1	bec100be5ca6ed56
1788609586548342782	7	500	phase_loop[1790]	1788609584437753	9995	584460351a01b4ba	bec100be5ca6ed56
1788609586548342782	7	500	phase_loop[1791]	1788609584447753	10002	b674daab5ebbb79a	bec100be5ca6ed56
1788609586548342782	7	500	phase_loop[1792]	1788609584457760	9988	5161d5c04ea1d868	bec100be5ca6ed56
1788609586548342782	7	500	phase_loop[1793]	1788609584467754	10001	deb4ccaa43d10a9d	bec100be5ca6ed56
1788609586548342782	7	500	phase_loop[1794]	1788609584477760	9987	3527d1a311a6d18a	bec100be5ca6ed56
1788609586548342782	7	500	phase_loop[1795]	1788609584487752	9996	c3ca8034c55b5d4c	bec100be5ca6ed56
1788609586548342782	7	500	phase_loop[1796]	1788609584497753	9995	401425870d55f5b7	bec100be5ca6ed56
1788609586548342782	7	500	phase_loop[1797]	1788609584507753	9993	222a20f83f7f0809	bec100be5ca6ed56
1788609586548342782	7	500	phase_loop[1798]	1788609584517751	9996	0d51b933e3bd56d8	bec100be5ca6ed56
1788609586548342782	7	500	phase_loop[1799]	1788609584527753	9999	72540286603942ef	bec100be5ca6ed56
1788609586548342782	7	500	phase_loop[1800]	1788609584537757	9988	2c6dd8d05ce34d09	bec100be5ca6ed56
1788609586548342782	7	500	phase_loop[1801]	1788609584547750	9997	20a122176c7cce6a	bec100be5ca6ed56
1788609586548342782	7	500	phase_loop[1802]	1788609584557751	10004	2cca44373e0ad930	bec100be5ca6ed56
1788609586548342782	7	500	phase_loop[1803]	1788609584567761	9987	9990ed99014cf68f	bec100be5ca6ed56
1788609586548342782	7	500	phase_loop[1804]	1788609584577754	10001	ca1c553d1b7cfe3f	bec100be5ca6ed56
1788609586548342782	7	500	phase_loop[1805]	1788609584587760	9989	d94cededa1d53aaf	bec100be5ca6ed56
1788609586548342782	7	500	phase_loop[1806]	1788609584597754	9992	69f1d38aab15d884	bec100be5ca6ed56
1788609586548342782	7	500	phase_loop[1807]	1788609584607752	9995	ed1bdbb00e265606	bec100be5ca6ed56
1788609586548342782	7	500	phase_loop[1808]	1788609584617752	9994	ba89d73b094f48b7	bec100be5ca6ed56
1788609586548342782	7	500	phase_loop[1809]	1788609584627751	9996	e2bce91114beaab8	bec100be5ca6ed56
1788609586548342782	7	500	phase_loop[1810]	1788609584637752	9994	74f78e5dde6d9c85	bec100be5ca6ed56
1788609586548342782	7	500	phase_loop[1811]	1788609584647752	9996	542803861d68f8be	bec100be5ca6ed56
1788609586548342782	7	500	phase_loop[1812]	1788609584657753	9995	8b58fb2f84c78cc8	bec100be5ca6ed56
1788609586548342782	7	500	phase_loop[1813]	1788609584667753	9993	f5df92c1544bd719	bec100be5ca6ed56
1788609586548342782	7	500	phase_loop[1814]	1788609584677751	9996	c1bd19aa497682fb	bec100be5ca6ed56
1788609586548342782	7	500	phase_loop[1815]	1788609584687752	10027	7dad17f5ad464c30	bec100be5ca6ed56
1788609586548342782	7	500	phase_loop[1816]	1788609584697785	9969	c5450afae4ec7c0f	bec100be5ca6ed56
1788609586548342782	7	500	phase_loop[1817]	1788609584707760	9996	b544e231e72d6d26	bec100be5ca6ed56
1788609586548342782	7	500	phase_loop[1818]	1788609584717761	9986	b6769bbd5f697189	bec100be5ca6ed56
1788609586548342782	7	500	phase_loop[1819]	1788609584727752	9995	9ad055bfe98c2756	bec100be5ca6ed56
1788609586548342782	7	500	phase_loop[1820]	1788609584737753	9995	96df8bb2f03d977c	bec100be5ca6ed56
1788609586548342782	7	500	phase_loop[1821]	1788609584747753	10001	8ad0f00e49ed4d9f	bec100be5ca6ed56
1788609586548342782	7	500	phase_loop[1822]	1788609584757760	9994	7601d9e129ac192b	bec100be5ca6ed56
1788609586548342782	7	500	phase_loop[1823]	1788609584767760	9994	d0434ea4af345430	bec100be5ca6ed56
1788609586548342782	7	500	phase_loop[1824]	1788609584777759	9995	e5c99594302c2910	bec100be5ca6ed56
1788609586548342782	7	500	phase_loop[1825]	1788609584787760	9994	7d73145d1df46ea9	bec100be5ca6ed56
1788609586548342782	7	500	phase_loop[1826]	1788609584797759	9996	ba4e61619861dba0	bec100be5ca6ed56
1788609586548342782	7	500	phase_loop[1827]	1788609584807760	9996	62e6af5070969e06	bec100be5ca6ed56
1788609586548342782	7	500	phase_loop[1828]	1788609584817761	9985	a7997f68fd53f4a9	bec100be5ca6ed56
1788609586548342782	7	500	phase_loop[1829]	1788609584827751	9998	677776fa2e2e14db	bec100be5ca6ed56
1788609586548342782	7	500	phase_loop[1830]	1788609584837754	10000	ce4f700a526f5330	bec100be5ca6ed56
1788609586548342782	7	500	phase_loop[1831]	1788609584847760	9987	d4c9f089d86eaa5c	bec100be5ca6ed56
1788609586548342782	7	500	phase_loop[1832]	1788609584857753	9995	f032f9b4faeb5bc5	bec100be5ca6ed56
1788609586548342782	7	500	phase_loop[1833]	1788609584867753	9994	b328af59c223740c	bec100be5ca6ed56
1788609586548342782	7	500	phase_loop[1834]	1788609584877753	9995	bde065fb5efd6470	bec100be5ca6ed56
1788609586548342782	7	500	phase_loop[1835]	1788609584887753	10000	80094bd49be78d41	bec100be5ca6ed56
1788609586548342782	7	500	phase_loop[1836]	1788609584897759	9995	217b789f4b7ea7a0	bec100be5ca6ed56
1788609586548342782	7	500	phase_loop[1837]	1788609584907760	9986	1ad25cbf78b2f34c	bec100be5ca6ed56
1788609586548342782	7	500	phase_loop[1838]	1788609584917751	9998	904f56a1809923e2	bec100be5ca6ed56
1788609586548342782	7	500	phase_loop[1839]	1788609584927754	9995	3207037ef2bb97cf	bec100be5ca6ed56
1788609586548342782	7	500	phase_loop[1840]	1788609584937754	10000	e17f91e2f369c4ac	bec100be5ca6ed56
1788609586548342782	7	500	phase_loop[1841]	1788609584947760	9994	79e9344c2db36dd7	bec100be5ca6ed56
1788609586548342782	7	500	phase_loop[1842]	1788609584957759	9988	734996c45ae59b30	bec100be5ca6ed56
1788609586548342782	7	500	phase_loop[1843]	1788609584967752	9995	a9f9d8d72b27d0e3	bec100be5ca6ed56
1788609586548342782	7	500	phase_loop[1844]	1788609584977752	9996	8ba02c7698eb9100	bec100be5ca6ed56
1788609586548342782	7	500	phase_loop[1845]	1788609584987753	9993	3046b949a2dcad86	bec100be5ca6ed56
1788609586548342782	7	500	phase_loop[1846]	1788609584997752	9995	7a60c7da155960aa	bec100be5ca6ed56
1788609586548342782	7	500	phase_loop[1847]	1788609585007753	10001	b0fa389c0a3dcb70	bec100be5ca6ed56
1788609586548342782	7	500	phase_loop[1848]	1788609585017760	10022	05f2f5fd15a8f430	bec100be5ca6ed56
1788609586548342782	7	500	phase_loop[1849]	1788609585027788	9962	d4cbaacda574ff24	bec100be5ca6ed56
1788609586548342782	7	500	phase_loop[1850]	1788609585037755	10001	1c34f3af43fc0bf7	bec100be5ca6ed56
1788609586548342782	7	500	phase_loop[1851]	1788609585047762	9984	6f566478ca232e7d	bec100be5ca6ed56
1788609586548342782	7	500	phase_loop[1852]	1788609585057752	9997	0df515f9d016ea67	bec100be5ca6ed56
1788609586548342782	7	500	phase_loop[1853]	1788609585067756	9999	f401045423da6745	bec100be5ca6ed56
1788609586548342782	7	500	phase_loop[1854]	1788609585077760	9987	e166df71a0f8f105	bec100be5ca6ed56
1788609586548342782	7	500	phase_loop[1855]	1788609585087753	10002	7ad1469dc7669cba	bec100be5ca6ed56
1788609586548342782	7	500	phase_loop[1856]	1788609585097760	9994	e0cdb4ee68b0f702	bec100be5ca6ed56
1788609586548342782	7	500	phase_loop[1857]	1788609585107760	9986	3db89c222a638bec	bec100be5ca6ed56
1788609586548342782	7	500	phase_loop[1858]	1788609585117752	9994	a63089fdc1500bde	bec100be5ca6ed56
1788609586548342782	7	500	phase_loop[1859]	1788609585127751	9998	f72ababe0c779564	bec100be5ca6ed56
1788609586548342782	7	500	phase_loop[1860]	1788609585137754	10000	3706747b6a238be5	bec100be5ca6ed56
1788609586548342782	7	500	phase_loop[1861]	1788609585147760	9989	1cdb9b88463694af	bec100be5ca6ed56
1788609586548342782	7	500	phase_loop[1862]	1788609585157754	9994	e19bec55d9becb93	bec100be5ca6ed56
1788609586548342782	7	500	phase_loop[1863]	1788609585167754	10001	64863cc58ab48bd7	bec100be5ca6ed56
1788609586548342782	7	500	phase_loop[1864]	1788609585177760	9987	d908b7ad25dbf474	bec100be5ca6ed56
1788609586548342782	7	500	phase_loop[1865]	1788609585187752	9995	63e199d7ec7e0c64	bec100be5ca6ed56
1788609586548342782	7	500	phase_loop[1866]	1788609585197752	9996	202055e4f8d64824	bec100be5ca6ed56
1788609586548342782	7	500	phase_loop[1867]	1788609585207752	9993	8081f36d2431505a	bec100be5ca6ed56
1788609586548342782	7	500	phase_loop[1868]	1788609585217750	10002	236e5b2ec3ff94aa	bec100be5ca6ed56
1788609586548342782	7	500	phase_loop[1869]	1788609585227757	9991	c5e3591f46d48b82	bec100be5ca6ed56
1788609586548342782	7	500	phase_loop[1870]	1788609585237753	9997	f4966f5c8c9d4ffb	bec100be5ca6ed56
1788609586548342782	7	500	phase_loop[1871]	1788609585247755	9999	913ff144974f9453	bec100be5ca6ed56
1788609586548342782	7	500	phase_loop[1872]	1788609585257760	9990	393cd52f52849641	bec100be5ca6ed56
1788609586548342782	7	500	phase_loop[1873]	1788609585267756	9999	484229bc0950c4f9	bec100be5ca6ed56
1788609586548342782	7	500	phase_loop[1874]	1788609585277760	9987	3c1ad683a2f0058f	bec100be5ca6ed56
1788609586548342782	7	500	phase_loop[1875]	1788609585287753	9994	3ddce5a182b35792	bec100be5ca6ed56
1788609586548342782	7	500	phase_loop[1876]	1788609585297752	9995	19954d56c2770fd2	bec100be5ca6ed56
1788609586548342782	7	500	phase_loop[1877]	1788609585307752	10002	c76a9b4400f006ff	bec100be5ca6ed56
1788609586548342782	7	500	phase_loop[1878]	1788609585317760	9986	7aa495b6bf67ba4d	bec100be5ca6ed56
1788609586548342782	7	500	phase_loop[1879]	1788609585327751	9997	c4fdeda60f46954e	bec100be5ca6ed56
1788609586548342782	7	500	phase_loop[1880]	1788609585337753	9993	8f4255dd66d4cda0	bec100be5ca6ed56
1788609586548342782	7	500	phase_loop[1881]	1788609585347750	10041	3e157279aed7c449	bec100be5ca6ed56
1788609586548342782	7	500	phase_loop[1882]	1788609585357798	9952	c679838e55df8554	bec100be5ca6ed56
1788609586548342782	7	500	phase_loop[1883]	1788609585367756	9995	fb8a16acae0580e2	bec100be5ca6ed56
1788609586548342782	7	500	phase_loop[1884]	1788609585377756	9999	d2e2c0f942d332b9	bec100be5ca6ed56
1788609586548342782	7	500	phase_loop[1885]	1788609585387761	9990	2cae5af132e2587d	bec100be5ca6ed56
1788609586548342782	7	500	phase_loop[1886]	1788609585397756	9999	fceb4256a8deaa1c	bec100be5ca6ed56
1788609586548342782	7	500	phase_loop[1887]	1788609585407759	9989	0dcb26b059f42ac1	bec100be5ca6ed56
1788609586548342782	7	500	phase_loop[1888]	1788609585417754	9994	b0b96d2cce2da5d8	bec100be5ca6ed56
1788609586548342782	7	500	phase_loop[1889]	1788609585427753	9994	a72674656e4df2f9	bec100be5ca6ed56
1788609586548342782	7	500	phase_loop[1890]	1788609585437752	9995	3e82de7eabaf6386	bec100be5ca6ed56
1788609586548342782	7	500	phase_loop[1891]	1788609585447753	9996	e98524a3e38cc6e7	bec100be5ca6ed56
1788609586548342782	7	500	phase_loop[1892]	1788609585457754	9993	cb7292562943225b	bec100be5ca6ed56
1788609586548342782	7	500	phase_loop[1893]	1788609585467753	9993	74ee4ab085ce0ded	bec100be5ca6ed56
1788609586548342782	7	500	phase_loop[1894]	1788609585477752	9996	589e74b7b9e39846	bec100be5ca6ed56
1788609586548342782	7	500	phase_loop[1895]	1788609585487753	9996	b91260eefa5c639c	bec100be5ca6ed56
1788609586548342782	7	500	phase_loop[1896]	1788609585497754	9994	d19da52b0402a642	bec100be5ca6ed56
1788609586548342782	7	500	phase_loop[1897]	1788609585507753	9994	4f1bc3d96b62bb23	bec100be5ca6ed56
1788609586548342782	7	500	phase_loop[1898]	1788609585517751	9995	354c1f16e974e7d6	bec100be5ca6ed56
1788609586548342782	7	500	phase_loop[1899]	1788609585527752	9996	73c4b60cc8df5e8d	bec100be5ca6ed56
1788609586548342782	7	500	phase_loop[1900]	1788609585537753	9994	9be9b5dd57b2ee1a	bec100be5ca6ed56
1788609586548342782	7	500	phase_loop[1901]	1788609585547752	9996	855ac8e83a097461	bec100be5ca6ed56
1788609586548342782	7	500	phase_loop[1902]	1788609585557755	10001	9357a3768f5ab632	bec100be5ca6ed56
1788609586548342782	7	500	phase_loop[1903]	1788609585567762	9985	d6f6076d0acb5eae	bec100be5ca6ed56
1788609586548342782	7	500	phase_loop[1904]	1788609585577752	9993	de2385fc59a3ea33	bec100be5ca6ed56
1788609586548342782	7	500	phase_loop[1905]	1788609585587750	9998	2149a9074d7245f8	bec100be5ca6ed56
1788609586548342782	7	500	phase_loop[1906]	1788609585597753	9994	cd41c93407e25817	bec100be5ca6ed56
1788609586548342782	7	500	phase_loop[1907]	1788609585607752	9993	f9a6e7b4d5339f66	bec100be5ca6ed56
1788609586548342782	7	500	phase_loop[1908]	1788609585617751	9994	51463e8195dab04a	bec100be5ca6ed56
1788609586548342782	7	500	phase_loop[1909]	1788609585627751	9996	ebf294e9fe11d97b	bec100be5ca6ed56
1788609586548342782	7	500	phase_loop[1910]	1788609585637752	9993	73596b46996769e6	bec100be5ca6ed56
1788609586548342782	7	500	phase_loop[1911]	1788609585647750	9996	e445f569015dfd69	bec100be5ca6ed56
1788609586548342782	7	500	phase_loop[1912]	1788609585657751	9997	6929bc3da2cff392	bec100be5ca6ed56
1788609586548342782	7	500	phase_loop[1913]	1788609585667755	9991	bfc32938e6692baa	bec100be5ca6ed56
1788609586548342782	7	500	phase_loop[1914]	1788609585677750	10034	4406e8025f8896ca	bec100be5ca6ed56
1788609586548342782	7	500	phase_loop[1915]	1788609585687790	9963	0957c07c400760b5	bec100be5ca6ed56
1788609586548342782	7	500	phase_loop[1916]	1788609585697758	9996	fcb1acb8dc5748db	bec100be5ca6ed56
1788609586548342782	7	500	phase_loop[1917]	1788609585707761	9986	5fd4cfae0f162ac6	bec100be5ca6ed56
1788609586548342782	7	500	phase_loop[1918]	1788609585717751	9996	06bb7a5c76333ed9	bec100be5ca6ed56
1788609586548342782	7	500	phase_loop[1919]	1788609585727752	9995	aed738a9f5d5bc3b	bec100be5ca6ed56
1788609586548342782	7	500	phase_loop[1920]	1788609585737753	9994	3d1fdf9deff5581d	bec100be5ca6ed56
1788609586548342782	7	500	phase_loop[1921]	1788609585747753	9995	a1e0a73bd9dfe7e4	bec100be5ca6ed56
1788609586548342782	7	500	phase_loop[1922]	1788609585757754	9994	2ebed01bb80bc0bf	bec100be5ca6ed56
1788609586548342782	7	500	phase_loop[1923]	1788609585767753	9993	14754eefa5423a6f	bec100be5ca6ed56
1788609586548342782	7	500	phase_loop[1924]	1788609585777752	9993	09dd71c96d7568db	bec100be5ca6ed56
1788609586548342782	7	500	phase_loop[1925]	1788609585787750	9998	8114a04f8f5c263f	bec100be5ca6ed56
1788609586548342782	7	500	phase_loop[1926]	1788609585797753	9995	b5ba6e715152a11a	bec100be5ca6ed56
1788609586548342782	7	500	phase_loop[1927]	1788609585807752	9993	775250c6010e13a3	bec100be5ca6ed56
1788609586548342782	7	500	phase_loop[1928]	1788609585817750	9997	8a097c3a98ed2eb7	bec100be5ca6ed56
1788609586548342782	7	500	phase_loop[1929]	1788609585827752	9994	366a78fb66851813	bec100be5ca6ed56
1788609586548342782	7	500	phase_loop[1930]	1788609585837751	9997	0dcfb140a4fb8aaf	bec100be5ca6ed56
1788609586548342782	7	500	phase_loop[1931]	1788609585847753	10002	48d4c9c52d6cf04f	bec100be5ca6ed56
1788609586548342782	7	500	phase_loop[1932]	1788609585857759	9989	eeb68be7650a866e	bec100be5ca6ed56
1788609586548342782	7	500	phase_loop[1933]	1788609585867754	10000	ed975a0aec6dba48	bec100be5ca6ed56
1788609586548342782	7	500	phase_loop[1934]	1788609585877759	9992	eb9912ad820f4015	bec100be5ca6ed56
1788609586548342782	7	500	phase_loop[1935]	1788609585887756	9997	3e290c13bd7281d2	bec100be5ca6ed56
1788609586548342782	7	500	phase_loop[1936]	1788609585897759	9994	c7b532eaa1fef7fb	bec100be5ca6ed56
1788609586548342782	7	500	phase_loop[1937]	1788609585907759	9995	420a3e678ea9fcca	bec100be5ca6ed56
1788609586548342782	7	500	phase_loop[1938]	1788609585917758	9988	f2728b749809f6df	bec100be5ca6ed56
1788609586548342782	7	500	phase_loop[1939]	1788609585927752	9997	3a6612a1263ab54d	bec100be5ca6ed56
1788609586548342782	7	500	phase_loop[1940]	1788609585937754	10001	70f3e20b68b002c2	bec100be5ca6ed56
1788609586548342782	7	500	phase_loop[1941]	1788609585947760	9989	345693697d0efc68	bec100be5ca6ed56
1788609586548342782	7	500	phase_loop[1942]	1788609585957754	9999	8adf0bf1be98fbb2	bec100be5ca6ed56
1788609586548342782	7	500	phase_loop[1943]	1788609585967759	9995	eef8ec32b6c05289	bec100be5ca6ed56
1788609586548342782	7	500	phase_loop[1944]	1788609585977759	9986	9f978879614dbf36	bec100be5ca6ed56
1788609586548342782	7	500	phase_loop[1945]	1788609585987751	9997	b6f51af4425ad2c2	bec100be5ca6ed56
1788609586548342782	7	500	phase_loop[1946]	1788609585997752	9994	6be9b1043015f03c	bec100be5ca6ed56
1788609586548342782	7	500	phase_loop[1947]	1788609586007752	10029	459bbd0be96d83d9	bec100be5ca6ed56
1788609586548342782	7	500	phase_loop[1948]	1788609586017786	9963	82d40d0f9f098e34	bec100be5ca6ed56
1788609586548342782	7	500	phase_loop[1949]	1788609586027754	10001	e9f9bef49b729060	bec100be5ca6ed56
1788609586548342782	7	500	phase_loop[1950]	1788609586037760	9987	7394e4b7c2de815c	bec100be5ca6ed56
1788609586548342782	7	500	phase_loop[1951]	1788609586047753	9997	fda62e204a45fbad	bec100be5ca6ed56
1788609586548342782	7	500	phase_loop[1952]	1788609586057754	9992	4e5fd1863539dd86	bec100be5ca6ed56
1788609586548342782	7	500	phase_loop[1953]	1788609586067751	9996	4ebe5f42d0cbf11f	bec100be5ca6ed56
1788609586548342782	7	500	phase_loop[1954]	1788609586077752	9995	1b525eaa8f4b593e	bec100be5ca6ed56
1788609586548342782	7	500	phase_loop[1955]	1788609586087752	9995	c230709afe230b37	bec100be5ca6ed56
1788609586548342782	7	500	phase_loop[1956]	1788609586097752	9994	50800e80682b86c0	bec100be5ca6ed56
1788609586548342782	7	500	phase_loop[1957]	1788609586107752	9997	4d653dc76945c988	bec100be5ca6ed56
1788609586548342782	7	500	phase_loop[1958]	1788609586117753	9993	c3fb5a7643280386	bec100be5ca6ed56
1788609586548342782	7	500	phase_loop[1959]	1788609586127752	9995	6b6b6db8559e3d40	bec100be5ca6ed56
1788609586548342782	7	500	phase_loop[1960]	1788609586137752	9996	ce04d936ab74f797	bec100be5ca6ed56
1788609586548342782	7	500	phase_loop[1961]	1788609586147754	10000	d6914c330789d5ac	bec100be5ca6ed56
1788609586548342782	7	500	phase_loop[1962]	1788609586157759	9995	b1c3f5570adb7965	bec100be5ca6ed56
1788609586548342782	7	500	phase_loop[1963]	1788609586167759	9996	adc4e890025c0e46	bec100be5ca6ed56
1788609586548342782	7	500	phase_loop[1964]	1788609586177759	9992	ed6a71c3fd7d6867	bec100be5ca6ed56
1788609586548342782	7	500	phase_loop[1965]	1788609586187756	9998	d45bb5b2605ca21a	bec100be5ca6ed56
1788609586548342782	7	500	phase_loop[1966]	1788609586197759	9996	b563bcb2945a98b1	bec100be5ca6ed56
1788609586548342782	7	500	phase_loop[1967]	1788609586207760	9988	0b3a02e19bcbcc06	bec100be5ca6ed56
1788609586548342782	7	500	phase_loop[1968]	1788609586217752	9996	f053397084599e1b	bec100be5ca6ed56
1788609586548342782	7	500	phase_loop[1969]	1788609586227753	9995	481d82defc662120	bec100be5ca6ed56
1788609586548342782	7	500	phase_loop[1970]	1788609586237752	9993	c1cd8082cb2a8b02	bec100be5ca6ed56
1788609586548342782	7	500	phase_loop[1971]	1788609586247750	9996	fe7e418b8a355963	bec100be5ca6ed56
1788609586548342782	7	500	phase_loop[1972]	1788609586257750	9996	4740455c6cf98ebe	bec100be5ca6ed56
1788609586548342782	7	500	phase_loop[1973]	1788609586267751	9996	4987a883da71f420	bec100be5ca6ed56
1788609586548342782	7	500	phase_loop[1974]	1788609586277752	10002	31d6bb90ffc98fec	bec100be5ca6ed56
1788609586548342782	7	500	phase_loop[1975]	1788609586287759	9988	6941f389da835cfe	bec100be5ca6ed56
1788609586548342782	7	500	phase_loop[1976]	1788609586297753	9996	ddccbf18b8119513	bec100be5ca6ed56
1788609586548342782	7	500	phase_loop[1977]	1788609586307753	9991	f975c2909a88f909	bec100be5ca6ed56
1788609586548342782	7	500	phase_loop[1978]	1788609586317749	9998	d9839d57b2f0301a	bec100be5ca6ed56
1788609586548342782	7	500	phase_loop[1979]	1788609586327751	9996	0560ca48c627cf5d	bec100be5ca6ed56
1788609586548342782	7	500	phase_loop[1980]	1788609586337752	10023	83a6bac0483dd2a9	bec100be5ca6ed56
1788609586548342782	7	500	phase_loop[1981]	1788609586347781	9970	d5df994ed67a1e2d	bec100be5ca6ed56
1788609586548342782	7	500	phase_loop[1982]	1788609586357757	9999	edee4fa5ebe62a1f	bec100be5ca6ed56
1788609586548342782	7	500	phase_loop[1983]	1788609586367762	9985	7d6f8cff0134b584	bec100be5ca6ed56
1788609586548342782	7	500	phase_loop[1984]	1788609586377752	9995	c6aa90ce971aa5db	bec100be5ca6ed56
1788609586548342782	7	500	phase_loop[1985]	1788609586387752	9995	c778e263dddaef55	bec100be5ca6ed56
1788609586548342782	7	500	phase_loop[1986]	1788609586397752	9996	d84f553c0d2563be	bec100be5ca6ed56
1788609586548342782	7	500	phase_loop[1987]	1788609586407753	10002	af1713cabb36fdf8	bec100be5ca6ed56
1788609586548342782	7	500	phase_loop[1988]	1788609586417759	9988	79ae8b03aee3fbc1	bec100be5ca6ed56
1788609586548342782	7	500	phase_loop[1989]	1788609586427752	9997	4b05c7fb016c09e7	bec100be5ca6ed56
1788609586548342782	7	500	phase_loop[1990]	1788609586437754	10002	d51e9f1f646ad77f	bec100be5ca6ed56
1788609586548342782	7	500	phase_loop[1991]	1788609586447760	9987	b21be0dfeffecf97	bec100be5ca6ed56
1788609586548342782	7	500	phase_loop[1992]	1788609586457752	9997	876576b977dd08c6	bec100be5ca6ed56
1788609586548342782	7	500	phase_loop[1993]	1788609586467754	10001	d3f61ff41ece48c6	bec100be5ca6ed56
1788609586548342782	7	500	phase_loop[1994]	1788609586477759	9989	10b4c370412ff5c3	bec100be5ca6ed56
1788609586548342782	7	500	phase_loop[1995]	1788609586487753	10001	ca177f71d00662ee	bec100be5ca6ed56
1788609586548342782	7	500	phase_loop[1996]	1788609586497759	9995	f96cd854e84708cb	bec100be5ca6ed56
1788609586548342782	7	500	phase_loop[1997]	1788609586507760	9986	079fd464769f7d04	bec100be5ca6ed56
1788609586548342782	7	500	phase_loop[1998]	1788609586517761	9985	635efd53fcbe5b6d	bec100be5ca6ed56
1788609586548342782	7	500	phase_loop[1999]	1788609586527751	9997	f40b4adfe9c79014	bec100be5ca6ed56
1788609586548342782	7	500	HI_task-0	1788609566537879	19999902	34eeaa96d28cdbbd	5d1628218ec11409
1788609586555488575	8	4	phase_loop[2000]	1788609586537753	2054	007cc815d60d6b21	bec100be5ca6ed56
1788609586555488575	8	4	phase[0]	1788609566561791	19978017	bec100be5ca6ed56	7841322a54767d7b
1788609586555488575	8	4	thread_loop[0]	1788609566561784	19978025	7841322a54767d7b	34eeaa96d28cdbbd
1788609586555488575	8	4	main	1788609566537461	20004365	5d1628218ec11409	-
