t_recv_ns	batch_idx	n_span	name	timestamp_us	duration_us	id	parent
1788609716153891887	0	500	calibration	1788609711139123	49	aa735fd93342e280	d7a90d7b7f5c251f
1788609716153891887	0	500	phase_loop[0]	1788609711163195	2133	127155b6dc9d7cdc	165f2f27ebea67ef
1788609716153891887	0	500	phase_loop[1]	1788609711165339	2059	ea08ec9a2fd6887e	165f2f27ebea67ef
1788609716153891887	0	500	phase_loop[2]	1788609711167402	2054	98bf51cd2f6fa1b7	165f2f27ebea67ef
1788609716153891887	0	500	phase_loop[3]	1788609711169461	9903	4d8a5df7d431c6d1	165f2f27ebea67ef
1788609716153891887	0	500	phase_loop[4]	1788609711179369	9993	ec7dce99aa310b02	165f2f27ebea67ef
1788609716153891887	0	500	phase_loop[5]	1788609711189366	9997	bb6ac187046eb049	165f2f27ebea67ef
1788609716153891887	0	500	phase_loop[6]	1788609711199367	9996	e3a7a2248ce9d7f4	165f2f27ebea67ef
1788609716153891887	0	500	phase_loop[7]	1788609711209367	9994	26f7b2d3c73a63b1	165f2f27ebea67ef
1788609716153891887	0	500	phase_loop[8]	1788609711219365	9998	0f8ecb204cada196	165f2f27ebea67ef
1788609716153891887	0	500	phase_loop[9]	1788609711229366	9996	d0719cae9b998f99	165f2f27ebea67ef
1788609716153891887	0	500	phase_loop[10]	1788609711239373	9989	41e1fb58d0a1fc70	165f2f27ebea67ef
1788609716153891887	0	500	phase_loop[11]	1788609711249367	9995	1357a993aa93942d	165f2f27ebea67ef
1788609716153891887	0	500	phase_loop[12]	1788609711259365	9999	8f3d59e2a02f44a5	165f2f27ebea67ef
1788609716153891887	0	500	phase_loop[13]	1788609711269368	9994	1687d497b2d3e16d	165f2f27ebea67ef
1788609716153891887	0	500	phase_loop[14]	1788609711279366	9996	f1e84e0989f52bb8	165f2f27ebea67ef
1788609716153891887	0	500	phase_loop[15]	1788609711289366	9997	4ec57317eecd9521	165f2f27ebea67ef
1788609716153891887	0	500	phase_loop[16]	1788609711299367	9997	f1acb334f74ae12d	165f2f27ebea67ef
1788609716153891887	0	500	phase_loop[17]	1788609711309368	9994	3209e83121e47e13	165f2f27ebea67ef
1788609716153891887	0	500	phase_loop[18]	1788609711319366	9997	6dfb2a3609a70762	165f2f27ebea67ef
1788609716153891887	0	500	phase_loop[19]	1788609711329367	9995	e36b3c2256c5df3d	165f2f27ebea67ef
1788609716153891887	0	500	phase_loop[20]	1788609711339366	9995	af06a3ba66617b5e	165f2f27ebea67ef
1788609716153891887	0	500	phase_loop[21]	1788609711349365	9997	fb4e4824726291b7	165f2f27ebea67ef
1788609716153891887	0	500	phase_loop[22]	1788609711359366	9996	423a82a8005973a6	165f2f27ebea67ef
1788609716153891887	0	500	phase_loop[23]	1788609711369366	9995	3d9a47e10d03b825	165f2f27ebea67ef
1788609716153891887	0	500	phase_loop[24]	1788609711379365	9995	e8bfb784d6d350ff	165f2f27ebea67ef
1788609716153891887	0	500	phase_loop[25]	1788609711389364	9998	86a185f0ca578750	165f2f27ebea67ef
1788609716153891887	0	500	phase_loop[26]	1788609711399366	9996	4a9a7ae3c729863c	165f2f27ebea67ef
1788609716153891887	0	500	phase_loop[27]	1788609711409366	9996	febefcffc0348600	165f2f27ebea67ef
1788609716153891887	0	500	phase_loop[28]	1788609711419366	9997	8a953b2ac83712e7	165f2f27ebea67ef
1788609716153891887	0	500	phase_loop[29]	1788609711429366	9996	0f117c41adb80b45	165f2f27ebea67ef
1788609716153891887	0	500	phase_loop[30]	1788609711439367	9995	d79f283a06290c70	165f2f27ebea67ef
1788609716153891887	0	500	phase_loop[31]	1788609711449366	9998	4bb211f6077aa119	165f2f27ebea67ef
1788609716153891887	0	500	phase_loop[32]	1788609711459367	10058	b0f86ef7616db229	165f2f27ebea67ef
1788609716153891887	0	500	phase_loop[33]	1788609711469430	9933	23e85c4a873e1c0c	165f2f27ebea67ef
1788609716153891887	0	500	phase_loop[34]	1788609711479367	9993	89fde7ed29ca6599	165f2f27ebea67ef
1788609716153891887	0	500	phase_loop[35]	1788609711489402	9964	ea5d8d09288e2049	165f2f27ebea67ef
1788609716153891887	0	500	phase_loop[36]	1788609711499372	9992	28b05f6bd539c3fc	165f2f27ebea67ef
1788609716153891887	0	500	phase_loop[37]	1788609711509369	10004	dae0d9c3e80ca8a7	165f2f27ebea67ef
1788609716153891887	0	500	phase_loop[38]	1788609711519377	9997	8bc7864af28eafaf	165f2f27ebea67ef
1788609716153891887	0	500	phase_loop[39]	1788609711529378	9984	7ddecd1d2a7f6573	165f2f27ebea67ef
1788609716153891887	0	500	phase_loop[40]	1788609711539379	9983	b54452cdee98635a	165f2f27ebea67ef
1788609716153891887	0	500	phase_loop[41]	1788609711549378	9985	3384670f492ead8b	165f2f27ebea67ef
1788609716153891887	0	500	phase_loop[42]	1788609711559368	10009	33bc5efc3f41d191	165f2f27ebea67ef
1788609716153891887	0	500	phase_loop[43]	1788609711569381	9995	76844cfb63977ca9	165f2f27ebea67ef
1788609716153891887	0	500	phase_loop[44]	1788609711579380	9996	4fa6e602a889adf7	165f2f27ebea67ef
1788609716153891887	0	500	phase_loop[45]	1788609711589380	9984	0a7ce9929bd9327c	165f2f27ebea67ef
1788609716153891887	0	500	phase_loop[46]	1788609711599381	9983	2def685152b08098	165f2f27ebea67ef
1788609716153891887	0	500	phase_loop[47]	1788609711609381	9981	1d1597a2e5b685ee	165f2f27ebea67ef
1788609716153891887	0	500	phase_loop[48]	1788609711619366	10009	eef6dc01c04af210	165f2f27ebea67ef
1788609716153891887	0	500	phase_loop[49]	1788609711629379	9997	cd778ef6d91eb78d	165f2f27ebea67ef
1788609716153891887	0	500	phase_loop[50]	1788609711639380	9994	3f7ec98825fdc55c	165f2f27ebea67ef
1788609716153891887	0	500	phase_loop[51]	1788609711649378	9984	fbe405281c372724	165f2f27ebea67ef
1788609716153891887	0	500	phase_loop[52]	1788609711659379	9984	4a52fc1ea9a69d34	165f2f27ebea67ef
1788609716153891887	0	500	phase_loop[53]	1788609711669380	9982	a022f504ae376aaa	165f2f27ebea67ef
1788609716153891887	0	500	phase_loop[54]	1788609711679367	10006	0598fec3c6105caa	165f2f27ebea67ef
1788609716153891887	0	500	phase_loop[55]	1788609711689377	10002	7df8a95cc744d7b4	165f2f27ebea67ef
1788609716153891887	0	500	phase_loop[56]	1788609711699383	9991	3eec71a2c2f4dc36	165f2f27ebea67ef
1788609716153891887	0	500	phase_loop[57]	1788609711709379	9985	21b0bacd6c9c1fae	165f2f27ebea67ef
1788609716153891887	0	500	phase_loop[58]	1788609711719379	9983	4a2b762ae56a72d6	165f2f27ebea67ef
1788609716153891887	0	500	phase_loop[59]	1788609711729366	9988	2b131cdcf6e70b5e	165f2f27ebea67ef
1788609716153891887	0	500	phase_loop[60]	1788609711739370	10005	ef6889ff7d61ef1c	165f2f27ebea67ef
1788609716153891887	0	500	phase_loop[61]	1788609711749379	9998	789434cfa63853bb	165f2f27ebea67ef
1788609716153891887	0	500	phase_loop[62]	1788609711759381	9983	06f885d4ffe2635d	165f2f27ebea67ef
1788609716153891887	0	500	phase_loop[63]	1788609711769379	9984	344bde99212eb991	165f2f27ebea67ef
1788609716153891887	0	500	phase_loop[64]	1788609711779379	9982	3f050e6abf78d7b3	165f2f27ebea67ef
1788609716153891887	0	500	phase_loop[65]	1788609711789365	10045	5444be5bb9ee4039	165f2f27ebea67ef
1788609716153891887	0	500	phase_loop[66]	1788609711799416	9967	95b214100f1d9e65	165f2f27ebea67ef
1788609716153891887	0	500	phase_loop[67]	1788609711809388	9985	eccfa23c17ffea86	165f2f27ebea67ef
1788609716153891887	0	500	phase_loop[68]	1788609711819377	9987	b8630ca4c6a6b4ab	165f2f27ebea67ef
1788609716153891887	0	500	phase_loop[69]	1788609711829379	9984	80855e6c01cf33a1	165f2f27ebea67ef
1788609716153891887	0	500	phase_loop[70]	1788609711839380	9981	791d5e9054518d4e	165f2f27ebea67ef
1788609716153891887	0	500	phase_loop[71]	1788609711849365	9998	c4ce81df25a4072e	165f2f27ebea67ef
1788609716153891887	0	500	phase_loop[72]	1788609711859368	10008	e21e3865bde0c1f7	165f2f27ebea67ef
1788609716153891887	0	500	phase_loop[73]	1788609711869381	9992	85a4361ba79b4ab6	165f2f27ebea67ef
1788609716153891887	0	500	phase_loop[74]	1788609711879378	9985	80291d6034874461	165f2f27ebea67ef
1788609716153891887	0	500	phase_loop[75]	1788609711889379	9985	8c966b33893ceb4e	165f2f27ebea67ef
1788609716153891887	0	500	phase_loop[76]	1788609711899381	9983	f3f2a1c6d887d68e	165f2f27ebea67ef
1788609716153891887	0	500	phase_loop[77]	1788609711909368	10006	7e1d53ab4b39811b	165f2f27ebea67ef
1788609716153891887	0	500	phase_loop[78]	1788609711919379	9997	9d5512b2bb4e8e78	165f2f27ebea67ef
1788609716153891887	0	500	phase_loop[79]	1788609711929380	9995	d18173dac8c252c2	165f2f27ebea67ef
1788609716153891887	0	500	phase_loop[80]	1788609711939379	9985	a9c299d9bf4b8deb	165f2f27ebea67ef
1788609716153891887	0	500	phase_loop[81]	1788609711949379	9984	4e313dc84df2269d	165f2f27ebea67ef
1788609716153891887	0	500	phase_loop[82]	1788609711959379	9986	1cb1a6acf9b1f60f	165f2f27ebea67ef
1788609716153891887	0	500	phase_loop[83]	1788609711969369	10005	3193eca2e2e0b38c	165f2f27ebea67ef
1788609716153891887	0	500	phase_loop[84]	1788609711979379	9993	b1f7edfb96df2679	165f2f27ebea67ef
1788609716153891887	0	500	phase_loop[85]	1788609711989376	9999	4bebebcd4d7b517d	165f2f27ebea67ef
1788609716153891887	0	500	phase_loop[86]	1788609711999380	9984	78b36658f8c2a83f	165f2f27ebea67ef
1788609716153891887	0	500	phase_loop[87]	1788609712009379	9984	2f745fdaf053801b	165f2f27ebea67ef
1788609716153891887	0	500	phase_loop[88]	1788609712019380	9984	05f29693c426ab57	165f2f27ebea67ef
1788609716153891887	0	500	phase_loop[89]	1788609712029368	10009	cf85d8560c6f7532	165f2f27ebea67ef
1788609716153891887	0	500	phase_loop[90]	1788609712039382	9990	5b89fc55599a94fd	165f2f27ebea67ef
1788609716153891887	0	500	phase_loop[91]	1788609712049376	9987	e5cd3239a9c14441	165f2f27ebea67ef
1788609716153891887	0	500	phase_loop[92]	1788609712059379	9986	6c085800092e158f	165f2f27ebea67ef
1788609716153891887	0	500	phase_loop[93]	1788609712069381	9981	66c366a9ddd52539	165f2f27ebea67ef
1788609716153891887	0	500	phase_loop[94]	1788609712079366	9984	3ea7fdb217e290f6	165f2f27ebea67ef
1788609716153891887	0	500	phase_loop[95]	1788609712089366	10010	16519e2ac15a56ac	165f2f27ebea67ef
1788609716153891887	0	500	phase_loop[96]	1788609712099380	9996	eb63a593e104afc1	165f2f27ebea67ef
1788609716153891887	0	500	phase_loop[97]	1788609712109380	9982	8d9aeefd473fcdb5	165f2f27ebea67ef
1788609716153891887	0	500	phase_loop[98]	1788609712119377	10024	0b10a4b699cbeb64	165f2f27ebea67ef
1788609716153891887	0	500	phase_loop[99]	1788609712129419	9946	d0f12138a9fd1f53	165f2f27ebea67ef
1788609716153891887	0	500	phase_loop[100]	1788609712139370	9991	53284b29d0b098bb	165f2f27ebea67ef
1788609716153891887	0	500	phase_loop[101]	1788609712149366	10008	501a9b4eb77a1c1d	165f2f27ebea67ef
1788609716153891887	0	500	phase_loop[102]	1788609712159378	9998	83339325b8b198b9	165f2f27ebea67ef
1788609716153891887	0	500	phase_loop[103]	1788609712169380	9983	05f4cd3007b2c3c8	165f2f27ebea67ef
1788609716153891887	0	500	phase_loop[104]	1788609712179379	9984	cef8b31e37e97fa3	165f2f27ebea67ef
1788609716153891887	0	500	phase_loop[105]	1788609712189379	9984	9984edcf66f423d7	165f2f27ebea67ef
1788609716153891887	0	500	phase_loop[106]	1788609712199368	10008	a76d1e4674a2cc4f	165f2f27ebea67ef
1788609716153891887	0	500	phase_loop[107]	1788609712209380	9990	79e571ef8fb22026	165f2f27ebea67ef
1788609716153891887	0	500	phase_loop[108]	1788609712219375	10001	dfd6d962282c7710	165f2f27ebea67ef
1788609716153891887	0	500	phase_loop[109]	1788609712229380	9983	44026c3792738ea2	165f2f27ebea67ef
1788609716153891887	0	500	phase_loop[110]	1788609712239379	9984	2a65f7f8dcc8e87d	165f2f27ebea67ef
1788609716153891887	0	500	phase_loop[111]	1788609712249379	9986	889e862595b17e12	165f2f27ebea67ef
1788609716153891887	0	500	phase_loop[112]	1788609712259369	10008	79e5916cd9821b07	165f2f27ebea67ef
1788609716153891887	0	500	phase_loop[113]	1788609712269381	9992	0f943f08437d0f3a	165f2f27ebea67ef
1788609716153891887	0	500	phase_loop[114]	1788609712279378	9994	f3c56b20877c9a96	165f2f27ebea67ef
1788609716153891887	0	500	phase_loop[115]	1788609712289376	9991	047404dbf9430fbe	165f2f27ebea67ef
1788609716153891887	0	500	phase_loop[116]	1788609712299383	9979	b831b8c39880c4db	165f2f27ebea67ef
1788609716153891887	0	500	phase_loop[117]	1788609712309378	9984	7588f5fcbcd8c21a	165f2f27ebea67ef
1788609716153891887	0	500	phase_loop[118]	1788609712319367	10007	ea953964e56424eb	165f2f27ebea67ef
1788609716153891887	0	500	phase_loop[119]	1788609712329378	10000	e71e9b8083c6e16f	165f2f27ebea67ef
1788609716153891887	0	500	phase_loop[120]	1788609712339383	9989	8ca1039b507b07f2	165f2f27ebea67ef
1788609716153891887	0	500	phase_loop[121]	1788609712349376	9987	bf14c3a92260663c	165f2f27ebea67ef
1788609716153891887	0	500	phase_loop[122]	1788609712359378	9987	2778cd8ae2efa021	165f2f27ebea67ef
1788609716153891887	0	500	phase_loop[123]	1788609712369369	9982	f5f6650e0739ee76	165f2f27ebea67ef
1788609716153891887	0	500	phase_loop[124]	1788609712379369	10005	e1e9d9174f980664	165f2f27ebea67ef
1788609716153891887	0	500	phase_loop[125]	1788609712389377	9997	b15a571b16309f61	165f2f27ebea67ef
1788609716153891887	0	500	phase_loop[126]	1788609712399378	9984	906787cb9aaa0c95	165f2f27ebea67ef
1788609716153891887	0	500	phase_loop[127]	1788609712409378	9985	32fcaa246e59573a	165f2f27ebea67ef
1788609716153891887	0	500	phase_loop[128]	1788609712419379	9984	ebab2e27f62eb9d2	165f2f27ebea67ef
1788609716153891887	0	500	phase_loop[129]	1788609712429368	9995	2064c25d2480b14e	165f2f27ebea67ef
1788609716153891887	0	500	phase_loop[130]	1788609712439368	10007	2c46beb3045e44fe	165f2f27ebea67ef
1788609716153891887	0	500	phase_loop[131]	1788609712449380	10036	641c64f670abc399	165f2f27ebea67ef
1788609716153891887	0	500	phase_loop[132]	1788609712459421	9945	aec012363c2ed59c	165f2f27ebea67ef
1788609716153891887	0	500	phase_loop[133]	1788609712469383	9979	4d7583ea94c98aca	165f2f27ebea67ef
1788609716153891887	0	500	phase_loop[134]	1788609712479378	9986	10bff1e5b5668c07	165f2f27ebea67ef
1788609716153891887	0	500	phase_loop[135]	1788609712489368	9996	a8a53ca3479ab481	165f2f27ebea67ef
1788609716153891887	0	500	phase_loop[136]	1788609712499369	10007	34902ae7fb021d33	165f2f27ebea67ef
1788609716153891887	0	500	phase_loop[137]	1788609712509380	9993	86d439117ba0ba8f	165f2f27ebea67ef
1788609716153891887	0	500	phase_loop[138]	1788609712519378	9986	75c77e5a5d6c92df	165f2f27ebea67ef
1788609716153891887	0	500	phase_loop[139]	1788609712529379	9984	0808a046487c6e13	165f2f27ebea67ef
1788609716153891887	0	500	phase_loop[140]	1788609712539380	9983	206287a90f5b8fde	165f2f27ebea67ef
1788609716153891887	0	500	phase_loop[141]	1788609712549368	10007	2a335fba877a00e6	165f2f27ebea67ef
1788609716153891887	0	500	phase_loop[142]	1788609712559379	10000	a2daa60bd2ce9b8f	165f2f27ebea67ef
1788609716153891887	0	500	phase_loop[143]	1788609712569383	9991	983cccf5d0da7de5	165f2f27ebea67ef
1788609716153891887	0	500	phase_loop[144]	1788609712579379	9983	e8083bf7e2cad7ac	165f2f27ebea67ef
1788609716153891887	0	500	phase_loop[145]	1788609712589378	9985	50f6daecb8a2ce2e	165f2f27ebea67ef
1788609716153891887	0	500	phase_loop[146]	1788609712599379	9986	05663ee03a167bee	165f2f27ebea67ef
1788609716153891887	0	500	phase_loop[147]	1788609712609370	10007	6757b48a798b3d23	165f2f27ebea67ef
1788609716153891887	0	500	phase_loop[148]	1788609712619382	9993	70011bff1b7cd24f	165f2f27ebea67ef
1788609716153891887	0	500	phase_loop[149]	1788609712629379	9997	e123dcc165e2ea6f	165f2f27ebea67ef
1788609716153891887	0	500	phase_loop[150]	1788609712639381	9981	4c6635eacc7717f2	165f2f27ebea67ef
1788609716153891887	0	500	phase_loop[151]	1788609712649375	9988	9cba9337e1a54b33	165f2f27ebea67ef
1788609716153891887	0	500	phase_loop[152]	1788609712659380	9985	22a914647e176762	165f2f27ebea67ef
1788609716153891887	0	500	phase_loop[153]	1788609712669369	10007	12c08c70b8fcaeff	165f2f27ebea67ef
1788609716153891887	0	500	phase_loop[154]	1788609712679381	9990	2057e26a2fcc71de	165f2f27ebea67ef
1788609716153891887	0	500	phase_loop[155]	1788609712689375	9988	5e48f25300027bca	165f2f27ebea67ef
1788609716153891887	0	500	phase_loop[156]	1788609712699380	9982	91a61df2f59e4bc5	165f2f27ebea67ef
1788609716153891887	0	500	phase_loop[157]	1788609712709379	9984	bf0729d14aba06fb	165f2f27ebea67ef
1788609716153891887	0	500	phase_loop[158]	1788609712719368	9984	4f24288c284db2b0	165f2f27ebea67ef
1788609716153891887	0	500	phase_loop[159]	1788609712729368	10007	0fdbf5af831823f3	165f2f27ebea67ef
1788609716153891887	0	500	phase_loop[160]	1788609712739380	9992	82fbe2da6709b3ae	165f2f27ebea67ef
1788609716153891887	0	500	phase_loop[161]	1788609712749376	9989	5306f38e450c587d	165f2f27ebea67ef
1788609716153891887	0	500	phase_loop[162]	1788609712759381	9983	84edfb5a89957782	165f2f27ebea67ef
1788609716153891887	0	500	phase_loop[163]	1788609712769379	9983	0fb33fecc13f47e8	165f2f27ebea67ef
1788609716153891887	0	500	phase_loop[164]	1788609712779366	10035	09a1514c614b7eaa	165f2f27ebea67ef
1788609716153891887	0	500	phase_loop[165]	1788609712789406	9983	020294b13d8a405e	165f2f27ebea67ef
1788609716153891887	0	500	phase_loop[166]	1788609712799393	9982	51b76925adc31a40	165f2f27ebea67ef
1788609716153891887	0	500	phase_loop[167]	1788609712809380	9981	a7b04715c943d3c0	165f2f27ebea67ef
1788609716153891887	0	500	phase_loop[168]	1788609712819375	9987	d1e685bbd8870d36	165f2f27ebea67ef
1788609716153891887	0	500	phase_loop[169]	1788609712829378	9986	45916d2e852da750	165f2f27ebea67ef
1788609716153891887	0	500	phase_loop[170]	1788609712839368	10008	158310fbf5b307cf	165f2f27ebea67ef
1788609716153891887	0	500	phase_loop[171]	1788609712849380	9995	72a6d433cf18c83f	165f2f27ebea67ef
1788609716153891887	0	500	phase_loop[172]	1788609712859379	9997	b4cb3aca7cc1c275	165f2f27ebea67ef
1788609716153891887	0	500	phase_loop[173]	1788609712869380	9982	5d9f4766704a79de	165f2f27ebea67ef
1788609716153891887	0	500	phase_loop[174]	1788609712879379	9984	b67d62196b455ba6	165f2f27ebea67ef
1788609716153891887	0	500	phase_loop[175]	1788609712889380	9984	39fcec3248aa94ff	165f2f27ebea67ef
1788609716153891887	0	500	phase_loop[176]	1788609712899369	10004	59a5a06e04c6cea3	165f2f27ebea67ef
1788609716153891887	0	500	phase_loop[177]	1788609712909378	9996	3dc56c3d2888e077	165f2f27ebea67ef
1788609716153891887	0	500	phase_loop[178]	1788609712919378	9997	4b1b3559df37d9e1	165f2f27ebea67ef
1788609716153891887	0	500	phase_loop[179]	1788609712929379	9984	2d20eff3158fd795	165f2f27ebea67ef
1788609716153891887	0	500	phase_loop[180]	1788609712939379	9982	f35698d321fc6220	165f2f27ebea67ef
1788609716153891887	0	500	phase_loop[181]	1788609712949375	9988	9608d745734fa405	165f2f27ebea67ef
1788609716153891887	0	500	phase_loop[182]	1788609712959367	10008	a2a107fd36b027b4	165f2f27ebea67ef
1788609716153891887	0	500	phase_loop[183]	1788609712969379	9996	98842846b69e2065	165f2f27ebea67ef
1788609716153891887	0	500	phase_loop[184]	1788609712979380	9992	1996959102a0778b	165f2f27ebea67ef
1788609716153891887	0	500	phase_loop[185]	1788609712989376	9988	a23b51a8d405447b	165f2f27ebea67ef
1788609716153891887	0	500	phase_loop[186]	1788609712999380	9982	4a50a30e7b7203ef	165f2f27ebea67ef
1788609716153891887	0	500	phase_loop[187]	1788609713009367	9984	dec9711ee00f7469	165f2f27ebea67ef
1788609716153891887	0	500	phase_loop[188]	1788609713019367	10008	d3e4acaa523f09b8	165f2f27ebea67ef
1788609716153891887	0	500	phase_loop[189]	1788609713029379	9997	f94e5d99e04c847e	165f2f27ebea67ef
1788609716153891887	0	500	phase_loop[190]	1788609713039381	9981	807058dd9715361f	165f2f27ebea67ef
1788609716153891887	0	500	phase_loop[191]	1788609713049375	9989	fcaa3db8d79001f1	165f2f27ebea67ef
1788609716153891887	0	500	phase_loop[192]	1788609713059379	9987	1ce0f64e9c4bda23	165f2f27ebea67ef
1788609716153891887	0	500	phase_loop[193]	1788609713069372	9995	6b2fcb314e8e347f	165f2f27ebea67ef
1788609716153891887	0	500	phase_loop[194]	1788609713079372	10003	2477de7dff28a28d	165f2f27ebea67ef
1788609716153891887	0	500	phase_loop[195]	1788609713089379	9998	0ac5c8e665ec04c7	165f2f27ebea67ef
1788609716153891887	0	500	phase_loop[196]	1788609713099381	9982	0b02ae563abc9bb7	165f2f27ebea67ef
1788609716153891887	0	500	phase_loop[197]	1788609713109379	10020	53c20c256caaa61d	165f2f27ebea67ef
1788609716153891887	0	500	phase_loop[198]	1788609713119417	9948	d0c8b57ec67b548c	165f2f27ebea67ef
1788609716153891887	0	500	phase_loop[199]	1788609713129369	9995	719342a1a4517ca0	165f2f27ebea67ef
1788609716153891887	0	500	phase_loop[200]	1788609713139370	10006	11bd21f92c85e9f0	165f2f27ebea67ef
1788609716153891887	0	500	phase_loop[201]	1788609713149380	9995	873b686980370a1c	165f2f27ebea67ef
1788609716153891887	0	500	phase_loop[202]	1788609713159379	9985	8a6c1d09f620a0d4	165f2f27ebea67ef
1788609716153891887	0	500	phase_loop[203]	1788609713169380	9984	fca028923b47a1f8	165f2f27ebea67ef
1788609716153891887	0	500	phase_loop[204]	1788609713179380	9984	702601d463eaf998	165f2f27ebea67ef
1788609716153891887	0	500	phase_loop[205]	1788609713189368	10006	5fb80995dac19bbe	165f2f27ebea67ef
1788609716153891887	0	500	phase_loop[206]	1788609713199378	10000	3675931c46ad7f74	165f2f27ebea67ef
1788609716153891887	0	500	phase_loop[207]	1788609713209382	9990	21715415566898e0	165f2f27ebea67ef
1788609716153891887	0	500	phase_loop[208]	1788609713219376	9987	a88da1f8ba420709	165f2f27ebea67ef
1788609716153891887	0	500	phase_loop[209]	1788609713229380	9984	9f6db29f490b840b	165f2f27ebea67ef
1788609716153891887	0	500	phase_loop[210]	1788609713239380	9981	0cbc95b7b0f6f7cd	165f2f27ebea67ef
1788609716153891887	0	500	phase_loop[211]	1788609713249365	10009	23bb3a7f8dc9c31d	165f2f27ebea67ef
1788609716153891887	0	500	phase_loop[212]	1788609713259378	9997	30bbd1a3a5fa07b8	165f2f27ebea67ef
1788609716153891887	0	500	phase_loop[213]	1788609713269379	9996	059f8f89d6458463	165f2f27ebea67ef
1788609716153891887	0	500	phase_loop[214]	1788609713279380	9984	9e17e874bba0a1d8	165f2f27ebea67ef
1788609716153891887	0	500	phase_loop[215]	1788609713289378	9984	6afe7cd2ecde9860	165f2f27ebea67ef
1788609716153891887	0	500	phase_loop[216]	1788609713299378	9985	311464e42a5830e6	165f2f27ebea67ef
1788609716153891887	0	500	phase_loop[217]	1788609713309368	10006	0ab902572aad10fb	165f2f27ebea67ef
1788609716153891887	0	500	phase_loop[218]	1788609713319378	9997	14dc6d470fff91f9	165f2f27ebea67ef
1788609716153891887	0	500	phase_loop[219]	1788609713329379	9984	e1b1559247625965	165f2f27ebea67ef
1788609716153891887	0	500	phase_loop[220]	1788609713339379	9982	54ddafb505d76813	165f2f27ebea67ef
1788609716153891887	0	500	phase_loop[221]	1788609713349375	9988	2935a551a6685862	165f2f27ebea67ef
1788609716153891887	0	500	phase_loop[222]	1788609713359367	9984	213c4e43e8e5d30b	165f2f27ebea67ef
1788609716153891887	0	500	phase_loop[223]	1788609713369367	10008	9b349d3d3252d344	165f2f27ebea67ef
1788609716153891887	0	500	phase_loop[224]	1788609713379379	9995	c9e286c5f5af5d3d	165f2f27ebea67ef
1788609716153891887	0	500	phase_loop[225]	1788609713389378	9988	a34e1ee9733ca961	165f2f27ebea67ef
1788609716153891887	0	500	phase_loop[226]	1788609713399382	9982	01e08dbcebf66e1d	165f2f27ebea67ef
1788609716153891887	0	500	phase_loop[227]	1788609713409383	9979	2d8ad333ccf9ae7d	165f2f27ebea67ef
1788609716153891887	0	500	phase_loop[228]	1788609713419366	9998	0f98783859efc1e6	165f2f27ebea67ef
1788609716153891887	0	500	phase_loop[229]	1788609713429369	10008	65b961f54891296f	165f2f27ebea67ef
1788609716153891887	0	500	phase_loop[230]	1788609713439381	10033	ce5339b5e140c3bd	165f2f27ebea67ef
1788609716153891887	0	500	phase_loop[231]	1788609713449419	9946	56fedc3ef25616b3	165f2f27ebea67ef
1788609716153891887	0	500	phase_loop[232]	1788609713459382	9982	57bdeb29de716d26	165f2f27ebea67ef
1788609716153891887	0	500	phase_loop[233]	1788609713469382	9979	d4ebb8705a7776fc	165f2f27ebea67ef
1788609716153891887	0	500	phase_loop[234]	1788609713479366	10008	0d71e7612ad5f5c8	165f2f27ebea67ef
1788609716153891887	0	500	phase_loop[235]	1788609713489378	9998	c4c91903a3d636a1	165f2f27ebea67ef
1788609716153891887	0	500	phase_loop[236]	1788609713499380	9996	09367c1097427a05	165f2f27ebea67ef
1788609716153891887	0	500	phase_loop[237]	1788609713509380	9981	f4b331aff6f0a515	165f2f27ebea67ef
1788609716153891887	0	500	phase_loop[238]	1788609713519375	9990	1411f50b34d13347	165f2f27ebea67ef
1788609716153891887	0	500	phase_loop[239]	1788609713529381	9984	46f4393e337c25ad	165f2f27ebea67ef
1788609716153891887	0	500	phase_loop[240]	1788609713539368	10004	c5a5597f37e1f7ab	165f2f27ebea67ef
1788609716153891887	0	500	phase_loop[241]	1788609713549377	10005	bf8cc6b06e7b33c5	165f2f27ebea67ef
1788609716153891887	0	500	phase_loop[242]	1788609713559388	9993	b3a2e8111c03fdac	165f2f27ebea67ef
1788609716153891887	0	500	phase_loop[243]	1788609713569385	9978	54b742833496218e	165f2f27ebea67ef
1788609716153891887	0	500	phase_loop[244]	1788609713579379	9982	92813f9ab6b45df3	165f2f27ebea67ef
1788609716153891887	0	500	phase_loop[245]	1788609713589376	9988	b313ae6c48ecfd4a	165f2f27ebea67ef
1788609716153891887	0	500	phase_loop[246]	1788609713599368	10007	eb9a27e4a5624bf2	165f2f27ebea67ef
1788609716153891887	0	500	phase_loop[247]	1788609713609379	9993	a4bc412ddfa997cb	165f2f27ebea67ef
1788609716153891887	0	500	phase_loop[248]	1788609713619376	9999	a248cf85d0103a28	165f2f27ebea67ef
1788609716153891887	0	500	phase_loop[249]	1788609713629379	9985	8570d8667edb774c	165f2f27ebea67ef
1788609716153891887	0	500	phase_loop[250]	1788609713639380	9981	db2ccc13c9da0a3d	165f2f27ebea67ef
1788609716153891887	0	500	phase_loop[251]	1788609713649365	9987	354087afdf5b67ab	165f2f27ebea67ef
1788609716153891887	0	500	phase_loop[252]	1788609713659368	10007	98478000ced6cd22	165f2f27ebea67ef
1788609716153891887	0	500	phase_loop[253]	1788609713669379	9997	dd9864f198eb4e47	165f2f27ebea67ef
1788609716153891887	0	500	phase_loop[254]	1788609713679380	9981	85840864db1781cd	165f2f27ebea67ef
1788609716153891887	0	500	phase_loop[255]	1788609713689375	9988	7fd1de838dafb9b4	165f2f27ebea67ef
1788609716153891887	0	500	phase_loop[256]	1788609713699379	9983	cb5ad27b76758ad8	165f2f27ebea67ef
1788609716153891887	0	500	phase_loop[257]	1788609713709367	9996	cade9b1560dc92ee	165f2f27ebea67ef
1788609716153891887	0	500	phase_loop[258]	1788609713719367	10006	18f70c429c932e81	165f2f27ebea67ef
1788609716153891887	0	500	phase_loop[259]	1788609713729378	9997	b3679e11afb89862	165f2f27ebea67ef
1788609716153891887	0	500	phase_loop[260]	1788609713739379	9983	df7265dc51460992	165f2f27ebea67ef
1788609716153891887	0	500	phase_loop[261]	1788609713749379	9984	85c3a73845ffb5f7	165f2f27ebea67ef
1788609716153891887	0	500	phase_loop[262]	1788609713759379	9985	05377e93649bba4c	165f2f27ebea67ef
1788609716153891887	0	500	phase_loop[263]	1788609713769368	10031	59fec8ff72956037	165f2f27ebea67ef
1788609716153891887	0	500	phase_loop[264]	1788609713779405	9980	8be860ec0f435017	165f2f27ebea67ef
1788609716153891887	0	500	phase_loop[265]	1788609713789389	9988	ab52958f42736f55	165f2f27ebea67ef
1788609716153891887	0	500	phase_loop[266]	1788609713799382	9981	0601e422818815c6	165f2f27ebea67ef
1788609716153891887	0	500	phase_loop[267]	1788609713809380	9981	862b7d428bf05dcf	165f2f27ebea67ef
1788609716153891887	0	500	phase_loop[268]	1788609713819375	9989	5cbf5ca86ad3bac8	165f2f27ebea67ef
1788609716153891887	0	500	phase_loop[269]	1788609713829369	10008	e757b621f6e23dbf	165f2f27ebea67ef
1788609716153891887	0	500	phase_loop[270]	1788609713839380	9992	33384aeb3ae5263f	165f2f27ebea67ef
1788609716153891887	0	500	phase_loop[271]	1788609713849377	9998	d3a7038dc5037a02	165f2f27ebea67ef
1788609716153891887	0	500	phase_loop[272]	1788609713859379	9985	88e6e2ca3bc8e124	165f2f27ebea67ef
1788609716153891887	0	500	phase_loop[273]	1788609713869381	9982	56dfb98e6a4aa603	165f2f27ebea67ef
1788609716153891887	0	500	phase_loop[274]	1788609713879377	9985	c8bd444fff26a7c0	165f2f27ebea67ef
1788609716153891887	0	500	phase_loop[275]	1788609713889367	10009	a90f6f4568e84b07	165f2f27ebea67ef
1788609716153891887	0	500	phase_loop[276]	1788609713899380	9995	18c25bfa5a3e0dc6	165f2f27ebea67ef
1788609716153891887	0	500	phase_loop[277]	1788609713909379	9993	8c4b6b934b77a4f2	165f2f27ebea67ef
1788609716153891887	0	500	phase_loop[278]	1788609713919376	9987	c9afd12e1a8a1afa	165f2f27ebea67ef
1788609716153891887	0	500	phase_loop[279]	1788609713929379	9986	7dfc3c56f729685d	165f2f27ebea67ef
1788609716153891887	0	500	phase_loop[280]	1788609713939381	9980	ebf4497c8520e68c	165f2f27ebea67ef
1788609716153891887	0	500	phase_loop[281]	1788609713949365	10009	fdebd9df1710a32b	165f2f27ebea67ef
1788609716153891887	0	500	phase_loop[282]	1788609713959378	9997	41f695d099367bd3	165f2f27ebea67ef
1788609716153891887	0	500	phase_loop[283]	1788609713969380	9982	5f44dc3049fde753	165f2f27ebea67ef
1788609716153891887	0	500	phase_loop[284]	1788609713979379	9983	77cebc80ed4674eb	165f2f27ebea67ef
1788609716153891887	0	500	phase_loop[285]	1788609713989376	9988	e9a63d28941a35ac	165f2f27ebea67ef
1788609716153891887	0	500	phase_loop[286]	1788609713999368	9983	91109a482572002a	165f2f27ebea67ef
1788609716153891887	0	500	phase_loop[287]	1788609714009368	10007	4f83d1c0fd1ab7bf	165f2f27ebea67ef
1788609716153891887	0	500	phase_loop[288]	1788609714019379	9996	6568fd3029daa283	165f2f27ebea67ef
1788609716153891887	0	500	phase_loop[289]	1788609714029379	9983	f5621829ca89cb44	165f2f27ebea67ef
1788609716153891887	0	500	phase_loop[290]	1788609714039378	9984	57e7b9e38ee600b6	165f2f27ebea67ef
1788609716153891887	0	500	phase_loop[291]	1788609714049377	9985	83872415de992014	165f2f27ebea67ef
1788609716153891887	0	500	phase_loop[292]	1788609714059367	9998	cadb0557d2e2b1a6	165f2f27ebea67ef
1788609716153891887	0	500	phase_loop[293]	1788609714069369	10006	ec4408d7c1808a65	165f2f27ebea67ef
1788609716153891887	0	500	phase_loop[294]	1788609714079379	9995	3bb968a288edcb08	165f2f27ebea67ef
1788609716153891887	0	500	phase_loop[295]	1788609714089379	9984	99bbeada31056e10	165f2f27ebea67ef
1788609716153891887	0	500	phase_loop[296]	1788609714099379	10020	e71b0e5a8904f1c3	165f2f27ebea67ef
1788609716153891887	0	500	phase_loop[297]	1788609714109418	9944	7a2078d650556f1c	165f2f27ebea67ef
1788609716153891887	0	500	phase_loop[298]	1788609714119366	10009	c9d94a5ac561311c	165f2f27ebea67ef
1788609716153891887	0	500	phase_loop[299]	1788609714129380	9997	f19f1c3315e3b247	165f2f27ebea67ef
1788609716153891887	0	500	phase_loop[300]	1788609714139381	9992	273a2f082f102e1a	165f2f27ebea67ef
1788609716153891887	0	500	phase_loop[301]	1788609714149377	9985	07080378a0882484	165f2f27ebea67ef
1788609716153891887	0	500	phase_loop[302]	1788609714159378	9989	b2ff5fc11438aa52	165f2f27ebea67ef
1788609716153891887	0	500	phase_loop[303]	1788609714169384	9979	fe4621d6067749de	165f2f27ebea67ef
1788609716153891887	0	500	phase_loop[304]	1788609714179367	10008	8a765439c5fe41be	165f2f27ebea67ef
1788609716153891887	0	500	phase_loop[305]	1788609714189378	9998	65bbe6619e488d5d	165f2f27ebea67ef
1788609716153891887	0	500	phase_loop[306]	1788609714199381	9996	145c41a431f3abfd	165f2f27ebea67ef
1788609716153891887	0	500	phase_loop[307]	1788609714209381	9980	697fffe7c9e6454b	165f2f27ebea67ef
1788609716153891887	0	500	phase_loop[308]	1788609714219375	9988	d53f195cc9a06b27	165f2f27ebea67ef
1788609716153891887	0	500	phase_loop[309]	1788609714229379	9984	6ec48ef93f0f0a49	165f2f27ebea67ef
1788609716153891887	0	500	phase_loop[310]	1788609714239367	10006	0fa816e00de60ccf	165f2f27ebea67ef
1788609716153891887	0	500	phase_loop[311]	1788609714249377	9998	46dfdff18e43fd65	165f2f27ebea67ef
1788609716153891887	0	500	phase_loop[312]	1788609714259379	9998	25c77313a9820090	165f2f27ebea67ef
1788609716153891887	0	500	phase_loop[313]	1788609714269382	9980	3ce5a3b734468c62	165f2f27ebea67ef
1788609716153891887	0	500	phase_loop[314]	1788609714279377	9984	b73b4605fc8bf564	165f2f27ebea67ef
1788609716153891887	0	500	phase_loop[315]	1788609714289365	9989	118be5ff3b9f14d6	165f2f27ebea67ef
1788609716153891887	0	500	phase_loop[316]	1788609714299368	10007	8d116821a681216f	165f2f27ebea67ef
1788609716153891887	0	500	phase_loop[317]	1788609714309379	9998	6e61b19308150d37	165f2f27ebea67ef
1788609716153891887	0	500	phase_loop[318]	1788609714319382	9982	9e8253696449bc12	165f2f27ebea67ef
1788609716153891887	0	500	phase_loop[319]	1788609714329379	9986	e7e79b85b759e55f	165f2f27ebea67ef
1788609716153891887	0	500	phase_loop[320]	1788609714339382	9980	966fe3adff8c1d9b	165f2f27ebea67ef
1788609716153891887	0	500	phase_loop[321]	1788609714349367	9997	5a04961c51bfee16	165f2f27ebea67ef
1788609716153891887	0	500	phase_loop[322]	1788609714359368	10006	56445e671fb797fb	165f2f27ebea67ef
1788609716153891887	0	500	phase_loop[323]	1788609714369379	9994	a5cc097ca0155b3c	165f2f27ebea67ef
1788609716153891887	0	500	phase_loop[324]	1788609714379377	9986	427e0ca08ef4f7af	165f2f27ebea67ef
1788609716153891887	0	500	phase_loop[325]	1788609714389379	9984	c41db9e821d25e43	165f2f27ebea67ef
1788609716153891887	0	500	phase_loop[326]	1788609714399379	9984	b690f9f3c40fd7ca	165f2f27ebea67ef
1788609716153891887	0	500	phase_loop[327]	1788609714409368	9995	1edc5e10e3f763d4	165f2f27ebea67ef
1788609716153891887	0	500	phase_loop[328]	1788609714419367	10007	ed1bdd127bce22ec	165f2f27ebea67ef
1788609716153891887	0	500	phase_loop[329]	1788609714429378	10043	670ecc2235504846	165f2f27ebea67ef
1788609716153891887	0	500	phase_loop[330]	1788609714439426	9940	eb67598b95fbaa94	165f2f27ebea67ef
1788609716153891887	0	500	phase_loop[331]	1788609714449384	9980	874c1d1ade078d29	165f2f27ebea67ef
1788609716153891887	0	500	phase_loop[332]	1788609714459380	9985	c8bee4aebe08fc5d	165f2f27ebea67ef
1788609716153891887	0	500	phase_loop[333]	1788609714469369	10006	b0bc65b7a4dd6121	165f2f27ebea67ef
1788609716153891887	0	500	phase_loop[334]	1788609714479380	9995	6d7b9eb56c4dcf22	165f2f27ebea67ef
1788609716153891887	0	500	phase_loop[335]	1788609714489380	10001	12a9867d85eb07d5	165f2f27ebea67ef
1788609716153891887	0	500	phase_loop[336]	1788609714499385	9978	88961d7baac6dde9	165f2f27ebea67ef
1788609716153891887	0	500	phase_loop[337]	1788609714509379	9981	a6c8b2d864af9657	165f2f27ebea67ef
1788609716153891887	0	500	phase_loop[338]	1788609714519375	9988	c0faa176f22e75c7	165f2f27ebea67ef
1788609716153891887	0	500	phase_loop[339]	1788609714529367	10009	c60f9caeb3cc521e	165f2f27ebea67ef
1788609716153891887	0	500	phase_loop[340]	1788609714539380	9991	68fdbeb8f3d2a3dd	165f2f27ebea67ef
1788609716153891887	0	500	phase_loop[341]	1788609714549375	9999	c00f957536760122	165f2f27ebea67ef
1788609716153891887	0	500	phase_loop[342]	1788609714559378	9985	77b1778488f089be	165f2f27ebea67ef
1788609716153891887	0	500	phase_loop[343]	1788609714569379	9987	47a2fbe30ae6417d	165f2f27ebea67ef
1788609716153891887	0	500	phase_loop[344]	1788609714579382	9980	f787513cbc28fa7a	165f2f27ebea67ef
1788609716153891887	0	500	phase_loop[345]	1788609714589366	10011	5ffa11ba90f22900	165f2f27ebea67ef
1788609716153891887	0	500	phase_loop[346]	1788609714599381	9995	241b4596429c4d26	165f2f27ebea67ef
1788609716153891887	0	500	phase_loop[347]	1788609714609381	9983	561c032e53d1826c	165f2f27ebea67ef
1788609716153891887	0	500	phase_loop[348]	1788609714619381	9983	6257f85f0a927fe7	165f2f27ebea67ef
1788609716153891887	0	500	phase_loop[349]	1788609714629379	9984	096b0bd2e7b465c2	165f2f27ebea67ef
1788609716153891887	0	500	phase_loop[350]	1788609714639367	9985	cdd56fe2402df6d4	165f2f27ebea67ef
1788609716153891887	0	500	phase_loop[351]	1788609714649368	10008	e47297d616a3c766	165f2f27ebea67ef
1788609716153891887	0	500	phase_loop[352]	1788609714659380	9995	b8fe4edff08162ef	165f2f27ebea67ef
1788609716153891887	0	500	phase_loop[353]	1788609714669379	9983	d6e3b53a663d04fc	165f2f27ebea67ef
1788609716153891887	0	500	phase_loop[354]	1788609714679379	9983	975764faf3063214	165f2f27ebea67ef
1788609716153891887	0	500	phase_loop[355]	1788609714689377	9986	e01fe836cc494cad	165f2f27ebea67ef
1788609716153891887	0	500	phase_loop[356]	1788609714699368	9996	206b8612de091513	165f2f27ebea67ef
1788609716153891887	0	500	phase_loop[357]	1788609714709368	10006	90826575b69a634d	165f2f27ebea67ef
1788609716153891887	0	500	phase_loop[358]	1788609714719378	9998	ce17439e0aea5529	165f2f27ebea67ef
1788609716153891887	0	500	phase_loop[359]	1788609714729380	9984	88b79bf7aeb7ab76	165f2f27ebea67ef
1788609716153891887	0	500	phase_loop[360]	1788609714739381	9983	b13823558e0ea737	165f2f27ebea67ef
1788609716153891887	0	500	phase_loop[361]	1788609714749380	9984	3a9709305a386f59	165f2f27ebea67ef
1788609716153891887	0	500	phase_loop[362]	1788609714759368	10051	0bbe4deaa85bb908	165f2f27ebea67ef
1788609716153891887	0	500	phase_loop[363]	1788609714769424	9950	ad87bb6fa5183262	165f2f27ebea67ef
1788609716153891887	0	500	phase_loop[364]	1788609714779379	9996	f59e63ae9b68ea40	165f2f27ebea67ef
1788609716153891887	0	500	phase_loop[365]	1788609714789380	9984	e392c6078d0c008a	165f2f27ebea67ef
1788609716153891887	0	500	phase_loop[366]	1788609714799381	9982	ccc31cd98b883ed7	165f2f27ebea67ef
1788609716153891887	0	500	phase_loop[367]	1788609714809379	9982	a127446f5a29c2b8	165f2f27ebea67ef
1788609716153891887	0	500	phase_loop[368]	1788609714819365	10009	e9c8793194119b8b	165f2f27ebea67ef
1788609716153891887	0	500	phase_loop[369]	1788609714829378	9998	1876b11da9d17000	165f2f27ebea67ef
1788609716153891887	0	500	phase_loop[370]	1788609714839381	9991	1dcb87d415eddeaa	165f2f27ebea67ef
1788609716153891887	0	500	phase_loop[371]	1788609714849377	9987	8b10945a8724e57f	165f2f27ebea67ef
1788609716153891887	0	500	phase_loop[372]	1788609714859379	9984	f139440889b0db49	165f2f27ebea67ef
1788609716153891887	0	500	phase_loop[373]	1788609714869379	9983	d6ee9d19391c220a	165f2f27ebea67ef
1788609716153891887	0	500	phase_loop[374]	1788609714879366	10010	9f871c76f390ca74	165f2f27ebea67ef
1788609716153891887	0	500	phase_loop[375]	1788609714889381	9998	759935785beb3246	165f2f27ebea67ef
1788609716153891887	0	500	phase_loop[376]	1788609714899383	9992	8e7cef7f4e458f47	165f2f27ebea67ef
1788609716153891887	0	500	phase_loop[377]	1788609714909380	9983	ed731e11ef9ea064	165f2f27ebea67ef
1788609716153891887	0	500	phase_loop[378]	1788609714919380	9984	6c571bf5be0751bc	165f2f27ebea67ef
1788609716153891887	0	500	phase_loop[379]	1788609714929368	9984	d95044a75fe927df	165f2f27ebea67ef
1788609716153891887	0	500	phase_loop[380]	1788609714939368	10007	93f27886e08c5c03	165f2f27ebea67ef
1788609716153891887	0	500	phase_loop[381]	1788609714949379	9996	38659da4db7c0874	165f2f27ebea67ef
1788609716153891887	0	500	phase_loop[382]	1788609714959380	9983	80399706e17c3720	165f2f27ebea67ef
1788609716153891887	0	500	phase_loop[383]	1788609714969379	9985	09dce797df654b0a	165f2f27ebea67ef
1788609716153891887	0	500	phase_loop[384]	1788609714979381	9982	b13e9c58e43a9776	165f2f27ebea67ef
1788609716153891887	0	500	phase_loop[385]	1788609714989367	9997	18e4238fa2ce7f9b	165f2f27ebea67ef
1788609716153891887	0	500	phase_loop[386]	1788609714999369	10006	056a91f73537bc7a	165f2f27ebea67ef
1788609716153891887	0	500	phase_loop[387]	1788609715009380	9991	6356ab2e06198488	165f2f27ebea67ef
1788609716153891887	0	500	phase_loop[388]	1788609715019375	9987	4b209be72e1cd4a2	165f2f27ebea67ef
1788609716153891887	0	500	phase_loop[389]	1788609715029379	9985	105e0f3dc7dbb89f	165f2f27ebea67ef
1788609716153891887	0	500	phase_loop[390]	1788609715039379	9984	666329379fda60e4	165f2f27ebea67ef
1788609716153891887	0	500	phase_loop[391]	1788609715049368	9994	f896d894be9e4a1a	165f2f27ebea67ef
1788609716153891887	0	500	phase_loop[392]	1788609715059367	10009	4b599d5959358527	165f2f27ebea67ef
1788609716153891887	0	500	phase_loop[393]	1788609715069380	9994	ca74b437f54d0fec	165f2f27ebea67ef
1788609716153891887	0	500	phase_loop[394]	1788609715079378	9986	ff7c40268311bd77	165f2f27ebea67ef
1788609716153891887	0	500	phase_loop[395]	1788609715089381	10020	5a5585b519658981	165f2f27ebea67ef
1788609716153891887	0	500	phase_loop[396]	1788609715099421	9944	066440b971164b47	165f2f27ebea67ef
1788609716153891887	0	500	phase_loop[397]	1788609715109370	10005	a4a7a7c4e665645a	165f2f27ebea67ef
1788609716153891887	0	500	phase_loop[398]	1788609715119379	9997	bf96b875399675cc	165f2f27ebea67ef
1788609716153891887	0	500	phase_loop[399]	1788609715129380	9993	ed158008683fb365	165f2f27ebea67ef
1788609716153891887	0	500	phase_loop[400]	1788609715139378	9985	34e84efb3cf4f8b7	165f2f27ebea67ef
1788609716153891887	0	500	phase_loop[401]	1788609715149379	9984	173f4eff9cbf410e	165f2f27ebea67ef
1788609716153891887	0	500	phase_loop[402]	1788609715159379	9984	64fbe500540ccc7a	165f2f27ebea67ef
1788609716153891887	0	500	phase_loop[403]	1788609715169367	10008	c6d7d46342e70a98	165f2f27ebea67ef
1788609716153891887	0	500	phase_loop[404]	1788609715179380	9994	04150e4e7d1c3fa3	165f2f27ebea67ef
1788609716153891887	0	500	phase_loop[405]	1788609715189378	9995	badd2c2bedac82eb	165f2f27ebea67ef
1788609716153891887	0	500	phase_loop[406]	1788609715199377	9985	f57fd31b478e9809	165f2f27ebea67ef
1788609716153891887	0	500	phase_loop[407]	1788609715209378	9985	a537e3f06f917197	165f2f27ebea67ef
1788609716153891887	0	500	phase_loop[408]	1788609715219377	9985	181c116354c46e40	165f2f27ebea67ef
1788609716153891887	0	500	phase_loop[409]	1788609715229367	10009	6820f7d5be85f571	165f2f27ebea67ef
1788609716153891887	0	500	phase_loop[410]	1788609715239380	9995	e77b96d214a5bc1b	165f2f27ebea67ef
1788609716153891887	0	500	phase_loop[411]	1788609715249379	9984	006dedb8f66db689	165f2f27ebea67ef
1788609716153891887	0	500	phase_loop[412]	1788609715259381	9981	28fe581b8dcff2f2	165f2f27ebea67ef
1788609716153891887	0	500	phase_loop[413]	1788609715269376	9989	88d10acae0d7a0cc	165f2f27ebea67ef
1788609716153891887	0	500	phase_loop[414]	1788609715279370	9983	bac8bfe3dedd5f94	165f2f27ebea67ef
1788609716153891887	0	500	phase_loop[415]	1788609715289369	10008	da6c10749e305ad8	165f2f27ebea67ef
1788609716153891887	0	500	phase_loop[416]	1788609715299382	9994	1241a086fcc57353	165f2f27ebea67ef
1788609716153891887	0	500	phase_loop[417]	1788609715309380	9983	96bc13404389d70b	165f2f27ebea67ef
1788609716153891887	0	500	phase_loop[418]	1788609715319379	9985	54c45f1328fe30b2	165f2f27ebea67ef
1788609716153891887	0	500	phase_loop[419]	1788609715329380	9983	63fff716314eb907	165f2f27ebea67ef
1788609716153891887	0	500	phase_loop[420]	1788609715339367	9995	5da76fd450154e71	165f2f27ebea67ef
1788609716153891887	0	500	phase_loop[421]	1788609715349367	10007	a3e8841c39eb3032	165f2f27ebea67ef
1788609716153891887	0	500	phase_loop[422]	1788609715359378	9998	3961d805311b5e18	165f2f27ebea67ef
1788609716153891887	0	500	phase_loop[423]	1788609715369381	9982	f94ba888d999b989	165f2f27ebea67ef
1788609716153891887	0	500	phase_loop[424]	1788609715379379	9984	d8d639677b92dcc9	165f2f27ebea67ef
1788609716153891887	0	500	phase_loop[425]	1788609715389377	9985	252d060d671667eb	165f2f27ebea67ef
1788609716153891887	0	500	phase_loop[426]	1788609715399367	10011	958179d74e19b6db	165f2f27ebea67ef
1788609716153891887	0	500	phase_loop[427]	1788609715409381	9993	65da7ed3e44bccc3	165f2f27ebea67ef
1788609716153891887	0	500	phase_loop[428]	1788609715419378	10038	3b28a19a6a39723f	165f2f27ebea67ef
1788609716153891887	0	500	phase_loop[429]	1788609715429422	9941	9d40cfd49593370a	165f2f27ebea67ef
1788609716153891887	0	500	phase_loop[430]	1788609715439381	9984	3c4b920631dd087e	165f2f27ebea67ef
1788609716153891887	0	500	phase_loop[431]	1788609715449381	9982	cf3b3af76adeeaa4	165f2f27ebea67ef
1788609716153891887	0	500	phase_loop[432]	1788609715459368	10007	3e1e647238555440	165f2f27ebea67ef
1788609716153891887	0	500	phase_loop[433]	1788609715469379	9994	0f2cfbf9bfb7e4e4	165f2f27ebea67ef
1788609716153891887	0	500	phase_loop[434]	1788609715479378	9995	6a83d07fda424940	165f2f27ebea67ef
1788609716153891887	0	500	phase_loop[435]	1788609715489377	9987	33b37de72baf59fb	165f2f27ebea67ef
1788609716153891887	0	500	phase_loop[436]	1788609715499380	9983	d0838d10703e5054	165f2f27ebea67ef
1788609716153891887	0	500	phase_loop[437]	1788609715509379	9984	046480c04799e2c6	165f2f27ebea67ef
1788609716153891887	0	500	phase_loop[438]	1788609715519367	10008	e732e27d53f18a2a	165f2f27ebea67ef
1788609716153891887	0	500	phase_loop[439]	1788609715529379	9997	a884300f33a7870f	165f2f27ebea67ef
1788609716153891887	0	500	phase_loop[440]	1788609715539380	9992	96bc941d61a7bd0e	165f2f27ebea67ef
1788609716153891887	0	500	phase_loop[441]	1788609715549377	9986	c97f5674605eae9a	165f2f27ebea67ef
1788609716153891887	0	500	phase_loop[442]	1788609715559379	9986	67ff67d559a6fd1e	165f2f27ebea67ef
1788609716153891887	0	500	phase_loop[443]	1788609715569370	9973	70e6389b3dd01996	165f2f27ebea67ef
1788609716153891887	0	500	phase_loop[444]	1788609715579368	10005	ae628a7ffdedfea5	165f2f27ebea67ef
1788609716153891887	0	500	phase_loop[445]	1788609715589378	10002	462a2658d2041831	165f2f27ebea67ef
1788609716153891887	0	500	phase_loop[446]	1788609715599384	9979	d32673051381598a	165f2f27ebea67ef
1788609716153891887	0	500	phase_loop[447]	1788609715609379	9983	49f439b1cb4e8503	165f2f27ebea67ef
1788609716153891887	0	500	phase_loop[448]	1788609715619376	9989	68718ecc2c99b2f0	165f2f27ebea67ef
1788609716153891887	0	500	phase_loop[449]	1788609715629369	9994	6591f81de0b8f585	165f2f27ebea67ef
1788609716153891887	0	500	phase_loop[450]	1788609715639368	10009	461d069d46969932	165f2f27ebea67ef
1788609716153891887	0	500	phase_loop[451]	1788609715649382	9992	3d95524947ecd21c	165f2f27ebea67ef
1788609716153891887	0	500	phase_loop[452]	1788609715659378	9985	a149ac1bef32a98c	165f2f27ebea67ef
1788609716153891887	0	500	phase_loop[453]	1788609715669378	9984	41eb89305b226b52	165f2f27ebea67ef
1788609716153891887	0	500	phase_loop[454]	1788609715679377	9984	ee03a78616b64b4d	165f2f27ebea67ef
1788609716153891887	0	500	phase_loop[455]	1788609715689365	9999	74e504aca5bf48ef	165f2f27ebea67ef
1788609716153891887	0	500	phase_loop[456]	1788609715699369	10007	c5b463f13b2138b5	165f2f27ebea67ef
1788609716153891887	0	500	phase_loop[457]	1788609715709380	9991	0bd770949c59b9a9	165f2f27ebea67ef
1788609716153891887	0	500	phase_loop[458]	1788609715719375	9990	b8544098ed108a9a	165f2f27ebea67ef
1788609716153891887	0	500	phase_loop[459]	1788609715729381	9982	89ad537f647d5ac7	165f2f27ebea67ef
1788609716153891887	0	500	phase_loop[460]	1788609715739379	9984	c97961068c75bcb3	165f2f27ebea67ef
1788609716153891887	0	500	phase_loop[461]	1788609715749367	10053	400dc45ed92aa321	165f2f27ebea67ef
1788609716153891887	0	500	phase_loop[462]	1788609715759426	9953	dacad8d599ffe1b3	165f2f27ebea67ef
1788609716153891887	0	500	phase_loop[463]	1788609715769383	9991	aa76542f69b38f4d	165f2f27ebea67ef
1788609716153891887	0	500	phase_loop[464]	1788609715779379	9983	009be579f3baa248	165f2f27ebea67ef
1788609716153891887	0	500	phase_loop[465]	1788609715789378	9987	5a2c384416243b54	165f2f27ebea67ef
1788609716153891887	0	500	phase_loop[466]	1788609715799381	9982	c0080dc750a55509	165f2f27ebea67ef
1788609716153891887	0	500	phase_loop[467]	1788609715809368	10008	38a5832edd9d38b8	165f2f27ebea67ef
1788609716153891887	0	500	phase_loop[468]	1788609715819380	9993	da5f10164e6110d7	165f2f27ebea67ef
1788609716153891887	0	500	phase_loop[469]	1788609715829377	9997	49e669ba5946214e	165f2f27ebea67ef
1788609716153891887	0	500	phase_loop[470]	1788609715839378	9982	14cb6c2216de0370	165f2f27ebea67ef
1788609716153891887	0	500	phase_loop[471]	1788609715849375	9988	f3fec0d8efb1c554	165f2f27ebea67ef
1788609716153891887	0	500	phase_loop[472]	1788609715859378	9986	add510f8809754f1	165f2f27ebea67ef
1788609716153891887	0	500	phase_loop[473]	1788609715869369	10007	d67ff1c89df35aa4	165f2f27ebea67ef
1788609716153891887	0	500	phase_loop[474]	1788609715879380	9995	1e9b17f8f95b8273	165f2f27ebea67ef
1788609716153891887	0	500	phase_loop[475]	1788609715889380	9984	771f6ae0d9b92d22	165f2f27ebea67ef
1788609716153891887	0	500	phase_loop[476]	1788609715899379	9984	27beea62e139afb1	165f2f27ebea67ef
1788609716153891887	0	500	phase_loop[477]	1788609715909379	9981	5268a6998960f182	165f2f27ebea67ef
1788609716153891887	0	500	phase_loop[478]	1788609715919365	9987	844a33d8c00fede1	165f2f27ebea67ef
1788609716153891887	0	500	phase_loop[479]	1788609715929367	10008	59f607d8412cc721	165f2f27ebea67ef
1788609716153891887	0	500	phase_loop[480]	1788609715939379	9993	5354670c773b8e1e	165f2f27ebea67ef
1788609716153891887	0	500	phase_loop[481]	1788609715949377	9986	ed88636e4825fb1d	165f2f27ebea67ef
1788609716153891887	0	500	phase_loop[482]	1788609715959378	9985	ae6f5dd4be08efb7	165f2f27ebea67ef
1788609716153891887	0	500	phase_loop[483]	1788609715969379	9983	faa1819e40f43a65	165f2f27ebea67ef
1788609716153891887	0	500	phase_loop[484]	1788609715979366	9995	54f4d39fdbc7e90e	165f2f27ebea67ef
1788609716153891887	0	500	phase_loop[485]	1788609715989366	10011	9dcb7cb166e19b89	165f2f27ebea67ef
1788609716153891887	0	500	phase_loop[486]	1788609715999381	9993	b89f918d9941c28b	165f2f27ebea67ef
1788609716153891887	0	500	phase_loop[487]	1788609716009379	9983	ae9ca4c2bd3c5157	165f2f27ebea67ef
1788609716153891887	0	500	phase_loop[488]	1788609716019376	9987	6a84dd4a0edee5df	165f2f27ebea67ef
1788609716153891887	0	500	phase_loop[489]	1788609716029378	9985	173770de523277e9	165f2f27ebea67ef
1788609716153891887	0	500	phase_loop[490]	1788609716039367	10007	7ab53e164cd13a11	165f2f27ebea67ef
1788609716153891887	0	500	phase_loop[491]	1788609716049378	9995	6c98d77d1b7c3242	165f2f27ebea67ef
1788609716153891887	0	500	phase_loop[492]	1788609716059378	9999	428822e0dbb41287	165f2f27ebea67ef
1788609716153891887	0	500	phase_loop[493]	1788609716069381	9980	ee9431858b171f13	165f2f27ebea67ef
1788609716153891887	0	500	phase_loop[494]	1788609716079377	10026	506ba5e9586b1c1a	165f2f27ebea67ef
1788609716153891887	0	500	phase_loop[495]	1788609716089422	9944	142bebda50fa41bd	165f2f27ebea67ef
1788609716153891887	0	500	phase_loop[496]	1788609716099371	10007	388df5ade540b0f7	165f2f27ebea67ef
1788609716153891887	0	500	phase_loop[497]	1788609716109382	9993	c296f8442bc82322	165f2f27ebea67ef
1788609716153891887	0	500	phase_loop[498]	1788609716119379	9995	37fbf230abbb4c77	165f2f27ebea67ef
1788609716162532568	1	2	phase_loop[499]	1788609716129378	9984	a1240c5ac9fddc5a	165f2f27ebea67ef
1788609716162532568	1	2	phase_loop[500]	1788609716139366	9995	fe6c44f466d439a0	165f2f27ebea67ef
1788609716167135507	2	1	phase_loop[501]	1788609716149366	10004	a271e0d15ad1bfa1	165f2f27ebea67ef
1788609721149415599	3	498	phase_loop[502]	1788609716159376	9989	35e163c6f6e00bc6	165f2f27ebea67ef
1788609721149415599	3	498	phase_loop[503]	1788609716169370	9992	f515bbf9de24cbd2	165f2f27ebea67ef
1788609721149415599	3	498	phase_loop[504]	1788609716179367	9994	ac123735bdc7d987	165f2f27ebea67ef
1788609721149415599	3	498	phase_loop[505]	1788609716189365	9997	c85f8ce181370626	165f2f27ebea67ef
1788609721149415599	3	498	phase_loop[506]	1788609716199367	9996	5af599c3f8e6a87b	165f2f27ebea67ef
1788609721149415599	3	498	phase_loop[507]	1788609716209368	9996	437c9009cb446f94	165f2f27ebea67ef
1788609721149415599	3	498	phase_loop[508]	1788609716219369	9998	b09af215b337649d	165f2f27ebea67ef
1788609721149415599	3	498	phase_loop[509]	1788609716229370	9992	625b113c49aa799e	165f2f27ebea67ef
1788609721149415599	3	498	phase_loop[510]	1788609716239367	9996	489e78f2cd777e62	165f2f27ebea67ef
1788609721149415599	3	498	phase_loop[511]	1788609716249367	9997	7b78c196648562e8	165f2f27ebea67ef
1788609721149415599	3	498	phase_loop[512]	1788609716259369	9995	ef89019db475ef60	165f2f27ebea67ef
1788609721149415599	3	498	phase_loop[513]	1788609716269367	9997	489539359ca6c805	165f2f27ebea67ef
1788609721149415599	3	498	phase_loop[514]	1788609716279369	9993	c13ab1f208b32bfe	165f2f27ebea67ef
1788609721149415599	3	498	phase_loop[515]	1788609716289367	9995	7bc047b1c68981aa	165f2f27ebea67ef
1788609721149415599	3	498	phase_loop[516]	1788609716299367	9998	2c2aa619769fd62c	165f2f27ebea67ef
1788609721149415599	3	498	phase_loop[517]	1788609716309369	9993	960afa263e91ba5d	165f2f27ebea67ef
1788609721149415599	3	498	phase_loop[518]	1788609716319367	9996	035a4ced84ba3472	165f2f27ebea67ef
1788609721149415599	3	498	phase_loop[519]	1788609716329367	9997	bd13c12a0dafcc71	165f2f27ebea67ef
1788609721149415599	3	498	phase_loop[520]	1788609716339367	9995	90f11e82a9020ea2	165f2f27ebea67ef
1788609721149415599	3	498	phase_loop[521]	1788609716349367	9995	c7889fcb09fdd3b5	165f2f27ebea67ef
1788609721149415599	3	498	phase_loop[522]	1788609716359367	9997	c9a2105bba50853f	165f2f27ebea67ef
1788609721149415599	3	498	phase_loop[523]	1788609716369367	9996	f5734302ff60bf06	165f2f27ebea67ef
1788609721149415599	3	498	phase_loop[524]	1788609716379367	9994	174faee9d4e28b62	165f2f27ebea67ef
1788609721149415599	3	498	phase_loop[525]	1788609716389366	9998	d89449f0b2a34be1	165f2f27ebea67ef
1788609721149415599	3	498	phase_loop[526]	1788609716399368	9995	e4ae57b0190a3419	165f2f27ebea67ef
1788609721149415599	3	498	phase_loop[527]	1788609716409368	10030	652e50b693a55051	165f2f27ebea67ef
1788609721149415599	3	498	phase_loop[528]	1788609716419402	9962	2d15f03f5cd2644c	165f2f27ebea67ef
1788609721149415599	3	498	phase_loop[529]	1788609716429369	9996	ba5bc797b74731d2	165f2f27ebea67ef
1788609721149415599	3	498	phase_loop[530]	1788609716439371	9992	ff83ece89b7cac73	165f2f27ebea67ef
1788609721149415599	3	498	phase_loop[531]	1788609716449367	9996	c6ca41c6024e27fd	165f2f27ebea67ef
1788609721149415599	3	498	phase_loop[532]	1788609716459368	9995	b8ffb793194d5537	165f2f27ebea67ef
1788609721149415599	3	498	phase_loop[533]	1788609716469366	9997	728b5d8026de9237	165f2f27ebea67ef
1788609721149415599	3	498	phase_loop[534]	1788609716479368	9994	a6af6f9871531763	165f2f27ebea67ef
1788609721149415599	3	498	phase_loop[535]	1788609716489366	9998	7b84cdc4d1b0c43a	165f2f27ebea67ef
1788609721149415599	3	498	phase_loop[536]	1788609716499368	9994	0aa6cd3749c76a9e	165f2f27ebea67ef
1788609721149415599	3	498	phase_loop[537]	1788609716509366	9997	a8ed0bbfb1a289ba	165f2f27ebea67ef
1788609721149415599	3	498	phase_loop[538]	1788609716519367	9998	d93dafa204a78201	165f2f27ebea67ef
1788609721149415599	3	498	phase_loop[539]	1788609716529369	9994	8c464f662c841aee	165f2f27ebea67ef
1788609721149415599	3	498	phase_loop[540]	1788609716539369	9993	8b7c2ea15ae56a6e	165f2f27ebea67ef
1788609721149415599	3	498	phase_loop[541]	1788609716549366	9998	5fd37421c3146b66	165f2f27ebea67ef
1788609721149415599	3	498	phase_loop[542]	1788609716559369	9994	dd75985f13e73083	165f2f27ebea67ef
1788609721149415599	3	498	phase_loop[543]	1788609716569367	9995	9a2e8b6074f554be	165f2f27ebea67ef
1788609721149415599	3	498	phase_loop[544]	1788609716579366	9997	091fff4ef287b232	165f2f27ebea67ef
1788609721149415599	3	498	phase_loop[545]	1788609716589367	9995	5fac8017ac992dae	165f2f27ebea67ef
1788609721149415599	3	498	phase_loop[546]	1788609716599367	9999	6e8f8d270a9a527e	165f2f27ebea67ef
1788609721149415599	3	498	phase_loop[547]	1788609716609371	9991	c145f3031afc18f6	165f2f27ebea67ef
1788609721149415599	3	498	phase_loop[548]	1788609716619366	9996	4ecb3ff88168b274	165f2f27ebea67ef
1788609721149415599	3	498	phase_loop[549]	1788609716629366	9997	a67309bcd7689b8b	165f2f27ebea67ef
1788609721149415599	3	498	phase_loop[550]	1788609716639367	9995	350e620774bee4d7	165f2f27ebea67ef
1788609721149415599	3	498	phase_loop[551]	1788609716649366	9995	05347aacfe4e27b8	165f2f27ebea67ef
1788609721149415599	3	498	phase_loop[552]	1788609716659366	9998	08348dc6aa973f26	165f2f27ebea67ef
1788609721149415599	3	498	phase_loop[553]	1788609716669367	9995	d6908d5b6229c2f1	165f2f27ebea67ef
1788609721149415599	3	498	phase_loop[554]	1788609716679367	9997	eb89539a293d1fd6	165f2f27ebea67ef
1788609721149415599	3	498	phase_loop[555]	1788609716689367	9995	fab30b5559680a93	165f2f27ebea67ef
1788609721149415599	3	498	phase_loop[556]	1788609716699367	9996	aae067e46e332252	165f2f27ebea67ef
1788609721149415599	3	498	phase_loop[557]	1788609716709367	9997	a36113a1c5396dea	165f2f27ebea67ef
1788609721149415599	3	498	phase_loop[558]	1788609716719368	9996	6a8ea177e1bebee0	165f2f27ebea67ef
1788609721149415599	3	498	phase_loop[559]	1788609716729367	9996	b9ab4899daf78353	165f2f27ebea67ef
1788609721149415599	3	498	phase_loop[560]	1788609716739368	10037	0ec8d6e753c201dc	165f2f27ebea67ef
1788609721149415599	3	498	phase_loop[561]	1788609716749409	9954	1438f372058d319b	165f2f27ebea67ef
1788609721149415599	3	498	phase_loop[562]	1788609716759368	9998	99e9e00f48b75b8d	165f2f27ebea67ef
1788609721149415599	3	498	phase_loop[563]	1788609716769370	9993	4170b7bce25cb743	165f2f27ebea67ef
1788609721149415599	3	498	phase_loop[564]	1788609716779368	9994	fc6dc7a28bf9637a	165f2f27ebea67ef
1788609721149415599	3	498	phase_loop[565]	1788609716789366	9998	e86c23cde76386c8	165f2f27ebea67ef
1788609721149415599	3	498	phase_loop[566]	1788609716799369	9994	a526d8e5fede5408	165f2f27ebea67ef
1788609721149415599	3	498	phase_loop[567]	1788609716809367	9996	5e6cc8c25040b76b	165f2f27ebea67ef
1788609721149415599	3	498	phase_loop[568]	1788609716819367	9996	667ca6abbef1d5e2	165f2f27ebea67ef
1788609721149415599	3	498	phase_loop[569]	1788609716829367	9998	57d53f771d00023d	165f2f27ebea67ef
1788609721149415599	3	498	phase_loop[570]	1788609716839370	9991	2499da9bd5c0dafa	165f2f27ebea67ef
1788609721149415599	3	498	phase_loop[571]	1788609716849365	9998	f65bbe45be386caa	165f2f27ebea67ef
1788609721149415599	3	498	phase_loop[572]	1788609716859367	9996	460855b8b364e358	165f2f27ebea67ef
1788609721149415599	3	498	phase_loop[573]	1788609716869368	9995	3947f3d679107e0d	165f2f27ebea67ef
1788609721149415599	3	498	phase_loop[574]	1788609716879368	9997	c8d65b6411b0b63b	165f2f27ebea67ef
1788609721149415599	3	498	phase_loop[575]	1788609716889370	9996	30a921d21a984379	165f2f27ebea67ef
1788609721149415599	3	498	phase_loop[576]	1788609716899370	9993	76c7ee4f88d34246	165f2f27ebea67ef
1788609721149415599	3	498	phase_loop[577]	1788609716909367	9998	730432dae4f927b8	165f2f27ebea67ef
1788609721149415599	3	498	phase_loop[578]	1788609716919369	9993	abf9a76a7b7c0d3e	165f2f27ebea67ef
1788609721149415599	3	498	phase_loop[579]	1788609716929366	9999	30522ac94e369797	165f2f27ebea67ef
1788609721149415599	3	498	phase_loop[580]	1788609716939369	9993	1ee65dd62ccdefec	165f2f27ebea67ef
1788609721149415599	3	498	phase_loop[581]	1788609716949367	9995	8b39839d8321342c	165f2f27ebea67ef
1788609721149415599	3	498	phase_loop[582]	1788609716959366	9997	6349b128de2f7108	165f2f27ebea67ef
1788609721149415599	3	498	phase_loop[583]	1788609716969367	9996	5524d539e9446f1a	165f2f27ebea67ef
1788609721149415599	3	498	phase_loop[584]	1788609716979367	9994	cf3e51c92b61ca61	165f2f27ebea67ef
1788609721149415599	3	498	phase_loop[585]	1788609716989365	9997	09d1797b1d0dfa95	165f2f27ebea67ef
1788609721149415599	3	498	phase_loop[586]	1788609716999367	9998	3b06d6a77d0a47ba	165f2f27ebea67ef
1788609721149415599	3	498	phase_loop[587]	1788609717009369	9991	b5951d93a62f0b99	165f2f27ebea67ef
1788609721149415599	3	498	phase_loop[588]	1788609717019365	9998	6251f9899490d725	165f2f27ebea67ef
1788609721149415599	3	498	phase_loop[589]	1788609717029366	9997	998cae880bc3b27d	165f2f27ebea67ef
1788609721149415599	3	498	phase_loop[590]	1788609717039367	9995	d7b9385c96df1fa2	165f2f27ebea67ef
1788609721149415599	3	498	phase_loop[591]	1788609717049367	9996	047d45ffb1b1a8e2	165f2f27ebea67ef
1788609721149415599	3	498	phase_loop[592]	1788609717059368	10002	9052b1a0f4c94a39	165f2f27ebea67ef
1788609721149415599	3	498	phase_loop[593]	1788609717069375	10026	c098efb615b3b02f	165f2f27ebea67ef
1788609721149415599	3	498	phase_loop[594]	1788609717079407	9954	847757026b83b5fb	165f2f27ebea67ef
1788609721149415599	3	498	phase_loop[595]	1788609717089366	9997	c1d059b2ad76e038	165f2f27ebea67ef
1788609721149415599	3	498	phase_loop[596]	1788609717099367	9995	762509ec8d67acf9	165f2f27ebea67ef
1788609721149415599	3	498	phase_loop[597]	1788609717109366	9998	47a85cbaa811955d	165f2f27ebea67ef
1788609721149415599	3	498	phase_loop[598]	1788609717119369	9994	dd507ff5a8cabe48	165f2f27ebea67ef
1788609721149415599	3	498	phase_loop[599]	1788609717129367	9995	bec76a81c149c606	165f2f27ebea67ef
1788609721149415599	3	498	phase_loop[600]	1788609717139367	9994	db22ae10f9d68359	165f2f27ebea67ef
1788609721149415599	3	498	phase_loop[601]	1788609717149365	9997	8bd9f64c18360533	165f2f27ebea67ef
1788609721149415599	3	498	phase_loop[602]	1788609717159366	10004	f3203be71a7dee84	165f2f27ebea67ef
1788609721149415599	3	498	phase_loop[603]	1788609717169374	9990	c0a5240b26e6214e	165f2f27ebea67ef
1788609721149415599	3	498	phase_loop[604]	1788609717179369	9994	e4be66b27101c017	165f2f27ebea67ef
1788609721149415599	3	498	phase_loop[605]	1788609717189367	9997	b5f3aed8468198e8	165f2f27ebea67ef
1788609721149415599	3	498	phase_loop[606]	1788609717199368	9995	18b6f0dad09abf09	165f2f27ebea67ef
1788609721149415599	3	498	phase_loop[607]	1788609717209367	10000	06de88c48df8b23c	165f2f27ebea67ef
1788609721149415599	3	498	phase_loop[608]	1788609717219371	9992	f5fbeb7d1e4d68cb	165f2f27ebea67ef
1788609721149415599	3	498	phase_loop[609]	1788609717229367	9997	bfc9659ced8bc3c1	165f2f27ebea67ef
1788609721149415599	3	498	phase_loop[610]	1788609717239369	9994	c78c641a59679c86	165f2f27ebea67ef
1788609721149415599	3	498	phase_loop[611]	1788609717249367	9995	711615a3ea4ea2bb	165f2f27ebea67ef
1788609721149415599	3	498	phase_loop[612]	1788609717259366	9996	68f6c524f3d68000	165f2f27ebea67ef
1788609721149415599	3	498	phase_loop[613]	1788609717269367	9997	9d709cac116b90d1	165f2f27ebea67ef
1788609721149415599	3	498	phase_loop[614]	1788609717279369	9994	e355d7919a3a9d3a	165f2f27ebea67ef
1788609721149415599	3	498	phase_loop[615]	1788609717289367	9997	64c1d2ac1a6a3ef2	165f2f27ebea67ef
1788609721149415599	3	498	phase_loop[616]	1788609717299369	9995	c2184bd04969da8d	165f2f27ebea67ef
1788609721149415599	3	498	phase_loop[617]	1788609717309368	9993	f447d32d0877728a	165f2f27ebea67ef
1788609721149415599	3	498	phase_loop[618]	1788609717319367	9996	04a8898ec4bf8f69	165f2f27ebea67ef
1788609721149415599	3	498	phase_loop[619]	1788609717329367	9998	76acf45c0e32c66a	165f2f27ebea67ef
1788609721149415599	3	498	phase_loop[620]	1788609717339369	9995	c8c54df73df95de7	165f2f27ebea67ef
1788609721149415599	3	498	phase_loop[621]	1788609717349368	9994	565e49f4481aa583	165f2f27ebea67ef
1788609721149415599	3	498	phase_loop[622]	1788609717359366	9999	f0e525d034be43fb	165f2f27ebea67ef
1788609721149415599	3	498	phase_loop[623]	1788609717369370	9991	ed20f9f12ea71c51	165f2f27ebea67ef
1788609721149415599	3	498	phase_loop[624]	1788609717379366	9996	5d930dfa67c9b0b9	165f2f27ebea67ef
1788609721149415599	3	498	phase_loop[625]	1788609717389366	9999	083ae850f23ff97f	165f2f27ebea67ef
1788609721149415599	3	498	phase_loop[626]	1788609717399369	10029	81d09fe404444712	165f2f27ebea67ef
1788609721149415599	3	498	phase_loop[627]	1788609717409403	9962	270fde2f7954749b	165f2f27ebea67ef
1788609721149415599	3	498	phase_loop[628]	1788609717419369	9994	c248bf3d6e3abf86	165f2f27ebea67ef
1788609721149415599	3	498	phase_loop[629]	1788609717429367	9998	07bcd09c05c3b2ae	165f2f27ebea67ef
1788609721149415599	3	498	phase_loop[630]	1788609717439370	9994	c025b8a772484eee	165f2f27ebea67ef
1788609721149415599	3	498	phase_loop[631]	1788609717449367	9998	305b0935dc976fba	165f2f27ebea67ef
1788609721149415599	3	498	phase_loop[632]	1788609717459369	9993	3ff1c974b34aad19	165f2f27ebea67ef
1788609721149415599	3	498	phase_loop[633]	1788609717469366	9996	c63514c99ac4976b	165f2f27ebea67ef
1788609721149415599	3	498	phase_loop[634]	1788609717479366	9996	e594b03e987c30b0	165f2f27ebea67ef
1788609721149415599	3	498	phase_loop[635]	1788609717489366	9997	fa68202ad03b7397	165f2f27ebea67ef
1788609721149415599	3	498	phase_loop[636]	1788609717499367	9997	04e7bf8cdc1063b3	165f2f27ebea67ef
1788609721149415599	3	498	phase_loop[637]	1788609717509368	9996	2b47ddaa61f81c14	165f2f27ebea67ef
1788609721149415599	3	498	phase_loop[638]	1788609717519369	9994	60f32f97da468312	165f2f27ebea67ef
1788609721149415599	3	498	phase_loop[639]	1788609717529366	9997	5eee3795ddcd91ef	165f2f27ebea67ef
1788609721149415599	3	498	phase_loop[640]	1788609717539367	9994	4ff725e38d10a34e	165f2f27ebea67ef
1788609721149415599	3	498	phase_loop[641]	1788609717549366	10000	c9fe0ce0f88d4a8e	165f2f27ebea67ef
1788609721149415599	3	498	phase_loop[642]	1788609717559372	9992	296191672daf9818	165f2f27ebea67ef
1788609721149415599	3	498	phase_loop[643]	1788609717569368	9994	7d6496f37c621e8d	165f2f27ebea67ef
1788609721149415599	3	498	phase_loop[644]	1788609717579366	9996	a2e52b1e8d0911ec	165f2f27ebea67ef
1788609721149415599	3	498	phase_loop[645]	1788609717589366	9999	6082ffab90bb6ca0	165f2f27ebea67ef
1788609721149415599	3	498	phase_loop[646]	1788609717599370	9993	0b01547ba095aaed	165f2f27ebea67ef
1788609721149415599	3	498	phase_loop[647]	1788609717609367	9995	66fcf27774adcfa5	165f2f27ebea67ef
1788609721149415599	3	498	phase_loop[648]	1788609717619367	9997	b7815b218d9b6768	165f2f27ebea67ef
1788609721149415599	3	498	phase_loop[649]	1788609717629368	9996	c83ca071e8afdbd8	165f2f27ebea67ef
1788609721149415599	3	498	phase_loop[650]	1788609717639368	9994	58c27ed6103245b7	165f2f27ebea67ef
1788609721149415599	3	498	phase_loop[651]	1788609717649367	9997	db85fe1789e2b2da	165f2f27ebea67ef
1788609721149415599	3	498	phase_loop[652]	1788609717659368	9996	0d77e1236658a12b	165f2f27ebea67ef
1788609721149415599	3	498	phase_loop[653]	1788609717669368	9995	9b3ccaeaab806215	165f2f27ebea67ef
1788609721149415599	3	498	phase_loop[654]	1788609717679368	9996	b9d523ef4295b398	165f2f27ebea67ef
1788609721149415599	3	498	phase_loop[655]	1788609717689368	9997	4a4e7392d5cc06fe	165f2f27ebea67ef
1788609721149415599	3	498	phase_loop[656]	1788609717699369	9993	0197c9da33acd8c7	165f2f27ebea67ef
1788609721149415599	3	498	phase_loop[657]	1788609717709367	9995	4bd869d894d5d9d0	165f2f27ebea67ef
1788609721149415599	3	498	phase_loop[658]	1788609717719367	9998	9de4e71b4f951e2f	165f2f27ebea67ef
1788609721149415599	3	498	phase_loop[659]	1788609717729369	10032	5e2fd4f7cfe8d8f1	165f2f27ebea67ef
1788609721149415599	3	498	phase_loop[660]	1788609717739406	9956	5361556f3c4c7ceb	165f2f27ebea67ef
1788609721149415599	3	498	phase_loop[661]	1788609717749366	9999	6957fe877935af71	165f2f27ebea67ef
1788609721149415599	3	498	phase_loop[662]	1788609717759369	9994	e7ec805802ae7a64	165f2f27ebea67ef
1788609721149415599	3	498	phase_loop[663]	1788609717769367	9996	706b2761fd0ecf2d	165f2f27ebea67ef
1788609721149415599	3	498	phase_loop[664]	1788609717779367	9995	f4cdafb3a9ef87c8	165f2f27ebea67ef
1788609721149415599	3	498	phase_loop[665]	1788609717789366	9997	c7012cd730ade818	165f2f27ebea67ef
1788609721149415599	3	498	phase_loop[666]	1788609717799367	9997	990dbe5b334f7635	165f2f27ebea67ef
1788609721149415599	3	498	phase_loop[667]	1788609717809367	9995	1bd42d7dae731aed	165f2f27ebea67ef
1788609721149415599	3	498	phase_loop[668]	1788609717819366	9996	28f9a40c0140aa19	165f2f27ebea67ef
1788609721149415599	3	498	phase_loop[669]	1788609717829367	9997	d5e6e4087971c511	165f2f27ebea67ef
1788609721149415599	3	498	phase_loop[670]	1788609717839369	9993	5e4b237fab90a1f7	165f2f27ebea67ef
1788609721149415599	3	498	phase_loop[671]	1788609717849365	9997	c48551cc11de589a	165f2f27ebea67ef
1788609721149415599	3	498	phase_loop[672]	1788609717859366	9998	dcddaf03b549776d	165f2f27ebea67ef
1788609721149415599	3	498	phase_loop[673]	1788609717869367	9996	601339af5c1106ec	165f2f27ebea67ef
1788609721149415599	3	498	phase_loop[674]	1788609717879368	9995	112b7d6fd8d7085c	165f2f27ebea67ef
1788609721149415599	3	498	phase_loop[675]	1788609717889366	9997	82f5842700366942	165f2f27ebea67ef
1788609721149415599	3	498	phase_loop[676]	1788609717899367	9996	5e4624224bd425fa	165f2f27ebea67ef
1788609721149415599	3	498	phase_loop[677]	1788609717909367	9994	8890d81e15bfa4b7	165f2f27ebea67ef
1788609721149415599	3	498	phase_loop[678]	1788609717919366	9997	a6383a104d05f0e8	165f2f27ebea67ef
1788609721149415599	3	498	phase_loop[679]	1788609717929367	9997	b74bb2dcc7a8dbb6	165f2f27ebea67ef
1788609721149415599	3	498	phase_loop[680]	1788609717939368	9993	9e924544a3847333	165f2f27ebea67ef
1788609721149415599	3	498	phase_loop[681]	1788609717949366	9996	d69385a32ae18da0	165f2f27ebea67ef
1788609721149415599	3	498	phase_loop[682]	1788609717959367	9998	0643b5c6c97c7c9e	165f2f27ebea67ef
1788609721149415599	3	498	phase_loop[683]	1788609717969370	9992	cd64e0a8bcd4c066	165f2f27ebea67ef
1788609721149415599	3	498	phase_loop[684]	1788609717979367	9996	782bcc5e1a845f61	165f2f27ebea67ef
1788609721149415599	3	498	phase_loop[685]	1788609717989367	9997	8730248bd86a0999	165f2f27ebea67ef
1788609721149415599	3	498	phase_loop[686]	1788609717999368	9996	aa71e26ef65e7924	165f2f27ebea67ef
1788609721149415599	3	498	phase_loop[687]	1788609718009369	9994	33e83e39c17f35cf	165f2f27ebea67ef
1788609721149415599	3	498	phase_loop[688]	1788609718019367	9997	0914a7db42dff32f	165f2f27ebea67ef
1788609721149415599	3	498	phase_loop[689]	1788609718029368	9995	7cebe5bafe685900	165f2f27ebea67ef
1788609721149415599	3	498	phase_loop[690]	1788609718039368	9994	df7bb5611384872e	165f2f27ebea67ef
1788609721149415599	3	498	phase_loop[691]	1788609718049366	9997	23a4fc92bae7e3ad	165f2f27ebea67ef
1788609721149415599	3	498	phase_loop[692]	1788609718059368	10034	40b462e9c3a6ab79	165f2f27ebea67ef
1788609721149415599	3	498	phase_loop[693]	1788609718069406	9958	b34d0c9108051f01	165f2f27ebea67ef
1788609721149415599	3	498	phase_loop[694]	1788609718079368	9994	2c4334d9d4fa7e29	165f2f27ebea67ef
1788609721149415599	3	498	phase_loop[695]	1788609718089367	9997	b572e0a676a21795	165f2f27ebea67ef
1788609721149415599	3	498	phase_loop[696]	1788609718099368	9995	8a8f2048a9e7ecd8	165f2f27ebea67ef
1788609721149415599	3	498	phase_loop[697]	1788609718109367	9994	7568e7c5596e680a	165f2f27ebea67ef
1788609721149415599	3	498	phase_loop[698]	1788609718119365	9997	49f5ccbe0f74a74e	165f2f27ebea67ef
1788609721149415599	3	498	phase_loop[699]	1788609718129366	9997	689db7e1c0e62931	165f2f27ebea67ef
1788609721149415599	3	498	phase_loop[700]	1788609718139368	9996	606b32d6f3f4a2da	165f2f27ebea67ef
1788609721149415599	3	498	phase_loop[701]	1788609718149367	9994	3716a394e2c8c90b	165f2f27ebea67ef
1788609721149415599	3	498	phase_loop[702]	1788609718159366	9998	c9eec25772b937b7	165f2f27ebea67ef
1788609721149415599	3	498	phase_loop[703]	1788609718169368	9995	7d956503ab71c31a	165f2f27ebea67ef
1788609721149415599	3	498	phase_loop[704]	1788609718179367	9994	f2a2c0b0e996579c	165f2f27ebea67ef
1788609721149415599	3	498	phase_loop[705]	1788609718189365	9998	c8b6e7e1b5b711d3	165f2f27ebea67ef
1788609721149415599	3	498	phase_loop[706]	1788609718199368	9996	93c2a602bb9492ab	165f2f27ebea67ef
1788609721149415599	3	498	phase_loop[707]	1788609718209367	9994	dd591c2aab0350f5	165f2f27ebea67ef
1788609721149415599	3	498	phase_loop[708]	1788609718219366	9998	45a6258715813ce7	165f2f27ebea67ef
1788609721149415599	3	498	phase_loop[709]	1788609718229367	9996	84b2e7be925441cb	165f2f27ebea67ef
1788609721149415599	3	498	phase_loop[710]	1788609718239368	9994	e2ee0190976ac0c0	165f2f27ebea67ef
1788609721149415599	3	498	phase_loop[711]	1788609718249365	9998	d230e3a479771eaa	165f2f27ebea67ef
1788609721149415599	3	498	phase_loop[712]	1788609718259368	9997	dcee2b048bcf9555	165f2f27ebea67ef
1788609721149415599	3	498	phase_loop[713]	1788609718269369	9992	bb853d8b5415b16f	165f2f27ebea67ef
1788609721149415599	3	498	phase_loop[714]	1788609718279366	9998	5ef2345b3f3d8d74	165f2f27ebea67ef
1788609721149415599	3	498	phase_loop[715]	1788609718289368	9994	be3752cc50e7112e	165f2f27ebea67ef
1788609721149415599	3	498	phase_loop[716]	1788609718299367	9996	93c7f451096d1259	165f2f27ebea67ef
1788609721149415599	3	498	phase_loop[717]	1788609718309367	9996	b043ce56e8ea4681	165f2f27ebea67ef
1788609721149415599	3	498	phase_loop[718]	1788609718319367	10001	13f864b3af7e5d8a	165f2f27ebea67ef
1788609721149415599	3	498	phase_loop[719]	1788609718329372	9992	6fc8cb62b40da28c	165f2f27ebea67ef
1788609721149415599	3	498	phase_loop[720]	1788609718339369	9992	d35df4f4ab5d26aa	165f2f27ebea67ef
1788609721149415599	3	498	phase_loop[721]	1788609718349366	9997	9bb3f4ccd6abd5f5	165f2f27ebea67ef
1788609721149415599	3	498	phase_loop[722]	1788609718359368	9997	e5e4277bfe11a971	165f2f27ebea67ef
1788609721149415599	3	498	phase_loop[723]	1788609718369368	9994	f84550b49eda3c71	165f2f27ebea67ef
1788609721149415599	3	498	phase_loop[724]	1788609718379367	9996	5afff92a031ed1fd	165f2f27ebea67ef
1788609721149415599	3	498	phase_loop[725]	1788609718389366	10034	2cdc8fc7e4897a3d	165f2f27ebea67ef
1788609721149415599	3	498	phase_loop[726]	1788609718399406	9958	e9ca6801c8ec1e3b	165f2f27ebea67ef
1788609721149415599	3	498	phase_loop[727]	1788609718409368	9993	de3105fabb50000f	165f2f27ebea67ef
1788609721149415599	3	498	phase_loop[728]	1788609718419366	9996	eb6c6207ea5de26f	165f2f27ebea67ef
1788609721149415599	3	498	phase_loop[729]	1788609718429365	9999	b0738afa28d2da42	165f2f27ebea67ef
1788609721149415599	3	498	phase_loop[730]	1788609718439368	9998	6fb66399cbe6aad7	165f2f27ebea67ef
1788609721149415599	3	498	phase_loop[731]	1788609718449370	9993	8f224f1ff6c750b1	165f2f27ebea67ef
1788609721149415599	3	498	phase_loop[732]	1788609718459368	9996	1c91c4806f607352	165f2f27ebea67ef
1788609721149415599	3	498	phase_loop[733]	1788609718469367	9996	3cb69840d952329e	165f2f27ebea67ef
1788609721149415599	3	498	phase_loop[734]	1788609718479368	9994	745f97df44f7fe53	165f2f27ebea67ef
1788609721149415599	3	498	phase_loop[735]	1788609718489367	9997	cfeb82c37a9c2c21	165f2f27ebea67ef
1788609721149415599	3	498	phase_loop[736]	1788609718499368	9996	3e9e12629b5bdd68	165f2f27ebea67ef
1788609721149415599	3	498	phase_loop[737]	1788609718509367	9998	ac28a96ef64f0209	165f2f27ebea67ef
1788609721149415599	3	498	phase_loop[738]	1788609718519370	9995	f8b0e3da199875d2	165f2f27ebea67ef
1788609721149415599	3	498	phase_loop[739]	1788609718529368	9996	f7fb5cac1c9a5fcd	165f2f27ebea67ef
1788609721149415599	3	498	phase_loop[740]	1788609718539368	9995	969e6a28d34ebc17	165f2f27ebea67ef
1788609721149415599	3	498	phase_loop[741]	1788609718549367	9996	9b4b299268a10251	165f2f27ebea67ef
1788609721149415599	3	498	phase_loop[742]	1788609718559367	9999	5658c7aba25f9aef	165f2f27ebea67ef
1788609721149415599	3	498	phase_loop[743]	1788609718569370	9992	5d4a3e43d89c4e6b	165f2f27ebea67ef
1788609721149415599	3	498	phase_loop[744]	1788609718579367	9996	f21752d6eb901a6c	165f2f27ebea67ef
1788609721149415599	3	498	phase_loop[745]	1788609718589366	9997	a09721ee09956f6c	165f2f27ebea67ef
1788609721149415599	3	498	phase_loop[746]	1788609718599368	9996	d52d76bd0224485a	165f2f27ebea67ef
1788609721149415599	3	498	phase_loop[747]	1788609718609368	9996	d1255c6161b2d17a	165f2f27ebea67ef
1788609721149415599	3	498	phase_loop[748]	1788609718619368	9994	f5365e100d1ee820	165f2f27ebea67ef
1788609721149415599	3	498	phase_loop[749]	1788609718629366	9996	3a8a867354e825b5	165f2f27ebea67ef
1788609721149415599	3	498	phase_loop[750]	1788609718639367	9995	d31b92d3f0aec5a2	165f2f27ebea67ef
1788609721149415599	3	498	phase_loop[751]	1788609718649366	9997	b9e7c43b5a7be282	165f2f27ebea67ef
1788609721149415599	3	498	phase_loop[752]	1788609718659368	9995	a6922fa8ba086667	165f2f27ebea67ef
1788609721149415599	3	498	phase_loop[753]	1788609718669368	9994	f305dbb5efc36157	165f2f27ebea67ef
1788609721149415599	3	498	phase_loop[754]	1788609718679365	9997	15d565a178918f51	165f2f27ebea67ef
1788609721149415599	3	498	phase_loop[755]	1788609718689366	9997	b59ec921dbb5f2e1	165f2f27ebea67ef
1788609721149415599	3	498	phase_loop[756]	1788609718699368	9995	d160f7717654f4db	165f2f27ebea67ef
1788609721149415599	3	498	phase_loop[757]	1788609718709367	9995	2f9c4157e4c14fe4	165f2f27ebea67ef
1788609721149415599	3	498	phase_loop[758]	1788609718719366	10031	12494e12ede08294	165f2f27ebea67ef
1788609721149415599	3	498	phase_loop[759]	1788609718729401	9963	9b3269421ab75fa6	165f2f27ebea67ef
1788609721149415599	3	498	phase_loop[760]	1788609718739369	9992	397f144d85f65198	165f2f27ebea67ef
1788609721149415599	3	498	phase_loop[761]	1788609718749365	9998	67b9af1ffce15445	165f2f27ebea67ef
1788609721149415599	3	498	phase_loop[762]	1788609718759367	9999	4d12ee398ed4faef	165f2f27ebea67ef
1788609721149415599	3	498	phase_loop[763]	1788609718769370	9994	0e3249d0153ab5ac	165f2f27ebea67ef
1788609721149415599	3	498	phase_loop[764]	1788609718779369	9993	0e8b6a03daf2d7fb	165f2f27ebea67ef
1788609721149415599	3	498	phase_loop[765]	1788609718789365	9998	ccfaec2312ff4a44	165f2f27ebea67ef
1788609721149415599	3	498	phase_loop[766]	1788609718799368	9997	a9256cda19fe74b3	165f2f27ebea67ef
1788609721149415599	3	498	phase_loop[767]	1788609718809369	9994	3f43a650fab53758	165f2f27ebea67ef
1788609721149415599	3	498	phase_loop[768]	1788609718819367	9995	2d0a6cbc81b9d5c7	165f2f27ebea67ef
1788609721149415599	3	498	phase_loop[769]	1788609718829366	9999	dfaa443c754ba971	165f2f27ebea67ef
1788609721149415599	3	498	phase_loop[770]	1788609718839369	9995	c166c115a005f2e4	165f2f27ebea67ef
1788609721149415599	3	498	phase_loop[771]	1788609718849368	9996	ef2d0ac96cc2a6b0	165f2f27ebea67ef
1788609721149415599	3	498	phase_loop[772]	1788609718859367	9997	c2b98e3417539b9b	165f2f27ebea67ef
1788609721149415599	3	498	phase_loop[773]	1788609718869368	9994	7fee75d2af07d873	165f2f27ebea67ef
1788609721149415599	3	498	phase_loop[774]	1788609718879366	9998	7a3d4b820285f243	165f2f27ebea67ef
1788609721149415599	3	498	phase_loop[775]	1788609718889368	9995	b9c658c74028f427	165f2f27ebea67ef
1788609721149415599	3	498	phase_loop[776]	1788609718899367	9995	f47dc77c29bd3f63	165f2f27ebea67ef
1788609721149415599	3	498	phase_loop[777]	1788609718909366	9996	18e40f0b9bf5e75a	165f2f27ebea67ef
1788609721149415599	3	498	phase_loop[778]	1788609718919365	9999	9db88f4e0a97e9d4	165f2f27ebea67ef
1788609721149415599	3	498	phase_loop[779]	1788609718929368	9995	e7177fa805ee864c	165f2f27ebea67ef
1788609721149415599	3	498	phase_loop[780]	1788609718939368	9993	8e244cbd3e3a8602	165f2f27ebea67ef
1788609721149415599	3	498	phase_loop[781]	1788609718949365	9998	508fa484d6a32ab3	165f2f27ebea67ef
1788609721149415599	3	498	phase_loop[782]	1788609718959368	9997	a3a1c8e7930e4191	165f2f27ebea67ef
1788609721149415599	3	498	phase_loop[783]	1788609718969369	9994	a1f7c6d26ada58d5	165f2f27ebea67ef
1788609721149415599	3	498	phase_loop[784]	1788609718979367	9998	a724ad4d4d8cdb8c	165f2f27ebea67ef
1788609721149415599	3	498	phase_loop[785]	1788609718989369	9995	c34d4cef6264d8fc	165f2f27ebea67ef
1788609721149415599	3	498	phase_loop[786]	1788609718999369	9994	b4704854f07aa34a	165f2f27ebea67ef
1788609721149415599	3	498	phase_loop[787]	1788609719009367	9995	70f7a64e41869217	165f2f27ebea67ef
1788609721149415599	3	498	phase_loop[788]	1788609719019366	9996	babfd171d0dd0445	165f2f27ebea67ef
1788609721149415599	3	498	phase_loop[789]	1788609719029366	9997	38bf54201678190d	165f2f27ebea67ef
1788609721149415599	3	498	phase_loop[790]	1788609719039368	9995	43af3bb8feda1dc0	165f2f27ebea67ef
1788609721149415599	3	498	phase_loop[791]	1788609719049367	10026	cc0a1932fdd6f427	165f2f27ebea67ef
1788609721149415599	3	498	phase_loop[792]	1788609719059398	9966	dacfd7f07bb673d8	165f2f27ebea67ef
1788609721149415599	3	498	phase_loop[793]	1788609719069368	9995	02708ba8437de03e	165f2f27ebea67ef
1788609721149415599	3	498	phase_loop[794]	1788609719079368	9994	76cfe6a5dd8575a8	165f2f27ebea67ef
1788609721149415599	3	498	phase_loop[795]	1788609719089366	9998	b4be797e7e516107	165f2f27ebea67ef
1788609721149415599	3	498	phase_loop[796]	1788609719099369	9995	357c9bd4bee4de6d	165f2f27ebea67ef
1788609721149415599	3	498	phase_loop[797]	1788609719109367	9996	67dc8adaaa3abd26	165f2f27ebea67ef
1788609721149415599	3	498	phase_loop[798]	1788609719119368	9995	06d180caf3da6799	165f2f27ebea67ef
1788609721149415599	3	498	phase_loop[799]	1788609719129367	9997	f8bc9d0f5f3e5d48	165f2f27ebea67ef
1788609721149415599	3	498	phase_loop[800]	1788609719139368	9995	da2a3ed29b35d134	165f2f27ebea67ef
1788609721149415599	3	498	phase_loop[801]	1788609719149367	9996	6821d385bdbceb1b	165f2f27ebea67ef
1788609721149415599	3	498	phase_loop[802]	1788609719159367	10012	d8798efeca7d7fb1	165f2f27ebea67ef
1788609721149415599	3	498	phase_loop[803]	1788609719169382	9978	be618431f3a0d2c4	165f2f27ebea67ef
1788609721149415599	3	498	phase_loop[804]	1788609719179365	9997	b9aea3dcf501d0b6	165f2f27ebea67ef
1788609721149415599	3	498	phase_loop[805]	1788609719189366	9997	fea02e5c3dcda459	165f2f27ebea67ef
1788609721149415599	3	498	phase_loop[806]	1788609719199368	9996	302effe2a2e622be	165f2f27ebea67ef
1788609721149415599	3	498	phase_loop[807]	1788609719209367	9995	61064be438bc0fd2	165f2f27ebea67ef
1788609721149415599	3	498	phase_loop[808]	1788609719219367	9996	28d793875d0b7b26	165f2f27ebea67ef
1788609721149415599	3	498	phase_loop[809]	1788609719229366	9997	f40e626a4a63e572	165f2f27ebea67ef
1788609721149415599	3	498	phase_loop[810]	1788609719239367	9997	2c808d9f6887a1bb	165f2f27ebea67ef
1788609721149415599	3	498	phase_loop[811]	1788609719249368	9996	c54d58332cdf08a4	165f2f27ebea67ef
1788609721149415599	3	498	phase_loop[812]	1788609719259368	9996	81e7b6b8f71c189c	165f2f27ebea67ef
1788609721149415599	3	498	phase_loop[813]	1788609719269368	9996	a6106839f1d0e599	165f2f27ebea67ef
1788609721149415599	3	498	phase_loop[814]	1788609719279369	9997	a0dacfcc78ff497a	165f2f27ebea67ef
1788609721149415599	3	498	phase_loop[815]	1788609719289370	9993	ef526d214c8fd767	165f2f27ebea67ef
1788609721149415599	3	498	phase_loop[816]	1788609719299368	9995	1f1cce7dd912b8a1	165f2f27ebea67ef
1788609721149415599	3	498	phase_loop[817]	1788609719309366	9996	cd221f0076d0efcf	165f2f27ebea67ef
1788609721149415599	3	498	phase_loop[818]	1788609719319367	9997	2164b85efabd78a1	165f2f27ebea67ef
1788609721149415599	3	498	phase_loop[819]	1788609719329369	9995	bcf2da4190188a9a	165f2f27ebea67ef
1788609721149415599	3	498	phase_loop[820]	1788609719339368	9994	70f10d75f4c8c0f5	165f2f27ebea67ef
1788609721149415599	3	498	phase_loop[821]	1788609719349365	9997	d4276c5b9a5b9333	165f2f27ebea67ef
1788609721149415599	3	498	phase_loop[822]	1788609719359366	9997	cdb374d9a6d178c7	165f2f27ebea67ef
1788609721149415599	3	498	phase_loop[823]	1788609719369367	9996	3107751a11fdd140	165f2f27ebea67ef
1788609721149415599	3	498	phase_loop[824]	1788609719379368	10026	d147d7896a563426	165f2f27ebea67ef
1788609721149415599	3	498	phase_loop[825]	1788609719389398	9965	69f588c0302adb70	165f2f27ebea67ef
1788609721149415599	3	498	phase_loop[826]	1788609719399368	9995	2d899ab2f004eaf5	165f2f27ebea67ef
1788609721149415599	3	498	phase_loop[827]	1788609719409367	9996	16855aa417536e8d	165f2f27ebea67ef
1788609721149415599	3	498	phase_loop[828]	1788609719419367	9997	65608706addaca4f	165f2f27ebea67ef
1788609721149415599	3	498	phase_loop[829]	1788609719429367	9997	d29b6649be962a58	165f2f27ebea67ef
1788609721149415599	3	498	phase_loop[830]	1788609719439368	9995	6a8d7bbb36daf2a1	165f2f27ebea67ef
1788609721149415599	3	498	phase_loop[831]	1788609719449367	9995	f103d9f4d8ec6ba6	165f2f27ebea67ef
1788609721149415599	3	498	phase_loop[832]	1788609719459367	10001	50ae65bbb5aed36b	165f2f27ebea67ef
1788609721149415599	3	498	phase_loop[833]	1788609719469371	9992	a598d358e0f2e530	165f2f27ebea67ef
1788609721149415599	3	498	phase_loop[834]	1788609719479368	9995	48f0bc77c90430e8	165f2f27ebea67ef
1788609721149415599	3	498	phase_loop[835]	1788609719489367	10000	d1efc5f6afeb1c87	165f2f27ebea67ef
1788609721149415599	3	498	phase_loop[836]	1788609719499371	9992	2add4b92b8a3703a	165f2f27ebea67ef
1788609721149415599	3	498	phase_loop[837]	1788609719509367	9995	63ad1a6f81e66e5b	165f2f27ebea67ef
1788609721149415599	3	498	phase_loop[838]	1788609719519367	9997	21c1ede1cea8b37b	165f2f27ebea67ef
1788609721149415599	3	498	phase_loop[839]	1788609719529368	9997	e2b595149c62ecde	165f2f27ebea67ef
1788609721149415599	3	498	phase_loop[840]	1788609719539369	9995	c7684d9450a3a7bd	165f2f27ebea67ef
1788609721149415599	3	498	phase_loop[841]	1788609719549368	9996	1858b2615bc10115	165f2f27ebea67ef
1788609721149415599	3	498	phase_loop[842]	1788609719559369	9998	edbcc2cb72d8a3fc	165f2f27ebea67ef
1788609721149415599	3	498	phase_loop[843]	1788609719569371	9992	b5194ee1824a5131	165f2f27ebea67ef
1788609721149415599	3	498	phase_loop[844]	1788609719579368	9997	661f679d4b3083ee	165f2f27ebea67ef
1788609721149415599	3	498	phase_loop[845]	1788609719589369	9996	5c39a85eb8f9b6fc	165f2f27ebea67ef
1788609721149415599	3	498	phase_loop[846]	1788609719599369	9993	ce7258d19216e3ef	165f2f27ebea67ef
1788609721149415599	3	498	phase_loop[847]	1788609719609366	9997	297dda5862851a17	165f2f27ebea67ef
1788609721149415599	3	498	phase_loop[848]	1788609719619367	9997	e86fee6e186e8471	165f2f27ebea67ef
1788609721149415599	3	498	phase_loop[849]	1788609719629368	9995	ca51450ecc45368b	165f2f27ebea67ef
1788609721149415599	3	498	phase_loop[850]	1788609719639367	10005	43bec057a61e292e	165f2f27ebea67ef
1788609721149415599	3	498	phase_loop[851]	1788609719649376	9986	fc2884b94342fa88	165f2f27ebea67ef
1788609721149415599	3	498	phase_loop[852]	1788609719659366	10001	6690d3e32dd8fcad	165f2f27ebea67ef
1788609721149415599	3	498	phase_loop[853]	1788609719669370	9992	07003d6f4ff8dd86	165f2f27ebea67ef
1788609721149415599	3	498	phase_loop[854]	1788609719679367	9994	02a1749f307a13b0	165f2f27ebea67ef
1788609721149415599	3	498	phase_loop[855]	1788609719689365	9998	9d79c14f99ca7ee1	165f2f27ebea67ef
1788609721149415599	3	498	phase_loop[856]	1788609719699368	9997	e77ed83d6c3e1b5a	165f2f27ebea67ef
1788609721149415599	3	498	phase_loop[857]	1788609719709368	10027	c8cd48977c5834c4	165f2f27ebea67ef
1788609721149415599	3	498	phase_loop[858]	1788609719719400	9963	73664c60db09fabb	165f2f27ebea67ef
1788609721149415599	3	498	phase_loop[859]	1788609719729367	9996	b003af05cac06951	165f2f27ebea67ef
1788609721149415599	3	498	phase_loop[860]	1788609719739368	9994	727b95c566fc9f73	165f2f27ebea67ef
1788609721149415599	3	498	phase_loop[861]	1788609719749365	9999	b09948a05d6b33c5	165f2f27ebea67ef
1788609721149415599	3	498	phase_loop[862]	1788609719759368	9996	736daa1dfdc1a6a4	165f2f27ebea67ef
1788609721149415599	3	498	phase_loop[863]	1788609719769368	9994	870f7a760fb903f0	165f2f27ebea67ef
1788609721149415599	3	498	phase_loop[864]	1788609719779366	9995	47ca3f82d4f2e74c	165f2f27ebea67ef
1788609721149415599	3	498	phase_loop[865]	1788609719789364	9999	5dc24a93d38819d5	165f2f27ebea67ef
1788609721149415599	3	498	phase_loop[866]	1788609719799368	9995	3d76a40f6266f0ed	165f2f27ebea67ef
1788609721149415599	3	498	phase_loop[867]	1788609719809367	9995	fc15c69a8ac09072	165f2f27ebea67ef
1788609721149415599	3	498	phase_loop[868]	1788609719819366	9998	90458dacc08a9835	165f2f27ebea67ef
1788609721149415599	3	498	phase_loop[869]	1788609719829369	9993	e5b2656b152d7906	165f2f27ebea67ef
1788609721149415599	3	498	phase_loop[870]	1788609719839366	9998	174fcd0b76107870	165f2f27ebea67ef
1788609721149415599	3	498	phase_loop[871]	1788609719849368	9995	6c77e25252de3800	165f2f27ebea67ef
1788609721149415599	3	498	phase_loop[872]	1788609719859367	9995	cb2432fb02202755	165f2f27ebea67ef
1788609721149415599	3	498	phase_loop[873]	1788609719869367	9995	7b2e9d312bdd948d	165f2f27ebea67ef
1788609721149415599	3	498	phase_loop[874]	1788609719879366	9999	22b24ea3bbccef37	165f2f27ebea67ef
1788609721149415599	3	498	phase_loop[875]	1788609719889368	9996	adf69e377b0ab444	165f2f27ebea67ef
1788609721149415599	3	498	phase_loop[876]	1788609719899369	9994	be89344386e1daae	165f2f27ebea67ef
1788609721149415599	3	498	phase_loop[877]	1788609719909367	9994	0b6a506e054cc325	165f2f27ebea67ef
1788609721149415599	3	498	phase_loop[878]	1788609719919366	9999	6a2d62619b9e45ba	165f2f27ebea67ef
1788609721149415599	3	498	phase_loop[879]	1788609719929369	9995	fb6d55eeca776f96	165f2f27ebea67ef
1788609721149415599	3	498	phase_loop[880]	1788609719939367	9997	98147749de06da2a	165f2f27ebea67ef
1788609721149415599	3	498	phase_loop[881]	1788609719949368	9994	15d2a7cb033ee361	165f2f27ebea67ef
1788609721149415599	3	498	phase_loop[882]	1788609719959367	9997	c4451767d6e0258c	165f2f27ebea67ef
1788609721149415599	3	498	phase_loop[883]	1788609719969368	9995	95e982251e40e82b	165f2f27ebea67ef
1788609721149415599	3	498	phase_loop[884]	1788609719979368	9993	21aa2a723a636e0c	165f2f27ebea67ef
1788609721149415599	3	498	phase_loop[885]	1788609719989364	9999	63a1d394262e5171	165f2f27ebea67ef
1788609721149415599	3	498	phase_loop[886]	1788609719999368	9996	3ea091c9b6501bca	165f2f27ebea67ef
1788609721149415599	3	498	phase_loop[887]	1788609720009368	9996	0a301df548d87449	165f2f27ebea67ef
1788609721149415599	3	498	phase_loop[888]	1788609720019368	9995	743c01e58b94feb8	165f2f27ebea67ef
1788609721149415599	3	498	phase_loop[889]	1788609720029367	9997	c49afd21fb3910db	165f2f27ebea67ef
1788609721149415599	3	498	phase_loop[890]	1788609720039368	10026	98aee9f2ac5dff6b	165f2f27ebea67ef
1788609721149415599	3	498	phase_loop[891]	1788609720049399	9966	22e4270b3b5d6093	165f2f27ebea67ef
1788609721149415599	3	498	phase_loop[892]	1788609720059369	9996	0cbce19811d3e74c	165f2f27ebea67ef
1788609721149415599	3	498	phase_loop[893]	1788609720069368	9994	286dd255884a11a7	165f2f27ebea67ef
1788609721149415599	3	498	phase_loop[894]	1788609720079368	9995	899aa70dd7d87d83	165f2f27ebea67ef
1788609721149415599	3	498	phase_loop[895]	1788609720089367	9997	09495b189e2d9790	165f2f27ebea67ef
1788609721149415599	3	498	phase_loop[896]	1788609720099368	9995	32ff5b177c3f9f82	165f2f27ebea67ef
1788609721149415599	3	498	phase_loop[897]	1788609720109367	9994	8f0ff4cd362f1423	165f2f27ebea67ef
1788609721149415599	3	498	phase_loop[898]	1788609720119366	9997	9ee65509cd3b7166	165f2f27ebea67ef
1788609721149415599	3	498	phase_loop[899]	1788609720129367	9995	3f6358864a06045f	165f2f27ebea67ef
1788609721149415599	3	498	phase_loop[900]	1788609720139368	9997	80ba920fe0e6150e	165f2f27ebea67ef
1788609721149415599	3	498	phase_loop[901]	1788609720149369	9996	f3a21b626e60d665	165f2f27ebea67ef
1788609721149415599	3	498	phase_loop[902]	1788609720159369	9995	691d3e77ea5ed8e7	165f2f27ebea67ef
1788609721149415599	3	498	phase_loop[903]	1788609720169367	9995	06d757e318f6f0da	165f2f27ebea67ef
1788609721149415599	3	498	phase_loop[904]	1788609720179366	9996	b7b2f514832f5568	165f2f27ebea67ef
1788609721149415599	3	498	phase_loop[905]	1788609720189366	9997	5456d9cbc4118ec1	165f2f27ebea67ef
1788609721149415599	3	498	phase_loop[906]	1788609720199367	9997	890aae7efe03ca16	165f2f27ebea67ef
1788609721149415599	3	498	phase_loop[907]	1788609720209369	9994	d8a090ae22c6f147	165f2f27ebea67ef
1788609721149415599	3	498	phase_loop[908]	1788609720219367	9996	08f16b075f136934	165f2f27ebea67ef
1788609721149415599	3	498	phase_loop[909]	1788609720229367	9997	9e44e55f3531eefb	165f2f27ebea67ef
1788609721149415599	3	498	phase_loop[910]	1788609720239369	9995	285210361a5f0911	165f2f27ebea67ef
1788609721149415599	3	498	phase_loop[911]	1788609720249367	9997	853cc920ad876b90	165f2f27ebea67ef
1788609721149415599	3	498	phase_loop[912]	1788609720259369	9994	fe26104d5b804df1	165f2f27ebea67ef
1788609721149415599	3	498	phase_loop[913]	1788609720269368	9995	811201d857307467	165f2f27ebea67ef
1788609721149415599	3	498	phase_loop[914]	1788609720279367	9995	b3b23ccc56887d28	165f2f27ebea67ef
1788609721149415599	3	498	phase_loop[915]	1788609720289367	9996	06051529933635e5	165f2f27ebea67ef
1788609721149415599	3	498	phase_loop[916]	1788609720299367	9997	e0eb75c0d1d21d67	165f2f27ebea67ef
1788609721149415599	3	498	phase_loop[917]	1788609720309369	9994	26fb177805227d06	165f2f27ebea67ef
1788609721149415599	3	498	phase_loop[918]	1788609720319367	9995	f397d721e495bf07	165f2f27ebea67ef
1788609721149415599	3	498	phase_loop[919]	1788609720329367	9996	2ab1dc4c498d06ff	165f2f27ebea67ef
1788609721149415599	3	498	phase_loop[920]	1788609720339367	9993	eecf019383065809	165f2f27ebea67ef
1788609721149415599	3	498	phase_loop[921]	1788609720349364	9998	27620b90e460eb57	165f2f27ebea67ef
1788609721149415599	3	498	phase_loop[922]	1788609720359367	9997	5e9b93d12bf54b20	165f2f27ebea67ef
1788609721149415599	3	498	phase_loop[923]	1788609720369368	10028	03363417317b9856	165f2f27ebea67ef
1788609721149415599	3	498	phase_loop[924]	1788609720379401	9963	5803d84ae1f23194	165f2f27ebea67ef
1788609721149415599	3	498	phase_loop[925]	1788609720389367	9997	382416201c0626a5	165f2f27ebea67ef
1788609721149415599	3	498	phase_loop[926]	1788609720399369	9994	60ad286da4a5faa5	165f2f27ebea67ef
1788609721149415599	3	498	phase_loop[927]	1788609720409367	9996	d0ff32080be0c42e	165f2f27ebea67ef
1788609721149415599	3	498	phase_loop[928]	1788609720419367	9996	3bad93f2834bfd76	165f2f27ebea67ef
1788609721149415599	3	498	phase_loop[929]	1788609720429366	9997	5c8b65aa2fa4ad52	165f2f27ebea67ef
1788609721149415599	3	498	phase_loop[930]	1788609720439367	9996	d4887c9ffef9ad95	165f2f27ebea67ef
1788609721149415599	3	498	phase_loop[931]	1788609720449368	9995	87710a5444b467fb	165f2f27ebea67ef
1788609721149415599	3	498	phase_loop[932]	1788609720459367	9995	5ae19b838f262b66	165f2f27ebea67ef
1788609721149415599	3	498	phase_loop[933]	1788609720469366	9995	774eb65a2c9ded84	165f2f27ebea67ef
1788609721149415599	3	498	phase_loop[934]	1788609720479366	9997	fa5eefb855b580e5	165f2f27ebea67ef
1788609721149415599	3	498	phase_loop[935]	1788609720489366	9996	682972db096b66d6	165f2f27ebea67ef
1788609721149415599	3	498	phase_loop[936]	1788609720499367	9998	fb509ab471604a93	165f2f27ebea67ef
1788609721149415599	3	498	phase_loop[937]	1788609720509368	9993	ec527c1a65e2913f	165f2f27ebea67ef
1788609721149415599	3	498	phase_loop[938]	1788609720519366	9996	1b9ebc46479594f2	165f2f27ebea67ef
1788609721149415599	3	498	phase_loop[939]	1788609720529366	9998	57d0e4a486327d75	165f2f27ebea67ef
1788609721149415599	3	498	phase_loop[940]	1788609720539368	9996	2c7478d3881f4cae	165f2f27ebea67ef
1788609721149415599	3	498	phase_loop[941]	1788609720549368	9993	a7c414abd76ba477	165f2f27ebea67ef
1788609721149415599	3	498	phase_loop[942]	1788609720559366	9998	dca73f439f53ae04	165f2f27ebea67ef
1788609721149415599	3	498	phase_loop[943]	1788609720569368	9995	e6fddc0e15ced478	165f2f27ebea67ef
1788609721149415599	3	498	phase_loop[944]	1788609720579367	9995	157694941d4d48a4	165f2f27ebea67ef
1788609721149415599	3	498	phase_loop[945]	1788609720589365	9998	86bef8b9f1ebeb17	165f2f27ebea67ef
1788609721149415599	3	498	phase_loop[946]	1788609720599368	9996	22587b956042d904	165f2f27ebea67ef
1788609721149415599	3	498	phase_loop[947]	1788609720609367	9995	329459aa3452cc09	165f2f27ebea67ef
1788609721149415599	3	498	phase_loop[948]	1788609720619367	9997	225852257c5e7dcf	165f2f27ebea67ef
1788609721149415599	3	498	phase_loop[949]	1788609720629368	9995	d8c40edffcf757ea	165f2f27ebea67ef
1788609721149415599	3	498	phase_loop[950]	1788609720639367	9995	694be694dade07e9	165f2f27ebea67ef
1788609721149415599	3	498	phase_loop[951]	1788609720649367	9997	f4f78fe9fa7220f0	165f2f27ebea67ef
1788609721149415599	3	498	phase_loop[952]	1788609720659368	9996	077ee36bfa218b79	165f2f27ebea67ef
1788609721149415599	3	498	phase_loop[953]	1788609720669367	9996	a47b285d29a6e318	165f2f27ebea67ef
1788609721149415599	3	498	phase_loop[954]	1788609720679368	9996	d40793ecadcda290	165f2f27ebea67ef
1788609721149415599	3	498	phase_loop[955]	1788609720689368	9995	eda5cbe8fa800d82	165f2f27ebea67ef
1788609721149415599	3	498	phase_loop[956]	1788609720699368	10030	9054bfd1ec0f55ca	165f2f27ebea67ef
1788609721149415599	3	498	phase_loop[957]	1788609720709402	9965	5fa07c70f817dcc5	165f2f27ebea67ef
1788609721149415599	3	498	phase_loop[958]	1788609720719372	9992	abbee86f03d7ddf0	165f2f27ebea67ef
1788609721149415599	3	498	phase_loop[959]	1788609720729368	9996	90a051536fd78c26	165f2f27ebea67ef
1788609721149415599	3	498	phase_loop[960]	1788609720739370	9993	d1e66013989666b3	165f2f27ebea67ef
1788609721149415599	3	498	phase_loop[961]	1788609720749366	9997	ae0a1ac63d6df244	165f2f27ebea67ef
1788609721149415599	3	498	phase_loop[962]	1788609720759368	9996	313aa15754fb845d	165f2f27ebea67ef
1788609721149415599	3	498	phase_loop[963]	1788609720769367	9996	bea128bf0c1eb932	165f2f27ebea67ef
1788609721149415599	3	498	phase_loop[964]	1788609720779367	9996	1e1f77cf1b48787f	165f2f27ebea67ef
1788609721149415599	3	498	phase_loop[965]	1788609720789367	9995	69b3a10e468b6047	165f2f27ebea67ef
1788609721149415599	3	498	phase_loop[966]	1788609720799367	9997	f5837eefc9c0c1c9	165f2f27ebea67ef
1788609721149415599	3	498	phase_loop[967]	1788609720809368	9995	2fc11c3380b65825	165f2f27ebea67ef
1788609721149415599	3	498	phase_loop[968]	1788609720819367	9995	c676b5135d3def20	165f2f27ebea67ef
1788609721149415599	3	498	phase_loop[969]	1788609720829366	9997	0a97375fcd2b9dbb	165f2f27ebea67ef
1788609721149415599	3	498	phase_loop[970]	1788609720839367	9997	478408b4de392885	165f2f27ebea67ef
1788609721149415599	3	498	phase_loop[971]	1788609720849368	9994	c4e7d30d69a4bae0	165f2f27ebea67ef
1788609721149415599	3	498	phase_loop[972]	1788609720859367	9999	c2b9e189fb5b346b	165f2f27ebea67ef
1788609721149415599	3	498	phase_loop[973]	1788609720869369	9997	b868362fa977f4bf	165f2f27ebea67ef
1788609721149415599	3	498	phase_loop[974]	1788609720879370	9995	9491db1857030557	165f2f27ebea67ef
1788609721149415599	3	498	phase_loop[975]	1788609720889369	9994	c750287ea7fa82fa	165f2f27ebea67ef
1788609721149415599	3	498	phase_loop[976]	1788609720899367	9995	c6f98e1ca571f9ce	165f2f27ebea67ef
1788609721149415599	3	498	phase_loop[977]	1788609720909366	9996	de45e6e645b5b728	165f2f27ebea67ef
1788609721149415599	3	498	phase_loop[978]	1788609720919366	9997	a1e11e70d66c3066	165f2f27ebea67ef
1788609721149415599	3	498	phase_loop[979]	1788609720929366	9997	b0f6f0311024a59a	165f2f27ebea67ef
1788609721149415599	3	498	phase_loop[980]	1788609720939368	9993	69f29cc11e8d2c90	165f2f27ebea67ef
1788609721149415599	3	498	phase_loop[981]	1788609720949364	9999	e8b021ccafa7a8ed	165f2f27ebea67ef
1788609721149415599	3	498	phase_loop[982]	1788609720959368	9997	d20eee63ae6b5cec	165f2f27ebea67ef
1788609721149415599	3	498	phase_loop[983]	1788609720969368	9994	3e0becf0c0ca89d8	165f2f27ebea67ef
1788609721149415599	3	498	phase_loop[984]	1788609720979366	9996	caa4ed1241505fc5	165f2f27ebea67ef
1788609721149415599	3	498	phase_loop[985]	1788609720989366	9997	81ecc96d1db0554e	165f2f27ebea67ef
1788609721149415599	3	498	phase_loop[986]	1788609720999367	9996	b5c7b127d6b3b828	165f2f27ebea67ef
1788609721149415599	3	498	phase_loop[987]	1788609721009367	9997	378c2a0b16d829cb	165f2f27ebea67ef
1788609721149415599	3	498	phase_loop[988]	1788609721019368	9995	5a955de31a175531	165f2f27ebea67ef
1788609721149415599	3	498	phase_loop[989]	1788609721029367	10048	3fc8300ea6972d77	165f2f27ebea67ef
1788609721149415599	3	498	phase_loop[990]	1788609721039420	9944	68b5b4debbf545b7	165f2f27ebea67ef
1788609721149415599	3	498	phase_loop[991]	1788609721049368	9994	ce2383176e9f21ed	165f2f27ebea67ef
1788609721149415599	3	498	phase_loop[992]	1788609721059367	9999	b62c85e5100d2d7e	165f2f27ebea67ef
1788609721149415599	3	498	phase_loop[993]	1788609721069371	9993	7ca62e953365f7d9	165f2f27ebea67ef
1788609721149415599	3	498	phase_loop[994]	1788609721079369	9994	10546fb6ab987dc7	165f2f27ebea67ef
1788609721149415599	3	498	phase_loop[995]	1788609721089366	9996	aafc887cc8a7d40e	165f2f27ebea67ef
1788609721149415599	3	498	phase_loop[996]	1788609721099367	9997	32f50219d0e6e38d	165f2f27ebea67ef
1788609721149415599	3	498	phase_loop[997]	1788609721109367	9995	ee576495ece2d05a	165f2f27ebea67ef
1788609721149415599	3	498	phase_loop[998]	1788609721119366	9996	d4eac1c09f5bfe24	165f2f27ebea67ef
1788609721149415599	3	498	phase_loop[999]	1788609721129366	9997	b9ac686dcd14ea41	165f2f27ebea67ef
1788609721156717084	4	1	phase_loop[1000]	1788609721139368	9997	8c7e8696b255cfcc	165f2f27ebea67ef
1788609726150127994	5	499	phase_loop[1001]	1788609721149370	9994	a8d9d24024049cb5	165f2f27ebea67ef
1788609726150127994	5	499	phase_loop[1002]	1788609721159370	9997	c60ac622806939b6	165f2f27ebea67ef
1788609726150127994	5	499	phase_loop[1003]	1788609721169371	9992	9633bece44de7d12	165f2f27ebea67ef
1788609726150127994	5	499	phase_loop[1004]	1788609721179367	9996	08722337eaf2329c	165f2f27ebea67ef
1788609726150127994	5	499	phase_loop[1005]	1788609721189368	9995	5429547b83875724	165f2f27ebea67ef
1788609726150127994	5	499	phase_loop[1006]	1788609721199367	9998	1ec2f5137cf2393d	165f2f27ebea67ef
1788609726150127994	5	499	phase_loop[1007]	1788609721209370	9993	6739ad2992039dd2	165f2f27ebea67ef
1788609726150127994	5	499	phase_loop[1008]	1788609721219367	9996	374ec51e5d0c55d3	165f2f27ebea67ef
1788609726150127994	5	499	phase_loop[1009]	1788609721229367	9996	c55e22839826adc9	165f2f27ebea67ef
1788609726150127994	5	499	phase_loop[1010]	1788609721239367	9996	82d72047e4afe6d8	165f2f27ebea67ef
1788609726150127994	5	499	phase_loop[1011]	1788609721249367	9995	f3ef45b7531977d3	165f2f27ebea67ef
1788609726150127994	5	499	phase_loop[1012]	1788609721259366	9997	a8f09e4392eaaaf0	165f2f27ebea67ef
1788609726150127994	5	499	phase_loop[1013]	1788609721269366	9997	bb7ed89a979f9e4f	165f2f27ebea67ef
1788609726150127994	5	499	phase_loop[1014]	1788609721279367	9997	71ba26a4455711b6	165f2f27ebea67ef
1788609726150127994	5	499	phase_loop[1015]	1788609721289369	9994	f30b90cbe307bf6e	165f2f27ebea67ef
1788609726150127994	5	499	phase_loop[1016]	1788609721299366	9995	e070d34aaa5f5b16	165f2f27ebea67ef
1788609726150127994	5	499	phase_loop[1017]	1788609721309367	9997	b81bbe9eb24efe74	165f2f27ebea67ef
1788609726150127994	5	499	phase_loop[1018]	1788609721319367	9995	6aa66fbefc2b808b	165f2f27ebea67ef
1788609726150127994	5	499	phase_loop[1019]	1788609721329367	9995	636dbe032424315c	165f2f27ebea67ef
1788609726150127994	5	499	phase_loop[1020]	1788609721339367	9996	92cb0b4e8e5650ca	165f2f27ebea67ef
1788609726150127994	5	499	phase_loop[1021]	1788609721349367	9997	aadd7c9191d62040	165f2f27ebea67ef
1788609726150127994	5	499	phase_loop[1022]	1788609721359368	9995	09096392832ee7ae	165f2f27ebea67ef
1788609726150127994	5	499	phase_loop[1023]	1788609721369367	10033	afee2abfcb9d6bb8	165f2f27ebea67ef
1788609726150127994	5	499	phase_loop[1024]	1788609721379404	9958	be6673da96dde136	165f2f27ebea67ef
1788609726150127994	5	499	phase_loop[1025]	1788609721389366	9999	50444d2260acd588	165f2f27ebea67ef
1788609726150127994	5	499	phase_loop[1026]	1788609721399370	9994	512d130cb3126196	165f2f27ebea67ef
1788609726150127994	5	499	phase_loop[1027]	1788609721409369	9996	d71caef93a7dbc1b	165f2f27ebea67ef
1788609726150127994	5	499	phase_loop[1028]	1788609721419368	9995	f0c2e3cd0a50e163	165f2f27ebea67ef
1788609726150127994	5	499	phase_loop[1029]	1788609721429368	9994	0df444f000ada7ea	165f2f27ebea67ef
1788609726150127994	5	499	phase_loop[1030]	1788609721439366	9996	b53142162e7c4f8c	165f2f27ebea67ef
1788609726150127994	5	499	phase_loop[1031]	1788609721449367	9995	75bd65c103a02f29	165f2f27ebea67ef
1788609726150127994	5	499	phase_loop[1032]	1788609721459366	10003	9a9de5d2910ff393	165f2f27ebea67ef
1788609726150127994	5	499	phase_loop[1033]	1788609721469373	9989	07272e03740da969	165f2f27ebea67ef
1788609726150127994	5	499	phase_loop[1034]	1788609721479366	9996	8197a38d004b18ee	165f2f27ebea67ef
1788609726150127994	5	499	phase_loop[1035]	1788609721489368	9997	f176ba3b8e7c6dc6	165f2f27ebea67ef
1788609726150127994	5	499	phase_loop[1036]	1788609721499369	9996	4d210b27a40dec52	165f2f27ebea67ef
1788609726150127994	5	499	phase_loop[1037]	1788609721509370	9992	c69e6a85812e58d3	165f2f27ebea67ef
1788609726150127994	5	499	phase_loop[1038]	1788609721519365	9998	0560b10ea5d55f4e	165f2f27ebea67ef
1788609726150127994	5	499	phase_loop[1039]	1788609721529368	9997	de6854ef8d12c5bb	165f2f27ebea67ef
1788609726150127994	5	499	phase_loop[1040]	1788609721539368	9994	2cde67bf2074dba2	165f2f27ebea67ef
1788609726150127994	5	499	phase_loop[1041]	1788609721549367	10000	afed8fe917746e9c	165f2f27ebea67ef
1788609726150127994	5	499	phase_loop[1042]	1788609721559372	9994	78261de59ad332e9	165f2f27ebea67ef
1788609726150127994	5	499	phase_loop[1043]	1788609721569371	9992	6903c040df5ebd58	165f2f27ebea67ef
1788609726150127994	5	499	phase_loop[1044]	1788609721579368	9994	3dc824e6fc1b0d9c	165f2f27ebea67ef
1788609726150127994	5	499	phase_loop[1045]	1788609721589367	9996	ae3acb26d014b18b	165f2f27ebea67ef
1788609726150127994	5	499	phase_loop[1046]	1788609721599367	9997	37b7441dfbb510ea	165f2f27ebea67ef
1788609726150127994	5	499	phase_loop[1047]	1788609721609369	9996	f83a3110c2526bd6	165f2f27ebea67ef
1788609726150127994	5	499	phase_loop[1048]	1788609721619369	9994	6fb317292a34eae9	165f2f27ebea67ef
1788609726150127994	5	499	phase_loop[1049]	1788609721629368	9995	03b64174ab0f9776	165f2f27ebea67ef
1788609726150127994	5	499	phase_loop[1050]	1788609721639367	9994	780d305ca7b6b8a1	165f2f27ebea67ef
1788609726150127994	5	499	phase_loop[1051]	1788609721649366	9998	3a1851bf1987d3a0	165f2f27ebea67ef
1788609726150127994	5	499	phase_loop[1052]	1788609721659367	9995	a4b4cbd659d18cf2	165f2f27ebea67ef
1788609726150127994	5	499	phase_loop[1053]	1788609721669366	9995	5ba095fa0df5d7da	165f2f27ebea67ef
1788609726150127994	5	499	phase_loop[1054]	1788609721679365	9996	36ec4ee417cbafb1	165f2f27ebea67ef
1788609726150127994	5	499	phase_loop[1055]	1788609721689366	9998	399e8d7440ebda5d	165f2f27ebea67ef
1788609726150127994	5	499	phase_loop[1056]	1788609721699367	10045	e68d455e92e92420	165f2f27ebea67ef
1788609726150127994	5	499	phase_loop[1057]	1788609721709418	9946	1ebc404c3ab60762	165f2f27ebea67ef
1788609726150127994	5	499	phase_loop[1058]	1788609721719369	9995	7964a6ef43b69374	165f2f27ebea67ef
1788609726150127994	5	499	phase_loop[1059]	1788609721729369	9996	7e53633de6a0adf5	165f2f27ebea67ef
1788609726150127994	5	499	phase_loop[1060]	1788609721739369	9993	698b27673f76c666	165f2f27ebea67ef
1788609726150127994	5	499	phase_loop[1061]	1788609721749368	9996	449226eed718eb45	165f2f27ebea67ef
1788609726150127994	5	499	phase_loop[1062]	1788609721759367	9996	a8e5f7da210557bf	165f2f27ebea67ef
1788609726150127994	5	499	phase_loop[1063]	1788609721769368	9995	ec24607d7b30830d	165f2f27ebea67ef
1788609726150127994	5	499	phase_loop[1064]	1788609721779367	9998	8be2fb04896036a1	165f2f27ebea67ef
1788609726150127994	5	499	phase_loop[1065]	1788609721789369	9995	bc623f54ac59f855	165f2f27ebea67ef
1788609726150127994	5	499	phase_loop[1066]	1788609721799368	9994	bc30b7168ca540f9	165f2f27ebea67ef
1788609726150127994	5	499	phase_loop[1067]	1788609721809366	9996	42c2c289940a9ebd	165f2f27ebea67ef
1788609726150127994	5	499	phase_loop[1068]	1788609721819366	9997	9348ba0fdb0792ea	165f2f27ebea67ef
1788609726150127994	5	499	phase_loop[1069]	1788609721829368	9996	17794ec01143ab7b	165f2f27ebea67ef
1788609726150127994	5	499	phase_loop[1070]	1788609721839367	9995	d23e8589c433a1a2	165f2f27ebea67ef
1788609726150127994	5	499	phase_loop[1071]	1788609721849367	9997	8f905090dedb55d7	165f2f27ebea67ef
1788609726150127994	5	499	phase_loop[1072]	1788609721859367	10000	c6d712715695f822	165f2f27ebea67ef
1788609726150127994	5	499	phase_loop[1073]	1788609721869371	9992	c2ea9107d5ee6a5e	165f2f27ebea67ef
1788609726150127994	5	499	phase_loop[1074]	1788609721879368	9995	0391983e159d2ee4	165f2f27ebea67ef
1788609726150127994	5	499	phase_loop[1075]	1788609721889368	9995	fd9e87bd62f55fe4	165f2f27ebea67ef
1788609726150127994	5	499	phase_loop[1076]	1788609721899367	9996	d9f109249a41527e	165f2f27ebea67ef
1788609726150127994	5	499	phase_loop[1077]	1788609721909368	9995	dc1e0c52fd524fe9	165f2f27ebea67ef
1788609726150127994	5	499	phase_loop[1078]	1788609721919367	9996	f3d50008cf1e8bc0	165f2f27ebea67ef
1788609726150127994	5	499	phase_loop[1079]	1788609721929368	9996	774ab2672322d157	165f2f27ebea67ef
1788609726150127994	5	499	phase_loop[1080]	1788609721939368	9994	b304ff19eae6c9ff	165f2f27ebea67ef
1788609726150127994	5	499	phase_loop[1081]	1788609721949366	9997	152da7ccdc7a9996	165f2f27ebea67ef
1788609726150127994	5	499	phase_loop[1082]	1788609721959366	9997	7063d786ecdc7a21	165f2f27ebea67ef
1788609726150127994	5	499	phase_loop[1083]	1788609721969367	9997	be3acaae8d9073f9	165f2f27ebea67ef
1788609726150127994	5	499	phase_loop[1084]	1788609721979368	9993	87cb8c499050bc5e	165f2f27ebea67ef
1788609726150127994	5	499	phase_loop[1085]	1788609721989365	9998	4a9d9f98aa42f099	165f2f27ebea67ef
1788609726150127994	5	499	phase_loop[1086]	1788609721999368	9995	92d6d43090dd1003	165f2f27ebea67ef
1788609726150127994	5	499	phase_loop[1087]	1788609722009366	9999	06568631272e541c	165f2f27ebea67ef
1788609726150127994	5	499	phase_loop[1088]	1788609722019369	9993	20363f01aed03a21	165f2f27ebea67ef
1788609726150127994	5	499	phase_loop[1089]	1788609722029366	10037	ff95a1e72e6e4fb3	165f2f27ebea67ef
1788609726150127994	5	499	phase_loop[1090]	1788609722039408	9954	a76adcdeb4b91339	165f2f27ebea67ef
1788609726150127994	5	499	phase_loop[1091]	1788609722049366	9997	5d57db93a7a748de	165f2f27ebea67ef
1788609726150127994	5	499	phase_loop[1092]	1788609722059368	9995	1ffc2932685ec489	165f2f27ebea67ef
1788609726150127994	5	499	phase_loop[1093]	1788609722069368	9995	401e480ed17549bf	165f2f27ebea67ef
1788609726150127994	5	499	phase_loop[1094]	1788609722079366	9997	9cb655077d297881	165f2f27ebea67ef
1788609726150127994	5	499	phase_loop[1095]	1788609722089368	9997	2df17f7adff7b5d4	165f2f27ebea67ef
1788609726150127994	5	499	phase_loop[1096]	1788609722099369	9992	634106c5aa59ca11	165f2f27ebea67ef
1788609726150127994	5	499	phase_loop[1097]	1788609722109366	9995	d25a2463756fd36c	165f2f27ebea67ef
1788609726150127994	5	499	phase_loop[1098]	1788609722119365	9997	79d1c356c8886cc0	165f2f27ebea67ef
1788609726150127994	5	499	phase_loop[1099]	1788609722129367	9996	869b51137726c70e	165f2f27ebea67ef
1788609726150127994	5	499	phase_loop[1100]	1788609722139367	9997	2d3f2b5a172602aa	165f2f27ebea67ef
1788609726150127994	5	499	phase_loop[1101]	1788609722149368	9994	0a1ba8b3fa50c2ce	165f2f27ebea67ef
1788609726150127994	5	499	phase_loop[1102]	1788609722159366	9999	041575fa23dcea20	165f2f27ebea67ef
1788609726150127994	5	499	phase_loop[1103]	1788609722169371	9992	354f638be439ae96	165f2f27ebea67ef
1788609726150127994	5	499	phase_loop[1104]	1788609722179367	9994	bbd92b5e3dcca467	165f2f27ebea67ef
1788609726150127994	5	499	phase_loop[1105]	1788609722189365	9999	521fbf60cfd732ff	165f2f27ebea67ef
1788609726150127994	5	499	phase_loop[1106]	1788609722199368	9997	a4185daab1dedc78	165f2f27ebea67ef
1788609726150127994	5	499	phase_loop[1107]	1788609722209369	9994	7f8525ec74bb2b90	165f2f27ebea67ef
1788609726150127994	5	499	phase_loop[1108]	1788609722219367	9994	8917a0ddd0921790	165f2f27ebea67ef
1788609726150127994	5	499	phase_loop[1109]	1788609722229366	9996	bcfb36e304e04525	165f2f27ebea67ef
1788609726150127994	5	499	phase_loop[1110]	1788609722239366	9995	c36eb1957659bbec	165f2f27ebea67ef
1788609726150127994	5	499	phase_loop[1111]	1788609722249365	9996	f776209dc6c324ce	165f2f27ebea67ef
1788609726150127994	5	499	phase_loop[1112]	1788609722259365	9997	43f1be737d29339e	165f2f27ebea67ef
1788609726150127994	5	499	phase_loop[1113]	1788609722269367	9997	39da17e95582d734	165f2f27ebea67ef
1788609726150127994	5	499	phase_loop[1114]	1788609722279368	9995	b598bcf6f06d9ad5	165f2f27ebea67ef
1788609726150127994	5	499	phase_loop[1115]	1788609722289367	9997	e290147d7bd7f715	165f2f27ebea67ef
1788609726150127994	5	499	phase_loop[1116]	1788609722299368	9994	14bf080743a0e077	165f2f27ebea67ef
1788609726150127994	5	499	phase_loop[1117]	1788609722309366	9998	7375cac5abd0a713	165f2f27ebea67ef
1788609726150127994	5	499	phase_loop[1118]	1788609722319368	9993	662990ae8ef7437a	165f2f27ebea67ef
1788609726150127994	5	499	phase_loop[1119]	1788609722329365	9998	9a0c70286fb8010c	165f2f27ebea67ef
1788609726150127994	5	499	phase_loop[1120]	1788609722339367	9996	6cf67b7811db66ea	165f2f27ebea67ef
1788609726150127994	5	499	phase_loop[1121]	1788609722349369	9996	aec147b45128c915	165f2f27ebea67ef
1788609726150127994	5	499	phase_loop[1122]	1788609722359368	10030	9947f613da562686	165f2f27ebea67ef
1788609726150127994	5	499	phase_loop[1123]	1788609722369403	9960	3812c52bf96b774b	165f2f27ebea67ef
1788609726150127994	5	499	phase_loop[1124]	1788609722379367	9996	ab2d59b4f509375a	165f2f27ebea67ef
1788609726150127994	5	499	phase_loop[1125]	1788609722389368	9996	8e919323695e1916	165f2f27ebea67ef
1788609726150127994	5	499	phase_loop[1126]	1788609722399369	9994	fc3d4d26c8e1bcb9	165f2f27ebea67ef
1788609726150127994	5	499	phase_loop[1127]	1788609722409367	9996	b1ef90abe59f11fc	165f2f27ebea67ef
1788609726150127994	5	499	phase_loop[1128]	1788609722419367	9995	ea58fed74ab56366	165f2f27ebea67ef
1788609726150127994	5	499	phase_loop[1129]	1788609722429367	9996	a857a6cd549407b9	165f2f27ebea67ef
1788609726150127994	5	499	phase_loop[1130]	1788609722439367	9996	a69a82b9dbe047b7	165f2f27ebea67ef
1788609726150127994	5	499	phase_loop[1131]	1788609722449368	9994	8be8a7c96a72e9e3	165f2f27ebea67ef
1788609726150127994	5	499	phase_loop[1132]	1788609722459367	9997	f81fb129cb668016	165f2f27ebea67ef
1788609726150127994	5	499	phase_loop[1133]	1788609722469368	9995	c2e273e172f32fe0	165f2f27ebea67ef
1788609726150127994	5	499	phase_loop[1134]	1788609722479367	9995	e552f577aab25a23	165f2f27ebea67ef
1788609726150127994	5	499	phase_loop[1135]	1788609722489366	9997	f988c408cd915538	165f2f27ebea67ef
1788609726150127994	5	499	phase_loop[1136]	1788609722499367	9995	f5e55112b6f7f639	165f2f27ebea67ef
1788609726150127994	5	499	phase_loop[1137]	1788609722509366	9996	e1c95eef3f161f97	165f2f27ebea67ef
1788609726150127994	5	499	phase_loop[1138]	1788609722519366	9997	a77c99055fc05a4f	165f2f27ebea67ef
1788609726150127994	5	499	phase_loop[1139]	1788609722529367	9996	4b0af403307d4398	165f2f27ebea67ef
1788609726150127994	5	499	phase_loop[1140]	1788609722539368	9994	feae4ae8039a6738	165f2f27ebea67ef
1788609726150127994	5	499	phase_loop[1141]	1788609722549366	9997	d3b43acdc8212238	165f2f27ebea67ef
1788609726150127994	5	499	phase_loop[1142]	1788609722559367	9997	ad0dad396d57be0d	165f2f27ebea67ef
1788609726150127994	5	499	phase_loop[1143]	1788609722569369	9995	d32c1974174f32fe	165f2f27ebea67ef
1788609726150127994	5	499	phase_loop[1144]	1788609722579368	9994	d2245bf954a8106a	165f2f27ebea67ef
1788609726150127994	5	499	phase_loop[1145]	1788609722589366	9997	dd1bbc9adf2f24e0	165f2f27ebea67ef
1788609726150127994	5	499	phase_loop[1146]	1788609722599367	9996	e43ce16be3168e0b	165f2f27ebea67ef
1788609726150127994	5	499	phase_loop[1147]	1788609722609368	9995	b83235ac4f04c01c	165f2f27ebea67ef
1788609726150127994	5	499	phase_loop[1148]	1788609722619368	9993	3bb2ff6390a0fb5d	165f2f27ebea67ef
1788609726150127994	5	499	phase_loop[1149]	1788609722629366	9997	82771e99a7b78dd9	165f2f27ebea67ef
1788609726150127994	5	499	phase_loop[1150]	1788609722639366	9996	4e3e3a705de28333	165f2f27ebea67ef
1788609726150127994	5	499	phase_loop[1151]	1788609722649367	9995	eddbd0b8c2a6410e	165f2f27ebea67ef
1788609726150127994	5	499	phase_loop[1152]	1788609722659367	9996	c7501fe11487858b	165f2f27ebea67ef
1788609726150127994	5	499	phase_loop[1153]	1788609722669367	9996	2f0d1ab3a83de21e	165f2f27ebea67ef
1788609726150127994	5	499	phase_loop[1154]	1788609722679368	9995	8997b9822d462d1f	165f2f27ebea67ef
1788609726150127994	5	499	phase_loop[1155]	1788609722689368	10030	84bf3b06d0729455	165f2f27ebea67ef
1788609726150127994	5	499	phase_loop[1156]	1788609722699403	9961	23d81cf1edc5a8a1	165f2f27ebea67ef
1788609726150127994	5	499	phase_loop[1157]	1788609722709370	9992	e1b82b753f120fe4	165f2f27ebea67ef
1788609726150127994	5	499	phase_loop[1158]	1788609722719367	9996	6e9f145018ea8d3b	165f2f27ebea67ef
1788609726150127994	5	499	phase_loop[1159]	1788609722729368	9996	6d2469d133c3e8b7	165f2f27ebea67ef
1788609726150127994	5	499	phase_loop[1160]	1788609722739367	10000	79fa7f6c5b8a827e	165f2f27ebea67ef
1788609726150127994	5	499	phase_loop[1161]	1788609722749372	9993	33098ec3bdd6b22c	165f2f27ebea67ef
1788609726150127994	5	499	phase_loop[1162]	1788609722759369	9995	9f57b30972251e1b	165f2f27ebea67ef
1788609726150127994	5	499	phase_loop[1163]	1788609722769369	9994	2bcc05e1b1504d4d	165f2f27ebea67ef
1788609726150127994	5	499	phase_loop[1164]	1788609722779368	9997	a73b6f9e853724db	165f2f27ebea67ef
1788609726150127994	5	499	phase_loop[1165]	1788609722789368	9995	2df6ce2d7d97c685	165f2f27ebea67ef
1788609726150127994	5	499	phase_loop[1166]	1788609722799367	9999	5c3ce03c5e7b71ed	165f2f27ebea67ef
1788609726150127994	5	499	phase_loop[1167]	1788609722809371	9992	db2afd8073973329	165f2f27ebea67ef
1788609726150127994	5	499	phase_loop[1168]	1788609722819368	9998	9dc012db1bf9cb8e	165f2f27ebea67ef
1788609726150127994	5	499	phase_loop[1169]	1788609722829369	9995	34d48e0437cf57b0	165f2f27ebea67ef
1788609726150127994	5	499	phase_loop[1170]	1788609722839368	9993	2c4c4ec7364e9eb3	165f2f27ebea67ef
1788609726150127994	5	499	phase_loop[1171]	1788609722849366	9998	7c0f97332240c8a2	165f2f27ebea67ef
1788609726150127994	5	499	phase_loop[1172]	1788609722859367	9996	56ce2e4ab0914510	165f2f27ebea67ef
1788609726150127994	5	499	phase_loop[1173]	1788609722869368	9995	3de558f98f85767c	165f2f27ebea67ef
1788609726150127994	5	499	phase_loop[1174]	1788609722879367	9996	2af1668674ff5d94	165f2f27ebea67ef
1788609726150127994	5	499	phase_loop[1175]	1788609722889367	9997	79bb7b8c12d1e21f	165f2f27ebea67ef
1788609726150127994	5	499	phase_loop[1176]	1788609722899368	9995	ea1359138af6ff50	165f2f27ebea67ef
1788609726150127994	5	499	phase_loop[1177]	1788609722909368	9994	f0fff61adfe6d6c5	165f2f27ebea67ef
1788609726150127994	5	499	phase_loop[1178]	1788609722919366	9996	737fe1ad3a4821b4	165f2f27ebea67ef
1788609726150127994	5	499	phase_loop[1179]	1788609722929366	9997	e85f5ce39db77e5e	165f2f27ebea67ef
1788609726150127994	5	499	phase_loop[1180]	1788609722939367	9995	f14bea235cb114c8	165f2f27ebea67ef
1788609726150127994	5	499	phase_loop[1181]	1788609722949367	9996	768e4732d1128c3a	165f2f27ebea67ef
1788609726150127994	5	499	phase_loop[1182]	1788609722959367	9994	dc9854a1c7446d40	165f2f27ebea67ef
1788609726150127994	5	499	phase_loop[1183]	1788609722969366	9998	c811031dc35c9a9e	165f2f27ebea67ef
1788609726150127994	5	499	phase_loop[1184]	1788609722979368	9995	30c1d393de703dc2	165f2f27ebea67ef
1788609726150127994	5	499	phase_loop[1185]	1788609722989367	9996	a1674970999315c6	165f2f27ebea67ef
1788609726150127994	5	499	phase_loop[1186]	1788609722999367	9996	c11e02ed6c214695	165f2f27ebea67ef
1788609726150127994	5	499	phase_loop[1187]	1788609723009367	9995	18c84cd2bfa4e8e0	165f2f27ebea67ef
1788609726150127994	5	499	phase_loop[1188]	1788609723019367	10033	2b00c3f23f641194	165f2f27ebea67ef
1788609726150127994	5	499	phase_loop[1189]	1788609723029405	9959	be5661eac6a04113	165f2f27ebea67ef
1788609726150127994	5	499	phase_loop[1190]	1788609723039370	9994	a98c67e62762399f	165f2f27ebea67ef
1788609726150127994	5	499	phase_loop[1191]	1788609723049369	9995	cd68d90d98f584e7	165f2f27ebea67ef
1788609726150127994	5	499	phase_loop[1192]	1788609723059368	9996	87a3d75adcbd3e34	165f2f27ebea67ef
1788609726150127994	5	499	phase_loop[1193]	1788609723069368	9995	51ee13c13ea3b018	165f2f27ebea67ef
1788609726150127994	5	499	phase_loop[1194]	1788609723079367	9996	da86f0ee0e60dfd6	165f2f27ebea67ef
1788609726150127994	5	499	phase_loop[1195]	1788609723089368	9995	cdaad8504eae8d5f	165f2f27ebea67ef
1788609726150127994	5	499	phase_loop[1196]	1788609723099367	9997	90c063d519a01590	165f2f27ebea67ef
1788609726150127994	5	499	phase_loop[1197]	1788609723109368	9994	05b6d44ebc60b209	165f2f27ebea67ef
1788609726150127994	5	499	phase_loop[1198]	1788609723119367	10000	60036cb5b7f02f78	165f2f27ebea67ef
1788609726150127994	5	499	phase_loop[1199]	1788609723129372	9993	fe25e8ba400e5620	165f2f27ebea67ef
1788609726150127994	5	499	phase_loop[1200]	1788609723139370	9992	823fc38809ce5f0b	165f2f27ebea67ef
1788609726150127994	5	499	phase_loop[1201]	1788609723149367	9996	fac9cfe19634adca	165f2f27ebea67ef
1788609726150127994	5	499	phase_loop[1202]	1788609723159367	10001	8b898ea8fcbf10d3	165f2f27ebea67ef
1788609726150127994	5	499	phase_loop[1203]	1788609723169373	9991	98b233163103d552	165f2f27ebea67ef
1788609726150127994	5	499	phase_loop[1204]	1788609723179369	9993	7abc1feca2f9097a	165f2f27ebea67ef
1788609726150127994	5	499	phase_loop[1205]	1788609723189367	9996	6d1d6d45e7c9c78e	165f2f27ebea67ef
1788609726150127994	5	499	phase_loop[1206]	1788609723199367	9997	3612395aad27385d	165f2f27ebea67ef
1788609726150127994	5	499	phase_loop[1207]	1788609723209368	9993	161401c99e914d9a	165f2f27ebea67ef
1788609726150127994	5	499	phase_loop[1208]	1788609723219365	9998	af5994ca8e08f16f	165f2f27ebea67ef
1788609726150127994	5	499	phase_loop[1209]	1788609723229368	9997	a5807e7dc72aff05	165f2f27ebea67ef
1788609726150127994	5	499	phase_loop[1210]	1788609723239368	9994	390cbf2d4212a7d2	165f2f27ebea67ef
1788609726150127994	5	499	phase_loop[1211]	1788609723249367	9996	02444023ae3d6730	165f2f27ebea67ef
1788609726150127994	5	499	phase_loop[1212]	1788609723259367	9997	78be4fb396f0b676	165f2f27ebea67ef
1788609726150127994	5	499	phase_loop[1213]	1788609723269369	9996	81bf6b97d0f56d1d	165f2f27ebea67ef
1788609726150127994	5	499	phase_loop[1214]	1788609723279368	9994	05711968805a111a	165f2f27ebea67ef
1788609726150127994	5	499	phase_loop[1215]	1788609723289366	9997	229e9de547d336e4	165f2f27ebea67ef
1788609726150127994	5	499	phase_loop[1216]	1788609723299367	9997	c9bcadee5e408189	165f2f27ebea67ef
1788609726150127994	5	499	phase_loop[1217]	1788609723309368	9997	4934e2d912004df1	165f2f27ebea67ef
1788609726150127994	5	499	phase_loop[1218]	1788609723319369	9995	8fdd344d8f4b3297	165f2f27ebea67ef
1788609726150127994	5	499	phase_loop[1219]	1788609723329369	9994	831021e31f1710ab	165f2f27ebea67ef
1788609726150127994	5	499	phase_loop[1220]	1788609723339367	9995	48fc79b915f176cb	165f2f27ebea67ef
1788609726150127994	5	499	phase_loop[1221]	1788609723349367	10029	0f4fc0d21cdb54b0	165f2f27ebea67ef
1788609726150127994	5	499	phase_loop[1222]	1788609723359400	9964	ed6e833438eac239	165f2f27ebea67ef
1788609726150127994	5	499	phase_loop[1223]	1788609723369369	9994	83fc0a22fcbd03d8	165f2f27ebea67ef
1788609726150127994	5	499	phase_loop[1224]	1788609723379368	9995	94663eca65ba25c2	165f2f27ebea67ef
1788609726150127994	5	499	phase_loop[1225]	1788609723389368	9997	87d8ffce1afad0e7	165f2f27ebea67ef
1788609726150127994	5	499	phase_loop[1226]	1788609723399369	9994	6f6007a44b62d062	165f2f27ebea67ef
1788609726150127994	5	499	phase_loop[1227]	1788609723409368	9994	8f5198601103b7a8	165f2f27ebea67ef
1788609726150127994	5	499	phase_loop[1228]	1788609723419366	9998	e99ee1299f61c80f	165f2f27ebea67ef
1788609726150127994	5	499	phase_loop[1229]	1788609723429368	9994	49b26402b912e2be	165f2f27ebea67ef
1788609726150127994	5	499	phase_loop[1230]	1788609723439367	9997	aee823003acfd0e1	165f2f27ebea67ef
1788609726150127994	5	499	phase_loop[1231]	1788609723449368	9996	273683f748c06d7f	165f2f27ebea67ef
1788609726150127994	5	499	phase_loop[1232]	1788609723459367	10000	6377e76c6f3d9dfa	165f2f27ebea67ef
1788609726150127994	5	499	phase_loop[1233]	1788609723469374	9990	41074f143dabab61	165f2f27ebea67ef
1788609726150127994	5	499	phase_loop[1234]	1788609723479367	9994	77f15458270f01f0	165f2f27ebea67ef
1788609726150127994	5	499	phase_loop[1235]	1788609723489366	9997	8ad6a455bd7bcfef	165f2f27ebea67ef
1788609726150127994	5	499	phase_loop[1236]	1788609723499368	9995	b9be3f4cb13d826b	165f2f27ebea67ef
1788609726150127994	5	499	phase_loop[1237]	1788609723509367	9994	5171b65e8a5d055b	165f2f27ebea67ef
1788609726150127994	5	499	phase_loop[1238]	1788609723519366	9998	92ce162995dadc04	165f2f27ebea67ef
1788609726150127994	5	499	phase_loop[1239]	1788609723529368	9998	316f3ea72b9be7f6	165f2f27ebea67ef
1788609726150127994	5	499	phase_loop[1240]	1788609723539370	9992	2002a39de73566b7	165f2f27ebea67ef
1788609726150127994	5	499	phase_loop[1241]	1788609723549367	9996	db4689dca5e7998b	165f2f27ebea67ef
1788609726150127994	5	499	phase_loop[1242]	1788609723559366	9998	8a27b0379742e0c8	165f2f27ebea67ef
1788609726150127994	5	499	phase_loop[1243]	1788609723569370	9993	684b74e7f4041508	165f2f27ebea67ef
1788609726150127994	5	499	phase_loop[1244]	1788609723579366	9994	a624b372e1b8d802	165f2f27ebea67ef
1788609726150127994	5	499	phase_loop[1245]	1788609723589365	9998	032b0fc954b23f74	165f2f27ebea67ef
1788609726150127994	5	499	phase_loop[1246]	1788609723599367	9997	7350fdf9e7ee2002	165f2f27ebea67ef
1788609726150127994	5	499	phase_loop[1247]	1788609723609368	9998	c4f19206eff43d5f	165f2f27ebea67ef
1788609726150127994	5	499	phase_loop[1248]	1788609723619370	9993	3865e028cc3b22e9	165f2f27ebea67ef
1788609726150127994	5	499	phase_loop[1249]	1788609723629367	9999	b973087f09095912	165f2f27ebea67ef
1788609726150127994	5	499	phase_loop[1250]	1788609723639371	9992	ff22e89a75ba304f	165f2f27ebea67ef
1788609726150127994	5	499	phase_loop[1251]	1788609723649367	9995	e332eaea456897b9	165f2f27ebea67ef
1788609726150127994	5	499	phase_loop[1252]	1788609723659366	9997	dd8cfc36f2fd38c1	165f2f27ebea67ef
1788609726150127994	5	499	phase_loop[1253]	1788609723669368	9994	03f740b1736b9866	165f2f27ebea67ef
1788609726150127994	5	499	phase_loop[1254]	1788609723679366	10031	2583c1677013739e	165f2f27ebea67ef
1788609726150127994	5	499	phase_loop[1255]	1788609723689402	9963	12cc44bc26fef379	165f2f27ebea67ef
1788609726150127994	5	499	phase_loop[1256]	1788609723699369	9993	df324f2d1d213533	165f2f27ebea67ef
1788609726150127994	5	499	phase_loop[1257]	1788609723709368	9995	224a04d5f40ddfc7	165f2f27ebea67ef
1788609726150127994	5	499	phase_loop[1258]	1788609723719366	9997	1f8bd655d6735107	165f2f27ebea67ef
1788609726150127994	5	499	phase_loop[1259]	1788609723729368	9996	e557873abfcedc58	165f2f27ebea67ef
1788609726150127994	5	499	phase_loop[1260]	1788609723739368	9995	94ffdefd22805e38	165f2f27ebea67ef
1788609726150127994	5	499	phase_loop[1261]	1788609723749367	9997	a5014efb5159a37f	165f2f27ebea67ef
1788609726150127994	5	499	phase_loop[1262]	1788609723759368	9998	b2bc76ac2fcec334	165f2f27ebea67ef
1788609726150127994	5	499	phase_loop[1263]	1788609723769372	9992	d1b64f56d63a221e	165f2f27ebea67ef
1788609726150127994	5	499	phase_loop[1264]	1788609723779367	9995	faa80ba181828411	165f2f27ebea67ef
1788609726150127994	5	499	phase_loop[1265]	1788609723789368	10001	9a1b4efd7f438d86	165f2f27ebea67ef
1788609726150127994	5	499	phase_loop[1266]	1788609723799372	9990	fe446f35dd2f5b35	165f2f27ebea67ef
1788609726150127994	5	499	phase_loop[1267]	1788609723809367	9995	5be973f41f60ce6e	165f2f27ebea67ef
1788609726150127994	5	499	phase_loop[1268]	1788609723819365	9998	22d74c6fca83ed68	165f2f27ebea67ef
1788609726150127994	5	499	phase_loop[1269]	1788609723829368	9994	20ffa1ab501e79ea	165f2f27ebea67ef
1788609726150127994	5	499	phase_loop[1270]	1788609723839367	9995	2f62f587253b8a5c	165f2f27ebea67ef
1788609726150127994	5	499	phase_loop[1271]	1788609723849367	9996	b6a29dbea0d4ce4a	165f2f27ebea67ef
1788609726150127994	5	499	phase_loop[1272]	1788609723859367	9997	bfed8e24639c0853	165f2f27ebea67ef
1788609726150127994	5	499	phase_loop[1273]	1788609723869369	9993	6935b72bf3fedc19	165f2f27ebea67ef
1788609726150127994	5	499	phase_loop[1274]	1788609723879366	9997	d004bbcedd104a09	165f2f27ebea67ef
1788609726150127994	5	499	phase_loop[1275]	1788609723889368	9996	42fac0642c200369	165f2f27ebea67ef
1788609726150127994	5	499	phase_loop[1276]	1788609723899368	9995	811b108bf97dd1ce	165f2f27ebea67ef
1788609726150127994	5	499	phase_loop[1277]	1788609723909368	9996	7ce705ce74cd0070	165f2f27ebea67ef
1788609726150127994	5	499	phase_loop[1278]	1788609723919367	9996	a436ce1a3a356684	165f2f27ebea67ef
1788609726150127994	5	499	phase_loop[1279]	1788609723929367	9996	898a7eb0df43ead0	165f2f27ebea67ef
1788609726150127994	5	499	phase_loop[1280]	1788609723939367	9996	b8a6d47ce1ab9e51	165f2f27ebea67ef
1788609726150127994	5	499	phase_loop[1281]	1788609723949368	9995	8ea98c5798d71c56	165f2f27ebea67ef
1788609726150127994	5	499	phase_loop[1282]	1788609723959366	9998	b6a96fa10fc2bcd3	165f2f27ebea67ef
1788609726150127994	5	499	phase_loop[1283]	1788609723969368	9994	ce33aa5ed71b0caa	165f2f27ebea67ef
1788609726150127994	5	499	phase_loop[1284]	1788609723979366	9997	90d95724d8ff7ece	165f2f27ebea67ef
1788609726150127994	5	499	phase_loop[1285]	1788609723989367	9996	e60e1c92ba05c2f7	165f2f27ebea67ef
1788609726150127994	5	499	phase_loop[1286]	1788609723999367	9998	771b8d7c7a50554d	165f2f27ebea67ef
1788609726150127994	5	499	phase_loop[1287]	1788609724009369	10026	560ac01151493c74	165f2f27ebea67ef
1788609726150127994	5	499	phase_loop[1288]	1788609724019400	9963	8aa18ee272bc2068	165f2f27ebea67ef
1788609726150127994	5	499	phase_loop[1289]	1788609724029368	9995	5694f47555ad5b9b	165f2f27ebea67ef
1788609726150127994	5	499	phase_loop[1290]	1788609724039367	9996	ca71deb239228c6b	165f2f27ebea67ef
1788609726150127994	5	499	phase_loop[1291]	1788609724049367	9995	54ee56782276757d	165f2f27ebea67ef
1788609726150127994	5	499	phase_loop[1292]	1788609724059366	9997	c795853d93e8002d	165f2f27ebea67ef
1788609726150127994	5	499	phase_loop[1293]	1788609724069368	9994	46a535d3526647e0	165f2f27ebea67ef
1788609726150127994	5	499	phase_loop[1294]	1788609724079366	10001	0158061d3fe2a428	165f2f27ebea67ef
1788609726150127994	5	499	phase_loop[1295]	1788609724089371	9993	1dbe597dddfbc7fe	165f2f27ebea67ef
1788609726150127994	5	499	phase_loop[1296]	1788609724099368	9995	56da8eb4043ab4b6	165f2f27ebea67ef
1788609726150127994	5	499	phase_loop[1297]	1788609724109367	9994	85f146aac7ff2ce8	165f2f27ebea67ef
1788609726150127994	5	499	phase_loop[1298]	1788609724119365	9999	fd245363a508541f	165f2f27ebea67ef
1788609726150127994	5	499	phase_loop[1299]	1788609724129368	9995	785cc82074741195	165f2f27ebea67ef
1788609726150127994	5	499	phase_loop[1300]	1788609724139367	9995	5b24b228349c0b57	165f2f27ebea67ef
1788609726150127994	5	499	phase_loop[1301]	1788609724149367	9998	8c8735e0fab6ea07	165f2f27ebea67ef
1788609726150127994	5	499	phase_loop[1302]	1788609724159369	9995	d89d41f1660acb96	165f2f27ebea67ef
1788609726150127994	5	499	phase_loop[1303]	1788609724169369	9993	d71aaa275b2a500b	165f2f27ebea67ef
1788609726150127994	5	499	phase_loop[1304]	1788609724179366	9997	32ee36893550de69	165f2f27ebea67ef
1788609726150127994	5	499	phase_loop[1305]	1788609724189367	10010	0d7cdc7d30fff98c	165f2f27ebea67ef
1788609726150127994	5	499	phase_loop[1306]	1788609724199381	9982	9faf03be091c57fe	165f2f27ebea67ef
1788609726150127994	5	499	phase_loop[1307]	1788609724209367	9995	8cf6766ac5159ccc	165f2f27ebea67ef
1788609726150127994	5	499	phase_loop[1308]	1788609724219366	9998	7eb4e1b02406a6d9	165f2f27ebea67ef
1788609726150127994	5	499	phase_loop[1309]	1788609724229369	9995	9b88e493200c39d8	165f2f27ebea67ef
1788609726150127994	5	499	phase_loop[1310]	1788609724239368	9993	fb635a742875289c	165f2f27ebea67ef
1788609726150127994	5	499	phase_loop[1311]	1788609724249367	9997	37f2c923a08635f4	165f2f27ebea67ef
1788609726150127994	5	499	phase_loop[1312]	1788609724259367	9998	e29e9e2341f0466c	165f2f27ebea67ef
1788609726150127994	5	499	phase_loop[1313]	1788609724269370	9996	0b9d0be59d425fe8	165f2f27ebea67ef
1788609726150127994	5	499	phase_loop[1314]	1788609724279370	9993	0aab9b03ed88c61b	165f2f27ebea67ef
1788609726150127994	5	499	phase_loop[1315]	1788609724289368	9998	b0ff1c40ae6f6164	165f2f27ebea67ef
1788609726150127994	5	499	phase_loop[1316]	1788609724299370	9993	a4e320c088660cff	165f2f27ebea67ef
1788609726150127994	5	499	phase_loop[1317]	1788609724309368	9994	5249f31daf1acbc3	165f2f27ebea67ef
1788609726150127994	5	499	phase_loop[1318]	1788609724319366	9996	ef272901db491ef8	165f2f27ebea67ef
1788609726150127994	5	499	phase_loop[1319]	1788609724329367	9997	0399f3d89c27c0ec	165f2f27ebea67ef
1788609726150127994	5	499	phase_loop[1320]	1788609724339368	10027	a9cf18bd27462152	165f2f27ebea67ef
1788609726150127994	5	499	phase_loop[1321]	1788609724349400	9965	754c2fb15fa0ed1a	165f2f27ebea67ef
1788609726150127994	5	499	phase_loop[1322]	1788609724359369	9995	91f22d97328ca973	165f2f27ebea67ef
1788609726150127994	5	499	phase_loop[1323]	1788609724369369	9994	8071953cea2f232a	165f2f27ebea67ef
1788609726150127994	5	499	phase_loop[1324]	1788609724379367	9996	5c5055de9dc564c1	165f2f27ebea67ef
1788609726150127994	5	499	phase_loop[1325]	1788609724389368	9997	e5b7d6d7a2a860a0	165f2f27ebea67ef
1788609726150127994	5	499	phase_loop[1326]	1788609724399368	9995	a0e1b1391557cccf	165f2f27ebea67ef
1788609726150127994	5	499	phase_loop[1327]	1788609724409368	9995	faed45ad3690d7bd	165f2f27ebea67ef
1788609726150127994	5	499	phase_loop[1328]	1788609724419367	9998	ec4e94d66e7cafd7	165f2f27ebea67ef
1788609726150127994	5	499	phase_loop[1329]	1788609724429369	9996	8ddccb10947c9e40	165f2f27ebea67ef
1788609726150127994	5	499	phase_loop[1330]	1788609724439369	9995	9f5f7a4bee52c4b1	165f2f27ebea67ef
1788609726150127994	5	499	phase_loop[1331]	1788609724449369	9994	da22d7de5e6f2ea3	165f2f27ebea67ef
1788609726150127994	5	499	phase_loop[1332]	1788609724459367	9998	19c83253407ebd6a	165f2f27ebea67ef
1788609726150127994	5	499	phase_loop[1333]	1788609724469370	9992	0c0fcd45c9e01df6	165f2f27ebea67ef
1788609726150127994	5	499	phase_loop[1334]	1788609724479366	9995	87d9df29901ffb6a	165f2f27ebea67ef
1788609726150127994	5	499	phase_loop[1335]	1788609724489366	9998	61cec1853351385a	165f2f27ebea67ef
1788609726150127994	5	499	phase_loop[1336]	1788609724499368	9995	327cc650513398b7	165f2f27ebea67ef
1788609726150127994	5	499	phase_loop[1337]	1788609724509368	9995	46dda7908be2acf6	165f2f27ebea67ef
1788609726150127994	5	499	phase_loop[1338]	1788609724519367	9996	0e1170039286bce7	165f2f27ebea67ef
1788609726150127994	5	499	phase_loop[1339]	1788609724529368	9996	1d1e6c504232583b	165f2f27ebea67ef
1788609726150127994	5	499	phase_loop[1340]	1788609724539368	9994	25d6438b70ca99a0	165f2f27ebea67ef
1788609726150127994	5	499	phase_loop[1341]	1788609724549368	9995	9f9692db38139a7e	165f2f27ebea67ef
1788609726150127994	5	499	phase_loop[1342]	1788609724559368	9997	626308d6835a76a2	165f2f27ebea67ef
1788609726150127994	5	499	phase_loop[1343]	1788609724569370	9995	bf555926f14e4a44	165f2f27ebea67ef
1788609726150127994	5	499	phase_loop[1344]	1788609724579368	9993	a012d4a3d7a9dee3	165f2f27ebea67ef
1788609726150127994	5	499	phase_loop[1345]	1788609724589367	9996	dcc723f6565c3f26	165f2f27ebea67ef
1788609726150127994	5	499	phase_loop[1346]	1788609724599367	9997	0ef9ee577dc48936	165f2f27ebea67ef
1788609726150127994	5	499	phase_loop[1347]	1788609724609369	9994	00e0b437bc69c765	165f2f27ebea67ef
1788609726150127994	5	499	phase_loop[1348]	1788609724619366	9997	8fe46600a7b09169	165f2f27ebea67ef
1788609726150127994	5	499	phase_loop[1349]	1788609724629368	9996	e70aac4c4eaaede5	165f2f27ebea67ef
1788609726150127994	5	499	phase_loop[1350]	1788609724639368	9995	a20ec7fea008dcf8	165f2f27ebea67ef
1788609726150127994	5	499	phase_loop[1351]	1788609724649368	9995	194bb559b6b8f739	165f2f27ebea67ef
1788609726150127994	5	499	phase_loop[1352]	1788609724659367	9998	ba32703e5c279c10	165f2f27ebea67ef
1788609726150127994	5	499	phase_loop[1353]	1788609724669370	10036	165c11306456bd79	165f2f27ebea67ef
1788609726150127994	5	499	phase_loop[1354]	1788609724679410	9954	b87052698f9800b7	165f2f27ebea67ef
1788609726150127994	5	499	phase_loop[1355]	1788609724689370	9994	8c0e0ae2940c2b8b	165f2f27ebea67ef
1788609726150127994	5	499	phase_loop[1356]	1788609724699368	9995	97fd083b7bc9bd8b	165f2f27ebea67ef
1788609726150127994	5	499	phase_loop[1357]	1788609724709368	9993	6f4cb570f1e4c1b5	165f2f27ebea67ef
1788609726150127994	5	499	phase_loop[1358]	1788609724719365	10000	09204087c6ba6a00	165f2f27ebea67ef
1788609726150127994	5	499	phase_loop[1359]	1788609724729370	9994	8cb2bacbdb0fe3d0	165f2f27ebea67ef
1788609726150127994	5	499	phase_loop[1360]	1788609724739368	9995	6044e36d3926346b	165f2f27ebea67ef
1788609726150127994	5	499	phase_loop[1361]	1788609724749368	9995	f030ff9eea4bfb8d	165f2f27ebea67ef
1788609726150127994	5	499	phase_loop[1362]	1788609724759367	9999	24566b577deb0ffe	165f2f27ebea67ef
1788609726150127994	5	499	phase_loop[1363]	1788609724769371	9991	6091916520e4a482	165f2f27ebea67ef
1788609726150127994	5	499	phase_loop[1364]	1788609724779366	9995	f76e7ea16155dfc7	165f2f27ebea67ef
1788609726150127994	5	499	phase_loop[1365]	1788609724789366	9999	c08f7495f5dd8833	165f2f27ebea67ef
1788609726150127994	5	499	phase_loop[1366]	1788609724799369	9995	24ec60d0bb44b9da	165f2f27ebea67ef
1788609726150127994	5	499	phase_loop[1367]	1788609724809368	9995	356ef2c8ebd659a6	165f2f27ebea67ef
1788609726150127994	5	499	phase_loop[1368]	1788609724819368	9995	b924604812827829	165f2f27ebea67ef
1788609726150127994	5	499	phase_loop[1369]	1788609724829367	9997	bcd8678eae5b37fd	165f2f27ebea67ef
1788609726150127994	5	499	phase_loop[1370]	1788609724839368	9993	994a5ab3a3e71ac2	165f2f27ebea67ef
1788609726150127994	5	499	phase_loop[1371]	1788609724849366	9997	cc33a119b3529e6d	165f2f27ebea67ef
1788609726150127994	5	499	phase_loop[1372]	1788609724859367	9996	f10eb66567c2dcfd	165f2f27ebea67ef
1788609726150127994	5	499	phase_loop[1373]	1788609724869367	9997	6ebfcc207215b039	165f2f27ebea67ef
1788609726150127994	5	499	phase_loop[1374]	1788609724879368	9997	66de446e0497c027	165f2f27ebea67ef
1788609726150127994	5	499	phase_loop[1375]	1788609724889370	9995	efa754420f290083	165f2f27ebea67ef
1788609726150127994	5	499	phase_loop[1376]	1788609724899370	9995	07ceb70d799b08e1	165f2f27ebea67ef
1788609726150127994	5	499	phase_loop[1377]	1788609724909370	9992	4da5c97e8d2ea913	165f2f27ebea67ef
1788609726150127994	5	499	phase_loop[1378]	1788609724919366	9998	8cf867a2e5e3ee6d	165f2f27ebea67ef
1788609726150127994	5	499	phase_loop[1379]	1788609724929369	9995	87eeb63ed8b68417	165f2f27ebea67ef
1788609726150127994	5	499	phase_loop[1380]	1788609724939368	9995	2d947140b86eccb7	165f2f27ebea67ef
1788609726150127994	5	499	phase_loop[1381]	1788609724949369	9993	5ddd9d0492332924	165f2f27ebea67ef
1788609726150127994	5	499	phase_loop[1382]	1788609724959366	9997	bb81fa81119e7dc8	165f2f27ebea67ef
1788609726150127994	5	499	phase_loop[1383]	1788609724969367	9995	22560964edc85a6b	165f2f27ebea67ef
1788609726150127994	5	499	phase_loop[1384]	1788609724979366	9996	c427457beb4b98ab	165f2f27ebea67ef
1788609726150127994	5	499	phase_loop[1385]	1788609724989366	9999	7da641939283cbb2	165f2f27ebea67ef
1788609726150127994	5	499	phase_loop[1386]	1788609724999369	10027	b0e09f4e0bf3defb	165f2f27ebea67ef
1788609726150127994	5	499	phase_loop[1387]	1788609725009402	9961	5d135a753a5c4c8f	165f2f27ebea67ef
1788609726150127994	5	499	phase_loop[1388]	1788609725019367	9996	7cb6412c2eea552d	165f2f27ebea67ef
1788609726150127994	5	499	phase_loop[1389]	1788609725029368	9996	e18f0cda0f827243	165f2f27ebea67ef
1788609726150127994	5	499	phase_loop[1390]	1788609725039368	9998	4af6bbe4d4552777	165f2f27ebea67ef
1788609726150127994	5	499	phase_loop[1391]	1788609725049372	9992	63c02f301b53263e	165f2f27ebea67ef
1788609726150127994	5	499	phase_loop[1392]	1788609725059368	9999	87fcef52c34df160	165f2f27ebea67ef
1788609726150127994	5	499	phase_loop[1393]	1788609725069373	9988	140c44a789005395	165f2f27ebea67ef
1788609726150127994	5	499	phase_loop[1394]	1788609725079367	9996	666332a16d0c3a12	165f2f27ebea67ef
1788609726150127994	5	499	phase_loop[1395]	1788609725089368	9997	104f15db805817e4	165f2f27ebea67ef
1788609726150127994	5	499	phase_loop[1396]	1788609725099369	9994	20c673f61cd0cd8a	165f2f27ebea67ef
1788609726150127994	5	499	phase_loop[1397]	1788609725109367	9995	ecd3d52883d82467	165f2f27ebea67ef
1788609726150127994	5	499	phase_loop[1398]	1788609725119367	9996	35eb66aaa2e0d109	165f2f27ebea67ef
1788609726150127994	5	499	phase_loop[1399]	1788609725129367	9996	93a99a9ee9ba4465	165f2f27ebea67ef
1788609726150127994	5	499	phase_loop[1400]	1788609725139368	9994	dbf418816e01a40e	165f2f27ebea67ef
1788609726150127994	5	499	phase_loop[1401]	1788609725149367	9997	a23c5026a5e58f2d	165f2f27ebea67ef
1788609726150127994	5	499	phase_loop[1402]	1788609725159367	9998	f5d2b2ccbdbaabe7	165f2f27ebea67ef
1788609726150127994	5	499	phase_loop[1403]	1788609725169370	9993	16abd613366de667	165f2f27ebea67ef
1788609726150127994	5	499	phase_loop[1404]	1788609725179367	9996	0467db5bba3961e1	165f2f27ebea67ef
1788609726150127994	5	499	phase_loop[1405]	1788609725189367	9999	153e25d3c3c3741c	165f2f27ebea67ef
1788609726150127994	5	499	phase_loop[1406]	1788609725199370	9993	3bf55c056b274196	165f2f27ebea67ef
1788609726150127994	5	499	phase_loop[1407]	1788609725209368	9994	12762434e6cfe3db	165f2f27ebea67ef
1788609726150127994	5	499	phase_loop[1408]	1788609725219366	9996	dd45a3fbd11128d8	165f2f27ebea67ef
1788609726150127994	5	499	phase_loop[1409]	1788609725229367	9997	26accc79cf473ae7	165f2f27ebea67ef
1788609726150127994	5	499	phase_loop[1410]	1788609725239368	9995	d3eeaf4ca68d10f6	165f2f27ebea67ef
1788609726150127994	5	499	phase_loop[1411]	1788609725249368	9996	301eeb17d1e318f7	165f2f27ebea67ef
1788609726150127994	5	499	phase_loop[1412]	1788609725259368	9996	e94bcab1cfac32d4	165f2f27ebea67ef
1788609726150127994	5	499	phase_loop[1413]	1788609725269369	9993	48a2672967c2ad0c	165f2f27ebea67ef
1788609726150127994	5	499	phase_loop[1414]	1788609725279366	9996	a7d7c0c51b3ed6ef	165f2f27ebea67ef
1788609726150127994	5	499	phase_loop[1415]	1788609725289366	9998	e6be4c4ee2ffbb0f	165f2f27ebea67ef
1788609726150127994	5	499	phase_loop[1416]	1788609725299368	9996	f1f7c3893f100b32	165f2f27ebea67ef
1788609726150127994	5	499	phase_loop[1417]	1788609725309368	9994	6042b48ab676f710	165f2f27ebea67ef
1788609726150127994	5	499	phase_loop[1418]	1788609725319366	9996	8cb92be9bc3115bf	165f2f27ebea67ef
1788609726150127994	5	499	phase_loop[1419]	1788609725329367	10035	c142548033868bd1	165f2f27ebea67ef
1788609726150127994	5	499	phase_loop[1420]	1788609725339407	9958	40341683151be770	165f2f27ebea67ef
1788609726150127994	5	499	phase_loop[1421]	1788609725349370	9992	4974a5fbbbcb1885	165f2f27ebea67ef
1788609726150127994	5	499	phase_loop[1422]	1788609725359367	9997	3f814cb1871e747f	165f2f27ebea67ef
1788609726150127994	5	499	phase_loop[1423]	1788609725369370	9992	19bb30a69499541c	165f2f27ebea67ef
1788609726150127994	5	499	phase_loop[1424]	1788609725379366	9997	586f7301cbae3560	165f2f27ebea67ef
1788609726150127994	5	499	phase_loop[1425]	1788609725389368	9994	672212d2e1dbedfd	165f2f27ebea67ef
1788609726150127994	5	499	phase_loop[1426]	1788609725399367	9997	2c5d5f0842433740	165f2f27ebea67ef
1788609726150127994	5	499	phase_loop[1427]	1788609725409369	9995	286d53bd02697051	165f2f27ebea67ef
1788609726150127994	5	499	phase_loop[1428]	1788609725419368	9996	d3ff23e8ea0535b2	165f2f27ebea67ef
1788609726150127994	5	499	phase_loop[1429]	1788609725429368	9995	0f96e55efae9a1df	165f2f27ebea67ef
1788609726150127994	5	499	phase_loop[1430]	1788609725439368	9996	9ab0deabf106f978	165f2f27ebea67ef
1788609726150127994	5	499	phase_loop[1431]	1788609725449368	9996	47f22c43c8a1279e	165f2f27ebea67ef
1788609726150127994	5	499	phase_loop[1432]	1788609725459368	9995	2e4639a303ac0c9c	165f2f27ebea67ef
1788609726150127994	5	499	phase_loop[1433]	1788609725469368	9995	49a3f9671ad0c461	165f2f27ebea67ef
1788609726150127994	5	499	phase_loop[1434]	1788609725479368	9994	2ed99ccf84cd67c7	165f2f27ebea67ef
1788609726150127994	5	499	phase_loop[1435]	1788609725489367	9996	767c2d0893f25e57	165f2f27ebea67ef
1788609726150127994	5	499	phase_loop[1436]	1788609725499367	9995	69544bbb26344fdc	165f2f27ebea67ef
1788609726150127994	5	499	phase_loop[1437]	1788609725509367	9996	e54735722e456cd2	165f2f27ebea67ef
1788609726150127994	5	499	phase_loop[1438]	1788609725519367	9995	62de30fed75dbaa1	165f2f27ebea67ef
1788609726150127994	5	499	phase_loop[1439]	1788609725529367	9998	49d4bd88be198b76	165f2f27ebea67ef
1788609726150127994	5	499	phase_loop[1440]	1788609725539369	9994	3a2d737f0685cfb8	165f2f27ebea67ef
1788609726150127994	5	499	phase_loop[1441]	1788609725549368	9999	5ce7bd3e59b67ce1	165f2f27ebea67ef
1788609726150127994	5	499	phase_loop[1442]	1788609725559372	9991	f982479bd98d6dab	165f2f27ebea67ef
1788609726150127994	5	499	phase_loop[1443]	1788609725569369	9995	64997fdc3a134ef6	165f2f27ebea67ef
1788609726150127994	5	499	phase_loop[1444]	1788609725579369	9993	26cbb288cf091336	165f2f27ebea67ef
1788609726150127994	5	499	phase_loop[1445]	1788609725589366	9997	6ce6044ba65a2f1e	165f2f27ebea67ef
1788609726150127994	5	499	phase_loop[1446]	1788609725599368	9996	8fa404bc0d28d8c0	165f2f27ebea67ef
1788609726150127994	5	499	phase_loop[1447]	1788609725609369	9993	6439ff42785783cf	165f2f27ebea67ef
1788609726150127994	5	499	phase_loop[1448]	1788609725619366	9997	b074223f9c4ee509	165f2f27ebea67ef
1788609726150127994	5	499	phase_loop[1449]	1788609725629368	9996	eddd498df59b83fe	165f2f27ebea67ef
1788609726150127994	5	499	phase_loop[1450]	1788609725639368	9996	a88acb27a5567ea2	165f2f27ebea67ef
1788609726150127994	5	499	phase_loop[1451]	1788609725649370	9993	30800940719b436f	165f2f27ebea67ef
1788609726150127994	5	499	phase_loop[1452]	1788609725659367	10049	1231b4032283319e	165f2f27ebea67ef
1788609726150127994	5	499	phase_loop[1453]	1788609725669423	9940	fefba15024f64df6	165f2f27ebea67ef
1788609726150127994	5	499	phase_loop[1454]	1788609725679368	9997	0a9bf1d998931e69	165f2f27ebea67ef
1788609726150127994	5	499	phase_loop[1455]	1788609725689370	9993	4649cbbb9d4fe924	165f2f27ebea67ef
1788609726150127994	5	499	phase_loop[1456]	1788609725699368	9998	eef6d37d226a37b7	165f2f27ebea67ef
1788609726150127994	5	499	phase_loop[1457]	1788609725709370	9992	df5cebdfae5ef060	165f2f27ebea67ef
1788609726150127994	5	499	phase_loop[1458]	1788609725719367	9996	f3bccfc2c1fe7958	165f2f27ebea67ef
1788609726150127994	5	499	phase_loop[1459]	1788609725729367	9995	d257bf67b79ef96e	165f2f27ebea67ef
1788609726150127994	5	499	phase_loop[1460]	1788609725739427	9935	9ee8112ba534a377	165f2f27ebea67ef
1788609726150127994	5	499	phase_loop[1461]	1788609725749367	9996	7435c87bdcac756d	165f2f27ebea67ef
1788609726150127994	5	499	phase_loop[1462]	1788609725759369	9996	a0257c977a00fc67	165f2f27ebea67ef
1788609726150127994	5	499	phase_loop[1463]	1788609725769370	9994	8a6e3409d9ce488c	165f2f27ebea67ef
1788609726150127994	5	499	phase_loop[1464]	1788609725779368	9993	4b4aa754c3bd81f1	165f2f27ebea67ef
1788609726150127994	5	499	phase_loop[1465]	1788609725789367	9997	70a2c40b2afeb4d7	165f2f27ebea67ef
1788609726150127994	5	499	phase_loop[1466]	1788609725799369	9994	2e1bca956e86de03	165f2f27ebea67ef
1788609726150127994	5	499	phase_loop[1467]	1788609725809368	9996	fb910b09f0942327	165f2f27ebea67ef
1788609726150127994	5	499	phase_loop[1468]	1788609725819369	9994	2eb74613b19c91fa	165f2f27ebea67ef
1788609726150127994	5	499	phase_loop[1469]	1788609725829367	9995	aaed5756a5e6684b	165f2f27ebea67ef
1788609726150127994	5	499	phase_loop[1470]	1788609725839368	9995	b52c35ff0fe8400a	165f2f27ebea67ef
1788609726150127994	5	499	phase_loop[1471]	1788609725849367	9995	9f0ffa31356aac70	165f2f27ebea67ef
1788609726150127994	5	499	phase_loop[1472]	1788609725859366	9997	6641cf6d71d46b7e	165f2f27ebea67ef
1788609726150127994	5	499	phase_loop[1473]	1788609725869368	9995	7ed838f7203618f8	165f2f27ebea67ef
1788609726150127994	5	499	phase_loop[1474]	1788609725879367	9995	e61796e67ce66532	165f2f27ebea67ef
1788609726150127994	5	499	phase_loop[1475]	1788609725889367	9996	0783d0a0df61ca0a	165f2f27ebea67ef
1788609726150127994	5	499	phase_loop[1476]	1788609725899368	9995	7d51c6ab5bf68f16	165f2f27ebea67ef
1788609726150127994	5	499	phase_loop[1477]	1788609725909367	9994	376cab60f91815dc	165f2f27ebea67ef
1788609726150127994	5	499	phase_loop[1478]	1788609725919366	9996	471741c51f4a9f5f	165f2f27ebea67ef
1788609726150127994	5	499	phase_loop[1479]	1788609725929367	9996	f373265e31e7d907	165f2f27ebea67ef
1788609726150127994	5	499	phase_loop[1480]	1788609725939368	9994	68b4a40418451d79	165f2f27ebea67ef
1788609726150127994	5	499	phase_loop[1481]	1788609725949366	9996	6f04d95ab4c8d2c8	165f2f27ebea67ef
1788609726150127994	5	499	phase_loop[1482]	1788609725959367	9997	68b541d29b6cb6d3	165f2f27ebea67ef
1788609726150127994	5	499	phase_loop[1483]	1788609725969369	9995	ca092479ba051269	165f2f27ebea67ef
1788609726150127994	5	499	phase_loop[1484]	1788609725979368	9996	cc6f21db8aff56e7	165f2f27ebea67ef
1788609726150127994	5	499	phase_loop[1485]	1788609725989368	10032	6ea9a13ef0dc005c	165f2f27ebea67ef
1788609726150127994	5	499	phase_loop[1486]	1788609725999405	9962	f4bc1c19ac553fbf	165f2f27ebea67ef
1788609726150127994	5	499	phase_loop[1487]	1788609726009372	9990	99230268f8e325eb	165f2f27ebea67ef
1788609726150127994	5	499	phase_loop[1488]	1788609726019367	9994	32526288047a13fe	165f2f27ebea67ef
1788609726150127994	5	499	phase_loop[1489]	1788609726029366	9997	e815ba5be3e8b916	165f2f27ebea67ef
1788609726150127994	5	499	phase_loop[1490]	1788609726039367	9997	2c3d3100a7c27211	165f2f27ebea67ef
1788609726150127994	5	499	phase_loop[1491]	1788609726049368	9994	45c535afc8ea6a4d	165f2f27ebea67ef
1788609726150127994	5	499	phase_loop[1492]	1788609726059367	9995	67bbafcd27cb7708	165f2f27ebea67ef
1788609726150127994	5	499	phase_loop[1493]	1788609726069366	9996	67f7168fc6d6a455	165f2f27ebea67ef
1788609726150127994	5	499	phase_loop[1494]	1788609726079367	9995	185b28bbd0c153a1	165f2f27ebea67ef
1788609726150127994	5	499	phase_loop[1495]	1788609726089366	10041	1d5d6c55224dd7a8	165f2f27ebea67ef
1788609726150127994	5	499	phase_loop[1496]	1788609726099412	9952	1cc5ff1c51e2e6ae	165f2f27ebea67ef
1788609726150127994	5	499	phase_loop[1497]	1788609726109382	9981	42e5e39173135956	165f2f27ebea67ef
1788609726150127994	5	499	phase_loop[1498]	1788609726119378	9985	6df2c56c40b64350	165f2f27ebea67ef
1788609726150127994	5	499	phase_loop[1499]	1788609726129378	9985	5b295192ff98b93f	165f2f27ebea67ef
1788609726162428178	6	1	phase_loop[1500]	1788609726139368	9996	e671045c8d8c6ecf	165f2f27ebea67ef
1788609726164021773	7	1	phase_loop[1501]	1788609726149370	9996	a9cda32733acfe0e	165f2f27ebea67ef
1788609731150705124	8	499	phase_loop[1502]	1788609726159370	9996	55402f85831dbe16	165f2f27ebea67ef
1788609731150705124	8	499	phase_loop[1503]	1788609726169371	9991	950a63c1091554ee	165f2f27ebea67ef
1788609731150705124	8	499	phase_loop[1504]	1788609726179367	9995	ac4deb543e665b19	165f2f27ebea67ef
1788609731150705124	8	499	phase_loop[1505]	1788609726189367	9996	473d264af84fe6b3	165f2f27ebea67ef
1788609731150705124	8	499	phase_loop[1506]	1788609726199367	9997	549bb4b05f5f717b	165f2f27ebea67ef
1788609731150705124	8	499	phase_loop[1507]	1788609726209369	9994	fafa09a968c86dc3	165f2f27ebea67ef
1788609731150705124	8	499	phase_loop[1508]	1788609726219367	9998	603a686efc24c4f7	165f2f27ebea67ef
1788609731150705124	8	499	phase_loop[1509]	1788609726229370	9995	1c9816ca87dbf9ff	165f2f27ebea67ef
1788609731150705124	8	499	phase_loop[1510]	1788609726239370	9993	f3c8f90ce2a60a8a	165f2f27ebea67ef
1788609731150705124	8	499	phase_loop[1511]	1788609726249368	9994	9682eec204d935b6	165f2f27ebea67ef
1788609731150705124	8	499	phase_loop[1512]	1788609726259367	9996	03badc15c9a328db	165f2f27ebea67ef
1788609731150705124	8	499	phase_loop[1513]	1788609726269368	9994	c8a307b92d2a4fab	165f2f27ebea67ef
1788609731150705124	8	499	phase_loop[1514]	1788609726279368	9996	38547f3cae58bb34	165f2f27ebea67ef
1788609731150705124	8	499	phase_loop[1515]	1788609726289368	9995	56f67fc4895f0e9a	165f2f27ebea67ef
1788609731150705124	8	499	phase_loop[1516]	1788609726299368	9998	66b46e7f4e36313a	165f2f27ebea67ef
1788609731150705124	8	499	phase_loop[1517]	1788609726309370	9993	82ca9a134244ff64	165f2f27ebea67ef
1788609731150705124	8	499	phase_loop[1518]	1788609726319367	10024	326be208daf48d01	165f2f27ebea67ef
1788609731150705124	8	499	phase_loop[1519]	1788609726329395	9967	6e9a30a4d45fa87d	165f2f27ebea67ef
1788609731150705124	8	499	phase_loop[1520]	1788609726339368	9999	7c7aeedffccb0419	165f2f27ebea67ef
1788609731150705124	8	499	phase_loop[1521]	1788609726349371	9993	f0f3d94851960a85	165f2f27ebea67ef
1788609731150705124	8	499	phase_loop[1522]	1788609726359369	9995	d023ea13b8c1756a	165f2f27ebea67ef
1788609731150705124	8	499	phase_loop[1523]	1788609726369369	9993	c43faf90c292b12d	165f2f27ebea67ef
1788609731150705124	8	499	phase_loop[1524]	1788609726379368	9994	b556754490bb252f	165f2f27ebea67ef
1788609731150705124	8	499	phase_loop[1525]	1788609726389367	9995	c152c86ac5bcbbe2	165f2f27ebea67ef
1788609731150705124	8	499	phase_loop[1526]	1788609726399367	9995	563a373d5823746b	165f2f27ebea67ef
1788609731150705124	8	499	phase_loop[1527]	1788609726409368	9994	7a307f71376ceb2b	165f2f27ebea67ef
1788609731150705124	8	499	phase_loop[1528]	1788609726419367	9996	93d895a90084186c	165f2f27ebea67ef
1788609731150705124	8	499	phase_loop[1529]	1788609726429368	9998	de7f654f7c6fee1b	165f2f27ebea67ef
1788609731150705124	8	499	phase_loop[1530]	1788609726439371	9992	fe13c2cddb047faf	165f2f27ebea67ef
1788609731150705124	8	499	phase_loop[1531]	1788609726449368	9996	5c8ff9bd127b6855	165f2f27ebea67ef
1788609731150705124	8	499	phase_loop[1532]	1788609726459369	9995	4041f13033d832db	165f2f27ebea67ef
1788609731150705124	8	499	phase_loop[1533]	1788609726469368	9994	f002ca321969e70c	165f2f27ebea67ef
1788609731150705124	8	499	phase_loop[1534]	1788609726479367	9995	97d4a5718d270e26	165f2f27ebea67ef
1788609731150705124	8	499	phase_loop[1535]	1788609726489366	9998	d974206ffd8db14c	165f2f27ebea67ef
1788609731150705124	8	499	phase_loop[1536]	1788609726499369	9995	9d6c45512993483d	165f2f27ebea67ef
1788609731150705124	8	499	phase_loop[1537]	1788609726509369	9997	aaad6241f18c50ee	165f2f27ebea67ef
1788609731150705124	8	499	phase_loop[1538]	1788609726519369	9994	12e598ea50c0a03c	165f2f27ebea67ef
1788609731150705124	8	499	phase_loop[1539]	1788609726529368	9995	a158a9f1fad3f0e6	165f2f27ebea67ef
1788609731150705124	8	499	phase_loop[1540]	1788609726539368	9994	b1a28239c048dbc1	165f2f27ebea67ef
1788609731150705124	8	499	phase_loop[1541]	1788609726549367	9996	2ccc6a3d281a64e1	165f2f27ebea67ef
1788609731150705124	8	499	phase_loop[1542]	1788609726559369	9995	94e13994b581b4ff	165f2f27ebea67ef
1788609731150705124	8	499	phase_loop[1543]	1788609726569368	9994	305e3660a625310a	165f2f27ebea67ef
1788609731150705124	8	499	phase_loop[1544]	1788609726579366	9997	ed5eb468a8b41234	165f2f27ebea67ef
1788609731150705124	8	499	phase_loop[1545]	1788609726589368	9995	97d2f248938811f7	165f2f27ebea67ef
1788609731150705124	8	499	phase_loop[1546]	1788609726599368	9995	57aeece4fb792d8f	165f2f27ebea67ef
1788609731150705124	8	499	phase_loop[1547]	1788609726609368	9993	2520380c6459826c	165f2f27ebea67ef
1788609731150705124	8	499	phase_loop[1548]	1788609726619366	9997	32218c72af1e5fdb	165f2f27ebea67ef
1788609731150705124	8	499	phase_loop[1549]	1788609726629369	9993	5a527b12f41cd534	165f2f27ebea67ef
1788609731150705124	8	499	phase_loop[1550]	1788609726639368	9997	2fe0f0959d51af0f	165f2f27ebea67ef
1788609731150705124	8	499	phase_loop[1551]	1788609726649369	10027	5b7c366a775daf40	165f2f27ebea67ef
1788609731150705124	8	499	phase_loop[1552]	1788609726659402	9966	30ff4ec5b5f794df	165f2f27ebea67ef
1788609731150705124	8	499	phase_loop[1553]	1788609726669374	9988	4350bb224a658ee2	165f2f27ebea67ef
1788609731150705124	8	499	phase_loop[1554]	1788609726679368	9993	e056358da3d3dde5	165f2f27ebea67ef
1788609731150705124	8	499	phase_loop[1555]	1788609726689366	9998	12201cfb818a425a	165f2f27ebea67ef
1788609731150705124	8	499	phase_loop[1556]	1788609726699369	9994	e322801d79fa2206	165f2f27ebea67ef
1788609731150705124	8	499	phase_loop[1557]	1788609726709369	9994	b464e2d46529e56a	165f2f27ebea67ef
1788609731150705124	8	499	phase_loop[1558]	1788609726719367	9995	38c0ee3238943322	165f2f27ebea67ef
1788609731150705124	8	499	phase_loop[1559]	1788609726729367	9995	35803f51fb186d68	165f2f27ebea67ef
1788609731150705124	8	499	phase_loop[1560]	1788609726739368	9996	6ca5fec0f142121a	165f2f27ebea67ef
1788609731150705124	8	499	phase_loop[1561]	1788609726749369	9995	bd522cf8b8c6bc2f	165f2f27ebea67ef
1788609731150705124	8	499	phase_loop[1562]	1788609726759369	9998	23e8a17cfa4ccb7c	165f2f27ebea67ef
1788609731150705124	8	499	phase_loop[1563]	1788609726769372	9991	4021a92d126a8af0	165f2f27ebea67ef
1788609731150705124	8	499	phase_loop[1564]	1788609726779367	9994	172853b756cc7ff0	165f2f27ebea67ef
1788609731150705124	8	499	phase_loop[1565]	1788609726789366	9999	cde67462f14adee8	165f2f27ebea67ef
1788609731150705124	8	499	phase_loop[1566]	1788609726799371	9993	ac18e3fa4610bae2	165f2f27ebea67ef
1788609731150705124	8	499	phase_loop[1567]	1788609726809370	9994	64631fa02ff58e6e	165f2f27ebea67ef
1788609731150705124	8	499	phase_loop[1568]	1788609726819370	9993	d6618c871e3362a8	165f2f27ebea67ef
1788609731150705124	8	499	phase_loop[1569]	1788609726829368	9995	381d8f1d9ba103d1	165f2f27ebea67ef
1788609731150705124	8	499	phase_loop[1570]	1788609726839368	9993	1bb1c200983457b7	165f2f27ebea67ef
1788609731150705124	8	499	phase_loop[1571]	1788609726849367	9996	0cefe8f3bfda08ba	165f2f27ebea67ef
1788609731150705124	8	499	phase_loop[1572]	1788609726859368	9995	89b4d7e01cb5b156	165f2f27ebea67ef
1788609731150705124	8	499	phase_loop[1573]	1788609726869368	9994	7027543fdc138bbc	165f2f27ebea67ef
1788609731150705124	8	499	phase_loop[1574]	1788609726879366	9997	fd7e4dbac7dc88d8	165f2f27ebea67ef
1788609731150705124	8	499	phase_loop[1575]	1788609726889369	9993	2807464dee03dd2d	165f2f27ebea67ef
1788609731150705124	8	499	phase_loop[1576]	1788609726899366	9997	6090f8027849b1b9	165f2f27ebea67ef
1788609731150705124	8	499	phase_loop[1577]	1788609726909368	9994	c6b66f8f17fbca78	165f2f27ebea67ef
1788609731150705124	8	499	phase_loop[1578]	1788609726919367	9996	dc92473f02ea17f3	165f2f27ebea67ef
1788609731150705124	8	499	phase_loop[1579]	1788609726929367	9995	f89d626073bd9406	165f2f27ebea67ef
1788609731150705124	8	499	phase_loop[1580]	1788609726939368	9995	4af1ae2f9bd95c12	165f2f27ebea67ef
1788609731150705124	8	499	phase_loop[1581]	1788609726949368	9995	e33da9cfa4441946	165f2f27ebea67ef
1788609731150705124	8	499	phase_loop[1582]	1788609726959368	9995	1c5c2921c1677401	165f2f27ebea67ef
1788609731150705124	8	499	phase_loop[1583]	1788609726969369	9993	0f1d60a86c38b38d	165f2f27ebea67ef
1788609731150705124	8	499	phase_loop[1584]	1788609726979367	10027	551eec0b5f8dcfeb	165f2f27ebea67ef
1788609731150705124	8	499	phase_loop[1585]	1788609726989399	9966	778131022933498f	165f2f27ebea67ef
1788609731150705124	8	499	phase_loop[1586]	1788609726999371	9993	3e99d291dae0e3d4	165f2f27ebea67ef
1788609731150705124	8	499	phase_loop[1587]	1788609727009370	9994	6329f5b281931bf9	165f2f27ebea67ef
1788609731150705124	8	499	phase_loop[1588]	1788609727019369	9995	0f186b43832381a8	165f2f27ebea67ef
1788609731150705124	8	499	phase_loop[1589]	1788609727029369	9994	c4b64153502e8cf0	165f2f27ebea67ef
1788609731150705124	8	499	phase_loop[1590]	1788609727039369	9993	8a59523fd1957105	165f2f27ebea67ef
1788609731150705124	8	499	phase_loop[1591]	1788609727049367	9995	1303b163cd5117dd	165f2f27ebea67ef
1788609731150705124	8	499	phase_loop[1592]	1788609727059367	9997	33d5b74d911b06ef	165f2f27ebea67ef
1788609731150705124	8	499	phase_loop[1593]	1788609727069370	9993	963fea85746f41eb	165f2f27ebea67ef
1788609731150705124	8	499	phase_loop[1594]	1788609727079368	9994	8526e1eb461b1235	165f2f27ebea67ef
1788609731150705124	8	499	phase_loop[1595]	1788609727089367	9995	5c9f492361be6d07	165f2f27ebea67ef
1788609731150705124	8	499	phase_loop[1596]	1788609727099367	9996	974fb7ba9c7bd1f5	165f2f27ebea67ef
1788609731150705124	8	499	phase_loop[1597]	1788609727109369	9996	ff32b5a7293af5c1	165f2f27ebea67ef
1788609731150705124	8	499	phase_loop[1598]	1788609727119370	9993	16010d11ec41e181	165f2f27ebea67ef
1788609731150705124	8	499	phase_loop[1599]	1788609727129368	9996	2ebd8dfb96d797ab	165f2f27ebea67ef
1788609731150705124	8	499	phase_loop[1600]	1788609727139369	9992	5c94b9271bd5bd33	165f2f27ebea67ef
1788609731150705124	8	499	phase_loop[1601]	1788609727149367	9997	53e67cf489ceab53	165f2f27ebea67ef
1788609731150705124	8	499	phase_loop[1602]	1788609727159368	9996	4568b223ca1182a9	165f2f27ebea67ef
1788609731150705124	8	499	phase_loop[1603]	1788609727169369	9993	26b7d4242c42d828	165f2f27ebea67ef
1788609731150705124	8	499	phase_loop[1604]	1788609727179366	9996	f136d0cc317d74f4	165f2f27ebea67ef
1788609731150705124	8	499	phase_loop[1605]	1788609727189368	9995	424cf757cb5d82dd	165f2f27ebea67ef
1788609731150705124	8	499	phase_loop[1606]	1788609727199368	9996	a79bb96145df238e	165f2f27ebea67ef
1788609731150705124	8	499	phase_loop[1607]	1788609727209369	9993	8d0db55bab4fad0e	165f2f27ebea67ef
1788609731150705124	8	499	phase_loop[1608]	1788609727219367	9996	ada33121b4447c1f	165f2f27ebea67ef
1788609731150705124	8	499	phase_loop[1609]	1788609727229368	9997	9a7ad3b76402197b	165f2f27ebea67ef
1788609731150705124	8	499	phase_loop[1610]	1788609727239370	9995	c480341b9cc98db5	165f2f27ebea67ef
1788609731150705124	8	499	phase_loop[1611]	1788609727249370	9993	5f9202d51acf4068	165f2f27ebea67ef
1788609731150705124	8	499	phase_loop[1612]	1788609727259368	9998	ae634b3b8b9ca684	165f2f27ebea67ef
1788609731150705124	8	499	phase_loop[1613]	1788609727269371	9991	22e5a25eb53fd0b2	165f2f27ebea67ef
1788609731150705124	8	499	phase_loop[1614]	1788609727279367	9995	3b109e64b38e8d60	165f2f27ebea67ef
1788609731150705124	8	499	phase_loop[1615]	1788609727289368	9996	7ef07c72213b0c92	165f2f27ebea67ef
1788609731150705124	8	499	phase_loop[1616]	1788609727299368	9996	b15e4c7d6e6ad4ab	165f2f27ebea67ef
1788609731150705124	8	499	phase_loop[1617]	1788609727309370	10030	91a4a955129f95a9	165f2f27ebea67ef
1788609731150705124	8	499	phase_loop[1618]	1788609727319405	9959	3023afdde38b8134	165f2f27ebea67ef
1788609731150705124	8	499	phase_loop[1619]	1788609727329371	9993	2095c0e25aa2c019	165f2f27ebea67ef
1788609731150705124	8	499	phase_loop[1620]	1788609727339369	9993	ed9cf728c9634ebf	165f2f27ebea67ef
1788609731150705124	8	499	phase_loop[1621]	1788609727349367	9997	f6cb9dbd820dfff8	165f2f27ebea67ef
1788609731150705124	8	499	phase_loop[1622]	1788609727359369	9995	ea9ae9c76ad71d5d	165f2f27ebea67ef
1788609731150705124	8	499	phase_loop[1623]	1788609727369369	9994	c1160997a13c7c1c	165f2f27ebea67ef
1788609731150705124	8	499	phase_loop[1624]	1788609727379368	9994	623e3e956b6e0205	165f2f27ebea67ef
1788609731150705124	8	499	phase_loop[1625]	1788609727389367	9996	55a51355f26dc397	165f2f27ebea67ef
1788609731150705124	8	499	phase_loop[1626]	1788609727399368	9995	126e0c5b1b3a7b4d	165f2f27ebea67ef
1788609731150705124	8	499	phase_loop[1627]	1788609727409368	9995	58d937f9c565a2cc	165f2f27ebea67ef
1788609731150705124	8	499	phase_loop[1628]	1788609727419368	9994	041eee8ddb91368c	165f2f27ebea67ef
1788609731150705124	8	499	phase_loop[1629]	1788609727429368	9996	472364646b5d98e2	165f2f27ebea67ef
1788609731150705124	8	499	phase_loop[1630]	1788609727439369	9995	af92173a441e4c68	165f2f27ebea67ef
1788609731150705124	8	499	phase_loop[1631]	1788609727449369	9994	da5a2cb341fa61bf	165f2f27ebea67ef
1788609731150705124	8	499	phase_loop[1632]	1788609727459368	9995	8f585378aeab4039	165f2f27ebea67ef
1788609731150705124	8	499	phase_loop[1633]	1788609727469368	9994	7b2e7c2a5914085b	165f2f27ebea67ef
1788609731150705124	8	499	phase_loop[1634]	1788609727479367	9995	2ccca89c0d918b78	165f2f27ebea67ef
1788609731150705124	8	499	phase_loop[1635]	1788609727489368	9995	f052184084acd8d1	165f2f27ebea67ef
1788609731150705124	8	499	phase_loop[1636]	1788609727499367	9997	81cc9063bfb6bff2	165f2f27ebea67ef
1788609731150705124	8	499	phase_loop[1637]	1788609727509369	9992	c24a3fc22d5ec7e2	165f2f27ebea67ef
1788609731150705124	8	499	phase_loop[1638]	1788609727519366	9996	03420bb1471656d5	165f2f27ebea67ef
1788609731150705124	8	499	phase_loop[1639]	1788609727529368	9994	5585ba8041daedd9	165f2f27ebea67ef
1788609731150705124	8	499	phase_loop[1640]	1788609727539368	9996	70b5e1a25a3bc0f0	165f2f27ebea67ef
1788609731150705124	8	499	phase_loop[1641]	1788609727549369	9995	18bf224dc1329253	165f2f27ebea67ef
1788609731150705124	8	499	phase_loop[1642]	1788609727559369	9994	47ec82ed9d8860d4	165f2f27ebea67ef
1788609731150705124	8	499	phase_loop[1643]	1788609727569368	9994	83496fc69fcfaca1	165f2f27ebea67ef
1788609731150705124	8	499	phase_loop[1644]	1788609727579367	9994	1ff9c58d8bd54142	165f2f27ebea67ef
1788609731150705124	8	499	phase_loop[1645]	1788609727589366	9998	af34095affc6b550	165f2f27ebea67ef
1788609731150705124	8	499	phase_loop[1646]	1788609727599369	9994	3b78140098d238a8	165f2f27ebea67ef
1788609731150705124	8	499	phase_loop[1647]	1788609727609368	9993	abb00d1d02f7c7d7	165f2f27ebea67ef
1788609731150705124	8	499	phase_loop[1648]	1788609727619367	9998	fe4889abb8268ff3	165f2f27ebea67ef
1788609731150705124	8	499	phase_loop[1649]	1788609727629369	9994	f24844821484dc9a	165f2f27ebea67ef
1788609731150705124	8	499	phase_loop[1650]	1788609727639368	10031	980d2d9e47f5a204	165f2f27ebea67ef
1788609731150705124	8	499	phase_loop[1651]	1788609727649405	9959	9b64f13314bc0736	165f2f27ebea67ef
1788609731150705124	8	499	phase_loop[1652]	1788609727659369	9997	87a05ec1db8eb3f5	165f2f27ebea67ef
1788609731150705124	8	499	phase_loop[1653]	1788609727669372	9990	96afeb9f47b1b5a9	165f2f27ebea67ef
1788609731150705124	8	499	phase_loop[1654]	1788609727679367	9995	1c7e704fa33b6519	165f2f27ebea67ef
1788609731150705124	8	499	phase_loop[1655]	1788609727689368	9995	a461c60666879f0b	165f2f27ebea67ef
1788609731150705124	8	499	phase_loop[1656]	1788609727699369	9994	13e9bf791fb4d1c7	165f2f27ebea67ef
1788609731150705124	8	499	phase_loop[1657]	1788609727709368	9993	182662fe7caf3509	165f2f27ebea67ef
1788609731150705124	8	499	phase_loop[1658]	1788609727719366	9996	cc5dc4bffcff1630	165f2f27ebea67ef
1788609731150705124	8	499	phase_loop[1659]	1788609727729368	9996	143ceede9bb554e8	165f2f27ebea67ef
1788609731150705124	8	499	phase_loop[1660]	1788609727739368	9994	cfffd462026b9db6	165f2f27ebea67ef
1788609731150705124	8	499	phase_loop[1661]	1788609727749367	9995	37b6e42fac161980	165f2f27ebea67ef
1788609731150705124	8	499	phase_loop[1662]	1788609727759367	9997	1449187df5a2aa46	165f2f27ebea67ef
1788609731150705124	8	499	phase_loop[1663]	1788609727769369	9993	14cae1de5f8c895c	165f2f27ebea67ef
1788609731150705124	8	499	phase_loop[1664]	1788609727779368	9994	ca64966fce511d94	165f2f27ebea67ef
1788609731150705124	8	499	phase_loop[1665]	1788609727789368	9996	95aa62f418eca207	165f2f27ebea67ef
1788609731150705124	8	499	phase_loop[1666]	1788609727799368	9996	a3b351afa00e3e5b	165f2f27ebea67ef
1788609731150705124	8	499	phase_loop[1667]	1788609727809370	9993	d9be3a6b290d1585	165f2f27ebea67ef
1788609731150705124	8	499	phase_loop[1668]	1788609727819368	9994	d6db78a155352dda	165f2f27ebea67ef
1788609731150705124	8	499	phase_loop[1669]	1788609727829367	9997	b9d1754437f5c7b0	165f2f27ebea67ef
1788609731150705124	8	499	phase_loop[1670]	1788609727839369	9997	65e2b45efc296a89	165f2f27ebea67ef
1788609731150705124	8	499	phase_loop[1671]	1788609727849371	9994	376a588861c3cb34	165f2f27ebea67ef
1788609731150705124	8	499	phase_loop[1672]	1788609727859370	9995	30c8bdfa0f6612a9	165f2f27ebea67ef
1788609731150705124	8	499	phase_loop[1673]	1788609727869371	9991	4aaf57fc06540965	165f2f27ebea67ef
1788609731150705124	8	499	phase_loop[1674]	1788609727879367	9997	36b25e399471f5a3	165f2f27ebea67ef
1788609731150705124	8	499	phase_loop[1675]	1788609727889369	9993	503260cd153e6a3b	165f2f27ebea67ef
1788609731150705124	8	499	phase_loop[1676]	1788609727899367	9996	66a5319c2d6aa05d	165f2f27ebea67ef
1788609731150705124	8	499	phase_loop[1677]	1788609727909369	9994	5d3568d6cb279116	165f2f27ebea67ef
1788609731150705124	8	499	phase_loop[1678]	1788609727919368	9997	c69dad61fb9922cf	165f2f27ebea67ef
1788609731150705124	8	499	phase_loop[1679]	1788609727929370	9993	373d4cac4f0cbd92	165f2f27ebea67ef
1788609731150705124	8	499	phase_loop[1680]	1788609727939367	9996	af5092dad59b6b9d	165f2f27ebea67ef
1788609731150705124	8	499	phase_loop[1681]	1788609727949369	9993	45698f51d6878022	165f2f27ebea67ef
1788609731150705124	8	499	phase_loop[1682]	1788609727959367	9996	0348bd09f00c268e	165f2f27ebea67ef
1788609731150705124	8	499	phase_loop[1683]	1788609727969369	10034	201289cee9e4cc5c	165f2f27ebea67ef
1788609731150705124	8	499	phase_loop[1684]	1788609727979408	9954	8e03db5646b4a356	165f2f27ebea67ef
1788609731150705124	8	499	phase_loop[1685]	1788609727989367	9998	f3531245033adf82	165f2f27ebea67ef
1788609731150705124	8	499	phase_loop[1686]	1788609727999370	9994	3c0a0acbde35870f	165f2f27ebea67ef
1788609731150705124	8	499	phase_loop[1687]	1788609728009370	9992	934edaf478280b8a	165f2f27ebea67ef
1788609731150705124	8	499	phase_loop[1688]	1788609728019367	9995	423888ad166d228b	165f2f27ebea67ef
1788609731150705124	8	499	phase_loop[1689]	1788609728029367	9996	1362c2be90cc9bc6	165f2f27ebea67ef
1788609731150705124	8	499	phase_loop[1690]	1788609728039368	9995	d87f9fe95b2862a8	165f2f27ebea67ef
1788609731150705124	8	499	phase_loop[1691]	1788609728049368	9994	e16c212e73f6252a	165f2f27ebea67ef
1788609731150705124	8	499	phase_loop[1692]	1788609728059367	9997	e4c701c664f72e60	165f2f27ebea67ef
1788609731150705124	8	499	phase_loop[1693]	1788609728069370	9994	3b59118cf8a1933c	165f2f27ebea67ef
1788609731150705124	8	499	phase_loop[1694]	1788609728079369	9993	7bb3460e52ac0129	165f2f27ebea67ef
1788609731150705124	8	499	phase_loop[1695]	1788609728089367	9996	c00958f5042334e8	165f2f27ebea67ef
1788609731150705124	8	499	phase_loop[1696]	1788609728099368	9995	1381995551193b68	165f2f27ebea67ef
1788609731150705124	8	499	phase_loop[1697]	1788609728109368	9995	cee2840918577802	165f2f27ebea67ef
1788609731150705124	8	499	phase_loop[1698]	1788609728119369	9994	88f15c918986a4ee	165f2f27ebea67ef
1788609731150705124	8	499	phase_loop[1699]	1788609728129368	9996	c37beb3f7d343180	165f2f27ebea67ef
1788609731150705124	8	499	phase_loop[1700]	1788609728139369	9994	ccb2827a68e5654c	165f2f27ebea67ef
1788609731150705124	8	499	phase_loop[1701]	1788609728149368	9994	c26136ebd4895405	165f2f27ebea67ef
1788609731150705124	8	499	phase_loop[1702]	1788609728159367	9996	187ea5d9a5ad9915	165f2f27ebea67ef
1788609731150705124	8	499	phase_loop[1703]	1788609728169368	9994	5beaa8fbbfb99b02	165f2f27ebea67ef
1788609731150705124	8	499	phase_loop[1704]	1788609728179367	9996	85faee2b88e5cc0d	165f2f27ebea67ef
1788609731150705124	8	499	phase_loop[1705]	1788609728189369	9995	1e83ea9f74ea2e2b	165f2f27ebea67ef
1788609731150705124	8	499	phase_loop[1706]	1788609728199368	9995	e33bc0fb6ba42be1	165f2f27ebea67ef
1788609731150705124	8	499	phase_loop[1707]	1788609728209369	9992	b19d9aa30fec0c76	165f2f27ebea67ef
1788609731150705124	8	499	phase_loop[1708]	1788609728219366	9998	a3a124da9453db4e	165f2f27ebea67ef
1788609731150705124	8	499	phase_loop[1709]	1788609728229369	9994	bf628374e34500ef	165f2f27ebea67ef
1788609731150705124	8	499	phase_loop[1710]	1788609728239369	9993	0c28aae5312ab8b5	165f2f27ebea67ef
1788609731150705124	8	499	phase_loop[1711]	1788609728249368	9996	20e9ca761b236eb9	165f2f27ebea67ef
1788609731150705124	8	499	phase_loop[1712]	1788609728259368	9996	0c7d5556695ca7d8	165f2f27ebea67ef
1788609731150705124	8	499	phase_loop[1713]	1788609728269370	9993	14a081b89687f0b0	165f2f27ebea67ef
1788609731150705124	8	499	phase_loop[1714]	1788609728279367	9994	0cdf377bff1a9e1d	165f2f27ebea67ef
1788609731150705124	8	499	phase_loop[1715]	1788609728289368	9997	e9d1e830e913519e	165f2f27ebea67ef
1788609731150705124	8	499	phase_loop[1716]	1788609728299369	10031	fded638c382c7100	165f2f27ebea67ef
1788609731150705124	8	499	phase_loop[1717]	1788609728309406	9956	e88c0441426b776d	165f2f27ebea67ef
1788609731150705124	8	499	phase_loop[1718]	1788609728319366	9995	1ead2cd4f692c079	165f2f27ebea67ef
1788609731150705124	8	499	phase_loop[1719]	1788609728329367	9996	7586c61837af256d	165f2f27ebea67ef
1788609731150705124	8	499	phase_loop[1720]	1788609728339368	9994	d756e70caf45af6a	165f2f27ebea67ef
1788609731150705124	8	499	phase_loop[1721]	1788609728349367	9995	50246071e77d1d59	165f2f27ebea67ef
1788609731150705124	8	499	phase_loop[1722]	1788609728359366	9997	d797ddf3eb1be4c8	165f2f27ebea67ef
1788609731150705124	8	499	phase_loop[1723]	1788609728369369	9994	cc099ee0b4207f5e	165f2f27ebea67ef
1788609731150705124	8	499	phase_loop[1724]	1788609728379368	9993	3b1cc5aaf8eda4a3	165f2f27ebea67ef
1788609731150705124	8	499	phase_loop[1725]	1788609728389366	9998	b155915d332377a1	165f2f27ebea67ef
1788609731150705124	8	499	phase_loop[1726]	1788609728399369	9994	1b415a4d40af98fc	165f2f27ebea67ef
1788609731150705124	8	499	phase_loop[1727]	1788609728409368	9994	6116e6e79a2532b9	165f2f27ebea67ef
1788609731150705124	8	499	phase_loop[1728]	1788609728419367	9997	7b84a32818efe21b	165f2f27ebea67ef
1788609731150705124	8	499	phase_loop[1729]	1788609728429369	9994	b59ad62dccbf241d	165f2f27ebea67ef
1788609731150705124	8	499	phase_loop[1730]	1788609728439369	9994	c6dfbf20950e1575	165f2f27ebea67ef
1788609731150705124	8	499	phase_loop[1731]	1788609728449368	9994	c751605a3375097e	165f2f27ebea67ef
1788609731150705124	8	499	phase_loop[1732]	1788609728459367	9997	54a16887dfe446ba	165f2f27ebea67ef
1788609731150705124	8	499	phase_loop[1733]	1788609728469369	9994	3de7040e9bcd0a16	165f2f27ebea67ef
1788609731150705124	8	499	phase_loop[1734]	1788609728479368	9994	31bee3767e37f0cb	165f2f27ebea67ef
1788609731150705124	8	499	phase_loop[1735]	1788609728489368	9995	df8e2d3a0ad07e90	165f2f27ebea67ef
1788609731150705124	8	499	phase_loop[1736]	1788609728499369	9994	051d2a1ef0755303	165f2f27ebea67ef
1788609731150705124	8	499	phase_loop[1737]	1788609728509368	9993	2931c889b3f1f165	165f2f27ebea67ef
1788609731150705124	8	499	phase_loop[1738]	1788609728519367	9996	3a26b8c6269f6f5a	165f2f27ebea67ef
1788609731150705124	8	499	phase_loop[1739]	1788609728529368	9995	25615593f0f6b9dd	165f2f27ebea67ef
1788609731150705124	8	499	phase_loop[1740]	1788609728539368	9993	adce94ad1861e3af	165f2f27ebea67ef
1788609731150705124	8	499	phase_loop[1741]	1788609728549366	9997	cd20035b89d27659	165f2f27ebea67ef
1788609731150705124	8	499	phase_loop[1742]	1788609728559368	9995	dd60a156857a2a3a	165f2f27ebea67ef
1788609731150705124	8	499	phase_loop[1743]	1788609728569367	9995	9386c39445f19ca7	165f2f27ebea67ef
1788609731150705124	8	499	phase_loop[1744]	1788609728579368	9994	780df33bf08f853a	165f2f27ebea67ef
1788609731150705124	8	499	phase_loop[1745]	1788609728589367	9995	63fb8f88b95f1b7e	165f2f27ebea67ef
1788609731150705124	8	499	phase_loop[1746]	1788609728599367	9996	f03c18ba79f9af3b	165f2f27ebea67ef
1788609731150705124	8	499	phase_loop[1747]	1788609728609368	9993	fe48c8f585f3305a	165f2f27ebea67ef
1788609731150705124	8	499	phase_loop[1748]	1788609728619365	9997	9ac8213b390e225a	165f2f27ebea67ef
1788609731150705124	8	499	phase_loop[1749]	1788609728629368	10031	675ac5ea4d73b641	165f2f27ebea67ef
1788609731150705124	8	499	phase_loop[1750]	1788609728639404	9959	802ca8b7f84d12d4	165f2f27ebea67ef
1788609731150705124	8	499	phase_loop[1751]	1788609728649368	9995	0f65cbacacab46f3	165f2f27ebea67ef
1788609731150705124	8	499	phase_loop[1752]	1788609728659367	9996	74dab0bcf9ddcb8b	165f2f27ebea67ef
1788609731150705124	8	499	phase_loop[1753]	1788609728669368	9994	57218d4140ef2ef2	165f2f27ebea67ef
1788609731150705124	8	499	phase_loop[1754]	1788609728679368	9994	bdb551af44754069	165f2f27ebea67ef
1788609731150705124	8	499	phase_loop[1755]	1788609728689367	9995	7a9bc0dc30257218	165f2f27ebea67ef
1788609731150705124	8	499	phase_loop[1756]	1788609728699367	9994	e6f94b938d2eda4b	165f2f27ebea67ef
1788609731150705124	8	499	phase_loop[1757]	1788609728709366	9995	e2828277eeb0d5da	165f2f27ebea67ef
1788609731150705124	8	499	phase_loop[1758]	1788609728719365	9995	97910404cf35c3c1	165f2f27ebea67ef
1788609731150705124	8	499	phase_loop[1759]	1788609728729366	9996	bf52805273f9435b	165f2f27ebea67ef
1788609731150705124	8	499	phase_loop[1760]	1788609728739366	9995	f341c0de9c31ffaa	165f2f27ebea67ef
1788609731150705124	8	499	phase_loop[1761]	1788609728749366	9997	e01219c9b9a51518	165f2f27ebea67ef
1788609731150705124	8	499	phase_loop[1762]	1788609728759367	9996	c24c25b20de385be	165f2f27ebea67ef
1788609731150705124	8	499	phase_loop[1763]	1788609728769368	9995	99a7531f6eb68783	165f2f27ebea67ef
1788609731150705124	8	499	phase_loop[1764]	1788609728779367	9995	c1c75c759cc1e83d	165f2f27ebea67ef
1788609731150705124	8	499	phase_loop[1765]	1788609728789368	9995	3fff1684994e2f03	165f2f27ebea67ef
1788609731150705124	8	499	phase_loop[1766]	1788609728799367	9996	66f8cd0294976cf3	165f2f27ebea67ef
1788609731150705124	8	499	phase_loop[1767]	1788609728809368	9992	4c6af5c72b407fbc	165f2f27ebea67ef
1788609731150705124	8	499	phase_loop[1768]	1788609728819365	9998	d551bf8857f10f7f	165f2f27ebea67ef
1788609731150705124	8	499	phase_loop[1769]	1788609728829369	9994	1b5e2d299c4facac	165f2f27ebea67ef
1788609731150705124	8	499	phase_loop[1770]	1788609728839367	9994	4731ec5b2a0ee180	165f2f27ebea67ef
1788609731150705124	8	499	phase_loop[1771]	1788609728849367	9996	73f31cc4df3c60a2	165f2f27ebea67ef
1788609731150705124	8	499	phase_loop[1772]	1788609728859367	9995	fdcccced5e7ad1f6	165f2f27ebea67ef
1788609731150705124	8	499	phase_loop[1773]	1788609728869367	9995	3c8a445e2a3e8be4	165f2f27ebea67ef
1788609731150705124	8	499	phase_loop[1774]	1788609728879366	9998	f71e1fc5b8a562f9	165f2f27ebea67ef
1788609731150705124	8	499	phase_loop[1775]	1788609728889370	9993	8782421c45440af1	165f2f27ebea67ef
1788609731150705124	8	499	phase_loop[1776]	1788609728899368	9995	05acc140c924401b	165f2f27ebea67ef
1788609731150705124	8	499	phase_loop[1777]	1788609728909368	9992	8d8b76e6349b2749	165f2f27ebea67ef
1788609731150705124	8	499	phase_loop[1778]	1788609728919365	9997	0d3d7b9601520751	165f2f27ebea67ef
1788609731150705124	8	499	phase_loop[1779]	1788609728929368	9995	58e58eeb65cf6c91	165f2f27ebea67ef
1788609731150705124	8	499	phase_loop[1780]	1788609728939368	9993	0c3c3a15b010c03f	165f2f27ebea67ef
1788609731150705124	8	499	phase_loop[1781]	1788609728949366	9997	745695588807dd7a	165f2f27ebea67ef
1788609731150705124	8	499	phase_loop[1782]	1788609728959368	10028	c32f02b0ae8518e3	165f2f27ebea67ef
1788609731150705124	8	499	phase_loop[1783]	1788609728969402	9961	d7fd00fe0ce45f2c	165f2f27ebea67ef
1788609731150705124	8	499	phase_loop[1784]	1788609728979367	9995	6712930ba12cef89	165f2f27ebea67ef
1788609731150705124	8	499	phase_loop[1785]	1788609728989367	9997	c43091258f4a0e53	165f2f27ebea67ef
1788609731150705124	8	499	phase_loop[1786]	1788609728999369	9994	08603d6a43f798ba	165f2f27ebea67ef
1788609731150705124	8	499	phase_loop[1787]	1788609729009367	9995	43bf12b7cf1bfc8e	165f2f27ebea67ef
1788609731150705124	8	499	phase_loop[1788]	1788609729019368	9996	60c7d36b572fa636	165f2f27ebea67ef
1788609731150705124	8	499	phase_loop[1789]	1788609729029369	9997	03bcac3f9aa1867f	165f2f27ebea67ef
1788609731150705124	8	499	phase_loop[1790]	1788609729039370	9993	67f0b153c799369c	165f2f27ebea67ef
1788609731150705124	8	499	phase_loop[1791]	1788609729049368	9993	4c9f4f58cf569011	165f2f27ebea67ef
1788609731150705124	8	499	phase_loop[1792]	1788609729059367	9998	0e1f8ced399c0f89	165f2f27ebea67ef
1788609731150705124	8	499	phase_loop[1793]	1788609729069373	9990	c48ec33853e0331f	165f2f27ebea67ef
1788609731150705124	8	499	phase_loop[1794]	1788609729079369	9994	7d68925ed3971d43	165f2f27ebea67ef
1788609731150705124	8	499	phase_loop[1795]	1788609729089368	9995	243807cd473c0a7e	165f2f27ebea67ef
1788609731150705124	8	499	phase_loop[1796]	1788609729099368	9995	418ce8f222071d65	165f2f27ebea67ef
1788609731150705124	8	499	phase_loop[1797]	1788609729109368	9994	b2b319b2139a1a0b	165f2f27ebea67ef
1788609731150705124	8	499	phase_loop[1798]	1788609729119367	9997	c659cb18abfe761b	165f2f27ebea67ef
1788609731150705124	8	499	phase_loop[1799]	1788609729129370	9993	3c4210de8dd9761d	165f2f27ebea67ef
1788609731150705124	8	499	phase_loop[1800]	1788609729139368	9996	a86ac0db32956d57	165f2f27ebea67ef
1788609731150705124	8	499	phase_loop[1801]	1788609729149368	9993	610dcd448ecce980	165f2f27ebea67ef
1788609731150705124	8	499	phase_loop[1802]	1788609729159366	10000	31ffc2071e280ea4	165f2f27ebea67ef
1788609731150705124	8	499	phase_loop[1803]	1788609729169371	9991	fe97f2ae2ad609e4	165f2f27ebea67ef
1788609731150705124	8	499	phase_loop[1804]	1788609729179367	9996	4b56dcfdf1c30769	165f2f27ebea67ef
1788609731150705124	8	499	phase_loop[1805]	1788609729189369	9994	01695188c483b6ab	165f2f27ebea67ef
1788609731150705124	8	499	phase_loop[1806]	1788609729199368	9994	74a78e60f29fb147	165f2f27ebea67ef
1788609731150705124	8	499	phase_loop[1807]	1788609729209368	9994	db3e71fa0b8fd5ba	165f2f27ebea67ef
1788609731150705124	8	499	phase_loop[1808]	1788609729219367	9996	3e9eae050e6e92aa	165f2f27ebea67ef
1788609731150705124	8	499	phase_loop[1809]	1788609729229367	9995	974cac3182bfe975	165f2f27ebea67ef
1788609731150705124	8	499	phase_loop[1810]	1788609729239368	9993	55fdbc8f99ac58d4	165f2f27ebea67ef
1788609731150705124	8	499	phase_loop[1811]	1788609729249366	9996	f41b324afd61861b	165f2f27ebea67ef
1788609731150705124	8	499	phase_loop[1812]	1788609729259366	10006	fc889998ce3e75b1	165f2f27ebea67ef
1788609731150705124	8	499	phase_loop[1813]	1788609729269378	9984	ebaf2f633aa73396	165f2f27ebea67ef
1788609731150705124	8	499	phase_loop[1814]	1788609729279367	9994	818546ffffe6ea2b	165f2f27ebea67ef
1788609731150705124	8	499	phase_loop[1815]	1788609729289367	10043	fe2df00b8e019a70	165f2f27ebea67ef
1788609731150705124	8	499	phase_loop[1816]	1788609729299415	9950	f59de4e6e764afc4	165f2f27ebea67ef
1788609731150705124	8	499	phase_loop[1817]	1788609729309370	9993	41b0b02769700ffd	165f2f27ebea67ef
1788609731150705124	8	499	phase_loop[1818]	1788609729319368	9994	247dcc6916ba8bbc	165f2f27ebea67ef
1788609731150705124	8	499	phase_loop[1819]	1788609729329367	9996	0fc34affa04e1004	165f2f27ebea67ef
1788609731150705124	8	499	phase_loop[1820]	1788609729339368	9993	2e53e1d1ff816f34	165f2f27ebea67ef
1788609731150705124	8	499	phase_loop[1821]	1788609729349367	9996	cec9ab69a4c6e07e	165f2f27ebea67ef
1788609731150705124	8	499	phase_loop[1822]	1788609729359368	9995	b42a536f27d7484a	165f2f27ebea67ef
1788609731150705124	8	499	phase_loop[1823]	1788609729369368	9995	34e884ae9a3693e1	165f2f27ebea67ef
1788609731150705124	8	499	phase_loop[1824]	1788609729379368	9994	5291f9745fe68342	165f2f27ebea67ef
1788609731150705124	8	499	phase_loop[1825]	1788609729389366	9997	239b96ec34588996	165f2f27ebea67ef
1788609731150705124	8	499	phase_loop[1826]	1788609729399368	9995	f6ad73619fc63704	165f2f27ebea67ef
1788609731150705124	8	499	phase_loop[1827]	1788609729409368	9992	ca15ab9ca6c3275b	165f2f27ebea67ef
1788609731150705124	8	499	phase_loop[1828]	1788609729419365	9998	ed8305eaf721dfc9	165f2f27ebea67ef
1788609731150705124	8	499	phase_loop[1829]	1788609729429369	9993	409d72439888e987	165f2f27ebea67ef
1788609731150705124	8	499	phase_loop[1830]	1788609729439368	9994	91ffabd4bc46ffc1	165f2f27ebea67ef
1788609731150705124	8	499	phase_loop[1831]	1788609729449368	9995	5fa5836ad658f365	165f2f27ebea67ef
1788609731150705124	8	499	phase_loop[1832]	1788609729459368	9995	6f2d9fdc58ae8a81	165f2f27ebea67ef
1788609731150705124	8	499	phase_loop[1833]	1788609729469368	9995	816f4ba7e4764cc8	165f2f27ebea67ef
1788609731150705124	8	499	phase_loop[1834]	1788609729479368	9995	63c17a127ac82b27	165f2f27ebea67ef
1788609731150705124	8	499	phase_loop[1835]	1788609729489369	9995	20a3cb44dbed6eab	165f2f27ebea67ef
1788609731150705124	8	499	phase_loop[1836]	1788609729499369	9995	150ae6719a553ac7	165f2f27ebea67ef
1788609731150705124	8	499	phase_loop[1837]	1788609729509369	9992	c740ad3c136b2d08	165f2f27ebea67ef
1788609731150705124	8	499	phase_loop[1838]	1788609729519365	10001	a05f9afe47c03b94	165f2f27ebea67ef
1788609731150705124	8	499	phase_loop[1839]	1788609729529372	9992	75a457addc37a81a	165f2f27ebea67ef
1788609731150705124	8	499	phase_loop[1840]	1788609729539368	9998	99d33a9d3a4f6d32	165f2f27ebea67ef
1788609731150705124	8	499	phase_loop[1841]	1788609729549371	9994	cdc285fb25c16f0e	165f2f27ebea67ef
1788609731150705124	8	499	phase_loop[1842]	1788609729559372	9992	c7b0e243c4d89077	165f2f27ebea67ef
1788609731150705124	8	499	phase_loop[1843]	1788609729569368	9994	7607b9fe29cd24c8	165f2f27ebea67ef
1788609731150705124	8	499	phase_loop[1844]	1788609729579368	9994	1c008bfe53fea9be	165f2f27ebea67ef
1788609731150705124	8	499	phase_loop[1845]	1788609729589367	9997	6258bb67f0d385cb	165f2f27ebea67ef
1788609731150705124	8	499	phase_loop[1846]	1788609729599369	9994	d755179867c6dc3a	165f2f27ebea67ef
1788609731150705124	8	499	phase_loop[1847]	1788609729609368	9995	99ffbb43907a9967	165f2f27ebea67ef
1788609731150705124	8	499	phase_loop[1848]	1788609729619368	10033	b597517484af28e8	165f2f27ebea67ef
1788609731150705124	8	499	phase_loop[1849]	1788609729629406	9959	8da4e9a13feaa048	165f2f27ebea67ef
1788609731150705124	8	499	phase_loop[1850]	1788609729639371	9991	45ee7d906836321f	165f2f27ebea67ef
1788609731150705124	8	499	phase_loop[1851]	1788609729649367	9996	2db1a8162e1dc076	165f2f27ebea67ef
1788609731150705124	8	499	phase_loop[1852]	1788609729659367	9995	99546b25448ac643	165f2f27ebea67ef
1788609731150705124	8	499	phase_loop[1853]	1788609729669368	9997	e074a0b315a7f33f	165f2f27ebea67ef
1788609731150705124	8	499	phase_loop[1854]	1788609729679370	9992	7bf2d8d57fd117da	165f2f27ebea67ef
1788609731150705124	8	499	phase_loop[1855]	1788609729689366	9997	867bde043d550a23	165f2f27ebea67ef
1788609731150705124	8	499	phase_loop[1856]	1788609729699368	9996	8f49ea1f75860109	165f2f27ebea67ef
1788609731150705124	8	499	phase_loop[1857]	1788609729709369	9993	4d31676786636f45	165f2f27ebea67ef
1788609731150705124	8	499	phase_loop[1858]	1788609729719366	9996	aadd51e4c8affd16	165f2f27ebea67ef
1788609731150705124	8	499	phase_loop[1859]	1788609729729368	9995	2cfdcd1337fe5a8e	165f2f27ebea67ef
1788609731150705124	8	499	phase_loop[1860]	1788609729739367	9996	86a6d152143faf52	165f2f27ebea67ef
1788609731150705124	8	499	phase_loop[1861]	1788609729749369	9993	e81d4904c232c6bf	165f2f27ebea67ef
1788609731150705124	8	499	phase_loop[1862]	1788609729759366	9998	5ab2175acb9c39e3	165f2f27ebea67ef
1788609731150705124	8	499	phase_loop[1863]	1788609729769369	9993	c7558b1809957582	165f2f27ebea67ef
1788609731150705124	8	499	phase_loop[1864]	1788609729779367	9994	8fbda33bd417df38	165f2f27ebea67ef
1788609731150705124	8	499	phase_loop[1865]	1788609729789366	9996	23202d23d6401d42	165f2f27ebea67ef
1788609731150705124	8	499	phase_loop[1866]	1788609729799367	9996	d1b20ecbdd0b5ca3	165f2f27ebea67ef
1788609731150705124	8	499	phase_loop[1867]	1788609729809368	9993	9da7415a2c3025b4	165f2f27ebea67ef
1788609731150705124	8	499	phase_loop[1868]	1788609729819366	9998	2202ab808ba4f2c1	165f2f27ebea67ef
1788609731150705124	8	499	phase_loop[1869]	1788609729829369	9994	25f61b617ff37b07	165f2f27ebea67ef
1788609731150705124	8	499	phase_loop[1870]	1788609729839367	9996	a04ee15f9fc2900b	165f2f27ebea67ef
1788609731150705124	8	499	phase_loop[1871]	1788609729849368	9996	83fcf5c5ef35e343	165f2f27ebea67ef
1788609731150705124	8	499	phase_loop[1872]	1788609729859368	9994	58c18a4a51606268	165f2f27ebea67ef
1788609731150705124	8	499	phase_loop[1873]	1788609729869367	9995	2ad0056f6c41625c	165f2f27ebea67ef
1788609731150705124	8	499	phase_loop[1874]	1788609729879367	9995	c1e2d352e3ee5c0c	165f2f27ebea67ef
1788609731150705124	8	499	phase_loop[1875]	1788609729889366	9996	1419f8a9d8f434d6	165f2f27ebea67ef
1788609731150705124	8	499	phase_loop[1876]	1788609729899368	9995	4511d0f4ae5c1058	165f2f27ebea67ef
1788609731150705124	8	499	phase_loop[1877]	1788609729909368	9994	f8b562c610538805	165f2f27ebea67ef
1788609731150705124	8	499	phase_loop[1878]	1788609729919367	9994	9278619e8e6efe46	165f2f27ebea67ef
1788609731150705124	8	499	phase_loop[1879]	1788609729929367	9997	25040e3d092819c9	165f2f27ebea67ef
1788609731150705124	8	499	phase_loop[1880]	1788609729939369	9991	1fd805f3cb846dbd	165f2f27ebea67ef
1788609731150705124	8	499	phase_loop[1881]	1788609729949366	10031	ce8f984228c4b6f8	165f2f27ebea67ef
1788609731150705124	8	499	phase_loop[1882]	1788609729959401	9963	41bfd5bc50cd43e5	165f2f27ebea67ef
1788609731150705124	8	499	phase_loop[1883]	1788609729969370	9994	7c6c42ab3663b310	165f2f27ebea67ef
1788609731150705124	8	499	phase_loop[1884]	1788609729979369	9993	bf08ce6d6afe9163	165f2f27ebea67ef
1788609731150705124	8	499	phase_loop[1885]	1788609729989367	9997	a51c973e8beb24f0	165f2f27ebea67ef
1788609731150705124	8	499	phase_loop[1886]	1788609729999368	9995	c3f9de7d7bd29977	165f2f27ebea67ef
1788609731150705124	8	499	phase_loop[1887]	1788609730009369	9993	2bc14e4c5b8115c1	165f2f27ebea67ef
1788609731150705124	8	499	phase_loop[1888]	1788609730019366	9996	1a9c121cbc803c88	165f2f27ebea67ef
1788609731150705124	8	499	phase_loop[1889]	1788609730029367	9995	c7de003819e88829	165f2f27ebea67ef
1788609731150705124	8	499	phase_loop[1890]	1788609730039367	9995	96f902fcf6632ef3	165f2f27ebea67ef
1788609731150705124	8	499	phase_loop[1891]	1788609730049368	9994	e4a27390ba1d49b6	165f2f27ebea67ef
1788609731150705124	8	499	phase_loop[1892]	1788609730059367	9997	727c5ac52bb998b8	165f2f27ebea67ef
1788609731150705124	8	499	phase_loop[1893]	1788609730069369	9993	00be0201fcefb895	165f2f27ebea67ef
1788609731150705124	8	499	phase_loop[1894]	1788609730079367	9994	f213af704aca328f	165f2f27ebea67ef
1788609731150705124	8	499	phase_loop[1895]	1788609730089366	9997	ee88941a6c4f79df	165f2f27ebea67ef
1788609731150705124	8	499	phase_loop[1896]	1788609730099367	9995	5ff056737ca3fe6b	165f2f27ebea67ef
1788609731150705124	8	499	phase_loop[1897]	1788609730109368	9994	004cfdfc175392fe	165f2f27ebea67ef
1788609731150705124	8	499	phase_loop[1898]	1788609730119366	9996	bd37911857105ed8	165f2f27ebea67ef
1788609731150705124	8	499	phase_loop[1899]	1788609730129367	9997	8cf3de78447fd95d	165f2f27ebea67ef
1788609731150705124	8	499	phase_loop[1900]	1788609730139368	9996	a089077b425600a2	165f2f27ebea67ef
1788609731150705124	8	499	phase_loop[1901]	1788609730149369	9992	cbd45aca8366eae5	165f2f27ebea67ef
1788609731150705124	8	499	phase_loop[1902]	1788609730159366	9997	427908bc5ed4b462	165f2f27ebea67ef
1788609731150705124	8	499	phase_loop[1903]	1788609730169368	9995	bd6b979a56dfa7c2	165f2f27ebea67ef
1788609731150705124	8	499	phase_loop[1904]	1788609730179367	9998	be51914f470565ae	165f2f27ebea67ef
1788609731150705124	8	499	phase_loop[1905]	1788609730189371	9992	ed55139e26da859e	165f2f27ebea67ef
1788609731150705124	8	499	phase_loop[1906]	1788609730199368	9997	635459600d1889cb	165f2f27ebea67ef
1788609731150705124	8	499	phase_loop[1907]	1788609730209370	9993	6a0cee0c8adab100	165f2f27ebea67ef
1788609731150705124	8	499	phase_loop[1908]	1788609730219367	9994	84bf2f3bf7f4d82b	165f2f27ebea67ef
1788609731150705124	8	499	phase_loop[1909]	1788609730229367	9996	f610b74f38822e6e	165f2f27ebea67ef
1788609731150705124	8	499	phase_loop[1910]	1788609730239367	9994	b85e3afabbd9b2a5	165f2f27ebea67ef
1788609731150705124	8	499	phase_loop[1911]	1788609730249367	9996	ed48edf4803eac8a	165f2f27ebea67ef
1788609731150705124	8	499	phase_loop[1912]	1788609730259367	9995	fc07116beef3feae	165f2f27ebea67ef
1788609731150705124	8	499	phase_loop[1913]	1788609730269368	9994	eef435fd09f3d763	165f2f27ebea67ef
1788609731150705124	8	499	phase_loop[1914]	1788609730279367	10029	fb6cea0be75c13be	165f2f27ebea67ef
1788609731150705124	8	499	phase_loop[1915]	1788609730289401	9964	987c853dcc173edd	165f2f27ebea67ef
1788609731150705124	8	499	phase_loop[1916]	1788609730299371	9991	b7c16e8b636db052	165f2f27ebea67ef
1788609731150705124	8	499	phase_loop[1917]	1788609730309366	9999	46e381ff09a5532f	165f2f27ebea67ef
1788609731150705124	8	499	phase_loop[1918]	1788609730319371	9990	97149ea56083e88b	165f2f27ebea67ef
1788609731150705124	8	499	phase_loop[1919]	1788609730329366	9998	f7994056408b66df	165f2f27ebea67ef
1788609731150705124	8	499	phase_loop[1920]	1788609730339368	9994	53dc43481e1b2f24	165f2f27ebea67ef
1788609731150705124	8	499	phase_loop[1921]	1788609730349366	9997	91a0cb9b4110bde4	165f2f27ebea67ef
1788609731150705124	8	499	phase_loop[1922]	1788609730359368	9995	d5d2bbe6aca0732f	165f2f27ebea67ef
1788609731150705124	8	499	phase_loop[1923]	1788609730369368	9995	f1be4b368e3908aa	165f2f27ebea67ef
1788609731150705124	8	499	phase_loop[1924]	1788609730379368	9994	75d2c8ed8a671210	165f2f27ebea67ef
1788609731150705124	8	499	phase_loop[1925]	1788609730389367	9996	5b92200124bbab9e	165f2f27ebea67ef
1788609731150705124	8	499	phase_loop[1926]	1788609730399368	9994	8bc09a0e430514c9	165f2f27ebea67ef
1788609731150705124	8	499	phase_loop[1927]	1788609730409367	9994	d0378e2fca0168fc	165f2f27ebea67ef
1788609731150705124	8	499	phase_loop[1928]	1788609730419365	9997	ce698526e204bd92	165f2f27ebea67ef
1788609731150705124	8	499	phase_loop[1929]	1788609730429368	9996	d806438bc3394371	165f2f27ebea67ef
1788609731150705124	8	499	phase_loop[1930]	1788609730439369	9993	7f95f656bf83734f	165f2f27ebea67ef
1788609731150705124	8	499	phase_loop[1931]	1788609730449367	9995	467b3c050281713c	165f2f27ebea67ef
1788609731150705124	8	499	phase_loop[1932]	1788609730459367	9995	ad699fdac429398d	165f2f27ebea67ef
1788609731150705124	8	499	phase_loop[1933]	1788609730469367	9994	922c0b60492cc8d1	165f2f27ebea67ef
1788609731150705124	8	499	phase_loop[1934]	1788609730479365	9997	4ccb21dd832b1c63	165f2f27ebea67ef
1788609731150705124	8	499	phase_loop[1935]	1788609730489367	9995	a2ebcf345d5e9cae	165f2f27ebea67ef
1788609731150705124	8	499	phase_loop[1936]	1788609730499367	9999	16cd57d5b313cf0d	165f2f27ebea67ef
1788609731150705124	8	499	phase_loop[1937]	1788609730509371	9991	3570b992f8dfb78f	165f2f27ebea67ef
1788609731150705124	8	499	phase_loop[1938]	1788609730519367	9996	bc072b37a1330e68	165f2f27ebea67ef
1788609731150705124	8	499	phase_loop[1939]	1788609730529368	9995	d03ddd83dcd60fdc	165f2f27ebea67ef
1788609731150705124	8	499	phase_loop[1940]	1788609730539368	9993	c16f8a450e916503	165f2f27ebea67ef
1788609731150705124	8	499	phase_loop[1941]	1788609730549367	9996	b53f05519cc947b9	165f2f27ebea67ef
1788609731150705124	8	499	phase_loop[1942]	1788609730559367	9995	1987238905de303f	165f2f27ebea67ef
1788609731150705124	8	499	phase_loop[1943]	1788609730569368	9994	467b9c6c0b98a143	165f2f27ebea67ef
1788609731150705124	8	499	phase_loop[1944]	1788609730579366	9995	1767743f6d7ead06	165f2f27ebea67ef
1788609731150705124	8	499	phase_loop[1945]	1788609730589366	9996	2527fcc21413f6b9	165f2f27ebea67ef
1788609731150705124	8	499	phase_loop[1946]	1788609730599367	9996	fd6fe847a0fda8ec	165f2f27ebea67ef
1788609731150705124	8	499	phase_loop[1947]	1788609730609368	10030	1cd84c913b5b158f	165f2f27ebea67ef
1788609731150705124	8	499	phase_loop[1948]	1788609730619404	9960	a85470eeca4b4074	165f2f27ebea67ef
1788609731150705124	8	499	phase_loop[1949]	1788609730629370	9994	973ee84a9665e33e	165f2f27ebea67ef
1788609731150705124	8	499	phase_loop[1950]	1788609730639369	9993	cc76072633055a67	165f2f27ebea67ef
1788609731150705124	8	499	phase_loop[1951]	1788609730649367	9996	647839a0f32c8d5d	165f2f27ebea67ef
1788609731150705124	8	499	phase_loop[1952]	1788609730659368	9994	5a168fb50c0a7e0f	165f2f27ebea67ef
1788609731150705124	8	499	phase_loop[1953]	1788609730669368	9994	cf992f7979c92038	165f2f27ebea67ef
1788609731150705124	8	499	phase_loop[1954]	1788609730679367	9994	8995ae20eef20532	165f2f27ebea67ef
1788609731150705124	8	499	phase_loop[1955]	1788609730689366	9996	106f5d32a6ad2039	165f2f27ebea67ef
1788609731150705124	8	499	phase_loop[1956]	1788609730699366	9997	15e7b7cf27beca7f	165f2f27ebea67ef
1788609731150705124	8	499	phase_loop[1957]	1788609730709368	9994	1229b9dad6411772	165f2f27ebea67ef
1788609731150705124	8	499	phase_loop[1958]	1788609730719366	9996	bcd31408e68574e6	165f2f27ebea67ef
1788609731150705124	8	499	phase_loop[1959]	1788609730729367	9997	fce20278b12dc75b	165f2f27ebea67ef
1788609731150705124	8	499	phase_loop[1960]	1788609730739368	9993	448f5dea90c55e82	165f2f27ebea67ef
1788609731150705124	8	499	phase_loop[1961]	1788609730749367	9997	4e4c5aa9a4aedb4c	165f2f27ebea67ef
1788609731150705124	8	499	phase_loop[1962]	1788609730759369	9992	53e9b5e75e61f083	165f2f27ebea67ef
1788609731150705124	8	499	phase_loop[1963]	1788609730769367	9994	e51537035825c004	165f2f27ebea67ef
1788609731150705124	8	499	phase_loop[1964]	1788609730779366	9997	828d9342d3aa5bf0	165f2f27ebea67ef
1788609731150705124	8	499	phase_loop[1965]	1788609730789368	9994	9acffa11e792997f	165f2f27ebea67ef
1788609731150705124	8	499	phase_loop[1966]	1788609730799367	9998	1e2572bbae129c26	165f2f27ebea67ef
1788609731150705124	8	499	phase_loop[1967]	1788609730809370	9992	11616f7ee968bb65	165f2f27ebea67ef
1788609731150705124	8	499	phase_loop[1968]	1788609730819367	9996	96d7b1162fbc4863	165f2f27ebea67ef
1788609731150705124	8	499	phase_loop[1969]	1788609730829368	9994	e866bc0c91234c50	165f2f27ebea67ef
1788609731150705124	8	499	phase_loop[1970]	1788609730839367	9995	f83aa7439628f014	165f2f27ebea67ef
1788609731150705124	8	499	phase_loop[1971]	1788609730849366	9995	2e0e66434ba33d15	165f2f27ebea67ef
1788609731150705124	8	499	phase_loop[1972]	1788609730859366	9996	3be2d574ff4dafd3	165f2f27ebea67ef
1788609731150705124	8	499	phase_loop[1973]	1788609730869368	9995	a901c6776ae74f70	165f2f27ebea67ef
1788609731150705124	8	499	phase_loop[1974]	1788609730879368	9995	833b071c4d44669c	165f2f27ebea67ef
1788609731150705124	8	499	phase_loop[1975]	1788609730889368	9995	f8f01ce69a2f4ab5	165f2f27ebea67ef
1788609731150705124	8	499	phase_loop[1976]	1788609730899367	9996	664279140a0cb201	165f2f27ebea67ef
1788609731150705124	8	499	phase_loop[1977]	1788609730909368	9995	22298dfe0c2bfd82	165f2f27ebea67ef
1788609731150705124	8	499	phase_loop[1978]	1788609730919367	9995	0f5a788402de367e	165f2f27ebea67ef
1788609731150705124	8	499	phase_loop[1979]	1788609730929367	9996	fdde3f849c06b974	165f2f27ebea67ef
1788609731150705124	8	499	phase_loop[1980]	1788609730939368	10023	17fae0c9f6a0c5fd	165f2f27ebea67ef
1788609731150705124	8	499	phase_loop[1981]	1788609730949397	9968	1e60d4554b534e3b	165f2f27ebea67ef
1788609731150705124	8	499	phase_loop[1982]	1788609730959369	9993	037aa2776b7febd1	165f2f27ebea67ef
1788609731150705124	8	499	phase_loop[1983]	1788609730969368	9995	27e627da64f0cb74	165f2f27ebea67ef
1788609731150705124	8	499	phase_loop[1984]	1788609730979367	9994	74f8d007c44d1c59	165f2f27ebea67ef
1788609731150705124	8	499	phase_loop[1985]	1788609730989366	9997	8bac2ec03144994f	165f2f27ebea67ef
1788609731150705124	8	499	phase_loop[1986]	1788609730999368	9995	7d38ab3563008114	165f2f27ebea67ef
1788609731150705124	8	499	phase_loop[1987]	1788609731009367	9994	e32188a54a75077c	165f2f27ebea67ef
1788609731150705124	8	499	phase_loop[1988]	1788609731019366	9997	2ed63a98480fe935	165f2f27ebea67ef
1788609731150705124	8	499	phase_loop[1989]	1788609731029367	9995	8b091f136464dd58	165f2f27ebea67ef
1788609731150705124	8	499	phase_loop[1990]	1788609731039368	9996	26443865ac13007f	165f2f27ebea67ef
1788609731150705124	8	499	phase_loop[1991]	1788609731049368	9994	58bb7f4cf85b19f8	165f2f27ebea67ef
1788609731150705124	8	499	phase_loop[1992]	1788609731059366	9996	d450251537ff6bb2	165f2f27ebea67ef
1788609731150705124	8	499	phase_loop[1993]	1788609731069368	9994	91267a34365de4b6	165f2f27ebea67ef
1788609731150705124	8	499	phase_loop[1994]	1788609731079366	9997	c8e71d83a0c3fca6	165f2f27ebea67ef
1788609731150705124	8	499	phase_loop[1995]	1788609731089368	9995	ab7681de43b10393	165f2f27ebea67ef
1788609731150705124	8	499	phase_loop[1996]	1788609731099368	9995	8cb41a9cfd21c539	165f2f27ebea67ef
1788609731150705124	8	499	phase_loop[1997]	1788609731109367	9993	ca3e3129a68bd088	165f2f27ebea67ef
1788609731150705124	8	499	phase_loop[1998]	1788609731119365	9998	1d7ca96bbc37dd51	165f2f27ebea67ef
1788609731150705124	8	499	phase_loop[1999]	1788609731129368	9995	e78525de5f270294	165f2f27ebea67ef
1788609731150705124	8	499	HI_task-0	1788609711139440	19999956	020022ed6a622332	d7a90d7b7f5c251f
1788609731157378981	9	4	phase_loop[2000]	1788609731139368	2053	77bbeba2676cf363	165f2f27ebea67ef
1788609731157378981	9	4	phase[0]	1788609711163190	19978231	165f2f27ebea67ef	aa9f992a9c0a0665
1788609731157378981	9	4	thread_loop[0]	1788609711163183	19978240	aa9f992a9c0a0665	020022ed6a622332
1788609731157378981	9	4	main	1788609711139082	20004745	d7a90d7b7f5c251f	-
