#idx     perf      run   period           start             end          rel_st      slack c_duration   c_period     wu_lat
   0       68     2044     2046      9050818490      9050820536           33428     -25165       2000      10000          0
   0       68     2043     2043      9050820572      9050822615           35510     -17244       2000      10000          0
   0       68     2043     2043      9050822632      9050824676           37570      -9304       2000      10000          0
   0       68     2043     2043      9050824691      9050826734           39628      -1363       2000      10000          0
   0       68     2043     8632      9050826748      9050835380           41685       6580       2000      10000          9
   0       68     2045     9985      9050835394      9050845380           50332       7931       2000      10000          9
   0       68     2043     9984      9050845394      9050855378           60331       7934       2000      10000          7
   0       68     2043     9987      9050855392      9050865379           70329       7936       2000      10000          7
   0       68     2044     9986      9050865392      9050875379           80330       7935       2000      10000          8
   0       68     2043     9988      9050875393      9050885380           90330       7935       2000      10000          9
   0       68     2043     9986      9050885394      9050895380          100331       7934       2000      10000          9
   0       68     2043     9986      9050895394      9050905379          110331       7934       2000      10000          8
   0       68     2043     9986      9050905393      9050915379          120330       7935       2000      10000          8
   0       68     2044     9987      9050915392      9050925379          130330       7935       2000      10000          8
   0       68     2043     9987      9050925392      9050935379          140330       7936       2000      10000          8
   0       68     2045     9985      9050935393      9050945378          150331       7933       2000      10000          7
   0       68     2043     9986      9050945391      9050955378          160329       7936       2000      10000          7
   0       68     2043     9988      9050955391      9050965379          170329       7937       2000      10000          8
   0       68     2044     9985      9050965393      9050975378          180330       7934       2000      10000          7
   0       68     2044     9987      9050975391      9050985378          190329       7935       2000      10000          7
   0       68     2043     9989      9050985391      9050995381          200329       7937       2000      10000          9
   0       68     2043     9985      9050995394      9051005379          210331       7934       2000      10000          8
   0       68     2043     9987      9051005392      9051015379          220329       7936       2000      10000          8
   0       68     2044     9987      9051015393      9051025380          230330       7934       2000      10000          9
   0       68     2043     9986      9051025394      9051035379          240331       7934       2000      10000          8
   0       68     2044     9986      9051035393      9051045378          250330       7934       2000      10000          7
   0       68     2044     9988      9051045391      9051055380          260329       7936       2000      10000          9
   0       68     2043     9985      9051055394      9051065379          270331       7934       2000      10000          8
   0       68     2043     9986      9051065392      9051075378          280330       7935       2000      10000          7
   0       68     2044     9987      9051075392      9051085379          290329       7935       2000      10000          8
   0       68     2043     9986      9051085392      9051095379          300330       7936       2000      10000          8
   0       68     2043     9987      9051095392      9051105379          310330       7936       2000      10000          8
   0       68     2044     9986      9051105393      9051115379          320330       7934       2000      10000          8
   0       68     2043     9946      9051115433      9051125380          330371       7894       2000      10000          9
   0       68     2043     9985      9051125393      9051135378          340331       7935       2000      10000          7
   0       68     2044     9967      9051135413      9051145379          350350       7914       2000      10000          8
   0       68     2044     9975      9051145404      9051155379          360341       7923       2000      10000          8
   0       68     2043     9987      9051155393      9051165380          370331       7935       2000      10000          9
   0       68     2043     9975      9051165405      9051175380          380342       7923       2000      10000          9
   0       68     2044     9976      9051175404      9051185381          390342       7922       2000      10000          9
   0       68     2043     9974      9051185406      9051195380          400343       7922       2000      10000          8
   0       68     2043     9976      9051195404      9051205380          410341       7924       2000      10000          9
   0       68     2044     9985      9051205394      9051215379          420331       7934       2000      10000          8
   0       68     2044     9976      9051215403      9051225379          430341       7924       2000      10000          8
   0       68     2043     9976      9051225403      9051235379          440341       7925       2000      10000          8
   0       68     2044     9974      9051235404      9051245378          450342       7923       2000      10000          7
   0       68     2044     9981      9051245402      9051255383          460340       7925       2000      10000         12
   0       68     2043     9952      9051255426      9051265378          470364       7902       2000      10000          7
   0       68     2044     9986      9051265393      9051275379          480331       7934       2000      10000          8
   0       68     2044     9975      9051275404      9051285379          490341       7923       2000      10000          8
   0       68     2043     9976      9051285404      9051295379          500341       7924       2000      10000          8
   0       68     2043     9975      9051295404      9051305379          510341       7924       2000      10000          8
   0       68     2045     9977      9051305403      9051315380          520341       7923       2000      10000          9
   0       68     2044     9976      9051315404      9051325380          530342       7923       2000      10000          9
   0       68     2043     9984      9051325396      9051335379          540333       7932       2000      10000          8
   0       68     2043     9987      9051335393      9051345380          550331       7934       2000      10000          8
   0       68     2044     9983      9051345397      9051355380          560335       7929       2000      10000          9
   0       68     2043     9981      9051355399      9051365380          570337       7929       2000      10000          9
   0       68     2043     9982      9051365397      9051375378          580334       7931       2000      10000          7
   0       68     2044     9986      9051375394      9051385380          590331       7933       2000      10000          9
   0       68     2043     9988      9051385394      9051395382          600331       7934       2000      10000         11
   0       68     2043     9983      9051395396      9051405379          610334       7932       2000      10000          8
   0       68     2044     9983      9051405395      9051415378          620332       7932       2000      10000          7
   0       68     2043     9985      9051415394      9051425379          630331       7934       2000      10000          7
   0       68     2043     9986      9051425392      9051435378          640329       7936       2000      10000          7
   0       68     2044     9983      9051435394      9051445378          650332       7933       2000      10000          7
   0       68     2044     9956      9051445423      9051455379          660360       7904       2000      10000          8
   0       68     2043     9986      9051455395      9051465381          670333       7933       2000      10000         10
   0       68     2043     9983      9051465395      9051475379          680333       7932       2000      10000          8
   0       68     2043     9983      9051475396      9051485379          690333       7932       2000      10000          8
   0       68     2043     9986      9051485393      9051495379          700331       7935       2000      10000          8
   0       68     2043     9985      9051495394      9051505378          710331       7934       2000      10000          7
   0       68     2044     9984      9051505394      9051515378          720331       7933       2000      10000          6
   0       68     2044     9988      9051515392      9051525380          730329       7935       2000      10000          9
   0       68     2043     9985      9051525394      9051535379          740332       7934       2000      10000          8
   0       68     2044     9984      9051535397      9051545380          750334       7930       2000      10000          9
   0       68     2043     9984      9051545394      9051555378          760331       7934       2000      10000          7
   0       68     2043     9986      9051555393      9051565379          770331       7935       2000      10000          8
   0       68     2043     9984      9051565394      9051575378          780331       7934       2000      10000          7
   0       68     2044     9987      9051575393      9051585379          790330       7934       2000      10000          8
   0       68     2043     9985      9051585394      9051595379          800331       7934       2000      10000          8
   0       68     2043     9983      9051595396      9051605379          810333       7932       2000      10000          8
   0       68     2044     9987      9051605392      9051615379          820329       7935       2000      10000          8
   0       68     2043     9986      9051615393      9051625379          830330       7935       2000      10000          8
   0       68     2043     9985      9051625393      9051635378          840331       7934       2000      10000          7
   0       68     2044     9986      9051635393      9051645378          850330       7934       2000      10000          7
   0       68     2044     9987      9051645392      9051655379          860330       7935       2000      10000          8
   0       68     2043     9984      9051655394      9051665378          870332       7933       2000      10000          7
   0       68     2044     9987      9051665391      9051675378          880329       7936       2000      10000          7
   0       68     2044     9989      9051675392      9051685380          890329       7935       2000      10000          9
   0       68     2043     9991      9051685394      9051695385          900331       7934       2000      10000         14
   0       68     2043     9981      9051695398      9051705379          910335       7930       2000      10000          8
   0       68     2044     9985      9051705394      9051715379          920331       7934       2000      10000          8
   0       68     2043     9985      9051715393      9051725379          930331       7934       2000      10000          8
   0       68     2043     9987      9051725392      9051735379          940329       7936       2000      10000          8
   0       68     2044     9986      9051735392      9051745378          950329       7936       2000      10000          7
   0       68     2044     9987      9051745391      9051755379          960329       7935       2000      10000          8
   0       68     2043     9988      9051755392      9051765380          970330       7936       2000      10000          9
   0       68     2043     9986      9051765393      9051775379          980330       7935       2000      10000          8
   0       68     2043     9965      9051775414      9051785380          990352       7913       2000      10000          8
   0       68     2043     9985      9051785394      9051795379         1000331       7934       2000      10000          8
   0       68     2043     9985      9051795394      9051805379         1010331       7934       2000      10000          8
   0       68     2044     9985      9051805394      9051815379         1020331       7933       2000      10000          8
   0       68     2043     9988      9051815394      9051825382         1030331       7934       2000      10000         10
   0       68     2043     9984      9051825395      9051835379         1040333       7933       2000      10000          8
   0       68     2044     9985      9051835394      9051845379         1050332       7933       2000      10000          8
   0       68     2044     9987      9051845392      9051855379         1060330       7935       2000      10000          8
   0       68     2043     9987      9051855393      9051865380         1070331       7934       2000      10000          9
   0       68     2043     9985      9051865395      9051875380         1080333       7933       2000      10000          9
   0       68     2043     9985      9051875395      9051885379         1090332       7933       2000      10000          8
   0       68     2043     9983      9051885396      9051895379         1100333       7932       2000      10000          8
   0       68     2043     9982      9051895397      9051905379         1110335       7930       2000      10000          8
   0       68     2043     9985      9051905394      9051915379         1120332       7933       2000      10000          8
   0       68     2044     9984      9051915396      9051925380         1130334       7930       2000      10000          9
   0       68     2043     9986      9051925394      9051935380         1140331       7934       2000      10000          8
   0       68     2044     9985      9051935393      9051945378         1150330       7934       2000      10000          7
   0       68     2044     9987      9051945391      9051955378         1160329       7935       2000      10000          7
   0       68     2043     9985      9051955393      9051965378         1170331       7934       2000      10000          7
   0       68     2044     9989      9051965391      9051975380         1180329       7935       2000      10000          9
   0       68     2044     9984      9051975395      9051985379         1190333       7932       2000      10000          8
   0       68     2043     9987      9051985394      9051995381         1200331       7934       2000      10000         10
   0       68     2043     9985      9051995396      9052005381         1210333       7932       2000      10000         10
   0       68     2044     9986      9052005393      9052015379         1220331       7934       2000      10000          8
   0       68     2043     9986      9052015394      9052025380         1230331       7934       2000      10000          9
   0       68     2043     9986      9052025393      9052035379         1240331       7935       2000      10000          8
   0       68     2044     9985      9052035393      9052045377         1250330       7934       2000      10000          6
   0       68     2043     9987      9052045392      9052055379         1260329       7936       2000      10000          7
   0       68     2043     9986      9052055393      9052065379         1270331       7935       2000      10000          8
   0       68     2044     9986      9052065392      9052075378         1280329       7935       2000      10000          7
   0       68     2043     9985      9052075394      9052085379         1290331       7934       2000      10000          8
   0       68     2043     9987      9052085392      9052095379         1300330       7935       2000      10000          8
   0       68     2043     9986      9052095393      9052105379         1310331       7935       2000      10000          8
   0       68     2044     9964      9052105415      9052115379         1320352       7912       2000      10000          8
   0       68     2044     9987      9052115393      9052125380         1330331       7934       2000      10000          9
   0       68     2043     9986      9052125393      9052135379         1340331       7935       2000      10000          8
   0       68     2044     9985      9052135394      9052145379         1350331       7933       2000      10000          8
   0       68     2043     9986      9052145392      9052155378         1360330       7935       2000      10000          7
   0       68     2044     9989      9052155392      9052165382         1370330       7935       2000      10000         10
   0       68     2043     9984      9052165395      9052175379         1380333       7933       2000      10000          8
   0       68     2044     9985      9052175393      9052185378         1390331       7934       2000      10000          7
   0       68     2043     9987      9052185391      9052195378         1400328       7937       2000      10000          7
   0       68     2043     9985      9052195394      9052205378         1410331       7934       2000      10000          7
   0       68     2044     9986      9052205392      9052215378         1420329       7936       2000      10000          7
   0       68     2045     9987      9052215392      9052225378         1430329       7935       2000      10000          7
   0       68     2043     9987      9052225392      9052235379         1440330       7936       2000      10000          8
   0       68     2043     9985      9052235394      9052245379         1450331       7934       2000      10000          8
   0       68     2043     9987      9052245392      9052255379         1460329       7936       2000      10000          8
   0       68     2043     9983      9052255395      9052265378         1470332       7933       2000      10000          7
   0       68     2043     9987      9052265392      9052275379         1480329       7936       2000      10000          8
   0       68     2044     9986      9052275393      9052285379         1490330       7934       2000      10000          8
   0       68     2043     9987      9052285393      9052295380         1500331       7935       2000      10000          9
   0       68     2043     9985      9052295394      9052305379         1510332       7934       2000      10000          8
   0       68     2044     9987      9052305392      9052315380         1520330       7935       2000      10000          9
   0       68     2043     9985      9052315395      9052325380         1530333       7932       2000      10000          9
   0       68     2043     9986      9052325393      9052335379         1540331       7935       2000      10000          8
   0       68     2045     9985      9052335393      9052345378         1550331       7933       2000      10000          7
   0       68     2044     9987      9052345392      9052355378         1560329       7936       2000      10000          7
   0       68     2043     9988      9052355392      9052365380         1570330       7936       2000      10000          9
   0       68     2043     9985      9052365393      9052375378         1580331       7934       2000      10000          7
   0       68     2043     9986      9052375394      9052385380         1590332       7933       2000      10000          9
   0       68     2043     9987      9052385393      9052395380         1600331       7935       2000      10000          9
   0       68     2043     9984      9052395395      9052405379         1610333       7933       2000      10000          8
   0       68     2044     9984      9052405394      9052415378         1620331       7933       2000      10000          6
   0       68     2044     9990      9052415391      9052425381         1630329       7936       2000      10000         10
   0       68     2043     9982      9052425397      9052435379         1640334       7931       2000      10000          8
   0       68     2043     9955      9052435425      9052445380         1650363       7903       2000      10000          9
   0       68     2044     9983      9052445399      9052455382         1660337       7928       2000      10000         11
   0       68     2043     9980      9052455398      9052465378         1670336       7929       2000      10000          7
   0       68     2044     9985      9052465393      9052475378         1680330       7935       2000      10000          7
   0       68     2044     9988      9052475392      9052485381         1690330       7934       2000      10000         10
   0       68     2043     9986      9052485394      9052495380         1700331       7934       2000      10000          9
   0       68     2043     9984      9052495396      9052505379         1710333       7932       2000      10000          8
   0       68     2043     9987      9052505392      9052515379         1720330       7936       2000      10000          8
   0       68     2044     9985      9052515394      9052525379         1730332       7933       2000      10000          8
   0       68     2043     9986      9052525393      9052535379         1740331       7935       2000      10000          8
   0       68     2044     9985      9052535393      9052545378         1750331       7933       2000      10000          7
   0       68     2043     9987      9052545392      9052555379         1760329       7936       2000      10000          8
   0       68     2043     9986      9052555393      9052565379         1770331       7935       2000      10000          8
   0       68     2043     9988      9052565392      9052575379         1780329       7936       2000      10000          8
   0       68     2043     9986      9052575394      9052585380         1790331       7934       2000      10000          9
   0       68     2043     9984      9052585395      9052595379         1800333       7933       2000      10000          8
   0       68     2043     9987      9052595393      9052605380         1810331       7935       2000      10000          9
   0       68     2043     9984      9052605394      9052615378         1820332       7934       2000      10000          7
   0       68     2043     9984      9052615394      9052625377         1830331       7934       2000      10000          6
   0       68     2043     9989      9052625391      9052635380         1840329       7936       2000      10000          9
   0       68     2044     9988      9052635394      9052645382         1850332       7933       2000      10000         11
   0       68     2043     9984      9052645396      9052655380         1860334       7931       2000      10000          9
   0       68     2043     9986      9052655394      9052665380         1870331       7934       2000      10000          9
   0       68     2043     9984      9052665395      9052675379         1880333       7932       2000      10000          8
   0       68     2043     9984      9052675395      9052685379         1890333       7933       2000      10000          8
   0       68     2043     9986      9052685393      9052695379         1900330       7935       2000      10000          8
   0       68     2043     9984      9052695395      9052705379         1910333       7933       2000      10000          8
   0       68     2044     9984      9052705394      9052715378         1920331       7933       2000      10000          7
   0       68     2043     9988      9052715392      9052725380         1930330       7936       2000      10000          9
   0       68     2043     9985      9052725394      9052735380         1940332       7934       2000      10000          9
   0       68     2044     9983      9052735396      9052745379         1950333       7931       2000      10000          8
   0       68     2044     9986      9052745393      9052755379         1960331       7934       2000      10000          8
   0       68     2043     9985      9052755394      9052765379         1970332       7934       2000      10000          8
   0       68     2043     9953      9052765426      9052775379         1980364       7902       2000      10000          8
   0       68     2043     9986      9052775393      9052785379         1990331       7934       2000      10000          8
   0       68     2043     9987      9052785393      9052795380         2000330       7935       2000      10000          9
   0       68     2043     9986      9052795395      9052805381         2010333       7933       2000      10000         10
   0       68     2044     9985      9052805394      9052815379         2020332       7933       2000      10000          8
   0       68     2043     9986      9052815393      9052825379         2030331       7935       2000      10000          8
   0       68     2043     9985      9052825395      9052835380         2040332       7933       2000      10000          9
   0       68     2044     9985      9052835394      9052845378         2050331       7933       2000      10000          7
   0       68     2045     9986      9052845393      9052855378         2060330       7934       2000      10000          7
   0       68     2043     9988      9052855392      9052865380         2070330       7936       2000      10000          9
   0       68     2043     9985      9052865394      9052875379         2080331       7934       2000      10000          8
   0       68     2043     9987      9052875392      9052885379         2090330       7935       2000      10000          8
   0       68     2043     9987      9052885393      9052895380         2100331       7934       2000      10000          9
   0       68     2043     9985      9052895395      9052905379         2110332       7933       2000      10000          8
   0       68     2044     9985      9052905393      9052915379         2120331       7934       2000      10000          8
   0       68     2044     9983      9052915394      9052925378         2130332       7933       2000      10000          7
   0       68     2043     9989      9052925390      9052935379         2140328       7938       2000      10000          8
   0       68     2044     9984      9052935393      9052945378         2150331       7934       2000      10000          7
   0       68     2044     9990      9052945392      9052955381         2160329       7935       2000      10000         10
   0       68     2043     9982      9052955398      9052965380         2170335       7930       2000      10000          9
   0       68     2043     9979      9052965400      9052975379         2180338       7928       2000      10000          8
   0       68     2043     9980      9052975400      9052985379         2190337       7928       2000      10000          8
   0       68     2043     9982      9052985397      9052995379         2200334       7931       2000      10000          7
   0       68     2043     9983      9052995395      9053005378         2210333       7933       2000      10000          7
   0       68     2044     9984      9053005394      9053015378         2220331       7933       2000      10000          7
   0       68     2043     9989      9053015393      9053025382         2230331       7934       2000      10000         11
   0       68     2043     9983      9053025396      9053035379         2240333       7932       2000      10000          8
   0       68     2043     9984      9053035395      9053045379         2250333       7932       2000      10000          8
   0       68     2043     9986      9053045393      9053055379         2260331       7934       2000      10000          8
   0       68     2043     9986      9053055393      9053065379         2270331       7935       2000      10000          8
   0       68     2044     9985      9053065393      9053075378         2280330       7934       2000      10000          7
   0       68     2043     9988      9053075393      9053085380         2290330       7935       2000      10000          9
   0       68     2043     9987      9053085393      9053095380         2300331       7935       2000      10000          9
   0       68     2043     9944      9053095436      9053105380         2310374       7891       2000      10000          9
   0       68     2044     9984      9053105395      9053115379         2320332       7932       2000      10000          8
   0       68     2043     9987      9053115393      9053125380         2330330       7935       2000      10000          9
   0       68     2043     9984      9053125394      9053135378         2340331       7934       2000      10000          7
   0       68     2044     9985      9053135392      9053145378         2350330       7935       2000      10000          7
   0       68     2044     9988      9053145390      9053155378         2360328       7937       2000      10000          7
   0       68     2043     9985      9053155393      9053165378         2370330       7935       2000      10000          7
   0       68     2043     9987      9053165392      9053175379         2380329       7936       2000      10000          8
   0       68     2043     9984      9053175394      9053185379         2390332       7934       2000      10000          8
   0       68     2043     9987      9053185392      9053195379         2400330       7936       2000      10000          8
   0       68     2043     9987      9053195393      9053205379         2410330       7935       2000      10000          8
   0       68     2043     9985      9053205394      9053215379         2420332       7934       2000      10000          8
   0       68     2044     9984      9053215394      9053225378         2430331       7933       2000      10000          7
   0       68     2043     9987      9053225393      9053235379         2440330       7935       2000      10000          8
   0       68     2043     9985      9053235394      9053245379         2450331       7934       2000      10000          8
   0       68     2044     9987      9053245393      9053255380         2460331       7934       2000      10000          9
   0       68     2043     9986      9053255395      9053265380         2470332       7933       2000      10000          9
   0       68     2043     9984      9053265394      9053275377         2480331       7934       2000      10000          6
   0       68     2044     9986      9053275392      9053285378         2490330       7935       2000      10000          7
   0       68     2043     9986      9053285392      9053295379         2500330       7935       2000      10000          8
   0       68     2043     9986      9053295393      9053305379         2510330       7935       2000      10000          8
   0       68     2044     9986      9053305392      9053315378         2520330       7934       2000      10000          7
   0       68     2043     9987      9053315392      9053325380         2530330       7935       2000      10000          9
   0       68     2043     9985      9053325393      9053335378         2540331       7935       2000      10000          7
   0       68     2043     9989      9053335392      9053345381         2550330       7936       2000      10000         10
   0       68     2043     9984      9053345395      9053355379         2560333       7933       2000      10000          8
   0       68     2043     9986      9053355393      9053365379         2570330       7935       2000      10000          8
   0       68     2045     9986      9053365393      9053375379         2580331       7933       2000      10000          8
   0       68     2044     9985      9053375394      9053385379         2590331       7934       2000      10000          8
   0       68     2043     9989      9053385392      9053395381         2600330       7935       2000      10000         10
   0       68     2043     9983      9053395396      9053405379         2610334       7932       2000      10000          8
   0       68     2044     9984      9053405393      9053415378         2620331       7934       2000      10000          7
   0       68     2044     9990      9053415391      9053425381         2630329       7936       2000      10000         10
   0       68     2043     9957      9053425423      9053435380         2640360       7905       2000      10000          9
   0       68     2044     9982      9053435395      9053445377         2650333       7931       2000      10000          6
   0       68     2043     9987      9053445391      9053455379         2660329       7936       2000      10000          7
   0       68     2044     9987      9053455394      9053465381         2670331       7933       2000      10000         10
   0       68     2043     9984      9053465395      9053475379         2680332       7933       2000      10000          8
   0       68     2043     9983      9053475395      9053485378         2690332       7933       2000      10000          7
   0       68     2043     9987      9053485392      9053495379         2700329       7936       2000      10000          8
   0       68     2043     9985      9053495394      9053505379         2710332       7934       2000      10000          8
   0       68     2044     9983      9053505396      9053515379         2720334       7931       2000      10000          8
   0       68     2044     9981      9053515399      9053525380         2730337       7927       2000      10000          9
   0       68     2043     9985      9053525395      9053535379         2740332       7933       2000      10000          8
   0       68     2044     9984      9053535395      9053545379         2750332       7932       2000      10000          8
   0       68     2044     9985      9053545394      9053555379         2760331       7933       2000      10000          8
   0       68     2043     9989      9053555394      9053565383         2770332       7934       2000      10000         12
   0       68     2043     9982      9053565397      9053575379         2780335       7930       2000      10000          8
   0       68     2044     9985      9053575394      9053585379         2790332       7933       2000      10000          8
   0       68     2043     9988      9053585393      9053595381         2800330       7935       2000      10000         10
   0       68     2043     9984      9053595395      9053605379         2810333       7933       2000      10000          8
   0       68     2043     9986      9053605393      9053615379         2820330       7935       2000      10000          7
   0       68     2043     9988      9053615393      9053625381         2830330       7935       2000      10000          9
   0       68     2043     9983      9053625397      9053635380         2840335       7931       2000      10000          8
   0       68     2043     9984      9053635395      9053645378         2850332       7933       2000      10000          7
   0       68     2043     9986      9053645392      9053655378         2860330       7936       2000      10000          7
   0       68     2043     9986      9053655393      9053665379         2870330       7935       2000      10000          8
   0       68     2044     9987      9053665392      9053675379         2880330       7935       2000      10000          8
   0       68     2043     9985      9053675394      9053685378         2890331       7934       2000      10000          7
   0       68     2043     9987      9053685392      9053695379         2900330       7936       2000      10000          8
   0       68     2043     9985      9053695394      9053705378         2910331       7934       2000      10000          7
   0       68     2043     9990      9053705392      9053715382         2920329       7936       2000      10000         11
   0       68     2044     9983      9053715395      9053725378         2930333       7932       2000      10000          7
   0       68     2043     9987      9053725393      9053735379         2940330       7935       2000      10000          8
   0       68     2045     9985      9053735393      9053745378         2950331       7933       2000      10000          7
   0       68     2043     9986      9053745393      9053755378         2960330       7935       2000      10000          7
   0       68     2043     9953      9053755427      9053765380         2970364       7901       2000      10000          9
   0       68     2043     9984      9053765395      9053775379         2980332       7933       2000      10000          8
   0       68     2044     9987      9053775394      9053785382         2990332       7932       2000      10000         11
   0       68     2043     9982      9053785398      9053795380         3000335       7930       2000      10000          9
   0       68     2043     9983      9053795396      9053805379         3010333       7932       2000      10000          8
   0       68     2043     9985      9053805393      9053815378         3020330       7935       2000      10000          7
   0       68     2044     9987      9053815394      9053825381         3030332       7933       2000      10000         10
   0       68     2043     9984      9053825395      9053835379         3040333       7933       2000      10000          8
   0       68     2044     9983      9053835395      9053845378         3050333       7932       2000      10000          7
   0       68     2043     9986      9053845393      9053855379         3060330       7935       2000      10000          8
   0       68     2043     9985      9053855394      9053865379         3070331       7934       2000      10000          8
   0       68     2043     9985      9053865394      9053875379         3080331       7934       2000      10000          7
   0       68     2043     9985      9053875394      9053885380         3090332       7933       2000      10000          8
   0       68     2043     9987      9053885393      9053895380         3100330       7935       2000      10000          9
   0       68     2043     9984      9053895394      9053905378         3110332       7934       2000      10000          7
   0       68     2044     9987      9053905392      9053915380         3120330       7935       2000      10000          9
   0       68     2044     9985      9053915394      9053925379         3130332       7933       2000      10000          8
   0       68     2043     9986      9053925393      9053935379         3140331       7935       2000      10000          8
   0       68     2043     9985      9053935394      9053945379         3150332       7933       2000      10000          8
   0       68     2044     9985      9053945393      9053955378         3160331       7934       2000      10000          7
   0       68     2044     9986      9053955393      9053965379         3170331       7934       2000      10000          8
   0       68     2044     9986      9053965393      9053975379         3180331       7934       2000      10000          8
   0       68     2043     9985      9053975394      9053985379         3190331       7934       2000      10000          8
   0       68     2043     9987      9053985392      9053995379         3200330       7936       2000      10000          8
   0       68     2043     9986      9053995394      9054005380         3210331       7934       2000      10000          8
   0       68     2043     9986      9054005393      9054015379         3220331       7935       2000      10000          8
   0       68     2044     9987      9054015392      9054025379         3230330       7935       2000      10000          8
   0       68     2043     9983      9054025396      9054035379         3240334       7932       2000      10000          8
   0       68     2043     9979      9054035400      9054045379         3250337       7928       2000      10000          8
   0       68     2043     9983      9054045397      9054055380         3260335       7931       2000      10000          9
   0       68     2051     9980      9054055401      9054065381         3270338       7919       2000      10000          9
   0       68     2043     9979      9054065400      9054075379         3280338       7928       2000      10000          8
   0       68     2044     9984      9054075394      9054085378         3290332       7933       2000      10000          7
   0       68     2043     9947      9054085432      9054095379         3300370       7896       2000      10000          8
   0       68     2043     9982      9054095396      9054105378         3310334       7932       2000      10000          7
   0       68     2043     9986      9054105392      9054115379         3320330       7936       2000      10000          8
   0       68     2043     9985      9054115394      9054125379         3330332       7934       2000      10000          8
   0       68     2043     9982      9054125396      9054135378         3340333       7932       2000      10000          7
   0       68     2043     9985      9054135394      9054145379         3350332       7934       2000      10000          8
   0       68     2043     9985      9054145394      9054155379         3360332       7934       2000      10000          8
   0       68     2043     9985      9054155393      9054165379         3370331       7935       2000      10000          7
   0       68     2043     9986      9054165393      9054175379         3380331       7935       2000      10000          8
   0       68     2043     9985      9054175394      9054185378         3390331       7934       2000      10000          7
   0       68     2043     9986      9054185391      9054195378         3400329       7936       2000      10000          6
   0       68     2043     9985      9054195393      9054205378         3410330       7935       2000      10000          7
   0       68     2043     9987      9054205392      9054215378         3420329       7936       2000      10000          7
   0       68     2043     9986      9054215393      9054225379         3430330       7935       2000      10000          8
   0       68     2043     9987      9054225393      9054235380         3440331       7935       2000      10000          9
   0       68     2043     9984      9054235394      9054245379         3450332       7933       2000      10000          8
   0       68     2043     9991      9054245394      9054255384         3460331       7934       2000      10000         13
   0       68     2043     9979      9054255399      9054265378         3470336       7929       2000      10000          7
   0       68     2043     9985      9054265393      9054275378         3480331       7935       2000      10000          7
   0       68     2043     9986      9054275393      9054285379         3490330       7935       2000      10000          8
   0       68     2043     9986      9054285393      9054295379         3500331       7935       2000      10000          8
   0       68     2043     9985      9054295394      9054305379         3510331       7934       2000      10000          8
   0       68     2043     9984      9054305394      9054315378         3520332       7934       2000      10000          7
   0       68     2043     9986      9054315393      9054325379         3530330       7935       2000      10000          8
   0       68     2043     9984      9054325393      9054335377         3540331       7934       2000      10000          6
   0       68     2043     9987      9054335392      9054345379         3550330       7936       2000      10000          8
   0       68     2043     9984      9054345394      9054355378         3560331       7934       2000      10000          7
   0       68     2043     9985      9054355393      9054365378         3570330       7935       2000      10000          7
   0       68     2043     9987      9054365391      9054375379         3580329       7936       2000      10000          7
   0       68     2043     9992      9054375393      9054385385         3590331       7935       2000      10000         14
   0       68     2043     9982      9054385399      9054395381         3600336       7929       2000      10000         10
   0       68     2043     9983      9054395396      9054405379         3610334       7932       2000      10000          8
   0       68     2044     9985      9054405393      9054415378         3620331       7934       2000      10000          7
   0       68     2043     9950      9054415431      9054425381         3630369       7896       2000      10000         10
   0       68     2043     9983      9054425396      9054435379         3640334       7931       2000      10000          8
   0       68     2044     9983      9054435394      9054445377         3650332       7933       2000      10000          6
   0       68     2043     9987      9054445391      9054455378         3660329       7936       2000      10000          7
   0       68     2043     9986      9054455392      9054465379         3670330       7935       2000      10000          8
   0       68     2044     9986      9054465392      9054475377         3680329       7936       2000      10000          6
   0       68     2044     9988      9054475393      9054485381         3690330       7934       2000      10000         10
   0       68     2043     9985      9054485395      9054495379         3700332       7933       2000      10000          8
   0       68     2043     9985      9054495394      9054505379         3710331       7934       2000      10000          8
   0       68     2044     9985      9054505393      9054515378         3720330       7934       2000      10000          7
   0       68     2043     9987      9054515393      9054525380         3730330       7935       2000      10000          8
   0       68     2043     9985      9054525394      9054535379         3740331       7934       2000      10000          7
   0       68     2044     9983      9054535395      9054545378         3750333       7931       2000      10000          7
   0       68     2043     9987      9054545392      9054555379         3760329       7936       2000      10000          8
   0       68     2043     9985      9054555394      9054565378         3770331       7934       2000      10000          7
   0       68     2044     9985      9054565395      9054575379         3780332       7932       2000      10000          8
   0       68     2043     9982      9054575399      9054585381         3790336       7929       2000      10000         10
   0       68     2043     9980      9054585400      9054595380         3800337       7928       2000      10000          9
   0       68     2043     9980      9054595400      9054605379         3810337       7928       2000      10000          8
   0       68     2044     9981      9054605396      9054615377         3820334       7931       2000      10000          6
   0       68     2044     9986      9054615393      9054625379         3830331       7934       2000      10000          8
   0       68     2043     9985      9054625393      9054635378         3840331       7935       2000      10000          7
   0       68     2044     9985      9054635394      9054645380         3850332       7932       2000      10000          9
   0       68     2044     9985      9054645394      9054655379         3860332       7933       2000      10000          8
   0       68     2043     9986      9054655394      9054665380         3870332       7934       2000      10000          9
   0       68     2043     9984      9054665395      9054675379         3880333       7933       2000      10000          7
   0       68     2043     9985      9054675393      9054685378         3890331       7934       2000      10000          7
   0       68     2043     9988      9054685393      9054695381         3900330       7935       2000      10000         10
   0       68     2043     9983      9054695396      9054705379         3910333       7932       2000      10000          8
   0       68     2044     9985      9054705394      9054715378         3920331       7933       2000      10000          7
   0       68     2043     9986      9054715393      9054725379         3930330       7935       2000      10000          8
   0       68     2043     9986      9054725393      9054735378         3940330       7935       2000      10000          7
   0       68     2044     9988      9054735392      9054745380         3950330       7935       2000      10000          9
   0       68     2043     9953      9054745426      9054755379         3960364       7902       2000      10000          8
   0       68     2043     9985      9054755394      9054765379         3970331       7934       2000      10000          8
   0       68     2045     9992      9054765393      9054775386         3980331       7933       2000      10000         15
   0       68     2043     9979      9054775399      9054785378         3990337       7928       2000      10000          7
   0       68     2043     9988      9054785391      9054795379         4000328       7937       2000      10000          8
   0       68     2043     9986      9054795392      9054805379         4010330       7936       2000      10000          8
   0       68     2045     9987      9054805392      9054815379         4020330       7934       2000      10000          8
   0       68     2043     9987      9054815393      9054825380         4030331       7934       2000      10000          9
   0       68     2043     9986      9054825393      9054835380         4040331       7935       2000      10000          9
   0       68     2044     9984      9054835394      9054845378         4050332       7933       2000      10000          7
   0       68     2043     9988      9054845392      9054855380         4060329       7936       2000      10000          8
   0       68     2043     9984      9054855394      9054865378         4070332       7934       2000      10000          7
   0       68     2044     9987      9054865393      9054875380         4080331       7934       2000      10000          9
   0       68     2044     9984      9054875395      9054885380         4090333       7932       2000      10000          9
   0       68     2043     9985      9054885394      9054895379         4100331       7934       2000      10000          8
   0       68     2043     9985      9054895394      9054905379         4110331       7934       2000      10000          8
   0       68     2044     9985      9054905393      9054915378         4120331       7934       2000      10000          7
   0       68     2043     9986      9054915393      9054925379         4130330       7935       2000      10000          8
   0       68     2043     9985      9054925393      9054935378         4140330       7935       2000      10000          7
   0       68     2043     9985      9054935393      9054945379         4150331       7935       2000      10000          8
   0       68     2043     9986      9054945393      9054955379         4160330       7935       2000      10000          8
   0       68     2043     9985      9054955394      9054965380         4170332       7933       2000      10000          9
   0       68     2043     9984      9054965394      9054975379         4180332       7934       2000      10000          8
   0       68     2044     9985      9054975394      9054985379         4190331       7933       2000      10000          8
   0       68     2043     9985      9054985394      9054995379         4200332       7933       2000      10000          8
   0       68     2043     9986      9054995393      9055005379         4210331       7935       2000      10000          8
   0       68     2043     9985      9055005394      9055015378         4220331       7934       2000      10000          7
   0       68     2043     9985      9055015394      9055025379         4230331       7934       2000      10000          8
   0       68     2043     9987      9055025393      9055035380         4240330       7935       2000      10000          8
   0       68     2044     9984      9055035394      9055045378         4250332       7933       2000      10000          7
   0       68     2043     9986      9055045393      9055055379         4260331       7935       2000      10000          8
   0       68     2043     9986      9055055392      9055065379         4270330       7936       2000      10000          8
   0       68     2044     9986      9055065392      9055075378         4280330       7935       2000      10000          7
   0       68     2044     9954      9055075425      9055085379         4290363       7902       2000      10000          8
   0       68     2043     9983      9055085395      9055095379         4300333       7933       2000      10000          7
   0       68     2043     9985      9055095394      9055105379         4310332       7934       2000      10000          7
   0       68     2044     9985      9055105393      9055115378         4320331       7934       2000      10000          7
   0       68     2044     9986      9055115393      9055125379         4330331       7934       2000      10000          8
   0       68     2043     9980      9055125399      9055135379         4340337       7929       2000      10000          8
   0       68     2044     9979      9055135399      9055145378         4350337       7928       2000      10000          7
   0       68     2044     9984      9055145396      9055155380         4360333       7932       2000      10000          8
   0       68     2044     9982      9055155396      9055165378         4370333       7931       2000      10000          7
   0       68     2043     9983      9055165395      9055175378         4380332       7933       2000      10000          7
   0       68     2043     9983      9055175395      9055185377         4390332       7933       2000      10000          6
   0       68     2043     9986      9055185392      9055195378         4400330       7936       2000      10000          7
   0       68     2043     9986      9055195394      9055205380         4410332       7934       2000      10000          9
   0       68     2043     9985      9055205394      9055215379         4420332       7933       2000      10000          8
   0       68     2043     9984      9055215395      9055225379         4430333       7933       2000      10000          8
   0       68     2043     9988      9055225393      9055235381         4440331       7935       2000      10000         10
   0       68     2043     9983      9055235395      9055245378         4450332       7933       2000      10000          7
   0       68     2044     9986      9055245391      9055255377         4460329       7936       2000      10000          6
   0       68     2043     9988      9055255391      9055265380         4470329       7936       2000      10000          9
   0       68     2043     9987      9055265392      9055275379         4480330       7935       2000      10000          8
   0       68     2043     9987      9055275393      9055285381         4490331       7934       2000      10000          9
   0       68     2043     9986      9055285394      9055295380         4500332       7933       2000      10000          9
   0       68     2043     9984      9055295394      9055305378         4510332       7934       2000      10000          7
   0       68     2043     9985      9055305392      9055315378         4520330       7935       2000      10000          7
   0       68     2044     9986      9055315393      9055325379         4530331       7934       2000      10000          8
   0       68     2043     9986      9055325393      9055335379         4540330       7935       2000      10000          8
   0       68     2044     9986      9055335393      9055345379         4550330       7934       2000      10000          8
   0       68     2043     9987      9055345392      9055355380         4560330       7935       2000      10000          9
   0       68     2043     9985      9055355394      9055365379         4570332       7934       2000      10000          8
   0       68     2043     9986      9055365393      9055375379         4580330       7935       2000      10000          8
   0       68     2044     9985      9055375393      9055385378         4590331       7934       2000      10000          7
   0       68     2043     9993      9055385392      9055395385         4600329       7936       2000      10000         14
   0       68     2043     9979      9055395400      9055405378         4610337       7928       2000      10000          7
   0       68     2043     9948      9055405431      9055415378         4620368       7897       2000      10000          7
   0       68     2043     9987      9055415394      9055425380         4630331       7934       2000      10000          9
   0       68     2043     9986      9055425394      9055435379         4640331       7934       2000      10000          8
   0       68     2044     9984      9055435394      9055445378         4650332       7933       2000      10000          7
   0       68     2043     9986      9055445392      9055455379         4660330       7935       2000      10000          7
   0       68     2043     9986      9055455394      9055465380         4670331       7934       2000      10000          9
   0       68     2044     9985      9055465394      9055475379         4680331       7933       2000      10000          8
   0       68     2044     9986      9055475394      9055485379         4690331       7933       2000      10000          8
   0       68     2043     9987      9055485393      9055495380         4700330       7935       2000      10000          9
   0       68     2043     9983      9055495395      9055505377         4710332       7933       2000      10000          6
   0       68     2043     9987      9055505391      9055515378         4720329       7937       2000      10000          7
   0       68     2043     9987      9055515393      9055525380         4730330       7935       2000      10000          9
   0       68     2043     9986      9055525393      9055535379         4740331       7934       2000      10000          8
   0       68     2043     9985      9055535394      9055545378         4750331       7934       2000      10000          7
   0       68     2044     9986      9055545392      9055555378         4760329       7935       2000      10000          7
   0       68     2043     9986      9055555392      9055565379         4770330       7936       2000      10000          8
   0       68     2044     9986      9055565392      9055575378         4780330       7935       2000      10000          7
   0       68     2044     9988      9055575392      9055585381         4790330       7935       2000      10000          9
   0       68     2043     9989      9055585394      9055595383         4800332       7934       2000      10000         12
   0       68     2043     9981      9055595400      9055605381         4810337       7928       2000      10000          9
   0       68     2044     9985      9055605395      9055615379         4820332       7932       2000      10000          8
   0       68     2044     9986      9055615394      9055625380         4830332       7933       2000      10000          9
   0       68     2043     9986      9055625393      9055635379         4840331       7935       2000      10000          8
   0       68     2043     9985      9055635393      9055645378         4850331       7935       2000      10000          7
   0       68     2043     9987      9055645392      9055655379         4860330       7935       2000      10000          8
   0       68     2043     9985      9055655394      9055665379         4870331       7934       2000      10000          8
   0       68     2043     9984      9055665396      9055675379         4880333       7932       2000      10000          8
   0       68     2044     9977      9055675401      9055685378         4890339       7926       2000      10000          7
   0       68     2043     9985      9055685394      9055695379         4900332       7934       2000      10000          8
   0       68     2043     9984      9055695395      9055705380         4910333       7932       2000      10000          9
   0       68     2043     9985      9055705394      9055715379         4920331       7934       2000      10000          8
   0       68     2043     9983      9055715395      9055725378         4930333       7933       2000      10000          7
   0       68     2043     9986      9055725394      9055735380         4940332       7934       2000      10000          9
   0       68     2044     9951      9055735427      9055745378         4950364       7901       2000      10000          7
   0       68     2043     9990      9055745392      9055755382         4960329       7936       2000      10000         11
   0       68     2043     9982      9055755396      9055765378         4970334       7932       2000      10000          7
   0       68     2044     9987      9055765392      9055775379         4980329       7935       2000      10000          8
   0       68     2045     9986      9055775393      9055785379         4990331       7933       2000      10000          8
   0       68     2043     9987      9055785394      9055795380         5000331       7934       2000      10000          9
   0       68     2043     9985      9055795394      9055805379         5010332       7933       2000      10000          8
   0       68     2043     9987      9055805393      9055815380         5020330       7935       2000      10000          8
   0       68     2043     9986      9055815394      9055825380         5030331       7934       2000      10000          9
   0       68     2043     9988      9055825394      9055835382         5040331       7934       2000      10000         11
   0       68     2044     9980      9055835397      9055845378         5050335       7930       2000      10000          7
   0       68     2044     9987      9055845392      9055855379         5060329       7935       2000      10000          8
   0       68     2043     9986      9055855393      9055865379         5070330       7935       2000      10000          8
   0       68     2043     9987      9055865393      9055875380         5080331       7935       2000      10000          9
   0       68     2044     9987      9055875394      9055885380         5090331       7933       2000      10000          9
   0       68     2043     9987      9055885395      9055895381         5100332       7933       2000      10000         10
   0       68     2043     9983      9055895396      9055905379         5110333       7932       2000      10000          8
   0       68     2043     9985      9055905392      9055915378         5120330       7935       2000      10000          7
   0       68     2043     9986      9055915392      9055925378         5130330       7936       2000      10000          7
   0       68     2043     9987      9055925391      9055935378         5140329       7937       2000      10000          7
   0       68     2044     9986      9055935392      9055945378         5150330       7934       2000      10000          7
   0       68     2044     9990      9055945392      9055955382         5160330       7935       2000      10000         11
   0       68     2043     9983      9055955397      9055965380         5170335       7931       2000      10000          9
   0       68     2043     9984      9055965394      9055975378         5180331       7934       2000      10000          7
   0       68     2043     9986      9055975393      9055985379         5190331       7934       2000      10000          8
   0       68     2043     9988      9055985392      9055995381         5200330       7935       2000      10000          9
   0       68     2043     9983      9055995395      9056005378         5210333       7933       2000      10000          7
   0       68     2043     9985      9056005393      9056015378         5220330       7934       2000      10000          7
   0       68     2044     9987      9056015393      9056025380         5230330       7934       2000      10000          9
   0       68     2043     9986      9056025394      9056035380         5240331       7934       2000      10000          9
   0       68     2044     9982      9056035396      9056045378         5250333       7931       2000      10000          7
   0       68     2043     9987      9056045392      9056055379         5260330       7936       2000      10000          8
   0       68     2043     9985      9056055394      9056065379         5270332       7934       2000      10000          7
   0       68     2044     9952      9056065427      9056075379         5280364       7900       2000      10000          8
   0       68     2043     9984      9056075396      9056085379         5290333       7932       2000      10000          8
   0       68     2043     9984      9056085395      9056095379         5300332       7933       2000      10000          8
   0       68     2043     9984      9056095395      9056105379         5310333       7933       2000      10000          8
   0       68     2044     9987      9056105392      9056115380         5320330       7934       2000      10000          9
   0       68     2043     9985      9056115395      9056125380         5330332       7933       2000      10000          9
   0       68     2043     9985      9056125394      9056135379         5340332       7934       2000      10000          8
   0       68     2043     9984      9056135394      9056145378         5350332       7933       2000      10000          7
   0       68     2043     9987      9056145392      9056155379         5360329       7936       2000      10000          8
   0       68     2043     9985      9056155394      9056165379         5370331       7934       2000      10000          8
   0       68     2044     9986      9056165392      9056175379         5380330       7934       2000      10000          8
   0       68     2044     9987      9056175393      9056185380         5390330       7935       2000      10000          9
   0       68     2043     9984      9056185396      9056195380         5400333       7932       2000      10000          9
   0       68     2043     9980      9056195399      9056205380         5410337       7928       2000      10000          9
   0       68     2043     9980      9056205398      9056215379         5420336       7929       2000      10000          7
   0       68     2043     9981      9056215398      9056225379         5430336       7930       2000      10000          8
   0       68     2043     9983      9056225397      9056235380         5440334       7931       2000      10000          9
   0       68     2043     9979      9056235399      9056245378         5450337       7929       2000      10000          7
   0       68     2044     9982      9056245396      9056255378         5460334       7930       2000      10000          7
   0       68     2043     9983      9056255396      9056265379         5470333       7932       2000      10000          7
   0       68     2043     9985      9056265393      9056275378         5480331       7935       2000      10000          7
   0       68     2044     9985      9056275395      9056285380         5490332       7932       2000      10000          9
   0       68     2043     9985      9056285395      9056295379         5500332       7933       2000      10000          8
   0       68     2043     9985      9056295393      9056305378         5510331       7934       2000      10000          7
   0       68     2045     9986      9056305392      9056315378         5520330       7934       2000      10000          7
   0       68     2043     9987      9056315392      9056325379         5530330       7935       2000      10000          8
   0       68     2043     9990      9056325393      9056335383         5540330       7935       2000      10000         12
   0       68     2044     9983      9056335397      9056345380         5550334       7930       2000      10000          9
   0       68     2043     9987      9056345393      9056355380         5560330       7935       2000      10000          9
   0       68     2043     9985      9056355394      9056365379         5570332       7933       2000      10000          8
   0       68     2043     9987      9056365393      9056375379         5580330       7935       2000      10000          8
   0       68     2043     9987      9056375392      9056385379         5590330       7935       2000      10000          8
   0       68     2043     9986      9056385393      9056395379         5600331       7934       2000      10000          8
   0       68     2043     9944      9056395435      9056405379         5610373       7893       2000      10000          8
   0       68     2043     9984      9056405395      9056415378         5620332       7933       2000      10000          7
   0       68     2044     9986      9056415394      9056425380         5630332       7933       2000      10000          9
   0       68     2043     9986      9056425395      9056435380         5640332       7933       2000      10000          9
   0       68     2044     9983      9056435395      9056445378         5650332       7932       2000      10000          7
   0       68     2044     9987      9056445392      9056455379         5660330       7935       2000      10000          8
   0       68     2043     9984      9056455395      9056465379         5670333       7933       2000      10000          8
   0       68     2043     9985      9056465394      9056475378         5680331       7934       2000      10000          7
   0       68     2043     9986      9056475393      9056485380         5690331       7935       2000      10000          9
   0       68     2043     9985      9056485395      9056495380         5700332       7933       2000      10000          9
   0       68     2043     9985      9056495394      9056505379         5710332       7934       2000      10000          8
   0       68     2044     9985      9056505393      9056515378         5720330       7934       2000      10000          7
   0       68     2043     9987      9056515393      9056525380         5730330       7935       2000      10000          9
   0       68     2043     9986      9056525393      9056535379         5740331       7935       2000      10000          8
   0       68     2044     9985      9056535393      9056545378         5750330       7935       2000      10000          7
   0       68     2044     9986      9056545392      9056555378         5760330       7935       2000      10000          7
   0       68     2044     9986      9056555392      9056565379         5770330       7935       2000      10000          8
   0       68     2043     9986      9056565392      9056575379         5780330       7936       2000      10000          8
   0       68     2044     9985      9056575394      9056585379         5790332       7932       2000      10000          8
   0       68     2043     9986      9056585393      9056595380         5800331       7935       2000      10000          9
   0       68     2043     9984      9056595395      9056605378         5810332       7933       2000      10000          7
   0       68     2043     9986      9056605393      9056615378         5820330       7935       2000      10000          7
   0       68     2043     9986      9056615393      9056625379         5830331       7934       2000      10000          8
   0       68     2043     9987      9056625392      9056635379         5840330       7936       2000      10000          8
   0       68     2044     9987      9056635392      9056645379         5850330       7934       2000      10000          8
   0       68     2044     9986      9056645393      9056655378         5860330       7934       2000      10000          7
   0       68     2043     9989      9056655391      9056665380         5870329       7936       2000      10000          9
   0       68     2043     9984      9056665394      9056675378         5880332       7933       2000      10000          7
   0       68     2043     9987      9056675392      9056685379         5890329       7936       2000      10000          8
   0       68     2043     9986      9056685393      9056695379         5900330       7935       2000      10000          8
   0       68     2043     9985      9056695393      9056705378         5910331       7934       2000      10000          7
   0       68     2043     9987      9056705392      9056715379         5920329       7936       2000      10000          8
   0       68     2044     9985      9056715393      9056725378         5930331       7934       2000      10000          7
   0       68     2043     9953      9056725427      9056735380         5940365       7901       2000      10000          9
   0       68     2044     9983      9056735396      9056745379         5950334       7930       2000      10000          7
   0       68     2044     9988      9056745392      9056755380         5960330       7935       2000      10000          9
   0       68     2043     9981      9056755398      9056765379         5970336       7930       2000      10000          8
   0       68     2043     9986      9056765392      9056775379         5980330       7935       2000      10000          8
   0       68     2044     9981      9056775397      9056785378         5990335       7930       2000      10000          7
   0       68     2043     9983      9056785397      9056795380         6000334       7931       2000      10000          9
   0       68     2043     9982      9056795396      9056805379         6010334       7931       2000      10000          8
   0       68     2044     9987      9056805393      9056815380         6020331       7934       2000      10000          9
   0       68     2044     9983      9056815396      9056825380         6030334       7931       2000      10000          9
   0       68     2043     9984      9056825394      9056835378         6040332       7934       2000      10000          7
   0       68     2044     9985      9056835393      9056845378         6050331       7933       2000      10000          7
   0       68     2043     9985      9056845394      9056855379         6060331       7934       2000      10000          8
   0       68     2043     9985      9056855394      9056865379         6070331       7934       2000      10000          8
   0       68     2044     9985      9056865393      9056875378         6080330       7935       2000      10000          7
   0       68     2043     9986      9056875394      9056885380         6090331       7934       2000      10000          9
   0       68     2043     9990      9056885393      9056895383         6100331       7935       2000      10000         12
   0       68     2043     9980      9056895398      9056905379         6110336       7929       2000      10000          8
   0       68     2044     9986      9056905394      9056915379         6120331       7933       2000      10000          8
   0       68     2044     9986      9056915394      9056925380         6130332       7932       2000      10000          9
   0       68     2043     9985      9056925394      9056935379         6140331       7934       2000      10000          8
   0       68     2043     9984      9056935395      9056945379         6150332       7933       2000      10000          8
   0       68     2043     9985      9056945393      9056955378         6160331       7934       2000      10000          7
   0       68     2043     9985      9056955393      9056965378         6170331       7934       2000      10000          7
   0       68     2043     9985      9056965392      9056975378         6180330       7935       2000      10000          7
   0       68     2044     9987      9056975392      9056985379         6190330       7934       2000      10000          8
   0       68     2043     9988      9056985392      9056995380         6200330       7936       2000      10000          9
   0       68     2043     9982      9056995396      9057005379         6210334       7931       2000      10000          8
   0       68     2043     9986      9057005392      9057015378         6220330       7936       2000      10000          7
   0       68     2044     9985      9057015394      9057025379         6230331       7933       2000      10000          8
   0       68     2043     9985      9057025393      9057035378         6240330       7935       2000      10000          7
   0       68     2044     9986      9057035392      9057045378         6250329       7935       2000      10000          6
   0       68     2044     9988      9057045391      9057055379         6260328       7936       2000      10000          8
   0       68     2043     9957      9057055424      9057065381         6270362       7904       2000      10000         10
   0       68     2044     9984      9057065396      9057075380         6280333       7932       2000      10000          9
   0       68     2044     9984      9057075395      9057085379         6290333       7932       2000      10000          8
   0       68     2043     9987      9057085394      9057095381         6300331       7934       2000      10000          9
   0       68     2043     9983      9057095395      9057105378         6310332       7933       2000      10000          7
   0       68     2044     9986      9057105393      9057115379         6320330       7935       2000      10000          8
   0       68     2045     9986      9057115394      9057125380         6330332       7932       2000      10000          9
   0       68     2043     9983      9057125395      9057135378         6340332       7933       2000      10000          7
   0       68     2045     9985      9057135392      9057145378         6350330       7934       2000      10000          7
   0       68     2043     9986      9057145393      9057155379         6360330       7935       2000      10000          8
   0       68     2043     9986      9057155393      9057165379         6370331       7935       2000      10000          8
   0       68     2043     9985      9057165393      9057175379         6380331       7934       2000      10000          7
   0       68     2044     9984      9057175394      9057185379         6390332       7933       2000      10000          8
   0       68     2043     9987      9057185393      9057195379         6400330       7935       2000      10000          8
   0       68     2044     9985      9057195394      9057205379         6410331       7933       2000      10000          8
   0       68     2043     9984      9057205394      9057215378         6420331       7934       2000      10000          7
   0       68     2044     9986      9057215393      9057225379         6430331       7934       2000      10000          8
   0       68     2043     9984      9057225394      9057235378         6440331       7934       2000      10000          7
   0       68     2044     9987      9057235393      9057245379         6450330       7935       2000      10000          8
   0       68     2043     9985      9057245393      9057255378         6460330       7935       2000      10000          6
   0       68     2043     9988      9057255392      9057265379         6470329       7936       2000      10000          8
   0       68     2043     9986      9057265393      9057275379         6480331       7935       2000      10000          8
   0       68     2044     9987      9057275392      9057285379         6490330       7935       2000      10000          8
   0       68     2043     9984      9057285395      9057295379         6500333       7932       2000      10000          8
   0       68     2043     9979      9057295400      9057305380         6510338       7928       2000      10000          8
   0       68     2043     9980      9057305399      9057315379         6520336       7929       2000      10000          8
   0       68     2044     9979      9057315399      9057325379         6530337       7928       2000      10000          7
   0       68     2043     9983      9057325396      9057335379         6540334       7932       2000      10000          8
   0       68     2045     9984      9057335395      9057345379         6550333       7931       2000      10000          8
   0       68     2044     9985      9057345394      9057355380         6560332       7933       2000      10000          9
   0       68     2043     9984      9057355396      9057365380         6570334       7931       2000      10000          9
   0       68     2043     9984      9057365394      9057375378         6580332       7934       2000      10000          7
   0       68     2044     9987      9057375392      9057385379         6590330       7935       2000      10000          8
   0       68     2043     9942      9057385439      9057395381         6600376       7889       2000      10000         10
   0       68     2043     9983      9057395396      9057405379         6610334       7932       2000      10000          8
   0       68     2043     9985      9057405394      9057415379         6620332       7933       2000      10000          8
   0       68     2043     9985      9057415395      9057425380         6630333       7933       2000      10000          9
   0       68     2043     9985      9057425395      9057435380         6640332       7933       2000      10000          9
   0       68     2043     9983      9057435395      9057445378         6650333       7933       2000      10000          7
   0       68     2043     9986      9057445393      9057455378         6660330       7935       2000      10000          7
   0       68     2043     9985      9057455393      9057465378         6670331       7935       2000      10000          7
   0       68     2044     9985      9057465393      9057475378         6680331       7934       2000      10000          7
   0       68     2043     9986      9057475393      9057485379         6690330       7935       2000      10000          8
   0       68     2043     9986      9057485393      9057495379         6700330       7935       2000      10000          8
   0       68     2043     9985      9057495393      9057505378         6710331       7934       2000      10000          7
   0       68     2044     9986      9057505392      9057515378         6720330       7935       2000      10000          7
   0       68     2043     9986      9057515392      9057525378         6730330       7936       2000      10000          7
   0       68     2043     9987      9057525392      9057535379         6740330       7936       2000      10000          8
   0       68     2044     9985      9057535394      9057545379         6750332       7933       2000      10000          8
   0       68     2044     9988      9057545393      9057555380         6760330       7934       2000      10000          9
   0       68     2043     9985      9057555395      9057565380         6770332       7933       2000      10000          8
   0       68     2044     9985      9057565394      9057575379         6780332       7933       2000      10000          8
   0       68     2043     9985      9057575394      9057585379         6790331       7934       2000      10000          8
   0       68     2043     9986      9057585393      9057595380         6800331       7934       2000      10000          9
   0       68     2043     9983      9057595396      9057605378         6810333       7932       2000      10000          7
   0       68     2044     9986      9057605392      9057615378         6820329       7935       2000      10000          7
   0       68     2045     9989      9057615392      9057625381         6830330       7934       2000      10000         10
   0       68     2043     9982      9057625397      9057635380         6840335       7931       2000      10000          9
   0       68     2044     9983      9057635395      9057645378         6850333       7932       2000      10000          7
   0       68     2044     9986      9057645392      9057655379         6860330       7935       2000      10000          8
   0       68     2043     9985      9057655394      9057665379         6870331       7934       2000      10000          8
   0       68     2044     9987      9057665393      9057675380         6880331       7934       2000      10000          9
   0       68     2043     9986      9057675395      9057685381         6890332       7933       2000      10000         10
   0       68     2043     9983      9057685396      9057695379         6900333       7932       2000      10000          8
   0       68     2043     9986      9057695392      9057705378         6910330       7936       2000      10000          7
   0       68     2043     9988      9057705392      9057715380         6920329       7936       2000      10000          8
   0       68     2043     9940      9057715441      9057725381         6930379       7887       2000      10000         10
   0       68     2043     9983      9057725396      9057735379         6940334       7932       2000      10000          8
   0       68     2043     9985      9057735394      9057745379         6950332       7934       2000      10000          8
   0       68     2043     9986      9057745394      9057755380         6960332       7934       2000      10000          9
   0       68     2043     9984      9057755395      9057765380         6970333       7932       2000      10000          9
   0       68     2043     9985      9057765394      9057775379         6980332       7934       2000      10000          8
   0       68     2043     9990      9057775394      9057785384         6990332       7934       2000      10000         13
   0       68     2043     9982      9057785398      9057795380         7000336       7929       2000      10000          9
   0       68     2043     9981      9057795398      9057805379         7010335       7930       2000      10000          8
   0       68     2043     9987      9057805394      9057815380         7020331       7934       2000      10000          9
   0       68     2043     9988      9057815394      9057825382         7030331       7934       2000      10000         11
   0       68     2043     9982      9057825398      9057835381         7040336       7929       2000      10000         10
   0       68     2043     9976      9057835403      9057845379         7050340       7925       2000      10000          8
   0       68     2043     9987      9057845397      9057855384         7060334       7931       2000      10000         13
   0       68     2043     9975      9057855404      9057865379         7070342       7924       2000      10000          8
   0       68     2044     9982      9057865396      9057875378         7080333       7932       2000      10000          7
   0       68     2043     9985      9057875395      9057885380         7090333       7932       2000      10000          9
   0       68     2043     9985      9057885394      9057895380         7100332       7933       2000      10000          9
   0       68     2043     9984      9057895395      9057905379         7110332       7933       2000      10000          8
   0       68     2044     9986      9057905392      9057915378         7120330       7935       2000      10000          7
   0       68     2043     9987      9057915393      9057925380         7130331       7934       2000      10000          9
   0       68     2043     9984      9057925394      9057935378         7140332       7934       2000      10000          7
   0       68     2044     9986      9057935393      9057945378         7150330       7934       2000      10000          7
   0       68     2043     9986      9057945392      9057955379         7160330       7935       2000      10000          8
   0       68     2043     9985      9057955394      9057965379         7170331       7934       2000      10000          7
   0       68     2043     9997      9057965392      9057975389         7180330       7936       2000      10000         18
   0       68     2043     9975      9057975403      9057985379         7190341       7925       2000      10000          8
   0       68     2043     9986      9057985392      9057995378         7200330       7936       2000      10000          7
   0       68     2043     9987      9057995392      9058005379         7210330       7935       2000      10000          8
   0       68     2044     9985      9058005393      9058015378         7220330       7934       2000      10000          7
   0       68     2044     9988      9058015392      9058025380         7230329       7935       2000      10000          9
   0       68     2043     9986      9058025394      9058035380         7240331       7934       2000      10000          9
   0       68     2044     9984      9058035394      9058045378         7250331       7933       2000      10000          7
   0       68     2043     9957      9058045423      9058055379         7260360       7904       2000      10000          8
   0       68     2043     9983      9058055395      9058065378         7270333       7932       2000      10000          7
   0       68     2044     9985      9058065393      9058075378         7280331       7934       2000      10000          7
   0       68     2044     9986      9058075393      9058085379         7290331       7933       2000      10000          8
   0       68     2043     9987      9058085392      9058095379         7300330       7935       2000      10000          8
   0       68     2043     9984      9058095394      9058105379         7310332       7934       2000      10000          8
   0       68     2044     9985      9058105393      9058115378         7320331       7934       2000      10000          7
   0       68     2043     9989      9058115392      9058125381         7330330       7936       2000      10000         10
   0       68     2043     9981      9058125398      9058135379         7340335       7930       2000      10000          8
   0       68     2043     9984      9058135394      9058145378         7350332       7933       2000      10000          7
   0       68     2044     9986      9058145393      9058155379         7360331       7933       2000      10000          8
   0       68     2043     9985      9058155394      9058165379         7370332       7933       2000      10000          8
   0       68     2044     9985      9058165393      9058175378         7380331       7934       2000      10000          7
   0       68     2044     9988      9058175393      9058185380         7390330       7935       2000      10000          9
   0       68     2043     9987      9058185395      9058195382         7400332       7933       2000      10000         10
   0       68     2043     9982      9058195397      9058205378         7410334       7931       2000      10000          7
   0       68     2044     9985      9058205392      9058215378         7420330       7935       2000      10000          7
   0       68     2043     9986      9058215393      9058225379         7430330       7935       2000      10000          8
   0       68     2043     9985      9058225394      9058235379         7440331       7934       2000      10000          7
   0       68     2044     9985      9058235393      9058245379         7450331       7934       2000      10000          8
   0       68     2044     9986      9058245393      9058255378         7460330       7934       2000      10000          7
   0       68     2044     9989      9058255393      9058265382         7470331       7934       2000      10000         11
   0       68     2043     9982      9058265396      9058275379         7480334       7932       2000      10000          7
   0       68     2044     9986      9058275394      9058285380         7490331       7933       2000      10000          9
   0       68     2043     9985      9058285393      9058295378         7500331       7934       2000      10000          7
   0       68     2043     9985      9058295393      9058305378         7510331       7935       2000      10000          7
   0       68     2044     9986      9058305392      9058315378         7520329       7935       2000      10000          7
   0       68     2044     9988      9058315392      9058325381         7530330       7935       2000      10000          9
   0       68     2043     9985      9058325394      9058335379         7540331       7934       2000      10000          8
   0       68     2044     9984      9058335394      9058345378         7550332       7933       2000      10000          7
   0       68     2044     9986      9058345392      9058355378         7560330       7935       2000      10000          7
   0       68     2043     9985      9058355393      9058365378         7570331       7935       2000      10000          7
   0       68     2043     9985      9058365394      9058375378         7580331       7934       2000      10000          7
   0       68     2043     9944      9058375437      9058385381         7590374       7891       2000      10000         10
   0       68     2043     9982      9058385399      9058395382         7600337       7928       2000      10000         11
   0       68     2043     9978      9058395401      9058405379         7610338       7927       2000      10000          8
   0       68     2043     9989      9058405396      9058415385         7620333       7932       2000      10000         14
   0       68     2043     9984      9058415401      9058425385         7630339       7927       2000      10000         14
   0       68     2043     9978      9058425400      9058435378         7640338       7928       2000      10000          7
   0       68     2043     9985      9058435394      9058445378         7650331       7934       2000      10000          7
   0       68     2044     9986      9058445393      9058455379         7660330       7935       2000      10000          8
   0       68     2043     9986      9058455393      9058465379         7670330       7935       2000      10000          8
   0       68     2044     9985      9058465394      9058475378         7680331       7933       2000      10000          7
   0       68     2043     9987      9058475392      9058485379         7690330       7936       2000      10000          8
   0       68     2043     9988      9058485392      9058495380         7700330       7935       2000      10000          9
   0       68     2043     9983      9058495395      9058505379         7710333       7933       2000      10000          8
   0       68     2043     9984      9058505393      9058515377         7720331       7934       2000      10000          6
   0       68     2044     9987      9058515392      9058525379         7730329       7935       2000      10000          8
   0       68     2043     9985      9058525394      9058535378         7740331       7934       2000      10000          7
   0       68     2044     9985      9058535393      9058545378         7750331       7933       2000      10000          7
   0       68     2043     9986      9058545392      9058555379         7760330       7936       2000      10000          8
   0       68     2043     9987      9058555395      9058565382         7770333       7933       2000      10000         11
   0       68     2043     9982      9058565396      9058575378         7780334       7931       2000      10000          7
   0       68     2044     9988      9058575393      9058585381         7790330       7934       2000      10000          9
   0       68     2043     9985      9058585395      9058595380         7800333       7933       2000      10000          9
   0       68     2043     9983      9058595395      9058605378         7810332       7933       2000      10000          7
   0       68     2044     9985      9058605393      9058615378         7820331       7934       2000      10000          7
   0       68     2043     9987      9058615393      9058625380         7830330       7935       2000      10000          9
   0       68     2043     9986      9058625394      9058635379         7840331       7934       2000      10000          8
   0       68     2043     9983      9058635395      9058645379         7850333       7932       2000      10000          8
   0       68     2043     9986      9058645393      9058655379         7860330       7935       2000      10000          8
   0       68     2043     9984      9058655394      9058665378         7870332       7934       2000      10000          7
   0       68     2043     9986      9058665391      9058675378         7880329       7936       2000      10000          7
   0       68     2044     9985      9058675393      9058685378         7890331       7934       2000      10000          7
   0       68     2043     9989      9058685391      9058695381         7900329       7936       2000      10000         10
   0       68     2043     9984      9058695396      9058705379         7910333       7932       2000      10000          8
   0       68     2043     9954      9058705425      9058715379         7920363       7902       2000      10000          8
   0       68     2043     9984      9058715396      9058725380         7930334       7932       2000      10000          9
   0       68     2043     9985      9058725395      9058735380         7940332       7933       2000      10000          9
   0       68     2043     9983      9058735395      9058745378         7950333       7933       2000      10000          7
   0       68     2043     9987      9058745391      9058755379         7960329       7936       2000      10000          7
   0       68     2044     9988      9058755393      9058765380         7970330       7935       2000      10000          9
   0       68     2043     9985      9058765394      9058775379         7980331       7934       2000      10000          8
   0       68     2043     9988      9058775392      9058785380         7990330       7936       2000      10000          9
   0       68     2043     9987      9058785394      9058795381         8000332       7933       2000      10000         10
   0       68     2043     9983      9058795396      9058805379         8010334       7931       2000      10000          8
   0       68     2044     9984      9058805394      9058815378         8020331       7934       2000      10000          7
   0       68     2044     9988      9058815392      9058825379         8030329       7935       2000      10000          8
   0       68     2043     9985      9058825394      9058835379         8040332       7934       2000      10000          8
   0       68     2045     9986      9058835393      9058845379         8050330       7934       2000      10000          8
   0       68     2043     9986      9058845394      9058855379         8060331       7934       2000      10000          8
   0       68     2043     9986      9058855393      9058865380         8070331       7934       2000      10000          9
   0       68     2044     9985      9058865393      9058875378         8080330       7934       2000      10000          7
   0       68     2043     9988      9058875392      9058885379         8090329       7936       2000      10000          8
   0       68     2043     9993      9058885393      9058895387         8100331       7934       2000      10000         16
   0       68     2043     9977      9058895403      9058905380         8110341       7925       2000      10000          9
   0       68     2043     9978      9058905401      9058915379         8120338       7927       2000      10000          8
   0       68     2043     9979      9058915399      9058925378         8130337       7928       2000      10000          7
   0       68     2043     9982      9058925396      9058935378         8140334       7932       2000      10000          7
   0       68     2043     9978      9058935399      9058945377         8150337       7929       2000      10000          6
   0       68     2043     9984      9058945395      9058955379         8160333       7933       2000      10000          8
   0       68     2043     9982      9058955396      9058965379         8170334       7932       2000      10000          7
   0       68     2043     9983      9058965395      9058975378         8180332       7933       2000      10000          6
   0       68     2043     9985      9058975394      9058985379         8190331       7934       2000      10000          8
   0       68     2043     9992      9058985393      9058995385         8200331       7934       2000      10000         14
   0       68     2043     9980      9058995400      9059005380         8210337       7928       2000      10000          9
   0       68     2043     9984      9059005394      9059015379         8220332       7933       2000      10000          8
   0       68     2044     9985      9059015395      9059025379         8230332       7933       2000      10000          8
   0       68     2043     9986      9059025393      9059035380         8240331       7935       2000      10000          8
   0       68     2044     9953      9059035426      9059045378         8250363       7901       2000      10000          7
   0       68     2043     9986      9059045393      9059055379         8260330       7935       2000      10000          8
   0       68     2043     9984      9059055394      9059065379         8270332       7934       2000      10000          8
   0       68     2044     9985      9059065393      9059075378         8280331       7934       2000      10000          7
   0       68     2043     9987      9059075391      9059085378         8290329       7937       2000      10000          7
   0       68     2043     9988      9059085391      9059095379         8300329       7936       2000      10000          8
   0       68     2043     9985      9059095394      9059105379         8310331       7934       2000      10000          7
   0       68     2043     9987      9059105391      9059115378         8320329       7936       2000      10000          7
   0       68     2043     9986      9059115392      9059125379         8330330       7936       2000      10000          8
   0       68     2043     9987      9059125392      9059135379         8340330       7936       2000      10000          8
   0       68     2044     9986      9059135393      9059145379         8350331       7934       2000      10000          8
   0       68     2044     9987      9059145393      9059155379         8360330       7934       2000      10000          8
   0       68     2043     9984      9059155395      9059165379         8370332       7933       2000      10000          8
   0       68     2043     9986      9059165393      9059175378         8380330       7935       2000      10000          7
   0       68     2043     9986      9059175393      9059185379         8390331       7935       2000      10000          8
   0       68     2043     9989      9059185393      9059195382         8400330       7935       2000      10000         11
   0       68     2043     9982      9059195397      9059205379         8410335       7931       2000      10000          8
   0       68     2043     9985      9059205393      9059215378         8420330       7935       2000      10000          7
   0       68     2044     9987      9059215392      9059225380         8430330       7935       2000      10000          8
   0       68     2043     9990      9059225393      9059235384         8440331       7935       2000      10000         13
   0       68     2043     9979      9059235398      9059245378         8450336       7929       2000      10000          7
   0       68     2043     9987      9059245392      9059255378         8460329       7936       2000      10000          7
   0       68     2044     9986      9059255393      9059265379         8470330       7934       2000      10000          8
   0       68     2045     9986      9059265393      9059275379         8480331       7933       2000      10000          7
   0       68     2043     9986      9059275393      9059285379         8490331       7935       2000      10000          8
   0       68     2043     9987      9059285393      9059295380         8500330       7935       2000      10000          9
   0       68     2043     9986      9059295394      9059305380         8510332       7934       2000      10000          8
   0       68     2044     9984      9059305394      9059315378         8520332       7933       2000      10000          7
   0       68     2043     9986      9059315393      9059325378         8530330       7935       2000      10000          7
   0       68     2044     9988      9059325392      9059335380         8540330       7935       2000      10000          9
   0       68     2043     9985      9059335394      9059345379         8550332       7934       2000      10000          8
   0       68     2044     9987      9059345392      9059355380         8560330       7934       2000      10000          9
   0       68     2043     9985      9059355395      9059365380         8570332       7933       2000      10000          8
   0       68     2044     9951      9059365428      9059375379         8580366       7899       2000      10000          8
   0       68     2043     9985      9059375395      9059385380         8590332       7933       2000      10000          9
   0       68     2043     9985      9059385393      9059395379         8600331       7934       2000      10000          8
   0       68     2043     9985      9059395394      9059405379         8610332       7933       2000      10000          8
   0       68     2044     9985      9059405394      9059415379         8620332       7933       2000      10000          8
   0       68     2044     9987      9059415394      9059425381         8630331       7934       2000      10000          9
   0       68     2043     9983      9059425395      9059435379         8640333       7933       2000      10000          8
   0       68     2044     9984      9059435394      9059445378         8650332       7933       2000      10000          7
   0       68     2043     9986      9059445392      9059455378         8660330       7935       2000      10000          7
   0       68     2043     9981      9059455400      9059465381         8670337       7928       2000      10000         10
   0       68     2043     9980      9059465400      9059475380         8680338       7928       2000      10000          9
   0       68     2044     9981      9059475399      9059485380         8690336       7928       2000      10000          9
   0       68     2043     9981      9059485399      9059495380         8700336       7929       2000      10000          9
   0       68     2043     9982      9059495398      9059505379         8710335       7930       2000      10000          8
   0       68     2043     9982      9059505396      9059515378         8720333       7932       2000      10000          7
   0       68     2043     9984      9059515396      9059525380         8730334       7932       2000      10000          9
   0       68     2043     9989      9059525396      9059535385         8740334       7932       2000      10000         14
   0       68     2044     9978      9059535401      9059545380         8750339       7926       2000      10000          8
   0       68     2043     9985      9059545393      9059555378         8760331       7935       2000      10000          7
   0       68     2043     9986      9059555393      9059565379         8770330       7935       2000      10000          8
   0       68     2045     9985      9059565393      9059575378         8780331       7933       2000      10000          7
   0       68     2044     9986      9059575392      9059585379         8790330       7935       2000      10000          8
   0       68     2043     9987      9059585392      9059595379         8800330       7936       2000      10000          8
   0       68     2043     9985      9059595394      9059605379         8810332       7934       2000      10000          8
   0       68     2044     9987      9059605393      9059615380         8820330       7934       2000      10000          8
   0       68     2044     9985      9059615394      9059625379         8830331       7933       2000      10000          8
   0       68     2043     9986      9059625393      9059635379         8840331       7935       2000      10000          8
   0       68     2044     9984      9059635394      9059645378         8850331       7934       2000      10000          7
   0       68     2043     9986      9059645392      9059655379         8860330       7936       2000      10000          8
   0       68     2043     9988      9059655393      9059665381         8870331       7935       2000      10000         10
   0       68     2043     9984      9059665395      9059675379         8880333       7933       2000      10000          8
   0       68     2043     9986      9059675393      9059685379         8890330       7935       2000      10000          8
   0       68     2043     9986      9059685393      9059695379         8900331       7935       2000      10000          8
   0       68     2043     9951      9059695428      9059705379         8910366       7899       2000      10000          8
   0       68     2044     9984      9059705395      9059715378         8920332       7933       2000      10000          7
   0       68     2043     9986      9059715394      9059725380         8930331       7934       2000      10000          9
   0       68     2043     9985      9059725395      9059735380         8940333       7932       2000      10000          9
   0       68     2043     9984      9059735396      9059745379         8950333       7932       2000      10000          8
   0       68     2043     9986      9059745395      9059755381         8960332       7933       2000      10000         10
   0       68     2043     9984      9059755395      9059765379         8970333       7933       2000      10000          8
   0       68     2043     9985      9059765394      9059775379         8980332       7934       2000      10000          7
   0       68     2044     9984      9059775394      9059785378         8990332       7933       2000      10000          7
   0       68     2043     9985      9059785393      9059795378         9000330       7935       2000      10000          7
   0       68     2043     9987      9059795392      9059805379         9010330       7936       2000      10000          8
   0       68     2043     9986      9059805394      9059815379         9020331       7934       2000      10000          8
   0       68     2043     9985      9059815395      9059825379         9030333       7933       2000      10000          8
   0       68     2043     9986      9059825394      9059835380         9040331       7934       2000      10000          9
   0       68     2043     9986      9059835394      9059845380         9050331       7934       2000      10000          8
   0       68     2043     9985      9059845394      9059855379         9060331       7934       2000      10000          8
   0       68     2043     9987      9059855392      9059865379         9070330       7935       2000      10000          8
   0       68     2043     9985      9059865394      9059875379         9080331       7934       2000      10000          8
   0       68     2043     9985      9059875393      9059885378         9090331       7934       2000      10000          7
   0       68     2043     9988      9059885392      9059895380         9100330       7936       2000      10000          9
   0       68     2043     9984      9059895395      9059905379         9110332       7933       2000      10000          8
   0       68     2044     9986      9059905394      9059915380         9120331       7934       2000      10000          9
   0       68     2043     9986      9059915394      9059925379         9130331       7934       2000      10000          8
   0       68     2043     9986      9059925392      9059935379         9140330       7935       2000      10000          7
   0       68     2044     9985      9059935393      9059945378         9150330       7934       2000      10000          7
   0       68     2044     9987      9059945391      9059955379         9160329       7936       2000      10000          7
   0       68     2043     9993      9059955393      9059965386         9170330       7935       2000      10000         14
   0       68     2043     9979      9059965399      9059975378         9180337       7929       2000      10000          7
   0       68     2044     9987      9059975392      9059985380         9190330       7934       2000      10000          9
   0       68     2043     9986      9059985394      9059995380         9200331       7934       2000      10000          9
   0       68     2043     9977      9059995402      9060005380         9210340       7926       2000      10000          9
   0       68     2043     9985      9060005394      9060015379         9220332       7934       2000      10000          8
   0       68     2044     9980      9060015399      9060025378         9230336       7928       2000      10000          7
   0       68     2043     9948      9060025433      9060035381         9240370       7895       2000      10000         10
   0       68     2043     9988      9060035399      9060045387         9250337       7928       2000      10000         16
   0       68     2043     9975      9060045403      9060055378         9260340       7925       2000      10000          7
   0       68     2043     9987      9060055394      9060065380         9270331       7934       2000      10000          9
   0       68     2043     9982      9060065397      9060075379         9280334       7931       2000      10000          8
   0       68     2044     9985      9060075394      9060085379         9290332       7932       2000      10000          8
   0       68     2043     9986      9060085394      9060095380         9300332       7934       2000      10000          9
   0       68     2043     9984      9060095395      9060105379         9310333       7933       2000      10000          8
   0       68     2044     9985      9060105393      9060115378         9320331       7934       2000      10000          7
   0       68     2044     9988      9060115394      9060125381         9330331       7933       2000      10000         10
   0       68     2043     9984      9060125396      9060135379         9340333       7932       2000      10000          8
   0       68     2044     9984      9060135395      9060145378         9350332       7932       2000      10000          7
   0       68     2044     9987      9060145392      9060155379         9360329       7935       2000      10000          7
   0       68     2043     9987      9060155392      9060165379         9370330       7936       2000      10000          8
   0       68     2044     9985      9060165392      9060175377         9380329       7935       2000      10000          6
   0       68     2044     9989      9060175391      9060185380         9390329       7936       2000      10000          9
   0       68     2043     9986      9060185394      9060195379         9400331       7934       2000      10000          8
   0       68     2043     9986      9060195393      9060205379         9410331       7935       2000      10000          8
   0       68     2043     9986      9060205393      9060215379         9420330       7935       2000      10000          8
   0       68     2043     9985      9060215394      9060225379         9430331       7934       2000      10000          8
   0       68     2043     9985      9060225394      9060235379         9440331       7934       2000      10000          8
   0       68     2045     9984      9060235394      9060245378         9450331       7932       2000      10000          7
   0       68     2044     9987      9060245391      9060255378         9460329       7936       2000      10000          7
   0       68     2043     9986      9060255393      9060265378         9470330       7935       2000      10000          7
   0       68     2043     9988      9060265391      9060275379         9480329       7936       2000      10000          8
   0       68     2044     9983      9060275395      9060285378         9490333       7932       2000      10000          7
   0       68     2043     9986      9060285393      9060295379         9500331       7934       2000      10000          8
   0       68     2043     9983      9060295395      9060305379         9510333       7933       2000      10000          8
   0       68     2044     9985      9060305393      9060315378         9520330       7934       2000      10000          7
   0       68     2043     9986      9060315393      9060325379         9530330       7935       2000      10000          8
   0       68     2043     9987      9060325394      9060335381         9540331       7934       2000      10000          9
   0       68     2043     9984      9060335395      9060345379         9550333       7932       2000      10000          8
   0       68     2044     9986      9060345393      9060355379         9560331       7934       2000      10000          8
   0       68     2043     9955      9060355424      9060365379         9570362       7903       2000      10000          8
   0       68     2043     9983      9060365395      9060375378         9580333       7932       2000      10000          7
   0       68     2044     9985      9060375394      9060385379         9590332       7933       2000      10000          8
   0       68     2043     9985      9060385394      9060395379         9600332       7934       2000      10000          8
   0       68     2043     9985      9060395394      9060405379         9610331       7934       2000      10000          8
   0       68     2044     9984      9060405393      9060415378         9620331       7934       2000      10000          7
   0       68     2044     9987      9060415393      9060425380         9630331       7934       2000      10000          8
   0       68     2043     9985      9060425394      9060435379         9640331       7934       2000      10000          8
   0       68     2044     9985      9060435394      9060445379         9650331       7933       2000      10000          8
   0       68     2044     9985      9060445393      9060455378         9660331       7934       2000      10000          7
   0       68     2043     9987      9060455393      9060465380         9670331       7935       2000      10000          9
   0       68     2044     9985      9060465393      9060475379         9680331       7933       2000      10000          8
   0       68     2044     9986      9060475395      9060485380         9690332       7933       2000      10000          9
   0       68     2043     9984      9060485395      9060495379         9700332       7933       2000      10000          8
   0       68     2044     9986      9060495394      9060505380         9710331       7934       2000      10000          8
   0       68     2043     9984      9060505394      9060515378         9720331       7934       2000      10000          7
   0       68     2044     9987      9060515393      9060525380         9730330       7934       2000      10000          9
   0       68     2043     9983      9060525396      9060535378         9740333       7932       2000      10000          7
   0       68     2043     9980      9060535400      9060545380         9750337       7928       2000      10000          9
   0       68     2044     9980      9060545398      9060555379         9760336       7929       2000      10000          8
   0       68     2043     9979      9060555399      9060565378         9770337       7929       2000      10000          7
   0       68     2043     9984      9060565394      9060575379         9780332       7933       2000      10000          7
   0       68     2044     9986      9060575395      9060585381         9790333       7932       2000      10000         10
   0       68     2043     9983      9060585397      9060595380         9800334       7931       2000      10000          9
   0       68     2043     9982      9060595398      9060605379         9810335       7930       2000      10000          8
   0       68     2044     9983      9060605395      9060615378         9820332       7932       2000      10000          7
   0       68     2043     9984      9060615395      9060625379         9830332       7933       2000      10000          8
   0       68     2043     9984      9060625394      9060635378         9840332       7933       2000      10000          7
   0       68     2044     9984      9060635394      9060645378         9850331       7933       2000      10000          7
   0       68     2044     9988      9060645392      9060655380         9860329       7936       2000      10000          9
   0       68     2043     9984      9060655395      9060665379         9870333       7933       2000      10000          8
   0       68     2044     9986      9060665393      9060675378         9880330       7934       2000      10000          7
   0       68     2044     9987      9060675393      9060685380         9890331       7934       2000      10000          9
   0       68     2043     9953      9060685429      9060695382         9900366       7899       2000      10000         11
   0       68     2043     9980      9060695399      9060705379         9910336       7929       2000      10000          8
   0       68     2044     9984      9060705394      9060715378         9920332       7933       2000      10000          7
   0       68     2044     9983      9060715395      9060725378         9930332       7932       2000      10000          7
   0       68     2043     9987      9060725392      9060735379         9940330       7935       2000      10000          8
   0       68     2044     9986      9060735394      9060745380         9950332       7933       2000      10000          9
   0       68     2044     9985      9060745395      9060755380         9960333       7931       2000      10000          9
   0       68     2043     9983      9060755396      9060765379         9970333       7932       2000      10000          8
   0       68     2044     9985      9060765394      9060775378         9980331       7934       2000      10000          7
   0       68     2043     9984      9060775395      9060785378         9990332       7933       2000      10000          7
   0       68     2043     9986      9060785393      9060795379        10000331       7934       2000      10000          8
   0       68     2043     9984      9060795395      9060805379        10010332       7933       2000      10000          8
   0       68     2044     9985      9060805392      9060815378        10020330       7935       2000      10000          7
   0       68     2044     9987      9060815393      9060825379        10030330       7934       2000      10000          8
   0       68     2043     9985      9060825393      9060835379        10040331       7935       2000      10000          7
   0       68     2044     9984      9060835394      9060845378        10050332       7933       2000      10000          7
   0       68     2043     9986      9060845392      9060855378        10060330       7936       2000      10000          7
   0       68     2043     9985      9060855393      9060865378        10070331       7935       2000      10000          7
   0       68     2044     9986      9060865393      9060875378        10080330       7934       2000      10000          7
   0       68     2044     9986      9060875393      9060885379        10090331       7934       2000      10000          8
   0       68     2043     9988      9060885393      9060895380        10100330       7935       2000      10000          9
   0       68     2043     9984      9060895395      9060905379        10110333       7933       2000      10000          8
   0       68     2044     9985      9060905393      9060915378        10120330       7934       2000      10000          7
   0       68     2044     9988      9060915393      9060925381        10130331       7934       2000      10000         10
   0       68     2043     9985      9060925394      9060935379        10140332       7934       2000      10000          8
   0       68     2043     9984      9060935393      9060945378        10150331       7934       2000      10000          7
   0       68     2044     9987      9060945392      9060955379        10160329       7935       2000      10000          8
   0       68     2043     9984      9060955394      9060965378        10170331       7934       2000      10000          7
   0       68     2044     9987      9060965391      9060975378        10180328       7936       2000      10000          7
   0       68     2044     9987      9060975392      9060985379        10190330       7935       2000      10000          8
   0       68     2043     9990      9060985392      9060995382        10200330       7935       2000      10000         11
   0       68     2043     9982      9060995397      9061005379        10210335       7931       2000      10000          8
   0       68     2044     9986      9061005393      9061015378        10220330       7934       2000      10000          7
   0       68     2043     9987      9061015393      9061025379        10230330       7935       2000      10000          8
   0       68     2043     9953      9061025426      9061035379        10240364       7902       2000      10000          8
   0       68     2043     9983      9061035396      9061045378        10250333       7932       2000      10000          7
   0       68     2044     9984      9061045394      9061055378        10260331       7933       2000      10000          7
   0       68     2043     9988      9061055394      9061065382        10270332       7933       2000      10000         11
   0       68     2043     9977      9061065401      9061075378        10280339       7927       2000      10000          7
   0       68     2043     9981      9061075399      9061085380        10290336       7929       2000      10000          9
   0       68     2043     9981      9061085398      9061095379        10300336       7929       2000      10000          8
   0       68     2043     9981      9061095399      9061105380        10310336       7929       2000      10000          9
   0       68     2044     9981      9061105398      9061115379        10320336       7929       2000      10000          8
   0       68     2044     9984      9061115396      9061125380        10330334       7931       2000      10000          9
   0       68     2043     9983      9061125396      9061135379        10340334       7932       2000      10000          8
   0       68     2045     9984      9061135397      9061145381        10350334       7930       2000      10000          9
   0       68     2043     9983      9061145396      9061155380        10360334       7932       2000      10000          9
   0       68     2043     9983      9061155396      9061165379        10370333       7932       2000      10000          8
   0       68     2043     9985      9061165394      9061175379        10380332       7934       2000      10000          8
   0       68     2043     9984      9061175394      9061185378        10390332       7933       2000      10000          7
   0       68     2043     9987      9061185392      9061195380        10400330       7936       2000      10000          8
   0       68     2043     9983      9061195395      9061205378        10410333       7933       2000      10000          7
   0       68     2043     9986      9061205393      9061215379        10420330       7935       2000      10000          8
   0       68     2044     9986      9061215394      9061225379        10430331       7933       2000      10000          8
   0       68     2043     9985      9061225394      9061235379        10440331       7934       2000      10000          8
   0       68     2044     9984      9061235394      9061245378        10450331       7933       2000      10000          7
   0       68     2043     9988      9061245391      9061255379        10460329       7936       2000      10000          8
   0       68     2043     9984      9061255394      9061265378        10470331       7934       2000      10000          7
   0       68     2044     9987      9061265392      9061275379        10480330       7935       2000      10000          8
   0       68     2045     9985      9061275393      9061285378        10490331       7933       2000      10000          7
   0       68     2043     9987      9061285391      9061295378        10500329       7937       2000      10000          7
   0       68     2043     9987      9061295392      9061305379        10510330       7936       2000      10000          8
   0       68     2044     9985      9061305393      9061315379        10520331       7933       2000      10000          8
   0       68     2043     9986      9061315393      9061325379        10530330       7935       2000      10000          8
   0       68     2043     9985      9061325393      9061335378        10540331       7935       2000      10000          7
   0       68     2043     9984      9061335393      9061345378        10550331       7934       2000      10000          7
   0       68     2044     9985      9061345393      9061355378        10560330       7935       2000      10000          7
   0       68     2043     9942      9061355437      9061365378        10570374       7891       2000      10000          7
   0       68     2043     9983      9061365395      9061375378        10580333       7933       2000      10000          7
   0       68     2044     9984      9061375396      9061385379        10590333       7931       2000      10000          8
   0       68     2043     9986      9061385395      9061395380        10600332       7933       2000      10000          9
   0       68     2043     9982      9061395397      9061405380        10610335       7931       2000      10000          9
   0       68     2044     9984      9061405395      9061415379        10620333       7932       2000      10000          8
   0       68     2043     9986      9061415394      9061425380        10630332       7933       2000      10000          9
   0       68     2043     9983      9061425395      9061435378        10640333       7932       2000      10000          7
   0       68     2044     9985      9061435393      9061445379        10650331       7933       2000      10000          7
   0       68     2043     9986      9061445394      9061455379        10660331       7934       2000      10000          8
   0       68     2044     9985      9061455394      9061465379        10670331       7933       2000      10000          8
   0       68     2043     9985      9061465394      9061475379        10680331       7934       2000      10000          8
   0       68     2043     9983      9061475395      9061485378        10690332       7933       2000      10000          7
   0       68     2043     9985      9061485393      9061495379        10700331       7935       2000      10000          8
   0       68     2043     9985      9061495394      9061505378        10710331       7934       2000      10000          7
   0       68     2044     9986      9061505392      9061515378        10720329       7935       2000      10000          7
   0       68     2045     9985      9061515394      9061525379        10730331       7932       2000      10000          8
   0       68     2043     9986      9061525393      9061535379        10740331       7935       2000      10000          8
   0       68     2044     9985      9061535393      9061545378        10750331       7934       2000      10000          7
   0       68     2043     9986      9061545393      9061555379        10760330       7935       2000      10000          8
   0       68     2043     9985      9061555393      9061565379        10770331       7935       2000      10000          7
   0       68     2043     9987      9061565393      9061575380        10780330       7935       2000      10000          9
   0       68     2044     9986      9061575395      9061585381        10790332       7932       2000      10000         10
   0       68     2043     9984      9061585395      9061595379        10800332       7933       2000      10000          8
   0       68     2043     9985      9061595394      9061605379        10810331       7934       2000      10000          8
   0       68     2044     9985      9061605393      9061615378        10820331       7933       2000      10000          7
   0       68     2043     9985      9061615394      9061625379        10830332       7933       2000      10000          8
   0       68     2043     9979      9061625401      9061635379        10840338       7927       2000      10000          8
   0       68     2043     9978      9061635400      9061645378        10850337       7928       2000      10000          7
   0       68     2044     9984      9061645395      9061655379        10860333       7932       2000      10000          8
   0       68     2043     9983      9061655397      9061665380        10870334       7931       2000      10000          9
   0       68     2043     9985      9061665394      9061675379        10880332       7934       2000      10000          8
   0       68     2044     9982      9061675397      9061685379        10890335       7930       2000      10000          8
   0       68     2043     9947      9061685433      9061695380        10900371       7894       2000      10000          9
   0       68     2043     9978      9061695400      9061705379        10910338       7927       2000      10000          8
   0       68     2044     9984      9061705395      9061715379        10920333       7932       2000      10000          8
   0       68     2043     9983      9061715397      9061725381        10930335       7930       2000      10000         10
   0       68     2043     9983      9061725396      9061735379        10940334       7932       2000      10000          8
   0       68     2044     9984      9061735396      9061745381        10950334       7930       2000      10000          9
   0       68     2043     9984      9061745396      9061755381        10960334       7932       2000      10000          9
   0       68     2043     9983      9061755397      9061765380        10970335       7930       2000      10000          9
   0       68     2043     9985      9061765393      9061775378        10980331       7935       2000      10000          7
   0       68     2044     9984      9061775395      9061785378        10990332       7933       2000      10000          7
   0       68     2043     9987      9061785392      9061795379        11000330       7936       2000      10000          8
   0       68     2043     9985      9061795394      9061805379        11010331       7934       2000      10000          8
   0       68     2043     9986      9061805393      9061815379        11020330       7935       2000      10000          8
   0       68     2044     9986      9061815395      9061825381        11030332       7932       2000      10000          9
   0       68     2043     9985      9061825395      9061835381        11040333       7932       2000      10000         10
   0       68     2043     9984      9061835396      9061845380        11050334       7931       2000      10000          9
   0       68     2043     9985      9061845394      9061855379        11060332       7933       2000      10000          8
   0       68     2043     9985      9061855395      9061865380        11070332       7933       2000      10000          9
   0       68     2043     9986      9061865394      9061875379        11080331       7934       2000      10000          8
   0       68     2043     9982      9061875397      9061885380        11090335       7931       2000      10000          9
   0       68     2043     9987      9061885393      9061895380        11100331       7934       2000      10000          9
   0       68     2043     9984      9061895395      9061905380        11110333       7933       2000      10000          8
   0       68     2044     9986      9061905393      9061915379        11120330       7934       2000      10000          8
   0       68     2044     9987      9061915394      9061925380        11130331       7933       2000      10000          9
   0       68     2043     9985      9061925394      9061935379        11140332       7934       2000      10000          8
   0       68     2043     9986      9061935394      9061945379        11150331       7934       2000      10000          8
   0       68     2044     9986      9061945394      9061955379        11160331       7933       2000      10000          8
   0       68     2043     9985      9061955395      9061965380        11170332       7933       2000      10000          9
   0       68     2043     9994      9061965394      9061975388        11180331       7934       2000      10000         17
   0       68     2043     9974      9061975404      9061985378        11190341       7924       2000      10000          7
   0       68     2043     9987      9061985392      9061995379        11200329       7936       2000      10000          8
   0       68     2043     9985      9061995394      9062005379        11210331       7933       2000      10000          8
   0       68     2044     9987      9062005392      9062015379        11220330       7935       2000      10000          8
   0       68     2044     9955      9062015425      9062025380        11230362       7902       2000      10000          9
   0       68     2043     9984      9062025396      9062035381        11240334       7932       2000      10000          9
   0       68     2044     9982      9062035397      9062045379        11250335       7930       2000      10000          8
   0       68     2044     9988      9062045393      9062055381        11260331       7934       2000      10000         10
   0       68     2043     9986      9062055396      9062065382        11270333       7932       2000      10000         11
   0       68     2043     9983      9062065396      9062075379        11280333       7932       2000      10000          7
   0       68     2044     9985      9062075394      9062085379        11290331       7933       2000      10000          7
   0       68     2043     9994      9062085392      9062095385        11300329       7936       2000      10000         14
   0       68     2043     9979      9062095400      9062105379        11310338       7928       2000      10000          8
   0       68     2043     9986      9062105393      9062115379        11320330       7935       2000      10000          8
   0       68     2043     9986      9062115394      9062125380        11330332       7933       2000      10000          9
   0       68     2043     9981      9062125398      9062135379        11340335       7930       2000      10000          8
   0       68     2043     9985      9062135395      9062145380        11350332       7933       2000      10000          9
   0       68     2044     9983      9062145397      9062155380        11360334       7930       2000      10000          9
   0       68     2043     9983      9062155395      9062165379        11370333       7932       2000      10000          8
   0       68     2043     9980      9062165399      9062175379        11380336       7929       2000      10000          8
   0       68     2043     9977      9062175403      9062185380        11390340       7925       2000      10000          9
   0       68     2043     9982      9062185397      9062195379        11400335       7931       2000      10000          8
   0       68     2043     9979      9062195399      9062205378        11410336       7929       2000      10000          7
   0       68     2044     9987      9062205393      9062215380        11420330       7934       2000      10000          9
   0       68     2044     9982      9062215397      9062225379        11430335       7930       2000      10000          8
   0       68     2043     9985      9062225395      9062235379        11440332       7933       2000      10000          8
   0       68     2044     9982      9062235397      9062245378        11450334       7931       2000      10000          7
   0       68     2043     9990      9062245394      9062255384        11460331       7934       2000      10000         13
   0       68     2043     9978      9062255401      9062265379        11470338       7927       2000      10000          8
   0       68     2043     9986      9062265393      9062275379        11480331       7935       2000      10000          8
   0       68     2043     9985      9062275394      9062285379        11490332       7934       2000      10000          7
   0       68     2043     9986      9062285393      9062295379        11500331       7935       2000      10000          8
   0       68     2043     9985      9062295393      9062305379        11510331       7935       2000      10000          7
   0       68     2044     9985      9062305392      9062315378        11520330       7934       2000      10000          7
   0       68     2043     9986      9062315393      9062325379        11530330       7935       2000      10000          8
   0       68     2043     9996      9062325393      9062335389        11540330       7935       2000      10000         18
   0       68     2043     9976      9062335403      9062345379        11550341       7925       2000      10000          8
   0       68     2044     9952      9062345427      9062355379        11560365       7900       2000      10000          8
   0       68     2043     9985      9062355395      9062365380        11570333       7932       2000      10000          9
   0       68     2043     9984      9062365395      9062375379        11580333       7933       2000      10000          8
   0       68     2043     9982      9062375397      9062385379        11590335       7931       2000      10000          8
   0       68     2043     9986      9062385393      9062395379        11600331       7934       2000      10000          8
   0       68     2043     9985      9062395395      9062405380        11610332       7933       2000      10000          9
   0       68     2044     9985      9062405394      9062415379        11620331       7934       2000      10000          8
   0       68     2044     9988      9062415394      9062425382        11630331       7933       2000      10000         11
   0       68     2043     9985      9062425396      9062435380        11640333       7932       2000      10000          9
   0       68     2043     9984      9062435396      9062445379        11650333       7932       2000      10000          8
   0       68     2044     9986      9062445394      9062455380        11660331       7933       2000      10000          9
   0       68     2043     9984      9062455395      9062465379        11670332       7933       2000      10000          8
   0       68     2043     9986      9062465393      9062475379        11680330       7935       2000      10000          8
   0       68     2043     9982      9062475395      9062485378        11690333       7932       2000      10000          7
   0       68     2043     9998      9062485392      9062495390        11700329       7936       2000      10000         19
   0       68     2043     9972      9062495406      9062505379        11710344       7922       2000      10000          8
   0       68     2044     9985      9062505394      9062515378        11720331       7933       2000      10000          7
   0       68     2044     9986      9062515394      9062525380        11730331       7933       2000      10000          9
   0       68     2043     9986      9062525394      9062535380        11740331       7934       2000      10000          9
   0       68     2044     9982      9062535396      9062545378        11750334       7931       2000      10000          7
   0       68     2043     9988      9062545393      9062555380        11760330       7935       2000      10000          9
   0       68     2043     9983      9062555396      9062565379        11770334       7932       2000      10000          8
   0       68     2044     9986      9062565393      9062575380        11780331       7934       2000      10000          9
   0       68     2043     9984      9062575395      9062585380        11790333       7933       2000      10000          9
   0       68     2043     9985      9062585394      9062595379        11800332       7933       2000      10000          8
   0       68     2043     9985      9062595393      9062605378        11810331       7935       2000      10000          7
   0       68     2043     9988      9062605392      9062615380        11820330       7935       2000      10000          9
   0       68     2044     9985      9062615394      9062625378        11830331       7934       2000      10000          7
   0       68     2043     9986      9062625392      9062635378        11840329       7936       2000      10000          7
   0       68     2044     9987      9062635392      9062645379        11850329       7936       2000      10000          8
   0       68     2044     9988      9062645392      9062655380        11860330       7935       2000      10000          9
   0       68     2043     9985      9062655394      9062665379        11870331       7934       2000      10000          8
   0       68     2044     9986      9062665392      9062675378        11880330       7935       2000      10000          7
   0       68     2044     9955      9062675426      9062685381        11890364       7901       2000      10000         10
   0       68     2043     9984      9062685397      9062695380        11900334       7931       2000      10000          9
   0       68     2043     9983      9062695396      9062705379        11910333       7932       2000      10000          8
   0       68     2043     9983      9062705396      9062715379        11920334       7931       2000      10000          8
   0       68     2043     9989      9062715399      9062725388        11930337       7929       2000      10000         17
   0       68     2043     9973      9062725407      9062735380        11940344       7921       2000      10000          8
   0       68     2043     9979      9062735400      9062745379        11950337       7928       2000      10000          8
   0       68     2044     9981      9062745398      9062755378        11960335       7929       2000      10000          7
   0       68     2043     9984      9062755396      9062765379        11970333       7932       2000      10000          8
   0       68     2043     9983      9062765395      9062775379        11980333       7933       2000      10000          8
   0       68     2044     9984      9062775395      9062785379        11990333       7932       2000      10000          8
   0       68     2043     9984      9062785396      9062795380        12000333       7932       2000      10000          9
   0       68     2043     9985      9062795395      9062805380        12010333       7933       2000      10000          9
   0       68     2043     9982      9062805397      9062815379        12020335       7931       2000      10000          8
   0       68     2043     9985      9062815395      9062825380        12030332       7933       2000      10000          9
   0       68     2043     9987      9062825395      9062835382        12040332       7933       2000      10000         11
   0       68     2043     9988      9062835397      9062845386        12050335       7931       2000      10000         15
   0       68     2044     9981      9062845400      9062855381        12060337       7928       2000      10000         10
   0       68     2043     9982      9062855397      9062865378        12070334       7931       2000      10000          7
   0       68     2043     9986      9062865393      9062875379        12080330       7935       2000      10000          8
   0       68     2043     9986      9062875393      9062885379        12090330       7935       2000      10000          8
   0       68     2043     9985      9062885393      9062895378        12100331       7935       2000      10000          7
   0       68     2043     9990      9062895394      9062905383        12110331       7934       2000      10000         12
   0       68     2043     9983      9062905397      9062915380        12120334       7931       2000      10000          9
   0       68     2043     9992      9062915394      9062925386        12130332       7934       2000      10000         15
   0       68     2043     9978      9062925400      9062935379        12140338       7927       2000      10000          8
   0       68     2043     9985      9062935394      9062945379        12150331       7934       2000      10000          8
   0       68     2043     9991      9062945393      9062955384        12160331       7935       2000      10000         12
   0       68     2044     9981      9062955397      9062965379        12170335       7930       2000      10000          8
   0       68     2044     9985      9062965393      9062975378        12180331       7934       2000      10000          7
   0       68     2043     9989      9062975392      9062985381        12190330       7936       2000      10000         10
   0       68     2043     9984      9062985395      9062995380        12200333       7933       2000      10000          9
   0       68     2043     9984      9062995395      9063005379        12210333       7933       2000      10000          8
   0       68     2044     9955      9063005425      9063015380        12220363       7902       2000      10000          9
   0       68     2044     9989      9063015396      9063025385        12230334       7931       2000      10000         14
   0       68     2043     9979      9063025401      9063035380        12240339       7927       2000      10000          9
   0       68     2044     9983      9063035396      9063045379        12250334       7931       2000      10000          8
   0       68     2044     9985      9063045394      9063055379        12260332       7933       2000      10000          8
   0       68     2043     9984      9063055394      9063065378        12270332       7934       2000      10000          7
   0       68     2043     9985      9063065394      9063075379        12280331       7934       2000      10000          8
   0       68     2044     9986      9063075395      9063085381        12290332       7932       2000      10000          9
   0       68     2043     9984      9063085396      9063095380        12300333       7932       2000      10000          9
   0       68     2043     9985      9063095395      9063105379        12310332       7933       2000      10000          8
   0       68     2044     9985      9063105394      9063115379        12320331       7933       2000      10000          8
   0       68     2044     9988      9063115393      9063125382        12330331       7934       2000      10000         10
   0       68     2043     9984      9063125396      9063135380        12340333       7932       2000      10000          9
   0       68     2043     9986      9063135393      9063145379        12350331       7934       2000      10000          8
   0       68     2044     9986      9063145393      9063155379        12360331       7934       2000      10000          8
   0       68     2043     9986      9063155393      9063165380        12370331       7935       2000      10000          9
   0       68     2043     9985      9063165394      9063175379        12380332       7934       2000      10000          8
   0       68     2045     9985      9063175393      9063185378        12390330       7933       2000      10000          7
   0       68     2043     9988      9063185392      9063195381        12400330       7936       2000      10000          9
   0       68     2043     9984      9063195394      9063205379        12410332       7933       2000      10000          8
   0       68     2044     9987      9063205392      9063215380        12420330       7935       2000      10000          8
   0       68     2044     9987      9063215393      9063225380        12430331       7934       2000      10000          9
   0       68     2043     9986      9063225393      9063235379        12440331       7935       2000      10000          8
   0       68     2043     9986      9063235394      9063245380        12450331       7934       2000      10000          9
   0       68     2044     9987      9063245393      9063255380        12460331       7934       2000      10000          9
   0       68     2043     9982      9063255396      9063265379        12470334       7932       2000      10000          8
   0       68     2043     9980      9063265399      9063275380        12480337       7929       2000      10000          9
   0       68     2043     9984      9063275398      9063285381        12490335       7930       2000      10000         10
   0       68     2043     9982      9063285399      9063295381        12500336       7929       2000      10000         10
   0       68     2043     9980      9063295399      9063305379        12510337       7929       2000      10000          8
   0       68     2044     9984      9063305395      9063315378        12520332       7933       2000      10000          7
   0       68     2044     9984      9063315395      9063325379        12530332       7932       2000      10000          8
   0       68     2043     9985      9063325394      9063335379        12540332       7934       2000      10000          8
   0       68     2044     9948      9063335430      9063345378        12550367       7897       2000      10000          7
   0       68     2043     9984      9063345394      9063355378        12560331       7934       2000      10000          7
   0       68     2043     9985      9063355395      9063365381        12570333       7932       2000      10000         10
   0       68     2043     9984      9063365395      9063375379        12580333       7933       2000      10000          8
   0       68     2044     9985      9063375396      9063385382        12590334       7931       2000      10000         11
   0       68     2043     9983      9063385396      9063395379        12600334       7932       2000      10000          8
   0       68     2043     9996      9063395395      9063405391        12610332       7933       2000      10000         20
   0       68     2044     9973      9063405405      9063415378        12620342       7922       2000      10000          7
   0       68     2043     9986      9063415393      9063425379        12630330       7935       2000      10000          8
   0       68     2043     9989      9063425392      9063435380        12640329       7936       2000      10000          9
   0       68     2044     9983      9063435395      9063445378        12650332       7932       2000      10000          7
   0       68     2044     9986      9063445392      9063455379        12660330       7935       2000      10000          8
   0       68     2043     9986      9063455394      9063465379        12670331       7934       2000      10000          8
   0       68     2044     9986      9063465393      9063475379        12680330       7934       2000      10000          8
   0       68     2044     9985      9063475395      9063485380        12690332       7932       2000      10000          9
   0       68     2043     9985      9063485395      9063495380        12700333       7933       2000      10000          9
   0       68     2043     9988      9063495394      9063505383        12710332       7934       2000      10000         11
   0       68     2044     9984      9063505396      9063515380        12720333       7931       2000      10000          9
   0       68     2044     9986      9063515394      9063525380        12730332       7933       2000      10000          9
   0       68     2043     9985      9063525395      9063535380        12740332       7933       2000      10000          9
   0       68     2043     9988      9063535395      9063545383        12750332       7933       2000      10000         12
   0       68     2043     9981      9063545398      9063555379        12760336       7929       2000      10000          8
   0       68     2043     9986      9063555394      9063565380        12770332       7934       2000      10000          9
   0       68     2043     9986      9063565394      9063575380        12780331       7934       2000      10000          9
   0       68     2043     9984      9063575395      9063585379        12790333       7933       2000      10000          8
   0       68     2043     9985      9063585393      9063595378        12800331       7934       2000      10000          7
   0       68     2043     9985      9063595394      9063605379        12810332       7934       2000      10000          8
   0       68     2043     9986      9063605393      9063615379        12820330       7935       2000      10000          8
   0       68     2044     9984      9063615395      9063625379        12830332       7932       2000      10000          8
   0       68     2043     9985      9063625395      9063635379        12840332       7933       2000      10000          8
   0       68     2043     9984      9063635395      9063645379        12850333       7932       2000      10000          8
   0       68     2044     9985      9063645394      9063655379        12860332       7933       2000      10000          8
   0       68     2043     9989      9063655393      9063665383        12870331       7934       2000      10000         12
   0       68     2043     9928      9063665451      9063675379        12880389       7877       2000      10000          8
   0       68     2044     9982      9063675396      9063685379        12890334       7931       2000      10000          8
   0       68     2043     9986      9063685393      9063695379        12900331       7935       2000      10000          8
   0       68     2043     9984      9063695396      9063705379        12910333       7932       2000      10000          8
   0       68     2044     9985      9063705394      9063715379        12920331       7933       2000      10000          8
   0       68     2043     9989      9063715395      9063725384        12930333       7933       2000      10000         13
   0       68     2043     9980      9063725400      9063735380        12940338       7928       2000      10000          9
   0       68     2043     9985      9063735397      9063745381        12950334       7931       2000      10000         10
   0       68     2043     9983      9063745396      9063755379        12960333       7932       2000      10000          8
   0       68     2043     9984      9063755395      9063765379        12970333       7933       2000      10000          8
   0       68     2043     9984      9063765394      9063775378        12980331       7934       2000      10000          7
   0       68     2043     9987      9063775393      9063785380        12990331       7934       2000      10000          9
   0       68     2044     9985      9063785394      9063795379        13000331       7933       2000      10000          8
   0       68     2043     9983      9063795397      9063805379        13010334       7931       2000      10000          8
   0       68     2043     9982      9063805399      9063815380        13020336       7929       2000      10000          9
   0       68     2043     9983      9063815401      9063825384        13030338       7927       2000      10000         13
   0       68     2043     9978      9063825401      9063835378        13040338       7927       2000      10000          7
   0       68     2044     9983      9063835396      9063845378        13050333       7932       2000      10000          7
   0       68     2044     9984      9063845394      9063855378        13060332       7932       2000      10000          7
   0       68     2043     9984      9063855395      9063865379        13070333       7933       2000      10000          8
   0       68     2044     9985      9063865394      9063875379        13080331       7933       2000      10000          8
   0       68     2043     9984      9063875395      9063885379        13090333       7933       2000      10000          8
   0       68     2043     9984      9063885394      9063895379        13100332       7933       2000      10000          8
   0       68     2043     9983      9063895396      9063905379        13110333       7932       2000      10000          8
   0       68     2044     9996      9063905393      9063915389        13120331       7934       2000      10000         18
   0       68     2043     9972      9063915405      9063925378        13130343       7923       2000      10000          6
   0       68     2043     9987      9063925391      9063935378        13140329       7937       2000      10000          7
   0       68     2044     9987      9063935394      9063945380        13150331       7933       2000      10000          9
   0       68     2044     9985      9063945394      9063955379        13160332       7933       2000      10000          8
   0       68     2043     9987      9063955394      9063965380        13170331       7934       2000      10000          9
   0       68     2043     9985      9063965393      9063975378        13180331       7934       2000      10000          7
   0       68     2043     9987      9063975393      9063985380        13190331       7935       2000      10000          9
   0       68     2043     9986      9063985393      9063995378        13200330       7935       2000      10000          7
   0       68     2043     9952      9063995429      9064005380        13210366       7899       2000      10000          9
   0       68     2044     9982      9064005396      9064015378        13220334       7931       2000      10000          7
   0       68     2044     9985      9064015395      9064025380        13230333       7931       2000      10000          9
   0       68     2043     9986      9064025395      9064035381        13240333       7933       2000      10000         10
   0       68     2043     9980      9064035398      9064045379        13250336       7929       2000      10000          8
   0       68     2043     9984      9064045394      9064055378        13260332       7933       2000      10000          7
   0       68     2043     9986      9064055395      9064065381        13270332       7933       2000      10000         10
   0       68     2044     9983      9064065396      9064075379        13280333       7931       2000      10000          8
   0       68     2044     9983      9064075396      9064085378        13290333       7931       2000      10000          7
   0       68     2044     9987      9064085393      9064095380        13300330       7935       2000      10000          9
   0       68     2043     9983      9064095396      9064105379        13310333       7932       2000      10000          7
   0       68     2044     9985      9064105393      9064115378        13320331       7934       2000      10000          7
   0       68     2044     9985      9064115395      9064125380        13330333       7932       2000      10000          9
   0       68     2043     9985      9064125394      9064135379        13340331       7934       2000      10000          8
   0       68     2044     9983      9064135395      9064145378        13350332       7933       2000      10000          7
   0       68     2043     9987      9064145391      9064155378        13360329       7936       2000      10000          7
   0       68     2043     9987      9064155393      9064165380        13370331       7934       2000      10000          9
   0       68     2044     9986      9064165394      9064175379        13380331       7933       2000      10000          8
   0       68     2043     9984      9064175395      9064185379        13390332       7933       2000      10000          7
   0       68     2043     9988      9064185392      9064195380        13400330       7935       2000      10000          9
   0       68     2043     9984      9064195395      9064205379        13410332       7933       2000      10000          7
   0       68     2044     9985      9064205393      9064215378        13420330       7935       2000      10000          7
   0       68     2043     9987      9064215393      9064225380        13430330       7935       2000      10000          9
   0       68     2043     9985      9064225394      9064235379        13440331       7934       2000      10000          8
   0       68     2044     9991      9064235394      9064245384        13450331       7933       2000      10000         13
   0       68     2043     9981      9064245397      9064255378        13460335       7931       2000      10000          7
   0       68     2043     9986      9064255392      9064265378        13470330       7935       2000      10000          7
   0       68     2044     9987      9064265391      9064275378        13480329       7936       2000      10000          7
   0       68     2043     9987      9064275392      9064285379        13490330       7935       2000      10000          8
   0       68     2043     9988      9064285392      9064295380        13500330       7936       2000      10000          9
   0       68     2043     9984      9064295395      9064305379        13510332       7933       2000      10000          8
   0       68     2043     9986      9064305392      9064315378        13520329       7936       2000      10000          7
   0       68     2044     9988      9064315393      9064325381        13530330       7934       2000      10000         10
   0       68     2043     9951      9064325430      9064335380        13540367       7898       2000      10000          9
   0       68     2044     9983      9064335397      9064345380        13550334       7930       2000      10000          9
   0       68     2043     9977      9064345402      9064355379        13560340       7926       2000      10000          8
   0       68     2043     9980      9064355399      9064365379        13570337       7929       2000      10000          8
   0       68     2043     9984      9064365394      9064375379        13580332       7934       2000      10000          7
   0       68     2043     9981      9064375398      9064385379        13590335       7930       2000      10000          8
   0       68     2043     9983      9064385395      9064395378        13600332       7933       2000      10000          7
   0       68     2043     9983      9064395396      9064405379        13610334       7932       2000      10000          8
   0       68     2045     9985      9064405394      9064415379        13620332       7932       2000      10000          8
   0       68     2045     9984      9064415395      9064425379        13630333       7931       2000      10000          8
   0       68     2043     9985      9064425394      9064435379        13640332       7934       2000      10000          8
   0       68     2044     9984      9064435395      9064445379        13650333       7932       2000      10000          8
   0       68     2043     9987      9064445393      9064455380        13660330       7935       2000      10000          9
   0       68     2043     9983      9064455396      9064465379        13670333       7932       2000      10000          8
   0       68     2044     9988      9064465393      9064475381        13680331       7934       2000      10000         10
   0       68     2044     9983      9064475396      9064485379        13690334       7931       2000      10000          8
   0       68     2043     9988      9064485392      9064495380        13700330       7936       2000      10000          9
   0       68     2043     9984      9064495394      9064505379        13710332       7934       2000      10000          8
   0       68     2044     9985      9064505393      9064515378        13720330       7934       2000      10000          7
   0       68     2044     9986      9064515393      9064525379        13730330       7934       2000      10000          8
   0       68     2043     9986      9064525393      9064535379        13740330       7935       2000      10000          8
   0       68     2044     9986      9064535393      9064545379        13750331       7934       2000      10000          8
   0       68     2043     9985      9064545393      9064555378        13760331       7934       2000      10000          7
   0       68     2043     9985      9064555393      9064565378        13770331       7934       2000      10000          7
   0       68     2044     9987      9064565391      9064575378        13780329       7935       2000      10000          7
   0       68     2045     9986      9064575393      9064585379        13790330       7933       2000      10000          8
   0       68     2043     9987      9064585393      9064595380        13800330       7935       2000      10000          9
   0       68     2044     9986      9064595395      9064605380        13810332       7933       2000      10000          9
   0       68     2043     9984      9064605394      9064615378        13820332       7934       2000      10000          7
   0       68     2044     9987      9064615393      9064625380        13830331       7934       2000      10000          9
   0       68     2043     9986      9064625393      9064635379        13840331       7935       2000      10000          8
   0       68     2044     9984      9064635395      9064645378        13850332       7932       2000      10000          7
   0       68     2044     9987      9064645392      9064655379        13860329       7935       2000      10000          8
   0       68     2044     9955      9064655425      9064665381        13870363       7902       2000      10000         10
   0       68     2044     9981      9064665397      9064675378        13880334       7930       2000      10000          7
   0       68     2044     9983      9064675396      9064685379        13890333       7931       2000      10000          8
   0       68     2043     9986      9064685394      9064695380        13900331       7934       2000      10000          9
   0       68     2043     9982      9064695397      9064705379        13910334       7931       2000      10000          8
   0       68     2044     9985      9064705393      9064715378        13920331       7934       2000      10000          7
   0       68     2044     9986      9064715393      9064725379        13930331       7934       2000      10000          8
   0       68     2043     9988      9064725392      9064735380        13940330       7936       2000      10000          9
   0       68     2045     9983      9064735395      9064745378        13950332       7931       2000      10000          7
   0       68     2044     9989      9064745391      9064755380        13960328       7936       2000      10000          9
   0       68     2043     9986      9064755394      9064765380        13970332       7933       2000      10000          9
   0       68     2044     9985      9064765394      9064775379        13980331       7933       2000      10000          8
   0       68     2043     9985      9064775394      9064785379        13990332       7934       2000      10000          8
   0       68     2043     9989      9064785393      9064795382        14000330       7935       2000      10000         11
   0       68     2043     9991      9064795397      9064805388        14010335       7931       2000      10000         17
   0       68     2043     9976      9064805403      9064815379        14020340       7925       2000      10000          8
   0       68     2044     9986      9064815393      9064825379        14030331       7933       2000      10000          8
   0       68     2043     9985      9064825394      9064835379        14040332       7934       2000      10000          8
   0       68     2043     9985      9064835394      9064845379        14050332       7934       2000      10000          8
   0       68     2043     9985      9064845393      9064855378        14060330       7935       2000      10000          7
   0       68     2043     9991      9064855393      9064865384        14070330       7935       2000      10000         13
   0       68     2043     9983      9064865402      9064875385        14080340       7925       2000      10000         14
   0       68     2044     9974      9064875405      9064885379        14090342       7922       2000      10000          8
   0       68     2043     9980      9064885400      9064895380        14100337       7928       2000      10000          9
   0       68     2043     9978      9064895402      9064905380        14110340       7926       2000      10000          9
   0       68     2043     9983      9064905397      9064915380        14120335       7930       2000      10000          9
   0       68     2043     9980      9064915400      9064925380        14130337       7928       2000      10000          9
   0       68     2043     9982      9064925398      9064935379        14140335       7930       2000      10000          8
   0       68     2044     9983      9064935397      9064945380        14150335       7930       2000      10000          9
   0       68     2043     9980      9064945399      9064955379        14160337       7929       2000      10000          8
   0       68     2043     9983      9064955396      9064965379        14170334       7932       2000      10000          8
   0       68     2043     9983      9064965396      9064975379        14180333       7932       2000      10000          8
   0       68     2043     9984      9064975394      9064985378        14190332       7934       2000      10000          7
   0       68     2043     9956      9064985423      9064995379        14200361       7904       2000      10000          8
   0       68     2043     9982      9064995397      9065005379        14210334       7931       2000      10000          8
   0       68     2043     9983      9065005395      9065015378        14220333       7933       2000      10000          7
   0       68     2043     9984      9065015395      9065025379        14230332       7933       2000      10000          8
   0       68     2043     9986      9065025394      9065035379        14240331       7934       2000      10000          8
   0       68     2044     9983      9065035396      9065045379        14250333       7931       2000      10000          8
   0       68     2043     9984      9065045395      9065055379        14260333       7933       2000      10000          8
   0       68     2043     9984      9065055395      9065065379        14270333       7933       2000      10000          8
   0       68     2043     9984      9065065394      9065075378        14280331       7934       2000      10000          7
   0       68     2044     9987      9065075392      9065085379        14290330       7935       2000      10000          8
   0       68     2043     9985      9065085394      9065095379        14300332       7934       2000      10000          8
   0       68     2043     9986      9065095393      9065105379        14310331       7935       2000      10000          8
   0       68     2044     9985      9065105393      9065115378        14320331       7934       2000      10000          7
   0       68     2043     9986      9065115393      9065125379        14330331       7934       2000      10000          8
   0       68     2043     9987      9065125395      9065135381        14340332       7933       2000      10000         10
   0       68     2043     9984      9065135396      9065145379        14350333       7932       2000      10000          8
   0       68     2044     9983      9065145394      9065155378        14360332       7933       2000      10000          6
   0       68     2043     9985      9065155394      9065165378        14370331       7934       2000      10000          7
   0       68     2043     9985      9065165393      9065175378        14380330       7935       2000      10000          7
   0       68     2044     9987      9065175393      9065185380        14390330       7935       2000      10000          9
   0       68     2043     9988      9065185394      9065195382        14400332       7934       2000      10000         11
   0       68     2043     9981      9065195398      9065205379        14410335       7930       2000      10000          7
   0       68     2043     9984      9065205393      9065215377        14420331       7934       2000      10000          6
   0       68     2044     9987      9065215393      9065225379        14430330       7935       2000      10000          8
   0       68     2043     9983      9065225395      9065235379        14440333       7933       2000      10000          7
   0       68     2044     9986      9065235393      9065245379        14450331       7934       2000      10000          8
   0       68     2043     9986      9065245393      9065255380        14460331       7935       2000      10000          8
   0       68     2043     9986      9065255394      9065265379        14470331       7934       2000      10000          8
   0       68     2043     9986      9065265393      9065275379        14480331       7935       2000      10000          8
   0       68     2043     9987      9065275393      9065285380        14490331       7934       2000      10000          9
   0       68     2043     9985      9065285394      9065295379        14500332       7934       2000      10000          8
   0       68     2043     9986      9065295393      9065305379        14510331       7934       2000      10000          8
   0       68     2043     9984      9065305393      9065315378        14520331       7934       2000      10000          7
   0       68     2043     9949      9065315430      9065325379        14530367       7898       2000      10000          8
   0       68     2043     9984      9065325394      9065335379        14540332       7933       2000      10000          8
   0       68     2043     9984      9065335394      9065345378        14550331       7934       2000      10000          7
   0       68     2043     9986      9065345393      9065355379        14560331       7934       2000      10000          8
   0       68     2043     9986      9065355394      9065365380        14570331       7934       2000      10000          9
   0       68     2043     9986      9065365394      9065375380        14580331       7934       2000      10000          9
   0       68     2043     9984      9065375394      9065385378        14590332       7933       2000      10000          7
   0       68     2043     9986      9065385394      9065395379        14600331       7934       2000      10000          8
   0       68     2043     9984      9065395396      9065405380        14610333       7932       2000      10000          9
   0       68     2043     9983      9065405395      9065415379        14620333       7933       2000      10000          8
   0       68     2043     9985      9065415394      9065425379        14630332       7933       2000      10000          8
   0       68     2043     9989      9065425394      9065435382        14640331       7934       2000      10000         11
   0       68     2043     9980      9065435400      9065445379        14650337       7928       2000      10000          8
   0       68     2043     9981      9065445399      9065455380        14660337       7929       2000      10000          9
   0       68     2043     9978      9065455400      9065465379        14670338       7928       2000      10000          8
   0       68     2043     9981      9065465397      9065475378        14680334       7931       2000      10000          7
   0       68     2043     9981      9065475397      9065485378        14690334       7931       2000      10000          7
   0       68     2043     9984      9065485393      9065495378        14700331       7934       2000      10000          7
   0       68     2043     9985      9065495395      9065505380        14710332       7933       2000      10000          9
   0       68     2043     9982      9065505396      9065515378        14720334       7932       2000      10000          7
   0       68     2043     9984      9065515395      9065525379        14730333       7933       2000      10000          8
   0       68     2043     9984      9065525395      9065535379        14740332       7933       2000      10000          8
   0       68     2043     9984      9065535395      9065545379        14750332       7933       2000      10000          8
   0       68     2043     9987      9065545392      9065555379        14760330       7935       2000      10000          8
   0       68     2043     9984      9065555394      9065565379        14770332       7933       2000      10000          8
   0       68     2043     9986      9065565393      9065575379        14780330       7935       2000      10000          8
   0       68     2043     9987      9065575394      9065585381        14790331       7934       2000      10000         10
   0       68     2043     9985      9065585394      9065595379        14800331       7934       2000      10000          8
   0       68     2043     9987      9065595394      9065605381        14810331       7934       2000      10000         10
   0       68     2043     9985      9065605394      9065615379        14820332       7933       2000      10000          8
   0       68     2043     9988      9065615392      9065625380        14830330       7935       2000      10000          9
   0       68     2043     9983      9065625396      9065635379        14840333       7932       2000      10000          8
   0       68     2043     9983      9065635395      9065645378        14850332       7933       2000      10000          7
   0       68     2043     9957      9065645422      9065655378        14860359       7906       2000      10000          7
   0       68     2043     9983      9065655396      9065665379        14870334       7932       2000      10000          8
   0       68     2043     9985      9065665394      9065675379        14880331       7934       2000      10000          8
   0       68     2043     9982      9065675397      9065685379        14890334       7931       2000      10000          8
   0       68     2043     9986      9065685394      9065695380        14900331       7934       2000      10000          9
   0       68     2043     9982      9065695397      9065705379        14910335       7931       2000      10000          8
   0       68     2044     9985      9065705394      9065715379        14920332       7933       2000      10000          8
   0       68     2043     9983      9065715395      9065725377        14930332       7933       2000      10000          6
   0       68     2043     9987      9065725392      9065735379        14940329       7936       2000      10000          8
   0       68     2044     9983      9065735396      9065745378        14950333       7931       2000      10000          7
   0       68     2043     9987      9065745394      9065755382        14960332       7934       2000      10000         10
   0       68     2043     9982      9065755398      9065765380        14970335       7930       2000      10000          9
   0       68     2043     9984      9065765395      9065775379        14980332       7933       2000      10000          8
   0       68     2043     9984      9065775395      9065785379        14990333       7932       2000      10000          8
   0       68     2043     9987      9065785393      9065795379        15000330       7935       2000      10000          8
   0       68     2043     9982      9065795396      9065805379        15010334       7932       2000      10000          8
   0       68     2044     9984      9065805394      9065815378        15020331       7933       2000      10000          7
   0       68     2044     9987      9065815393      9065825380        15030330       7934       2000      10000          9
   0       68     2043     9985      9065825394      9065835379        15040332       7934       2000      10000          8
   0       68     2044     9984      9065835394      9065845378        15050331       7933       2000      10000          7
   0       68     2043     9986      9065845392      9065855378        15060330       7936       2000      10000          7
   0       68     2043     9987      9065855393      9065865380        15070330       7935       2000      10000          8
   0       68     2043     9986      9065865393      9065875379        15080331       7935       2000      10000          8
   0       68     2044     9986      9065875393      9065885379        15090330       7934       2000      10000          8
   0       68     2043     9986      9065885393      9065895379        15100330       7935       2000      10000          8
   0       68     2043     9985      9065895394      9065905379        15110331       7934       2000      10000          8
   0       68     2044     9985      9065905393      9065915378        15120331       7934       2000      10000          7
   0       68     2044     9987      9065915393      9065925380        15130331       7934       2000      10000          9
   0       68     2043     9985      9065925394      9065935379        15140332       7934       2000      10000          8
   0       68     2044     9984      9065935394      9065945378        15150332       7933       2000      10000          7
   0       68     2043     9988      9065945392      9065955379        15160329       7936       2000      10000          8
   0       68     2043     9986      9065955394      9065965380        15170331       7934       2000      10000          9
   0       68     2043     9973      9065965406      9065975379        15180343       7922       2000      10000          8
   0       68     2043     9949      9065975431      9065985380        15190368       7897       2000      10000          9
   0       68     2043     9982      9065985399      9065995381        15200336       7929       2000      10000          9
   0       68     2043     9978      9065995402      9066005380        15210339       7926       2000      10000          9
   0       68     2043     9982      9066005397      9066015379        15220335       7930       2000      10000          8
   0       68     2044     9979      9066015399      9066025379        15230337       7928       2000      10000          8
   0       68     2043     9984      9066025395      9066035380        15240333       7933       2000      10000          9
   0       68     2044     9979      9066035399      9066045378        15250336       7929       2000      10000          7
   0       68     2043     9986      9066045394      9066055380        15260331       7934       2000      10000          9
   0       68     2043     9982      9066055396      9066065378        15270334       7932       2000      10000          7
   0       68     2044     9986      9066065393      9066075379        15280331       7934       2000      10000          8
   0       68     2044     9983      9066075396      9066085378        15290333       7931       2000      10000          7
   0       68     2043     9989      9066085393      9066095382        15300331       7935       2000      10000         11
   0       68     2043     9981      9066095398      9066105379        15310336       7930       2000      10000          8
   0       68     2044     9985      9066105395      9066115380        15320332       7932       2000      10000          8
   0       68     2043     9984      9066115396      9066125380        15330333       7932       2000      10000          9
   0       68     2043     9981      9066125397      9066135379        15340335       7931       2000      10000          8
   0       68     2044     9985      9066135396      9066145381        15350334       7931       2000      10000         10
   0       68     2043     9982      9066145395      9066155378        15360333       7932       2000      10000          6
   0       68     2043     9986      9066155393      9066165379        15370330       7935       2000      10000          8
   0       68     2044     9985      9066165393      9066175378        15380330       7934       2000      10000          7
   0       68     2045     9985      9066175394      9066185379        15390331       7932       2000      10000          8
   0       68     2043     9987      9066185393      9066195380        15400330       7935       2000      10000          9
   0       68     2043     9984      9066195396      9066205379        15410333       7932       2000      10000          8
   0       68     2043     9985      9066205393      9066215378        15420331       7934       2000      10000          7
   0       68     2043     9986      9066215394      9066225380        15430332       7933       2000      10000          9
   0       68     2043     9985      9066225394      9066235378        15440331       7934       2000      10000          7
   0       68     2045     9986      9066235394      9066245380        15450331       7932       2000      10000          9
   0       68     2044     9985      9066245394      9066255379        15460332       7933       2000      10000          8
   0       68     2043     9986      9066255394      9066265381        15470332       7933       2000      10000          9
   0       68     2043     9984      9066265396      9066275380        15480333       7932       2000      10000          9
   0       68     2043     9983      9066275395      9066285378        15490333       7933       2000      10000          7
   0       68     2043     9987      9066285392      9066295379        15500330       7936       2000      10000          8
   0       68     2043     9984      9066295395      9066305379        15510333       7933       2000      10000          8
   0       68     2043     9950      9066305429      9066315379        15520366       7899       2000      10000          7
   0       68     2044     9982      9066315397      9066325379        15530334       7930       2000      10000          8
   0       68     2043     9985      9066325394      9066335379        15540332       7934       2000      10000          8
   0       68     2044     9982      9066335397      9066345379        15550335       7929       2000      10000          8
   0       68     2044     9985      9066345393      9066355378        15560331       7934       2000      10000          7
   0       68     2043     9988      9066355394      9066365382        15570331       7934       2000      10000         11
   0       68     2044     9983      9066365396      9066375379        15580333       7932       2000      10000          8
   0       68     2043     9984      9066375394      9066385378        15590332       7934       2000      10000          7
   0       68     2043     9988      9066385392      9066395380        15600330       7936       2000      10000          9
   0       68     2043     9984      9066395395      9066405379        15610333       7933       2000      10000          7
   0       68     2044     9985      9066405392      9066415378        15620330       7934       2000      10000          7
   0       68     2043     9985      9066415393      9066425378        15630331       7935       2000      10000          7
   0       68     2043     9987      9066425392      9066435379        15640329       7936       2000      10000          8
   0       68     2043     9983      9066435395      9066445378        15650333       7933       2000      10000          7
   0       68     2043     9986      9066445392      9066455378        15660330       7936       2000      10000          7
   0       68     2043     9987      9066455393      9066465380        15670331       7934       2000      10000          9
   0       68     2043     9984      9066465395      9066475378        15680332       7933       2000      10000          7
   0       68     2044     9987      9066475393      9066485379        15690330       7934       2000      10000          8
   0       68     2043     9985      9066485394      9066495379        15700331       7934       2000      10000          8
   0       68     2043     9986      9066495393      9066505379        15710331       7935       2000      10000          8
   0       68     2044     9986      9066505392      9066515378        15720330       7935       2000      10000          7
   0       68     2044     9987      9066515393      9066525380        15730331       7934       2000      10000          9
   0       68     2043     9982      9066525397      9066535379        15740335       7931       2000      10000          8
   0       68     2043     9981      9066535399      9066545380        15750337       7929       2000      10000          9
   0       68     2044     9980      9066545399      9066555379        15760337       7928       2000      10000          8
   0       68     2043     9980      9066555399      9066565379        15770336       7929       2000      10000          8
   0       68     2043     9983      9066565396      9066575379        15780334       7932       2000      10000          8
   0       68     2044     9983      9066575395      9066585378        15790333       7931       2000      10000          7
   0       68     2043     9985      9066585395      9066595380        15800332       7933       2000      10000          9
   0       68     2043     9983      9066595396      9066605379        15810333       7932       2000      10000          8
   0       68     2043     9984      9066605394      9066615379        15820332       7933       2000      10000          8
   0       68     2043     9986      9066615394      9066625380        15830332       7934       2000      10000          9
   0       68     2043     9991      9066625395      9066635385        15840332       7933       2000      10000         14
   0       68     2044     9944      9066635434      9066645378        15850372       7893       2000      10000          7
   0       68     2043     9984      9066645394      9066655378        15860332       7933       2000      10000          7
   0       68     2043     9987      9066655394      9066665381        15870331       7934       2000      10000         10
   0       68     2045     9983      9066665396      9066675379        15880334       7930       2000      10000          8
   0       68     2044     9985      9066675395      9066685379        15890332       7932       2000      10000          8
   0       68     2043     9987      9066685394      9066695381        15900332       7934       2000      10000         10
   0       68     2043     9982      9066695396      9066705378        15910333       7932       2000      10000          7
   0       68     2044     9988      9066705392      9066715380        15920329       7936       2000      10000          8
   0       68     2043     9987      9066715393      9066725380        15930331       7935       2000      10000          9
   0       68     2043     9985      9066725394      9066735379        15940332       7934       2000      10000          8
   0       68     2044     9985      9066735393      9066745378        15950331       7934       2000      10000          7
   0       68     2044     9987      9066745393      9066755380        15960330       7934       2000      10000          9
   0       68     2043     9985      9066755394      9066765379        15970332       7934       2000      10000          8
   0       68     2044     9985      9066765393      9066775378        15980331       7934       2000      10000          7
   0       68     2044     9987      9066775393      9066785379        15990330       7935       2000      10000          8
   0       68     2043     9987      9066785393      9066795380        16000331       7934       2000      10000          9
   0       68     2043     9984      9066795394      9066805378        16010331       7934       2000      10000          7
   0       68     2044     9986      9066805393      9066815378        16020330       7935       2000      10000          7
   0       68     2044     9985      9066815393      9066825379        16030331       7934       2000      10000          8
   0       68     2043     9987      9066825393      9066835380        16040330       7935       2000      10000          9
   0       68     2043     9984      9066835396      9066845379        16050333       7932       2000      10000          8
   0       68     2043     9984      9066845395      9066855379        16060332       7933       2000      10000          8
   0       68     2043     9986      9066855394      9066865380        16070331       7934       2000      10000          9
   0       68     2043     9983      9066865395      9066875378        16080333       7933       2000      10000          7
   0       68     2043     9986      9066875394      9066885380        16090331       7934       2000      10000          9
   0       68     2043     9982      9066885396      9066895378        16100333       7932       2000      10000          7
   0       68     2043     9985      9066895393      9066905379        16110331       7934       2000      10000          8
   0       68     2043     9985      9066905394      9066915379        16120331       7934       2000      10000          8
   0       68     2043     9986      9066915393      9066925379        16130331       7935       2000      10000          8
   0       68     2043     9986      9066925393      9066935380        16140331       7935       2000      10000          8
   0       68     2044     9984      9066935394      9066945378        16150331       7933       2000      10000          7
   0       68     2044     9988      9066945391      9066955379        16160328       7936       2000      10000          8
   0       68     2043     9986      9066955393      9066965378        16170330       7935       2000      10000          7
   0       68     2044     9955      9066965424      9066975379        16180362       7902       2000      10000          8
   0       68     2043     9984      9066975394      9066985379        16190332       7933       2000      10000          7
   0       68     2043     9985      9066985394      9066995379        16200332       7933       2000      10000          8
   0       68     2043     9987      9066995394      9067005381        16210332       7934       2000      10000         10
   0       68     2043     9984      9067005396      9067015379        16220333       7932       2000      10000          8
   0       68     2043     9984      9067015395      9067025379        16230333       7932       2000      10000          8
   0       68     2043     9984      9067025395      9067035379        16240332       7933       2000      10000          8
   0       68     2043     9985      9067035394      9067045379        16250332       7934       2000      10000          8
   0       68     2044     9985      9067045394      9067055379        16260332       7933       2000      10000          8
   0       68     2043     9987      9067055394      9067065381        16270331       7934       2000      10000         10
   0       68     2043     9983      9067065398      9067075380        16280335       7930       2000      10000          9
   0       68     2043     9981      9067075400      9067085381        16290338       7928       2000      10000         10
   0       68     2043     9978      9067085400      9067095379        16300338       7928       2000      10000          8
   0       68     2043     9981      9067095398      9067105379        16310335       7930       2000      10000          8
   0       68     2044     9985      9067105397      9067115382        16320334       7931       2000      10000         10
   0       68     2043     9981      9067115397      9067125378        16330335       7930       2000      10000          7
   0       68     2043     9986      9067125394      9067135380        16340332       7934       2000      10000          9
   0       68     2043     9983      9067135396      9067145379        16350333       7932       2000      10000          8
   0       68     2043     9986      9067145394      9067155379        16360331       7934       2000      10000          8
   0       68     2043     9983      9067155395      9067165379        16370333       7932       2000      10000          8
   0       68     2043     9984      9067165395      9067175378        16380332       7933       2000      10000          7
   0       68     2043     9985      9067175393      9067185379        16390331       7934       2000      10000          7
   0       68     2043     9986      9067185393      9067195379        16400330       7935       2000      10000          8
   0       68     2043     9983      9067195395      9067205379        16410333       7933       2000      10000          8
   0       68     2043     9985      9067205393      9067215379        16420331       7934       2000      10000          7
   0       68     2044     9988      9067215393      9067225381        16430330       7934       2000      10000          9
   0       68     2043     9986      9067225395      9067235380        16440332       7933       2000      10000          9
   0       68     2043     9983      9067235395      9067245379        16450333       7933       2000      10000          8
   0       68     2044     9987      9067245392      9067255379        16460330       7935       2000      10000          8
   0       68     2043     9986      9067255393      9067265379        16470331       7934       2000      10000          8
   0       68     2043     9986      9067265392      9067275378        16480330       7935       2000      10000          7
   0       68     2043     9985      9067275393      9067285378        16490331       7935       2000      10000          7
   0       68     2043     9987      9067285392      9067295379        16500330       7935       2000      10000          8
   0       68     2043     9948      9067295432      9067305380        16510370       7896       2000      10000          9
   0       68     2043     9983      9067305396      9067315379        16520333       7932       2000      10000          8
   0       68     2043     9985      9067315393      9067325378        16530331       7934       2000      10000          7
   0       68     2043     9986      9067325394      9067335379        16540331       7934       2000      10000          8
   0       68     2043     9983      9067335395      9067345379        16550333       7933       2000      10000          8
   0       68     2044     9985      9067345394      9067355379        16560332       7933       2000      10000          8
   0       68     2043     9985      9067355393      9067365379        16570331       7934       2000      10000          8
   0       68     2043     9985      9067365394      9067375379        16580332       7933       2000      10000          8
   0       68     2043     9985      9067375394      9067385379        16590331       7934       2000      10000          8
   0       68     2043     9985      9067385395      9067395379        16600332       7933       2000      10000          8
   0       68     2043     9985      9067395395      9067405380        16610332       7933       2000      10000          9
   0       68     2043     9985      9067405394      9067415379        16620332       7934       2000      10000          8
   0       68     2043     9984      9067415394      9067425378        16630332       7934       2000      10000          7
   0       68     2043     9986      9067425393      9067435379        16640330       7935       2000      10000          8
   0       68     2043     9985      9067435393      9067445378        16650330       7935       2000      10000          7
   0       68     2043     9987      9067445392      9067455379        16660329       7936       2000      10000          8
   0       68     2043     9988      9067455392      9067465380        16670330       7935       2000      10000          9
   0       68     2043     9985      9067465393      9067475379        16680331       7934       2000      10000          8
   0       68     2044     9987      9067475393      9067485380        16690330       7934       2000      10000          9
   0       68     2043     9988      9067485393      9067495381        16700331       7935       2000      10000         10
   0       68     2043     9983      9067495396      9067505379        16710333       7932       2000      10000          8
   0       68     2043     9987      9067505393      9067515380        16720330       7935       2000      10000          9
   0       68     2043     9986      9067515394      9067525380        16730332       7933       2000      10000          9
   0       68     2043     9985      9067525394      9067535378        16740331       7934       2000      10000          7
   0       68     2043     9986      9067535392      9067545378        16750330       7936       2000      10000          7
   0       68     2043     9987      9067545392      9067555378        16760329       7936       2000      10000          7
   0       68     2043     9988      9067555392      9067565380        16770329       7936       2000      10000          9
   0       68     2043     9987      9067565393      9067575380        16780331       7935       2000      10000          9
   0       68     2043     9986      9067575394      9067585380        16790331       7934       2000      10000          9
   0       68     2043     9986      9067585393      9067595379        16800331       7935       2000      10000          8
   0       68     2043     9988      9067595392      9067605381        16810330       7935       2000      10000         10
   0       68     2043     9982      9067605397      9067615379        16820335       7930       2000      10000          8
   0       68     2043     9980      9067615399      9067625379        16830337       7929       2000      10000          8
   0       68     2043     9956      9067625425      9067635380        16840362       7903       2000      10000          9
   0       68     2043     9978      9067635401      9067645379        16850338       7927       2000      10000          7
   0       68     2044     9987      9067645397      9067655384        16860334       7930       2000      10000         13
   0       68     2043     9977      9067655401      9067665378        16870339       7926       2000      10000          7
   0       68     2044     9983      9067665395      9067675378        16880333       7932       2000      10000          7
   0       68     2044     9985      9067675395      9067685380        16890333       7931       2000      10000          9
   0       68     2043     9986      9067685396      9067695381        16900333       7932       2000      10000         10
   0       68     2043     9980      9067695399      9067705379        16910336       7929       2000      10000          8
   0       68     2043     9987      9067705394      9067715381        16920331       7934       2000      10000          9
   0       68     2043     9985      9067715395      9067725380        16930332       7933       2000      10000          9
   0       68     2043     9984      9067725395      9067735379        16940332       7933       2000      10000          8
   0       68     2044     9984      9067735395      9067745379        16950332       7933       2000      10000          8
   0       68     2043     9984      9067745394      9067755378        16960332       7933       2000      10000          7
   0       68     2044     9986      9067755393      9067765378        16970330       7934       2000      10000          7
   0       68     2045     9985      9067765393      9067775378        16980330       7934       2000      10000          7
   0       68     2045     9989      9067775392      9067785381        16990329       7934       2000      10000          9
   0       68     2043     9988      9067785394      9067795382        17000332       7934       2000      10000         11
   0       68     2043     9981      9067795398      9067805379        17010336       7930       2000      10000          8
   0       68     2043     9986      9067805392      9067815378        17020330       7935       2000      10000          7
   0       68     2043     9986      9067815393      9067825379        17030330       7935       2000      10000          8
   0       68     2043     9985      9067825394      9067835379        17040331       7934       2000      10000          8
   0       68     2044     9984      9067835393      9067845378        17050331       7933       2000      10000          7
   0       68     2043     9986      9067845392      9067855378        17060329       7936       2000      10000          7
   0       68     2044     9987      9067855392      9067865380        17070330       7935       2000      10000          8
   0       68     2043     9986      9067865393      9067875379        17080331       7935       2000      10000          8
   0       68     2043     9986      9067875394      9067885380        17090331       7934       2000      10000          8
   0       68     2043     9992      9067885394      9067895386        17100332       7934       2000      10000         15
   0       68     2043     9978      9067895401      9067905379        17110338       7927       2000      10000          8
   0       68     2044     9986      9067905393      9067915379        17120330       7934       2000      10000          8
   0       68     2043     9986      9067915393      9067925379        17130331       7935       2000      10000          8
   0       68     2043     9987      9067925393      9067935380        17140330       7935       2000      10000          9
   0       68     2044     9983      9067935395      9067945378        17150333       7932       2000      10000          7
   0       68     2043     9987      9067945392      9067955380        17160330       7936       2000      10000          8
   0       68     2043     9954      9067955425      9067965379        17170362       7903       2000      10000          8
   0       68     2043     9986      9067965395      9067975381        17180332       7933       2000      10000          9
   0       68     2043     9983      9067975396      9067985379        17190334       7931       2000      10000          8
   0       68     2043     9983      9067985395      9067995378        17200333       7933       2000      10000          7
   0       68     2043     9987      9067995394      9068005381        17210331       7934       2000      10000         10
   0       68     2043     9984      9068005396      9068015380        17220333       7932       2000      10000          9
   0       68     2043     9986      9068015395      9068025381        17230332       7933       2000      10000         10
   0       68     2043     9988      9068025397      9068035385        17240334       7931       2000      10000         14
   0       68     2043     9979      9068035400      9068045379        17250338       7928       2000      10000          8
   0       68     2044     9984      9068045394      9068055379        17260332       7933       2000      10000          8
   0       68     2043     9986      9068055393      9068065379        17270330       7935       2000      10000          8
   0       68     2043     9986      9068065393      9068075379        17280331       7935       2000      10000          8
   0       68     2044     9986      9068075393      9068085379        17290331       7934       2000      10000          8
   0       68     2043     9985      9068085394      9068095379        17300331       7934       2000      10000          8
   0       68     2043     9985      9068095395      9068105379        17310332       7933       2000      10000          8
   0       68     2044     9984      9068105394      9068115379        17320332       7932       2000      10000          8
   0       68     2044     9986      9068115394      9068125380        17330331       7933       2000      10000          9
   0       68     2043     9984      9068125395      9068135379        17340333       7933       2000      10000          8
   0       68     2044     9984      9068135395      9068145378        17350332       7932       2000      10000          7
   0       68     2043     9986      9068145393      9068155380        17360331       7934       2000      10000          8
   0       68     2043     9984      9068155396      9068165380        17370334       7932       2000      10000          9
   0       68     2043     9980      9068165398      9068175379        17380336       7929       2000      10000          8
   0       68     2044     9983      9068175399      9068185382        17390336       7928       2000      10000         11
   0       68     2043     9979      9068185400      9068195379        17400337       7928       2000      10000          8
   0       68     2043     9981      9068195399      9068205380        17410336       7929       2000      10000          8
   0       68     2044     9982      9068205396      9068215378        17420334       7931       2000      10000          7
   0       68     2043     9984      9068215395      9068225380        17430333       7933       2000      10000          8
   0       68     2043     9983      9068225396      9068235379        17440334       7932       2000      10000          8
   0       68     2044     9983      9068235395      9068245379        17450333       7931       2000      10000          8
   0       68     2043     9985      9068245393      9068255378        17460331       7934       2000      10000          7
   0       68     2043     9986      9068255394      9068265381        17470332       7934       2000      10000         10
   0       68     2044     9982      9068265396      9068275378        17480333       7931       2000      10000          7
   0       68     2043     9985      9068275394      9068285379        17490332       7934       2000      10000          8
   0       68     2043     9953      9068285427      9068295381        17500365       7900       2000      10000         10
   0       68     2043     9982      9068295398      9068305380        17510335       7930       2000      10000          8
   0       68     2044     9983      9068305396      9068315379        17520333       7931       2000      10000          8
   0       68     2043     9985      9068315394      9068325379        17530331       7934       2000      10000          8
   0       68     2043     9985      9068325394      9068335379        17540331       7934       2000      10000          8
   0       68     2043     9985      9068335394      9068345379        17550331       7934       2000      10000          8
   0       68     2045     9984      9068345395      9068355378        17560332       7932       2000      10000          7
   0       68     2043     9987      9068355393      9068365380        17570331       7935       2000      10000          9
   0       68     2044     9983      9068365397      9068375380        17580334       7930       2000      10000          9
   0       68     2043     9984      9068375395      9068385379        17590333       7932       2000      10000          8
   0       68     2043     9986      9068385394      9068395379        17600331       7934       2000      10000          8
   0       68     2043     9985      9068395394      9068405380        17610332       7934       2000      10000          9
   0       68     2043     9984      9068405394      9068415378        17620332       7933       2000      10000          7
   0       68     2044     9985      9068415394      9068425379        17630331       7933       2000      10000          8
   0       68     2043     9987      9068425393      9068435380        17640331       7935       2000      10000          9
   0       68     2044     9985      9068435394      9068445379        17650332       7932       2000      10000          8
   0       68     2043     9985      9068445394      9068455378        17660331       7934       2000      10000          7
   0       68     2043     9989      9068455393      9068465382        17670331       7935       2000      10000         11
   0       68     2043     9981      9068465397      9068475379        17680335       7930       2000      10000          8
   0       68     2043     9986      9068475394      9068485380        17690331       7934       2000      10000          9
   0       68     2043     9983      9068485394      9068495378        17700332       7933       2000      10000          7
   0       68     2043     9987      9068495392      9068505379        17710329       7936       2000      10000          8
   0       68     2044     9986      9068505392      9068515378        17720330       7935       2000      10000          7
   0       68     2043     9987      9068515392      9068525380        17730330       7936       2000      10000          8
   0       68     2043     9985      9068525394      9068535379        17740332       7934       2000      10000          8
   0       68     2044     9985      9068535394      9068545379        17750331       7934       2000      10000          8
   0       68     2043     9987      9068545392      9068555378        17760329       7936       2000      10000          7
   0       68     2043     9987      9068555393      9068565380        17770330       7935       2000      10000          9
   0       68     2045     9986      9068565393      9068575379        17780331       7933       2000      10000          8
   0       68     2044     9985      9068575393      9068585379        17790331       7934       2000      10000          7
   0       68     2044     9988      9068585392      9068595380        17800330       7935       2000      10000          9
   0       68     2043     9985      9068595394      9068605378        17810331       7934       2000      10000          7
   0       68     2044     9989      9068605392      9068615380        17820329       7935       2000      10000          9
   0       68     2044     9953      9068615426      9068625380        17830364       7901       2000      10000          9
   0       68     2043     9986      9068625395      9068635382        17840333       7932       2000      10000         11
   0       68     2043     9982      9068635397      9068645379        17850334       7931       2000      10000          8
   0       68     2044     9990      9068645395      9068655385        17860333       7932       2000      10000         14
   0       68     2043     9979      9068655400      9068665379        17870338       7928       2000      10000          8
   0       68     2044     9985      9068665394      9068675379        17880332       7932       2000      10000          8
   0       68     2043     9984      9068675395      9068685379        17890333       7933       2000      10000          8
   0       68     2043     9982      9068685396      9068695379        17900334       7931       2000      10000          8
   0       68     2043     9980      9068695400      9068705380        17910337       7928       2000      10000          9
   0       68     2043     9979      9068705400      9068715379        17920338       7927       2000      10000          8
   0       68     2044     9981      9068715397      9068725379        17930335       7930       2000      10000          8
   0       68     2043     9982      9068725396      9068735378        17940333       7932       2000      10000          7
   0       68     2044     9985      9068735396      9068745381        17950333       7931       2000      10000         10
   0       68     2044     9982      9068745397      9068755379        17960335       7930       2000      10000          8
   0       68     2043     9985      9068755395      9068765380        17970333       7933       2000      10000          9
   0       68     2044     9982      9068765396      9068775378        17980334       7931       2000      10000          7
   0       68     2043     9984      9068775394      9068785378        17990332       7933       2000      10000          7
   0       68     2043     9986      9068785394      9068795379        18000331       7934       2000      10000          8
   0       68     2043     9984      9068795394      9068805379        18010332       7934       2000      10000          8
   0       68     2045     9985      9068805394      9068815379        18020331       7933       2000      10000          8
   0       68     2044     9987      9068815394      9068825381        18030331       7933       2000      10000          9
   0       68     2043     9985      9068825395      9068835380        18040333       7933       2000      10000          9
   0       68     2044     9983      9068835395      9068845378        18050332       7932       2000      10000          7
   0       68     2043     9987      9068845392      9068855378        18060329       7936       2000      10000          7
   0       68     2043     9986      9068855392      9068865379        18070330       7936       2000      10000          8
   0       68     2044     9985      9068865393      9068875378        18080330       7935       2000      10000          7
   0       68     2043     9994      9068875392      9068885386        18090329       7936       2000      10000         15
   0       68     2043     9979      9068885400      9068895379        18100338       7928       2000      10000          8
   0       68     2043     9985      9068895393      9068905378        18110331       7935       2000      10000          7
   0       68     2043     9988      9068905392      9068915380        18120330       7936       2000      10000          9
   0       68     2043     9985      9068915394      9068925379        18130331       7934       2000      10000          7
   0       68     2043     9988      9068925392      9068935380        18140330       7936       2000      10000          9
   0       68     2043     9984      9068935395      9068945379        18150333       7933       2000      10000          8
   0       68     2043     9959      9068945421      9068955380        18160359       7907       2000      10000          9
   0       68     2043     9983      9068955396      9068965379        18170334       7932       2000      10000          8
   0       68     2044     9985      9068965394      9068975379        18180332       7933       2000      10000          8
   0       68     2043     9984      9068975395      9068985379        18190332       7933       2000      10000          8
   0       68     2043     9986      9068985394      9068995380        18200332       7934       2000      10000          9
   0       68     2043     9984      9068995396      9069005380        18210334       7932       2000      10000          9
   0       68     2043     9982      9069005396      9069015378        18220333       7932       2000      10000          7
   0       68     2043     9986      9069015395      9069025381        18230332       7933       2000      10000         10
   0       68     2043     9983      9069025396      9069035379        18240334       7932       2000      10000          8
   0       68     2044     9986      9069035393      9069045379        18250331       7934       2000      10000          8
   0       68     2043     9983      9069045394      9069055377        18260332       7933       2000      10000          6
   0       68     2043     9986      9069055393      9069065379        18270330       7935       2000      10000          7
   0       68     2044     9985      9069065393      9069075378        18280330       7934       2000      10000          7
   0       68     2044     9985      9069075394      9069085379        18290331       7933       2000      10000          8
   0       68     2043     9987      9069085394      9069095381        18300331       7934       2000      10000         10
   0       68     2043     9984      9069095395      9069105379        18310333       7933       2000      10000          7
   0       68     2044     9986      9069105392      9069115378        18320330       7935       2000      10000          7
   0       68     2044     9988      9069115393      9069125380        18330330       7934       2000      10000          9
   0       68     2043     9985      9069125394      9069135379        18340331       7934       2000      10000          8
   0       68     2044     9986      9069135393      9069145378        18350330       7934       2000      10000          7
   0       68     2043     9987      9069145392      9069155379        18360329       7936       2000      10000          8
   0       68     2043     9987      9069155394      9069165381        18370332       7933       2000      10000         10
   0       68     2044     9983      9069165395      9069175378        18380332       7932       2000      10000          7
   0       68     2043     9987      9069175392      9069185380        18390330       7935       2000      10000          9
   0       68     2043     9988      9069185394      9069195381        18400331       7934       2000      10000         10
   0       68     2043     9983      9069195396      9069205379        18410334       7932       2000      10000          8
   0       68     2043     9985      9069205393      9069215378        18420331       7934       2000      10000          7
   0       68     2044     9987      9069215393      9069225379        18430330       7935       2000      10000          8
   0       68     2043     9983      9069225396      9069235379        18440334       7932       2000      10000          8
   0       68     2043     9988      9069235394      9069245382        18450331       7934       2000      10000         10
   0       68     2043     9979      9069245400      9069255379        18460338       7927       2000      10000          8
   0       68     2043     9981      9069255399      9069265379        18470336       7929       2000      10000          8
   0       68     2044     9984      9069265396      9069275380        18480333       7931       2000      10000          8
   0       68     2044     9955      9069275423      9069285379        18490361       7903       2000      10000          8
   0       68     2043     9983      9069285396      9069295379        18500334       7931       2000      10000          8
   0       68     2043     9982      9069295397      9069305378        18510334       7931       2000      10000          7
   0       68     2044     9983      9069305394      9069315377        18520332       7932       2000      10000          6
   0       68     2044     9986      9069315394      9069325380        18530332       7933       2000      10000          8
   0       68     2043     9983      9069325395      9069335378        18540333       7933       2000      10000          7
   0       68     2044     9983      9069335395      9069345378        18550333       7932       2000      10000          7
   0       68     2043     9983      9069345395      9069355378        18560332       7933       2000      10000          7
   0       68     2043     9984      9069355394      9069365379        18570332       7933       2000      10000          8
   0       68     2043     9983      9069365395      9069375377        18580332       7933       2000      10000          6
   0       68     2044     9986      9069375393      9069385379        18590330       7934       2000      10000          8
   0       68     2043     9986      9069385394      9069395380        18600331       7934       2000      10000          9
   0       68     2043     9985      9069395394      9069405379        18610331       7934       2000      10000          8
   0       68     2044     9986      9069405393      9069415379        18620331       7934       2000      10000          8
   0       68     2043     9988      9069415393      9069425381        18630331       7935       2000      10000         10
   0       68     2043     9985      9069425395      9069435380        18640332       7933       2000      10000          8
   0       68     2044     9986      9069435394      9069445380        18650331       7933       2000      10000          8
   0       68     2043     9985      9069445393      9069455378        18660331       7934       2000      10000          7
   0       68     2043     9988      9069455392      9069465380        18670330       7935       2000      10000          9
   0       68     2043     9984      9069465395      9069475378        18680332       7933       2000      10000          7
   0       68     2043     9986      9069475393      9069485379        18690331       7935       2000      10000          8
   0       68     2043     9988      9069485393      9069495381        18700331       7935       2000      10000         10
   0       68     2044     9983      9069495396      9069505379        18710333       7932       2000      10000          8
   0       68     2043     9985      9069505394      9069515379        18720331       7934       2000      10000          8
   0       68     2043     9987      9069515394      9069525381        18730331       7934       2000      10000          9
   0       68     2043     9984      9069525395      9069535379        18740333       7933       2000      10000          8
   0       68     2044     9985      9069535393      9069545378        18750331       7934       2000      10000          7
   0       68     2044     9986      9069545392      9069555378        18760330       7934       2000      10000          7
   0       68     2043     9986      9069555393      9069565379        18770330       7935       2000      10000          8
   0       68     2044     9985      9069565394      9069575379        18780332       7933       2000      10000          8
   0       68     2044     9988      9069575393      9069585381        18790331       7934       2000      10000         10
   0       68     2043     9985      9069585395      9069595380        18800333       7932       2000      10000          9
   0       68     2043     9995      9069595394      9069605389        18810331       7934       2000      10000         18
   0       68     2044     9948      9069605430      9069615378        18820367       7897       2000      10000          7
   0       68     2044     9988      9069615392      9069625381        18830330       7935       2000      10000          9
   0       68     2043     9979      9069625399      9069635378        18840337       7929       2000      10000          7
   0       68     2043     9984      9069635395      9069645379        18850333       7933       2000      10000          8
   0       68     2044     9985      9069645395      9069655379        18860332       7932       2000      10000          8
   0       68     2043     9983      9069655396      9069665379        18870334       7932       2000      10000          8
   0       68     2044     9984      9069665395      9069675379        18880333       7932       2000      10000          8
   0       68     2043     9985      9069675395      9069685380        18890332       7933       2000      10000          9
   0       68     2043     9984      9069685395      9069695379        18900332       7933       2000      10000          8
   0       68     2043     9983      9069695396      9069705379        18910333       7932       2000      10000          8
   0       68     2044     9984      9069705394      9069715378        18920332       7933       2000      10000          7
   0       68     2043     9984      9069715394      9069725378        18930332       7933       2000      10000          7
   0       68     2043     9985      9069725393      9069735379        18940331       7935       2000      10000          7
   0       68     2044     9986      9069735393      9069745379        18950331       7934       2000      10000          8
   0       68     2044     9985      9069745394      9069755379        18960332       7933       2000      10000          8
   0       68     2043     9985      9069755394      9069765380        18970332       7933       2000      10000          9
   0       68     2043     9979      9069765400      9069775379        18980337       7928       2000      10000          8
   0       68     2043     9984      9069775395      9069785379        18990332       7933       2000      10000          8
   0       68     2043     9981      9069785398      9069795379        19000335       7930       2000      10000          8
   0       68     2043     9982      9069795396      9069805378        19010334       7932       2000      10000          7
   0       68     2044     9984      9069805395      9069815379        19020332       7932       2000      10000          8
   0       68     2043     9985      9069815396      9069825380        19030333       7932       2000      10000          9
   0       68     2043     9983      9069825396      9069835378        19040333       7932       2000      10000          7
   0       68     2044     9982      9069835396      9069845378        19050333       7931       2000      10000          7
   0       68     2044     9985      9069845394      9069855379        19060332       7933       2000      10000          8
   0       68     2043     9984      9069855394      9069865379        19070332       7934       2000      10000          8
   0       68     2043     9984      9069865395      9069875379        19080333       7932       2000      10000          8
   0       68     2043     9984      9069875394      9069885378        19090332       7933       2000      10000          7
   0       68     2043     9987      9069885393      9069895380        19100330       7935       2000      10000          9
   0       68     2043     9983      9069895395      9069905378        19110333       7933       2000      10000          7
   0       68     2044     9986      9069905393      9069915378        19120330       7934       2000      10000          7
   0       68     2043     9987      9069915393      9069925380        19130331       7934       2000      10000          9
   0       68     2043     9987      9069925394      9069935382        19140332       7934       2000      10000         11
   0       68     2043     9949      9069935430      9069945380        19150368       7897       2000      10000          9
   0       68     2044     9985      9069945395      9069955380        19160333       7932       2000      10000          9
   0       68     2043     9984      9069955395      9069965379        19170333       7933       2000      10000          8
   0       68     2043     9983      9069965395      9069975378        19180332       7933       2000      10000          7
   0       68     2044     9984      9069975394      9069985378        19190331       7933       2000      10000          7
   0       68     2043     9986      9069985393      9069995379        19200331       7935       2000      10000          8
   0       68     2043     9985      9069995394      9070005379        19210332       7933       2000      10000          8
   0       68     2043     9986      9070005394      9070015379        19220331       7934       2000      10000          8
   0       68     2044     9986      9070015394      9070025380        19230331       7933       2000      10000          9
   0       68     2043     9985      9070025395      9070035379        19240332       7933       2000      10000          8
   0       68     2044     9984      9070035395      9070045379        19250332       7933       2000      10000          8
   0       68     2044     9985      9070045395      9070055380        19260332       7932       2000      10000          9
   0       68     2043     9983      9070055395      9070065379        19270333       7933       2000      10000          8
   0       68     2045     9984      9070065394      9070075378        19280332       7932       2000      10000          7
   0       68     2044     9987      9070075393      9070085380        19290330       7934       2000      10000          9
   0       68     2043     9985      9070085395      9070095379        19300332       7933       2000      10000          8
   0       68     2043     9986      9070095394      9070105380        19310332       7934       2000      10000          9
   0       68     2043     9983      9070105396      9070115379        19320333       7932       2000      10000          7
   0       68     2043     9987      9070115394      9070125381        19330331       7934       2000      10000          9
   0       68     2043     9980      9070125399      9070135379        19340337       7929       2000      10000          8
   0       68     2043     9982      9070135395      9070145378        19350333       7932       2000      10000          6
   0       68     2043     9986      9070145392      9070155378        19360330       7936       2000      10000          7
   0       68     2043     9985      9070155394      9070165379        19370331       7934       2000      10000          8
   0       68     2044     9986      9070165393      9070175379        19380331       7933       2000      10000          8
   0       68     2044     9985      9070175395      9070185380        19390333       7932       2000      10000          9
   0       68     2043     9986      9070185395      9070195381        19400332       7933       2000      10000         10
   0       68     2043     9983      9070195396      9070205379        19410333       7932       2000      10000          8
   0       68     2044     9985      9070205393      9070215378        19420331       7934       2000      10000          7
   0       68     2043     9986      9070215394      9070225379        19430331       7934       2000      10000          8
   0       68     2043     9983      9070225395      9070235378        19440332       7933       2000      10000          7
   0       68     2044     9987      9070235392      9070245379        19450330       7935       2000      10000          8
   0       68     2044     9988      9070245392      9070255380        19460330       7934       2000      10000          9
   0       68     2043     9985      9070255395      9070265380        19470332       7933       2000      10000          8
   0       68     2044     9950      9070265430      9070275379        19480367       7897       2000      10000          8
   0       68     2043     9983      9070275397      9070285380        19490334       7931       2000      10000          8
   0       68     2043     9987      9070285395      9070295382        19500333       7933       2000      10000         11
   0       68     2043     9980      9070295400      9070305379        19510337       7928       2000      10000          8
   0       68     2043     9984      9070305395      9070315380        19520333       7932       2000      10000          9
   0       68     2043     9980      9070315400      9070325380        19530337       7928       2000      10000          9
   0       68     2043     9982      9070325398      9070335379        19540335       7930       2000      10000          8
   0       68     2044     9980      9070335399      9070345379        19550336       7929       2000      10000          8
   0       68     2044     9984      9070345395      9070355379        19560333       7932       2000      10000          8
   0       68     2043     9982      9070355397      9070365379        19570334       7931       2000      10000          8
   0       68     2043     9983      9070365395      9070375378        19580333       7933       2000      10000          7
   0       68     2044     9983      9070375396      9070385378        19590333       7932       2000      10000          7
   0       68     2044     9986      9070385393      9070395379        19600330       7934       2000      10000          8
   0       68     2043     9983      9070395396      9070405379        19610334       7931       2000      10000          8
   0       68     2043     9984      9070405395      9070415379        19620332       7933       2000      10000          8
   0       68     2044     9985      9070415395      9070425380        19630333       7931       2000      10000          9
   0       68     2043     9984      9070425394      9070435379        19640332       7934       2000      10000          8
   0       68     2043     9982      9070435396      9070445378        19650334       7932       2000      10000          7
   0       68     2043     9986      9070445393      9070455379        19660330       7935       2000      10000          8
   0       68     2043     9985      9070455395      9070465380        19670332       7933       2000      10000          9
   0       68     2043     9986      9070465394      9070475380        19680331       7934       2000      10000          8
   0       68     2044     9983      9070475395      9070485378        19690333       7932       2000      10000          7
   0       68     2043     9987      9070485392      9070495379        19700330       7936       2000      10000          8
   0       68     2043     9985      9070495393      9070505378        19710331       7935       2000      10000          7
   0       68     2043     9987      9070505392      9070515379        19720330       7936       2000      10000          8
   0       68     2043     9986      9070515394      9070525380        19730331       7934       2000      10000          9
   0       68     2043     9985      9070525394      9070535379        19740331       7934       2000      10000          8
   0       68     2044     9984      9070535394      9070545378        19750332       7933       2000      10000          7
   0       68     2043     9988      9070545391      9070555379        19760329       7937       2000      10000          8
   0       68     2043     9986      9070555393      9070565380        19770331       7934       2000      10000          9
   0       68     2044     9985      9070565393      9070575378        19780331       7934       2000      10000          7
   0       68     2044     9987      9070575392      9070585379        19790330       7934       2000      10000          8
   0       68     2043     9987      9070585393      9070595380        19800331       7935       2000      10000          9
   0       68     2043     9948      9070595431      9070605379        19810368       7897       2000      10000          8
   0       68     2043     9983      9070605395      9070615379        19820333       7932       2000      10000          8
   0       68     2044     9984      9070615395      9070625379        19830333       7931       2000      10000          8
   0       68     2043     9985      9070625394      9070635379        19840332       7934       2000      10000          8
   0       68     2044     9983      9070635395      9070645378        19850333       7931       2000      10000          7
   0       68     2044     9986      9070645392      9070655379        19860330       7935       2000      10000          8
   0       68     2043     9986      9070655394      9070665380        19870331       7934       2000      10000          8
   0       68     2043     9985      9070665394      9070675379        19880332       7933       2000      10000          8
   0       68     2044     9985      9070675394      9070685379        19890332       7932       2000      10000          8
   0       68     2043     9987      9070685393      9070695380        19900330       7935       2000      10000          9
   0       68     2043     9983      9070695396      9070705379        19910333       7932       2000      10000          8
   0       68     2044     9986      9070705392      9070715379        19920330       7935       2000      10000          8
   0       68     2043     9986      9070715394      9070725380        19930331       7934       2000      10000          9
   0       68     2043     9985      9070725394      9070735379        19940331       7934       2000      10000          8
   0       68     2044     9985      9070735394      9070745380        19950332       7933       2000      10000          9
   0       68     2043     9986      9070745394      9070755379        19960331       7934       2000      10000          8
   0       68     2043     9984      9070755395      9070765379        19970332       7933       2000      10000          8
   0       68     2043     9987      9070765392      9070775379        19980330       7936       2000      10000          8
   0       68     2044     9984      9070775394      9070785379        19990332       7933       2000      10000          7
