#idx     perf      run   period           start             end          rel_st      slack c_duration   c_period     wu_lat
   0       68     2045     2048      9195303748      9195305796           32928     -24742       2000      10000          0
   0       68     2044     2044      9195305827      9195307872           35008     -16818       2000      10000          0
   0       68     2044     2044      9195307889      9195309933           37069      -8879       2000      10000          0
   0       68     2044     2044      9195309948      9195311992           39128       -938       2000      10000          0
   0       68     2044     9056      9195312006      9195321062           41187       7004       2000      10000          9
   0       68     2043     9984      9195321077      9195331061           50257       7933       2000      10000          8
   0       68     2044     9987      9195331075      9195341062           60255       7935       2000      10000          8
   0       68     2044     9986      9195341075      9195351061           70256       7934       2000      10000          8
   0       68     2043     9987      9195351075      9195361061           80255       7935       2000      10000          8
   0       68     2043     9986      9195361075      9195371061           90256       7935       2000      10000          8
   0       68     2044     9985      9195371075      9195381060          100256       7934       2000      10000          7
   0       68     2043     9986      9195381074      9195391060          110254       7936       2000      10000          7
   0       68     2043     9988      9195391074      9195401061          120254       7937       2000      10000          8
   0       68     2044     9987      9195401075      9195411061          130255       7935       2000      10000          8
   0       68     2044     9987      9195411075      9195421061          140255       7935       2000      10000          8
   0       68     2043     9986      9195421075      9195431062          150256       7935       2000      10000          8
   0       68     2044     9986      9195431075      9195441061          160255       7935       2000      10000          7
   0       68     2044     9987      9195441074      9195451061          170255       7935       2000      10000          8
   0       68     2043     9987      9195451075      9195461062          180255       7936       2000      10000          9
   0       68     2043     9986      9195461075      9195471061          190256       7935       2000      10000          7
   0       68     2043     9987      9195471074      9195481061          200255       7936       2000      10000          7
   0       68     2043     9991      9195481074      9195491065          210255       7936       2000      10000         12
   0       68     2043     9983      9195491079      9195501061          220259       7932       2000      10000          8
   0       68     2044     9986      9195501075      9195511061          230255       7935       2000      10000          8
   0       68     2044     9987      9195511074      9195521062          240255       7935       2000      10000          8
   0       68     2043     9986      9195521075      9195531061          250255       7936       2000      10000          8
   0       68     2044     9986      9195531074      9195541060          260255       7935       2000      10000          7
   0       68     2044     9988      9195541074      9195551062          270254       7935       2000      10000          8
   0       68     2043     9987      9195551075      9195561062          280255       7936       2000      10000          8
   0       68     2043     9985      9195561075      9195571060          290256       7935       2000      10000          7
   0       68     2044     9988      9195571073      9195581061          300254       7936       2000      10000          8
   0       68     2045     9987      9195581074      9195591061          310255       7935       2000      10000          8
   0       68     2043     9986      9195591075      9195601061          320255       7935       2000      10000          8
   0       68     2044     9941      9195601121      9195611062          330302       7888       2000      10000          9
   0       68     2043     9986      9195611076      9195621062          340257       7934       2000      10000          9
   0       68     2043     9935      9195621127      9195631062          350307       7883       2000      10000          8
   0       68     2043     9972      9195631089      9195641061          360270       7921       2000      10000          8
   0       68     2044     9985      9195641076      9195651061          370256       7933       2000      10000          8
   0       68     2043     9977      9195651085      9195661062          380266       7925       2000      10000          9
   0       68     2044     9971      9195661090      9195671061          390270       7920       2000      10000          8
   0       68     2043     9975      9195671086      9195681061          400266       7924       2000      10000          8
   0       68     2043     9977      9195681085      9195691062          410266       7925       2000      10000          8
   0       68     2043     9985      9195691076      9195701061          420257       7934       2000      10000          8
   0       68     2044     9974      9195701087      9195711061          430267       7922       2000      10000          8
   0       68     2043     9975      9195711086      9195721061          440266       7924       2000      10000          8
   0       68     2043     9976      9195721086      9195731062          450267       7924       2000      10000          8
   0       68     2043     9975      9195731086      9195741062          460267       7924       2000      10000          8
   0       68     2044     9975      9195741086      9195751061          470267       7922       2000      10000          8
   0       68     2043     9988      9195751075      9195761063          480256       7935       2000      10000          9
   0       68     2043     9975      9195761087      9195771062          490268       7923       2000      10000          9
   0       68     2044     9973      9195771087      9195781060          500268       7922       2000      10000          7
   0       68     2043     9977      9195781084      9195791061          510265       7926       2000      10000          8
   0       68     2044     9977      9195791085      9195801062          520265       7925       2000      10000          9
   0       68     2043     9975      9195801086      9195811061          530266       7924       2000      10000          7
   0       68     2044     9985      9195811076      9195821061          540257       7934       2000      10000          8
   0       68     2043     9986      9195821075      9195831061          550256       7935       2000      10000          8
   0       68     2043     9985      9195831077      9195841063          560258       7933       2000      10000          9
   0       68     2043     9978      9195841084      9195851062          570265       7925       2000      10000          8
   0       68     2043     9985      9195851077      9195861062          580258       7933       2000      10000          8
   0       68     2043     9981      9195861080      9195871061          590261       7930       2000      10000          8
   0       68     2043     9987      9195871077      9195881064          600257       7934       2000      10000         10
   0       68     2043     9980      9195881081      9195891061          610262       7929       2000      10000          8
   0       68     2043     9989      9195891077      9195901066          620257       7934       2000      10000         12
   0       68     2043     9983      9195901083      9195911067          630264       7927       2000      10000         13
   0       68     2043     9980      9195911083      9195921062          640263       7927       2000      10000          9
   0       68     2043     9983      9195921078      9195931061          650258       7932       2000      10000          7
   0       68     2043     9942      9195931120      9195941062          660300       7890       2000      10000          8
   0       68     2043     9985      9195941077      9195951062          670258       7933       2000      10000          8
   0       68     2043     9987      9195951074      9195961061          680255       7936       2000      10000          8
   0       68     2043     9985      9195961077      9195971062          690257       7933       2000      10000          8
   0       68     2043     9986      9195971076      9195981061          700256       7934       2000      10000          8
   0       68     2043     9984      9195981077      9195991061          710258       7933       2000      10000          8
   0       68     2043     9986      9195991076      9196001062          720256       7934       2000      10000          9
   0       68     2043     9985      9196001076      9196011062          730257       7934       2000      10000          8
   0       68     2044     9985      9196011076      9196021061          740256       7933       2000      10000          7
   0       68     2043     9986      9196021076      9196031062          750256       7934       2000      10000          8
   0       68     2044     9985      9196031076      9196041061          760256       7933       2000      10000          7
   0       68     2043     9985      9196041075      9196051061          770256       7935       2000      10000          7
   0       68     2043     9985      9196051075      9196061061          780256       7935       2000      10000          7
   0       68     2043     9987      9196061075      9196071061          790255       7936       2000      10000          8
   0       68     2044     9985      9196071076      9196081061          800256       7934       2000      10000          7
   0       68     2043     9985      9196081077      9196091061          810257       7934       2000      10000          8
   0       68     2043     9988      9196091074      9196101063          820255       7936       2000      10000          9
   0       68     2044     9983      9196101078      9196111061          830258       7931       2000      10000          7
   0       68     2043     9985      9196111076      9196121061          840256       7934       2000      10000          7
   0       68     2043     9985      9196121076      9196131061          850256       7935       2000      10000          7
   0       68     2043     9986      9196131075      9196141061          860256       7935       2000      10000          8
   0       68     2043     9985      9196141076      9196151061          870257       7934       2000      10000          8
   0       68     2043     9986      9196151075      9196161060          880255       7936       2000      10000          7
   0       68     2043     9987      9196161075      9196171062          890255       7936       2000      10000          9
   0       68     2043     9985      9196171076      9196181061          900257       7934       2000      10000          7
   0       68     2043     9986      9196181075      9196191061          910255       7935       2000      10000          8
   0       68     2043     9985      9196191074      9196201060          920255       7936       2000      10000          6
   0       68     2043     9987      9196201075      9196211062          930256       7935       2000      10000          9
   0       68     2043     9985      9196211076      9196221061          940257       7934       2000      10000          8
   0       68     2043     9987      9196221075      9196231061          950255       7936       2000      10000          8
   0       68     2043     9987      9196231074      9196241062          960255       7936       2000      10000          8
   0       68     2044     9985      9196241075      9196251060          970255       7935       2000      10000          7
   0       68     2043     9989      9196251074      9196261063          980254       7937       2000      10000          9
   0       68     2043     9952      9196261109      9196271061          990290       7901       2000      10000          8
   0       68     2043     9986      9196271075      9196281061         1000255       7936       2000      10000          7
   0       68     2043     9987      9196281074      9196291062         1010255       7935       2000      10000          8
   0       68     2043     9985      9196291076      9196301061         1020256       7935       2000      10000          8
   0       68     2044     9985      9196301075      9196311060         1030256       7934       2000      10000          7
   0       68     2045     9987      9196311074      9196321061         1040255       7934       2000      10000          7
   0       68     2043     9986      9196321075      9196331061         1050256       7935       2000      10000          7
   0       68     2044     9986      9196331074      9196341060         1060255       7935       2000      10000          7
   0       68     2043     9987      9196341074      9196351061         1070255       7936       2000      10000          7
   0       68     2043     9986      9196351075      9196361062         1080256       7935       2000      10000          8
   0       68     2043     9987      9196361075      9196371062         1090255       7935       2000      10000          9
   0       68     2044     9986      9196371076      9196381061         1100256       7933       2000      10000          8
   0       68     2044     9986      9196381076      9196391062         1110256       7934       2000      10000          8
   0       68     2043     9986      9196391075      9196401061         1120256       7935       2000      10000          8
   0       68     2044     9985      9196401076      9196411060         1130256       7934       2000      10000          7
   0       68     2044     9987      9196411074      9196421062         1140255       7935       2000      10000          8
   0       68     2043     9986      9196421076      9196431062         1150257       7934       2000      10000          9
   0       68     2043     9984      9196431076      9196441060         1160257       7934       2000      10000          7
   0       68     2043     9986      9196441076      9196451062         1170256       7934       2000      10000          9
   0       68     2043     9981      9196451080      9196461061         1180260       7931       2000      10000          7
   0       68     2043     9982      9196461080      9196471062         1190260       7931       2000      10000          8
   0       68     2044     9980      9196471080      9196481060         1200260       7930       2000      10000          7
   0       68     2043     9987      9196481074      9196491061         1210255       7936       2000      10000          8
   0       68     2043     9987      9196491075      9196501061         1220255       7936       2000      10000          8
   0       68     2044     9987      9196501075      9196511062         1230256       7934       2000      10000          9
   0       68     2044     9986      9196511075      9196521061         1240256       7934       2000      10000          8
   0       68     2043     9984      9196521076      9196531061         1250257       7933       2000      10000          7
   0       68     2044     9987      9196531075      9196541061         1260255       7935       2000      10000          8
   0       68     2044     9985      9196541076      9196551061         1270256       7934       2000      10000          7
   0       68     2043     9987      9196551074      9196561061         1280255       7936       2000      10000          8
   0       68     2043     9986      9196561075      9196571061         1290255       7935       2000      10000          7
   0       68     2043     9987      9196571074      9196581061         1300255       7936       2000      10000          7
   0       68     2044     9987      9196581075      9196591062         1310255       7935       2000      10000          8
   0       68     2043     9954      9196591107      9196601061         1320287       7903       2000      10000          7
   0       68     2044     9986      9196601075      9196611061         1330255       7934       2000      10000          7
   0       68     2043     9987      9196611074      9196621061         1340254       7936       2000      10000          7
   0       68     2043     9987      9196621075      9196631062         1350256       7935       2000      10000          8
   0       68     2044     9985      9196631076      9196641061         1360256       7934       2000      10000          7
   0       68     2043     9986      9196641075      9196651061         1370256       7935       2000      10000          8
   0       68     2043     9987      9196651075      9196661062         1380255       7935       2000      10000          8
   0       68     2043     9986      9196661076      9196671062         1390257       7934       2000      10000          8
   0       68     2044     9987      9196671075      9196681061         1400255       7934       2000      10000          8
   0       68     2043     9985      9196681077      9196691062         1410257       7933       2000      10000          8
   0       68     2043     9985      9196691076      9196701061         1420256       7935       2000      10000          7
   0       68     2044     9985      9196701075      9196711061         1430256       7934       2000      10000          7
   0       68     2044     9985      9196711075      9196721061         1440256       7934       2000      10000          7
   0       68     2043     9985      9196721076      9196731061         1450256       7935       2000      10000          8
   0       68     2043     9987      9196731074      9196741061         1460254       7937       2000      10000          7
   0       68     2044     9985      9196741076      9196751061         1470257       7933       2000      10000          7
   0       68     2043     9987      9196751074      9196761061         1480255       7936       2000      10000          8
   0       68     2043     9986      9196761076      9196771061         1490256       7935       2000      10000          8
   0       68     2043     9985      9196771076      9196781061         1500257       7934       2000      10000          7
   0       68     2044     9996      9196781075      9196791071         1510255       7935       2000      10000         18
   0       68     2043     9976      9196791086      9196801061         1520266       7925       2000      10000          8
   0       68     2043     9984      9196801077      9196811061         1530258       7933       2000      10000          8
   0       68     2044     9985      9196811076      9196821061         1540257       7934       2000      10000          8
   0       68     2043     9985      9196821076      9196831061         1550257       7934       2000      10000          7
   0       68     2043     9986      9196831075      9196841062         1560256       7935       2000      10000          8
   0       68     2043     9984      9196841076      9196851060         1570257       7934       2000      10000          7
   0       68     2043     9987      9196851074      9196861061         1580255       7936       2000      10000          8
   0       68     2043     9985      9196861077      9196871062         1590257       7933       2000      10000          8
   0       68     2043     9986      9196871075      9196881061         1600256       7935       2000      10000          8
   0       68     2044     9985      9196881076      9196891061         1610257       7933       2000      10000          8
   0       68     2043     9987      9196891075      9196901062         1620255       7935       2000      10000          8
   0       68     2044     9986      9196901075      9196911061         1630256       7934       2000      10000          7
   0       68     2044     9987      9196911074      9196921061         1640255       7935       2000      10000          8
   0       68     2044     9961      9196921101      9196931061         1650281       7909       2000      10000          8
   0       68     2044     9986      9196931074      9196941061         1660255       7935       2000      10000          7
   0       68     2045     9985      9196941075      9196951060         1670256       7934       2000      10000          7
   0       68     2043     9986      9196951075      9196961061         1680255       7935       2000      10000          8
   0       68     2043     9986      9196961075      9196971061         1690255       7935       2000      10000          8
   0       68     2044     9986      9196971075      9196981061         1700255       7935       2000      10000          7
   0       68     2043     9986      9196981076      9196991061         1710256       7934       2000      10000          8
   0       68     2043     9981      9196991081      9197001062         1720261       7930       2000      10000          8
   0       68     2043     9981      9197001080      9197011061         1730261       7930       2000      10000          8
   0       68     2043     9981      9197011080      9197021062         1740261       7930       2000      10000          8
   0       68     2043     9986      9197021075      9197031061         1750256       7935       2000      10000          7
   0       68     2043     9986      9197031075      9197041061         1760255       7935       2000      10000          8
   0       68     2043     9985      9197041076      9197051061         1770256       7934       2000      10000          7
   0       68     2043     9986      9197051075      9197061061         1780256       7935       2000      10000          8
   0       68     2043     9985      9197061075      9197071060         1790256       7935       2000      10000          7
   0       68     2043     9987      9197071074      9197081061         1800254       7937       2000      10000          7
   0       68     2044     9985      9197081076      9197091060         1810256       7933       2000      10000          7
   0       68     2043     9987      9197091074      9197101061         1820255       7936       2000      10000          8
   0       68     2045     9986      9197101075      9197111061         1830255       7934       2000      10000          8
   0       68     2044     9986      9197111075      9197121061         1840256       7934       2000      10000          8
   0       68     2043     9988      9197121075      9197131063         1850256       7935       2000      10000          9
   0       68     2044     9985      9197131075      9197141060         1860256       7934       2000      10000          7
   0       68     2043     9986      9197141074      9197151060         1870254       7937       2000      10000          7
   0       68     2043     9988      9197151073      9197161061         1880253       7938       2000      10000          7
   0       68     2043     9986      9197161075      9197171062         1890256       7935       2000      10000          8
   0       68     2044     9985      9197171076      9197181061         1900256       7934       2000      10000          8
   0       68     2044     9985      9197181077      9197191062         1910257       7933       2000      10000          9
   0       68     2043     9987      9197191076      9197201062         1920256       7935       2000      10000          9
   0       68     2044     9984      9197201077      9197211061         1930257       7933       2000      10000          7
   0       68     2043     9986      9197211075      9197221061         1940256       7935       2000      10000          8
   0       68     2043     9984      9197221077      9197231061         1950257       7933       2000      10000          7
   0       68     2043     9985      9197231076      9197241061         1960256       7934       2000      10000          7
   0       68     2043     9985      9197241076      9197251061         1970257       7934       2000      10000          8
   0       68     2043     9963      9197251098      9197261062         1980279       7912       2000      10000          8
   0       68     2043     9984      9197261077      9197271061         1990258       7933       2000      10000          8
   0       68     2044     9985      9197271076      9197281061         2000256       7933       2000      10000          8
   0       68     2044     9985      9197281077      9197291062         2010257       7933       2000      10000          9
   0       68     2043     9985      9197291077      9197301061         2020257       7934       2000      10000          8
   0       68     2044     9985      9197301076      9197311062         2030257       7933       2000      10000          8
   0       68     2043     9984      9197311077      9197321061         2040257       7933       2000      10000          7
   0       68     2044     9986      9197321076      9197331062         2050256       7934       2000      10000          8
   0       68     2044     9988      9197331076      9197341064         2060257       7933       2000      10000         11
   0       68     2044     9983      9197341078      9197351061         2070258       7932       2000      10000          8
   0       68     2043     9987      9197351074      9197361062         2080255       7936       2000      10000          8
   0       68     2043     9986      9197361075      9197371061         2090256       7935       2000      10000          7
   0       68     2043     9987      9197371074      9197381061         2100255       7936       2000      10000          8
   0       68     2043     9986      9197381075      9197391062         2110256       7935       2000      10000          8
   0       68     2043     9987      9197391074      9197401061         2120255       7936       2000      10000          8
   0       68     2044     9987      9197401075      9197411062         2130255       7935       2000      10000          8
   0       68     2043     9986      9197411076      9197421062         2140256       7934       2000      10000          8
   0       68     2043     9987      9197421075      9197431062         2150256       7935       2000      10000          8
   0       68     2043     9987      9197431074      9197441061         2160255       7936       2000      10000          8
   0       68     2044     9984      9197441076      9197451060         2170256       7934       2000      10000          7
   0       68     2043     9988      9197451073      9197461061         2180254       7937       2000      10000          8
   0       68     2044     9985      9197461077      9197471061         2190257       7933       2000      10000          8
   0       68     2043     9985      9197471075      9197481060         2200255       7935       2000      10000          7
   0       68     2043     9987      9197481075      9197491061         2210255       7936       2000      10000          8
   0       68     2043     9987      9197491074      9197501062         2220255       7936       2000      10000          8
   0       68     2044     9986      9197501074      9197511060         2230255       7935       2000      10000          7
   0       68     2044     9989      9197511072      9197521061         2240253       7937       2000      10000          7
   0       68     2043     9985      9197521076      9197531061         2250257       7934       2000      10000          8
   0       68     2043     9981      9197531080      9197541061         2260260       7930       2000      10000          7
   0       68     2044     9981      9197541080      9197551061         2270261       7929       2000      10000          7
   0       68     2043     9983      9197551078      9197561061         2280259       7932       2000      10000          8
   0       68     2043     9984      9197561077      9197571061         2290258       7933       2000      10000          8
   0       68     2044     9985      9197571075      9197581061         2300256       7934       2000      10000          7
   0       68     2043     9954      9197581108      9197591062         2310288       7902       2000      10000          8
   0       68     2043     9985      9197591077      9197601062         2320257       7934       2000      10000          8
   0       68     2045     9985      9197601076      9197611060         2330256       7933       2000      10000          7
   0       68     2044     9986      9197611074      9197621061         2340255       7935       2000      10000          7
   0       68     2064     9985      9197621076      9197631061         2350257       7913       2000      10000          8
   0       68     2044     9983      9197631078      9197641061         2360259       7931       2000      10000          8
   0       68     2044     9984      9197641076      9197651060         2370256       7933       2000      10000          7
   0       68     2043     9988      9197651074      9197661062         2380255       7936       2000      10000          9
   0       68     2043     9985      9197661076      9197671061         2390257       7934       2000      10000          8
   0       68     2044     9985      9197671076      9197681061         2400257       7933       2000      10000          8
   0       68     2043     9986      9197681076      9197691062         2410256       7935       2000      10000          9
   0       68     2043     9986      9197691075      9197701062         2420256       7935       2000      10000          8
   0       68     2043     9983      9197701078      9197711061         2430258       7933       2000      10000          7
   0       68     2044     9986      9197711075      9197721061         2440256       7934       2000      10000          8
   0       68     2043     9986      9197721076      9197731062         2450256       7934       2000      10000          8
   0       68     2043     9984      9197731077      9197741061         2460258       7933       2000      10000          8
   0       68     2044     9985      9197741075      9197751061         2470256       7934       2000      10000          7
   0       68     2043     9987      9197751074      9197761061         2480254       7936       2000      10000          8
   0       68     2043     9984      9197761077      9197771061         2490258       7933       2000      10000          8
   0       68     2044     9985      9197771075      9197781060         2500256       7934       2000      10000          7
   0       68     2043     9987      9197781075      9197791062         2510255       7935       2000      10000          8
   0       68     2043     9986      9197791075      9197801061         2520255       7935       2000      10000          7
   0       68     2043     9987      9197801074      9197811061         2530255       7936       2000      10000          7
   0       68     2043     9988      9197811074      9197821062         2540254       7936       2000      10000          9
   0       68     2043     9985      9197821077      9197831061         2550257       7934       2000      10000          8
   0       68     2043     9985      9197831075      9197841060         2560256       7935       2000      10000          7
   0       68     2043     9986      9197841075      9197851061         2570255       7935       2000      10000          8
   0       68     2043     9986      9197851075      9197861060         2580255       7935       2000      10000          7
   0       68     2043     9988      9197861074      9197871062         2590254       7936       2000      10000          8
   0       68     2045     9986      9197871075      9197881061         2600255       7934       2000      10000          7
   0       68     2044     9993      9197881077      9197891070         2610258       7933       2000      10000         17
   0       68     2043     9977      9197891084      9197901061         2620265       7926       2000      10000          7
   0       68     2044     9984      9197901076      9197911060         2630257       7933       2000      10000          7
   0       68     2043     9951      9197911111      9197921062         2640291       7899       2000      10000          8
   0       68     2043     9984      9197921077      9197931061         2650258       7933       2000      10000          8
   0       68     2044     9985      9197931075      9197941061         2660256       7934       2000      10000          7
   0       68     2043     9985      9197941075      9197951060         2670256       7935       2000      10000          7
   0       68     2043     9987      9197951074      9197961061         2680254       7936       2000      10000          8
   0       68     2043     9987      9197961076      9197971062         2690256       7935       2000      10000          9
   0       68     2044     9985      9197971076      9197981061         2700257       7933       2000      10000          8
   0       68     2044     9986      9197981075      9197991061         2710256       7934       2000      10000          7
   0       68     2043     9988      9197991074      9198001062         2720255       7936       2000      10000          9
   0       68     2043     9984      9198001077      9198011061         2730257       7933       2000      10000          7
   0       68     2044     9986      9198011075      9198021061         2740256       7934       2000      10000          8
   0       68     2043     9985      9198021076      9198031061         2750257       7934       2000      10000          7
   0       68     2044     9985      9198031075      9198041060         2760256       7934       2000      10000          7
   0       68     2043     9986      9198041075      9198051061         2770255       7936       2000      10000          7
   0       68     2043     9987      9198051074      9198061062         2780255       7936       2000      10000          8
   0       68     2043     9984      9198061078      9198071062         2790259       7932       2000      10000          9
   0       68     2043     9982      9198071080      9198081061         2800260       7931       2000      10000          8
   0       68     2044     9981      9198081080      9198091061         2810260       7930       2000      10000          7
   0       68     2043     9985      9198091077      9198101061         2820257       7934       2000      10000          8
   0       68     2044     9985      9198101076      9198111060         2830256       7934       2000      10000          7
   0       68     2045     9989      9198111073      9198121062         2840253       7936       2000      10000          8
   0       68     2043     9983      9198121079      9198131062         2850260       7931       2000      10000          9
   0       68     2043     9985      9198131076      9198141061         2860257       7934       2000      10000          7
   0       68     2044     9985      9198141077      9198151061         2870257       7933       2000      10000          8
   0       68     2043     9986      9198151075      9198161062         2880256       7935       2000      10000          8
   0       68     2043     9984      9198161077      9198171061         2890258       7933       2000      10000          8
   0       68     2044     9983      9198171077      9198181060         2900257       7932       2000      10000          7
   0       68     2043     9986      9198181076      9198191062         2910256       7934       2000      10000          9
   0       68     2043     9987      9198191075      9198201063         2920256       7935       2000      10000          9
   0       68     2044     9983      9198201077      9198211060         2930258       7932       2000      10000          7
   0       68     2043     9987      9198211074      9198221061         2940254       7936       2000      10000          7
   0       68     2043     9985      9198221076      9198231061         2950256       7935       2000      10000          7
   0       68     2044     9986      9198231075      9198241061         2960255       7935       2000      10000          8
   0       68     2044     9949      9198241113      9198251061         2970293       7897       2000      10000          8
   0       68     2044     9985      9198251075      9198261061         2980256       7934       2000      10000          7
   0       68     2043     9985      9198261076      9198271061         2990257       7934       2000      10000          8
   0       68     2043     9985      9198271076      9198281061         3000257       7934       2000      10000          8
   0       68     2043     9985      9198281076      9198291061         3010257       7934       2000      10000          8
   0       68     2043     9986      9198291076      9198301061         3020256       7935       2000      10000          8
   0       68     2043     9984      9198301076      9198311061         3030257       7933       2000      10000          7
   0       68     2044     9985      9198311076      9198321061         3040257       7933       2000      10000          8
   0       68     2043     9986      9198321076      9198331062         3050257       7934       2000      10000          9
   0       68     2044     9985      9198331076      9198341062         3060257       7933       2000      10000          8
   0       68     2043     9984      9198341077      9198351061         3070258       7933       2000      10000          8
   0       68     2043     9987      9198351075      9198361062         3080256       7935       2000      10000          8
   0       68     2043     9984      9198361077      9198371061         3090258       7933       2000      10000          8
   0       68     2044     9984      9198371077      9198381061         3100257       7933       2000      10000          7
   0       68     2044     9984      9198381077      9198391061         3110257       7933       2000      10000          8
   0       68     2043     9986      9198391076      9198401062         3120257       7934       2000      10000          9
   0       68     2044     9983      9198401077      9198411060         3130258       7932       2000      10000          7
   0       68     2044     9988      9198411074      9198421062         3140255       7935       2000      10000          9
   0       68     2043     9984      9198421078      9198431062         3150258       7932       2000      10000          8
   0       68     2043     9985      9198431076      9198441061         3160256       7935       2000      10000          7
   0       68     2044     9985      9198441076      9198451061         3170256       7934       2000      10000          8
   0       68     2043     9986      9198451076      9198461062         3180257       7934       2000      10000          9
   0       68     2043     9984      9198461077      9198471061         3190257       7933       2000      10000          8
   0       68     2045     9986      9198471075      9198481061         3200255       7934       2000      10000          8
   0       68     2043     9986      9198481075      9198491061         3210256       7935       2000      10000          7
   0       68     2043     9989      9198491074      9198501062         3220254       7937       2000      10000          9
   0       68     2044     9984      9198501078      9198511062         3230258       7932       2000      10000          8
   0       68     2043     9984      9198511077      9198521061         3240258       7933       2000      10000          8
   0       68     2043     9986      9198521075      9198531060         3250255       7935       2000      10000          7
   0       68     2043     9987      9198531074      9198541061         3260254       7936       2000      10000          8
   0       68     2043     9986      9198541075      9198551061         3270256       7935       2000      10000          7
   0       68     2043     9987      9198551074      9198561061         3280254       7937       2000      10000          8
   0       68     2043     9987      9198561074      9198571061         3290255       7936       2000      10000          8
   0       68     2043     9964      9198571097      9198581061         3300278       7913       2000      10000          7
   0       68     2043     9976      9198581085      9198591061         3310266       7924       2000      10000          8
   0       68     2043     9985      9198591076      9198601061         3320257       7934       2000      10000          8
   0       68     2043     9984      9198601079      9198611063         3330260       7931       2000      10000         10
   0       68     2044     9980      9198611081      9198621061         3340262       7928       2000      10000          7
   0       68     2044     9985      9198621078      9198631063         3350259       7932       2000      10000          9
   0       68     2044     9983      9198631077      9198641061         3360258       7932       2000      10000          7
   0       68     2043     9986      9198641074      9198651061         3370255       7936       2000      10000          7
   0       68     2043     9988      9198651074      9198661062         3380255       7936       2000      10000          8
   0       68     2043     9985      9198661076      9198671061         3390257       7934       2000      10000          7
   0       68     2044     9985      9198671075      9198681060         3400256       7935       2000      10000          7
   0       68     2043     9990      9198681075      9198691065         3410256       7935       2000      10000         12
   0       68     2043     9983      9198691080      9198701063         3420261       7930       2000      10000          9
   0       68     2044     9982      9198701078      9198711060         3430258       7931       2000      10000          7
   0       68     2044     9986      9198711075      9198721061         3440256       7934       2000      10000          7
   0       68     2044     9987      9198721075      9198731063         3450256       7934       2000      10000          9
   0       68     2043     9984      9198731077      9198741061         3460257       7934       2000      10000          8
   0       68     2043     9986      9198741075      9198751062         3470256       7935       2000      10000          8
   0       68     2043     9986      9198751075      9198761061         3480255       7935       2000      10000          8
   0       68     2043     9992      9198761075      9198771067         3490256       7935       2000      10000         13
   0       68     2043     9979      9198771081      9198781060         3500261       7930       2000      10000          7
   0       68     2044     9987      9198781076      9198791063         3510256       7934       2000      10000          9
   0       68     2043     9986      9198791076      9198801062         3520257       7934       2000      10000          9
   0       68     2044     9984      9198801077      9198811061         3530257       7932       2000      10000          7
   0       68     2043     9985      9198811076      9198821061         3540256       7934       2000      10000          7
   0       68     2043     9987      9198821075      9198831062         3550256       7935       2000      10000          9
   0       68     2044     9985      9198831076      9198841061         3560257       7934       2000      10000          8
   0       68     2043     9985      9198841076      9198851061         3570257       7934       2000      10000          7
   0       68     2043     9987      9198851075      9198861061         3580255       7936       2000      10000          8
   0       68     2043     9988      9198861075      9198871064         3590256       7935       2000      10000         10
   0       68     2044     9983      9198871078      9198881061         3600259       7931       2000      10000          8
   0       68     2044     9986      9198881075      9198891062         3610256       7934       2000      10000          8
   0       68     2043     9986      9198891075      9198901062         3620256       7935       2000      10000          8
   0       68     2044     9941      9198901120      9198911061         3630300       7890       2000      10000          7
   0       68     2043     9985      9198911075      9198921061         3640256       7935       2000      10000          7
   0       68     2043     9987      9198921075      9198931062         3650256       7935       2000      10000          9
   0       68     2044     9983      9198931077      9198941060         3660257       7933       2000      10000          7
   0       68     2044     9986      9198941075      9198951061         3670256       7934       2000      10000          7
   0       68     2043     9987      9198951075      9198961063         3680256       7935       2000      10000          9
   0       68     2043     9983      9198961078      9198971061         3690258       7933       2000      10000          7
   0       68     2043     9984      9198971076      9198981060         3700257       7934       2000      10000          7
   0       68     2044     9987      9198981074      9198991061         3710255       7935       2000      10000          8
   0       68     2043     9985      9198991076      9199001061         3720256       7934       2000      10000          8
   0       68     2043     9989      9199001076      9199011064         3730256       7935       2000      10000         11
   0       68     2044     9983      9199011078      9199021061         3740258       7931       2000      10000          7
   0       68     2043     9987      9199021075      9199031062         3750256       7935       2000      10000          8
   0       68     2043     9985      9199031076      9199041061         3760256       7934       2000      10000          7
   0       68     2044     9985      9199041075      9199051060         3770256       7934       2000      10000          7
   0       68     2043     9987      9199051075      9199061062         3780255       7935       2000      10000          9
   0       68     2043     9985      9199061076      9199071061         3790257       7934       2000      10000          8
   0       68     2043     9984      9199071076      9199081060         3800256       7934       2000      10000          7
   0       68     2043     9987      9199081075      9199091062         3810255       7936       2000      10000          8
   0       68     2043     9985      9199091075      9199101061         3820256       7935       2000      10000          7
   0       68     2045     9988      9199101073      9199111061         3830254       7935       2000      10000          7
   0       68     2043     9987      9199111074      9199121061         3840254       7936       2000      10000          7
   0       68     2043     9984      9199121078      9199131062         3850258       7933       2000      10000          8
   0       68     2043     9980      9199131081      9199141061         3860262       7929       2000      10000          8
   0       68     2044     9980      9199141081      9199151061         3870262       7929       2000      10000          8
   0       68     2043     9984      9199151078      9199161062         3880259       7932       2000      10000          8
   0       68     2043     9981      9199161080      9199171061         3890261       7930       2000      10000          8
   0       68     2043     9994      9199171076      9199181070         3900257       7933       2000      10000         17
   0       68     2044     9976      9199181085      9199191061         3910265       7924       2000      10000          7
   0       68     2043     9988      9199191074      9199201062         3920255       7936       2000      10000          8
   0       68     2044     9984      9199201077      9199211060         3930257       7933       2000      10000          7
   0       68     2043     9986      9199211074      9199221060         3940255       7936       2000      10000          7
   0       68     2043     9987      9199221075      9199231062         3950255       7935       2000      10000          9
   0       68     2044     9954      9199231108      9199241061         3960288       7902       2000      10000          8
   0       68     2044     9985      9199241076      9199251061         3970256       7934       2000      10000          8
   0       68     2043     9987      9199251075      9199261062         3980255       7936       2000      10000          8
   0       68     2043     9985      9199261076      9199271062         3990257       7934       2000      10000          8
   0       68     2044     9985      9199271075      9199281060         4000256       7934       2000      10000          7
   0       68     2044     9986      9199281075      9199291062         4010256       7935       2000      10000          8
   0       68     2043     9986      9199291075      9199301061         4020256       7935       2000      10000          8
   0       68     2043     9986      9199301076      9199311061         4030256       7935       2000      10000          8
   0       68     2044     9985      9199311075      9199321060         4040256       7935       2000      10000          7
   0       68     2043     9986      9199321075      9199331061         4050255       7935       2000      10000          8
   0       68     2044     9986      9199331075      9199341060         4060255       7935       2000      10000          7
   0       68     2044     9987      9199341074      9199351062         4070255       7935       2000      10000          8
   0       68     2043     9985      9199351076      9199361061         4080256       7934       2000      10000          8
   0       68     2043     9985      9199361076      9199371060         4090256       7935       2000      10000          7
   0       68     2043     9988      9199371074      9199381062         4100254       7936       2000      10000          8
   0       68     2044     9985      9199381076      9199391061         4110256       7933       2000      10000          7
   0       68     2043     9987      9199391074      9199401061         4120255       7936       2000      10000          8
   0       68     2044     9999      9199401075      9199411074         4130256       7934       2000      10000         20
   0       68     2044     9973      9199411088      9199421061         4140269       7921       2000      10000          7
   0       68     2043     9986      9199421075      9199431061         4150256       7935       2000      10000          7
   0       68     2045     9986      9199431075      9199441061         4160255       7934       2000      10000          8
   0       68     2044     9985      9199441075      9199451060         4170256       7935       2000      10000          7
   0       68     2043     9987      9199451074      9199461061         4180255       7936       2000      10000          8
   0       68     2043     9986      9199461075      9199471062         4190256       7935       2000      10000          8
   0       68     2044     9985      9199471077      9199481062         4200257       7933       2000      10000          8
   0       68     2043     9987      9199481078      9199491064         4210258       7933       2000      10000         11
   0       68     2043     9982      9199491079      9199501061         4220259       7931       2000      10000          8
   0       68     2044     9983      9199501078      9199511061         4230258       7931       2000      10000          8
   0       68     2044     9985      9199511076      9199521060         4240256       7933       2000      10000          7
   0       68     2043     9986      9199521075      9199531061         4250255       7935       2000      10000          7
   0       68     2044     9986      9199531075      9199541061         4260256       7934       2000      10000          8
   0       68     2043     9984      9199541076      9199551060         4270257       7934       2000      10000          7
   0       68     2043     9986      9199551074      9199561061         4280255       7936       2000      10000          7
   0       68     2043     9953      9199561109      9199571062         4290290       7901       2000      10000          8
   0       68     2044     9985      9199571076      9199581061         4300257       7933       2000      10000          8
   0       68     2043     9986      9199581076      9199591062         4310256       7935       2000      10000          8
   0       68     2043     9986      9199591076      9199601062         4320257       7934       2000      10000          9
   0       68     2043     9984      9199601076      9199611060         4330257       7934       2000      10000          7
   0       68     2044     9987      9199611073      9199621061         4340254       7936       2000      10000          7
   0       68     2043     9985      9199621076      9199631061         4350256       7935       2000      10000          7
   0       68     2044     9987      9199631074      9199641061         4360255       7935       2000      10000          8
   0       68     2044     9986      9199641075      9199651061         4370256       7935       2000      10000          8
   0       68     2043     9987      9199651075      9199661062         4380255       7936       2000      10000          8
   0       68     2043     9977      9199661085      9199671062         4390266       7925       2000      10000          8
   0       68     2043     9984      9199671077      9199681061         4400258       7933       2000      10000          8
   0       68     2043     9980      9199681082      9199691062         4410263       7928       2000      10000          8
   0       68     2043     9986      9199691076      9199701062         4420256       7934       2000      10000          9
   0       68     2044     9985      9199701078      9199711063         4430259       7931       2000      10000          9
   0       68     2043     9984      9199711077      9199721061         4440258       7933       2000      10000          8
   0       68     2043     9985      9199721076      9199731061         4450257       7934       2000      10000          8
   0       68     2043     9986      9199731075      9199741061         4460256       7935       2000      10000          8
   0       68     2044     9985      9199741076      9199751061         4470257       7933       2000      10000          8
   0       68     2043     9985      9199751075      9199761060         4480256       7935       2000      10000          7
   0       68     2043     9988      9199761074      9199771062         4490255       7936       2000      10000          9
   0       68     2043     9985      9199771076      9199781061         4500257       7934       2000      10000          8
   0       68     2043     9986      9199781076      9199791061         4510256       7934       2000      10000          8
   0       68     2043     9987      9199791074      9199801061         4520254       7937       2000      10000          8
   0       68     2044     9986      9199801075      9199811061         4530256       7934       2000      10000          8
   0       68     2043     9986      9199811074      9199821061         4540255       7936       2000      10000          7
   0       68     2043     9986      9199821075      9199831061         4550256       7935       2000      10000          8
   0       68     2044     9988      9199831075      9199841062         4560255       7934       2000      10000          9
   0       68     2044     9984      9199841076      9199851060         4570257       7933       2000      10000          7
   0       68     2043     9990      9199851074      9199861063         4580254       7937       2000      10000         10
   0       68     2043     9984      9199861077      9199871062         4590258       7933       2000      10000          8
   0       68     2044     9987      9199871075      9199881061         4600255       7935       2000      10000          8
   0       68     2043     9985      9199881076      9199891062         4610257       7934       2000      10000          8
   0       68     2044     9956      9199891106      9199901062         4620286       7903       2000      10000          9
   0       68     2043     9984      9199901078      9199911061         4630258       7932       2000      10000          8
   0       68     2044     9984      9199911076      9199921060         4640257       7932       2000      10000          7
   0       68     2043     9987      9199921075      9199931062         4650256       7935       2000      10000          8
   0       68     2044     9986      9199931075      9199941061         4660255       7934       2000      10000          8
   0       68     2043     9986      9199941075      9199951061         4670256       7934       2000      10000          8
   0       68     2043     9986      9199951075      9199961061         4680256       7935       2000      10000          8
   0       68     2043     9986      9199961075      9199971062         4690256       7935       2000      10000          8
   0       68     2043     9985      9199971076      9199981061         4700257       7934       2000      10000          7
   0       68     2043     9986      9199981076      9199991062         4710256       7934       2000      10000          8
   0       68     2043     9986      9199991076      9200001062         4720256       7935       2000      10000          8
   0       68     2044     9986      9200001076      9200011062         4730256       7933       2000      10000          8
   0       68     2044     9985      9200011076      9200021061         4740256       7933       2000      10000          7
   0       68     2043     9985      9200021076      9200031061         4750256       7934       2000      10000          7
   0       68     2043     9986      9200031075      9200041061         4760256       7935       2000      10000          8
   0       68     2043     9985      9200041076      9200051061         4770256       7934       2000      10000          8
   0       68     2043     9986      9200051076      9200061062         4780256       7935       2000      10000          8
   0       68     2043     9986      9200061076      9200071062         4790256       7935       2000      10000          9
   0       68     2043     9983      9200071077      9200081061         4800258       7933       2000      10000          7
   0       68     2043     9987      9200081074      9200091061         4810255       7936       2000      10000          8
   0       68     2043     9987      9200091075      9200101062         4820255       7935       2000      10000          8
   0       68     2043     9985      9200101077      9200111061         4830257       7933       2000      10000          8
   0       68     2043     9986      9200111075      9200121061         4840255       7935       2000      10000          7
   0       68     2043     9987      9200121074      9200131061         4850255       7936       2000      10000          8
   0       68     2043     9986      9200131075      9200141061         4860255       7936       2000      10000          7
   0       68     2043     9987      9200141073      9200151060         4870254       7937       2000      10000          7
   0       68     2043     9988      9200151073      9200161061         4880254       7937       2000      10000          8
   0       68     2043     9987      9200161075      9200171061         4890255       7936       2000      10000          8
   0       68     2043     9985      9200171074      9200181060         4900255       7936       2000      10000          6
   0       68     2043     9979      9200181083      9200191062         4910264       7927       2000      10000          8
   0       68     2043     9982      9200191079      9200201062         4920260       7931       2000      10000          8
   0       68     2043     9980      9200201081      9200211061         4930262       7929       2000      10000          8
   0       68     2043     9981      9200211080      9200221062         4940261       7930       2000      10000          8
   0       68     2043     9943      9200221119      9200231061         4950299       7892       2000      10000          8
   0       68     2043     9983      9200231078      9200241061         4960259       7932       2000      10000          8
   0       68     2043     9984      9200241078      9200251062         4970259       7932       2000      10000          8
   0       68     2043     9985      9200251076      9200261062         4980257       7934       2000      10000          8
   0       68     2043     9985      9200261076      9200271061         4990257       7934       2000      10000          8
   0       68     2043     9986      9200271074      9200281060         5000255       7936       2000      10000          7
   0       68     2043     9986      9200281075      9200291061         5010255       7935       2000      10000          8
   0       68     2043     9986      9200291075      9200301060         5020255       7936       2000      10000          7
   0       68     2043     9987      9200301074      9200311061         5030254       7936       2000      10000          8
   0       68     2043     9988      9200311074      9200321062         5040255       7936       2000      10000          9
   0       68     2043     9985      9200321076      9200331062         5050257       7934       2000      10000          8
   0       68     2043     9986      9200331075      9200341061         5060256       7935       2000      10000          8
   0       68     2044     9986      9200341075      9200351061         5070256       7934       2000      10000          8
   0       68     2043     9987      9200351075      9200361062         5080255       7936       2000      10000          9
   0       68     2043     9987      9200361076      9200371063         5090257       7934       2000      10000         10
   0       68     2044     9984      9200371077      9200381061         5100258       7932       2000      10000          8
   0       68     2044     9986      9200381076      9200391062         5110257       7934       2000      10000          9
   0       68     2043     9984      9200391077      9200401061         5120258       7933       2000      10000          8
   0       68     2045     9985      9200401076      9200411061         5130257       7932       2000      10000          7
   0       68     2043     9988      9200411074      9200421062         5140255       7936       2000      10000          9
   0       68     2043     9986      9200421076      9200431061         5150256       7934       2000      10000          8
   0       68     2043     9986      9200431075      9200441061         5160256       7935       2000      10000          7
   0       68     2043     9986      9200441075      9200451061         5170255       7935       2000      10000          8
   0       68     2043     9987      9200451074      9200461062         5180255       7936       2000      10000          8
   0       68     2043     9985      9200461076      9200471061         5190256       7934       2000      10000          8
   0       68     2044     9988      9200471075      9200481063         5200256       7934       2000      10000         10
   0       68     2044     9985      9200481077      9200491063         5210258       7932       2000      10000          9
   0       68     2043     9984      9200491077      9200501061         5220258       7933       2000      10000          8
   0       68     2044     9985      9200501075      9200511060         5230256       7933       2000      10000          7
   0       68     2043     9987      9200511074      9200521061         5240254       7936       2000      10000          7
   0       68     2043     9986      9200521075      9200531061         5250256       7935       2000      10000          8
   0       68     2043     9986      9200531075      9200541061         5260256       7935       2000      10000          8
   0       68     2045     9985      9200541075      9200551060         5270256       7933       2000      10000          7
   0       68     2043     9958      9200551102      9200561061         5280283       7908       2000      10000          7
   0       68     2043     9985      9200561077      9200571062         5290258       7933       2000      10000          9
   0       68     2043     9983      9200571077      9200581060         5300258       7933       2000      10000          7
   0       68     2043     9985      9200581075      9200591061         5310256       7935       2000      10000          7
   0       68     2043     9987      9200591075      9200601061         5320255       7936       2000      10000          8
   0       68     2044     9985      9200601076      9200611061         5330256       7934       2000      10000          7
   0       68     2044     9984      9200611076      9200621061         5340257       7933       2000      10000          7
   0       68     2044     9987      9200621075      9200631062         5350256       7934       2000      10000          9
   0       68     2044     9985      9200631076      9200641061         5360256       7933       2000      10000          7
   0       68     2043     9985      9200641077      9200651062         5370257       7933       2000      10000          8
   0       68     2043     9987      9200651076      9200661063         5380256       7935       2000      10000          9
   0       68     2043     9985      9200661078      9200671062         5390258       7932       2000      10000          9
   0       68     2043     9985      9200671076      9200681060         5400256       7935       2000      10000          7
   0       68     2043     9987      9200681074      9200691061         5410255       7936       2000      10000          7
   0       68     2043     9988      9200691074      9200701062         5420255       7936       2000      10000          9
   0       68     2044     9987      9200701077      9200711064         5430258       7932       2000      10000         11
   0       68     2044     9984      9200711078      9200721062         5440259       7931       2000      10000          8
   0       68     2043     9986      9200721076      9200731062         5450256       7934       2000      10000          8
   0       68     2043     9983      9200731078      9200741060         5460258       7932       2000      10000          7
   0       68     2044     9988      9200741074      9200751061         5470254       7936       2000      10000          8
   0       68     2043     9983      9200751079      9200761062         5480260       7931       2000      10000          9
   0       68     2043     9982      9200761080      9200771061         5490260       7931       2000      10000          8
   0       68     2044     9985      9200771076      9200781061         5500257       7933       2000      10000          8
   0       68     2044     9985      9200781076      9200791061         5510256       7934       2000      10000          8
   0       68     2043     9986      9200791075      9200801061         5520256       7935       2000      10000          8
   0       68     2044     9985      9200801075      9200811061         5530256       7934       2000      10000          7
   0       68     2044     9987      9200811074      9200821061         5540255       7935       2000      10000          8
   0       68     2044     9985      9200821076      9200831061         5550257       7934       2000      10000          7
   0       68     2044     9987      9200831074      9200841061         5560254       7936       2000      10000          7
   0       68     2045     9986      9200841075      9200851061         5570256       7933       2000      10000          7
   0       68     2043     9988      9200851074      9200861062         5580255       7936       2000      10000          8
   0       68     2043     9985      9200861076      9200871061         5590257       7934       2000      10000          8
   0       68     2044     9988      9200871075      9200881063         5600256       7934       2000      10000         10
   0       68     2043     9952      9200881110      9200891062         5610290       7900       2000      10000          8
   0       68     2043     9985      9200891076      9200901062         5620257       7934       2000      10000          8
   0       68     2045     9984      9200901076      9200911061         5630257       7932       2000      10000          7
   0       68     2043     9986      9200911075      9200921061         5640255       7935       2000      10000          7
   0       68     2043     9986      9200921076      9200931061         5650256       7935       2000      10000          8
   0       68     2043     9987      9200931074      9200941061         5660254       7936       2000      10000          8
   0       68     2043     9985      9200941076      9200951061         5670257       7933       2000      10000          8
   0       68     2043     9987      9200951075      9200961062         5680255       7935       2000      10000          9
   0       68     2043     9984      9200961076      9200971061         5690257       7934       2000      10000          7
   0       68     2043     9987      9200971075      9200981061         5700255       7935       2000      10000          8
   0       68     2043     9985      9200981076      9200991061         5710256       7934       2000      10000          7
   0       68     2043     9988      9200991074      9201001061         5720254       7936       2000      10000          8
   0       68     2043     9987      9201001076      9201011063         5730257       7934       2000      10000         10
   0       68     2044     9983      9201011077      9201021060         5740258       7932       2000      10000          7
   0       68     2043     9987      9201021074      9201031061         5750255       7936       2000      10000          8
   0       68     2043     9985      9201031076      9201041061         5760256       7935       2000      10000          7
   0       68     2043     9985      9201041076      9201051061         5770257       7934       2000      10000          7
   0       68     2043     9988      9201051073      9201061061         5780254       7937       2000      10000          8
   0       68     2043     9990      9201061076      9201071067         5790257       7934       2000      10000         13
   0       68     2043     9981      9201071080      9201081062         5800261       7930       2000      10000          8
   0       68     2044     9986      9201081076      9201091062         5810257       7933       2000      10000          9
   0       68     2043     9984      9201091077      9201101061         5820257       7934       2000      10000          8
   0       68     2044     9984      9201101076      9201111060         5830256       7933       2000      10000          7
   0       68     2044     9987      9201111075      9201121062         5840255       7934       2000      10000          8
   0       68     2043     9984      9201121076      9201131061         5850257       7934       2000      10000          7
   0       68     2044     9987      9201131074      9201141061         5860255       7935       2000      10000          8
   0       68     2043     9985      9201141076      9201151061         5870257       7934       2000      10000          7
   0       68     2043     9986      9201151075      9201161060         5880255       7936       2000      10000          7
   0       68     2043     9987      9201161074      9201171061         5890255       7936       2000      10000          8
   0       68     2044     9987      9201171076      9201181063         5900256       7933       2000      10000         10
   0       68     2043     9984      9201181077      9201191061         5910257       7933       2000      10000          8
   0       68     2043     9987      9201191075      9201201062         5920255       7936       2000      10000          8
   0       68     2044     9984      9201201077      9201211060         5930257       7932       2000      10000          7
   0       68     2044     9956      9201211105      9201221062         5940286       7904       2000      10000          8
   0       68     2043     9986      9201221077      9201231063         5950258       7933       2000      10000          9
   0       68     2044     9984      9201231077      9201241061         5960258       7932       2000      10000          8
   0       68     2043     9984      9201241077      9201251061         5970258       7933       2000      10000          8
   0       68     2043     9986      9201251076      9201261061         5980256       7935       2000      10000          8
   0       68     2043     9984      9201261078      9201271061         5990258       7932       2000      10000          8
   0       68     2043     9982      9201271082      9201281064         6000263       7928       2000      10000         11
   0       68     2043     9978      9201281083      9201291061         6010264       7927       2000      10000          8
   0       68     2043     9983      9201291078      9201301062         6020259       7932       2000      10000          8
   0       68     2044     9982      9201301080      9201311063         6030261       7929       2000      10000          9
   0       68     2044     9982      9201311079      9201321061         6040259       7931       2000      10000          7
   0       68     2043     9985      9201321078      9201331062         6050258       7932       2000      10000          9
   0       68     2043     9985      9201331077      9201341062         6060257       7933       2000      10000          8
   0       68     2043     9985      9201341076      9201351061         6070256       7935       2000      10000          7
   0       68     2043     9986      9201351074      9201361060         6080255       7936       2000      10000          7
   0       68     2043     9986      9201361075      9201371061         6090256       7935       2000      10000          8
   0       68     2043     9986      9201371075      9201381061         6100255       7935       2000      10000          7
   0       68     2044     9986      9201381075      9201391061         6110256       7935       2000      10000          8
   0       68     2043     9987      9201391075      9201401062         6120255       7935       2000      10000          8
   0       68     2044     9985      9201401076      9201411060         6130256       7934       2000      10000          7
   0       68     2043     9988      9201411073      9201421061         6140253       7937       2000      10000          8
   0       68     2043     9985      9201421076      9201431061         6150256       7935       2000      10000          7
   0       68     2044     9985      9201431075      9201441060         6160256       7934       2000      10000          7
   0       68     2043     9987      9201441074      9201451061         6170255       7936       2000      10000          7
   0       68     2043     9985      9201451076      9201461061         6180256       7934       2000      10000          8
   0       68     2043     9986      9201461075      9201471062         6190256       7935       2000      10000          8
   0       68     2045     9986      9201471076      9201481062         6200257       7932       2000      10000          8
   0       68     2043     9985      9201481077      9201491062         6210257       7933       2000      10000          8
   0       68     2043     9985      9201491076      9201501061         6220257       7934       2000      10000          8
   0       68     2043     9984      9201501076      9201511060         6230256       7934       2000      10000          7
   0       68     2044     9984      9201511076      9201521061         6240257       7933       2000      10000          7
   0       68     2043     9986      9201521075      9201531061         6250256       7935       2000      10000          8
   0       68     2043     9987      9201531074      9201541061         6260255       7936       2000      10000          8
   0       68     2043     9956      9201541105      9201551061         6270286       7905       2000      10000          7
   0       68     2043     9986      9201551076      9201561062         6280257       7934       2000      10000          8
   0       68     2043     9985      9201561076      9201571061         6290256       7934       2000      10000          8
   0       68     2044     9985      9201571075      9201581060         6300256       7934       2000      10000          6
   0       68     2043     9987      9201581074      9201591061         6310255       7936       2000      10000          8
   0       68     2043     9986      9201591075      9201601061         6320256       7935       2000      10000          8
   0       68     2044     9985      9201601076      9201611061         6330257       7933       2000      10000          8
   0       68     2044     9985      9201611076      9201621062         6340257       7933       2000      10000          8
   0       68     2063     9984      9201621077      9201631061         6350257       7913       2000      10000          7
   0       68     2044     9981      9201631080      9201641061         6360260       7929       2000      10000          8
   0       68     2043     9983      9201641077      9201651060         6370258       7932       2000      10000          7
   0       68     2043     9986      9201651075      9201661061         6380255       7935       2000      10000          8
   0       68     2043     9983      9201661078      9201671061         6390259       7932       2000      10000          7
   0       68     2043     9987      9201671074      9201681061         6400255       7936       2000      10000          8
   0       68     2043     9985      9201681076      9201691062         6410257       7934       2000      10000          8
   0       68     2043     9986      9201691075      9201701061         6420256       7935       2000      10000          7
   0       68     2044     9985      9201701075      9201711060         6430256       7934       2000      10000          7
   0       68     2044     9986      9201711074      9201721061         6440255       7935       2000      10000          7
   0       68     2043     9984      9201721077      9201731061         6450258       7933       2000      10000          8
   0       68     2043     9987      9201731075      9201741061         6460255       7935       2000      10000          8
   0       68     2043     9985      9201741076      9201751061         6470256       7934       2000      10000          7
   0       68     2043     9988      9201751074      9201761062         6480254       7936       2000      10000          9
   0       68     2043     9984      9201761077      9201771061         6490258       7933       2000      10000          7
   0       68     2044     9987      9201771074      9201781061         6500255       7935       2000      10000          8
   0       68     2043     9985      9201781077      9201791062         6510257       7934       2000      10000          8
   0       68     2043     9987      9201791075      9201801062         6520255       7935       2000      10000          8
   0       68     2044     9984      9201801077      9201811061         6530258       7933       2000      10000          8
   0       68     2043     9980      9201811081      9201821061         6540262       7929       2000      10000          8
   0       68     2043     9982      9201821080      9201831063         6550261       7930       2000      10000          9
   0       68     2043     9981      9201831080      9201841061         6560261       7930       2000      10000          7
   0       68     2043     9981      9201841080      9201851061         6570260       7931       2000      10000          7
   0       68     2043     9986      9201851075      9201861061         6580255       7936       2000      10000          7
   0       68     2043     9985      9201861076      9201871061         6590256       7935       2000      10000          8
   0       68     2043     9946      9201871115      9201881062         6600296       7895       2000      10000          8
   0       68     2043     9985      9201881076      9201891061         6610256       7935       2000      10000          8
   0       68     2043     9987      9201891075      9201901062         6620256       7935       2000      10000          8
   0       68     2043     9983      9201901077      9201911060         6630257       7933       2000      10000          7
   0       68     2044     9987      9201911074      9201921061         6640254       7935       2000      10000          8
   0       68     2043     9986      9201921075      9201931061         6650256       7935       2000      10000          8
   0       68     2043     9986      9201931075      9201941061         6660256       7935       2000      10000          8
   0       68     2044     9986      9201941075      9201951061         6670255       7935       2000      10000          7
   0       68     2043     9986      9201951074      9201961060         6680255       7936       2000      10000          7
   0       68     2043     9989      9201961074      9201971063         6690255       7936       2000      10000         10
   0       68     2044     9985      9201971076      9201981061         6700257       7933       2000      10000          8
   0       68     2043     9988      9201981075      9201991063         6710256       7935       2000      10000          9
   0       68     2043     9984      9201991077      9202001061         6720258       7933       2000      10000          7
   0       68     2043     9985      9202001076      9202011061         6730257       7934       2000      10000          7
   0       68     2043     9985      9202011076      9202021061         6740256       7935       2000      10000          7
   0       68     2043     9986      9202021075      9202031061         6750256       7935       2000      10000          7
   0       68     2043     9985      9202031075      9202041061         6760256       7935       2000      10000          7
   0       68     2043     9985      9202041076      9202051061         6770256       7934       2000      10000          8
   0       68     2044     9985      9202051076      9202061061         6780257       7934       2000      10000          8
   0       68     2043     9986      9202061076      9202071061         6790256       7935       2000      10000          8
   0       68     2044     9985      9202071076      9202081061         6800257       7933       2000      10000          8
   0       68     2043     9986      9202081076      9202091062         6810256       7934       2000      10000          8
   0       68     2043     9986      9202091075      9202101061         6820256       7935       2000      10000          8
   0       68     2044     9984      9202101076      9202111060         6830256       7933       2000      10000          7
   0       68     2043     9990      9202111075      9202121064         6840255       7935       2000      10000         11
   0       68     2044     9981      9202121081      9202131062         6850262       7928       2000      10000          9
   0       68     2044     9985      9202131076      9202141061         6860257       7933       2000      10000          7
   0       68     2044     9985      9202141076      9202151061         6870256       7934       2000      10000          7
   0       68     2043     9987      9202151074      9202161061         6880255       7936       2000      10000          7
   0       68     2043     9986      9202161075      9202171061         6890256       7935       2000      10000          8
   0       68     2043     9984      9202171076      9202181060         6900256       7934       2000      10000          7
   0       68     2043     9986      9202181075      9202191061         6910256       7935       2000      10000          8
   0       68     2043     9986      9202191076      9202201062         6920257       7934       2000      10000          9
   0       68     2044     9947      9202201115      9202211061         6930295       7895       2000      10000          8
   0       68     2044     9984      9202211076      9202221060         6940257       7933       2000      10000          7
   0       68     2043     9985      9202221077      9202231062         6950257       7934       2000      10000          9
   0       68     2043     9984      9202231077      9202241061         6960258       7933       2000      10000          7
   0       68     2043     9984      9202241076      9202251061         6970257       7934       2000      10000          7
   0       68     2043     9986      9202251075      9202261061         6980256       7935       2000      10000          7
   0       68     2043     9986      9202261075      9202271062         6990256       7935       2000      10000          8
   0       68     2043     9985      9202271077      9202281061         7000257       7934       2000      10000          8
   0       68     2043     9988      9202281076      9202291063         7010256       7935       2000      10000         10
   0       68     2043     9985      9202291076      9202301062         7020257       7934       2000      10000          8
   0       68     2044     9985      9202301076      9202311060         7030256       7934       2000      10000          7
   0       68     2044     9987      9202311074      9202321061         7040255       7935       2000      10000          8
   0       68     2043     9985      9202321076      9202331062         7050257       7934       2000      10000          8
   0       68     2043     9985      9202331076      9202341061         7060257       7934       2000      10000          8
   0       68     2044     9985      9202341076      9202351061         7070257       7933       2000      10000          8
   0       68     2043     9986      9202351077      9202361062         7080257       7933       2000      10000          9
   0       68     2043     9979      9202361083      9202371062         7090264       7927       2000      10000          8
   0       68     2044     9982      9202371079      9202381061         7100260       7930       2000      10000          8
   0       68     2044     9980      9202381082      9202391062         7110262       7927       2000      10000          8
   0       68     2043     9985      9202391077      9202401062         7120258       7933       2000      10000          8
   0       68     2044     9981      9202401080      9202411061         7130260       7929       2000      10000          7
   0       68     2043     9983      9202411078      9202421061         7140259       7932       2000      10000          7
   0       68     2043     9985      9202421077      9202431061         7150257       7934       2000      10000          8
   0       68     2043     9986      9202431076      9202441062         7160256       7934       2000      10000          8
   0       68     2044     9983      9202441077      9202451060         7170258       7932       2000      10000          7
   0       68     2043     9987      9202451074      9202461061         7180254       7937       2000      10000          8
   0       68     2043     9985      9202461076      9202471061         7190257       7934       2000      10000          8
   0       68     2044     9985      9202471076      9202481061         7200256       7934       2000      10000          7
   0       68     2043     9987      9202481074      9202491062         7210255       7936       2000      10000          8
   0       68     2043     9985      9202491076      9202501061         7220256       7935       2000      10000          8
   0       68     2043     9985      9202501075      9202511060         7230255       7935       2000      10000          7
   0       68     2043     9988      9202511073      9202521061         7240254       7937       2000      10000          7
   0       68     2043     9986      9202521075      9202531060         7250255       7936       2000      10000          7
   0       68     2043     9955      9202531108      9202541062         7260288       7903       2000      10000          9
   0       68     2043     9984      9202541078      9202551062         7270259       7932       2000      10000          9
   0       68     2043     9998      9202551078      9202561076         7280259       7932       2000      10000         23
   0       68     2043     9968      9202561093      9202571062         7290274       7917       2000      10000          8
   0       68     2043     9985      9202571076      9202581061         7300257       7934       2000      10000          7
   0       68     2043     9990      9202581076      9202591066         7310257       7934       2000      10000         12
   0       68     2043     9980      9202591081      9202601061         7320262       7929       2000      10000          8
   0       68     2044     9985      9202601076      9202611060         7330256       7934       2000      10000          7
   0       68     2043     9987      9202611075      9202621062         7340255       7935       2000      10000          8
   0       68     2044     9984      9202621077      9202631061         7350257       7933       2000      10000          7
   0       68     2043     9985      9202631075      9202641060         7360256       7935       2000      10000          7
   0       68     2044     9987      9202641074      9202651061         7370254       7936       2000      10000          7
   0       68     2043     9987      9202651075      9202661062         7380255       7936       2000      10000          8
   0       68     2043     9986      9202661075      9202671061         7390256       7935       2000      10000          8
   0       68     2043     9985      9202671075      9202681060         7400256       7935       2000      10000          7
   0       68     2043     9986      9202681075      9202691062         7410256       7935       2000      10000          8
   0       68     2043     9986      9202691076      9202701061         7420256       7935       2000      10000          8
   0       68     2044     9985      9202701075      9202711060         7430255       7934       2000      10000          7
   0       68     2044     9987      9202711074      9202721061         7440254       7936       2000      10000          8
   0       68     2044     9986      9202721075      9202731061         7450256       7934       2000      10000          7
   0       68     2043     9987      9202731074      9202741061         7460255       7936       2000      10000          8
   0       68     2043     9985      9202741075      9202751060         7470256       7935       2000      10000          7
   0       68     2043     9986      9202751075      9202761061         7480255       7936       2000      10000          8
   0       68     2043     9986      9202761075      9202771061         7490255       7936       2000      10000          8
   0       68     2043     9985      9202771077      9202781062         7500258       7933       2000      10000          9
   0       68     2044     9985      9202781076      9202791061         7510257       7933       2000      10000          7
   0       68     2043     9987      9202791074      9202801062         7520255       7936       2000      10000          8
   0       68     2043     9984      9202801077      9202811061         7530257       7933       2000      10000          8
   0       68     2044     9985      9202811076      9202821061         7540256       7934       2000      10000          8
   0       68     2043     9986      9202821076      9202831061         7550256       7934       2000      10000          8
   0       68     2044     9985      9202831076      9202841061         7560257       7933       2000      10000          8
   0       68     2043     9986      9202841075      9202851061         7570256       7935       2000      10000          8
   0       68     2043     9987      9202851075      9202861062         7580255       7935       2000      10000          8
   0       68     2043     9947      9202861114      9202871062         7590295       7896       2000      10000          8
   0       68     2044     9984      9202871076      9202881060         7600257       7933       2000      10000          7
   0       68     2044     9987      9202881074      9202891062         7610255       7935       2000      10000          8
   0       68     2043     9982      9202891080      9202901062         7620261       7930       2000      10000          8
   0       68     2043     9981      9202901080      9202911061         7630261       7930       2000      10000          7
   0       68     2043     9989      9202911080      9202921069         7640260       7930       2000      10000         16
   0       68     2043     9973      9202921088      9202931061         7650268       7922       2000      10000          8
   0       68     2044     9984      9202931077      9202941061         7660258       7933       2000      10000          8
   0       68     2044     9984      9202941078      9202951062         7670259       7931       2000      10000          8
   0       68     2043     9984      9202951077      9202961061         7680257       7934       2000      10000          7
   0       68     2043     9985      9202961076      9202971061         7690257       7934       2000      10000          8
   0       68     2044     9985      9202971076      9202981061         7700256       7934       2000      10000          7
   0       68     2044     9985      9202981076      9202991061         7710257       7934       2000      10000          8
   0       68     2043     9986      9202991075      9203001061         7720256       7935       2000      10000          8
   0       68     2043     9986      9203001075      9203011061         7730256       7935       2000      10000          8
   0       68     2043     9986      9203011075      9203021061         7740256       7935       2000      10000          8
   0       68     2043     9987      9203021075      9203031062         7750256       7935       2000      10000          8
   0       68     2044     9985      9203031076      9203041061         7760257       7933       2000      10000          8
   0       68     2043     9986      9203041076      9203051061         7770256       7935       2000      10000          8
   0       68     2043     9988      9203051075      9203061063         7780255       7935       2000      10000          9
   0       68     2043     9984      9203061077      9203071061         7790258       7933       2000      10000          8
   0       68     2044     9987      9203071075      9203081062         7800256       7934       2000      10000          9
   0       68     2043     9985      9203081077      9203091062         7810258       7933       2000      10000          8
   0       68     2043     9987      9203091076      9203101063         7820257       7934       2000      10000          9
   0       68     2043     9983      9203101079      9203111061         7830259       7931       2000      10000          8
   0       68     2044     9987      9203111075      9203121062         7840255       7935       2000      10000          8
   0       68     2043     9985      9203121076      9203131061         7850257       7934       2000      10000          7
   0       68     2044     9985      9203131076      9203141061         7860256       7934       2000      10000          7
   0       68     2043     9984      9203141076      9203151060         7870257       7934       2000      10000          7
   0       68     2043     9988      9203151074      9203161062         7880255       7936       2000      10000          9
   0       68     2043     9983      9203161078      9203171061         7890259       7932       2000      10000          8
   0       68     2043     9985      9203171075      9203181061         7900256       7935       2000      10000          7
   0       68     2044     9985      9203181076      9203191061         7910256       7934       2000      10000          7
   0       68     2043     9957      9203191105      9203201062         7920285       7905       2000      10000          8
   0       68     2043     9982      9203201079      9203211061         7930260       7931       2000      10000          7
   0       68     2044     9987      9203211075      9203221062         7940256       7934       2000      10000          8
   0       68     2043     9984      9203221077      9203231061         7950258       7933       2000      10000          8
   0       68     2044     9986      9203231075      9203241061         7960256       7934       2000      10000          8
   0       68     2044     9985      9203241077      9203251061         7970257       7933       2000      10000          8
   0       68     2043     9985      9203251075      9203261061         7980256       7935       2000      10000          7
   0       68     2043     9986      9203261075      9203271061         7990256       7935       2000      10000          8
   0       68     2044     9984      9203271075      9203281060         8000256       7934       2000      10000          7
   0       68     2043     9985      9203281077      9203291062         8010257       7933       2000      10000          9
   0       68     2043     9985      9203291076      9203301061         8020257       7934       2000      10000          8
   0       68     2044     9984      9203301076      9203311060         8030257       7933       2000      10000          6
   0       68     2043     9985      9203311076      9203321061         8040257       7934       2000      10000          8
   0       68     2043     9985      9203321077      9203331062         8050257       7933       2000      10000          8
   0       68     2044     9986      9203331075      9203341061         8060256       7934       2000      10000          8
   0       68     2043     9986      9203341075      9203351061         8070256       7935       2000      10000          8
   0       68     2043     9987      9203351074      9203361061         8080255       7936       2000      10000          7
   0       68     2043     9986      9203361074      9203371061         8090255       7936       2000      10000          7
   0       68     2044     9986      9203371075      9203381061         8100256       7934       2000      10000          8
   0       68     2043     9986      9203381075      9203391061         8110256       7935       2000      10000          8
   0       68     2043     9987      9203391074      9203401061         8120255       7936       2000      10000          8
   0       68     2044     9985      9203401076      9203411061         8130257       7933       2000      10000          7
   0       68     2043     9987      9203411075      9203421062         8140255       7936       2000      10000          9
   0       68     2043     9984      9203421077      9203431061         8150258       7933       2000      10000          8
   0       68     2043     9980      9203431082      9203441062         8160262       7928       2000      10000          8
   0       68     2043     9982      9203441079      9203451062         8170260       7931       2000      10000          8
   0       68     2043     9984      9203451079      9203461062         8180259       7932       2000      10000          9
   0       68     2043     9980      9203461082      9203471062         8190263       7928       2000      10000          8
   0       68     2043     9983      9203471077      9203481061         8200258       7933       2000      10000          7
   0       68     2043     9981      9203481080      9203491061         8210260       7931       2000      10000          7
   0       68     2043     9986      9203491076      9203501062         8220257       7934       2000      10000          8
   0       68     2044     9984      9203501077      9203511060         8230257       7932       2000      10000          7
   0       68     2045     9986      9203511075      9203521061         8240256       7933       2000      10000          7
   0       68     2043     9956      9203521107      9203531062         8250287       7904       2000      10000          9
   0       68     2044     9985      9203531077      9203541062         8260257       7932       2000      10000          8
   0       68     2044     9984      9203541076      9203551061         8270257       7933       2000      10000          7
   0       68     2043     9987      9203551074      9203561061         8280255       7936       2000      10000          8
   0       68     2043     9985      9203561076      9203571061         8290256       7935       2000      10000          7
   0       68     2044     9986      9203571074      9203581061         8300255       7934       2000      10000          7
   0       68     2043     9987      9203581074      9203591062         8310255       7935       2000      10000          8
   0       68     2043     9986      9203591075      9203601061         8320256       7935       2000      10000          8
   0       68     2045     9986      9203601075      9203611061         8330256       7934       2000      10000          7
   0       68     2043     9985      9203611075      9203621061         8340256       7935       2000      10000          7
   0       68     2044     9987      9203621075      9203631062         8350255       7935       2000      10000          8
   0       68     2044     9986      9203631075      9203641061         8360256       7934       2000      10000          8
   0       68     2043     9986      9203641075      9203651061         8370256       7935       2000      10000          8
   0       68     2043     9987      9203651075      9203661061         8380255       7935       2000      10000          8
   0       68     2043     9986      9203661076      9203671061         8390256       7935       2000      10000          8
   0       68     2044     9985      9203671077      9203681061         8400257       7933       2000      10000          8
   0       68     2044     9986      9203681076      9203691061         8410256       7933       2000      10000          8
   0       68     2043     9987      9203691075      9203701062         8420256       7935       2000      10000          9
   0       68     2044     9983      9203701077      9203711060         8430258       7932       2000      10000          7
   0       68     2043     9987      9203711074      9203721061         8440255       7936       2000      10000          8
   0       68     2043     9987      9203721075      9203731062         8450256       7934       2000      10000          9
   0       68     2043     9988      9203731076      9203741064         8460256       7934       2000      10000         11
   0       68     2044     9982      9203741078      9203751061         8470259       7931       2000      10000          7
   0       68     2043     9987      9203751074      9203761061         8480255       7936       2000      10000          8
   0       68     2043     9985      9203761076      9203771061         8490257       7934       2000      10000          8
   0       68     2044     9984      9203771076      9203781060         8500256       7934       2000      10000          7
   0       68     2044     9987      9203781075      9203791062         8510256       7934       2000      10000          8
   0       68     2043     9986      9203791076      9203801061         8520256       7935       2000      10000          8
   0       68     2043     9985      9203801075      9203811061         8530256       7934       2000      10000          7
   0       68     2044     9986      9203811075      9203821061         8540255       7935       2000      10000          7
   0       68     2043     9986      9203821075      9203831061         8550256       7935       2000      10000          8
   0       68     2043     9986      9203831075      9203841061         8560255       7935       2000      10000          8
   0       68     2044     9986      9203841075      9203851060         8570255       7934       2000      10000          7
   0       68     2044     9959      9203851103      9203861062         8580284       7906       2000      10000          9
   0       68     2043     9984      9203861077      9203871061         8590258       7933       2000      10000          8
   0       68     2044     9985      9203871076      9203881060         8600256       7934       2000      10000          7
   0       68     2043     9988      9203881074      9203891062         8610255       7936       2000      10000          9
   0       68     2043     9986      9203891075      9203901061         8620256       7935       2000      10000          8
   0       68     2044     9986      9203901077      9203911063         8630258       7932       2000      10000          9
   0       68     2043     9983      9203911077      9203921060         8640258       7933       2000      10000          7
   0       68     2044     9986      9203921076      9203931062         8650257       7933       2000      10000          9
   0       68     2043     9984      9203931077      9203941061         8660257       7933       2000      10000          7
   0       68     2043     9985      9203941076      9203951060         8670256       7935       2000      10000          7
   0       68     2043     9988      9203951073      9203961061         8680254       7937       2000      10000          8
   0       68     2043     9987      9203961076      9203971063         8690256       7935       2000      10000          9
   0       68     2043     9977      9203971084      9203981061         8700265       7926       2000      10000          7
   0       68     2044     9980      9203981081      9203991061         8710261       7928       2000      10000          8
   0       68     2043     9982      9203991079      9204001061         8720259       7931       2000      10000          8
   0       68     2044     9981      9204001079      9204011060         8730260       7931       2000      10000          7
   0       68     2044     9984      9204011076      9204021061         8740257       7933       2000      10000          7
   0       68     2043     9983      9204021078      9204031061         8750259       7932       2000      10000          8
   0       68     2044     9985      9204031076      9204041061         8760257       7933       2000      10000          8
   0       68     2044     9983      9204041077      9204051061         8770258       7932       2000      10000          7
   0       68     2043     9987      9204051075      9204061062         8780255       7936       2000      10000          8
   0       68     2043     9984      9204061077      9204071061         8790258       7933       2000      10000          8
   0       68     2043     9984      9204071076      9204081060         8800257       7934       2000      10000          7
   0       68     2044     9986      9204081076      9204091062         8810256       7934       2000      10000          8
   0       68     2043     9985      9204091077      9204101062         8820257       7933       2000      10000          8
   0       68     2043     9985      9204101076      9204111061         8830256       7934       2000      10000          8
   0       68     2043     9987      9204111075      9204121062         8840255       7935       2000      10000          8
   0       68     2043     9985      9204121076      9204131061         8850257       7934       2000      10000          8
   0       68     2043     9986      9204131074      9204141060         8860255       7936       2000      10000          7
   0       68     2044     9988      9204141074      9204151062         8870255       7935       2000      10000          8
   0       68     2043     9986      9204151076      9204161062         8880256       7934       2000      10000          8
   0       68     2043     9985      9204161076      9204171062         8890257       7934       2000      10000          8
   0       68     2044     9985      9204171076      9204181060         8900256       7934       2000      10000          7
   0       68     2044     9957      9204181106      9204191063         8910286       7904       2000      10000          9
   0       68     2043     9983      9204191078      9204201061         8920258       7933       2000      10000          8
   0       68     2044     9985      9204201076      9204211061         8930257       7933       2000      10000          8
   0       68     2043     9985      9204211076      9204221061         8940257       7933       2000      10000          8
   0       68     2043     9985      9204221076      9204231061         8950257       7934       2000      10000          8
   0       68     2044     9986      9204231075      9204241060         8960255       7935       2000      10000          7
   0       68     2044     9986      9204241076      9204251062         8970256       7934       2000      10000          8
   0       68     2043     9986      9204251076      9204261062         8980256       7934       2000      10000          8
   0       68     2043     9985      9204261077      9204271062         8990257       7933       2000      10000          8
   0       68     2043     9984      9204271077      9204281061         9000257       7933       2000      10000          7
   0       68     2043     9986      9204281076      9204291062         9010257       7934       2000      10000          9
   0       68     2043     9984      9204291076      9204301060         9020257       7934       2000      10000          7
   0       68     2044     9984      9204301076      9204311060         9030256       7934       2000      10000          7
   0       68     2043     9987      9204311074      9204321061         9040255       7936       2000      10000          7
   0       68     2043     9986      9204321075      9204331061         9050256       7935       2000      10000          8
   0       68     2044     9985      9204331076      9204341061         9060256       7933       2000      10000          7
   0       68     2045     9986      9204341075      9204351061         9070256       7934       2000      10000          8
   0       68     2043     9988      9204351075      9204361063         9080256       7935       2000      10000          9
   0       68     2043     9984      9204361078      9204371061         9090258       7933       2000      10000          8
   0       68     2044     9985      9204371076      9204381060         9100256       7934       2000      10000          7
   0       68     2044     9987      9204381075      9204391062         9110255       7935       2000      10000          8
   0       68     2043     9986      9204391076      9204401062         9120257       7934       2000      10000          9
   0       68     2043     9985      9204401076      9204411061         9130256       7934       2000      10000          7
   0       68     2043     9988      9204411074      9204421062         9140254       7936       2000      10000          8
   0       68     2043     9991      9204421076      9204431066         9150256       7935       2000      10000         13
   0       68     2043     9981      9204431080      9204441061         9160260       7930       2000      10000          8
   0       68     2043     9986      9204441075      9204451061         9170256       7935       2000      10000          8
   0       68     2043     9989      9204451074      9204461063         9180254       7937       2000      10000          9
   0       68     2043     9984      9204461076      9204471060         9190257       7934       2000      10000          7
   0       68     2043     9987      9204471073      9204481061         9200254       7937       2000      10000          7
   0       68     2044     9988      9204481074      9204491062         9210255       7935       2000      10000          9
   0       68     2043     9983      9204491077      9204501060         9220258       7933       2000      10000          7
   0       68     2044     9986      9204501075      9204511061         9230256       7934       2000      10000          7
   0       68     2043     9948      9204511114      9204521062         9240295       7896       2000      10000          9
   0       68     2043     9978      9204521084      9204531062         9250264       7926       2000      10000          8
   0       68     2044     9981      9204531079      9204541060         9260259       7931       2000      10000          7
   0       68     2044     9985      9204541078      9204551063         9270258       7931       2000      10000          9
   0       68     2043     9984      9204551078      9204561062         9280259       7932       2000      10000          8
   0       68     2043     9983      9204561078      9204571061         9290259       7932       2000      10000          7
   0       68     2043     9986      9204571075      9204581061         9300256       7935       2000      10000          8
   0       68     2044     9985      9204581077      9204591061         9310257       7933       2000      10000          8
   0       68     2043     9985      9204591076      9204601061         9320256       7934       2000      10000          7
   0       68     2044     9984      9204601076      9204611060         9330257       7933       2000      10000          7
   0       68     2044     9987      9204611074      9204621061         9340255       7935       2000      10000          8
   0       68     2043     9986      9204621075      9204631062         9350256       7935       2000      10000          8
   0       68     2044     9986      9204631075      9204641062         9360256       7933       2000      10000          8
   0       68     2045     9985      9204641076      9204651061         9370256       7933       2000      10000          8
   0       68     2043     9987      9204651075      9204661062         9380255       7936       2000      10000          8
   0       68     2043     9986      9204661076      9204671062         9390256       7934       2000      10000          8
   0       68     2044     9985      9204671075      9204681060         9400255       7934       2000      10000          7
   0       68     2043     9987      9204681075      9204691062         9410255       7935       2000      10000          8
   0       68     2043     9985      9204691076      9204701061         9420256       7935       2000      10000          7
   0       68     2043     9986      9204701074      9204711060         9430255       7936       2000      10000          7
   0       68     2044     9987      9204711074      9204721061         9440255       7934       2000      10000          8
   0       68     2043     9986      9204721076      9204731062         9450256       7935       2000      10000          8
   0       68     2043     9986      9204731075      9204741061         9460256       7935       2000      10000          8
   0       68     2043     9986      9204741074      9204751061         9470255       7935       2000      10000          7
   0       68     2043     9987      9204751075      9204761062         9480255       7936       2000      10000          8
   0       68     2043     9986      9204761076      9204771062         9490256       7935       2000      10000          8
   0       68     2045     9985      9204771075      9204781060         9500256       7933       2000      10000          7
   0       68     2043     9987      9204781075      9204791062         9510255       7935       2000      10000          8
   0       68     2043     9986      9204791075      9204801062         9520256       7935       2000      10000          8
   0       68     2044     9985      9204801076      9204811061         9530257       7933       2000      10000          8
   0       68     2044     9985      9204811076      9204821060         9540256       7934       2000      10000          7
   0       68     2043     9987      9204821075      9204831062         9550256       7935       2000      10000          9
   0       68     2044     9985      9204831076      9204841061         9560256       7934       2000      10000          7
   0       68     2043     9953      9204841107      9204851060         9570287       7903       2000      10000          7
   0       68     2043     9986      9204851075      9204861062         9580256       7935       2000      10000          8
   0       68     2043     9983      9204861078      9204871061         9590259       7932       2000      10000          7
   0       68     2043     9986      9204871075      9204881061         9600256       7935       2000      10000          8
   0       68     2044     9985      9204881076      9204891061         9610256       7934       2000      10000          8
   0       68     2043     9987      9204891075      9204901061         9620255       7936       2000      10000          8
   0       68     2043     9983      9204901077      9204911060         9630257       7933       2000      10000          6
   0       68     2043     9988      9204911074      9204921062         9640254       7936       2000      10000          8
   0       68     2043     9985      9204921076      9204931061         9650257       7934       2000      10000          7
   0       68     2044     9986      9204931074      9204941061         9660255       7935       2000      10000          7
   0       68     2043     9985      9204941075      9204951060         9670256       7934       2000      10000          6
   0       68     2043     9989      9204951073      9204961061         9680253       7937       2000      10000          8
   0       68     2043     9985      9204961077      9204971062         9690258       7933       2000      10000          8
   0       68     2043     9983      9204971077      9204981060         9700257       7933       2000      10000          7
   0       68     2043     9986      9204981075      9204991061         9710256       7935       2000      10000          8
   0       68     2043     9986      9204991075      9205001061         9720256       7935       2000      10000          8
   0       68     2043     9986      9205001076      9205011061         9730256       7934       2000      10000          8
   0       68     2044     9986      9205011076      9205021062         9740256       7933       2000      10000          8
   0       68     2043     9986      9205021076      9205031062         9750256       7934       2000      10000          8
   0       68     2044     9985      9205031076      9205041061         9760257       7933       2000      10000          7
   0       68     2044     9986      9205041075      9205051061         9770256       7934       2000      10000          8
   0       68     2043     9983      9205051079      9205061062         9780259       7932       2000      10000          9
   0       68     2043     9981      9205061081      9205071062         9790262       7929       2000      10000          8
   0       68     2044     9981      9205071079      9205081060         9800259       7930       2000      10000          7
   0       68     2043     9982      9205081079      9205091061         9810260       7931       2000      10000          8
   0       68     2043     9985      9205091077      9205101062         9820257       7933       2000      10000          8
   0       68     2044     9983      9205101079      9205111061         9830259       7930       2000      10000          8
   0       68     2044     9984      9205111078      9205121062         9840258       7931       2000      10000          8
   0       68     2043     9984      9205121078      9205131062         9850259       7932       2000      10000          8
   0       68     2045     9984      9205131076      9205141060         9860257       7933       2000      10000          7
   0       68     2043     9985      9205141076      9205151061         9870256       7934       2000      10000          8
   0       68     2043     9986      9205151075      9205161061         9880256       7935       2000      10000          8
   0       68     2043     9985      9205161076      9205171061         9890257       7934       2000      10000          7
   0       68     2044     9955      9205171106      9205181061         9900287       7903       2000      10000          8
   0       68     2044     9985      9205181077      9205191062         9910258       7932       2000      10000          9
   0       68     2043     9984      9205191077      9205201061         9920258       7933       2000      10000          7
   0       68     2044     9983      9205201077      9205211060         9930257       7932       2000      10000          7
   0       68     2043     9987      9205211074      9205221061         9940255       7936       2000      10000          7
   0       68     2043     9986      9205221076      9205231061         9950256       7935       2000      10000          8
   0       68     2043     9984      9205231076      9205241061         9960257       7934       2000      10000          7
   0       68     2044     9985      9205241075      9205251060         9970256       7934       2000      10000          6
   0       68     2043     9988      9205251074      9205261062         9980255       7936       2000      10000          8
   0       68     2043     9984      9205261077      9205271061         9990258       7933       2000      10000          7
   0       68     2045     9984      9205271076      9205281060        10000257       7932       2000      10000          7
   0       68     2044     9986      9205281075      9205291062        10010256       7934       2000      10000          8
   0       68     2043     9985      9205291077      9205301062        10020257       7934       2000      10000          8
   0       68     2044     9984      9205301077      9205311061        10030258       7932       2000      10000          7
   0       68     2043     9985      9205311076      9205321061        10040256       7934       2000      10000          8
   0       68     2043     9984      9205321077      9205331061        10050258       7933       2000      10000          8
   0       68     2044     9986      9205331075      9205341061        10060255       7935       2000      10000          7
   0       68     2044     9984      9205341077      9205351061        10070257       7933       2000      10000          8
   0       68     2043     9987      9205351075      9205361062        10080256       7935       2000      10000          9
   0       68     2043     9983      9205361078      9205371061        10090259       7932       2000      10000          8
   0       68     2044     9986      9205371075      9205381061        10100256       7934       2000      10000          7
   0       68     2043     9983      9205381078      9205391061        10110258       7932       2000      10000          7
   0       68     2043     9986      9205391075      9205401061        10120256       7935       2000      10000          7
   0       68     2043     9984      9205401077      9205411061        10130257       7933       2000      10000          7
   0       68     2044     9986      9205411076      9205421061        10140256       7934       2000      10000          8
   0       68     2043     9985      9205421076      9205431061        10150256       7934       2000      10000          7
   0       68     2043     9986      9205431075      9205441061        10160256       7935       2000      10000          8
   0       68     2044     9984      9205441077      9205451061        10170258       7932       2000      10000          8
   0       68     2043     9985      9205451075      9205461061        10180256       7935       2000      10000          7
   0       68     2043     9985      9205461076      9205471061        10190257       7934       2000      10000          7
   0       68     2043     9986      9205471074      9205481060        10200255       7936       2000      10000          7
   0       68     2044     9987      9205481074      9205491062        10210255       7935       2000      10000          8
   0       68     2043     9986      9205491075      9205501061        10220256       7935       2000      10000          8
   0       68     2043     9985      9205501076      9205511060        10230256       7934       2000      10000          7
   0       68     2043     9958      9205511105      9205521063        10240286       7905       2000      10000          9
   0       68     2043     9982      9205521079      9205531060        10250259       7931       2000      10000          7
   0       68     2043     9987      9205531075      9205541061        10260255       7936       2000      10000          8
   0       68     2043     9982      9205541078      9205551060        10270258       7932       2000      10000          7
   0       68     2043     9987      9205551075      9205561062        10280255       7935       2000      10000          8
   0       68     2043     9985      9205561077      9205571062        10290257       7934       2000      10000          8
   0       68     2043     9985      9205571077      9205581061        10300257       7933       2000      10000          8
   0       68     2044     9985      9205581077      9205591061        10310257       7933       2000      10000          8
   0       68     2043     9979      9205591082      9205601061        10320263       7928       2000      10000          7
   0       68     2043     9981      9205601080      9205611061        10330260       7930       2000      10000          7
   0       68     2043     9982      9205611079      9205621062        10340260       7931       2000      10000          8
   0       68     2062     9981      9205621080      9205631062        10350261       7910       2000      10000          8
   0       68     2043     9981      9205631080      9205641061        10360260       7931       2000      10000          7
   0       68     2044     9982      9205641080      9205651062        10370260       7930       2000      10000          8
   0       68     2043     9986      9205651078      9205661064        10380259       7932       2000      10000         10
   0       68     2043     9980      9205661082      9205671061        10390262       7929       2000      10000          8
   0       68     2043     9985      9205671077      9205681062        10400257       7933       2000      10000          8
   0       68     2043     9984      9205681078      9205691061        10410258       7933       2000      10000          8
   0       68     2043     9985      9205691076      9205701061        10420257       7934       2000      10000          7
   0       68     2043     9984      9205701077      9205711061        10430258       7933       2000      10000          8
   0       68     2043     9985      9205711075      9205721061        10440256       7935       2000      10000          7
   0       68     2043     9986      9205721075      9205731062        10450256       7935       2000      10000          8
   0       68     2043     9985      9205731076      9205741061        10460256       7935       2000      10000          8
   0       68     2043     9985      9205741076      9205751062        10470257       7934       2000      10000          8
   0       68     2043     9984      9205751076      9205761060        10480257       7934       2000      10000          7
   0       68     2043     9986      9205761076      9205771062        10490256       7935       2000      10000          9
   0       68     2043     9985      9205771076      9205781060        10500256       7934       2000      10000          7
   0       68     2043     9987      9205781075      9205791062        10510256       7935       2000      10000          8
   0       68     2043     9986      9205791075      9205801061        10520256       7935       2000      10000          7
   0       68     2043     9986      9205801075      9205811061        10530256       7935       2000      10000          8
   0       68     2043     9985      9205811075      9205821060        10540255       7936       2000      10000          7
   0       68     2043     9989      9205821074      9205831063        10550255       7936       2000      10000         10
   0       68     2043     9984      9205831076      9205841060        10560257       7934       2000      10000          7
   0       68     2043     9950      9205841111      9205851061        10570291       7899       2000      10000          7
   0       68     2043     9985      9205851076      9205861061        10580257       7934       2000      10000          7
   0       68     2043     9983      9205861077      9205871061        10590258       7933       2000      10000          7
   0       68     2043     9988      9205871074      9205881061        10600254       7936       2000      10000          8
   0       68     2043     9984      9205881078      9205891062        10610258       7933       2000      10000          8
   0       68     2043     9985      9205891076      9205901062        10620257       7934       2000      10000          8
   0       68     2043     9983      9205901078      9205911061        10630258       7932       2000      10000          7
   0       68     2043     9988      9205911075      9205921063        10640256       7935       2000      10000         10
   0       68     2043     9982      9205921079      9205931061        10650259       7931       2000      10000          8
   0       68     2044     9986      9205931075      9205941061        10660256       7934       2000      10000          8
   0       68     2044     9986      9205941075      9205951061        10670256       7934       2000      10000          8
   0       68     2043     9986      9205951075      9205961061        10680256       7935       2000      10000          8
   0       68     2043     9985      9205961077      9205971061        10690257       7934       2000      10000          8
   0       68     2043     9990      9205971075      9205981065        10700256       7935       2000      10000         12
   0       68     2044     9981      9205981080      9205991061        10710261       7930       2000      10000          8
   0       68     2043     9986      9205991075      9206001061        10720256       7935       2000      10000          8
   0       68     2043     9984      9206001076      9206011060        10730257       7934       2000      10000          7
   0       68     2043     9987      9206011074      9206021061        10740254       7936       2000      10000          8
   0       68     2043     9984      9206021077      9206031061        10750257       7934       2000      10000          7
   0       68     2043     9986      9206031075      9206041061        10760255       7935       2000      10000          8
   0       68     2044     9986      9206041076      9206051061        10770256       7934       2000      10000          8
   0       68     2043     9987      9206051075      9206061061        10780255       7935       2000      10000          8
   0       68     2043     9985      9206061076      9206071061        10790257       7934       2000      10000          8
   0       68     2043     9986      9206071075      9206081061        10800256       7935       2000      10000          8
   0       68     2044     9985      9206081076      9206091061        10810257       7934       2000      10000          8
   0       68     2043     9987      9206091074      9206101061        10820255       7936       2000      10000          8
   0       68     2044     9984      9206101077      9206111061        10830257       7933       2000      10000          8
   0       68     2043     9985      9206111075      9206121061        10840256       7935       2000      10000          7
   0       68     2043     9984      9206121078      9206131062        10850258       7933       2000      10000          8
   0       68     2043     9980      9206131081      9206141062        10860262       7929       2000      10000          8
   0       68     2043     9978      9206141082      9206151061        10870263       7928       2000      10000          7
   0       68     2043     9982      9206151079      9206161061        10880259       7932       2000      10000          7
   0       68     2043     9981      9206161081      9206171062        10890262       7929       2000      10000          9
   0       68     2043     9947      9206171116      9206181062        10900296       7895       2000      10000          9
   0       68     2044     9979      9206181082      9206191060        10910262       7927       2000      10000          7
   0       68     2043     9986      9206191076      9206201062        10920256       7935       2000      10000          8
   0       68     2044     9981      9206201080      9206211060        10930260       7929       2000      10000          7
   0       68     2044     9986      9206211075      9206221061        10940255       7934       2000      10000          7
   0       68     2043     9984      9206221078      9206231062        10950259       7932       2000      10000          9
   0       68     2043     9983      9206231077      9206241061        10960258       7932       2000      10000          7
   0       68     2044     9983      9206241078      9206251060        10970258       7932       2000      10000          7
   0       68     2043     9987      9206251075      9206261062        10980255       7936       2000      10000          8
   0       68     2043     9984      9206261077      9206271061        10990258       7933       2000      10000          8
   0       68     2044     9987      9206271075      9206281062        11000256       7934       2000      10000          8
   0       68     2044     9984      9206281078      9206291061        11010258       7931       2000      10000          8
   0       68     2043     9987      9206291075      9206301062        11020255       7935       2000      10000          9
   0       68     2044     9983      9206301077      9206311061        11030258       7931       2000      10000          7
   0       68     2044     9986      9206311075      9206321062        11040256       7934       2000      10000          8
   0       68     2043     9986      9206321076      9206331062        11050257       7934       2000      10000          8
   0       68     2043     9985      9206331076      9206341061        11060256       7934       2000      10000          7
   0       68     2043     9985      9206341076      9206351061        11070256       7934       2000      10000          8
   0       68     2043     9988      9206351074      9206361062        11080255       7936       2000      10000          8
   0       68     2043     9985      9206361077      9206371062        11090257       7933       2000      10000          8
   0       68     2044     9989      9206371077      9206381065        11100257       7933       2000      10000         12
   0       68     2044     9981      9206381081      9206391061        11110261       7929       2000      10000          8
   0       68     2043     9986      9206391075      9206401061        11120255       7936       2000      10000          7
   0       68     2044     9984      9206401077      9206411061        11130258       7932       2000      10000          7
   0       68     2044     9986      9206411075      9206421061        11140255       7935       2000      10000          7
   0       68     2043     9989      9206421076      9206431066        11150257       7933       2000      10000         12
   0       68     2043     9981      9206431080      9206441061        11160261       7930       2000      10000          7
   0       68     2044     9985      9206441076      9206451061        11170257       7934       2000      10000          8
   0       68     2043     9988      9206451074      9206461063        11180255       7936       2000      10000          9
   0       68     2043     9983      9206461078      9206471061        11190259       7932       2000      10000          8
   0       68     2043     9986      9206471075      9206481061        11200255       7935       2000      10000          7
   0       68     2044     9985      9206481076      9206491061        11210257       7934       2000      10000          8
   0       68     2043     9986      9206491075      9206501061        11220255       7935       2000      10000          8
   0       68     2044     9951      9206501109      9206511061        11230290       7900       2000      10000          7
   0       68     2044     9986      9206511075      9206521061        11240255       7935       2000      10000          8
   0       68     2043     9983      9206521078      9206531061        11250259       7932       2000      10000          8
   0       68     2044     9987      9206531075      9206541062        11260256       7934       2000      10000          9
   0       68     2043     9980      9206541080      9206551060        11270260       7930       2000      10000          6
   0       68     2043     9990      9206551073      9206561063        11280254       7937       2000      10000          9
   0       68     2043     9983      9206561078      9206571061        11290258       7933       2000      10000          7
   0       68     2044     9985      9206571075      9206581060        11300256       7934       2000      10000          7
   0       68     2043     9986      9206581075      9206591061        11310256       7935       2000      10000          8
   0       68     2043     9986      9206591076      9206601061        11320256       7935       2000      10000          8
   0       68     2044     9984      9206601076      9206611061        11330257       7933       2000      10000          7
   0       68     2043     9987      9206611075      9206621062        11340255       7936       2000      10000          8
   0       68     2043     9985      9206621077      9206631061        11350257       7934       2000      10000          8
   0       68     2044     9985      9206631076      9206641061        11360256       7934       2000      10000          7
   0       68     2043     9984      9206641076      9206651060        11370256       7934       2000      10000          7
   0       68     2043     9988      9206651074      9206661062        11380254       7937       2000      10000          8
   0       68     2043     9986      9206661076      9206671061        11390256       7935       2000      10000          8
   0       68     2043     9986      9206671074      9206681061        11400255       7936       2000      10000          7
   0       68     2043     9985      9206681076      9206691061        11410256       7934       2000      10000          8
   0       68     2043     9982      9206691079      9206701061        11420260       7931       2000      10000          8
   0       68     2043     9979      9206701082      9206711061        11430263       7928       2000      10000          7
   0       68     2044     9984      9206711078      9206721061        11440258       7932       2000      10000          8
   0       68     2043     9979      9206721082      9206731061        11450263       7927       2000      10000          8
   0       68     2043     9984      9206731077      9206741061        11460258       7933       2000      10000          8
   0       68     2043     9981      9206741079      9206751060        11470260       7930       2000      10000          7
   0       68     2043     9986      9206751075      9206761061        11480256       7935       2000      10000          7
   0       68     2043     9984      9206761078      9206771062        11490259       7932       2000      10000          8
   0       68     2044     9985      9206771077      9206781061        11500257       7933       2000      10000          8
   0       68     2044     9984      9206781077      9206791061        11510258       7932       2000      10000          8
   0       68     2043     9985      9206791076      9206801062        11520257       7934       2000      10000          8
   0       68     2043     9984      9206801077      9206811061        11530258       7933       2000      10000          7
   0       68     2043     9986      9206811074      9206821061        11540255       7936       2000      10000          7
   0       68     2043     9985      9206821076      9206831061        11550256       7934       2000      10000          7
   0       68     2044     9956      9206831105      9206841061        11560286       7904       2000      10000          8
   0       68     2044     9983      9206841077      9206851061        11570258       7932       2000      10000          7
   0       68     2044     9988      9206851074      9206861062        11580255       7935       2000      10000          9
   0       68     2043     9983      9206861078      9206871061        11590259       7932       2000      10000          8
   0       68     2045     9986      9206871076      9206881062        11600256       7933       2000      10000          8
   0       68     2043     9983      9206881078      9206891061        11610258       7933       2000      10000          7
   0       68     2043     9986      9206891075      9206901061        11620255       7935       2000      10000          7
   0       68     2044     9985      9206901076      9206911061        11630256       7934       2000      10000          8
   0       68     2043     9988      9206911075      9206921063        11640256       7935       2000      10000         10
   0       68     2043     9983      9206921078      9206931061        11650259       7932       2000      10000          8
   0       68     2044     9986      9206931075      9206941061        11660256       7935       2000      10000          8
   0       68     2044     9985      9206941076      9206951061        11670256       7934       2000      10000          7
   0       68     2043     9989      9206951074      9206961063        11680255       7936       2000      10000          9
   0       68     2043     9984      9206961077      9206971061        11690257       7933       2000      10000          8
   0       68     2044     9985      9206971075      9206981060        11700256       7934       2000      10000          7
   0       68     2043     9986      9206981075      9206991061        11710255       7935       2000      10000          8
   0       68     2044     9987      9206991074      9207001062        11720255       7935       2000      10000          8
   0       68     2043     9985      9207001076      9207011061        11730257       7934       2000      10000          8
   0       68     2043     9986      9207011075      9207021061        11740256       7935       2000      10000          7
   0       68     2043     9985      9207021076      9207031062        11750257       7934       2000      10000          8
   0       68     2043     9985      9207031075      9207041061        11760256       7935       2000      10000          7
   0       68     2044     9988      9207041076      9207051063        11770256       7934       2000      10000         10
   0       68     2043     9985      9207051077      9207061062        11780257       7934       2000      10000          8
   0       68     2043     9985      9207061077      9207071062        11790258       7933       2000      10000          9
   0       68     2044     9985      9207071076      9207081060        11800257       7934       2000      10000          7
   0       68     2043     9986      9207081076      9207091062        11810257       7933       2000      10000          9
   0       68     2043     9985      9207091076      9207101061        11820257       7934       2000      10000          8
   0       68     2043     9984      9207101076      9207111060        11830257       7933       2000      10000          7
   0       68     2045     9986      9207111075      9207121061        11840255       7934       2000      10000          7
   0       68     2043     9985      9207121075      9207131060        11850256       7935       2000      10000          7
   0       68     2043     9988      9207131074      9207141062        11860255       7936       2000      10000          8
   0       68     2044     9983      9207141077      9207151061        11870258       7932       2000      10000          7
   0       68     2043     9987      9207151074      9207161061        11880254       7936       2000      10000          8
   0       68     2043     9949      9207161113      9207171062        11890293       7897       2000      10000          8
   0       68     2045     9988      9207171077      9207181065        11900258       7931       2000      10000         11
   0       68     2044     9981      9207181081      9207191062        11910262       7928       2000      10000          8
   0       68     2043     9986      9207191076      9207201062        11920257       7934       2000      10000          9
   0       68     2044     9982      9207201078      9207211060        11930259       7931       2000      10000          7
   0       68     2044     9989      9207211074      9207221062        11940254       7936       2000      10000          9
   0       68     2043     9985      9207221078      9207231062        11950258       7933       2000      10000          9
   0       68     2043     9979      9207231082      9207241062        11960263       7928       2000      10000          8
   0       68     2043     9983      9207241079      9207251061        11970259       7931       2000      10000          8
   0       68     2043     9983      9207251079      9207261062        11980260       7931       2000      10000          8
   0       68     2043     9979      9207261081      9207271061        11990262       7929       2000      10000          7
   0       68     2044     9984      9207271077      9207281061        12000258       7933       2000      10000          7
   0       68     2043     9982      9207281079      9207291061        12010260       7931       2000      10000          8
   0       68     2043     9986      9207291076      9207301062        12020257       7934       2000      10000          9
   0       68     2044     9981      9207301080      9207311061        12030261       7929       2000      10000          8
   0       68     2043     9986      9207311076      9207321062        12040257       7933       2000      10000          9
   0       68     2043     9982      9207321079      9207331061        12050259       7932       2000      10000          7
   0       68     2043     9984      9207331076      9207341060        12060257       7934       2000      10000          7
   0       68     2043     9986      9207341075      9207351061        12070256       7935       2000      10000          7
   0       68     2043     9985      9207351075      9207361060        12080255       7936       2000      10000          7
   0       68     2043     9987      9207361074      9207371061        12090254       7936       2000      10000          8
   0       68     2043     9985      9207371075      9207381060        12100256       7935       2000      10000          7
   0       68     2043     9988      9207381075      9207391062        12110255       7936       2000      10000          9
   0       68     2043     9985      9207391076      9207401061        12120256       7935       2000      10000          7
   0       68     2043     9986      9207401075      9207411061        12130255       7935       2000      10000          7
   0       68     2044     9987      9207411075      9207421061        12140255       7935       2000      10000          8
   0       68     2043     9985      9207421076      9207431061        12150256       7934       2000      10000          8
   0       68     2043     9986      9207431075      9207441061        12160256       7935       2000      10000          7
   0       68     2045     9985      9207441076      9207451061        12170257       7932       2000      10000          8
   0       68     2043     9987      9207451075      9207461062        12180256       7935       2000      10000          9
   0       68     2043     9984      9207461077      9207471062        12190258       7933       2000      10000          8
   0       68     2044     9984      9207471077      9207481061        12200257       7933       2000      10000          7
   0       68     2044     9985      9207481076      9207491061        12210256       7934       2000      10000          8
   0       68     2043     9956      9207491106      9207501062        12220287       7904       2000      10000          9
   0       68     2044     9981      9207501080      9207511060        12230260       7930       2000      10000          7
   0       68     2043     9984      9207511077      9207521061        12240257       7933       2000      10000          7
   0       68     2043     9984      9207521077      9207531061        12250258       7933       2000      10000          7
   0       68     2043     9986      9207531075      9207541061        12260255       7935       2000      10000          8
   0       68     2043     9983      9207541077      9207551061        12270258       7933       2000      10000          7
   0       68     2043     9987      9207551075      9207561062        12280256       7935       2000      10000          8
   0       68     2043     9984      9207561077      9207571061        12290258       7933       2000      10000          8
   0       68     2043     9986      9207571075      9207581062        12300256       7935       2000      10000          8
   0       68     2043     9985      9207581076      9207591061        12310257       7934       2000      10000          8
   0       68     2043     9986      9207591075      9207601061        12320256       7935       2000      10000          7
   0       68     2043     9985      9207601076      9207611061        12330257       7934       2000      10000          8
   0       68     2043     9985      9207611076      9207621061        12340256       7935       2000      10000          7
   0       68     2044     9985      9207621076      9207631061        12350256       7934       2000      10000          7
   0       68     2044     9986      9207631075      9207641061        12360255       7935       2000      10000          8
   0       68     2043     9986      9207641075      9207651061        12370256       7935       2000      10000          7
   0       68     2043     9988      9207651074      9207661062        12380254       7937       2000      10000          8
   0       68     2043     9984      9207661077      9207671061        12390257       7934       2000      10000          7
   0       68     2044     9986      9207671074      9207681060        12400255       7935       2000      10000          7
   0       68     2043     9986      9207681075      9207691061        12410256       7935       2000      10000          8
   0       68     2043     9986      9207691076      9207701061        12420256       7935       2000      10000          8
   0       68     2045     9985      9207701076      9207711061        12430256       7933       2000      10000          7
   0       68     2043     9987      9207711074      9207721061        12440254       7937       2000      10000          7
   0       68     2044     9988      9207721075      9207731063        12450256       7934       2000      10000         10
   0       68     2043     9984      9207731077      9207741061        12460257       7934       2000      10000          7
   0       68     2044     9985      9207741075      9207751060        12470256       7934       2000      10000          7
   0       68     2043     9988      9207751074      9207761062        12480255       7936       2000      10000          9
   0       68     2043     9986      9207761079      9207771065        12490259       7932       2000      10000         11
   0       68     2043     9979      9207771083      9207781062        12500263       7927       2000      10000          8
   0       68     2044     9978      9207781083      9207791061        12510264       7926       2000      10000          8
   0       68     2043     9983      9207791079      9207801063        12520260       7931       2000      10000          9
   0       68     2044     9980      9207801081      9207811060        12530261       7928       2000      10000          7
   0       68     2043     9985      9207811076      9207821061        12540256       7934       2000      10000          7
   0       68     2043     9951      9207821111      9207831062        12550292       7899       2000      10000          9
   0       68     2043     9983      9207831078      9207841061        12560259       7932       2000      10000          8
   0       68     2044     9981      9207841079      9207851061        12570260       7930       2000      10000          7
   0       68     2043     9985      9207851076      9207861061        12580257       7934       2000      10000          8
   0       68     2043     9984      9207861078      9207871062        12590258       7932       2000      10000          8
   0       68     2044     9984      9207871078      9207881062        12600258       7932       2000      10000          8
   0       68     2045     9984      9207881078      9207891062        12610258       7931       2000      10000          8
   0       68     2043     9986      9207891076      9207901062        12620256       7935       2000      10000          8
   0       68     2044     9983      9207901077      9207911061        12630258       7932       2000      10000          7
   0       68     2044     9985      9207911075      9207921060        12640256       7934       2000      10000          7
   0       68     2043     9986      9207921075      9207931062        12650256       7935       2000      10000          8
   0       68     2043     9985      9207931075      9207941060        12660256       7935       2000      10000          7
   0       68     2043     9986      9207941075      9207951061        12670255       7935       2000      10000          7
   0       68     2043     9986      9207951076      9207961062        12680256       7935       2000      10000          9
   0       68     2043     9985      9207961077      9207971062        12690258       7933       2000      10000          9
   0       68     2044     9984      9207971077      9207981061        12700257       7933       2000      10000          7
   0       68     2043     9986      9207981075      9207991061        12710255       7936       2000      10000          7
   0       68     2043     9987      9207991075      9208001062        12720255       7936       2000      10000          8
   0       68     2043     9984      9208001077      9208011061        12730257       7934       2000      10000          8
   0       68     2043     9986      9208011075      9208021061        12740256       7935       2000      10000          8
   0       68     2043     9986      9208021076      9208031062        12750256       7934       2000      10000          9
   0       68     2043     9984      9208031076      9208041060        12760257       7934       2000      10000          7
   0       68     2043     9986      9208041076      9208051061        12770256       7935       2000      10000          8
   0       68     2043     9987      9208051075      9208061062        12780256       7935       2000      10000          9
   0       68     2043     9984      9208061077      9208071061        12790258       7933       2000      10000          8
   0       68     2044     9985      9208071075      9208081060        12800255       7935       2000      10000          7
   0       68     2044     9986      9208081075      9208091061        12810255       7935       2000      10000          8
   0       68     2043     9986      9208091075      9208101061        12820255       7936       2000      10000          8
   0       68     2044     9985      9208101076      9208111061        12830257       7933       2000      10000          7
   0       68     2043     9985      9208111076      9208121061        12840256       7935       2000      10000          7
   0       68     2043     9986      9208121076      9208131061        12850256       7934       2000      10000          8
   0       68     2045     9986      9208131075      9208141061        12860256       7934       2000      10000          7
   0       68     2043     9986      9208141075      9208151060        12870255       7935       2000      10000          7
   0       68     2043     9956      9208151104      9208161061        12880285       7906       2000      10000          7
   0       68     2043     9983      9208161078      9208171061        12890258       7933       2000      10000          7
   0       68     2044     9985      9208171077      9208181061        12900257       7933       2000      10000          8
   0       68     2043     9989      9208181077      9208191066        12910258       7933       2000      10000         13
   0       68     2043     9981      9208191080      9208201062        12920261       7930       2000      10000          8
   0       68     2044     9983      9208201077      9208211060        12930257       7932       2000      10000          6
   0       68     2043     9987      9208211074      9208221061        12940255       7936       2000      10000          7
   0       68     2043     9986      9208221076      9208231061        12950256       7935       2000      10000          8
   0       68     2044     9984      9208231076      9208241061        12960257       7933       2000      10000          7
   0       68     2043     9991      9208241076      9208251067        12970257       7934       2000      10000         14
   0       68     2043     9979      9208251082      9208261061        12980262       7928       2000      10000          7
   0       68     2043     9985      9208261076      9208271061        12990256       7934       2000      10000          8
   0       68     2044     9984      9208271076      9208281060        13000256       7933       2000      10000          7
   0       68     2043     9986      9208281076      9208291062        13010257       7934       2000      10000          9
   0       68     2043     9986      9208291076      9208301062        13020256       7934       2000      10000          9
   0       68     2043     9984      9208301077      9208311061        13030258       7933       2000      10000          8
   0       68     2044     9981      9208311079      9208321060        13040260       7930       2000      10000          7
   0       68     2043     9981      9208321081      9208331062        13050262       7929       2000      10000          9
   0       68     2043     9982      9208331078      9208341061        13060259       7932       2000      10000          7
   0       68     2043     9982      9208341079      9208351061        13070260       7931       2000      10000          8
   0       68     2043     9985      9208351076      9208361062        13080257       7934       2000      10000          8
   0       68     2043     9983      9208361079      9208371062        13090260       7931       2000      10000          9
   0       68     2044     9982      9208371078      9208381060        13100259       7932       2000      10000          7
   0       68     2044     9985      9208381077      9208391062        13110258       7932       2000      10000          8
   0       68     2043     9986      9208391077      9208401062        13120257       7934       2000      10000          9
   0       68     2044     9981      9208401079      9208411060        13130260       7930       2000      10000          7
   0       68     2043     9988      9208411073      9208421062        13140254       7937       2000      10000          8
   0       68     2043     9982      9208421079      9208431061        13150259       7932       2000      10000          8
   0       68     2044     9987      9208431074      9208441061        13160255       7935       2000      10000          8
   0       68     2043     9984      9208441077      9208451060        13170257       7933       2000      10000          7
   0       68     2043     9986      9208451074      9208461061        13180255       7936       2000      10000          7
   0       68     2043     9986      9208461075      9208471061        13190256       7935       2000      10000          8
   0       68     2045     9986      9208471075      9208481061        13200256       7934       2000      10000          8
   0       68     2044     9953      9208481108      9208491061        13210288       7902       2000      10000          7
   0       68     2043     9987      9208491075      9208501062        13220256       7935       2000      10000          9
   0       68     2044     9981      9208501079      9208511060        13230260       7930       2000      10000          7
   0       68     2043     9987      9208511074      9208521061        13240255       7936       2000      10000          8
   0       68     2043     9986      9208521076      9208531062        13250257       7934       2000      10000          8
   0       68     2044     9986      9208531076      9208541062        13260256       7934       2000      10000          8
   0       68     2043     9985      9208541076      9208551061        13270257       7933       2000      10000          7
   0       68     2043     9988      9208551074      9208561062        13280255       7935       2000      10000          9
   0       68     2043     9983      9208561078      9208571061        13290259       7932       2000      10000          8
   0       68     2043     9986      9208571075      9208581061        13300256       7935       2000      10000          8
   0       68     2043     9986      9208581077      9208591063        13310257       7933       2000      10000          9
   0       68     2043     9986      9208591076      9208601061        13320256       7935       2000      10000          8
   0       68     2043     9985      9208601076      9208611061        13330256       7934       2000      10000          8
   0       68     2044     9985      9208611076      9208621061        13340256       7934       2000      10000          7
   0       68     2044     9985      9208621076      9208631061        13350257       7933       2000      10000          8
   0       68     2044     9985      9208631075      9208641060        13360256       7934       2000      10000          7
   0       68     2045     9984      9208641076      9208651060        13370256       7933       2000      10000          7
   0       68     2043     9987      9208651074      9208661062        13380255       7936       2000      10000          8
   0       68     2043     9984      9208661077      9208671062        13390258       7933       2000      10000          8
   0       68     2044     9985      9208671076      9208681060        13400256       7933       2000      10000          7
   0       68     2043     9987      9208681076      9208691063        13410257       7933       2000      10000         10
   0       68     2043     9984      9208691076      9208701061        13420257       7934       2000      10000          7
   0       68     2044     9986      9208701076      9208711062        13430257       7933       2000      10000          9
   0       68     2043     9985      9208711076      9208721061        13440257       7934       2000      10000          7
   0       68     2043     9986      9208721075      9208731061        13450256       7935       2000      10000          8
   0       68     2044     9986      9208731075      9208741061        13460255       7935       2000      10000          8
   0       68     2043     9985      9208741075      9208751061        13470256       7935       2000      10000          7
   0       68     2043     9987      9208751074      9208761062        13480255       7936       2000      10000          8
   0       68     2043     9985      9208761076      9208771061        13490257       7934       2000      10000          8
   0       68     2044     9986      9208771075      9208781061        13500256       7934       2000      10000          7
   0       68     2044     9986      9208781075      9208791061        13510255       7935       2000      10000          8
   0       68     2043     9986      9208791075      9208801061        13520255       7936       2000      10000          7
   0       68     2044     9986      9208801075      9208811061        13530255       7934       2000      10000          7
   0       68     2044     9948      9208811112      9208821061        13540293       7897       2000      10000          7
   0       68     2043     9985      9208821077      9208831062        13550258       7933       2000      10000          9
   0       68     2044     9984      9208831078      9208841062        13560259       7931       2000      10000          8
   0       68     2043     9979      9208841083      9208851062        13570264       7927       2000      10000          9
   0       68     2043     9979      9208851082      9208861061        13580263       7928       2000      10000          8
   0       68     2043     9982      9208861080      9208871061        13590260       7931       2000      10000          8
   0       68     2044     9982      9208871079      9208881061        13600259       7931       2000      10000          7
   0       68     2044     9983      9208881078      9208891061        13610258       7932       2000      10000          7
   0       68     2043     9984      9208891077      9208901062        13620258       7933       2000      10000          8
   0       68     2043     9982      9208901079      9208911061        13630259       7932       2000      10000          7
   0       68     2043     9985      9208911076      9208921061        13640257       7934       2000      10000          8
   0       68     2043     9983      9208921078      9208931061        13650259       7932       2000      10000          7
   0       68     2044     9984      9208931077      9208941061        13660257       7933       2000      10000          7
   0       68     2044     9984      9208941077      9208951061        13670257       7933       2000      10000          8
   0       68     2043     9985      9208951076      9208961061        13680256       7934       2000      10000          8
   0       68     2043     9986      9208961075      9208971061        13690256       7935       2000      10000          8
   0       68     2044     9985      9208971075      9208981060        13700256       7934       2000      10000          7
   0       68     2043     9987      9208981075      9208991062        13710256       7935       2000      10000          9
   0       68     2043     9985      9208991077      9209001061        13720257       7934       2000      10000          8
   0       68     2044     9987      9209001075      9209011062        13730256       7934       2000      10000          9
   0       68     2043     9986      9209011076      9209021061        13740256       7934       2000      10000          8
   0       68     2043     9987      9209021075      9209031062        13750255       7935       2000      10000          8
   0       68     2043     9986      9209031075      9209041061        13760256       7935       2000      10000          7
   0       68     2043     9984      9209041075      9209051060        13770256       7934       2000      10000          6
   0       68     2043     9988      9209051073      9209061061        13780254       7937       2000      10000          8
   0       68     2043     9986      9209061075      9209071061        13790256       7935       2000      10000          8
   0       68     2044     9986      9209071075      9209081062        13800256       7934       2000      10000          8
   0       68     2044     9985      9209081076      9209091061        13810257       7933       2000      10000          8
   0       68     2043     9987      9209091075      9209101062        13820256       7935       2000      10000          9
   0       68     2044     9984      9209101076      9209111060        13830257       7932       2000      10000          7
   0       68     2043     9986      9209111075      9209121061        13840255       7935       2000      10000          8
   0       68     2043     9984      9209121077      9209131061        13850257       7934       2000      10000          8
   0       68     2043     9986      9209131075      9209141061        13860256       7935       2000      10000          8
   0       68     2043     9951      9209141110      9209151061        13870291       7900       2000      10000          7
   0       68     2043     9996      9209151076      9209161072        13880256       7934       2000      10000         19
   0       68     2043     9973      9209161088      9209171061        13890268       7923       2000      10000          7
   0       68     2044     9984      9209171077      9209181061        13900258       7932       2000      10000          8
   0       68     2044     9986      9209181075      9209191061        13910256       7935       2000      10000          8
   0       68     2043     9985      9209191076      9209201061        13920257       7934       2000      10000          8
   0       68     2043     9986      9209201075      9209211061        13930256       7935       2000      10000          8
   0       68     2043     9984      9209211076      9209221061        13940257       7934       2000      10000          7
   0       68     2043     9986      9209221075      9209231061        13950256       7935       2000      10000          7
   0       68     2044     9985      9209231075      9209241061        13960256       7934       2000      10000          7
   0       68     2043     9985      9209241075      9209251060        13970256       7935       2000      10000          7
   0       68     2043     9989      9209251074      9209261062        13980254       7937       2000      10000          9
   0       68     2043     9984      9209261077      9209271061        13990258       7933       2000      10000          7
   0       68     2043     9985      9209271076      9209281060        14000256       7935       2000      10000          7
   0       68     2044     9987      9209281075      9209291061        14010255       7935       2000      10000          8
   0       68     2043     9985      9209291076      9209301061        14020256       7934       2000      10000          7
   0       68     2045     9986      9209301075      9209311061        14030256       7934       2000      10000          8
   0       68     2043     9985      9209311076      9209321061        14040256       7934       2000      10000          7
   0       68     2043     9987      9209321075      9209331062        14050256       7935       2000      10000          8
   0       68     2044     9984      9209331078      9209341061        14060258       7932       2000      10000          8
   0       68     2044     9985      9209341077      9209351062        14070257       7932       2000      10000          8
   0       68     2043     9986      9209351076      9209361062        14080256       7935       2000      10000          9
   0       68     2043     9986      9209361077      9209371063        14090258       7933       2000      10000         10
   0       68     2043     9983      9209371078      9209381061        14100258       7932       2000      10000          7
   0       68     2043     9986      9209381076      9209391062        14110256       7934       2000      10000          8
   0       68     2043     9980      9209391081      9209401061        14120262       7929       2000      10000          8
   0       68     2045     9981      9209401079      9209411060        14130259       7930       2000      10000          7
   0       68     2043     9984      9209411077      9209421062        14140258       7933       2000      10000          8
   0       68     2043     9984      9209421078      9209431062        14150259       7932       2000      10000          8
   0       68     2043     9983      9209431078      9209441061        14160259       7932       2000      10000          8
   0       68     2044     9983      9209441078      9209451061        14170258       7931       2000      10000          7
   0       68     2043     9986      9209451076      9209461062        14180256       7934       2000      10000          8
   0       68     2043     9985      9209461076      9209471062        14190257       7934       2000      10000          8
   0       68     2044     9952      9209471109      9209481061        14200289       7901       2000      10000          8
   0       68     2044     9984      9209481077      9209491061        14210257       7933       2000      10000          7
   0       68     2043     9987      9209491077      9209501064        14220257       7934       2000      10000         10
   0       68     2043     9981      9209501079      9209511061        14230260       7931       2000      10000          7
   0       68     2044     9988      9209511077      9209521065        14240257       7932       2000      10000         11
   0       68     2043     9981      9209521079      9209531061        14250260       7931       2000      10000          7
   0       68     2043     9986      9209531075      9209541061        14260256       7935       2000      10000          8
   0       68     2044     9985      9209541076      9209551061        14270256       7933       2000      10000          7
   0       68     2043     9987      9209551075      9209561062        14280255       7935       2000      10000          9
   0       68     2043     9984      9209561077      9209571061        14290258       7933       2000      10000          8
   0       68     2044     9985      9209571077      9209581061        14300257       7933       2000      10000          8
   0       68     2044     9985      9209581076      9209591061        14310257       7933       2000      10000          8
   0       68     2043     9986      9209591076      9209601062        14320257       7934       2000      10000          9
   0       68     2044     9984      9209601077      9209611061        14330257       7932       2000      10000          8
   0       68     2043     9985      9209611076      9209621061        14340257       7934       2000      10000          8
   0       68     2063     9986      9209621076      9209631061        14350256       7914       2000      10000          8
   0       68     2044     9979      9209631081      9209641060        14360262       7928       2000      10000          7
   0       68     2044     9985      9209641076      9209651061        14370257       7933       2000      10000          8
   0       68     2043     9993      9209651077      9209661069        14380257       7934       2000      10000         16
   0       68     2043     9977      9209661084      9209671061        14390264       7926       2000      10000          8
   0       68     2043     9984      9209671077      9209681062        14400258       7933       2000      10000          8
   0       68     2044     9984      9209681077      9209691061        14410258       7932       2000      10000          8
   0       68     2043     9983      9209691078      9209701061        14420258       7932       2000      10000          8
   0       68     2044     9983      9209701077      9209711060        14430258       7932       2000      10000          7
   0       68     2043     9985      9209711076      9209721061        14440256       7935       2000      10000          7
   0       68     2043     9985      9209721076      9209731061        14450257       7934       2000      10000          8
   0       68     2043     9984      9209731077      9209741061        14460257       7933       2000      10000          8
   0       68     2044     9984      9209741076      9209751060        14470257       7934       2000      10000          7
   0       68     2043     9987      9209751075      9209761062        14480255       7935       2000      10000          9
   0       68     2043     9985      9209761077      9209771061        14490257       7934       2000      10000          8
   0       68     2044     9985      9209771076      9209781060        14500256       7934       2000      10000          7
   0       68     2043     9985      9209781076      9209791061        14510256       7934       2000      10000          7
   0       68     2043     9987      9209791075      9209801062        14520255       7936       2000      10000          8
   0       68     2045     9945      9209801116      9209811061        14530297       7892       2000      10000          7
   0       68     2044     9986      9209811075      9209821061        14540256       7934       2000      10000          8
   0       68     2043     9983      9209821077      9209831061        14550258       7933       2000      10000          7
   0       68     2044     9984      9209831077      9209841061        14560257       7933       2000      10000          7
   0       68     2044     9984      9209841077      9209851060        14570257       7932       2000      10000          7
   0       68     2043     9984      9209851076      9209861061        14580257       7934       2000      10000          7
   0       68     2043     9985      9209861077      9209871062        14590257       7933       2000      10000          9
   0       68     2044     9984      9209871077      9209881061        14600257       7933       2000      10000          7
   0       68     2043     9985      9209881076      9209891062        14610257       7934       2000      10000          8
   0       68     2043     9984      9209891077      9209901061        14620258       7933       2000      10000          8
   0       68     2044     9984      9209901077      9209911061        14630258       7932       2000      10000          7
   0       68     2043     9980      9209911081      9209921060        14640261       7929       2000      10000          7
   0       68     2043     9980      9209921081      9209931061        14650262       7929       2000      10000          7
   0       68     2043     9983      9209931078      9209941061        14660259       7932       2000      10000          8
   0       68     2044     9980      9209941082      9209951061        14670262       7928       2000      10000          8
   0       68     2043     9987      9209951077      9209961064        14680258       7933       2000      10000         10
   0       68     2043     9981      9209961082      9209971063        14690263       7928       2000      10000         10
   0       68     2044     9982      9209971078      9209981060        14700259       7931       2000      10000          7
   0       68     2044     9985      9209981077      9209991062        14710257       7932       2000      10000          8
   0       68     2043     9985      9209991077      9210001062        14720257       7934       2000      10000          8
   0       68     2043     9982      9210001078      9210011060        14730258       7932       2000      10000          6
   0       68     2043     9988      9210011075      9210021063        14740255       7936       2000      10000          9
   0       68     2043     9983      9210021078      9210031061        14750259       7932       2000      10000          8
   0       68     2043     9985      9210031076      9210041061        14760257       7934       2000      10000          8
   0       68     2043     9984      9210041077      9210051061        14770258       7933       2000      10000          7
   0       68     2043     9987      9210051075      9210061062        14780255       7935       2000      10000          9
   0       68     2043     9984      9210061077      9210071061        14790258       7933       2000      10000          8
   0       68     2044     9985      9210071075      9210081060        14800256       7934       2000      10000          7
   0       68     2044     9986      9210081075      9210091061        14810255       7935       2000      10000          8
   0       68     2043     9987      9210091075      9210101062        14820255       7935       2000      10000          8
   0       68     2044     9984      9210101076      9210111060        14830257       7934       2000      10000          7
   0       68     2044     9989      9210111074      9210121062        14840254       7936       2000      10000          9
   0       68     2043     9981      9210121081      9210131062        14850262       7929       2000      10000          8
   0       68     2044     9939      9210131123      9210141061        14860303       7886       2000      10000          8
   0       68     2044     9982      9210141079      9210151061        14870259       7931       2000      10000          8
   0       68     2043     9986      9210151076      9210161063        14880257       7934       2000      10000          9
   0       68     2043     9981      9210161080      9210171061        14890260       7930       2000      10000          8
   0       68     2044     9984      9210171076      9210181061        14900257       7933       2000      10000          7
   0       68     2043     9985      9210181076      9210191061        14910257       7934       2000      10000          8
   0       68     2043     9985      9210191076      9210201062        14920257       7934       2000      10000          8
   0       68     2043     9984      9210201077      9210211061        14930258       7933       2000      10000          8
   0       68     2044     9985      9210211076      9210221061        14940256       7934       2000      10000          7
   0       68     2043     9985      9210221076      9210231061        14950257       7934       2000      10000          8
   0       68     2044     9985      9210231075      9210241060        14960256       7934       2000      10000          7
   0       68     2043     9984      9210241077      9210251061        14970258       7933       2000      10000          7
   0       68     2043     9986      9210251075      9210261061        14980256       7935       2000      10000          8
   0       68     2043     9983      9210261077      9210271060        14990258       7933       2000      10000          7
   0       68     2044     9987      9210271074      9210281060        15000254       7936       2000      10000          7
   0       68     2043     9985      9210281076      9210291061        15010257       7934       2000      10000          8
   0       68     2043     9992      9210291075      9210301066        15020255       7936       2000      10000         13
   0       68     2044     9979      9210301082      9210311061        15030263       7927       2000      10000          8
   0       68     2043     9986      9210311075      9210321061        15040256       7935       2000      10000          8
   0       68     2043     9985      9210321076      9210331061        15050257       7934       2000      10000          8
   0       68     2043     9987      9210331075      9210341063        15060256       7935       2000      10000          9
   0       68     2044     9982      9210341078      9210351061        15070259       7931       2000      10000          7
   0       68     2043     9988      9210351074      9210361062        15080254       7937       2000      10000          8
   0       68     2043     9986      9210361076      9210371061        15090256       7934       2000      10000          8
   0       68     2044     9986      9210371075      9210381061        15100256       7934       2000      10000          8
   0       68     2044     9986      9210381076      9210391061        15110256       7934       2000      10000          8
   0       68     2043     9985      9210391076      9210401061        15120256       7935       2000      10000          8
   0       68     2044     9983      9210401077      9210411060        15130257       7933       2000      10000          7
   0       68     2044     9987      9210411074      9210421061        15140255       7935       2000      10000          8
   0       68     2043     9985      9210421076      9210431062        15150257       7933       2000      10000          8
   0       68     2044     9985      9210431076      9210441061        15160256       7933       2000      10000          8
   0       68     2044     9983      9210441077      9210451061        15170258       7932       2000      10000          7
   0       68     2044     9987      9210451076      9210461063        15180256       7934       2000      10000          9
   0       68     2043     9924      9210461138      9210471062        15190318       7872       2000      10000          9
   0       68     2044     9979      9210471082      9210481061        15200263       7927       2000      10000          8
   0       68     2043     9980      9210481081      9210491061        15210262       7929       2000      10000          7
   0       68     2043     9984      9210491078      9210501062        15220258       7933       2000      10000          8
   0       68     2044     9980      9210501080      9210511060        15230260       7930       2000      10000          7
   0       68     2044     9985      9210511077      9210521061        15240257       7932       2000      10000          8
   0       68     2043     9983      9210521078      9210531062        15250259       7932       2000      10000          8
   0       68     2044     9984      9210531078      9210541061        15260258       7932       2000      10000          8
   0       68     2044     9983      9210541078      9210551061        15270258       7931       2000      10000          8
   0       68     2043     9985      9210551076      9210561061        15280257       7934       2000      10000          8
   0       68     2043     9982      9210561078      9210571061        15290259       7932       2000      10000          7
   0       68     2044     9985      9210571075      9210581060        15300256       7934       2000      10000          7
   0       68     2044     9985      9210581076      9210591061        15310257       7933       2000      10000          8
   0       68     2043     9985      9210591076      9210601061        15320256       7934       2000      10000          7
   0       68     2044     9986      9210601076      9210611062        15330256       7934       2000      10000          8
   0       68     2044     9986      9210611076      9210621062        15340256       7934       2000      10000          8
   0       68     2043     9987      9210621075      9210631062        15350255       7935       2000      10000          8
   0       68     2043     9984      9210631077      9210641061        15360257       7934       2000      10000          7
   0       68     2043     9985      9210641076      9210651061        15370256       7934       2000      10000          7
   0       68     2043     9988      9210651075      9210661063        15380255       7936       2000      10000          9
   0       68     2043     9983      9210661078      9210671061        15390258       7932       2000      10000          7
   0       68     2043     9986      9210671075      9210681061        15400256       7935       2000      10000          7
   0       68     2044     9985      9210681076      9210691061        15410256       7934       2000      10000          8
   0       68     2043     9985      9210691076      9210701061        15420257       7934       2000      10000          8
   0       68     2044     9985      9210701076      9210711061        15430256       7934       2000      10000          7
   0       68     2043     9985      9210711076      9210721061        15440256       7934       2000      10000          8
   0       68     2043     9985      9210721076      9210731061        15450256       7934       2000      10000          7
   0       68     2043     9986      9210731074      9210741061        15460255       7936       2000      10000          7
   0       68     2044     9984      9210741076      9210751060        15470257       7933       2000      10000          6
   0       68     2043     9989      9210751074      9210761063        15480255       7936       2000      10000          9
   0       68     2043     9984      9210761078      9210771062        15490258       7932       2000      10000          9
   0       68     2044     9985      9210771076      9210781062        15500257       7933       2000      10000          8
   0       68     2043     9984      9210781076      9210791060        15510256       7935       2000      10000          7
   0       68     2043     9953      9210791108      9210801061        15520289       7902       2000      10000          8
   0       68     2044     9982      9210801078      9210811060        15530259       7931       2000      10000          7
   0       68     2043     9986      9210811075      9210821061        15540256       7935       2000      10000          8
   0       68     2043     9983      9210821079      9210831062        15550260       7931       2000      10000          8
   0       68     2044     9984      9210831077      9210841061        15560257       7933       2000      10000          7
   0       68     2043     9985      9210841076      9210851061        15570257       7934       2000      10000          8
   0       68     2043     9985      9210851076      9210861062        15580257       7934       2000      10000          8
   0       68     2043     9985      9210861077      9210871062        15590257       7934       2000      10000          9
   0       68     2043     9983      9210871078      9210881060        15600258       7932       2000      10000          7
   0       68     2043     9986      9210881075      9210891061        15610256       7935       2000      10000          7
   0       68     2043     9986      9210891075      9210901061        15620256       7935       2000      10000          7
   0       68     2044     9986      9210901075      9210911062        15630256       7934       2000      10000          8
   0       68     2043     9985      9210911076      9210921061        15640257       7934       2000      10000          8
   0       68     2044     9985      9210921076      9210931061        15650257       7934       2000      10000          7
   0       68     2043     9985      9210931076      9210941061        15660256       7934       2000      10000          7
   0       68     2045     9985      9210941076      9210951061        15670257       7932       2000      10000          7
   0       68     2043     9988      9210951074      9210961062        15680255       7936       2000      10000          9
   0       68     2043     9985      9210961077      9210971062        15690257       7934       2000      10000          8
   0       68     2043     9985      9210971076      9210981061        15700256       7934       2000      10000          7
   0       68     2043     9987      9210981075      9210991062        15710256       7935       2000      10000          8
   0       68     2043     9981      9210991082      9211001063        15720262       7928       2000      10000          9
   0       68     2043     9984      9211001078      9211011062        15730259       7932       2000      10000          9
   0       68     2044     9980      9211011081      9211021061        15740262       7928       2000      10000          7
   0       68     2044     9985      9211021078      9211031063        15750259       7931       2000      10000          9
   0       68     2044     9982      9211031078      9211041061        15760259       7931       2000      10000          7
   0       68     2043     9982      9211041078      9211051060        15770258       7933       2000      10000          6
   0       68     2043     9985      9211051076      9211061061        15780257       7934       2000      10000          7
   0       68     2043     9985      9211061076      9211071061        15790257       7934       2000      10000          8
   0       68     2044     9984      9211071078      9211081061        15800258       7932       2000      10000          8
   0       68     2044     9985      9211081077      9211091062        15810257       7932       2000      10000          8
   0       68     2043     9984      9211091077      9211101061        15820258       7933       2000      10000          8
   0       68     2045     9984      9211101076      9211111060        15830257       7932       2000      10000          7
   0       68     2044     9986      9211111076      9211121062        15840256       7934       2000      10000          8
   0       68     2043     9956      9211121107      9211131063        15850287       7903       2000      10000         10
   0       68     2043     9981      9211131079      9211141060        15860260       7931       2000      10000          7
   0       68     2044     9984      9211141076      9211151061        15870257       7933       2000      10000          7
   0       68     2043     9986      9211151076      9211161062        15880257       7934       2000      10000          9
   0       68     2043     9984      9211161077      9211171061        15890258       7933       2000      10000          8
   0       68     2043     9988      9211171075      9211181063        15900256       7935       2000      10000         10
   0       68     2044     9983      9211181079      9211191062        15910260       7930       2000      10000          8
   0       68     2043     9985      9211191076      9211201060        15920256       7934       2000      10000          7
   0       68     2043     9986      9211201076      9211211062        15930257       7934       2000      10000          8
   0       68     2043     9985      9211211076      9211221062        15940257       7934       2000      10000          8
   0       68     2043     9985      9211221077      9211231062        15950257       7934       2000      10000          8
   0       68     2043     9987      9211231076      9211241063        15960257       7934       2000      10000         10
   0       68     2043     9983      9211241078      9211251061        15970259       7932       2000      10000          7
   0       68     2043     9986      9211251075      9211261061        15980255       7936       2000      10000          8
   0       68     2043     9985      9211261076      9211271061        15990256       7935       2000      10000          7
   0       68     2043     9985      9211271076      9211281061        16000256       7935       2000      10000          8
   0       68     2043     9986      9211281076      9211291061        16010256       7935       2000      10000          8
   0       68     2043     9985      9211291076      9211301061        16020256       7935       2000      10000          8
   0       68     2043     9986      9211301075      9211311061        16030255       7935       2000      10000          8
   0       68     2043     9987      9211311074      9211321062        16040255       7936       2000      10000          8
   0       68     2043     9985      9211321077      9211331062        16050257       7933       2000      10000          9
   0       68     2043     9985      9211331076      9211341061        16060257       7934       2000      10000          8
   0       68     2043     9983      9211341077      9211351060        16070257       7934       2000      10000          6
   0       68     2043     9988      9211351073      9211361061        16080254       7937       2000      10000          8
   0       68     2043     9986      9211361075      9211371061        16090255       7936       2000      10000          7
   0       68     2043     9986      9211371075      9211381061        16100255       7936       2000      10000          8
   0       68     2043     9985      9211381075      9211391060        16110256       7935       2000      10000          7
   0       68     2043     9987      9211391074      9211401061        16120255       7936       2000      10000          7
   0       68     2043     9985      9211401077      9211411061        16130257       7934       2000      10000          8
   0       68     2043     9986      9211411075      9211421061        16140256       7935       2000      10000          8
   0       68     2043     9986      9211421075      9211431061        16150255       7936       2000      10000          7
   0       68     2043     9987      9211431074      9211441060        16160254       7937       2000      10000          7
   0       68     2043     9986      9211441074      9211451061        16170255       7936       2000      10000          7
   0       68     2043     9951      9211451110      9211461061        16180291       7900       2000      10000          8
   0       68     2043     9982      9211461077      9211471060        16190258       7933       2000      10000          6
   0       68     2043     9986      9211471075      9211481061        16200256       7935       2000      10000          7
   0       68     2043     9985      9211481076      9211491062        16210257       7934       2000      10000          8
   0       68     2043     9986      9211491078      9211501063        16220258       7933       2000      10000         10
   0       68     2043     9983      9211501078      9211511061        16230258       7932       2000      10000          7
   0       68     2044     9987      9211511075      9211521062        16240255       7934       2000      10000          8
   0       68     2044     9987      9211521079      9211531066        16250259       7931       2000      10000         12
   0       68     2043     9976      9211531086      9211541062        16260266       7925       2000      10000          8
   0       68     2044     9979      9211541082      9211551061        16270263       7927       2000      10000          8
   0       68     2043     9984      9211551078      9211561062        16280259       7932       2000      10000          8
   0       68     2043     9981      9211561081      9211571061        16290261       7930       2000      10000          8
   0       68     2044     9985      9211571076      9211581061        16300257       7933       2000      10000          8
   0       68     2044     9982      9211581079      9211591061        16310260       7930       2000      10000          8
   0       68     2043     9984      9211591077      9211601061        16320257       7933       2000      10000          8
   0       68     2044     9982      9211601078      9211611061        16330259       7931       2000      10000          7
   0       68     2044     9985      9211611075      9211621061        16340256       7934       2000      10000          7
   0       68     2043     9984      9211621078      9211631062        16350259       7932       2000      10000          8
   0       68     2043     9985      9211631076      9211641061        16360257       7934       2000      10000          8
   0       68     2043     9983      9211641078      9211651061        16370258       7933       2000      10000          7
   0       68     2043     9987      9211651075      9211661062        16380256       7935       2000      10000          9
   0       68     2043     9982      9211661079      9211671061        16390259       7931       2000      10000          8
   0       68     2044     9986      9211671076      9211681062        16400256       7934       2000      10000          8
   0       68     2044     9985      9211681077      9211691062        16410258       7933       2000      10000          8
   0       68     2043     9986      9211691076      9211701061        16420256       7935       2000      10000          8
   0       68     2044     9984      9211701076      9211711061        16430257       7933       2000      10000          7
   0       68     2043     9986      9211711074      9211721061        16440255       7935       2000      10000          7
   0       68     2043     9986      9211721075      9211731061        16450256       7935       2000      10000          7
   0       68     2044     9985      9211731075      9211741061        16460256       7934       2000      10000          7
   0       68     2044     9986      9211741075      9211751061        16470256       7934       2000      10000          8
   0       68     2043     9987      9211751076      9211761062        16480256       7935       2000      10000          9
   0       68     2043     9985      9211761076      9211771061        16490257       7934       2000      10000          8
   0       68     2044     9985      9211771076      9211781060        16500256       7934       2000      10000          7
   0       68     2043     9959      9211781103      9211791062        16510284       7907       2000      10000          9
   0       68     2043     9984      9211791078      9211801062        16520258       7932       2000      10000          8
   0       68     2043     9983      9211801078      9211811061        16530259       7932       2000      10000          8
   0       68     2043     9990      9211811077      9211821068        16540258       7933       2000      10000         14
   0       68     2043     9978      9211821084      9211831062        16550264       7927       2000      10000          8
   0       68     2043     9984      9211831076      9211841061        16560257       7934       2000      10000          7
   0       68     2044     9983      9211841078      9211851061        16570258       7931       2000      10000          8
   0       68     2043     9986      9211851076      9211861061        16580256       7935       2000      10000          8
   0       68     2043     9984      9211861077      9211871061        16590258       7933       2000      10000          8
   0       68     2044     9984      9211871076      9211881060        16600256       7934       2000      10000          7
   0       68     2043     9986      9211881076      9211891062        16610257       7934       2000      10000          9
   0       68     2043     9985      9211891076      9211901061        16620257       7934       2000      10000          8
   0       68     2044     9984      9211901077      9211911061        16630258       7932       2000      10000          8
   0       68     2045     9986      9211911076      9211921062        16640256       7933       2000      10000          8
   0       68     2043     9984      9211921077      9211931061        16650257       7933       2000      10000          8
   0       68     2043     9986      9211931075      9211941061        16660256       7935       2000      10000          8
   0       68     2043     9985      9211941076      9211951061        16670256       7934       2000      10000          8
   0       68     2043     9987      9211951075      9211961062        16680255       7936       2000      10000          8
   0       68     2043     9983      9211961077      9211971061        16690258       7933       2000      10000          7
   0       68     2044     9987      9211971074      9211981061        16700255       7935       2000      10000          7
   0       68     2044     9986      9211981076      9211991062        16710256       7933       2000      10000          8
   0       68     2043     9986      9211991075      9212001061        16720255       7935       2000      10000          8
   0       68     2043     9986      9212001076      9212011061        16730256       7935       2000      10000          8
   0       68     2044     9986      9212011075      9212021062        16740256       7934       2000      10000          8
   0       68     2043     9987      9212021075      9212031062        16750256       7935       2000      10000          9
   0       68     2044     9988      9212031075      9212041063        16760256       7934       2000      10000          9
   0       68     2044     9983      9212041078      9212051061        16770258       7932       2000      10000          7
   0       68     2043     9979      9212051083      9212061062        16780263       7927       2000      10000          8
   0       68     2043     9982      9212061080      9212071061        16790260       7931       2000      10000          8
   0       68     2043     9982      9212071080      9212081062        16800260       7930       2000      10000          9
   0       68     2043     9979      9212081082      9212091061        16810263       7928       2000      10000          7
   0       68     2043     9984      9212091078      9212101062        16820259       7932       2000      10000          9
   0       68     2043     9982      9212101079      9212111061        16830260       7931       2000      10000          8
   0       68     2043     9949      9212111113      9212121062        16840294       7897       2000      10000          9
   0       68     2043     9981      9212121081      9212131061        16850261       7930       2000      10000          8
   0       68     2044     9985      9212131076      9212141061        16860257       7933       2000      10000          7
   0       68     2043     9981      9212141078      9212151060        16870259       7932       2000      10000          6
   0       68     2043     9987      9212151076      9212161063        16880257       7934       2000      10000         10
   0       68     2043     9980      9212161080      9212171060        16890261       7930       2000      10000          7
   0       68     2044     9995      9212171075      9212181070        16900256       7934       2000      10000         17
   0       68     2043     9977      9212181086      9212191063        16910267       7924       2000      10000          9
   0       68     2043     9983      9212191078      9212201061        16920259       7932       2000      10000          8
   0       68     2044     9984      9212201077      9212211060        16930257       7933       2000      10000          7
   0       68     2044     9987      9212211074      9212221061        16940254       7936       2000      10000          7
   0       68     2044     9985      9212221077      9212231062        16950257       7933       2000      10000          8
   0       68     2043     9983      9212231077      9212241060        16960258       7932       2000      10000          7
   0       68     2043     9986      9212241075      9212251061        16970255       7935       2000      10000          7
   0       68     2043     9987      9212251074      9212261061        16980255       7936       2000      10000          8
   0       68     2043     9986      9212261075      9212271062        16990256       7935       2000      10000          8
   0       68     2045     9985      9212271075      9212281060        17000256       7933       2000      10000          7
   0       68     2043     9985      9212281076      9212291060        17010256       7934       2000      10000          7
   0       68     2043     9986      9212291075      9212301061        17020255       7936       2000      10000          7
   0       68     2044     9985      9212301075      9212311060        17030256       7934       2000      10000          7
   0       68     2044     9987      9212311074      9212321062        17040255       7935       2000      10000          8
   0       68     2043     9985      9212321077      9212331061        17050257       7934       2000      10000          8
   0       68     2043     9986      9212331075      9212341061        17060255       7935       2000      10000          8
   0       68     2043     9984      9212341076      9212351061        17070257       7933       2000      10000          7
   0       68     2043     9987      9212351074      9212361061        17080255       7936       2000      10000          8
   0       68     2043     9985      9212361077      9212371061        17090257       7934       2000      10000          8
   0       68     2044     9986      9212371075      9212381061        17100256       7934       2000      10000          8
   0       68     2044     9985      9212381076      9212391061        17110257       7934       2000      10000          8
   0       68     2043     9986      9212391075      9212401061        17120256       7935       2000      10000          8
   0       68     2043     9984      9212401076      9212411060        17130257       7934       2000      10000          7
   0       68     2043     9987      9212411074      9212421061        17140255       7936       2000      10000          8
   0       68     2043     9984      9212421077      9212431061        17150257       7934       2000      10000          7
   0       68     2045     9987      9212431074      9212441061        17160255       7934       2000      10000          7
   0       68     2044     9954      9212441108      9212451062        17170288       7901       2000      10000          8
   0       68     2043     9986      9212451076      9212461063        17180257       7934       2000      10000          9
   0       68     2043     9982      9212461079      9212471061        17190259       7931       2000      10000          8
   0       68     2043     9985      9212471076      9212481061        17200256       7934       2000      10000          8
   0       68     2043     9985      9212481076      9212491062        17210257       7934       2000      10000          8
   0       68     2043     9984      9212491076      9212501061        17220257       7934       2000      10000          7
   0       68     2044     9984      9212501076      9212511061        17230257       7933       2000      10000          7
   0       68     2044     9986      9212511075      9212521061        17240256       7934       2000      10000          8
   0       68     2043     9984      9212521077      9212531061        17250258       7933       2000      10000          8
   0       68     2044     9985      9212531076      9212541061        17260256       7934       2000      10000          8
   0       68     2045     9984      9212541077      9212551061        17270258       7932       2000      10000          8
   0       68     2043     9988      9212551075      9212561063        17280256       7935       2000      10000         10
   0       68     2043     9982      9212561078      9212571061        17290259       7932       2000      10000          7
   0       68     2043     9985      9212571075      9212581061        17300256       7935       2000      10000          7
   0       68     2043     9986      9212581075      9212591062        17310256       7935       2000      10000          8
   0       68     2043     9982      9212591079      9212601061        17320259       7931       2000      10000          7
   0       68     2043     9978      9212601082      9212611060        17330263       7928       2000      10000          7
   0       68     2044     9990      9212611079      9212621069        17340260       7931       2000      10000         15
   0       68     2043     9979      9212621088      9212631067        17350269       7922       2000      10000         14
   0       68     2044     9980      9212631083      9212641063        17360264       7926       2000      10000         10
   0       68     2043     9980      9212641081      9212651061        17370261       7929       2000      10000          7
   0       68     2043     9984      9212651077      9212661061        17380257       7933       2000      10000          8
   0       68     2043     9984      9212661077      9212671061        17390257       7933       2000      10000          8
   0       68     2043     9984      9212671078      9212681061        17400258       7932       2000      10000          8
   0       68     2044     9984      9212681078      9212691062        17410259       7932       2000      10000          8
   0       68     2043     9984      9212691078      9212701061        17420258       7932       2000      10000          8
   0       68     2044     9985      9212701077      9212711061        17430257       7933       2000      10000          8
   0       68     2044     9984      9212711077      9212721061        17440257       7933       2000      10000          7
   0       68     2043     9986      9212721076      9212731062        17450257       7934       2000      10000          9
   0       68     2043     9984      9212731077      9212741061        17460258       7933       2000      10000          7
   0       68     2043     9986      9212741074      9212751060        17470255       7935       2000      10000          7
   0       68     2043     9989      9212751074      9212761063        17480255       7936       2000      10000         10
   0       68     2043     9984      9212761077      9212771061        17490258       7933       2000      10000          8
   0       68     2044     9953      9212771108      9212781061        17500288       7902       2000      10000          7
   0       68     2044     9986      9212781075      9212791061        17510256       7934       2000      10000          8
   0       68     2043     9985      9212791076      9212801061        17520256       7934       2000      10000          8
   0       68     2044     9985      9212801076      9212811060        17530256       7933       2000      10000          7
   0       68     2043     9987      9212811075      9212821062        17540255       7936       2000      10000          8
   0       68     2043     9985      9212821078      9212831062        17550258       7933       2000      10000          9
   0       68     2044     9982      9212831078      9212841061        17560259       7931       2000      10000          7
   0       68     2044     9985      9212841076      9212851062        17570257       7933       2000      10000          8
   0       68     2043     9985      9212851076      9212861061        17580257       7934       2000      10000          8
   0       68     2043     9983      9212861078      9212871061        17590258       7933       2000      10000          7
   0       68     2044     9985      9212871075      9212881060        17600256       7935       2000      10000          7
   0       68     2044     9988      9212881074      9212891062        17610255       7936       2000      10000          9
   0       68     2043     9985      9212891078      9212901062        17620258       7933       2000      10000          9
   0       68     2044     9983      9212901077      9212911060        17630258       7932       2000      10000          7
   0       68     2043     9986      9212911076      9212921061        17640256       7935       2000      10000          8
   0       68     2043     9985      9212921076      9212931061        17650257       7934       2000      10000          8
   0       68     2044     9984      9212931077      9212941060        17660257       7933       2000      10000          7
   0       68     2044     9985      9212941075      9212951061        17670256       7934       2000      10000          7
   0       68     2043     9986      9212951076      9212961062        17680256       7935       2000      10000          8
   0       68     2044     9984      9212961077      9212971061        17690257       7933       2000      10000          7
   0       68     2044     9984      9212971076      9212981061        17700257       7933       2000      10000          7
   0       68     2043     9986      9212981076      9212991062        17710257       7934       2000      10000          8
   0       68     2043     9986      9212991076      9213001062        17720256       7934       2000      10000          8
   0       68     2044     9985      9213001077      9213011062        17730257       7933       2000      10000          9
   0       68     2043     9987      9213011077      9213021064        17740257       7933       2000      10000         10
   0       68     2043     9985      9213021077      9213031062        17750258       7933       2000      10000          9
   0       68     2044     9984      9213031076      9213041061        17760257       7933       2000      10000          7
   0       68     2043     9986      9213041075      9213051061        17770255       7935       2000      10000          7
   0       68     2043     9986      9213051075      9213061061        17780256       7935       2000      10000          7
   0       68     2043     9987      9213061075      9213071061        17790255       7936       2000      10000          8
   0       68     2044     9986      9213071075      9213081060        17800255       7934       2000      10000          7
   0       68     2044     9988      9213081074      9213091062        17810254       7935       2000      10000          8
   0       68     2043     9985      9213091076      9213101061        17820256       7934       2000      10000          7
   0       68     2043     9950      9213101111      9213111061        17830291       7899       2000      10000          7
   0       68     2044     9985      9213111076      9213121060        17840256       7934       2000      10000          7
   0       68     2043     9985      9213121076      9213131062        17850257       7934       2000      10000          8
   0       68     2043     9982      9213131080      9213141062        17860260       7931       2000      10000          8
   0       68     2043     9981      9213141081      9213151062        17870261       7929       2000      10000          8
   0       68     2043     9981      9213151080      9213161061        17880261       7930       2000      10000          8
   0       68     2043     9982      9213161079      9213171061        17890260       7931       2000      10000          8
   0       68     2044     9982      9213171079      9213181060        17900259       7931       2000      10000          7
   0       68     2044     9985      9213181076      9213191061        17910257       7933       2000      10000          8
   0       68     2043     9984      9213191079      9213201063        17920259       7932       2000      10000          9
   0       68     2044     9980      9213201080      9213211060        17930260       7930       2000      10000          7
   0       68     2043     9985      9213211076      9213221061        17940256       7935       2000      10000          7
   0       68     2043     9984      9213221078      9213231062        17950258       7932       2000      10000          9
   0       68     2044     9983      9213231077      9213241060        17960258       7932       2000      10000          7
   0       68     2044     9985      9213241075      9213251060        17970255       7934       2000      10000          7
   0       68     2043     9988      9213251074      9213261062        17980255       7936       2000      10000          8
   0       68     2043     9983      9213261078      9213271061        17990258       7932       2000      10000          8
   0       68     2044     9985      9213271076      9213281061        18000256       7934       2000      10000          7
   0       68     2044     9986      9213281075      9213291061        18010256       7934       2000      10000          8
   0       68     2043     9986      9213291075      9213301061        18020256       7935       2000      10000          8
   0       68     2044     9985      9213301076      9213311061        18030256       7933       2000      10000          7
   0       68     2043     9986      9213311075      9213321061        18040255       7935       2000      10000          7
   0       68     2043     9987      9213321075      9213331062        18050256       7935       2000      10000          9
   0       68     2044     9989      9213331076      9213341065        18060257       7933       2000      10000         12
   0       68     2044     9982      9213341079      9213351061        18070259       7931       2000      10000          8
   0       68     2043     9986      9213351075      9213361061        18080255       7935       2000      10000          7
   0       68     2043     9986      9213361075      9213371061        18090256       7935       2000      10000          8
   0       68     2044     9985      9213371076      9213381061        18100256       7934       2000      10000          8
   0       68     2044     9986      9213381076      9213391062        18110257       7933       2000      10000          8
   0       68     2043     9986      9213391075      9213401061        18120256       7935       2000      10000          8
   0       68     2044     9987      9213401075      9213411062        18130255       7934       2000      10000          8
   0       68     2044     9988      9213411075      9213421064        18140256       7934       2000      10000         10
   0       68     2043     9984      9213421078      9213431062        18150259       7932       2000      10000          9
   0       68     2043     9951      9213431109      9213441060        18160290       7901       2000      10000          7
   0       68     2044     9985      9213441077      9213451062        18170258       7933       2000      10000          8
   0       68     2043     9985      9213451078      9213461062        18180258       7933       2000      10000          9
   0       68     2043     9983      9213461078      9213471061        18190259       7932       2000      10000          8
   0       68     2044     9984      9213471076      9213481060        18200257       7933       2000      10000          7
   0       68     2043     9985      9213481077      9213491062        18210257       7933       2000      10000          9
   0       68     2043     9988      9213491078      9213501066        18220259       7932       2000      10000         13
   0       68     2043     9979      9213501082      9213511061        18230262       7928       2000      10000          8
   0       68     2043     9985      9213511075      9213521061        18240256       7935       2000      10000          7
   0       68     2043     9985      9213521075      9213531060        18250256       7935       2000      10000          7
   0       68     2043     9985      9213531075      9213541060        18260256       7935       2000      10000          7
   0       68     2043     9985      9213541075      9213551061        18270256       7935       2000      10000          7
   0       68     2043     9985      9213551076      9213561061        18280256       7935       2000      10000          7
   0       68     2043     9984      9213561076      9213571060        18290257       7934       2000      10000          7
   0       68     2043     9988      9213571074      9213581062        18300255       7936       2000      10000          8
   0       68     2043     9985      9213581077      9213591062        18310258       7933       2000      10000          9
   0       68     2043     9985      9213591076      9213601061        18320257       7934       2000      10000          8
   0       68     2044     9984      9213601077      9213611060        18330257       7933       2000      10000          7
   0       68     2043     9987      9213611074      9213621061        18340255       7936       2000      10000          8
   0       68     2064     9986      9213621076      9213631062        18350257       7913       2000      10000          8
   0       68     2044     9980      9213631081      9213641061        18360261       7929       2000      10000          8
   0       68     2044     9984      9213641078      9213651062        18370258       7932       2000      10000          8
   0       68     2043     9986      9213651076      9213661062        18380256       7934       2000      10000          8
   0       68     2043     9982      9213661079      9213671061        18390259       7931       2000      10000          7
   0       68     2044     9984      9213671081      9213681065        18400261       7929       2000      10000         11
   0       68     2043     9977      9213681086      9213691062        18410266       7924       2000      10000          9
   0       68     2043     9982      9213691079      9213701062        18420260       7931       2000      10000          8
   0       68     2043     9980      9213701080      9213711061        18430261       7930       2000      10000          7
   0       68     2043     9984      9213711076      9213721060        18440257       7934       2000      10000          7
   0       68     2043     9984      9213721077      9213731061        18450258       7933       2000      10000          8
   0       68     2043     9985      9213731076      9213741061        18460257       7933       2000      10000          8
   0       68     2044     9982      9213741079      9213751061        18470260       7930       2000      10000          8
   0       68     2043     9985      9213751076      9213761061        18480257       7934       2000      10000          8
   0       68     2043     9940      9213761122      9213771062        18490302       7889       2000      10000          8
   0       68     2044     9983      9213771078      9213781061        18500258       7932       2000      10000          7
   0       68     2043     9984      9213781077      9213791061        18510258       7933       2000      10000          8
   0       68     2043     9985      9213791077      9213801062        18520257       7934       2000      10000          8
   0       68     2043     9982      9213801079      9213811061        18530259       7931       2000      10000          7
   0       68     2044     9985      9213811076      9213821061        18540257       7933       2000      10000          8
   0       68     2043     9984      9213821078      9213831061        18550258       7933       2000      10000          8
   0       68     2044     9985      9213831076      9213841061        18560256       7933       2000      10000          8
   0       68     2044     9984      9213841076      9213851060        18570257       7933       2000      10000          6
   0       68     2043     9988      9213851074      9213861062        18580254       7936       2000      10000          8
   0       68     2043     9984      9213861077      9213871061        18590257       7933       2000      10000          8
   0       68     2043     9986      9213871075      9213881061        18600256       7935       2000      10000          8
   0       68     2043     9984      9213881077      9213891061        18610258       7933       2000      10000          7
   0       68     2043     9985      9213891076      9213901061        18620257       7934       2000      10000          7
   0       68     2044     9984      9213901077      9213911061        18630257       7933       2000      10000          7
   0       68     2044     9986      9213911076      9213921061        18640256       7934       2000      10000          8
   0       68     2043     9984      9213921078      9213931061        18650258       7932       2000      10000          8
   0       68     2044     9987      9213931075      9213941062        18660256       7934       2000      10000          9
   0       68     2043     9983      9213941078      9213951060        18670258       7932       2000      10000          7
   0       68     2044     9986      9213951075      9213961061        18680255       7935       2000      10000          8
   0       68     2043     9984      9213961077      9213971061        18690257       7933       2000      10000          7
   0       68     2044     9986      9213971074      9213981060        18700255       7935       2000      10000          6
   0       68     2044     9985      9213981075      9213991060        18710256       7934       2000      10000          7
   0       68     2043     9987      9213991074      9214001061        18720254       7936       2000      10000          8
   0       68     2043     9985      9214001076      9214011061        18730256       7934       2000      10000          7
   0       68     2043     9986      9214011076      9214021061        18740256       7935       2000      10000          8
   0       68     2043     9985      9214021077      9214031062        18750258       7933       2000      10000          9
   0       68     2044     9985      9214031075      9214041060        18760256       7934       2000      10000          7
   0       68     2043     9985      9214041075      9214051060        18770256       7934       2000      10000          7
   0       68     2043     9988      9214051074      9214061062        18780255       7936       2000      10000          9
   0       68     2043     9985      9214061076      9214071061        18790257       7934       2000      10000          8
   0       68     2043     9985      9214071075      9214081060        18800256       7934       2000      10000          7
   0       68     2044     9986      9214081074      9214091061        18810255       7935       2000      10000          7
   0       68     2043     9956      9214091107      9214101062        18820287       7903       2000      10000          9
   0       68     2043     9981      9214101080      9214111061        18830260       7931       2000      10000          7
   0       68     2044     9987      9214111075      9214121063        18840256       7934       2000      10000          9
   0       68     2043     9980      9214121082      9214131062        18850262       7928       2000      10000          8
   0       68     2044     9983      9214131078      9214141060        18860258       7932       2000      10000          7
   0       68     2044     9984      9214141077      9214151061        18870257       7933       2000      10000          7
   0       68     2043     9985      9214151076      9214161061        18880257       7934       2000      10000          8
   0       68     2043     9983      9214161078      9214171061        18890258       7932       2000      10000          7
   0       68     2043     9983      9214171077      9214181060        18900258       7933       2000      10000          7
   0       68     2043     9986      9214181076      9214191062        18910256       7934       2000      10000          8
   0       68     2043     9986      9214191075      9214201061        18920256       7935       2000      10000          8
   0       68     2043     9983      9214201078      9214211061        18930259       7932       2000      10000          8
   0       68     2043     9982      9214211082      9214221063        18940262       7928       2000      10000         10
   0       68     2043     9977      9214221085      9214231061        18950265       7925       2000      10000          8
   0       68     2043     9982      9214231079      9214241061        18960260       7931       2000      10000          8
   0       68     2044     9980      9214241081      9214251061        18970261       7929       2000      10000          7
   0       68     2043     9984      9214251077      9214261061        18980258       7933       2000      10000          8
   0       68     2043     9983      9214261078      9214271061        18990259       7932       2000      10000          7
   0       68     2043     9985      9214271076      9214281061        19000257       7934       2000      10000          8
   0       68     2043     9983      9214281078      9214291061        19010259       7932       2000      10000          8
   0       68     2043     9986      9214291077      9214301062        19020257       7933       2000      10000          9
   0       68     2043     9984      9214301077      9214311061        19030258       7933       2000      10000          8
   0       68     2043     9986      9214311075      9214321061        19040256       7935       2000      10000          8
   0       68     2043     9984      9214321078      9214331062        19050258       7933       2000      10000          8
   0       68     2043     9983      9214331076      9214341060        19060257       7934       2000      10000          6
   0       68     2044     9985      9214341075      9214351060        19070256       7934       2000      10000          6
   0       68     2043     9987      9214351074      9214361061        19080254       7937       2000      10000          7
   0       68     2043     9985      9214361076      9214371061        19090256       7935       2000      10000          7
   0       68     2044     9987      9214371074      9214381061        19100255       7935       2000      10000          8
   0       68     2044     9984      9214381077      9214391061        19110258       7933       2000      10000          8
   0       68     2043     9987      9214391075      9214401061        19120255       7936       2000      10000          8
   0       68     2044     9986      9214401075      9214411061        19130256       7933       2000      10000          8
   0       68     2043     9986      9214411076      9214421062        19140256       7935       2000      10000          8
   0       68     2044     9950      9214421112      9214431062        19150293       7897       2000      10000          9
   0       68     2043     9983      9214431078      9214441061        19160258       7933       2000      10000          8
   0       68     2043     9984      9214441077      9214451061        19170258       7933       2000      10000          8
   0       68     2043     9986      9214451077      9214461062        19180257       7934       2000      10000          9
   0       68     2043     9983      9214461078      9214471061        19190259       7932       2000      10000          8
   0       68     2043     9984      9214471077      9214481060        19200257       7934       2000      10000          7
   0       68     2044     9984      9214481077      9214491060        19210257       7933       2000      10000          7
   0       68     2043     9986      9214491075      9214501061        19220256       7935       2000      10000          7
   0       68     2045     9983      9214501078      9214511060        19230258       7931       2000      10000          7
   0       68     2043     9986      9214511075      9214521061        19240255       7935       2000      10000          7
   0       68     2043     9984      9214521077      9214531061        19250257       7933       2000      10000          8
   0       68     2043     9985      9214531076      9214541061        19260256       7934       2000      10000          7
   0       68     2044     9984      9214541077      9214551061        19270258       7932       2000      10000          7
   0       68     2043     9989      9214551075      9214561065        19280256       7935       2000      10000         11
   0       68     2043     9981      9214561080      9214571061        19290261       7930       2000      10000          8
   0       68     2044     9986      9214571075      9214581061        19300255       7935       2000      10000          7
   0       68     2043     9986      9214581075      9214591061        19310256       7935       2000      10000          7
   0       68     2043     9987      9214591075      9214601062        19320255       7936       2000      10000          8
   0       68     2045     9985      9214601077      9214611061        19330257       7932       2000      10000          8
   0       68     2043     9985      9214611076      9214621061        19340256       7934       2000      10000          8
   0       68     2043     9986      9214621076      9214631061        19350256       7935       2000      10000          8
   0       68     2044     9984      9214631076      9214641060        19360256       7934       2000      10000          7
   0       68     2044     9986      9214641075      9214651061        19370255       7934       2000      10000          8
   0       68     2043     9986      9214651075      9214661061        19380256       7935       2000      10000          8
   0       68     2043     9985      9214661077      9214671061        19390257       7934       2000      10000          8
   0       68     2043     9986      9214671075      9214681061        19400255       7935       2000      10000          7
   0       68     2043     9985      9214681076      9214691061        19410257       7934       2000      10000          8
   0       68     2043     9987      9214691074      9214701061        19420255       7936       2000      10000          8
   0       68     2044     9987      9214701075      9214711062        19430256       7934       2000      10000          9
   0       68     2044     9986      9214711076      9214721061        19440256       7934       2000      10000          8
   0       68     2043     9985      9214721076      9214731061        19450257       7934       2000      10000          8
   0       68     2044     9987      9214731075      9214741061        19460255       7935       2000      10000          8
   0       68     2043     9985      9214741076      9214751061        19470257       7934       2000      10000          8
   0       68     2043     9948      9214751114      9214761062        19480295       7896       2000      10000          8
   0       68     2043     9979      9214761082      9214771062        19490263       7928       2000      10000          8
   0       68     2043     9982      9214771079      9214781061        19500259       7931       2000      10000          8
   0       68     2045     9979      9214781081      9214791060        19510262       7928       2000      10000          7
   0       68     2043     9986      9214791075      9214801061        19520256       7935       2000      10000          7
   0       68     2045     9982      9214801078      9214811060        19530258       7931       2000      10000          7
   0       68     2043     9985      9214811075      9214821060        19540256       7935       2000      10000          7
   0       68     2043     9983      9214821078      9214831061        19550259       7932       2000      10000          8
   0       68     2043     9984      9214831077      9214841061        19560257       7933       2000      10000          7
   0       68     2043     9983      9214841078      9214851061        19570259       7932       2000      10000          7
   0       68     2043     9986      9214851076      9214861062        19580256       7934       2000      10000          8
   0       68     2043     9992      9214861078      9214871070        19590259       7932       2000      10000         17
   0       68     2044     9975      9214871086      9214881060        19600266       7924       2000      10000          7
   0       68     2044     9985      9214881076      9214891061        19610256       7934       2000      10000          8
   0       68     2043     9987      9214891075      9214901061        19620255       7935       2000      10000          8
   0       68     2044     9985      9214901076      9214911060        19630256       7933       2000      10000          7
   0       68     2043     9987      9214911074      9214921061        19640254       7936       2000      10000          7
   0       68     2043     9985      9214921076      9214931061        19650257       7934       2000      10000          8
   0       68     2044     9986      9214931075      9214941061        19660256       7935       2000      10000          8
   0       68     2043     9985      9214941075      9214951060        19670256       7935       2000      10000          6
   0       68     2043     9988      9214951074      9214961062        19680254       7937       2000      10000          8
   0       68     2043     9985      9214961076      9214971062        19690257       7934       2000      10000          8
   0       68     2043     9984      9214971076      9214981060        19700256       7935       2000      10000          7
   0       68     2043     9986      9214981075      9214991061        19710256       7935       2000      10000          8
   0       68     2043     9986      9214991075      9215001062        19720256       7935       2000      10000          8
   0       68     2043     9986      9215001076      9215011062        19730256       7934       2000      10000          8
   0       68     2043     9986      9215011076      9215021062        19740257       7933       2000      10000          9
   0       68     2043     9985      9215021076      9215031061        19750257       7934       2000      10000          8
   0       68     2044     9985      9215031075      9215041060        19760255       7935       2000      10000          6
   0       68     2044     9986      9215041075      9215051061        19770256       7934       2000      10000          8
   0       68     2043     9987      9215051074      9215061062        19780255       7936       2000      10000          8
   0       68     2043     9985      9215061076      9215071061        19790257       7934       2000      10000          8
   0       68     2044     9986      9215071075      9215081061        19800255       7935       2000      10000          7
   0       68     2043     9958      9215081104      9215091062        19810285       7906       2000      10000          9
   0       68     2043     9986      9215091078      9215101064        19820259       7932       2000      10000         10
   0       68     2044     9983      9215101080      9215111063        19830260       7929       2000      10000          9
   0       68     2043     9983      9215111078      9215121061        19840258       7933       2000      10000          8
   0       68     2043     9984      9215121077      9215131061        19850257       7933       2000      10000          8
   0       68     2043     9986      9215131075      9215141061        19860256       7935       2000      10000          8
   0       68     2043     9984      9215141077      9215151060        19870257       7933       2000      10000          7
   0       68     2043     9987      9215151075      9215161061        19880255       7935       2000      10000          8
   0       68     2043     9986      9215161076      9215171062        19890257       7934       2000      10000          9
   0       68     2043     9985      9215171076      9215181061        19900257       7934       2000      10000          7
   0       68     2044     9986      9215181076      9215191061        19910256       7934       2000      10000          8
   0       68     2043     9987      9215191075      9215201062        19920256       7935       2000      10000          9
   0       68     2043     9984      9215201077      9215211061        19930257       7933       2000      10000          8
   0       68     2043     9985      9215211075      9215221061        19940256       7935       2000      10000          7
   0       68     2043     9985      9215221075      9215231061        19950256       7935       2000      10000          7
   0       68     2044     9986      9215231074      9215241060        19960255       7935       2000      10000          7
   0       68     2043     9985      9215241075      9215251061        19970256       7935       2000      10000          7
   0       68     2043     9988      9215251074      9215261063        19980255       7936       2000      10000          9
   0       68     2043     9984      9215261077      9215271062        19990258       7933       2000      10000          8
