#idx     perf      run   period           start             end          rel_st      slack c_duration   c_period     wu_lat
   4       17      518    59002      9243549566      9243608568            1681          0        500          0          0
   4       17      519     2139      9243608586      9243610725           60701          0        500          0          0
   4       17     3182     4791      9243610738      9243615529           62853          0        500          0          0
   4       17      517     1083      9243615543      9243616625           67657          0        500          0          0
   4       17      516     2683      9243616638      9243619321           68753          0        500          0          0
   4       17      511     2164      9243619336      9243621500           71450          0        500          0          0
   4       17      517     1511      9243621514      9243623026           73629          0        500          0          0
   4       17      511     1687      9243623040      9243624727           75155          0        500          0          0
   4       17      517     2122      9243624739      9243626861           76854          0        500          0          0
   4       17      517     2667      9243626874      9243629542           78989          0        500          0          0
   4       17      537     2163      9243629555      9243631718           81670          0        500          0          0
   4       17      516     1606      9243631750      9243633356           83865          0        500          0          0
   4       17      511     2161      9243633370      9243635531           85485          0        500          0          0
   4       17      517     1591      9243635545      9243637136           87660          0        500          0          0
   4       17      511     2124      9243637149      9243639273           89264          0        500          0          0
   4       17      511     1788      9243639286      9243641074           91401          0        500          0          0
   4       17      511     1925      9243641087      9243643012           93202          0        500          0          0
   4       17      511     2121      9243643025      9243645146           95140          0        500          0          0
   4       17      511     3717      9243645158      9243648875           97273          0        500          0          0
   4       17      516     2654      9243648887      9243651542          101002          0        500          0          0
   4       17      518     2120      9243651555      9243653675          103669          0        500          0          0
   4       17      516     1851      9243653687      9243655538          105802          0        500          0          0
   4       17      517     1589      9243655551      9243657140          107666          0        500          0          0
   4       17      511     1328      9243657154      9243658481          109268          0        500          0          0
   4       17     1050     2152      9243658494      9243660647          110609          0        500          0          0
   4       17      511     1593      9243661218      9243662811          113333          0        500          0          0
   4       17      515     2123      9243662824      9243664947          114938          0        500          0          0
   4       17      517     2656      9243664960      9243667616          117075          0        500          0          0
   4       17      517     1588      9243667628      9243669216          119743          0        500          0          0
   4       17      511     2118      9243669228      9243671346          121343          0        500          0          0
   4       17      511     2118      9243671359      9243673477          123474          0        500          0          0
   4       17      516     2177      9243673490      9243675667          125605          0        500          0          0
   4       17      538     1633      9243675680      9243677313          127795          0        500          0          0
   4       17      511     1620      9243677346      9243678966          129461          0        500          0          0
   4       17      515     2701      9243678979      9243681680          131094          0        500          0          0
   4       17      516     2153      9243681712      9243683865          133827          0        500          0          0
   4       17      516     2112      9243683922      9243686034          136037          0        500          0          0
   4       17      511     1606      9243686062      9243687668          138177          0        500          0          0
   4       17      517     1724      9243687691      9243689415          139806          0        500          0          0
   4       17      511     2154      9243689440      9243691594          141555          0        500          0          0
   4       17      517     2148      9243691610      9243693758          143725          0        500          0          0
   4       17      517     2213      9243693787      9243696000          145902          0        500          0          0
   4       17     2727     3269      9243696037      9243699306          148151          0        500          0          0
   4       17      511     1657      9243699333      9243700991          151448          0        500          0          0
   4       17      511     1596      9243701024      9243702621          153139          0        500          0          0
   4       17      517     2155      9243702634      9243704789          154749          0        500          0          0
   4       17      517     2133      9243704812      9243706945          156927          0        500          0          0
   4       17      517     1612      9243706969      9243708581          159084          0        500          0          0
   4       17      517     2153      9243708605      9243710758          160720          0        500          0          0
   4       17     1912     3259      9243710781      9243714040          162895          0        500          0          0
   4       17      511     2142      9243714063      9243716205          166178          0        500          0          0
   4       17      511     2142      9243716219      9243718361          168334          0        500          0          0
   4       17      511     2178      9243718387      9243720564          170502          0        500          0          0
   4       17      517     1645      9243720592      9243722238          172707          0        500          0          0
   4       17      511     1746      9243722264      9243724009          174378          0        500          0          0
   4       17     2089     2976      9243724033      9243727009          176148          0        500          0          0
   4       17      511     1837      9243727024      9243728861          179139          0        500          0          0
   4       17      517     2146      9243728886      9243731031          181001          0        500          0          0
   4       17      511     1658      9243731059      9243732716          183173          0        500          0          0
   4       17      518     2179      9243732742      9243734921          184857          0        500          0          0
   4       17      517     2161      9243734968      9243737130          187083          0        500          0          0
   4       17      511     3233      9243737153      9243740386          189268          0        500          0          0
   4       17      511     2157      9243740401      9243742557          192515          0        500          0          0
   4       17      518     2188      9243742582      9243744771          194697          0        500          0          0
   4       17      517     2739      9243744817      9243747556          196932          0        500          0          0
   4       17      520     2205      9243747579      9243749784          199694          0        500          0          0
   4       17      517     1662      9243749856      9243751519          201971          0        500          0          0
   4       17      517     2210      9243751534      9243753744          203649          0        500          0          0
   4       17      517     1736      9243753807      9243755543          205922          0        500          0          0
   4       17      517     2054      9243755567      9243757621          207682          0        500          0          0
   4       17      517     2159      9243757645      9243759804          209760          0        500          0          0
   4       17      516     2204      9243760943      9243763147          213058          0        500          0          0
   4       17      511     2751      9243763164      9243765915          215278          0        500          0          0
   4       17      516     2131      9243765974      9243768105          218088          0        500          0          0
   4       17      511     2221      9243768129      9243770350          220244          0        500          0          0
   4       17      511     1651      9243770375      9243772025          222490          0        500          0          0
   4       17      511     2144      9243772052      9243774196          224167          0        500          0          0
   4       17      511     1607      9243774220      9243775828          226335          0        500          0          0
   4       17      517     2156      9243775840      9243777996          227955          0        500          0          0
   4       17      511     2131      9243778026      9243780157          230141          0        500          0          0
   4       17      511     2694      9243780181      9243782875          232296          0        500          0          0
   4       17      516     2113      9243782899      9243785012          235014          0        500          0          0
   4       17      511     1516      9243785038      9243786554          237153          0        500          0          0
   4       17      517     1774      9243786568      9243788343          238683          0        500          0          0
   4       17      511     2161      9243788367      9243790528          240482          0        500          0          0
   4       17      518     2205      9243790555      9243792760          242670          0        500          0          0
   4       17      517     1643      9243792788      9243794431          244903          0        500          0          0
   4       17      511     2766      9243794457      9243797223          246572          0        500          0          0
   4       17      511     2174      9243797251      9243799425          249366          0        500          0          0
   4       17      511     2153      9243799438      9243801591          251553          0        500          0          0
   4       17      517     2131      9243801614      9243803745          253729          0        500          0          0
   4       17      517     1612      9243803769      9243805380          255883          0        500          0          0
   4       17      511     2149      9243805406      9243807554          257521          0        500          0          0
   4       17     1624     3329      9243807580      9243810909          259695          0        500          0          0
   4       17      516     3262      9243810924      9243814186          263039          0        500          0          0
   4       17      511     2696      9243814211      9243816907          266326          0        500          0          0
   4       17      518     2082      9243816930      9243819013          269045          0        500          0          0
   4       17      511     1662      9243819038      9243820701          271153          0        500          0          0
   4       17      517     1167      9243820724      9243821891          272839          0        500          0          0
   4       17      517     2206      9243821947      9243824153          274062          0        500          0          0
   4       17      511     2248      9243824169      9243826417          276284          0        500          0          0
   4       17      511     1692      9243826444      9243828136          278559          0        500          0          0
   4       17      511     2156      9243828164      9243830320          280279          0        500          0          0
   4       17      511     2744      9243830346      9243833090          282461          0        500          0          0
   4       17      511     1073      9243833115      9243834188          285229          0        500          0          0
   4       17      511     2144      9243834201      9243836345          286316          0        500          0          0
   4       17      511     2130      9243836368      9243838498          288483          0        500          0          0
   4       17      517     2153      9243838523      9243840675          290638          0        500          0          0
   4       17      517     2153      9243840698      9243842851          292813          0        500          0          0
   4       17     1607     3818      9243842875      9243846692          294989          0        500          0          0
   4       17      517     2693      9243846715      9243849408          298830          0        500          0          0
   4       17      511     2155      9243849423      9243851577          301537          0        500          0          0
   4       17      518     1648      9243851603      9243853251          303718          0        500          0          0
   4       17      511     1608      9243853277      9243854885          305392          0        500          0          0
   4       17      517     2165      9243854909      9243857074          307024          0        500          0          0
   4       17      511     2160      9243857098      9243859258          309213          0        500          0          0
   4       17      511     1614      9243859274      9243860888          311389          0        500          0          0
   4       17      517     2189      9243860941      9243863129          313055          0        500          0          0
   4       17      511     2772      9243863156      9243865928          315271          0        500          0          0
   4       17      516     3838      9243865956      9243869794          318071          0        500          0          0
   4       17      517     3823      9243869821      9243873643          321936          0        500          0          0
   4       17      517     4962      9243873657      9243878619          325772          0        500          0          0
   4       17      517     1590      9243878632      9243880222          330747          0        500          0          0
   4       17      511     1584      9243880235      9243881819          332350          0        500          0          0
   4       17      517     5276      9243881831      9243887107          333946          0        500          0          0
   4       17      511     1592      9243887123      9243888714          339238          0        500          0          0
   4       17      517     3195      9243888727      9243891922          340842          0        500          0          0
   4       17      516     2129      9243891938      9243894067          344053          0        500          0          0
   4       17      511     3756      9243894080      9243897836          346195          0        500          0          0
   4       17      516     5493      9243897871      9243903363          349985          0        500          0          0
   4       17      511     5157      9243903384      9243908541          355499          0        500          0          0
   4       17      516     1150      9243908554      9243909704          360669          0        500          0          0
   4       17      517     1092      9243909743      9243910835          361857          0        500          0          0
   4       17      516     2142      9243910849      9243912991          362964          0        500          0          0
   4       17      511     5640      9243913029      9243918669          365144          0        500          0          0
   4       17      517     1596      9243918688      9243920285          370803          0        500          0          0
   4       17      511     1245      9243920299      9243921544          372413          0        500          0          0
   4       17      517     3420      9243921558      9243924979          373673          0        500          0          0
   4       17      511     2702      9243925217      9243927918          377332          0        500          0          0
   4       17      519     3390      9243927939      9243931329          380054          0        500          0          0
   4       17      511     3519      9243931350      9243934869          383465          0        500          0          0
   4       17      518     3121      9243934891      9243938013          387006          0        500          0          0
   4       17      511     3070      9243938032      9243941102          390147          0        500          0          0
   4       17      511     3327      9243941119      9243944446          393234          0        500          0          0
   4       17      511     6210      9243944462      9243950672          396577          0        500          0          0
   4       17      516     1602      9243950693      9243952295          402808          0        500          0          0
   4       17      511     1594      9243952311      9243953905          404426          0        500          0          0
   4       17      516     2139      9243953922      9243956061          406036          0        500          0          0
   4       17      511     2133      9243956078      9243958211          408193          0        500          0          0
   4       17      511     3746      9243958229      9243961975          410344          0        500          0          0
   4       17      518     4555      9243961994      9243966549          414109          0        500          0          0
   4       17      517     1601      9243966572      9243968173          418687          0        500          0          0
   4       17      511     2806      9243968189      9243970995          420304          0        500          0          0
   4       17      511     2096      9243971021      9243973117          423135          0        500          0          0
   4       17      511     2095      9243973135      9243975230          425250          0        500          0          0
   4       17      511     2201      9243975254      9243977454          427368          0        500          0          0
   4       17      511     2538      9243977474      9243980011          429588          0        500          0          0
   4       17      511     2321      9243980029      9243982351          432144          0        500          0          0
   4       17     1530     2667      9243982368      9243985036          434483          0        500          0          0
   4       17     4403     4977      9243985059      9243990036          437174          0        500          0          0
   4       17      511     2831      9243990060      9243992890          442174          0        500          0          0
   4       17      520     3096      9243992919      9243996015          445034          0        500          0          0
   4       17      511     1651      9243996037      9243997688          448152          0        500          0          0
   4       17      521     1921      9243997712      9243999633          449827          0        500          0          0
   4       17      518     2433      9243999655      9244002088          451770          0        500          0          0
   4       17      511     2973      9244002149      9244005122          454264          0        500          0          0
   4       17      511     2551      9244005140      9244007692          457255          0        500          0          0
   4       17      517     2373      9244007712      9244010086          459827          0        500          0          0
   4       17      511     6518      9244010113      9244016632          462228          0        500          0          0
   4       17      545     2831      9244016664      9244019495          468779          0        500          0          0
   4       17      522     2145      9244019527      9244021672          471641          0        500          0          0
   4       17      545     2662      9244021698      9244024360          473813          0        500          0          0
   4       17      511     1628      9244024381      9244026009          476496          0        500          0          0
   4       17      511     2332      9244026029      9244028361          478144          0        500          0          0
   4       17      511     2639      9244028394      9244031033          480508          0        500          0          0
   4       17      511     2214      9244031059      9244033273          483174          0        500          0          0
   4       17      511     2417      9244033292      9244035709          485407          0        500          0          0
   4       17     3165     5305      9244035735      9244041041          487850          0        500          0          0
   4       17      511     2470      9244041062      9244043532          493177          0        500          0          0
   4       17      516     1233      9244043551      9244044783          495665          0        500          0          0
   4       17      518     2450      9244044800      9244047250          496914          0        500          0          0
   4       17      511     2578      9244047275      9244049853          499390          0        500          0          0
   4       17      518     2719      9244049876      9244052596          501991          0        500          0          0
   4       17      518     2719      9244052620      9244055338          504735          0        500          0          0
   4       17      511     4382      9244055361      9244059743          507476          0        500          0          0
   4       17      517     2344      9244059766      9244062110          511880          0        500          0          0
   4       17      511     1447      9244062132      9244063579          514247          0        500          0          0
   4       17      519     2608      9244063602      9244066210          515716          0        500          0          0
   4       17      511     2551      9244066232      9244068782          518347          0        500          0          0
   4       17      520     2170      9244068808      9244070978          520923          0        500          0          0
   4       17      511     2642      9244071016      9244073658          523131          0        500          0          0
   4       17     2474     5703      9244073678      9244079382          525793          0        500          0          0
   4       17      511     3695      9244079405      9244083100          531519          0        500          0          0
   4       17      511     2915      9244083123      9244086038          535238          0        500          0          0
   4       17      511     2946      9244086068      9244089013          538183          0        500          0          0
   4       17      511     3258      9244089036      9244092294          541151          0        500          0          0
   4       17      511     3904      9244092318      9244096222          544433          0        500          0          0
   4       17      511     2731      9244096246      9244098977          548361          0        500          0          0
   4       17      511     2697      9244099061      9244101759          551176          0        500          0          0
   4       17      537     2176      9244101779      9244103956          553894          0        500          0          0
   4       17      519     1978      9244103974      9244105952          556089          0        500          0          0
   4       17      517     2599      9244105972      9244108570          558087          0        500          0          0
   4       17      518     2654      9244108595      9244111249          560710          0        500          0          0
   4       17      511     2594      9244111275      9244113868          563389          0        500          0          0
   4       17      519     2600      9244113893      9244116493          566007          0        500          0          0
   4       17     1906     2489      9244116519      9244119008          568634          0        500          0          0
   4       17      511     3510      9244119039      9244122549          571154          0        500          0          0
   4       17      517     2759      9244122571      9244125331          574686          0        500          0          0
   4       17      511     2661      9244125353      9244128014          577468          0        500          0          0
   4       17      511     2215      9244128037      9244130252          580152          0        500          0          0
   4       17     2301     3334      9244130274      9244133608          582389          0        500          0          0
   4       17      551     2237      9244133642      9244135880          585757          0        500          0          0
   4       17      516     2526      9244135897      9244138423          588012          0        500          0          0
   4       17      511     2591      9244138452      9244141043          590567          0        500          0          0
   4       17      511     2550      9244141063      9244143613          593178          0        500          0          0
   4       17      518     2299      9244143627      9244145927          595742          0        500          0          0
   4       17     2546     3691      9244145974      9244149664          598088          0        500          0          0
   4       17      517     2108      9244149689      9244151797          601804          0        500          0          0
   4       17      516     2832      9244151822      9244154654          603937          0        500          0          0
   4       17     1065     2718      9244154685      9244157403          606800          0        500          0          0
   4       17      511     2163      9244157436      9244159599          609551          0        500          0          0
   4       17      517     2698      9244159617      9244162315          611731          0        500          0          0
   4       17      511     4497      9244162333      9244166829          614447          0        500          0          0
   4       17      519     5532      9244166853      9244172384          618968          0        500          0          0
   4       17      511     2793      9244172407      9244175201          624522          0        500          0          0
   4       17      511     1626      9244175226      9244176852          627341          0        500          0          0
   4       17      517     1719      9244176872      9244178591          628987          0        500          0          0
   4       17      518     2172      9244178621      9244180792          630735          0        500          0          0
   4       17      521     2135      9244180817      9244182953          632932          0        500          0          0
   4       17      520     3169      9244182976      9244186145          635091          0        500          0          0
   4       17      511     2204      9244186168      9244188372          638282          0        500          0          0
   4       17     2369     4091      9244188428      9244192519          640543          0        500          0          0
   4       17      521     2052      9244192553      9244194605          644668          0        500          0          0
   4       17      550     2890      9244194636      9244197526          646751          0        500          0          0
   4       17      517     2730      9244197548      9244200278          649663          0        500          0          0
   4       17      511     2635      9244200298      9244202933          652413          0        500          0          0
   4       17      517     2043      9244202952      9244204996          655067          0        500          0          0
   4       17      511     3624      9244207077      9244210701          659192          0        500          0          0
   4       17      518     2162      9244210729      9244212891          662844          0        500          0          0
   4       17      519     1538      9244212913      9244214452          665028          0        500          0          0
   4       17      511     2618      9244214476      9244217095          666591          0        500          0          0
   4       17      511     2131      9244217120      9244219251          669235          0        500          0          0
   4       17      511     3289      9244219274      9244222563          671389          0        500          0          0
   4       17     2014     4211      9244222590      9244226801          674705          0        500          0          0
   4       17      517     3209      9244226825      9244230034          678940          0        500          0          0
   4       17      511     2065      9244230068      9244232133          682183          0        500          0          0
   4       17      511     1609      9244232158      9244233767          684273          0        500          0          0
   4       17      517     2648      9244233787      9244236435          685902          0        500          0          0
   4       17      511     2308      9244236466      9244238774          688580          0        500          0          0
   4       17      518     3233      9244238797      9244242030          690912          0        500          0          0
   4       17      511     2409      9244242055      9244244464          694169          0        500          0          0
   4       17     1070     2759      9244244495      9244247254          696610          0        500          0          0
   4       17      511     2256      9244247274      9244249530          699389          0        500          0          0
   4       17     1653     2782      9244249559      9244252341          701674          0        500          0          0
   4       17      511     2653      9244252365      9244255017          704479          0        500          0          0
   4       17      511     2901      9244255041      9244257942          707156          0        500          0          0
   4       17     3425     3999      9244257967      9244261967          710082          0        500          0          0
   4       17      511     1478      9244262012      9244263491          714127          0        500          0          0
   4       17      517     2445      9244263508      9244265953          715623          0        500          0          0
   4       17      519     2750      9244265983      9244268733          718098          0        500          0          0
   4       17      517     2281      9244268750      9244271031          720864          0        500          0          0
   4       17      511     2755      9244271060      9244273815          723175          0        500          0          0
   4       17     4470     6752      9244273860      9244280611          725975          0        500          0          0
   4       17      519     1760      9244280644      9244282403          732758          0        500          0          0
   4       17     1298     1863      9244282446      9244284309          734561          0        500          0          0
   4       17     1927     4172      9244284328      9244288500          736443          0        500          0          0
   4       17      517     2696      9244288521      9244291218          740636          0        500          0          0
   4       17      511     2815      9244291241      9244294056          743356          0        500          0          0
   4       17      511     2520      9244294080      9244296600          746194          0        500          0          0
   4       17      522     1661      9244296633      9244298294          748748          0        500          0          0
   4       17      511     2718      9244298327      9244301045          750442          0        500          0          0
   4       17      511     2616      9244301066      9244303682          753181          0        500          0          0
   4       17      516     1715      9244303719      9244305434          755834          0        500          0          0
   4       17     1900     3285      9244305454      9244308739          757569          0        500          0          0
   4       17     3509     4077      9244308762      9244312839          760877          0        500          0          0
   4       17      518     2051      9244312870      9244314921          764985          0        500          0          0
   4       17      519     3579      9244314947      9244318526          767062          0        500          0          0
   4       17      522     1655      9244318567      9244320222          770682          0        500          0          0
   4       17      511     3008      9244320239      9244323247          772354          0        500          0          0
   4       17      511     2178      9244323278      9244325456          775393          0        500          0          0
   4       17     2185     4326      9244325482      9244329808          777596          0        500          0          0
   4       17      518     2655      9244329839      9244332494          781953          0        500          0          0
   4       17      518     2707      9244332514      9244335222          784629          0        500          0          0
   4       17      511     2397      9244335243      9244337640          787357          0        500          0          0
   4       17      517     2675      9244337654      9244340329          789769          0        500          0          0
   4       17      511     1308      9244340351      9244341659          792466          0        500          0          0
   4       17      518     2608      9244341675      9244344283          793790          0        500          0          0
   4       17      511     3801      9244344302      9244348103          796417          0        500          0          0
   4       17      511     2166      9244348120      9244350285          800234          0        500          0          0
   4       17      511     2185      9244350303      9244352488          802418          0        500          0          0
   4       17      517     2690      9244352508      9244355198          804623          0        500          0          0
   4       17      511     1350      9244355216      9244356565          807330          0        500          0          0
   4       17     1372     3575      9244356581      9244360157          808696          0        500          0          0
   4       17      511     2136      9244360177      9244362314          812292          0        500          0          0
   4       17      511     2133      9244362329      9244364462          814444          0        500          0          0
   4       17      511     2129      9244364480      9244366609          816595          0        500          0          0
   4       17      516     1920      9244366624      9244368544          818739          0        500          0          0
   4       17      518     1302      9244368594      9244369896          820709          0        500          0          0
   4       17      516     2146      9244369912      9244372057          822026          0        500          0          0
   4       17      511     2127      9244372073      9244374200          824187          0        500          0          0
   4       17      511     1582      9244374215      9244375797          826330          0        500          0          0
   4       17      517     2124      9244375814      9244377937          827929          0        500          0          0
   4       17      517     2662      9244377951      9244380612          830065          0        500          0          0
   4       17      517     2128      9244380626      9244382754          832741          0        500          0          0
   4       17      517     2665      9244382770      9244385434          834884          0        500          0          0
   4       17      511     2662      9244385450      9244388112          837565          0        500          0          0
   4       17      511     1883      9244388126      9244390009          840241          0        500          0          0
   4       17      511     1587      9244390024      9244391610          842138          0        500          0          0
   4       17      516     1614      9244391624      9244393238          843739          0        500          0          0
   4       17     1612     2176      9244393252      9244395428          845367          0        500          0          0
   4       17      511     1808      9244395443      9244397251          847558          0        500          0          0
   4       17      511     2127      9244397267      9244399394          849382          0        500          0          0
   4       17      511     1584      9244399413      9244400997          851528          0        500          0          0
   4       17      511     2128      9244401021      9244403150          853136          0        500          0          0
   4       17      511     2124      9244403167      9244405290          855282          0        500          0          0
   4       17      511     2128      9244405305      9244407433          857420          0        500          0          0
   4       17      511     1593      9244407449      9244409042          859563          0        500          0          0
   4       17      511     2124      9244409056      9244411179          861170          0        500          0          0
   4       17      511     1884      9244411193      9244413077          863307          0        500          0          0
   4       17      511     1824      9244413090      9244414915          865205          0        500          0          0
   4       17      517     2132      9244414928      9244417060          867043          0        500          0          0
   4       17      511     2123      9244417075      9244419198          869190          0        500          0          0
   4       17      511     1584      9244419211      9244420795          871326          0        500          0          0
   4       17      517     2164      9244420809      9244422974          872924          0        500          0          0
   4       17      517     2176      9244422988      9244425164          875103          0        500          0          0
   4       17      511     1627      9244425180      9244426807          877295          0        500          0          0
   4       17      518     2181      9244426842      9244429023          878957          0        500          0          0
   4       17      511     3542      9244429039      9244432581          881154          0        500          0          0
   4       17      517     1826      9244432596      9244434422          884710          0        500          0          0
   4       17      511     2665      9244434436      9244437100          886550          0        500          0          0
   4       17      511     2128      9244437146      9244439275          889261          0        500          0          0
   4       17      511     1250      9244439289      9244440539          891403          0        500          0          0
   4       17      517     1929      9244440551      9244442480          892666          0        500          0          0
   4       17      516     2122      9244442494      9244444615          894609          0        500          0          0
   4       17      517     2125      9244444628      9244446753          896743          0        500          0          0
   4       17      517     1592      9244446767      9244448359          898882          0        500          0          0
   4       17      511     3194      9244448372      9244451566          900487          0        500          0          0
   4       17      517     1594      9244451582      9244453176          903697          0        500          0          0
   4       17      511     1586      9244453189      9244454775          905304          0        500          0          0
   4       17      516     2120      9244454789      9244456909          906904          0        500          0          0
   4       17      516     2130      9244456922      9244459051          909037          0        500          0          0
   4       17      511     1583      9244459066      9244460649          911180          0        500          0          0
   4       17      518     2124      9244460661      9244462786          912776          0        500          0          0
   4       17     1393     2670      9244462800      9244465470          914914          0        500          0          0
   4       17      511     1616      9244465484      9244467100          917599          0        500          0          0
   4       17      511     2127      9244467115      9244469241          919229          0        500          0          0
   4       17      511     2123      9244469255      9244471377          921369          0        500          0          0
   4       17      511     1583      9244471391      9244472974          923506          0        500          0          0
   4       17      517     2020      9244472988      9244475008          925103          0        500          0          0
   4       17      511     2230      9244475022      9244477253          927137          0        500          0          0
   4       17      511     1583      9244477265      9244478849          929380          0        500          0          0
   4       17      517     2122      9244478863      9244480984          930977          0        500          0          0
   4       17      516     2127      9244480998      9244483125          933113          0        500          0          0
   4       17      511     2120      9244483139      9244485259          935254          0        500          0          0
   4       17      511     1586      9244485272      9244486859          937387          0        500          0          0
   4       17     1588     3731      9244486872      9244490603          938987          0        500          0          0
   4       17      516     3257      9244490618      9244493875          942733          0        500          0          0
   4       17      517     2138      9244493890      9244496029          946005          0        500          0          0
   4       17      511     3725      9244496043      9244499768          948158          0        500          0          0
   4       17      517     1757      9244499783      9244501540          951898          0        500          0          0
   4       17      517     1081      9244501553      9244502634          953668          0        500          0          0
   4       17      516     1963      9244502647      9244504610          954762          0        500          0          0
   4       17      517     2385      9244504623      9244507009          956738          0        500          0          0
   4       17     1052     1902      9244507042      9244508943          959156          0        500          0          0
   4       17      516     2133      9244508957      9244511090          961072          0        500          0          0
   4       17      511     1584      9244511104      9244512688          963219          0        500          0          0
   4       17     2116     3510      9244512700      9244516211          964815          0        500          0          0
   4       17      511     1072      9244516225      9244517297          968340          0        500          0          0
   4       17      511     2332      9244517310      9244519642          969425          0        500          0          0
   4       17      517     2120      9244519656      9244521776          971771          0        500          0          0
   4       17      517     2124      9244521790      9244523913          973904          0        500          0          0
   4       17      516     1587      9244523927      9244525514          976042          0        500          0          0
   4       17     2660     3182      9244525527      9244528709          977642          0        500          0          0
   4       17      516     1640      9244528724      9244530364          980839          0        500          0          0
   4       17      511     1641      9244530380      9244532021          982495          0        500          0          0
   4       17      511     2128      9244532036      9244534164          984151          0        500          0          0
   4       17      511     2119      9244534178      9244536297          986293          0        500          0          0
   4       17      511     1764      9244536311      9244538075          988426          0        500          0          0
   4       17      511     1948      9244538089      9244540037          990203          0        500          0          0
   4       17      511     2120      9244540050      9244542170          992165          0        500          0          0
   4       17      511     1582      9244542183      9244543765          994298          0        500          0          0
   4       17      516     2120      9244543779      9244545899          995894          0        500          0          0
   4       17      516     2127      9244545912      9244548039          998027          0        500          0          0
   4       17      511     1587      9244548053      9244549640         1000168          0        500          0          0
   4       17     2117     4259      9244549653      9244553911         1001767          0        500          0          0
   4       17      516     3195      9244553926      9244557121         1006040          0        500          0          0
   4       17      511     1873      9244557134      9244559008         1009249          0        500          0          0
   4       17      511     1836      9244559022      9244560858         1011137          0        500          0          0
   4       17      516     1587      9244560871      9244562458         1012986          0        500          0          0
   4       17      511     2224      9244562472      9244564696         1014587          0        500          0          0
   4       17      516     2147      9244564741      9244566888         1016856          0        500          0          0
   4       17      516     2143      9244566926      9244569070         1019041          0        500          0          0
   4       17      511     1584      9244569084      9244570667         1021198          0        500          0          0
   4       17     1587     4260      9244570681      9244574941         1022795          0        500          0          0
   4       17      517     2706      9244574955      9244577661         1027070          0        500          0          0
   4       17      516     3192      9244577697      9244580889         1029812          0        500          0          0
   4       17      517     2085      9244580924      9244583009         1033039          0        500          0          0
   4       17      511     1585      9244583023      9244584608         1035137          0        500          0          0
   4       17      517     1665      9244584621      9244586285         1036736          0        500          0          0
   4       17      511     2121      9244586299      9244588420         1038414          0        500          0          0
   4       17      511     2119      9244588434      9244590553         1040549          0        500          0          0
   4       17      517     2121      9244590566      9244592687         1042681          0        500          0          0
   4       17      517     1841      9244592700      9244594541         1044815          0        500          0          0
   4       17      519     1351      9244594554      9244595906         1046669          0        500          0          0
   4       17      516     2094      9244595919      9244598013         1048034          0        500          0          0
   4       17      511     1713      9244598032      9244599745         1050147          0        500          0          0
   4       17     2176     3272      9244599765      9244603037         1051880          0        500          0          0
   4       17      511     1609      9244603067      9244604676         1055182          0        500          0          0
   4       17      516     2812      9244604729      9244607540         1056843          0        500          0          0
   4       17      517     3997      9244607554      9244611551         1059669          0        500          0          0
   4       17      517     3119      9244611565      9244614683         1063679          0        500          0          0
   4       17      516     2126      9244614696      9244616822         1066811          0        500          0          0
   4       17      518     2132      9244616837      9244618969         1068952          0        500          0          0
   4       17      516     1592      9244618984      9244620575         1071099          0        500          0          0
   4       17      517     5426      9244620588      9244626014         1072703          0        500          0          0
   4       17      533     2227      9244626041      9244628268         1078156          0        500          0          0
   4       17      511     2144      9244628286      9244630430         1080401          0        500          0          0
   4       17      511     2136      9244630447      9244632583         1082562          0        500          0          0
   4       17      517     3736      9244632599      9244636335         1084714          0        500          0          0
   4       17      511     4518      9244636351      9244640869         1088466          0        500          0          0
   4       17      517     1631      9244640908      9244642539         1093023          0        500          0          0
   4       17      516     1644      9244642554      9244644198         1094669          0        500          0          0
   4       17      511     2367      9244644211      9244646578         1096326          0        500          0          0
   4       17      519     2149      9244646597      9244648745         1098712          0        500          0          0
   4       17      519     2131      9244648759      9244650890         1100874          0        500          0          0
   4       17      516     2673      9244650904      9244653577         1103019          0        500          0          0
   4       17      518     4981      9244653597      9244658578         1105712          0        500          0          0
   4       17     1605     2685      9244658598      9244661282         1110712          0        500          0          0
   4       17      511     1590      9244661300      9244662889         1113414          0        500          0          0
   4       17      517     2200      9244662945      9244665146         1115060          0        500          0          0
   4       17      511     2154      9244665164      9244667318         1117279          0        500          0          0
   4       17      511     1592      9244667334      9244668926         1119449          0        500          0          0
   4       17      517     3039      9244668940      9244671979         1121055          0        500          0          0
   4       17      511     2756      9244672024      9244674780         1124138          0        500          0          0
   4       17      517     2137      9244674826      9244676962         1126941          0        500          0          0
   4       17      517     2746      9244676978      9244679724         1129092          0        500          0          0
   4       17     1174     2434      9244679754      9244682188         1131869          0        500          0          0
   4       17      511     2818      9244682210      9244685028         1134325          0        500          0          0
   4       17      511     2139      9244685050      9244687189         1137165          0        500          0          0
   4       17      511     2828      9244687206      9244690034         1139321          0        500          0          0
   4       17      511     2782      9244690061      9244692843         1142176          0        500          0          0
   4       17      517     3659      9244692863      9244696522         1144977          0        500          0          0
   4       17      517     2025      9244696543      9244698568         1148658          0        500          0          0
   4       17      517     2634      9244698614      9244701249         1150729          0        500          0          0
   4       17      511     2475      9244701268      9244703743         1153383          0        500          0          0
   4       17      519     2583      9244703765      9244706348         1155880          0        500          0          0
   4       17      511     2639      9244706367      9244709006         1158482          0        500          0          0
   4       17      511     4544      9244709023      9244713567         1161137          0        500          0          0
   4       17      544     2630      9244713597      9244716227         1165711          0        500          0          0
   4       17      511     2277      9244716247      9244718525         1168362          0        500          0          0
   4       17      517     2488      9244718544      9244721032         1170659          0        500          0          0
   4       17      511     2499      9244721057      9244723555         1173172          0        500          0          0
   4       17      518     2003      9244723577      9244725580         1175692          0        500          0          0
   4       17      518     1829      9244725598      9244727427         1177713          0        500          0          0
   4       17      511     3231      9244727444      9244730675         1179559          0        500          0          0
   4       17     2109     4840      9244730694      9244735535         1182809          0        500          0          0
   4       17      516     2627      9244735555      9244738182         1187670          0        500          0          0
   4       17      511     4379      9244738202      9244742580         1190316          0        500          0          0
   4       17      525     2254      9244742617      9244744872         1194732          0        500          0          0
   4       17      518     2789      9244744902      9244747691         1197017          0        500          0          0
   4       17      517     2082      9244747715      9244749798         1199830          0        500          0          0
   4       17      517     2718      9244749845      9244752563         1201960          0        500          0          0
   4       17      517     2162      9244752609      9244754771         1204724          0        500          0          0
   4       17      517     2490      9244754786      9244757276         1206901          0        500          0          0
   4       17      511     2717      9244757297      9244760014         1209412          0        500          0          0
   4       17      511     2314      9244760040      9244762353         1212154          0        500          0          0
   4       17     1297     2223      9244762388      9244764611         1214502          0        500          0          0
   4       17      517     2794      9244764628      9244767423         1216743          0        500          0          0
   4       17      511     2585      9244767450      9244770036         1219565          0        500          0          0
   4       17      511     2405      9244770061      9244772465         1222175          0        500          0          0
   4       17      520     2829      9244772492      9244775321         1224607          0        500          0          0
   4       17      511     2618      9244775343      9244777961         1227458          0        500          0          0
   4       17      518     2195      9244777989      9244780184         1230104          0        500          0          0
   4       17      511     2609      9244780210      9244782819         1232325          0        500          0          0
   4       17     2168     4390      9244782843      9244787233         1234958          0        500          0          0
   4       17      511     1757      9244787257      9244789014         1239372          0        500          0          0
   4       17      511     2083      9244789030      9244791113         1241145          0        500          0          0
   4       17      511     2554      9244791136      9244793691         1243251          0        500          0          0
   4       17      518     2813      9244793712      9244796526         1245827          0        500          0          0
   4       17      516     2150      9244796546      9244798696         1248661          0        500          0          0
   4       17      517     2793      9244798712      9244801504         1250826          0        500          0          0
   4       17     2289     3566      9244801523      9244805089         1253638          0        500          0          0
   4       17      511     1659      9244805108      9244806767         1257223          0        500          0          0
   4       17      517     2634      9244806786      9244809420         1258901          0        500          0          0
   4       17      511     2318      9244809442      9244811760         1261557          0        500          0          0
   4       17      518     2583      9244811783      9244814366         1263898          0        500          0          0
   4       17      511     2598      9244814384      9244816982         1266499          0        500          0          0
   4       17     2703     5013      9244817006      9244822019         1269121          0        500          0          0
   4       17      511     1668      9244822042      9244823710         1274157          0        500          0          0
   4       17     1600     2726      9244823726      9244826452         1275840          0        500          0          0
   4       17      511     2148      9244826473      9244828621         1278588          0        500          0          0
   4       17      520     2683      9244828639      9244831322         1280754          0        500          0          0
   4       17      511     2140      9244831341      9244833481         1283456          0        500          0          0
   4       17      517     2126      9244833498      9244835624         1285613          0        500          0          0
   4       17      516     1592      9244835638      9244837230         1287753          0        500          0          0
   4       17      511     2148      9244837279      9244839427         1289394          0        500          0          0
   4       17      511     2691      9244839444      9244842135         1291559          0        500          0          0
   4       17      511     1859      9244842150      9244844008         1294264          0        500          0          0
   4       17      511     1586      9244844025      9244845611         1296140          0        500          0          0
   4       17      517     1330      9244845628      9244846958         1297742          0        500          0          0
   4       17      516     2139      9244846972      9244849111         1299087          0        500          0          0
   4       17      511     2125      9244849125      9244851250         1301240          0        500          0          0
   4       17      511     2129      9244851265      9244853394         1303380          0        500          0          0
   4       17      511     2125      9244853409      9244855533         1305523          0        500          0          0
   4       17      516     1592      9244855548      9244857141         1307663          0        500          0          0
   4       17      511     2127      9244857158      9244859284         1309272          0        500          0          0
   4       17      511     2124      9244859298      9244861423         1311413          0        500          0          0
   4       17      511     2124      9244861438      9244863562         1313553          0        500          0          0
   4       17      517     1592      9244863575      9244865167         1315690          0        500          0          0
   4       17      511     2132      9244865183      9244867315         1317297          0        500          0          0
   4       17      511     2131      9244867330      9244869461         1319445          0        500          0          0
   4       17      511     1598      9244869476      9244871074         1321591          0        500          0          0
   4       17      511     2138      9244871089      9244873227         1323204          0        500          0          0
   4       17      511     2128      9244873242      9244875370         1325357          0        500          0          0
   4       17      511     1586      9244875384      9244876970         1327499          0        500          0          0
   4       17      517     4264      9244876986      9244881250         1329101          0        500          0          0
   4       17      511     2121      9244881264      9244883385         1333379          0        500          0          0
   4       17      511     2124      9244883401      9244885525         1335516          0        500          0          0
   4       17      517     2681      9244885539      9244888220         1337654          0        500          0          0
   4       17      511     1270      9244888235      9244889504         1340350          0        500          0          0
   4       17      517     1940      9244889520      9244891460         1341634          0        500          0          0
   4       17      511     2132      9244891475      9244893607         1343589          0        500          0          0
   4       17      518     1597      9244893620      9244895217         1345735          0        500          0          0
   4       17      511     2744      9244895233      9244897977         1347348          0        500          0          0
   4       17      511     1593      9244898008      9244899601         1350123          0        500          0          0
   4       17     3740     5351      9244899615      9244904966         1351730          0        500          0          0
   4       17      519     2135      9244904989      9244907124         1357104          0        500          0          0
   4       17      511     2146      9244907138      9244909284         1359253          0        500          0          0
   4       17      511     1992      9244909332      9244911323         1361447          0        500          0          0
   4       17      511     1072      9244911340      9244912412         1363455          0        500          0          0
   4       17      511     1746      9244912425      9244914170         1364539          0        500          0          0
   4       17      511     2152      9244914185      9244916337         1366300          0        500          0          0
   4       17      511     2122      9244916353      9244918475         1368468          0        500          0          0
   4       17      517     2152      9244918490      9244920642         1370605          0        500          0          0
   4       17     3586     4154      9244920657      9244924811         1372771          0        500          0          0
   4       17      516     3168      9244924827      9244927995         1376942          0        500          0          0
   4       17      511     1768      9244928019      9244929787         1380134          0        500          0          0
   4       17      517     1595      9244929802      9244931396         1381917          0        500          0          0
   4       17      511     2155      9244931412      9244933566         1383526          0        500          0          0
   4       17      516     2120      9244933581      9244935701         1385696          0        500          0          0
   4       17      518     2130      9244935714      9244937844         1387829          0        500          0          0
   4       17      517     2127      9244937860      9244939987         1389974          0        500          0          0
   4       17      511     1582      9244940005      9244941588         1392120          0        500          0          0
   4       17     2125     3737      9244941603      9244945340         1393718          0        500          0          0
   4       17      511     1722      9244945355      9244947077         1397470          0        500          0          0
   4       17      511     1998      9244947092      9244949090         1399207          0        500          0          0
   4       17      511     2126      9244949105      9244951231         1401220          0        500          0          0
   4       17      511     2665      9244951249      9244953913         1403363          0        500          0          0
   4       17      518     2136      9244953928      9244956064         1406043          0        500          0          0
   4       17      511     2003      9244956081      9244958084         1408196          0        500          0          0
   4       17      511     2293      9244958100      9244960392         1410214          0        500          0          0
   4       17      511     2162      9244960410      9244962572         1412525          0        500          0          0
   4       17      517     2135      9244962587      9244964722         1414702          0        500          0          0
   4       17      517     1591      9244964738      9244966329         1416853          0        500          0          0
   4       17      511     2191      9244966343      9244968534         1418458          0        500          0          0
   4       17      518     1595      9244968553      9244970148         1420668          0        500          0          0
   4       17      511     2122      9244970162      9244972283         1422276          0        500          0          0
   4       17      511     2123      9244972298      9244974420         1424412          0        500          0          0
   4       17      511     2121      9244974434      9244976555         1426549          0        500          0          0
   4       17      516     1588      9244976570      9244978158         1428684          0        500          0          0
   4       17      511     2127      9244978171      9244980298         1430286          0        500          0          0
   4       17      511     2132      9244980346      9244982478         1432461          0        500          0          0
   4       17      516     2152      9244982494      9244984645         1434608          0        500          0          0
   4       17      518     1887      9244984661      9244986548         1436776          0        500          0          0
   4       17     1874     4021      9244986563      9244990584         1438678          0        500          0          0
   4       17      516     3197      9244990602      9244993799         1442717          0        500          0          0
   4       17      517     2662      9244993814      9244996475         1445928          0        500          0          0
   4       17      519     2050      9244996492      9244998542         1448607          0        500          0          0
   4       17      518     1686      9244998557      9245000243         1450672          0        500          0          0
   4       17      511     2661      9245000259      9245002920         1452374          0        500          0          0
   4       17      516     2129      9245002936      9245005064         1455050          0        500          0          0
   4       17      511     2123      9245005080      9245007204         1457195          0        500          0          0
   4       17      511     2124      9245007217      9245009342         1459332          0        500          0          0
   4       17      511     3727      9245009356      9245013083         1461471          0        500          0          0
   4       17      511     2118      9245013100      9245015218         1465215          0        500          0          0
   4       17      511     2120      9245015231      9245017351         1467346          0        500          0          0
   4       17      511     3644      9245017366      9245021010         1469481          0        500          0          0
   4       17      511     1083      9245021026      9245022110         1473141          0        500          0          0
   4       17      511     1079      9245022124      9245023203         1474239          0        500          0          0
   4       17     1052     2805      9245023218      9245026023         1475333          0        500          0          0
   4       17     1604     3223      9245026040      9245029264         1478155          0        500          0          0
   4       17      511     2203      9245029281      9245031484         1481396          0        500          0          0
   4       17      517     2667      9245031503      9245034170         1483618          0        500          0          0
   4       17      511     1607      9245034189      9245035796         1486304          0        500          0          0
   4       17      516     1580      9245035811      9245037391         1487926          0        500          0          0
   4       17      511     2159      9245037407      9245039566         1489521          0        500          0          0
   4       17      517     1611      9245039603      9245041215         1491718          0        500          0          0
   4       17      511     2168      9245041231      9245043399         1493346          0        500          0          0
   4       17      511     2154      9245043416      9245045570         1495531          0        500          0          0
   4       17     3727     4292      9245045586      9245049878         1497701          0        500          0          0
   4       17      516     3226      9245049893      9245053119         1502008          0        500          0          0
   4       17      511     2193      9245053138      9245055331         1505253          0        500          0          0
   4       17      511     2166      9245055347      9245057513         1507462          0        500          0          0
   4       17      517     2123      9245057529      9245059651         1509643          0        500          0          0
   4       17      517     2160      9245059703      9245061863         1511818          0        500          0          0
   4       17      517     3234      9245061901      9245065135         1514016          0        500          0          0
   4       17      511     2131      9245065154      9245067284         1517269          0        500          0          0
   4       17      511     1708      9245067301      9245069009         1519416          0        500          0          0
   4       17      511     1585      9245069023      9245070608         1521138          0        500          0          0
   4       17      517     2009      9245070622      9245072632         1522737          0        500          0          0
   4       17      516     2122      9245072645      9245074767         1524760          0        500          0          0
   4       17      516     2121      9245074782      9245076903         1526897          0        500          0          0
   4       17      516     1597      9245076917      9245078514         1529032          0        500          0          0
   4       17     2180     3271      9245078530      9245081801         1530645          0        500          0          0
   4       17      516     2177      9245081840      9245084017         1533955          0        500          0          0
   4       17      511     5116      9245084035      9245089151         1536150          0        500          0          0
   4       17      560     2743      9245089169      9245091912         1541283          0        500          0          0
   4       17      535     2169      9245091926      9245094095         1544041          0        500          0          0
   4       17      511     2137      9245094110      9245096247         1546225          0        500          0          0
   4       17      511     1591      9245096263      9245097853         1548377          0        500          0          0
   4       17      518     2866      9245097868      9245100734         1549982          0        500          0          0
   4       17      517     2735      9245100758      9245103493         1552873          0        500          0          0
   4       17      516     3511      9245103506      9245107016         1555621          0        500          0          0
   4       17      533     1667      9245107040      9245108706         1559155          0        500          0          0
   4       17     1544     2622      9245108723      9245111345         1560837          0        500          0          0
   4       17      511     2153      9245111361      9245113514         1563476          0        500          0          0
   4       17      516     4021      9245113529      9245117550         1565644          0        500          0          0
   4       17      517     4292      9245117567      9245121859         1569682          0        500          0          0
   4       17      516     3224      9245121875      9245125100         1573990          0        500          0          0
   4       17      511     1078      9245125116      9245126194         1577230          0        500          0          0
   4       17      511     1573      9245126207      9245127780         1578322          0        500          0          0
   4       17      517     2924      9245127796      9245130720         1579911          0        500          0          0
   4       17     6257     6903      9245130773      9245137676         1582888          0        500          0          0
   4       17      516     2133      9245137699      9245139831         1589813          0        500          0          0
   4       17      516     2714      9245139848      9245142562         1591963          0        500          0          0
   4       17      517     2150      9245142605      9245144755         1594720          0        500          0          0
   4       17      516     2155      9245144789      9245146944         1596904          0        500          0          0
   4       17      511     2368      9245147026      9245149395         1599141          0        500          0          0
   4       17      511     2178      9245149417      9245151596         1601532          0        500          0          0
   4       17      517     3089      9245151616      9245154705         1603731          0        500          0          0
   4       17      517     2371      9245154730      9245157102         1606845          0        500          0          0
   4       17      511     2628      9245157125      9245159754         1609240          0        500          0          0
   4       17     2365     6501      9245159783      9245166284         1611898          0        500          0          0
   4       17      511     2597      9245166315      9245168912         1618430          0        500          0          0
   4       17      519     1631      9245168930      9245170561         1621044          0        500          0          0
   4       17      519     2075      9245170584      9245172660         1622699          0        500          0          0
   4       17      517     2337      9245172674      9245175011         1624789          0        500          0          0
   4       17      511     2441      9245175028      9245177469         1627143          0        500          0          0
   4       17      518     2361      9245177496      9245179857         1629611          0        500          0          0
   4       17      518     2214      9245179873      9245182087         1631988          0        500          0          0
   4       17      511     3170      9245182114      9245185283         1634228          0        500          0          0
   4       17      511     2090      9245185303      9245187393         1637418          0        500          0          0
   4       17      511     2661      9245187419      9245190080         1639534          0        500          0          0
   4       17      511     2562      9245190107      9245192668         1642221          0        500          0          0
   4       17     2040     4032      9245192726      9245196758         1644841          0        500          0          0
   4       17      520     2161      9245196788      9245198948         1648903          0        500          0          0
   4       17      519     2064      9245198966      9245201030         1651081          0        500          0          0
   4       17     2392     7740      9245201053      9245208793         1653168          0        500          0          0
   4       17      520     1099      9245208817      9245209916         1660932          0        500          0          0
   4       17      516     2705      9245209934      9245212639         1662049          0        500          0          0
   4       17      516     3351      9245212662      9245216012         1664777          0        500          0          0
   4       17      511     3097      9245216034      9245219131         1668149          0        500          0          0
   4       17      511     4246      9245219149      9245223395         1671264          0        500          0          0
   4       17      511     2645      9245223426      9245226070         1675540          0        500          0          0
   4       17      511     2608      9245226096      9245228704         1678211          0        500          0          0
   4       17      518     2708      9245228729      9245231437         1680844          0        500          0          0
   4       17     1654     2874      9245231462      9245234337         1683577          0        500          0          0
   4       17     1663     3928      9245234360      9245238288         1686475          0        500          0          0
   4       17      511     1511      9245238314      9245239825         1690429          0        500          0          0
   4       17      519     3180      9245239850      9245243030         1691965          0        500          0          0
   4       17      511     2157      9245243079      9245245236         1695194          0        500          0          0
   4       17      511     2591      9245245251      9245247841         1697365          0        500          0          0
   4       17      519     2594      9245247868      9245250462         1699983          0        500          0          0
   4       17      511     3955      9245250481      9245254436         1702596          0        500          0          0
   4       17     1115     3962      9245254476      9245258438         1706591          0        500          0          0
   4       17      511     2742      9245258461      9245261202         1710575          0        500          0          0
   4       17      511     2176      9245261226      9245263402         1713341          0        500          0          0
   4       17      511     2688      9245263422      9245266110         1715537          0        500          0          0
   4       17      511     1633      9245266132      9245267765         1718247          0        500          0          0
   4       17      520     1756      9245267789      9245269545         1719903          0        500          0          0
   4       17      518     3214      9245269572      9245272786         1721687          0        500          0          0
   4       17     2494     4578      9245272806      9245277384         1724921          0        500          0          0
   4       17      511     1634      9245277405      9245279039         1729520          0        500          0          0
   4       17      511     2701      9245279057      9245281758         1731172          0        500          0          0
   4       17      517     2239      9245281774      9245284013         1733889          0        500          0          0
   4       17      511     2184      9245284032      9245286216         1736147          0        500          0          0
   4       17      511     2524      9245286239      9245288763         1738354          0        500          0          0
   4       17     5379     7245      9245288787      9245296032         1740902          0        500          0          0
   4       17      511     2549      9245296065      9245298614         1748180          0        500          0          0
   4       17      517     1096      9245298640      9245299735         1750754          0        500          0          0
   4       17      517     1674      9245299751      9245301425         1751866          0        500          0          0
   4       17      511     2493      9245301449      9245303942         1753564          0        500          0          0
   4       17      519     2922      9245303966      9245306888         1756080          0        500          0          0
   4       17      519     2615      9245306915      9245309531         1759030          0        500          0          0
   4       17      517     2578      9245309546      9245312124         1761661          0        500          0          0
   4       17      511     3696      9245312145      9245315840         1764259          0        500          0          0
   4       17      516     2158      9245315885      9245318043         1767999          0        500          0          0
   4       17      511     2496      9245318061      9245320557         1770176          0        500          0          0
   4       17      517     2063      9245320579      9245322642         1772693          0        500          0          0
   4       17      516     2720      9245322665      9245325385         1774780          0        500          0          0
   4       17      511     2222      9245325407      9245327629         1777522          0        500          0          0
   4       17     4479     5062      9245327651      9245332713         1779766          0        500          0          0
   4       17      519     2103      9245332736      9245334839         1784851          0        500          0          0
   4       17      518     1640      9245334887      9245336527         1787002          0        500          0          0
   4       17      517     3429      9245336544      9245339973         1788659          0        500          0          0
   4       17      511     2181      9245340011      9245342192         1792126          0        500          0          0
   4       17      511     2266      9245342209      9245344475         1794324          0        500          0          0
   4       17      518     2599      9245344501      9245347100         1796616          0        500          0          0
   4       17     2459     5153      9245347126      9245352279         1799241          0        500          0          0
   4       17      511     2676      9245352313      9245354990         1804428          0        500          0          0
   4       17      511     2684      9245355024      9245357708         1807139          0        500          0          0
   4       17      522     2368      9245357738      9245360106         1809853          0        500          0          0
   4       17      511     1651      9245360133      9245361784         1812248          0        500          0          0
   4       17      519     2224      9245361807      9245364031         1813922          0        500          0          0
   4       17     2934     4977      9245364054      9245369031         1816169          0        500          0          0
   4       17      511     1659      9245369060      9245370719         1821175          0        500          0          0
   4       17      518     2644      9245370740      9245373384         1822854          0        500          0          0
   4       17      511     2420      9245373402      9245375822         1825516          0        500          0          0
   4       17      519     2717      9245375850      9245378566         1827965          0        500          0          0
   4       17      516     2572      9245378610      9245381182         1830725          0        500          0          0
   4       17      511     6044      9245381201      9245387246         1833316          0        500          0          0
   4       17      511     1541      9245387270      9245388811         1839385          0        500          0          0
   4       17      520     3309      9245388835      9245392144         1840950          0        500          0          0
   4       17      511     2227      9245392166      9245394393         1844281          0        500          0          0
   4       17      511     1580      9245394418      9245395998         1846533          0        500          0          0
   4       17      511     2697      9245396035      9245398732         1848150          0        500          0          0
   4       17      517     2202      9245398749      9245400951         1850864          0        500          0          0
   4       17      511     2562      9245401412      9245403974         1853527          0        500          0          0
   4       17      511     2687      9245404009      9245406696         1856123          0        500          0          0
   4       17     2556     4367      9245406727      9245411094         1858842          0        500          0          0
   4       17      511     1075      9245411115      9245412190         1863230          0        500          0          0
   4       17      511     2323      9245412206      9245414529         1864321          0        500          0          0
   4       17     2188     3203      9245414556      9245417759         1866671          0        500          0          0
   4       17      520     2710      9245417779      9245420488         1869894          0        500          0          0
   4       17      516     2209      9245420511      9245422721         1872626          0        500          0          0
   4       17     3110     4791      9245422744      9245427535         1874859          0        500          0          0
   4       17      517     2730      9245427603      9245430333         1879718          0        500          0          0
   4       17      511     3331      9245430355      9245433686         1882470          0        500          0          0
   4       17      519     2118      9245433710      9245435828         1885825          0        500          0          0
   4       17      546     1666      9245435856      9245437522         1887971          0        500          0          0
   4       17      517     3123      9245437540      9245440664         1889655          0        500          0          0
   4       17      542     2186      9245440693      9245442878         1892807          0        500          0          0
   4       17      516     2668      9245442894      9245445562         1895009          0        500          0          0
   4       17      516     2137      9245445579      9245447716         1897694          0        500          0          0
   4       17     3252     4545      9245447734      9245452279         1899849          0        500          0          0
   4       17      511     1646      9245452316      9245453962         1904431          0        500          0          0
   4       17      518     3010      9245453979      9245456988         1906094          0        500          0          0
   4       17     3085     3987      9245457024      9245461010         1909138          0        500          0          0
   4       17      511     1826      9245461034      9245462860         1913149          0        500          0          0
   4       17      516     2422      9245462882      9245465304         1914997          0        500          0          0
   4       17     2455     5423      9245465329      9245470752         1917444          0        500          0          0
   4       17      519     3149      9245470787      9245473936         1922902          0        500          0          0
   4       17      519     2036      9245473954      9245475990         1926068          0        500          0          0
   4       17      511     1245      9245476022      9245477267         1928136          0        500          0          0
   4       17      511     2105      9245477283      9245479388         1929397          0        500          0          0
   4       17      511     1982      9245479403      9245481385         1931518          0        500          0          0
   4       17     2197     3845      9245481411      9245485256         1933526          0        500          0          0
   4       17      511     2665      9245485283      9245487947         1937397          0        500          0          0
   4       17      517     2666      9245487963      9245490629         1940078          0        500          0          0
   4       17      518     2134      9245490649      9245492783         1942764          0        500          0          0
   4       17      517     2132      9245492799      9245494931         1944913          0        500          0          0
   4       17      516     2210      9245494949      9245497159         1947064          0        500          0          0
   4       17      511     2140      9245497180      9245499320         1949295          0        500          0          0
   4       17      511     2692      9245499339      9245502030         1951453          0        500          0          0
   4       17      511     2661      9245502048      9245504709         1954163          0        500          0          0
   4       17      518     2146      9245504727      9245506873         1956842          0        500          0          0
   4       17      517     1588      9245506889      9245508477         1959004          0        500          0          0
   4       17      516     2122      9245508495      9245510617         1960610          0        500          0          0
   4       17      517     2124      9245510630      9245512754         1962745          0        500          0          0
   4       17      517     2148      9245512828      9245514975         1964943          0        500          0          0
   4       17      511     1585      9245515010      9245516595         1967125          0        500          0          0
   4       17      517     2127      9245516611      9245518738         1968725          0        500          0          0
   4       17     2133     5357      9245518754      9245524111         1970869          0        500          0          0
   4       17      511     2126      9245524131      9245526257         1976246          0        500          0          0
   4       17      511     2128      9245526273      9245528401         1978387          0        500          0          0
   4       17      511     2593      9245528418      9245531012         1980533          0        500          0          0
   4       17      511     1594      9245531027      9245532622         1983142          0        500          0          0
   4       17      516     1136      9245532636      9245533773         1984751          0        500          0          0
   4       17      516     2130      9245533787      9245535917         1985901          0        500          0          0
   4       17      517     2133      9245535933      9245538066         1988048          0        500          0          0
   4       17      511     2123      9245538079      9245540203         1990194          0        500          0          0
   4       17      511     1626      9245540217      9245541843         1992332          0        500          0          0
   4       17     1052     2285      9245541882      9245544166         1993996          0        500          0          0
   4       17      511     1978      9245544183      9245546161         1996298          0        500          0          0
   4       17      511     2122      9245546177      9245548299         1998292          0        500          0          0
   4       17      511     1590      9245548315      9245549905         2000429          0        500          0          0
   4       17      517     2162      9245549919      9245552081         2002034          0        500          0          0
   4       17      511     1908      9245552100      9245554008         2004215          0        500          0          0
   4       17      511     1291      9245554023      9245555314         2006137          0        500          0          0
   4       17     1617     3238      9245555330      9245558568         2007445          0        500          0          0
   4       17      516     2122      9245558584      9245560706         2010699          0        500          0          0
   4       17      516     2129      9245560722      9245562852         2012837          0        500          0          0
   4       17      517     2128      9245562865      9245564993         2014980          0        500          0          0
   4       17      511     1996      9245565015      9245567011         2017129          0        500          0          0
   4       17      511     1226      9245567025      9245568251         2019140          0        500          0          0
   4       17     1607     3225      9245568267      9245571492         2020382          0        500          0          0
   4       17      516     2120      9245571505      9245573626         2023620          0        500          0          0
   4       17      517     2439      9245573640      9245576079         2025755          0        500          0          0
   4       17      511     1814      9245576093      9245577907         2028208          0        500          0          0
   4       17      516     2131      9245577922      9245580053         2030037          0        500          0          0
   4       17      511     2009      9245580067      9245582076         2032181          0        500          0          0
   4       17      511     2774      9245582091      9245584865         2034206          0        500          0          0
   4       17      518     3236      9245584915      9245588150         2037029          0        500          0          0
   4       17      511     2653      9245588170      9245590823         2040285          0        500          0          0
   4       17      516     2128      9245590838      9245592965         2042952          0        500          0          0
   4       17      516     1561      9245592980      9245594541         2045095          0        500          0          0
   4       17      517     1490      9245594555      9245596045         2046670          0        500          0          0
   4       17     1051     1737      9245596061      9245597798         2048175          0        500          0          0
   4       17      518     2125      9245597813      9245599938         2049928          0        500          0          0
   4       17      517     2128      9245599953      9245602081         2052068          0        500          0          0
   4       17      511     2119      9245602093      9245604212         2054208          0        500          0          0
   4       17      511     3722      9245604226      9245607949         2056341          0        500          0          0
   4       17      517     2127      9245607962      9245610089         2060077          0        500          0          0
   4       17      511     2690      9245610103      9245612793         2062218          0        500          0          0
   4       17      517     2663      9245612808      9245615471         2064923          0        500          0          0
   4       17      511     1615      9245615487      9245617102         2067601          0        500          0          0
   4       17      511     1894      9245617115      9245619009         2069230          0        500          0          0
   4       17      511     1837      9245619025      9245620862         2071140          0        500          0          0
   4       17      516     2167      9245620877      9245623044         2072992          0        500          0          0
   4       17      511     1587      9245623059      9245624646         2075174          0        500          0          0
   4       17      517     2131      9245624659      9245626791         2076774          0        500          0          0
   4       17     1519     3215      9245626806      9245630021         2078920          0        500          0          0
   4       17      511     2128      9245630037      9245632165         2082152          0        500          0          0
   4       17      511     2661      9245632180      9245634841         2084295          0        500          0          0
   4       17      517     2121      9245634856      9245636977         2086970          0        500          0          0
   4       17      517     1588      9245636991      9245638579         2089106          0        500          0          0
   4       17      517     1598      9245638592      9245640190         2090707          0        500          0          0
   4       17      511     2166      9245640207      9245642373         2092322          0        500          0          0
   4       17      511     1635      9245642387      9245644022         2094502          0        500          0          0
   4       17      511     2167      9245644037      9245646204         2096152          0        500          0          0
   4       17      511     2160      9245646220      9245648380         2098335          0        500          0          0
   4       17      511     3733      9245648396      9245652129         2100511          0        500          0          0
   4       17      511     2123      9245652145      9245654269         2104260          0        500          0          0
   4       17      511     1606      9245654285      9245655891         2106400          0        500          0          0
   4       17      516     1579      9245655906      9245657485         2108021          0        500          0          0
   4       17      517     2132      9245657537      9245659670         2109652          0        500          0          0
   4       17      516     2124      9245659686      9245661809         2111801          0        500          0          0
   4       17      517     2124      9245661827      9245663950         2113941          0        500          0          0
   4       17      516     2131      9245663965      9245666096         2116079          0        500          0          0
   4       17      511     1585      9245666110      9245667695         2118225          0        500          0          0
   4       17     1588     4262      9245667709      9245671972         2119824          0        500          0          0
   4       17      517     2089      9245671986      9245674075         2124101          0        500          0          0
   4       17      511     2162      9245674090      9245676252         2126205          0        500          0          0
   4       17      511     2120      9245676266      9245678386         2128381          0        500          0          0
   4       17      511     2124      9245678401      9245680524         2130515          0        500          0          0
   4       17      517     1589      9245680538      9245682128         2132653          0        500          0          0
   4       17      511     1628      9245682141      9245683769         2134256          0        500          0          0
   4       17      517     2139      9245683785      9245685923         2135900          0        500          0          0
   4       17      516     2128      9245685938      9245688067         2138053          0        500          0          0
   4       17      511     1928      9245688081      9245690009         2140196          0        500          0          0
   4       17      511     2410      9245690023      9245692433         2142138          0        500          0          0
   4       17     1096     4364      9245692450      9245696815         2144565          0        500          0          0
   4       17      517     2160      9245696852      9245699011         2148967          0        500          0          0
   4       17      511     2656      9245699026      9245701682         2151141          0        500          0          0
   4       17      516     2127      9245701696      9245703823         2153811          0        500          0          0
   4       17      517     2131      9245703840      9245705971         2155955          0        500          0          0
   4       17      516     2129      9245705988      9245708117         2158103          0        500          0          0
   4       17      511     1627      9245708135      9245709762         2160250          0        500          0          0
   4       17      516     2146      9245709799      9245711946         2161914          0        500          0          0
   4       17      515     1590      9245711980      9245713571         2164095          0        500          0          0
   4       17      517     2125      9245713585      9245715710         2165700          0        500          0          0
   4       17      517     1816      9245715724      9245717541         2167839          0        500          0          0
   4       17     1902     2979      9245717556      9245720535         2169671          0        500          0          0
   4       17      516     2118      9245720552      9245722670         2172667          0        500          0          0
   4       17      516     2122      9245722685      9245724807         2174800          0        500          0          0
   4       17      517     2125      9245724825      9245726951         2176940          0        500          0          0
   4       17      517     2137      9245726966      9245729103         2179081          0        500          0          0
   4       17      511     1101      9245729122      9245730223         2181237          0        500          0          0
   4       17     1625     3268      9245730271      9245733539         2182386          0        500          0          0
   4       17      517     3748      9245733559      9245737307         2185674          0        500          0          0
   4       17      511     2152      9245737323      9245739475         2189438          0        500          0          0
   4       17      516     2179      9245739490      9245741670         2191605          0        500          0          0
   4       17      517     1613      9245741684      9245743297         2193799          0        500          0          0
   4       17      511     3702      9245743311      9245747013         2195425          0        500          0          0
   4       17      511     3228      9245747032      9245750260         2199147          0        500          0          0
   4       17      511     2126      9245750274      9245752400         2202388          0        500          0          0
   4       17      511     2665      9245752417      9245755082         2204532          0        500          0          0
   4       17      511     3191      9245755097      9245758288         2207212          0        500          0          0
   4       17      511     5427      9245758305      9245763732         2210420          0        500          0          0
   4       17      516     1090      9245763758      9245764847         2215872          0        500          0          0
   4       17      516     1666      9245764863      9245766529         2216978          0        500          0          0
   4       17      516     1597      9245766546      9245768143         2218660          0        500          0          0
   4       17      511     2135      9245768158      9245770293         2220273          0        500          0          0
   4       17      511     5413      9245770310      9245775722         2222425          0        500          0          0
   4       17      520     3291      9245775757      9245779047         2227871          0        500          0          0
   4       17      511     1591      9245779067      9245780658         2231182          0        500          0          0
   4       17      517     2123      9245780672      9245782796         2232787          0        500          0          0
   4       17      516     3990      9245782813      9245786803         2234928          0        500          0          0
   4       17      517     5848      9245786823      9245792671         2238938          0        500          0          0
   4       17      517     1125      9245792693      9245793817         2244807          0        500          0          0
   4       17      517     1611      9245793834      9245795445         2245949          0        500          0          0
   4       17      511     2136      9245795463      9245797599         2247578          0        500          0          0
   4       17      516     2131      9245797614      9245799745         2249729          0        500          0          0
   4       17      517     1595      9245799761      9245801355         2251875          0        500          0          0
   4       17      511     2656      9245801370      9245804026         2253485          0        500          0          0
   4       17      511     2193      9245804047      9245806239         2256162          0        500          0          0
   4       17      511     2844      9245806257      9245809101         2258371          0        500          0          0
   4       17      511     2422      9245809120      9245811542         2261235          0        500          0          0
   4       17     2600     3653      9245811558      9245815211         2263672          0        500          0          0
   4       17      511     2189      9245815231      9245817419         2267346          0        500          0          0
   4       17      511     2751      9245817438      9245820189         2269553          0        500          0          0
   4       17     2348     3730      9245820246      9245823976         2272361          0        500          0          0
   4       17      511     3253      9245824008      9245827261         2276122          0        500          0          0
   4       17      511     1626      9245827284      9245828910         2279399          0        500          0          0
   4       17      519     1966      9245828930      9245830896         2281045          0        500          0          0
   4       17      519     2592      9245830921      9245833513         2283036          0        500          0          0
   4       17     1634     2738      9245833539      9245836277         2285654          0        500          0          0
   4       17      511     4620      9245836298      9245840918         2288413          0        500          0          0
   4       17      519     2452      9245840950      9245843403         2293065          0        500          0          0
   4       17      511     2631      9245843430      9245846061         2295545          0        500          0          0
   4       17      511     2143      9245846086      9245848229         2298201          0        500          0          0
   4       17      511     1765      9245848246      9245850012         2300361          0        500          0          0
   4       17     1453     2817      9245850028      9245852845         2302143          0        500          0          0
   4       17      517     2852      9245852880      9245855732         2304995          0        500          0          0
   4       17     2230     4348      9245855757      9245860106         2307872          0        500          0          0
   4       17      511     1456      9245860131      9245861587         2312246          0        500          0          0
   4       17      518     1940      9245861606      9245863546         2313720          0        500          0          0
   4       17      518     2890      9245863574      9245866464         2315689          0        500          0          0
   4       17      520     2588      9245866496      9245869084         2318611          0        500          0          0
   4       17      511     2304      9245869108      9245871412         2321223          0        500          0          0
   4       17     2090     3589      9245871431      9245875020         2323546          0        500          0          0
   4       17      511     2530      9245875041      9245877571         2327156          0        500          0          0
   4       17      516     2134      9245877589      9245879724         2329704          0        500          0          0
   4       17      518     2597      9245879742      9245882339         2331857          0        500          0          0
   4       17      511     2193      9245882358      9245884551         2334473          0        500          0          0
   4       17     2637     4200      9245884573      9245888773         2336688          0        500          0          0
   4       17      520     2766      9245888804      9245891570         2340919          0        500          0          0
   4       17      518     2107      9245891592      9245893699         2343707          0        500          0          0
   4       17     1027     2143      9245893723      9245895866         2345837          0        500          0          0
   4       17      516     2261      9245895921      9245898182         2348036          0        500          0          0
   4       17      517     2227      9245898747      9245900974         2350862          0        500          0          0
   4       17      511     2675      9245901007      9245903682         2353122          0        500          0          0
   4       17      516     2273      9245905759      9245908032         2357874          0        500          0          0
   4       17      511     1627      9245908065      9245909693         2360180          0        500          0          0
   4       17      519     3231      9245909767      9245912998         2361882          0        500          0          0
   4       17      511     2555      9245913032      9245915587         2365147          0        500          0          0
   4       17      516     2185      9245915628      9245917813         2367743          0        500          0          0
   4       17      516     3131      9245917834      9245920965         2369949          0        500          0          0
   4       17      519     2370      9245920998      9245923368         2373113          0        500          0          0
   4       17      511     3085      9245923391      9245926476         2375506          0        500          0          0
   4       17      519     2721      9245926506      9245929227         2378621          0        500          0          0
   4       17      511     2150      9245929256      9245931406         2381371          0        500          0          0
   4       17      511     2164      9245931434      9245933598         2383549          0        500          0          0
   4       17     4094     4663      9245933618      9245938281         2385733          0        500          0          0
   4       17      511     2170      9245938306      9245940476         2390420          0        500          0          0
   4       17      520     2524      9245940505      9245943029         2392620          0        500          0          0
   4       17      511     2648      9245943056      9245945704         2395171          0        500          0          0
   4       17      519     2610      9245945723      9245948333         2397838          0        500          0          0
   4       17      511     2668      9245948351      9245951019         2400466          0        500          0          0
   4       17      511     4330      9245951038      9245955368         2403153          0        500          0          0
   4       17      511     3159      9245955393      9245958551         2407507          0        500          0          0
   4       17      520     2127      9245958587      9245960713         2410701          0        500          0          0
   4       17      519     2796      9245960741      9245963537         2412855          0        500          0          0
   4       17      517     2150      9245963561      9245965711         2415676          0        500          0          0
   4       17      517     2207      9245965728      9245967935         2417843          0        500          0          0
   4       17      520     2585      9245967954      9245970539         2420068          0        500          0          0
   4       17      517     2667      9245970556      9245973223         2422671          0        500          0          0
   4       17      511     3017      9245973244      9245976262         2425359          0        500          0          0
   4       17      511     2013      9245976290      9245978303         2428405          0        500          0          0
   4       17      511     2637      9245978328      9245980966         2430443          0        500          0          0
   4       17      518     2659      9245980999      9245983657         2433113          0        500          0          0
   4       17      519     2263      9245983685      9245985948         2435800          0        500          0          0
   4       17      518     2703      9245985976      9245988679         2438091          0        500          0          0
   4       17     2690     4899      9245988707      9245993606         2440821          0        500          0          0
   4       17      517     2817      9245993629      9245996446         2445744          0        500          0          0
   4       17      511     1564      9245996472      9245998037         2448587          0        500          0          0
   4       17      511     2322      9245998067      9246000388         2450181          0        500          0          0
   4       17      511     2472      9246000443      9246002915         2452558          0        500          0          0
   4       17      511     2673      9246003027      9246005701         2455142          0        500          0          0
   4       17      517     2645      9246005725      9246008370         2457840          0        500          0          0
   4       17      511     2031      9246009294      9246011325         2461409          0        500          0          0
   4       17      511     2041      9246011353      9246013393         2463467          0        500          0          0
   4       17      511     2030      9246013417      9246015447         2465532          0        500          0          0
   4       17      511     3065      9246015466      9246018530         2467581          0        500          0          0
   4       17      524     2743      9246018568      9246021310         2470683          0        500          0          0
   4       17     3748     4837      9246021337      9246026175         2473452          0        500          0          0
   4       17      511     2643      9246026211      9246028855         2478326          0        500          0          0
   4       17      518     2216      9246028880      9246031096         2480995          0        500          0          0
   4       17      511     2743      9246031120      9246033862         2483234          0        500          0          0
   4       17      519     1608      9246033881      9246035489         2485996          0        500          0          0
   4       17      517     2694      9246035506      9246038199         2487620          0        500          0          0
   4       17      511     2779      9246038219      9246040998         2490333          0        500          0          0
   4       17     3720     4293      9246041030      9246045323         2493145          0        500          0          0
   4       17      511     2151      9246045356      9246047507         2497471          0        500          0          0
   4       17      517     2131      9246047525      9246049656         2499640          0        500          0          0
   4       17      517     2355      9246049673      9246052028         2501788          0        500          0          0
   4       17      511     2969      9246052060      9246055029         2504175          0        500          0          0
   4       17      511     2305      9246055061      9246057366         2507176          0        500          0          0
   4       17     2161     5632      9246057398      9246063030         2509513          0        500          0          0
   4       17      511     2523      9246063057      9246065580         2515171          0        500          0          0
   4       17      516     1305      9246065603      9246066908         2517718          0        500          0          0
   4       17      519     3136      9246066942      9246070078         2519057          0        500          0          0
   4       17      511     1716      9246070111      9246071827         2522226          0        500          0          0
   4       17      517     2685      9246071850      9246074535         2523965          0        500          0          0
   4       17      520     2645      9246074559      9246077204         2526674          0        500          0          0
   4       17      511     2603      9246077229      9246079832         2529344          0        500          0          0
   4       17     2576     4209      9246079850      9246084059         2531965          0        500          0          0
   4       17      511     1974      9246084083      9246086057         2536198          0        500          0          0
   4       17      511     2696      9246086081      9246088777         2538196          0        500          0          0
   4       17      517     2781      9246088801      9246091583         2540916          0        500          0          0
   4       17      519     2417      9246091644      9246094060         2543758          0        500          0          0
   4       17      511     2740      9246094086      9246096826         2546201          0        500          0          0
   4       17     2135     5021      9246096849      9246101870         2548963          0        500          0          0
   4       17      517     3135      9246101895      9246105030         2554010          0        500          0          0
   4       17      511     1819      9246105051      9246106870         2557166          0        500          0          0
   4       17      519     2421      9246106899      9246109320         2559014          0        500          0          0
   4       17      511     1746      9246109349      9246111096         2561464          0        500          0          0
   4       17      511     2544      9246111115      9246113660         2563230          0        500          0          0
   4       17      517     2798      9246113675      9246116474         2565790          0        500          0          0
   4       17      517     1940      9246116493      9246118433         2568608          0        500          0          0
   4       17      511     3804      9246118459      9246122263         2570574          0        500          0          0
   4       17     1975     3152      9246122292      9246125444         2574406          0        500          0          0
   4       17      511     2116      9246125476      9246127592         2577591          0        500          0          0
   4       17      521     2414      9246127623      9246130037         2579737          0        500          0          0
   4       17      511     2441      9246130065      9246132506         2582180          0        500          0          0
   4       17      517     2435      9246132533      9246134968         2584648          0        500          0          0
   4       17      511     2608      9246135016      9246137624         2587130          0        500          0          0
   4       17      517     2667      9246138581      9246141248         2590696          0        500          0          0
   4       17      511     2557      9246141270      9246143827         2593385          0        500          0          0
   4       17      520     2052      9246143858      9246145910         2595973          0        500          0          0
   4       17      519     2559      9246145937      9246148495         2598051          0        500          0          0
   4       17      519     2648      9246148512      9246151160         2600627          0        500          0          0
   4       17      511     3363      9246151183      9246154547         2603298          0        500          0          0
   4       17      520     2105      9246154579      9246156684         2606694          0        500          0          0
   4       17      542     2854      9246156711      9246159565         2608826          0        500          0          0
   4       17      522     2497      9246159597      9246162094         2611712          0        500          0          0
   4       17      511     2461      9246162127      9246164588         2614242          0        500          0          0
   4       17     3400     4234      9246164613      9246168847         2616728          0        500          0          0
   4       17      519     1391      9246168877      9246170268         2620992          0        500          0          0
   4       17      511     2582      9246170287      9246172868         2622402          0        500          0          0
   4       17      517     2621      9246172886      9246175507         2625001          0        500          0          0
   4       17      517     2481      9246175530      9246178011         2627644          0        500          0          0
   4       17      511     2227      9246178030      9246180257         2630145          0        500          0          0
   4       17      511     3527      9246180276      9246183804         2632391          0        500          0          0
   4       17      519     2200      9246183861      9246186061         2635976          0        500          0          0
   4       17      511     1928      9246186083      9246188011         2638198          0        500          0          0
   4       17      511     2683      9246188030      9246190713         2640145          0        500          0          0
   4       17     1401     3017      9246190739      9246193756         2642854          0        500          0          0
   4       17      545     5419      9246193789      9246199207         2645904          0        500          0          0
   4       17      712     1295      9246199232      9246200527         2651346          0        500          0          0
   4       17      519     2223      9246200558      9246202781         2652672          0        500          0          0
   4       17      516     2023      9246202802      9246204824         2654917          0        500          0          0
   4       17      517     2648      9246204869      9246207517         2656984          0        500          0          0
   4       17      519     2544      9246207542      9246210086         2659657          0        500          0          0
   4       17      511     2293      9246210102      9246212395         2662217          0        500          0          0
   4       17     3039     5841      9246212414      9246218255         2664529          0        500          0          0
   4       17      511     2148      9246218281      9246220429         2670396          0        500          0          0
   4       17      511     1677      9246220454      9246222131         2672569          0        500          0          0
   4       17     1490     2922      9246222153      9246225075         2674268          0        500          0          0
   4       17      511     2717      9246225107      9246227824         2677222          0        500          0          0
   4       17      518     2178      9246227847      9246230025         2679962          0        500          0          0
   4       17      511     2688      9246230050      9246232738         2682164          0        500          0          0
   4       17     2671     4831      9246232762      9246237594         2684877          0        500          0          0
   4       17      517     2659      9246237618      9246240277         2689733          0        500          0          0
   4       17      511     2646      9246240311      9246242957         2692425          0        500          0          0
   4       17      519     3057      9246242975      9246246032         2695090          0        500          0          0
   4       17      511     2012      9246246062      9246248075         2698177          0        500          0          0
   4       17      511     1798      9246248101      9246249899         2700216          0        500          0          0
   4       17      518     3221      9246249923      9246253144         2702037          0        500          0          0
   4       17      511     2197      9246253167      9246255364         2705282          0        500          0          0
   4       17      511     2655      9246255381      9246258036         2707496          0        500          0          0
   4       17     2752     4009      9246258074      9246262083         2710188          0        500          0          0
   4       17      511     2643      9246262121      9246264764         2714236          0        500          0          0
   4       17      551     2223      9246264795      9246267017         2716909          0        500          0          0
   4       17      511     2080      9246267035      9246269115         2719150          0        500          0          0
   4       17      511     2776      9246269131      9246271908         2721246          0        500          0          0
   4       17      520     2594      9246271928      9246274522         2724043          0        500          0          0
   4       17     2384     6113      9246274569      9246280682         2726684          0        500          0          0
   4       17      518     2763      9246280706      9246283468         2732820          0        500          0          0
   4       17      516     2715      9246283491      9246286206         2735605          0        500          0          0
   4       17      511     2724      9246286240      9246288965         2738355          0        500          0          0
   4       17      520     2635      9246288986      9246291621         2741101          0        500          0          0
   4       17      516     4465      9246291646      9246296111         2743761          0        500          0          0
   4       17      534     1107      9246296136      9246297243         2748251          0        500          0          0
   4       17      511     1560      9246297263      9246298823         2749378          0        500          0          0
   4       17     1079     2769      9246298841      9246301610         2750956          0        500          0          0
   4       17      517     2695      9246301635      9246304329         2753749          0        500          0          0
   4       17      511     2168      9246304353      9246306521         2756468          0        500          0          0
   4       17      517     2997      9246306540      9246309537         2758655          0        500          0          0
   4       17     3779     4907      9246309558      9246314465         2761673          0        500          0          0
   4       17      511     1535      9246314486      9246316021         2766601          0        500          0          0
   4       17      511     2026      9246316047      9246318073         2768162          0        500          0          0
   4       17      511     2758      9246318102      9246320860         2770217          0        500          0          0
   4       17      517     2674      9246320915      9246323590         2773030          0        500          0          0
   4       17      518     2713      9246323612      9246326325         2775727          0        500          0          0
   4       17      511     2691      9246326349      9246329040         2778464          0        500          0          0
   4       17     2250     4878      9246329073      9246333951         2781188          0        500          0          0
   4       17      519     2154      9246333984      9246336138         2786099          0        500          0          0
   4       17      511     1542      9246336156      9246337698         2788271          0        500          0          0
   4       17      518     2800      9246337720      9246340521         2789835          0        500          0          0
   4       17      520     2786      9246340549      9246343335         2792664          0        500          0          0
   4       17      511     2157      9246343358      9246345515         2795473          0        500          0          0
   4       17      517     3173      9246345540      9246348713         2797655          0        500          0          0
   4       17     2293     4523      9246348730      9246353252         2800844          0        500          0          0
   4       17     2110     2682      9246353288      9246355971         2805403          0        500          0          0
   4       17     2099     4777      9246355994      9246360771         2808108          0        500          0          0
   4       17      521     2416      9246360799      9246363215         2812914          0        500          0          0
   4       17      511     4352      9246363238      9246367590         2815353          0        500          0          0
   4       17      518     2815      9246367614      9246370430         2819729          0        500          0          0
   4       17      511     2596      9246370452      9246373048         2822566          0        500          0          0
   4       17      511     2910      9246373100      9246376010         2825215          0        500          0          0
   4       17      511     1599      9246376029      9246377628         2828144          0        500          0          0
   4       17      544     2218      9246377653      9246379872         2829768          0        500          0          0
   4       17      516     2287      9246379950      9246382237         2832064          0        500          0          0
   4       17      511     2683      9246382255      9246384938         2834370          0        500          0          0
   4       17      516     2851      9246384964      9246387815         2837079          0        500          0          0
   4       17     2641     3708      9246387848      9246391556         2839963          0        500          0          0
   4       17      516     2000      9246391579      9246393580         2843694          0        500          0          0
   4       17      517     2389      9246393600      9246395990         2845715          0        500          0          0
   4       17      511     2778      9246396021      9246398800         2848136          0        500          0          0
   4       17      521     2209      9246398828      9246401037         2850943          0        500          0          0
   4       17      511     2893      9246401055      9246403949         2853170          0        500          0          0
   4       17      618     2682      9246403979      9246406661         2856093          0        500          0          0
   4       17     1125     2665      9246406692      9246409357         2858807          0        500          0          0
   4       17      511     2103      9246409385      9246411488         2861500          0        500          0          0
   4       17      516     2954      9246411507      9246414462         2863622          0        500          0          0
   4       17      519     2753      9246414492      9246417246         2866607          0        500          0          0
   4       17      511     4556      9246417263      9246421819         2869378          0        500          0          0
   4       17      545     2834      9246421850      9246424684         2873965          0        500          0          0
   4       17      517     2251      9246424710      9246426961         2876825          0        500          0          0
   4       17      517     2050      9246426993      9246429043         2879108          0        500          0          0
   4       17      511     2645      9246429068      9246431713         2881183          0        500          0          0
   4       17      518     1864      9246431739      9246433603         2883853          0        500          0          0
   4       17     2221     5410      9246433631      9246439042         2885746          0        500          0          0
   4       17      511     2681      9246439066      9246441747         2891181          0        500          0          0
   4       17      519     4143      9246441767      9246445910         2893882          0        500          0          0
   4       17      519     1633      9246445934      9246447567         2898049          0        500          0          0
   4       17      517     2028      9246447585      9246449613         2899700          0        500          0          0
   4       17      520     1791      9246449629      9246451420         2901744          0        500          0          0
   4       17      511     2943      9246451444      9246454387         2903559          0        500          0          0
   4       17     2554     4657      9246454412      9246459068         2906526          0        500          0          0
   4       17      511     2802      9246459093      9246461896         2911208          0        500          0          0
   4       17      518     2743      9246461924      9246464667         2914039          0        500          0          0
   4       17      518     2719      9246464761      9246467480         2916876          0        500          0          0
   4       17      518     2073      9246467502      9246469575         2919617          0        500          0          0
   4       17      518     2212      9246469592      9246471805         2921707          0        500          0          0
   4       17      519     2476      9246471821      9246474297         2923936          0        500          0          0
   4       17      511     2618      9246474325      9246476943         2926440          0        500          0          0
   4       17     2692     4780      9246476961      9246481741         2929075          0        500          0          0
   4       17      542     2651      9246481771      9246484422         2933886          0        500          0          0
   4       17      511     2166      9246484444      9246486610         2936559          0        500          0          0
   4       17      516     2192      9246486650      9246488842         2938764          0        500          0          0
   4       17      517     2603      9246488863      9246491466         2940978          0        500          0          0
   4       17      518     2664      9246491502      9246494165         2943616          0        500          0          0
   4       17      511     2302      9246494188      9246496490         2946303          0        500          0          0
   4       17     3939     4515      9246496515      9246501029         2948629          0        500          0          0
   4       17      511     1106      9246501054      9246502159         2953168          0        500          0          0
   4       17      511     2481      9246502177      9246504659         2954292          0        500          0          0
   4       17      517     2726      9246504675      9246507401         2956790          0        500          0          0
   4       17      511     2125      9246507428      9246509553         2959543          0        500          0          0
   4       17      519     2674      9246509579      9246512253         2961694          0        500          0          0
   4       17     3145     4032      9246512278      9246516310         2964393          0        500          0          0
   4       17      511     2733      9246516345      9246519078         2968459          0        500          0          0
   4       17      511     2474      9246519103      9246521577         2971218          0        500          0          0
   4       17      518     2755      9246521598      9246524353         2973712          0        500          0          0
   4       17      511     2404      9246524376      9246526780         2976491          0        500          0          0
   4       17      520     2213      9246526802      9246529015         2978916          0        500          0          0
   4       17     2713     4302      9246529038      9246533339         2981153          0        500          0          0
   4       17      511     2186      9246533373      9246535559         2985488          0        500          0          0
   4       17      519     2163      9246535582      9246537745         2987697          0        500          0          0
   4       17      518     2046      9246537770      9246539816         2989885          0        500          0          0
   4       17      519     3194      9246539844      9246543039         2991959          0        500          0          0
   4       17      511     2587      9246543057      9246545643         2995171          0        500          0          0
   4       17     2462     4827      9246545673      9246550501         2997788          0        500          0          0
   4       17      517     2901      9246550524      9246553425         3002639          0        500          0          0
   4       17      511     2158      9246553452      9246555610         3005566          0        500          0          0
   4       17      518     2161      9246555660      9246557822         3007775          0        500          0          0
   4       17      517     2377      9246557847      9246560225         3009962          0        500          0          0
   4       17      511     2550      9246560248      9246562798         3012363          0        500          0          0
   4       17      517     2728      9246562823      9246565552         3014938          0        500          0          0
   4       17      518     2168      9246565576      9246567745         3017691          0        500          0          0
   4       17     2343     4812      9246568056      9246572868         3020171          0        500          0          0
   4       17      518     2321      9246572897      9246575218         3025012          0        500          0          0
   4       17      511     2179      9246575238      9246577417         3027353          0        500          0          0
   4       17      511     2288      9246577434      9246579721         3029549          0        500          0          0
   4       17      518     2667      9246579747      9246582414         3031862          0        500          0          0
   4       17      511     2033      9246582436      9246584468         3034550          0        500          0          0
   4       17      511     5129      9246584488      9246589617         3036603          0        500          0          0
   4       17      517     4715      9246589641      9246594356         3041756          0        500          0          0
   4       17      511     2642      9246594382      9246597024         3046497          0        500          0          0
   4       17      511     2157      9246597048      9246599205         3049163          0        500          0          0
   4       17      511     1253      9246599229      9246600482         3051344          0        500          0          0
   4       17      520     2641      9246600511      9246603152         3052626          0        500          0          0
   4       17      511     2737      9246603177      9246605915         3055292          0        500          0          0
   4       17      517     2439      9246605936      9246608375         3058051          0        500          0          0
   4       17      511     2590      9246608404      9246610994         3060519          0        500          0          0
   4       17      511     2579      9246611019      9246613598         3063133          0        500          0          0
   4       17     2450     4414      9246613619      9246618032         3065733          0        500          0          0
   4       17      511     2394      9246618065      9246620459         3070180          0        500          0          0
   4       17      511     3205      9246620488      9246623693         3072603          0        500          0          0
   4       17      517     2184      9246623716      9246625900         3075831          0        500          0          0
   4       17      521     2719      9246625925      9246628644         3078040          0        500          0          0
   4       17      518     2340      9246628668      9246631007         3080782          0        500          0          0
   4       17      511     2264      9246631042      9246633306         3083156          0        500          0          0
   4       17      511     2698      9246633327      9246636024         3085442          0        500          0          0
   4       17     3903     4457      9246636046      9246640503         3088161          0        500          0          0
   4       17      516     2215      9246640527      9246642741         3092642          0        500          0          0
   4       17      518     2088      9246642773      9246644861         3094888          0        500          0          0
   4       17      519     2104      9246644889      9246646994         3097004          0        500          0          0
   4       17     2701     4843      9246647074      9246651918         3099189          0        500          0          0
   4       17      517     1625      9246651944      9246653569         3104059          0        500          0          0
   4       17      517     2424      9246653587      9246656010         3105701          0        500          0          0
   4       17      511     2191      9246656033      9246658224         3108148          0        500          0          0
   4       17      511     2541      9246658248      9246660788         3110362          0        500          0          0
   4       17      521     2780      9246660812      9246663591         3112927          0        500          0          0
   4       17     3522     4093      9246663618      9246667710         3115732          0        500          0          0
   4       17      519     1966      9246667733      9246669699         3119848          0        500          0          0
   4       17     2480     4628      9246669726      9246674354         3121840          0        500          0          0
   4       17      535     2123      9246674380      9246676503         3126495          0        500          0          0
   4       17      516     2905      9246676524      9246679429         3128639          0        500          0          0
   4       17      511     2046      9246679458      9246681504         3131573          0        500          0          0
   4       17      545     2160      9246681530      9246683690         3133644          0        500          0          0
   4       17      518     3158      9246683715      9246686873         3135830          0        500          0          0
   4       17      552     3377      9246686910      9246690287         3139025          0        500          0          0
   4       17      511     2242      9246690310      9246692552         3142425          0        500          0          0
   4       17      522     2720      9246692583      9246695303         3144698          0        500          0          0
   4       17      511     2702      9246695332      9246698034         3147447          0        500          0          0
   4       17      511     1747      9246698063      9246699810         3150178          0        500          0          0
   4       17      518     2613      9246699834      9246702447         3151949          0        500          0          0
   4       17      511     3758      9246702464      9246706222         3154579          0        500          0          0
   4       17      511     2590      9246706253      9246708843         3158367          0        500          0          0
   4       17      518     2176      9246708868      9246711044         3160983          0        500          0          0
   4       17      511     2487      9246711061      9246713548         3163176          0        500          0          0
   4       17      517     1732      9246713567      9246715300         3165682          0        500          0          0
   4       17     1512     2969      9246715325      9246718293         3167439          0        500          0          0
   4       17      511     3780      9246718320      9246722100         3170435          0        500          0          0
   4       17      511     1595      9246722124      9246723719         3174239          0        500          0          0
   4       17      521     2638      9246723747      9246726385         3175862          0        500          0          0
   4       17      511     2760      9246726422      9246729182         3178537          0        500          0          0
   4       17      511     2207      9246729209      9246731416         3181324          0        500          0          0
   4       17      511     2793      9246731436      9246734229         3183550          0        500          0          0
   4       17      511     5150      9246734248      9246739398         3186363          0        500          0          0
   4       17      511     3237      9246739457      9246742694         3191572          0        500          0          0
   4       17      517     4196      9246742719      9246746914         3194833          0        500          0          0
   4       17      517     1087      9246746937      9246748023         3199051          0        500          0          0
   4       17      511     1662      9246748040      9246749702         3200155          0        500          0          0
   4       17      524     2012      9246749729      9246751742         3201844          0        500          0          0
   4       17      520     3244      9246751777      9246755021         3203892          0        500          0          0
   4       17      511     2181      9246755045      9246757226         3207160          0        500          0          0
   4       17      511     2641      9246757248      9246759889         3209363          0        500          0          0
   4       17     2710     4016      9246759914      9246763930         3212029          0        500          0          0
   4       17      517     2160      9246763961      9246766122         3216076          0        500          0          0
   4       17      511     2426      9246766142      9246768568         3218257          0        500          0          0
   4       17      520     2653      9246768597      9246771250         3220711          0        500          0          0
   4       17      511     2309      9246771271      9246773579         3223385          0        500          0          0
   4       17      518     2871      9246773599      9246776470         3225714          0        500          0          0
   4       17     2122     4384      9246776499      9246780883         3228613          0        500          0          0
   4       17      520     2303      9246780904      9246783208         3233019          0        500          0          0
   4       17      511     1724      9246783227      9246784952         3235342          0        500          0          0
   4       17      521     2431      9246784977      9246787408         3237092          0        500          0          0
   4       17      511     3084      9246787430      9246790514         3239545          0        500          0          0
   4       17      522     2220      9246790547      9246792767         3242662          0        500          0          0
   4       17      516     2846      9246792789      9246795635         3244904          0        500          0          0
   4       17     3746     5064      9246795659      9246800723         3247774          0        500          0          0
   4       17      516     3298      9246800748      9246804046         3252863          0        500          0          0
   4       17      511     2343      9246804070      9246806413         3256185          0        500          0          0
   4       17      511     2539      9246806433      9246808971         3258547          0        500          0          0
   4       17      511     2019      9246809009      9246811028         3261124          0        500          0          0
   4       17      511     2579      9246811054      9246813633         3263169          0        500          0          0
   4       17      521     2759      9246813662      9246816421         3265776          0        500          0          0
   4       17     2253     4540      9246816449      9246820989         3268564          0        500          0          0
   4       17      511     2433      9246821020      9246823453         3273135          0        500          0          0
   4       17      511     1558      9246823475      9246825033         3275589          0        500          0          0
   4       17      511     2224      9246825060      9246827284         3277175          0        500          0          0
   4       17      511     2727      9246827306      9246830033         3279421          0        500          0          0
   4       17      511     2667      9246830092      9246832759         3282207          0        500          0          0
   4       17      518     2387      9246832779      9246835166         3284894          0        500          0          0
   4       17     4136     6198      9246835187      9246841385         3287302          0        500          0          0
   4       17      511     2249      9246841410      9246843658         3293525          0        500          0          0
   4       17      517     3276      9246843682      9246846958         3295797          0        500          0          0
   4       17      511     2737      9246847037      9246849774         3299152          0        500          0          0
   4       17      524     1602      9246849807      9246851409         3301922          0        500          0          0
   4       17      511     2276      9246851428      9246853705         3303543          0        500          0          0
   4       17      517     2672      9246853726      9246856398         3305841          0        500          0          0
   4       17      511     2658      9246856421      9246859079         3308536          0        500          0          0
   4       17      511     2791      9246859104      9246861895         3311219          0        500          0          0
   4       17     2202     4491      9246861918      9246866409         3314033          0        500          0          0
   4       17     1102     4251      9246866455      9246870706         3318570          0        500          0          0
   4       17      519     1099      9246870729      9246871828         3322844          0        500          0          0
   4       17      517     2630      9246871845      9246874475         3323960          0        500          0          0
   4       17      517     3569      9246874492      9246878061         3326607          0        500          0          0
   4       17      511     2113      9246878086      9246880198         3330200          0        500          0          0
   4       17      511     1570      9246880218      9246881788         3332333          0        500          0          0
   4       17     1599     2725      9246881807      9246884532         3333922          0        500          0          0
   4       17      521     2167      9246884569      9246886736         3336684          0        500          0          0
   4       17      518     2687      9246886758      9246889445         3338873          0        500          0          0
   4       17      511     2674      9246889466      9246892140         3341581          0        500          0          0
   4       17      511     4496      9246892165      9246896661         3344280          0        500          0          0
   4       17      520     3347      9246896695      9246900042         3348810          0        500          0          0
   4       17      511     2715      9246900065      9246902780         3352180          0        500          0          0
   4       17      520     2667      9246902803      9246905470         3354917          0        500          0          0
   4       17      518     2054      9246905491      9246907545         3357606          0        500          0          0
   4       17      517     1644      9246907564      9246909208         3359679          0        500          0          0
   4       17      511     3062      9246909224      9246912286         3361339          0        500          0          0
   4       17      511     2038      9246912304      9246914342         3364419          0        500          0          0
   4       17      511     3119      9246914371      9246917491         3366486          0        500          0          0
   4       17     4326     4858      9246917510      9246922369         3369625          0        500          0          0
   4       17      511     3814      9246922403      9246926216         3374517          0        500          0          0
   4       17      531     2819      9246926276      9246929095         3378391          0        500          0          0
   4       17      511     3191      9246929120      9246932311         3381235          0        500          0          0
   4       17      511     1561      9246932345      9246933905         3384459          0        500          0          0
   4       17      518     2021      9246933932      9246935953         3386047          0        500          0          0
   4       17      520     2982      9246935977      9246938959         3388092          0        500          0          0
   4       17      519     2606      9246938987      9246941593         3391101          0        500          0          0
   4       17      518     2179      9246941616      9246943795         3393731          0        500          0          0
   4       17      517     2973      9246943962      9246946935         3396077          0        500          0          0
   4       17     1544     2093      9246946956      9246949048         3399070          0        500          0          0
   4       17      511     1973      9246949068      9246951041         3401183          0        500          0          0
   4       17     1069     2658      9246951072      9246953730         3403187          0        500          0          0
   4       17      519     2617      9246953751      9246956369         3405866          0        500          0          0
   4       17      511     2645      9246956391      9246959036         3408506          0        500          0          0
   4       17     3433     4974      9246959063      9246964037         3411178          0        500          0          0
   4       17      511     2138      9246964061      9246966199         3416176          0        500          0          0
   4       17      511     1632      9246966222      9246967854         3418337          0        500          0          0
   4       17      516     2363      9246967890      9246970253         3420005          0        500          0          0
   4       17      511     2839      9246970273      9246973113         3422388          0        500          0          0
   4       17      511     2751      9246973136      9246975888         3425251          0        500          0          0
   4       17      519     2620      9246975907      9246978527         3428022          0        500          0          0
   4       17     2515     5524      9246978547      9246984071         3430662          0        500          0          0
   4       17      511     2573      9246984104      9246986677         3436219          0        500          0          0
   4       17      518     2438      9246986697      9246989135         3438812          0        500          0          0
   4       17      511     1967      9246989157      9246991124         3441272          0        500          0          0
   4       17      511     2009      9246991150      9246993159         3443265          0        500          0          0
   4       17     1068     2577      9246993184      9246995762         3445299          0        500          0          0
   4       17      521     2239      9246995790      9246998030         3447905          0        500          0          0
   4       17      511     2848      9246998053      9247000901         3450168          0        500          0          0
   4       17     2884     4563      9247000933      9247005496         3453047          0        500          0          0
   4       17      519     2222      9247005523      9247007745         3457637          0        500          0          0
   4       17      522     1876      9247007776      9247009652         3459890          0        500          0          0
   4       17      546     2743      9247009678      9247012421         3461792          0        500          0          0
   4       17     2354     3576      9247012453      9247016029         3464567          0        500          0          0
   4       17      511     2056      9247016087      9247018143         3468202          0        500          0          0
   4       17      511     2174      9247018169      9247020344         3470284          0        500          0          0
   4       17      516     2266      9247020907      9247023172         3473021          0        500          0          0
   4       17      511     2811      9247023198      9247026009         3475313          0        500          0          0
   4       17      511     2708      9247026044      9247028751         3478158          0        500          0          0
   4       17     2727     3303      9247028775      9247032078         3480890          0        500          0          0
   4       17      511     1580      9247032103      9247033683         3484218          0        500          0          0
   4       17      518     2138      9247033703      9247035841         3485818          0        500          0          0
   4       17      517     2882      9247035860      9247038742         3487974          0        500          0          0
   4       17      519     2698      9247038769      9247041467         3490884          0        500          0          0
   4       17      511     4228      9247041488      9247045717         3493603          0        500          0          0
   4       17      544     2245      9247045748      9247047993         3497863          0        500          0          0
   4       17      511     1952      9247048026      9247049978         3500140          0        500          0          0
   4       17      511     1766      9247050012      9247051778         3502127          0        500          0          0
   4       17      511     2625      9247052402      9247055028         3504517          0        500          0          0
   4       17      511     2606      9247055050      9247057656         3507165          0        500          0          0
   4       17      519     2194      9247057882      9247060076         3509997          0        500          0          0
   4       17      511     2757      9247060095      9247062852         3512210          0        500          0          0
   4       17      517     2264      9247062878      9247065142         3514993          0        500          0          0
   4       17      511     2119      9247065164      9247067284         3517279          0        500          0          0
   4       17      511     2632      9247067302      9247069933         3519416          0        500          0          0
   4       17     1623     2650      9247069960      9247072610         3522075          0        500          0          0
   4       17      519     2041      9247072637      9247074677         3524751          0        500          0          0
   4       17     1083     2693      9247074702      9247077395         3526817          0        500          0          0
   4       17      511     2603      9247077422      9247080025         3529537          0        500          0          0
   4       17      511     2748      9247080046      9247082794         3532161          0        500          0          0
   4       17     3637     4616      9247082816      9247087432         3534931          0        500          0          0
   4       17      511     2153      9247087456      9247089608         3539570          0        500          0          0
   4       17      518     2099      9247089629      9247091728         3541744          0        500          0          0
   4       17      520     2161      9247091749      9247093910         3543864          0        500          0          0
   4       17      517     2102      9247093931      9247096033         3546046          0        500          0          0
   4       17      511     2323      9247096057      9247098380         3548172          0        500          0          0
   4       17      511     3848      9247098405      9247102254         3550520          0        500          0          0
   4       17     2184     2740      9247102309      9247105049         3554424          0        500          0          0
   4       17      511     1943      9247105072      9247107016         3557187          0        500          0          0
   4       17      511     1805      9247107039      9247108844         3559154          0        500          0          0
   4       17      521     2950      9247108883      9247111833         3560998          0        500          0          0
   4       17      518     2710      9247111857      9247114567         3563971          0        500          0          0
   4       17      517     2725      9247114590      9247117315         3566705          0        500          0          0
   4       17      511     4616      9247117339      9247121955         3569454          0        500          0          0
   4       17      519     2950      9247121989      9247124939         3574104          0        500          0          0
   4       17      518     2990      9247124968      9247127958         3577083          0        500          0          0
   4       17      520     2139      9247127989      9247130128         3580104          0        500          0          0
   4       17      511     1798      9247130157      9247131955         3582272          0        500          0          0
   4       17     1587     2496      9247131982      9247134478         3584097          0        500          0          0
   4       17      517     3469      9247134502      9247137971         3586617          0        500          0          0
   4       17      511     1644      9247138014      9247139659         3590129          0        500          0          0
   4       17      516     2657      9247139676      9247142333         3591791          0        500          0          0
   4       17      511     4147      9247142351      9247146498         3594466          0        500          0          0
   4       17      517     3047      9247146523      9247149570         3598638          0        500          0          0
   4       17      547     2576      9247149600      9247152176         3601715          0        500          0          0
   4       17      511     1546      9247152209      9247153755         3604324          0        500          0          0
   4       17      520     2760      9247153779      9247156539         3605894          0        500          0          0
   4       17      517     2278      9247156565      9247158843         3608680          0        500          0          0
   4       17      516     2687      9247158867      9247161553         3610982          0        500          0          0
   4       17      519     2760      9247161572      9247164332         3613687          0        500          0          0
   4       17      511     3992      9247164356      9247168348         3616471          0        500          0          0
   4       17      511     3523      9247168372      9247171895         3620487          0        500          0          0
   4       17      516     4107      9247171948      9247176055         3624063          0        500          0          0
   4       17      511     2479      9247176078      9247178557         3628193          0        500          0          0
   4       17      517     2438      9247178582      9247181020         3630697          0        500          0          0
   4       17      511     2846      9247181041      9247183887         3633156          0        500          0          0
   4       17      519     2846      9247183917      9247186763         3636032          0        500          0          0
   4       17      537     2148      9247186789      9247188937         3638904          0        500          0          0
   4       17      516     2104      9247188960      9247191064         3641074          0        500          0          0
   4       17      511     2185      9247191087      9247193271         3643201          0        500          0          0
   4       17     2855     4578      9247193332      9247197911         3645447          0        500          0          0
   4       17      518     3844      9247197947      9247201791         3650062          0        500          0          0
   4       17      516     1232      9247201832      9247203064         3653947          0        500          0          0
   4       17     1956     4142      9247203091      9247207233         3655206          0        500          0          0
   4       17      511     2581      9247207263      9247209845         3659378          0        500          0          0
   4       17      518     2939      9247209869      9247212808         3661984          0        500          0          0
   4       17      546     2152      9247212837      9247214989         3664952          0        500          0          0
   4       17      511     1450      9247215017      9247216467         3667131          0        500          0          0
   4       17      520     2613      9247216493      9247219106         3668607          0        500          0          0
   4       17      511     4408      9247219132      9247223540         3671246          0        500          0          0
   4       17      517     2082      9247223566      9247225648         3675680          0        500          0          0
   4       17      520     2345      9247225670      9247228015         3677785          0        500          0          0
   4       17      511     2599      9247228040      9247230639         3680155          0        500          0          0
   4       17      518     2211      9247230664      9247232875         3682779          0        500          0          0
   4       17      522     2684      9247232895      9247235580         3685010          0        500          0          0
   4       17     2559     4803      9247235618      9247240421         3687733          0        500          0          0
   4       17      511     4294      9247240455      9247244748         3692569          0        500          0          0
   4       17      518     2296      9247244770      9247247067         3696885          0        500          0          0
   4       17      511     2627      9247247086      9247249713         3699201          0        500          0          0
   4       17      519     2084      9247249758      9247251841         3701872          0        500          0          0
   4       17      537     2144      9247251867      9247254011         3703982          0        500          0          0
   4       17      511     2096      9247254034      9247256130         3706148          0        500          0          0
   4       17      511     2064      9247256152      9247258215         3708267          0        500          0          0
   4       17      511     2798      9247258240      9247261038         3710354          0        500          0          0
   4       17      511     2643      9247261067      9247263710         3713182          0        500          0          0
   4       17     2013     4322      9247263742      9247268064         3715857          0        500          0          0
   4       17      511     2613      9247268088      9247270701         3720202          0        500          0          0
   4       17      518     4100      9247270748      9247274848         3722863          0        500          0          0
   4       17      517     1510      9247274900      9247276410         3727015          0        500          0          0
   4       17      511     1624      9247276429      9247278053         3728544          0        500          0          0
   4       17      511     2881      9247278070      9247280951         3730185          0        500          0          0
   4       17     1994     5908      9247280979      9247286887         3733094          0        500          0          0
   4       17      516     2716      9247286933      9247289649         3739048          0        500          0          0
   4       17      519     2408      9247289703      9247292110         3741817          0        500          0          0
   4       17      511     2659      9247292136      9247294794         3744250          0        500          0          0
   4       17      518     2207      9247294819      9247297026         3746934          0        500          0          0
   4       17      511     1766      9247297051      9247298816         3749166          0        500          0          0
   4       17      518     2837      9247298838      9247301675         3750953          0        500          0          0
   4       17      518     2646      9247301694      9247304340         3753809          0        500          0          0
   4       17      511     3311      9247304364      9247307675         3756479          0        500          0          0
   4       17      516     2070      9247307726      9247309796         3759840          0        500          0          0
   4       17      517     2940      9247309817      9247312757         3761932          0        500          0          0
   4       17      517     2060      9247312804      9247314864         3764919          0        500          0          0
   4       17      517     2739      9247314886      9247317625         3767000          0        500          0          0
   4       17      517     2667      9247317645      9247320312         3769759          0        500          0          0
   4       17     1070     2738      9247320344      9247323081         3772459          0        500          0          0
   4       17      511     2852      9247323102      9247325954         3775216          0        500          0          0
   4       17      520     2209      9247325986      9247328194         3778100          0        500          0          0
   4       17      511     2836      9247328215      9247331051         3780330          0        500          0          0
   4       17      511     2191      9247331080      9247333272         3783195          0        500          0          0
   4       17      511     4593      9247333293      9247337886         3785407          0        500          0          0
   4       17      519     3131      9247337911      9247341042         3790026          0        500          0          0
   4       17      511     1648      9247341065      9247342712         3793179          0        500          0          0
   4       17      517     3307      9247342728      9247346035         3794843          0        500          0          0
   4       17      511     1879      9247346068      9247347946         3798182          0        500          0          0
   4       17      518     2175      9247347974      9247350150         3800089          0        500          0          0
   4       17      511     2751      9247350170      9247352921         3802285          0        500          0          0
   4       17     2680     7114      9247352946      9247360060         3805061          0        500          0          0
   4       17      511     1890      9247360086      9247361976         3812200          0        500          0          0
   4       17      518     3115      9247361994      9247365109         3814109          0        500          0          0
   4       17      511     2671      9247365133      9247367804         3817248          0        500          0          0
   4       17      517     1640      9247367829      9247369469         3819944          0        500          0          0
   4       17      518     2098      9247369492      9247371590         3821607          0        500          0          0
   4       17      517     2722      9247371608      9247374329         3823722          0        500          0          0
   4       17      511     2584      9247374363      9247376947         3826478          0        500          0          0
   4       17      519     2553      9247376971      9247379524         3829086          0        500          0          0
   4       17     2517     5002      9247379576      9247384578         3831691          0        500          0          0
   4       17      517     2388      9247384602      9247386990         3836717          0        500          0          0
   4       17      511     2731      9247387019      9247389750         3839134          0        500          0          0
   4       17      517     2336      9247389775      9247392111         3841890          0        500          0          0
   4       17      511     2178      9247392135      9247394312         3844249          0        500          0          0
   4       17      511     2904      9247394335      9247397240         3846450          0        500          0          0
   4       17      511     2488      9247397265      9247399752         3849379          0        500          0          0
   4       17     1067     1926      9247399776      9247401702         3851890          0        500          0          0
   4       17      518     2961      9247401718      9247404678         3853832          0        500          0          0
   4       17      519     3207      9247404706      9247407913         3856821          0        500          0          0
   4       17      520     1698      9247407942      9247409640         3860057          0        500          0          0
   4       17      518     2544      9247409662      9247412206         3861777          0        500          0          0
   4       17     2811     4292      9247412238      9247416530         3864352          0        500          0          0
   4       17      520     1684      9247416561      9247418245         3868676          0        500          0          0
   4       17      511     3524      9247418270      9247421794         3870385          0        500          0          0
   4       17      546     2751      9247421828      9247424578         3873943          0        500          0          0
   4       17      523     2849      9247424608      9247427457         3876722          0        500          0          0
   4       17      511     3783      9247427488      9247431270         3879603          0        500          0          0
   4       17      511     1192      9247431296      9247432488         3883411          0        500          0          0
   4       17     1804     2590      9247432517      9247435108         3884632          0        500          0          0
   4       17      511     2773      9247435128      9247437901         3887243          0        500          0          0
   4       17      519     2718      9247437924      9247440643         3890039          0        500          0          0
   4       17      518     2609      9247440662      9247443272         3892777          0        500          0          0
   4       17      511     2652      9247443291      9247445943         3895406          0        500          0          0
   4       17      519     3112      9247445963      9247449075         3898078          0        500          0          0
   4       17      511     1666      9247449095      9247450761         3901210          0        500          0          0
   4       17      517     2894      9247450779      9247453673         3902894          0        500          0          0
   4       17      563     2869      9247453705      9247456574         3905820          0        500          0          0
   4       17      517     2791      9247456599      9247459390         3908714          0        500          0          0
   4       17      511     2664      9247459420      9247462084         3911534          0        500          0          0
   4       17      511     4477      9247462114      9247466591         3914229          0        500          0          0
   4       17      518     2848      9247466652      9247469500         3918767          0        500          0          0
   4       17      516     3255      9247469519      9247472774         3921634          0        500          0          0
   4       17      520     2689      9247472825      9247475514         3924940          0        500          0          0
   4       17      517     2720      9247475540      9247478259         3927654          0        500          0          0
   4       17      511     3522      9247478283      9247481805         3930398          0        500          0          0
   4       17      546     3253      9247481835      9247485089         3933950          0        500          0          0
   4       17      511     2694      9247485125      9247487819         3937240          0        500          0          0
   4       17      519     2664      9247487839      9247490503         3939954          0        500          0          0
   4       17      517     2655      9247490527      9247493182         3942642          0        500          0          0
   4       17      511     2021      9247493206      9247495227         3945321          0        500          0          0
   4       17      511     2293      9247495256      9247497549         3947370          0        500          0          0
   4       17      523     2498      9247497583      9247500081         3949698          0        500          0          0
   4       17      511     2269      9247500106      9247502375         3952221          0        500          0          0
   4       17      511     2601      9247502392      9247504994         3954507          0        500          0          0
   4       17      511     2527      9247505019      9247507546         3957133          0        500          0          0
   4       17     4816     6049      9247507568      9247513616         3959682          0        500          0          0
   4       17      518     2899      9247513641      9247516540         3965756          0        500          0          0
   4       17      518     2471      9247516567      9247519038         3968682          0        500          0          0
   4       17      511     1526      9247519067      9247520593         3971182          0        500          0          0
   4       17      539     2399      9247520614      9247523013         3972729          0        500          0          0
   4       17      511     2460      9247523033      9247525493         3975148          0        500          0          0
   4       17     1630     3079      9247525518      9247528597         3977633          0        500          0          0
   4       17      518     2438      9247528623      9247531062         3980738          0        500          0          0
   4       17      511     2270      9247531086      9247533356         3983201          0        500          0          0
   4       17     2960     4455      9247533382      9247537837         3985497          0        500          0          0
   4       17      520     2749      9247537869      9247540618         3989984          0        500          0          0
   4       17      518     2677      9247540677      9247543353         3992791          0        500          0          0
   4       17      511     2028      9247543379      9247545407         3995494          0        500          0          0
   4       17      511     1998      9247545431      9247547429         3997546          0        500          0          0
   4       17      511     2627      9247547453      9247550080         3999568          0        500          0          0
   4       17      511     2813      9247550108      9247552921         4002223          0        500          0          0
   4       17      520     2606      9247552946      9247555552         4005061          0        500          0          0
   4       17      516     2728      9247555574      9247558302         4007688          0        500          0          0
   4       17      511     4258      9247558329      9247562587         4010444          0        500          0          0
   4       17      519     2539      9247562610      9247565149         4014725          0        500          0          0
   4       17      511     2122      9247565210      9247567332         4017325          0        500          0          0
   4       17      511     2596      9247567360      9247569956         4019475          0        500          0          0
   4       17      519     2167      9247569981      9247572149         4022096          0        500          0          0
   4       17      511     2046      9247572173      9247574218         4024287          0        500          0          0
   4       17      511     2403      9247574243      9247576645         4026357          0        500          0          0
   4       17     2567     5030      9247576674      9247581704         4028788          0        500          0          0
   4       17      519     2637      9247581735      9247584373         4033850          0        500          0          0
   4       17      511     2746      9247584394      9247587140         4036509          0        500          0          0
   4       17      511     3266      9247587163      9247590428         4039278          0        500          0          0
   4       17      511     3151      9247590455      9247593606         4042569          0        500          0          0
   4       17      522     2772      9247593640      9247596412         4045755          0        500          0          0
   4       17      511     3569      9247596442      9247600011         4048557          0        500          0          0
   4       17      511     1869      9247600033      9247601902         4052148          0        500          0          0
   4       17      517     1627      9247601926      9247603553         4054040          0        500          0          0
   4       17      517     2638      9247603572      9247606210         4055687          0        500          0          0
   4       17      511     2610      9247606242      9247608851         4058356          0        500          0          0
   4       17      519     2652      9247608876      9247611528         4060991          0        500          0          0
   4       17      520     2221      9247611553      9247613774         4063667          0        500          0          0
   4       17     3578     5311      9247613797      9247619108         4065911          0        500          0          0
   4       17      511     3702      9247619133      9247622834         4071247          0        500          0          0
   4       17     1091     3146      9247622867      9247626013         4074982          0        500          0          0
   4       17      511     2018      9247626035      9247628053         4078149          0        500          0          0
   4       17      511     1575      9247628083      9247629658         4080197          0        500          0          0
   4       17      521     2881      9247629685      9247632566         4081800          0        500          0          0
   4       17      523     2234      9247632595      9247634830         4084710          0        500          0          0
   4       17     1069     2879      9247634856      9247637735         4086971          0        500          0          0
   4       17      519     2576      9247637762      9247640338         4089877          0        500          0          0
   4       17     2560     4723      9247640363      9247645086         4092478          0        500          0          0
   4       17      511     2252      9247645122      9247647375         4097237          0        500          0          0
   4       17      511     2151      9247647399      9247649550         4099513          0        500          0          0
   4       17      520     2154      9247649568      9247651722         4101683          0        500          0          0
   4       17      518     1645      9247651746      9247653390         4103860          0        500          0          0
   4       17      511     2154      9247653410      9247655565         4105525          0        500          0          0
   4       17     3741     5356      9247655618      9247660974         4107732          0        500          0          0
   4       17      517     2090      9247660996      9247663087         4113111          0        500          0          0
   4       17      511     2213      9247663103      9247665316         4115218          0        500          0          0
   4       17      511     1609      9247665334      9247666944         4117449          0        500          0          0
   4       17      516     2134      9247666978      9247669111         4119092          0        500          0          0
   4       17      511     2128      9247669129      9247671257         4121243          0        500          0          0
   4       17      511     2123      9247671272      9247673395         4123387          0        500          0          0
   4       17      511     2125      9247673409      9247675534         4125524          0        500          0          0
   4       17     1588     3200      9247675551      9247678751         4127666          0        500          0          0
   4       17      516     2129      9247678766      9247680895         4130881          0        500          0          0
   4       17      516     1629      9247680910      9247682538         4133025          0        500          0          0
   4       17      516     2128      9247682553      9247684681         4134668          0        500          0          0
   4       17      516     2135      9247684698      9247686833         4136812          0        500          0          0
   4       17      516     1593      9247686850      9247688443         4138965          0        500          0          0
   4       17      511     1669      9247688459      9247690128         4140574          0        500          0          0
   4       17      511     1860      9247690148      9247692008         4142263          0        500          0          0
   4       17      511     1875      9247692023      9247693898         4144138          0        500          0          0
   4       17      516     2675      9247693913      9247696588         4146028          0        500          0          0
   4       17      517     2133      9247696605      9247698737         4148719          0        500          0          0
   4       17      517     1595      9247698753      9247700348         4150868          0        500          0          0
   4       17      511     2123      9247700364      9247702487         4152479          0        500          0          0
   4       17     3191     3738      9247702502      9247706241         4154617          0        500          0          0
   4       17      511     3779      9247706256      9247710035         4158371          0        500          0          0
   4       17      511     1078      9247710058      9247711136         4162173          0        500          0          0
   4       17      511     1100      9247711152      9247712252         4163267          0        500          0          0
   4       17     2152     3391      9247712270      9247715661         4164384          0        500          0          0
   4       17      517     1991      9247715677      9247717668         4167792          0        500          0          0
   4       17      516     2132      9247717683      9247719815         4169798          0        500          0          0
   4       17      516     2123      9247719832      9247721956         4171947          0        500          0          0
   4       17      516     2126      9247721970      9247724096         4174085          0        500          0          0
   4       17      511     2658      9247724111      9247726768         4176225          0        500          0          0
   4       17      516     1593      9247726786      9247728379         4178901          0        500          0          0
   4       17      511     1592      9247728397      9247729989         4180512          0        500          0          0
   4       17      518     2170      9247730606      9247732776         4182721          0        500          0          0
   4       17      516     2148      9247732813      9247734962         4184928          0        500          0          0
   4       17      516     1590      9247734996      9247736586         4187111          0        500          0          0
   4       17      516     2125      9247736600      9247738725         4188715          0        500          0          0
   4       17     1861     3202      9247738740      9247741942         4190855          0        500          0          0
   4       17      517     1593      9247741957      9247743551         4194072          0        500          0          0
   4       17      516     2123      9247743564      9247745687         4195679          0        500          0          0
   4       17      517     2123      9247745702      9247747825         4197816          0        500          0          0
   4       17      516     2121      9247747839      9247749959         4199953          0        500          0          0
   4       17      519     1569      9247749974      9247751543         4202089          0        500          0          0
   4       17     1629     3287      9247751561      9247754848         4203676          0        500          0          0
   4       17      516     1642      9247754866      9247756508         4206981          0        500          0          0
   4       17      516     1591      9247756523      9247758115         4208638          0        500          0          0
   4       17      511     2134      9247758130      9247760264         4210245          0        500          0          0
   4       17      511     2133      9247760281      9247762414         4212396          0        500          0          0
   4       17      511     1596      9247762430      9247764026         4214545          0        500          0          0
   4       17      511     1966      9247764043      9247766009         4216158          0        500          0          0
   4       17     1053     1760      9247766023      9247767784         4218138          0        500          0          0
   4       17      517     2124      9247767798      9247769922         4219912          0        500          0          0
   4       17      516     2130      9247769936      9247772066         4222051          0        500          0          0
   4       17      511     2126      9247772082      9247774207         4224196          0        500          0          0
   4       17      511     1855      9247774224      9247776079         4226339          0        500          0          0
   4       17      511     1867      9247776096      9247777963         4228211          0        500          0          0
   4       17      516     2129      9247777978      9247780107         4230093          0        500          0          0
   4       17      511     1585      9247780123      9247781708         4232238          0        500          0          0
   4       17      517     2162      9247781723      9247783885         4233838          0        500          0          0
   4       17      517     2136      9247783901      9247786036         4236015          0        500          0          0
   4       17      511     2124      9247786054      9247788178         4238169          0        500          0          0
   4       17      511     2123      9247788193      9247790317         4240308          0        500          0          0
   4       17      511     1587      9247790333      9247791920         4242448          0        500          0          0
   4       17      516     2133      9247791934      9247794067         4244049          0        500          0          0
   4       17      511     2130      9247794084      9247796214         4246198          0        500          0          0
   4       17      511     1613      9247796230      9247797843         4248345          0        500          0          0
   4       17      518     2119      9247797895      9247800015         4250010          0        500          0          0
   4       17      511     3193      9247800030      9247803222         4252144          0        500          0          0
   4       17      511     2124      9247803237      9247805361         4255352          0        500          0          0
   4       17      511     2121      9247805376      9247807497         4257490          0        500          0          0
   4       17      517     2125      9247807512      9247809638         4259627          0        500          0          0
   4       17      517     1590      9247809651      9247811241         4261766          0        500          0          0
   4       17      511     1587      9247811256      9247812843         4263371          0        500          0          0
   4       17      517     2124      9247812857      9247814980         4264971          0        500          0          0
   4       17      516     2137      9247814994      9247817131         4267109          0        500          0          0
   4       17      511     1589      9247817147      9247818737         4269262          0        500          0          0
   4       17     1593     3199      9247818752      9247821951         4270867          0        500          0          0
   4       17      516     2660      9247821967      9247824627         4274082          0        500          0          0
   4       17      517     2720      9247824645      9247827365         4276760          0        500          0          0
   4       17      511     2197      9247827382      9247829579         4279497          0        500          0          0
   4       17      517     1601      9247829603      9247831204         4281718          0        500          0          0
   4       17      511     1590      9247831221      9247832811         4283336          0        500          0          0
   4       17      517     2148      9247832849      9247834997         4284964          0        500          0          0
   4       17      511     2125      9247835018      9247837144         4287133          0        500          0          0
   4       17      511     2127      9247837161      9247839288         4289276          0        500          0          0
   4       17      511     1587      9247839306      9247840892         4291420          0        500          0          0
   4       17     2031     2673      9247840910      9247843583         4293025          0        500          0          0
   4       17      515     2131      9247843601      9247845732         4295716          0        500          0          0
   4       17      517     1593      9247845749      9247847341         4297863          0        500          0          0
   4       17      511     2127      9247847356      9247849483         4299471          0        500          0          0
   4       17      520     2131      9247849499      9247851630         4301614          0        500          0          0
   4       17      517     1896      9247851647      9247853543         4303762          0        500          0          0
   4       17     2395     3480      9247853558      9247857038         4305673          0        500          0          0
   4       17      511     2662      9247857056      9247859718         4309170          0        500          0          0
   4       17      517     2130      9247859736      9247861866         4311851          0        500          0          0
   4       17      516     1600      9247861883      9247863483         4313997          0        500          0          0
   4       17      516     1598      9247863499      9247865097         4315614          0        500          0          0
   4       17      511     2134      9247865114      9247867248         4317229          0        500          0          0
   4       17      511     2124      9247867264      9247869388         4319379          0        500          0          0
   4       17      511     2126      9247869439      9247871565         4321554          0        500          0          0
   4       17      517     1593      9247871580      9247873173         4323695          0        500          0          0
   4       17      511     2591      9247873188      9247875779         4325302          0        500          0          0
   4       17      517     1609      9247875821      9247877431         4327936          0        500          0          0
   4       17      511     1684      9247877447      9247879131         4329562          0        500          0          0
   4       17      511     2664      9247879148      9247881812         4331262          0        500          0          0
   4       17      517     1592      9247881829      9247883421         4333943          0        500          0          0
   4       17      511     2129      9247883437      9247885566         4335552          0        500          0          0
   4       17     1596     3209      9247885583      9247888792         4337698          0        500          0          0
   4       17      515     2120      9247888809      9247890929         4340924          0        500          0          0
   4       17      517     2155      9247890946      9247893101         4343061          0        500          0          0
   4       17      511     2129      9247893118      9247895247         4345232          0        500          0          0
   4       17      511     2175      9247895296      9247897471         4347411          0        500          0          0
   4       17      519     1519      9247897491      9247899009         4349605          0        500          0          0
   4       17      511     1623      9247899028      9247900650         4351142          0        500          0          0
   4       17      516     2173      9247900822      9247902995         4352937          0        500          0          0
   4       17      511     1588      9247903022      9247904611         4355137          0        500          0          0
   4       17     2152     3776      9247904628      9247908404         4356743          0        500          0          0
   4       17      511     2110      9247908421      9247910530         4360536          0        500          0          0
   4       17      516     1665      9247910547      9247912212         4362661          0        500          0          0
   4       17     2178     6905      9247912240      9247919145         4364355          0        500          0          0
   4       17      539     1623      9247919165      9247920788         4371279          0        500          0          0
   4       17      517     1598      9247920802      9247922400         4372917          0        500          0          0
   4       17      511     2140      9247922418      9247924558         4374533          0        500          0          0
   4       17      516     1596      9247924576      9247926172         4376691          0        500          0          0
   4       17      511     2179      9247926187      9247928366         4378302          0        500          0          0
   4       17      511     4634      9247928384      9247933018         4380499          0        500          0          0
   4       17      511     3964      9247933045      9247937009         4385159          0        500          0          0
   4       17      511     1586      9247937022      9247938608         4389137          0        500          0          0
   4       17      517     1406      9247938623      9247940028         4390737          0        500          0          0
   4       17      511     4347      9247940043      9247944390         4392158          0        500          0          0
   4       17      511     5713      9247944408      9247950121         4396523          0        500          0          0
   4       17      511     1095      9247950145      9247951240         4402260          0        500          0          0
   4       17      537     2185      9247951302      9247953487         4403417          0        500          0          0
   4       17      517     2133      9247953505      9247955638         4405620          0        500          0          0
   4       17      516     1599      9247955655      9247957254         4407770          0        500          0          0
   4       17      511     5759      9247957268      9247963028         4409383          0        500          0          0
   4       17      511     2161      9247963060      9247965221         4415175          0        500          0          0
   4       17      511     2144      9247965239      9247967383         4417354          0        500          0          0
   4       17      511     2177      9247967401      9247969578         4419516          0        500          0          0
   4       17      516     2134      9247969596      9247971730         4421711          0        500          0          0
   4       17      517     1600      9247971748      9247973348         4423862          0        500          0          0
   4       17      511     3250      9247973363      9247976613         4425478          0        500          0          0
   4       17      520     2188      9247976640      9247978828         4428755          0        500          0          0
   4       17      516     2183      9247978843      9247981026         4430958          0        500          0          0
   4       17      511     2865      9247981048      9247983913         4433163          0        500          0          0
   4       17     2529     3181      9247983959      9247987140         4436073          0        500          0          0
   4       17     2131     5550      9247987161      9247992710         4439276          0        500          0          0
   4       17      517     3302      9247992734      9247996036         4444849          0        500          0          0
   4       17      511     2021      9247996071      9247998091         4448185          0        500          0          0
   4       17      511     1898      9247998114      9248000012         4450228          0        500          0          0
   4       17      511     2000      9248000036      9248002036         4452151          0        500          0          0
   4       17      511     1406      9248002065      9248003471         4454180          0        500          0          0
   4       17     1690     2782      9248003497      9248006280         4455612          0        500          0          0
   4       17      511     2794      9248006298      9248009092         4458413          0        500          0          0
   4       17      511     3672      9248009122      9248012795         4461237          0        500          0          0
   4       17      518     1381      9248012816      9248014197         4464930          0        500          0          0
   4       17      511     2733      9248014214      9248016947         4466329          0        500          0          0
   4       17     1423     2266      9248016976      9248019242         4469091          0        500          0          0
   4       17     2417     6221      9248019281      9248025503         4471396          0        500          0          0
   4       17      517     2632      9248025525      9248028157         4477640          0        500          0          0
   4       17      511     2256      9248028188      9248030443         4480302          0        500          0          0
   4       17      511     1609      9248030466      9248032075         4482581          0        500          0          0
   4       17     1555     2231      9248032104      9248034335         4484218          0        500          0          0
   4       17     2328     4398      9248034352      9248038751         4486467          0        500          0          0
   4       17      517     2578      9248038774      9248041352         4490889          0        500          0          0
   4       17      511     2141      9248041422      9248043563         4493537          0        500          0          0
   4       17      517     2745      9248043581      9248046325         4495696          0        500          0          0
   4       17      511     1903      9248046345      9248048248         4498460          0        500          0          0
   4       17      511     2285      9248048268      9248050554         4500383          0        500          0          0
   4       17      517     2971      9248050577      9248053548         4502692          0        500          0          0
   4       17     3553     5096      9248053572      9248058668         4505687          0        500          0          0
   4       17      516     4476      9248058692      9248063169         4510807          0        500          0          0
   4       17      511     2460      9248063193      9248065654         4515308          0        500          0          0
   4       17      517     1831      9248065677      9248067509         4517792          0        500          0          0
   4       17     2062     3546      9248067535      9248071081         4519649          0        500          0          0
   4       17      511     2700      9248071111      9248073810         4523226          0        500          0          0
   4       17      518     3380      9248073874      9248077253         4525988          0        500          0          0
   4       17      511     3612      9248077273      9248080884         4529387          0        500          0          0
   4       17      516     3271      9248080927      9248084198         4533042          0        500          0          0
   4       17      511     2724      9248084225      9248086949         4536340          0        500          0          0
   4       17      511     2026      9248087006      9248089033         4539121          0        500          0          0
   4       17      511     1694      9248089058      9248090752         4541172          0        500          0          0
   4       17      537     2727      9248090777      9248093504         4542892          0        500          0          0
   4       17      516     2638      9248093528      9248096166         4545643          0        500          0          0
   4       17      511     2233      9248096192      9248098424         4548307          0        500          0          0
   4       17      511     2681      9248098457      9248101138         4550572          0        500          0          0
   4       17      511     2816      9248101156      9248103972         4553271          0        500          0          0
   4       17      517     2622      9248103994      9248106616         4556109          0        500          0          0
   4       17      518     2628      9248106642      9248109271         4558757          0        500          0          0
   4       17     1154     2310      9248109294      9248111604         4561409          0        500          0          0
   4       17     1828     4042      9248111630      9248115672         4563745          0        500          0          0
   4       17      518     2811      9248115697      9248118507         4567811          0        500          0          0
   4       17      518     2019      9248118534      9248120553         4570649          0        500          0          0
   4       17      517     2065      9248120574      9248122638         4572688          0        500          0          0
   4       17     2094     4257      9248122660      9248126918         4574775          0        500          0          0
   4       17      517     2559      9248126948      9248129507         4579063          0        500          0          0
   4       17     1091     3358      9248129533      9248132891         4581648          0        500          0          0
   4       17      517     2152      9248132915      9248135068         4585030          0        500          0          0
   4       17      511     1894      9248135120      9248137015         4587235          0        500          0          0
   4       17      511     1867      9248137035      9248138902         4589150          0        500          0          0
   4       17      517     2727      9248138926      9248141653         4591041          0        500          0          0
   4       17     1078     3203      9248141679      9248144882         4593794          0        500          0          0
   4       17      518     2597      9248144903      9248147500         4597018          0        500          0          0
   4       17     3739     4285      9248147520      9248151805         4599635          0        500          0          0
   4       17      519     2671      9248151843      9248154513         4603958          0        500          0          0
   4       17      517     2062      9248154547      9248156609         4606662          0        500          0          0
   4       17      536     2340      9248156634      9248158974         4608748          0        500          0          0
   4       17      517     2757      9248158996      9248161753         4611110          0        500          0          0
   4       17      517     2755      9248161807      9248164562         4613922          0        500          0          0
   4       17      518     2427      9248164585      9248167013         4616700          0        500          0          0
   4       17     3044     4058      9248167038      9248171096         4619153          0        500          0          0
   4       17      511     1506      9248171122      9248172628         4623236          0        500          0          0
   4       17     1084     2647      9248172653      9248175300         4624768          0        500          0          0
   4       17      511     2571      9248175319      9248177891         4627434          0        500          0          0
   4       17      520     2692      9248177912      9248180604         4630027          0        500          0          0
   4       17      544     2406      9248180623      9248183030         4632738          0        500          0          0
   4       17     4967     5533      9248183056      9248188589         4635171          0        500          0          0
   4       17      516     2218      9248188612      9248190829         4640726          0        500          0          0
   4       17      518     1609      9248190855      9248192465         4642970          0        500          0          0
   4       17     2611     4070      9248192488      9248196559         4644603          0        500          0          0
   4       17      517     2168      9248196583      9248198752         4648698          0        500          0          0
   4       17      518     2662      9248198775      9248201437         4650890          0        500          0          0
   4       17      511     3172      9248201463      9248204634         4653577          0        500          0          0
   4       17      542     2660      9248204664      9248207323         4656778          0        500          0          0
   4       17      511     2125      9248207345      9248209470         4659460          0        500          0          0
   4       17     3843     6132      9248209495      9248215627         4661610          0        500          0          0
   4       17      518     2286      9248215651      9248217937         4667766          0        500          0          0
   4       17      516     2802      9248217984      9248220786         4670099          0        500          0          0
   4       17      517     2181      9248220838      9248223020         4672953          0        500          0          0
   4       17      511     2028      9248223042      9248225071         4675157          0        500          0          0
   4       17      511     2301      9248225096      9248227397         4677211          0        500          0          0
   4       17     2194     4926      9248227453      9248232379         4679567          0        500          0          0
   4       17      511     2718      9248232405      9248235122         4684520          0        500          0          0
   4       17      511     1871      9248235141      9248237012         4687256          0        500          0          0
   4       17      511     1779      9248237031      9248238810         4689146          0        500          0          0
   4       17      517     2648      9248238826      9248241473         4690941          0        500          0          0
   4       17      517     2545      9248241496      9248244041         4693611          0        500          0          0
   4       17     2543     4607      9248244072      9248248679         4696187          0        500          0          0
   4       17      519     2019      9248248702      9248250721         4700817          0        500          0          0
   4       17      522     2083      9248250738      9248252821         4702853          0        500          0          0
   4       17      520     2199      9248252857      9248255057         4704972          0        500          0          0
   4       17      511     2757      9248255073      9248257830         4707188          0        500          0          0
   4       17      518     2781      9248257854      9248260635         4709969          0        500          0          0
   4       17      519     2086      9248260656      9248262742         4712771          0        500          0          0
   4       17     2707     3801      9248262772      9248266573         4714887          0        500          0          0
   4       17      518     1573      9248266602      9248268175         4718717          0        500          0          0
   4       17      511     2740      9248268198      9248270938         4720313          0        500          0          0
   4       17      517     3246      9248270959      9248274206         4723074          0        500          0          0
   4       17      511     2144      9248274236      9248276380         4726351          0        500          0          0
   4       17      511     2467      9248276395      9248278862         4728510          0        500          0          0
   4       17     2164     5009      9248278891      9248283900         4731006          0        500          0          0
   4       17      519     2746      9248283930      9248286677         4736045          0        500          0          0
   4       17      518     2714      9248286703      9248289417         4738818          0        500          0          0
   4       17      511     4933      9248289439      9248294372         4741554          0        500          0          0
   4       17      511     1531      9248294407      9248295938         4746522          0        500          0          0
   4       17      520     3427      9248295967      9248299393         4748082          0        500          0          0
   4       17      682     2876      9248299419      9248302295         4751534          0        500          0          0
   4       17      511     1079      9248302316      9248303395         4754431          0        500          0          0
   4       17      511     2060      9248303421      9248305481         4755536          0        500          0          0
   4       17     1517     3509      9248305502      9248309011         4757617          0        500          0          0
   4       17      511     2081      9248309036      9248311118         4761151          0        500          0          0
   4       17      511     2352      9248311134      9248313486         4763249          0        500          0          0
   4       17     2625     4418      9248313513      9248317931         4765628          0        500          0          0
   4       17      517     2744      9248317955      9248320699         4770070          0        500          0          0
   4       17      517     2150      9248320758      9248322908         4772873          0        500          0          0
   4       17      517     2675      9248322924      9248325599         4775039          0        500          0          0
   4       17      517     2138      9248325623      9248327761         4777737          0        500          0          0
   4       17      518     2140      9248327778      9248329918         4779892          0        500          0          0
   4       17      517     2676      9248329936      9248332612         4782051          0        500          0          0
   4       17      516     2135      9248332628      9248334764         4784743          0        500          0          0
   4       17      516     3197      9248334782      9248337980         4786897          0        500          0          0
   4       17      516     2663      9248337993      9248340656         4790108          0        500          0          0
   4       17      517     1598      9248340674      9248342271         4792788          0        500          0          0
   4       17      511     2126      9248342287      9248344413         4794402          0        500          0          0
   4       17      511     2148      9248344430      9248346577         4796544          0        500          0          0
   4       17      517     2126      9248346593      9248348719         4798708          0        500          0          0
   4       17      517     1112      9248348737      9248349849         4800852          0        500          0          0
   4       17      516     2156      9248349864      9248352020         4801979          0        500          0          0
   4       17      511     2046      9248352039      9248354084         4804154          0        500          0          0
   4       17      511     1710      9248354100      9248355811         4806215          0        500          0          0
   4       17      516     2132      9248355830      9248357962         4807945          0        500          0          0
   4       17      516     3211      9248357978      9248361189         4810093          0        500          0          0
   4       17      511     1797      9248361212      9248363009         4813326          0        500          0          0
   4       17      511     1404      9248363027      9248364431         4815142          0        500          0          0
   4       17      511     2136      9248364448      9248366585         4816563          0        500          0          0
   4       17      517     2125      9248366599      9248368724         4818714          0        500          0          0
   4       17      516     1594      9248368741      9248370335         4820856          0        500          0          0
   4       17      511     2199      9248370352      9248372551         4822467          0        500          0          0
   4       17     2135     3211      9248372572      9248375783         4824687          0        500          0          0
   4       17      516     2128      9248375799      9248377927         4827914          0        500          0          0
   4       17      517     2126      9248377946      9248380072         4830061          0        500          0          0
   4       17      511     2125      9248380088      9248382214         4832203          0        500          0          0
   4       17      511     2121      9248382231      9248384352         4834346          0        500          0          0
   4       17      511     2133      9248384366      9248386499         4836481          0        500          0          0
   4       17     2654     4259      9248386517      9248390776         4838632          0        500          0          0
   4       17      516     1090      9248390816      9248391906         4842931          0        500          0          0
   4       17      516     1607      9248391924      9248393531         4844039          0        500          0          0
   4       17      517     2177      9248393589      9248395765         4845703          0        500          0          0
   4       17      516     2150      9248395804      9248397954         4847919          0        500          0          0
   4       17      516     2137      9248397990      9248400127         4850104          0        500          0          0
   4       17      511     2122      9248400147      9248402269         4852261          0        500          0          0
   4       17      511     2132      9248402284      9248404417         4854399          0        500          0          0
   4       17      511     1589      9248404433      9248406022         4856548          0        500          0          0
   4       17      511     2124      9248406037      9248408161         4858152          0        500          0          0
   4       17      511     2128      9248408176      9248410304         4860291          0        500          0          0
   4       17      511     1761      9248410318      9248412079         4862432          0        500          0          0
   4       17      511     1962      9248412093      9248414055         4864208          0        500          0          0
   4       17      511     2132      9248414071      9248416203         4866186          0        500          0          0
   4       17      511     1627      9248416221      9248417847         4868336          0        500          0          0
   4       17      516     2190      9248417886      9248420076         4870001          0        500          0          0
   4       17      511     2125      9248420096      9248422221         4872210          0        500          0          0
   4       17      511     2126      9248422235      9248424361         4874350          0        500          0          0
   4       17      511     2124      9248424379      9248426503         4876494          0        500          0          0
   4       17     2128     3206      9248426518      9248429724         4878633          0        500          0          0
   4       17      516     2162      9248429766      9248431928         4881881          0        500          0          0
   4       17      515     2045      9248431964      9248434009         4884078          0        500          0          0
   4       17      511     1588      9248434026      9248435614         4886140          0        500          0          0
   4       17      517     1689      9248435629      9248437317         4887744          0        500          0          0
   4       17      511     2129      9248437335      9248439464         4889450          0        500          0          0
   4       17      511     2125      9248439479      9248441604         4891593          0        500          0          0
   4       17      516     1924      9248441619      9248443543         4893733          0        500          0          0
   4       17     2383     2948      9248443556      9248446504         4895671          0        500          0          0
   4       17      516     2159      9248446520      9248448679         4898635          0        500          0          0
   4       17      517     2392      9248448693      9248451085         4900808          0        500          0          0
   4       17      511     1874      9248451102      9248452976         4903217          0        500          0          0
   4       17      516     1594      9248452990      9248454584         4905105          0        500          0          0
   4       17      517     2128      9248454598      9248456727         4906713          0        500          0          0
   4       17      516     2160      9248456764      9248458924         4908878          0        500          0          0
   4       17      516     1595      9248458941      9248460536         4911055          0        500          0          0
   4       17      516     1988      9248460552      9248462540         4912666          0        500          0          0
   4       17     1750     3907      9248462600      9248466508         4914715          0        500          0          0
   4       17      516     2128      9248466526      9248468654         4918641          0        500          0          0
   4       17      516     2661      9248468670      9248471332         4920785          0        500          0          0
   4       17      511     2124      9248471345      9248473470         4923460          0        500          0          0
   4       17      511     1073      9248473485      9248474558         4925600          0        500          0          0
   4       17      517     2148      9248474572      9248476719         4926687          0        500          0          0
   4       17      516     2152      9248476752      9248478904         4928867          0        500          0          0
   4       17      516     1592      9248478918      9248480510         4931033          0        500          0          0
   4       17      516     2124      9248480524      9248482648         4932639          0        500          0          0
   4       17     2524     3348      9248482661      9248486009         4934776          0        500          0          0
   4       17      511     1232      9248486029      9248487261         4938144          0        500          0          0
   4       17      511     1890      9248487276      9248489166         4939391          0        500          0          0
   4       17      511     2164      9248489182      9248491346         4941297          0        500          0          0
   4       17      511     2180      9248491362      9248493542         4943477          0        500          0          0
   4       17      516     1450      9248493561      9248495011         4945676          0        500          0          0
   4       17     1589     2817      9248495026      9248497842         4947141          0        500          0          0
   4       17      518     1601      9248497860      9248499461         4949975          0        500          0          0
   4       17      511     2125      9248499475      9248501601         4951590          0        500          0          0
   4       17      517     1593      9248501617      9248503210         4953732          0        500          0          0
   4       17      516     1593      9248503758      9248505351         4955873          0        500          0          0
   4       17      511     2123      9248505366      9248507489         4957481          0        500          0          0
   4       17     3587     4133      9248507503      9248511636         4959618          0        500          0          0
   4       17      516     1757      9248511651      9248513408         4963766          0        500          0          0
   4       17     1210     2164      9248513423      9248515587         4965538          0        500          0          0
   4       17      517     1623      9248515601      9248517224         4967716          0        500          0          0
   4       17      511     2136      9248517238      9248519374         4969353          0        500          0          0
   4       17      511     2134      9248519391      9248521524         4971505          0        500          0          0
   4       17      518     2131      9248521540      9248523671         4973655          0        500          0          0
   4       17      517     1590      9248523686      9248525276         4975801          0        500          0          0
   4       17      511     2660      9248525289      9248527949         4977404          0        500          0          0
   4       17      517     2131      9248527966      9248530097         4980081          0        500          0          0
   4       17      511     1610      9248530113      9248531723         4982228          0        500          0          0
   4       17      517     1583      9248531740      9248533323         4983855          0        500          0          0
   4       17      511     2127      9248533372      9248535499         4985487          0        500          0          0
   4       17      516     2028      9248535514      9248537542         4987629          0        500          0          0
   4       17     1687     3296      9248537556      9248540851         4989670          0        500          0          0
   4       17      517     2663      9248540865      9248543529         4992980          0        500          0          0
   4       17      516     2126      9248543544      9248545670         4995658          0        500          0          0
   4       17      516     3197      9248545686      9248548884         4997801          0        500          0          0
   4       17      516     1591      9248548899      9248550490         5001014          0        500          0          0
   4       17      519     2133      9248550506      9248552639         5002621          0        500          0          0
   4       17      517     2129      9248552653      9248554782         5004768          0        500          0          0
   4       17      516     2199      9248554798      9248556998         5006913          0        500          0          0
   4       17      511     1579      9248557020      9248558599         5009134          0        500          0          0
   4       17      516     2157      9248558618      9248560775         5010733          0        500          0          0
   4       17      516     1631      9248560811      9248562443         5012926          0        500          0          0
   4       17      511     1633      9248562463      9248564096         5014578          0        500          0          0
   4       17      511     2255      9248564114      9248566369         5016229          0        500          0          0
   4       17      511     3757      9248566392      9248570149         5018507          0        500          0          0
   4       17      511     3724      9248570165      9248573888         5022279          0        500          0          0
   4       17      517     2129      9248573905      9248576034         5026020          0        500          0          0
   4       17      511     1960      9248576049      9248578009         5028164          0        500          0          0
   4       17      511     5223      9248578032      9248583254         5030146          0        500          0          0
   4       17      511     1597      9248583270      9248584867         5035385          0        500          0          0
   4       17      518     2146      9248584884      9248587030         5036999          0        500          0          0
   4       17      511     2128      9248587046      9248589175         5039161          0        500          0          0
   4       17      511     2701      9248589189      9248591890         5041304          0        500          0          0
   4       17      516     6203      9248591909      9248598112         5044024          0        500          0          0
   4       17      511     1598      9248598134      9248599733         5050249          0        500          0          0
   4       17      517     1595      9248599747      9248601342         5051862          0        500          0          0
   4       17      511     1586      9248601357      9248602943         5053471          0        500          0          0
   4       17      516     1592      9248602957      9248604548         5055071          0        500          0          0
   4       17      517     5003      9248604563      9248609566         5056678          0        500          0          0
   4       17      517     3834      9248609589      9248613424         5061704          0        500          0          0
   4       17      511     2151      9248613443      9248615594         5065558          0        500          0          0
   4       17      516     3734      9248615611      9248619345         5067726          0        500          0          0
   4       17      511     3039      9248619405      9248622444         5071519          0        500          0          0
   4       17      511     6197      9248622475      9248628672         5074590          0        500          0          0
   4       17      517     1097      9248628697      9248629794         5080811          0        500          0          0
   4       17      517     1090      9248629813      9248630903         5081928          0        500          0          0
   4       17      517     2732      9248630922      9248633654         5083037          0        500          0          0
   4       17      518     7012      9248633677      9248640689         5085792          0        500          0          0
   4       17      517     1087      9248640735      9248641822         5092850          0        500          0          0
   4       17      516     1658      9248641840      9248643498         5093955          0        500          0          0
   4       17      517     1597      9248643517      9248645113         5095631          0        500          0          0
   4       17      511     1883      9248645130      9248647013         5097245          0        500          0          0
   4       17      511     2159      9248647036      9248649195         5099151          0        500          0          0
   4       17      511     2594      9248649214      9248651808         5101329          0        500          0          0
   4       17      517     2822      9248651865      9248654686         5103979          0        500          0          0
   4       17     1674     2552      9248654713      9248657265         5106828          0        500          0          0
   4       17     3450     4896      9248657297      9248662193         5109412          0        500          0          0
   4       17      511     3036      9248662219      9248665255         5114333          0        500          0          0
   4       17      511     3229      9248665282      9248668511         5117397          0        500          0          0
   4       17      522     2769      9248668543      9248671312         5120658          0        500          0          0
   4       17      511     2124      9248671342      9248673466         5123457          0        500          0          0
   4       17      520     1505      9248673490      9248674995         5125605          0        500          0          0
   4       17      511     2859      9248675026      9248677885         5127141          0        500          0          0
   4       17      518     2714      9248677913      9248680627         5130028          0        500          0          0
   4       17      518     2473      9248680649      9248683122         5132764          0        500          0          0
   4       17      511     4666      9248683136      9248687802         5135251          0        500          0          0
   4       17      518     2718      9248687831      9248690550         5139946          0        500          0          0
   4       17      521     3325      9248690576      9248693901         5142691          0        500          0          0
   4       17      519     2785      9248693928      9248696713         5146043          0        500          0          0
   4       17      517     2696      9248696736      9248699432         5148851          0        500          0          0
   4       17      511     3264      9248699456      9248702720         5151571          0        500          0          0
   4       17      518     2077      9248702742      9248704819         5154857          0        500          0          0
   4       17      520     2032      9248704844      9248706876         5156959          0        500          0          0
   4       17      519     2521      9248706900      9248709422         5159015          0        500          0          0
   4       17     1057     2576      9248709446      9248712022         5161561          0        500          0          0
   4       17      511     2325      9248712086      9248714411         5164201          0        500          0          0
   4       17      511     2945      9248714439      9248717384         5166554          0        500          0          0
   4       17     2573     4503      9248717411      9248721914         5169526          0        500          0          0
   4       17      519     1615      9248721948      9248723563         5174063          0        500          0          0
   4       17      517     2569      9248723580      9248726149         5175695          0        500          0          0
   4       17      511     2788      9248726174      9248728962         5178289          0        500          0          0
   4       17      517     2802      9248728985      9248731788         5181100          0        500          0          0
   4       17      518     2228      9248731814      9248734042         5183929          0        500          0          0
   4       17      511     4339      9248734073      9248738412         5186188          0        500          0          0
   4       17      511     2776      9248738437      9248741213         5190551          0        500          0          0
   4       17      511     2975      9248741233      9248744209         5193348          0        500          0          0
   4       17      511     3212      9248744238      9248747450         5196353          0        500          0          0
   4       17      511     2041      9248747476      9248749517         5199591          0        500          0          0
   4       17      519     1490      9248749546      9248751036         5201660          0        500          0          0
   4       17      511     3774      9248751054      9248754828         5203169          0        500          0          0
   4       17      544     2673      9248754861      9248757535         5206976          0        500          0          0
   4       17      524     2141      9248757563      9248759704         5209678          0        500          0          0
   4       17      521     2234      9248759731      9248761966         5211846          0        500          0          0
   4       17      511     2343      9248764129      9248766471         5216243          0        500          0          0
   4       17     1078     3697      9248766499      9248770196         5218613          0        500          0          0
   4       17      511     2320      9248770226      9248772546         5222340          0        500          0          0
   4       17      517     1461      9248772564      9248774025         5224679          0        500          0          0
   4       17      511     2992      9248774042      9248777034         5226157          0        500          0          0
   4       17      511     2204      9248777059      9248779263         5229174          0        500          0          0
   4       17     2674     4221      9248779287      9248783508         5231402          0        500          0          0
   4       17      520     2186      9248783538      9248785725         5235653          0        500          0          0
   4       17      518     2643      9248785788      9248788430         5237902          0        500          0          0
   4       17      511     2677      9248788455      9248791131         5240569          0        500          0          0
   4       17      511     2182      9248791155      9248793337         5243269          0        500          0          0
   4       17      511     2650      9248793362      9248796012         5245477          0        500          0          0
   4       17     1601     2252      9248796036      9248798288         5248151          0        500          0          0
   4       17      511     3545      9248798312      9248801857         5250427          0        500          0          0
   4       17      516     2647      9248801881      9248804528         5253996          0        500          0          0
   4       17      518     2698      9248804577      9248807275         5256692          0        500          0          0
   4       17      511     1731      9248807296      9248809026         5259410          0        500          0          0
   4       17     2834     5394      9248809052      9248814446         5261167          0        500          0          0
   4       17      511     2945      9248814478      9248817423         5266593          0        500          0          0
   4       17      511     3322      9248817455      9248820777         5269570          0        500          0          0
   4       17      518     2700      9248820802      9248823502         5272917          0        500          0          0
   4       17      517     2652      9248823526      9248826179         5275641          0        500          0          0
   4       17      511     1262      9248826202      9248827463         5278316          0        500          0          0
   4       17      511     4984      9248827488      9248832472         5279603          0        500          0          0
   4       17      518     2257      9248832495      9248834752         5284610          0        500          0          0
   4       17      516     3041      9248834792      9248837833         5286907          0        500          0          0
   4       17      520     2519      9248837866      9248840386         5289981          0        500          0          0
   4       17      511     1608      9248840411      9248842019         5292526          0        500          0          0
   4       17      511     2170      9248842035      9248844206         5294150          0        500          0          0
   4       17      511     2603      9248844224      9248846827         5296339          0        500          0          0
   4       17     2048     6230      9248846853      9248853084         5298968          0        500          0          0
   4       17      511     1636      9248853108      9248854744         5305223          0        500          0          0
   4       17      517     3095      9248854762      9248857858         5306877          0        500          0          0
   4       17      520     2740      9248857889      9248860629         5310004          0        500          0          0
   4       17      516     2711      9248860654      9248863365         5312769          0        500          0          0
   4       17      511     1164      9248863390      9248864553         5315505          0        500          0          0
   4       17      520     2848      9248864589      9248867437         5316704          0        500          0          0
   4       17      511     2272      9248867462      9248869734         5319577          0        500          0          0
   4       17     1086     3209      9248869759      9248872969         5321874          0        500          0          0
   4       17      520     2624      9248872989      9248875614         5325104          0        500          0          0
   4       17     2693     4191      9248875632      9248879823         5327747          0        500          0          0
   4       17      517     2594      9248879847      9248882441         5331962          0        500          0          0
   4       17      511     1378      9248882476      9248883854         5334590          0        500          0          0
   4       17      519     3210      9248883873      9248887083         5335987          0        500          0          0
   4       17      511     1917      9248887116      9248889033         5339231          0        500          0          0
   4       17      511     2857      9248889057      9248891914         5341172          0        500          0          0
   4       17     2197     4942      9248891944      9248896886         5344059          0        500          0          0
   4       17      518     2644      9248896951      9248899594         5349065          0        500          0          0
   4       17      518     1196      9248899612      9248900808         5351727          0        500          0          0
   4       17      518     2701      9248900862      9248903563         5352977          0        500          0          0
   4       17      517     2747      9248903579      9248906326         5355694          0        500          0          0
   4       17      511     2617      9248906349      9248908966         5358464          0        500          0          0
   4       17      517     2632      9248908983      9248911615         5361098          0        500          0          0
   4       17     2755     3915      9248911662      9248915577         5363777          0        500          0          0
   4       17      520     2065      9248915609      9248917673         5367723          0        500          0          0
   4       17      519     2389      9248917697      9248920086         5369812          0        500          0          0
   4       17      511     2556      9248920114      9248922670         5372229          0        500          0          0
   4       17     1077     2704      9248922695      9248925400         5374810          0        500          0          0
   4       17      511     2613      9248925424      9248928037         5377539          0        500          0          0
   4       17     1284     2538      9248928068      9248930606         5380183          0        500          0          0
   4       17      519     2114      9248930630      9248932744         5382745          0        500          0          0
   4       17      516     2814      9248932769      9248935583         5384884          0        500          0          0
   4       17      518     2720      9248935603      9248938324         5387718          0        500          0          0
   4       17      511     2630      9248938343      9248940973         5390458          0        500          0          0
   4       17      519     3566      9248940990      9248944556         5393105          0        500          0          0
   4       17      517     1918      9248944577      9248946495         5396691          0        500          0          0
   4       17      517     2304      9248946517      9248948821         5398632          0        500          0          0
   4       17      516     2699      9248948846      9248951544         5400961          0        500          0          0
   4       17      519     2564      9248951569      9248954133         5403684          0        500          0          0
   4       17      511     2503      9248954157      9248956660         5406272          0        500          0          0
   4       17     2313     4446      9248956678      9248961124         5408793          0        500          0          0
   4       17      511     3347      9248961150      9248964497         5413265          0        500          0          0
   4       17      516     1645      9248964523      9248966168         5416637          0        500          0          0
   4       17      511     2192      9248966190      9248968382         5418305          0        500          0          0
   4       17      511     3052      9248968402      9248971454         5420517          0        500          0          0
   4       17      511     2141      9248971479      9248973620         5423594          0        500          0          0
   4       17      518     2610      9248973639      9248976248         5425753          0        500          0          0
   4       17      511     2470      9248976268      9248978738         5428382          0        500          0          0
   4       17     2003     6617      9248978767      9248985384         5430881          0        500          0          0
   4       17      511     2663      9248985419      9248988082         5437534          0        500          0          0
   4       17      511     2634      9248988109      9248990743         5440224          0        500          0          0
   4       17      517     2174      9248990769      9248992943         5442884          0        500          0          0
   4       17      511     1986      9248993030      9248995016         5445145          0        500          0          0
   4       17      511     1898      9248995043      9248996941         5447158          0        500          0          0
   4       17      518     2750      9248996965      9248999715         5449080          0        500          0          0
   4       17      518     2745      9248999739      9249002483         5451853          0        500          0          0
   4       17      517     4230      9249002505      9249006736         5454620          0        500          0          0
   4       17      516     3751      9249006783      9249010534         5458898          0        500          0          0
   4       17      521     2765      9249010569      9249013335         5462684          0        500          0          0
   4       17     2101     3241      9249013369      9249016610         5465484          0        500          0          0
   4       17      518     3380      9249016633      9249020012         5468747          0        500          0          0
   4       17      511     2948      9249020035      9249022983         5472150          0        500          0          0
   4       17      511     3458      9249023014      9249026472         5475129          0        500          0          0
   4       17      520     2739      9249026501      9249029240         5478616          0        500          0          0
   4       17      511     3258      9249029269      9249032527         5481383          0        500          0          0
   4       17      520     2738      9249032563      9249035301         5484678          0        500          0          0
   4       17      511     1075      9249035329      9249036404         5487444          0        500          0          0
   4       17      511     3008      9249036422      9249039430         5488537          0        500          0          0
   4       17      511     2145      9249039460      9249041605         5491575          0        500          0          0
   4       17      517     2630      9249041621      9249044252         5493736          0        500          0          0
   4       17      511     3002      9249044273      9249047276         5496388          0        500          0          0
   4       17      511     3212      9249047297      9249050508         5499411          0        500          0          0
   4       17      519     1925      9249050531      9249052456         5502645          0        500          0          0
   4       17      511     2137      9249052481      9249054618         5504596          0        500          0          0
   4       17      517     3269      9249054644      9249057912         5506758          0        500          0          0
   4       17      516     2325      9249057938      9249060263         5510053          0        500          0          0
   4       17     2232     4902      9249060286      9249065188         5512401          0        500          0          0
   4       17      511     2722      9249065213      9249067935         5517328          0        500          0          0
   4       17      516     2578      9249067971      9249070549         5520086          0        500          0          0
   4       17      517     1485      9249070569      9249072054         5522684          0        500          0          0
   4       17      511     2066      9249072073      9249074139         5524188          0        500          0          0
   4       17      511     2780      9249074163      9249076943         5526277          0        500          0          0
   4       17      517     2633      9249076968      9249079600         5529083          0        500          0          0
   4       17      517     2361      9249079649      9249082010         5531764          0        500          0          0
   4       17     2076     4418      9249082028      9249086446         5534143          0        500          0          0
   4       17     2091     3055      9249086506      9249089561         5538620          0        500          0          0
   4       17      516     2357      9249089584      9249091940         5541698          0        500          0          0
   4       17      520     1621      9249091972      9249093593         5544087          0        500          0          0
   4       17      517     2782      9249093640      9249096422         5545755          0        500          0          0
   4       17      511     2900      9249096448      9249099349         5548563          0        500          0          0
   4       17      511     3218      9249099373      9249102590         5551487          0        500          0          0
   4       17      518     2092      9249102613      9249104705         5554728          0        500          0          0
   4       17      542     2289      9249104730      9249107019         5556845          0        500          0          0
   4       17      511     2637      9249107036      9249109673         5559151          0        500          0          0
   4       17      516     2589      9249109692      9249112281         5561807          0        500          0          0
   4       17      511     2026      9249112310      9249114336         5564425          0        500          0          0
   4       17     4636     6308      9249114361      9249120670         5566476          0        500          0          0
   4       17      518     3137      9249120733      9249123869         5572848          0        500          0          0
   4       17      520     2147      9249123889      9249126036         5576004          0        500          0          0
   4       17      511     1863      9249126064      9249127928         5578179          0        500          0          0
   4       17      519     2759      9249127948      9249130706         5580062          0        500          0          0
   4       17      521     2790      9249130742      9249133532         5582857          0        500          0          0
   4       17      520     2513      9249133560      9249136073         5585675          0        500          0          0
   4       17      511     2160      9249136097      9249138258         5588212          0        500          0          0
   4       17      511     2711      9249138277      9249140988         5590392          0        500          0          0
   4       17     2533     3673      9249141037      9249144710         5593152          0        500          0          0
   4       17      517     2631      9249144731      9249147361         5596845          0        500          0          0
   4       17      511     2606      9249147382      9249149989         5599497          0        500          0          0
   4       17      511     2521      9249150039      9249152559         5602153          0        500          0          0
   4       17      517     1992      9249152582      9249154574         5604697          0        500          0          0
   4       17      517     1809      9249154589      9249156398         5606704          0        500          0          0
   4       17     1664     3178      9249156421      9249159598         5608536          0        500          0          0
   4       17      521     1979      9249159631      9249161610         5611746          0        500          0          0
   4       17     1082     2739      9249161633      9249164372         5613748          0        500          0          0
   4       17      511     2141      9249164393      9249166534         5616507          0        500          0          0
   4       17      517     2332      9249166555      9249168886         5618669          0        500          0          0
   4       17     4067     5138      9249168911      9249174049         5621026          0        500          0          0
   4       17      511     1076      9249174075      9249175151         5626189          0        500          0          0
   4       17      511     2419      9249175200      9249177619         5627315          0        500          0          0
   4       17     1488     3025      9249177639      9249180665         5629754          0        500          0          0
   4       17      521     2757      9249180696      9249183453         5632811          0        500          0          0
   4       17      511     2703      9249183479      9249186182         5635594          0        500          0          0
   4       17      511     4403      9249186207      9249190610         5638322          0        500          0          0
   4       17      548     2788      9249190645      9249193433         5642760          0        500          0          0
   4       17      511     2750      9249193463      9249196212         5645578          0        500          0          0
   4       17      511     2755      9249196243      9249198998         5648358          0        500          0          0
   4       17      511     1675      9249199037      9249200712         5651152          0        500          0          0
   4       17      520     1616      9249200729      9249202344         5652844          0        500          0          0
   4       17      518     2920      9249202908      9249205828         5655023          0        500          0          0
   4       17      517     2020      9249205848      9249207868         5657963          0        500          0          0
   4       17      517     3051      9249207911      9249210961         5660026          0        500          0          0
   4       17     2540     3408      9249210983      9249214391         5663098          0        500          0          0
   4       17     1763     3596      9249214410      9249218005         5666525          0        500          0          0
   4       17      511     2810      9249218029      9249220839         5670144          0        500          0          0
   4       17      517     2686      9249220889      9249223575         5673004          0        500          0          0
   4       17      517     2326      9249223622      9249225948         5675736          0        500          0          0
   4       17      519     1989      9249225971      9249227960         5678086          0        500          0          0
   4       17      518     2115      9249227978      9249230093         5680092          0        500          0          0
   4       17     3269     4452      9249230121      9249234573         5682236          0        500          0          0
   4       17      518     1583      9249234600      9249236183         5686715          0        500          0          0
   4       17      511     3415      9249236205      9249239620         5688320          0        500          0          0
   4       17      519     1710      9249239642      9249241353         5691757          0        500          0          0
   4       17      942     2597      9249241374      9249243971         5693489          0        500          0          0
   4       17     1803     2724      9249244126      9249246850         5696240          0        500          0          0
   4       17     2171     4518      9249246877      9249251395         5698992          0        500          0          0
   4       17      511     3227      9249251421      9249254648         5703535          0        500          0          0
   4       17      545     3267      9249254681      9249257948         5706796          0        500          0          0
   4       17      521     2261      9249257973      9249260234         5710088          0        500          0          0
   4       17     2204     3137      9249260256      9249263392         5712371          0        500          0          0
   4       17      511     1729      9249263419      9249265148         5715534          0        500          0          0
   4       17      511     2279      9249265173      9249267452         5717288          0        500          0          0
   4       17     2764     4297      9249267512      9249271808         5719626          0        500          0          0
   4       17      546     2197      9249271840      9249274037         5723954          0        500          0          0
   4       17      511     2149      9249274054      9249276203         5726169          0        500          0          0
   4       17      511     2245      9249276217      9249278462         5728332          0        500          0          0
   4       17      519     2948      9249278489      9249281437         5730604          0        500          0          0
   4       17      511     2190      9249281456      9249283646         5733571          0        500          0          0
   4       17     3536     4673      9249283689      9249288362         5735804          0        500          0          0
   4       17      511     2118      9249288395      9249290512         5740509          0        500          0          0
   4       17      517     2810      9249290536      9249293346         5742651          0        500          0          0
   4       17     1743     3194      9249293375      9249296569         5745489          0        500          0          0
   4       17      517     1679      9249296595      9249298274         5748709          0        500          0          0
   4       17      511     3280      9249298299      9249301579         5750414          0        500          0          0
   4       17      518     1273      9249301597      9249302870         5753712          0        500          0          0
   4       17     2482     5636      9249302893      9249308529         5755008          0        500          0          0
   4       17      517     4375      9249308554      9249312929         5760669          0        500          0          0
   4       17      517     2597      9249312974      9249315572         5765089          0        500          0          0
   4       17      518     1347      9249315590      9249316938         5767705          0        500          0          0
   4       17      519     2133      9249316955      9249319088         5769070          0        500          0          0
   4       17      511     1994      9249319122      9249321116         5771237          0        500          0          0
   4       17      511     3277      9249321141      9249324418         5773256          0        500          0          0
   4       17      511     2250      9249324442      9249326692         5776557          0        500          0          0
   4       17      516     2911      9249326737      9249329648         5778852          0        500          0          0
   4       17     2946     3525      9249329671      9249333196         5781786          0        500          0          0
   4       17      511     2213      9249333226      9249335439         5785341          0        500          0          0
   4       17      511     2643      9249335462      9249338105         5787577          0        500          0          0
   4       17      511     2617      9249338123      9249340740         5790237          0        500          0          0
   4       17      520     2600      9249340758      9249343358         5792873          0        500          0          0
   4       17      511     2186      9249343378      9249345564         5795493          0        500          0          0
   4       17     2650     4296      9249345579      9249349876         5797694          0        500          0          0
   4       17      517     2140      9249349896      9249352036         5802011          0        500          0          0
   4       17      511     2135      9249352056      9249354191         5804171          0        500          0          0
   4       17      511     1871      9249354208      9249356079         5806323          0        500          0          0
   4       17      511     1850      9249356095      9249357945         5808210          0        500          0          0
   4       17      511     1991      9249358018      9249360009         5810133          0        500          0          0
   4       17      511     1757      9249360029      9249361786         5812144          0        500          0          0
   4       17      517     2135      9249361803      9249363939         5813918          0        500          0          0
   4       17     1061     2671      9249363956      9249366627         5816071          0        500          0          0
   4       17      516     3240      9249366643      9249369883         5818758          0        500          0          0
   4       17      517     2130      9249369899      9249372029         5822014          0        500          0          0
   4       17      511     2699      9249372044      9249374743         5824159          0        500          0          0
   4       17      517     3266      9249374794      9249378060         5826909          0        500          0          0
   4       17      511     1588      9249378076      9249379664         5830190          0        500          0          0
   4       17      517     2133      9249379682      9249381815         5831796          0        500          0          0
   4       17      516     2130      9249381832      9249383962         5833947          0        500          0          0
   4       17      516     1602      9249383979      9249385581         5836094          0        500          0          0
   4       17      517     2131      9249385598      9249387728         5837712          0        500          0          0
   4       17      517     1592      9249387744      9249389336         5839859          0        500          0          0
   4       17      511     2132      9249389353      9249391485         5841468          0        500          0          0
   4       17      516     2132      9249391504      9249393636         5843619          0        500          0          0
   4       17      517     1597      9249393653      9249395250         5845767          0        500          0          0
   4       17      511     4354      9249395267      9249399621         5847382          0        500          0          0
   4       17      517     2126      9249399641      9249401766         5851756          0        500          0          0
   4       17      517     2169      9249401783      9249403952         5853898          0        500          0          0
   4       17      517     3041      9249403968      9249407009         5856083          0        500          0          0
   4       17      511     1147      9249407025      9249408172         5859140          0        500          0          0
   4       17      511     1662      9249408186      9249409849         5860301          0        500          0          0
   4       17      517     2124      9249409864      9249411988         5861979          0        500          0          0
   4       17      511     1586      9249412007      9249413593         5864122          0        500          0          0
   4       17      517     2124      9249413607      9249415732         5865722          0        500          0          0
   4       17      517     2130      9249415747      9249417876         5867861          0        500          0          0
   4       17     2018     2681      9249417891      9249420573         5870006          0        500          0          0
   4       17      516     2129      9249420588      9249422717         5872703          0        500          0          0
   4       17      517     1590      9249422731      9249424321         5874846          0        500          0          0
   4       17      511     2130      9249424336      9249426466         5876450          0        500          0          0
   4       17      511     2135      9249426482      9249428616         5878596          0        500          0          0
   4       17      517     1594      9249428631      9249430226         5880746          0        500          0          0
   4       17     2147     3227      9249430279      9249433506         5882394          0        500          0          0
   4       17      517     2125      9249433521      9249435646         5885636          0        500          0          0
   4       17      517     2166      9249435661      9249437828         5887776          0        500          0          0
   4       17      517     1596      9249437847      9249439443         5889961          0        500          0          0
   4       17      511     2128      9249439459      9249441587         5891573          0        500          0          0
   4       17      517     2123      9249441602      9249443725         5893717          0        500          0          0
   4       17     1863     3799      9249443739      9249447538         5895854          0        500          0          0
   4       17      517     2125      9249447553      9249449679         5899668          0        500          0          0
   4       17      517     1846      9249449694      9249451540         5901809          0        500          0          0
   4       17      520     1596      9249451555      9249453151         5903670          0        500          0          0
   4       17      511     1897      9249453168      9249455065         5905283          0        500          0          0
   4       17      511     1880      9249455081      9249456961         5907196          0        500          0          0
   4       17      516     1860      9249456975      9249458835         5909090          0        500          0          0
   4       17      517     2133      9249458853      9249460986         5910968          0        500          0          0
   4       17      511     2134      9249461008      9249463142         5913123          0        500          0          0
   4       17      511     1592      9249463158      9249464750         5915272          0        500          0          0
   4       17      517     2131      9249464765      9249466896         5916880          0        500          0          0
   4       17      516     2134      9249466910      9249469044         5919025          0        500          0          0
   4       17      511     2123      9249469060      9249471183         5921174          0        500          0          0
   4       17      511     1586      9249471200      9249472787         5923315          0        500          0          0
   4       17     1395     2164      9249472803      9249474967         5924918          0        500          0          0
   4       17      516     2142      9249474984      9249477126         5927098          0        500          0          0
   4       17      511     1591      9249477144      9249478735         5929259          0        500          0          0
   4       17      516     2130      9249478749      9249480879         5930864          0        500          0          0
   4       17      517     2141      9249480895      9249483036         5933010          0        500          0          0
   4       17      511     2130      9249483051      9249485180         5935166          0        500          0          0
   4       17      511     1595      9249485198      9249486793         5937313          0        500          0          0
   4       17      517     2127      9249486808      9249488935         5938923          0        500          0          0
   4       17      516     2133      9249488951      9249491084         5941066          0        500          0          0
   4       17      511     2126      9249491100      9249493226         5943215          0        500          0          0
   4       17      511     1590      9249493242      9249494832         5945357          0        500          0          0
   4       17     1974     4290      9249494849      9249499139         5946964          0        500          0          0
   4       17     2155     3252      9249499183      9249502435         5951298          0        500          0          0
   4       17      537     1645      9249502485      9249504130         5954600          0        500          0          0
   4       17      511     1074      9249504146      9249505220         5956261          0        500          0          0
   4       17      511     2181      9249505237      9249507418         5957352          0        500          0          0
   4       17      511     1625      9249507435      9249509060         5959550          0        500          0          0
   4       17      516     2146      9249509632      9249511778         5961747          0        500          0          0
   4       17      515     1729      9249511812      9249513541         5963926          0        500          0          0
   4       17     2006     3622      9249513556      9249517177         5965670          0        500          0          0
   4       17      511     2125      9249517192      9249519316         5969306          0        500          0          0
   4       17      511     1073      9249519333      9249520406         5971448          0        500          0          0
   4       17      511     1622      9249520421      9249522043         5972536          0        500          0          0
   4       17      513     2146      9249522062      9249524208         5974177          0        500          0          0
   4       17      511     2131      9249524227      9249526358         5976342          0        500          0          0
   4       17      511     2129      9249526377      9249528505         5978491          0        500          0          0
   4       17     3201     3725      9249528524      9249532249         5980639          0        500          0          0
   4       17      511     1302      9249532267      9249533570         5984382          0        500          0          0
   4       17      517     1945      9249533584      9249535530         5985699          0        500          0          0
   4       17      516     2143      9249535545      9249537688         5987660          0        500          0          0
   4       17      535     1617      9249537704      9249539320         5989818          0        500          0          0
   4       17      511     1587      9249539336      9249540923         5991451          0        500          0          0
   4       17      517     2127      9249540938      9249543065         5993053          0        500          0          0
   4       17      511     3234      9249543082      9249546316         5995197          0        500          0          0
   4       17      511     3785      9249546338      9249550124         5998453          0        500          0          0
   4       17      511     2136      9249550141      9249552277         6002256          0        500          0          0
   4       17      511     1784      9249552295      9249554080         6004410          0        500          0          0
   4       17      511     1946      9249554097      9249556043         6006212          0        500          0          0
   4       17      511     1949      9249556060      9249558009         6008175          0        500          0          0
   4       17      511     1165      9249558026      9249559192         6010141          0        500          0          0
   4       17      511     2212      9249559209      9249561421         6011324          0        500          0          0
   4       17      511     1594      9249561439      9249563034         6013554          0        500          0          0
   4       17      511     2138      9249563049      9249565187         6015164          0        500          0          0
   4       17      511     2135      9249565204      9249567339         6017319          0        500          0          0
   4       17      511     1593      9249567357      9249568950         6019471          0        500          0          0
   4       17      516     1597      9249568968      9249570564         6021083          0        500          0          0
   4       17      511     2131      9249571162      9249573293         6023277          0        500          0          0
   4       17      511     2130      9249573310      9249575440         6025425          0        500          0          0
   4       17      511     2151      9249575457      9249577609         6027572          0        500          0          0
   4       17     2125     3205      9249577652      9249580857         6029767          0        500          0          0
   4       17      516     2126      9249580872      9249582998         6032987          0        500          0          0
   4       17      511     2127      9249583018      9249585145         6035133          0        500          0          0
   4       17      511     2663      9249585164      9249587827         6037279          0        500          0          0
   4       17      516     2127      9249587844      9249589971         6039959          0        500          0          0
   4       17      516     1595      9249589987      9249591581         6042101          0        500          0          0
   4       17      516     2174      9249591597      9249593771         6043712          0        500          0          0
   4       17      516     2168      9249593817      9249595985         6045932          0        500          0          0
   4       17      511     1597      9249596026      9249597622         6048141          0        500          0          0
   4       17      517     2143      9249597640      9249599783         6049755          0        500          0          0
   4       17     2052     3216      9249599800      9249603016         6051914          0        500          0          0
   4       17      511     2685      9249603033      9249605717         6055147          0        500          0          0
   4       17      517     2145      9249605732      9249607877         6057847          0        500          0          0
   4       17      516     2234      9249607896      9249610130         6060011          0        500          0          0
   4       17      511     5938      9249610154      9249616091         6062269          0        500          0          0
   4       17      511     1592      9249616107      9249617700         6068222          0        500          0          0
   4       17      516     3244      9249617712      9249620956         6069827          0        500          0          0
   4       17      516     2133      9249620974      9249623107         6073088          0        500          0          0
   4       17      511     1587      9249623122      9249624708         6075237          0        500          0          0
   4       17      517     2668      9249624726      9249627395         6076841          0        500          0          0
   4       17      511     6157      9249627410      9249633567         6079525          0        500          0          0
   4       17      518     1612      9249633587      9249635199         6085702          0        500          0          0
   4       17      511     2125      9249635212      9249637336         6087326          0        500          0          0
   4       17      511     2125      9249637351      9249639476         6089466          0        500          0          0
   4       17      517     1592      9249639490      9249641082         6091605          0        500          0          0
   4       17      511     4935      9249641099      9249646034         6093214          0        500          0          0
   4       17      511     2195      9249646069      9249648264         6098183          0        500          0          0
   4       17      511     2132      9249648283      9249650415         6100398          0        500          0          0
   4       17      511     2145      9249650430      9249652575         6102545          0        500          0          0
   4       17      516     1616      9249652596      9249654212         6104711          0        500          0          0
   4       17      511     2363      9249654270      9249656633         6106385          0        500          0          0
   4       17      516     4374      9249656653      9249661027         6108768          0        500          0          0
   4       17      511     1091      9249661061      9249662153         6113176          0        500          0          0
   4       17      511     1570      9249662172      9249663742         6114287          0        500          0          0
   4       17     4316     5395      9249663758      9249669154         6115873          0        500          0          0
   4       17      511     2127      9249669174      9249671302         6121289          0        500          0          0
   4       17      511     2132      9249671319      9249673451         6123434          0        500          0          0
   4       17      511     3227      9249673471      9249676698         6125585          0        500          0          0
   4       17      516     1830      9249676711      9249678542         6128826          0        500          0          0
   4       17      517     2995      9249678555      9249681550         6130670          0        500          0          0
   4       17      517     1620      9249681579      9249683199         6133694          0        500          0          0
   4       17     3282     6246      9249683217      9249689463         6135332          0        500          0          0
   4       17      520     4476      9249689496      9249693973         6141611          0        500          0          0
   4       17      516     2890      9249693999      9249696889         6146113          0        500          0          0
   4       17      521     2179      9249696915      9249699094         6149029          0        500          0          0
   4       17      511     1221      9249699127      9249700348         6151242          0        500          0          0
   4       17     1648     4213      9249700372      9249704585         6152487          0        500          0          0
   4       17     1442     2966      9249704616      9249707583         6156731          0        500          0          0
   4       17      520     2041      9249707614      9249709655         6159729          0        500          0          0
   4       17      520     2632      9249709679      9249712311         6161794          0        500          0          0
   4       17      511     2436      9249712336      9249714771         6164451          0        500          0          0
   4       17      518     2239      9249714793      9249717032         6166908          0        500          0          0
   4       17     1064     2967      9249717062      9249720029         6169177          0        500          0          0
   4       17     3373     4051      9249720056      9249724107         6172171          0        500          0          0
   4       17      511     2254      9249724131      9249726384         6176246          0        500          0          0
   4       17      511     2138      9249726416      9249728554         6178531          0        500          0          0
   4       17      518     2259      9249728575      9249730834         6180690          0        500          0          0
   4       17      517     3173      9249730859      9249734032         6182974          0        500          0          0
   4       17      511     2734      9249734061      9249736796         6186176          0        500          0          0
   4       17     2677     5756      9249736821      9249742577         6188936          0        500          0          0
   4       17      517     1740      9249742601      9249744341         6194716          0        500          0          0
   4       17     1566     2587      9249744361      9249746948         6196476          0        500          0          0
   4       17      518     1327      9249746969      9249748295         6199083          0        500          0          0
   4       17      511     2139      9249748336      9249750476         6200451          0        500          0          0
   4       17      516     2141      9249750493      9249752634         6202608          0        500          0          0
   4       17      516     2137      9249752653      9249754790         6204768          0        500          0          0
   4       17      516     1593      9249754806      9249756399         6206921          0        500          0          0
   4       17      511     3213      9249756417      9249759630         6208532          0        500          0          0
   4       17      517     2135      9249759648      9249761783         6211763          0        500          0          0
   4       17      516     1611      9249761803      9249763414         6213918          0        500          0          0
   4       17      511     1643      9249763433      9249765076         6215548          0        500          0          0
   4       17      511     2143      9249765098      9249767241         6217212          0        500          0          0
   4       17      511     2129      9249767257      9249769385         6219371          0        500          0          0
   4       17      511     2129      9249769403      9249771532         6221518          0        500          0          0
   4       17      517     2127      9249771547      9249773674         6223662          0        500          0          0
   4       17     2131     3212      9249773693      9249776905         6225808          0        500          0          0
   4       17      516     2132      9249776922      9249779054         6229037          0        500          0          0
   4       17      511     1937      9249779071      9249781009         6231186          0        500          0          0
   4       17      511     1178      9249781025      9249782203         6233140          0        500          0          0
   4       17      511     1670      9249782222      9249783891         6234336          0        500          0          0
   4       17      516     2114      9249783909      9249786024         6236024          0        500          0          0
   4       17      511     2199      9249786045      9249788244         6238160          0        500          0          0
   4       17      511     1591      9249788261      9249789852         6240376          0        500          0          0
   4       17      516     2145      9249789869      9249792014         6241984          0        500          0          0
   4       17      511     1640      9249792033      9249793673         6244148          0        500          0          0
   4       17      517     2154      9249793692      9249795846         6245807          0        500          0          0
   4       17      516     2134      9249795865      9249797999         6247980          0        500          0          0
   4       17      511     2137      9249798027      9249800164         6250142          0        500          0          0
   4       17      511     2129      9249800182      9249802311         6252297          0        500          0          0
   4       17      511     2128      9249802329      9249804457         6254443          0        500          0          0
   4       17      511     2128      9249804472      9249806600         6256587          0        500          0          0
   4       17      517     2126      9249806617      9249808743         6258732          0        500          0          0
   4       17      517     2128      9249808758      9249810886         6260872          0        500          0          0
   4       17     1588     3741      9249810903      9249814643         6263018          0        500          0          0
   4       17      517     2127      9249814659      9249816786         6266774          0        500          0          0
   4       17      517     3777      9249816803      9249820580         6268918          0        500          0          0
   4       17      517     2174      9249820622      9249822795         6272736          0        500          0          0
   4       17      517     1626      9249822839      9249824466         6274954          0        500          0          0
   4       17      511     2155      9249824484      9249826639         6276599          0        500          0          0
   4       17      516     1620      9249826658      9249828278         6278773          0        500          0          0
   4       17      511     1578      9249828295      9249829873         6280410          0        500          0          0
   4       17      516     2138      9249829891      9249832030         6282006          0        500          0          0
   4       17      511     2127      9249832046      9249834173         6284161          0        500          0          0
   4       17      511     2493      9249834189      9249836682         6286304          0        500          0          0
   4       17     1297     2929      9249836698      9249839627         6288813          0        500          0          0
   4       17      517     2124      9249839642      9249841766         6291757          0        500          0          0
   4       17      516     2133      9249841781      9249843913         6293896          0        500          0          0
   4       17      517     2138      9249843932      9249846070         6296047          0        500          0          0
   4       17      511     3729      9249846086      9249849816         6298201          0        500          0          0
   4       17      517     2125      9249849833      9249851957         6301947          0        500          0          0
   4       17      520     2135      9249851973      9249854109         6304088          0        500          0          0
   4       17      511     3214      9249854125      9249857339         6306240          0        500          0          0
   4       17      511     1930      9249857354      9249859283         6309468          0        500          0          0
   4       17      511     1079      9249859300      9249860379         6311415          0        500          0          0
   4       17      511     1248      9249860394      9249861641         6312509          0        500          0          0
   4       17     1250     3359      9249861660      9249865019         6313775          0        500          0          0
   4       17      511     2131      9249865043      9249867174         6317158          0        500          0          0
   4       17      511     2658      9249867192      9249869850         6319307          0        500          0          0
   4       17      516     2663      9249869865      9249872528         6321980          0        500          0          0
   4       17      516     1467      9249872544      9249874011         6324658          0        500          0          0
   4       17      511     1719      9249874025      9249875744         6326140          0        500          0          0
   4       17      516     2124      9249875760      9249877884         6327875          0        500          0          0
   4       17      517     2127      9249877898      9249880026         6330013          0        500          0          0
   4       17      511     2121      9249880041      9249882162         6332156          0        500          0          0
   4       17      511     2121      9249882177      9249884298         6334292          0        500          0          0
   4       17      511     2140      9249884315      9249886454         6336429          0        500          0          0
   4       17      511     1594      9249886472      9249888065         6338586          0        500          0          0
   4       17      511     2160      9249888082      9249890242         6340197          0        500          0          0
   4       17      511     1663      9249890258      9249891920         6342373          0        500          0          0
   4       17      517     2151      9249891986      9249894136         6344100          0        500          0          0
   4       17      511     2129      9249894153      9249896282         6346268          0        500          0          0
   4       17      511     2133      9249896299      9249898432         6348414          0        500          0          0
   4       17      511     1593      9249898448      9249900041         6350563          0        500          0          0
   4       17      511     2127      9249900056      9249902183         6352171          0        500          0          0
   4       17      511     2151      9249902197      9249904348         6354312          0        500          0          0
   4       17      511     1634      9249904363      9249905998         6356478          0        500          0          0
   4       17      511     1595      9249906034      9249907629         6358149          0        500          0          0
   4       17     3195     3760      9249907646      9249911406         6359761          0        500          0          0
   4       17      511     2105      9249911421      9249913526         6363536          0        500          0          0
   4       17      517     1592      9249913540      9249915132         6365655          0        500          0          0
   4       17      511     2124      9249915148      9249917271         6367262          0        500          0          0
   4       17      511     2126      9249917286      9249919412         6369401          0        500          0          0
   4       17      511     1581      9249919427      9249921008         6371542          0        500          0          0
   4       17      511     1586      9249921022      9249922608         6373137          0        500          0          0
   4       17     1604     3254      9249922622      9249925876         6374737          0        500          0          0
   4       17     2136     2700      9249925912      9249928612         6378027          0        500          0          0
   4       17      517     2138      9249928629      9249930768         6380744          0        500          0          0
   4       17      516     1624      9249930803      9249932427         6382918          0        500          0          0
   4       17      511     2154      9249932445      9249934599         6384560          0        500          0          0
   4       17      517     2151      9249934615      9249936766         6386730          0        500          0          0
   4       17      517     1615      9249936781      9249938396         6388895          0        500          0          0
   4       17      511     1614      9249938412      9249940027         6390527          0        500          0          0
   4       17      511     2168      9249940041      9249942209         6392156          0        500          0          0
   4       17      511     1611      9249942225      9249943836         6394339          0        500          0          0
   4       17      515     1612      9249943850      9249945462         6395964          0        500          0          0
   4       17      511     2124      9249945478      9249947601         6397592          0        500          0          0
   4       17      517     2123      9249947616      9249949739         6399731          0        500          0          0
   4       17      516     1591      9249949754      9249951346         6401869          0        500          0          0
   4       17      511     3204      9249951361      9249954566         6403476          0        500          0          0
   4       17      516     2125      9249954582      9249956706         6406697          0        500          0          0
   4       17      516     2127      9249956720      9249958847         6408835          0        500          0          0
   4       17      516     2659      9249958863      9249961521         6410977          0        500          0          0
   4       17      517     2193      9249961576      9249963769         6413690          0        500          0          0
   4       17      517     1628      9249963790      9249965418         6415905          0        500          0          0
   4       17      511     1624      9249965436      9249967060         6417551          0        500          0          0
   4       17      511     2155      9249967079      9249969234         6419194          0        500          0          0
   4       17      511     2161      9249969251      9249971412         6421366          0        500          0          0
   4       17      511     2151      9249971432      9249973583         6423547          0        500          0          0
   4       17      517     1612      9249973599      9249975211         6425713          0        500          0          0
   4       17      511     1620      9249975228      9249976848         6427343          0        500          0          0
   4       17      516     2659      9249976864      9249979523         6428979          0        500          0          0
   4       17      517     2127      9249979539      9249981666         6431654          0        500          0          0
   4       17      517     1591      9249981680      9249983272         6433795          0        500          0          0
   4       17      511     2130      9249983287      9249985417         6435402          0        500          0          0
   4       17      511     2124      9249985434      9249987558         6437548          0        500          0          0
   4       17     3729     4296      9249987574      9249991871         6439689          0        500          0          0
   4       17      517     3192      9249991890      9249995082         6444005          0        500          0          0
   4       17      511     1620      9249995103      9249996724         6447218          0        500          0          0
   4       17      519     2155      9249996763      9249998918         6448878          0        500          0          0
   4       17      516     2145      9249998936      9250001081         6451051          0        500          0          0
   4       17      511     2658      9250001098      9250003756         6453213          0        500          0          0
   4       17      517     3789      9250003775      9250007563         6455889          0        500          0          0
   4       17      517     1091      9250007580      9250008671         6459694          0        500          0          0
   4       17      517     1114      9250008686      9250009799         6460801          0        500          0          0
   4       17      516     4737      9250009820      9250014558         6461935          0        500          0          0
   4       17      516     3204      9250014574      9250017778         6466689          0        500          0          0
   4       17      516     2673      9250017792      9250020465         6469907          0        500          0          0
   4       17      511     2664      9250020481      9250023145         6472596          0        500          0          0
   4       17      511     6539      9250023161      9250029700         6475275          0        500          0          0
   4       17      521     2700      9250029997      9250032697         6482112          0        500          0          0
   4       17      517     1598      9250032713      9250034311         6484828          0        500          0          0
   4       17      511     2134      9250034328      9250036462         6486443          0        500          0          0
   4       17      511     1598      9250036480      9250038078         6488595          0        500          0          0
   4       17      511     2368      9250038095      9250040464         6490210          0        500          0          0
   4       17      511     4138      9250040482      9250044620         6492597          0        500          0          0
   4       17      521     1652      9250044689      9250046340         6496804          0        500          0          0
   4       17      511     1105      9250046360      9250047465         6498474          0        500          0          0
   4       17      511     3744      9250047482      9250051226         6499597          0        500          0          0
   4       17      511     1601      9250051246      9250052847         6503361          0        500          0          0
   4       17      516     2746      9250052864      9250055610         6504979          0        500          0          0
   4       17      519     3933      9250055643      9250059576         6507757          0        500          0          0
   4       17      518     1631      9250059600      9250061230         6511714          0        500          0          0
   4       17      511     1627      9250061248      9250062875         6513363          0        500          0          0
   4       17      511     3234      9250063457      9250066691         6515572          0        500          0          0
   4       17      516     1592      9250066709      9250068301         6518823          0        500          0          0
   4       17      511     3862      9250068317      9250072179         6520432          0        500          0          0
   4       17      511     1584      9250072194      9250073778         6524309          0        500          0          0
   4       17      517     2665      9250073790      9250076455         6525905          0        500          0          0
   4       17      511     2073      9250076471      9250078544         6528586          0        500          0          0
   4       17     5849     6424      9250078560      9250084983         6530674          0        500          0          0
   4       17      511     1576      9250085016      9250086593         6537131          0        500          0          0
   4       17      517     2900      9250086607      9250089507         6538722          0        500          0          0
   4       17      517     3169      9250089529      9250092699         6541644          0        500          0          0
   4       17      518     2027      9250092721      9250094748         6544836          0        500          0          0
   4       17      519     2047      9250094779      9250096826         6546894          0        500          0          0
   4       17      520     2875      9250096847      9250099723         6548962          0        500          0          0
   4       17      518     2264      9250099746      9250102010         6551861          0        500          0          0
   4       17      511     2498      9250102027      9250104525         6554142          0        500          0          0
   4       17      919     3096      9250104547      9250107643         6556662          0        500          0          0
   4       17     2608     4774      9250107665      9250112439         6559780          0        500          0          0
   4       17      511     2638      9250112470      9250115107         6564584          0        500          0          0
   4       17      511     1601      9250115133      9250116734         6567248          0        500          0          0
   4       17      517     2606      9250116750      9250119356         6568864          0        500          0          0
   4       17      511     2630      9250119381      9250122011         6571496          0        500          0          0
   4       17      511     2274      9250122033      9250124307         6574148          0        500          0          0
   4       17      511     2743      9250124338      9250127081         6576453          0        500          0          0
   4       17      511     3924      9250127111      9250131036         6579226          0        500          0          0
   4       17      511     2824      9250131059      9250133883         6583174          0        500          0          0
   4       17      518     2591      9250133961      9250136551         6586076          0        500          0          0
   4       17      517     2463      9250136569      9250139032         6588684          0        500          0          0
   4       17      511     1713      9250139058      9250140772         6591173          0        500          0          0
   4       17     1009     2156      9250140794      9250142950         6592908          0        500          0          0
   4       17      517     3106      9250142975      9250146081         6595090          0        500          0          0
   4       17      511     2522      9250146110      9250148632         6598225          0        500          0          0
   4       17      518     2269      9250148649      9250150918         6600764          0        500          0          0
   4       17     1965     3802      9250150931      9250154733         6603046          0        500          0          0
   4       17      516     2669      9250154784      9250157453         6606899          0        500          0          0
   4       17      511     2760      9250157476      9250160236         6609590          0        500          0          0
   4       17      511     2244      9250160260      9250162504         6612375          0        500          0          0
   4       17      517     2486      9250162527      9250165013         6614642          0        500          0          0
   4       17     2165     3927      9250165036      9250168963         6617150          0        500          0          0
   4       17      519     2563      9250168993      9250171556         6621108          0        500          0          0
   4       17      519     2168      9250171581      9250173749         6623696          0        500          0          0
   4       17      517     2108      9250173782      9250175890         6625896          0        500          0          0
   4       17      519     2614      9250175907      9250178521         6628021          0        500          0          0
   4       17      517     2475      9250178538      9250181013         6630652          0        500          0          0
   4       17     2044     3166      9250181032      9250184198         6633147          0        500          0          0
   4       17      511     1665      9250184220      9250185884         6636335          0        500          0          0
   4       17      518     2510      9250185906      9250188415         6638020          0        500          0          0
   4       17      511     2128      9250188430      9250190558         6640545          0        500          0          0
   4       17      516     1638      9250190574      9250192212         6642689          0        500          0          0
   4       17      511     2140      9250192229      9250194370         6644344          0        500          0          0
   4       17      511     3219      9250194388      9250197608         6646503          0        500          0          0
   4       17      517     2129      9250197626      9250199755         6649741          0        500          0          0
   4       17      517     2130      9250199773      9250201903         6651888          0        500          0          0
   4       17      517     2131      9250201918      9250204048         6654033          0        500          0          0
   4       17      511     2473      9250204066      9250206540         6656181          0        500          0          0
   4       17      517     2858      9250206555      9250209414         6658670          0        500          0          0
   4       17      511     3198      9250209433      9250212631         6661547          0        500          0          0
   4       17      517     1895      9250212646      9250214541         6664760          0        500          0          0
   4       17      516     2360      9250214557      9250216918         6666672          0        500          0          0
   4       17      517     1607      9250216965      9250218572         6669080          0        500          0          0
   4       17      517     1635      9250218594      9250220229         6670708          0        500          0          0
   4       17      511     2173      9250220245      9250222419         6672360          0        500          0          0
   4       17      511     2206      9250222437      9250224643         6674552          0        500          0          0
   4       17      517     1603      9250224665      9250226268         6676780          0        500          0          0
   4       17      511     2138      9250226285      9250228424         6678400          0        500          0          0
   4       17      511     2122      9250228439      9250230561         6680554          0        500          0          0
   4       17      544     1675      9250230581      9250232256         6682696          0        500          0          0
   4       17      511     2179      9250232273      9250234452         6684388          0        500          0          0
   4       17      511     2143      9250234469      9250236612         6686584          0        500          0          0
   4       17      517     1595      9250236628      9250238224         6688743          0        500          0          0
   4       17      511     2123      9250238240      9250240362         6690354          0        500          0          0
   4       17      511     2592      9250240376      9250242968         6692491          0        500          0          0
   4       17      516     2741      9250243006      9250245748         6695121          0        500          0          0
   4       17      517     2124      9250245762      9250247886         6697877          0        500          0          0
   4       17      516     2663      9250247900      9250250563         6700015          0        500          0          0
   4       17      517     2138      9250250577      9250252715         6702692          0        500          0          0
   4       17      516     2130      9250252731      9250254861         6704846          0        500          0          0
   4       17      516     1078      9250254875      9250255953         6706990          0        500          0          0
   4       17      516     2669      9250255967      9250258636         6708082          0        500          0          0
   4       17      517     2128      9250258652      9250260780         6710767          0        500          0          0
   4       17      516     2180      9250260796      9250262976         6712911          0        500          0          0
   4       17      516     2138      9250262993      9250265131         6715107          0        500          0          0
   4       17      511     1073      9250265148      9250266221         6717263          0        500          0          0
   4       17      511     2115      9250266235      9250268350         6718350          0        500          0          0
   4       17      511     2125      9250268364      9250270489         6720479          0        500          0          0
   4       17      517     1598      9250270504      9250272102         6722619          0        500          0          0
   4       17      511     2126      9250272116      9250274242         6724231          0        500          0          0
   4       17      511     3195      9250274257      9250277452         6726372          0        500          0          0
   4       17      511     2124      9250277466      9250279590         6729581          0        500          0          0
   4       17      517     2128      9250279604      9250281732         6731719          0        500          0          0
   4       17      517     1794      9250281746      9250283540         6733861          0        500          0          0
   4       17      516     1389      9250283554      9250284943         6735669          0        500          0          0
   4       17      516     2149      9250284996      9250287145         6737111          0        500          0          0
   4       17      511     1919      9250287160      9250289078         6739275          0        500          0          0
   4       17      511     1833      9250289093      9250290926         6741207          0        500          0          0
   4       17     2165     3267      9250290970      9250294238         6743085          0        500          0          0
   4       17      511     2162      9250294253      9250296416         6746368          0        500          0          0
   4       17      511     1078      9250296433      9250297510         6748547          0        500          0          0
   4       17      516     2176      9250297525      9250299702         6749640          0        500          0          0
   4       17      516     2146      9250299743      9250301889         6751858          0        500          0          0
   4       17      517     1623      9250301902      9250303526         6754017          0        500          0          0
   4       17     2645     4218      9250303540      9250307758         6755655          0        500          0          0
   4       17      516     1633      9250307791      9250309424         6759906          0        500          0          0
   4       17      511     2662      9250309439      9250312102         6761554          0        500          0          0
   4       17      511     2129      9250312116      9250314245         6764231          0        500          0          0
   4       17      511     1280      9250314259      9250315539         6766374          0        500          0          0
   4       17      517     2147      9250315552      9250317700         6767667          0        500          0          0
   4       17     1056     2964      9250317713      9250320677         6769828          0        500          0          0
   4       17      516     2126      9250320692      9250322818         6772807          0        500          0          0
   4       17      516     2130      9250322831      9250324962         6774946          0        500          0          0
   4       17      516     2132      9250324976      9250327108         6777091          0        500          0          0
   4       17      511     1961      9250327122      9250329084         6779237          0        500          0          0
   4       17      511     1757      9250329098      9250330855         6781212          0        500          0          0
   4       17      519     2163      9250330869      9250333032         6782984          0        500          0          0
   4       17      511     2201      9250333047      9250335248         6785162          0        500          0          0
   4       17      511     1743      9250335267      9250337009         6787381          0        500          0          0
   4       17      511     1470      9250337023      9250338493         6789138          0        500          0          0
   4       17      516     2123      9250338508      9250340631         6790623          0        500          0          0
   4       17      517     1593      9250340645      9250342238         6792759          0        500          0          0
   4       17      511     2124      9250342252      9250344376         6794367          0        500          0          0
   4       17      511     2124      9250344390      9250346513         6796505          0        500          0          0
   4       17      516     1593      9250346527      9250348120         6798642          0        500          0          0
   4       17      511     2122      9250348133      9250350255         6800248          0        500          0          0
   4       17      511     2134      9250350269      9250352403         6802384          0        500          0          0
   4       17      511     2144      9250352418      9250354562         6804533          0        500          0          0
   4       17      518     2731      9250354616      9250357348         6806731          0        500          0          0
   4       17      511     1392      9250357364      9250358755         6809479          0        500          0          0
   4       17      517     1799      9250358771      9250360570         6810886          0        500          0          0
   4       17     2165     4315      9250360583      9250364898         6812698          0        500          0          0
   4       17      517     2160      9250364916      9250367076         6817030          0        500          0          0
   4       17      511     2152      9250367090      9250369242         6819205          0        500          0          0
   4       17      511     1820      9250369256      9250371076         6821371          0        500          0          0
   4       17      511     1612      9250371089      9250372701         6823204          0        500          0          0
   4       17     1057     2422      9250372715      9250375138         6824830          0        500          0          0
   4       17      511     1589      9250375152      9250376741         6827266          0        500          0          0
   4       17      517     2128      9250376755      9250378883         6828870          0        500          0          0
   4       17      516     2133      9250378897      9250381030         6831012          0        500          0          0
   4       17      511     1965      9250381044      9250383009         6833159          0        500          0          0
   4       17      511     1586      9250383022      9250384608         6835137          0        500          0          0
   4       17     2336     3424      9250384622      9250388046         6836737          0        500          0          0
   4       17      511     2125      9250388061      9250390186         6840176          0        500          0          0
   4       17      511     1807      9250390201      9250392008         6842316          0        500          0          0
   4       17      511     1587      9250392022      9250393609         6844136          0        500          0          0
   4       17      517     1611      9250393623      9250395234         6845737          0        500          0          0
   4       17     1612     2500      9250395248      9250397748         6847362          0        500          0          0
   4       17      518     1597      9250397763      9250399360         6849878          0        500          0          0
   4       17      511     2133      9250399374      9250401507         6851489          0        500          0          0
   4       17     2120     4898      9250401521      9250406419         6853636          0        500          0          0
   4       17      511     1076      9250406434      9250407510         6858549          0        500          0          0
   4       17      516     1618      9250407523      9250409141         6859638          0        500          0          0
   4       17      511     1584      9250409156      9250410740         6861271          0        500          0          0
   4       17      517     2126      9250410754      9250412880         6862868          0        500          0          0
   4       17      517     1588      9250412893      9250414482         6865008          0        500          0          0
   4       17      517     1592      9250414496      9250416088         6866611          0        500          0          0
   4       17     2667     4438      9250416102      9250420540         6868217          0        500          0          0
   4       17      517     2005      9250420556      9250422561         6872671          0        500          0          0
   4       17      517     2132      9250422574      9250424706         6874689          0        500          0          0
   4       17      516     2131      9250424721      9250426852         6876836          0        500          0          0
   4       17      517     1625      9250426910      9250428535         6879025          0        500          0          0
   4       17      516     1625      9250428551      9250430175         6880666          0        500          0          0
   4       17      511     1631      9250430190      9250431821         6882305          0        500          0          0
   4       17     2129     4328      9250431857      9250436185         6883971          0        500          0          0
   4       17      511     1914      9250436199      9250438113         6888314          0        500          0          0
   4       17      511     1847      9250438128      9250439976         6890243          0        500          0          0
   4       17      518     2144      9250439989      9250442132         6892103          0        500          0          0
   4       17      511     1850      9250442158      9250444009         6894273          0        500          0          0
   4       17      511     1279      9250444025      9250445304         6896140          0        500          0          0
   4       17     4667     5878      9250445370      9250451248         6897485          0        500          0          0
   4       17      511     1604      9250451268      9250452872         6903383          0        500          0          0
   4       17      516     2159      9250452909      9250455068         6905024          0        500          0          0
   4       17      511     1586      9250455084      9250456670         6907199          0        500          0          0
   4       17      516     2127      9250456684      9250458811         6908799          0        500          0          0
   4       17      516     5188      9250458828      9250464016         6910943          0        500          0          0
   4       17      533     2751      9250464040      9250466791         6916155          0        500          0          0
   4       17      511     2151      9250467367      9250469518         6919482          0        500          0          0
   4       17      516     2133      9250469533      9250471666         6921648          0        500          0          0
   4       17      516     3736      9250471680      9250475415         6923795          0        500          0          0
   4       17      511     6769      9250475431      9250482199         6927545          0        500          0          0
   4       17      511     1080      9250482220      9250483301         6934335          0        500          0          0
   4       17      511     1599      9250483317      9250484916         6935432          0        500          0          0
   4       17      517     1597      9250484931      9250486527         6937046          0        500          0          0
   4       17      517     3803      9250486542      9250490345         6938657          0        500          0          0
   4       17      511     6321      9250490377      9250496698         6942492          0        500          0          0
   4       17      517     1089      9250496719      9250497809         6948834          0        500          0          0
   4       17      518     1603      9250497826      9250499429         6949941          0        500          0          0
   4       17      511     2145      9250499445      9250501590         6951560          0        500          0          0
   4       17      517     1636      9250501608      9250503245         6953723          0        500          0          0
   4       17      511     2191      9250503261      9250505453         6955376          0        500          0          0
   4       17      511     3107      9250505471      9250508578         6957586          0        500          0          0
   4       17      517     2164      9250508625      9250510789         6960740          0        500          0          0
   4       17      511     3075      9250511040      9250514115         6963155          0        500          0          0
   4       17     2366     2889      9250514192      9250517081         6966306          0        500          0          0
   4       17      511     2047      9250517103      9250519150         6969217          0        500          0          0
   4       17      511     2695      9250519177      9250521872         6971292          0        500          0          0
   4       17      520     2215      9250521901      9250524115         6974015          0        500          0          0
   4       17     3007     4702      9250524146      9250528849         6976261          0        500          0          0
   4       17      517     5128      9250528873      9250534001         6980988          0        500          0          0
   4       17      511     2175      9250534045      9250536220         6986160          0        500          0          0
   4       17      511     1084      9250536240      9250537323         6988354          0        500          0          0
   4       17      511     2468      9250537340      9250539808         6989454          0        500          0          0
   4       17      524     2137      9250539837      9250541974         6991952          0        500          0          0
   4       17     1066     3124      9250542008      9250545132         6994123          0        500          0          0
   4       17      511     2268      9250545153      9250547421         6997267          0        500          0          0
   4       17      511     2247      9250547443      9250549690         6999558          0        500          0          0
   4       17     2773     6566      9250549714      9250556279         7001828          0        500          0          0
   4       17      511     1594      9250556303      9250557897         7008417          0        500          0          0
   4       17      550     2748      9250557927      9250560675         7010042          0        500          0          0
   4       17      518     2109      9250560729      9250562838         7012844          0        500          0          0
   4       17      543     2213      9250562864      9250565077         7014979          0        500          0          0
   4       17      511     2100      9250565096      9250567197         7017211          0        500          0          0
   4       17      511     2763      9250567217      9250569980         7019331          0        500          0          0
   4       17      516     1671      9250570568      9250572239         7022683          0        500          0          0
   4       17      511     2761      9250572262      9250575023         7024377          0        500          0          0
   4       17      511     2790      9250575044      9250577833         7027159          0        500          0          0
   4       17      518     2157      9250577859      9250580015         7029973          0        500          0          0
   4       17      511     2375      9250580038      9250582413         7032153          0        500          0          0
   4       17      511     3999      9250582435      9250586434         7034550          0        500          0          0
   4       17      511     2175      9250586457      9250588632         7038572          0        500          0          0
   4       17      516     2458      9250588650      9250591108         7040765          0        500          0          0
   4       17      511     1511      9250591132      9250592643         7043246          0        500          0          0
   4       17      518     2352      9250592662      9250595013         7044777          0        500          0          0
   4       17     2626     4417      9250595033      9250599450         7047148          0        500          0          0
   4       17      511     2133      9250599475      9250601608         7051590          0        500          0          0
   4       17      517     2126      9250601624      9250603751         7053739          0        500          0          0
   4       17      519     2167      9250603808      9250605975         7055923          0        500          0          0
   4       17      511     1592      9250606015      9250607607         7058130          0        500          0          0
   4       17      517     1968      9250607624      9250609592         7059739          0        500          0          0
   4       17      518     1837      9250609611      9250611448         7061726          0        500          0          0
   4       17      511     2148      9250611465      9250613613         7063580          0        500          0          0
   4       17     1649     4889      9250613654      9250618543         7065769          0        500          0          0
   4       17      518     2134      9250618567      9250620700         7070681          0        500          0          0
   4       17      517     1828      9250620716      9250622545         7072831          0        500          0          0
   4       17      516     1614      9250622560      9250624174         7074675          0        500          0          0
   4       17     1610     2180      9250624188      9250626368         7076303          0        500          0          0
   4       17      511     2421      9250626384      9250628805         7078499          0        500          0          0
   4       17      518     2140      9250628821      9250630961         7080935          0        500          0          0
   4       17      516     1606      9250630981      9250632587         7083095          0        500          0          0
   4       17      517     2133      9250632604      9250634737         7084719          0        500          0          0
   4       17      517     2135      9250634753      9250636887         7086867          0        500          0          0
   4       17     3206     4812      9250636902      9250641714         7089017          0        500          0          0
   4       17      517     2129      9250641729      9250643858         7093843          0        500          0          0
   4       17      517     2663      9250643872      9250646535         7095987          0        500          0          0
   4       17      516     1459      9250646550      9250648008         7098665          0        500          0          0
   4       17      511     1723      9250648023      9250649746         7100138          0        500          0          0
   4       17      516     2128      9250649761      9250651889         7101875          0        500          0          0
   4       17      520     1597      9250651906      9250653503         7104020          0        500          0          0
   4       17      517     2134      9250653518      9250655652         7105633          0        500          0          0
   4       17      517     2167      9250655668      9250657835         7107782          0        500          0          0
   4       17     1976     2545      9250657850      9250660394         7109965          0        500          0          0
   4       17      511     1736      9250660411      9250662148         7112526          0        500          0          0
   4       17      511     2135      9250662162      9250664297         7114277          0        500          0          0
   4       17      511     2130      9250664317      9250666447         7116432          0        500          0          0
   4       17      511     2130      9250666462      9250668592         7118576          0        500          0          0
   4       17      517     2122      9250668607      9250670729         7120722          0        500          0          0
   4       17     1865     3738      9250670744      9250674483         7122859          0        500          0          0
   4       17      517     2512      9250674497      9250677009         7126612          0        500          0          0
   4       17      511     1773      9250677024      9250678797         7129139          0        500          0          0
   4       17      517     1621      9250678828      9250680449         7130943          0        500          0          0
   4       17      511     1608      9250680466      9250682074         7132581          0        500          0          0
   4       17      511     1922      9250682089      9250684011         7134204          0        500          0          0
   4       17      511     2390      9250684026      9250686417         7136141          0        500          0          0
   4       17      511     1593      9250686432      9250688025         7138547          0        500          0          0
   4       17      511     3725      9250688040      9250691765         7140155          0        500          0          0
   4       17      517     2665      9250691780      9250694445         7143895          0        500          0          0
   4       17      511     1598      9250694462      9250696059         7146576          0        500          0          0
   4       17      511     1594      9250696073      9250697668         7148188          0        500          0          0
   4       17      517     2130      9250697683      9250699814         7149798          0        500          0          0
   4       17      516     2127      9250699829      9250701956         7151944          0        500          0          0
   4       17      516     2126      9250701971      9250704097         7154086          0        500          0          0
   4       17      511     1587      9250704111      9250705697         7156225          0        500          0          0
   4       17     1303     2671      9250705711      9250708381         7157825          0        500          0          0
   4       17      511     1586      9250708395      9250709981         7160510          0        500          0          0
   4       17      517     2128      9250709995      9250712123         7162110          0        500          0          0
   4       17      511     2122      9250712137      9250714259         7164252          0        500          0          0
   4       17      511     1586      9250714274      9250715859         7166389          0        500          0          0
   4       17      516     2154      9250715873      9250718027         7167988          0        500          0          0
   4       17      511     2671      9250718045      9250720717         7170160          0        500          0          0
   4       17      517     2275      9250720733      9250723008         7172848          0        500          0          0
   4       17      511     1983      9250723022      9250725005         7175137          0        500          0          0
   4       17      511     2124      9250725019      9250727143         7177134          0        500          0          0
   4       17      511     1641      9250727159      9250728800         7179274          0        500          0          0
   4       17      517     1633      9250728818      9250730451         7180933          0        500          0          0
   4       17      511     2113      9250730466      9250732579         7182581          0        500          0          0
   4       17      516     2124      9250732594      9250734719         7184709          0        500          0          0
   4       17      516     1593      9250734732      9250736325         7186847          0        500          0          0
   4       17      511     2659      9250736340      9250738999         7188455          0        500          0          0
   4       17      511     1989      9250739021      9250741010         7191136          0        500          0          0
   4       17      511     1587      9250741025      9250742611         7193140          0        500          0          0
   4       17      517     1733      9250742627      9250744360         7194742          0        500          0          0
   4       17      511     2125      9250744374      9250746499         7196489          0        500          0          0
   4       17      517     2149      9250746549      9250748698         7198664          0        500          0          0
   4       17     1861     3258      9250748712      9250751970         7200827          0        500          0          0
   4       17      511     2138      9250752020      9250754157         7204135          0        500          0          0
   4       17      511     1628      9250754172      9250755800         7206287          0        500          0          0
   4       17      516     2151      9250755837      9250757988         7207952          0        500          0          0
   4       17      511     1592      9250758025      9250759617         7210139          0        500          0          0
   4       17      516     2129      9250759631      9250761760         7211746          0        500          0          0
   4       17     1596     2765      9250761776      9250764541         7213891          0        500          0          0
   4       17      517     2041      9250764562      9250766604         7216677          0        500          0          0
   4       17      517     1593      9250766618      9250768211         7218733          0        500          0          0
   4       17      511     2124      9250768224      9250770348         7220339          0        500          0          0
   4       17      511     2124      9250770361      9250772485         7222476          0        500          0          0
   4       17      516     1590      9250772499      9250774089         7224613          0        500          0          0
   4       17      511     3725      9250774104      9250777829         7226219          0        500          0          0
   4       17      517     2659      9250777845      9250780504         7229960          0        500          0          0
   4       17      517     3202      9250780521      9250783723         7232636          0        500          0          0
   4       17      517     1618      9250783739      9250785357         7235854          0        500          0          0
   4       17      511     1580      9250785372      9250786953         7237487          0        500          0          0
   4       17     1058     2136      9250786968      9250789104         7239083          0        500          0          0
   4       17      511     1586      9250789118      9250790704         7241232          0        500          0          0
   4       17      517     2125      9250790720      9250792845         7242834          0        500          0          0
   4       17      516     2132      9250792859      9250794991         7244974          0        500          0          0
   4       17      511     1589      9250795014      9250796603         7247129          0        500          0          0
   4       17      516     1929      9250796617      9250798546         7248732          0        500          0          0
   4       17     3485     5114      9250798563      9250803677         7250677          0        500          0          0
   4       17      517     1086      9250803699      9250804785         7255813          0        500          0          0
   4       17      516     2135      9250804801      9250806936         7256916          0        500          0          0
   4       17      516     1511      9250807501      9250809011         7259615          0        500          0          0
   4       17      511     1631      9250809027      9250810658         7261142          0        500          0          0
   4       17      536     1716      9250810675      9250812391         7262790          0        500          0          0
   4       17      511     2123      9250812409      9250814532         7264524          0        500          0          0
   4       17      516     2127      9250814548      9250816674         7266662          0        500          0          0
   4       17      516     2161      9250816690      9250818851         7268805          0        500          0          0
   4       17     2001     3223      9250818889      9250822113         7271004          0        500          0          0
   4       17      511     2157      9250822132      9250824289         7274247          0        500          0          0
   4       17      511     1080      9250824310      9250825390         7276425          0        500          0          0
   4       17      511     1665      9250825409      9250827074         7277524          0        500          0          0
   4       17      511     2000      9250827095      9250829095         7279210          0        500          0          0
   4       17      511     2281      9250829113      9250831394         7281228          0        500          0          0
   4       17      511     3754      9250831410      9250835165         7283525          0        500          0          0
   4       17      511     2661      9250835181      9250837842         7287296          0        500          0          0
   4       17      516     3152      9250837857      9250841009         7289972          0        500          0          0
   4       17      511     1586      9250841025      9250842611         7293140          0        500          0          0
   4       17      516     2182      9250842627      9250844808         7294742          0        500          0          0
   4       17      517     1596      9250844825      9250846421         7296940          0        500          0          0
   4       17      511     2137      9250846437      9250848574         7298552          0        500          0          0
   4       17      517     1592      9250848591      9250850183         7300706          0        500          0          0
   4       17      511     2345      9250850199      9250852544         7302314          0        500          0          0
   4       17      519     1919      9250852560      9250854479         7304675          0        500          0          0
   4       17     2124     3197      9250854494      9250857691         7306609          0        500          0          0
   4       17      516     2736      9250857708      9250860444         7309823          0        500          0          0
   4       17      511     5198      9250860465      9250865663         7312579          0        500          0          0
   4       17      516     1598      9250865684      9250867282         7317798          0        500          0          0
   4       17      511     1595      9250867297      9250868892         7319412          0        500          0          0
   4       17      516     2137      9250868908      9250871045         7321023          0        500          0          0
   4       17      511     1626      9250871059      9250872685         7323174          0        500          0          0
   4       17      518     5856      9250872702      9250878557         7324816          0        500          0          0
   4       17      517     2131      9250878573      9250880704         7330688          0        500          0          0
   4       17      516     2658      9250880718      9250883376         7332833          0        500          0          0
   4       17      511     2129      9250883389      9250885518         7335503          0        500          0          0
   4       17      517     2132      9250885536      9250887668         7337650          0        500          0          0
   4       17      517     1598      9250887685      9250889284         7339800          0        500          0          0
   4       17      511     2663      9250889301      9250891964         7341416          0        500          0          0
   4       17      517     4651      9250891981      9250896633         7344096          0        500          0          0
   4       17      518     2182      9250896656      9250898838         7348771          0        500          0          0
   4       17      517     3225      9250898855      9250902080         7350970          0        500          0          0
   4       17      595     2827      9250902118      9250904946         7354233          0        500          0          0
   4       17      517     5720      9250904975      9250910695         7357090          0        500          0          0
   4       17      517     1596      9250910716      9250912311         7362830          0        500          0          0
   4       17      511     1590      9250912325      9250913915         7364440          0        500          0          0
   4       17      516     2135      9250913932      9250916067         7366047          0        500          0          0
   4       17      511     3736      9250916083      9250919819         7368197          0        500          0          0
   4       17      517     3895      9250919838      9250923733         7371953          0        500          0          0
   4       17      516     5242      9250923774      9250929016         7375889          0        500          0          0
   4       17      511     1083      9250929043      9250930126         7381158          0        500          0          0
   4       17      511     1135      9250930142      9250931276         7382257          0        500          0          0
   4       17      511     1384      9250931295      9250932678         7383409          0        500          0          0
   4       17      517     2868      9250932702      9250935570         7384817          0        500          0          0
   4       17      519     2738      9250935592      9250938331         7387707          0        500          0          0
   4       17      511     2197      9250938346      9250940543         7390461          0        500          0          0
   4       17      517     2620      9250940565      9250943185         7392680          0        500          0          0
   4       17     3329     6032      9250943211      9250949243         7395326          0        500          0          0
   4       17      511     2744      9250949267      9250952011         7401382          0        500          0          0
   4       17      511     2817      9250952035      9250954852         7404150          0        500          0          0
   4       17      522     3317      9250954876      9250958193         7406991          0        500          0          0
   4       17      511     1754      9250958219      9250959973         7410334          0        500          0          0
   4       17      511     2064      9250960014      9250962078         7412129          0        500          0          0
   4       17     1319     2678      9250962107      9250964785         7414221          0        500          0          0
   4       17      521     3270      9250964810      9250968080         7416925          0        500          0          0
   4       17      511     2811      9250968117      9250970928         7420232          0        500          0          0
   4       17      518     3323      9250970988      9250974311         7423103          0        500          0          0
   4       17      511     2181      9250974338      9250976519         7426453          0        500          0          0
   4       17      520     2454      9250976544      9250978998         7428659          0        500          0          0
   4       17      511     1988      9250979030      9250981017         7431144          0        500          0          0
   4       17      511     2960      9250981036      9250983996         7433151          0        500          0          0
   4       17      511     2492      9250984032      9250986524         7436147          0        500          0          0
   4       17     2818     5054      9250986551      9250991604         7438666          0        500          0          0
   4       17      517     2848      9250991626      9250994474         7443741          0        500          0          0
   4       17      516     2783      9250994501      9250997284         7446615          0        500          0          0
   4       17     2207     3436      9250997351      9251000787         7449466          0        500          0          0
   4       17      521     2172      9251000819      9251002990         7452934          0        500          0          0
   4       17      511     2063      9251003021      9251005084         7455136          0        500          0          0
   4       17      511     2308      9251005109      9251007418         7457224          0        500          0          0
   4       17      511     2642      9251007437      9251010079         7459552          0        500          0          0
   4       17      511     2637      9251010097      9251012734         7462212          0        500          0          0
   4       17      517     2256      9251012754      9251015010         7464869          0        500          0          0
   4       17     4698     5801      9251015032      9251020834         7467147          0        500          0          0
   4       17      516     3154      9251020883      9251024038         7472998          0        500          0          0
   4       17      511     2031      9251024075      9251026105         7476189          0        500          0          0
   4       17      511     1885      9251026129      9251028014         7478244          0        500          0          0
   4       17      511     1866      9251028034      9251029900         7480149          0        500          0          0
   4       17      518     3042      9251029930      9251032972         7482045          0        500          0          0
   4       17      517     2200      9251032994      9251035194         7485108          0        500          0          0
   4       17      511     2727      9251035215      9251037941         7487329          0        500          0          0
   4       17     2690     3365      9251037965      9251041331         7490080          0        500          0          0
   4       17     1888     2686      9251041358      9251044044         7493473          0        500          0          0
   4       17      511     2699      9251044066      9251046765         7496181          0        500          0          0
   4       17      519     2597      9251046784      9251049380         7498899          0        500          0          0
   4       17      511     2672      9251049401      9251052073         7501516          0        500          0          0
   4       17      511     1851      9251052103      9251053954         7504217          0        500          0          0
   4       17     3166     4506      9251053981      9251058487         7506096          0        500          0          0
   4       17      522     2164      9251058521      9251060684         7510635          0        500          0          0
   4       17      547     1907      9251060714      9251062621         7512829          0        500          0          0
   4       17      520     3285      9251062648      9251065933         7514763          0        500          0          0
   4       17      546     2182      9251065952      9251068135         7518067          0        500          0          0
   4       17      511     2778      9251068151      9251070929         7520265          0        500          0          0
   4       17     1646     3891      9251070958      9251074849         7523073          0        500          0          0
   4       17      519     2042      9251074871      9251076913         7526986          0        500          0          0
   4       17      520     3033      9251076933      9251079966         7529048          0        500          0          0
   4       17      511     2233      9251080010      9251082243         7532124          0        500          0          0
   4       17      511     2753      9251082265      9251085018         7534379          0        500          0          0
   4       17      511     2724      9251085042      9251087765         7537156          0        500          0          0
   4       17      518     2791      9251087841      9251090631         7539956          0        500          0          0
   4       17      518     1700      9251090656      9251092356         7542770          0        500          0          0
   4       17      511     5045      9251092387      9251097432         7544502          0        500          0          0
   4       17      511     3335      9251097455      9251100790         7549569          0        500          0          0
   4       17      518     3342      9251100814      9251104156         7552929          0        500          0          0
   4       17      511     2612      9251104181      9251106793         7556296          0        500          0          0
   4       17      518     2107      9251106845      9251108952         7558960          0        500          0          0
   4       17      519     2017      9251108970      9251110987         7561085          0        500          0          0
   4       17      511     2983      9251111013      9251113996         7563127          0        500          0          0
   4       17      511     2145      9251114033      9251116178         7566148          0        500          0          0
   4       17      511     2638      9251116196      9251118834         7568310          0        500          0          0
   4       17      519     2261      9251118857      9251121118         7570972          0        500          0          0
   4       17     3059     3630      9251121146      9251124775         7573261          0        500          0          0
   4       17      537     2393      9251124800      9251127194         7576915          0        500          0          0
   4       17      511     2841      9251127218      9251130059         7579333          0        500          0          0
   4       17      511     2216      9251130083      9251132299         7582198          0        500          0          0
   4       17      511     2586      9251132319      9251134905         7584434          0        500          0          0
   4       17      517     2534      9251134953      9251137486         7587068          0        500          0          0
   4       17     2432     4680      9251137517      9251142197         7589631          0        500          0          0
   4       17      511     2765      9251142220      9251144985         7594335          0        500          0          0
   4       17      511     2682      9251145017      9251147699         7597132          0        500          0          0
   4       17      519     1083      9251147724      9251148807         7599839          0        500          0          0
   4       17      517     2713      9251148825      9251151538         7600940          0        500          0          0
   4       17      522     2591      9251151561      9251154152         7603675          0        500          0          0
   4       17      511     2670      9251154177      9251156847         7606292          0        500          0          0
   4       17      519     2834      9251156869      9251159703         7608984          0        500          0          0
   4       17     5006     5578      9251159735      9251165313         7611850          0        500          0          0
   4       17      511     1838      9251165338      9251167176         7617453          0        500          0          0
   4       17     1448     5528      9251167212      9251172740         7619327          0        500          0          0
   4       17      543     2630      9251172772      9251175403         7624887          0        500          0          0
   4       17      511     2738      9251175423      9251178162         7627538          0        500          0          0
   4       17      511     2484      9251178181      9251180666         7630296          0        500          0          0
   4       17      517     1612      9251180708      9251182319         7632822          0        500          0          0
   4       17      511     2373      9251182357      9251184729         7634472          0        500          0          0
   4       17      518     2842      9251184755      9251187596         7636869          0        500          0          0
   4       17      517     2761      9251187619      9251190381         7639734          0        500          0          0
   4       17      511     2185      9251190404      9251192589         7642519          0        500          0          0
   4       17     3405     4897      9251192607      9251197505         7644722          0        500          0          0
   4       17      520     1104      9251197539      9251198643         7649654          0        500          0          0
   4       17      517     2325      9251198660      9251200985         7650775          0        500          0          0
   4       17      511     2438      9251201021      9251203459         7653136          0        500          0          0
   4       17     1083     3233      9251203486      9251206719         7655601          0        500          0          0
   4       17      518     2169      9251206745      9251208915         7658860          0        500          0          0
   4       17     3171     5269      9251208931      9251214200         7661046          0        500          0          0
   4       17      511     3132      9251214233      9251217365         7666348          0        500          0          0
   4       17      511     4233      9251217383      9251221616         7669498          0        500          0          0
   4       17      517     1177      9251221643      9251222820         7673758          0        500          0          0
   4       17      517     2184      9251222847      9251225031         7674962          0        500          0          0
   4       17      511     2341      9251225061      9251227403         7677176          0        500          0          0
   4       17      511     2610      9251227425      9251230035         7679539          0        500          0          0
   4       17      511     2613      9251230063      9251232676         7682178          0        500          0          0
   4       17      518     2211      9251232698      9251234910         7684813          0        500          0          0
   4       17     4556     6692      9251234930      9251241622         7687045          0        500          0          0
   4       17      518     2200      9251241644      9251243844         7693759          0        500          0          0
   4       17      517     2343      9251243864      9251246207         7695979          0        500          0          0
   4       17      511     1782      9251246229      9251248011         7698344          0        500          0          0
   4       17      511     2404      9251248030      9251250434         7700145          0        500          0          0
   4       17      511     2239      9251250458      9251252697         7702573          0        500          0          0
   4       17      522     3266      9251252726      9251255992         7704841          0        500          0          0
   4       17      511     2042      9251256032      9251258075         7708147          0        500          0          0
   4       17     2726     5515      9251258106      9251263620         7710220          0        500          0          0
   4       17      518     3252      9251263645      9251266897         7715760          0        500          0          0
   4       17      516     3002      9251266921      9251269924         7719036          0        500          0          0
   4       17      518     3500      9251269952      9251273453         7722067          0        500          0          0
   4       17      511     2209      9251273485      9251275694         7725600          0        500          0          0
   4       17      516     1615      9251275734      9251277350         7727849          0        500          0          0
   4       17     2647     5246      9251277390      9251282636         7729505          0        500          0          0
   4       17      536     4752      9251282691      9251287443         7734806          0        500          0          0
   4       17      511     2620      9251287476      9251290096         7739591          0        500          0          0
   4       17      511     2772      9251290116      9251292888         7742231          0        500          0          0
   4       17      516     3342      9251292913      9251296255         7745028          0        500          0          0
   4       17      511     5027      9251296278      9251301306         7748393          0        500          0          0
   4       17      511     2074      9251301330      9251303404         7753445          0        500          0          0
   4       17      511     3025      9251303423      9251306448         7755537          0        500          0          0
   4       17      511     2035      9251306480      9251308515         7758595          0        500          0          0
   4       17      520     2180      9251308539      9251310719         7760654          0        500          0          0
   4       17      516     2127      9251310758      9251312884         7762873          0        500          0          0
   4       17      520     2685      9251312902      9251315587         7765016          0        500          0          0
   4       17      517     2205      9251315607      9251317812         7767722          0        500          0          0
   4       17      516     2736      9251317864      9251320601         7769979          0        500          0          0
   4       17      518     2227      9251320626      9251322854         7772741          0        500          0          0
   4       17     3679     4352      9251322872      9251327224         7774986          0        500          0          0
   4       17     2128     3798      9251327260      9251331058         7779375          0        500          0          0
   4       17      511     1603      9251331080      9251332684         7783195          0        500          0          0
   4       17      542     2606      9251332709      9251335315         7784824          0        500          0          0
   4       17      511     2729      9251335336      9251338064         7787450          0        500          0          0
   4       17      511     2185      9251338088      9251340273         7790203          0        500          0          0
   4       17      511     2572      9251340298      9251342871         7792413          0        500          0          0
   4       17     2496     4491      9251342889      9251347381         7795004          0        500          0          0
   4       17      511     2609      9251347412      9251350021         7799527          0        500          0          0
   4       17      511     1993      9251350039      9251352032         7802154          0        500          0          0
   4       17      511     1615      9251352057      9251353672         7804172          0        500          0          0
   4       17      511     2718      9251354030      9251356747         7806145          0        500          0          0
   4       17      516     2224      9251356792      9251359016         7808907          0        500          0          0
   4       17      511     2746      9251359041      9251361787         7811155          0        500          0          0
   4       17     1714     3938      9251361810      9251365747         7813924          0        500          0          0
   4       17     2694     3508      9251365783      9251369291         7817898          0        500          0          0
   4       17      537     1519      9251369315      9251370834         7821430          0        500          0          0
   4       17      520     2608      9251370854      9251373461         7822969          0        500          0          0
   4       17      517     2192      9251373509      9251375701         7825623          0        500          0          0
   4       17      517     3154      9251375718      9251378873         7827833          0        500          0          0
   4       17      520     2745      9251378895      9251381640         7831010          0        500          0          0
   4       17     3230     4381      9251381662      9251386043         7833777          0        500          0          0
   4       17      511     2130      9251386075      9251388204         7838189          0        500          0          0
   4       17      511     2095      9251388232      9251390327         7840347          0        500          0          0
   4       17      511     2689      9251390353      9251393042         7842468          0        500          0          0
   4       17      511     2761      9251393066      9251395828         7845181          0        500          0          0
   4       17      519     2228      9251395857      9251398085         7847971          0        500          0          0
   4       17      511     6468      9251398120      9251404589         7850235          0        500          0          0
   4       17      542     2648      9251404621      9251407268         7856736          0        500          0          0
   4       17      511     2371      9251407293      9251409664         7859408          0        500          0          0
   4       17      519     2379      9251409687      9251412066         7861802          0        500          0          0
   4       17      511     1311      9251412092      9251413404         7864207          0        500          0          0
   4       17      511     2155      9251413427      9251415581         7865542          0        500          0          0
   4       17     3057     7407      9251415608      9251423016         7867723          0        500          0          0
   4       17      511     2153      9251423047      9251425200         7875162          0        500          0          0
   4       17      511     2086      9251425221      9251427306         7877335          0        500          0          0
   4       17      511     2357      9251427328      9251429685         7879443          0        500          0          0
   4       17      536     2450      9251429711      9251432161         7881826          0        500          0          0
   4       17      511     1560      9251432186      9251433746         7884301          0        500          0          0
   4       17      518     2584      9251433764      9251436348         7885879          0        500          0          0
   4       17      511     2652      9251436368      9251439021         7888483          0        500          0          0
   4       17      511     2575      9251439055      9251441630         7891170          0        500          0          0
   4       17     2914     3896      9251441647      9251445543         7893762          0        500          0          0
   4       17      520     2260      9251445572      9251447832         7897687          0        500          0          0
   4       17      520     3526      9251447850      9251451376         7899965          0        500          0          0
   4       17      511     1624      9251451401      9251453025         7903516          0        500          0          0
   4       17      511     2536      9251453051      9251455587         7905166          0        500          0          0
   4       17      517     2095      9251455604      9251457699         7907718          0        500          0          0
   4       17     3503     4337      9251457722      9251462059         7909837          0        500          0          0
   4       17      511     1660      9251462085      9251463745         7914200          0        500          0          0
   4       17      518     2932      9251463778      9251466710         7915893          0        500          0          0
   4       17      521     2674      9251466735      9251469409         7918850          0        500          0          0
   4       17     2294     3072      9251469456      9251472528         7921571          0        500          0          0
   4       17     2004     5049      9251472553      9251477602         7924668          0        500          0          0
   4       17     2158     2725      9251477632      9251480357         7929747          0        500          0          0
   4       17      511     4667      9251480375      9251485042         7932490          0        500          0          0
   4       17      511     2487      9251485076      9251487563         7937190          0        500          0          0
   4       17      517     1692      9251487588      9251489280         7939702          0        500          0          0
   4       17      757     3357      9251489301      9251492657         7941416          0        500          0          0
   4       17      516     3487      9251492683      9251496171         7944798          0        500          0          0
   4       17      511     3115      9251496197      9251499312         7948312          0        500          0          0
   4       17     2190     2838      9251499346      9251502184         7951460          0        500          0          0
   4       17      511     2638      9251502208      9251504845         7954323          0        500          0          0
   4       17      520     1627      9251504875      9251506502         7956990          0        500          0          0
   4       17      516     1622      9251506518      9251508140         7958633          0        500          0          0
   4       17      511     2177      9251508157      9251510334         7960272          0        500          0          0
   4       17      511     1611      9251510350      9251511962         7962465          0        500          0          0
   4       17      516     2161      9251511998      9251514159         7964113          0        500          0          0
   4       17      511     2721      9251514174      9251516896         7966289          0        500          0          0
   4       17      516     2142      9251516934      9251519075         7969049          0        500          0          0
   4       17      511     2129      9251519094      9251521223         7971208          0        500          0          0
   4       17      511     1843      9251521241      9251523084         7973356          0        500          0          0
   4       17      511     1588      9251523099      9251524688         7975214          0        500          0          0
   4       17      516     1302      9251524705      9251526007         7976820          0        500          0          0
   4       17     1058     2201      9251526023      9251528224         7978138          0        500          0          0
   4       17      511     2186      9251528245      9251530431         7980360          0        500          0          0
   4       17      511     2175      9251530450      9251532625         7982564          0        500          0          0
   4       17      516     1597      9251532642      9251534239         7984757          0        500          0          0
   4       17      511     2132      9251534254      9251536387         7986369          0        500          0          0
   4       17      511     1675      9251536405      9251538080         7988519          0        500          0          0
   4       17      511     2054      9251538096      9251540150         7990211          0        500          0          0
   4       17      511     2131      9251540167      9251542298         7992282          0        500          0          0
   4       17      511     2191      9251542313      9251544504         7994428          0        500          0          0
   4       17      517     1595      9251544522      9251546117         7996637          0        500          0          0
   4       17      511     2131      9251546131      9251548262         7998246          0        500          0          0
   4       17      511     2147      9251548304      9251550450         8000418          0        500          0          0
   4       17      511     1601      9251550469      9251552069         8002583          0        500          0          0
   4       17      511     2142      9251552088      9251554230         8004203          0        500          0          0
   4       17      511     2127      9251554246      9251556373         8006361          0        500          0          0
   4       17      511     1591      9251556390      9251557981         8008505          0        500          0          0
   4       17      516     2137      9251557996      9251560134         8010111          0        500          0          0
   4       17      511     2136      9251560150      9251562286         8012265          0        500          0          0
   4       17      511     1594      9251562301      9251563894         8014415          0        500          0          0
   4       17      517     2141      9251563911      9251566052         8016026          0        500          0          0
   4       17      511     2127      9251566067      9251568194         8018181          0        500          0          0
   4       17      511     1869      9251568210      9251570079         8020325          0        500          0          0
   4       17      511     1847      9251570093      9251571940         8022208          0        500          0          0
   4       17      516     2128      9251571955      9251574083         8024070          0        500          0          0
   4       17      511     2125      9251574097      9251576222         8026211          0        500          0          0
   4       17      511     1586      9251576238      9251577824         8028353          0        500          0          0
   4       17     2052     2670      9251577837      9251580508         8029952          0        500          0          0
   4       17     1589     3201      9251580524      9251583725         8032639          0        500          0          0
   4       17      516     2125      9251583739      9251585864         8035853          0        500          0          0
   4       17      517     2171      9251585880      9251588052         8037995          0        500          0          0
   4       17      511     2123      9251588066      9251590189         8040181          0        500          0          0
   4       17      511     2670      9251590205      9251592875         8042320          0        500          0          0
   4       17      517     2135      9251592890      9251595025         8045005          0        500          0          0
   4       17      511     2668      9251595041      9251597709         8047156          0        500          0          0
   4       17      516     2286      9251597724      9251600010         8049839          0        500          0          0
   4       17      511     2551      9251600026      9251602577         8052141          0        500          0          0
   4       17      517     3196      9251602591      9251605787         8054706          0        500          0          0
   4       17      517     2663      9251605802      9251608465         8057917          0        500          0          0
   4       17      511     3193      9251608480      9251611673         8060594          0        500          0          0
   4       17      516     1619      9251611688      9251613307         8063803          0        500          0          0
   4       17      511     1614      9251613321      9251614935         8065436          0        500          0          0
   4       17      516     1598      9251614953      9251616550         8067067          0        500          0          0
   4       17      517     1596      9251616563      9251618160         8068678          0        500          0          0
   4       17      511     2126      9251618178      9251620304         8070293          0        500          0          0
   4       17      511     2131      9251620349      9251622479         8072463          0        500          0          0
   4       17     1613     4340      9251622495      9251626835         8074610          0        500          0          0
   4       17      516     3232      9251626873      9251630105         8078988          0        500          0          0
   4       17      511     2131      9251630123      9251632254         8082238          0        500          0          0
   4       17      511     1740      9251632268      9251634008         8084383          0        500          0          0
   4       17      511     1908      9251634024      9251635931         8086139          0        500          0          0
   4       17      516     2736      9251635966      9251638703         8088081          0        500          0          0
   4       17      517     3194      9251638718      9251641913         8090833          0        500          0          0
   4       17      517     2661      9251641926      9251644587         8094041          0        500          0          0
   4       17      517     2124      9251644601      9251646725         8096716          0        500          0          0
   4       17      517     2126      9251646739      9251648864         8098853          0        500          0          0
   4       17      516     1080      9251648880      9251649960         8100995          0        500          0          0
   4       17      517     2643      9251649973      9251652616         8102088          0        500          0          0
   4       17      520     2171      9251652632      9251654803         8104747          0        500          0          0
   4       17      516     2135      9251654817      9251656952         8106932          0        500          0          0
   4       17      516     2038      9251656971      9251659009         8109086          0        500          0          0
   4       17     1583     3290      9251659024      9251662314         8111139          0        500          0          0
   4       17      511     1613      9251662333      9251663946         8114448          0        500          0          0
   4       17      516     2144      9251663987      9251666132         8116102          0        500          0          0
   4       17      511     2123      9251666150      9251668273         8118265          0        500          0          0
   4       17      511     2123      9251668287      9251670410         8120402          0        500          0          0
   4       17      511     2113      9251670426      9251672539         8122541          0        500          0          0
   4       17      517     1459      9251672551      9251674010         8124666          0        500          0          0
   4       17     1624     3460      9251674026      9251677486         8126141          0        500          0          0
   4       17      517     2133      9251677504      9251679638         8129619          0        500          0          0
   4       17      517     1592      9251679653      9251681245         8131768          0        500          0          0
   4       17      511     2163      9251681259      9251683422         8133374          0        500          0          0
   4       17      511     2154      9251683439      9251685592         8135553          0        500          0          0
   4       17      517     1401      9251685608      9251687009         8137723          0        500          0          0
   4       17      511     1790      9251687025      9251688815         8139140          0        500          0          0
   4       17     2122     3739      9251688828      9251692567         8140942          0        500          0          0
   4       17      517     2669      9251692584      9251695253         8144699          0        500          0          0
   4       17      511     2130      9251695268      9251697399         8147383          0        500          0          0
   4       17      511     2141      9251697457      9251699599         8149572          0        500          0          0
   4       17      517     3740      9251699615      9251703356         8151730          0        500          0          0
   4       17      511     2126      9251703372      9251705498         8155487          0        500          0          0
   4       17      516     2127      9251705512      9251707639         8157626          0        500          0          0
   4       17      516     2683      9251707655      9251710338         8159770          0        500          0          0
   4       17      511     2066      9251710351      9251712417         8162466          0        500          0          0
   4       17      511     1073      9251712432      9251713505         8164547          0        500          0          0
   4       17     1608     3298      9251713519      9251716817         8165634          0        500          0          0
   4       17      517     1592      9251716832      9251718423         8168946          0        500          0          0
   4       17      511     2105      9251718438      9251720542         8170552          0        500          0          0
   4       17      516     1596      9251720557      9251722153         8172672          0        500          0          0
   4       17      511     2188      9251722165      9251724354         8174280          0        500          0          0
   4       17      511     1671      9251724371      9251726042         8176486          0        500          0          0
   4       17      511     4293      9251726062      9251730355         8178176          0        500          0          0
   4       17      511     2139      9251730375      9251732514         8182490          0        500          0          0
   4       17      517     2129      9251732529      9251734658         8184644          0        500          0          0
   4       17      517     2669      9251734674      9251737343         8186789          0        500          0          0
   4       17      511     2666      9251737358      9251740024         8189472          0        500          0          0
   4       17      511     2132      9251740040      9251742172         8192155          0        500          0          0
   4       17      511     2134      9251742187      9251744321         8194302          0        500          0          0
   4       17      511     1801      9251744336      9251746138         8196451          0        500          0          0
   4       17      511     1073      9251746152      9251747226         8198267          0        500          0          0
   4       17      511     2504      9251747243      9251749747         8199358          0        500          0          0
   4       17      516     1615      9251749761      9251751377         8201876          0        500          0          0
   4       17      511     2185      9251751396      9251753581         8203511          0        500          0          0
   4       17     2522     3601      9251753618      9251757219         8205733          0        500          0          0
   4       17      511     2281      9251757238      9251759519         8209353          0        500          0          0
   4       17      517     2140      9251759535      9251761675         8211649          0        500          0          0
   4       17      517     2155      9251761695      9251763851         8213810          0        500          0          0
   4       17      517     1490      9251765520      9251767010         8217634          0        500          0          0
   4       17      511     5244      9251767026      9251772270         8219141          0        500          0          0
   4       17      511     1586      9251772284      9251773870         8224399          0        500          0          0
   4       17      516     1590      9251773883      9251775473         8225998          0        500          0          0
   4       17      518     2152      9251775523      9251777675         8227638          0        500          0          0
   4       17      516     2126      9251777708      9251779834         8229822          0        500          0          0
   4       17      517     2120      9251779846      9251781966         8231961          0        500          0          0
   4       17      516     5345      9251781981      9251787325         8234095          0        500          0          0
   4       17      511     1623      9251787344      9251788967         8239459          0        500          0          0
   4       17      516     2137      9251788983      9251791120         8241098          0        500          0          0
   4       17      511     1595      9251791136      9251792731         8243250          0        500          0          0
   4       17      517     5273      9251792748      9251798022         8244863          0        500          0          0
   4       17      511     2196      9251798054      9251800250         8250169          0        500          0          0
   4       17      511     2175      9251800268      9251802443         8252382          0        500          0          0
   4       17      511     2151      9251802459      9251804610         8254574          0        500          0          0
   4       17      517     3802      9251804626      9251808428         8256741          0        500          0          0
   4       17      511     3187      9251808450      9251811638         8260565          0        500          0          0
   4       17      517     6349      9251811663      9251818012         8263778          0        500          0          0
   4       17      511     1513      9251818035      9251819548         8270150          0        500          0          0
   4       17      517     1079      9251819565      9251820645         8271680          0        500          0          0
   4       17      516     1625      9251820660      9251822285         8272775          0        500          0          0
   4       17      511     4958      9251822304      9251827262         8274419          0        500          0          0
   4       17      511     2171      9251827296      9251829466         8279410          0        500          0          0
   4       17      511     2261      9251829486      9251831746         8281600          0        500          0          0
   4       17      531     4368      9251831767      9251836135         8283881          0        500          0          0
   4       17      511     5031      9251836157      9251841188         8288272          0        500          0          0
   4       17      511     2715      9251841209      9251843924         8293324          0        500          0          0
   4       17      519     2187      9251843942      9251846129         8296057          0        500          0          0
   4       17      511     1340      9251846144      9251847483         8298258          0        500          0          0
   4       17      519     2856      9251847512      9251850368         8299627          0        500          0          0
   4       17     1102     2812      9251850392      9251853203         8302506          0        500          0          0
   4       17      511     2640      9251853231      9251855871         8305346          0        500          0          0
   4       17      520     2753      9251855896      9251858649         8308011          0        500          0          0
   4       17      521     2194      9251858678      9251860872         8310792          0        500          0          0
   4       17      516     2848      9251860909      9251863757         8313024          0        500          0          0
   4       17      520     2173      9251863787      9251865961         8315902          0        500          0          0
   4       17      956     2462      9251865985      9251868446         8318099          0        500          0          0
   4       17      519     2695      9251868503      9251871198         8320618          0        500          0          0
   4       17      511     2589      9251871225      9251873813         8323339          0        500          0          0
   4       17      519     2588      9251873833      9251876421         8325947          0        500          0          0
   4       17      511     2788      9251876438      9251879227         8328553          0        500          0          0
   4       17      511     4600      9251879249      9251883849         8331364          0        500          0          0
   4       17      517     2605      9251883870      9251886475         8335985          0        500          0          0
   4       17      544     3265      9251886500      9251889764         8338614          0        500          0          0
   4       17      519     3264      9251889787      9251893051         8341902          0        500          0          0
   4       17      511     2136      9251893076      9251895211         8345191          0        500          0          0
   4       17      511     2280      9251895238      9251897518         8347353          0        500          0          0
   4       17      520     2238      9251897547      9251899785         8349662          0        500          0          0
   4       17      521     2656      9251899816      9251902472         8351931          0        500          0          0
   4       17      520     2534      9251902497      9251905031         8354612          0        500          0          0
   4       17      511     2850      9251905053      9251907903         8357168          0        500          0          0
   4       17     1001     2494      9251907948      9251910442         8360063          0        500          0          0
   4       17      511     3104      9251910468      9251913572         8362583          0        500          0          0
   4       17      520     2699      9251913607      9251916305         8365722          0        500          0          0
   4       17      511     2754      9251916330      9251919084         8368445          0        500          0          0
   4       17      511     2368      9251919113      9251921481         8371228          0        500          0          0
   4       17     3396     5002      9251921501      9251926503         8373616          0        500          0          0
   4       17      517     3255      9251926528      9251929783         8378643          0        500          0          0
   4       17      518     2755      9251929847      9251932602         8381962          0        500          0          0
   4       17      518     1106      9251932622      9251933728         8384736          0        500          0          0
   4       17      517     2786      9251933742      9251936528         8385857          0        500          0          0
   4       17      516     2541      9251936545      9251939086         8388660          0        500          0          0
   4       17      511     2632      9251939105      9251941736         8391219          0        500          0          0
   4       17      516     2600      9251941777      9251944377         8393892          0        500          0          0
   4       17      511     4112      9251944396      9251948508         8396511          0        500          0          0
   4       17      518     2047      9251948537      9251950584         8400652          0        500          0          0
   4       17     1089     3125      9251950611      9251953736         8402726          0        500          0          0
   4       17      517     2736      9251953762      9251956497         8405877          0        500          0          0
   4       17      517     2169      9251956520      9251958689         8408634          0        500          0          0
   4       17      518     2815      9251958710      9251961525         8410825          0        500          0          0
   4       17      521     4010      9251961590      9251965600         8413705          0        500          0          0
   4       17      522     3025      9251965632      9251968657         8417747          0        500          0          0
   4       17      519     2619      9251968683      9251971302         8420798          0        500          0          0
   4       17      511     1488      9251971322      9251972810         8423437          0        500          0          0
   4       17     1086     3243      9251972834      9251976077         8424948          0        500          0          0
   4       17      511     2036      9251976114      9251978150         8428229          0        500          0          0
   4       17      511     2788      9251978169      9251980957         8430284          0        500          0          0
   4       17      520     2697      9251980984      9251983681         8433099          0        500          0          0
   4       17     3476     4057      9251983697      9251987754         8435811          0        500          0          0
   4       17      517     1608      9251987778      9251989386         8439893          0        500          0          0
   4       17      511     2664      9251989403      9251992068         8441518          0        500          0          0
   4       17      511     2245      9251992100      9251994345         8444215          0        500          0          0
   4       17      511     2736      9251994363      9251997099         8446478          0        500          0          0
   4       17      511     2753      9251997123      9251999876         8449238          0        500          0          0
   4       17     2069     3802      9251999899      9252003701         8452014          0        500          0          0
   4       17      516     2169      9252003727      9252005896         8455841          0        500          0          0
   4       17      518     2311      9252005934      9252008246         8458049          0        500          0          0
   4       17      511     2198      9252008276      9252010474         8460391          0        500          0          0
   4       17      517     2210      9252010492      9252012702         8462607          0        500          0          0
   4       17      518     2753      9252012726      9252015479         8464841          0        500          0          0
   4       17     3166     3738      9252015504      9252019242         8467619          0        500          0          0
   4       17      511     2267      9252019267      9252021534         8471381          0        500          0          0
   4       17      516     2710      9252021554      9252024265         8473669          0        500          0          0
   4       17      511     2239      9252024291      9252026531         8476406          0        500          0          0
   4       17      521     2821      9252026558      9252029380         8478673          0        500          0          0
   4       17      511     2667      9252029409      9252032076         8481524          0        500          0          0
   4       17      511     3134      9252032103      9252035237         8484218          0        500          0          0
   4       17      511     2098      9252035261      9252037359         8487375          0        500          0          0
   4       17      511     3126      9252037379      9252040504         8489493          0        500          0          0
   4       17      521     2218      9252040540      9252042758         8492655          0        500          0          0
   4       17      517     2773      9252042776      9252045548         8494890          0        500          0          0
   4       17      519     2676      9252045574      9252048250         8497689          0        500          0          0
   4       17     1392     2842      9252048275      9252051117         8500390          0        500          0          0
   4       17      511     2586      9252051164      9252053750         8503279          0        500          0          0
   4       17      516     2818      9252053799      9252056617         8505914          0        500          0          0
   4       17      518     2154      9252056636      9252058791         8508751          0        500          0          0
   4       17      516     2210      9252058807      9252061016         8510921          0        500          0          0
   4       17      511     3876      9252061038      9252064914         8513153          0        500          0          0
   4       17      519     1599      9252064936      9252066535         8517051          0        500          0          0
   4       17      520     2711      9252066561      9252069273         8518676          0        500          0          0
   4       17      511     3009      9252069290      9252072299         8521405          0        500          0          0
   4       17      511     2029      9252072328      9252074357         8524443          0        500          0          0
   4       17      511     2593      9252074381      9252076975         8526496          0        500          0          0
   4       17      520     2998      9252076992      9252079990         8529107          0        500          0          0
   4       17      511     1925      9252080025      9252081949         8532140          0        500          0          0
   4       17      518     2135      9252081975      9252084110         8534090          0        500          0          0
   4       17      511     2695      9252084135      9252086830         8536249          0        500          0          0
   4       17      517     3135      9252086856      9252089991         8538971          0        500          0          0
   4       17      511     2191      9252090030      9252092222         8542145          0        500          0          0
   4       17      511     4466      9252092241      9252096707         8544356          0        500          0          0
   4       17      518     2904      9252096736      9252099641         8548851          0        500          0          0
   4       17     2592     3163      9252099673      9252102836         8551788          0        500          0          0
   4       17      518     2720      9252102856      9252105576         8554971          0        500          0          0
   4       17      519     2162      9252105614      9252107776         8557728          0        500          0          0
   4       17      516     2207      9252107821      9252110029         8559936          0        500          0          0
   4       17      511     2824      9252110052      9252112876         8562166          0        500          0          0
   4       17      517     2139      9252112899      9252115037         8565013          0        500          0          0
   4       17      511     2696      9252115060      9252117756         8567175          0        500          0          0
   4       17     1720     2348      9252117779      9252120127         8569894          0        500          0          0
   4       17      511     3035      9252120150      9252123185         8572265          0        500          0          0
   4       17      511     2704      9252123207      9252125911         8575322          0        500          0          0
   4       17      517     2793      9252125941      9252128734         8578055          0        500          0          0
   4       17      516     2257      9252128756      9252131013         8580871          0        500          0          0
   4       17     3798     4932      9252131035      9252135967         8583149          0        500          0          0
   4       17      511     2811      9252136012      9252138823         8588127          0        500          0          0
   4       17      522     2719      9252138864      9252141583         8590978          0        500          0          0
   4       17      521     2433      9252141640      9252144073         8593755          0        500          0          0
   4       17      511     1805      9252144100      9252145905         8596215          0        500          0          0
   4       17      519     2612      9252145934      9252148545         8598048          0        500          0          0
   4       17      521     3529      9252148579      9252152108         8600693          0        500          0          0
   4       17      511     2193      9252152140      9252154333         8604254          0        500          0          0
   4       17      511     2769      9252154354      9252157123         8606469          0        500          0          0
   4       17      511     2409      9252157145      9252159554         8609260          0        500          0          0
   4       17      517     2102      9252159574      9252161676         8611689          0        500          0          0
   4       17      519     2493      9252161695      9252164187         8613809          0        500          0          0
   4       17      511     3108      9252164207      9252167315         8616322          0        500          0          0
   4       17      511     2129      9252167336      9252169465         8619451          0        500          0          0
   4       17      511     2858      9252169487      9252172345         8621602          0        500          0          0
   4       17      511     2166      9252172367      9252174533         8624482          0        500          0          0
   4       17      516     2758      9252174551      9252177309         8626666          0        500          0          0
   4       17      511     2650      9252177335      9252179984         8629449          0        500          0          0
   4       17     2056     4760      9252180017      9252184777         8632132          0        500          0          0
   4       17      519     2759      9252184805      9252187563         8636920          0        500          0          0
   4       17      520     2690      9252187591      9252190281         8639706          0        500          0          0
   4       17      511     2720      9252190309      9252193028         8642423          0        500          0          0
   4       17      511     2164      9252193057      9252195221         8645172          0        500          0          0
   4       17      511     2181      9252195238      9252197419         8647353          0        500          0          0
   4       17      511     2137      9252197438      9252199575         8649553          0        500          0          0
   4       17      517     2206      9252199588      9252201794         8651703          0        500          0          0
   4       17      519     2206      9252201809      9252204016         8653924          0        500          0          0
   4       17     2460     3881      9252204034      9252207914         8656149          0        500          0          0
   4       17      536     2072      9252207938      9252210010         8660053          0        500          0          0
   4       17      511     2221      9252210028      9252212249         8662142          0        500          0          0
   4       17      511     1662      9252212272      9252213934         8664387          0        500          0          0
   4       17     1546     2682      9252213951      9252216632         8666066          0        500          0          0
   4       17      837     2562      9252216659      9252219221         8668774          0        500          0          0
   4       17     3477     4504      9252219239      9252223742         8671353          0        500          0          0
   4       17     1478     3005      9252223775      9252226779         8675889          0        500          0          0
   4       17      520     1580      9252226802      9252228382         8678917          0        500          0          0
   4       17      511     2168      9252228447      9252230615         8680562          0        500          0          0
   4       17      517     2749      9252230631      9252233380         8682746          0        500          0          0
   4       17      511     2806      9252233402      9252236208         8685517          0        500          0          0
   4       17      511     2279      9252236234      9252238514         8688349          0        500          0          0
   4       17     4572     5140      9252238551      9252243691         8690666          0        500          0          0
   4       17      518     2416      9252243714      9252246129         8695828          0        500          0          0
   4       17      511     1664      9252246155      9252247819         8698270          0        500          0          0
   4       17      518     2789      9252247848      9252250636         8699962          0        500          0          0
   4       17      548     2804      9252250667      9252253471         8702782          0        500          0          0
   4       17      517     2665      9252253497      9252256162         8705611          0        500          0          0
   4       17      511     2335      9252256186      9252258521         8708300          0        500          0          0
   4       17     3227     3794      9252258541      9252262335         8710656          0        500          0          0
   4       17      511     2128      9252262360      9252264488         8714475          0        500          0          0
   4       17      517     2920      9252264503      9252267423         8716618          0        500          0          0
   4       17      511     2209      9252267447      9252269656         8719562          0        500          0          0
   4       17      517     2795      9252269675      9252272470         8721790          0        500          0          0
   4       17     1701     3011      9252272498      9252275509         8724613          0        500          0          0
   4       17      521     2277      9252275542      9252277819         8727657          0        500          0          0
   4       17      518     3603      9252277846      9252281449         8729961          0        500          0          0
   4       17      511     2607      9252281470      9252284078         8733585          0        500          0          0
   4       17      511     1631      9252284097      9252285728         8736212          0        500          0          0
   4       17      519     2230      9252285788      9252288018         8737903          0        500          0          0
   4       17     3044     5894      9252288039      9252293933         8740154          0        500          0          0
   4       17      518     2543      9252293964      9252296507         8746078          0        500          0          0
   4       17      517     2357      9252296533      9252298890         8748648          0        500          0          0
   4       17      524     2145      9252298933      9252301078         8751048          0        500          0          0
   4       17      511     2732      9252301103      9252303835         8753218          0        500          0          0
   4       17      518     2061      9252303856      9252305917         8755971          0        500          0          0
   4       17      516     3030      9252305956      9252308986         8758070          0        500          0          0
   4       17      511     3216      9252309023      9252312239         8761138          0        500          0          0
   4       17      511     2167      9252312263      9252314430         8764377          0        500          0          0
   4       17      511     2672      9252314446      9252317118         8766561          0        500          0          0
   4       17      511     2358      9252317137      9252319494         8769252          0        500          0          0
   4       17     2164     3681      9252319554      9252323235         8771669          0        500          0          0
   4       17     1432     3083      9252323265      9252326348         8775380          0        500          0          0
   4       17      750     1886      9252326371      9252328258         8778486          0        500          0          0
   4       17      511     3253      9252328285      9252331538         8780400          0        500          0          0
   4       17      522     2460      9252331574      9252334034         8783689          0        500          0          0
   4       17      511     2371      9252334056      9252336427         8786171          0        500          0          0
   4       17      511     2034      9252336451      9252338485         8788566          0        500          0          0
   4       17     2936     4349      9252338505      9252342855         8790620          0        500          0          0
   4       17      519     1644      9252342884      9252344528         8794999          0        500          0          0
   4       17      516     2259      9252344545      9252346804         8796659          0        500          0          0
   4       17      518     2906      9252346824      9252349730         8798939          0        500          0          0
   4       17      516     2612      9252349750      9252352361         8801864          0        500          0          0
   4       17      511     2169      9252352395      9252354565         8804510          0        500          0          0
   4       17     5432     6452      9252354582      9252361034         8806697          0        500          0          0
   4       17      511     1549      9252361068      9252362617         8813182          0        500          0          0
   4       17      518     3175      9252362639      9252365814         8814754          0        500          0          0
   4       17      519     4713      9252365835      9252370548         8817950          0        500          0          0
   4       17      517     2144      9252370572      9252372716         8822686          0        500          0          0
   4       17      517     3725      9252372735      9252376461         8824850          0        500          0          0
   4       17      520     2540      9252376491      9252379030         8828606          0        500          0          0
   4       17      511     2545      9252379055      9252381600         8831170          0        500          0          0
   4       17      542     2070      9252381623      9252383692         8833737          0        500          0          0
   4       17      517     3172      9252383714      9252386887         8835829          0        500          0          0
   4       17      542     1640      9252386918      9252388557         8839033          0        500          0          0
   4       17      516     2750      9252388574      9252391324         8840689          0        500          0          0
   4       17      511     2837      9252391348      9252394185         8843463          0        500          0          0
   4       17     1524     3345      9252394208      9252397553         8846323          0        500          0          0
   4       17      519     2717      9252397579      9252400296         8849693          0        500          0          0
   4       17      511     2238      9252400315      9252402552         8852430          0        500          0          0
   4       17      518     2177      9252402576      9252404753         8854691          0        500          0          0
   4       17      517     3235      9252404777      9252408012         8856892          0        500          0          0
   4       17      511     3682      9252408033      9252411715         8860148          0        500          0          0
   4       17      545     2170      9252411743      9252413913         8863858          0        500          0          0
   4       17      519     2989      9252413979      9252416969         8866094          0        500          0          0
   4       17      519     2701      9252416997      9252419698         8869112          0        500          0          0
   4       17      517     2745      9252419752      9252422498         8871867          0        500          0          0
   4       17     1636     3961      9252422524      9252426486         8874639          0        500          0          0
   4       17     1711     4401      9252426514      9252430915         8878629          0        500          0          0
   4       17      519     2160      9252430941      9252433101         8883056          0        500          0          0
   4       17      511     3300      9252433124      9252436424         8885238          0        500          0          0
   4       17      511     2735      9252436446      9252439181         8888561          0        500          0          0
   4       17      511     2151      9252439203      9252441354         8891318          0        500          0          0
   4       17      511     3586      9252441373      9252444959         8893488          0        500          0          0
   4       17      522     2774      9252444985      9252447759         8897099          0        500          0          0
   4       17      519     1494      9252447784      9252449278         8899899          0        500          0          0
   4       17      511     2096      9252449298      9252451394         8901412          0        500          0          0
   4       17      511     2759      9252451418      9252454178         8903533          0        500          0          0
   4       17      511     2726      9252454202      9252456928         8906317          0        500          0          0
   4       17      516     2698      9252456968      9252459666         8909083          0        500          0          0
   4       17     2742     3856      9252459691      9252463547         8911806          0        500          0          0
   4       17      518     2828      9252463571      9252466399         8915686          0        500          0          0
   4       17      511     1591      9252466421      9252468012         8918536          0        500          0          0
   4       17      511     2520      9252468028      9252470548         8920143          0        500          0          0
   4       17     1087     2659      9252470572      9252473230         8922686          0        500          0          0
   4       17      511     2614      9252473250      9252475864         8925365          0        500          0          0
   4       17     2564     4674      9252475882      9252480556         8927997          0        500          0          0
   4       17      519     2627      9252480586      9252483214         8932701          0        500          0          0
   4       17      511     1938      9252483235      9252485174         8935350          0        500          0          0
   4       17      511     2950      9252485198      9252488148         8937313          0        500          0          0
   4       17      511     2160      9252488173      9252490333         8940288          0        500          0          0
   4       17      511     2771      9252490357      9252493128         8942471          0        500          0          0
   4       17      511     2175      9252493153      9252495328         8945268          0        500          0          0
   4       17      511     2809      9252495351      9252498160         8947466          0        500          0          0
   4       17      511     1929      9252498188      9252500118         8950303          0        500          0          0
   4       17      511     2382      9252500132      9252502514         8952247          0        500          0          0
   4       17      519     2761      9252502539      9252505300         8954654          0        500          0          0
   4       17     2625     4661      9252505351      9252510012         8957466          0        500          0          0
   4       17      511     2055      9252510035      9252512090         8962150          0        500          0          0
   4       17      511     1077      9252512116      9252513193         8964231          0        500          0          0
   4       17     1684     3403      9252513207      9252516611         8965322          0        500          0          0
   4       17      517     2665      9252516629      9252519294         8968744          0        500          0          0
   4       17      511     2695      9252519318      9252522013         8971433          0        500          0          0
   4       17      511     2116      9252522034      9252524150         8974149          0        500          0          0
   4       17      511     3953      9252524174      9252528127         8976289          0        500          0          0
   4       17      511     2171      9252528151      9252530322         8980266          0        500          0          0
   4       17      511     1634      9252530347      9252531981         8982462          0        500          0          0
   4       17      511     2463      9252532035      9252534498         8984150          0        500          0          0
   4       17      517     2595      9252534518      9252537113         8986633          0        500          0          0
   4       17      511     2661      9252537134      9252539794         8989248          0        500          0          0
   4       17     1505     3028      9252539814      9252542842         8991929          0        500          0          0
   4       17     3169     6705      9252542865      9252549569         8994980          0        500          0          0
   4       17      517     2637      9252549620      9252552257         9001734          0        500          0          0
   4       17      511     2315      9252552279      9252554594         9004394          0        500          0          0
   4       17      518     1651      9252554624      9252556275         9006739          0        500          0          0
   4       17      511     2197      9252556295      9252558492         9008410          0        500          0          0
   4       17      517     2505      9252558514      9252561019         9010629          0        500          0          0
   4       17      511     2944      9252561043      9252563987         9013158          0        500          0          0
   4       17      511     2707      9252564020      9252566727         9016134          0        500          0          0
   4       17      517     2699      9252566750      9252569449         9018865          0        500          0          0
   4       17      511     6086      9252569466      9252575553         9021581          0        500          0          0
   4       17      517     1517      9252575575      9252577093         9027690          0        500          0          0
   4       17      511     2277      9252577118      9252579395         9029233          0        500          0          0
   4       17      511     1616      9252579413      9252581030         9031528          0        500          0          0
   4       17      511     2706      9252581054      9252583760         9033169          0        500          0          0
   4       17      518     2204      9252583775      9252585979         9035890          0        500          0          0
   4       17      511     3031      9252586024      9252589055         9038139          0        500          0          0
   4       17      511     2550      9252589076      9252591626         9041191          0        500          0          0
   4       17     4417     4991      9252591652      9252596643         9043767          0        500          0          0
   4       17      517     1988      9252596667      9252598655         9048782          0        500          0          0
   4       17      520     2354      9252598718      9252601072         9050833          0        500          0          0
   4       17      511     2207      9252601098      9252603305         9053213          0        500          0          0
   4       17      511     2666      9252603323      9252605989         9055438          0        500          0          0
   4       17      511     2611      9252606014      9252608625         9058128          0        500          0          0
   4       17      516     2110      9252608643      9252610752         9060758          0        500          0          0
   4       17     2632     4724      9252610773      9252615497         9062888          0        500          0          0
   4       17      517     1085      9252615522      9252616607         9067637          0        500          0          0
   4       17      516     2225      9252616622      9252618847         9068737          0        500          0          0
   4       17      517     3158      9252618871      9252622030         9070986          0        500          0          0
   4       17      511     2618      9252622054      9252624672         9074169          0        500          0          0
   4       17      518     2207      9252624696      9252626903         9076811          0        500          0          0
   4       17     2144     2828      9252626923      9252629751         9079038          0        500          0          0
   4       17      518     2733      9252629782      9252632515         9081896          0        500          0          0
   4       17      516     2702      9252632538      9252635241         9084653          0        500          0          0
   4       17      511     2188      9252635260      9252637448         9087375          0        500          0          0
   4       17      511     2644      9252637465      9252640110         9089580          0        500          0          0
   4       17      511     3906      9252640135      9252644041         9092250          0        500          0          0
   4       17      511     3662      9252644071      9252647733         9096186          0        500          0          0
   4       17      517     2088      9252647778      9252649866         9099893          0        500          0          0
   4       17      518     1149      9252649883      9252651033         9101998          0        500          0          0
   4       17      511     2826      9252651056      9252653882         9103171          0        500          0          0
   4       17      519     2564      9252653905      9252656469         9106020          0        500          0          0
   4       17      517     2637      9252656502      9252659139         9108617          0        500          0          0
   4       17      511     2328      9252659160      9252661489         9111275          0        500          0          0
   4       17     3401     3944      9252661513      9252665457         9113627          0        500          0          0
   4       17      511     2164      9252665479      9252667643         9117594          0        500          0          0
   4       17      518     2191      9252667661      9252669852         9119776          0        500          0          0
   4       17     1090     2628      9252669878      9252672505         9121992          0        500          0          0
   4       17      517     2363      9252672525      9252674888         9124639          0        500          0          0
   4       17      518     2552      9252674914      9252677467         9127029          0        500          0          0
   4       17      511     3536      9252677485      9252681021         9129599          0        500          0          0
   4       17      511     1945      9252681043      9252682989         9133158          0        500          0          0
   4       17      511     2107      9252683018      9252685125         9135133          0        500          0          0
   4       17     2757     4328      9252685185      9252689512         9137299          0        500          0          0
   4       17      520     2761      9252689545      9252692306         9141660          0        500          0          0
   4       17      511     1694      9252692334      9252694028         9144449          0        500          0          0
   4       17      511     2596      9252694046      9252696642         9146161          0        500          0          0
   4       17      516     2688      9252696664      9252699352         9148779          0        500          0          0
   4       17     1774     2825      9252699380      9252702205         9151495          0        500          0          0
   4       17      511     4853      9252702229      9252707082         9154344          0        500          0          0
   4       17      534     2639      9252707106      9252709745         9159221          0        500          0          0
   4       17      518     3043      9252709766      9252712808         9161880          0        500          0          0
   4       17      518     2671      9252712838      9252715509         9164952          0        500          0          0
   4       17      518     4204      9252715528      9252719732         9167643          0        500          0          0
   4       17      517     3275      9252719758      9252723034         9171873          0        500          0          0
   4       17      541     2222      9252723066      9252725288         9175181          0        500          0          0
   4       17      511     2221      9252725310      9252727530         9177424          0        500          0          0
   4       17      517     1600      9252727553      9252729153         9179668          0        500          0          0
   4       17      511     2798      9252729179      9252731977         9181294          0        500          0          0
   4       17      511     2706      9252732007      9252734713         9184122          0        500          0          0
   4       17      517     2720      9252734735      9252737455         9186849          0        500          0          0
   4       17      511     5351      9252737474      9252742825         9189589          0        500          0          0
   4       17      519     2140      9252742849      9252744989         9194964          0        500          0          0
   4       17      511     3047      9252745024      9252748071         9197139          0        500          0          0
   4       17      511     2057      9252748095      9252750152         9200209          0        500          0          0
   4       17      511     2142      9252750169      9252752311         9202284          0        500          0          0
   4       17      511     2799      9252752331      9252755130         9204445          0        500          0          0
   4       17      511     2707      9252755152      9252757859         9207266          0        500          0          0
   4       17      518     2240      9252757884      9252760124         9209998          0        500          0          0
   4       17      511     2628      9252760145      9252762772         9212259          0        500          0          0
   4       17     1093     2445      9252762794      9252765239         9214909          0        500          0          0
   4       17      511     3368      9252765267      9252768635         9217381          0        500          0          0
   4       17      518     2689      9252768658      9252771347         9220773          0        500          0          0
   4       17      511     1646      9252771365      9252773011         9223480          0        500          0          0
   4       17      511     2466      9252773027      9252775494         9225142          0        500          0          0
   4       17     3805     4770      9252775520      9252780290         9227634          0        500          0          0
   4       17     2160     2728      9252780343      9252783070         9232458          0        500          0          0
   4       17     1447     3013      9252783086      9252786099         9235200          0        500          0          0
   4       17      511     2132      9252786130      9252788261         9238244          0        500          0          0
   4       17      511     2746      9252788286      9252791033         9240401          0        500          0          0
   4       17      511     2285      9252791056      9252793341         9243171          0        500          0          0
   4       17      511     2744      9252793363      9252796107         9245478          0        500          0          0
   4       17      511     2347      9252796131      9252798478         9248246          0        500          0          0
   4       17     3223     4720      9252798509      9252803229         9250624          0        500          0          0
   4       17      511     2625      9252803253      9252805878         9255368          0        500          0          0
   4       17      517     3118      9252805897      9252809015         9258012          0        500          0          0
   4       17      511     2097      9252809050      9252811147         9261165          0        500          0          0
   4       17      511     1767      9252811164      9252812931         9263279          0        500          0          0
   4       17      516     2325      9252812972      9252815296         9265086          0        500          0          0
   4       17      511     2404      9252815314      9252817719         9267429          0        500          0          0
   4       17     1563     2666      9252817776      9252820442         9269891          0        500          0          0
   4       17      511     2762      9252820465      9252823227         9272580          0        500          0          0
   4       17      511     4962      9252823250      9252828211         9275365          0        500          0          0
   4       17      511     2810      9252828235      9252831045         9280350          0        500          0          0
   4       17      511     2487      9252831083      9252833570         9283198          0        500          0          0
   4       17      517     1770      9252833595      9252835365         9285710          0        500          0          0
   4       17      511     2987      9252835383      9252838371         9287498          0        500          0          0
   4       17      511     2586      9252838397      9252840984         9290512          0        500          0          0
   4       17      511     2026      9252841013      9252843040         9293128          0        500          0          0
   4       17      511     2611      9252843057      9252845668         9295172          0        500          0          0
   4       17     2981     5115      9252845709      9252850824         9297824          0        500          0          0
   4       17      520     2833      9252850847      9252853679         9302962          0        500          0          0
   4       17     1887     2433      9252853707      9252856140         9305822          0        500          0          0
   4       17      511     3050      9252856157      9252859207         9308272          0        500          0          0
   4       17      511     1676      9252859232      9252860907         9311346          0        500          0          0
   4       17      519     3405      9252860935      9252864340         9313050          0        500          0          0
   4       17      511     2137      9252864364      9252866501         9316479          0        500          0          0
   4       17      517     2644      9252866524      9252869168         9318639          0        500          0          0
   4       17      511     4662      9252869186      9252873848         9321301          0        500          0          0
   4       17      519     3118      9252873914      9252877031         9326029          0        500          0          0
   4       17      511     2206      9252877061      9252879267         9329176          0        500          0          0
   4       17      511     3079      9252879287      9252882366         9331402          0        500          0          0
   4       17      511     2043      9252882396      9252884439         9334510          0        500          0          0
   4       17     1444     3597      9252884465      9252888062         9336580          0        500          0          0
   4       17      511     2131      9252888088      9252890219         9340203          0        500          0          0
   4       17      511     2134      9252890234      9252892368         9342349          0        500          0          0
   4       17      511     2142      9252892387      9252894529         9344501          0        500          0          0
   4       17      517     2135      9252894544      9252896680         9346659          0        500          0          0
   4       17      516     1615      9252896698      9252898313         9348813          0        500          0          0
   4       17      511     1631      9252898330      9252899961         9350445          0        500          0          0
   4       17      517     2135      9252899979      9252902114         9352094          0        500          0          0
   4       17      511     1591      9252902130      9252903721         9354245          0        500          0          0
   4       17      517     2129      9252903737      9252905865         9355851          0        500          0          0
   4       17     3202     3766      9252905879      9252909645         9357994          0        500          0          0
   4       17      516     1603      9252909659      9252911262         9361774          0        500          0          0
   4       17      511     1588      9252911278      9252912866         9363393          0        500          0          0
   4       17      516     1594      9252912880      9252914474         9364995          0        500          0          0
   4       17      517     2135      9252914491      9252916626         9366606          0        500          0          0
   4       17      517     2136      9252916644      9252918780         9368758          0        500          0          0
   4       17      517     2172      9252918795      9252920967         9370910          0        500          0          0
   4       17      516     2134      9252920985      9252923118         9373099          0        500          0          0
   4       17      511     1588      9252923132      9252924721         9375247          0        500          0          0
   4       17      517     2133      9252924738      9252926870         9376852          0        500          0          0
   4       17      517     2140      9252926887      9252929027         9379001          0        500          0          0
   4       17      511     2175      9252929047      9252931222         9381162          0        500          0          0
   4       17      511     1653      9252931242      9252932895         9383357          0        500          0          0
   4       17     2591     3749      9252932913      9252936662         9385028          0        500          0          0
   4       17      516     2137      9252936681      9252938819         9388796          0        500          0          0
   4       17      516     2131      9252938837      9252940968         9390952          0        500          0          0
   4       17      516     3740      9252940982      9252944723         9393097          0        500          0          0
   4       17      517     2127      9252944739      9252946866         9396853          0        500          0          0
   4       17      517     2135      9252946880      9252949015         9398995          0        500          0          0
   4       17      511     2946      9252949064      9252952010         9401179          0        500          0          0
   4       17      511     1242      9252952028      9252953270         9404143          0        500          0          0
   4       17      511     1648      9252953286      9252954934         9405401          0        500          0          0
   4       17      530     1689      9252954950      9252956639         9407065          0        500          0          0
   4       17      516     2137      9252956655      9252958792         9408770          0        500          0          0
   4       17      518     2131      9252958811      9252960942         9410926          0        500          0          0
   4       17      516     2142      9252960957      9252963099         9413072          0        500          0          0
   4       17      511     3199      9252963115      9252966314         9415230          0        500          0          0
   4       17      511     2129      9252966332      9252968460         9418446          0        500          0          0
   4       17      511     2127      9252968475      9252970602         9420590          0        500          0          0
   4       17      516     1924      9252970617      9252972541         9422732          0        500          0          0
   4       17      516     1256      9252972555      9252973811         9424670          0        500          0          0
   4       17      516     2164      9252973826      9252975990         9425941          0        500          0          0
   4       17      511     1590      9252976010      9252977599         9428124          0        500          0          0
   4       17      517     2125      9252977615      9252979739         9429730          0        500          0          0
   4       17      517     2127      9252979753      9252981879         9431868          0        500          0          0
   4       17     1587     3733      9252981894      9252985628         9434009          0        500          0          0
   4       17      517     2125      9252985645      9252987770         9437760          0        500          0          0
   4       17      516     2145      9252987785      9252989930         9439900          0        500          0          0
   4       17      517     1625      9252989945      9252991569         9442059          0        500          0          0
   4       17      516     2157      9252991613      9252993770         9443728          0        500          0          0
   4       17      516     2156      9252993805      9252995961         9445919          0        500          0          0
   4       17      516     2013      9252995997      9252998010         9448112          0        500          0          0
   4       17      511     1625      9252998025      9252999650         9450140          0        500          0          0
   4       17      518     1743      9252999669      9253001412         9451784          0        500          0          0
   4       17     1058     2725      9253001428      9253004153         9453543          0        500          0          0
   4       17      511     3787      9253004176      9253007963         9456291          0        500          0          0
   4       17      517     2135      9253007996      9253010131         9460111          0        500          0          0
   4       17      511     1934      9253010146      9253012080         9462261          0        500          0          0
   4       17      511     1647      9253012093      9253013740         9464208          0        500          0          0
   4       17      516     1215      9253013779      9253014994         9465893          0        500          0          0
   4       17     2122     3734      9253015014      9253018748         9467129          0        500          0          0
   4       17      517     2126      9253018768      9253020894         9470883          0        500          0          0
   4       17      517     2175      9253020939      9253023114         9473054          0        500          0          0
   4       17      511     1408      9253023135      9253024543         9475250          0        500          0          0
   4       17      516     1644      9253024556      9253026200         9476671          0        500          0          0
   4       17      511     2311      9253026216      9253028527         9478331          0        500          0          0
   4       17      517     2128      9253028540      9253030668         9480655          0        500          0          0
   4       17     3199     4813      9253030685      9253035498         9482800          0        500          0          0
   4       17      516     2129      9253035517      9253037646         9487632          0        500          0          0
   4       17      517     2126      9253037664      9253039790         9489779          0        500          0          0
   4       17      516     1735      9253039805      9253041540         9491920          0        500          0          0
   4       17      517     1469      9253041555      9253043025         9493670          0        500          0          0
   4       17      511     2124      9253043039      9253045164         9495154          0        500          0          0
   4       17      511     2189      9253045179      9253047368         9497294          0        500          0          0
   4       17      511     1609      9253047383      9253048992         9499498          0        500          0          0
   4       17      511     1995      9253049014      9253051009         9501129          0        500          0          0
   4       17     1587     3336      9253051022      9253054358         9503137          0        500          0          0
   4       17      511     2122      9253054374      9253056496         9506489          0        500          0          0
   4       17      516     2130      9253056511      9253058640         9508626          0        500          0          0
   4       17      517     1594      9253058656      9253060250         9510771          0        500          0          0
   4       17      511     2213      9253060264      9253062477         9512379          0        500          0          0
   4       17      517     1630      9253062499      9253064129         9514614          0        500          0          0
   4       17      511     2192      9253064146      9253066338         9516260          0        500          0          0
   4       17      511     1610      9253066357      9253067967         9518472          0        500          0          0
   4       17      516     3815      9253068000      9253071816         9520115          0        500          0          0
   4       17      515     2167      9253071853      9253074020         9523968          0        500          0          0
   4       17      511     1507      9253074036      9253075543         9526150          0        500          0          0
   4       17      516     1681      9253075558      9253077239         9527673          0        500          0          0
   4       17      511     2127      9253077254      9253079380         9529368          0        500          0          0
   4       17      511     2129      9253079396      9253081525         9531511          0        500          0          0
   4       17      517     2127      9253081538      9253083665         9533653          0        500          0          0
   4       17      516     1621      9253083681      9253085302         9535796          0        500          0          0
   4       17      511     2725      9253085321      9253088047         9537436          0        500          0          0
   4       17      511     1588      9253088068      9253089656         9540183          0        500          0          0
   4       17      517     2131      9253089671      9253091802         9541786          0        500          0          0
   4       17      517     2162      9253091870      9253094032         9543985          0        500          0          0
   4       17      511     1618      9253094050      9253095668         9546165          0        500          0          0
   4       17     2376     3219      9253095720      9253098939         9547835          0        500          0          0
   4       17      516     1592      9253098958      9253100549         9551072          0        500          0          0
   4       17      517     2661      9253100566      9253103227         9552681          0        500          0          0
   4       17      511     1767      9253103242      9253105008         9555356          0        500          0          0
   4       17      511     1585      9253105024      9253106609         9557138          0        500          0          0
   4       17      517     1956      9253106625      9253108581         9558740          0        500          0          0
   4       17      516     2127      9253108601      9253110728         9560715          0        500          0          0
   4       17      516     2124      9253110743      9253112867         9562858          0        500          0          0
   4       17      517     1592      9253112883      9253114474         9564998          0        500          0          0
   4       17     3053     3614      9253114489      9253118103         9566604          0        500          0          0
   4       17      511     1766      9253118124      9253119890         9570239          0        500          0          0
   4       17      516     1591      9253119906      9253121496         9572020          0        500          0          0
   4       17      516     2127      9253121514      9253123641         9573628          0        500          0          0
   4       17      516     2124      9253123656      9253125780         9575770          0        500          0          0
   4       17      516     1594      9253125798      9253127392         9577913          0        500          0          0
   4       17      511     2131      9253127408      9253129539         9579523          0        500          0          0
   4       17     2750     3804      9253129557      9253133361         9581672          0        500          0          0
   4       17      511     1680      9253133382      9253135061         9585496          0        500          0          0
   4       17      511     2164      9253135080      9253137243         9587195          0        500          0          0
   4       17      511     1076      9253137261      9253138337         9589376          0        500          0          0
   4       17      511     2655      9253138355      9253141010         9590470          0        500          0          0
   4       17      511     1587      9253141025      9253142612         9593140          0        500          0          0
   4       17      517     1915      9253142627      9253144542         9594742          0        500          0          0
   4       17      517     1843      9253144558      9253146401         9596672          0        500          0          0
   4       17     3197     8234      9253146416      9253154650         9598531          0        500          0          0
   4       17      517     1595      9253154667      9253156262         9606782          0        500          0          0
   4       17      511     1589      9253156277      9253157866         9608392          0        500          0          0
   4       17      516     1597      9253157882      9253159479         9609996          0        500          0          0
   4       17      516     2133      9253159496      9253161630         9611611          0        500          0          0
   4       17      517     1595      9253161646      9253163241         9613761          0        500          0          0
   4       17      511     4838      9253163258      9253168096         9615373          0        500          0          0
   4       17      511     3205      9253168151      9253171357         9620266          0        500          0          0
   4       17      511     2676      9253171377      9253174054         9623492          0        500          0          0
   4       17      511     1589      9253174071      9253175660         9626185          0        500          0          0
   4       17      516     5913      9253175677      9253181590         9627791          0        500          0          0
   4       17      518     3816      9253181615      9253185431         9633729          0        500          0          0
   4       17      511     1597      9253185454      9253187051         9637569          0        500          0          0
   4       17      511     2668      9253187068      9253189736         9639182          0        500          0          0
   4       17      516     3744      9253189752      9253193497         9641867          0        500          0          0
   4       17      517     1092      9253193517      9253194609         9645632          0        500          0          0
   4       17      522     6777      9253194639      9253201416         9646754          0        500          0          0
   4       17      511     1603      9253201438      9253203041         9653553          0        500          0          0
   4       17      511     1593      9253203056      9253204648         9655170          0        500          0          0
   4       17      517     2130      9253204665      9253206795         9656780          0        500          0          0
   4       17      516     3738      9253206811      9253210550         9658926          0        500          0          0
   4       17      517     3464      9253210566      9253214030         9662681          0        500          0          0
   4       17      511     4026      9253214063      9253218088         9666178          0        500          0          0
   4       17      511     1896      9253218113      9253220009         9670228          0        500          0          0
   4       17      511     1832      9253220028      9253221860         9672143          0        500          0          0
   4       17      516     1645      9253221876      9253223521         9673991          0        500          0          0
   4       17      517     2554      9253223537      9253226091         9675651          0        500          0          0
   4       17      511     2858      9253226122      9253228980         9678237          0        500          0          0
   4       17      511     2846      9253229028      9253231874         9681142          0        500          0          0
   4       17      520     2189      9253231906      9253234095         9684020          0        500          0          0
   4       17      511     3781      9253234114      9253237896         9686229          0        500          0          0
   4       17      519     1666      9253237920      9253239585         9690035          0        500          0          0
   4       17      517     2514      9253239604      9253242118         9691718          0        500          0          0
   4       17      511     2705      9253242132      9253244838         9694247          0        500          0          0
   4       17      516     2682      9253244886      9253247569         9697001          0        500          0          0
   4       17      517     2046      9253247590      9253249636         9699705          0        500          0          0
   4       17      511     2845      9253250226      9253253070         9702341          0        500          0          0
   4       17      511     1825      9253253104      9253254928         9705218          0        500          0          0
   4       17      518     3278      9253254960      9253258238         9707075          0        500          0          0
   4       17      511     2717      9253258274      9253260991         9710389          0        500          0          0
   4       17      511     2928      9253261086      9253264014         9713201          0        500          0          0
   4       17      511     3635      9253264037      9253267672         9716152          0        500          0          0
   4       17      517     2825      9253267692      9253270517         9719807          0        500          0          0
   4       17      517     2589      9253270536      9253273124         9722651          0        500          0          0
   4       17      511     2506      9253273144      9253275650         9725259          0        500          0          0
   4       17      517     2192      9253275667      9253277859         9727782          0        500          0          0
   4       17      517     1852      9253277878      9253279730         9729993          0        500          0          0
   4       17     1077     2569      9253279789      9253282359         9731904          0        500          0          0
   4       17      511     2661      9253282376      9253285037         9734491          0        500          0          0
   4       17      511     5017      9253285062      9253290080         9737177          0        500          0          0
   4       17      511     2811      9253290110      9253292921         9742225          0        500          0          0
   4       17      520     2513      9253292955      9253295468         9745070          0        500          0          0
   4       17      518     1490      9253295501      9253296991         9747616          0        500          0          0
   4       17      511     3462      9253297032      9253300494         9749147          0        500          0          0
   4       17      521     1959      9253300529      9253302488         9752644          0        500          0          0
   4       17     1088     2788      9253302513      9253305301         9754628          0        500          0          0
   4       17      511     2456      9253305321      9253307777         9757436          0        500          0          0
   4       17      511     2149      9253308364      9253310514         9760479          0        500          0          0
   4       17      517     2194      9253310532      9253312726         9762646          0        500          0          0
   4       17     2132     3124      9253312751      9253315876         9764866          0        500          0          0
   4       17      519     2648      9253315899      9253318547         9768014          0        500          0          0
   4       17      518     2188      9253318572      9253320760         9770687          0        500          0          0
   4       17      511     4455      9253321384      9253325840         9773499          0        500          0          0
   4       17      517     2715      9253325869      9253328585         9777984          0        500          0          0
   4       17      516     2733      9253328635      9253331368         9780750          0        500          0          0
   4       17      511     2667      9253331396      9253334062         9783510          0        500          0          0
   4       17      511     2364      9253334084      9253336447         9786199          0        500          0          0
   4       17      511     1831      9253336471      9253338301         9788585          0        500          0          0
   4       17      511     2593      9253338321      9253340914         9790436          0        500          0          0
   4       17      517     3050      9253340965      9253344015         9793080          0        500          0          0
   4       17      511     1970      9253344042      9253346013         9796157          0        500          0          0
   4       17     1855     2996      9253346037      9253349033         9798152          0        500          0          0
   4       17      511     2190      9253349067      9253351256         9801182          0        500          0          0
   4       17     2559     4947      9253351335      9253356282         9803449          0        500          0          0
   4       17      511     2781      9253356314      9253359095         9808429          0        500          0          0
   4       17      511     2199      9253359127      9253361326         9811242          0        500          0          0
   4       17      511     2746      9253361351      9253364097         9813466          0        500          0          0
   4       17      511     2781      9253364122      9253366902         9816237          0        500          0          0
   4       17      521     2191      9253366928      9253369118         9819042          0        500          0          0
   4       17      511     2847      9253369137      9253371984         9821252          0        500          0          0
   4       17      511     2575      9253372012      9253374586         9824126          0        500          0          0
   4       17     2459     3933      9253374637      9253378569         9826751          0        500          0          0
   4       17      518     1984      9253378592      9253380576         9830707          0        500          0          0
   4       17      517     2792      9253380594      9253383386         9832709          0        500          0          0
   4       17      511     2189      9253383408      9253385597         9835523          0        500          0          0
   4       17      520     2228      9253385622      9253387850         9837737          0        500          0          0
   4       17      517     2827      9253387871      9253390698         9839986          0        500          0          0
   4       17     3753     5129      9253390721      9253395850         9842836          0        500          0          0
   4       17      521     2417      9253395875      9253398291         9847989          0        500          0          0
   4       17      511     1605      9253398316      9253399921         9850431          0        500          0          0
   4       17      516     2747      9253399968      9253402715         9852083          0        500          0          0
   4       17      518     2212      9253402739      9253404952         9854854          0        500          0          0
   4       17      521     2703      9253404975      9253407679         9857090          0        500          0          0
   4       17      516     2729      9253407705      9253410434         9859820          0        500          0          0
   4       17     3790     4567      9253410465      9253415032         9862580          0        500          0          0
   4       17      511     2604      9253415062      9253417667         9867177          0        500          0          0
   4       17      517     2153      9253417714      9253419867         9869829          0        500          0          0
   4       17      516     2770      9253419907      9253422676         9872021          0        500          0          0
   4       17      517     1726      9253422699      9253424425         9874813          0        500          0          0
   4       17      511     3111      9253424450      9253427561         9876565          0        500          0          0
   4       17     2984     4400      9253427585      9253431985         9879699          0        500          0          0
   4       17      511     3947      9253432016      9253435963         9884131          0        500          0          0
   4       17      519     2635      9253435985      9253438621         9888100          0        500          0          0
   4       17      519     2936      9253438644      9253441580         9890759          0        500          0          0
   4       17      547     3453      9253441610      9253445063         9893725          0        500          0          0
   4       17      511     3634      9253445086      9253448720         9897200          0        500          0          0
   4       17      517     2745      9253448773      9253451518         9900888          0        500          0          0
   4       17      518     2754      9253451544      9253454298         9903659          0        500          0          0
   4       17      511     1083      9253454320      9253455403         9906435          0        500          0          0
   4       17      511     2647      9253455428      9253458075         9907543          0        500          0          0
   4       17      511     2538      9253458110      9253460648         9910225          0        500          0          0
   4       17      518     2925      9253460674      9253463600         9912789          0        500          0          0
   4       17      517     2763      9253463623      9253466386         9915738          0        500          0          0
   4       17      511     4363      9253466411      9253470773         9918526          0        500          0          0
   4       17      517     2895      9253470798      9253473693         9922912          0        500          0          0
   4       17      518     2302      9253473717      9253476019         9925832          0        500          0          0
   4       17      511     1971      9253476039      9253478010         9928154          0        500          0          0
   4       17      511     2052      9253478030      9253480082         9930145          0        500          0          0
   4       17      511     2595      9253480101      9253482696         9932216          0        500          0          0
   4       17      517     3222      9253482717      9253485939         9934832          0        500          0          0
   4       17      520     2642      9253485977      9253488619         9938092          0        500          0          0
   4       17     2140     4475      9253488642      9253493118         9940757          0        500          0          0
   4       17      511     1079      9253493141      9253494220         9945256          0        500          0          0
   4       17      511     2892      9253494237      9253497128         9946352          0        500          0          0
   4       17      511     2281      9253497153      9253499434         9949268          0        500          0          0
   4       17      511     3139      9253499454      9253502593         9951569          0        500          0          0
   4       17      517     2399      9253502612      9253505012         9954727          0        500          0          0
   4       17     1254     1936      9253505032      9253506968         9957147          0        500          0          0
   4       17      518     2622      9253506997      9253509619         9959111          0        500          0          0
   4       17      517     2793      9253509636      9253512428         9961751          0        500          0          0
   4       17      511     2663      9253512452      9253515116         9964567          0        500          0          0
   4       17     2383     4588      9253515149      9253519736         9967263          0        500          0          0
   4       17      540     2110      9253519814      9253521925         9971929          0        500          0          0
   4       17      519     2136      9253521951      9253524087         9974066          0        500          0          0
   4       17      511     2691      9253524113      9253526804         9976228          0        500          0          0
   4       17      542     2776      9253526830      9253529606         9978944          0        500          0          0
   4       17     3307     3845      9253529631      9253533475         9981746          0        500          0          0
   4       17      521     1830      9253533514      9253535344         9985629          0        500          0          0
   4       17     2749     5401      9253535374      9253540775         9987489          0        500          0          0
   4       17      518     3076      9253540832      9253543908         9992947          0        500          0          0
   4       17      519     1635      9253543927      9253545561         9996041          0        500          0          0
   4       17      517     2468      9253545582      9253548050         9997697          0        500          0          0
   4       17      511     2387      9253548069      9253550455        10000183          0        500          0          0
   4       17      511     2776      9253550485      9253553261        10002600          0        500          0          0
   4       17      511     2138      9253553285      9253555423        10005400          0        500          0          0
   4       17      511     2658      9253555446      9253558104        10007561          0        500          0          0
   4       17      511     3217      9253558128      9253561345        10010243          0        500          0          0
   4       17      511     1768      9253561381      9253563149        10013496          0        500          0          0
   4       17      511     3006      9253563168      9253566173        10015282          0        500          0          0
   4       17      511     2714      9253566198      9253568912        10018313          0        500          0          0
   4       17      517     2095      9253568932      9253571026        10021046          0        500          0          0
   4       17      511     2524      9253571046      9253573570        10023161          0        500          0          0
   4       17     2725     4445      9253573587      9253578032        10025702          0        500          0          0
   4       17      511     1089      9253578064      9253579153        10030179          0        500          0          0
   4       17      511     3190      9253579169      9253582359        10031283          0        500          0          0
   4       17      511     2018      9253582379      9253584397        10034494          0        500          0          0
   4       17      511     2814      9253584417      9253587231        10036532          0        500          0          0
   4       17      511     1756      9253587256      9253589012        10039371          0        500          0          0
   4       17     3115     4853      9253589035      9253593888        10041150          0        500          0          0
   4       17      517     1673      9253593914      9253595587        10046029          0        500          0          0
   4       17      517     2792      9253595607      9253598399        10047722          0        500          0          0
   4       17      511     2651      9253598433      9253601084        10050548          0        500          0          0
   4       17      511     2307      9253601118      9253603425        10053233          0        500          0          0
   4       17      511     2644      9253603451      9253606095        10055566          0        500          0          0
   4       17      511     3504      9253606114      9253609617        10058228          0        500          0          0
   4       17      545     2061      9253609649      9253611710        10061763          0        500          0          0
   4       17      519     3081      9253611730      9253614810        10063845          0        500          0          0
   4       17      519     2009      9253614833      9253616842        10066948          0        500          0          0
   4       17      519     2791      9253616860      9253619651        10068974          0        500          0          0
   4       17      518     2335      9253619676      9253622011        10071791          0        500          0          0
   4       17     3840     4409      9253622034      9253626443        10074149          0        500          0          0
   4       17      511     1623      9253626466      9253628090        10078581          0        500          0          0
   4       17      511     2781      9253628159      9253630940        10080273          0        500          0          0
   4       17      519     2622      9253630965      9253633587        10083080          0        500          0          0
   4       17      517     2750      9253633602      9253636352        10085717          0        500          0          0
   4       17      511     2533      9253636378      9253638911        10088493          0        500          0          0
   4       17     2963     4558      9253638929      9253643486        10091044          0        500          0          0
   4       17      520     2622      9253643518      9253646140        10095633          0        500          0          0
   4       17      511     2523      9253646162      9253648684        10098276          0        500          0          0
   4       17      517     1617      9253648703      9253650321        10100818          0        500          0          0
   4       17      511     2469      9253650339      9253652808        10102454          0        500          0          0
   4       17      518     2434      9253652845      9253655279        10104960          0        500          0          0
   4       17     3358     3930      9253655311      9253659240        10107426          0        500          0          0
   4       17      511     2752      9253659265      9253662017        10111380          0        500          0          0
   4       17      511     1675      9253662042      9253663717        10114157          0        500          0          0
   4       17      519     2369      9253663750      9253666119        10115865          0        500          0          0
   4       17      511     2733      9253666143      9253668876        10118258          0        500          0          0
   4       17      517     2719      9253668895      9253671614        10121010          0        500          0          0
   4       17     5000     5571      9253671632      9253677203        10123747          0        500          0          0
   4       17      511     2378      9253677227      9253679606        10129342          0        500          0          0
   4       17      517     2734      9253681748      9253684482        10133863          0        500          0          0
   4       17      517     2692      9253684506      9253687198        10136621          0        500          0          0
   4       17      511     1078      9253687226      9253688304        10139341          0        500          0          0
   4       17      511     2293      9253688320      9253690612        10140435          0        500          0          0
   4       17      517     2855      9253690636      9253693490        10142751          0        500          0          0
   4       17      522     2794      9253693520      9253696314        10145635          0        500          0          0
   4       17      511     2741      9253696345      9253699086        10148460          0        500          0          0
   4       17      511     2273      9253699115      9253701388        10151230          0        500          0          0
   4       17     1941     3068      9253701412      9253704480        10153527          0        500          0          0
   4       17      519     2176      9253704511      9253706687        10156626          0        500          0          0
   4       17      511     2421      9253707258      9253709679        10159373          0        500          0          0
   4       17     1653     2637      9253709708      9253712344        10161822          0        500          0          0
   4       17      511     2613      9253712364      9253714978        10164479          0        500          0          0
   4       17     3075     4563      9253715023      9253719586        10167138          0        500          0          0
   4       17      517     2748      9253719620      9253722368        10171735          0        500          0          0
   4       17     2205     4150      9253722427      9253726576        10174542          0        500          0          0
   4       17      518     4051      9253726601      9253730653        10178716          0        500          0          0
   4       17      517     2349      9253730677      9253733026        10182791          0        500          0          0
   4       17      511     3876      9253733049      9253736926        10185164          0        500          0          0
   4       17      520     3012      9253736950      9253739961        10189065          0        500          0          0
   4       17      520     2765      9253739992      9253742757        10192107          0        500          0          0
   4       17      517     3048      9253742778      9253745826        10194893          0        500          0          0
   4       17      516     1682      9253745869      9253747551        10197984          0        500          0          0
   4       17      518     3235      9253747574      9253750809        10199689          0        500          0          0
   4       17      518     1657      9253750829      9253752486        10202943          0        500          0          0
   4       17      517     2241      9253752509      9253754750        10204624          0        500          0          0
   4       17      518     3155      9253754776      9253757930        10206890          0        500          0          0
   4       17      542     2045      9253757964      9253760009        10210079          0        500          0          0
   4       17     2990     5147      9253760032      9253765179        10212147          0        500          0          0
   4       17      511     3315      9253765204      9253768519        10217319          0        500          0          0
   4       17      520     3802      9253768542      9253772344        10220657          0        500          0          0
   4       17      511     2217      9253772370      9253774587        10224485          0        500          0          0
   4       17      518     3458      9253774606      9253778064        10226721          0        500          0          0
   4       17      511     2271      9253778094      9253780366        10230209          0        500          0          0
   4       17      511     2163      9253780386      9253782549        10232501          0        500          0          0
   4       17      517     2409      9253782568      9253784977        10234683          0        500          0          0
   4       17      511     2358      9253785030      9253787388        10237145          0        500          0          0
   4       17      511     2599      9253787412      9253790011        10239526          0        500          0          0
   4       17      511     2310      9253790034      9253792344        10242148          0        500          0          0
   4       17     4462     5030      9253792377      9253797407        10244492          0        500          0          0
   4       17      511     2692      9253797432      9253800123        10249547          0        500          0          0
   4       17      511     1836      9253800154      9253801990        10252269          0        500          0          0
   4       17      511     2000      9253802023      9253804022        10254137          0        500          0          0
   4       17     3300     5387      9253804040      9253809427        10256155          0        500          0          0
   4       17      511     3339      9253809451      9253812789        10261565          0        500          0          0
   4       17      517     3089      9253812815      9253815903        10264929          0        500          0          0
   4       17      520     3686      9253815932      9253819618        10268047          0        500          0          0
   4       17      517     2708      9253819681      9253822389        10271796          0        500          0          0
   4       17     1617     2760      9253822451      9253825211        10274565          0        500          0          0
   4       17     1640     2840      9253825235      9253828075        10277350          0        500          0          0
   4       17     1703     3913      9253828100      9253832013        10280215          0        500          0          0
   4       17      511     2340      9253832052      9253834392        10284167          0        500          0          0
   4       17     1037     3692      9253834418      9253838110        10286533          0        500          0          0
   4       17      511     2422      9253838135      9253840556        10290249          0        500          0          0
   4       17      517     1250      9253840572      9253841822        10292687          0        500          0          0
   4       17      518     2722      9253841848      9253844569        10293962          0        500          0          0
   4       17      519     2688      9253844596      9253847284        10296711          0        500          0          0
   4       17      511     2751      9253847303      9253850053        10299417          0        500          0          0
   4       17      511     2191      9253850073      9253852264        10302187          0        500          0          0
   4       17      511     3364      9253852286      9253855650        10304401          0        500          0          0
   4       17      520     2086      9253855675      9253857761        10307790          0        500          0          0
   4       17      517     2431      9253857801      9253860232        10309916          0        500          0          0
   4       17      511     3100      9253860264      9253863364        10312378          0        500          0          0
   4       17      511     2695      9253863391      9253866086        10315505          0        500          0          0
   4       17      511     2186      9253866111      9253868297        10318226          0        500          0          0
   4       17      511     4700      9253868320      9253873020        10320435          0        500          0          0
   4       17      511     1559      9253873042      9253874601        10325157          0        500          0          0
   4       17      520     2132      9253874633      9253876765        10326748          0        500          0          0
   4       17      520     2658      9253876789      9253879446        10328904          0        500          0          0
   4       17      511     3061      9253879466      9253882527        10331581          0        500          0          0
   4       17      545     2761      9253882558      9253885319        10334673          0        500          0          0
   4       17      511     2201      9253885352      9253887553        10337467          0        500          0          0
   4       17     2739     3988      9253887572      9253891561        10339687          0        500          0          0
   4       17      518     2021      9253891585      9253893606        10343700          0        500          0          0
   4       17     1081     2292      9253893632      9253895924        10345747          0        500          0          0
   4       17      521     2638      9253895961      9253898599        10348076          0        500          0          0
   4       17      518     2729      9253898623      9253901351        10350737          0        500          0          0
   4       17      511     2794      9253901380      9253904174        10353495          0        500          0          0
   4       17      511     4713      9253904195      9253908908        10356309          0        500          0          0
   4       17      519     5047      9253908932      9253913979        10361047          0        500          0          0
   4       17      511     2527      9253914019      9253916546        10366133          0        500          0          0
   4       17      517     2416      9253916597      9253919013        10368712          0        500          0          0
   4       17      511     1955      9253919036      9253920992        10371151          0        500          0          0
   4       17      511     1988      9253921024      9253923012        10373139          0        500          0          0
   4       17      511     2463      9253923034      9253925497        10375149          0        500          0          0
   4       17      516     2770      9253925522      9253928292        10377637          0        500          0          0
   4       17      511     2757      9253928316      9253931073        10380431          0        500          0          0
   4       17      511     1914      9253931098      9253933012        10383213          0        500          0          0
   4       17     5946     6517      9253933031      9253939548        10385146          0        500          0          0
   4       17      520     1830      9253939579      9253941409        10391694          0        500          0          0
   4       17      511     3467      9253941432      9253944899        10393546          0        500          0          0
   4       17      517     2248      9253944922      9253947170        10397036          0        500          0          0
   4       17      511     1298      9253947188      9253948486        10399303          0        500          0          0
   4       17      518     2648      9253948503      9253951151        10400618          0        500          0          0
   4       17      511     2848      9253951172      9253954019        10403287          0        500          0          0
   4       17      511     2732      9253954042      9253956774        10406156          0        500          0          0
   4       17      519     2183      9253956794      9253958977        10408909          0        500          0          0
   4       17      511     3881      9253959017      9253962898        10411132          0        500          0          0
   4       17      522     1635      9253962928      9253964563        10415042          0        500          0          0
   4       17      521     2549      9253964593      9253967142        10416708          0        500          0          0
   4       17      511     2288      9253967165      9253969453        10419280          0        500          0          0
   4       17      511     2601      9253969474      9253972075        10421589          0        500          0          0
   4       17      511     3165      9253972096      9253975261        10424211          0        500          0          0
   4       17      511     3149      9253975282      9253978430        10427396          0        500          0          0
   4       17      511     2038      9253978460      9253980498        10430575          0        500          0          0
   4       17      521     2653      9253980523      9253983176        10432638          0        500          0          0
   4       17      511     2758      9253983201      9253985959        10435316          0        500          0          0
   4       17      516     2117      9253985986      9253988104        10438101          0        500          0          0
   4       17      511     2769      9253988128      9253990897        10440243          0        500          0          0
   4       17     2103     3685      9253990928      9253994612        10443043          0        500          0          0
   4       17      548     2216      9253994647      9253996863        10446761          0        500          0          0
   4       17      519     2151      9253996887      9253999038        10449002          0        500          0          0
   4       17      511     2437      9253999067      9254001504        10451182          0        500          0          0
   4       17      517     2780      9254001529      9254004309        10453644          0        500          0          0
   4       17     2693     4484      9254004371      9254008855        10456485          0        500          0          0
   4       17      516     2646      9254008877      9254011524        10460992          0        500          0          0
   4       17      517     1522      9254011543      9254013065        10463658          0        500          0          0
   4       17      511     2439      9254013091      9254015530        10465206          0        500          0          0
   4       17      516     2643      9254015550      9254018193        10467665          0        500          0          0
   4       17      533     2743      9254018218      9254020961        10470333          0        500          0          0
   4       17     2526     4397      9254020987      9254025383        10473102          0        500          0          0
   4       17      539     2753      9254025417      9254028170        10477532          0        500          0          0
   4       17      511     3843      9254028192      9254032035        10480307          0        500          0          0
   4       17      511     2583      9254032069      9254034652        10484184          0        500          0          0
   4       17     2692     3826      9254034673      9254038498        10486788          0        500          0          0
   4       17      519     1894      9254038523      9254040417        10490637          0        500          0          0
   4       17      511     2054      9254040435      9254042489        10492550          0        500          0          0
   4       17      516     2145      9254042509      9254044654        10494624          0        500          0          0
   4       17      517     2224      9254044672      9254046896        10496786          0        500          0          0
   4       17      517     2772      9254046920      9254049693        10499035          0        500          0          0
   4       17      517     2673      9254049714      9254052387        10501829          0        500          0          0
   4       17      511     3272      9254052412      9254055684        10504527          0        500          0          0
   4       17      547     2207      9254055718      9254057925        10507833          0        500          0          0
   4       17      519     2700      9254057947      9254060647        10510062          0        500          0          0
   4       17      516     2674      9254060689      9254063363        10512804          0        500          0          0
   4       17      511     2639      9254063383      9254066022        10515498          0        500          0          0
   4       17      511     2207      9254066049      9254068256        10518164          0        500          0          0
   4       17      511     3920      9254068282      9254072202        10520397          0        500          0          0
   4       17      511     2875      9254072224      9254075098        10524338          0        500          0          0
   4       17      511     3787      9254075125      9254078913        10527240          0        500          0          0
   4       17      517     2752      9254078934      9254081686        10531049          0        500          0          0
   4       17      518     4204      9254081710      9254085914        10533825          0        500          0          0
   4       17      518     4639      9254085942      9254090581        10538057          0        500          0          0
   4       17      518     1095      9254090604      9254091699        10542719          0        500          0          0
   4       17      536     2984      9254091718      9254094703        10543833          0        500          0          0
   4       17      522     2790      9254094735      9254097525        10546850          0        500          0          0
   4       17      522     4760      9254097557      9254102317        10549672          0        500          0          0
   4       17     2092     2665      9254102370      9254105035        10554485          0        500          0          0
   4       17      511     2046      9254105056      9254107102        10557171          0        500          0          0
   4       17      511     1880      9254107130      9254109011        10559245          0        500          0          0
   4       17      511     1980      9254109034      9254111014        10561149          0        500          0          0
   4       17      511     2590      9254111039      9254113628        10563154          0        500          0          0
   4       17     2049     4091      9254113650      9254117741        10565765          0        500          0          0
   4       17      520     1593      9254117765      9254119358        10569879          0        500          0          0
   4       17      511     2183      9254119382      9254121565        10571497          0        500          0          0
   4       17      516     2764      9254121585      9254124349        10573699          0        500          0          0
   4       17      511     2639      9254124373      9254127012        10576488          0        500          0          0
   4       17      511     2398      9254127037      9254129434        10579151          0        500          0          0
   4       17      511     2742      9254129467      9254132208        10581581          0        500          0          0
   4       17      511     2838      9254132236      9254135074        10584351          0        500          0          0
   4       17      511     3448      9254135102      9254138549        10587216          0        500          0          0
   4       17      519     2426      9254138570      9254140996        10590685          0        500          0          0
   4       17      511     2899      9254141020      9254143919        10593135          0        500          0          0
   4       17      516     2066      9254143945      9254146010        10596060          0        500          0          0
   4       17      511     2008      9254146029      9254148037        10598144          0        500          0          0
   4       17      511     3465      9254148056      9254151522        10600171          0        500          0          0
   4       17      521     1819      9254151559      9254153379        10603674          0        500          0          0
   4       17      511     2627      9254153406      9254156033        10605521          0        500          0          0
   4       17      511     2679      9254156053      9254158732        10608168          0        500          0          0
   4       17      520     2261      9254158767      9254161028        10610881          0        500          0          0
   4       17      511     2644      9254161057      9254163701        10613172          0        500          0          0
   4       17     4870     6973      9254163726      9254170699        10615841          0        500          0          0
   4       17      519     1094      9254170729      9254171823        10622844          0        500          0          0
   4       17      517     4484      9254171842      9254176325        10623957          0        500          0          0
   4       17      511     1082      9254176354      9254177436        10628469          0        500          0          0
   4       17      511     2090      9254177461      9254179551        10629576          0        500          0          0
   4       17      966     2490      9254179576      9254182066        10631691          0        500          0          0
   4       17      511     2614      9254182090      9254184704        10634205          0        500          0          0
   4       17      518     2826      9254184730      9254187555        10636845          0        500          0          0
   4       17      519     2656      9254187582      9254190238        10639697          0        500          0          0
   4       17      511     4301      9254190259      9254194560        10642374          0        500          0          0
   4       17      520     2283      9254194617      9254196900        10646732          0        500          0          0
   4       17      519     1597      9254196925      9254198523        10649040          0        500          0          0
   4       17      524     2165      9254198556      9254200720        10650670          0        500          0          0
   4       17     1088     2806      9254200746      9254203552        10652861          0        500          0          0
   4       17      517     2665      9254203570      9254206235        10655684          0        500          0          0
   4       17      511     2641      9254206258      9254208898        10658372          0        500          0          0
   4       17     3008     5073      9254208920      9254213993        10661035          0        500          0          0
   4       17      511     2443      9254214033      9254216476        10666148          0        500          0          0
   4       17      518     2217      9254216509      9254218725        10668623          0        500          0          0
   4       17      522     2142      9254218759      9254220901        10670874          0        500          0          0
   4       17      543     2387      9254220926      9254223314        10673041          0        500          0          0
   4       17      511     2817      9254223333      9254226150        10675448          0        500          0          0
   4       17      511     2783      9254226175      9254228959        10678290          0        500          0          0
   4       17     1547     2305      9254228984      9254231290        10681099          0        500          0          0
   4       17     2215     3687      9254231323      9254235011        10683438          0        500          0          0
   4       17      511     1508      9254235030      9254236538        10687145          0        500          0          0
   4       17      519     2723      9254236562      9254239285        10688677          0        500          0          0
   4       17      511     2137      9254239304      9254241441        10691419          0        500          0          0
   4       17      511     2915      9254241460      9254244375        10693575          0        500          0          0
   4       17      511     2560      9254244395      9254246955        10696510          0        500          0          0
   4       17      517     2613      9254246974      9254249587        10699089          0        500          0          0
   4       17      518     2480      9254249610      9254252091        10701725          0        500          0          0
   4       17      511     2726      9254252118      9254254844        10704233          0        500          0          0
   4       17      520     2658      9254254864      9254257522        10706979          0        500          0          0
   4       17      518     2241      9254257549      9254259790        10709664          0        500          0          0
   4       17      518     2813      9254259820      9254262633        10711935          0        500          0          0
   4       17     3312     3921      9254262666      9254266587        10714781          0        500          0          0
   4       17      518     2150      9254266611      9254268761        10718726          0        500          0          0
   4       17      517     2745      9254268779      9254271524        10720894          0        500          0          0
   4       17      517     2608      9254271542      9254274149        10723656          0        500          0          0
   4       17      511     2580      9254274168      9254276748        10726283          0        500          0          0
   4       17      518     1866      9254276777      9254278643        10728892          0        500          0          0
   4       17     1065     3896      9254278669      9254282565        10730784          0        500          0          0
   4       17     1092     2690      9254282622      9254285312        10734737          0        500          0          0
   4       17      511     2210      9254285337      9254287547        10737452          0        500          0          0
   4       17      518     2650      9254287569      9254290219        10739684          0        500          0          0
   4       17      511     2758      9254290241      9254292999        10742355          0        500          0          0
   4       17      511     2181      9254293034      9254295215        10745149          0        500          0          0
   4       17     3067     4966      9254295241      9254300207        10747356          0        500          0          0
   4       17      511     3561      9254300234      9254303795        10752348          0        500          0          0
   4       17      520     2604      9254303819      9254306422        10755934          0        500          0          0
   4       17      511     4138      9254306442      9254310580        10758557          0        500          0          0
   4       17      518     2195      9254310603      9254312798        10762717          0        500          0          0
   4       17      518     3111      9254312818      9254315929        10764933          0        500          0          0
   4       17      518     4052      9254315960      9254320012        10768075          0        500          0          0
   4       17      511     1149      9254320035      9254321184        10772150          0        500          0          0
   4       17      511     1790      9254321202      9254322992        10773317          0        500          0          0
   4       17      511     3303      9254323037      9254326340        10775152          0        500          0          0
   4       17      511     2677      9254326364      9254329041        10778479          0        500          0          0
   4       17      511     2315      9254329069      9254331385        10781184          0        500          0          0
   4       17     2194     4973      9254331413      9254336385        10783527          0        500          0          0
   4       17      511     2655      9254336418      9254339073        10788532          0        500          0          0
   4       17      511     2091      9254339101      9254341192        10791215          0        500          0          0
   4       17     1235     5464      9254341216      9254346680        10793331          0        500          0          0
   4       17      517     2175      9254346705      9254348881        10798820          0        500          0          0
   4       17      517     1295      9254348901      9254350196        10801016          0        500          0          0
   4       17      511     2732      9254350221      9254352953        10802336          0        500          0          0
   4       17      518     2675      9254352980      9254355656        10805095          0        500          0          0
   4       17      522     2421      9254355683      9254358104        10807798          0        500          0          0
   4       17      511     3020      9254358133      9254361153        10810248          0        500          0          0
   4       17      511     2261      9254361178      9254363439        10813293          0        500          0          0
   4       17     2865     4377      9254363465      9254367842        10815579          0        500          0          0
   4       17      517     1271      9254367867      9254369138        10819981          0        500          0          0
   4       17      511     2752      9254369155      9254371907        10821270          0        500          0          0
   4       17      517     2620      9254371926      9254374547        10824041          0        500          0          0
   4       17      518     2584      9254374566      9254377150        10826681          0        500          0          0
   4       17      511     2653      9254377204      9254379857        10829318          0        500          0          0
   4       17     1768     2333      9254379882      9254382215        10831996          0        500          0          0
   4       17      511     2707      9254382233      9254384940        10834348          0        500          0          0
   4       17      522     2236      9254384975      9254387212        10837090          0        500          0          0
   4       17     2674     7480      9254387238      9254394718        10839353          0        500          0          0
   4       17      518     2793      9254394780      9254397573        10846895          0        500          0          0
   4       17      521     2802      9254397604      9254400406        10849719          0        500          0          0
   4       17      511     2578      9254400435      9254403013        10852550          0        500          0          0
   4       17      511     1614      9254403038      9254404653        10855153          0        500          0          0
   4       17      517     2151      9254404669      9254406820        10856784          0        500          0          0
   4       17      517     2741      9254406842      9254409583        10858957          0        500          0          0
   4       17      517     2431      9254409606      9254412038        10861721          0        500          0          0
   4       17      511     2780      9254412069      9254414849        10864184          0        500          0          0
   4       17      519     2675      9254414870      9254417545        10866985          0        500          0          0
   4       17     4622     5199      9254417564      9254422763        10869679          0        500          0          0
   4       17      536     3467      9254422793      9254426260        10874908          0        500          0          0
   4       17      511     3396      9254426287      9254429683        10878402          0        500          0          0
   4       17      518     1851      9254429709      9254431560        10881824          0        500          0          0
   4       17      518     1995      9254431586      9254433581        10883701          0        500          0          0
   4       17      517     2481      9254433599      9254436079        10885713          0        500          0          0
   4       17      511     2273      9254436103      9254438376        10888218          0        500          0          0
   4       17      511     2690      9254438399      9254441089        10890514          0        500          0          0
   4       17      511     2069      9254441113      9254443182        10893228          0        500          0          0
   4       17      511     4742      9254443202      9254447945        10895317          0        500          0          0
   4       17      519     3158      9254447967      9254451125        10900082          0        500          0          0
   4       17      511     3152      9254451148      9254454300        10903263          0        500          0          0
   4       17      511     3126      9254454325      9254457451        10906440          0        500          0          0
   4       17      511     2771      9254457488      9254460259        10909603          0        500          0          0
   4       17      511     1651      9254460283      9254461935        10912398          0        500          0          0
   4       17      517     2168      9254461958      9254464126        10914073          0        500          0          0
   4       17      511     2337      9254464142      9254466479        10916257          0        500          0          0
   4       17      517     2774      9254466504      9254469278        10918619          0        500          0          0
   4       17      511     2603      9254469296      9254471900        10921411          0        500          0          0
   4       17     2632     4582      9254471987      9254476569        10924102          0        500          0          0
   4       17      545     1979      9254476602      9254478581        10928717          0        500          0          0
   4       17      517     2821      9254478597      9254481418        10930711          0        500          0          0
   4       17      511     2109      9254481439      9254483547        10933553          0        500          0          0
   4       17      517     3024      9254483565      9254486590        10935680          0        500          0          0
   4       17      547     2209      9254486622      9254488831        10938737          0        500          0          0
   4       17     2204     3902      9254488851      9254492752        10940966          0        500          0          0
   4       17      518     3258      9254492777      9254496036        10944892          0        500          0          0
   4       17      511     2254      9254496063      9254498317        10948178          0        500          0          0
   4       17      511     2742      9254498344      9254501086        10950458          0        500          0          0
   4       17      511     2216      9254501113      9254503329        10953228          0        500          0          0
   4       17      511     2740      9254503351      9254506091        10955466          0        500          0          0
   4       17      511     2082      9254506112      9254508194        10958227          0        500          0          0
   4       17      511     2574      9254508220      9254510794        10960334          0        500          0          0
   4       17     2582     4292      9254510841      9254515133        10962956          0        500          0          0
   4       17      511     2496      9254515156      9254517652        10967271          0        500          0          0
   4       17      519     2193      9254517678      9254519871        10969793          0        500          0          0
   4       17      517     2294      9254519892      9254522186        10972006          0        500          0          0
   4       17     2734     4369      9254522207      9254526575        10974322          0        500          0          0
   4       17      521     3459      9254526611      9254530071        10978726          0        500          0          0
   4       17      511     3659      9254530098      9254533757        10982213          0        500          0          0
   4       17      519     1638      9254533782      9254535420        10985897          0        500          0          0
   4       17      511     2158      9254535438      9254537596        10987553          0        500          0          0
   4       17      521     2386      9254537629      9254540015        10989744          0        500          0          0
   4       17     1066     2681      9254540039      9254542720        10992153          0        500          0          0
   4       17      517     2339      9254542736      9254545075        10994851          0        500          0          0
   4       17     2160     3265      9254545101      9254548366        10997216          0        500          0          0
   4       17      511     2340      9254548387      9254550727        11000502          0        500          0          0
   4       17      519     2678      9254550760      9254553438        11002875          0        500          0          0
   4       17      511     2675      9254553463      9254556138        11005578          0        500          0          0
   4       17      511     2167      9254556161      9254558328        11008276          0        500          0          0
   4       17      511     2241      9254558353      9254560594        11010467          0        500          0          0
   4       17     6025     6597      9254560618      9254567215        11012733          0        500          0          0
   4       17      511     1781      9254567310      9254569091        11019425          0        500          0          0
   4       17      511     2057      9254569117      9254571174        11021232          0        500          0          0
   4       17      511     3154      9254571190      9254574344        11023305          0        500          0          0
   4       17      511     2165      9254574375      9254576540        11026490          0        500          0          0
   4       17      517     2183      9254576558      9254578741        11028673          0        500          0          0
   4       17      519     2211      9254578774      9254580985        11030889          0        500          0          0
   4       17      511     5009      9254581018      9254586027        11033132          0        500          0          0
   4       17      511     2575      9254586062      9254588637        11038177          0        500          0          0
   4       17      517     1799      9254588658      9254590456        11040772          0        500          0          0
   4       17      511     2533      9254590484      9254593017        11042599          0        500          0          0
   4       17      511     1769      9254593041      9254594810        11045156          0        500          0          0
   4       17      519     2888      9254594842      9254597730        11046956          0        500          0          0
   4       17      516     2746      9254597756      9254600502        11049871          0        500          0          0
   4       17     4606     5130      9254600527      9254605658        11052642          0        500          0          0
   4       17      518     2115      9254605679      9254607794        11057794          0        500          0          0
   4       17      543     1875      9254607818      9254609694        11059933          0        500          0          0
   4       17      517     2202      9254609711      9254611913        11061826          0        500          0          0
   4       17      517     2898      9254611937      9254614835        11064052          0        500          0          0
   4       17      517     2452      9254614883      9254617336        11066998          0        500          0          0
   4       17      511     2790      9254617359      9254620149        11069474          0        500          0          0
   4       17      511     4408      9254620172      9254624581        11072287          0        500          0          0
   4       17      518     2176      9254624604      9254626780        11076719          0        500          0          0
   4       17      516     2205      9254626820      9254629026        11078935          0        500          0          0
   4       17      511     2319      9254629049      9254631368        11081164          0        500          0          0
   4       17      511     2619      9254631393      9254634012        11083508          0        500          0          0
   4       17      511     1945      9254634038      9254635983        11086153          0        500          0          0
   4       17      511     2553      9254636014      9254638568        11088129          0        500          0          0
   4       17     2579     4766      9254639032      9254643798        11091147          0        500          0          0
   4       17      551     2716      9254643836      9254646552        11095951          0        500          0          0
   4       17      519     2634      9254646578      9254649212        11098693          0        500          0          0
   4       17      511     1487      9254649238      9254650725        11101353          0        500          0          0
   4       17      520     2127      9254650748      9254652876        11102863          0        500          0          0
   4       17      519     3169      9254652912      9254656082        11105027          0        500          0          0
   4       17     2236     3349      9254656147      9254659496        11108262          0        500          0          0
   4       17      517     2269      9254659522      9254661791        11111636          0        500          0          0
   4       17      522     2781      9254661825      9254664606        11113940          0        500          0          0
   4       17      520     2309      9254664641      9254666951        11116756          0        500          0          0
   4       17     2627     5028      9254666969      9254671997        11119084          0        500          0          0
   4       17      511     2602      9254672029      9254674632        11124144          0        500          0          0
   4       17      518     1122      9254674649      9254675771        11126764          0        500          0          0
   4       17      517     2738      9254675794      9254678533        11127909          0        500          0          0
   4       17      518     2475      9254678557      9254681032        11130672          0        500          0          0
   4       17      511     2720      9254681057      9254683777        11133172          0        500          0          0
   4       17     1557     2726      9254683804      9254686530        11135919          0        500          0          0
   4       17     3121     5907      9254686555      9254692461        11138670          0        500          0          0
   4       17      511     2693      9254692486      9254695180        11144601          0        500          0          0
   4       17      511     1947      9254695208      9254697154        11147322          0        500          0          0
   4       17      511     2425      9254697184      9254699608        11149299          0        500          0          0
   4       17      518     2010      9254699628      9254701638        11151743          0        500          0          0
   4       17      518     2729      9254701655      9254704384        11153770          0        500          0          0
   4       17      511     1698      9254704415      9254706113        11156530          0        500          0          0
   4       17     1563     2970      9254706143      9254709113        11158258          0        500          0          0
   4       17     2683     4708      9254709139      9254713847        11161254          0        500          0          0
   4       17      519     2618      9254713879      9254716497        11165993          0        500          0          0
   4       17      520     2040      9254716523      9254718563        11168637          0        500          0          0
   4       17      518     2995      9254718588      9254721583        11170703          0        500          0          0
   4       17      520     2101      9254721614      9254723715        11173729          0        500          0          0
   4       17      535     2151      9254723738      9254725889        11175853          0        500          0          0
   4       17      521     2500      9254725922      9254728422        11178037          0        500          0          0
   4       17     3580     5401      9254728461      9254733862        11180576          0        500          0          0
   4       17      519     3360      9254733887      9254737247        11186001          0        500          0          0
   4       17      511     2627      9254737279      9254739906        11189393          0        500          0          0
   4       17      519     2658      9254739929      9254742587        11192044          0        500          0          0
   4       17      516     2651      9254742636      9254745288        11194751          0        500          0          0
   4       17      511     1437      9254745314      9254746751        11197429          0        500          0          0
   4       17      519     2557      9254746769      9254749326        11198883          0        500          0          0
   4       17      511     2577      9254749376      9254751953        11201491          0        500          0          0
   4       17      520     2688      9254751990      9254754678        11204105          0        500          0          0
   4       17     1082     2695      9254754705      9254757399        11206819          0        500          0          0
   4       17      511     3298      9254757426      9254760724        11209541          0        500          0          0
   4       17      520     2227      9254760761      9254762988        11212876          0        500          0          0
   4       17      511     3335      9254763028      9254766362        11215143          0        500          0          0
   4       17     2051     4131      9254766385      9254770516        11218500          0        500          0          0
   4       17      517     3193      9254770540      9254773734        11222655          0        500          0          0
   4       17      543     2665      9254773767      9254776432        11225881          0        500          0          0
   4       17      511     2532      9254776451      9254778982        11228565          0        500          0          0
   4       17      511     2506      9254779010      9254781516        11231125          0        500          0          0
   4       17      520     3287      9254781544      9254784831        11233659          0        500          0          0
   4       17      516     2853      9254784874      9254787727        11236988          0        500          0          0
   4       17      517     2651      9254787756      9254790407        11239871          0        500          0          0
   4       17      511     2826      9254790430      9254793256        11242545          0        500          0          0
   4       17      511     2277      9254793282      9254795559        11245397          0        500          0          0
   4       17      517     1602      9254795583      9254797185        11247697          0        500          0          0
   4       17      511     2650      9254797211      9254799860        11249325          0        500          0          0
   4       17      516     2761      9254799886      9254802647        11252001          0        500          0          0
   4       17      517     2636      9254802695      9254805331        11254809          0        500          0          0
   4       17      511     2193      9254805353      9254807546        11257468          0        500          0          0
   4       17     3006     4566      9254807565      9254812130        11259679          0        500          0          0
   4       17      511     2604      9254812161      9254814765        11264276          0        500          0          0
   4       17      519     2173      9254814791      9254816964        11266906          0        500          0          0
   4       17      511     2158      9254817007      9254819165        11269122          0        500          0          0
   4       17      511     2204      9254819182      9254821386        11271297          0        500          0          0
   4       17     2593     4620      9254821419      9254826039        11273534          0        500          0          0
   4       17      511     2957      9254826072      9254829028        11278187          0        500          0          0
   4       17      511     2818      9254829050      9254831867        11281164          0        500          0          0
   4       17      519     2635      9254831898      9254834533        11284013          0        500          0          0
   4       17      517     2633      9254834555      9254837188        11286670          0        500          0          0
   4       17      511     1216      9254837213      9254838429        11289327          0        500          0          0
   4       17      511     2687      9254838454      9254841141        11290569          0        500          0          0
   4       17      511     2795      9254841192      9254843986        11293306          0        500          0          0
   4       17      511     2284      9254844013      9254846297        11296128          0        500          0          0
   4       17      511     2955      9254846321      9254849275        11298435          0        500          0          0
   4       17      511     3952      9254849303      9254853256        11301418          0        500          0          0
   4       17      511     2791      9254853291      9254856082        11305406          0        500          0          0
   4       17      511     1644      9254856117      9254857760        11308232          0        500          0          0
   4       17      518     2247      9254857782      9254860029        11309897          0        500          0          0
   4       17      511     2613      9254860056      9254862669        11312171          0        500          0          0
   4       17      518     2382      9254862694      9254865076        11314809          0        500          0          0
   4       17      511     2861      9254865101      9254867963        11317216          0        500          0          0
   4       17      517     4294      9254869635      9254873929        11321750          0        500          0          0
   4       17      517     1084      9254873948      9254875032        11326063          0        500          0          0
   4       17      511     1583      9254875048      9254876632        11327163          0        500          0          0
   4       17      516     2082      9254876650      9254878731        11328764          0        500          0          0
   4       17      518     2743      9254878756      9254881499        11330871          0        500          0          0
   4       17      517     2555      9254881518      9254884074        11333633          0        500          0          0
   4       17      511     2707      9254884096      9254886803        11336211          0        500          0          0
   4       17     4517     5200      9254886829      9254892028        11338943          0        500          0          0
   4       17      511     2105      9254892061      9254894166        11344176          0        500          0          0
   4       17      511     2197      9254894201      9254896398        11346316          0        500          0          0
   4       17      511     2153      9254896427      9254898580        11348542          0        500          0          0
   4       17      517     2700      9254898604      9254901304        11350719          0        500          0          0
   4       17      511     2225      9254901318      9254903544        11353433          0        500          0          0
   4       17      518     2693      9254903565      9254906257        11355679          0        500          0          0
   4       17      511     3563      9254906276      9254909840        11358391          0        500          0          0
   4       17      520     2186      9254909869      9254912056        11361984          0        500          0          0
   4       17      511     2516      9254912074      9254914590        11364189          0        500          0          0
   4       17      517     2011      9254914611      9254916622        11366726          0        500          0          0
   4       17      517     2883      9254916640      9254919524        11368755          0        500          0          0
   4       17      521     2774      9254919556      9254922330        11371671          0        500          0          0
   4       17     3754     4339      9254922359      9254926698        11374474          0        500          0          0
   4       17      517     2132      9254926723      9254928855        11378838          0        500          0          0
   4       17      520     2711      9254928877      9254931588        11380992          0        500          0          0
   4       17      519     2423      9254931648      9254934072        11383763          0        500          0          0
   4       17      511     2148      9254934103      9254936250        11386218          0        500          0          0
   4       17      516     2289      9254936808      9254939097        11388923          0        500          0          0
   4       17     2618     6875      9254939123      9254945998        11391238          0        500          0          0
   4       17      511     2584      9254946039      9254948624        11398154          0        500          0          0
   4       17      521     2335      9254948650      9254950985        11400764          0        500          0          0
   4       17      511     2185      9254951017      9254953202        11403132          0        500          0          0
   4       17     1759     2944      9254953230      9254956173        11405344          0        500          0          0
   4       17      511     2176      9254956197      9254958374        11408312          0        500          0          0
   4       17      511     2772      9254958398      9254961170        11410513          0        500          0          0
   4       17      511     2311      9254961194      9254963505        11413309          0        500          0          0
   4       17      516     3150      9254963529      9254966679        11415644          0        500          0          0
   4       17      516     2312      9254966698      9254969010        11418813          0        500          0          0
   4       17      511     2756      9254969031      9254971787        11421146          0        500          0          0
   4       17      517     1919      9254971810      9254973729        11423925          0        500          0          0
   4       17     2617     4724      9254973753      9254978477        11425868          0        500          0          0
   4       17      518     3227      9254978508      9254981735        11430623          0        500          0          0
   4       17      519     1846      9254981762      9254983608        11433877          0        500          0          0
   4       17      520     2153      9254983641      9254985794        11435756          0        500          0          0
   4       17      521     2707      9254985819      9254988526        11437934          0        500          0          0
   4       17      517     2579      9254988549      9254991128        11440664          0        500          0          0
   4       17      511     2294      9254991149      9254993443        11443264          0        500          0          0
   4       17      511     2719      9254993471      9254996189        11445586          0        500          0          0
   4       17      511     3796      9254996210      9255000006        11448325          0        500          0          0
   4       17      511     1592      9255000032      9255001624        11452147          0        500          0          0
   4       17      518     3193      9255001648      9255004841        11453763          0        500          0          0
   4       17      547     2698      9255004876      9255007574        11456990          0        500          0          0
   4       17      517     2154      9255007598      9255009752        11459713          0        500          0          0
   4       17      517     2787      9255009770      9255012556        11461884          0        500          0          0
   4       17     3892     5028      9255012576      9255017604        11464690          0        500          0          0
   4       17      517     4354      9255017628      9255021982        11469743          0        500          0          0
   4       17      511     1684      9255022016      9255023700        11474131          0        500          0          0
   4       17      518     2711      9255023718      9255026429        11475833          0        500          0          0
   4       17     1549     3065      9255026491      9255029556        11478606          0        500          0          0
   4       17      517     1730      9255029581      9255031311        11481696          0        500          0          0
   4       17      511     2953      9255031339      9255034292        11483454          0        500          0          0
   4       17      511     2692      9255034320      9255037012        11486434          0        500          0          0
   4       17      511     2043      9255037031      9255039074        11489146          0        500          0          0
   4       17      511     2122      9255039096      9255041218        11491211          0        500          0          0
   4       17     3024     4718      9255041240      9255045958        11493355          0        500          0          0
   4       17      518     4667      9255045991      9255050658        11498105          0        500          0          0
   4       17      518     2717      9255050681      9255053398        11502796          0        500          0          0
   4       17      511     2673      9255053423      9255056096        11505538          0        500          0          0
   4       17      511     4378      9255056120      9255060498        11508235          0        500          0          0
   4       17      522     1102      9255060532      9255061635        11512647          0        500          0          0
   4       17      518     1643      9255061655      9255063298        11513770          0        500          0          0
   4       17      511     2771      9255063318      9255066089        11515432          0        500          0          0
   4       17      511     2336      9255066115      9255068451        11518230          0        500          0          0
   4       17      511     2749      9255068476      9255071226        11520591          0        500          0          0
   4       17      511     2209      9255071258      9255073467        11523372          0        500          0          0
   4       17     3375     4770      9255073490      9255078260        11525605          0        500          0          0
   4       17      511     1824      9255078285      9255080110        11530400          0        500          0          0
   4       17      511     2907      9255080130      9255083037        11532245          0        500          0          0
   4       17      511     2335      9255083065      9255085400        11535180          0        500          0          0
   4       17      511     2774      9255085426      9255088199        11537540          0        500          0          0
   4       17      511     2718      9255088225      9255090942        11540340          0        500          0          0
   4       17     2545     4364      9255090968      9255095332        11543083          0        500          0          0
   4       17      511     3296      9255095357      9255098653        11547472          0        500          0          0
   4       17      521     2397      9255098689      9255101086        11550804          0        500          0          0
   4       17      511     1595      9255101117      9255102711        11553232          0        500          0          0
   4       17      521     2706      9255102741      9255105446        11554855          0        500          0          0
   4       17      511     2998      9255105465      9255108463        11557580          0        500          0          0
   4       17      521     2051      9255108494      9255110544        11560608          0        500          0          0
   4       17      517     2227      9255110561      9255112789        11562676          0        500          0          0
   4       17     5041     7226      9255112816      9255120042        11564931          0        500          0          0
   4       17      511     2407      9255120075      9255122482        11572190          0        500          0          0
   4       17      521     1681      9255122542      9255124223        11574657          0        500          0          0
   4       17     1919     3028      9255124257      9255127284        11576371          0        500          0          0
   4       17      511     2232      9255127310      9255129542        11579425          0        500          0          0
   4       17      517     2721      9255129566      9255132287        11581681          0        500          0          0
   4       17      511     2818      9255132312      9255135130        11584427          0        500          0          0
   4       17      511     2747      9255135153      9255137900        11587268          0        500          0          0
   4       17      517     1902      9255137921      9255139823        11590036          0        500          0          0
   4       17     1104     2775      9255139852      9255142627        11591967          0        500          0          0
   4       17      517     2433      9255142646      9255145079        11594761          0        500          0          0
   4       17      511     2327      9255145099      9255147426        11597214          0        500          0          0
   4       17      511     2562      9255147447      9255150009        11599562          0        500          0          0
   4       17      511     2118      9255150029      9255152147        11602144          0        500          0          0
   4       17      511     5475      9255152174      9255157650        11604289          0        500          0          0
   4       17      545     5117      9255157682      9255162800        11609797          0        500          0          0
   4       17      519     2720      9255162866      9255165586        11614981          0        500          0          0
   4       17      519     2370      9255165643      9255168013        11617758          0        500          0          0
   4       17      511     1077      9255168039      9255169116        11620154          0        500          0          0
   4       17      511     1989      9255169133      9255171122        11621248          0        500          0          0
   4       17      511     2706      9255171141      9255173847        11623256          0        500          0          0
   4       17      517     2748      9255173898      9255176645        11626012          0        500          0          0
   4       17      519     2727      9255176675      9255179402        11628789          0        500          0          0
   4       17      511     2571      9255179428      9255181999        11631543          0        500          0          0
   4       17     2384     3834      9255182032      9255185867        11634147          0        500          0          0
   4       17      517     2146      9255185891      9255188036        11638005          0        500          0          0
   4       17      511     1589      9255188056      9255189645        11640171          0        500          0          0
   4       17      516     2134      9255189662      9255191796        11641777          0        500          0          0
   4       17      517     2137      9255191816      9255193953        11643931          0        500          0          0
   4       17      516     2037      9255193971      9255196009        11646086          0        500          0          0
   4       17     1054     2782      9255196027      9255198808        11648142          0        500          0          0
   4       17      516     2134      9255198826      9255200960        11650940          0        500          0          0
   4       17      517     2136      9255200977      9255203113        11653092          0        500          0          0
   4       17      511     2131      9255203130      9255205260        11655244          0        500          0          0
   4       17      511     1731      9255205278      9255207009        11657393          0        500          0          0
   4       17      511     1387      9255207065      9255208452        11659180          0        500          0          0
   4       17      511     2207      9255208467      9255210675        11660582          0        500          0          0
   4       17      517     2131      9255210689      9255212820        11662804          0        500          0          0
   4       17      517     2126      9255212835      9255214961        11664950          0        500          0          0
   4       17      516     2106      9255214974      9255217081        11667089          0        500          0          0
   4       17      511     1589      9255217096      9255218685        11669211          0        500          0          0
   4       17      517     2232      9255218704      9255220935        11670818          0        500          0          0
   4       17      517     1601      9255220983      9255222584        11673098          0        500          0          0
   4       17      517     2130      9255222601      9255224731        11674715          0        500          0          0
   4       17      516     2156      9255224748      9255226904        11676863          0        500          0          0
   4       17     1042     2676      9255226922      9255229597        11679037          0        500          0          0
   4       17      518     2141      9255229617      9255231757        11681731          0        500          0          0
   4       17      516     1616      9255231774      9255233390        11683889          0        500          0          0
   4       17      511     2154      9255233407      9255235562        11685522          0        500          0          0
   4       17      517     1433      9255235577      9255237010        11687692          0        500          0          0
   4       17     1053     1811      9255237029      9255238840        11689144          0        500          0          0
   4       17     2132     3755      9255238858      9255242613        11690973          0        500          0          0
   4       17      517     2128      9255242635      9255244762        11694749          0        500          0          0
   4       17      517     2125      9255244778      9255246903        11696893          0        500          0          0
   4       17      517     1596      9255246920      9255248515        11699034          0        500          0          0
   4       17      516     1478      9255248531      9255250009        11700646          0        500          0          0
   4       17      511     2250      9255250024      9255252274        11702139          0        500          0          0
   4       17      511     1592      9255252291      9255253883        11704406          0        500          0          0
   4       17      516     2128      9255253899      9255256027        11706014          0        500          0          0
   4       17      511     3731      9255256044      9255259774        11708158          0        500          0          0
   4       17      517     3743      9255259792      9255263536        11711907          0        500          0          0
   4       17      516     1083      9255263553      9255264636        11715667          0        500          0          0
   4       17      516     2140      9255264652      9255266792        11716767          0        500          0          0
   4       17      516     3226      9255266827      9255270053        11718942          0        500          0          0
   4       17      511     2657      9255270067      9255272725        11722182          0        500          0          0
   4       17      517     2125      9255272739      9255274865        11724854          0        500          0          0
   4       17      517     1593      9255274879      9255276473        11726994          0        500          0          0
   4       17      511     2055      9255276487      9255278542        11728602          0        500          0          0
   4       17     1683     3832      9255278593      9255282425        11730708          0        500          0          0
   4       17      511     3204      9255282444      9255285648        11734559          0        500          0          0
   4       17      518     2666      9255285665      9255288331        11737780          0        500          0          0
   4       17      511     1077      9255288346      9255289424        11740461          0        500          0          0
   4       17      511     1485      9255289438      9255290923        11741553          0        500          0          0
   4       17      515     1739      9255290939      9255292678        11743053          0        500          0          0
   4       17      516     2129      9255292693      9255294822        11744808          0        500          0          0
   4       17      517     2129      9255294838      9255296967        11746952          0        500          0          0
   4       17      517     2135      9255296982      9255299117        11749097          0        500          0          0
   4       17      511     2124      9255299132      9255301255        11751246          0        500          0          0
   4       17      511     1604      9255301271      9255302875        11753386          0        500          0          0
   4       17      516     1587      9255302889      9255304476        11755004          0        500          0          0
   4       17      516     2129      9255304490      9255306619        11756605          0        500          0          0
   4       17      517     2167      9255306635      9255308801        11758749          0        500          0          0
   4       17      516     1591      9255308816      9255310407        11760931          0        500          0          0
   4       17      511     2667      9255310422      9255313089        11762537          0        500          0          0
   4       17      511     1585      9255313107      9255314691        11765221          0        500          0          0
   4       17      516     2124      9255314708      9255316832        11766822          0        500          0          0
   4       17      516     2125      9255316847      9255318972        11768962          0        500          0          0
   4       17      517     2128      9255318988      9255321116        11771102          0        500          0          0
   4       17      511     1877      9255321131      9255323008        11773245          0        500          0          0
   4       17     1830     3446      9255323021      9255326467        11775136          0        500          0          0
   4       17      511     2128      9255326483      9255328610        11778597          0        500          0          0
   4       17      517     1597      9255328626      9255330223        11780741          0        500          0          0
   4       17      511     2128      9255330239      9255332367        11782354          0        500          0          0
   4       17      511     1589      9255332383      9255333972        11784497          0        500          0          0
   4       17      517     2132      9255333986      9255336118        11786101          0        500          0          0
   4       17      511     1588      9255336133      9255337721        11788248          0        500          0          0
   4       17     2120     3733      9255337736      9255341468        11789850          0        500          0          0
   4       17      511     1073      9255341484      9255342557        11793599          0        500          0          0
   4       17      517     1619      9255342572      9255344191        11794687          0        500          0          0
   4       17      511     2147      9255344210      9255346356        11796324          0        500          0          0
   4       17      511     2125      9255346371      9255348496        11798486          0        500          0          0
   4       17      517     2147      9255348547      9255350694        11800662          0        500          0          0
   4       17     2133     3748      9255350729      9255354477        11802844          0        500          0          0
   4       17      516     2121      9255354494      9255356616        11806609          0        500          0          0
   4       17      519     1377      9255356631      9255358008        11808746          0        500          0          0
   4       17      511     1818      9255358023      9255359842        11810138          0        500          0          0
   4       17      516     2183      9255359857      9255362039        11811971          0        500          0          0
   4       17      511     1592      9255362060      9255363651        11814175          0        500          0          0
   4       17      518     2134      9255363667      9255365801        11815782          0        500          0          0
   4       17     1739     3249      9255365816      9255369065        11817931          0        500          0          0
   4       17      511     2129      9255369087      9255371216        11821202          0        500          0          0
   4       17      511     2125      9255371232      9255373356        11823346          0        500          0          0
   4       17      511     2692      9255373372      9255376063        11825487          0        500          0          0
   4       17      511     1604      9255376079      9255377683        11828193          0        500          0          0
   4       17      516     2124      9255377698      9255379822        11829813          0        500          0          0
   4       17      516     1591      9255379837      9255381429        11831952          0        500          0          0
   4       17      511     2123      9255381444      9255383567        11833558          0        500          0          0
   4       17      517     1590      9255383583      9255385173        11835697          0        500          0          0
   4       17      511     2129      9255385189      9255387318        11837304          0        500          0          0
   4       17      511     2129      9255387332      9255389461        11839447          0        500          0          0
   4       17      511     2071      9255389477      9255391549        11841592          0        500          0          0
   4       17      516     1591      9255391565      9255393156        11843679          0        500          0          0
   4       17      511     2197      9255393170      9255395367        11845284          0        500          0          0
   4       17      511     2124      9255395387      9255397511        11847502          0        500          0          0
   4       17      517     1595      9255397529      9255399124        11849643          0        500          0          0
   4       17      511     2127      9255399141      9255401269        11851256          0        500          0          0
   4       17      511     1948      9255401285      9255403233        11853400          0        500          0          0
   4       17      511     1782      9255403248      9255405031        11855363          0        500          0          0
   4       17      511     2125      9255405046      9255407171        11857160          0        500          0          0
   4       17      511     2123      9255407185      9255409308        11859300          0        500          0          0
   4       17      511     1585      9255409323      9255410908        11861437          0        500          0          0
   4       17      516     2128      9255410922      9255413050        11863037          0        500          0          0
   4       17      511     2013      9255413066      9255415079        11865181          0        500          0          0
   4       17      511     1699      9255415094      9255416793        11867208          0        500          0          0
   4       17      518     2174      9255416846      9255419019        11868960          0        500          0          0
   4       17      511     2129      9255419040      9255421169        11871155          0        500          0          0
   4       17      511     2125      9255421186      9255423311        11873301          0        500          0          0
   4       17      511     3739      9255423327      9255427066        11875442          0        500          0          0
   4       17      511     2137      9255427084      9255429222        11879199          0        500          0          0
   4       17      511     2666      9255429238      9255431905        11881353          0        500          0          0
   4       17      516     2725      9255431924      9255434648        11884039          0        500          0          0
   4       17      516     1619      9255434693      9255436312        11886808          0        500          0          0
   4       17      511     1679      9255436330      9255438009        11888445          0        500          0          0
   4       17      511     2112      9255438025      9255440137        11890140          0        500          0          0
   4       17      511     2133      9255440159      9255442292        11892273          0        500          0          0
   4       17      511     2156      9255442307      9255444462        11894422          0        500          0          0
   4       17      517     2133      9255444491      9255446623        11896605          0        500          0          0
   4       17     6997     8083      9255446638      9255454721        11898753          0        500          0          0
   4       17      517     1595      9255454742      9255456337        11906857          0        500          0          0
   4       17      511     1077      9255456353      9255457430        11908468          0        500          0          0
   4       17      511     2118      9255457444      9255459562        11909559          0        500          0          0
   4       17      515     2128      9255459578      9255461706        11911693          0        500          0          0
   4       17      516     4856      9255461722      9255466579        11913837          0        500          0          0
   4       17      518     3257      9255466602      9255469859        11918717          0        500          0          0
   4       17      516     2674      9255469876      9255472550        11921991          0        500          0          0
   4       17      517     2130      9255472566      9255474696        11924681          0        500          0          0
   4       17      516     2133      9255474712      9255476845        11926827          0        500          0          0
   4       17      516     1592      9255476859      9255478451        11928974          0        500          0          0
   4       17      511     4673      9255478468      9255483141        11930583          0        500          0          0
   4       17      511     1637      9255483164      9255484801        11935279          0        500          0          0
   4       17     1057     3233      9255484846      9255488079        11936961          0        500          0          0
   4       17      511     2736      9255488098      9255490834        11940212          0        500          0          0
   4       17      516     4959      9255490860      9255495819        11942974          0        500          0          0
   4       17      517     5705      9255495844      9255501549        11947959          0        500          0          0
   4       17      517     1159      9255501567      9255502725        11953682          0        500          0          0
   4       17      516     1589      9255502738      9255504327        11954853          0        500          0          0
   4       17      511     2123      9255504341      9255506465        11956456          0        500          0          0
   4       17      518     3546      9255506530      9255510075        11958644          0        500          0          0
   4       17      511     2284      9255510101      9255512385        11962216          0        500          0          0
   4       17      511     2607      9255512407      9255515014        11964522          0        500          0          0
   4       17      511     1518      9255515033      9255516551        11967148          0        500          0          0
   4       17     2358     4649      9255516566      9255521215        11968681          0        500          0          0
   4       17      511     1078      9255521240      9255522318        11973355          0        500          0          0
   4       17      511     2948      9255522337      9255525284        11974452          0        500          0          0
   4       17      511     2441      9255525306      9255527747        11977421          0        500          0          0
   4       17      518     2369      9255527772      9255530140        11979887          0        500          0          0
   4       17     2281     4382      9255530166      9255534548        11982281          0        500          0          0
   4       17      516     3021      9255534572      9255537592        11986686          0        500          0          0
   4       17     2171     4357      9255537624      9255541981        11989739          0        500          0          0
   4       17      511     2003      9255542020      9255544023        11994135          0        500          0          0
   4       17      511     2082      9255544045      9255546126        11996160          0        500          0          0
   4       17      511     1275      9255546144      9255547420        11998259          0        500          0          0
   4       17     2306     3166      9255547439      9255550605        11999553          0        500          0          0
   4       17      519     2789      9255550636      9255553425        12002751          0        500          0          0
   4       17      511     2507      9255553452      9255555959        12005567          0        500          0          0
   4       17     2465     4956      9255555991      9255560946        12008106          0        500          0          0
   4       17      521     2216      9255560985      9255563201        12013100          0        500          0          0
   4       17      511     1616      9255563220      9255564837        12015335          0        500          0          0
   4       17      517     2699      9255564877      9255567576        12016992          0        500          0          0
   4       17      517     2154      9255567591      9255569744        12019706          0        500          0          0
   4       17     1365     2754      9255569761      9255572515        12021876          0        500          0          0
   4       17     1653     3288      9255572659      9255575947        12024774          0        500          0          0
   4       17      517     1594      9255575966      9255577559        12028081          0        500          0          0
   4       17      517     2130      9255577574      9255579705        12029689          0        500          0          0
   4       17      517     2128      9255579722      9255581850        12031837          0        500          0          0
   4       17      516     2132      9255581866      9255583998        12033981          0        500          0          0
   4       17      511     1589      9255584021      9255585610        12036136          0        500          0          0
   4       17      517     2135      9255585628      9255587763        12037743          0        500          0          0
   4       17     2127     3212      9255587780      9255590992        12039895          0        500          0          0
   4       17      511     2132      9255591016      9255593149        12043131          0        500          0          0
   4       17      511     2151      9255593213      9255595364        12045327          0        500          0          0
   4       17      511     2133      9255595382      9255597516        12047497          0        500          0          0
   4       17      517     1598      9255597534      9255599132        12049649          0        500          0          0
   4       17      511     1862      9255599146      9255601009        12051261          0        500          0          0
   4       17     1855     3481      9255601025      9255604507        12053140          0        500          0          0
   4       17      517     2128      9255604526      9255606654        12056640          0        500          0          0
   4       17      517     2170      9255606673      9255608843        12058788          0        500          0          0
   4       17      517     2175      9255608860      9255611035        12060975          0        500          0          0
   4       17      511     2132      9255611054      9255613186        12063169          0        500          0          0
   4       17      511     1073      9255613203      9255614276        12065318          0        500          0          0
   4       17      511     1578      9255614292      9255615870        12066407          0        500          0          0
   4       17      518     2133      9255615886      9255618019        12068000          0        500          0          0
   4       17      511     2127      9255618035      9255620162        12070150          0        500          0          0
   4       17      511     2125      9255620176      9255622301        12072290          0        500          0          0
   4       17      511     3792      9255622316      9255626108        12074431          0        500          0          0
   4       17      511     1615      9255626130      9255627745        12078245          0        500          0          0
   4       17      516     1245      9255627763      9255629008        12079878          0        500          0          0
   4       17     1055     1944      9255629023      9255630967        12081138          0        500          0          0
   4       17      516     2133      9255630986      9255633119        12083100          0        500          0          0
   4       17      511     2126      9255633134      9255635260        12085249          0        500          0          0
   4       17      511     1586      9255635276      9255636863        12087391          0        500          0          0
   4       17      517     2137      9255636876      9255639013        12088991          0        500          0          0
   4       17      511     2053      9255639027      9255641081        12091142          0        500          0          0
   4       17      511     1665      9255641095      9255642760        12093210          0        500          0          0
   4       17      517     2125      9255642775      9255644900        12094890          0        500          0          0
   4       17      517     2138      9255644914      9255647052        12097028          0        500          0          0
   4       17      511     1588      9255647069      9255648657        12099183          0        500          0          0
   4       17      517     2130      9255648671      9255650801        12100786          0        500          0          0
   4       17     1949     2683      9255650817      9255653500        12102932          0        500          0          0
   4       17      518     2124      9255653517      9255655641        12105632          0        500          0          0
   4       17      517     1595      9255655657      9255657252        12107772          0        500          0          0
   4       17      511     2127      9255657267      9255659394        12109382          0        500          0          0
   4       17      511     2133      9255659412      9255661545        12111527          0        500          0          0
   4       17      518     1945      9255661605      9255663550        12113720          0        500          0          0
   4       17     1819     3468      9255663568      9255667036        12115683          0        500          0          0
   4       17     1608     3229      9255667054      9255670283        12119169          0        500          0          0
   4       17      511     2124      9255670300      9255672424        12122415          0        500          0          0
   4       17      511     2121      9255672438      9255674559        12124553          0        500          0          0
   4       17      517     1594      9255674575      9255676169        12126690          0        500          0          0
   4       17      511     1589      9255676183      9255677772        12128298          0        500          0          0
   4       17      517     2170      9255677787      9255679956        12129902          0        500          0          0
   4       17      517     1593      9255679970      9255681563        12132085          0        500          0          0
   4       17      517     2184      9255681578      9255683762        12133693          0        500          0          0
   4       17      517     2138      9255683777      9255685915        12135892          0        500          0          0
   4       17      516     2135      9255685936      9255688071        12138051          0        500          0          0
   4       17      511     1594      9255688089      9255689683        12140204          0        500          0          0
   4       17      516     2128      9255689700      9255691828        12141815          0        500          0          0
   4       17      516     2128      9255691843      9255693971        12143958          0        500          0          0
   4       17      516     2134      9255693989      9255696123        12146104          0        500          0          0
   4       17      511     1586      9255696139      9255697725        12148254          0        500          0          0
   4       17     1520     2082      9255697741      9255699822        12149856          0        500          0          0
   4       17      517     2233      9255699838      9255702070        12151953          0        500          0          0
   4       17      511     1601      9255702088      9255703688        12154202          0        500          0          0
   4       17      516     1594      9255703703      9255705297        12155818          0        500          0          0
   4       17      511     2146      9255705313      9255707459        12157428          0        500          0          0
   4       17      511     3195      9255707474      9255710669        12159589          0        500          0          0
   4       17      516     2124      9255710685      9255712809        12162800          0        500          0          0
   4       17      517     2129      9255712822      9255714951        12164937          0        500          0          0
   4       17      516     2132      9255714966      9255717098        12167081          0        500          0          0
   4       17      511     2130      9255717112      9255719242        12169226          0        500          0          0
   4       17      511     1818      9255719258      9255721076        12171373          0        500          0          0
   4       17      511     1893      9255721091      9255722984        12173206          0        500          0          0
   4       17      511     2129      9255723005      9255725134        12175120          0        500          0          0
   4       17      511     2127      9255725147      9255727274        12177262          0        500          0          0
   4       17      511     2661      9255727293      9255729954        12179407          0        500          0          0
   4       17      517     2115      9255729970      9255732085        12182085          0        500          0          0
   4       17      511     1595      9255732139      9255733734        12184254          0        500          0          0
   4       17      517     2160      9255733749      9255735909        12185863          0        500          0          0
   4       17      515     1603      9255735952      9255737555        12188067          0        500          0          0
   4       17      517     1593      9255737569      9255739161        12189683          0        500          0          0
   4       17      511     2124      9255739177      9255741301        12191292          0        500          0          0
   4       17      511     3193      9255741316      9255744509        12193431          0        500          0          0
   4       17      516     2126      9255744525      9255746651        12196639          0        500          0          0
   4       17      516     1079      9255746665      9255747744        12198779          0        500          0          0
   4       17      517     1606      9255747759      9255749365        12199874          0        500          0          0
   4       17      511     2124      9255749380      9255751504        12201495          0        500          0          0
   4       17      519     2134      9255751526      9255753661        12203641          0        500          0          0
   4       17      518     2163      9255753675      9255755839        12205790          0        500          0          0
   4       17     2158     3776      9255755883      9255759659        12207997          0        500          0          0
   4       17      516     2128      9255759681      9255761809        12211796          0        500          0          0
   4       17      517     1596      9255761829      9255763425        12213944          0        500          0          0
   4       17      511     2102      9255763441      9255765543        12215556          0        500          0          0
   4       17      517     1630      9255765559      9255767189        12217673          0        500          0          0
   4       17      511     1612      9255767203      9255768815        12219318          0        500          0          0
   4       17      517     1593      9255768831      9255770424        12220946          0        500          0          0
   4       17      511     3196      9255770439      9255773634        12222553          0        500          0          0
   4       17      517     2125      9255773652      9255775777        12225766          0        500          0          0
   4       17      516     2140      9255775792      9255777932        12227907          0        500          0          0
   4       17      517     1590      9255777950      9255779539        12230064          0        500          0          0
   4       17      516     2126      9255779554      9255781680        12231669          0        500          0          0
   4       17      517     2123      9255781696      9255783820        12233811          0        500          0          0
   4       17      516     2129      9255783833      9255785963        12235948          0        500          0          0
   4       17      518     1598      9255785982      9255787579        12238096          0        500          0          0
   4       17      516     2127      9255787595      9255789722        12239709          0        500          0          0
   4       17     2126     3209      9255789739      9255792949        12241854          0        500          0          0
   4       17      516     2137      9255792966      9255795103        12245081          0        500          0          0
   4       17      511     2667      9255795123      9255797790        12247238          0        500          0          0
   4       17      519     2133      9255797808      9255799941        12249923          0        500          0          0
   4       17      517     1597      9255799959      9255801556        12252074          0        500          0          0
   4       17      518     1934      9255801608      9255803542        12253723          0        500          0          0
   4       17      516     1451      9255803558      9255805009        12255673          0        500          0          0
   4       17     1964     3584      9255805023      9255808607        12257137          0        500          0          0
   4       17      517     2131      9255808624      9255810755        12260739          0        500          0          0
   4       17      517     2126      9255810770      9255812895        12262884          0        500          0          0
   4       17      517     1591      9255812912      9255814504        12265027          0        500          0          0
   4       17      517     2027      9255814519      9255816546        12266634          0        500          0          0
   4       17      517     1599      9255816564      9255818163        12268679          0        500          0          0
   4       17      511     1612      9255818179      9255819791        12270293          0        500          0          0
   4       17     1059     2309      9255819809      9255822118        12271924          0        500          0          0
   4       17     2151     3178      9255822137      9255825315        12274251          0        500          0          0
   4       17      511     1816      9255825339      9255827155        12277454          0        500          0          0
   4       17      511     2148      9255827179      9255829327        12279293          0        500          0          0
   4       17      511     2142      9255829360      9255831502        12281475          0        500          0          0
   4       17      517     1614      9255831518      9255833132        12283633          0        500          0          0
   4       17      511     5833      9255833185      9255839018        12285300          0        500          0          0
   4       17      511     2684      9255839041      9255841724        12291155          0        500          0          0
   4       17      516     3188      9255841737      9255844925        12293852          0        500          0          0
   4       17      516     2126      9255844939      9255847065        12297053          0        500          0          0
   4       17      511     2123      9255847078      9255849201        12299193          0        500          0          0
   4       17      511     1584      9255849215      9255850799        12301330          0        500          0          0
   4       17      517     6302      9255850813      9255857115        12302927          0        500          0          0
   4       17      511     2720      9255857142      9255859862        12309256          0        500          0          0
   4       17      517     1603      9255859884      9255861487        12311998          0        500          0          0
   4       17      518     2140      9255861510      9255863650        12313624          0        500          0          0
   4       17      516     1603      9255863666      9255865269        12315781          0        500          0          0
   4       17      511     2130      9255865286      9255867416        12317401          0        500          0          0
   4       17      511     3636      9255867432      9255871069        12319547          0        500          0          0
   4       17      511     1610      9255871103      9255872712        12323217          0        500          0          0
   4       17      516     1607      9255872728      9255874335        12324843          0        500          0          0
   4       17      511     3231      9255874353      9255877584        12326468          0        500          0          0
   4       17      517     3021      9255877600      9255880620        12329714          0        500          0          0
   4       17      517     4946      9255880646      9255885592        12332761          0        500          0          0
   4       17      520     2190      9255885671      9255887861        12337786          0        500          0          0
   4       17      511     2139      9255888442      9255890581        12340557          0        500          0          0
   4       17      516     2142      9255890598      9255892740        12342713          0        500          0          0
   4       17      516     1598      9255892759      9255894357        12344874          0        500          0          0
   4       17      511     2141      9255894375      9255896516        12346490          0        500          0          0
   4       17      516     2845      9255896534      9255899379        12348649          0        500          0          0
   4       17      511     2184      9255899401      9255901584        12351516          0        500          0          0
   4       17      518     3067      9255901607      9255904674        12353722          0        500          0          0
   4       17     2398     4034      9255904695      9255908729        12356810          0        500          0          0
   4       17      518     1110      9255908757      9255909867        12360872          0        500          0          0
   4       17     2705     7136      9255909886      9255917022        12362001          0        500          0          0
   4       17      511     1981      9255917056      9255919037        12369171          0        500          0          0
   4       17      511     1658      9255919063      9255920722        12371178          0        500          0          0
   4       17      520     2232      9255920756      9255922989        12372871          0        500          0          0
   4       17      511     2007      9255923022      9255925029        12375136          0        500          0          0
   4       17     1063     2684      9255925049      9255927733        12377164          0        500          0          0
   4       17      516     3005      9255927754      9255930759        12379869          0        500          0          0
   4       17      518     2892      9255930785      9255933677        12382900          0        500          0          0
   4       17     2288     3820      9255933706      9255937526        12385821          0        500          0          0
   4       17      516     1198      9255937551      9255938749        12389666          0        500          0          0
   4       17      515     2134      9255938767      9255940901        12390882          0        500          0          0
   4       17      517     2131      9255940920      9255943051        12393034          0        500          0          0
   4       17      511     2135      9255943068      9255945204        12395183          0        500          0          0
   4       17      511     2134      9255945224      9255947358        12397339          0        500          0          0
   4       17      511     2128      9255947376      9255949504        12399491          0        500          0          0
   4       17     2052     2677      9255949522      9255952199        12401637          0        500          0          0
   4       17     1654     3280      9255952219      9255955498        12404334          0        500          0          0
   4       17      517     2142      9255955522      9255957663        12407636          0        500          0          0
   4       17      516     2681      9255957681      9255960362        12409795          0        500          0          0
   4       17      511     2136      9255960382      9255962518        12412496          0        500          0          0
   4       17      518     1603      9255962538      9255964141        12414653          0        500          0          0
   4       17      511     1595      9255964160      9255965755        12416274          0        500          0          0
   4       17      518     2142      9255965774      9255967916        12417888          0        500          0          0
   4       17      517     2140      9255967972      9255970113        12420087          0        500          0          0
   4       17      511     2126      9255970129      9255972255        12422243          0        500          0          0
   4       17      511     2132      9255972273      9255974406        12424388          0        500          0          0
   4       17      511     2128      9255974423      9255976552        12426538          0        500          0          0
   4       17      517     2131      9255976568      9255978698        12428683          0        500          0          0
   4       17      516     2124      9255978715      9255980839        12430829          0        500          0          0
   4       17      516     2134      9255980854      9255982988        12432969          0        500          0          0
   4       17      511     2128      9255983009      9255985138        12435124          0        500          0          0
   4       17      511     1854      9255985158      9255987011        12437272          0        500          0          0
   4       17     1959     3587      9255987029      9255990616        12439144          0        500          0          0
   4       17      517     2134      9255990638      9255992772        12442753          0        500          0          0
   4       17      516     2170      9255992790      9255994960        12444905          0        500          0          0
   4       17      511     2689      9255995015      9255997705        12447130          0        500          0          0
   4       17      517     2136      9255997725      9255999861        12449840          0        500          0          0
   4       17      516     2673      9255999879      9256002552        12451994          0        500          0          0
   4       17      516     2129      9256002569      9256004698        12454683          0        500          0          0
   4       17      516     2129      9256004715      9256006844        12456830          0        500          0          0
   4       17      516     1591      9256006862      9256008453        12458977          0        500          0          0
   4       17      511     2131      9256008472      9256010603        12460587          0        500          0          0
   4       17      516     1591      9256010620      9256012211        12462735          0        500          0          0
   4       17      511     2128      9256012227      9256014356        12464342          0        500          0          0
   4       17      511     1589      9256014371      9256015960        12466486          0        500          0          0
   4       17      517     2675      9256015977      9256018652        12468091          0        500          0          0
   4       17      517     1593      9256018669      9256020262        12470784          0        500          0          0
   4       17      511     2128      9256020279      9256022407        12472393          0        500          0          0
   4       17      511     2132      9256022424      9256024556        12474538          0        500          0          0
   4       17      516     2127      9256024573      9256026700        12476688          0        500          0          0
   4       17      517     1293      9256026716      9256028009        12478830          0        500          0          0
   4       17     1496     3021      9256028026      9256031047        12480140          0        500          0          0
   4       17     1618     2146      9256031065      9256033212        12483180          0        500          0          0
   4       17      511     1615      9256033230      9256034845        12485344          0        500          0          0
   4       17      516     2159      9256034860      9256037019        12486975          0        500          0          0
   4       17      511     1589      9256037035      9256038625        12489150          0        500          0          0
   4       17      517     2185      9256038682      9256040867        12490796          0        500          0          0
   4       17      519     2157      9256040889      9256043046        12493004          0        500          0          0
   4       17      511     2659      9256043060      9256045719        12495175          0        500          0          0
   4       17      516     1589      9256045734      9256047323        12497849          0        500          0          0
   4       17      511     2124      9256047338      9256049462        12499453          0        500          0          0
   4       17      511     1532      9256049477      9256051009        12501592          0        500          0          0
   4       17      511     1600      9256051023      9256052624        12503138          0        500          0          0
   4       17     1053     2219      9256052640      9256054859        12504755          0        500          0          0
   4       17     1056     2149      9256054874      9256057023        12506989          0        500          0          0
   4       17      511     1598      9256057041      9256058639        12509155          0        500          0          0
   4       17      516     2184      9256058655      9256060838        12510770          0        500          0          0
   4       17      516     2184      9256060880      9256063065        12512995          0        500          0          0
   4       17      511     1617      9256063087      9256064704        12515201          0        500          0          0
   4       17     1643     3285      9256064726      9256068011        12516841          0        500          0          0
   4       17      511     2703      9256068030      9256070732        12520144          0        500          0          0
   4       17      516     2260      9256070748      9256073008        12522863          0        500          0          0
   4       17      511     2531      9256073022      9256075553        12525137          0        500          0          0
   4       17      517     2126      9256075568      9256077694        12527683          0        500          0          0
   4       17      516     2661      9256077708      9256080369        12529823          0        500          0          0
   4       17      511     2125      9256080385      9256082510        12532499          0        500          0          0
   4       17      516     2127      9256082525      9256084651        12534640          0        500          0          0
   4       17      516     2130      9256084669      9256086800        12536784          0        500          0          0
   4       17      516     1192      9256086817      9256088008        12538931          0        500          0          0
   4       17      511     1996      9256088024      9256090020        12540139          0        500          0          0
   4       17      511     2128      9256090035      9256092163        12542150          0        500          0          0
   4       17      511     2130      9256092179      9256094309        12544294          0        500          0          0
   4       17      511     3197      9256094324      9256097520        12546439          0        500          0          0
   4       17      516     2164      9256097538      9256099701        12549653          0        500          0          0
   4       17      516     2185      9256099717      9256101902        12551832          0        500          0          0
   4       17      516     2153      9256101920      9256104073        12554035          0        500          0          0
   4       17      511     1990      9256104089      9256106079        12556204          0        500          0          0
   4       17      511     2262      9256106094      9256108356        12558209          0        500          0          0
   4       17      511     2126      9256108370      9256110496        12560485          0        500          0          0
   4       17      517     2150      9256110542      9256112693        12562657          0        500          0          0
   4       17      516     2156      9256112726      9256114882        12564841          0        500          0          0
   4       17      516     1622      9256114925      9256116547        12567039          0        500          0          0
   4       17      517     1607      9256116565      9256118172        12568680          0        500          0          0
   4       17      511     2138      9256118191      9256120329        12570306          0        500          0          0
   4       17      511     2129      9256120347      9256122476        12572462          0        500          0          0
   4       17      516     1594      9256122493      9256124087        12574607          0        500          0          0
   4       17      511     2125      9256124102      9256126227        12576217          0        500          0          0
   4       17      511     3755      9256126243      9256129998        12578358          0        500          0          0
   4       17      511     2161      9256130019      9256132181        12582134          0        500          0          0
   4       17      511     1887      9256132200      9256134088        12584315          0        500          0          0
   4       17      511     1841      9256134104      9256135945        12586218          0        500          0          0
   4       17      517     2179      9256135962      9256138141        12588077          0        500          0          0
   4       17      511     1597      9256138162      9256139759        12590277          0        500          0          0
   4       17      517     2734      9256139776      9256142511        12591891          0        500          0          0
   4       17      516     2135      9256142530      9256144665        12594645          0        500          0          0
   4       17      516     2704      9256144684      9256147387        12596799          0        500          0          0
   4       17      511     2149      9256147404      9256149554        12599519          0        500          0          0
   4       17      516     2124      9256149569      9256151693        12601684          0        500          0          0
   4       17      516     1082      9256151707      9256152790        12603822          0        500          0          0
   4       17      516     2686      9256152805      9256155491        12604920          0        500          0          0
   4       17      517     1596      9256155507      9256157103        12607622          0        500          0          0
   4       17      511     2130      9256157119      9256159249        12609234          0        500          0          0
   4       17      511     1591      9256159265      9256160856        12611380          0        500          0          0
   4       17     2137     2704      9256160872      9256163576        12612987          0        500          0          0
   4       17      517     2146      9256163594      9256165739        12615708          0        500          0          0
   4       17      516     2162      9256165779      9256167941        12617894          0        500          0          0
   4       17      517     2030      9256167979      9256170009        12620094          0        500          0          0
   4       17      511     1700      9256170027      9256171726        12622142          0        500          0          0
   4       17      517     2135      9256171743      9256173878        12623858          0        500          0          0
   4       17     2128     3345      9256173895      9256177239        12626009          0        500          0          0
   4       17      511     1997      9256177253      9256179250        12629368          0        500          0          0
   4       17      511     2133      9256179267      9256181401        12631382          0        500          0          0
   4       17      511     2089      9256181453      9256183542        12633568          0        500          0          0
   4       17      517     1101      9256183558      9256184660        12635673          0        500          0          0
   4       17      516     2163      9256184676      9256186839        12636791          0        500          0          0
   4       17      516     2156      9256186878      9256189034        12638993          0        500          0          0
   4       17      511     2131      9256189050      9256191181        12641165          0        500          0          0
   4       17      511     2124      9256191197      9256193321        12643312          0        500          0          0
   4       17      511     2136      9256193337      9256195474        12645452          0        500          0          0
   4       17      516     2131      9256195491      9256197622        12647606          0        500          0          0
   4       17      518     2139      9256197639      9256199778        12649754          0        500          0          0
   4       17      519     5216      9256199798      9256205014        12651913          0        500          0          0
   4       17      511     2217      9256205038      9256207255        12657153          0        500          0          0
   4       17      511     2150      9256207270      9256209419        12659385          0        500          0          0
   4       17      511     3792      9256209435      9256213227        12661549          0        500          0          0
   4       17      511     5397      9256213243      9256218640        12665358          0        500          0          0
   4       17      516     1591      9256218658      9256220248        12670772          0        500          0          0
   4       17      511     1598      9256220266      9256221863        12672380          0        500          0          0
   4       17      516     2144      9256221880      9256224024        12673995          0        500          0          0
   4       17      511     3736      9256224041      9256227777        12676156          0        500          0          0
   4       17      517     5922      9256227798      9256233720        12679913          0        500          0          0
   4       17      516     1086      9256233747      9256234833        12685862          0        500          0          0
   4       17      516     2706      9256234852      9256237558        12686967          0        500          0          0
   4       17      517     2135      9256237574      9256239710        12689689          0        500          0          0
   4       17      517     2133      9256239725      9256241858        12691840          0        500          0          0
   4       17      516     1598      9256241875      9256243473        12693990          0        500          0          0
   4       17      517     2506      9256243491      9256245997        12695605          0        500          0          0
   4       17      511     5300      9256246258      9256251558        12698372          0        500          0          0
   4       17      518     2151      9256251577      9256253728        12703692          0        500          0          0
   4       17      516     3206      9256253745      9256256951        12705860          0        500          0          0
   4       17      516     1603      9256256966      9256258569        12709081          0        500          0          0
   4       17      516     3497      9256258587      9256262083        12710702          0        500          0          0
   4       17      511     2214      9256262110      9256264324        12714225          0        500          0          0
   4       17      511     1677      9256264346      9256266023        12716461          0        500          0          0
   4       17      511     2971      9256266040      9256269011        12718155          0        500          0          0
   4       17     4907     5473      9256269113      9256274585        12721227          0        500          0          0
   4       17      516     2163      9256274601      9256276764        12726716          0        500          0          0
   4       17      517     1621      9256276782      9256278403        12728896          0        500          0          0
   4       17      511     2347      9256278420      9256280767        12730535          0        500          0          0
   4       17      516     2669      9256280814      9256283483        12732929          0        500          0          0
   4       17      517     2145      9256283502      9256285647        12735617          0        500          0          0
   4       17      520     2873      9256285685      9256288558        12737799          0        500          0          0
   4       17     3391     3967      9256288581      9256292547        12740695          0        500          0          0
   4       17      521     2139      9256292575      9256294714        12744690          0        500          0          0
   4       17      547     2772      9256294742      9256297514        12746857          0        500          0          0
   4       17      521     2763      9256297543      9256300306        12749658          0        500          0          0
   4       17      511     2275      9256300323      9256302598        12752438          0        500          0          0
   4       17     1045     2584      9256302619      9256305203        12754734          0        500          0          0
   4       17     2613     5091      9256305232      9256310323        12757347          0        500          0          0
   4       17      511     2595      9256310356      9256312951        12762471          0        500          0          0
   4       17      519     1455      9256312978      9256314433        12765092          0        500          0          0
   4       17      511     2018      9256314457      9256316476        12766572          0        500          0          0
   4       17     1605     2697      9256316500      9256319197        12768614          0        500          0          0
   4       17      511     2729      9256319224      9256321953        12771339          0        500          0          0
   4       17      516     2683      9256321974      9256324658        12774089          0        500          0          0
   4       17     3226     4923      9256324684      9256329608        12776799          0        500          0          0
   4       17      519     5053      9256329635      9256334688        12781750          0        500          0          0
   4       17      517     3121      9256334714      9256337835        12786829          0        500          0          0
   4       17      543     2754      9256337865      9256340619        12789980          0        500          0          0
   4       17      518     1929      9256340642      9256342571        12792757          0        500          0          0
   4       17      517     2081      9256342585      9256344666        12794700          0        500          0          0
   4       17      518     1587      9256344686      9256346273        12796801          0        500          0          0
   4       17      511     2303      9256346292      9256348595        12798407          0        500          0          0
   4       17      517     2741      9256348616      9256351357        12800730          0        500          0          0
   4       17      511     2645      9256351389      9256354034        12803503          0        500          0          0
   4       17      511     2749      9256354061      9256356810        12806175          0        500          0          0
   4       17     2738     3314      9256356838      9256360151        12808953          0        500          0          0
   4       17      511     2233      9256360177      9256362410        12812291          0        500          0          0
   4       17     3355     5014      9256362494      9256367507        12814609          0        500          0          0
   4       17      543     5053      9256367540      9256372593        12819655          0        500          0          0
   4       17      520     2334      9256372626      9256374960        12824741          0        500          0          0
   4       17      520     2284      9256374978      9256377262        12827093          0        500          0          0
   4       17      511     1494      9256377285      9256378780        12829400          0        500          0          0
   4       17      520     2174      9256378804      9256380978        12830919          0        500          0          0
   4       17      521     2679      9256381502      9256384182        12833617          0        500          0          0
   4       17      511     2767      9256384199      9256386966        12836314          0        500          0          0
   4       17      519     2736      9256386987      9256389723        12839102          0        500          0          0
   4       17     2485     3929      9256389744      9256393673        12841858          0        500          0          0
   4       17      518     2744      9256393697      9256396441        12845812          0        500          0          0
   4       17      511     1924      9256396466      9256398390        12848581          0        500          0          0
   4       17      511     2165      9256398420      9256400585        12850534          0        500          0          0
   4       17      517     2728      9256400604      9256403333        12852719          0        500          0          0
   4       17     2208     3886      9256403354      9256407241        12855469          0        500          0          0
   4       17      511     3397      9256407262      9256410659        12859377          0        500          0          0
   4       17      543     4327      9256410688      9256415015        12862803          0        500          0          0
   4       17      511     1566      9256415040      9256416606        12867154          0        500          0          0
   4       17      546     2647      9256416631      9256419278        12868745          0        500          0          0
   4       17      511     1791      9256419304      9256421095        12871419          0        500          0          0
   4       17      511     2572      9256421113      9256423686        12873228          0        500          0          0
   4       17      516     2213      9256423736      9256425950        12875851          0        500          0          0
   4       17      516     2738      9256425975      9256428713        12878090          0        500          0          0
   4       17     3834     5792      9256428746      9256434538        12880861          0        500          0          0
   4       17      520     2096      9256434561      9256436657        12886676          0        500          0          0
   4       17      516     2967      9256436695      9256439661        12888810          0        500          0          0
   4       17      517     2163      9256439684      9256441847        12891799          0        500          0          0
   4       17      517     1632      9256441870      9256443502        12893985          0        500          0          0
   4       17      517     2661      9256443519      9256446180        12895633          0        500          0          0
   4       17      511     2652      9256446202      9256448854        12898317          0        500          0          0
   4       17      517     2714      9256448872      9256451586        12900987          0        500          0          0
   4       17      522     2200      9256451619      9256453820        12903734          0        500          0          0
   4       17     3308     4979      9256454398      9256459377        12906513          0        500          0          0
   4       17      511     2590      9256459445      9256462035        12911560          0        500          0          0
   4       17      511     2311      9256462069      9256464380        12914184          0        500          0          0
   4       17      511     2183      9256464406      9256466588        12916520          0        500          0          0
   4       17      516     2740      9256466627      9256469367        12918742          0        500          0          0
   4       17      511     2182      9256469385      9256471567        12921500          0        500          0          0
   4       17      517     2429      9256471584      9256474013        12923699          0        500          0          0
   4       17     2371     4497      9256474030      9256478527        12926145          0        500          0          0
   4       17      518     2129      9256478552      9256480680        12930666          0        500          0          0
   4       17      517     2328      9256480732      9256483060        12932847          0        500          0          0
   4       17      511     2834      9256483080      9256485914        12935195          0        500          0          0
   4       17      537     2148      9256485939      9256488086        12938054          0        500          0          0
   4       17      511     2070      9256488108      9256490178        12940223          0        500          0          0
   4       17     5154     6426      9256490740      9256497165        12942854          0        500          0          0
   4       17      511     2760      9256497196      9256499957        12949311          0        500          0          0
   4       17      521     2568      9256499980      9256502549        12952095          0        500          0          0
   4       17     1925     2492      9256502573      9256505065        12954688          0        500          0          0
   4       17      511     1581      9256505084      9256506665        12957199          0        500          0          0
   4       17      519     2835      9256506689      9256509524        12958804          0        500          0          0
   4       17      517     2680      9256509543      9256512224        12961658          0        500          0          0
   4       17      511     2200      9256512242      9256514442        12964356          0        500          0          0
   4       17      511     2480      9256514460      9256516940        12966575          0        500          0          0
   4       17     3510     4377      9256516965      9256521342        12969079          0        500          0          0
   4       17     1121     4210      9256521371      9256525581        12973486          0        500          0          0
   4       17      518     2214      9256525605      9256527819        12977720          0        500          0          0
   4       17      519     1912      9256527844      9256529756        12979959          0        500          0          0
   4       17      517     2304      9256529780      9256532084        12981895          0        500          0          0
   4       17      511     2199      9256532107      9256534306        12984222          0        500          0          0
   4       17      511     2613      9256534319      9256536932        12986434          0        500          0          0
   4       17      517     2568      9256536962      9256539530        12989077          0        500          0          0
   4       17     4890     5484      9256539546      9256545029        12991661          0        500          0          0
   4       17      511     1859      9256545055      9256546914        12997170          0        500          0          0
   4       17      518     1804      9256546938      9256548743        12999053          0        500          0          0
   4       17      516     2653      9256548760      9256551413        13000874          0        500          0          0
   4       17     2594     3888      9256551469      9256555358        13003584          0        500          0          0
   4       17      511     1517      9256555390      9256556907        13007505          0        500          0          0
   4       17      519     2754      9256556928      9256559682        13009042          0        500          0          0
   4       17      517     2774      9256559707      9256562481        13011822          0        500          0          0
   4       17      517     2769      9256562508      9256565276        13014623          0        500          0          0
   4       17      511     2707      9256565304      9256568011        13017418          0        500          0          0
   4       17     1494     2637      9256568029      9256570666        13020144          0        500          0          0
   4       17      517     2123      9256570686      9256572808        13022800          0        500          0          0
   4       17      518     2564      9256572829      9256575393        13024944          0        500          0          0
   4       17      511     2601      9256575414      9256578015        13027529          0        500          0          0
   4       17      511     2436      9256578032      9256580467        13030146          0        500          0          0
   4       17     3159     4806      9256580495      9256585301        13032610          0        500          0          0
   4       17      511     2734      9256585338      9256588073        13037453          0        500          0          0
   4       17      511     1077      9256588100      9256589178        13040215          0        500          0          0
   4       17      511     2843      9256589194      9256592037        13041309          0        500          0          0
   4       17      511     2657      9256592065      9256594722        13044180          0        500          0          0
   4       17      520     2732      9256594786      9256597518        13046901          0        500          0          0
   4       17     2546     4923      9256597548      9256602471        13049663          0        500          0          0
   4       17      516     2609      9256602492      9256605100        13054607          0        500          0          0
   4       17      511     1536      9256605124      9256606659        13057238          0        500          0          0
   4       17      521     2362      9256606691      9256609054        13058806          0        500          0          0
   4       17      511     2627      9256609080      9256611707        13061195          0        500          0          0
   4       17      519     2668      9256611732      9256614401        13063847          0        500          0          0
   4       17      511     2555      9256614426      9256616981        13066541          0        500          0          0
   4       17      511     2777      9256617009      9256619786        13069124          0        500          0          0
   4       17     3570     4199      9256619809      9256624008        13071924          0        500          0          0
   4       17      511     1642      9256624042      9256625684        13076157          0        500          0          0
   4       17      520     2748      9256625710      9256628458        13077825          0        500          0          0
   4       17      511     2910      9256628480      9256631390        13080595          0        500          0          0
   4       17      511     2209      9256631415      9256633624        13083530          0        500          0          0
   4       17      521     2762      9256633654      9256636416        13085768          0        500          0          0
   4       17      511     2578      9256636436      9256639015        13088551          0        500          0          0
   4       17      511     2658      9256639036      9256641694        13091150          0        500          0          0
   4       17      517     2743      9256641744      9256644487        13093859          0        500          0          0
   4       17      518     2628      9256644507      9256647135        13096622          0        500          0          0
   4       17      511     2613      9256647156      9256649769        13099271          0        500          0          0
   4       17      522     2790      9256649794      9256652584        13101909          0        500          0          0
   4       17     2117     5826      9256652609      9256658436        13104724          0        500          0          0
   4       17      511     1084      9256658460      9256659544        13110575          0        500          0          0
   4       17      521     2167      9256659572      9256661740        13111687          0        500          0          0
   4       17      551     2242      9256661772      9256664015        13113887          0        500          0          0
   4       17      511     2687      9256664038      9256666725        13116153          0        500          0          0
   4       17      519     2531      9256666748      9256669279        13118863          0        500          0          0
   4       17      511     2854      9256669309      9256672163        13121424          0        500          0          0
   4       17      511     4156      9256672183      9256676339        13124298          0        500          0          0
   4       17      511     2582      9256676363      9256678945        13128478          0        500          0          0
   4       17      518     1124      9256678969      9256680093        13131084          0        500          0          0
   4       17      511     3180      9256680109      9256683289        13132224          0        500          0          0
   4       17      511     2708      9256683307      9256686015        13135422          0        500          0          0
   4       17      511     2140      9256686039      9256688179        13138154          0        500          0          0
   4       17      511     1956      9256688204      9256690161        13140319          0        500          0          0
   4       17      511     4808      9256690190      9256694998        13142305          0        500          0          0
   4       17      511     2163      9256695029      9256697193        13147144          0        500          0          0
   4       17      511     2698      9256697217      9256699915        13149332          0        500          0          0
   4       17      523     2336      9256699939      9256702275        13152054          0        500          0          0
   4       17      511     2636      9256702297      9256704933        13154411          0        500          0          0
   4       17      516     2599      9256704972      9256707571        13157087          0        500          0          0
   4       17     3528     4517      9256707619      9256712135        13159734          0        500          0          0
   4       17      511     2740      9256712160      9256714900        13164275          0        500          0          0
   4       17      517     2602      9256714954      9256717556        13167068          0        500          0          0
   4       17      521     2171      9256717580      9256719751        13169694          0        500          0          0
   4       17      516     2070      9256719799      9256721869        13171914          0        500          0          0
   4       17      517     2352      9256721890      9256724242        13174005          0        500          0          0
   4       17      511     2489      9256724280      9256726769        13176395          0        500          0          0
   4       17      516     2694      9256726788      9256729481        13178903          0        500          0          0
   4       17     5458     5983      9256729506      9256735489        13181621          0        500          0          0
   4       17      518     2201      9256735542      9256737743        13187656          0        500          0          0
   4       17      518     3601      9256737771      9256741372        13189886          0        500          0          0
   4       17     1519     2286      9256741397      9256743683        13193512          0        500          0          0
   4       17      516     1511      9256743702      9256745213        13195816          0        500          0          0
   4       17      511     2350      9256745238      9256747589        13197353          0        500          0          0
   4       17      517     2795      9256747608      9256750403        13199722          0        500          0          0
   4       17      511     2720      9256750421      9256753140        13202535          0        500          0          0
   4       17      511     1666      9256753164      9256754830        13205279          0        500          0          0
   4       17     2433     3545      9256754854      9256758399        13206969          0        500          0          0
   4       17      511     2238      9256758425      9256760663        13210540          0        500          0          0
   4       17      517     2825      9256760688      9256763514        13212803          0        500          0          0
   4       17      517     2813      9256763539      9256766351        13215653          0        500          0          0
   4       17      511     2184      9256766376      9256768560        13218491          0        500          0          0
   4       17     3561     4724      9256768581      9256773304        13220695          0        500          0          0
   4       17     1077     3188      9256773330      9256776518        13225445          0        500          0          0
   4       17      516     2720      9256776542      9256779262        13228657          0        500          0          0
   4       17      511     2564      9256779287      9256781851        13231402          0        500          0          0
   4       17      520     2515      9256781882      9256784397        13233996          0        500          0          0
   4       17      982     2111      9256784422      9256786534        13236537          0        500          0          0
   4       17      517     1694      9256786559      9256788253        13238674          0        500          0          0
   4       17      516     3211      9256788823      9256792034        13240938          0        500          0          0
   4       17      511     2190      9256792070      9256794260        13244185          0        500          0          0
   4       17      511     4620      9256794280      9256798900        13246395          0        500          0          0
   4       17      518     3148      9256798924      9256802072        13251039          0        500          0          0
   4       17      511     2316      9256802105      9256804420        13254219          0        500          0          0
   4       17      511     2177      9256804443      9256806620        13256558          0        500          0          0
   4       17      516     2349      9256806662      9256809011        13258777          0        500          0          0
   4       17      511     2501      9256809031      9256811531        13261145          0        500          0          0
   4       17      520     2026      9256811562      9256813588        13263677          0        500          0          0
   4       17     2287     3093      9256813605      9256816699        13265720          0        500          0          0
   4       17     2417     5082      9256816718      9256821800        13268833          0        500          0          0
   4       17      543     2144      9256821833      9256823977        13273948          0        500          0          0
   4       17      511     2053      9256824018      9256826071        13276133          0        500          0          0
   4       17      511     2757      9256826098      9256828855        13278213          0        500          0          0
   4       17      521     2393      9256828928      9256831321        13281042          0        500          0          0
   4       17      511     2677      9256831354      9256834031        13283468          0        500          0          0
   4       17      511     3754      9256834057      9256837811        13286172          0        500          0          0
   4       17      624     3168      9256837830      9256840997        13289945          0        500          0          0
   4       17      511     2723      9256841037      9256843760        13293152          0        500          0          0
   4       17      518     2587      9256843779      9256846367        13295894          0        500          0          0
   4       17      511     2030      9256846386      9256848416        13298500          0        500          0          0
   4       17      511     2265      9256848435      9256850700        13300550          0        500          0          0
   4       17      518     2237      9256850715      9256852952        13302830          0        500          0          0
   4       17      520     3090      9256852981      9256856071        13305096          0        500          0          0
   4       17      511     2628      9256856092      9256858721        13308207          0        500          0          0
   4       17     2403     4110      9256858747      9256862857        13310862          0        500          0          0
   4       17      519     1760      9256862886      9256864646        13315001          0        500          0          0
   4       17      519     2900      9256864671      9256867571        13316786          0        500          0          0
   4       17      518     2026      9256867592      9256869617        13319707          0        500          0          0
   4       17      517     2054      9256869635      9256871689        13321750          0        500          0          0
   4       17      511     2275      9256872094      9256874368        13324209          0        500          0          0
   4       17      511     4359      9256874389      9256878748        13326503          0        500          0          0
   4       17      517     3066      9256878767      9256881833        13330881          0        500          0          0
   4       17      543     2619      9256881864      9256884482        13333978          0        500          0          0
   4       17      522     1559      9256884512      9256886071        13336627          0        500          0          0
   4       17      511     2170      9256886099      9256888270        13338214          0        500          0          0
   4       17      511     2790      9256888290      9256891080        13340405          0        500          0          0
   4       17      511     2505      9256891116      9256893621        13343231          0        500          0          0
   4       17      517     2658      9256893643      9256896301        13345758          0        500          0          0
   4       17     3795     4808      9256896338      9256901145        13348452          0        500          0          0
   4       17      511     1641      9256901171      9256902812        13353285          0        500          0          0
   4       17      534     2297      9256902830      9256905127        13354945          0        500          0          0
   4       17      511     2753      9256905150      9256907903        13357265          0        500          0          0
   4       17      516     2617      9256907928      9256910545        13360043          0        500          0          0
   4       17      517     2457      9256910562      9256913019        13362677          0        500          0          0
   4       17     2592     4602      9256913041      9256917643        13365156          0        500          0          0
   4       17      517     1881      9256917666      9256919547        13369781          0        500          0          0
   4       17      517     2449      9256919604      9256922054        13371719          0        500          0          0
   4       17      511     2338      9256922075      9256924414        13374190          0        500          0          0
   4       17      511     2815      9256924439      9256927254        13376554          0        500          0          0
   4       17      511     1731      9256927278      9256929009        13379393          0        500          0          0
   4       17     2794     4500      9256929028      9256933528        13381143          0        500          0          0
   4       17      519     2705      9256933554      9256936259        13385669          0        500          0          0
   4       17      511     2527      9256936280      9256938806        13388394          0        500          0          0
   4       17      520     2066      9256938827      9256940894        13390942          0        500          0          0
   4       17      517     2744      9256940938      9256943681        13393052          0        500          0          0
   4       17      517     2295      9256943720      9256946015        13395835          0        500          0          0
   4       17     2618     4234      9256946037      9256950270        13398152          0        500          0          0
   4       17     2631     3197      9256950304      9256953500        13402418          0        500          0          0
   4       17      517     2167      9256953525      9256955693        13405640          0        500          0          0
   4       17      516     2375      9256955727      9256958103        13407842          0        500          0          0
   4       17      511     2607      9256958128      9256960735        13410243          0        500          0          0
   4       17      517     2785      9256960761      9256963546        13412875          0        500          0          0
   4       17      516     2272      9256963571      9256965842        13415685          0        500          0          0
   4       17     2478     4147      9256965866      9256970013        13417980          0        500          0          0
   4       17      511     2033      9256970038      9256972071        13422153          0        500          0          0
   4       17      511     2026      9256972095      9256974121        13424210          0        500          0          0
   4       17      511     2654      9256974139      9256976793        13426254          0        500          0          0
   4       17      543     2683      9256976818      9256979501        13428933          0        500          0          0
   4       17      519     2418      9256979527      9256981945        13431642          0        500          0          0
   4       17     1905     3548      9256981973      9256985520        13434088          0        500          0          0
   4       17      522     2743      9256985556      9256988299        13437671          0        500          0          0
   4       17      511     2256      9256988331      9256990587        13440446          0        500          0          0
   4       17      519     2777      9256990611      9256993388        13442726          0        500          0          0
   4       17      511     2225      9256993411      9256995636        13445526          0        500          0          0
   4       17     2544     4207      9256995658      9256999865        13447773          0        500          0          0
   4       17      523     2217      9256999890      9257002107        13452005          0        500          0          0
   4       17      511     2490      9257002131      9257004620        13454246          0        500          0          0
   4       17      518     2091      9257004646      9257006737        13456761          0        500          0          0
   4       17      516     2499      9257006759      9257009257        13458873          0        500          0          0
   4       17      511     2739      9257009318      9257012057        13461433          0        500          0          0
   4       17      518     3263      9257013755      9257017017        13465869          0        500          0          0
   4       17      511     4304      9257017038      9257021342        13469152          0        500          0          0
   4       17      615     1565      9257021374      9257022939        13473489          0        500          0          0
   4       17      520     1603      9257022959      9257024563        13475074          0        500          0          0
   4       17      519     2113      9257024623      9257026735        13476738          0        500          0          0
   4       17     1081     2341      9257026756      9257029097        13478871          0        500          0          0
   4       17      511     2816      9257029119      9257031935        13481234          0        500          0          0
   4       17      511     3844      9257032023      9257035866        13484137          0        500          0          0
   4       17      518     1507      9257035887      9257037393        13488002          0        500          0          0
   4       17      511     1874      9257037419      9257039292        13489534          0        500          0          0
   4       17     1634     3171      9257039318      9257042489        13491433          0        500          0          0
   4       17      517     2627      9257042509      9257045135        13494623          0        500          0          0
   4       17      511     2590      9257045156      9257047746        13497271          0        500          0          0
   4       17     3705     4280      9257047790      9257052070        13499905          0        500          0          0
   4       17      511     1732      9257052098      9257053830        13504213          0        500          0          0
   4       17      518     2207      9257053855      9257056062        13505970          0        500          0          0
   4       17      511     2771      9257056085      9257058856        13508200          0        500          0          0
   4       17      520     2752      9257058882      9257061634        13510997          0        500          0          0
   4       17      519     2118      9257061657      9257063775        13513771          0        500          0          0
   4       17     3284     4383      9257063805      9257068187        13515920          0        500          0          0
   4       17      511     1709      9257068211      9257069920        13520326          0        500          0          0
   4       17      518     2608      9257069939      9257072547        13522053          0        500          0          0
   4       17      518     2526      9257072564      9257075090        13524679          0        500          0          0
   4       17      511     2319      9257075113      9257077432        13527228          0        500          0          0
   4       17      511     2633      9257077466      9257080099        13529581          0        500          0          0
   4       17      511     4119      9257080119      9257084239        13532234          0        500          0          0
   4       17      511     1598      9257084261      9257085859        13536376          0        500          0          0
   4       17      520     2147      9257085885      9257088032        13538000          0        500          0          0
   4       17     1055     2746      9257088059      9257090805        13540174          0        500          0          0
   4       17      517     3162      9257090852      9257094015        13542967          0        500          0          0
   4       17      511     2220      9257094041      9257096260        13546155          0        500          0          0
   4       17      511     3203      9257096285      9257099488        13548400          0        500          0          0
   4       17      519     4398      9257099552      9257103950        13551667          0        500          0          0
   4       17      517     2872      9257103973      9257106845        13556088          0        500          0          0
   4       17      537     2087      9257106874      9257108961        13558989          0        500          0          0
   4       17      520     2585      9257108979      9257111564        13561094          0        500          0          0
   4       17      517     2065      9257111609      9257113674        13563724          0        500          0          0
   4       17      519     2625      9257113699      9257116323        13565813          0        500          0          0
   4       17      511     2770      9257116344      9257119114        13568458          0        500          0          0
   4       17      511     2189      9257119139      9257121328        13571254          0        500          0          0
   4       17     3600     4735      9257121356      9257126091        13573471          0        500          0          0
   4       17     1091     2798      9257126127      9257128925        13578242          0        500          0          0
   4       17      521     2127      9257128952      9257131079        13581067          0        500          0          0
   4       17      511     2235      9257131109      9257133344        13583224          0        500          0          0
   4       17      511     2379      9257133363      9257135741        13585478          0        500          0          0
   4       17      516     2768      9257135759      9257138526        13587874          0        500          0          0
   4       17      517     2463      9257138551      9257141014        13590666          0        500          0          0
   4       17     2391     4211      9257141035      9257145246        13593149          0        500          0          0
   4       17      511     2135      9257145267      9257147402        13597382          0        500          0          0
   4       17      511     2132      9257147420      9257149553        13599535          0        500          0          0
   4       17      517     2131      9257149571      9257151701        13601686          0        500          0          0
   4       17      517     1604      9257151720      9257153324        13603835          0        500          0          0
   4       17      511     2128      9257153342      9257155469        13605457          0        500          0          0
   4       17      511     1616      9257155487      9257157103        13607602          0        500          0          0
   4       17      511     2132      9257157120      9257159251        13609234          0        500          0          0
   4       17      511     2139      9257159267      9257161406        13611382          0        500          0          0
   4       17      511     2681      9257161426      9257164107        13613541          0        500          0          0
   4       17      511     1884      9257164125      9257166008        13616239          0        500          0          0
   4       17      511     1519      9257166025      9257167544        13618140          0        500          0          0
   4       17      517     1926      9257167560      9257169485        13619674          0        500          0          0
   4       17      516     2147      9257169504      9257171651        13621619          0        500          0          0
   4       17      517     2136      9257171668      9257173804        13623783          0        500          0          0
   4       17      517     1597      9257173820      9257175417        13625935          0        500          0          0
   4       17      511     3742      9257175433      9257179176        13627548          0        500          0          0
   4       17      511     2662      9257179194      9257181855        13631308          0        500          0          0
   4       17      518     3242      9257181925      9257185166        13634039          0        500          0          0
   4       17      511     1815      9257185194      9257187009        13637309          0        500          0          0
   4       17      511     1840      9257187037      9257188877        13639152          0        500          0          0
   4       17      516     2248      9257188916      9257191164        13641030          0        500          0          0
   4       17      511     2675      9257191185      9257193860        13643300          0        500          0          0
   4       17      516     2683      9257193880      9257196563        13645995          0        500          0          0
   4       17      517     2133      9257196581      9257198714        13648696          0        500          0          0
   4       17      517     1600      9257198732      9257200332        13650846          0        500          0          0
   4       17      511     2171      9257200349      9257202520        13652464          0        500          0          0
   4       17      517     1637      9257202541      9257204178        13654656          0        500          0          0
   4       17      511     2170      9257204197      9257206367        13656312          0        500          0          0
   4       17      511     2172      9257206385      9257208558        13658500          0        500          0          0
   4       17      517     2126      9257208575      9257210701        13660690          0        500          0          0
   4       17     2127     3202      9257210717      9257213919        13662832          0        500          0          0
   4       17      517     2130      9257213936      9257216066        13666051          0        500          0          0
   4       17      511     2124      9257216082      9257218206        13668196          0        500          0          0
   4       17      511     2666      9257218224      9257220889        13670338          0        500          0          0
   4       17      517     2668      9257220906      9257223574        13673021          0        500          0          0
   4       17      517     1600      9257223592      9257225192        13675707          0        500          0          0
   4       17      511     1596      9257225209      9257226805        13677324          0        500          0          0
   4       17      516     2134      9257226821      9257228954        13678935          0        500          0          0
   4       17      516     2137      9257228971      9257231109        13681086          0        500          0          0
   4       17      511     2133      9257231125      9257233258        13683240          0        500          0          0
   4       17      511     1587      9257233275      9257234862        13685389          0        500          0          0
   4       17     2001     3211      9257234877      9257238088        13686992          0        500          0          0
   4       17      511     1903      9257238106      9257240009        13690221          0        500          0          0
   4       17      511     1591      9257240024      9257241615        13692139          0        500          0          0
   4       17      517     1820      9257241631      9257243451        13693745          0        500          0          0
   4       17      511     2135      9257243465      9257245600        13695580          0        500          0          0
   4       17      517     1925      9257245617      9257247543        13697732          0        500          0          0
   4       17     2336     4494      9257247558      9257252052        13699673          0        500          0          0
   4       17      511     1598      9257252071      9257253669        13704185          0        500          0          0
   4       17      517     2128      9257253683      9257255811        13705798          0        500          0          0
   4       17      517     2695      9257255863      9257258558        13707977          0        500          0          0
   4       17      517     1629      9257258596      9257260225        13710711          0        500          0          0
   4       17      511     2174      9257260242      9257262415        13712356          0        500          0          0
   4       17      511     2146      9257262431      9257264577        13714546          0        500          0          0
   4       17      516     1417      9257264592      9257266009        13716707          0        500          0          0
   4       17      511     1591      9257266024      9257267615        13718139          0        500          0          0
   4       17      518     2314      9257267629      9257269943        13719744          0        500          0          0
   4       17      516     2175      9257269958      9257272133        13722073          0        500          0          0
   4       17      511     1595      9257272149      9257273744        13724264          0        500          0          0
   4       17      518     2179      9257273785      9257275963        13725899          0        500          0          0
   4       17      517     2184      9257275981      9257278164        13728096          0        500          0          0
   4       17      511     2130      9257278182      9257280312        13730297          0        500          0          0
   4       17      511     1614      9257280326      9257281939        13732441          0        500          0          0
   4       17      516     3735      9257281954      9257285689        13734069          0        500          0          0
   4       17      517     2131      9257285705      9257287837        13737820          0        500          0          0
   4       17      516     2132      9257287851      9257289984        13739966          0        500          0          0
   4       17      520     2095      9257289998      9257292093        13742113          0        500          0          0
   4       17      511     1619      9257292109      9257293727        13744223          0        500          0          0
   4       17      516     1618      9257293741      9257295359        13745856          0        500          0          0
   4       17      511     1654      9257295375      9257297029        13747490          0        500          0          0
   4       17      511     2138      9257297045      9257299183        13749160          0        500          0          0
   4       17      511     2675      9257299199      9257301874        13751314          0        500          0          0
   4       17      516     1080      9257301889      9257302968        13754004          0        500          0          0
   4       17      516     2641      9257302982      9257305623        13755097          0        500          0          0
   4       17      517     2124      9257305636      9257307761        13757751          0        500          0          0
   4       17      516     2124      9257307776      9257309900        13759890          0        500          0          0
   4       17      516     1593      9257309914      9257311506        13762028          0        500          0          0
   4       17     1595     2662      9257311521      9257314183        13763636          0        500          0          0
   4       17      511     1640      9257314198      9257315837        13766312          0        500          0          0
   4       17      516     1624      9257315853      9257317477        13767968          0        500          0          0
   4       17      516     2137      9257317491      9257319628        13769606          0        500          0          0
   4       17      517     2129      9257319644      9257321772        13771758          0        500          0          0
   4       17      517     2125      9257321786      9257323911        13773901          0        500          0          0
   4       17     3240     3792      9257323961      9257327754        13776076          0        500          0          0
   4       17      517     2665      9257327770      9257330435        13779885          0        500          0          0
   4       17      511     3202      9257330451      9257333653        13782566          0        500          0          0
   4       17      517     2137      9257333668      9257335805        13785782          0        500          0          0
   4       17      517     1722      9257335821      9257337544        13787936          0        500          0          0
   4       17      519     1604      9257337557      9257339161        13789672          0        500          0          0
   4       17      511     1833      9257339176      9257341009        13791291          0        500          0          0
   4       17      511     1816      9257341024      9257342840        13793138          0        500          0          0
   4       17      516     2128      9257342854      9257344982        13794969          0        500          0          0
   4       17      516     2135      9257344996      9257347131        13797110          0        500          0          0
   4       17      511     2745      9257347145      9257349890        13799260          0        500          0          0
   4       17      517     2146      9257349905      9257352051        13802020          0        500          0          0
   4       17      511     2682      9257352069      9257354751        13804183          0        500          0          0
   4       17      516     2129      9257354767      9257356896        13806882          0        500          0          0
   4       17      516     2137      9257356910      9257359047        13809025          0        500          0          0
   4       17      511     2671      9257359062      9257361733        13811176          0        500          0          0
   4       17      517     2138      9257361748      9257363887        13813863          0        500          0          0
   4       17      517     3212      9257363901      9257367113        13816016          0        500          0          0
   4       17      511     2660      9257367127      9257369787        13819242          0        500          0          0
   4       17      517     1595      9257369800      9257371395        13821915          0        500          0          0
   4       17      511     2128      9257371409      9257373537        13823524          0        500          0          0
   4       17      516     1612      9257373551      9257375164        13825666          0        500          0          0
   4       17      511     1587      9257375179      9257376766        13827294          0        500          0          0
   4       17      516     1590      9257376781      9257378371        13828896          0        500          0          0
   4       17      511     2134      9257378385      9257380519        13830499          0        500          0          0
   4       17     2125     3204      9257380532      9257383737        13832647          0        500          0          0
   4       17      516     2160      9257383775      9257385935        13835890          0        500          0          0
   4       17      516     2138      9257385970      9257388107        13838084          0        500          0          0
   4       17      511     2129      9257388122      9257390250        13840236          0        500          0          0
   4       17      511     2131      9257390264      9257392395        13842378          0        500          0          0
   4       17      511     2155      9257392409      9257394563        13844523          0        500          0          0
   4       17     1604     3233      9257394579      9257397813        13846694          0        500          0          0
   4       17      516     2132      9257397829      9257399962        13849944          0        500          0          0
   4       17      511     1592      9257400045      9257401637        13852160          0        500          0          0
   4       17      517     2129      9257401652      9257403780        13853766          0        500          0          0
   4       17      516     2133      9257403794      9257405927        13855909          0        500          0          0
   4       17      516     5070      9257405941      9257411010        13858056          0        500          0          0
   4       17      534     2220      9257411028      9257413248        13863143          0        500          0          0
   4       17      511     2165      9257413262      9257415427        13865377          0        500          0          0
   4       17      511     1623      9257415442      9257417065        13867557          0        500          0          0
   4       17      511     2147      9257417083      9257419230        13869198          0        500          0          0
   4       17      511     1618      9257419248      9257420866        13871363          0        500          0          0
   4       17      517     5139      9257420882      9257426022        13872997          0        500          0          0
   4       17      511     2168      9257426049      9257428217        13878164          0        500          0          0
   4       17      511     2184      9257428232      9257430417        13880347          0        500          0          0
   4       17      511     2144      9257430433      9257432578        13882548          0        500          0          0
   4       17      517     1601      9257432591      9257434193        13884706          0        500          0          0
   4       17      511     5780      9257434208      9257439988        13886323          0        500          0          0
   4       17      511     2197      9257440031      9257442228        13892146          0        500          0          0
   4       17      511     2172      9257442245      9257444417        13894360          0        500          0          0
   4       17      511     2155      9257444433      9257446588        13896547          0        500          0          0
   4       17      517     2668      9257446603      9257449271        13898718          0        500          0          0
   4       17      511     3207      9257449286      9257452492        13901400          0        500          0          0
   4       17      517     5156      9257452510      9257457666        13904624          0        500          0          0
   4       17      518     1601      9257457686      9257459288        13909801          0        500          0          0
   4       17      511     1599      9257459303      9257460902        13911418          0        500          0          0
   4       17      518     2158      9257460917      9257463075        13913032          0        500          0          0
   4       17      511     1594      9257463091      9257464685        13915206          0        500          0          0
   4       17      517     3645      9257464700      9257468345        13916815          0        500          0          0
   4       17      511     1593      9257468365      9257469958        13920479          0        500          0          0
   4       17      517     3145      9257469971      9257473117        13922086          0        500          0          0
   4       17      511     1878      9257473131      9257475009        13925246          0        500          0          0
   4       17     1786     3473      9257475022      9257478495        13927137          0        500          0          0
   4       17      517     1937      9257478513      9257480450        13930628          0        500          0          0
   4       17      511     2499      9257480464      9257482963        13932579          0        500          0          0
   4       17      519     2935      9257482988      9257485924        13935103          0        500          0          0
   4       17      517     2560      9257485994      9257488554        13938109          0        500          0          0
   4       17     3185     3878      9257488574      9257492452        13940689          0        500          0          0
   4       17      511     2233      9257492476      9257494709        13944591          0        500          0          0
   4       17      516     2875      9257494751      9257497626        13946866          0        500          0          0
   4       17      518     2151      9257497651      9257499802        13949766          0        500          0          0
   4       17      516     2196      9257499816      9257502012        13951931          0        500          0          0
   4       17      511     1978      9257502034      9257504013        13954149          0        500          0          0
   4       17     1986     4255      9257504031      9257508285        13956146          0        500          0          0
   4       17      511     2985      9257508312      9257511297        13960427          0        500          0          0
   4       17      511     2696      9257511325      9257514021        13963440          0        500          0          0
   4       17      511     3175      9257514039      9257517214        13966154          0        500          0          0
   4       17      511     3194      9257517230      9257520424        13969345          0        500          0          0
   4       17      533     2722      9257520456      9257523177        13972571          0        500          0          0
   4       17      511     1663      9257523200      9257524862        13975314          0        500          0          0
   4       17      518     2261      9257524885      9257527146        13977000          0        500          0          0
   4       17      511     2269      9257527165      9257529434        13979280          0        500          0          0
   4       17     2258     4452      9257529457      9257533909        13981571          0        500          0          0
   4       17      536     2715      9257533933      9257536647        13986047          0        500          0          0
   4       17      535     2616      9257536666      9257539283        13988781          0        500          0          0
   4       17      511     2247      9257539301      9257541548        13991416          0        500          0          0
   4       17      520     2167      9257541575      9257543742        13993689          0        500          0          0
   4       17      519     2915      9257543765      9257546680        13995880          0        500          0          0
   4       17      519     2036      9257546710      9257548746        13998825          0        500          0          0
   4       17     1058     2604      9257548770      9257551374        14000885          0        500          0          0
   4       17      511     2682      9257551396      9257554078        14003511          0        500          0          0
   4       17      511     3901      9257554097      9257557998        14006211          0        500          0          0
   4       17      511     2558      9257558033      9257560590        14010147          0        500          0          0
   4       17      518     1459      9257560612      9257562071        14012727          0        500          0          0
   4       17      511     2447      9257562095      9257564542        14014210          0        500          0          0
   4       17      523     2771      9257564574      9257567344        14016688          0        500          0          0
   4       17      511     2702      9257567375      9257570077        14019490          0        500          0          0
   4       17      511     2693      9257570102      9257572795        14022217          0        500          0          0
   4       17     1670     4376      9257572810      9257577186        14024925          0        500          0          0
   4       17      511     3519      9257577262      9257580780        14029376          0        500          0          0
   4       17      516     2571      9257580822      9257583393        14032936          0        500          0          0
   4       17      511     3590      9257583422      9257587012        14035537          0        500          0          0
   4       17      511     1565      9257587033      9257588599        14039148          0        500          0          0
   4       17      518     1495      9257588621      9257590116        14040736          0        500          0          0
   4       17      511     2888      9257590140      9257593028        14042255          0        500          0          0
   4       17      511     2322      9257593050      9257595373        14045165          0        500          0          0
   4       17      511     2274      9257595406      9257597680        14047520          0        500          0          0
   4       17      518     2769      9257597702      9257600472        14049817          0        500          0          0
   4       17     4050     5016      9257600492      9257605508        14052607          0        500          0          0
   4       17      517     2699      9257605531      9257608230        14057646          0        500          0          0
   4       17      511     2727      9257608260      9257610987        14060375          0        500          0          0
   4       17      511     2650      9257611043      9257613694        14063158          0        500          0          0
   4       17     1722     2608      9257613718      9257616326        14065832          0        500          0          0
   4       17      511     1742      9257616352      9257618094        14068467          0        500          0          0
   4       17      511     1984      9257618110      9257620094        14070225          0        500          0          0
   4       17      511     1760      9257620112      9257621872        14072227          0        500          0          0
   4       17      518     2145      9257621888      9257624033        14074003          0        500          0          0
   4       17      511     1625      9257624049      9257625674        14076164          0        500          0          0
   4       17      511     3267      9257626255      9257629521        14078369          0        500          0          0
   4       17      517     1634      9257629541      9257631175        14081656          0        500          0          0
   4       17      511     2182      9257631195      9257633376        14083309          0        500          0          0
   4       17      511     2148      9257633392      9257635540        14085507          0        500          0          0
   4       17      517     2130      9257635555      9257637685        14087670          0        500          0          0
   4       17      517     1595      9257637700      9257639295        14089815          0        500          0          0
   4       17      511     1591      9257639310      9257640901        14091425          0        500          0          0
   4       17      517     2133      9257640916      9257643049        14093030          0        500          0          0
   4       17      511     2124      9257643062      9257645186        14095177          0        500          0          0
   4       17      511     2126      9257645200      9257647326        14097315          0        500          0          0
   4       17      511     1590      9257647341      9257648930        14099456          0        500          0          0
   4       17      516     2700      9257648945      9257651644        14101060          0        500          0          0
   4       17      518     1880      9257651662      9257653542        14103777          0        500          0          0
   4       17      517     1862      9257653559      9257655421        14105674          0        500          0          0
   4       17      511     2133      9257655477      9257657610        14107592          0        500          0          0
   4       17      518     2134      9257657626      9257659760        14109741          0        500          0          0
   4       17      520     2134      9257659774      9257661909        14111889          0        500          0          0
   4       17     1538     3242      9257661926      9257665168        14114041          0        500          0          0
   4       17      511     2134      9257665185      9257667320        14117300          0        500          0          0
   4       17      511     1207      9257667334      9257668541        14119449          0        500          0          0
   4       17      516     1979      9257668556      9257670535        14120671          0        500          0          0
   4       17      516     2136      9257670550      9257672686        14122665          0        500          0          0
   4       17      516     1635      9257672700      9257674335        14124814          0        500          0          0
   4       17      511     1659      9257674353      9257676012        14126468          0        500          0          0
   4       17     3229     3803      9257676027      9257679831        14128142          0        500          0          0
   4       17      516     2177      9257679847      9257682024        14131962          0        500          0          0
   4       17      511     2166      9257682040      9257684205        14134154          0        500          0          0
   4       17      511     1327      9257684220      9257685547        14136335          0        500          0          0
   4       17      517     1939      9257685565      9257687504        14137680          0        500          0          0
   4       17      517     1595      9257687519      9257689114        14139634          0        500          0          0
   4       17      511     2132      9257689128      9257691261        14141243          0        500          0          0
   4       17      511     2134      9257691277      9257693411        14143392          0        500          0          0
   4       17      511     2139      9257693425      9257695565        14145540          0        500          0          0
   4       17      517     1963      9257695580      9257697543        14147695          0        500          0          0
   4       17      517     1769      9257697559      9257699328        14149674          0        500          0          0
   4       17      511     2128      9257699343      9257701471        14151457          0        500          0          0
   4       17      511     2143      9257701486      9257703629        14153601          0        500          0          0
   4       17      517     1594      9257703643      9257705237        14155758          0        500          0          0
   4       17      511     2589      9257705251      9257707840        14157366          0        500          0          0
   4       17      515     1592      9257707878      9257709470        14159993          0        500          0          0
   4       17      511     1680      9257709484      9257711164        14161599          0        500          0          0
   4       17      511     2661      9257711181      9257713842        14163295          0        500          0          0
   4       17      536     1634      9257713856      9257715490        14165971          0        500          0          0
   4       17      517     2136      9257715509      9257717645        14167623          0        500          0          0
   4       17     1248     2678      9257717659      9257720337        14169774          0        500          0          0
   4       17      511     1585      9257720352      9257721937        14172467          0        500          0          0
   4       17      517     2131      9257721952      9257724083        14174066          0        500          0          0
   4       17      511     2136      9257724141      9257726277        14176256          0        500          0          0
   4       17      511     2136      9257726293      9257728429        14178408          0        500          0          0
   4       17      511     1563      9257728445      9257730009        14180560          0        500          0          0
   4       17      511     2166      9257730023      9257732189        14182138          0        500          0          0
   4       17      511     1616      9257732204      9257733820        14184319          0        500          0          0
   4       17      516     2144      9257733854      9257735998        14185969          0        500          0          0
   4       17      511     2136      9257736020      9257738156        14188135          0        500          0          0
   4       17      511     1588      9257738171      9257739759        14190286          0        500          0          0
   4       17      516     2148      9257739773      9257741921        14191888          0        500          0          0
   4       17      516     2658      9257741936      9257744594        14194051          0        500          0          0
   4       17      516     2170      9257744609      9257746778        14196723          0        500          0          0
   4       17      516     2151      9257746815      9257748966        14198930          0        500          0          0
   4       17      517     2162      9257748981      9257751143        14201096          0        500          0          0
   4       17      511     1931      9257751159      9257753090        14203274          0        500          0          0
   4       17      511     1073      9257753107      9257754180        14205222          0        500          0          0
   4       17     1452     2360      9257754195      9257756555        14206310          0        500          0          0
   4       17      516     2135      9257756571      9257758706        14208686          0        500          0          0
   4       17     3271     4920      9257758722      9257763642        14210837          0        500          0          0
   4       17      517     2133      9257763663      9257765796        14215778          0        500          0          0
   4       17      517     2664      9257765812      9257768476        14217926          0        500          0          0
   4       17      516     2047      9257768493      9257770540        14220608          0        500          0          0
   4       17      517     2685      9257770554      9257773239        14222669          0        500          0          0
   4       17      511     1657      9257773255      9257774912        14225370          0        500          0          0
   4       17      517     2661      9257774927      9257777588        14227042          0        500          0          0
   4       17      517     2126      9257777604      9257779730        14229718          0        500          0          0
   4       17      516     2126      9257779745      9257781871        14231860          0        500          0          0
   4       17      516     2662      9257781886      9257784548        14234001          0        500          0          0
   4       17      517     2131      9257784564      9257786696        14236679          0        500          0          0
   4       17      516     2126      9257786711      9257788837        14238826          0        500          0          0
   4       17      516     2127      9257788851      9257790979        14240966          0        500          0          0
   4       17      517     1595      9257790996      9257792591        14243110          0        500          0          0
   4       17      517     1400      9257792607      9257794008        14244722          0        500          0          0
   4       17     1597     3412      9257794025      9257797437        14246140          0        500          0          0
   4       17      518     2163      9257797495      9257799657        14249610          0        500          0          0
   4       17      517     1626      9257799696      9257801322        14251811          0        500          0          0
   4       17      511     2179      9257801339      9257803518        14253454          0        500          0          0
   4       17      517     1472      9257803536      9257805008        14255651          0        500          0          0
   4       17      511     1589      9257805024      9257806613        14257139          0        500          0          0
   4       17     1054     2277      9257806629      9257808906        14258744          0        500          0          0
   4       17      516     2666      9257808922      9257811588        14261037          0        500          0          0
   4       17      517     1591      9257811604      9257813195        14263719          0        500          0          0
   4       17      511     2128      9257813210      9257815338        14265325          0        500          0          0
   4       17      511     1615      9257815355      9257816970        14267470          0        500          0          0
   4       17      517     1615      9257816985      9257818600        14269100          0        500          0          0
   4       17      511     1618      9257819166      9257820783        14271281          0        500          0          0
   4       17     2164     3801      9257820800      9257824601        14272915          0        500          0          0
   4       17      517     2132      9257824624      9257826755        14276739          0        500          0          0
   4       17      516     1597      9257826774      9257828371        14278889          0        500          0          0
   4       17      511     2138      9257828392      9257830530        14280507          0        500          0          0
   4       17      517     1655      9257830547      9257832202        14282662          0        500          0          0
   4       17      511     1587      9257832220      9257833806        14284334          0        500          0          0
   4       17     1055     2158      9257833823      9257835981        14285938          0        500          0          0
   4       17      511     3731      9257836016      9257839747        14288131          0        500          0          0
   4       17      517     2129      9257839763      9257841893        14291878          0        500          0          0
   4       17      517     2132      9257841908      9257844040        14294022          0        500          0          0
   4       17      511     1073      9257844056      9257845129        14296171          0        500          0          0
   4       17      511     1863      9257845145      9257847008        14297260          0        500          0          0
   4       17     1053     1860      9257847023      9257848883        14299138          0        500          0          0
   4       17      516     2133      9257848899      9257851032        14301014          0        500          0          0
   4       17      511     2132      9257851047      9257853179        14303162          0        500          0          0
   4       17      511     3201      9257853196      9257856397        14305311          0        500          0          0
   4       17      511     2154      9257856413      9257858567        14308528          0        500          0          0
   4       17      516     2144      9257858585      9257860729        14310700          0        500          0          0
   4       17      517     2136      9257860748      9257862884        14312863          0        500          0          0
   4       17      516     2155      9257862904      9257865059        14315018          0        500          0          0
   4       17      511     2134      9257865077      9257867211        14317192          0        500          0          0
   4       17      511     2134      9257867267      9257869401        14319381          0        500          0          0
   4       17      511     2127      9257869417      9257871543        14321531          0        500          0          0
   4       17      517     2672      9257871557      9257874230        14323672          0        500          0          0
   4       17      511     2663      9257874244      9257876907        14326359          0        500          0          0
   4       17      516     2138      9257876933      9257879071        14329048          0        500          0          0
   4       17      511     2139      9257879086      9257881225        14331201          0        500          0          0
   4       17      511     5837      9257881278      9257887115        14333393          0        500          0          0
   4       17      511     1601      9257887137      9257888738        14339251          0        500          0          0
   4       17      517     2130      9257888751      9257890882        14340866          0        500          0          0
   4       17      517     1594      9257890897      9257892492        14343012          0        500          0          0
   4       17      515     2183      9257892507      9257894690        14344622          0        500          0          0
   4       17      517     2231      9257894737      9257896968        14346852          0        500          0          0
   4       17      517     4022      9257896991      9257901012        14349105          0        500          0          0
   4       17      534     1678      9257901034      9257902712        14353149          0        500          0          0
   4       17     3279     3848      9257902727      9257906574        14354841          0        500          0          0
   4       17      518     2214      9257906594      9257908808        14358709          0        500          0          0
   4       17      517     1610      9257908828      9257910439        14360943          0        500          0          0
   4       17      511     2133      9257910457      9257912591        14362572          0        500          0          0
   4       17      516     3426      9257912607      9257916033        14364721          0        500          0          0
   4       17      511     1639      9257916064      9257917703        14368179          0        500          0          0
   4       17      517     1614      9257917720      9257919334        14369835          0        500          0          0
   4       17     2674     5373      9257919894      9257925267        14372009          0        500          0          0
   4       17      511     6270      9257925287      9257931557        14377402          0        500          0          0
   4       17      517     1093      9257931585      9257932677        14383700          0        500          0          0
   4       17      518     2165      9257932695      9257934860        14384810          0        500          0          0
   4       17      516     2694      9257934898      9257937592        14387013          0        500          0          0
   4       17      516     2673      9257937608      9257940281        14389723          0        500          0          0
   4       17      511     5026      9257940298      9257945324        14392413          0        500          0          0
   4       17      511     1595      9257945347      9257946942        14397462          0        500          0          0
   4       17      534     1100      9257946961      9257948061        14399076          0        500          0          0
   4       17      511     1466      9257948077      9257949543        14400192          0        500          0          0
   4       17      517     2228      9257949561      9257951789        14401676          0        500          0          0
   4       17     1226     3066      9257951815      9257954881        14403929          0        500          0          0
   4       17      521     2163      9257954942      9257957106        14407057          0        500          0          0
   4       17      511     2968      9257957124      9257960092        14409239          0        500          0          0
   4       17      511     3554      9257960118      9257963673        14412233          0        500          0          0
   4       17      519     2311      9257963704      9257966015        14415819          0        500          0          0
   4       17      511     1868      9257966037      9257967904        14418151          0        500          0          0
   4       17      516     2592      9257967924      9257970516        14420038          0        500          0          0
   4       17      522     2750      9257970554      9257973304        14422669          0        500          0          0
   4       17      511     2662      9257973328      9257975990        14425443          0        500          0          0
   4       17     3671     5368      9257976031      9257981399        14428146          0        500          0          0
   4       17      511     2307      9257981430      9257983736        14433545          0        500          0          0
   4       17      517     2717      9257983767      9257986484        14435882          0        500          0          0
   4       17      517     2088      9257986509      9257988597        14438624          0        500          0          0
   4       17      517     2811      9257988621      9257991432        14440735          0        500          0          0
   4       17      547     2088      9257991466      9257993554        14443581          0        500          0          0
   4       17      517     2312      9257993576      9257995888        14445690          0        500          0          0
   4       17      517     2166      9257995912      9257998077        14448027          0        500          0          0
   4       17     2323     2912      9257998117      9258001029        14450231          0        500          0          0
   4       17      511     3965      9258001052      9258005017        14453167          0        500          0          0
   4       17      511     1578      9258005043      9258006622        14457158          0        500          0          0
   4       17      518     2450      9258006640      9258009090        14458754          0        500          0          0
   4       17      511     2640      9258009120      9258011760        14461235          0        500          0          0
   4       17     3168     4893      9258011783      9258016677        14463898          0        500          0          0
   4       17      518     3168      9258016704      9258019872        14468818          0        500          0          0
   4       17      519     2192      9258019904      9258022095        14472019          0        500          0          0
   4       17      511     1901      9258022116      9258024017        14474230          0        500          0          0
   4       17      511     1813      9258024042      9258025855        14476156          0        500          0          0
   4       17      518     2877      9258025882      9258028759        14477997          0        500          0          0
   4       17      520     2846      9258028792      9258031637        14480907          0        500          0          0
   4       17      522     2709      9258031672      9258034381        14483787          0        500          0          0
   4       17     1619     3791      9258034412      9258038204        14486527          0        500          0          0
   4       17      511     1783      9258038229      9258040012        14490344          0        500          0          0
   4       17      511     2307      9258040029      9258042336        14492144          0        500          0          0
   4       17      511     2436      9258042361      9258044797        14494475          0        500          0          0
   4       17      519     2623      9258044848      9258047471        14496963          0        500          0          0
   4       17     5197     5767      9258047494      9258053261        14499609          0        500          0          0
   4       17      533     1683      9258053283      9258054967        14505398          0        500          0          0
   4       17      517     2047      9258054991      9258057038        14507106          0        500          0          0
   4       17      511     2897      9258057070      9258059967        14509185          0        500          0          0
   4       17      520     2196      9258059991      9258062187        14512106          0        500          0          0
   4       17      511     2771      9258062210      9258064982        14514325          0        500          0          0
   4       17     1059     2462      9258065020      9258067482        14517134          0        500          0          0
   4       17     2500     6455      9258067511      9258073965        14519625          0        500          0          0
   4       17      520     1087      9258073991      9258075079        14526106          0        500          0          0
   4       17      511     1849      9258075096      9258076944        14527211          0        500          0          0
   4       17      519     2969      9258076969      9258079939        14529084          0        500          0          0
   4       17      516     1989      9258079959      9258081948        14532074          0        500          0          0
   4       17      517     2506      9258081967      9258084473        14534082          0        500          0          0
   4       17      522     2999      9258084503      9258087502        14536618          0        500          0          0
   4       17     2081     4358      9258087535      9258091893        14539650          0        500          0          0
   4       17      522     2758      9258091918      9258094676        14544033          0        500          0          0
   4       17      519     2748      9258094704      9258097452        14546819          0        500          0          0
   4       17      511     1082      9258097477      9258098558        14549591          0        500          0          0
   4       17      518     2824      9258098579      9258101403        14550694          0        500          0          0
   4       17      511     2533      9258101431      9258103964        14553546          0        500          0          0
   4       17      519     2589      9258103994      9258106583        14556109          0        500          0          0
   4       17      517     2662      9258106599      9258109262        14558714          0        500          0          0
   4       17      511     2946      9258109281      9258112227        14561396          0        500          0          0
   4       17      511     2270      9258112255      9258114526        14564370          0        500          0          0
   4       17      518     2631      9258114550      9258117180        14566664          0        500          0          0
   4       17      511     2747      9258117198      9258119945        14569313          0        500          0          0
   4       17      521     2040      9258119970      9258122010        14572085          0        500          0          0
   4       17      511     2697      9258122029      9258124726        14574144          0        500          0          0
   4       17     2862     3969      9258124759      9258128728        14576874          0        500          0          0
   4       17      519     2771      9258128762      9258131533        14580877          0        500          0          0
   4       17      517     2750      9258131558      9258134308        14583673          0        500          0          0
   4       17      511     2700      9258134328      9258137028        14586443          0        500          0          0
   4       17     1971     3752      9258137083      9258140835        14589198          0        500          0          0
   4       17      518     1644      9258140854      9258142498        14592969          0        500          0          0
   4       17      520     2557      9258142525      9258145082        14594640          0        500          0          0
   4       17      511     2608      9258145100      9258147708        14597215          0        500          0          0
   4       17     1074     2304      9258147728      9258150032        14599842          0        500          0          0
   4       17      511     2893      9258150059      9258152952        14602174          0        500          0          0
   4       17     4112     4690      9258153018      9258157708        14605132          0        500          0          0
   4       17      517     2097      9258157733      9258159829        14609847          0        500          0          0
   4       17      522     2696      9258159849      9258162545        14611964          0        500          0          0
   4       17      517     2192      9258162568      9258164760        14614683          0        500          0          0
   4       17      517     2730      9258164786      9258167516        14616901          0        500          0          0
   4       17      517     2188      9258167540      9258169728        14619655          0        500          0          0
   4       17     1726     3620      9258169754      9258173374        14621869          0        500          0          0
   4       17      541     1645      9258173407      9258175053        14625522          0        500          0          0
   4       17      511     2763      9258175073      9258177836        14627188          0        500          0          0
   4       17      517     2642      9258177876      9258180518        14629991          0        500          0          0
   4       17      517     2651      9258180539      9258183189        14632653          0        500          0          0
   4       17      511     2350      9258183210      9258185560        14635325          0        500          0          0
   4       17     2557     4139      9258185590      9258189729        14637705          0        500          0          0
   4       17      518     2128      9258189753      9258191881        14641867          0        500          0          0
   4       17      520     2678      9258191904      9258194582        14644019          0        500          0          0
   4       17      518     2057      9258194605      9258196662        14646720          0        500          0          0
   4       17      521     2773      9258196694      9258199467        14648808          0        500          0          0
   4       17      511     2335      9258199487      9258201823        14651602          0        500          0          0
   4       17     2598     4779      9258201850      9258206629        14653965          0        500          0          0
   4       17      520     2725      9258206653      9258209378        14658768          0        500          0          0
   4       17      511     2111      9258209400      9258211511        14661515          0        500          0          0
   4       17      517     2015      9258211529      9258213544        14663644          0        500          0          0
   4       17      517     2591      9258213562      9258216153        14665677          0        500          0          0
   4       17      511     3228      9258216172      9258219400        14668287          0        500          0          0
   4       17      511     1636      9258219425      9258221061        14671540          0        500          0          0
   4       17      511     3247      9258221078      9258224325        14673193          0        500          0          0
   4       17      511     2157      9258224354      9258226510        14676468          0        500          0          0
   4       17      517     2806      9258226577      9258229383        14678691          0        500          0          0
   4       17      511     2764      9258229409      9258232173        14681524          0        500          0          0
   4       17      511     2220      9258232196      9258234416        14684311          0        500          0          0
   4       17      511     2193      9258234437      9258236630        14686552          0        500          0          0
   4       17     2692     4982      9258236647      9258241628        14688762          0        500          0          0
   4       17     1764     4208      9258241662      9258245870        14693777          0        500          0          0
   4       17      518     3096      9258245892      9258248988        14698007          0        500          0          0
   4       17      511     2072      9258249033      9258251105        14701147          0        500          0          0
   4       17      511     1459      9258251122      9258252581        14703236          0        500          0          0
   4       17      518     2015      9258252601      9258254616        14704716          0        500          0          0
   4       17      517     2777      9258254637      9258257414        14706751          0        500          0          0
   4       17      511     1912      9258257451      9258259363        14709565          0        500          0          0
   4       17     1070     2918      9258259390      9258262308        14711505          0        500          0          0
   4       17      511     3686      9258262333      9258266019        14714448          0        500          0          0
   4       17      511     1651      9258266054      9258267705        14718168          0        500          0          0
   4       17     2150     4497      9258267726      9258272223        14719841          0        500          0          0
   4       17      511     1799      9258272245      9258274044        14724360          0        500          0          0
   4       17      511     2466      9258274068      9258276533        14726182          0        500          0          0
   4       17      520     2204      9258276551      9258278755        14728666          0        500          0          0
   4       17      518     2620      9258278773      9258281393        14730887          0        500          0          0
   4       17      511     1945      9258281414      9258283359        14733528          0        500          0          0
   4       17     2533     4711      9258283937      9258288648        14736052          0        500          0          0
   4       17      517     3315      9258288672      9258291987        14740787          0        500          0          0
   4       17      511     2216      9258292021      9258294237        14744136          0        500          0          0
   4       17      511     2213      9258294267      9258296480        14746382          0        500          0          0
   4       17      521     2181      9258296511      9258298691        14748625          0        500          0          0
   4       17      521     2661      9258298719      9258301380        14750834          0        500          0          0
   4       17      511     2615      9258301407      9258304022        14753522          0        500          0          0
   4       17      511     2537      9258304040      9258306577        14756155          0        500          0          0
   4       17     4258     4828      9258306593      9258311420        14758707          0        500          0          0
   4       17      511     1641      9258311445      9258313086        14763560          0        500          0          0
   4       17      511     2755      9258313107      9258315862        14765222          0        500          0          0
   4       17      518     1607      9258315880      9258317487        14767995          0        500          0          0
   4       17      518     3238      9258317535      9258320773        14769650          0        500          0          0
   4       17      519     1598      9258320792      9258322390        14772907          0        500          0          0
   4       17     4534     5104      9258322416      9258327520        14774531          0        500          0          0
   4       17      519     2364      9258327545      9258329908        14779659          0        500          0          0
   4       17      517     2941      9258329932      9258332873        14782046          0        500          0          0
   4       17      517     2136      9258332895      9258335030        14785009          0        500          0          0
   4       17      511     2041      9258335058      9258337099        14787173          0        500          0          0
   4       17      511     1986      9258337115      9258339101        14789230          0        500          0          0
   4       17     5577     7124      9258339124      9258346248        14791238          0        500          0          0
   4       17      511     1078      9258346280      9258347358        14798394          0        500          0          0
   4       17      511     2056      9258347378      9258349435        14799493          0        500          0          0
   4       17      511     1971      9258349452      9258351422        14801567          0        500          0          0
   4       17      511     2686      9258351449      9258354134        14803564          0        500          0          0
   4       17      511     2221      9258354152      9258356373        14806267          0        500          0          0
   4       17      511     2513      9258356397      9258358910        14808512          0        500          0          0
   4       17     3274     4913      9258358934      9258363847        14811048          0        500          0          0
   4       17      547     2213      9258363883      9258366096        14815997          0        500          0          0
   4       17      511     1697      9258366125      9258367822        14818239          0        500          0          0
   4       17      517     2698      9258367846      9258370544        14819961          0        500          0          0
   4       17      519     2728      9258370568      9258373296        14822683          0        500          0          0
   4       17      511     2212      9258373314      9258375526        14825429          0        500          0          0
   4       17      520     2770      9258375552      9258378322        14827667          0        500          0          0
   4       17     3490     4894      9258378350      9258383245        14830465          0        500          0          0
   4       17      511     1076      9258383276      9258384352        14835391          0        500          0          0
   4       17      511     2321      9258384368      9258386689        14836482          0        500          0          0
   4       17     1068     2677      9258386719      9258389396        14838834          0        500          0          0
   4       17      511     2730      9258389417      9258392147        14841532          0        500          0          0
   4       17      511     2250      9258392171      9258394420        14844285          0        500          0          0
   4       17     3411     5639      9258394456      9258400095        14846570          0        500          0          0
   4       17      511     3850      9258400119      9258403969        14852234          0        500          0          0
   4       17      517     3023      9258403993      9258407016        14856108          0        500          0          0
   4       17      511     1996      9258407035      9258409032        14859150          0        500          0          0
   4       17      511     3447      9258409058      9258412504        14861172          0        500          0          0
   4       17      521     3474      9258412559      9258416033        14864673          0        500          0          0
   4       17      511     2533      9258416061      9258418595        14868176          0        500          0          0
   4       17      519     2270      9258418623      9258420893        14870738          0        500          0          0
   4       17      518     1779      9258420927      9258422706        14873042          0        500          0          0
   4       17      518     2890      9258422729      9258425619        14874844          0        500          0          0
   4       17      519     2680      9258425645      9258428324        14877760          0        500          0          0
   4       17      511     2178      9258428362      9258430539        14880476          0        500          0          0
   4       17      521     2753      9258430570      9258433323        14882685          0        500          0          0
   4       17      511     1481      9258434439      9258435920        14886554          0        500          0          0
   4       17      519     2576      9258435946      9258438522        14888061          0        500          0          0
   4       17      521     2691      9258438550      9258441241        14890665          0        500          0          0
   4       17      511     2836      9258441261      9258444098        14893376          0        500          0          0
   4       17      511     2204      9258444119      9258446323        14896234          0        500          0          0
   4       17      511     4212      9258446344      9258450556        14898458          0        500          0          0
   4       17      543     2815      9258450583      9258453399        14902698          0        500          0          0
   4       17     1937     2989      9258453427      9258456416        14905542          0        500          0          0
   4       17     1726     3414      9258456449      9258459864        14908564          0        500          0          0
   4       17      520     1728      9258459890      9258461619        14912005          0        500          0          0
   4       17      520     2767      9258461645      9258464412        14913760          0        500          0          0
   4       17     2181     4863      9258464440      9258469302        14916554          0        500          0          0
   4       17      511     2001      9258469335      9258471336        14921450          0        500          0          0
   4       17      511     2024      9258471355      9258473379        14923470          0        500          0          0
   4       17      511     3025      9258473399      9258476424        14925514          0        500          0          0
   4       17      511     2560      9258476453      9258479013        14928568          0        500          0          0
   4       17      511     1676      9258479039      9258480715        14931154          0        500          0          0
   4       17     2734     5568      9258480738      9258486306        14932853          0        500          0          0
   4       17      511     4240      9258486329      9258490569        14938444          0        500          0          0
   4       17      517     2767      9258490624      9258493391        14942739          0        500          0          0
   4       17      511     2232      9258493415      9258495647        14945530          0        500          0          0
   4       17      520     2979      9258495674      9258498652        14947788          0        500          0          0
   4       17      517     2221      9258498673      9258500894        14950787          0        500          0          0
   4       17      518     2166      9258500918      9258503084        14953033          0        500          0          0
   4       17      511     2960      9258503102      9258506062        14955217          0        500          0          0
   4       17      511     2507      9258506117      9258508624        14958232          0        500          0          0
   4       17      519     1780      9258508642      9258510422        14960757          0        500          0          0
   4       17     1422     3113      9258510442      9258513555        14962557          0        500          0          0
   4       17     2775     4391      9258513575      9258517966        14965690          0        500          0          0
   4       17      511     2573      9258518013      9258520587        14970128          0        500          0          0
   4       17      517     1141      9258520607      9258521748        14972722          0        500          0          0
   4       17     1589     3298      9258521771      9258525069        14973886          0        500          0          0
   4       17     2868     3922      9258525093      9258529015        14977208          0        500          0          0
   4       17      511     1723      9258529040      9258530764        14981155          0        500          0          0
   4       17      521     2276      9258530793      9258533069        14982908          0        500          0          0
   4       17      511     2631      9258533092      9258535724        14985207          0        500          0          0
   4       17     1091     2756      9258535753      9258538509        14987868          0        500          0          0
   4       17      517     2641      9258538529      9258541170        14990644          0        500          0          0
   4       17      511     3846      9258541188      9258545034        14993303          0        500          0          0
   4       17     2179     4087      9258545067      9258549154        14997182          0        500          0          0
   4       17      511     1761      9258549178      9258550939        15001293          0        500          0          0
   4       17      539     2267      9258550966      9258553233        15003081          0        500          0          0
   4       17      511     2750      9258553253      9258556003        15005368          0        500          0          0
   4       17      511     2254      9258556037      9258558291        15008152          0        500          0          0
   4       17     1708     2813      9258558315      9258561127        15010429          0        500          0          0
   4       17      511     2820      9258561153      9258563973        15013268          0        500          0          0
   4       17     1589     2591      9258563997      9258566588        15016112          0        500          0          0
   4       17      517     2343      9258566615      9258568958        15018729          0        500          0          0
   4       17     1082     3145      9258568988      9258572133        15021103          0        500          0          0
   4       17      511     2333      9258572150      9258574483        15024265          0        500          0          0
   4       17      517     2700      9258574503      9258577203        15026618          0        500          0          0
   4       17      511     3066      9258577223      9258580289        15029338          0        500          0          0
   4       17      511     2210      9258580318      9258582528        15032433          0        500          0          0
   4       17     1969     5624      9258582555      9258588179        15034670          0        500          0          0
   4       17      511     2678      9258588205      9258590883        15040319          0        500          0          0
   4       17      521     2712      9258590909      9258593621        15043024          0        500          0          0
   4       17      518     1094      9258593642      9258594736        15045756          0        500          0          0
   4       17      516     3263      9258594756      9258598019        15046871          0        500          0          0
   4       17      511     2169      9258598090      9258600259        15050205          0        500          0          0
   4       17      511     2309      9258600285      9258602594        15052400          0        500          0          0
   4       17     2066     2771      9258602611      9258605382        15054726          0        500          0          0
   4       17     2355     6058      9258605413      9258611471        15057528          0        500          0          0
   4       17      517     2715      9258611494      9258614209        15063609          0        500          0          0
   4       17      555     1690      9258614230      9258615920        15066345          0        500          0          0
   4       17      518     2061      9258615938      9258617999        15068053          0        500          0          0
   4       17      511     2734      9258618032      9258620766        15070147          0        500          0          0
   4       17      517     2152      9258620790      9258622942        15072904          0        500          0          0
   4       17      517     3071      9258622968      9258626039        15075083          0        500          0          0
   4       17      511     2210      9258626065      9258628276        15078180          0        500          0          0
   4       17     1097     3291      9258628304      9258631596        15080419          0        500          0          0
   4       17      521     2395      9258631619      9258634014        15083734          0        500          0          0
   4       17      511     2543      9258634042      9258636585        15086156          0        500          0          0
   4       17      518     2174      9258636607      9258638782        15088722          0        500          0          0
   4       17      521     2609      9258638804      9258641413        15090918          0        500          0          0
   4       17      511     3609      9258641431      9258645040        15093546          0        500          0          0
   4       17      511     2062      9258645066      9258647128        15097181          0        500          0          0
   4       17      511     2137      9258647146      9258649283        15099261          0        500          0          0
   4       17      511     2754      9258649302      9258652056        15101416          0        500          0          0
   4       17      511     2614      9258652080      9258654693        15104195          0        500          0          0
   4       17      534     2687      9258654722      9258657408        15106836          0        500          0          0
   4       17      511     3272      9258657433      9258660705        15109547          0        500          0          0
   4       17      518     2262      9258660770      9258663033        15112885          0        500          0          0
   4       17      511     2190      9258663062      9258665252        15115177          0        500          0          0
   4       17      511     2787      9258665275      9258668063        15117390          0        500          0          0
   4       17      511     2722      9258668080      9258670801        15120194          0        500          0          0
   4       17      541     2636      9258670828      9258673464        15122943          0        500          0          0
   4       17     1790     2364      9258673490      9258675854        15125605          0        500          0          0
   4       17      519     2979      9258675888      9258678867        15128003          0        500          0          0
   4       17      518     2531      9258678885      9258681416        15130999          0        500          0          0
   4       17      511     2064      9258681444      9258683509        15133559          0        500          0          0
   4       17      517     3084      9258683527      9258686610        15135642          0        500          0          0
   4       17     4368     6014      9258686707      9258692722        15138822          0        500          0          0
   4       17      516     3339      9258692746      9258696085        15144861          0        500          0          0
   4       17      511     1848      9258696123      9258697971        15148238          0        500          0          0
   4       17      519     3088      9258697999      9258701086        15150114          0        500          0          0
   4       17      511     1951      9258701112      9258703063        15153227          0        500          0          0
   4       17      511     2459      9258703082      9258705540        15155196          0        500          0          0
   4       17      518     2145      9258705563      9258707708        15157678          0        500          0          0
   4       17      517     2666      9258707724      9258710390        15159838          0        500          0          0
   4       17      511     2456      9258710413      9258712869        15162528          0        500          0          0
   4       17      516     2398      9258712887      9258715285        15165002          0        500          0          0
   4       17     2094     4369      9258715314      9258719684        15167429          0        500          0          0
   4       17      518     3314      9258719719      9258723033        15171833          0        500          0          0
   4       17      511     4329      9258723059      9258727388        15175173          0        500          0          0
   4       17      511     2224      9258727413      9258729636        15179527          0        500          0          0
   4       17      518     3678      9258729662      9258733340        15181777          0        500          0          0
   4       17      511     2390      9258733373      9258735763        15185488          0        500          0          0
   4       17      545     2068      9258735789      9258737857        15187904          0        500          0          0
   4       17      518     2152      9258737879      9258740031        15189994          0        500          0          0
   4       17      511     2662      9258740060      9258742722        15192175          0        500          0          0
   4       17      516     2160      9258742741      9258744901        15194856          0        500          0          0
   4       17      517     2660      9258744918      9258747578        15197033          0        500          0          0
   4       17      517     2413      9258747598      9258750011        15199712          0        500          0          0
   4       17     1789     2940      9258750032      9258752972        15202146          0        500          0          0
   4       17      517     2580      9258752997      9258755577        15205112          0        500          0          0
   4       17      517     2620      9258755602      9258758222        15207717          0        500          0          0
   4       17      511     2782      9258758246      9258761028        15210361          0        500          0          0
   4       17      511     2092      9258761053      9258763145        15213168          0        500          0          0
   4       17      511     2907      9258763168      9258766075        15215283          0        500          0          0
   4       17      511     1810      9258766104      9258767914        15218218          0        500          0          0
   4       17     2825     5860      9258767940      9258773799        15220054          0        500          0          0
   4       17      519     3719      9258773826      9258777544        15225940          0        500          0          0
   4       17      517     1860      9258777567      9258779427        15229682          0        500          0          0
   4       17      511     2316      9258779456      9258781771        15231571          0        500          0          0
   4       17      518     1682      9258781831      9258783513        15233946          0        500          0          0
   4       17      518     3280      9258783544      9258786824        15235659          0        500          0          0
   4       17      517     1762      9258786845      9258788606        15238959          0        500          0          0
   4       17      519     3262      9258788634      9258791896        15240749          0        500          0          0
   4       17      517     3344      9258791921      9258795265        15244036          0        500          0          0
   4       17      511     1680      9258795292      9258796972        15247407          0        500          0          0
   4       17      520     2165      9258796994      9258799159        15249109          0        500          0          0
   4       17      511     3050      9258799179      9258802229        15251294          0        500          0          0
   4       17      511     2289      9258802258      9258804547        15254372          0        500          0          0
   4       17      518     2928      9258804568      9258807496        15256683          0        500          0          0
   4       17     3603     5107      9258807514      9258812621        15259629          0        500          0          0
   4       17      519     2102      9258812647      9258814749        15264762          0        500          0          0
   4       17      519     2175      9258814775      9258816950        15266890          0        500          0          0
   4       17      516     2573      9258816987      9258819560        15269102          0        500          0          0
   4       17      517     2144      9258819583      9258821728        15271698          0        500          0          0
   4       17      519     2363      9258821749      9258824112        15273864          0        500          0          0
   4       17      511     2794      9258824139      9258826932        15276253          0        500          0          0
   4       17      736     2232      9258826954      9258829186        15279069          0        500          0          0
   4       17      511     2739      9258829208      9258831947        15281322          0        500          0          0
   4       17      518     2617      9258831972      9258834589        15284087          0        500          0          0
   4       17      519     2663      9258834613      9258837277        15286728          0        500          0          0
   4       17      511     2675      9258837303      9258839977        15289418          0        500          0          0
   4       17     2615     3156      9258840013      9258843170        15292128          0        500          0          0
   4       17      511     2880      9258843201      9258846081        15295316          0        500          0          0
   4       17      511     2202      9258846104      9258848307        15298219          0        500          0          0
   4       17      511     2600      9258848330      9258850930        15300445          0        500          0          0
   4       17      516     2783      9258850975      9258853758        15303090          0        500          0          0
   4       17      516     2741      9258853784      9258856525        15305899          0        500          0          0
   4       17     2753     3826      9258856553      9258860378        15308667          0        500          0          0
   4       17      511     2347      9258860403      9258862751        15312518          0        500          0          0
   4       17      520     2762      9258862775      9258865537        15314889          0        500          0          0
   4       17      517     2367      9258865562      9258867929        15317677          0        500          0          0
   4       17      520     2559      9258867950      9258870509        15320065          0        500          0          0
   4       17      517     2441      9258870569      9258873010        15322684          0        500          0          0
   4       17     2344     4404      9258873028      9258877431        15325142          0        500          0          0
   4       17     2670     3221      9258877455      9258880677        15329570          0        500          0          0
   4       17      518     2066      9258880697      9258882763        15332812          0        500          0          0
   4       17      516     2200      9258882782      9258884982        15334897          0        500          0          0
   4       17      511     2543      9258885014      9258887557        15337129          0        500          0          0
   4       17      516     2211      9258887580      9258889792        15339695          0        500          0          0
   4       17      516     3224      9258889816      9258893040        15341931          0        500          0          0
   4       17     1053     2769      9258893066      9258895835        15345181          0        500          0          0
   4       17      517     2179      9258895860      9258898039        15347975          0        500          0          0
   4       17      511     2756      9258898065      9258900822        15350180          0        500          0          0
   4       17      519     3121      9258900847      9258903968        15352961          0        500          0          0
   4       17      519     2136      9258903997      9258906134        15356112          0        500          0          0
   4       17      511     3695      9258906149      9258909844        15358264          0        500          0          0
   4       17      520     2681      9258909879      9258912560        15361994          0        500          0          0
   4       17     2012     3675      9258912585      9258916261        15364700          0        500          0          0
   4       17      511     3068      9258916285      9258919353        15368400          0        500          0          0
   4       17      511     2689      9258919385      9258922074        15371500          0        500          0          0
   4       17      511     2161      9258922103      9258924264        15374218          0        500          0          0
   4       17      511     1843      9258924283      9258926126        15376397          0        500          0          0
   4       17      511     2415      9258926152      9258928567        15378267          0        500          0          0
   4       17      519     2907      9258928592      9258931500        15380707          0        500          0          0
   4       17      519     2570      9258931530      9258934100        15383645          0        500          0          0
   4       17      511     2596      9258934123      9258936719        15386238          0        500          0          0
   4       17     2206     4283      9258936738      9258941021        15388853          0        500          0          0
   4       17      511     2043      9258941052      9258943095        15393167          0        500          0          0
   4       17      511     2076      9258943114      9258945190        15395228          0        500          0          0
   4       17      511     2712      9258945208      9258947920        15397323          0        500          0          0
   4       17      518     2402      9258947945      9258950346        15400059          0        500          0          0
   4       17      511     2586      9258950375      9258952961        15402490          0        500          0          0
   4       17     2638     4339      9258952986      9258957325        15405101          0        500          0          0
   4       17      511     1771      9258957350      9258959121        15409465          0        500          0          0
   4       17      511     2866      9258959142      9258962008        15411257          0        500          0          0
   4       17      511     2833      9258962070      9258964904        15414185          0        500          0          0
   4       17      519     2166      9258964929      9258967095        15417043          0        500          0          0
   4       17      511     1901      9258967111      9258969012        15419226          0        500          0          0
   4       17     2089     3565      9258969029      9258972594        15421143          0        500          0          0
   4       17      516     2338      9258972644      9258974982        15424759          0        500          0          0
   4       17      511     2655      9258975026      9258977682        15427141          0        500          0          0
   4       17      545     2423      9258977705      9258980128        15429820          0        500          0          0
   4       17      511     2400      9258980143      9258982544        15432258          0        500          0          0
   4       17     3369     4489      9258982562      9258987051        15434677          0        500          0          0
   4       17      511     2593      9258987076      9258989670        15439191          0        500          0          0
   4       17      517     2306      9258989691      9258991996        15441806          0        500          0          0
   4       17      511     2882      9258992032      9258994914        15444147          0        500          0          0
   4       17      520     2259      9258994939      9258997197        15447053          0        500          0          0
   4       17      511     2407      9258997224      9258999631        15449339          0        500          0          0
   4       17     1716     4425      9258999655      9259004080        15451770          0        500          0          0
   4       17     1726     2290      9259004113      9259006404        15456228          0        500          0          0
   4       17      511     1657      9259006424      9259008080        15458538          0        500          0          0
   4       17      511     2708      9259008100      9259010808        15460215          0        500          0          0
   4       17      517     2646      9259010826      9259013473        15462941          0        500          0          0
   4       17      518     2321      9259013492      9259015813        15465607          0        500          0          0
   4       17      522     2665      9259015835      9259018500        15467950          0        500          0          0
   4       17     3426     6112      9259018525      9259024637        15470640          0        500          0          0
   4       17      517     2687      9259024663      9259027350        15476778          0        500          0          0
   4       17      511     2756      9259027372      9259030128        15479487          0        500          0          0
   4       17      511     2489      9259030154      9259032644        15482269          0        500          0          0
   4       17      521     2714      9259032673      9259035388        15484788          0        500          0          0
   4       17      511     2217      9259035412      9259037629        15487527          0        500          0          0
   4       17      519     2461      9259037656      9259040117        15489771          0        500          0          0
   4       17      511     2583      9259040135      9259042719        15492250          0        500          0          0
   4       17      517     2764      9259042765      9259045529        15494880          0        500          0          0
   4       17      517     2445      9259045550      9259047995        15497665          0        500          0          0
   4       17      511     5919      9259048023      9259053942        15500138          0        500          0          0
   4       17      516     3104      9259053967      9259057070        15506082          0        500          0          0
   4       17      511     2751      9259057133      9259059883        15509248          0        500          0          0
   4       17      520     1627      9259059905      9259061532        15512020          0        500          0          0
   4       17      516     1482      9259061552      9259063034        15513667          0        500          0          0
   4       17      511     2434      9259063059      9259065494        15515174          0        500          0          0
   4       17      517     2824      9259065521      9259068345        15517635          0        500          0          0
   4       17      511     2738      9259068375      9259071112        15520489          0        500          0          0
   4       17      511     2669      9259071133      9259073802        15523248          0        500          0          0
   4       17     2588     3916      9259073819      9259077735        15525934          0        500          0          0
   4       17      537     1535      9259077768      9259079303        15529883          0        500          0          0
   4       17      511     2728      9259079329      9259082057        15531444          0        500          0          0
   4       17      511     2735      9259082082      9259084817        15534197          0        500          0          0
   4       17      522     2704      9259084849      9259087553        15536964          0        500          0          0
   4       17      516     2689      9259087574      9259090263        15539689          0        500          0          0
   4       17      511     4340      9259090283      9259094623        15542398          0        500          0          0
   4       17      518     2795      9259094650      9259097445        15546765          0        500          0          0
   4       17      511     1082      9259097468      9259098550        15549583          0        500          0          0
   4       17      517     2908      9259098569      9259101477        15550684          0        500          0          0
   4       17      517     1606      9259101497      9259103103        15553612          0        500          0          0
   4       17      511     2911      9259103120      9259106031        15555235          0        500          0          0
   4       17      511     2295      9259106062      9259108358        15558177          0        500          0          0
   4       17     1972     3168      9259108386      9259111554        15560501          0        500          0          0
   4       17      518     2289      9259111577      9259113866        15563692          0        500          0          0
   4       17      519     3086      9259113885      9259116971        15566000          0        500          0          0
   4       17      511     1987      9259117024      9259119011        15569139          0        500          0          0
   4       17      511     2717      9259119036      9259121753        15571151          0        500          0          0
   4       17     3924     4910      9259121796      9259126706        15573911          0        500          0          0
   4       17      520     2436      9259126741      9259129178        15578856          0        500          0          0
   4       17      511     2146      9259129202      9259131348        15581317          0        500          0          0
   4       17      511     2753      9259131372      9259134126        15583487          0        500          0          0
   4       17      511     2562      9259134147      9259136709        15586262          0        500          0          0
   4       17      520     2481      9259136739      9259139220        15588854          0        500          0          0
   4       17      511     2211      9259139239      9259141450        15591354          0        500          0          0
   4       17      511     4827      9259141469      9259146297        15593584          0        500          0          0
   4       17      511     2667      9259146360      9259149027        15598475          0        500          0          0
   4       17     2738     4459      9259149048      9259153507        15601163          0        500          0          0
   4       17      519     2491      9259153540      9259156030        15605655          0        500          0          0
   4       17      511     1348      9259156057      9259157405        15608171          0        500          0          0
   4       17     1615     2784      9259157433      9259160217        15609548          0        500          0          0
   4       17      511     2808      9259160245      9259163053        15612360          0        500          0          0
   4       17      511     2770      9259163082      9259165852        15615197          0        500          0          0
   4       17      518     2842      9259165885      9259168727        15617999          0        500          0          0
   4       17      519     2211      9259168745      9259170956        15620860          0        500          0          0
   4       17     2434     4224      9259170983      9259175207        15623098          0        500          0          0
   4       17      511     2690      9259175225      9259177915        15627340          0        500          0          0
   4       17      517     2174      9259177934      9259180108        15630049          0        500          0          0
   4       17      511     1073      9259180124      9259181197        15632239          0        500          0          0
   4       17      511     1602      9259181216      9259182818        15633331          0        500          0          0
   4       17      517     2135      9259182834      9259184970        15634949          0        500          0          0
   4       17      517     2155      9259184989      9259187144        15637104          0        500          0          0
   4       17      511     1668      9259187162      9259188830        15639277          0        500          0          0
   4       17     2141     4836      9259188848      9259193684        15640963          0        500          0          0
   4       17      517     2307      9259193702      9259196009        15645817          0        500          0          0
   4       17      511     1425      9259196032      9259197457        15648146          0        500          0          0
   4       17      511     1600      9259197474      9259199074        15649588          0        500          0          0
   4       17      511     1916      9259199092      9259201008        15651207          0        500          0          0
   4       17     1056     1829      9259201022      9259202851        15653137          0        500          0          0
   4       17      516     2132      9259202866      9259204999        15654981          0        500          0          0
   4       17      511     2128      9259205020      9259207148        15657135          0        500          0          0
   4       17      511     2666      9259207167      9259209833        15659282          0        500          0          0
   4       17      517     1599      9259209849      9259211448        15661964          0        500          0          0
   4       17      511     1598      9259211464      9259213062        15663579          0        500          0          0
   4       17      511     2128      9259213077      9259215205        15665192          0        500          0          0
   4       17      511     2137      9259215220      9259217356        15667335          0        500          0          0
   4       17      511     2136      9259217372      9259219508        15669487          0        500          0          0
   4       17     2137     3218      9259219526      9259222744        15671641          0        500          0          0
   4       17      516     2721      9259222785      9259225507        15674900          0        500          0          0
   4       17      518     2168      9259225571      9259227739        15677686          0        500          0          0
   4       17      517     1602      9259227760      9259229361        15679874          0        500          0          0
   4       17      511     2153      9259229379      9259231533        15681494          0        500          0          0
   4       17      517     2138      9259231549      9259233687        15683664          0        500          0          0
   4       17      516     1594      9259233706      9259235299        15685821          0        500          0          0
   4       17      511     2133      9259235316      9259237449        15687430          0        500          0          0
   4       17      511     2130      9259237468      9259239598        15689583          0        500          0          0
   4       17      516     1595      9259239614      9259241209        15691729          0        500          0          0
   4       17      511     2127      9259241226      9259243353        15693341          0        500          0          0
   4       17      511     2125      9259243368      9259245493        15695483          0        500          0          0
   4       17      517     1592      9259245509      9259247101        15697624          0        500          0          0
   4       17      511     2128      9259247116      9259249244        15699231          0        500          0          0
   4       17      511     2062      9259249261      9259251323        15701376          0        500          0          0
   4       17      511     1663      9259251344      9259253006        15703459          0        500          0          0
   4       17     1059     1709      9259253028      9259254737        15705143          0        500          0          0
   4       17      511     1613      9259255313      9259256926        15707428          0        500          0          0
   4       17      515     1676      9259257501      9259259178        15709616          0        500          0          0
   4       17      511     2188      9259259197      9259261385        15711312          0        500          0          0
   4       17      511     2723      9259261408      9259264131        15713523          0        500          0          0
   4       17      511     1478      9259264151      9259265629        15716266          0        500          0          0
   4       17      517     1701      9259265648      9259267349        15717763          0        500          0          0
   4       17      511     2129      9259267364      9259269493        15719479          0        500          0          0
   4       17      517     2032      9259269509      9259271542        15721624          0        500          0          0
   4       17      516     1694      9259271557      9259273251        15723671          0        500          0          0
   4       17     2707     3703      9259273268      9259276971        15725382          0        500          0          0
   4       17      516     1682      9259276985      9259278667        15729100          0        500          0          0
   4       17      516     1593      9259278683      9259280277        15730798          0        500          0          0
   4       17      511     2123      9259280292      9259282414        15732406          0        500          0          0
   4       17      511     2127      9259282430      9259284557        15734545          0        500          0          0
   4       17      517     1597      9259284571      9259286168        15736686          0        500          0          0
   4       17      511     1824      9259286185      9259288008        15738299          0        500          0          0
   4       17     1895     3516      9259288023      9259291539        15740138          0        500          0          0
   4       17      517     2133      9259291557      9259293691        15743672          0        500          0          0
   4       17      519     2201      9259293751      9259295953        15745866          0        500          0          0
   4       17      516     2118      9259295975      9259298093        15748090          0        500          0          0
   4       17      511     1589      9259298111      9259299700        15750226          0        500          0          0
   4       17      516     1824      9259299717      9259301541        15751832          0        500          0          0
   4       17      516     1950      9259301555      9259303505        15753670          0        500          0          0
   4       17     2661     3190      9259303520      9259306710        15755634          0        500          0          0
   4       17      516     1636      9259306723      9259308358        15758837          0        500          0          0
   4       17      511     1593      9259308376      9259309969        15760491          0        500          0          0
   4       17      517     2137      9259309983      9259312120        15762098          0        500          0          0
   4       17      511     1591      9259312135      9259313726        15764250          0        500          0          0
   4       17      517     2130      9259313741      9259315871        15765855          0        500          0          0
   4       17      516     2132      9259315886      9259318018        15768001          0        500          0          0
   4       17      511     2134      9259318033      9259320167        15770147          0        500          0          0
   4       17      511     1588      9259320182      9259321771        15772297          0        500          0          0
   4       17     1054     2159      9259321784      9259323943        15773899          0        500          0          0
   4       17      534     2161      9259323961      9259326123        15776076          0        500          0          0
   4       17      511     2179      9259326139      9259328319        15778254          0        500          0          0
   4       17      511     2171      9259328339      9259330510        15780454          0        500          0          0
   4       17     2171     3761      9259330527      9259334288        15782642          0        500          0          0
   4       17      511     1621      9259334304      9259335925        15786419          0        500          0          0
   4       17      516     2045      9259335965      9259338010        15788080          0        500          0          0
   4       17      511     1701      9259338027      9259339728        15790142          0        500          0          0
   4       17      516     1593      9259339743      9259341335        15791857          0        500          0          0
   4       17      511     1589      9259341351      9259342940        15793466          0        500          0          0
   4       17      516     2130      9259342954      9259345084        15795069          0        500          0          0
   4       17      511     2132      9259345099      9259347232        15797214          0        500          0          0
   4       17      511     1589      9259347245      9259348835        15799360          0        500          0          0
   4       17     2122     3743      9259348851      9259352594        15800966          0        500          0          0
   4       17      517     2670      9259352612      9259355281        15804727          0        500          0          0
   4       17      511     2129      9259355298      9259357426        15807412          0        500          0          0
   4       17      511     2143      9259357443      9259359586        15809558          0        500          0          0
   4       17      517     1601      9259359602      9259361203        15811717          0        500          0          0
   4       17      511     1595      9259361218      9259362814        15813333          0        500          0          0
   4       17      517     2184      9259362877      9259365061        15814992          0        500          0          0
   4       17      511     2182      9259365079      9259367261        15817194          0        500          0          0
   4       17      511     2150      9259367277      9259369427        15819392          0        500          0          0
   4       17      511     2129      9259369442      9259371571        15821557          0        500          0          0
   4       17     2662     4273      9259371587      9259375860        15823702          0        500          0          0
   4       17      517     2125      9259375874      9259377999        15827989          0        500          0          0
   4       17      511     1525      9259378020      9259379544        15830134          0        500          0          0
   4       17      518     1670      9259379558      9259381228        15831673          0        500          0          0
   4       17      511     2135      9259381244      9259383378        15833358          0        500          0          0
   4       17      511     1588      9259383392      9259384979        15835507          0        500          0          0
   4       17      516     2141      9259384995      9259387136        15837110          0        500          0          0
   4       17      511     2133      9259387151      9259389284        15839265          0        500          0          0
   4       17      511     2131      9259389299      9259391430        15841414          0        500          0          0
   4       17      511     1598      9259391446      9259393044        15843561          0        500          0          0
   4       17      511     2135      9259393060      9259395195        15845175          0        500          0          0
   4       17      511     2137      9259395211      9259397348        15847326          0        500          0          0
   4       17      511     1632      9259397366      9259398998        15849480          0        500          0          0
   4       17      511     2128      9259399020      9259401148        15851135          0        500          0          0
   4       17      511     2059      9259401163      9259403223        15853278          0        500          0          0
   4       17      511     1746      9259403237      9259404983        15855352          0        500          0          0
   4       17      516     1610      9259405000      9259406610        15857114          0        500          0          0
   4       17      511     1606      9259407185      9259408790        15859299          0        500          0          0
   4       17      517     2126      9259408805      9259410931        15860920          0        500          0          0
   4       17      516     2130      9259410945      9259413075        15863059          0        500          0          0
   4       17      511     3081      9259413090      9259416171        15865205          0        500          0          0
   4       17      511     1198      9259416185      9259417384        15868300          0        500          0          0
   4       17     1638     3258      9259417399      9259420656        15869514          0        500          0          0
   4       17      516     2137      9259420676      9259422813        15872790          0        500          0          0
   4       17      517     2161      9259422830      9259424991        15874945          0        500          0          0
   4       17      511     1575      9259425014      9259426589        15877128          0        500          0          0
   4       17      517     2142      9259426605      9259428748        15878720          0        500          0          0
   4       17      516     2132      9259428763      9259430895        15880878          0        500          0          0
   4       17      518     2096      9259430913      9259433009        15883028          0        500          0          0
   4       17      511     1589      9259433023      9259434611        15885138          0        500          0          0
   4       17      518     1679      9259434663      9259436343        15886778          0        500          0          0
   4       17     6784     7333      9259436371      9259443704        15888486          0        500          0          0
   4       17      518     1602      9259443723      9259445326        15895838          0        500          0          0
   4       17      511     1595      9259445342      9259446937        15897457          0        500          0          0
   4       17      516     2141      9259446952      9259449093        15899067          0        500          0          0
   4       17      511     1587      9259449106      9259450694        15901221          0        500          0          0
   4       17      517     2136      9259450708      9259452844        15902823          0        500          0          0
   4       17      516     4156      9259452860      9259457016        15904975          0        500          0          0
   4       17      511     3815      9259457043      9259460858        15909158          0        500          0          0
   4       17      517     2174      9259460898      9259463072        15913013          0        500          0          0
   4       17      511     2156      9259463093      9259465248        15915207          0        500          0          0
   4       17      511     1618      9259465263      9259466881        15917378          0        500          0          0
   4       17      516     5155      9259466918      9259472073        15919032          0        500          0          0
   4       17      511     2189      9259472105      9259474294        15924220          0        500          0          0
   4       17      511     2177      9259474311      9259476488        15926426          0        500          0          0
   4       17      516     2134      9259476504      9259478638        15928619          0        500          0          0
   4       17      516     1599      9259478653      9259480252        15930768          0        500          0          0
   4       17      511     2192      9259480267      9259482459        15932382          0        500          0          0
   4       17      511     4546      9259482476      9259487023        15934591          0        500          0          0
   4       17      511     3839      9259487060      9259490898        15939174          0        500          0          0
   4       17      516     2151      9259490921      9259493072        15943036          0        500          0          0
   4       17      511     2140      9259493090      9259495230        15945205          0        500          0          0
   4       17      511     2680      9259495248      9259497928        15947363          0        500          0          0
   4       17      517     5489      9259497946      9259503435        15950061          0        500          0          0
   4       17      511     1076      9259503458      9259504534        15955573          0        500          0          0
   4       17      517     1641      9259504549      9259506190        15956664          0        500          0          0
   4       17      511     1827      9259506206      9259508033        15958321          0        500          0          0
   4       17      511     2732      9259508060      9259510791        15960175          0        500          0          0
   4       17      516     2655      9259510825      9259513480        15962940          0        500          0          0
   4       17      519     2765      9259513503      9259516268        15965618          0        500          0          0
   4       17      511     2230      9259516285      9259518516        15968400          0        500          0          0
   4       17     2746     4482      9259518537      9259523019        15970652          0        500          0          0
   4       17     2197     4454      9259523051      9259527504        15975165          0        500          0          0
   4       17      518     2206      9259527568      9259529774        15979683          0        500          0          0
   4       17      519     2327      9259529795      9259532121        15981909          0        500          0          0
   4       17      511     1863      9259532146      9259534009        15984260          0        500          0          0
   4       17      511     1988      9259534023      9259536011        15986138          0        500          0          0
   4       17      511     2611      9259536027      9259538637        15988142          0        500          0          0
   4       17      517     2976      9259538655      9259541631        15990770          0        500          0          0
   4       17      517     1709      9259541652      9259543361        15993767          0        500          0          0
   4       17     2456     3658      9259543383      9259547041        15995498          0        500          0          0
   4       17      511     4461      9259547072      9259551533        15999187          0        500          0          0
   4       17      519     2302      9259551565      9259553867        16003679          0        500          0          0
   4       17      519     2950      9259553894      9259556844        16006008          0        500          0          0
   4       17      517     2181      9259556871      9259559052        16008986          0        500          0          0
   4       17      511     1705      9259559070      9259560774        16011184          0        500          0          0
   4       17      518     1885      9259560803      9259562688        16012918          0        500          0          0
   4       17     2455     3419      9259562716      9259566135        16014830          0        500          0          0
   4       17      511     4708      9259566157      9259570865        16018272          0        500          0          0
   4       17      518     2281      9259570889      9259573170        16023004          0        500          0          0
   4       17      511     1662      9259573196      9259574858        16025310          0        500          0          0
   4       17      517     2588      9259574876      9259577464        16026991          0        500          0          0
   4       17      511     3008      9259577482      9259580491        16029597          0        500          0          0
   4       17      516     2542      9259580512      9259583055        16032627          0        500          0          0
   4       17      511     2632      9259583075      9259585707        16035190          0        500          0          0
   4       17     2233     4404      9259585733      9259590137        16037847          0        500          0          0
   4       17      511     3465      9259590168      9259593633        16042283          0        500          0          0
   4       17      523     1890      9259593664      9259595554        16045779          0        500          0          0
   4       17      516     2017      9259595572      9259597589        16047686          0        500          0          0
   4       17      518     2707      9259597612      9259600319        16049727          0        500          0          0
   4       17      511     2667      9259600344      9259603011        16052458          0        500          0          0
   4       17      511     2454      9259603029      9259605483        16055144          0        500          0          0
   4       17      521     2114      9259605513      9259607628        16057628          0        500          0          0
   4       17     2079     3172      9259607653      9259610825        16059768          0        500          0          0
   4       17      520     3329      9259610842      9259614172        16062957          0        500          0          0
   4       17      511     1578      9259614194      9259615771        16066309          0        500          0          0
   4       17      519     2346      9259615819      9259618165        16067934          0        500          0          0
   4       17      511     3254      9259618188      9259621442        16070303          0        500          0          0
   4       17      511     2728      9259621466      9259624194        16073581          0        500          0          0
   4       17      511     2182      9259624223      9259626405        16076338          0        500          0          0
   4       17      511     2727      9259626430      9259629157        16078545          0        500          0          0
   4       17      511     2186      9259629179      9259631365        16081294          0        500          0          0
   4       17      511     2816      9259631390      9259634206        16083504          0        500          0          0
   4       17      511     2251      9259634221      9259636472        16086336          0        500          0          0
   4       17     3765     4333      9259636495      9259640827        16088609          0        500          0          0
   4       17      518     1635      9259640851      9259642486        16092965          0        500          0          0
   4       17      517     2551      9259642502      9259645053        16094617          0        500          0          0
   4       17      511     2114      9259645076      9259647190        16097190          0        500          0          0
   4       17      511     2969      9259647211      9259650179        16099325          0        500          0          0
   4       17      511     2314      9259650199      9259652513        16102314          0        500          0          0
   4       17     3110     4746      9259652538      9259657284        16104653          0        500          0          0
   4       17      511     1085      9259657318      9259658403        16109433          0        500          0          0
   4       17      511     3187      9259658420      9259661607        16110534          0        500          0          0
   4       17      543     2220      9259661636      9259663856        16113751          0        500          0          0
   4       17      516     2748      9259663872      9259666621        16115987          0        500          0          0
   4       17      517     2703      9259666639      9259669342        16118753          0        500          0          0
   4       17     1515     3309      9259669362      9259672672        16121477          0        500          0          0
   4       17      516     2160      9259672722      9259674882        16124837          0        500          0          0
   4       17      516     2159      9259674918      9259677077        16127033          0        500          0          0
   4       17      511     2139      9259677095      9259679234        16129209          0        500          0          0
   4       17      511     1075      9259679252      9259680326        16131367          0        500          0          0
   4       17      511     1592      9259680342      9259681934        16132457          0        500          0          0
   4       17      518     2135      9259681950      9259684085        16134065          0        500          0          0
   4       17      511     2130      9259684100      9259686231        16136215          0        500          0          0
   4       17      511     2127      9259686246      9259688373        16138361          0        500          0          0
   4       17      511     3203      9259688389      9259691592        16140504          0        500          0          0
   4       17      516     2479      9259691607      9259694086        16143722          0        500          0          0
   4       17      511     2322      9259694101      9259696423        16146216          0        500          0          0
   4       17      511     2130      9259696437      9259698567        16148552          0        500          0          0
   4       17      518     1621      9259698618      9259700239        16150733          0        500          0          0
   4       17      511     2171      9259700254      9259702425        16152369          0        500          0          0
   4       17      511     1616      9259702440      9259704056        16154555          0        500          0          0
   4       17      511     1934      9259704074      9259706008        16156189          0        500          0          0
   4       17     1055     1797      9259706024      9259707821        16158139          0        500          0          0
   4       17     2131     3753      9259707836      9259711589        16159951          0        500          0          0
   4       17      517     2129      9259711604      9259713733        16163718          0        500          0          0
   4       17      516     2134      9259713747      9259715881        16165862          0        500          0          0
   4       17      516     2134      9259715896      9259718030        16168010          0        500          0          0
   4       17      511     1497      9259718045      9259719542        16170160          0        500          0          0
   4       17      518     1603      9259719558      9259721161        16171672          0        500          0          0
   4       17      511     2237      9259721179      9259723416        16173294          0        500          0          0
   4       17      511     1597      9259723432      9259725029        16175546          0        500          0          0
   4       17      511     1964      9259725045      9259727008        16177160          0        500          0          0
   4       17     1760     3380      9259727023      9259730404        16179138          0        500          0          0
   4       17      511     2131      9259730420      9259732550        16182534          0        500          0          0
   4       17      516     1599      9259732566      9259734165        16184681          0        500          0          0
   4       17      511     1603      9259734183      9259735786        16186298          0        500          0          0
   4       17      517     2132      9259735803      9259737934        16187917          0        500          0          0
   4       17      516     2203      9259737950      9259740154        16190065          0        500          0          0
   4       17      511     1691      9259740169      9259741860        16192284          0        500          0          0
   4       17     2153     3813      9259741881      9259745693        16193996          0        500          0          0
   4       17      519     2170      9259745743      9259747913        16197858          0        500          0          0
   4       17      516     1607      9259747951      9259749557        16200065          0        500          0          0
   4       17      517     2133      9259749571      9259751704        16201686          0        500          0          0
   4       17      517     1600      9259751719      9259753319        16203834          0        500          0          0
   4       17      511     2124      9259753332      9259755456        16205447          0        500          0          0
   4       17      511     2126      9259755471      9259757597        16207586          0        500          0          0
   4       17     3733     4813      9259757610      9259762423        16209725          0        500          0          0
   4       17      511     2570      9259762440      9259765010        16214554          0        500          0          0
   4       17      511     1077      9259765026      9259766103        16217141          0        500          0          0
   4       17      511     1156      9259766117      9259767273        16218232          0        500          0          0
   4       17     2122     3673      9259767288      9259770961        16219403          0        500          0          0
   4       17      511     2191      9259771063      9259773254        16223178          0        500          0          0
   4       17      511     2125      9259773269      9259775394        16225384          0        500          0          0
   4       17      511     2123      9259775410      9259777533        16227525          0        500          0          0
   4       17      517     2125      9259777547      9259779672        16229662          0        500          0          0
   4       17      517     1593      9259779687      9259781280        16231802          0        500          0          0
   4       17      511     1585      9259781296      9259782880        16233410          0        500          0          0
   4       17      516     2137      9259782895      9259785032        16235010          0        500          0          0
   4       17      511     2135      9259785049      9259787184        16237163          0        500          0          0
   4       17      511     2123      9259787199      9259789321        16239313          0        500          0          0
   4       17      511     2657      9259789337      9259791994        16241451          0        500          0          0
   4       17      511     2664      9259792015      9259794679        16244130          0        500          0          0
   4       17      519     2139      9259794696      9259796834        16246810          0        500          0          0
   4       17      517     2132      9259796847      9259798979        16248962          0        500          0          0
   4       17      516     2090      9259798993      9259801083        16251107          0        500          0          0
   4       17      511     1982      9259801097      9259803079        16253212          0        500          0          0
   4       17      511     1587      9259803093      9259804681        16255208          0        500          0          0
   4       17      517     1792      9259804695      9259806486        16256809          0        500          0          0
   4       17      517     2175      9259806502      9259808677        16258617          0        500          0          0
   4       17      516     2127      9259808695      9259810822        16260809          0        500          0          0
   4       17      516     1613      9259810838      9259812451        16262953          0        500          0          0
   4       17      511     2593      9259812466      9259815060        16264581          0        500          0          0
   4       17      511     1679      9259815074      9259816754        16267189          0        500          0          0
   4       17      535     1680      9259816771      9259818451        16268886          0        500          0          0
   4       17      511     2135      9259818468      9259820603        16270583          0        500          0          0
   4       17      516     1592      9259820618      9259822210        16272733          0        500          0          0
   4       17      511     2129      9259822225      9259824353        16274339          0        500          0          0
   4       17      511     2132      9259824370      9259826502        16276485          0        500          0          0
   4       17      516     2128      9259826519      9259828647        16278634          0        500          0          0
   4       17      517     1602      9259828664      9259830267        16280779          0        500          0          0
   4       17      511     2132      9259830283      9259832414        16282398          0        500          0          0
   4       17      511     2135      9259832431      9259834566        16284546          0        500          0          0
   4       17      517     2128      9259834582      9259836710        16286697          0        500          0          0
   4       17     2124     2688      9259836727      9259839414        16288841          0        500          0          0
   4       17      511     2117      9259839466      9259841583        16291581          0        500          0          0
   4       17      516     2128      9259841600      9259843728        16293715          0        500          0          0
   4       17      517     1591      9259843743      9259845335        16295858          0        500          0          0
   4       17      511     2123      9259845351      9259847474        16297465          0        500          0          0
   4       17      516     2122      9259847489      9259849611        16299604          0        500          0          0
   4       17     2122     4275      9259849627      9259853902        16301742          0        500          0          0
   4       17      517     3197      9259853919      9259857117        16306034          0        500          0          0
   4       17      511     1590      9259857135      9259858725        16309250          0        500          0          0
   4       17      516     2131      9259858741      9259860872        16310856          0        500          0          0
   4       17      517     1604      9259860890      9259862493        16313004          0        500          0          0
   4       17      517     1600      9259862510      9259864110        16314625          0        500          0          0
   4       17      511     2136      9259864127      9259866264        16316242          0        500          0          0
   4       17      511     2127      9259866280      9259868407        16318395          0        500          0          0
   4       17      511     2132      9259868427      9259870559        16320541          0        500          0          0
   4       17      518     1599      9259870575      9259872174        16322690          0        500          0          0
   4       17      511     2594      9259872191      9259874785        16324306          0        500          0          0
   4       17      517     1593      9259874801      9259876394        16326916          0        500          0          0
   4       17      511     1674      9259876411      9259878086        16328526          0        500          0          0
   4       17      511     2725      9259878100      9259880825        16330215          0        500          0          0
   4       17      516     1620      9259880842      9259882462        16332957          0        500          0          0
   4       17      511     1647      9259882477      9259884124        16334592          0        500          0          0
   4       17      511     2724      9259884140      9259886864        16336255          0        500          0          0
   4       17      516     1619      9259886908      9259888527        16339022          0        500          0          0
   4       17      517     2138      9259888546      9259890684        16340660          0        500          0          0
   4       17      517     1844      9259890702      9259892547        16342817          0        500          0          0
   4       17      517     1895      9259892563      9259894459        16344678          0        500          0          0
   4       17      511     2131      9259894474      9259896605        16346589          0        500          0          0
   4       17     3203     4823      9259896624      9259901448        16348739          0        500          0          0
   4       17      511     1593      9259901464      9259903057        16353579          0        500          0          0
   4       17      511     2129      9259903073      9259905202        16355188          0        500          0          0
   4       17      511     1792      9259905217      9259907008        16357332          0        500          0          0
   4       17      511     1589      9259907024      9259908613        16359139          0        500          0          0
   4       17      517     1937      9259908627      9259910564        16360742          0        500          0          0
   4       17      518     2158      9259910620      9259912778        16362735          0        500          0          0
   4       17      516     2146      9259912815      9259914961        16364929          0        500          0          0
   4       17      516     2136      9259914999      9259917135        16367113          0        500          0          0
   4       17      511     2138      9259917151      9259919289        16369266          0        500          0          0
   4       17      511     1591      9259919309      9259920900        16371424          0        500          0          0
   4       17      517     2135      9259920917      9259923052        16373032          0        500          0          0
   4       17      511     2137      9259923070      9259925207        16375184          0        500          0          0
   4       17      511     1589      9259925225      9259926814        16377340          0        500          0          0
   4       17      517     2141      9259926831      9259928972        16378945          0        500          0          0
   4       17      517     4300      9259928989      9259933289        16381104          0        500          0          0
   4       17      511     6323      9259933311      9259939634        16385426          0        500          0          0
   4       17      517     1591      9259939651      9259941242        16391766          0        500          0          0
   4       17      511     1588      9259941255      9259942843        16393370          0        500          0          0
   4       17      516     1591      9259942856      9259944446        16394971          0        500          0          0
   4       17      511     2125      9259944459      9259946584        16396574          0        500          0          0
   4       17      517     2119      9259946597      9259948716        16398712          0        500          0          0
   4       17      517     5383      9259948729      9259954111        16400844          0        500          0          0
   4       17      511     2690      9259954132      9259956822        16406247          0        500          0          0
   4       17      516     2138      9259956843      9259958981        16408958          0        500          0          0
   4       17      516     2219      9259958999      9259961219        16411114          0        500          0          0
   4       17      511     2802      9259961243      9259964045        16413357          0        500          0          0
   4       17     1080     7768      9259964072      9259971839        16416186          0        500          0          0
   4       17      516     1086      9259971887      9259972973        16424002          0        500          0          0
   4       17      516     1555      9259972991      9259974545        16425105          0        500          0          0
   4       17      516     1600      9259974561      9259976161        16426676          0        500          0          0
   4       17      511     1101      9259976179      9259977279        16428293          0        500          0          0
   4       17      511     2675      9259977295      9259979970        16429410          0        500          0          0
   4       17      517     4028      9259979986      9259984014        16432100          0        500          0          0
   4       17      511     2736      9259984041      9259986776        16436155          0        500          0          0
   4       17      511     2156      9259987354      9259989509        16439468          0        500          0          0
   4       17      516     2675      9259989526      9259992201        16441641          0        500          0          0
   4       17      511     4493      9259992218      9259996711        16444333          0        500          0          0
   4       17      516     2289      9259996737      9259999025        16448852          0        500          0          0
   4       17      511     2397      9259999100      9260001497        16451215          0        500          0          0
   4       17      520     1651      9260001525      9260003176        16453640          0        500          0          0
   4       17      511     2591      9260003196      9260005786        16455310          0        500          0          0
   4       17     1597     3223      9260005804      9260009026        16457918          0        500          0          0
   4       17      511     1753      9260009048      9260010801        16461163          0        500          0          0
   4       17      519     3156      9260010819      9260013975        16462934          0        500          0          0
   4       17      516     2585      9260013993      9260016578        16466108          0        500          0          0
   4       17      517     2062      9260016595      9260018657        16468709          0        500          0          0
   4       17      518     2237      9260018683      9260020920        16470797          0        500          0          0
   4       17     2123     3065      9260020948      9260024012        16473063          0        500          0          0
   4       17      511     2400      9260024043      9260026443        16476158          0        500          0          0
   4       17      511     2684      9260026470      9260029154        16478585          0        500          0          0
   4       17      511     2774      9260029175      9260031949        16481290          0        500          0          0
   4       17      522     2267      9260031976      9260034244        16484091          0        500          0          0
   4       17      511     2251      9260034268      9260036519        16486383          0        500          0          0
   4       17     3635     4303      9260036545      9260040848        16488660          0        500          0          0
   4       17      517     2075      9260040873      9260042948        16492988          0        500          0          0
   4       17      516     2087      9260042974      9260045061        16495088          0        500          0          0
   4       17     2604     4685      9260045081      9260049766        16497196          0        500          0          0
   4       17      517     2287      9260049789      9260052076        16501904          0        500          0          0
   4       17      511     2190      9260052109      9260054299        16504224          0        500          0          0
   4       17      511     2483      9260054325      9260056809        16506440          0        500          0          0
   4       17      546     2805      9260056834      9260059640        16508949          0        500          0          0
   4       17      518     1753      9260059663      9260061416        16511778          0        500          0          0
   4       17     1400     3099      9260061443      9260064542        16513558          0        500          0          0
   4       17     3580     4152      9260064570      9260068722        16516684          0        500          0          0
   4       17      520     1518      9260068744      9260070262        16520858          0        500          0          0
   4       17      511     2005      9260070287      9260072292        16522402          0        500          0          0
   4       17      511     3176      9260072317      9260075493        16524432          0        500          0          0
   4       17      520     2297      9260075523      9260077820        16527638          0        500          0          0
   4       17      520     2182      9260077847      9260080028        16529962          0        500          0          0
   4       17      511     3822      9260080047      9260083869        16532162          0        500          0          0
   4       17      517     2185      9260083893      9260086078        16536007          0        500          0          0
   4       17      511     2677      9260086150      9260088827        16538265          0        500          0          0
   4       17      517     2156      9260088848      9260091004        16540963          0        500          0          0
   4       17      511     2306      9260091036      9260093342        16543151          0        500          0          0
   4       17     2289     6155      9260093366      9260099521        16545481          0        500          0          0
   4       17      517     2211      9260099547      9260101758        16551661          0        500          0          0
   4       17      516     3572      9260101776      9260105348        16553891          0        500          0          0
   4       17      511     1622      9260105373      9260106995        16557487          0        500          0          0
   4       17      511     2151      9260107019      9260109170        16559134          0        500          0          0
   4       17      511     2660      9260109189      9260111849        16561304          0        500          0          0
   4       17      517     2622      9260111896      9260114518        16564011          0        500          0          0
   4       17      516     2644      9260114535      9260117180        16566650          0        500          0          0
   4       17      511     2737      9260117198      9260119935        16569313          0        500          0          0
   4       17      517     3255      9260119959      9260123214        16572074          0        500          0          0
   4       17      511     1671      9260123237      9260124907        16575351          0        500          0          0
   4       17      520     2651      9260124929      9260127580        16577044          0        500          0          0
   4       17      519     3413      9260127602      9260131015        16579717          0        500          0          0
   4       17      511     2048      9260131036      9260133084        16583151          0        500          0          0
   4       17      511     2662      9260133104      9260135766        16585219          0        500          0          0
   4       17     2084     4176      9260135809      9260139985        16587924          0        500          0          0
   4       17      511     2600      9260140022      9260142622        16592136          0        500          0          0
   4       17      518     2204      9260142648      9260144851        16594763          0        500          0          0
   4       17      516     2122      9260144889      9260147012        16597004          0        500          0          0
   4       17      511     1947      9260147028      9260148975        16599143          0        500          0          0
   4       17      511     2581      9260149013      9260151594        16601128          0        500          0          0
   4       17      517     2647      9260151616      9260154263        16603730          0        500          0          0
   4       17      511     4550      9260154284      9260158834        16606398          0        500          0          0
   4       17      519     3187      9260158866      9260162053        16610981          0        500          0          0
   4       17      511     2136      9260162072      9260164208        16614187          0        500          0          0
   4       17      511     2081      9260164235      9260166317        16616350          0        500          0          0
   4       17     1650     3922      9260166340      9260170263        16618455          0        500          0          0
   4       17      511     4015      9260170290      9260174305        16622405          0        500          0          0
   4       17      511     1652      9260174329      9260175981        16626444          0        500          0          0
   4       17      511     1527      9260176009      9260177536        16628123          0        500          0          0
   4       17      536     2762      9260177591      9260180353        16629705          0        500          0          0
   4       17      511     2199      9260180382      9260182581        16632497          0        500          0          0
   4       17      518     2844      9260182600      9260185444        16634715          0        500          0          0
   4       17      511     4393      9260185477      9260189870        16637592          0        500          0          0
   4       17      520     2723      9260189894      9260192616        16642008          0        500          0          0
   4       17      518     1732      9260192638      9260194370        16644753          0        500          0          0
   4       17      511     2170      9260194389      9260196558        16646503          0        500          0          0
   4       17      517     2702      9260196582      9260199284        16648697          0        500          0          0
   4       17      511     2197      9260199309      9260201506        16651424          0        500          0          0
   4       17      516     2305      9260201528      9260203833        16653642          0        500          0          0
   4       17      517     2713      9260203857      9260206570        16655971          0        500          0          0
   4       17     3492     4058      9260206590      9260210648        16658704          0        500          0          0
   4       17      519     1422      9260210670      9260212093        16662785          0        500          0          0
   4       17      511     2757      9260212118      9260214876        16664233          0        500          0          0
   4       17      517     2823      9260214891      9260217714        16667006          0        500          0          0
   4       17      521     2894      9260217743      9260220638        16669858          0        500          0          0
   4       17      517     2489      9260220659      9260223148        16672774          0        500          0          0
   4       17      511     4843      9260223170      9260228013        16675285          0        500          0          0
   4       17      511     2243      9260228037      9260230279        16680151          0        500          0          0
   4       17      511     1761      9260230308      9260232068        16682422          0        500          0          0
   4       17      511     2328      9260232094      9260234422        16684209          0        500          0          0
   4       17     1656     3117      9260234453      9260237570        16686568          0        500          0          0
   4       17      543     2101      9260237600      9260239701        16689715          0        500          0          0
   4       17      521     2792      9260239727      9260242518        16691841          0        500          0          0
   4       17     4200     4887      9260242538      9260247424        16694652          0        500          0          0
   4       17      511     2331      9260247455      9260249786        16699569          0        500          0          0
   4       17      518     1644      9260249813      9260251457        16701928          0        500          0          0
   4       17      511     3090      9260251482      9260254572        16703596          0        500          0          0
   4       17      520     2463      9260254605      9260257068        16706720          0        500          0          0
   4       17      511     2186      9260257096      9260259282        16709210          0        500          0          0
   4       17      511     2730      9260259307      9260262036        16711421          0        500          0          0
   4       17      511     1929      9260262060      9260263990        16714175          0        500          0          0
   4       17     4555     5127      9260264023      9260269149        16716137          0        500          0          0
   4       17      511     2147      9260269210      9260271358        16721325          0        500          0          0
   4       17      511     2074      9260271374      9260273448        16723489          0        500          0          0
   4       17      511     2543      9260273468      9260276012        16725583          0        500          0          0
   4       17      511     1979      9260276031      9260278010        16728146          0        500          0          0
   4       17      511     1655      9260278028      9260279682        16730142          0        500          0          0
   4       17     2587     5327      9260279709      9260285036        16731823          0        500          0          0
   4       17      511     2245      9260285068      9260287313        16737183          0        500          0          0
   4       17      511     1632      9260287340      9260288972        16739455          0        500          0          0
   4       17      517     2185      9260288989      9260291175        16741104          0        500          0          0
   4       17      511     2834      9260291199      9260294032        16743313          0        500          0          0
   4       17      511     2816      9260294056      9260296872        16746171          0        500          0          0
   4       17      517     2217      9260296896      9260299113        16749011          0        500          0          0
   4       17      511     4820      9260299136      9260303957        16751251          0        500          0          0
   4       17      517     2572      9260303998      9260306569        16756113          0        500          0          0
   4       17      517     2021      9260306588      9260308609        16758703          0        500          0          0
   4       17      517     2101      9260308628      9260310728        16760742          0        500          0          0
   4       17      516     2163      9260310773      9260312935        16762887          0        500          0          0
   4       17     1079     3100      9260312953      9260316053        16765068          0        500          0          0
   4       17      511     2207      9260316072      9260318279        16768187          0        500          0          0
   4       17     4752     5327      9260318304      9260323631        16770419          0        500          0          0
   4       17      520     3823      9260323656      9260327480        16775771          0        500          0          0
   4       17      517     1699      9260327503      9260329202        16779618          0        500          0          0
   4       17      511     1807      9260329229      9260331036        16781344          0        500          0          0
   4       17      511     2579      9260331065      9260333644        16783180          0        500          0          0
   4       17      516     2760      9260333663      9260336423        16785777          0        500          0          0
   4       17      511     2274      9260336451      9260338725        16788566          0        500          0          0
   4       17      521     2766      9260338758      9260341524        16790873          0        500          0          0
   4       17     3181     3749      9260341545      9260345294        16793660          0        500          0          0
   4       17      511     1634      9260345320      9260346955        16797435          0        500          0          0
   4       17      515     2579      9260346970      9260349549        16799085          0        500          0          0
   4       17      517     2647      9260349566      9260352213        16801681          0        500          0          0
   4       17      511     2144      9260352249      9260354393        16804364          0        500          0          0
   4       17      511     3232      9260354420      9260357652        16806535          0        500          0          0
   4       17     2666     4515      9260357717      9260362232        16809832          0        500          0          0
   4       17     1108     2813      9260362265      9260365078        16814380          0        500          0          0
   4       17      511     1920      9260365108      9260367027        16817222          0        500          0          0
   4       17      511     2261      9260367050      9260369311        16819165          0        500          0          0
   4       17      511     2583      9260369337      9260371919        16821451          0        500          0          0
   4       17      518     2914      9260371944      9260374858        16824059          0        500          0          0
   4       17      519     2582      9260374885      9260377467        16827000          0        500          0          0
   4       17      511     4192      9260377487      9260381679        16829602          0        500          0          0
   4       17      519     5054      9260381709      9260386763        16833824          0        500          0          0
   4       17      519     2715      9260386787      9260389502        16838902          0        500          0          0
   4       17      520     4378      9260389529      9260393907        16841643          0        500          0          0
   4       17      544     1115      9260393943      9260395058        16846057          0        500          0          0
   4       17      511     2604      9260395078      9260397682        16847193          0        500          0          0
   4       17      517     1810      9260397707      9260399517        16849822          0        500          0          0
   4       17      515     2757      9260399535      9260402292        16851650          0        500          0          0
   4       17      511     1641      9260402314      9260403955        16854429          0        500          0          0
   4       17      517     2748      9260403973      9260406721        16856088          0        500          0          0
   4       17      511     2304      9260407024      9260409328        16859139          0        500          0          0
   4       17     4598     6250      9260409359      9260415608        16861474          0        500          0          0
   4       17      517     2660      9260415631      9260418292        16867746          0        500          0          0
   4       17      511     2793      9260418315      9260421108        16870430          0        500          0          0
   4       17      511     1634      9260421136      9260422770        16873251          0        500          0          0
   4       17      518     2090      9260422786      9260424877        16874901          0        500          0          0
   4       17     1037     2601      9260424901      9260427502        16877016          0        500          0          0
   4       17      544     2788      9260427527      9260430314        16879642          0        500          0          0
   4       17      511     2766      9260430340      9260433105        16882454          0        500          0          0
   4       17      511     2150      9260433123      9260435272        16885237          0        500          0          0
   4       17     2042     3039      9260435299      9260438338        16887414          0        500          0          0
   4       17      511     2721      9260438370      9260441091        16890485          0        500          0          0
   4       17      511     2133      9260441113      9260443246        16893228          0        500          0          0
   4       17      511     2672      9260443266      9260445938        16895381          0        500          0          0
   4       17      517     2691      9260445963      9260448654        16898078          0        500          0          0
   4       17     4092     4660      9260448677      9260453337        16900792          0        500          0          0
   4       17      511     3432      9260453397      9260456829        16905512          0        500          0          0
   4       17      544     3299      9260456863      9260460162        16908978          0        500          0          0
   4       17      511     1827      9260460186      9260462013        16912301          0        500          0          0
   4       17      511     1857      9260462036      9260463892        16914150          0        500          0          0
   4       17      519     2370      9260463916      9260466286        16916031          0        500          0          0
   4       17     2318     6568      9260466308      9260472877        16918423          0        500          0          0
   4       17      517     4106      9260472929      9260477035        16925044          0        500          0          0
   4       17      511     1083      9260477056      9260478139        16929171          0        500          0          0
   4       17      511     2485      9260478155      9260480639        16930269          0        500          0          0
   4       17      518     1804      9260480656      9260482460        16932771          0        500          0          0
   4       17      511     1944      9260482484      9260484429        16934599          0        500          0          0
   4       17      511     2776      9260484448      9260487224        16936563          0        500          0          0
   4       17      511     2214      9260487248      9260489462        16939363          0        500          0          0
   4       17      511     2763      9260489486      9260492249        16941601          0        500          0          0
   4       17      511     2260      9260492274      9260494534        16944389          0        500          0          0
   4       17     3602     4775      9260494558      9260499334        16946673          0        500          0          0
   4       17      511     1549      9260499358      9260500907        16951473          0        500          0          0
   4       17      537     3836      9260500932      9260504768        16953047          0        500          0          0
   4       17     1091     3672      9260504799      9260508471        16956914          0        500          0          0
   4       17      520     2363      9260508501      9260510863        16960615          0        500          0          0
   4       17      518     1681      9260510893      9260512573        16963007          0        500          0          0
   4       17      518     2826      9260512590      9260515416        16964705          0        500          0          0
   4       17      511     2142      9260515436      9260517578        16967551          0        500          0          0
   4       17      517     2762      9260517592      9260520353        16969706          0        500          0          0
   4       17      511     2445      9260520376      9260522821        16972491          0        500          0          0
   4       17     2355     3800      9260522852      9260526652        16974967          0        500          0          0
   4       17     1047     1617      9260526681      9260528299        16978796          0        500          0          0
   4       17      511     3072      9260528326      9260531399        16980441          0        500          0          0
   4       17      511     4466      9260531428      9260535894        16983543          0        500          0          0
   4       17      516     3014      9260535919      9260538933        16988034          0        500          0          0
   4       17      519     2153      9260538963      9260541116        16991078          0        500          0          0
   4       17      511     1613      9260541132      9260542745        16993247          0        500          0          0
   4       17      517     2566      9260542763      9260545328        16994878          0        500          0          0
   4       17     2651     3981      9260545394      9260549375        16997509          0        500          0          0
   4       17      511     2098      9260549397      9260551494        17001512          0        500          0          0
   4       17      520     2992      9260551519      9260554512        17003634          0        500          0          0
   4       17     2123     3681      9260554537      9260558218        17006652          0        500          0          0
   4       17      511     2229      9260558245      9260560474        17010360          0        500          0          0
   4       17      522     2239      9260560503      9260562742        17012618          0        500          0          0
   4       17      520     2313      9260562775      9260565088        17014889          0        500          0          0
   4       17      511     2771      9260565117      9260567888        17017232          0        500          0          0
   4       17      516     2644      9260567907      9260570551        17020022          0        500          0          0
   4       17     3729     4312      9260570594      9260574906        17022709          0        500          0          0
   4       17      517     1683      9260574931      9260576614        17027046          0        500          0          0
   4       17      543     2215      9260576641      9260578856        17028756          0        500          0          0
   4       17      517     3004      9260578874      9260581878        17030989          0        500          0          0
   4       17      521     2623      9260581895      9260584518        17034010          0        500          0          0
   4       17      522     2726      9260584547      9260587273        17036662          0        500          0          0
   4       17     2656     3233      9260587300      9260590533        17039415          0        500          0          0
   4       17      516     2199      9260590557      9260592756        17042672          0        500          0          0
   4       17      520     2850      9260592788      9260595638        17044903          0        500          0          0
   4       17      522     2792      9260595675      9260598467        17047790          0        500          0          0
   4       17      520     2793      9260598493      9260601285        17050608          0        500          0          0
   4       17      511     2641      9260601305      9260603946        17053420          0        500          0          0
   4       17     2464     3571      9260603966      9260607537        17056081          0        500          0          0
   4       17      543     2691      9260607562      9260610253        17059677          0        500          0          0
   4       17      511     1624      9260610272      9260611896        17062387          0        500          0          0
   4       17      516     2711      9260611932      9260614643        17064046          0        500          0          0
   4       17      519     2696      9260614657      9260617353        17066772          0        500          0          0
   4       17      511     2147      9260617378      9260619524        17069492          0        500          0          0
   4       17     3342     5539      9260619551      9260625090        17071665          0        500          0          0
   4       17      511     4361      9260625114      9260629475        17077229          0        500          0          0
   4       17      544     2850      9260629502      9260632352        17081617          0        500          0          0
   4       17      511     2691      9260632377      9260635069        17084492          0        500          0          0
   4       17      511     1570      9260635096      9260636665        17087210          0        500          0          0
   4       17      518     2155      9260636687      9260638842        17088802          0        500          0          0
   4       17      518     2168      9260638898      9260641066        17091013          0        500          0          0
   4       17     1611     3205      9260641097      9260644302        17093211          0        500          0          0
   4       17      511     2065      9260644322      9260646387        17096436          0        500          0          0
   4       17      511     2613      9260646407      9260649020        17098521          0        500          0          0
   4       17      511     4993      9260649041      9260654033        17101156          0        500          0          0
   4       17      511     2864      9260654063      9260656927        17106178          0        500          0          0
   4       17      520     2672      9260656958      9260659631        17109073          0        500          0          0
   4       17      517     1093      9260659651      9260660744        17111766          0        500          0          0
   4       17     1633     2900      9260660769      9260663669        17112884          0        500          0          0
   4       17     1261     2938      9260663693      9260666632        17115808          0        500          0          0
   4       17      544     2372      9260666657      9260669028        17118772          0        500          0          0
   4       17      511     2361      9260669055      9260671416        17121170          0        500          0          0
   4       17      511     4194      9260671437      9260675631        17123552          0        500          0          0
   4       17      518     2604      9260675652      9260678256        17127767          0        500          0          0
   4       17      511     1365      9260678286      9260679651        17130401          0        500          0          0
   4       17      518     2988      9260679674      9260682662        17131789          0        500          0          0
   4       17      517     2700      9260682687      9260685387        17134802          0        500          0          0
   4       17      511     2197      9260685413      9260687610        17137528          0        500          0          0
   4       17      517     2352      9260687659      9260690011        17139773          0        500          0          0
   4       17     2929     5187      9260690033      9260695220        17142148          0        500          0          0
   4       17      511     1084      9260695244      9260696328        17147359          0        500          0          0
   4       17      511     2915      9260696359      9260699274        17148473          0        500          0          0
   4       17      511     2155      9260699305      9260701460        17151420          0        500          0          0
   4       17      511     2761      9260701487      9260704248        17153602          0        500          0          0
   4       17      511     2652      9260704271      9260706923        17156386          0        500          0          0
   4       17     2018     4089      9260706940      9260711028        17159054          0        500          0          0
   4       17      511     1600      9260711053      9260712652        17163167          0        500          0          0
   4       17      517     3252      9260712667      9260715919        17164781          0        500          0          0
   4       17      518     1628      9260715937      9260717565        17168051          0        500          0          0
   4       17      516     2733      9260717579      9260720312        17169694          0        500          0          0
   4       17      511     2548      9260720335      9260722882        17172449          0        500          0          0
   4       17     2318     4026      9260722914      9260726940        17175029          0        500          0          0
   4       17      519     2176      9260726970      9260729147        17179085          0        500          0          0
   4       17     2785     4241      9260729200      9260733440        17181314          0        500          0          0
   4       17     1421     4882      9260733475      9260738357        17185590          0        500          0          0
   4       17      511     3610      9260738388      9260741998        17190503          0        500          0          0
   4       17      511     1079      9260742036      9260743115        17194151          0        500          0          0
   4       17      511     1511      9260743131      9260744643        17195246          0        500          0          0
   4       17      518     3345      9260744667      9260748012        17196782          0        500          0          0
   4       17      511     2001      9260748033      9260750034        17200148          0        500          0          0
   4       17      511     2381      9260750059      9260752440        17202174          0        500          0          0
   4       17      511     2579      9260752467      9260755046        17204582          0        500          0          0
   4       17     3219     5435      9260755070      9260760504        17207184          0        500          0          0
   4       17      521     2765      9260760540      9260763304        17212654          0        500          0          0
   4       17      511     2201      9260763331      9260765532        17215445          0        500          0          0
   4       17      520     1623      9260765552      9260767175        17217667          0        500          0          0
   4       17      511     2355      9260767194      9260769549        17219308          0        500          0          0
   4       17      517     2614      9260769567      9260772181        17221682          0        500          0          0
   4       17      511     2631      9260772201      9260774831        17224315          0        500          0          0
   4       17      516     2636      9260774870      9260777507        17226985          0        500          0          0
   4       17     4447     5559      9260777527      9260783086        17229642          0        500          0          0
   4       17      511     3237      9260783110      9260786347        17235225          0        500          0          0
   4       17      511     2861      9260786372      9260789233        17238487          0        500          0          0
   4       17      511     2910      9260789257      9260792167        17241372          0        500          0          0
   4       17      511     4817      9260792197      9260797014        17244312          0        500          0          0
   4       17      511     2148      9260797037      9260799185        17249152          0        500          0          0
   4       17      511     2965      9260799210      9260802175        17251324          0        500          0          0
   4       17      511     2838      9260802193      9260805031        17254308          0        500          0          0
   4       17      511     1619      9260805058      9260806677        17257172          0        500          0          0
   4       17      517     2266      9260806698      9260808964        17258813          0        500          0          0
   4       17      517     2808      9260808982      9260811790        17261097          0        500          0          0
   4       17      517     2155      9260811808      9260813963        17263922          0        500          0          0
   4       17      518     3039      9260813981      9260817020        17266096          0        500          0          0
   4       17      511     1809      9260817039      9260818848        17269154          0        500          0          0
   4       17     2545     4413      9260818883      9260823296        17270998          0        500          0          0
   4       17      511     2167      9260823328      9260825495        17275443          0        500          0          0
   4       17      522     2816      9260825564      9260828380        17277678          0        500          0          0
   4       17      511     3116      9260828410      9260831526        17280525          0        500          0          0
   4       17      521     1998      9260831559      9260833557        17283674          0        500          0          0
   4       17      516     3922      9260833576      9260837497        17285691          0        500          0          0
   4       17      517     2100      9260837518      9260839618        17289633          0        500          0          0
   4       17      518     1570      9260839634      9260841205        17291749          0        500          0          0
   4       17      511     2804      9260841226      9260844030        17293341          0        500          0          0
   4       17      511     2595      9260844049      9260846644        17296164          0        500          0          0
   4       17      519     2631      9260846670      9260849301        17298785          0        500          0          0
   4       17      511     2216      9260849321      9260851537        17301436          0        500          0          0
   4       17     2380     3403      9260851566      9260854968        17303681          0        500          0          0
   4       17      517     3849      9260854996      9260858846        17307111          0        500          0          0
   4       17      517     1105      9260858868      9260859973        17310983          0        500          0          0
   4       17      511     2814      9260860012      9260862826        17312127          0        500          0          0
   4       17      519     2747      9260862861      9260865608        17314976          0        500          0          0
   4       17      545     2700      9260865632      9260868332        17317747          0        500          0          0
   4       17      511     4527      9260868352      9260872880        17320467          0        500          0          0
   4       17      519     2186      9260872912      9260875098        17325027          0        500          0          0
   4       17      511     2132      9260875115      9260877247        17327230          0        500          0          0
   4       17      511     2689      9260877265      9260879954        17329379          0        500          0          0
   4       17      516     1631      9260879976      9260881607        17332091          0        500          0          0
   4       17      518     2565      9260881623      9260884188        17333738          0        500          0          0
   4       17      511     2748      9260884214      9260886962        17336329          0        500          0          0
   4       17     4350     7087      9260886986      9260894072        17339101          0        500          0          0
   4       17      511     1080      9260894096      9260895177        17346211          0        500          0          0
   4       17      511     1653      9260895199      9260896852        17347314          0        500          0          0
   4       17     1781     3468      9260896877      9260900345        17348992          0        500          0          0
   4       17      511     2171      9260900369      9260902540        17352484          0        500          0          0
   4       17      517     2797      9260902557      9260905353        17354672          0        500          0          0
   4       17      511     2677      9260905375      9260908052        17357490          0        500          0          0
   4       17      511     2580      9260908071      9260910652        17360186          0        500          0          0
   4       17      517     1838      9260910669      9260912508        17362784          0        500          0          0
   4       17     3617     6515      9260912537      9260919052        17364651          0        500          0          0
   4       17     2732     3304      9260919113      9260922417        17371228          0        500          0          0
   4       17      511     2574      9260922439      9260925014        17374554          0        500          0          0
   4       17      511     1626      9260925035      9260926661        17377149          0        500          0          0
   4       17      517     1618      9260926685      9260928303        17378799          0        500          0          0
   4       17      511     3098      9260928334      9260931432        17380449          0        500          0          0
   4       17      511     2758      9260931455      9260934213        17383570          0        500          0          0
   4       17      511     2067      9260934233      9260936300        17386348          0        500          0          0
   4       17      511     2697      9260936323      9260939021        17388438          0        500          0          0
   4       17      511     4330      9260939044      9260943373        17391158          0        500          0          0
   4       17      511     2633      9260943395      9260946029        17395510          0        500          0          0
   4       17      511     2181      9260946049      9260948230        17398164          0        500          0          0
   4       17      511     2602      9260948252      9260950855        17400367          0        500          0          0
   4       17      517     2684      9260950873      9260953556        17402987          0        500          0          0
   4       17      517     1574      9260953580      9260955154        17405695          0        500          0          0
   4       17      511     2510      9260955173      9260957683        17407287          0        500          0          0
   4       17      522     2814      9260957720      9260960534        17409835          0        500          0          0
   4       17     2759     5093      9260960558      9260965651        17412673          0        500          0          0
   4       17      524     2519      9260965675      9260968194        17417790          0        500          0          0
   4       17      511     2187      9260968210      9260970397        17420325          0        500          0          0
   4       17      511     2455      9260970414      9260972869        17422529          0        500          0          0
   4       17      519     1933      9260972887      9260974821        17425002          0        500          0          0
   4       17      519     2591      9260974849      9260977439        17426963          0        500          0          0
   4       17      511     2810      9260977458      9260980268        17429572          0        500          0          0
   4       17      511     4794      9260980292      9260985086        17432407          0        500          0          0
   4       17      511     2709      9260985122      9260987832        17437237          0        500          0          0
   4       17      521     2666      9260987851      9260990517        17439966          0        500          0          0
   4       17      518     1469      9260990541      9260992010        17442656          0        500          0          0
   4       17      511     2385      9260992030      9260994414        17444144          0        500          0          0
   4       17     1781     2878      9260994439      9260997317        17446554          0        500          0          0
   4       17      511     2301      9260997340      9260999640        17449455          0        500          0          0
   4       17      520     2764      9260999670      9261002433        17451784          0        500          0          0
   4       17      511     4267      9261002454      9261006721        17454569          0        500          0          0
   4       17      516     2932      9261006746      9261009678        17458861          0        500          0          0
   4       17      520     2475      9261009739      9261012213        17461853          0        500          0          0
   4       17      511     2471      9261012233      9261014705        17464348          0        500          0          0
   4       17      519     2671      9261014729      9261017400        17466844          0        500          0          0
   4       17      511     2157      9261017428      9261019585        17469543          0        500          0          0
   4       17      518     4548      9261019641      9261024189        17471755          0        500          0          0
   4       17      511     3814      9261024222      9261028036        17476336          0        500          0          0
   4       17      511     2212      9261028062      9261030274        17480177          0        500          0          0
   4       17      511     1755      9261030303      9261032058        17482417          0        500          0          0
   4       17      511     1934      9261032076      9261034010        17484191          0        500          0          0
   4       17      511     2319      9261034029      9261036348        17486143          0        500          0          0
   4       17      511     2824      9261036374      9261039198        17488489          0        500          0          0
   4       17      511     4300      9261039229      9261043529        17491344          0        500          0          0
   4       17      516     2745      9261043554      9261046299        17495669          0        500          0          0
   4       17      511     1080      9261046324      9261047404        17498439          0        500          0          0
   4       17      511     2578      9261047428      9261050006        17499543          0        500          0          0
   4       17      511     2759      9261050034      9261052792        17502148          0        500          0          0
   4       17      518     2692      9261052821      9261055514        17504936          0        500          0          0
   4       17      517     2638      9261055536      9261058174        17507650          0        500          0          0
   4       17      511     4168      9261058197      9261062365        17510312          0        500          0          0
   4       17      511     3358      9261062394      9261065751        17514509          0        500          0          0
   4       17      524     3179      9261065777      9261068956        17517892          0        500          0          0
   4       17      519     2106      9261068981      9261071087        17521095          0        500          0          0
   4       17      511     2928      9261071107      9261074035        17523222          0        500          0          0
   4       17      511     2265      9261074064      9261076329        17526179          0        500          0          0
   4       17      511     1616      9261076349      9261077966        17528464          0        500          0          0
   4       17      517     2718      9261077981      9261080699        17530096          0        500          0          0
   4       17      517     2672      9261080717      9261083389        17532832          0        500          0          0
   4       17     2594     4653      9261083417      9261088070        17535532          0        500          0          0
   4       17      511     1726      9261088095      9261089820        17540209          0        500          0          0
   4       17      520     2747      9261089846      9261092593        17541961          0        500          0          0
   4       17      519     2155      9261092616      9261094771        17544730          0        500          0          0
   4       17      520     2767      9261094794      9261097561        17546909          0        500          0          0
   4       17      518     2159      9261097585      9261099744        17549700          0        500          0          0
   4       17      517     4148      9261099841      9261103989        17551956          0        500          0          0
   4       17      511     1722      9261104021      9261105743        17556136          0        500          0          0
   4       17      517     2990      9261105763      9261108753        17557878          0        500          0          0
   4       17      519     2048      9261108774      9261110823        17560889          0        500          0          0
   4       17      520     2960      9261110841      9261113800        17562955          0        500          0          0
   4       17      519     2179      9261113829      9261116008        17565944          0        500          0          0
   4       17      511     3004      9261116024      9261119028        17568139          0        500          0          0
   4       17      533     2130      9261119053      9261121184        17571168          0        500          0          0
   4       17      511     3150      9261121203      9261124353        17573318          0        500          0          0
   4       17      840     1976      9261124378      9261126354        17576493          0        500          0          0
   4       17      511     2974      9261126378      9261129352        17578493          0        500          0          0
   4       17      511     2281      9261129377      9261131658        17581492          0        500          0          0
   4       17     3578     5310      9261131689      9261136999        17583804          0        500          0          0
   4       17      511     2613      9261137034      9261139648        17589149          0        500          0          0
   4       17      519     2840      9261139677      9261142517        17591792          0        500          0          0
   4       17      517     2392      9261142539      9261144931        17594654          0        500          0          0
   4       17      519     1473      9261144949      9261146423        17597064          0        500          0          0
   4       17      511     2732      9261146447      9261149179        17598562          0        500          0          0
   4       17     2809     3799      9261149211      9261153011        17601326          0        500          0          0
   4       17      511     1657      9261153035      9261154692        17605150          0        500          0          0
   4       17      519     2318      9261154718      9261157037        17606833          0        500          0          0
   4       17      511     2700      9261157058      9261159758        17609173          0        500          0          0
   4       17      516     2233      9261159783      9261162016        17611898          0        500          0          0
   4       17      511     2741      9261162042      9261164783        17614157          0        500          0          0
   4       17     2689     4438      9261164810      9261169247        17616924          0        500          0          0
   4       17      511     2138      9261169272      9261171411        17621387          0        500          0          0
   4       17      511     2798      9261171427      9261174225        17623541          0        500          0          0
   4       17      511     2303      9261174246      9261176549        17626360          0        500          0          0
   4       17      517     1683      9261176566      9261178249        17628680          0        500          0          0
   4       17      511     1899      9261178268      9261180167        17630383          0        500          0          0
   4       17     2155     3245      9261180182      9261183428        17632297          0        500          0          0
   4       17      511     2135      9261183445      9261185580        17635560          0        500          0          0
   4       17      517     2139      9261185600      9261187739        17637715          0        500          0          0
   4       17      518     2133      9261187793      9261189926        17639908          0        500          0          0
   4       17      516     2162      9261189941      9261192103        17642056          0        500          0          0
   4       17      511     1594      9261192120      9261193714        17644235          0        500          0          0
   4       17      517     2737      9261193731      9261196468        17645846          0        500          0          0
   4       17      518     2169      9261196492      9261198661        17648607          0        500          0          0
   4       17      516     1867      9261198681      9261200548        17650795          0        500          0          0
   4       17      517     1340      9261200566      9261201906        17652681          0        500          0          0
   4       17      516     2138      9261201923      9261204061        17654037          0        500          0          0
   4       17      511     1591      9261204078      9261205669        17656193          0        500          0          0
   4       17      517     2129      9261205684      9261207813        17657799          0        500          0          0
   4       17      517     2133      9261207830      9261209963        17659945          0        500          0          0
   4       17      516     2134      9261209977      9261212111        17662092          0        500          0          0
   4       17      511     1597      9261212128      9261213724        17664243          0        500          0          0
   4       17      517     2139      9261213742      9261215881        17665857          0        500          0          0
   4       17      516     2138      9261215900      9261218037        17668015          0        500          0          0
   4       17      511     2136      9261218053      9261220189        17670168          0        500          0          0
   4       17      511     2130      9261220205      9261222335        17672320          0        500          0          0
   4       17      511     2710      9261222350      9261225060        17674465          0        500          0          0
   4       17      511     2674      9261225078      9261227752        17677193          0        500          0          0
   4       17      517     1240      9261227767      9261229008        17679882          0        500          0          0
   4       17      511     1882      9261229025      9261230907        17681140          0        500          0          0
   4       17      515     1676      9261230923      9261232599        17683038          0        500          0          0
   4       17     1083     2212      9261232622      9261234834        17684737          0        500          0          0
   4       17     1613     3926      9261234855      9261238781        17686970          0        500          0          0
   4       17      516     3225      9261238799      9261242024        17690913          0        500          0          0
   4       17      511     1597      9261242041      9261243638        17694156          0        500          0          0
   4       17      516     2131      9261243656      9261245787        17695771          0        500          0          0
   4       17      516     2129      9261245802      9261247931        17697916          0        500          0          0
   4       17      517     2666      9261247948      9261250614        17700063          0        500          0          0
   4       17      517     3208      9261250629      9261253838        17702744          0        500          0          0
   4       17      517     2670      9261253856      9261256527        17705971          0        500          0          0
   4       17      516     2998      9261256544      9261259542        17708659          0        500          0          0
   4       17      517     1085      9261259562      9261260647        17711677          0        500          0          0
   4       17      517     1629      9261260706      9261262335        17712821          0        500          0          0
   4       17      511     2340      9261262354      9261264694        17714469          0        500          0          0
   4       17      516     1599      9261264712      9261266310        17716826          0        500          0          0
   4       17      511     2135      9261266327      9261268462        17718442          0        500          0          0
   4       17      511     2127      9261268478      9261270605        17720593          0        500          0          0
   4       17     2126     3205      9261270621      9261273825        17722736          0        500          0          0
   4       17      517     1591      9261273841      9261275431        17725956          0        500          0          0
   4       17      511     2127      9261275447      9261277574        17727562          0        500          0          0
   4       17      517     2129      9261277591      9261279720        17729706          0        500          0          0
   4       17      516     2127      9261279737      9261281864        17731852          0        500          0          0
   4       17      516     1593      9261281879      9261283473        17733994          0        500          0          0
   4       17     2127     3206      9261283489      9261286695        17735604          0        500          0          0
   4       17      517     2128      9261286711      9261288839        17738826          0        500          0          0
   4       17      517     2125      9261288855      9261290981        17740970          0        500          0          0
   4       17      516     1595      9261290996      9261292591        17743111          0        500          0          0
   4       17      517     2185      9261292607      9261294792        17744722          0        500          0          0
   4       17      517     1725      9261294816      9261296541        17746931          0        500          0          0
   4       17     2011     3092      9261296558      9261299650        17748673          0        500          0          0
   4       17      517     2708      9261299667      9261302375        17751782          0        500          0          0
   4       17      511     2124      9261302393      9261304516        17754507          0        500          0          0
   4       17      517     2151      9261304530      9261306681        17756645          0        500          0          0
   4       17      517     2130      9261306695      9261308826        17758810          0        500          0          0
   4       17      516     1592      9261308840      9261310433        17760955          0        500          0          0
   4       17      511     1619      9261310448      9261312068        17762563          0        500          0          0
   4       17      511     1588      9261312082      9261313670        17764197          0        500          0          0
   4       17      516     2128      9261313685      9261315813        17765800          0        500          0          0
   4       17      516     2128      9261315827      9261317955        17767942          0        500          0          0
   4       17      516     2678      9261317973      9261320651        17770088          0        500          0          0
   4       17      517     1594      9261320665      9261322259        17772780          0        500          0          0
   4       17      511     2132      9261322273      9261324405        17774388          0        500          0          0
   4       17      511     2131      9261324419      9261326551        17776534          0        500          0          0
   4       17      516     2133      9261326566      9261328699        17778681          0        500          0          0
   4       17      517     1294      9261328714      9261330008        17780828          0        500          0          0
   4       17     1500     3023      9261330066      9261333089        17782181          0        500          0          0
   4       17      511     2128      9261333107      9261335235        17785222          0        500          0          0
   4       17      511     2125      9261335249      9261337374        17787364          0        500          0          0
   4       17      511     2124      9261337388      9261339512        17789503          0        500          0          0
   4       17      517     1593      9261339526      9261341119        17791641          0        500          0          0
   4       17      511     1590      9261341133      9261342724        17793248          0        500          0          0
   4       17      518     2137      9261342739      9261344876        17794854          0        500          0          0
   4       17      516     2133      9261344890      9261347023        17797005          0        500          0          0
   4       17      511     1591      9261347039      9261348630        17799154          0        500          0          0
   4       17     2120     3741      9261348646      9261352387        17800760          0        500          0          0
   4       17      511     2669      9261352403      9261355072        17804518          0        500          0          0
   4       17      511     2128      9261355088      9261357216        17807202          0        500          0          0
   4       17      511     1777      9261357231      9261359008        17809346          0        500          0          0
   4       17      511     1416      9261359022      9261360437        17811137          0        500          0          0
   4       17      511     1595      9261360452      9261362047        17812567          0        500          0          0
   4       17      511     2127      9261362062      9261364189        17814176          0        500          0          0
   4       17      511     1806      9261364203      9261366008        17816318          0        500          0          0
   4       17     1982     3610      9261366025      9261369635        17818140          0        500          0          0
   4       17      518     1598      9261369653      9261371251        17821768          0        500          0          0
   4       17      511     2217      9261371266      9261373483        17823381          0        500          0          0
   4       17      517     2044      9261373501      9261375545        17825616          0        500          0          0
   4       17      516     1595      9261375560      9261377155        17827675          0        500          0          0
   4       17      511     1613      9261377170      9261378783        17829285          0        500          0          0
   4       17     1053     3319      9261378797      9261382116        17830911          0        500          0          0
   4       17      511     1167      9261382132      9261383299        17834247          0        500          0          0
   4       17     1622     3253      9261383315      9261386568        17835429          0        500          0          0
   4       17      516     2129      9261386587      9261388715        17838702          0        500          0          0
   4       17      517     2148      9261388730      9261390878        17840845          0        500          0          0
   4       17      517     1592      9261390897      9261392489        17843011          0        500          0          0
   4       17      516     2135      9261392504      9261394639        17844619          0        500          0          0
   4       17      517     2136      9261394659      9261396795        17846774          0        500          0          0
   4       17      517     2132      9261396812      9261398944        17848927          0        500          0          0
   4       17      516     1597      9261398960      9261400556        17851074          0        500          0          0
   4       17      518     2155      9261400617      9261402772        17852731          0        500          0          0
   4       17     1915     3566      9261402805      9261406371        17854920          0        500          0          0
   4       17     1872     3493      9261406389      9261409882        17858504          0        500          0          0
   4       17      516     2134      9261409899      9261412034        17862014          0        500          0          0
   4       17      511     2128      9261412049      9261414177        17864163          0        500          0          0
   4       17      511     1816      9261414193      9261416009        17866307          0        500          0          0
   4       17      511     1587      9261416023      9261417610        17868138          0        500          0          0
   4       17      517     1912      9261417625      9261419537        17869739          0        500          0          0
   4       17      517     2132      9261419552      9261421684        17871667          0        500          0          0
   4       17      516     2131      9261421700      9261423832        17873815          0        500          0          0
   4       17      516     1595      9261423848      9261425442        17875963          0        500          0          0
   4       17     2132     2697      9261425458      9261428155        17877573          0        500          0          0
   4       17      511     1596      9261428172      9261429768        17880287          0        500          0          0
   4       17      518     2140      9261429785      9261431925        17881900          0        500          0          0
   4       17      516     1638      9261431941      9261433579        17884056          0        500          0          0
   4       17      517     2138      9261433594      9261435732        17885709          0        500          0          0
   4       17      517     2166      9261435746      9261437912        17887861          0        500          0          0
   4       17      517     5623      9261437928      9261443551        17890043          0        500          0          0
   4       17      517     2171      9261443567      9261445738        17895682          0        500          0          0
   4       17      517     2669      9261445777      9261448446        17897892          0        500          0          0
   4       17      511     2139      9261448465      9261450605        17900580          0        500          0          0
   4       17      516     1598      9261450624      9261452222        17902739          0        500          0          0
   4       17      511     5326      9261452239      9261457565        17904354          0        500          0          0
   4       17      517     1866      9261457583      9261459449        17909698          0        500          0          0
   4       17      511     1637      9261459472      9261461109        17911587          0        500          0          0
   4       17      511     2215      9261461127      9261463342        17913242          0        500          0          0
   4       17      511     3318      9261463361      9261466680        17915476          0        500          0          0
   4       17      520     5980      9261466696      9261472676        17918810          0        500          0          0
   4       17      516     1597      9261472699      9261474296        17924814          0        500          0          0
   4       17      511     1589      9261474312      9261475900        17926426          0        500          0          0
   4       17      516     1599      9261475916      9261477515        17928031          0        500          0          0
   4       17      516     2129      9261477530      9261479659        17929645          0        500          0          0
   4       17      516     1595      9261479675      9261481270        17931789          0        500          0          0
   4       17      511     2133      9261481321      9261483454        17933436          0        500          0          0
   4       17      511     3091      9261483469      9261486560        17935584          0        500          0          0
   4       17      517     5411      9261486613      9261492024        17938728          0        500          0          0
   4       17      511     2221      9261492058      9261494279        17944173          0        500          0          0
   4       17      511     2197      9261494302      9261496498        17946416          0        500          0          0
   4       17      519     2156      9261496518      9261498674        17948633          0        500          0          0
   4       17      516     2680      9261498692      9261501373        17950807          0        500          0          0
   4       17      511     6091      9261501388      9261507479        17953503          0        500          0          0
   4       17      517     1086      9261507505      9261508591        17959620          0        500          0          0
   4       17      528     2404      9261508608      9261511011        17960722          0        500          0          0
   4       17      511     2525      9261511029      9261513553        17963144          0        500          0          0
   4       17      518     2689      9261513575      9261516264        17965689          0        500          0          0
   4       17      511     2663      9261516281      9261518944        17968396          0        500          0          0
   4       17      519     4304      9261518979      9261523283        17971094          0        500          0          0
   4       17      511     2236      9261523315      9261525551        17975430          0        500          0          0
   4       17      517     2443      9261525575      9261528018        17977690          0        500          0          0
   4       17      511     2274      9261528042      9261530316        17980157          0        500          0          0
   4       17      511     2204      9261530350      9261532554        17982465          0        500          0          0
   4       17      524     2207      9261532585      9261534792        17984700          0        500          0          0
   4       17      546     2178      9261534820      9261536998        17986935          0        500          0          0
   4       17      511     3002      9261537034      9261540035        17989148          0        500          0          0
   4       17      511     4216      9261540061      9261544277        17992176          0        500          0          0
   4       17      511     1671      9261544307      9261545979        17996422          0        500          0          0
   4       17      517     2035      9261545997      9261548032        17998112          0        500          0          0
   4       17      511     2679      9261548059      9261550739        18000174          0        500          0          0
   4       17      546     3747      9261550766      9261554513        18002880          0        500          0          0
   4       17      524     1665      9261554551      9261556216        18006666          0        500          0          0
   4       17      511     2797      9261556238      9261559035        18008353          0        500          0          0
   4       17      511     3493      9261559064      9261562558        18011179          0        500          0          0
   4       17      517     5100      9261562583      9261567683        18014698          0        500          0          0
   4       17      518     2166      9261567748      9261569914        18019863          0        500          0          0
   4       17      517     2705      9261569969      9261572674        18022084          0        500          0          0
   4       17      543     2918      9261572700      9261575618        18024814          0        500          0          0
   4       17      521     2441      9261575677      9261578118        18027791          0        500          0          0
   4       17      511     2338      9261578139      9261580477        18030254          0        500          0          0
   4       17      519     2831      9261580501      9261583332        18032616          0        500          0          0
   4       17      511     2787      9261583355      9261586143        18035470          0        500          0          0
   4       17      511     2217      9261586168      9261588385        18038283          0        500          0          0
   4       17      511     2602      9261588409      9261591011        18040523          0        500          0          0
   4       17     1449     3240      9261591035      9261594275        18043150          0        500          0          0
   4       17      511     1659      9261594301      9261595960        18046416          0        500          0          0
   4       17      519     2290      9261595990      9261598280        18048105          0        500          0          0
   4       17      511     2474      9261598313      9261600787        18050427          0        500          0          0
   4       17      520     2781      9261600813      9261603594        18052928          0        500          0          0
   4       17      518     2459      9261603622      9261606081        18055737          0        500          0          0
   4       17      511     3172      9261606104      9261609277        18058219          0        500          0          0
   4       17      511     2084      9261609302      9261611386        18061417          0        500          0          0
   4       17      511     2761      9261611410      9261614170        18063524          0        500          0          0
   4       17      511     2320      9261614194      9261616514        18066308          0        500          0          0
   4       17      518     2672      9261616539      9261619211        18068654          0        500          0          0
   4       17      511     6023      9261619239      9261625261        18071353          0        500          0          0
   4       17      511     3898      9261625287      9261629185        18077402          0        500          0          0
   4       17      511     2826      9261629209      9261632035        18081324          0        500          0          0
   4       17      511     2948      9261632066      9261635014        18084181          0        500          0          0
   4       17      511     2155      9261635049      9261637204        18087164          0        500          0          0
   4       17      511     2382      9261637221      9261639603        18089336          0        500          0          0
   4       17      519     1374      9261639632      9261641006        18091746          0        500          0          0
   4       17      511     3040      9261641024      9261644064        18093139          0        500          0          0
   4       17      511     2675      9261644088      9261646763        18096203          0        500          0          0
   4       17      516     2221      9261646788      9261649010        18098903          0        500          0          0
   4       17      511     2179      9261649030      9261651209        18101145          0        500          0          0
   4       17      511     3825      9261651238      9261655064        18103353          0        500          0          0
   4       17      511     1637      9261655085      9261656722        18107200          0        500          0          0
   4       17      516     2714      9261656759      9261659473        18108873          0        500          0          0
   4       17      517     2669      9261659493      9261662163        18111608          0        500          0          0
   4       17      511     1822      9261662187      9261664009        18114302          0        500          0          0
   4       17      511     2272      9261664063      9261666335        18116178          0        500          0          0
   4       17     3069     4599      9261666364      9261670963        18118479          0        500          0          0
   4       17      518     2991      9261670986      9261673977        18123101          0        500          0          0
   4       17      511     2629      9261674017      9261676646        18126132          0        500          0          0
   4       17      517     2868      9261676665      9261679532        18128780          0        500          0          0
   4       17      521     2881      9261679566      9261682447        18131681          0        500          0          0
   4       17     2107     3309      9261682488      9261685797        18134603          0        500          0          0
   4       17      518     2807      9261685825      9261688631        18137940          0        500          0          0
   4       17      518     4761      9261688654      9261693415        18140769          0        500          0          0
   4       17      511     2554      9261693445      9261695999        18145560          0        500          0          0
   4       17      511     2034      9261696033      9261698067        18148148          0        500          0          0
   4       17      511     2745      9261698093      9261700837        18150208          0        500          0          0
   4       17      519     2654      9261700863      9261703518        18152978          0        500          0          0
   4       17      544     1684      9261703544      9261705228        18155658          0        500          0          0
   4       17     2146     2732      9261705249      9261707981        18157364          0        500          0          0
   4       17      511     3846      9261708012      9261711858        18160127          0        500          0          0
   4       17      519     1085      9261711877      9261712962        18163992          0        500          0          0
   4       17      517     2277      9261712978      9261715255        18165093          0        500          0          0
   4       17      511     2650      9261715281      9261717931        18167396          0        500          0          0
   4       17      518     2736      9261717960      9261720696        18170075          0        500          0          0
   4       17     3333     5638      9261720721      9261726360        18172836          0        500          0          0
   4       17     1648     2182      9261726386      9261728567        18178501          0        500          0          0
   4       17      517     2305      9261728588      9261730893        18180703          0        500          0          0
   4       17      519     1609      9261730928      9261732537        18183043          0        500          0          0
   4       17      520     2662      9261732564      9261735226        18184679          0        500          0          0
   4       17      511     2197      9261735250      9261737447        18187365          0        500          0          0
   4       17      511     2659      9261737479      9261740138        18189594          0        500          0          0
   4       17      511     2741      9261740161      9261742902        18192276          0        500          0          0
   4       17     3426     6757      9261742944      9261749700        18195059          0        500          0          0
   4       17      521     2822      9261749733      9261752555        18201848          0        500          0          0
   4       17      522     1997      9261752587      9261754584        18204702          0        500          0          0
   4       17      517     1098      9261754601      9261755698        18206715          0        500          0          0
   4       17      945     2306      9261755723      9261758029        18207838          0        500          0          0
   4       17      511     2621      9261758088      9261760709        18210203          0        500          0          0
   4       17      516     2852      9261760734      9261763585        18212849          0        500          0          0
   4       17     1687     4610      9261763615      9261768225        18215730          0        500          0          0
   4       17      511     3314      9261768258      9261771573        18220373          0        500          0          0
   4       17      521     2777      9261771600      9261774376        18223715          0        500          0          0
   4       17      511     5104      9261774401      9261779505        18226516          0        500          0          0
   4       17      520     2474      9261779537      9261782011        18231652          0        500          0          0
   4       17      511     1654      9261782029      9261783683        18234144          0        500          0          0
   4       17      516     1178      9261783725      9261784903        18235840          0        500          0          0
   4       17      518     2746      9261784936      9261787682        18237051          0        500          0          0
   4       17      511     2165      9261788043      9261790208        18240158          0        500          0          0
   4       17      511     2429      9261790235      9261792664        18242350          0        500          0          0
   4       17     1865     2432      9261792691      9261795124        18244806          0        500          0          0
   4       17     3025     5950      9261795149      9261801099        18247264          0        500          0          0
   4       17      511     1580      9261801124      9261802703        18253238          0        500          0          0
   4       17      518     2314      9261802726      9261805040        18254841          0        500          0          0
   4       17      511     2277      9261805070      9261807346        18257184          0        500          0          0
   4       17      511     2713      9261807365      9261810078        18259480          0        500          0          0
   4       17      511     2355      9261810107      9261812462        18262222          0        500          0          0
   4       17      511     2780      9261812487      9261815267        18264602          0        500          0          0
   4       17      511     3139      9261815290      9261818428        18267404          0        500          0          0
   4       17      511     2055      9261818461      9261820516        18270576          0        500          0          0
   4       17      520     3669      9261820542      9261824211        18272657          0        500          0          0
   4       17      511     1590      9261824237      9261825828        18276352          0        500          0          0
   4       17     2707     3284      9261825856      9261829139        18277970          0        500          0          0
   4       17      511     2387      9261829165      9261831552        18281280          0        500          0          0
   4       17      517     2696      9261831569      9261834264        18283683          0        500          0          0
   4       17      511     2399      9261834290      9261836689        18286405          0        500          0          0
   4       17      517     2587      9261836738      9261839324        18288852          0        500          0          0
   4       17      511     2629      9261839346      9261841975        18291461          0        500          0          0
   4       17      518     3932      9261841995      9261845927        18294110          0        500          0          0
   4       17      516     1609      9261845981      9261847591        18298096          0        500          0          0
   4       17      516     3268      9261847627      9261850895        18299741          0        500          0          0
   4       17      518     2606      9261850946      9261853552        18303061          0        500          0          0
   4       17      517     1658      9261853577      9261855234        18305691          0        500          0          0
   4       17      511     2667      9261855267      9261857933        18307381          0        500          0          0
   4       17     1730     2294      9261857953      9261860247        18310068          0        500          0          0
   4       17      511     3339      9261860268      9261863606        18312383          0        500          0          0
   4       17      519     2676      9261863627      9261866303        18315742          0        500          0          0
   4       17      511     1629      9261866322      9261867950        18318436          0        500          0          0
   4       17      516     2809      9261867985      9261870794        18320100          0        500          0          0
   4       17     1127     2273      9261870821      9261873094        18322935          0        500          0          0
   4       17      511     2436      9261873120      9261875556        18325235          0        500          0          0
   4       17      517     2523      9261875582      9261878105        18327696          0        500          0          0
   4       17      511     2798      9261878126      9261880924        18330241          0        500          0          0
   4       17      517     2621      9261880946      9261883567        18333061          0        500          0          0
   4       17     3225     4095      9261883588      9261887683        18335702          0        500          0          0
   4       17      518     1996      9261887707      9261889703        18339822          0        500          0          0
   4       17      519     2345      9261889732      9261892077        18341847          0        500          0          0
   4       17      511     2395      9261892104      9261894499        18344219          0        500          0          0
   4       17     1292     2938      9261894525      9261897463        18346640          0        500          0          0
   4       17      511     4497      9261897489      9261901986        18349603          0        500          0          0
   4       17      511     1496      9261902017      9261903513        18354132          0        500          0          0
   4       17     1633     2428      9261903540      9261905968        18355655          0        500          0          0
   4       17      518     2320      9261905996      9261908316        18358110          0        500          0          0
   4       17      511     2343      9261908338      9261910681        18360453          0        500          0          0
   4       17     1059     3267      9261910707      9261913974        18362822          0        500          0          0
   4       17      517     3445      9261913992      9261917437        18366107          0        500          0          0
   4       17      511     3058      9261917472      9261920530        18369587          0        500          0          0
   4       17      517     2172      9261920555      9261922726        18372670          0        500          0          0
   4       17      517     3213      9261922751      9261925964        18374865          0        500          0          0
   4       17      511     2194      9261926032      9261928226        18378147          0        500          0          0
   4       17      511     2766      9261928246      9261931012        18380361          0        500          0          0
   4       17      511     1975      9261931038      9261933012        18383152          0        500          0          0
   4       17     2396     4540      9261933036      9261937576        18385151          0        500          0          0
   4       17      518     2104      9261937601      9261939705        18389716          0        500          0          0
   4       17      517     3202      9261939763      9261942965        18391878          0        500          0          0
   4       17      519     2629      9261942998      9261945627        18395113          0        500          0          0
   4       17      518     2148      9261945649      9261947797        18397764          0        500          0          0
   4       17      516     2195      9261947815      9261950010        18399929          0        500          0          0
   4       17     3731     4340      9261950030      9261954371        18402145          0        500          0          0
   4       17     2069     3093      9261954396      9261957489        18406511          0        500          0          0
   4       17      519     2256      9261957514      9261959770        18409629          0        500          0          0
   4       17      519     1787      9261959799      9261961586        18411914          0        500          0          0
   4       17      518     2545      9261961607      9261964151        18413722          0        500          0          0
   4       17      511     2619      9261964175      9261966794        18416290          0        500          0          0
   4       17      523     2587      9261966826      9261969413        18418941          0        500          0          0
   4       17      511     3172      9261969441      9261972614        18421556          0        500          0          0
   4       17      518     2975      9261972638      9261975612        18424753          0        500          0          0
   4       17      517     2040      9261975657      9261977697        18427772          0        500          0          0
   4       17      516     2589      9261977737      9261980326        18429852          0        500          0          0
   4       17      511     2468      9261980346      9261982814        18432461          0        500          0          0
   4       17     1062     2648      9261982845      9261985493        18434960          0        500          0          0
   4       17     2700     4310      9261985521      9261989831        18437636          0        500          0          0
   4       17      517     2240      9261989884      9261992124        18441999          0        500          0          0
   4       17      511     2751      9261992149      9261994900        18444264          0        500          0          0
   4       17      517     2330      9261994930      9261997260        18447045          0        500          0          0
   4       17      511     2820      9261997284      9262000105        18449399          0        500          0          0
   4       17      511     2182      9262000125      9262002307        18452240          0        500          0          0
   4       17      511     3678      9262002337      9262006014        18454451          0        500          0          0
   4       17      511     2700      9262006034      9262008734        18458149          0        500          0          0
   4       17      519     1849      9262008759      9262010608        18460874          0        500          0          0
   4       17      517     3510      9262010630      9262014141        18462745          0        500          0          0
   4       17      511     2686      9262014166      9262016852        18466281          0        500          0          0
   4       17      520     2144      9262016874      9262019018        18468989          0        500          0          0
   4       17      511     2198      9262019044      9262021242        18471159          0        500          0          0
   4       17      511     2816      9262021261      9262024077        18473376          0        500          0          0
   4       17      511     2208      9262024098      9262026306        18476213          0        500          0          0
   4       17      511     2810      9262026330      9262029139        18478445          0        500          0          0
   4       17     2635     4041      9262029197      9262033238        18481312          0        500          0          0
   4       17      511     1087      9262033272      9262034359        18485387          0        500          0          0
   4       17      511     3070      9262034386      9262037456        18486501          0        500          0          0
   4       17      511     2175      9262037481      9262039656        18489596          0        500          0          0
   4       17      519     2605      9262039678      9262042283        18491793          0        500          0          0
   4       17      511     2612      9262042303      9262044914        18494417          0        500          0          0
   4       17     2694     4904      9262044958      9262049861        18497072          0        500          0          0
   4       17      517     2747      9262051967      9262054714        18504082          0        500          0          0
   4       17      517     2180      9262054738      9262056918        18506853          0        500          0          0
   4       17      516     3070      9262056962      9262060032        18509077          0        500          0          0
   4       17      511     2781      9262060067      9262062848        18512182          0        500          0          0
   4       17      519     2544      9262062882      9262065426        18514997          0        500          0          0
   4       17      511     2634      9262065459      9262068094        18517574          0        500          0          0
   4       17      511     2058      9262068115      9262070173        18520230          0        500          0          0
   4       17      511     2643      9262070193      9262072837        18522308          0        500          0          0
   4       17      518     2167      9262072862      9262075028        18524977          0        500          0          0
   4       17      511     2394      9262075054      9262077448        18527169          0        500          0          0
   4       17     3344     4976      9262077474      9262082450        18529589          0        500          0          0
   4       17      511     2120      9262082482      9262084602        18534597          0        500          0          0
   4       17      520     2731      9262084634      9262087365        18536749          0        500          0          0
   4       17      511     2728      9262087391      9262090119        18539506          0        500          0          0
   4       17      511     1633      9262090143      9262091776        18542258          0        500          0          0
   4       17      516     1748      9262091816      9262093564        18543931          0        500          0          0
   4       17     5078     5649      9262093594      9262099242        18545708          0        500          0          0
   4       17      511     1667      9262099268      9262100935        18551383          0        500          0          0
   4       17      517     1945      9262100953      9262102898        18553068          0        500          0          0
   4       17      520     2620      9262102924      9262105544        18555038          0        500          0          0
   4       17      517     2412      9262105563      9262107975        18557678          0        500          0          0
   4       17      519     2350      9262107994      9262110345        18560109          0        500          0          0
   4       17      511     2796      9262110364      9262113160        18562479          0        500          0          0
   4       17      511     3097      9262113184      9262116281        18565299          0        500          0          0
   4       17      511     2457      9262116311      9262118768        18568426          0        500          0          0
   4       17      521     2733      9262118804      9262121538        18570919          0        500          0          0
   4       17      520     2085      9262121565      9262123651        18573680          0        500          0          0
   4       17      520     2754      9262123721      9262126475        18575835          0        500          0          0
   4       17     3755     4854      9262126500      9262131354        18578615          0        500          0          0
   4       17      511     2608      9262131380      9262133988        18583495          0        500          0          0
   4       17      511     2153      9262134027      9262136180        18586142          0        500          0          0
   4       17      511     1464      9262136206      9262137669        18588321          0        500          0          0
   4       17      520     2583      9262137694      9262140277        18589809          0        500          0          0
   4       17      511     3037      9262140296      9262143332        18592411          0        500          0          0
   4       17      511     2177      9262143363      9262145541        18595478          0        500          0          0
   4       17      517     3018      9262145558      9262148576        18597673          0        500          0          0
   4       17     3419     4009      9262148591      9262152600        18600705          0        500          0          0
   4       17      520     2218      9262152640      9262154858        18604755          0        500          0          0
   4       17      518     2581      9262154915      9262157496        18607030          0        500          0          0
   4       17      521     1676      9262157522      9262159198        18609637          0        500          0          0
   4       17      511     2694      9262159228      9262161922        18611343          0        500          0          0
   4       17     3351     5022      9262161947      9262166969        18614062          0        500          0          0
   4       17      511     2254      9262167015      9262169269        18619130          0        500          0          0
   4       17      511     2186      9262169289      9262171475        18621404          0        500          0          0
   4       17      517     2585      9262171493      9262174079        18623608          0        500          0          0
   4       17      511     1803      9262174105      9262175908        18626220          0        500          0          0
   4       17      517     3281      9262175927      9262179208        18628042          0        500          0          0
   4       17      511     2655      9262179229      9262181884        18631344          0        500          0          0
   4       17     1594     3282      9262181924      9262185206        18634039          0        500          0          0
   4       17      511     2185      9262185233      9262187417        18637347          0        500          0          0
   4       17      511     1618      9262187436      9262189054        18639551          0        500          0          0
   4       17      511     2141      9262189071      9262191212        18641186          0        500          0          0
   4       17      511     2137      9262191230      9262193367        18643345          0        500          0          0
   4       17      511     2144      9262193385      9262195529        18645500          0        500          0          0
   4       17     1599     3826      9262195546      9262199372        18647661          0        500          0          0
   4       17      511     2138      9262199394      9262201532        18651509          0        500          0          0
   4       17      517     2675      9262201550      9262204225        18653665          0        500          0          0
   4       17      511     1765      9262204243      9262206008        18656358          0        500          0          0
   4       17      511     1590      9262206024      9262207614        18658139          0        500          0          0
   4       17      517     1433      9262207630      9262209063        18659745          0        500          0          0
   4       17     2693     4322      9262209108      9262213431        18661223          0        500          0          0
   4       17      511     2686      9262213447      9262216133        18665562          0        500          0          0
   4       17      511     2678      9262216152      9262218830        18668267          0        500          0          0
   4       17      517     2139      9262218848      9262220987        18670963          0        500          0          0
   4       17      511     2078      9262221009      9262223087        18673124          0        500          0          0
   4       17      511     2719      9262223103      9262225822        18675218          0        500          0          0
   4       17      517     2133      9262225838      9262227970        18677952          0        500          0          0
   4       17      516     2142      9262227989      9262230132        18680104          0        500          0          0
   4       17      511     2140      9262230149      9262232289        18682264          0        500          0          0
   4       17      511     1701      9262232307      9262234009        18684422          0        500          0          0
   4       17      511     1077      9262234025      9262235102        18686140          0        500          0          0
   4       17      511     2048      9262235120      9262237169        18687235          0        500          0          0
   4       17      511     2150      9262237188      9262239339        18689303          0        500          0          0
   4       17      511     2140      9262239360      9262241499        18691475          0        500          0          0
   4       17     2130     3208      9262241515      9262244723        18693630          0        500          0          0
   4       17      517     1780      9262244763      9262246542        18696877          0        500          0          0
   4       17      516     2016      9262246557      9262248573        18698672          0        500          0          0
   4       17      517     1592      9262248589      9262250182        18700704          0        500          0          0
   4       17      511     1617      9262250198      9262251814        18702312          0        500          0          0
   4       17      511     1601      9262252407      9262254008        18704522          0        500          0          0
   4       17      511     2160      9262254023      9262256182        18706137          0        500          0          0
   4       17      511     1612      9262256198      9262257810        18708312          0        500          0          0
   4       17      516     2136      9262257845      9262259981        18709960          0        500          0          0
   4       17      518     2143      9262259998      9262262141        18712113          0        500          0          0
   4       17      511     2137      9262262157      9262264294        18714271          0        500          0          0
   4       17      511     1593      9262264311      9262265903        18716426          0        500          0          0
   4       17      517     2168      9262265919      9262268088        18718034          0        500          0          0
   4       17      511     1619      9262268103      9262269722        18720218          0        500          0          0
   4       17      516     2125      9262269736      9262271861        18721851          0        500          0          0
   4       17      517     2151      9262271875      9262274026        18723990          0        500          0          0
   4       17      511     1587      9262274042      9262275630        18726157          0        500          0          0
   4       17      517     2127      9262275645      9262277772        18727759          0        500          0          0
   4       17     1589     4271      9262277787      9262282058        18729902          0        500          0          0
   4       17      511     2660      9262282100      9262284760        18734215          0        500          0          0
   4       17      517     2132      9262284777      9262286909        18736892          0        500          0          0
   4       17      517     3083      9262286926      9262290008        18739041          0        500          0          0
   4       17      511     1182      9262290022      9262291204        18742137          0        500          0          0
   4       17      511     1591      9262291220      9262292811        18743335          0        500          0          0
   4       17      516     2136      9262292825      9262294961        18744940          0        500          0          0
   4       17      516     2135      9262294978      9262297113        18747093          0        500          0          0
   4       17      511     1590      9262297129      9262298718        18749243          0        500          0          0
   4       17      517     2127      9262298734      9262300861        18750849          0        500          0          0
   4       17     1474     2679      9262300876      9262303554        18752990          0        500          0          0
   4       17      516     1594      9262303572      9262305166        18755687          0        500          0          0
   4       17      511     2129      9262305183      9262307312        18757298          0        500          0          0
   4       17      511     2127      9262307328      9262309455        18759443          0        500          0          0
   4       17      511     1593      9262309470      9262311063        18761585          0        500          0          0
   4       17      511     1931      9262311078      9262313009        18763193          0        500          0          0
   4       17     1057     1791      9262313023      9262314814        18765138          0        500          0          0
   4       17      516     2148      9262314830      9262316978        18766945          0        500          0          0
   4       17      517     1615      9262316994      9262318609        18769109          0        500          0          0
   4       17      516     2130      9262318626      9262320756        18770741          0        500          0          0
   4       17      516     2162      9262320770      9262322932        18772885          0        500          0          0
   4       17     3104     3665      9262322978      9262326643        18775093          0        500          0          0
   4       17      516     1745      9262326661      9262328406        18778776          0        500          0          0
   4       17      511     1597      9262328423      9262330020        18780538          0        500          0          0
   4       17      511     1596      9262330037      9262331634        18782152          0        500          0          0
   4       17      517     2131      9262331650      9262333781        18783765          0        500          0          0
   4       17      517     2129      9262333797      9262335927        18785912          0        500          0          0
   4       17      516     1591      9262335942      9262337533        18788057          0        500          0          0
   4       17     2660     4810      9262337549      9262342359        18789663          0        500          0          0
   4       17      511     2180      9262342379      9262344559        18794494          0        500          0          0
   4       17      517     2138      9262344578      9262346716        18796693          0        500          0          0
   4       17      516     2124      9262346733      9262348857        18798848          0        500          0          0
   4       17      516     2108      9262348872      9262350980        18800987          0        500          0          0
   4       17      516     1654      9262350996      9262352649        18803111          0        500          0          0
   4       17      517     1623      9262352700      9262354323        18804815          0        500          0          0
   4       17      511     2178      9262354343      9262356521        18806458          0        500          0          0
   4       17      516     2136      9262356539      9262358675        18808654          0        500          0          0
   4       17      516     2132      9262358695      9262360827        18810810          0        500          0          0
   4       17      516     1704      9262360844      9262362547        18812958          0        500          0          0
   4       17     2032     3119      9262362566      9262365685        18814680          0        500          0          0
   4       17      517     2138      9262365707      9262367845        18817822          0        500          0          0
   4       17      516     2129      9262367865      9262369994        18819980          0        500          0          0
   4       17      511     1588      9262370016      9262371604        18822131          0        500          0          0
   4       17      517     2389      9262371621      9262374009        18823735          0        500          0          0
   4       17      511     1337      9262374026      9262375363        18826141          0        500          0          0
   4       17     3743     5379      9262375381      9262380760        18827495          0        500          0          0
   4       17      535     2167      9262380778      9262382945        18832893          0        500          0          0
   4       17      534     2154      9262382962      9262385116        18835077          0        500          0          0
   4       17      511     1030      9262385135      9262386164        18837250          0        500          0          0
   4       17      511     1637      9262386180      9262387817        18838295          0        500          0          0
   4       17      516     2213      9262387834      9262390047        18839949          0        500          0          0
   4       17      511     2128      9262390070      9262392198        18842185          0        500          0          0
   4       17      511     2128      9262392215      9262394343        18844330          0        500          0          0
   4       17      511     2129      9262394361      9262396490        18846476          0        500          0          0
   4       17     2129     3213      9262396506      9262399719        18848621          0        500          0          0
   4       17      516     2154      9262399762      9262401916        18851877          0        500          0          0
   4       17      515     2148      9262401954      9262404102        18854068          0        500          0          0
   4       17      511     3735      9262404119      9262407854        18856233          0        500          0          0
   4       17      516     2141      9262407873      9262410014        18859988          0        500          0          0
   4       17      511     2132      9262410034      9262412165        18862148          0        500          0          0
   4       17      511     2165      9262412183      9262414348        18864298          0        500          0          0
   4       17      511     2667      9262414367      9262417034        18866482          0        500          0          0
   4       17      511     3238      9262417050      9262420289        18869165          0        500          0          0
   4       17      511     1772      9262420310      9262422082        18872425          0        500          0          0
   4       17      511     1973      9262422100      9262424073        18874215          0        500          0          0
   4       17      511     2138      9262424091      9262426229        18876206          0        500          0          0
   4       17      511     1760      9262426248      9262428008        18878363          0        500          0          0
   4       17      511     1440      9262428055      9262429496        18880170          0        500          0          0
   4       17      516     2154      9262429513      9262431668        18881628          0        500          0          0
   4       17      518     2186      9262431716      9262433902        18883831          0        500          0          0
   4       17      516     2142      9262433922      9262436064        18886037          0        500          0          0
   4       17     1056     2135      9262436080      9262438215        18888195          0        500          0          0
   4       17      511     1777      9262438231      9262440009        18890346          0        500          0          0
   4       17      511     1876      9262440025      9262441900        18892139          0        500          0          0
   4       17      516     2223      9262441916      9262444139        18894031          0        500          0          0
   4       17      511     1632      9262444157      9262445789        18896272          0        500          0          0
   4       17      517     5206      9262445812      9262451018        18897927          0        500          0          0
   4       17      511     2200      9262451042      9262453243        18903157          0        500          0          0
   4       17      511     2711      9262453263      9262455974        18905377          0        500          0          0
   4       17      511     2137      9262456012      9262458148        18908127          0        500          0          0
   4       17      511     1587      9262458164      9262459751        18910279          0        500          0          0
   4       17      517     2772      9262459767      9262462539        18911882          0        500          0          0
   4       17      517     4559      9262462558      9262467116        18914672          0        500          0          0
   4       17      511     1622      9262467134      9262468756        18919249          0        500          0          0
   4       17      517     1094      9262468769      9262469864        18920884          0        500          0          0
   4       17      517     2149      9262469876      9262472026        18921991          0        500          0          0
   4       17      511     2676      9262472046      9262474721        18924161          0        500          0          0
   4       17      517     2668      9262474739      9262477407        18926853          0        500          0          0
   4       17      511     3590      9262477422      9262481012        18929537          0        500          0          0
   4       17      511     2682      9262481036      9262483717        18933151          0        500          0          0
   4       17      517     3211      9262483734      9262486945        18935849          0        500          0          0
   4       17      516     3739      9262486964      9262490703        18939079          0        500          0          0
   4       17      516     3061      9262490721      9262493783        18942836          0        500          0          0
   4       17      519     6490      9262493818      9262500308        18945933          0        500          0          0
   4       17      511     1075      9262500331      9262501406        18952446          0        500          0          0
   4       17      511     1223      9262501425      9262502648        18953540          0        500          0          0
   4       17      516     1445      9262502665      9262504110        18954780          0        500          0          0
   4       17      511     4453      9262504126      9262508579        18956241          0        500          0          0
   4       17      517     3747      9262508597      9262512344        18960712          0        500          0          0
   4       17      511     1590      9262512361      9262513952        18964476          0        500          0          0
   4       17      511     2151      9262514012      9262516163        18966127          0        500          0          0
   4       17      511     2444      9262516183      9262518628        18968298          0        500          0          0
   4       17      519     2987      9262518660      9262521646        18970774          0        500          0          0
   4       17      520     2189      9262521678      9262523867        18973792          0        500          0          0
   4       17      516     2676      9262523906      9262526583        18976021          0        500          0          0
   4       17     3677     5989      9262526602      9262532590        18978716          0        500          0          0
   4       17      517     1090      9262532616      9262533706        18984731          0        500          0          0
   4       17      516     2161      9262533726      9262535887        18985841          0        500          0          0
   4       17      517     2835      9262535925      9262538759        18988040          0        500          0          0
   4       17      519     2717      9262538786      9262541502        18990901          0        500          0          0
   4       17      518     2203      9262541527      9262543730        18993642          0        500          0          0
   4       17      517     2583      9262543747      9262546331        18995862          0        500          0          0
   4       17      511     1665      9262546359      9262548024        18998474          0        500          0          0
   4       17      511     2671      9262548043      9262550713        19000158          0        500          0          0
   4       17      517     2172      9262550730      9262552902        19002845          0        500          0          0
   4       17      517     2195      9262552921      9262555116        19005036          0        500          0          0
   4       17      511     2129      9262555133      9262557262        19007248          0        500          0          0
   4       17      511     1727      9262557284      9262559010        19009398          0        500          0          0
   4       17     2022     3108      9262559029      9262562137        19011144          0        500          0          0
   4       17      511     2135      9262562158      9262564294        19014273          0        500          0          0
   4       17      511     2142      9262564311      9262566453        19016425          0        500          0          0
   4       17      511     2613      9262566471      9262569084        19018586          0        500          0          0
   4       17      511     1653      9262569100      9262570753        19021215          0        500          0          0
   4       17      517     2131      9262570769      9262572900        19022883          0        500          0          0
   4       17      516     1589      9262572915      9262574504        19025030          0        500          0          0
   4       17      516     2131      9262574522      9262576652        19026636          0        500          0          0
   4       17      516     1629      9262576670      9262578299        19028784          0        500          0          0
   4       17      511     2130      9262578317      9262580448        19030432          0        500          0          0
   4       17      511     2130      9262580463      9262582593        19032578          0        500          0          0
   4       17      516     1591      9262582608      9262584199        19034723          0        500          0          0
   4       17      511     2137      9262584213      9262586350        19036328          0        500          0          0
   4       17      511     2130      9262586367      9262588498        19038482          0        500          0          0
   4       17      517     2128      9262588515      9262590643        19040630          0        500          0          0
   4       17      517     2169      9262590696      9262592866        19042811          0        500          0          0
   4       17     1478     2164      9262592904      9262595068        19045019          0        500          0          0
   4       17      511     3211      9262595090      9262598301        19047205          0        500          0          0
   4       17      511     2132      9262598320      9262600453        19050435          0        500          0          0
   4       17      511     2135      9262600471      9262602606        19052586          0        500          0          0
   4       17      517     2455      9262602623      9262605078        19054738          0        500          0          0
   4       17      511     1805      9262605093      9262606898        19057208          0        500          0          0
   4       17      516     2132      9262606914      9262609046        19059029          0        500          0          0
   4       17      511     2131      9262609062      9262611193        19061177          0        500          0          0
   4       17      511     1800      9262611208      9262613009        19063323          0        500          0          0
   4       17      511     1314      9262613024      9262614339        19065139          0        500          0          0
   4       17      511     2205      9262614355      9262616560        19066470          0        500          0          0
   4       17      516     1597      9262616577      9262618174        19068692          0        500          0          0
   4       17      511     2132      9262618191      9262620323        19070306          0        500          0          0
   4       17      511     2675      9262620340      9262623016        19072455          0        500          0          0
   4       17      511     1661      9262623033      9262624694        19075148          0        500          0          0
   4       17      517     1646      9262624716      9262626362        19076831          0        500          0          0
   4       17      511     3256      9262626379      9262629636        19078494          0        500          0          0
   4       17      516     2721      9262629677      9262632398        19081792          0        500          0          0
   4       17      511     2126      9262632416      9262634542        19084531          0        500          0          0
   4       17      517     1625      9262634560      9262636185        19086675          0        500          0          0
   4       17      511     1808      9262636200      9262638008        19088315          0        500          0          0
   4       17     1053     1950      9262638025      9262639975        19090140          0        500          0          0
   4       17     1055     2131      9262639990      9262642121        19092105          0        500          0          0
   4       17      511     1586      9262642137      9262643723        19094252          0        500          0          0
   4       17      517     2127      9262643738      9262645865        19095853          0        500          0          0
   4       17     2588     3208      9262645880      9262649088        19097995          0        500          0          0
   4       17      511     1625      9262649104      9262650729        19101219          0        500          0          0
   4       17      516     2161      9262650767      9262652927        19102881          0        500          0          0
   4       17      516     2044      9262652965      9262655009        19105079          0        500          0          0
   4       17      511     1514      9262655026      9262656540        19107141          0        500          0          0
   4       17      517     1779      9262656556      9262658335        19108671          0        500          0          0
   4       17      511     2135      9262658355      9262660490        19110470          0        500          0          0
   4       17      517     2177      9262660555      9262662732        19112670          0        500          0          0
   4       17      517     2194      9262662770      9262664964        19114885          0        500          0          0
   4       17      516     1599      9262664984      9262666583        19117099          0        500          0          0
   4       17      517     2134      9262666599      9262668734        19118714          0        500          0          0
   4       17      519     2138      9262668749      9262670887        19120863          0        500          0          0
   4       17     2133     3214      9262670903      9262674118        19123018          0        500          0          0
   4       17      511     2123      9262674134      9262676257        19126249          0        500          0          0
   4       17      511     2126      9262676274      9262678401        19128389          0        500          0          0
   4       17      511     2121      9262678416      9262680537        19130531          0        500          0          0
   4       17      516     1592      9262680552      9262682145        19132667          0        500          0          0
   4       17      511     1849      9262682159      9262684008        19134273          0        500          0          0
   4       17     1876     2445      9262684023      9262686469        19136138          0        500          0          0
   4       17      511     2148      9262686483      9262688631        19138598          0        500          0          0
   4       17      516     2129      9262688647      9262690776        19140762          0        500          0          0
   4       17      517     2128      9262690792      9262692920        19142907          0        500          0          0
   4       17      516     1646      9262692939      9262694585        19145054          0        500          0          0
   4       17      516     2195      9262694631      9262696826        19146746          0        500          0          0
   4       17     1608     3784      9262696846      9262700630        19148960          0        500          0          0
   4       17      516     1630      9262700667      9262702296        19152782          0        500          0          0
   4       17      511     1618      9262702312      9262703929        19154427          0        500          0          0
   4       17      516     2135      9262703963      9262706098        19156078          0        500          0          0
   4       17      511     1896      9262706114      9262708009        19158229          0        500          0          0
   4       17     1053     1840      9262708024      9262709864        19160139          0        500          0          0
   4       17      516     2148      9262709878      9262712026        19161993          0        500          0          0
   4       17     2143     3245      9262712043      9262715289        19164158          0        500          0          0
   4       17      511     2163      9262715303      9262717467        19167418          0        500          0          0
   4       17      511     1595      9262717482      9262719077        19169597          0        500          0          0
   4       17      511     1916      9262719093      9262721009        19171208          0        500          0          0
   4       17      511     1812      9262721024      9262722836        19173139          0        500          0          0
   4       17      516     2179      9262722851      9262725030        19174966          0        500          0          0
   4       17      511     2036      9262725050      9262727086        19177165          0        500          0          0
   4       17      511     1697      9262727102      9262728799        19179217          0        500          0          0
   4       17      517     2139      9262728815      9262730953        19180930          0        500          0          0
   4       17     2160     3247      9262731012      9262734259        19183127          0        500          0          0
   4       17      511     1638      9262734274      9262735912        19186389          0        500          0          0
   4       17      516     1604      9262735929      9262737532        19188043          0        500          0          0
   4       17      517     1603      9262737549      9262739152        19189663          0        500          0          0
   4       17      511     1591      9262739168      9262740759        19191283          0        500          0          0
   4       17     1071     2723      9262740774      9262743497        19192889          0        500          0          0
   4       17      516     1592      9262743513      9262745105        19195628          0        500          0          0
   4       17      511     1590      9262745120      9262746711        19197235          0        500          0          0
   4       17     2661     4839      9262746727      9262751566        19198841          0        500          0          0
   4       17      518     2678      9262751587      9262754265        19203701          0        500          0          0
   4       17      511     2130      9262754283      9262756413        19206398          0        500          0          0
   4       17      511     2136      9262756428      9262758564        19208543          0        500          0          0
   4       17      517     2133      9262758584      9262760717        19210699          0        500          0          0
   4       17      516     1085      9262760733      9262761818        19212848          0        500          0          0
   4       17      519     2688      9262761836      9262764524        19213950          0        500          0          0
   4       17      516     2178      9262764544      9262766721        19216659          0        500          0          0
   4       17      517     2147      9262766739      9262768886        19218853          0        500          0          0
   4       17      519     2109      9262768901      9262771010        19221015          0        500          0          0
   4       17      511     1631      9262771027      9262772657        19223142          0        500          0          0
   4       17      516     1623      9262772674      9262774297        19224788          0        500          0          0
   4       17      511     2172      9262774314      9262776486        19226429          0        500          0          0
   4       17      517     2134      9262776501      9262778635        19228616          0        500          0          0
   4       17      517     1598      9262778651      9262780249        19230766          0        500          0          0
   4       17      511     2133      9262780264      9262782397        19232379          0        500          0          0
   4       17      511     2148      9262782412      9262784560        19234527          0        500          0          0
   4       17      517     1607      9262784577      9262786184        19236691          0        500          0          0
   4       17      511     2136      9262786201      9262788337        19238316          0        500          0          0
   4       17      511     2132      9262788353      9262790485        19240468          0        500          0          0
   4       17      516     2047      9262790502      9262792548        19242616          0        500          0          0
   4       17      516     1689      9262792566      9262794255        19244681          0        500          0          0
   4       17      511     2192      9262794273      9262796464        19246387          0        500          0          0
   4       17      511     1609      9262796482      9262798091        19248597          0        500          0          0
   4       17      511     2140      9262798110      9262800250        19250225          0        500          0          0
   4       17      511     2133      9262800300      9262802432        19252414          0        500          0          0
   4       17      511     2134      9262802451      9262804585        19254566          0        500          0          0
   4       17      517     1593      9262804602      9262806195        19256716          0        500          0          0
   4       17      511     2132      9262806212      9262808344        19258327          0        500          0          0
   4       17      511     2813      9262808363      9262811176        19260478          0        500          0          0
   4       17      511     2630      9262811189      9262813819        19263304          0        500          0          0
   4       17      516     4251      9262813841      9262818092        19265956          0        500          0          0
   4       17      511     4830      9262818113      9262822943        19270227          0        500          0          0
   4       17      517     1081      9262822961      9262824042        19275076          0        500          0          0
   4       17      511     6054      9262824057      9262830111        19276172          0        500          0          0
   4       17      511     1606      9262830131      9262831737        19282245          0        500          0          0
   4       17      511     2171      9262832320      9262834491        19284435          0        500          0          0
   4       17      518     2146      9262834513      9262836660        19286628          0        500          0          0
   4       17      517     1601      9262836678      9262838279        19288793          0        500          0          0
   4       17      511     2131      9262838296      9262840427        19290411          0        500          0          0
   4       17      511     3568      9262840444      9262844011        19292558          0        500          0          0
   4       17      533     1693      9262844033      9262845726        19296148          0        500          0          0
   4       17      517     1606      9262845746      9262847352        19297861          0        500          0          0
   4       17     2735     4898      9262847909      9262852807        19300024          0        500          0          0
   4       17      517     3712      9262852832      9262856544        19304947          0        500          0          0
   4       17      517     5657      9262856568      9262862224        19308682          0        500          0          0
   4       17      511     1288      9262862249      9262863537        19314364          0        500          0          0
   4       17      516     1932      9262863554      9262865486        19315669          0        500          0          0
   4       17      516     2685      9262865505      9262868189        19317619          0        500          0          0
   4       17      511     6514      9262868207      9262874721        19320322          0        500          0          0
   4       17      516     2153      9262874767      9262876919        19326881          0        500          0          0
   4       17      527     1613      9262876953      9262878566        19329068          0        500          0          0
   4       17      516     2676      9262878584      9262881260        19330698          0        500          0          0
   4       17      511     2662      9262881276      9262883939        19333391          0        500          0          0
   4       17      516     1633      9262883954      9262885587        19336069          0        500          0          0
   4       17      517     3654      9262885609      9262889263        19337724          0        500          0          0
   4       17      511     1750      9262889287      9262891037        19341402          0        500          0          0
   4       17      511     2192      9262891070      9262893261        19343184          0        500          0          0
   4       17     2792     3898      9262893319      9262897216        19345434          0        500          0          0
   4       17      511     1691      9262897240      9262898931        19349355          0        500          0          0
   4       17      517     2752      9262898951      9262901703        19351066          0        500          0          0
   4       17      518     2673      9262901729      9262904403        19353844          0        500          0          0
   4       17      511     2130      9262904430      9262906560        19356545          0        500          0          0
   4       17      518     2628      9262906584      9262909212        19358699          0        500          0          0
   4       17     3782     5402      9262909236      9262914638        19361351          0        500          0          0
   4       17      517     1886      9262914659      9262916544        19366774          0        500          0          0
   4       17      517     1846      9262916562      9262918408        19368677          0        500          0          0
   4       17      511     1583      9262918426      9262920009        19370541          0        500          0          0
   4       17      511     1603      9262920026      9262921629        19372141          0        500          0          0
   4       17      518     1628      9262921647      9262923275        19373762          0        500          0          0
   4       17      511     2185      9262923293      9262925477        19375407          0        500          0          0
   4       17      517     2144      9262925498      9262927642        19377613          0        500          0          0
   4       17     2741     3313      9262927662      9262930975        19379777          0        500          0          0
   4       17      517     1628      9262931000      9262932627        19383114          0        500          0          0
   4       17      517     1603      9262932647      9262934250        19384762          0        500          0          0
   4       17      511     2197      9262934268      9262936465        19386383          0        500          0          0
   4       17      511     2136      9262936483      9262938619        19388598          0        500          0          0
   4       17      517     1595      9262938637      9262940232        19390752          0        500          0          0
   4       17      511     2130      9262940250      9262942380        19392365          0        500          0          0
   4       17      511     3743      9262942396      9262946139        19394511          0        500          0          0
   4       17      511     2129      9262946158      9262948287        19398273          0        500          0          0
   4       17      511     2128      9262948304      9262950433        19400419          0        500          0          0
   4       17      511     2134      9262950451      9262952585        19402566          0        500          0          0
   4       17      517     1614      9262952604      9262954219        19404719          0        500          0          0
   4       17      511     1585      9262954237      9262955822        19406352          0        500          0          0
   4       17      516     2136      9262955840      9262957976        19407954          0        500          0          0
   4       17      516     2146      9262957994      9262960140        19410109          0        500          0          0
   4       17      511     1598      9262960158      9262961756        19412272          0        500          0          0
   4       17     2223     3890      9262961773      9262965663        19413888          0        500          0          0
   4       17      516     1622      9262965706      9262967327        19417820          0        500          0          0
   4       17      511     1615      9262967344      9262968959        19419459          0        500          0          0
   4       17      511     2130      9262969022      9262971153        19421137          0        500          0          0
   4       17      511     2129      9262971170      9262973299        19423285          0        500          0          0
   4       17      511     1589      9262973315      9262974904        19425430          0        500          0          0
   4       17      517     2135      9262974920      9262977055        19427035          0        500          0          0
   4       17      511     2664      9262977071      9262979735        19429186          0        500          0          0
   4       17      516     1078      9262979751      9262980829        19431866          0        500          0          0
   4       17      517     2669      9262980844      9262983513        19432959          0        500          0          0
   4       17      516     2142      9262983529      9262985671        19435644          0        500          0          0
   4       17      518     2132      9262985689      9262987821        19437803          0        500          0          0
   4       17      517     2129      9262987837      9262989966        19439952          0        500          0          0
   4       17      517     3205      9262989981      9262993186        19442096          0        500          0          0
   4       17      511     2128      9262993207      9262995335        19445322          0        500          0          0
   4       17      511     2066      9262995353      9262997418        19447467          0        500          0          0
   4       17      511     1080      9262997436      9262998515        19449551          0        500          0          0
   4       17      517     2268      9262998534      9263000802        19450648          0        500          0          0
   4       17      538     2202      9263000821      9263003023        19452935          0        500          0          0
   4       17      511     2127      9263003039      9263005167        19455154          0        500          0          0
   4       17      511     1594      9263005183      9263006777        19457298          0        500          0          0
   4       17     1600     4329      9263006792      9263011121        19458906          0        500          0          0
   4       17      511     2177      9263011137      9263013314        19463252          0        500          0          0
   4       17      511     2166      9263013330      9263015496        19465444          0        500          0          0
   4       17      517     2125      9263015512      9263017636        19467626          0        500          0          0
   4       17      517     1893      9263017651      9263019544        19469766          0        500          0          0
   4       17      516     1298      9263019559      9263020857        19471674          0        500          0          0
   4       17      517     2153      9263020872      9263023025        19472986          0        500          0          0
   4       17      511     2130      9263023041      9263025171        19475156          0        500          0          0
   4       17      511     2136      9263025188      9263027324        19477302          0        500          0          0
   4       17      511     1595      9263027340      9263028935        19479455          0        500          0          0
   4       17      516     2686      9263028951      9263031636        19481066          0        500          0          0
   4       17      517     2177      9263031654      9263033831        19483769          0        500          0          0
   4       17      517     1592      9263033847      9263035440        19485962          0        500          0          0
   4       17      511     2127      9263035455      9263037582        19487570          0        500          0          0
   4       17      517     2128      9263037597      9263039725        19489711          0        500          0          0
   4       17      517     1614      9263039762      9263041376        19491877          0        500          0          0
   4       17      511     1604      9263041392      9263042996        19493507          0        500          0          0
   4       17      511     2127      9263043020      9263045147        19495135          0        500          0          0
   4       17      511     2125      9263045162      9263047287        19497277          0        500          0          0
   4       17      511     2133      9263047301      9263049434        19499416          0        500          0          0
   4       17      511     2129      9263049449      9263051579        19501564          0        500          0          0
   4       17      517     2131      9263051595      9263053725        19503710          0        500          0          0
   4       17     1864     3739      9263053742      9263057481        19505856          0        500          0          0
   4       17      517     2130      9263057499      9263059629        19509614          0        500          0          0
   4       17      516     2672      9263059647      9263062319        19511762          0        500          0          0
   4       17      511     2681      9263062337      9263065019        19514452          0        500          0          0
   4       17      511     1974      9263065035      9263067009        19517149          0        500          0          0
   4       17      511     1629      9263067027      9263068656        19519142          0        500          0          0
   4       17      521     1224      9263068672      9263069896        19520787          0        500          0          0
   4       17     2145     3757      9263069914      9263073671        19522028          0        500          0          0
   4       17      516     2669      9263073688      9263076357        19525803          0        500          0          0
   4       17      511     2665      9263076374      9263079039        19528489          0        500          0          0
   4       17      511     2125      9263079055      9263081180        19531170          0        500          0          0
   4       17      511     2182      9263081197      9263083379        19533312          0        500          0          0
   4       17      511     1068      9263083396      9263084464        19535511          0        500          0          0
   4       17      511     2528      9263084481      9263087010        19536596          0        500          0          0
   4       17      511     1587      9263087028      9263088615        19539142          0        500          0          0
   4       17      516     1789      9263088631      9263090421        19540746          0        500          0          0
   4       17      511     3210      9263090438      9263093648        19542553          0        500          0          0
   4       17      538     2343      9263093666      9263096009        19545781          0        500          0          0
   4       17      511     1997      9263096029      9263098025        19548143          0        500          0          0
   4       17      511     2126      9263098044      9263100171        19550159          0        500          0          0
   4       17      511     3731      9263100188      9263103919        19552302          0        500          0          0
   4       17      517     2198      9263103937      9263106135        19556052          0        500          0          0
   4       17      511     2165      9263106153      9263108319        19558268          0        500          0          0
   4       17      511     2132      9263108336      9263110468        19560451          0        500          0          0
   4       17      511     2063      9263110483      9263112547        19562598          0        500          0          0
   4       17      517     1091      9263112564      9263113655        19564679          0        500          0          0
   4       17      517     1683      9263113707      9263115390        19565822          0        500          0          0
   4       17      511     2126      9263115407      9263117534        19567522          0        500          0          0
   4       17      516     2133      9263117549      9263119682        19569664          0        500          0          0
   4       17     2121     3742      9263119701      9263123443        19571816          0        500          0          0
   4       17      511     2130      9263123460      9263125590        19575575          0        500          0          0
   4       17      517     1598      9263125607      9263127206        19577722          0        500          0          0
   4       17      511     1790      9263127221      9263129011        19579336          0        500          0          0
   4       17      511     2156      9263129028      9263131184        19581143          0        500          0          0
   4       17      511     1959      9263131201      9263133160        19583316          0        500          0          0
   4       17      511     1593      9263133182      9263134776        19585297          0        500          0          0
   4       17     2137     4216      9263134792      9263139009        19586907          0        500          0          0
   4       17      511     1643      9263139027      9263140671        19591142          0        500          0          0
   4       17      535     1737      9263140689      9263142426        19592804          0        500          0          0
   4       17      511     1593      9263142444      9263144037        19594558          0        500          0          0
   4       17      511     2133      9263144053      9263146186        19596168          0        500          0          0
   4       17      511     2128      9263146201      9263148330        19598316          0        500          0          0
   4       17      511     1591      9263148345      9263149936        19600459          0        500          0          0
   4       17      517     2676      9263149952      9263152628        19602067          0        500          0          0
   4       17      517     1599      9263152647      9263154246        19604761          0        500          0          0
   4       17      511     2171      9263154264      9263156435        19606379          0        500          0          0
   4       17      511     2131      9263156452      9263158583        19608566          0        500          0          0
   4       17      516     2132      9263158602      9263160734        19610717          0        500          0          0
   4       17      516     1260      9263160750      9263162010        19612865          0        500          0          0
   4       17     1931     4096      9263162028      9263166124        19614142          0        500          0          0
   4       17      511     2134      9263166142      9263168277        19618257          0        500          0          0
   4       17      511     2670      9263168294      9263170964        19620409          0        500          0          0
   4       17      517     3307      9263170981      9263174288        19623096          0        500          0          0
   4       17      511     1079      9263174307      9263175386        19626422          0        500          0          0
   4       17      511     4156      9263175403      9263179559        19627517          0        500          0          0
   4       17      517     3432      9263179576      9263183008        19631691          0        500          0          0
   4       17      511     1586      9263183021      9263184608        19635136          0        500          0          0
   4       17      517     2335      9263184623      9263186957        19636737          0        500          0          0
   4       17      516     4045      9263186973      9263191018        19639088          0        500          0          0
   4       17      511     2165      9263191085      9263193250        19643200          0        500          0          0
   4       17      511     2731      9263193269      9263196000        19645384          0        500          0          0
   4       17      511     2147      9263196025      9263198172        19648139          0        500          0          0
   4       17      511     2139      9263198190      9263200329        19650305          0        500          0          0
   4       17      511     1591      9263200347      9263201938        19652462          0        500          0          0
   4       17      517     5150      9263201954      9263207104        19654069          0        500          0          0
   4       17      511     3212      9263207124      9263210337        19659239          0        500          0          0
   4       17      511     2673      9263210353      9263213026        19662468          0        500          0          0
   4       17      511     1588      9263213043      9263214631        19665158          0        500          0          0
   4       17      517     2128      9263214646      9263216774        19666760          0        500          0          0
   4       17      516     2924      9263216790      9263219714        19668905          0        500          0          0
   4       17      520     4266      9263219750      9263224015        19671865          0        500          0          0
   4       17      511     2165      9263224050      9263226215        19676165          0        500          0          0
   4       17      511     1620      9263226233      9263227853        19678348          0        500          0          0
   4       17      516     2146      9263227891      9263230037        19680006          0        500          0          0
   4       17      511     2668      9263230054      9263232722        19682169          0        500          0          0
   4       17      517     5189      9263232743      9263237932        19684858          0        500          0          0
   4       17      523     2746      9263237971      9263240717        19690086          0        500          0          0
   4       17      517     2171      9263240756      9263242927        19692871          0        500          0          0
   4       17      516     1080      9263242962      9263244042        19695077          0        500          0          0
   4       17      511     2196      9263244062      9263246258        19696176          0        500          0          0
   4       17      511     2661      9263246274      9263248935        19698389          0        500          0          0
   4       17      517     2918      9263248952      9263251871        19701067          0        500          0          0
   4       17      518     2791      9263251897      9263254689        19704012          0        500          0          0
   4       17     3135     3705      9263254716      9263258420        19706830          0        500          0          0
   4       17     1054     2035      9263258444      9263260479        19710559          0        500          0          0
   4       17      869     2582      9263260505      9263263087        19712619          0        500          0          0
   4       17      511     2732      9263263122      9263265855        19715237          0        500          0          0
   4       17      520     2738      9263265878      9263268617        19717993          0        500          0          0
   4       17      520     2233      9263268635      9263270868        19720750          0        500          0          0
   4       17     2315     3676      9263270887      9263274563        19723002          0        500          0          0
   4       17      519     2043      9263274587      9263276630        19726702          0        500          0          0
   4       17      519     2495      9263276649      9263279143        19728763          0        500          0          0
   4       17     1487     2649      9263279202      9263281852        19731317          0        500          0          0
   4       17     1499     2600      9263281883      9263284483        19733998          0        500          0          0
   4       17      518     3331      9263284507      9263287839        19736622          0        500          0          0
   4       17      519     2169      9263287863      9263290032        19739978          0        500          0          0
   4       17     1060     2383      9263290058      9263292441        19742173          0        500          0          0
   4       17      511     3002      9263292469      9263295471        19744584          0        500          0          0
   4       17      517     2650      9263295496      9263298146        19747611          0        500          0          0
   4       17      511     2783      9263298172      9263300955        19750287          0        500          0          0
   4       17     1606     2173      9263300996      9263303169        19753111          0        500          0          0
   4       17      511     3513      9263303185      9263306698        19755300          0        500          0          0
   4       17      517     2729      9263306713      9263309442        19758828          0        500          0          0
   4       17      511     1620      9263309463      9263311083        19761578          0        500          0          0
   4       17      511     2351      9263311099      9263313450        19763214          0        500          0          0
   4       17     1090     2269      9263313475      9263315745        19765590          0        500          0          0
   4       17     3294     5486      9263315771      9263321257        19767886          0        500          0          0
   4       17      511     2658      9263321290      9263323948        19773405          0        500          0          0
   4       17      521     2133      9263323980      9263326113        19776095          0        500          0          0
   4       17      511     1878      9263326136      9263328014        19778251          0        500          0          0
   4       17      511     2062      9263328038      9263330101        19780153          0        500          0          0
   4       17      511     2839      9263330121      9263332960        19782236          0        500          0          0
   4       17      518     2594      9263332985      9263335578        19785099          0        500          0          0
   4       17     2840     3938      9263335594      9263339532        19787709          0        500          0          0
   4       17      516     1479      9263339552      9263341031        19791667          0        500          0          0
   4       17      511     2494      9263341056      9263343550        19793171          0        500          0          0
   4       17     1653     3197      9263343581      9263346779        19795696          0        500          0          0
   4       17      518     2707      9263346805      9263349512        19798920          0        500          0          0
   4       17      516     2733      9263349538      9263352271        19801653          0        500          0          0
   4       17      511     3150      9263352297      9263355447        19804412          0        500          0          0
   4       17      511     1626      9263355472      9263357098        19807586          0        500          0          0
   4       17      511     2336      9263357118      9263359454        19809232          0        500          0          0
   4       17     2752     5067      9263359485      9263364552        19811600          0        500          0          0
   4       17      517     3334      9263364579      9263367913        19816694          0        500          0          0
   4       17      517     2251      9263367938      9263370189        19820053          0        500          0          0
   4       17     1033     3127      9263370249      9263373375        19822363          0        500          0          0
   4       17     1522     2465      9263373399      9263375864        19825514          0        500          0          0
   4       17      519     2036      9263375895      9263377931        19828010          0        500          0          0
   4       17      519     2569      9263377956      9263380525        19830071          0        500          0          0
   4       17      517     2596      9263380547      9263383144        19832662          0        500          0          0
   4       17      511     2789      9263383164      9263385953        19835279          0        500          0          0
   4       17      521     2103      9263385979      9263388083        19838094          0        500          0          0
   4       17      511     5220      9263388103      9263393324        19840218          0        500          0          0
   4       17      511     2355      9263393360      9263395715        19845474          0        500          0          0
   4       17      521     2216      9263395745      9263397961        19847860          0        500          0          0
   4       17      518     1639      9263397986      9263399625        19850101          0        500          0          0
   4       17      518     2726      9263399641      9263402367        19851756          0        500          0          0
   4       17      511     2586      9263402387      9263404973        19854502          0        500          0          0
   4       17      517     2634      9263404991      9263407625        19857106          0        500          0          0
   4       17      517     2531      9263407676      9263410207        19859791          0        500          0          0
   4       17     2672     4847      9263410238      9263415085        19862353          0        500          0          0
   4       17      511     2099      9263415112      9263417211        19867226          0        500          0          0
   4       17      511     2337      9263417238      9263419575        19869353          0        500          0          0
   4       17      520     1935      9263419602      9263421537        19871717          0        500          0          0
   4       17      520     2771      9263421563      9263424334        19873677          0        500          0          0
   4       17      511     2728      9263424365      9263427093        19876480          0        500          0          0
   4       17      511     4518      9263427117      9263431635        19879232          0        500          0          0
   4       17      522     1882      9263431672      9263433554        19883787          0        500          0          0
   4       17      516     2195      9263433573      9263435768        19885688          0        500          0          0
   4       17      517     1869      9263435792      9263437661        19887907          0        500          0          0
   4       17     1614     3268      9263437687      9263440955        19889802          0        500          0          0
   4       17      519     2625      9263440977      9263443603        19893092          0        500          0          0
   4       17      517     2379      9263443655      9263446033        19895769          0        500          0          0
   4       17     3912     4483      9263446064      9263450547        19898178          0        500          0          0
   4       17      519     1645      9263450568      9263452214        19902683          0        500          0          0
   4       17      511     2524      9263452245      9263454769        19904360          0        500          0          0
   4       17      520     2711      9263454797      9263457509        19906912          0        500          0          0
   4       17      521     2567      9263457540      9263460107        19909655          0        500          0          0
   4       17     2383     4033      9263460168      9263464201        19912283          0        500          0          0
   4       17      511     2181      9263464227      9263466408        19916342          0        500          0          0
   4       17      511     2644      9263466427      9263469072        19918542          0        500          0          0
   4       17      511     1942      9263469091      9263471032        19921205          0        500          0          0
   4       17      511     2683      9263471061      9263473745        19923176          0        500          0          0
   4       17      517     2730      9263473762      9263476492        19925876          0        500          0          0
   4       17     3100     4577      9263476517      9263481094        19928632          0        500          0          0
   4       17      511     2914      9263481119      9263484033        19933234          0        500          0          0
   4       17      511     2278      9263484062      9263486340        19936177          0        500          0          0
   4       17     1083     2847      9263486367      9263489214        19938482          0        500          0          0
   4       17      511     1509      9263489240      9263490749        19941355          0        500          0          0
   4       17      521     3325      9263490780      9263494106        19942895          0        500          0          0
   4       17      511     2821      9263494129      9263496950        19946244          0        500          0          0
   4       17      517     1751      9263496976      9263498727        19949091          0        500          0          0
   4       17      520     2851      9263498750      9263501601        19950865          0        500          0          0
   4       17     3019     3590      9263501623      9263505213        19953738          0        500          0          0
   4       17      511     3659      9263505241      9263508900        19957356          0        500          0          0
   4       17      517     3030      9263508923      9263511953        19961038          0        500          0          0
   4       17      519     2685      9263511984      9263514669        19964098          0        500          0          0
   4       17      517     1084      9263514687      9263515772        19966802          0        500          0          0
   4       17      519     2677      9263515787      9263518464        19967901          0        500          0          0
   4       17      518     2767      9263518506      9263521273        19970621          0        500          0          0
   4       17      511     2762      9263521295      9263524057        19973410          0        500          0          0
   4       17      511     2608      9263524078      9263526687        19976193          0        500          0          0
   4       17     2762     4193      9263526713      9263530906        19978828          0        500          0          0
   4       17      516     3782      9263530951      9263534734        19983066          0        500          0          0
   4       17      519     2728      9263534761      9263537489        19986876          0        500          0          0
   4       17      520     3067      9263537516      9263540583        19989631          0        500          0          0
   4       17      518     3377      9263540607      9263543984        19992722          0        500          0          0
   4       17      511     3041      9263544011      9263547052        19996125          0        500          0          0
   4       17      511     2684      9263547070      9263549754        19999185          0        500          0          0
   4       17      516     2113      9263549795      9263551909        20001910          0        500          0          0
