#idx     perf      run   period           start             end          rel_st      slack c_duration   c_period     wu_lat
   0       68     2044     2045      9388040095      9388042139           57549     -49043       2000      10000          0
   0       68     2044     2044      9388042159      9388044203           59614     -41107       2000      10000          0
   0       68     2043     2043      9388044218      9388046261           61672     -33165       2000      10000          0
   0       68     2043     2044      9388046275      9388048319           63730     -25223       2000      10000          0
   0       68     2043     2044      9388048332      9388050376           65787     -17280       2000      10000          0
   0       68     2043     2043      9388050389      9388052432           67843      -9336       2000      10000          0
   0       68     2043     2043      9388052445      9388054488           69899      -1392       2000      10000          0
   0       68     2043     8607      9388054501      9388063108           71955       6552       2000      10000         12
   0       68     2043     9975      9388063129      9388073104           80584       7923       2000      10000          8
   0       68     2044     9985      9388073118      9388083103           90573       7934       2000      10000          7
   0       68     2043     9990      9388083117      9388093107          100572       7935       2000      10000         11
   0       68     2043     9984      9388093121      9388103104          110575       7932       2000      10000          8
   0       68     2044     9985      9388103118      9388113103          120573       7934       2000      10000          7
   0       68     2043     9987      9388113116      9388123104          130571       7936       2000      10000          8
   0       68     2043     9988      9388123117      9388133105          140572       7936       2000      10000          9
   0       68     2043     9985      9388133119      9388143104          150573       7934       2000      10000          8
   0       68     2043     9986      9388143117      9388153104          160572       7935       2000      10000          8
   0       68     2043     9986      9388153117      9388163103          170572       7936       2000      10000          7
   0       68     2043     9987      9388163117      9388173104          180572       7935       2000      10000          8
   0       68     2043     9986      9388173118      9388183103          190572       7935       2000      10000          7
   0       68     2043     9988      9388183116      9388193104          200571       7936       2000      10000          8
   0       68     2043     9986      9388193118      9388203104          210572       7935       2000      10000          8
   0       68     2044     9988      9388203117      9388213105          220572       7935       2000      10000          9
   0       68     2043     9984      9388213119      9388223103          230573       7934       2000      10000          7
   0       68     2043     9987      9388223116      9388233103          240571       7936       2000      10000          7
   0       68     2043     9987      9388233116      9388243103          250571       7936       2000      10000          7
   0       68     2044     9992      9388243116      9388253108          260571       7936       2000      10000         12
   0       68     2043     9985      9388253128      9388263113          270583       7924       2000      10000         17
   0       68     2043     9969      9388263142      9388273110          280596       7911       2000      10000         14
   0       68     2043     9964      9388273143      9388283107          290598       7909       2000      10000         11
   0       68     2047     9970      9388283140      9388293110          300595       7909       2000      10000         13
   0       68     2043     9972      9388293146      9388303118          310600       7907       2000      10000         22
   0       68     2044     9958      9388303150      9388313108          320605       7902       2000      10000         12
   0       68     2044     9922      9388313182      9388323104          330637       7870       2000      10000          8
   0       68     2043     9981      9388323122      9388333103          340577       7931       2000      10000          7
   0       68     2043     9985      9388333118      9388343103          350572       7935       2000      10000          7
   0       68     2043     9988      9388343116      9388353104          360571       7937       2000      10000          8
   0       68     2043     9986      9388353119      9388363105          370574       7934       2000      10000          9
   0       68     2043     9985      9388363118      9388373104          380573       7934       2000      10000          8
   0       68     2043     9985      9388373119      9388383105          390574       7933       2000      10000          9
   0       68     2043     9984      9388383121      9388393104          400575       7932       2000      10000          8
   0       68     2043     9985      9388393118      9388403103          410573       7934       2000      10000          7
   0       68     2044     9987      9388403116      9388413103          420571       7936       2000      10000          7
   0       68     2043     9982      9388413121      9388423103          430575       7932       2000      10000          7
   0       68     2043     9987      9388423117      9388433104          440571       7936       2000      10000          8
   0       68     2043     9984      9388433119      9388443103          450574       7933       2000      10000          7
   0       68     2043     9985      9388443118      9388453103          460573       7935       2000      10000          7
   0       68     2043     9987      9388453118      9388463104          470573       7935       2000      10000          8
   0       68     2043     9987      9388463117      9388473103          480571       7936       2000      10000          7
   0       68     2043     9985      9388473118      9388483103          490572       7935       2000      10000          7
   0       68     2043     9993      9388483117      9388493110          500571       7936       2000      10000         14
   0       68     2043     9979      9388493125      9388503104          510579       7928       2000      10000          8
   0       68     2044     9988      9388503118      9388513106          520573       7934       2000      10000         10
   0       68     2043     9984      9388513120      9388523104          530575       7933       2000      10000          8
   0       68     2043     9988      9388523116      9388533104          540571       7937       2000      10000          8
   0       68     2043     9985      9388533118      9388543103          550572       7935       2000      10000          7
   0       68     2044     9987      9388543116      9388553103          560571       7936       2000      10000          7
   0       68     2043     9987      9388553118      9388563104          570572       7935       2000      10000          8
   0       68     2044     9985      9388563118      9388573103          580572       7935       2000      10000          7
   0       68     2045     9999      9388573116      9388583115          590571       7934       2000      10000         19
   0       68     2043     9968      9388583140      9388593108          600595       7912       2000      10000         12
   0       68     2043     9969      9388593140      9388603109          610595       7912       2000      10000         13
   0       68     2043     9968      9388603142      9388613109          620597       7910       2000      10000         13
   0       68     2044     9966      9388613143      9388623110          630598       7909       2000      10000         13
   0       68     2043     9974      9388623141      9388633116          640596       7911       2000      10000         19
   0       68     2044     9958      9388633150      9388643108          650605       7902       2000      10000         12
   0       68     2047     9926      9388643183      9388653109          660638       7866       2000      10000         12
   0       68     2043     9966      9388653143      9388663109          670598       7909       2000      10000         13
   0       68     2047     9961      9388663147      9388673108          680602       7902       2000      10000         11
   0       68     2046     9968      9388673140      9388683109          690595       7909       2000      10000         12
   0       68     2046     9970      9388683141      9388693112          700596       7908       2000      10000         15
   0       68     2043     9962      9388693147      9388703109          710602       7905       2000      10000         13
   0       68     2044     9966      9388703144      9388713110          720599       7907       2000      10000         14
   0       68     2044     9968      9388713143      9388723110          730598       7909       2000      10000         14
   0       68     2043     9966      9388723142      9388733108          740596       7911       2000      10000         12
   0       68     2046     9967      9388733142      9388743109          750597       7907       2000      10000         12
   0       68     2043     9968      9388743140      9388753108          760595       7912       2000      10000         12
   0       68     2043     9977      9388753127      9388763104          770581       7926       2000      10000          8
   0       68     2043     9984      9388763120      9388773104          780575       7933       2000      10000          8
   0       68     2043     9985      9388773119      9388783103          790574       7933       2000      10000          7
   0       68     2043     9987      9388783118      9388793104          800572       7935       2000      10000          8
   0       68     2043     9983      9388793120      9388803104          810575       7932       2000      10000          7
   0       68     2044     9986      9388803118      9388813104          820572       7935       2000      10000          8
   0       68     2043     9985      9388813118      9388823104          830573       7934       2000      10000          8
   0       68     2043     9984      9388823120      9388833103          840574       7933       2000      10000          7
   0       68     2043     9985      9388833118      9388843103          850573       7934       2000      10000          7
   0       68     2043     9986      9388843117      9388853104          860572       7935       2000      10000          8
   0       68     2043     9985      9388853119      9388863105          870574       7934       2000      10000          9
   0       68     2043     9986      9388863118      9388873104          880573       7934       2000      10000          8
   0       68     2043     9985      9388873117      9388883103          890572       7935       2000      10000          6
   0       68     2043     9987      9388883116      9388893104          900571       7936       2000      10000          8
   0       68     2043     9986      9388893118      9388903104          910573       7935       2000      10000          8
   0       68     2043     9985      9388903118      9388913103          920572       7935       2000      10000          7
   0       68     2043     9986      9388913117      9388923103          930572       7935       2000      10000          7
   0       68     2043     9988      9388923117      9388933105          940571       7936       2000      10000          9
   0       68     2044     9985      9388933119      9388943104          950573       7933       2000      10000          8
   0       68     2043     9984      9388943118      9388953103          960573       7934       2000      10000          7
   0       68     2043     9987      9388953117      9388963105          970572       7935       2000      10000          9
   0       68     2043     9986      9388963117      9388973103          980572       7936       2000      10000          7
   0       68     2043     9957      9388973148      9388983104          990602       7905       2000      10000          8
   0       68     2043     9984      9388983120      9388993104         1000575       7933       2000      10000          8
   0       68     2043     9985      9388993119      9389003104         1010574       7934       2000      10000          8
   0       68     2046     9999      9389003117      9389013116         1020571       7933       2000      10000         20
   0       68     2044     9973      9389013138      9389023111         1030593       7914       2000      10000         14
   0       68     2043     9962      9389023145      9389033107         1040600       7907       2000      10000         11
   0       68     2046     9976      9389033141      9389043117         1050596       7908       2000      10000         20
   0       68     2043     9957      9389043150      9389053107         1060605       7902       2000      10000         11
   0       68     2047     9969      9389053141      9389063110         1070596       7908       2000      10000         13
   0       68     2043     9959      9389063148      9389073106         1080602       7905       2000      10000         10
   0       68     2044     9964      9389073139      9389083103         1090594       7912       2000      10000          7
   0       68     2043     9984      9389083120      9389093104         1100575       7933       2000      10000          8
   0       68     2043     9985      9389093119      9389103104         1110573       7934       2000      10000          8
   0       68     2043     9986      9389103119      9389113105         1120574       7933       2000      10000          9
   0       68     2043     9984      9389113119      9389123103         1130574       7933       2000      10000          7
   0       68     2043     9988      9389123119      9389133107         1140574       7934       2000      10000         11
   0       68     2044     9981      9389133122      9389143103         1150577       7930       2000      10000          7
   0       68     2043     9986      9389143118      9389153103         1160572       7935       2000      10000          7
   0       68     2043     9987      9389153117      9389163104         1170572       7935       2000      10000          8
   0       68     2043     9985      9389163119      9389173104         1180574       7934       2000      10000          8
   0       68     2043     9985      9389173118      9389183104         1190573       7934       2000      10000          8
   0       68     2043     9985      9389183118      9389193104         1200573       7934       2000      10000          8
   0       68     2043     9985      9389193119      9389203104         1210574       7934       2000      10000          8
   0       68     2044     9984      9389203119      9389213103         1220574       7933       2000      10000          7
   0       68     2043     9987      9389213118      9389223105         1230573       7935       2000      10000          9
   0       68     2043     9984      9389223120      9389233104         1240575       7933       2000      10000          8
   0       68     2043     9985      9389233119      9389243104         1250573       7934       2000      10000          8
   0       68     2043     9986      9389243118      9389253103         1260572       7935       2000      10000          7
   0       68     2043     9986      9389253118      9389263104         1270573       7935       2000      10000          8
   0       68     2043     9985      9389263119      9389273104         1280573       7934       2000      10000          8
   0       68     2043     9986      9389273117      9389283103         1290572       7935       2000      10000          7
   0       68     2043     9986      9389283117      9389293103         1300572       7935       2000      10000          7
   0       68     2043     9987      9389293117      9389303103         1310571       7936       2000      10000          7
   0       68     2043     9918      9389303186      9389313104         1320641       7867       2000      10000          8
   0       68     2044     9985      9389313120      9389323105         1330574       7932       2000      10000          9
   0       68     2043    10001      9389323118      9389333119         1340573       7935       2000      10000         22
   0       68     2044     9966      9389333145      9389343110         1350599       7907       2000      10000         14
   0       68     2043     9972      9389343146      9389353118         1360601       7906       2000      10000         22
   0       68     2043     9955      9389353152      9389363107         1370607       7900       2000      10000         11
   0       68     2046     9965      9389363145      9389373110         1380600       7904       2000      10000         14
   0       68     2044     9965      9389373143      9389383108         1390597       7909       2000      10000         11
   0       68     2046     9966      9389383144      9389393110         1400599       7906       2000      10000         13
   0       68     2046     9971      9389393146      9389403117         1410600       7904       2000      10000         21
   0       68     2044     9956      9389403153      9389413110         1420608       7899       2000      10000         13
   0       68     2044     9965      9389413144      9389423110         1430599       7907       2000      10000         13
   0       68     2043     9966      9389423144      9389433110         1440599       7908       2000      10000         14
   0       68     2044     9963      9389433144      9389443107         1450599       7908       2000      10000         11
   0       68     2047     9976      9389443143      9389453119         1460598       7906       2000      10000         22
   0       68     2046     9954      9389453154      9389463108         1470609       7895       2000      10000         11
   0       68     2047     9963      9389463145      9389473109         1480600       7903       2000      10000         12
   0       68     2046     9973      9389473145      9389483118         1490599       7904       2000      10000         21
   0       68     2044     9958      9389483153      9389493111         1500608       7899       2000      10000         14
   0       68     2043     9970      9389493146      9389503116         1510600       7907       2000      10000         19
   0       68     2044     9958      9389503151      9389513108         1520605       7901       2000      10000         12
   0       68     2047     9969      9389513142      9389523111         1530597       7906       2000      10000         15
   0       68     2046     9964      9389523147      9389533111         1540602       7902       2000      10000         14
   0       68     2043     9961      9389533147      9389543108         1550602       7905       2000      10000         11
   0       68     2047     9964      9389543144      9389553108         1560598       7905       2000      10000         11
   0       68     2047     9964      9389553143      9389563107         1570598       7905       2000      10000         11
   0       68     2046     9974      9389563143      9389573117         1580598       7906       2000      10000         20
   0       68     2044     9966      9389573150      9389583116         1590605       7901       2000      10000         20
   0       68     2050     9956      9389583153      9389593109         1600608       7893       2000      10000         12
   0       68     2044     9974      9389593141      9389603115         1610596       7911       2000      10000         18
   0       68     2046     9957      9389603152      9389613109         1620607       7897       2000      10000         12
   0       68     2047     9964      9389613144      9389623108         1630599       7904       2000      10000         12
   0       68     2043     9963      9389623144      9389633107         1640599       7908       2000      10000         11
   0       68     2046     9922      9389633187      9389643110         1650642       7862       2000      10000         13
   0       68     2047     9963      9389643147      9389653111         1660602       7901       2000      10000         14
   0       68     2043     9969      9389653145      9389663115         1670600       7907       2000      10000         18
   0       68     2047     9958      9389663150      9389673108         1680604       7899       2000      10000         11
   0       68     2047     9968      9389673142      9389683110         1690597       7907       2000      10000         14
   0       68     2043     9962      9389683146      9389693108         1700601       7906       2000      10000         11
   0       68     2047     9965      9389693143      9389703109         1710598       7905       2000      10000         12
   0       68     2044     9958      9389703152      9389713110         1720607       7900       2000      10000         14
   0       68     2044     9962      9389713144      9389723107         1730599       7907       2000      10000         11
   0       68     2046     9978      9389723143      9389733120         1740597       7907       2000      10000         24
   0       68     2043     9951      9389733156      9389743107         1750611       7896       2000      10000         11
   0       68     2046     9964      9389743143      9389753108         1760598       7906       2000      10000         11
   0       68     2046     9966      9389753143      9389763109         1770598       7907       2000      10000         12
   0       68     2047     9962      9389763146      9389773108         1780601       7902       2000      10000         11
   0       68     2044     9974      9389773145      9389783119         1790600       7907       2000      10000         22
   0       68     2044     9951      9389783156      9389793107         1800611       7896       2000      10000         11
   0       68     2047     9965      9389793144      9389803108         1810598       7905       2000      10000         12
   0       68     2046     9972      9389803143      9389813115         1820598       7907       2000      10000         18
   0       68     2046     9958      9389813150      9389823108         1830605       7899       2000      10000         11
   0       68     2046     9965      9389823145      9389833109         1840599       7905       2000      10000         13
   0       68     2043     9966      9389833143      9389843109         1850597       7910       2000      10000         12
   0       68     2046     9965      9389843144      9389853108         1860599       7905       2000      10000         12
   0       68     2046     9962      9389853147      9389863109         1870602       7902       2000      10000         12
   0       68     2046     9962      9389863147      9389873109         1880601       7903       2000      10000         12
   0       68     2044     9976      9389873141      9389883118         1890596       7910       2000      10000         21
   0       68     2044     9955      9389883153      9389893108         1900608       7899       2000      10000         11
   0       68     2047     9974      9389893142      9389903116         1910597       7907       2000      10000         20
   0       68     2049     9967      9389903150      9389913118         1920605       7897       2000      10000         21
   0       68     2044     9957      9389913153      9389923110         1930608       7899       2000      10000         13
   0       68     2043     9972      9389923145      9389933117         1940600       7907       2000      10000         21
   0       68     2044     9955      9389933153      9389943108         1950608       7899       2000      10000         11
   0       68     2044     9960      9389943149      9389953108         1960603       7903       2000      10000         12
   0       68     2043     9965      9389953144      9389963108         1970599       7908       2000      10000         12
   0       68     2043     9936      9389963171      9389973107         1980626       7881       2000      10000         11
   0       68     2043     9962      9389973146      9389983108         1990600       7907       2000      10000         11
   0       68     2047     9962      9389983146      9389993108         2000601       7902       2000      10000         11
   0       68     2046     9964      9389993144      9390003109         2010599       7905       2000      10000         12
   0       68     2043     9971      9390003144      9390013116         2020599       7908       2000      10000         19
   0       68     2046     9957      9390013151      9390023108         2030606       7898       2000      10000         12
   0       68     2046     9969      9390023144      9390033113         2040598       7906       2000      10000         16
   0       68     2047     9953      9390033155      9390043107         2050610       7894       2000      10000         11
   0       68     2047     9963      9390043144      9390053107         2060599       7905       2000      10000         10
   0       68     2046     9977      9390053142      9390063119         2070597       7907       2000      10000         23
   0       68     2043     9951      9390063157      9390073108         2080612       7895       2000      10000         12
   0       68     2046     9968      9390073142      9390083109         2090596       7908       2000      10000         12
   0       68     2043     9964      9390083144      9390093108         2100599       7908       2000      10000         11
   0       68     2046     9968      9390093142      9390103110         2110597       7908       2000      10000         14
   0       68     2043     9969      9390103147      9390113116         2120601       7906       2000      10000         19
   0       68     2044     9958      9390113150      9390123109         2130605       7902       2000      10000         12
   0       68     2046     9971      9390123145      9390133115         2140600       7904       2000      10000         19
   0       68     2046     9948      9390133160      9390143108         2150614       7890       2000      10000         11
   0       68     2044     9962      9390143142      9390153104         2160597       7910       2000      10000          8
   0       68     2043     9982      9390153122      9390163105         2170577       7931       2000      10000          9
   0       68     2043     9982      9390163122      9390173104         2180576       7931       2000      10000          8
   0       68     2043     9984      9390173119      9390183104         2190574       7934       2000      10000          7
   0       68     2043     9984      9390183120      9390193104         2200575       7932       2000      10000          8
   0       68     2043     9986      9390193118      9390203104         2210572       7935       2000      10000          8
   0       68     2043     9984      9390203120      9390213104         2220574       7933       2000      10000          8
   0       68     2043     9985      9390213119      9390223104         2230574       7934       2000      10000          8
   0       68     2043     9986      9390223118      9390233104         2240572       7935       2000      10000          8
   0       68     2043     9987      9390233117      9390243104         2250572       7936       2000      10000          8
   0       68     2043     9985      9390243119      9390253104         2260574       7934       2000      10000          8
   0       68     2043     9986      9390253118      9390263104         2270573       7935       2000      10000          8
   0       68     2043     9986      9390263119      9390273104         2280573       7934       2000      10000          8
   0       68     2043     9985      9390273118      9390283104         2290573       7934       2000      10000          8
   0       68     2043     9986      9390283117      9390293104         2300572       7935       2000      10000          8
   0       68     2043     9938      9390293166      9390303104         2310621       7887       2000      10000          8
   0       68     2043     9983      9390303120      9390313103         2320574       7933       2000      10000          7
   0       68     2043     9987      9390313116      9390323103         2330571       7937       2000      10000          7
   0       68     2043     9986      9390323117      9390333104         2340572       7936       2000      10000          8
   0       68     2043     9983      9390333119      9390343103         2350574       7933       2000      10000          7
   0       68     2043     9986      9390343117      9390353103         2360572       7936       2000      10000          7
   0       68     2043     9986      9390353118      9390363104         2370573       7935       2000      10000          8
   0       68     2043     9986      9390363118      9390373104         2380573       7934       2000      10000          8
   0       68     2044     9986      9390373117      9390383103         2390572       7935       2000      10000          7
   0       68     2043     9987      9390383117      9390393104         2400571       7936       2000      10000          8
   0       68     2043     9995      9390393117      9390403111         2410571       7936       2000      10000         15
   0       68     2044     9980      9390403131      9390413111         2420586       7921       2000      10000         14
   0       68     2043     9961      9390413146      9390423107         2430601       7906       2000      10000         11
   0       68     2046     9972      9390423144      9390433116         2440599       7905       2000      10000         19
   0       68     2046     9954      9390433155      9390443109         2450609       7894       2000      10000         12
   0       68     2046     9966      9390443145      9390453111         2460600       7904       2000      10000         14
   0       68     2043     9962      9390453146      9390463108         2470601       7906       2000      10000         11
   0       68     2048     9961      9390463147      9390473108         2480602       7901       2000      10000         11
   0       68     2046     9980      9390473143      9390483123         2490598       7906       2000      10000         27
   0       68     2043     9948      9390483160      9390493108         2500615       7892       2000      10000         12
   0       68     2043     9964      9390493143      9390503107         2510597       7910       2000      10000         10
   0       68     2047     9966      9390503144      9390513110         2520599       7904       2000      10000         13
   0       68     2044     9964      9390513145      9390523109         2530600       7907       2000      10000         13
   0       68     2043     9965      9390523145      9390533109         2540599       7908       2000      10000         13
   0       68     2043     9967      9390533143      9390543110         2550598       7909       2000      10000         14
   0       68     2044     9960      9390543146      9390553107         2560601       7905       2000      10000         10
   0       68     2043     9962      9390553142      9390563104         2570597       7910       2000      10000          8
   0       68     2043     9979      9390563125      9390573104         2580580       7928       2000      10000          8
   0       68     2043     9985      9390573119      9390583104         2590574       7933       2000      10000          8
   0       68     2043     9985      9390583119      9390593104         2600574       7934       2000      10000          8
   0       68     2043     9986      9390593118      9390603104         2610572       7935       2000      10000          8
   0       68     2043     9982      9390603121      9390613103         2620575       7932       2000      10000          7
   0       68     2043     9986      9390613118      9390623105         2630573       7934       2000      10000          8
   0       68     2043     9931      9390623173      9390633104         2640628       7879       2000      10000          8
   0       68     2043     9982      9390633121      9390643103         2650576       7931       2000      10000          7
   0       68     2043     9985      9390643118      9390653103         2660573       7935       2000      10000          7
   0       68     2043     9995      9390653118      9390663113         2670572       7935       2000      10000         17
   0       68     2043     9975      9390663128      9390673104         2680583       7925       2000      10000          8
   0       68     2043     9984      9390673119      9390683103         2690574       7934       2000      10000          7
   0       68     2043     9985      9390683119      9390693103         2700574       7934       2000      10000          7
   0       68     2043     9985      9390693118      9390703103         2710573       7934       2000      10000          7
   0       68     2043     9984      9390703119      9390713103         2720574       7933       2000      10000          7
   0       68     2043     9986      9390713117      9390723103         2730572       7935       2000      10000          7
   0       68     2043     9987      9390723118      9390733105         2740573       7935       2000      10000          9
   0       68     2044     9984      9390733119      9390743103         2750574       7933       2000      10000          7
   0       68     2043     9986      9390743118      9390753104         2760573       7934       2000      10000          8
   0       68     2043     9985      9390753119      9390763104         2770574       7934       2000      10000          8
   0       68     2043     9986      9390763118      9390773105         2780573       7934       2000      10000          9
   0       68     2044     9984      9390773119      9390783103         2790573       7933       2000      10000          7
   0       68     2043     9987      9390783117      9390793104         2800571       7936       2000      10000          8
   0       68     2043     9986      9390793118      9390803104         2810572       7935       2000      10000          8
   0       68     2043     9990      9390803118      9390813108         2820572       7935       2000      10000         12
   0       68     2043     9986      9390813125      9390823112         2830580       7927       2000      10000         15
   0       68     2043     9967      9390823141      9390833108         2840596       7911       2000      10000         12
   0       68     2043     9963      9390833145      9390843108         2850600       7907       2000      10000         12
   0       68     2044     9960      9390843145      9390853105         2860599       7907       2000      10000          8
   0       68     2043     9981      9390853123      9390863105         2870578       7929       2000      10000          9
   0       68     2043     9984      9390863121      9390873105         2880576       7932       2000      10000          9
   0       68     2043     9983      9390873121      9390883104         2890576       7931       2000      10000          7
   0       68     2043     9985      9390883120      9390893104         2900574       7933       2000      10000          8
   0       68     2043     9985      9390893120      9390903105         2910575       7933       2000      10000          9
   0       68     2043     9985      9390903119      9390913104         2920574       7934       2000      10000          8
   0       68     2043     9985      9390913119      9390923103         2930573       7934       2000      10000          7
   0       68     2043     9987      9390923118      9390933105         2940572       7935       2000      10000          9
   0       68     2043     9986      9390933119      9390943105         2950574       7933       2000      10000          9
   0       68     2043     9984      9390943119      9390953103         2960574       7934       2000      10000          7
   0       68     2043     9939      9390953166      9390963105         2970621       7887       2000      10000          9
   0       68     2043     9982      9390963121      9390973103         2980576       7931       2000      10000          7
   0       68     2043     9984      9390973119      9390983103         2990574       7934       2000      10000          7
   0       68     2043     9986      9390983118      9390993104         3000573       7935       2000      10000          8
   0       68     2043     9984      9390993119      9391003103         3010574       7934       2000      10000          7
   0       68     2044     9987      9391003117      9391013104         3020572       7935       2000      10000          8
   0       68     2044     9984      9391013119      9391023103         3030573       7933       2000      10000          7
   0       68     2043     9986      9391023118      9391033104         3040573       7934       2000      10000          8
   0       68     2044     9983      9391033120      9391043103         3050574       7933       2000      10000          7
   0       68     2043     9987      9391043117      9391053104         3060572       7936       2000      10000          8
   0       68     2043     9986      9391053118      9391063104         3070573       7934       2000      10000          8
   0       68     2043     9986      9391063117      9391073103         3080572       7936       2000      10000          7
   0       68     2043     9986      9391073118      9391083104         3090572       7935       2000      10000          8
   0       68     2043     9987      9391083118      9391093105         3100573       7935       2000      10000          9
   0       68     2043     9985      9391093119      9391103103         3110573       7934       2000      10000          7
   0       68     2046     9997      9391103118      9391113116         3120573       7932       2000      10000         19
   0       68     2043     9969      9391113140      9391123109         3130594       7913       2000      10000         12
   0       68     2043     9973      9391123145      9391133119         3140600       7907       2000      10000         22
   0       68     2046     9954      9391133155      9391143109         3150610       7894       2000      10000         13
   0       68     2044     9963      9391143146      9391153109         3160601       7906       2000      10000         13
   0       68     2043     9964      9391153145      9391163109         3170599       7908       2000      10000         12
   0       68     2043     9978      9391163143      9391173121         3180598       7910       2000      10000         25
   0       68     2043     9952      9391173156      9391183108         3190611       7896       2000      10000         12
   0       68     2043     9963      9391183144      9391193107         3200599       7908       2000      10000         11
   0       68     2043     9963      9391193141      9391203104         3210595       7912       2000      10000          8
   0       68     2043     9980      9391203124      9391213104         3220579       7929       2000      10000          8
   0       68     2043     9985      9391213119      9391223104         3230574       7934       2000      10000          8
   0       68     2043     9984      9391223120      9391233104         3240574       7933       2000      10000          8
   0       68     2044     9985      9391233119      9391243103         3250573       7934       2000      10000          7
   0       68     2043     9993      9391243118      9391253111         3260572       7935       2000      10000         15
   0       68     2043     9983      9391253124      9391263108         3270579       7928       2000      10000         12
   0       68     2043     9981      9391263122      9391273103         3280577       7930       2000      10000          7
   0       68     2043     9985      9391273118      9391283103         3290572       7935       2000      10000          7
   0       68     2043     9926      9391283179      9391293105         3300634       7873       2000      10000          9
   0       68     2043     9983      9391293120      9391303103         3310575       7932       2000      10000          7
   0       68     2043     9985      9391303119      9391313104         3320574       7934       2000      10000          8
   0       68     2044     9985      9391313118      9391323104         3330573       7934       2000      10000          8
   0       68     2043     9984      9391323120      9391333104         3340574       7933       2000      10000          8
   0       68     2044     9985      9391333118      9391343103         3350573       7934       2000      10000          7
   0       68     2043     9987      9391343118      9391353104         3360573       7935       2000      10000          8
   0       68     2043     9985      9391353119      9391363104         3370574       7933       2000      10000          8
   0       68     2043     9985      9391363119      9391373104         3380574       7934       2000      10000          8
   0       68     2044     9984      9391373119      9391383103         3390574       7933       2000      10000          7
   0       68     2043     9986      9391383119      9391393105         3400573       7934       2000      10000          9
   0       68     2043     9985      9391393119      9391403104         3410574       7934       2000      10000          8
   0       68     2043     9986      9391403119      9391413105         3420574       7933       2000      10000          9
   0       68     2043     9984      9391413120      9391423104         3430575       7933       2000      10000          8
   0       68     2043     9986      9391423118      9391433104         3440573       7935       2000      10000          8
   0       68     2044     9987      9391433117      9391443104         3450572       7935       2000      10000          8
   0       68     2043     9985      9391443118      9391453103         3460573       7934       2000      10000          7
   0       68     2045     9999      9391453117      9391463116         3470571       7934       2000      10000         19
   0       68     2043     9965      9391463144      9391473108         3480598       7909       2000      10000         12
   0       68     2044     9965      9391473144      9391483109         3490598       7908       2000      10000         13
   0       68     2046     9965      9391483144      9391493109         3500599       7905       2000      10000         13
   0       68     2046     9961      9391493147      9391503108         3510602       7902       2000      10000         12
   0       68     2046     9965      9391503144      9391513109         3520599       7905       2000      10000         13
   0       68     2047     9963      9391513145      9391523108         3530600       7904       2000      10000         12
   0       68     2046     9965      9391523145      9391533110         3540600       7904       2000      10000         13
   0       68     2047     9964      9391533153      9391543117         3550608       7895       2000      10000         21
   0       68     2047     9953      9391543154      9391553108         3560609       7894       2000      10000         11
   0       68     2043     9961      9391553145      9391563105         3570599       7908       2000      10000          9
   0       68     2043     9979      9391563124      9391573103         3580579       7929       2000      10000          7
   0       68     2044     9983      9391573120      9391583103         3590575       7932       2000      10000          7
   0       68     2043     9986      9391583118      9391593104         3600573       7935       2000      10000          8
   0       68     2043     9985      9391593119      9391603104         3610573       7934       2000      10000          8
   0       68     2043     9984      9391603119      9391613103         3620574       7934       2000      10000          7
   0       68     2043     9923      9391613181      9391623104         3630636       7872       2000      10000          8
   0       68     2043     9986      9391623119      9391633104         3640573       7934       2000      10000          8
   0       68     2043     9983      9391633119      9391643103         3650574       7933       2000      10000          7
   0       68     2043     9986      9391643118      9391653104         3660573       7935       2000      10000          8
   0       68     2043     9986      9391653118      9391663103         3670572       7935       2000      10000          7
   0       68     2043     9985      9391663118      9391673103         3680573       7935       2000      10000          7
   0       68     2044     9984      9391673119      9391683103         3690574       7933       2000      10000          7
   0       68     2043     9987      9391683116      9391693103         3700571       7936       2000      10000          7
   0       68     2043     9985      9391693119      9391703104         3710574       7934       2000      10000          8
   0       68     2043     9985      9391703117      9391713103         3720572       7935       2000      10000          7
   0       68     2043     9986      9391713117      9391723103         3730572       7936       2000      10000          7
   0       68     2043     9986      9391723117      9391733102         3740571       7936       2000      10000          6
   0       68     2043     9986      9391733118      9391743103         3750573       7935       2000      10000          7
   0       68     2043     9985      9391743117      9391753102         3760572       7935       2000      10000          6
   0       68     2043     9988      9391753116      9391763104         3770571       7937       2000      10000          8
   0       68     2043     9985      9391763119      9391773103         3780574       7934       2000      10000          7
   0       68     2043     9986      9391773117      9391783103         3790571       7936       2000      10000          7
   0       68     2043     9987      9391783117      9391793104         3800571       7936       2000      10000          8
   0       68     2043     9987      9391793117      9391803103         3810572       7936       2000      10000          7
   0       68     2044     9991      9391803117      9391813108         3820571       7935       2000      10000         12
   0       68     2044     9988      9391813124      9391823112         3830579       7928       2000      10000         16
   0       68     2044     9970      9391823138      9391833109         3840593       7914       2000      10000         12
   0       68     2043     9961      9391833147      9391843108         3850601       7905       2000      10000         11
   0       68     2047     9965      9391843142      9391853108         3860597       7906       2000      10000         11
   0       68     2043     9961      9391853147      9391863108         3870601       7906       2000      10000         12
   0       68     2046     9966      9391863143      9391873109         3880597       7906       2000      10000         12
   0       68     2043     9961      9391873145      9391883106         3890599       7908       2000      10000         10
   0       68     2046     9965      9391883142      9391893107         3900597       7907       2000      10000         10
   0       68     2043     9962      9391893143      9391903104         3910597       7910       2000      10000          8
   0       68     2043     9980      9391903122      9391913103         3920577       7931       2000      10000          7
   0       68     2043     9984      9391913120      9391923104         3930575       7933       2000      10000          8
   0       68     2043     9985      9391923118      9391933103         3940573       7935       2000      10000          7
   0       68     2043     9986      9391933118      9391943104         3950573       7935       2000      10000          8
   0       68     2043     9937      9391943167      9391953104         3960622       7885       2000      10000          8
   0       68     2043     9983      9391953121      9391963104         3970576       7932       2000      10000          8
   0       68     2043     9984      9391963120      9391973104         3980575       7933       2000      10000          8
   0       68     2043     9983      9391973120      9391983103         3990575       7933       2000      10000          7
   0       68     2043     9987      9391983117      9391993104         4000572       7936       2000      10000          8
   0       68     2043     9985      9391993119      9392003105         4010574       7934       2000      10000          9
   0       68     2043     9986      9392003119      9392013104         4020573       7934       2000      10000          8
   0       68     2043     9985      9392013119      9392023104         4030574       7934       2000      10000          8
   0       68     2043     9986      9392023118      9392033104         4040573       7935       2000      10000          8
   0       68     2043     9983      9392033119      9392043103         4050574       7933       2000      10000          7
   0       68     2043     9986      9392043117      9392053103         4060572       7936       2000      10000          7
   0       68     2043     9991      9392053116      9392063107         4070571       7937       2000      10000         11
   0       68     2043     9982      9392063122      9392073104         4080577       7931       2000      10000          8
   0       68     2043     9985      9392073119      9392083103         4090573       7934       2000      10000          7
   0       68     2043     9987      9392083117      9392093104         4100572       7936       2000      10000          8
   0       68     2043     9984      9392093118      9392103102         4110573       7934       2000      10000          6
   0       68     2043     9986      9392103117      9392113103         4120571       7936       2000      10000          7
   0       68     2043     9986      9392113117      9392123103         4130572       7936       2000      10000          7
   0       68     2043     9988      9392123116      9392133104         4140571       7936       2000      10000          8
   0       68     2043     9986      9392133117      9392143104         4150572       7935       2000      10000          8
   0       68     2043     9987      9392143118      9392153104         4160573       7935       2000      10000          8
   0       68     2046     9997      9392153119      9392163115         4170573       7931       2000      10000         19
   0       68     2043     9963      9392163144      9392173107         4180599       7909       2000      10000         10
   0       68     2043     9966      9392173142      9392183107         4190596       7910       2000      10000         11
   0       68     2046     9964      9392183143      9392193107         4200598       7906       2000      10000         11
   0       68     2046     9961      9392193146      9392203108         4210601       7903       2000      10000         11
   0       68     2046     9972      9392203143      9392213115         4220598       7906       2000      10000         18
   0       68     2043     9960      9392213150      9392223109         4230604       7902       2000      10000         13
   0       68     2043     9963      9392223146      9392233109         4240601       7906       2000      10000         13
   0       68     2043     9971      9392233145      9392243116         4250599       7908       2000      10000         19
   0       68     2043     9959      9392243151      9392253110         4260606       7901       2000      10000         14
   0       68     2043     9962      9392253146      9392263108         4270601       7906       2000      10000         12
   0       68     2043     9960      9392263145      9392273104         4280599       7908       2000      10000          8
   0       68     2043     9927      9392273179      9392283106         4290634       7874       2000      10000         10
   0       68     2043     9980      9392283124      9392293104         4300579       7929       2000      10000          8
   0       68     2043     9983      9392293120      9392303104         4310575       7933       2000      10000          8
   0       68     2043     9984      9392303119      9392313104         4320574       7933       2000      10000          8
   0       68     2043     9983      9392313120      9392323103         4330575       7932       2000      10000          7
   0       68     2043     9986      9392323118      9392333104         4340573       7935       2000      10000          8
   0       68     2043     9984      9392333119      9392343103         4350574       7934       2000      10000          7
   0       68     2043     9986      9392343117      9392353104         4360572       7935       2000      10000          8
   0       68     2043     9985      9392353119      9392363104         4370574       7933       2000      10000          9
   0       68     2043     9985      9392363119      9392373104         4380573       7934       2000      10000          8
   0       68     2043     9985      9392373119      9392383104         4390574       7934       2000      10000          8
   0       68     2043     9986      9392383118      9392393104         4400573       7935       2000      10000          8
   0       68     2043     9985      9392393118      9392403103         4410573       7935       2000      10000          7
   0       68     2043     9985      9392403118      9392413103         4420573       7934       2000      10000          7
   0       68     2043     9986      9392413117      9392423103         4430572       7935       2000      10000          7
   0       68     2043     9986      9392423117      9392433103         4440572       7935       2000      10000          7
   0       68     2043     9986      9392433118      9392443104         4450573       7934       2000      10000          8
   0       68     2043     9984      9392443119      9392453103         4460574       7933       2000      10000          7
   0       68     2043     9986      9392453118      9392463104         4470573       7935       2000      10000          8
   0       68     2043     9985      9392463119      9392473104         4480573       7934       2000      10000          8
   0       68     2043     9985      9392473118      9392483103         4490573       7934       2000      10000          7
   0       68     2043     9988      9392483117      9392493104         4500571       7936       2000      10000          8
   0       68     2043     9986      9392493117      9392503103         4510572       7935       2000      10000          7
   0       68     2044     9987      9392503116      9392513103         4520571       7936       2000      10000          7
   0       68     2043     9997      9392513117      9392523114         4530572       7935       2000      10000         18
   0       68     2043     9976      9392523137      9392533113         4540591       7916       2000      10000         16
   0       68     2044     9965      9392533143      9392543108         4550598       7909       2000      10000         12
   0       68     2047     9961      9392543146      9392553107         4560601       7903       2000      10000         11
   0       68     2043     9960      9392553144      9392563105         4570599       7908       2000      10000          9
   0       68     2043     9980      9392563124      9392573104         4580579       7929       2000      10000          8
   0       68     2043     9987      9392573121      9392583108         4590575       7932       2000      10000         12
   0       68     2043     9980      9392583124      9392593104         4600579       7929       2000      10000          8
   0       68     2043     9983      9392593120      9392603104         4610575       7933       2000      10000          8
   0       68     2043     9943      9392603161      9392613104         4620616       7891       2000      10000          8
   0       68     2043     9981      9392613122      9392623103         4630576       7931       2000      10000          7
   0       68     2043     9986      9392623119      9392633105         4640573       7934       2000      10000          9
   0       68     2043     9984      9392633120      9392643104         4650575       7932       2000      10000          8
   0       68     2043     9992      9392643120      9392653112         4660574       7933       2000      10000         16
   0       68     2043     9979      9392653127      9392663105         4670581       7926       2000      10000          9
   0       68     2043     9986      9392663119      9392673105         4680574       7933       2000      10000          9
   0       68     2043     9983      9392673120      9392683104         4690575       7932       2000      10000          8
   0       68     2043     9985      9392683118      9392693104         4700573       7934       2000      10000          8
   0       68     2043     9986      9392693118      9392703104         4710572       7935       2000      10000          8
   0       68     2043     9985      9392703119      9392713104         4720573       7934       2000      10000          8
   0       68     2043     9986      9392713118      9392723104         4730572       7935       2000      10000          8
   0       68     2043     9986      9392723118      9392733104         4740573       7935       2000      10000          8
   0       68     2044     9986      9392733117      9392743104         4750572       7935       2000      10000          8
   0       68     2043     9987      9392743118      9392753105         4760572       7935       2000      10000          9
   0       68     2043     9986      9392753118      9392763104         4770573       7935       2000      10000          8
   0       68     2043     9984      9392763120      9392773104         4780574       7933       2000      10000          8
   0       68     2043     9987      9392773117      9392783104         4790572       7935       2000      10000          8
   0       68     2043     9987      9392783118      9392793104         4800573       7935       2000      10000          8
   0       68     2043     9986      9392793118      9392803104         4810573       7935       2000      10000          8
   0       68     2043     9991      9392803118      9392813109         4820572       7935       2000      10000         13
   0       68     2043     9996      9392813125      9392823121         4830580       7928       2000      10000         25
   0       68     2043     9957      9392823150      9392833107         4840605       7902       2000      10000         10
   0       68     2043     9968      9392833144      9392843112         4850598       7908       2000      10000         15
   0       68     2046     9961      9392843146      9392853107         4860601       7903       2000      10000         11
   0       68     2044     9959      9392853145      9392863104         4870600       7907       2000      10000          8
   0       68     2043     9981      9392863123      9392873104         4880577       7930       2000      10000          8
   0       68     2044     9980      9392873123      9392883103         4890578       7929       2000      10000          7
   0       68     2043     9985      9392883119      9392893104         4900574       7934       2000      10000          8
   0       68     2043     9985      9392893119      9392903104         4910573       7934       2000      10000          8
   0       68     2044     9984      9392903119      9392913103         4920573       7934       2000      10000          7
   0       68     2044     9983      9392913120      9392923103         4930575       7932       2000      10000          7
   0       68     2043     9993      9392923117      9392933110         4940572       7936       2000      10000         14
   0       68     2043     9918      9392933186      9392943103         4950640       7867       2000      10000          7
   0       68     2043     9983      9392943120      9392953103         4960575       7932       2000      10000          7
   0       68     2043     9985      9392953119      9392963104         4970574       7934       2000      10000          8
   0       68     2043     9984      9392963120      9392973103         4980574       7933       2000      10000          7
   0       68     2043     9985      9392973118      9392983103         4990573       7934       2000      10000          7
   0       68     2043     9985      9392983118      9392993104         5000573       7934       2000      10000          8
   0       68     2043     9986      9392993118      9393003104         5010573       7935       2000      10000          8
   0       68     2043     9985      9393003119      9393013104         5020573       7934       2000      10000          8
   0       68     2043     9986      9393013118      9393023104         5030573       7935       2000      10000          8
   0       68     2043     9986      9393023118      9393033104         5040572       7935       2000      10000          8
   0       68     2043     9988      9393033119      9393043107         5050573       7934       2000      10000         11
   0       68     2043     9983      9393043120      9393053103         5060575       7932       2000      10000          7
   0       68     2043     9987      9393053118      9393063105         5070572       7935       2000      10000          9
   0       68     2043     9985      9393063119      9393073104         5080573       7934       2000      10000          8
   0       68     2044     9987      9393073117      9393083104         5090572       7935       2000      10000          8
   0       68     2043     9986      9393083118      9393093104         5100573       7935       2000      10000          8
   0       68     2043     9986      9393093118      9393103104         5110573       7935       2000      10000          8
   0       68     2043     9986      9393103117      9393113103         5120572       7936       2000      10000          7
   0       68     2046     9996      9393113117      9393123113         5130571       7933       2000      10000         17
   0       68     2043     9970      9393123138      9393133108         5140593       7914       2000      10000         12
   0       68     2043     9977      9393133141      9393143118         5150596       7911       2000      10000         22
   0       68     2044     9955      9393143154      9393153109         5160609       7898       2000      10000         13
   0       68     2043     9973      9393153146      9393163119         5170600       7907       2000      10000         22
   0       68     2043     9954      9393163155      9393173110         5180610       7897       2000      10000         13
   0       68     2044     9971      9393173147      9393183118         5190601       7905       2000      10000         21
   0       68     2043     9953      9393183155      9393193107         5200609       7898       2000      10000         11
   0       68     2047     9963      9393193145      9393203108         5210600       7904       2000      10000         12
   0       68     2047     9966      9393203144      9393213109         5220598       7905       2000      10000         13
   0       68     2044     9967      9393213146      9393223113         5230601       7906       2000      10000         17
   0       68     2046     9971      9393223148      9393233119         5240603       7901       2000      10000         23
   0       68     2043     9951      9393233158      9393243108         5250612       7895       2000      10000         12
   0       68     2043     9958      9393243146      9393253104         5260601       7906       2000      10000          8
   0       68     2043     9981      9393253123      9393263104         5270578       7929       2000      10000          8
   0       68     2044     9913      9393263191      9393273103         5280645       7862       2000      10000          7
   0       68     2043     9982      9393273122      9393283105         5290577       7930       2000      10000          9
   0       68     2043     9985      9393283121      9393293105         5300575       7932       2000      10000          9
   0       68     2043     9983      9393293121      9393303104         5310576       7932       2000      10000          8
   0       68     2043     9987      9393303119      9393313106         5320574       7933       2000      10000         10
   0       68     2043     9983      9393313120      9393323103         5330575       7933       2000      10000          7
   0       68     2043     9986      9393323118      9393333104         5340573       7935       2000      10000          8
   0       68     2043     9982      9393333120      9393343103         5350575       7933       2000      10000          7
   0       68     2043     9987      9393343116      9393353103         5360571       7936       2000      10000          7
   0       68     2043     9986      9393353117      9393363104         5370572       7935       2000      10000          8
   0       68     2043     9986      9393363118      9393373104         5380573       7935       2000      10000          8
   0       68     2043     9983      9393373120      9393383103         5390575       7932       2000      10000          7
   0       68     2043     9987      9393383117      9393393104         5400572       7936       2000      10000          8
   0       68     2043     9985      9393393119      9393403104         5410574       7934       2000      10000          8
   0       68     2043     9985      9393403118      9393413103         5420573       7935       2000      10000          7
   0       68     2044     9987      9393413116      9393423103         5430571       7936       2000      10000          7
   0       68     2043     9987      9393423117      9393433104         5440572       7935       2000      10000          8
   0       68     2044     9984      9393433118      9393443103         5450573       7934       2000      10000          7
   0       68     2043     9988      9393443116      9393453104         5460570       7937       2000      10000          8
   0       68     2043     9984      9393453119      9393463104         5470574       7933       2000      10000          8
   0       68     2043     9986      9393463118      9393473104         5480572       7935       2000      10000          8
   0       68     2043     9985      9393473119      9393483104         5490573       7934       2000      10000          8
   0       68     2043     9986      9393483118      9393493104         5500573       7934       2000      10000          8
   0       68     2043     9992      9393493118      9393503109         5510572       7935       2000      10000         13
   0       68     2043     9986      9393503127      9393513113         5520582       7925       2000      10000         17
   0       68     2044     9971      9393513138      9393523109         5530593       7914       2000      10000         12
   0       68     2046     9968      9393523146      9393533114         5540601       7904       2000      10000         18
   0       68     2043     9957      9393533150      9393543108         5550605       7902       2000      10000         11
   0       68     2047     9963      9393543145      9393553108         5560600       7904       2000      10000         12
   0       68     2046     9966      9393553144      9393563110         5570599       7905       2000      10000         14
   0       68     2043     9955      9393563153      9393573108         5580607       7900       2000      10000         11
   0       68     2046     9974      9393573145      9393583118         5590599       7905       2000      10000         22
   0       68     2050     9952      9393583156      9393593108         5600611       7890       2000      10000         12
   0       68     2046     9912      9393593196      9393603108         5610651       7853       2000      10000         11
   0       68     2046     9963      9393603144      9393613108         5620599       7905       2000      10000         11
   0       68     2048     9962      9393613144      9393623106         5630599       7904       2000      10000         10
   0       68     2043     9962      9393623143      9393633105         5640597       7910       2000      10000          9
   0       68     2044     9978      9393633126      9393643104         5650581       7926       2000      10000          8
   0       68     2043     9984      9393643121      9393653105         5660576       7932       2000      10000          9
   0       68     2043     9983      9393653121      9393663104         5670576       7932       2000      10000          8
   0       68     2043     9984      9393663120      9393673104         5680575       7933       2000      10000          8
   0       68     2043     9984      9393673120      9393683104         5690574       7933       2000      10000          8
   0       68     2043     9984      9393683120      9393693104         5700575       7932       2000      10000          8
   0       68     2043     9984      9393693120      9393703103         5710575       7933       2000      10000          7
   0       68     2043     9984      9393703119      9393713103         5720574       7933       2000      10000          7
   0       68     2043     9986      9393713118      9393723104         5730573       7935       2000      10000          8
   0       68     2043     9986      9393723119      9393733104         5740574       7934       2000      10000          8
   0       68     2043     9984      9393733120      9393743104         5750575       7932       2000      10000          8
   0       68     2043     9987      9393743118      9393753105         5760573       7934       2000      10000          9
   0       68     2043     9985      9393753120      9393763105         5770575       7933       2000      10000          9
   0       68     2043     9985      9393763119      9393773104         5780574       7934       2000      10000          8
   0       68     2043     9988      9393773117      9393783105         5790572       7936       2000      10000          9
   0       68     2043     9985      9393783120      9393793104         5800574       7933       2000      10000          9
   0       68     2043     9985      9393793118      9393803103         5810572       7935       2000      10000          7
   0       68     2044     9986      9393803118      9393813104         5820572       7935       2000      10000          8
   0       68     2044     9986      9393813117      9393823103         5830572       7935       2000      10000          7
   0       68     2043     9987      9393823117      9393833104         5840572       7936       2000      10000          8
   0       68     2043     9985      9393833118      9393843103         5850572       7935       2000      10000          7
   0       68     2043     9988      9393843116      9393853104         5860571       7936       2000      10000          8
   0       68     2043     9987      9393853117      9393863104         5870571       7936       2000      10000          8
   0       68     2043     9985      9393863118      9393873103         5880573       7935       2000      10000          7
   0       68     2043     9991      9393873117      9393883108         5890571       7936       2000      10000         12
   0       68     2043     9990      9393883124      9393893114         5900579       7929       2000      10000         18
   0       68     2043     9965      9393893143      9393903109         5910598       7909       2000      10000         12
   0       68     2047     9970      9393903143      9393913114         5920598       7905       2000      10000         17
   0       68     2044     9958      9393913150      9393923108         5930605       7901       2000      10000         12
   0       68     2043     9938      9393923183      9393933121         5940638       7866       2000      10000         24
   0       68     2044     9953      9393933162      9393943115         5950617       7890       2000      10000         19
   0       68     2044     9958      9393943151      9393953109         5960606       7901       2000      10000         13
   0       68     2046     9966      9393953146      9393963112         5970600       7904       2000      10000         15
   0       68     2046     9968      9393963150      9393973118         5980605       7899       2000      10000         22
   0       68     2043     9950      9393973154      9393983104         5990609       7898       2000      10000          8
   0       68     2043     9980      9393983123      9393993103         6000578       7930       2000      10000          7
   0       68     2043     9984      9393993121      9394003105         6010576       7932       2000      10000          9
   0       68     2043     9991      9394003120      9394013111         6020575       7932       2000      10000         15
   0       68     2043     9976      9394013128      9394023104         6030582       7925       2000      10000          8
   0       68     2043     9994      9394023120      9394033114         6040575       7933       2000      10000         18
   0       68     2043     9976      9394033128      9394043104         6050583       7924       2000      10000          8
   0       68     2043     9986      9394043118      9394053104         6060572       7935       2000      10000          8
   0       68     2043     9985      9394053119      9394063104         6070573       7934       2000      10000          8
   0       68     2043     9985      9394063118      9394073103         6080573       7934       2000      10000          7
   0       68     2043     9986      9394073117      9394083104         6090572       7935       2000      10000          8
   0       68     2043     9986      9394083118      9394093104         6100572       7935       2000      10000          8
   0       68     2043     9987      9394093117      9394103104         6110572       7936       2000      10000          8
   0       68     2044     9985      9394103118      9394113103         6120573       7934       2000      10000          7
   0       68     2043     9995      9394113117      9394123112         6130572       7936       2000      10000         16
   0       68     2043     9975      9394123129      9394133105         6140584       7923       2000      10000          9
   0       68     2043     9982      9394133120      9394143102         6150575       7932       2000      10000          6
   0       68     2043     9986      9394143118      9394153104         6160573       7935       2000      10000          8
   0       68     2043     9986      9394153118      9394163104         6170573       7935       2000      10000          8
   0       68     2043     9986      9394163118      9394173104         6180573       7935       2000      10000          8
   0       68     2043     9984      9394173118      9394183103         6190573       7934       2000      10000          7
   0       68     2043     9990      9394183117      9394193106         6200571       7936       2000      10000         10
   0       68     2043     9985      9394193120      9394203105         6210575       7933       2000      10000          9
   0       68     2044     9985      9394203119      9394213104         6220574       7933       2000      10000          8
   0       68     2043     9987      9394213118      9394223104         6230572       7935       2000      10000          8
   0       68     2043     9986      9394223118      9394233104         6240573       7934       2000      10000          8
   0       68     2043     9988      9394233128      9394243116         6250583       7924       2000      10000         20
   0       68     2043     9969      9394243140      9394253109         6260595       7912       2000      10000         12
   0       68     2048     9930      9394253188      9394263118         6270643       7860       2000      10000         22
   0       68     2043     9956      9394263153      9394273110         6280608       7899       2000      10000         13
   0       68     2048     9959      9394273148      9394283107         6290603       7900       2000      10000         11
   0       68     2046     9965      9394283144      9394293109         6300598       7905       2000      10000         13
   0       68     2043     9960      9394293147      9394303107         6310602       7905       2000      10000         10
   0       68     2044     9963      9394303142      9394313105         6320597       7910       2000      10000          9
   0       68     2044     9979      9394313125      9394323104         6330579       7927       2000      10000          8
   0       68     2043     9982      9394323122      9394333103         6340576       7931       2000      10000          7
   0       68     2043     9983      9394333120      9394343104         6350575       7933       2000      10000          8
   0       68     2043     9986      9394343118      9394353103         6360572       7935       2000      10000          7
   0       68     2043     9986      9394353118      9394363105         6370573       7935       2000      10000          9
   0       68     2043     9985      9394363119      9394373104         6380574       7934       2000      10000          8
   0       68     2043     9985      9394373118      9394383104         6390573       7934       2000      10000          8
   0       68     2043     9989      9394383118      9394393107         6400572       7935       2000      10000         11
   0       68     2043     9982      9394393122      9394403104         6410577       7931       2000      10000          8
   0       68     2044     9985      9394403118      9394413103         6420572       7935       2000      10000          7
   0       68     2043     9987      9394413117      9394423104         6430572       7936       2000      10000          8
   0       68     2043     9985      9394423119      9394433104         6440573       7934       2000      10000          8
   0       68     2043     9985      9394433119      9394443104         6450574       7934       2000      10000          8
   0       68     2043     9987      9394443118      9394453105         6460572       7935       2000      10000          9
   0       68     2043     9991      9394453120      9394463111         6470575       7933       2000      10000         15
   0       68     2043     9979      9394463124      9394473103         6480579       7928       2000      10000          7
   0       68     2043     9986      9394473117      9394483103         6490572       7936       2000      10000          7
   0       68     2043     9987      9394483117      9394493104         6500572       7935       2000      10000          8
   0       68     2043     9986      9394493119      9394503105         6510573       7934       2000      10000          9
   0       68     2043     9985      9394503119      9394513104         6520574       7934       2000      10000          8
   0       68     2043     9986      9394513118      9394523104         6530573       7935       2000      10000          8
   0       68     2043     9986      9394523117      9394533103         6540572       7936       2000      10000          7
   0       68     2043     9987      9394533116      9394543103         6550571       7936       2000      10000          7
   0       68     2043     9987      9394543117      9394553104         6560572       7936       2000      10000          8
   0       68     2043     9985      9394553119      9394563104         6570573       7934       2000      10000          8
   0       68     2047     9997      9394563117      9394573114         6580572       7931       2000      10000         18
   0       68     2043     9989      9394573139      9394583128         6590594       7914       2000      10000         31
   0       68     2047     9873      9394583238      9394593111         6600692       7811       2000      10000         14
   0       68     2046     9959      9394593149      9394603108         6610604       7900       2000      10000         11
   0       68     2044     9960      9394603148      9394613108         6620602       7904       2000      10000         11
   0       68     2046     9964      9394613144      9394623108         6630599       7905       2000      10000         11
   0       68     2044     9961      9394623148      9394633109         6640602       7904       2000      10000         12
   0       68     2043     9960      9394633144      9394643104         6650598       7909       2000      10000          8
   0       68     2043     9980      9394643124      9394653104         6660579       7929       2000      10000          8
   0       68     2043     9984      9394653120      9394663105         6670575       7932       2000      10000          9
   0       68     2043     9982      9394663122      9394673104         6680577       7930       2000      10000          8
   0       68     2043     9984      9394673120      9394683104         6690575       7933       2000      10000          8
   0       68     2043     9984      9394683120      9394693104         6700575       7933       2000      10000          8
   0       68     2043     9985      9394693119      9394703104         6710574       7934       2000      10000          8
   0       68     2043     9984      9394703119      9394713103         6720574       7933       2000      10000          7
   0       68     2043     9987      9394713117      9394723103         6730572       7936       2000      10000          7
   0       68     2043     9987      9394723118      9394733104         6740572       7935       2000      10000          8
   0       68     2044     9986      9394733117      9394743103         6750572       7935       2000      10000          7
   0       68     2043     9987      9394743117      9394753104         6760572       7936       2000      10000          8
   0       68     2043     9987      9394753117      9394763104         6770572       7935       2000      10000          8
   0       68     2043     9984      9394763118      9394773102         6780573       7934       2000      10000          6
   0       68     2044     9988      9394773116      9394783103         6790571       7936       2000      10000          7
   0       68     2043     9989      9394783118      9394793107         6800572       7935       2000      10000         11
   0       68     2043     9983      9394793122      9394803104         6810576       7931       2000      10000          8
   0       68     2043     9986      9394803118      9394813104         6820573       7934       2000      10000          8
   0       68     2043     9985      9394813118      9394823103         6830573       7934       2000      10000          7
   0       68     2043     9988      9394823118      9394833105         6840572       7935       2000      10000          9
   0       68     2044     9985      9394833118      9394843103         6850573       7934       2000      10000          7
   0       68     2043     9986      9394843117      9394853103         6860572       7935       2000      10000          7
   0       68     2043     9987      9394853116      9394863103         6870571       7936       2000      10000          7
   0       68     2043     9987      9394863117      9394873104         6880572       7936       2000      10000          8
   0       68     2043     9985      9394873119      9394883103         6890573       7934       2000      10000          7
   0       68     2043     9988      9394883117      9394893105         6900572       7936       2000      10000          9
   0       68     2047     9998      9394893117      9394903116         6910572       7931       2000      10000         19
   0       68     2043     9968      9394903140      9394913108         6920595       7913       2000      10000         12
   0       68     2047     9914      9394913195      9394923108         6930649       7854       2000      10000         12
   0       68     2046     9965      9394923144      9394933109         6940599       7905       2000      10000         13
   0       68     2047     9954      9394933153      9394943108         6950608       7895       2000      10000         11
   0       68     2046     9974      9394943144      9394953118         6960599       7905       2000      10000         22
   0       68     2043     9953      9394953154      9394963108         6970609       7898       2000      10000         11
   0       68     2046     9966      9394963143      9394973109         6980598       7906       2000      10000         13
   0       68     2047     9960      9394973146      9394983106         6990601       7903       2000      10000         10
   0       68     2043     9963      9394983141      9394993103         7000595       7912       2000      10000          7
   0       68     2043     9981      9394993123      9395003104         7010578       7930       2000      10000          8
   0       68     2043     9982      9395003121      9395013103         7020575       7932       2000      10000          7
   0       68     2043     9988      9395013119      9395023107         7030574       7933       2000      10000         11
   0       68     2043     9981      9395023123      9395033104         7040578       7930       2000      10000          8
   0       68     2043     9984      9395033121      9395043105         7050575       7932       2000      10000          9
   0       68     2043     9983      9395043121      9395053104         7060575       7932       2000      10000          8
   0       68     2043     9984      9395053120      9395063104         7070575       7933       2000      10000          8
   0       68     2043     9987      9395063118      9395073105         7080573       7934       2000      10000          9
   0       68     2043     9984      9395073120      9395083104         7090575       7932       2000      10000          8
   0       68     2043     9985      9395083120      9395093104         7100574       7933       2000      10000          8
   0       68     2043     9985      9395093119      9395103104         7110574       7934       2000      10000          8
   0       68     2043     9985      9395103119      9395113104         7120573       7934       2000      10000          8
   0       68     2044     9983      9395113120      9395123104         7130575       7932       2000      10000          8
   0       68     2043     9987      9395123117      9395133104         7140572       7936       2000      10000          8
   0       68     2043     9986      9395133118      9395143104         7150573       7935       2000      10000          8
   0       68     2043     9996      9395143117      9395153113         7160572       7936       2000      10000         17
   0       68     2043     9977      9395153127      9395163104         7170582       7926       2000      10000          8
   0       68     2043     9986      9395163117      9395173103         7180572       7935       2000      10000          7
   0       68     2043     9985      9395173118      9395183103         7190572       7935       2000      10000          7
   0       68     2043     9987      9395183116      9395193103         7200571       7937       2000      10000          7
   0       68     2043     9987      9395193117      9395203104         7210571       7936       2000      10000          8
   0       68     2043     9986      9395203117      9395213103         7220572       7936       2000      10000          7
   0       68     2043     9987      9395213116      9395223103         7230571       7937       2000      10000          7
   0       68     2043     9989      9395223117      9395233105         7240571       7936       2000      10000          9
   0       68     2044     9985      9395233119      9395243104         7250574       7933       2000      10000          8
   0       68     2046     9956      9395243162      9395253118         7260617       7888       2000      10000         21
   0       68     2043     9959      9395253149      9395263109         7270604       7903       2000      10000         12
   0       68     2043     9958      9395263146      9395273104         7280601       7906       2000      10000          8
   0       68     2046     9986      9395273122      9395283108         7290577       7928       2000      10000         11
   0       68     2043     9960      9395283145      9395293105         7300599       7908       2000      10000          9
   0       68     2043     9981      9395293123      9395303104         7310578       7930       2000      10000          8
   0       68     2043     9984      9395303120      9395313104         7320575       7933       2000      10000          8
   0       68     2043     9985      9395313121      9395323106         7330576       7932       2000      10000         10
   0       68     2043     9983      9395323121      9395333105         7340576       7932       2000      10000          9
   0       68     2043     9985      9395333119      9395343104         7350574       7934       2000      10000          8
   0       68     2043     9984      9395343120      9395353104         7360575       7933       2000      10000          8
   0       68     2043     9985      9395353119      9395363104         7370574       7934       2000      10000          8
   0       68     2043     9986      9395363118      9395373104         7380573       7934       2000      10000          8
   0       68     2043     9985      9395373118      9395383104         7390573       7934       2000      10000          8
   0       68     2043     9986      9395383118      9395393104         7400573       7934       2000      10000          8
   0       68     2043     9987      9395393117      9395403104         7410572       7936       2000      10000          8
   0       68     2043     9985      9395403118      9395413104         7420573       7934       2000      10000          8
   0       68     2044     9985      9395413118      9395423103         7430573       7934       2000      10000          7
   0       68     2043     9986      9395423117      9395433104         7440572       7935       2000      10000          8
   0       68     2043     9986      9395433118      9395443104         7450573       7934       2000      10000          8
   0       68     2043     9986      9395443118      9395453104         7460573       7935       2000      10000          8
   0       68     2043     9987      9395453117      9395463104         7470572       7935       2000      10000          8
   0       68     2043     9984      9395463120      9395473104         7480574       7933       2000      10000          8
   0       68     2043     9986      9395473118      9395483103         7490572       7935       2000      10000          7
   0       68     2043     9985      9395483118      9395493103         7500573       7935       2000      10000          7
   0       68     2043     9988      9395493117      9395503105         7510571       7936       2000      10000          9
   0       68     2043     9984      9395503118      9395513103         7520573       7934       2000      10000          7
   0       68     2043     9987      9395513116      9395523103         7530571       7936       2000      10000          7
   0       68     2043     9987      9395523117      9395533104         7540572       7936       2000      10000          9
   0       68     2043     9986      9395533118      9395543104         7550573       7934       2000      10000          8
   0       68     2046    10004      9395543117      9395553121         7560572       7933       2000      10000         25
   0       68     2043     9959      9395553149      9395563108         7570604       7903       2000      10000         12
   0       68     2043     9963      9395563147      9395573110         7580602       7905       2000      10000         13
   0       68     2044     9922      9395573185      9395583108         7590640       7866       2000      10000         11
   0       68     2046     9965      9395583145      9395593111         7600600       7904       2000      10000         14
   0       68     2043     9969      9395593146      9395603114         7610600       7907       2000      10000         18
   0       68     2047     9956      9395603152      9395613107         7620607       7897       2000      10000         11
   0       68     2043     9961      9395613146      9395623107         7630600       7906       2000      10000         10
   0       68     2046     9973      9395623144      9395633116         7640598       7906       2000      10000         20
   0       68     2044     9956      9395633154      9395643110         7650608       7898       2000      10000         14
   0       68     2044     9960      9395643147      9395653107         7660602       7904       2000      10000         11
   0       68     2046     9966      9395653143      9395663109         7670598       7906       2000      10000         12
   0       68     2046     9960      9395663148      9395673108         7680603       7902       2000      10000         11
   0       68     2044     9962      9395673146      9395683108         7690601       7906       2000      10000         12
   0       68     2047     9965      9395683145      9395693110         7700600       7904       2000      10000         13
   0       68     2043     9965      9395693144      9395703109         7710599       7908       2000      10000         13
   0       68     2046     9956      9395703152      9395713107         7720606       7898       2000      10000         11
   0       68     2046     9965      9395713142      9395723107         7730597       7907       2000      10000         11
   0       68     2046     9963      9395723144      9395733107         7740599       7905       2000      10000         11
   0       68     2047     9963      9395733145      9395743108         7750600       7904       2000      10000         11
   0       68     2047     9960      9395743147      9395753107         7760601       7902       2000      10000         11
   0       68     2046     9971      9395753144      9395763115         7770598       7906       2000      10000         18
   0       68     2046     9955      9395763152      9395773108         7780607       7897       2000      10000         11
   0       68     2047     9965      9395773144      9395783109         7790598       7905       2000      10000         12
   0       68     2044     9964      9395783146      9395793109         7800600       7906       2000      10000         13
   0       68     2043     9963      9395793145      9395803108         7810600       7907       2000      10000         11
   0       68     2046     9972      9395803145      9395813117         7820599       7905       2000      10000         21
   0       68     2044     9956      9395813151      9395823108         7830606       7900       2000      10000         11
   0       68     2046     9962      9395823146      9395833108         7840600       7904       2000      10000         11
   0       68     2044     9965      9395833145      9395843110         7850599       7907       2000      10000         13
   0       68     2044     9965      9395843145      9395853111         7860600       7907       2000      10000         14
   0       68     2043     9963      9395853149      9395863112         7870604       7903       2000      10000         15
   0       68     2043     9958      9395863151      9395873109         7880606       7901       2000      10000         13
   0       68     2044     9962      9395873146      9395883108         7890601       7906       2000      10000         12
   0       68     2046     9963      9395883146      9395893108         7900600       7904       2000      10000         12
   0       68     2043     9965      9395893144      9395903109         7910599       7908       2000      10000         13
   0       68     2044     9926      9395903181      9395913107         7920636       7870       2000      10000         11
   0       68     2043     9966      9395913142      9395923109         7930597       7910       2000      10000         13
   0       68     2043     9976      9395923128      9395933105         7940583       7925       2000      10000          9
   0       68     2044     9981      9395933122      9395943103         7950577       7930       2000      10000          7
   0       68     2043     9984      9395943120      9395953103         7960574       7933       2000      10000          7
   0       68     2043     9995      9395953119      9395963115         7970574       7933       2000      10000         19
   0       68     2043     9973      9395963130      9395973104         7980585       7923       2000      10000          8
   0       68     2043     9983      9395973120      9395983104         7990575       7933       2000      10000          8
   0       68     2043     9985      9395983119      9395993104         8000574       7934       2000      10000          8
   0       68     2043     9987      9395993117      9396003104         8010572       7935       2000      10000          8
   0       68     2043     9984      9396003119      9396013103         8020574       7933       2000      10000          7
   0       68     2043     9987      9396013117      9396023104         8030572       7936       2000      10000          8
   0       68     2043     9986      9396023118      9396033104         8040573       7935       2000      10000          8
   0       68     2043     9988      9396033118      9396043106         8050573       7934       2000      10000         10
   0       68     2043     9982      9396043122      9396053104         8060576       7931       2000      10000          8
   0       68     2043     9986      9396053118      9396063104         8070573       7935       2000      10000          8
   0       68     2043     9986      9396063118      9396073104         8080573       7935       2000      10000          8
   0       68     2043     9985      9396073118      9396083103         8090573       7935       2000      10000          7
   0       68     2043     9986      9396083118      9396093103         8100573       7935       2000      10000          7
   0       68     2043     9985      9396093119      9396103104         8110573       7934       2000      10000          8
   0       68     2043     9985      9396103118      9396113102         8120573       7935       2000      10000          6
   0       68     2043     9991      9396113116      9396123108         8130571       7936       2000      10000         12
   0       68     2043     9983      9396123122      9396133104         8140576       7931       2000      10000          8
   0       68     2043     9985      9396133117      9396143102         8150572       7935       2000      10000          6
   0       68     2043     9988      9396143116      9396153104         8160570       7937       2000      10000          8
   0       68     2043     9987      9396153117      9396163104         8170571       7936       2000      10000          8
   0       68     2043     9987      9396163117      9396173103         8180571       7936       2000      10000          7
   0       68     2046     9999      9396173117      9396183115         8190571       7934       2000      10000         19
   0       68     2043     9971      9396183138      9396193109         8200593       7914       2000      10000         12
   0       68     2047     9964      9396193145      9396203109         8210600       7904       2000      10000         12
   0       68     2046     9965      9396203144      9396213109         8220599       7906       2000      10000         12
   0       68     2047     9962      9396213148      9396223109         8230602       7901       2000      10000         13
   0       68     2043     9962      9396223145      9396233107         8240600       7907       2000      10000         11
   0       68     2046     9902      9396233205      9396243107         8250660       7844       2000      10000         11
   0       68     2047     9964      9396243144      9396253108         8260598       7905       2000      10000         12
   0       68     2046     9962      9396253145      9396263107         8270600       7904       2000      10000         10
   0       68     2046     9970      9396263143      9396273113         8280598       7906       2000      10000         17
   0       68     2052     9958      9396273150      9396283109         8290605       7894       2000      10000         12
   0       68     2048     9959      9396283148      9396293107         8300603       7900       2000      10000         10
   0       68     2047     9971      9396293145      9396303117         8310600       7903       2000      10000         21
   0       68     2044     9956      9396303154      9396313110         8320608       7898       2000      10000         13
   0       68     2044     9963      9396313146      9396323109         8330601       7906       2000      10000         12
   0       68     2043     9965      9396323143      9396333108         8340598       7909       2000      10000         11
   0       68     2046     9962      9396333147      9396343109         8350602       7902       2000      10000         12
   0       68     2046     9963      9396343145      9396353108         8360600       7904       2000      10000         12
   0       68     2046     9963      9396353146      9396363109         8370601       7903       2000      10000         12
   0       68     2043     9954      9396363150      9396373104         8380604       7903       2000      10000          8
   0       68     2044     9979      9396373124      9396383103         8390579       7928       2000      10000          7
   0       68     2043     9984      9396383121      9396393104         8400575       7932       2000      10000          8
   0       68     2043     9981      9396393123      9396403104         8410578       7929       2000      10000          8
   0       68     2043     9984      9396403120      9396413104         8420575       7933       2000      10000          8
   0       68     2043     9987      9396413120      9396423108         8430575       7932       2000      10000         12
   0       68     2043     9980      9396423124      9396433104         8440579       7929       2000      10000          8
   0       68     2043     9984      9396433120      9396443104         8450575       7933       2000      10000          8
   0       68     2043     9985      9396443119      9396453104         8460574       7934       2000      10000          8
   0       68     2043     9985      9396453119      9396463104         8470574       7934       2000      10000          8
   0       68     2043     9987      9396463119      9396473106         8480573       7934       2000      10000         10
   0       68     2043     9982      9396473121      9396483103         8490576       7931       2000      10000          7
   0       68     2043     9987      9396483118      9396493105         8500573       7935       2000      10000          9
   0       68     2043     9984      9396493119      9396503104         8510574       7933       2000      10000          8
   0       68     2044     9988      9396503117      9396513105         8520572       7935       2000      10000          9
   0       68     2044     9983      9396513121      9396523104         8530575       7932       2000      10000          8
   0       68     2043     9986      9396523118      9396533104         8540572       7935       2000      10000          8
   0       68     2044     9985      9396533118      9396543103         8550573       7934       2000      10000          7
   0       68     2043     9992      9396543118      9396553109         8560572       7935       2000      10000         13
   0       68     2043     9980      9396553124      9396563104         8570579       7929       2000      10000          8
   0       68     2043     9943      9396563163      9396573106         8580617       7890       2000      10000         10
   0       68     2043     9981      9396573122      9396583104         8590577       7930       2000      10000          8
   0       68     2043     9986      9396583118      9396593105         8600573       7934       2000      10000          8
   0       68     2043     9983      9396593120      9396603103         8610575       7933       2000      10000          7
   0       68     2044     9985      9396603118      9396613103         8620573       7934       2000      10000          7
   0       68     2043     9996      9396613117      9396623114         8630572       7935       2000      10000         17
   0       68     2043     9979      9396623136      9396633114         8640591       7917       2000      10000         18
   0       68     2043     9955      9396633153      9396643108         8650608       7899       2000      10000         11
   0       68     2047     9963      9396643145      9396653108         8660600       7903       2000      10000         11
   0       68     2046     9975      9396653144      9396663119         8670599       7905       2000      10000         23
   0       68     2043     9953      9396663155      9396673108         8680610       7897       2000      10000         12
   0       68     2044     9958      9396673146      9396683104         8690600       7906       2000      10000          8
   0       68     2043     9981      9396683123      9396693104         8700577       7930       2000      10000          8
   0       68     2043     9983      9396693122      9396703105         8710577       7931       2000      10000          9
   0       68     2043     9981      9396703122      9396713104         8720577       7931       2000      10000          8
   0       68     2043     9984      9396713119      9396723104         8730574       7933       2000      10000          8
   0       68     2043     9985      9396723119      9396733104         8740574       7934       2000      10000          8
   0       68     2043     9984      9396733119      9396743104         8750574       7933       2000      10000          8
   0       68     2043     9983      9396743121      9396753104         8760576       7932       2000      10000          8
   0       68     2043     9984      9396753120      9396763104         8770575       7933       2000      10000          8
   0       68     2043     9986      9396763118      9396773104         8780573       7935       2000      10000          8
   0       68     2043     9983      9396773119      9396783103         8790574       7933       2000      10000          7
   0       68     2043     9986      9396783118      9396793104         8800572       7935       2000      10000          8
   0       68     2043     9985      9396793118      9396803104         8810573       7934       2000      10000          8
   0       68     2043     9986      9396803118      9396813104         8820573       7934       2000      10000          8
   0       68     2043     9985      9396813119      9396823104         8830573       7934       2000      10000          8
   0       68     2043     9986      9396823117      9396833103         8840572       7936       2000      10000          7
   0       68     2044     9986      9396833117      9396843104         8850572       7935       2000      10000          7
   0       68     2043     9985      9396843118      9396853104         8860573       7934       2000      10000          8
   0       68     2043     9987      9396853118      9396863105         8870573       7935       2000      10000          9
   0       68     2043     9984      9396863119      9396873103         8880574       7933       2000      10000          7
   0       68     2043     9985      9396873117      9396883103         8890572       7936       2000      10000          7
   0       68     2043     9988      9396883116      9396893104         8900570       7937       2000      10000          8
   0       68     2043     9915      9396893190      9396903104         8910644       7863       2000      10000          8
   0       68     2043     9982      9396903122      9396913104         8920576       7931       2000      10000          8
   0       68     2043     9985      9396913119      9396923104         8930573       7934       2000      10000          8
   0       68     2043     9990      9396923119      9396933109         8940573       7934       2000      10000         13
   0       68     2044     9988      9396933126      9396943113         8950580       7927       2000      10000         17
   0       68     2044     9972      9396943137      9396953108         8960592       7915       2000      10000         12
   0       68     2047     9962      9396953148      9396963110         8970603       7901       2000      10000         13
   0       68     2047     9955      9396963154      9396973109         8980609       7894       2000      10000         12
   0       68     2044     9965      9396973145      9396983110         8990599       7907       2000      10000         13
   0       68     2043     9962      9396983147      9396993108         9000602       7905       2000      10000         12
   0       68     2046     9962      9396993147      9397003109         9010601       7903       2000      10000         12
   0       68     2047     9962      9397003145      9397013108         9020600       7903       2000      10000         11
   0       68     2047     9964      9397013144      9397023108         9030599       7905       2000      10000         12
   0       68     2047     9963      9397023146      9397033109         9040601       7902       2000      10000         12
   0       68     2046     9962      9397033146      9397043108         9050601       7903       2000      10000         12
   0       68     2047     9964      9397043144      9397053108         9060598       7905       2000      10000         11
   0       68     2046     9964      9397053145      9397063109         9070600       7904       2000      10000         13
   0       68     2046     9958      9397063149      9397073107         9080604       7900       2000      10000         10
   0       68     2047     9964      9397073144      9397083108         9090598       7905       2000      10000         11
   0       68     2046     9965      9397083144      9397093110         9100599       7905       2000      10000         13
   0       68     2043     9960      9397093149      9397103109         9110603       7904       2000      10000         12
   0       68     2047     9961      9397103148      9397113108         9120602       7901       2000      10000         12
   0       68     2047     9962      9397113145      9397123108         9130600       7903       2000      10000         11
   0       68     2046     9964      9397123144      9397133108         9140598       7906       2000      10000         11
   0       68     2047     9964      9397133146      9397143109         9150600       7903       2000      10000         13
   0       68     2044     9963      9397143146      9397153109         9160601       7906       2000      10000         13
   0       68     2043     9960      9397153148      9397163108         9170602       7905       2000      10000         11
   0       68     2047     9962      9397163147      9397173109         9180602       7901       2000      10000         13
   0       68     2046     9958      9397173149      9397183107         9190604       7900       2000      10000         11
   0       68     2046     9966      9397183145      9397193111         9200599       7905       2000      10000         14
   0       68     2043     9959      9397193151      9397203110         9210606       7901       2000      10000         14
   0       68     2044     9959      9397203147      9397213106         9220602       7905       2000      10000         10
   0       68     2044     9959      9397213144      9397223103         9230599       7908       2000      10000          7
   0       68     2043     9921      9397223184      9397233105         9240638       7869       2000      10000          9
   0       68     2044     9978      9397233126      9397243104         9250580       7926       2000      10000          8
   0       68     2043     9984      9397243120      9397253104         9260575       7932       2000      10000          8
   0       68     2043     9984      9397253120      9397263104         9270575       7933       2000      10000          8
   0       68     2043     9984      9397263120      9397273104         9280574       7933       2000      10000          8
   0       68     2043     9983      9397273120      9397283103         9290575       7932       2000      10000          7
   0       68     2043     9987      9397283118      9397293104         9300572       7935       2000      10000          8
   0       68     2043     9985      9397293119      9397303104         9310574       7934       2000      10000          8
   0       68     2043     9984      9397303120      9397313103         9320574       7933       2000      10000          7
   0       68     2043     9987      9397313118      9397323104         9330572       7935       2000      10000          8
   0       68     2043     9986      9397323118      9397333104         9340573       7934       2000      10000          8
   0       68     2044     9984      9397333120      9397343104         9350575       7932       2000      10000          8
   0       68     2043     9985      9397343118      9397353104         9360573       7934       2000      10000          8
   0       68     2044     9989      9397353119      9397363109         9370574       7933       2000      10000         13
   0       68     2043     9981      9397363123      9397373103         9380578       7930       2000      10000          7
   0       68     2043     9985      9397373118      9397383103         9390572       7935       2000      10000          7
   0       68     2043     9997      9397383117      9397393114         9400572       7936       2000      10000         18
   0       68     2043     9974      9397393129      9397403104         9410584       7924       2000      10000          8
   0       68     2043     9986      9397403118      9397413104         9420573       7935       2000      10000          8
   0       68     2043     9985      9397413118      9397423104         9430573       7934       2000      10000          8
   0       68     2043     9987      9397423117      9397433104         9440572       7935       2000      10000          8
   0       68     2044     9985      9397433118      9397443103         9450573       7934       2000      10000          7
   0       68     2043     9987      9397443117      9397453103         9460571       7936       2000      10000          7
   0       68     2043     9987      9397453117      9397463104         9470572       7935       2000      10000          8
   0       68     2043     9985      9397463118      9397473103         9480573       7935       2000      10000          7
   0       68     2046     9999      9397473117      9397483116         9490572       7933       2000      10000         19
   0       68     2043     9969      9397483140      9397493109         9500595       7912       2000      10000         12
   0       68     2043     9960      9397493148      9397503108         9510603       7904       2000      10000         11
   0       68     2046     9965      9397503142      9397513108         9520597       7907       2000      10000         11
   0       68     2046     9964      9397513145      9397523109         9530600       7904       2000      10000         12
   0       68     2046     9963      9397523145      9397533108         9540599       7904       2000      10000         11
   0       68     2046     9972      9397533146      9397543118         9550601       7903       2000      10000         22
   0       68     2043     9953      9397543154      9397553107         9560609       7898       2000      10000         11
   0       68     2043     9910      9397553195      9397563105         9570650       7857       2000      10000          9
   0       68     2043     9980      9397563124      9397573104         9580579       7929       2000      10000          8
   0       68     2043     9982      9397573123      9397583105         9590578       7930       2000      10000          9
   0       68     2043     9983      9397583121      9397593103         9600576       7932       2000      10000          8
   0       68     2043     9988      9397593120      9397603108         9610575       7933       2000      10000         12
   0       68     2043     9980      9397603124      9397613104         9620578       7929       2000      10000          8
   0       68     2043     9985      9397613120      9397623105         9630575       7933       2000      10000          9
   0       68     2043     9993      9397623124      9397633117         9640579       7929       2000      10000         21
   0       68     2043     9970      9397633134      9397643104         9650589       7918       2000      10000          8
   0       68     2043     9985      9397643119      9397653104         9660574       7934       2000      10000          8
   0       68     2043     9985      9397653120      9397663104         9670574       7933       2000      10000          8
   0       68     2043     9985      9397663119      9397673104         9680574       7934       2000      10000          8
   0       68     2043     9984      9397673119      9397683103         9690574       7934       2000      10000          7
   0       68     2043     9986      9397683117      9397693104         9700572       7935       2000      10000          8
   0       68     2043     9983      9397693120      9397703103         9710574       7933       2000      10000          7
   0       68     2043     9986      9397703117      9397713103         9720572       7936       2000      10000          7
   0       68     2043     9986      9397713118      9397723104         9730573       7935       2000      10000          8
   0       68     2043     9988      9397723117      9397733104         9740571       7936       2000      10000          8
   0       68     2043     9984      9397733118      9397743103         9750573       7935       2000      10000          7
   0       68     2043     9986      9397743116      9397753103         9760571       7936       2000      10000          7
   0       68     2043     9987      9397753117      9397763104         9770572       7936       2000      10000          8
   0       68     2043     9996      9397763118      9397773114         9780572       7935       2000      10000         18
   0       68     2043     9976      9397773127      9397783104         9790582       7925       2000      10000          8
   0       68     2043     9986      9397783118      9397793104         9800573       7935       2000      10000          8
   0       68     2043     9987      9397793117      9397803104         9810572       7936       2000      10000          8
   0       68     2043     9986      9397803118      9397813104         9820572       7935       2000      10000          8
   0       68     2045     9997      9397813118      9397823115         9830573       7932       2000      10000         19
   0       68     2043     9971      9397823138      9397833109         9840593       7914       2000      10000         12
   0       68     2043     9962      9397833147      9397843109         9850602       7905       2000      10000         12
   0       68     2047     9972      9397843144      9397853116         9860599       7905       2000      10000         20
   0       68     2044     9955      9397853154      9397863109         9870609       7898       2000      10000         12
   0       68     2043     9956      9397863151      9397873108         9880606       7901       2000      10000         11
   0       68     2046     9964      9397873143      9397883107         9890598       7906       2000      10000         11
   0       68     2047     9922      9397883186      9397893108         9900641       7862       2000      10000         12
   0       68     2043     9958      9397893150      9397903108         9910605       7902       2000      10000         11
   0       68     2047     9965      9397903143      9397913108         9920598       7906       2000      10000         11
   0       68     2044     9963      9397913145      9397923108         9930600       7907       2000      10000         12
   0       68     2047     9966      9397923145      9397933111         9940600       7904       2000      10000         14
   0       68     2043     9963      9397933147      9397943110         9950602       7905       2000      10000         13
   0       68     2044     9964      9397943144      9397953108         9960599       7907       2000      10000         12
   0       68     2046     9963      9397953146      9397963108         9970600       7904       2000      10000         12
   0       68     2046     9962      9397963146      9397973108         9980600       7904       2000      10000         11
   0       68     2043     9958      9397973145      9397983103         9990600       7907       2000      10000          7
   0       68     2043     9981      9397983123      9397993103        10000577       7930       2000      10000          7
   0       68     2043     9981      9397993123      9398003104        10010578       7930       2000      10000          8
   0       68     2044     9983      9398003120      9398013103        10020575       7932       2000      10000          7
   0       68     2043     9984      9398013119      9398023103        10030574       7933       2000      10000          7
   0       68     2043     9987      9398023118      9398033105        10040573       7935       2000      10000          9
   0       68     2043     9983      9398033120      9398043103        10050575       7932       2000      10000          7
   0       68     2043     9985      9398043119      9398053104        10060573       7934       2000      10000          8
   0       68     2043     9985      9398053119      9398063104        10070574       7934       2000      10000          8
   0       68     2044     9987      9398063117      9398073104        10080572       7935       2000      10000          8
   0       68     2043     9984      9398073119      9398083103        10090574       7933       2000      10000          7
   0       68     2043     9990      9398083117      9398093107        10100571       7936       2000      10000         11
   0       68     2043     9983      9398093121      9398103104        10110576       7932       2000      10000          8
   0       68     2044     9986      9398103118      9398113104        10120573       7934       2000      10000          8
   0       68     2043     9992      9398113117      9398123110        10130572       7935       2000      10000         14
   0       68     2043     9978      9398123127      9398133104        10140581       7926       2000      10000          8
   0       68     2043     9984      9398133120      9398143104        10150575       7932       2000      10000          8
   0       68     2044     9986      9398143118      9398153104        10160573       7934       2000      10000          8
   0       68     2043     9984      9398153120      9398163104        10170574       7933       2000      10000          8
   0       68     2043     9985      9398163118      9398173103        10180572       7935       2000      10000          7
   0       68     2043     9986      9398173117      9398183104        10190572       7935       2000      10000          8
   0       68     2043     9985      9398183119      9398193104        10200573       7934       2000      10000          8
   0       68     2043     9985      9398193119      9398203104        10210574       7934       2000      10000          8
   0       68     2043     9984      9398203119      9398213103        10220574       7934       2000      10000          7
   0       68     2043     9986      9398213118      9398223104        10230572       7935       2000      10000          8
   0       68     2043     9948      9398223164      9398233112        10240618       7889       2000      10000         16
   0       68     2044     9986      9398233130      9398243115        10250584       7923       2000      10000         19
   0       68     2043     9969      9398243139      9398253109        10260594       7913       2000      10000         12
   0       68     2043     9960      9398253147      9398263108        10270602       7905       2000      10000         11
   0       68     2046     9966      9398263143      9398273109        10280598       7906       2000      10000         12
   0       68     2044     9968      9398273142      9398283110        10290597       7909       2000      10000         14
   0       68     2043     9966      9398283145      9398293111        10300600       7907       2000      10000         15
   0       68     2046     9958      9398293149      9398303107        10310604       7900       2000      10000         11
   0       68     2046     9968      9398303142      9398313109        10320596       7908       2000      10000         13
   0       68     2043     9967      9398313144      9398323111        10330599       7908       2000      10000         14
   0       68     2043     9961      9398323147      9398333108        10340602       7905       2000      10000         11
   0       68     2046     9970      9398333145      9398343116        10350600       7904       2000      10000         19
   0       68     2046     9960      9398343150      9398353110        10360605       7899       2000      10000         14
   0       68     2043     9962      9398353146      9398363108        10370601       7906       2000      10000         12
   0       68     2043     9969      9398363143      9398373112        10380598       7909       2000      10000         16
   0       68     2044     9981      9398373147      9398383128        10390602       7905       2000      10000         32
   0       68     2044     9953      9398383162      9398393115        10400617       7889       2000      10000         19
   0       68     2043     9956      9398393152      9398403108        10410607       7900       2000      10000         11
   0       68     2044     9965      9398403142      9398413107        10420597       7909       2000      10000         11
   0       68     2046     9964      9398413144      9398423108        10430599       7905       2000      10000         11
   0       68     2046     9965      9398423143      9398433108        10440598       7906       2000      10000         12
   0       68     2047     9962      9398433145      9398443107        10450600       7903       2000      10000         11
   0       68     2047     9965      9398443143      9398453108        10460598       7906       2000      10000         11
   0       68     2046     9964      9398453144      9398463109        10470599       7905       2000      10000         12
   0       68     2048     9966      9398463148      9398473114        10480602       7900       2000      10000         17
   0       68     2046     9958      9398473149      9398483107        10490604       7900       2000      10000         11
   0       68     2047     9985      9398483144      9398493129        10500599       7905       2000      10000         32
   0       68     2043     9944      9398493165      9398503109        10510620       7887       2000      10000         12
   0       68     2044     9964      9398503145      9398513109        10520600       7907       2000      10000         13
   0       68     2044     9964      9398513145      9398523109        10530600       7906       2000      10000         13
   0       68     2043     9963      9398523145      9398533108        10540600       7907       2000      10000         12
   0       68     2047     9960      9398533150      9398543110        10550605       7898       2000      10000         14
   0       68     2046     9963      9398543146      9398553108        10560600       7904       2000      10000         12
   0       68     2043     9905      9398553205      9398563110        10570660       7847       2000      10000         14
   0       68     2043     9962      9398563145      9398573107        10580600       7907       2000      10000         11
   0       68     2046     9965      9398573143      9398583107        10590597       7906       2000      10000         11
   0       68     2043     9966      9398583145      9398593111        10600600       7907       2000      10000         15
   0       68     2043     9965      9398593151      9398603117        10610606       7901       2000      10000         20
   0       68     2044     9955      9398603151      9398613106        10620606       7900       2000      10000         10
   0       68     2046     9965      9398613142      9398623108        10630597       7907       2000      10000         11
   0       68     2046     9964      9398623144      9398633108        10640598       7906       2000      10000         11
   0       68     2048     9963      9398633145      9398643108        10650600       7902       2000      10000         12
   0       68     2046     9966      9398643144      9398653109        10660598       7906       2000      10000         13
   0       68     2043     9973      9398653146      9398663118        10670600       7907       2000      10000         22
   0       68     2043     9954      9398663154      9398673108        10680608       7898       2000      10000         11
   0       68     2046     9964      9398673144      9398683108        10690598       7906       2000      10000         11
   0       68     2046     9974      9398683144      9398693118        10700598       7906       2000      10000         21
   0       68     2043     9952      9398693155      9398703107        10710610       7897       2000      10000         11
   0       68     2046     9968      9398703141      9398713109        10720596       7908       2000      10000         13
   0       68     2044     9967      9398713145      9398723112        10730599       7907       2000      10000         15
   0       68     2046     9965      9398723146      9398733111        10740601       7904       2000      10000         15
   0       68     2044     9958      9398733149      9398743107        10750603       7903       2000      10000         10
   0       68     2043     9962      9398743142      9398753104        10760597       7910       2000      10000          8
   0       68     2043     9984      9398753126      9398763110        10770581       7927       2000      10000         14
   0       68     2043     9975      9398763128      9398773103        10780583       7925       2000      10000          7
   0       68     2043     9983      9398773120      9398783104        10790575       7932       2000      10000          8
   0       68     2043     9984      9398783120      9398793105        10800575       7932       2000      10000          9
   0       68     2043     9983      9398793121      9398803104        10810575       7932       2000      10000          8
   0       68     2044     9983      9398803120      9398813103        10820574       7933       2000      10000          7
   0       68     2043     9985      9398813119      9398823104        10830573       7934       2000      10000          8
   0       68     2043     9986      9398823119      9398833104        10840573       7934       2000      10000          8
   0       68     2044     9984      9398833120      9398843104        10850574       7933       2000      10000          8
   0       68     2043     9985      9398843119      9398853103        10860574       7934       2000      10000          7
   0       68     2044     9985      9398853119      9398863104        10870574       7933       2000      10000          8
   0       68     2043     9988      9398863118      9398873106        10880573       7935       2000      10000         10
   0       68     2044     9987      9398873120      9398883107        10890575       7932       2000      10000         11
   0       68     2043     9932      9398883173      9398893105        10900628       7879       2000      10000          9
   0       68     2043     9982      9398893122      9398903104        10910577       7931       2000      10000          8
   0       68     2044     9990      9398903119      9398913108        10920573       7934       2000      10000         12
   0       68     2043     9981      9398913123      9398923104        10930578       7929       2000      10000          8
   0       68     2043     9986      9398923118      9398933104        10940573       7935       2000      10000          8
   0       68     2044     9984      9398933120      9398943103        10950574       7933       2000      10000          7
   0       68     2043     9986      9398943118      9398953104        10960572       7935       2000      10000          8
   0       68     2043     9985      9398953118      9398963104        10970573       7935       2000      10000          8
   0       68     2043     9985      9398963118      9398973103        10980573       7934       2000      10000          7
   0       68     2043     9985      9398973118      9398983103        10990573       7935       2000      10000          7
   0       68     2043     9986      9398983117      9398993104        11000572       7936       2000      10000          8
   0       68     2043     9985      9398993119      9399003104        11010573       7934       2000      10000          8
   0       68     2046     9997      9399003118      9399013115        11020573       7931       2000      10000         19
   0       68     2043     9970      9399013139      9399023108        11030593       7914       2000      10000         12
   0       68     2043     9970      9399023145      9399033115        11040600       7907       2000      10000         19
   0       68     2044     9950      9399033157      9399043107        11050612       7894       2000      10000         11
   0       68     2046     9964      9399043144      9399053107        11060598       7906       2000      10000         11
   0       68     2043     9971      9399053147      9399063118        11070601       7906       2000      10000         22
   0       68     2046     9953      9399063157      9399073110        11080612       7892       2000      10000         13
   0       68     2047     9967      9399073149      9399083115        11090603       7900       2000      10000         19
   0       68     2043     9954      9399083154      9399093108        11100608       7898       2000      10000         11
   0       68     2043     9959      9399093145      9399103105        11110600       7907       2000      10000          9
   0       68     2044     9978      9399103126      9399113104        11120580       7926       2000      10000          8
   0       68     2043     9984      9399113121      9399123105        11130576       7932       2000      10000          9
   0       68     2043     9983      9399123122      9399133105        11140577       7931       2000      10000          9
   0       68     2043     9983      9399133121      9399143104        11150575       7932       2000      10000          8
   0       68     2043     9983      9399143121      9399153103        11160575       7932       2000      10000          7
   0       68     2043     9985      9399153119      9399163103        11170573       7934       2000      10000          7
   0       68     2043     9985      9399163119      9399173103        11180573       7934       2000      10000          7
   0       68     2044     9989      9399173118      9399183107        11190573       7934       2000      10000         11
   0       68     2043     9982      9399183123      9399193105        11200578       7930       2000      10000          9
   0       68     2043     9985      9399193119      9399203104        11210574       7934       2000      10000          8
   0       68     2043     9984      9399203118      9399213103        11220573       7934       2000      10000          7
   0       68     2043     9905      9399213199      9399223104        11230654       7853       2000      10000          8
   0       68     2043     9981      9399223122      9399233103        11240577       7931       2000      10000          7
   0       68     2043     9985      9399233119      9399243104        11250574       7933       2000      10000          8
   0       68     2043     9983      9399243120      9399253103        11260575       7932       2000      10000          7
   0       68     2043     9983      9399253120      9399263103        11270575       7933       2000      10000          7
   0       68     2043     9984      9399263119      9399273103        11280574       7933       2000      10000          7
   0       68     2043     9984      9399273119      9399283103        11290574       7934       2000      10000          7
   0       68     2043     9987      9399283117      9399293104        11300572       7936       2000      10000          8
   0       68     2043     9985      9399293118      9399303103        11310573       7934       2000      10000          7
   0       68     2043     9985      9399303118      9399313103        11320573       7935       2000      10000          7
   0       68     2043     9985      9399313117      9399323103        11330572       7935       2000      10000          6
   0       68     2043     9986      9399323117      9399333103        11340572       7936       2000      10000          7
   0       68     2043     9985      9399333117      9399343103        11350572       7935       2000      10000          7
   0       68     2043     9985      9399343117      9399353103        11360572       7935       2000      10000          7
   0       68     2043     9988      9399353128      9399363116        11370583       7925       2000      10000         20
   0       68     2043     9965      9399363142      9399373108        11380597       7910       2000      10000         11
   0       68     2043     9967      9399373142      9399383109        11390596       7910       2000      10000         12
   0       68     2047     9969      9399383143      9399393112        11400598       7906       2000      10000         16
   0       68     2043     9960      9399393148      9399403108        11410603       7904       2000      10000         11
   0       68     2046     9964      9399403144      9399413108        11420599       7905       2000      10000         12
   0       68     2046     9963      9399413144      9399423107        11430599       7905       2000      10000         10
   0       68     2046     9974      9399423142      9399433117        11440597       7907       2000      10000         21
   0       68     2043     9957      9399433153      9399443110        11450608       7899       2000      10000         13
   0       68     2043     9965      9399443144      9399453109        11460599       7908       2000      10000         12
   0       68     2043     9965      9399453144      9399463109        11470599       7908       2000      10000         13
   0       68     2043     9965      9399463144      9399473109        11480599       7908       2000      10000         12
   0       68     2046     9968      9399473149      9399483117        11490604       7900       2000      10000         21
   0       68     2043     9958      9399483152      9399493110        11500607       7900       2000      10000         14
   0       68     2043     9962      9399493146      9399503108        11510600       7907       2000      10000         11
   0       68     2047     9964      9399503143      9399513107        11520598       7906       2000      10000         11
   0       68     2044     9961      9399513143      9399523103        11530597       7909       2000      10000          7
   0       68     2043     9980      9399523124      9399533104        11540578       7929       2000      10000          8
   0       68     2043     9981      9399533122      9399543103        11550577       7930       2000      10000          7
   0       68     2043     9919      9399543185      9399553104        11560639       7868       2000      10000          8
   0       68     2043     9981      9399553123      9399563104        11570578       7930       2000      10000          8
   0       68     2043     9983      9399563120      9399573103        11580575       7932       2000      10000          7
   0       68     2044     9984      9399573119      9399583103        11590574       7933       2000      10000          7
   0       68     2043     9986      9399583118      9399593104        11600573       7934       2000      10000          8
   0       68     2043     9983      9399593120      9399603104        11610575       7932       2000      10000          8
   0       68     2043     9983      9399603120      9399613103        11620575       7933       2000      10000          7
   0       68     2043     9985      9399613118      9399623103        11630573       7935       2000      10000          7
   0       68     2043     9986      9399623119      9399633105        11640574       7934       2000      10000          9
   0       68     2044     9984      9399633120      9399643104        11650575       7932       2000      10000          8
   0       68     2043     9986      9399643118      9399653104        11660573       7935       2000      10000          8
   0       68     2043     9986      9399653119      9399663104        11670573       7934       2000      10000          8
   0       68     2043     9984      9399663119      9399673103        11680574       7934       2000      10000          7
   0       68     2043     9985      9399673117      9399683103        11690572       7935       2000      10000          7
   0       68     2043     9987      9399683117      9399693104        11700572       7936       2000      10000          8
   0       68     2043     9984      9399693119      9399703103        11710574       7934       2000      10000          7
   0       68     2043     9986      9399703117      9399713103        11720572       7936       2000      10000          7
   0       68     2043     9987      9399713116      9399723103        11730571       7937       2000      10000          7
   0       68     2043     9987      9399723117      9399733104        11740571       7936       2000      10000          8
   0       68     2043     9986      9399733118      9399743104        11750572       7935       2000      10000          8
   0       68     2043     9987      9399743117      9399753104        11760572       7935       2000      10000          8
   0       68     2043     9987      9399753117      9399763104        11770572       7936       2000      10000          9
   0       68     2043     9988      9399763118      9399773107        11780573       7934       2000      10000         11
   0       68     2043     9993      9399773121      9399783115        11790576       7931       2000      10000         19
   0       68     2044     9970      9399783138      9399793107        11800592       7914       2000      10000         11
   0       68     2043     9969      9399793145      9399803115        11810600       7907       2000      10000         18
   0       68     2046     9957      9399803151      9399813108        11820606       7899       2000      10000         12
   0       68     2044     9962      9399813146      9399823107        11830600       7906       2000      10000         11
   0       68     2046     9971      9399823142      9399833113        11840597       7907       2000      10000         17
   0       68     2044     9958      9399833150      9399843107        11850604       7902       2000      10000         11
   0       68     2047     9967      9399843143      9399853110        11860598       7906       2000      10000         13
   0       68     2043     9962      9399853147      9399863109        11870602       7905       2000      10000         12
   0       68     2047     9969      9399863149      9399873118        11880603       7900       2000      10000         21
   0       68     2043     9902      9399873206      9399883109        11890661       7846       2000      10000         12
   0       68     2043     9964      9399883145      9399893110        11900600       7907       2000      10000         13
   0       68     2046     9960      9399893148      9399903108        11910603       7902       2000      10000         12
   0       68     2046     9963      9399903145      9399913108        11920599       7905       2000      10000         11
   0       68     2047     9969      9399913145      9399923114        11930600       7904       2000      10000         18
   0       68     2043     9957      9399923151      9399933108        11940606       7901       2000      10000         12
   0       68     2046     9962      9399933146      9399943108        11950601       7903       2000      10000         12
   0       68     2044     9962      9399943148      9399953110        11960602       7904       2000      10000         13
   0       68     2043     9964      9399953148      9399963112        11970602       7904       2000      10000         15
   0       68     2043     9956      9399963152      9399973108        11980607       7900       2000      10000         12
   0       68     2046     9966      9399973144      9399983110        11990599       7905       2000      10000         13
   0       68     2043     9969      9399983146      9399993115        12000601       7906       2000      10000         19
   0       68     2046     9958      9399993152      9400003109        12010606       7898       2000      10000         12
   0       68     2047     9960      9400003150      9400013110        12020605       7899       2000      10000         13
   0       68     2044     9964      9400013146      9400023110        12030601       7906       2000      10000         13
   0       68     2043     9975      9400023146      9400033121        12040600       7907       2000      10000         24
   0       68     2043     9947      9400033159      9400043106        12050614       7893       2000      10000         10
   0       68     2044     9961      9400043142      9400053103        12060597       7909       2000      10000          7
   0       68     2043     9979      9400053125      9400063104        12070579       7928       2000      10000          8
   0       68     2043     9983      9400063121      9400073104        12080576       7932       2000      10000          8
   0       68     2043     9981      9400073122      9400083103        12090577       7931       2000      10000          7
   0       68     2043     9985      9400083119      9400093104        12100574       7934       2000      10000          8
   0       68     2043     9997      9400093119      9400103116        12110574       7933       2000      10000         20
   0       68     2043     9971      9400103132      9400113103        12120587       7920       2000      10000          7
   0       68     2043     9985      9400113119      9400123104        12130573       7934       2000      10000          8
   0       68     2043     9985      9400123119      9400133104        12140574       7933       2000      10000          8
   0       68     2043     9985      9400133119      9400143104        12150574       7934       2000      10000          8
   0       68     2044     9985      9400143119      9400153104        12160573       7934       2000      10000          8
   0       68     2043     9985      9400153119      9400163104        12170574       7934       2000      10000          8
   0       68     2043     9984      9400163119      9400173103        12180574       7933       2000      10000          7
   0       68     2043     9985      9400173117      9400183103        12190572       7935       2000      10000          7
   0       68     2044     9988      9400183116      9400193104        12200571       7936       2000      10000          8
   0       68     2043     9986      9400193118      9400203104        12210572       7935       2000      10000          8
   0       68     2043     9941      9400203162      9400213103        12220617       7890       2000      10000          7
   0       68     2043     9984      9400213120      9400223103        12230574       7933       2000      10000          7
   0       68     2043     9985      9400223119      9400233105        12240574       7934       2000      10000          9
   0       68     2043     9981      9400233121      9400243103        12250576       7932       2000      10000          7
   0       68     2043     9987      9400243117      9400253104        12260571       7936       2000      10000          8
   0       68     2043     9985      9400253119      9400263104        12270574       7933       2000      10000          8
   0       68     2043     9984      9400263119      9400273103        12280574       7934       2000      10000          7
   0       68     2043     9985      9400273118      9400283103        12290572       7935       2000      10000          7
   0       68     2043     9987      9400283117      9400293104        12300571       7936       2000      10000          8
   0       68     2043     9984      9400293119      9400303103        12310574       7933       2000      10000          7
   0       68     2047     9999      9400303117      9400313116        12320572       7932       2000      10000         20
   0       68     2044     9977      9400313138      9400323115        12330593       7914       2000      10000         18
   0       68     2047     9958      9400323149      9400333108        12340604       7899       2000      10000         11
   0       68     2046     9965      9400333143      9400343107        12350597       7907       2000      10000         11
   0       68     2047     9964      9400343144      9400353108        12360599       7904       2000      10000         12
   0       68     2047     9961      9400353147      9400363108        12370601       7902       2000      10000         12
   0       68     2047     9962      9400363145      9400373107        12380600       7903       2000      10000         11
   0       68     2046     9973      9400373141      9400383114        12390596       7908       2000      10000         18
   0       68     2046     9957      9400383151      9400393108        12400606       7898       2000      10000         11
   0       68     2046     9964      9400393145      9400403109        12410600       7904       2000      10000         13
   0       68     2043     9961      9400403148      9400413108        12420602       7905       2000      10000         12
   0       68     2046     9965      9400413144      9400423109        12430598       7906       2000      10000         12
   0       68     2046     9963      9400423147      9400433110        12440601       7903       2000      10000         13
   0       68     2046     9965      9400433145      9400443110        12450600       7904       2000      10000         14
   0       68     2043     9962      9400443146      9400453108        12460601       7906       2000      10000         11
   0       68     2046     9964      9400453144      9400463109        12470599       7905       2000      10000         12
   0       68     2043     9959      9400463151      9400473110        12480606       7901       2000      10000         14
   0       68     2043     9961      9400473146      9400483108        12490601       7906       2000      10000         11
   0       68     2046     9961      9400483145      9400493107        12500600       7904       2000      10000         10
   0       68     2046     9967      9400493141      9400503108        12510596       7908       2000      10000         11
   0       68     2043     9959      9400503149      9400513108        12520604       7903       2000      10000         12
   0       68     2043     9965      9400513143      9400523108        12530598       7909       2000      10000         11
   0       68     2046     9959      9400523149      9400533108        12540603       7901       2000      10000         11
   0       68     2046     9909      9400533198      9400543107        12550653       7852       2000      10000         11
   0       68     2046     9963      9400543145      9400553107        12560599       7905       2000      10000         11
   0       68     2043     9962      9400553142      9400563104        12570597       7910       2000      10000          8
   0       68     2043     9980      9400563124      9400573104        12580579       7929       2000      10000          8
   0       68     2043     9982      9400573122      9400583104        12590576       7931       2000      10000          8
   0       68     2043     9985      9400583122      9400593107        12600577       7931       2000      10000         11
   0       68     2043     9980      9400593124      9400603103        12610579       7929       2000      10000          7
   0       68     2043     9983      9400603120      9400613103        12620575       7932       2000      10000          7
   0       68     2043     9984      9400613119      9400623103        12630573       7934       2000      10000          7
   0       68     2043     9986      9400623119      9400633105        12640574       7934       2000      10000          9
   0       68     2044     9981      9400633121      9400643103        12650576       7931       2000      10000          7
   0       68     2044     9986      9400643118      9400653104        12660572       7934       2000      10000          8
   0       68     2043     9985      9400653119      9400663104        12670574       7934       2000      10000          8
   0       68     2043     9986      9400663118      9400673104        12680573       7934       2000      10000          8
   0       68     2044     9983      9400673120      9400683103        12690575       7932       2000      10000          7
   0       68     2043     9985      9400683119      9400693104        12700574       7933       2000      10000          8
   0       68     2043     9985      9400693119      9400703104        12710573       7934       2000      10000          8
   0       68     2044     9985      9400703118      9400713104        12720573       7934       2000      10000          8
   0       68     2043     9987      9400713117      9400723104        12730572       7935       2000      10000          8
   0       68     2043     9985      9400723119      9400733103        12740573       7934       2000      10000          7
   0       68     2043     9986      9400733117      9400743103        12750572       7935       2000      10000          7
   0       68     2043     9989      9400743116      9400753105        12760571       7937       2000      10000          9
   0       68     2043     9986      9400753118      9400763104        12770573       7934       2000      10000          8
   0       68     2043     9986      9400763118      9400773104        12780573       7935       2000      10000          8
   0       68     2043     9986      9400773117      9400783104        12790572       7935       2000      10000          8
   0       68     2043     9987      9400783117      9400793104        12800572       7936       2000      10000          8
   0       68     2043     9986      9400793117      9400803104        12810572       7936       2000      10000          7
   0       68     2043     9986      9400803117      9400813103        12820572       7936       2000      10000          7
   0       68     2046     9998      9400813116      9400823114        12830571       7934       2000      10000         17
   0       68     2043     9980      9400823138      9400833118        12840593       7914       2000      10000         21
   0       68     2043     9947      9400833161      9400843108        12850616       7891       2000      10000         11
   0       68     2046     9970      9400843145      9400853115        12860600       7904       2000      10000         19
   0       68     2043     9958      9400853152      9400863110        12870607       7900       2000      10000         14
   0       68     2043     9919      9400863198      9400873117        12880653       7855       2000      10000         20
   0       68     2044     9954      9400873154      9400883108        12890609       7898       2000      10000         12
   0       68     2043     9960      9400883148      9400893108        12900602       7904       2000      10000         11
   0       68     2046     9961      9400893147      9400903108        12910602       7903       2000      10000         11
   0       68     2046     9964      9400903145      9400913109        12920599       7905       2000      10000         12
   0       68     2047     9961      9400913146      9400923107        12930601       7903       2000      10000         11
   0       68     2046     9965      9400923145      9400933110        12940599       7905       2000      10000         14
   0       68     2043     9961      9400933147      9400943108        12950602       7905       2000      10000         12
   0       68     2047     9963      9400943144      9400953107        12960599       7904       2000      10000         11
   0       68     2047     9966      9400953147      9400963113        12970602       7902       2000      10000         17
   0       68     2043     9963      9400963155      9400973118        12980610       7897       2000      10000         22
   0       68     2044     9951      9400973156      9400983107        12990610       7896       2000      10000         10
   0       68     2043     9964      9400983143      9400993108        13000598       7909       2000      10000         12
   0       68     2043     9979      9400993128      9401003107        13010583       7925       2000      10000         11
   0       68     2044     9979      9401003124      9401013103        13020579       7928       2000      10000          7
   0       68     2043     9983      9401013121      9401023104        13030575       7932       2000      10000          8
   0       68     2043     9985      9401023119      9401033104        13040574       7934       2000      10000          8
   0       68     2043     9983      9401033120      9401043103        13050575       7932       2000      10000          7
   0       68     2043     9985      9401043119      9401053104        13060573       7934       2000      10000          8
   0       68     2043     9983      9401053120      9401063103        13070574       7933       2000      10000          7
   0       68     2043     9987      9401063117      9401073104        13080572       7935       2000      10000          8
   0       68     2043     9985      9401073119      9401083104        13090573       7934       2000      10000          8
   0       68     2043     9986      9401083118      9401093104        13100573       7935       2000      10000          8
   0       68     2043     9986      9401093118      9401103104        13110573       7935       2000      10000          8
   0       68     2043     9985      9401103118      9401113103        13120573       7935       2000      10000          7
   0       68     2043     9986      9401113117      9401123103        13130572       7936       2000      10000          7
   0       68     2043     9986      9401123118      9401133104        13140572       7935       2000      10000          8
   0       68     2043     9985      9401133119      9401143104        13150573       7934       2000      10000          8
   0       68     2044     9986      9401143118      9401153103        13160572       7934       2000      10000          7
   0       68     2043     9988      9401153117      9401163105        13170572       7935       2000      10000          9
   0       68     2043     9984      9401163120      9401173103        13180574       7933       2000      10000          7
   0       68     2044     9986      9401173117      9401183103        13190572       7935       2000      10000          7
   0       68     2043     9996      9401183117      9401193113        13200572       7936       2000      10000         17
   0       68     2043     9920      9401193184      9401203104        13210639       7868       2000      10000          8
   0       68     2043     9983      9401203121      9401213104        13220575       7932       2000      10000          8
   0       68     2043     9983      9401213120      9401223103        13230574       7933       2000      10000          7
   0       68     2043     9985      9401223118      9401233104        13240573       7934       2000      10000          8
   0       68     2044     9985      9401233118      9401243103        13250573       7934       2000      10000          7
   0       68     2043     9986      9401243128      9401253115        13260583       7924       2000      10000         18
   0       68     2043     9969      9401253139      9401263108        13270594       7914       2000      10000         12
   0       68     2043     9968      9401263145      9401273114        13280600       7907       2000      10000         17
   0       68     2044     9953      9401273153      9401283107        13290608       7898       2000      10000         10
   0       68     2044     9964      9401283143      9401293106        13300597       7909       2000      10000         10
   0       68     2043     9979      9401293125      9401303104        13310580       7928       2000      10000          8
   0       68     2043     9982      9401303122      9401313104        13320577       7930       2000      10000          8
   0       68     2044     9983      9401313120      9401323103        13330575       7932       2000      10000          7
   0       68     2043     9984      9401323120      9401333104        13340575       7933       2000      10000          8
   0       68     2044     9982      9401333121      9401343103        13350575       7931       2000      10000          7
   0       68     2043     9991      9401343118      9401353109        13360573       7934       2000      10000         13
   0       68     2043     9980      9401353124      9401363104        13370579       7929       2000      10000          8
   0       68     2043     9983      9401363120      9401373103        13380575       7933       2000      10000          7
   0       68     2043     9986      9401373118      9401383104        13390572       7935       2000      10000          8
   0       68     2043     9985      9401383119      9401393104        13400574       7934       2000      10000          8
   0       68     2043     9986      9401393118      9401403104        13410573       7935       2000      10000          8
   0       68     2044     9987      9401403119      9401413106        13420573       7934       2000      10000         10
   0       68     2043     9983      9401413121      9401423104        13430575       7932       2000      10000          8
   0       68     2043     9986      9401423118      9401433105        13440573       7934       2000      10000          9
   0       68     2043     9985      9401433119      9401443104        13450574       7933       2000      10000          8
   0       68     2043     9986      9401443118      9401453104        13460572       7935       2000      10000          8
   0       68     2043     9987      9401453117      9401463104        13470572       7936       2000      10000          8
   0       68     2043     9986      9401463118      9401473104        13480573       7935       2000      10000          8
   0       68     2043     9986      9401473118      9401483103        13490573       7934       2000      10000          7
   0       68     2044     9987      9401483118      9401493105        13500572       7934       2000      10000          9
   0       68     2043     9985      9401493119      9401503103        13510573       7934       2000      10000          7
   0       68     2043     9986      9401503118      9401513103        13520572       7935       2000      10000          7
   0       68     2043     9986      9401513118      9401523104        13530573       7935       2000      10000          8
   0       68     2043     9923      9401523182      9401533105        13540636       7871       2000      10000          9
   0       68     2044     9987      9401533121      9401543108        13550576       7931       2000      10000         12
   0       68     2043     9987      9401543126      9401553113        13560580       7927       2000      10000         17
   0       68     2043     9966      9401553142      9401563108        13570597       7910       2000      10000         11
   0       68     2043     9971      9401563147      9401573118        13580601       7905       2000      10000         21
   0       68     2047     9955      9401573154      9401583109        13590609       7894       2000      10000         12
   0       68     2044     9964      9401583145      9401593109        13600600       7907       2000      10000         12
   0       68     2046     9973      9401593146      9401603119        13610601       7903       2000      10000         23
   0       68     2044     9954      9401603155      9401613109        13620609       7897       2000      10000         12
   0       68     2047     9966      9401613145      9401623110        13630600       7904       2000      10000         14
   0       68     2043     9968      9401623146      9401633114        13640601       7906       2000      10000         18
   0       68     2044     9962      9401633150      9401643112        13650605       7902       2000      10000         16
   0       68     2044     9960      9401643149      9401653109        13660604       7903       2000      10000         12
   0       68     2043     9962      9401653146      9401663108        13670601       7906       2000      10000         11
   0       68     2046     9960      9401663149      9401673109        13680604       7900       2000      10000         13
   0       68     2043     9963      9401673145      9401683108        13690600       7907       2000      10000         12
   0       68     2047     9963      9401683145      9401693109        13700600       7903       2000      10000         12
   0       68     2046     9960      9401693147      9401703107        13710602       7902       2000      10000         11
   0       68     2047     9965      9401703143      9401713108        13720598       7905       2000      10000         11
   0       68     2046     9963      9401713145      9401723108        13730599       7905       2000      10000         12
   0       68     2046     9970      9401723146      9401733116        13740601       7903       2000      10000         20
   0       68     2043     9963      9401733153      9401743116        13750608       7899       2000      10000         20
   0       68     2044     9956      9401743154      9401753110        13760609       7897       2000      10000         14
   0       68     2043     9964      9401753146      9401763109        13770600       7907       2000      10000         13
   0       68     2048     9961      9401763148      9401773109        13780603       7899       2000      10000         13
   0       68     2047     9963      9401773145      9401783108        13790600       7904       2000      10000         11
   0       68     2046     9964      9401783145      9401793110        13800600       7904       2000      10000         13
   0       68     2043     9962      9401793146      9401803108        13810601       7906       2000      10000         11
   0       68     2047     9962      9401803146      9401813108        13820600       7903       2000      10000         11
   0       68     2044     9959      9401813145      9401823104        13830600       7907       2000      10000          8
   0       68     2043     9983      9401823124      9401833107        13840579       7928       2000      10000         11
   0       68     2043     9978      9401833126      9401843104        13850581       7927       2000      10000          8
   0       68     2044     9983      9401843121      9401853104        13860576       7931       2000      10000          8
   0       68     2043     9920      9401853184      9401863104        13870639       7869       2000      10000          8
   0       68     2043     9980      9401863123      9401873103        13880578       7929       2000      10000          7
   0       68     2043     9983      9401873120      9401883103        13890575       7932       2000      10000          7
   0       68     2043     9985      9401883119      9401893103        13900573       7934       2000      10000          7
   0       68     2043     9990      9401893118      9401903108        13910572       7935       2000      10000         12
   0       68     2044     9979      9401903125      9401913104        13920579       7928       2000      10000          8
   0       68     2043     9983      9401913120      9401923103        13930574       7933       2000      10000          7
   0       68     2043     9986      9401923118      9401933104        13940572       7935       2000      10000          8
   0       68     2043     9985      9401933118      9401943103        13950573       7934       2000      10000          7
   0       68     2043     9988      9401943118      9401953105        13960573       7935       2000      10000          9
   0       68     2043     9985      9401953120      9401963105        13970574       7933       2000      10000          9
   0       68     2043     9996      9401963119      9401973115        13980574       7933       2000      10000         19
   0       68     2043     9974      9401973130      9401983103        13990584       7923       2000      10000          7
   0       68     2044     9987      9401983118      9401993104        14000572       7934       2000      10000          9
   0       68     2043     9985      9401993119      9402003104        14010573       7934       2000      10000          8
   0       68     2044     9986      9402003118      9402013103        14020573       7934       2000      10000          7
   0       68     2043     9986      9402013117      9402023103        14030572       7936       2000      10000          7
   0       68     2043     9986      9402023118      9402033104        14040572       7935       2000      10000          8
   0       68     2043     9986      9402033117      9402043103        14050572       7935       2000      10000          7
   0       68     2043     9987      9402043117      9402053103        14060572       7935       2000      10000          8
   0       68     2043     9988      9402053117      9402063105        14070571       7936       2000      10000          9
   0       68     2043     9984      9402063119      9402073104        14080574       7933       2000      10000          8
   0       68     2046     9998      9402073118      9402083115        14090572       7933       2000      10000         19
   0       68     2043     9973      9402083139      9402093112        14100594       7913       2000      10000         15
   0       68     2043     9957      9402093153      9402103109        14110607       7899       2000      10000         13
   0       68     2047     9962      9402103146      9402113108        14120601       7903       2000      10000         12
   0       68     2043     9960      9402113144      9402123104        14130599       7908       2000      10000          8
   0       68     2043     9978      9402123126      9402133105        14140581       7926       2000      10000          9
   0       68     2044     9978      9402133125      9402143103        14150580       7927       2000      10000          7
   0       68     2043     9983      9402143121      9402153104        14160576       7932       2000      10000          8
   0       68     2043     9984      9402153121      9402163105        14170576       7932       2000      10000          9
   0       68     2043     9983      9402163121      9402173104        14180576       7931       2000      10000          8
   0       68     2043     9983      9402173120      9402183103        14190575       7933       2000      10000          7
   0       68     2043     9946      9402183158      9402193104        14200613       7894       2000      10000          8
   0       68     2043     9981      9402193122      9402203103        14210577       7931       2000      10000          7
   0       68     2043     9982      9402203121      9402213104        14220576       7931       2000      10000          8
   0       68     2043     9982      9402213122      9402223103        14230576       7931       2000      10000          7
   0       68     2043     9984      9402223119      9402233103        14240574       7934       2000      10000          7
   0       68     2043     9983      9402233120      9402243103        14250575       7933       2000      10000          7
   0       68     2043     9988      9402243117      9402253104        14260571       7936       2000      10000          8
   0       68     2043     9984      9402253119      9402263103        14270574       7934       2000      10000          7
   0       68     2043     9986      9402263118      9402273103        14280573       7935       2000      10000          7
   0       68     2043     9986      9402273118      9402283104        14290573       7934       2000      10000          8
   0       68     2043     9986      9402283119      9402293104        14300573       7934       2000      10000          8
   0       68     2043     9986      9402293119      9402303105        14310573       7934       2000      10000          9
   0       68     2044     9987      9402303118      9402313105        14320573       7934       2000      10000          9
   0       68     2043     9985      9402313119      9402323104        14330574       7934       2000      10000          8
   0       68     2043     9985      9402323118      9402333103        14340573       7935       2000      10000          7
   0       68     2043     9988      9402333117      9402343105        14350572       7935       2000      10000          9
   0       68     2043     9994      9402343119      9402353113        14360573       7934       2000      10000         17
   0       68     2043     9977      9402353127      9402363104        14370582       7926       2000      10000          8
   0       68     2043     9986      9402363117      9402373103        14380572       7935       2000      10000          7
   0       68     2046     9999      9402373116      9402383116        14390571       7933       2000      10000         20
   0       68     2043     9971      9402383138      9402393110        14400593       7914       2000      10000         13
   0       68     2043     9967      9402393143      9402403110        14410598       7909       2000      10000         14
   0       68     2044     9963      9402403145      9402413108        14420599       7907       2000      10000         12
   0       68     2046     9965      9402413144      9402423109        14430598       7905       2000      10000         12
   0       68     2047     9962      9402423145      9402433107        14440600       7903       2000      10000         11
   0       68     2047     9964      9402433143      9402443108        14450598       7906       2000      10000         11
   0       68     2044     9960      9402443144      9402453104        14460599       7908       2000      10000          8
   0       68     2043     9980      9402453124      9402463104        14470578       7929       2000      10000          8
   0       68     2043     9983      9402463121      9402473104        14480576       7932       2000      10000          8
   0       68     2043     9982      9402473121      9402483103        14490576       7932       2000      10000          7
   0       68     2043     9983      9402483121      9402493103        14500575       7932       2000      10000          7
   0       68     2043     9985      9402493119      9402503104        14510574       7934       2000      10000          8
   0       68     2043     9984      9402503119      9402513103        14520574       7933       2000      10000          7
   0       68     2043     9925      9402513178      9402523104        14530633       7874       2000      10000          8
   0       68     2043     9982      9402523121      9402533103        14540576       7931       2000      10000          7
   0       68     2044     9983      9402533120      9402543104        14550575       7932       2000      10000          8
   0       68     2044     9984      9402543119      9402553103        14560574       7933       2000      10000          7
   0       68     2043     9983      9402553119      9402563102        14570574       7933       2000      10000          6
   0       68     2043     9987      9402563117      9402573105        14580572       7935       2000      10000          9
   0       68     2043     9983      9402573121      9402583103        14590575       7932       2000      10000          7
   0       68     2043     9987      9402583118      9402593105        14600572       7935       2000      10000          9
   0       68     2043     9984      9402593119      9402603103        14610574       7934       2000      10000          7
   0       68     2044     9985      9402603119      9402613104        14620573       7934       2000      10000          8
   0       68     2043     9984      9402613119      9402623103        14630574       7934       2000      10000          7
   0       68     2043     9986      9402623118      9402633104        14640573       7935       2000      10000          8
   0       68     2043     9992      9402633118      9402643110        14650573       7935       2000      10000         14
   0       68     2043     9980      9402643124      9402653104        14660579       7928       2000      10000          8
   0       68     2043     9985      9402653118      9402663103        14670573       7934       2000      10000          7
   0       68     2043     9986      9402663118      9402673104        14680573       7935       2000      10000          8
   0       68     2043     9986      9402673117      9402683103        14690572       7935       2000      10000          7
   0       68     2043     9998      9402683118      9402693116        14700573       7934       2000      10000         20
   0       68     2043     9982      9402693130      9402703112        14710585       7923       2000      10000         16
   0       68     2043     9977      9402703131      9402713108        14720586       7921       2000      10000         11
   0       68     2046     9961      9402713145      9402723107        14730600       7904       2000      10000         10
   0       68     2047     9965      9402723143      9402733108        14740597       7906       2000      10000         11
   0       68     2047     9966      9402733144      9402743110        14750599       7905       2000      10000         14
   0       68     2044     9976      9402743147      9402753124        14760602       7904       2000      10000         27
   0       68     2043     9954      9402753161      9402763115        14770616       7891       2000      10000         18
   0       68     2047     9952      9402763156      9402773108        14780610       7893       2000      10000         12
   0       68     2044     9975      9402773144      9402783119        14790599       7908       2000      10000         22
   0       68     2043     9952      9402783156      9402793108        14800611       7896       2000      10000         12
   0       68     2047     9972      9402793145      9402803117        14810600       7904       2000      10000         21
   0       68     2044     9955      9402803153      9402813108        14820607       7899       2000      10000         12
   0       68     2047     9963      9402813145      9402823108        14830599       7904       2000      10000         11
   0       68     2046     9963      9402823144      9402833107        14840599       7905       2000      10000         11
   0       68     2047     9964      9402833143      9402843107        14850598       7906       2000      10000         11
   0       68     2044     9910      9402843198      9402853108        14860652       7854       2000      10000         11
   0       68     2047     9964      9402853144      9402863108        14870599       7905       2000      10000         11
   0       68     2047     9962      9402863149      9402873110        14880604       7900       2000      10000         14
   0       68     2044     9961      9402873146      9402883107        14890601       7906       2000      10000         11
   0       68     2046     9963      9402883144      9402893108        14900599       7905       2000      10000         11
   0       68     2043     9959      9402893145      9402903104        14910600       7907       2000      10000          8
   0       68     2043     9980      9402903124      9402913104        14920578       7929       2000      10000          8
   0       68     2043     9982      9402913121      9402923104        14930576       7931       2000      10000          8
   0       68     2043     9983      9402923122      9402933105        14940577       7931       2000      10000          9
   0       68     2043     9982      9402933121      9402943103        14950576       7932       2000      10000          7
   0       68     2043     9983      9402943120      9402953104        14960575       7932       2000      10000          8
   0       68     2043     9984      9402953120      9402963104        14970575       7933       2000      10000          8
   0       68     2043     9985      9402963119      9402973104        14980574       7934       2000      10000          8
   0       68     2043     9986      9402973118      9402983104        14990573       7935       2000      10000          8
   0       68     2043     9985      9402983120      9402993105        15000574       7933       2000      10000          9
   0       68     2043     9984      9402993119      9403003103        15010574       7934       2000      10000          7
   0       68     2043     9983      9403003119      9403013103        15020574       7934       2000      10000          7
   0       68     2043     9987      9403013117      9403023103        15030571       7936       2000      10000          7
   0       68     2043     9987      9403023118      9403033104        15040572       7935       2000      10000          8
   0       68     2044     9985      9403033119      9403043104        15050573       7934       2000      10000          8
   0       68     2043     9986      9403043118      9403053104        15060572       7935       2000      10000          8
   0       68     2043     9987      9403053117      9403063104        15070572       7935       2000      10000          8
   0       68     2043     9989      9403063118      9403073107        15080573       7935       2000      10000         11
   0       68     2043     9983      9403073120      9403083104        15090575       7932       2000      10000          8
   0       68     2043     9988      9403083117      9403093105        15100572       7936       2000      10000          9
   0       68     2043     9985      9403093119      9403103103        15110573       7934       2000      10000          7
   0       68     2043     9987      9403103117      9403113104        15120572       7936       2000      10000          8
   0       68     2043     9986      9403113117      9403123104        15130572       7935       2000      10000          8
   0       68     2043     9986      9403123117      9403133103        15140572       7936       2000      10000          7
   0       68     2043     9987      9403133117      9403143103        15150571       7936       2000      10000          7
   0       68     2043     9996      9403143117      9403153114        15160572       7936       2000      10000         17
   0       68     2043     9980      9403153136      9403163116        15170590       7917       2000      10000         20
   0       68     2043     9957      9403163151      9403173108        15180605       7902       2000      10000         12
   0       68     2043     9900      9403173208      9403183108        15190663       7844       2000      10000         12
   0       68     2046     9964      9403183144      9403193109        15200599       7905       2000      10000         13
   0       68     2046     9963      9403193145      9403203108        15210600       7904       2000      10000         12
   0       68     2046     9965      9403203144      9403213109        15220599       7905       2000      10000         13
   0       68     2047     9962      9403213147      9403223109        15230601       7902       2000      10000         13
   0       68     2043     9962      9403223146      9403233108        15240601       7906       2000      10000         12
   0       68     2046     9960      9403233146      9403243106        15250601       7903       2000      10000         10
   0       68     2046     9965      9403243143      9403253108        15260597       7907       2000      10000         11
   0       68     2046     9965      9403253144      9403263108        15270598       7906       2000      10000         12
   0       68     2043     9961      9403263147      9403273109        15280602       7905       2000      10000         12
   0       68     2046     9962      9403273147      9403283108        15290601       7903       2000      10000         12
   0       68     2046     9972      9403283145      9403293117        15300600       7905       2000      10000         20
   0       68     2043     9954      9403293154      9403303108        15310608       7899       2000      10000         12
   0       68     2046     9963      9403303145      9403313108        15320600       7905       2000      10000         11
   0       68     2046     9974      9403313143      9403323118        15330598       7906       2000      10000         21
   0       68     2043     9954      9403323154      9403333108        15340609       7898       2000      10000         12
   0       68     2043     9963      9403333145      9403343108        15350600       7907       2000      10000         12
   0       68     2046     9963      9403343147      9403353110        15360602       7902       2000      10000         13
   0       68     2043     9965      9403353145      9403363111        15370600       7907       2000      10000         14
   0       68     2043     9961      9403363146      9403373107        15380601       7906       2000      10000         11
   0       68     2046     9965      9403373143      9403383108        15390598       7907       2000      10000         11
   0       68     2046     9964      9403383143      9403393107        15400598       7906       2000      10000         11
   0       68     2043     9964      9403393143      9403403108        15410598       7909       2000      10000         11
   0       68     2046     9965      9403403143      9403413108        15420598       7906       2000      10000         12
   0       68     2043     9985      9403413144      9403423129        15430598       7909       2000      10000         33
   0       68     2043     9944      9403423165      9403433108        15440620       7887       2000      10000         12
   0       68     2046     9960      9403433148      9403443107        15450602       7902       2000      10000         11
   0       68     2043     9961      9403443144      9403453105        15460598       7908       2000      10000          9
   0       68     2043     9979      9403453126      9403463104        15470581       7927       2000      10000          8
   0       68     2043     9982      9403463122      9403473104        15480576       7931       2000      10000          8
   0       68     2043     9981      9403473122      9403483103        15490577       7930       2000      10000          7
   0       68     2043     9984      9403483120      9403493104        15500575       7932       2000      10000          8
   0       68     2043     9985      9403493120      9403503105        15510575       7932       2000      10000          9
   0       68     2044     9944      9403503166      9403513109        15520620       7887       2000      10000         13
   0       68     2043     9975      9403513128      9403523103        15530582       7925       2000      10000          7
   0       68     2043     9984      9403523120      9403533104        15540575       7933       2000      10000          8
   0       68     2043     9984      9403533119      9403543103        15550574       7933       2000      10000          7
   0       68     2043     9984      9403543119      9403553103        15560573       7934       2000      10000          7
   0       68     2043     9991      9403553119      9403563111        15570574       7933       2000      10000         15
   0       68     2043     9979      9403563126      9403573105        15580581       7927       2000      10000          9
   0       68     2043     9984      9403573119      9403583103        15590574       7934       2000      10000          7
   0       68     2043     9986      9403583118      9403593104        15600572       7935       2000      10000          8
   0       68     2043     9984      9403593119      9403603103        15610573       7934       2000      10000          7
   0       68     2043     9985      9403603118      9403613103        15620573       7935       2000      10000          7
   0       68     2043     9986      9403613117      9403623104        15630572       7935       2000      10000          8
   0       68     2043     9987      9403623118      9403633105        15640572       7935       2000      10000          9
   0       68     2043     9988      9403633119      9403643106        15650573       7934       2000      10000         10
   0       68     2044     9983      9403643121      9403653104        15660576       7931       2000      10000          8
   0       68     2043     9986      9403653118      9403663104        15670573       7935       2000      10000          8
   0       68     2043     9984      9403663119      9403673104        15680574       7933       2000      10000          8
   0       68     2043     9986      9403673118      9403683104        15690573       7934       2000      10000          8
   0       68     2043     9983      9403683120      9403693104        15700575       7932       2000      10000          8
   0       68     2043     9987      9403693117      9403703104        15710572       7935       2000      10000          8
   0       68     2046     9997      9403703119      9403713115        15720573       7931       2000      10000         19
   0       68     2043     9968      9403713140      9403723109        15730595       7912       2000      10000         12
   0       68     2043     9961      9403723147      9403733108        15740602       7905       2000      10000         12
   0       68     2046     9966      9403733146      9403743111        15750600       7904       2000      10000         15
   0       68     2043     9962      9403743148      9403753109        15760603       7904       2000      10000         13
   0       68     2043     9974      9403753146      9403763120        15770600       7907       2000      10000         23
   0       68     2047     9957      9403763159      9403773116        15780613       7890       2000      10000         20
   0       68     2049     9956      9403773154      9403783109        15790608       7893       2000      10000         13
   0       68     2044     9962      9403783147      9403793109        15800602       7904       2000      10000         12
   0       68     2043     9960      9403793148      9403803108        15810602       7905       2000      10000         11
   0       68     2047     9972      9403803146      9403813117        15820600       7903       2000      10000         21
   0       68     2044     9960      9403813155      9403823115        15830609       7897       2000      10000         19
   0       68     2043     9958      9403823152      9403833110        15840607       7900       2000      10000         14
   0       68     2043     9909      9403833203      9403843112        15850658       7849       2000      10000         15
   0       68     2044     9962      9403843148      9403853110        15860603       7903       2000      10000         14
   0       68     2043     9961      9403853146      9403863107        15870601       7906       2000      10000         11
   0       68     2046     9963      9403863145      9403873108        15880600       7904       2000      10000         11
   0       68     2046     9962      9403873145      9403883107        15890600       7904       2000      10000         11
   0       68     2043     9960      9403883144      9403893105        15900599       7908       2000      10000          9
   0       68     2043     9980      9403893124      9403903104        15910579       7928       2000      10000          8
   0       68     2043     9982      9403903122      9403913104        15920576       7931       2000      10000          8
   0       68     2043     9983      9403913120      9403923103        15930575       7933       2000      10000          7
   0       68     2043     9984      9403923119      9403933104        15940574       7933       2000      10000          8
   0       68     2043     9983      9403933121      9403943104        15950575       7932       2000      10000          8
   0       68     2044     9984      9403943119      9403953104        15960574       7933       2000      10000          8
   0       68     2043     9984      9403953119      9403963103        15970574       7934       2000      10000          7
   0       68     2043     9985      9403963119      9403973104        15980574       7933       2000      10000          8
   0       68     2043     9985      9403973119      9403983104        15990574       7934       2000      10000          8
   0       68     2043     9991      9403983120      9403993111        16000575       7933       2000      10000         15
   0       68     2043     9979      9403993126      9404003105        16010580       7927       2000      10000          9
   0       68     2043     9984      9404003120      9404013104        16020574       7933       2000      10000          8
   0       68     2043     9986      9404013117      9404023104        16030572       7935       2000      10000          8
   0       68     2043     9985      9404023119      9404033104        16040574       7934       2000      10000          8
   0       68     2043     9986      9404033118      9404043104        16050573       7935       2000      10000          8
   0       68     2044     9986      9404043118      9404053104        16060573       7934       2000      10000          8
   0       68     2043     9987      9404053117      9404063105        16070572       7935       2000      10000          9
   0       68     2043     9985      9404063118      9404073104        16080573       7934       2000      10000          8
   0       68     2043     9996      9404073117      9404083113        16090572       7936       2000      10000         17
   0       68     2043     9978      9404083126      9404093104        16100581       7926       2000      10000          8
   0       68     2043     9985      9404093118      9404103104        16110573       7934       2000      10000          8
   0       68     2043     9985      9404103118      9404113104        16120573       7934       2000      10000          8
   0       68     2043     9986      9404113117      9404123103        16130571       7936       2000      10000          7
   0       68     2043     9987      9404123117      9404133104        16140572       7936       2000      10000          8
   0       68     2043     9985      9404133118      9404143102        16150572       7935       2000      10000          6
   0       68     2046     9998      9404143117      9404153115        16160571       7933       2000      10000         18
   0       68     2043     9965      9404153142      9404163107        16170597       7911       2000      10000         10
   0       68     2043     9908      9404163200      9404173108        16180655       7852       2000      10000         12
   0       68     2046     9964      9404173145      9404183109        16190600       7904       2000      10000         13
   0       68     2043     9963      9404183146      9404193109        16200600       7907       2000      10000         12
   0       68     2046     9960      9404193146      9404203106        16210601       7903       2000      10000         10
   0       68     2043     9961      9404203143      9404213103        16220597       7910       2000      10000          7
   0       68     2043     9983      9404213121      9404223104        16230576       7932       2000      10000          8
   0       68     2043     9982      9404223122      9404233104        16240577       7931       2000      10000          8
   0       68     2043     9983      9404233120      9404243103        16250575       7933       2000      10000          7
   0       68     2043     9983      9404243120      9404253103        16260575       7932       2000      10000          7
   0       68     2043     9985      9404253119      9404263104        16270574       7933       2000      10000          8
   0       68     2043     9984      9404263120      9404273103        16280574       7933       2000      10000          7
   0       68     2043     9983      9404273120      9404283103        16290575       7933       2000      10000          7
   0       68     2043     9985      9404283118      9404293103        16300573       7934       2000      10000          7
   0       68     2043     9987      9404293118      9404303105        16310572       7935       2000      10000          9
   0       68     2044     9983      9404303119      9404313103        16320574       7933       2000      10000          7
   0       68     2043     9986      9404313118      9404323104        16330573       7935       2000      10000          8
   0       68     2043     9986      9404323118      9404333103        16340572       7935       2000      10000          7
   0       68     2043     9985      9404333119      9404343103        16350574       7934       2000      10000          7
   0       68     2043     9985      9404343118      9404353103        16360573       7934       2000      10000          7
   0       68     2043     9986      9404353118      9404363104        16370573       7934       2000      10000          8
   0       68     2043     9984      9404363119      9404373103        16380574       7933       2000      10000          7
   0       68     2044     9985      9404373118      9404383103        16390573       7934       2000      10000          7
   0       68     2043     9988      9404383117      9404393104        16400571       7936       2000      10000          8
   0       68     2043     9987      9404393119      9404403106        16410574       7933       2000      10000         11
   0       68     2043     9983      9404403121      9404413104        16420576       7932       2000      10000          8
   0       68     2043     9987      9404413118      9404423106        16430573       7934       2000      10000         10
   0       68     2043     9985      9404423120      9404433105        16440575       7933       2000      10000          9
   0       68     2043     9986      9404433119      9404443106        16450574       7933       2000      10000         10
   0       68     2043     9984      9404443120      9404453104        16460575       7933       2000      10000          8
   0       68     2043     9986      9404453118      9404463104        16470573       7935       2000      10000          8
   0       68     2046     9998      9404463118      9404473116        16480572       7933       2000      10000         20
   0       68     2043     9969      9404473139      9404483108        16490594       7913       2000      10000         12
   0       68     2044     9964      9404483144      9404493108        16500598       7908       2000      10000         11
   0       68     2047     9922      9404493186      9404503108        16510640       7863       2000      10000         11
   0       68     2047     9962      9404503146      9404513108        16520600       7904       2000      10000         11
   0       68     2047     9964      9404513144      9404523109        16530599       7904       2000      10000         12
   0       68     2043     9959      9404523148      9404533108        16540603       7904       2000      10000         11
   0       68     2047     9965      9404533147      9404543112        16550601       7902       2000      10000         15
   0       68     2047     9972      9404543150      9404553122        16560604       7899       2000      10000         25
   0       68     2043     9952      9404553158      9404563110        16570613       7894       2000      10000         13
   0       68     2046     9957      9404563150      9404573107        16580605       7899       2000      10000         11
   0       68     2047     9969      9404573142      9404583111        16590597       7907       2000      10000         15
   0       68     2043     9960      9404583148      9404593108        16600603       7904       2000      10000         12
   0       68     2046     9971      9404593146      9404603117        16610600       7904       2000      10000         21
   0       68     2044     9953      9404603154      9404613107        16620609       7898       2000      10000         11
   0       68     2046     9964      9404613145      9404623108        16630599       7904       2000      10000         12
   0       68     2046     9963      9404623146      9404633109        16640601       7903       2000      10000         12
   0       68     2047     9957      9404633151      9404643108        16650606       7898       2000      10000         12
   0       68     2044     9958      9404643149      9404653107        16660604       7903       2000      10000         10
   0       68     2046     9970      9404653143      9404663113        16670597       7907       2000      10000         17
   0       68     2046     9954      9404663153      9404673107        16680608       7896       2000      10000         11
   0       68     2047     9971      9404673145      9404683115        16690599       7904       2000      10000         19
   0       68     2046     9954      9404683153      9404693107        16700607       7897       2000      10000         10
   0       68     2043     9961      9404693143      9404703104        16710598       7909       2000      10000          8
   0       68     2043     9979      9404703125      9404713104        16720579       7928       2000      10000          8
   0       68     2043     9981      9404713122      9404723103        16730576       7931       2000      10000          7
   0       68     2043     9983      9404723121      9404733104        16740576       7932       2000      10000          8
   0       68     2043     9983      9404733120      9404743103        16750575       7932       2000      10000          7
   0       68     2043     9984      9404743119      9404753103        16760574       7934       2000      10000          7
   0       68     2043     9984      9404753119      9404763104        16770574       7934       2000      10000          8
   0       68     2043     9986      9404763118      9404773104        16780573       7935       2000      10000          8
   0       68     2043     9984      9404773119      9404783103        16790574       7933       2000      10000          7
   0       68     2043     9994      9404783118      9404793112        16800572       7935       2000      10000         16
   0       68     2043     9976      9404793127      9404803103        16810582       7926       2000      10000          7
   0       68     2043     9986      9404803117      9404813104        16820572       7936       2000      10000          7
   0       68     2043     9985      9404813119      9404823104        16830574       7934       2000      10000          8
   0       68     2043     9942      9404823162      9404833104        16840617       7890       2000      10000          8
   0       68     2043     9983      9404833121      9404843104        16850575       7932       2000      10000          8
   0       68     2043     9984      9404843120      9404853103        16860574       7933       2000      10000          7
   0       68     2043     9985      9404853119      9404863104        16870573       7934       2000      10000          8
   0       68     2043     9985      9404863118      9404873103        16880573       7935       2000      10000          7
   0       68     2044     9985      9404873118      9404883102        16890572       7935       2000      10000          6
   0       68     2043     9987      9404883117      9404893104        16900572       7936       2000      10000          8
   0       68     2043     9985      9404893119      9404903104        16910574       7934       2000      10000          8
   0       68     2043     9985      9404903118      9404913103        16920573       7934       2000      10000          7
   0       68     2043     9988      9404913116      9404923104        16930571       7937       2000      10000          8
   0       68     2043     9987      9404923118      9404933105        16940573       7935       2000      10000          9
   0       68     2044     9985      9404933118      9404943103        16950573       7934       2000      10000          7
   0       68     2043     9986      9404943117      9404953104        16960572       7935       2000      10000          8
   0       68     2046     9996      9404953118      9404963115        16970573       7932       2000      10000         18
   0       68     2043     9969      9404963139      9404973108        16980594       7913       2000      10000         11
   0       68     2043     9969      9404973143      9404983112        16990598       7909       2000      10000         15
   0       68     2043     9967      9404983150      9404993116        17000604       7903       2000      10000         20
   0       68     2046     9964      9404993153      9405003116        17010607       7897       2000      10000         20
   0       68     2046     9955      9405003154      9405013109        17020608       7896       2000      10000         12
   0       68     2047     9962      9405013145      9405023107        17030600       7903       2000      10000         11
   0       68     2046     9969      9405023144      9405033114        17040599       7905       2000      10000         17
   0       68     2044     9957      9405033151      9405043108        17050606       7901       2000      10000         12
   0       68     2047     9970      9405043145      9405053115        17060600       7904       2000      10000         19
   0       68     2044     9952      9405053152      9405063105        17070607       7900       2000      10000          9
   0       68     2043     9978      9405063126      9405073104        17080581       7926       2000      10000          8
   0       68     2044     9982      9405073122      9405083104        17090577       7930       2000      10000          8
   0       68     2043     9983      9405083121      9405093103        17100575       7932       2000      10000          7
   0       68     2043     9985      9405093119      9405103104        17110574       7934       2000      10000          8
   0       68     2043     9985      9405103121      9405113106        17120576       7932       2000      10000         10
   0       68     2044     9981      9405113122      9405123104        17130577       7930       2000      10000          8
   0       68     2043     9985      9405123119      9405133104        17140574       7933       2000      10000          8
   0       68     2044     9984      9405133119      9405143103        17150574       7933       2000      10000          7
   0       68     2043     9986      9405143119      9405153105        17160573       7934       2000      10000          9
   0       68     2043     9917      9405153187      9405163104        17170641       7866       2000      10000          8
   0       68     2043     9981      9405163122      9405173103        17180577       7931       2000      10000          7
   0       68     2043     9988      9405173119      9405183107        17190574       7933       2000      10000         11
   0       68     2043     9981      9405183123      9405193104        17200577       7930       2000      10000          8
   0       68     2043     9985      9405193120      9405203105        17210574       7933       2000      10000          9
   0       68     2043     9984      9405203120      9405213103        17220574       7933       2000      10000          7
   0       68     2043     9985      9405213119      9405223104        17230573       7934       2000      10000          8
   0       68     2043     9986      9405223119      9405233105        17240574       7934       2000      10000          9
   0       68     2044     9983      9405233120      9405243103        17250574       7932       2000      10000          7
   0       68     2043     9986      9405243117      9405253103        17260572       7935       2000      10000          7
   0       68     2043     9986      9405253118      9405263104        17270572       7935       2000      10000          8
   0       68     2043     9986      9405263118      9405273103        17280572       7935       2000      10000          7
   0       68     2044     9986      9405273117      9405283104        17290572       7934       2000      10000          8
   0       68     2043     9986      9405283118      9405293104        17300573       7934       2000      10000          8
   0       68     2043     9987      9405293118      9405303105        17310573       7935       2000      10000          9
   0       68     2044     9985      9405303118      9405313103        17320573       7934       2000      10000          7
   0       68     2043     9989      9405313127      9405323116        17330582       7925       2000      10000         20
   0       68     2043     9965      9405323142      9405333108        17340597       7910       2000      10000         11
   0       68     2043     9972      9405333147      9405343119        17350601       7906       2000      10000         22
   0       68     2043     9954      9405343154      9405353108        17360609       7898       2000      10000         11
   0       68     2046     9974      9405353145      9405363119        17370600       7904       2000      10000         23
   0       68     2043     9954      9405363156      9405373110        17380611       7896       2000      10000         13
   0       68     2047     9961      9405373147      9405383108        17390602       7901       2000      10000         12
   0       68     2044     9975      9405383143      9405393118        17400598       7909       2000      10000         22
   0       68     2043     9966      9405393158      9405403124        17410612       7895       2000      10000         27
   0       68     2044     9957      9405403160      9405413118        17420615       7891       2000      10000         21
   0       68     2044     9955      9405413155      9405423109        17430610       7897       2000      10000         13
   0       68     2043     9965      9405423146      9405433111        17440601       7906       2000      10000         14
   0       68     2043     9957      9405433151      9405443109        17450606       7901       2000      10000         12
   0       68     2047     9962      9405443146      9405453108        17460600       7903       2000      10000         12
   0       68     2046     9960      9405453147      9405463107        17470602       7902       2000      10000         11
   0       68     2043     9961      9405463143      9405473104        17480598       7909       2000      10000          8
   0       68     2043     9980      9405473125      9405483105        17490580       7928       2000      10000          9
   0       68     2043     9919      9405483187      9405493105        17500642       7866       2000      10000          9
   0       68     2043     9981      9405493124      9405503105        17510578       7929       2000      10000          9
   0       68     2043     9979      9405503124      9405513104        17520579       7928       2000      10000          8
   0       68     2043     9984      9405513120      9405523104        17530575       7932       2000      10000          8
   0       68     2043     9982      9405523121      9405533103        17540575       7932       2000      10000          7
   0       68     2043     9984      9405533119      9405543103        17550574       7934       2000      10000          7
   0       68     2043     9987      9405543118      9405553106        17560573       7934       2000      10000         10
   0       68     2043     9983      9405553121      9405563104        17570575       7932       2000      10000          8
   0       68     2043     9984      9405563120      9405573103        17580575       7933       2000      10000          7
   0       68     2043     9984      9405573118      9405583103        17590573       7935       2000      10000          7
   0       68     2043     9986      9405583117      9405593103        17600572       7936       2000      10000          7
   0       68     2043     9985      9405593117      9405603102        17610572       7935       2000      10000          6
   0       68     2043     9986      9405603117      9405613103        17620572       7936       2000      10000          7
   0       68     2043     9986      9405613117      9405623103        17630572       7935       2000      10000          7
   0       68     2043     9985      9405623118      9405633103        17640573       7934       2000      10000          7
   0       68     2043     9985      9405633119      9405643104        17650573       7934       2000      10000          8
   0       68     2043     9986      9405643118      9405653104        17660572       7935       2000      10000          8
   0       68     2043     9987      9405653118      9405663105        17670573       7935       2000      10000          9
   0       68     2043     9984      9405663120      9405673104        17680575       7933       2000      10000          8
   0       68     2043     9984      9405673119      9405683103        17690574       7934       2000      10000          7
   0       68     2044     9986      9405683118      9405693104        17700573       7934       2000      10000          8
   0       68     2043     9985      9405693119      9405703104        17710573       7934       2000      10000          8
   0       68     2043     9986      9405703118      9405713103        17720572       7935       2000      10000          7
   0       68     2043     9986      9405713118      9405723104        17730572       7935       2000      10000          8
   0       68     2045     9998      9405723118      9405733116        17740572       7933       2000      10000         19
   0       68     2044     9971      9405733139      9405743110        17750594       7913       2000      10000         13
   0       68     2043     9965      9405743143      9405753109        17760598       7909       2000      10000         12
   0       68     2044     9963      9405753147      9405763110        17770602       7905       2000      10000         14
   0       68     2046     9960      9405763147      9405773107        17780602       7902       2000      10000         11
   0       68     2046     9965      9405773144      9405783108        17790598       7906       2000      10000         12
   0       68     2046     9966      9405783145      9405793111        17800600       7904       2000      10000         15
   0       68     2043     9962      9405793148      9405803110        17810603       7904       2000      10000         13
   0       68     2043     9963      9405803147      9405813111        17820602       7905       2000      10000         14
   0       68     2044     9890      9405813219      9405823108        17830673       7833       2000      10000         12
   0       68     2046     9966      9405823145      9405833111        17840600       7904       2000      10000         14
   0       68     2043     9971      9405833147      9405843118        17850602       7905       2000      10000         22
   0       68     2046     9953      9405843156      9405853109        17860611       7894       2000      10000         12
   0       68     2043     9965      9405853145      9405863110        17870600       7907       2000      10000         14
   0       68     2043     9955      9405863151      9405873106        17880606       7901       2000      10000         10
   0       68     2043     9962      9405873142      9405883104        17890597       7910       2000      10000          8
   0       68     2043     9979      9405883125      9405893104        17900580       7927       2000      10000          8
   0       68     2043     9983      9405893121      9405903104        17910576       7932       2000      10000          8
   0       68     2043     9986      9405903121      9405913107        17920575       7932       2000      10000         11
   0       68     2043     9981      9405913123      9405923103        17930577       7930       2000      10000          7
   0       68     2043     9984      9405923119      9405933103        17940574       7933       2000      10000          7
   0       68     2043     9985      9405933119      9405943104        17950573       7934       2000      10000          8
   0       68     2044     9985      9405943119      9405953104        17960573       7933       2000      10000          8
   0       68     2043     9984      9405953120      9405963104        17970575       7933       2000      10000          8
   0       68     2043     9984      9405963120      9405973104        17980574       7933       2000      10000          8
   0       68     2044     9985      9405973119      9405983104        17990574       7933       2000      10000          8
   0       68     2044     9985      9405983118      9405993103        18000573       7934       2000      10000          7
   0       68     2043     9986      9405993117      9406003103        18010572       7936       2000      10000          7
   0       68     2043     9987      9406003117      9406013104        18020572       7935       2000      10000          8
   0       68     2043     9985      9406013119      9406023104        18030574       7933       2000      10000          8
   0       68     2043     9983      9406023120      9406033103        18040575       7933       2000      10000          7
   0       68     2043     9986      9406033118      9406043104        18050572       7935       2000      10000          8
   0       68     2043     9986      9406043117      9406053103        18060572       7935       2000      10000          7
   0       68     2043     9986      9406053117      9406063104        18070572       7935       2000      10000          7
   0       68     2043     9986      9406063118      9406073103        18080572       7935       2000      10000          7
   0       68     2043     9986      9406073117      9406083103        18090572       7936       2000      10000          7
   0       68     2044     9988      9406083117      9406093106        18100572       7935       2000      10000         10
   0       68     2043     9984      9406093119      9406103103        18110573       7934       2000      10000          7
   0       68     2044     9986      9406103118      9406113104        18120572       7934       2000      10000          8
   0       68     2043     9987      9406113117      9406123104        18130572       7935       2000      10000          8
   0       68     2043     9995      9406123122      9406133117        18140577       7931       2000      10000         21
   0       68     2044     9973      9406133138      9406143112        18150593       7914       2000      10000         15
   0       68     2044     9925      9406143184      9406153109        18160639       7868       2000      10000         13
   0       68     2043     9963      9406153146      9406163109        18170601       7906       2000      10000         12
   0       68     2043     9963      9406163145      9406173109        18180600       7907       2000      10000         12
   0       68     2043     9971      9406173146      9406183117        18190600       7907       2000      10000         21
   0       68     2043     9967      9406183153      9406193120        18200608       7899       2000      10000         24
   0       68     2043     9956      9406193157      9406203113        18210612       7895       2000      10000         16
   0       68     2046     9968      9406203149      9406213117        18220604       7900       2000      10000         21
   0       68     2043     9956      9406213153      9406223110        18230608       7899       2000      10000         13
   0       68     2044     9964      9406223147      9406233110        18240601       7906       2000      10000         14
   0       68     2046     9962      9406233152      9406243114        18250607       7898       2000      10000         18
   0       68     2043     9956      9406243153      9406253109        18260607       7900       2000      10000         12
   0       68     2046     9960      9406253150      9406263110        18270605       7900       2000      10000         13
   0       68     2047     9958      9406263149      9406273107        18280604       7899       2000      10000         10
   0       68     2047     9964      9406273144      9406283108        18290599       7905       2000      10000         11
   0       68     2046     9964      9406283144      9406293108        18300599       7905       2000      10000         12
   0       68     2046     9961      9406293147      9406303107        18310601       7903       2000      10000         11
   0       68     2046     9965      9406303143      9406313108        18320598       7906       2000      10000         12
   0       68     2046     9963      9406313145      9406323107        18330600       7904       2000      10000         11
   0       68     2046     9963      9406323144      9406333108        18340599       7905       2000      10000         11
   0       68     2046     9962      9406333146      9406343108        18350600       7904       2000      10000         11
   0       68     2046     9964      9406343145      9406353110        18360600       7904       2000      10000         13
   0       68     2043     9967      9406353146      9406363113        18370601       7906       2000      10000         17
   0       68     2043     9955      9406363155      9406373111        18380610       7897       2000      10000         14
   0       68     2046     9959      9406373148      9406383108        18390603       7901       2000      10000         11
   0       68     2043     9961      9406383144      9406393105        18400599       7908       2000      10000          9
   0       68     2043     9978      9406393126      9406403104        18410581       7927       2000      10000          8
   0       68     2044     9982      9406403122      9406413104        18420577       7930       2000      10000          8
   0       68     2043     9982      9406413122      9406423104        18430576       7931       2000      10000          8
   0       68     2043     9985      9406423119      9406433104        18440574       7934       2000      10000          8
   0       68     2043     9982      9406433121      9406443103        18450576       7931       2000      10000          7
   0       68     2043     9987      9406443118      9406453105        18460573       7934       2000      10000          9
   0       68     2043     9984      9406453121      9406463104        18470575       7932       2000      10000          8
   0       68     2043     9988      9406463119      9406473107        18480574       7934       2000      10000         10
   0       68     2043     9922      9406473184      9406483107        18490639       7869       2000      10000         11
   0       68     2043     9977      9406483126      9406493103        18500581       7926       2000      10000          7
   0       68     2043     9983      9406493121      9406503104        18510575       7932       2000      10000          8
   0       68     2044     9983      9406503120      9406513103        18520574       7932       2000      10000          7
   0       68     2043     9986      9406513118      9406523104        18530572       7935       2000      10000          8
   0       68     2043     9985      9406523119      9406533104        18540574       7934       2000      10000          8
   0       68     2043     9985      9406533120      9406543104        18550574       7933       2000      10000          8
   0       68     2044     9984      9406543119      9406553103        18560574       7933       2000      10000          7
   0       68     2043     9985      9406553118      9406563103        18570573       7935       2000      10000          7
   0       68     2043     9987      9406563117      9406573103        18580571       7936       2000      10000          7
   0       68     2043     9986      9406573117      9406583103        18590572       7935       2000      10000          7
   0       68     2043     9994      9406583117      9406593110        18600571       7936       2000      10000         14
   0       68     2043     9979      9406593125      9406603104        18610580       7928       2000      10000          8
   0       68     2043     9985      9406603118      9406613103        18620573       7935       2000      10000          7
   0       68     2044     9989      9406613119      9406623107        18630573       7934       2000      10000         11
   0       68     2043     9983      9406623121      9406633103        18640575       7932       2000      10000          7
   0       68     2043     9992      9406633117      9406643109        18650572       7936       2000      10000         13
   0       68     2043     9987      9406643126      9406653112        18660580       7927       2000      10000         16
   0       68     2043     9964      9406653145      9406663109        18670600       7907       2000      10000         12
   0       68     2044     9958      9406663151      9406673109        18680606       7901       2000      10000         12
   0       68     2044     9961      9406673146      9406683107        18690601       7906       2000      10000         10
   0       68     2043     9960      9406683144      9406693104        18700598       7909       2000      10000          8
   0       68     2043     9981      9406693123      9406703105        18710578       7929       2000      10000          9
   0       68     2043     9981      9406703123      9406713104        18720578       7929       2000      10000          8
   0       68     2043     9982      9406713122      9406723104        18730577       7931       2000      10000          8
   0       68     2043     9982      9406723122      9406733104        18740576       7931       2000      10000          8
   0       68     2044     9983      9406733120      9406743102        18750574       7932       2000      10000          6
   0       68     2043     9985      9406743118      9406753104        18760573       7934       2000      10000          8
   0       68     2043     9986      9406753118      9406763103        18770573       7935       2000      10000          7
   0       68     2043     9984      9406763120      9406773104        18780574       7933       2000      10000          8
   0       68     2043     9984      9406773120      9406783104        18790575       7933       2000      10000          8
   0       68     2043     9986      9406783118      9406793104        18800573       7935       2000      10000          8
   0       68     2043     9988      9406793119      9406803107        18810574       7934       2000      10000         11
   0       68     2043     9915      9406803188      9406813103        18820643       7864       2000      10000          7
   0       68     2043     9983      9406813120      9406823103        18830574       7933       2000      10000          7
   0       68     2043     9985      9406823118      9406833103        18840573       7934       2000      10000          7
   0       68     2044     9985      9406833119      9406843103        18850573       7934       2000      10000          7
   0       68     2043     9984      9406843119      9406853103        18860574       7933       2000      10000          7
   0       68     2043     9986      9406853118      9406863104        18870573       7934       2000      10000          8
   0       68     2043     9984      9406863119      9406873103        18880574       7934       2000      10000          7
   0       68     2043     9984      9406873119      9406883103        18890574       7934       2000      10000          7
   0       68     2043     9986      9406883118      9406893104        18900573       7935       2000      10000          8
   0       68     2043     9985      9406893118      9406903104        18910573       7934       2000      10000          8
   0       68     2044     9984      9406903118      9406913103        18920573       7934       2000      10000          7
   0       68     2043     9986      9406913117      9406923103        18930572       7936       2000      10000          7
   0       68     2043     9987      9406923117      9406933104        18940572       7936       2000      10000          8
   0       68     2043     9986      9406933117      9406943103        18950572       7936       2000      10000          7
   0       68     2043     9998      9406943117      9406953115        18960571       7936       2000      10000         19
   0       68     2043     9969      9406953140      9406963108        18970594       7913       2000      10000         12
   0       68     2043     9961      9406963147      9406973107        18980601       7905       2000      10000         11
   0       68     2044     9962      9406973146      9406983107        18990601       7905       2000      10000         11
   0       68     2046     9964      9406983145      9406993109        19000600       7904       2000      10000         13
   0       68     2046     9963      9406993147      9407003110        19010602       7902       2000      10000         14
   0       68     2044     9966      9407003147      9407013113        19020602       7905       2000      10000         16
   0       68     2047     9959      9407013150      9407023109        19030605       7899       2000      10000         12
   0       68     2046     9962      9407023146      9407033108        19040601       7903       2000      10000         12
   0       68     2046     9963      9407033145      9407043108        19050600       7904       2000      10000         12
   0       68     2044     9968      9407043145      9407053113        19060600       7907       2000      10000         16
   0       68     2043     9961      9407053151      9407063112        19070605       7902       2000      10000         15
   0       68     2047     9960      9407063151      9407073111        19080606       7898       2000      10000         15
   0       68     2044     9964      9407073146      9407083110        19090601       7906       2000      10000         14
   0       68     2043     9961      9407083147      9407093108        19100602       7905       2000      10000         11
   0       68     2046     9961      9407093146      9407103107        19110601       7903       2000      10000         11
   0       68     2047     9967      9407103146      9407113112        19120600       7903       2000      10000         16
   0       68     2043     9969      9407113148      9407123117        19130603       7904       2000      10000         20
   0       68     2043     9955      9407123154      9407133109        19140609       7898       2000      10000         13
   0       68     2044     9907      9407133201      9407143108        19150656       7851       2000      10000         11
   0       68     2046     9962      9407143145      9407153108        19160600       7904       2000      10000         11
   0       68     2043     9961      9407153144      9407163105        19170599       7908       2000      10000          9
   0       68     2043     9979      9407163125      9407173103        19180579       7928       2000      10000          7
   0       68     2044     9982      9407173122      9407183103        19190577       7930       2000      10000          7
   0       68     2043     9983      9407183121      9407193104        19200576       7932       2000      10000          8
   0       68     2043     9984      9407193120      9407203103        19210574       7933       2000      10000          7
   0       68     2043     9982      9407203121      9407213103        19220575       7932       2000      10000          7
   0       68     2043     9985      9407213119      9407223104        19230574       7934       2000      10000          8
   0       68     2043     9984      9407223121      9407233104        19240575       7932       2000      10000          8
   0       68     2044     9983      9407233120      9407243103        19250575       7932       2000      10000          7
   0       68     2043     9985      9407243118      9407253103        19260573       7934       2000      10000          7
   0       68     2043     9985      9407253119      9407263104        19270573       7934       2000      10000          8
   0       68     2043     9983      9407263120      9407273103        19280574       7933       2000      10000          7
   0       68     2043     9986      9407273118      9407283104        19290573       7935       2000      10000          8
   0       68     2043     9984      9407283119      9407293103        19300574       7934       2000      10000          7
   0       68     2043     9985      9407293118      9407303103        19310572       7935       2000      10000          7
   0       68     2043     9989      9407303116      9407313105        19320571       7937       2000      10000          9
   0       68     2043     9985      9407313119      9407323104        19330574       7934       2000      10000          8
   0       68     2043     9986      9407323117      9407333104        19340572       7936       2000      10000          8
   0       68     2044     9986      9407333117      9407343103        19350572       7935       2000      10000          7
   0       68     2044     9988      9407343117      9407353105        19360571       7936       2000      10000          9
   0       68     2043     9985      9407353118      9407363103        19370573       7935       2000      10000          7
   0       68     2043     9987      9407363117      9407373104        19380572       7935       2000      10000          8
   0       68     2044     9984      9407373119      9407383103        19390573       7933       2000      10000          7
   0       68     2043     9991      9407383117      9407393108        19400572       7936       2000      10000         12
   0       68     2043     9986      9407393122      9407403108        19410576       7931       2000      10000         12
   0       68     2043     9986      9407403121      9407413107        19420576       7931       2000      10000         11
   0       68     2043     9987      9407413130      9407423117        19430585       7923       2000      10000         20
   0       68     2043     9969      9407423141      9407433110        19440596       7912       2000      10000         14
   0       68     2044     9961      9407433149      9407443110        19450603       7903       2000      10000         13
   0       68     2043     9958      9407443146      9407453104        19460601       7906       2000      10000          8
   0       68     2043     9980      9407453124      9407463104        19470579       7929       2000      10000          8
   0       68     2043     9922      9407463184      9407473105        19480638       7869       2000      10000          9
   0       68     2043     9979      9407473125      9407483104        19490580       7928       2000      10000          8
   0       68     2043     9984      9407483120      9407493104        19500575       7932       2000      10000          8
   0       68     2043     9985      9407493121      9407503105        19510575       7932       2000      10000          9
   0       68     2044     9981      9407503122      9407513103        19520577       7930       2000      10000          7
   0       68     2043     9985      9407513118      9407523104        19530573       7935       2000      10000          8
   0       68     2043     9986      9407523119      9407533105        19540574       7934       2000      10000          9
   0       68     2043     9982      9407533121      9407543103        19550576       7931       2000      10000          7
   0       68     2043     9987      9407543116      9407553103        19560571       7936       2000      10000          7
   0       68     2043     9986      9407553118      9407563104        19570572       7935       2000      10000          8
   0       68     2043     9986      9407563119      9407573104        19580573       7934       2000      10000          8
   0       68     2043     9985      9407573118      9407583103        19590573       7935       2000      10000          7
   0       68     2043     9987      9407583117      9407593104        19600572       7936       2000      10000          8
   0       68     2043     9985      9407593119      9407603104        19610573       7934       2000      10000          8
   0       68     2043     9988      9407603118      9407613106        19620573       7934       2000      10000         10
   0       68     2044     9982      9407613121      9407623104        19630576       7931       2000      10000          8
   0       68     2043     9987      9407623117      9407633104        19640572       7935       2000      10000          8
   0       68     2043     9986      9407633118      9407643104        19650573       7934       2000      10000          8
   0       68     2044     9986      9407643118      9407653104        19660573       7934       2000      10000          8
   0       68     2043     9986      9407653118      9407663104        19670573       7935       2000      10000          8
   0       68     2043     9986      9407663118      9407673104        19680573       7934       2000      10000          9
   0       68     2043     9984      9407673119      9407683103        19690573       7934       2000      10000          7
   0       68     2043     9987      9407683117      9407693104        19700571       7936       2000      10000          8
   0       68     2043     9987      9407693117      9407703104        19710572       7936       2000      10000          8
   0       68     2044     9998      9407703117      9407713115        19720572       7935       2000      10000         19
   0       68     2044     9965      9407713144      9407723109        19730599       7908       2000      10000         13
   0       68     2043     9960      9407723148      9407733108        19740602       7904       2000      10000         12
   0       68     2047     9960      9407733146      9407743106        19750601       7902       2000      10000         10
   0       68     2043     9960      9407743144      9407753104        19760599       7908       2000      10000          8
   0       68     2043     9982      9407753123      9407763104        19770577       7930       2000      10000          8
   0       68     2043     9981      9407763122      9407773103        19780577       7930       2000      10000          7
   0       68     2043     9984      9407773120      9407783103        19790574       7933       2000      10000          7
   0       68     2043     9983      9407783121      9407793104        19800576       7931       2000      10000          8
   0       68     2043     9926      9407793178      9407803104        19810632       7875       2000      10000          8
   0       68     2044     9980      9407803123      9407813103        19820578       7929       2000      10000          7
   0       68     2044     9988      9407813120      9407823108        19830575       7932       2000      10000         12
   0       68     2043     9981      9407823124      9407833104        19840578       7929       2000      10000          8
   0       68     2043     9983      9407833120      9407843103        19850575       7933       2000      10000          7
   0       68     2043     9983      9407843120      9407853103        19860575       7933       2000      10000          7
   0       68     2043     9985      9407853119      9407863104        19870573       7934       2000      10000          8
   0       68     2043     9985      9407863119      9407873104        19880574       7934       2000      10000          8
   0       68     2043     9986      9407873118      9407883105        19890573       7934       2000      10000          9
   0       68     2043     9985      9407883119      9407893104        19900574       7934       2000      10000          8
   0       68     2043     9987      9407893117      9407903104        19910572       7935       2000      10000          8
   0       68     2044     9985      9407903118      9407913103        19920573       7933       2000      10000          7
   0       68     2043     9987      9407913117      9407923103        19930571       7936       2000      10000          7
   0       68     2043     9987      9407923117      9407933104        19940572       7936       2000      10000          8
   0       68     2043     9986      9407933117      9407943104        19950572       7935       2000      10000          8
   0       68     2043     9986      9407943118      9407953104        19960573       7935       2000      10000          8
   0       68     2043     9986      9407953118      9407963104        19970573       7934       2000      10000          8
   0       68     2043     9985      9407963117      9407973103        19980572       7935       2000      10000          7
   0       68     2043     9986      9407973116      9407983103        19990571       7936       2000      10000          7
