t_recv_ns	batch_idx	n_span	name	timestamp_us	duration_us	id	parent
1788609590609300353	0	1	calibration	1788609590608296	55	4cce987193fa2cec	7ea769178954c085
1788609590628689973	1	1	phase_loop[0]	1788609590625806	2060	58f72fc188503d27	50fca8cb2fb15c5e
1788609590631853424	2	1	phase_loop[1]	1788609590628904	2008	4f19492e028f7660	50fca8cb2fb15c5e
1788609590640735364	3	1	phase_loop[2]	1788609590632098	7772	839e12d44ac7d175	50fca8cb2fb15c5e
1788609590650679106	4	1	phase_loop[3]	1788609590640968	8902	56ac85c2ba237498	50fca8cb2fb15c5e
1788609590660632946	5	1	phase_loop[4]	1788609590650874	8996	56734939824c28ad	50fca8cb2fb15c5e
1788609590670643795	6	1	phase_loop[5]	1788609590660828	9043	285a8c6c98ead1b5	50fca8cb2fb15c5e
1788609590680612182	7	1	phase_loop[6]	1788609590670864	9005	6d3568fda7aec84b	50fca8cb2fb15c5e
1788609590690652747	8	1	phase_loop[7]	1788609590680802	9069	66445718322f31c2	50fca8cb2fb15c5e
1788609590700729360	9	1	phase_loop[8]	1788609590690915	8955	777cfa13adc869aa	50fca8cb2fb15c5e
1788609590710632835	10	1	phase_loop[9]	1788609590701001	8870	792783aa53da4483	50fca8cb2fb15c5e
1788609590720690723	11	1	phase_loop[10]	1788609590710863	9005	b2abfb4512136d7f	50fca8cb2fb15c5e
1788609590731023451	12	1	phase_loop[11]	1788609590720898	8970	0941456f53106dd5	50fca8cb2fb15c5e
1788609590740676442	13	1	phase_loop[12]	1788609590731342	8527	bf0f921723049bde	50fca8cb2fb15c5e
1788609590750617237	14	1	phase_loop[13]	1788609590740879	8989	2834a79ff8bef513	50fca8cb2fb15c5e
1788609590760643906	15	1	phase_loop[14]	1788609590750824	9044	f665aad595e6e64b	50fca8cb2fb15c5e
1788609590770742771	16	1	phase_loop[15]	1788609590760841	9028	21f34fa7fd3621b4	50fca8cb2fb15c5e
1788609590780644973	17	1	phase_loop[16]	1788609590771067	8803	39da278bdee490ad	50fca8cb2fb15c5e
1788609590790636886	18	1	phase_loop[17]	1788609590780834	9032	3ca80b5e523dbe5e	50fca8cb2fb15c5e
1788609590800789473	19	1	phase_loop[18]	1788609590790882	8989	262ac24363bb7240	50fca8cb2fb15c5e
1788609590810641771	20	1	phase_loop[19]	1788609590801066	8801	3de57a2e9a7d6bb3	50fca8cb2fb15c5e
1788609590820508336	21	1	phase_loop[20]	1788609590810831	9036	a4be14c569231a99	50fca8cb2fb15c5e
1788609590830786381	22	1	phase_loop[21]	1788609590820688	9181	5fc5ca751144c756	50fca8cb2fb15c5e
1788609590840628509	23	1	phase_loop[22]	1788609590831063	8806	a4ce101e4bde4b74	50fca8cb2fb15c5e
1788609590850539950	24	1	phase_loop[23]	1788609590840819	9050	17abf9503e43510d	50fca8cb2fb15c5e
1788609590861646293	25	1	phase_loop[24]	1788609590850723	9145	d5857218cd3f94b3	50fca8cb2fb15c5e
1788609590870638642	26	1	phase_loop[25]	1788609590861887	7987	ba0ea2c12f921b05	50fca8cb2fb15c5e
1788609590880666924	27	1	phase_loop[26]	1788609590870846	9023	8c0fb51030bf136c	50fca8cb2fb15c5e
1788609590890623119	28	1	phase_loop[27]	1788609590880888	8979	853a2eb88715d97e	50fca8cb2fb15c5e
1788609590900905832	29	1	phase_loop[28]	1788609590890859	9016	87f3ff4ab8f24e7a	50fca8cb2fb15c5e
1788609590910632031	30	1	phase_loop[29]	1788609590901144	8724	a4685e470924623f	50fca8cb2fb15c5e
1788609590920508485	31	1	phase_loop[30]	1788609590910820	9047	1ffabfb85ba5b167	50fca8cb2fb15c5e
1788609590930825794	32	1	phase_loop[31]	1788609590920687	9182	72af2a2c55b0eb22	50fca8cb2fb15c5e
1788609590940711205	33	1	phase_loop[32]	1788609590931074	8857	f66973ce31cc2465	50fca8cb2fb15c5e
1788609590950638014	34	1	phase_loop[33]	1788609590940907	8964	f17ff79cd42ee764	50fca8cb2fb15c5e
1788609590960691654	35	1	phase_loop[34]	1788609590950821	9048	3cb612763771a910	50fca8cb2fb15c5e
1788609590970672535	36	1	phase_loop[35]	1788609590960927	8940	4cd333b06ad9f035	50fca8cb2fb15c5e
1788609590980536726	37	1	phase_loop[36]	1788609590970925	8942	31842128a04f8af9	50fca8cb2fb15c5e
1788609590990652974	38	1	phase_loop[37]	1788609590980720	9148	2f64f3f30a76010d	50fca8cb2fb15c5e
1788609591000917563	39	1	phase_loop[38]	1788609590990884	8986	580b2591064b4b63	50fca8cb2fb15c5e
1788609591010642129	40	1	phase_loop[39]	1788609591001153	8715	7b5f1c0faaedc341	50fca8cb2fb15c5e
1788609591020557086	41	1	phase_loop[40]	1788609591010845	9021	967b5134bda3c15a	50fca8cb2fb15c5e
1788609591030780847	42	1	phase_loop[41]	1788609591020745	9125	88f5e00d3d0df685	50fca8cb2fb15c5e
1788609591040770335	43	1	phase_loop[42]	1788609591031047	8823	978a4245681d924c	50fca8cb2fb15c5e
1788609591050619657	44	1	phase_loop[43]	1788609591040987	8880	12d9775269153527	50fca8cb2fb15c5e
1788609591060616489	45	1	phase_loop[44]	1788609591050851	9019	fedc9fa5048d88a6	50fca8cb2fb15c5e
1788609591071022706	46	1	phase_loop[45]	1788609591060810	9059	69d0d092bf90bc4b	50fca8cb2fb15c5e
1788609591080617607	47	1	phase_loop[46]	1788609591071265	8604	f911cf3f80c08223	50fca8cb2fb15c5e
1788609591090628585	48	1	phase_loop[47]	1788609591080806	9060	51049b61cb41ff36	50fca8cb2fb15c5e
1788609591100746436	49	1	phase_loop[48]	1788609591090869	9000	dfbfa181f74f5b53	50fca8cb2fb15c5e
1788609591110652025	50	1	phase_loop[49]	1788609591101058	8810	f3452e6fe5e9eb6f	50fca8cb2fb15c5e
1788609591120637215	51	1	phase_loop[50]	1788609591110840	9028	71d346f42503d120	50fca8cb2fb15c5e
1788609591130852089	52	1	phase_loop[51]	1788609591120825	9044	7a0bf01f06038cba	50fca8cb2fb15c5e
1788609591140848320	53	1	phase_loop[52]	1788609591131104	8765	1dd9edf1a067b92c	50fca8cb2fb15c5e
1788609591150527370	54	1	phase_loop[53]	1788609591141052	8814	9964c15df78c1d0d	50fca8cb2fb15c5e
1788609591160647395	55	1	phase_loop[54]	1788609591150710	9159	5e14786a7badac30	50fca8cb2fb15c5e
1788609591170761439	56	1	phase_loop[55]	1788609591160836	9032	c642c13e1fd50287	50fca8cb2fb15c5e
1788609591180619407	57	1	phase_loop[56]	1788609591171085	8784	23c951a9befaa294	50fca8cb2fb15c5e
1788609591190868717	58	1	phase_loop[57]	1788609591180810	9059	2805f3db279b063e	50fca8cb2fb15c5e
1788609591201050409	59	1	phase_loop[58]	1788609591191127	8745	1f465472cfbdb848	50fca8cb2fb15c5e
1788609591210653705	60	1	phase_loop[59]	1788609591201296	8575	995cb1c7d2fb43de	50fca8cb2fb15c5e
1788609591220694260	61	1	phase_loop[60]	1788609591210872	9002	7246012a2e3e4aad	50fca8cb2fb15c5e
1788609591230788456	62	1	phase_loop[61]	1788609591220917	8955	e6dca0c19e4692c8	50fca8cb2fb15c5e
1788609591240737808	63	1	phase_loop[62]	1788609591231042	8830	efb5f6e765243372	50fca8cb2fb15c5e
1788609591250668254	64	1	phase_loop[63]	1788609591240956	8914	2e3a87505430027a	50fca8cb2fb15c5e
1788609591260657081	65	1	phase_loop[64]	1788609591250872	8997	47f94b3e29c1e2dc	50fca8cb2fb15c5e
1788609591270795811	66	1	phase_loop[65]	1788609591260887	9034	e83d0c206f373869	50fca8cb2fb15c5e
1788609591280713102	67	1	phase_loop[66]	1788609591271086	8783	b951e5131308f9e7	50fca8cb2fb15c5e
1788609591290840171	68	1	phase_loop[67]	1788609591280956	8925	8203e430180750b8	50fca8cb2fb15c5e
1788609591300710953	69	1	phase_loop[68]	1788609591291085	8785	226dd8e2550bedb6	50fca8cb2fb15c5e
1788609591311187504	70	1	phase_loop[69]	1788609591300963	8909	e75d205830a4c672	50fca8cb2fb15c5e
1788609591320639253	71	1	phase_loop[70]	1788609591311428	8441	a97fe3b19be2ea26	50fca8cb2fb15c5e
1788609591331398108	72	1	phase_loop[71]	1788609591320830	9039	a0acca16da87484b	50fca8cb2fb15c5e
1788609591340651993	73	1	phase_loop[72]	1788609591331623	8246	1aee3addeccf16be	50fca8cb2fb15c5e
1788609591351133663	74	1	phase_loop[73]	1788609591340880	8990	f3f845677a90e187	50fca8cb2fb15c5e
1788609591360963318	75	1	phase_loop[74]	1788609591351381	8487	7b336d195f011cc3	50fca8cb2fb15c5e
1788609591371340089	76	1	phase_loop[75]	1788609591361180	8688	1bdc66e542b04e77	50fca8cb2fb15c5e
1788609591380629932	77	1	phase_loop[76]	1788609591371587	8281	8f9e3472a2c9bd05	50fca8cb2fb15c5e
1788609591390793369	78	1	phase_loop[77]	1788609591380815	9051	a36186441d5b8271	50fca8cb2fb15c5e
1788609591400781885	79	1	phase_loop[78]	1788609591391062	8807	c990667da08b8b38	50fca8cb2fb15c5e
1788609591410692694	80	1	phase_loop[79]	1788609591401085	8785	7b8abc42d142af59	50fca8cb2fb15c5e
1788609591420639000	81	1	phase_loop[80]	1788609591410883	8987	2ae6d2c2bb5864f1	50fca8cb2fb15c5e
1788609591431487264	82	1	phase_loop[81]	1788609591420828	9042	7efeb5a4c9005291	50fca8cb2fb15c5e
1788609591440914547	83	1	phase_loop[82]	1788609591431714	8155	cc99ca9d3165103e	50fca8cb2fb15c5e
1788609591450628333	84	1	phase_loop[83]	1788609591441179	8689	a275d3f15b6e0cc8	50fca8cb2fb15c5e
1788609591460631617	85	1	phase_loop[84]	1788609591450820	9050	348aac5f6dda5421	50fca8cb2fb15c5e
1788609591470844658	86	1	phase_loop[85]	1788609591460820	9049	1960c9b9ec204167	50fca8cb2fb15c5e
1788609591480656349	87	1	phase_loop[86]	1788609591471118	8752	1d340fb8e9b2b9fd	50fca8cb2fb15c5e
1788609591490683689	88	1	phase_loop[87]	1788609591480854	9014	3d475915cba6331d	50fca8cb2fb15c5e
1788609591500723011	89	1	phase_loop[88]	1788609591490922	8949	7fdb6370f9cf45a4	50fca8cb2fb15c5e
1788609591510673275	90	1	phase_loop[89]	1788609591500953	8917	cf3813040b008b0c	50fca8cb2fb15c5e
1788609591520670537	91	1	phase_loop[90]	1788609591510867	9003	4f27f4416087fc6b	50fca8cb2fb15c5e
1788609591530893627	92	1	phase_loop[91]	1788609591520896	8974	c7186249d09ef361	50fca8cb2fb15c5e
1788609591540667156	93	1	phase_loop[92]	1788609591531164	8707	be18987c79e71546	50fca8cb2fb15c5e
1788609591550595117	94	1	phase_loop[93]	1788609591540859	9009	b1e60ce7b784056c	50fca8cb2fb15c5e
1788609591560618910	95	1	phase_loop[94]	1788609591550787	9083	ef11f49c66132ee1	50fca8cb2fb15c5e
1788609591571076204	96	1	phase_loop[95]	1788609591560810	9070	f3f4c7e059df2cd1	50fca8cb2fb15c5e
1788609591580616862	97	1	phase_loop[96]	1788609591571312	8557	cfd85257155b8ea2	50fca8cb2fb15c5e
1788609591590700147	98	1	phase_loop[97]	1788609591580804	9064	ac814e4fcce353ba	50fca8cb2fb15c5e
1788609591600979494	99	1	phase_loop[98]	1788609591590938	8985	778db7c14dfe7182	50fca8cb2fb15c5e
1788609591610636663	100	1	phase_loop[99]	1788609591601220	8650	cfedc2bfee86f6d1	50fca8cb2fb15c5e
1788609591620523676	101	1	phase_loop[100]	1788609591610824	9043	0f2332a4459da784	50fca8cb2fb15c5e
1788609591630799506	102	1	phase_loop[101]	1788609591620705	9165	ea9a89081c02113a	50fca8cb2fb15c5e
1788609591640635834	103	1	phase_loop[102]	1788609591631076	8795	1e91c398489cb7da	50fca8cb2fb15c5e
1788609591650637214	104	1	phase_loop[103]	1788609591640826	9043	ff268c8498d3a2ae	50fca8cb2fb15c5e
1788609591660617375	105	1	phase_loop[104]	1788609591650831	9039	1684eb1c5f0a370f	50fca8cb2fb15c5e
1788609591671499994	106	1	phase_loop[105]	1788609591660810	9062	56536b286c2ad2b4	50fca8cb2fb15c5e
1788609591680654871	107	1	phase_loop[106]	1788609591671784	8084	ee7eea9d09a62755	50fca8cb2fb15c5e
1788609591690622317	108	1	phase_loop[107]	1788609591680854	9013	29e3624dc104b1e6	50fca8cb2fb15c5e
1788609591700849565	109	1	phase_loop[108]	1788609591690860	9011	d7dd92d7352098ba	50fca8cb2fb15c5e
1788609591710748391	110	1	phase_loop[109]	1788609591701099	8771	69df9fa04bb010f4	50fca8cb2fb15c5e
1788609591720654692	111	1	phase_loop[110]	1788609591710965	8905	efbd0c989a316c2e	50fca8cb2fb15c5e
1788609591730834270	112	1	phase_loop[111]	1788609591720838	9034	76680f27673c6b98	50fca8cb2fb15c5e
1788609591740663935	113	1	phase_loop[112]	1788609591731082	8788	5ad8ebc3ac558b2d	50fca8cb2fb15c5e
1788609591750549876	114	1	phase_loop[113]	1788609591740854	9013	59db5bb62a9333c9	50fca8cb2fb15c5e
1788609591760702764	115	1	phase_loop[114]	1788609591750735	9135	61b457df7f3446f7	50fca8cb2fb15c5e
1788609591770695888	116	1	phase_loop[115]	1788609591760911	8958	c83e8cf8f8f3b674	50fca8cb2fb15c5e
1788609591780642365	117	1	phase_loop[116]	1788609591770994	8875	f1a444a90beb603d	50fca8cb2fb15c5e
1788609591790617966	118	1	phase_loop[117]	1788609591780834	9031	9fd185fce7682dcd	50fca8cb2fb15c5e
1788609591800927260	119	1	phase_loop[118]	1788609591790874	9002	cffbbf3737fba005	50fca8cb2fb15c5e
1788609591810654491	120	1	phase_loop[119]	1788609591801156	8713	e34a41145aa439e4	50fca8cb2fb15c5e
1788609591820636705	121	1	phase_loop[120]	1788609591810842	9029	7bc885bd7a930c7a	50fca8cb2fb15c5e
1788609591830840248	122	1	phase_loop[121]	1788609591820847	9022	41107d4511d9d164	50fca8cb2fb15c5e
1788609591840871435	123	1	phase_loop[122]	1788609591831092	8778	67c224bae666242c	50fca8cb2fb15c5e
1788609591850480693	124	1	phase_loop[123]	1788609591841071	8796	dd9eea32dfb5e72e	50fca8cb2fb15c5e
1788609591860935031	125	1	phase_loop[124]	1788609591850655	9216	e30656d551542632	50fca8cb2fb15c5e
1788609591870638337	126	1	phase_loop[125]	1788609591861185	8686	d875e7ba28b5f7af	50fca8cb2fb15c5e
1788609591880617305	127	1	phase_loop[126]	1788609591870847	9020	ca21a98f3cd5b694	50fca8cb2fb15c5e
1788609591890658971	128	1	phase_loop[127]	1788609591880802	9067	42bf61ca4e629369	50fca8cb2fb15c5e
1788609591900741836	129	1	phase_loop[128]	1788609591890896	8974	2a34bdb98f60a479	50fca8cb2fb15c5e
1788609591910653496	130	1	phase_loop[129]	1788609591901043	8826	895ecb5c05a07ad7	50fca8cb2fb15c5e
1788609591920530231	131	1	phase_loop[130]	1788609591910843	9024	b08353722efd2a46	50fca8cb2fb15c5e
1788609591930867357	132	1	phase_loop[131]	1788609591920713	9201	eb24e3c304d5d56f	50fca8cb2fb15c5e
1788609591940666715	133	1	phase_loop[132]	1788609591931120	8751	91b21c4090afe5b0	50fca8cb2fb15c5e
1788609591950632768	134	1	phase_loop[133]	1788609591940860	9010	c718d00818c8f1bc	50fca8cb2fb15c5e
1788609591960619511	135	1	phase_loop[134]	1788609591950820	9049	bea38b496355ecd3	50fca8cb2fb15c5e
1788609591970876064	136	1	phase_loop[135]	1788609591960811	9069	87f91a241466fe12	50fca8cb2fb15c5e
1788609591980560444	137	1	phase_loop[136]	1788609591971186	8682	ea954135b85b6df1	50fca8cb2fb15c5e
1788609591990635264	138	1	phase_loop[137]	1788609591980745	9122	bb4084e5dd847ab3	50fca8cb2fb15c5e
1788609592001088890	139	1	phase_loop[138]	1788609591990867	9003	e829a3c61f67e65e	50fca8cb2fb15c5e
1788609592010662551	140	1	phase_loop[139]	1788609592001391	8478	17538925d110657e	50fca8cb2fb15c5e
1788609592020645787	141	1	phase_loop[140]	1788609592010890	8978	83edd47f0dcc6a8f	50fca8cb2fb15c5e
1788609592030893664	142	1	phase_loop[141]	1788609592020842	9028	45f6bed257f8587a	50fca8cb2fb15c5e
1788609592040673685	143	1	phase_loop[142]	1788609592031121	8748	e28d83e68f33aed3	50fca8cb2fb15c5e
1788609592050523247	144	1	phase_loop[143]	1788609592040865	9002	7bca60fad052af65	50fca8cb2fb15c5e
1788609592060642310	145	1	phase_loop[144]	1788609592050707	9163	10f525e9c6fa64da	50fca8cb2fb15c5e
1788609592070634223	146	1	phase_loop[145]	1788609592060839	9031	afba3479746738bc	50fca8cb2fb15c5e
1788609592080556583	147	1	phase_loop[146]	1788609592070913	8955	b966da3f09224e7e	50fca8cb2fb15c5e
1788609592090649847	148	1	phase_loop[147]	1788609592080745	9123	fcd74a8788cbd408	50fca8cb2fb15c5e
1788609592100628976	149	1	phase_loop[148]	1788609592090906	8962	fb1f1eca7ff5a68f	50fca8cb2fb15c5e
1788609592110626939	150	1	phase_loop[149]	1788609592100818	9051	f0a7817342c114bf	50fca8cb2fb15c5e
1788609592120622969	151	1	phase_loop[150]	1788609592110814	9054	8b99ab297a7592ef	50fca8cb2fb15c5e
1788609592130729238	152	1	phase_loop[151]	1788609592120814	9056	578d58e6bd3f3f90	50fca8cb2fb15c5e
1788609592140735187	153	1	phase_loop[152]	1788609592130993	8878	fe4697421b5617c3	50fca8cb2fb15c5e
1788609592150640986	154	1	phase_loop[153]	1788609592141083	8786	aca34d4e24a4d415	50fca8cb2fb15c5e
1788609592160730874	155	1	phase_loop[154]	1788609592150829	9041	7b431f3aedcb5941	50fca8cb2fb15c5e
1788609592170729409	156	1	phase_loop[155]	1788609592160978	8891	65d7d11ff76aad19	50fca8cb2fb15c5e
1788609592180637793	157	1	phase_loop[156]	1788609592171003	8867	ac92aeb4e694f2d2	50fca8cb2fb15c5e
1788609592190645655	158	1	phase_loop[157]	1788609592180840	9029	6f7e0a3cd29ad43e	50fca8cb2fb15c5e
1788609592200871090	159	1	phase_loop[158]	1788609592190875	8996	29a216c56cd63781	50fca8cb2fb15c5e
1788609592210659306	160	1	phase_loop[159]	1788609592201103	8765	e00cd5ac3b7575d7	50fca8cb2fb15c5e
1788609592220525270	161	1	phase_loop[160]	1788609592210845	9022	9206eabc2106a010	50fca8cb2fb15c5e
1788609592230824024	162	1	phase_loop[161]	1788609592220709	9162	72a1ef6cb6d013d7	50fca8cb2fb15c5e
1788609592240691711	163	1	phase_loop[162]	1788609592231077	8794	a6f03144ea6f4dc3	50fca8cb2fb15c5e
1788609592250634600	164	1	phase_loop[163]	1788609592240894	8975	bd5b52be8915e806	50fca8cb2fb15c5e
1788609592260681607	165	1	phase_loop[164]	1788609592250826	9086	a048a4b1ba31783c	50fca8cb2fb15c5e
1788609592270645867	166	1	phase_loop[165]	1788609592260875	8994	07ccb9f8959ab0f2	50fca8cb2fb15c5e
1788609592280638170	167	1	phase_loop[166]	1788609592270851	9019	37d6b7090b299fcf	50fca8cb2fb15c5e
1788609592290636925	168	1	phase_loop[167]	1788609592280834	9032	11c28ef0c546eb91	50fca8cb2fb15c5e
1788609592300878520	169	1	phase_loop[168]	1788609592290891	8980	40b079b26a28d944	50fca8cb2fb15c5e
1788609592310778298	170	1	phase_loop[169]	1788609592301116	8753	25a7aa1ec84ae7cd	50fca8cb2fb15c5e
1788609592320558780	171	1	phase_loop[170]	1788609592311071	8796	2a43fa38ff64486f	50fca8cb2fb15c5e
1788609592332065731	172	1	phase_loop[171]	1788609592320758	9111	a336afdf1cf4507d	50fca8cb2fb15c5e
1788609592340682860	173	1	phase_loop[172]	1788609592332316	7555	10c2873b1a12ae89	50fca8cb2fb15c5e
1788609592350636490	174	1	phase_loop[173]	1788609592340880	8987	bded237e08aacc1e	50fca8cb2fb15c5e
1788609592360660412	175	1	phase_loop[174]	1788609592350825	9044	be5341dfe9a2408c	50fca8cb2fb15c5e
1788609592370710936	176	1	phase_loop[175]	1788609592360860	9010	1c51dcb29d03b751	50fca8cb2fb15c5e
1788609592380627686	177	1	phase_loop[176]	1788609592370978	8891	62f5b9b60f816450	50fca8cb2fb15c5e
1788609592390637301	178	1	phase_loop[177]	1788609592380817	9049	2d808649d2cc96d5	50fca8cb2fb15c5e
1788609592400703925	179	1	phase_loop[178]	1788609592390883	8986	b08482f7ea250dfd	50fca8cb2fb15c5e
1788609592410647686	180	1	phase_loop[179]	1788609592400962	8907	2668b821c5379bd4	50fca8cb2fb15c5e
1788609592420643817	181	1	phase_loop[180]	1788609592410837	9033	ea610cf1f9d9e1c1	50fca8cb2fb15c5e
1788609592430799419	182	1	phase_loop[181]	1788609592420830	9040	d1fef0c4e591b90a	50fca8cb2fb15c5e
1788609592440727210	183	1	phase_loop[182]	1788609592431056	8813	15b3655f7f6fd34f	50fca8cb2fb15c5e
1788609592450639331	184	1	phase_loop[183]	1788609592440968	8900	52e34d4ba450f437	50fca8cb2fb15c5e
1788609592460718649	185	1	phase_loop[184]	1788609592450830	9039	ad1da9e16eb470a8	50fca8cb2fb15c5e
1788609592470637833	186	1	phase_loop[185]	1788609592460979	8891	13b0d24f13b242c3	50fca8cb2fb15c5e
1788609592480736327	187	1	phase_loop[186]	1788609592470864	9012	7c13cc0623603f51	50fca8cb2fb15c5e
1788609592490660812	188	1	phase_loop[187]	1788609592480993	8877	16fddfffa08fd49e	50fca8cb2fb15c5e
1788609592500755158	189	1	phase_loop[188]	1788609592490896	8975	3eafdd67d507093b	50fca8cb2fb15c5e
1788609592510666007	190	1	phase_loop[189]	1788609592501018	8852	ac92eba5b1dfb44b	50fca8cb2fb15c5e
1788609592520545376	191	1	phase_loop[190]	1788609592510862	9005	e12b7f7c48c97f86	50fca8cb2fb15c5e
1788609592530712901	192	1	phase_loop[191]	1788609592520728	9141	68692ad28e4df852	50fca8cb2fb15c5e
1788609592540669847	193	1	phase_loop[192]	1788609592530988	8882	ad7c774ea7283a80	50fca8cb2fb15c5e
1788609592550645378	194	1	phase_loop[193]	1788609592540867	9003	4a3f9e2f049ca864	50fca8cb2fb15c5e
1788609592560653561	195	1	phase_loop[194]	1788609592550833	9037	9db038dd64250e58	50fca8cb2fb15c5e
1788609592570621739	196	1	phase_loop[195]	1788609592560856	9013	2c15006d47aa8df5	50fca8cb2fb15c5e
1788609592580625503	197	1	phase_loop[196]	1788609592570831	9038	9e7fd8dcfad4ee4e	50fca8cb2fb15c5e
1788609592590765516	198	1	phase_loop[197]	1788609592580816	9088	21a0397c37a38f3b	50fca8cb2fb15c5e
1788609592600867377	199	1	phase_loop[198]	1788609592591053	8817	ae9c2de022cc1270	50fca8cb2fb15c5e
1788609592610642158	200	1	phase_loop[199]	1788609592601113	8756	c52acd439740bd98	50fca8cb2fb15c5e
1788609592620509113	201	1	phase_loop[200]	1788609592610840	9026	bce38688f7723ab6	50fca8cb2fb15c5e
1788609592631483647	202	1	phase_loop[201]	1788609592620695	9174	2d7c608dde855e62	50fca8cb2fb15c5e
1788609592640790952	203	1	phase_loop[202]	1788609592631716	8155	637d9b5ac4c8df88	50fca8cb2fb15c5e
1788609592650547669	204	1	phase_loop[203]	1788609592641015	8853	f09c773ca999ba37	50fca8cb2fb15c5e
1788609592660642396	205	1	phase_loop[204]	1788609592650736	9134	247721c6669327e1	50fca8cb2fb15c5e
1788609592670783251	206	1	phase_loop[205]	1788609592660835	9034	fa1995d863b00e17	50fca8cb2fb15c5e
1788609592680636570	207	1	phase_loop[206]	1788609592671046	8822	f4b9560bc6fb8972	50fca8cb2fb15c5e
1788609592690650174	208	1	phase_loop[207]	1788609592680825	9041	da1058310d9a829d	50fca8cb2fb15c5e
1788609592700911947	209	1	phase_loop[208]	1788609592690884	8986	2a415501595ef645	50fca8cb2fb15c5e
1788609592710650399	210	1	phase_loop[209]	1788609592701191	8679	88833df430ccea0d	50fca8cb2fb15c5e
1788609592720644255	211	1	phase_loop[210]	1788609592710843	9026	1d819118913c757b	50fca8cb2fb15c5e
1788609592730824184	212	1	phase_loop[211]	1788609592720834	9035	48456a1ed59c0456	50fca8cb2fb15c5e
1788609592740652516	213	1	phase_loop[212]	1788609592731097	8772	69c3373871e7faa1	50fca8cb2fb15c5e
1788609592750571140	214	1	phase_loop[213]	1788609592740846	9021	e2e3e8ce091165a5	50fca8cb2fb15c5e
1788609592760637383	215	1	phase_loop[214]	1788609592750760	9109	732505d28d10c6cb	50fca8cb2fb15c5e
1788609592770682345	216	1	phase_loop[215]	1788609592760837	9032	2feee452385c49a9	50fca8cb2fb15c5e
1788609592780709725	217	1	phase_loop[216]	1788609592770915	8955	ac6cac80fa4c6ea2	50fca8cb2fb15c5e
1788609592790642495	218	1	phase_loop[217]	1788609592780926	8942	65ddcb737b5dd624	50fca8cb2fb15c5e
1788609592800950245	219	1	phase_loop[218]	1788609592790885	8985	605b59467b5928ff	50fca8cb2fb15c5e
1788609592810647800	220	1	phase_loop[219]	1788609592801190	8680	5b9d310632e3e71b	50fca8cb2fb15c5e
1788609592820533321	221	1	phase_loop[220]	1788609592810838	9031	a4db0501853becde	50fca8cb2fb15c5e
1788609592830841592	222	1	phase_loop[221]	1788609592820737	9133	f0c40618dc7d09dc	50fca8cb2fb15c5e
1788609592840687568	223	1	phase_loop[222]	1788609592831092	8778	07d9ac90a4d09d32	50fca8cb2fb15c5e
1788609592850650436	224	1	phase_loop[223]	1788609592840882	8988	44624eae8f395008	50fca8cb2fb15c5e
1788609592860884557	225	1	phase_loop[224]	1788609592850833	9036	4c60493aa6d54980	50fca8cb2fb15c5e
1788609592870760700	226	1	phase_loop[225]	1788609592861129	8740	ec17bf5d465d12b0	50fca8cb2fb15c5e
1788609592880684493	227	1	phase_loop[226]	1788609592871016	8853	dab1fa79750166dc	50fca8cb2fb15c5e
1788609592890657920	228	1	phase_loop[227]	1788609592880872	8995	c66050141c4a0451	50fca8cb2fb15c5e
1788609592900942817	229	1	phase_loop[228]	1788609592890888	8983	9c1ecf47493657b7	50fca8cb2fb15c5e
1788609592910662514	230	1	phase_loop[229]	1788609592901209	8662	d312a9b0e2c33858	50fca8cb2fb15c5e
1788609592920553635	231	1	phase_loop[230]	1788609592910847	9054	12a215df28ff43bc	50fca8cb2fb15c5e
1788609592931371422	232	1	phase_loop[231]	1788609592920737	9134	1dea22df5fd33273	50fca8cb2fb15c5e
1788609592940658118	233	1	phase_loop[232]	1788609592931620	8251	14f5608e2c6d5f4a	50fca8cb2fb15c5e
1788609592950508252	234	1	phase_loop[233]	1788609592940851	9015	cda7cd95dc053c47	50fca8cb2fb15c5e
1788609592960658004	235	1	phase_loop[234]	1788609592950687	9181	c0c5955129231597	50fca8cb2fb15c5e
1788609592970937180	236	1	phase_loop[235]	1788609592960865	9005	b51535746b539e7d	50fca8cb2fb15c5e
1788609592980627982	237	1	phase_loop[236]	1788609592971331	8537	898bd40645fe197b	50fca8cb2fb15c5e
1788609592990677603	238	1	phase_loop[237]	1788609592980815	9053	2df7e22e106905b4	50fca8cb2fb15c5e
1788609593000880615	239	1	phase_loop[238]	1788609592990925	8948	f8cb3c1cc3c3665e	50fca8cb2fb15c5e
1788609593010658322	240	1	phase_loop[239]	1788609593001154	8715	e174c29fd1ec3935	50fca8cb2fb15c5e
1788609593020623043	241	1	phase_loop[240]	1788609593010851	9018	5d594786b5ea40fd	50fca8cb2fb15c5e
1788609593030789445	242	1	phase_loop[241]	1788609593020815	9053	6e4e2cf9e8c2b631	50fca8cb2fb15c5e
1788609593040728547	243	1	phase_loop[242]	1788609593031045	8824	5346a522a11c395b	50fca8cb2fb15c5e
1788609593050499160	244	1	phase_loop[243]	1788609593040936	8929	fe1ff7b00472f5fe	50fca8cb2fb15c5e
1788609593060638151	245	1	phase_loop[244]	1788609593050679	9189	3fb9d04326900f55	50fca8cb2fb15c5e
1788609593070727878	246	1	phase_loop[245]	1788609593060840	9030	910774de19898153	50fca8cb2fb15c5e
1788609593080649758	247	1	phase_loop[246]	1788609593071005	8865	ba075b8c5d015413	50fca8cb2fb15c5e
1788609593090651188	248	1	phase_loop[247]	1788609593080842	9026	64841287cedac252	50fca8cb2fb15c5e
1788609593100849271	249	1	phase_loop[248]	1788609593090882	8989	66c197dbb83923ee	50fca8cb2fb15c5e
1788609593110642446	250	1	phase_loop[249]	1788609593101099	8772	a30de433bb13a512	50fca8cb2fb15c5e
1788609593120699131	251	1	phase_loop[250]	1788609593110838	9035	6ef3d906a18ce801	50fca8cb2fb15c5e
1788609593132516721	252	1	phase_loop[251]	1788609593120926	8945	a35037b3d78f790d	50fca8cb2fb15c5e
1788609593140698705	253	1	phase_loop[252]	1788609593132745	7131	0b2043c2c3691c98	50fca8cb2fb15c5e
1788609593150652756	254	1	phase_loop[253]	1788609593140897	8971	b476099329a1c26e	50fca8cb2fb15c5e
1788609593160642885	255	1	phase_loop[254]	1788609593150838	9029	711c4104f06ec1f4	50fca8cb2fb15c5e
1788609593170677788	256	1	phase_loop[255]	1788609593160837	9032	db41e4c3bf5335db	50fca8cb2fb15c5e
1788609593180644773	257	1	phase_loop[256]	1788609593170895	8973	90131f7f2e396a6e	50fca8cb2fb15c5e
1788609593190685387	258	1	phase_loop[257]	1788609593180832	9035	2bb918a5acf81e73	50fca8cb2fb15c5e
1788609593201064312	259	1	phase_loop[258]	1788609593190923	8948	7cdcef3739e5748b	50fca8cb2fb15c5e
1788609593210643753	260	1	phase_loop[259]	1788609593201297	8573	cd35179fa92821ea	50fca8cb2fb15c5e
1788609593220533983	261	1	phase_loop[260]	1788609593210830	9037	00fb86b41bf327fb	50fca8cb2fb15c5e
1788609593230775137	262	1	phase_loop[261]	1788609593220718	9153	4cc1bcec7f21c7c3	50fca8cb2fb15c5e
1788609593240642624	263	1	phase_loop[262]	1788609593231043	8826	f7cc874884a95542	50fca8cb2fb15c5e
1788609593250569993	264	1	phase_loop[263]	1788609593240835	9068	14d9c63486a68b3e	50fca8cb2fb15c5e
1788609593260638290	265	1	phase_loop[264]	1788609593250754	9115	ec77c250875c1936	50fca8cb2fb15c5e
1788609593270630733	266	1	phase_loop[265]	1788609593260840	9031	7d40268faa333044	50fca8cb2fb15c5e
1788609593280581438	267	1	phase_loop[266]	1788609593270856	9012	44881da612e3cdc1	50fca8cb2fb15c5e
1788609593291036206	268	1	phase_loop[267]	1788609593280781	9088	62bd24f2aef975a4	50fca8cb2fb15c5e
1788609593300841224	269	1	phase_loop[268]	1788609593291300	8570	682a4eb7e5f04451	50fca8cb2fb15c5e
1788609593310664708	270	1	phase_loop[269]	1788609593301125	8746	99d303669b2a5494	50fca8cb2fb15c5e
1788609593320535591	271	1	phase_loop[270]	1788609593310861	9007	e405a478ed983bc8	50fca8cb2fb15c5e
1788609593330783948	272	1	phase_loop[271]	1788609593320718	9150	88cc211fab791c66	50fca8cb2fb15c5e
1788609593340668187	273	1	phase_loop[272]	1788609593331041	8829	fb8fe2caaab35c73	50fca8cb2fb15c5e
1788609593350562814	274	1	phase_loop[273]	1788609593340861	9007	624f28f46e25d366	50fca8cb2fb15c5e
1788609593360698599	275	1	phase_loop[274]	1788609593350750	9119	2f5afde736a3b2ad	50fca8cb2fb15c5e
1788609593370727401	276	1	phase_loop[275]	1788609593360893	8977	252d9167978169df	50fca8cb2fb15c5e
1788609593380679738	277	1	phase_loop[276]	1788609593371017	8853	e474b6a844fe42cd	50fca8cb2fb15c5e
1788609593390648066	278	1	phase_loop[277]	1788609593380876	8990	6242fc96a72dadb9	50fca8cb2fb15c5e
1788609593400737783	279	1	phase_loop[278]	1788609593390891	8980	99c8385272b9b60e	50fca8cb2fb15c5e
1788609593410650335	280	1	phase_loop[279]	1788609593401026	8843	838b705831d4cda3	50fca8cb2fb15c5e
1788609593420638460	281	1	phase_loop[280]	1788609593410841	9026	12bfa7964be32dcc	50fca8cb2fb15c5e
1788609593431161528	282	1	phase_loop[281]	1788609593420849	9020	d10b122469190c2f	50fca8cb2fb15c5e
1788609593440886084	283	1	phase_loop[282]	1788609593431410	8461	48daba4aef70aafc	50fca8cb2fb15c5e
1788609593450624766	284	1	phase_loop[283]	1788609593441129	8740	91cf5489c4b36e1b	50fca8cb2fb15c5e
1788609593460643289	285	1	phase_loop[284]	1788609593450812	9057	8db089acacf01ea6	50fca8cb2fb15c5e
1788609593470678533	286	1	phase_loop[285]	1788609593460838	9032	55a3a69c397669ec	50fca8cb2fb15c5e
1788609593480542252	287	1	phase_loop[286]	1788609593470939	8928	bc3dfffc9d50a090	50fca8cb2fb15c5e
1788609593490675733	288	1	phase_loop[287]	1788609593480725	9143	bf88302211ba68a8	50fca8cb2fb15c5e
1788609593500727057	289	1	phase_loop[288]	1788609593490907	8962	9a1e53e282c6c75a	50fca8cb2fb15c5e
1788609593510640461	290	1	phase_loop[289]	1788609593500975	8895	8abdad5937fcfda9	50fca8cb2fb15c5e
1788609593520570957	291	1	phase_loop[290]	1788609593510835	9031	46a9c660952aa981	50fca8cb2fb15c5e
1788609593530772806	292	1	phase_loop[291]	1788609593520757	9112	465ad949a61edc73	50fca8cb2fb15c5e
1788609593540699675	293	1	phase_loop[292]	1788609593531036	8834	fd171880a44e0297	50fca8cb2fb15c5e
1788609593550566701	294	1	phase_loop[293]	1788609593540898	8970	acd3e41f6836eb51	50fca8cb2fb15c5e
1788609593560648543	295	1	phase_loop[294]	1788609593550751	9119	2f72ea1c1b0ea98c	50fca8cb2fb15c5e
1788609593570652037	296	1	phase_loop[295]	1788609593560840	9035	6a24025a8690cd0e	50fca8cb2fb15c5e
1788609593580648027	297	1	phase_loop[296]	1788609593570878	9025	7eb001d2acc0b66f	50fca8cb2fb15c5e
1788609593591010311	298	1	phase_loop[297]	1788609593580837	9035	7da09249f697863c	50fca8cb2fb15c5e
1788609593600855194	299	1	phase_loop[298]	1788609593591308	8562	b6ab1db4afe068fb	50fca8cb2fb15c5e
1788609593610664000	300	1	phase_loop[299]	1788609593601141	8730	f060e4874da2ceb3	50fca8cb2fb15c5e
1788609593620511529	301	1	phase_loop[300]	1788609593610871	8996	65d677745a3c3020	50fca8cb2fb15c5e
1788609593630896154	302	1	phase_loop[301]	1788609593620696	9174	fa4f258720d11dc5	50fca8cb2fb15c5e
1788609593640664263	303	1	phase_loop[302]	1788609593631184	8686	0dce11f8516b37ee	50fca8cb2fb15c5e
1788609593650564651	304	1	phase_loop[303]	1788609593640858	9009	3eb48411674c55b9	50fca8cb2fb15c5e
1788609593660652946	305	1	phase_loop[304]	1788609593650751	9119	7c6aeae353cad1b3	50fca8cb2fb15c5e
1788609593670695815	306	1	phase_loop[305]	1788609593660846	9025	55554a9c270d046f	50fca8cb2fb15c5e
1788609593680741389	307	1	phase_loop[306]	1788609593670966	8904	f56172f71c1a40c5	50fca8cb2fb15c5e
1788609593690733411	308	1	phase_loop[307]	1788609593680946	8922	13549ac0b85cedc9	50fca8cb2fb15c5e
1788609593700730513	309	1	phase_loop[308]	1788609593690986	8884	281b680d1db23116	50fca8cb2fb15c5e
1788609593710630160	310	1	phase_loop[309]	1788609593700998	8872	e6c8e8afa3d1a6aa	50fca8cb2fb15c5e
1788609593720642040	311	1	phase_loop[310]	1788609593710826	9044	62e70545eb16fca3	50fca8cb2fb15c5e
1788609593730834001	312	1	phase_loop[311]	1788609593720830	9039	83c90216e88eade7	50fca8cb2fb15c5e
1788609593740645211	313	1	phase_loop[312]	1788609593731082	8789	616569d8c0edd3cc	50fca8cb2fb15c5e
1788609593750598570	314	1	phase_loop[313]	1788609593740857	9010	12ce91a310378351	50fca8cb2fb15c5e
1788609593760704839	315	1	phase_loop[314]	1788609593750790	9079	3d8f14d43c874b65	50fca8cb2fb15c5e
1788609593770678607	316	1	phase_loop[315]	1788609593760905	8963	85223580617cf59a	50fca8cb2fb15c5e
1788609593780551714	317	1	phase_loop[316]	1788609593770937	8930	3e1dc0749afd93d3	50fca8cb2fb15c5e
1788609593790678201	318	1	phase_loop[317]	1788609593780754	9114	c2722c16f61dde5f	50fca8cb2fb15c5e
1788609593800709237	319	1	phase_loop[318]	1788609593790913	8955	5664e9a9ff50837d	50fca8cb2fb15c5e
1788609593810709234	320	1	phase_loop[319]	1788609593800972	8896	55f7d8f96153b226	50fca8cb2fb15c5e
1788609593820546033	321	1	phase_loop[320]	1788609593810970	8899	7687df34dcd74329	50fca8cb2fb15c5e
1788609593830793810	322	1	phase_loop[321]	1788609593820735	9141	5f228d87d5928cd3	50fca8cb2fb15c5e
1788609593840766105	323	1	phase_loop[322]	1788609593831065	8804	19a1beef671225a4	50fca8cb2fb15c5e
1788609593850537088	324	1	phase_loop[323]	1788609593840986	8880	b9f046f5822b7c65	50fca8cb2fb15c5e
1788609593860684124	325	1	phase_loop[324]	1788609593850722	9145	d9f8aadc81095ffd	50fca8cb2fb15c5e
1788609593870677589	326	1	phase_loop[325]	1788609593860912	8958	57bf78349c3067d1	50fca8cb2fb15c5e
1788609593880634996	327	1	phase_loop[326]	1788609593870884	8984	8d1ebb8e50931813	50fca8cb2fb15c5e
1788609593890718011	328	1	phase_loop[327]	1788609593880824	9045	6c92f58df9a9937b	50fca8cb2fb15c5e
1788609593900729390	329	1	phase_loop[328]	1788609593890976	8893	ee2554d773a252d0	50fca8cb2fb15c5e
1788609593910710381	330	1	phase_loop[329]	1788609593901005	8920	c8fafaa6e5219a59	50fca8cb2fb15c5e
1788609593920499339	331	1	phase_loop[330]	1788609593910899	8967	27be4a3f77e277bf	50fca8cb2fb15c5e
1788609593931482979	332	1	phase_loop[331]	1788609593920689	9179	7b3f28ad5a67ba78	50fca8cb2fb15c5e
1788609593940670999	333	1	phase_loop[332]	1788609593931715	8155	04619ced78b3e290	50fca8cb2fb15c5e
1788609593950559986	334	1	phase_loop[333]	1788609593940880	8987	05763a4774f28e6d	50fca8cb2fb15c5e
1788609593960639815	335	1	phase_loop[334]	1788609593950751	9119	3f4abf7b47673389	50fca8cb2fb15c5e
1788609593970703583	336	1	phase_loop[335]	1788609593960832	9037	3a03c2dfe02c0813	50fca8cb2fb15c5e
1788609593980631835	337	1	phase_loop[336]	1788609593970941	8928	d0ee69e3aa8e16de	50fca8cb2fb15c5e
1788609593990642532	338	1	phase_loop[337]	1788609593980818	9048	7ec2bc4571867e5a	50fca8cb2fb15c5e
1788609594001006960	339	1	phase_loop[338]	1788609593990897	8975	b329fdc9f376f9f1	50fca8cb2fb15c5e
1788609594010672975	340	1	phase_loop[339]	1788609594001265	8605	8459e940b714c83e	50fca8cb2fb15c5e
1788609594020662643	341	1	phase_loop[340]	1788609594010866	9003	7d4788835fccb9e6	50fca8cb2fb15c5e
1788609594030788097	342	1	phase_loop[341]	1788609594020852	9016	4dff3727516c5115	50fca8cb2fb15c5e
1788609594040639754	343	1	phase_loop[342]	1788609594031054	8815	0f7c365e0743d9de	50fca8cb2fb15c5e
1788609594050531316	344	1	phase_loop[343]	1788609594040824	9042	d7f348e3e9a097a2	50fca8cb2fb15c5e
1788609594060601716	345	1	phase_loop[344]	1788609594050715	9154	f4c20f1795256d47	50fca8cb2fb15c5e
1788609594070721841	346	1	phase_loop[345]	1788609594060799	9069	85335f5ba0f4dbaf	50fca8cb2fb15c5e
1788609594080734352	347	1	phase_loop[346]	1788609594070992	8877	c386a3c0d87edb3d	50fca8cb2fb15c5e
1788609594090651412	348	1	phase_loop[347]	1788609594080973	8895	7774ef64a07809be	50fca8cb2fb15c5e
1788609594100871937	349	1	phase_loop[348]	1788609594090887	8984	19149f9a2fa10e94	50fca8cb2fb15c5e
1788609594110649383	350	1	phase_loop[349]	1788609594101129	8741	3703d5a5ede7af45	50fca8cb2fb15c5e
1788609594120499407	351	1	phase_loop[350]	1788609594110842	9024	4dc540e20bb3ae09	50fca8cb2fb15c5e
1788609594130677180	352	1	phase_loop[351]	1788609594120678	9190	f509ebe329c90bf1	50fca8cb2fb15c5e
1788609594140703848	353	1	phase_loop[352]	1788609594130923	8947	55577290ce444c65	50fca8cb2fb15c5e
1788609594150494539	354	1	phase_loop[353]	1788609594140896	8970	73924b8b266e2ea9	50fca8cb2fb15c5e
1788609594160741604	355	1	phase_loop[354]	1788609594150677	9192	bedf9c1b45311aab	50fca8cb2fb15c5e
1788609594171004910	356	1	phase_loop[355]	1788609594160988	8882	a2464db05dd821f5	50fca8cb2fb15c5e
1788609594180646719	357	1	phase_loop[356]	1788609594171338	8532	277ddd82d69b95b5	50fca8cb2fb15c5e
1788609594190725476	358	1	phase_loop[357]	1788609594180835	9035	c5a97795914d4bef	50fca8cb2fb15c5e
1788609594200859547	359	1	phase_loop[358]	1788609594190987	8885	978acb036525732d	50fca8cb2fb15c5e
1788609594210673232	360	1	phase_loop[359]	1788609594201107	8763	b910c575ace862d7	50fca8cb2fb15c5e
1788609594220509278	361	1	phase_loop[360]	1788609594210864	9002	83d19625844e75d5	50fca8cb2fb15c5e
1788609594230734863	362	1	phase_loop[361]	1788609594220694	9174	f6040e13f4455b4c	50fca8cb2fb15c5e
1788609594241040970	363	1	phase_loop[362]	1788609594231009	8902	253ed6194a07fb34	50fca8cb2fb15c5e
1788609594251008896	364	1	phase_loop[363]	1788609594241257	8612	799e1ca41d19a87e	50fca8cb2fb15c5e
1788609594260684600	365	1	phase_loop[364]	1788609594251227	8643	278e7bb1abf2dfa6	50fca8cb2fb15c5e
1788609594270682283	366	1	phase_loop[365]	1788609594260899	8973	83e490e8187225d7	50fca8cb2fb15c5e
1788609594280629640	367	1	phase_loop[366]	1788609594270908	8961	cc6f0ad13a7a2e46	50fca8cb2fb15c5e
1788609594290631551	368	1	phase_loop[367]	1788609594280825	9041	bba9b35fc0749d5e	50fca8cb2fb15c5e
1788609594300771143	369	1	phase_loop[368]	1788609594290868	9003	cb7d00b9596d1736	50fca8cb2fb15c5e
1788609594310677222	370	1	phase_loop[369]	1788609594301048	8822	801170b1146271f7	50fca8cb2fb15c5e
1788609594320673402	371	1	phase_loop[370]	1788609594310869	9000	30547b43bc7fbe15	50fca8cb2fb15c5e
1788609594330845135	372	1	phase_loop[371]	1788609594320859	9011	476f71d77fd467e8	50fca8cb2fb15c5e
1788609594340640976	373	1	phase_loop[372]	1788609594331094	8775	93dd1f13fd7897b4	50fca8cb2fb15c5e
1788609594350517138	374	1	phase_loop[373]	1788609594340831	9036	ca8c30810bcf030c	50fca8cb2fb15c5e
1788609594360640539	375	1	phase_loop[374]	1788609594350695	9174	ed0a35128e83e1d8	50fca8cb2fb15c5e
1788609594370762598	376	1	phase_loop[375]	1788609594360831	9040	c7363a0016209c57	50fca8cb2fb15c5e
1788609594380649361	377	1	phase_loop[376]	1788609594371010	8859	c4f216270e93b335	50fca8cb2fb15c5e
1788609594390650911	378	1	phase_loop[377]	1788609594380866	9002	78c2ca7ced6917dd	50fca8cb2fb15c5e
1788609594400873289	379	1	phase_loop[378]	1788609594390892	8978	cb3ac59d44fe7632	50fca8cb2fb15c5e
1788609594410682946	380	1	phase_loop[379]	1788609594401143	8726	c88c70eec2e09e7c	50fca8cb2fb15c5e
1788609594420521077	381	1	phase_loop[380]	1788609594410875	8992	d982b36b092ad730	50fca8cb2fb15c5e
1788609594430847993	382	1	phase_loop[381]	1788609594420701	9167	582214817df28e11	50fca8cb2fb15c5e
1788609594440745166	383	1	phase_loop[382]	1788609594431106	8762	67e4f35ec2915dd7	50fca8cb2fb15c5e
1788609594450638521	384	1	phase_loop[383]	1788609594441034	8836	2d9b0d5cc7cc9186	50fca8cb2fb15c5e
1788609594460624242	385	1	phase_loop[384]	1788609594450830	9037	956e04f84cbee48f	50fca8cb2fb15c5e
1788609594470664265	386	1	phase_loop[385]	1788609594460821	9052	ca6944c1d97fa465	50fca8cb2fb15c5e
1788609594480655906	387	1	phase_loop[386]	1788609594470885	8983	3b686e0d74ba4b6b	50fca8cb2fb15c5e
1788609594490671242	388	1	phase_loop[387]	1788609594480849	9020	448008a6031e47f0	50fca8cb2fb15c5e
1788609594500930571	389	1	phase_loop[388]	1788609594490913	8959	87bb3f347a0b062f	50fca8cb2fb15c5e
1788609594510650698	390	1	phase_loop[389]	1788609594501190	8679	b53dd639d349ef3a	50fca8cb2fb15c5e
1788609594520529296	391	1	phase_loop[390]	1788609594510840	9027	afb1310f55d5cfd4	50fca8cb2fb15c5e
1788609594531432233	392	1	phase_loop[391]	1788609594520712	9158	2fcd67bc169e8384	50fca8cb2fb15c5e
1788609594540646632	393	1	phase_loop[392]	1788609594531684	8186	e82db8189b612b04	50fca8cb2fb15c5e
1788609594550645468	394	1	phase_loop[393]	1788609594540833	9038	95e116c080b3fd7b	50fca8cb2fb15c5e
1788609594560711330	395	1	phase_loop[394]	1788609594550875	8995	058eae5709474eca	50fca8cb2fb15c5e
1788609594570752004	396	1	phase_loop[395]	1788609594560964	8953	6f757a943dac300d	50fca8cb2fb15c5e
1788609594580544498	397	1	phase_loop[396]	1788609594571017	8851	0ec9f8f1342f8ec7	50fca8cb2fb15c5e
1788609594590737140	398	1	phase_loop[397]	1788609594580726	9140	5a1db2a26d3d2f1b	50fca8cb2fb15c5e
1788609594600792593	399	1	phase_loop[398]	1788609594591076	8794	f264925d03af2970	50fca8cb2fb15c5e
1788609594610656873	400	1	phase_loop[399]	1788609594601033	8837	1ad3833629ffaabb	50fca8cb2fb15c5e
1788609594620633727	401	1	phase_loop[400]	1788609594610846	9024	a80f4ea7b68c10d1	50fca8cb2fb15c5e
1788609594630821780	402	1	phase_loop[401]	1788609594620821	9051	6b708582fdfc0c7e	50fca8cb2fb15c5e
1788609594640722790	403	1	phase_loop[402]	1788609594631063	8807	9dcb6e16fe8d528a	50fca8cb2fb15c5e
1788609594650547966	404	1	phase_loop[403]	1788609594640962	8905	a2f0ae983b3a8692	50fca8cb2fb15c5e
1788609594660633405	405	1	phase_loop[404]	1788609594650729	9140	4605cb5d47bb2e0d	50fca8cb2fb15c5e
1788609594670790069	406	1	phase_loop[405]	1788609594660821	9048	132ced03deadd398	50fca8cb2fb15c5e
1788609594680643790	407	1	phase_loop[406]	1788609594671049	8818	a3bdc25442d75517	50fca8cb2fb15c5e
1788609594690650550	408	1	phase_loop[407]	1788609594680829	9037	4777fe3311ce83cd	50fca8cb2fb15c5e
1788609594700892164	409	1	phase_loop[408]	1788609594690893	8979	36fadcac4441d357	50fca8cb2fb15c5e
1788609594710685280	410	1	phase_loop[409]	1788609594701131	8740	034a71cbc857e591	50fca8cb2fb15c5e
1788609594720528180	411	1	phase_loop[410]	1788609594710885	8981	0e80f11fe894ded3	50fca8cb2fb15c5e
1788609594730823436	412	1	phase_loop[411]	1788609594720714	9156	0349bb0fb12e5325	50fca8cb2fb15c5e
1788609594740699008	413	1	phase_loop[412]	1788609594731079	8793	97703269217ec4bd	50fca8cb2fb15c5e
1788609594750622570	414	1	phase_loop[413]	1788609594740903	8966	1cb62052a8f2f83f	50fca8cb2fb15c5e
1788609594760631414	415	1	phase_loop[414]	1788609594750811	9057	f906f6ea90d49df1	50fca8cb2fb15c5e
1788609594770643595	416	1	phase_loop[415]	1788609594760819	9051	6403ddec7babbffd	50fca8cb2fb15c5e
1788609594780627201	417	1	phase_loop[416]	1788609594770854	9014	979d990e7766acc2	50fca8cb2fb15c5e
1788609594790662465	418	1	phase_loop[417]	1788609594780817	9051	b19c23f0c529df06	50fca8cb2fb15c5e
1788609594801156178	419	1	phase_loop[418]	1788609594790917	8951	c1b45cd797abb176	50fca8cb2fb15c5e
1788609594810689311	420	1	phase_loop[419]	1788609594801377	8493	ae1612a68799da8a	50fca8cb2fb15c5e
1788609594820487456	421	1	phase_loop[420]	1788609594810880	8986	c0d88cc1c5dd0c50	50fca8cb2fb15c5e
1788609594830620515	422	1	phase_loop[421]	1788609594820667	9204	29ee65e8f7800581	50fca8cb2fb15c5e
1788609594840663273	423	1	phase_loop[422]	1788609594830829	9041	fc6fd93d32f6d84b	50fca8cb2fb15c5e
1788609594850699109	424	1	phase_loop[423]	1788609594840859	9010	f7a2dffec54d9fb6	50fca8cb2fb15c5e
1788609594860744321	425	1	phase_loop[424]	1788609594850915	8956	27b933757a9aad63	50fca8cb2fb15c5e
1788609594870638058	426	1	phase_loop[425]	1788609594860998	8871	5ddb72be9e71b989	50fca8cb2fb15c5e
1788609594880833515	427	1	phase_loop[426]	1788609594870829	9040	1a653d8b6a44e2e0	50fca8cb2fb15c5e
1788609594891499544	428	1	phase_loop[427]	1788609594881057	8812	74c7df65dc760a86	50fca8cb2fb15c5e
1788609594901125162	429	1	phase_loop[428]	1788609594891725	8188	0cfc0f34e42fcedf	50fca8cb2fb15c5e
1788609594910811465	430	1	phase_loop[429]	1788609594901338	8530	5319fc7f73ce0cac	50fca8cb2fb15c5e
1788609594920675124	431	1	phase_loop[430]	1788609594911042	8827	dd2025a59b9f209a	50fca8cb2fb15c5e
1788609594930891231	432	1	phase_loop[431]	1788609594920880	8988	c1b9e049621d5424	50fca8cb2fb15c5e
1788609594940612090	433	1	phase_loop[432]	1788609594931160	8710	1e5b6acb461d0140	50fca8cb2fb15c5e
1788609594950981657	434	1	phase_loop[433]	1788609594940803	9067	dbf4df64c5c5856a	50fca8cb2fb15c5e
1788609594961168568	435	1	phase_loop[434]	1788609594951215	8656	1fb5020bb3d13286	50fca8cb2fb15c5e
1788609594970849391	436	1	phase_loop[435]	1788609594961396	8476	efb9791e7a9eda00	50fca8cb2fb15c5e
1788609594980655651	437	1	phase_loop[436]	1788609594971084	8785	f45a2ad2c7fa28a0	50fca8cb2fb15c5e
1788609594990661590	438	1	phase_loop[437]	1788609594980846	9021	d109e16d4abe7c62	50fca8cb2fb15c5e
1788609595000965002	439	1	phase_loop[438]	1788609594990900	8970	f8ba185c34b4645e	50fca8cb2fb15c5e
1788609595010642047	440	1	phase_loop[439]	1788609595001248	8621	4ee0788ba1581f1f	50fca8cb2fb15c5e
1788609595020541043	441	1	phase_loop[440]	1788609595010832	9035	852bc3b34694cce6	50fca8cb2fb15c5e
1788609595031413372	442	1	phase_loop[441]	1788609595020724	9147	c9363a412b3b6fa4	50fca8cb2fb15c5e
1788609595040798124	443	1	phase_loop[442]	1788609595031629	8243	96b5f70118be4c51	50fca8cb2fb15c5e
1788609595050611368	444	1	phase_loop[443]	1788609595041062	8806	b53208e2934bbe7a	50fca8cb2fb15c5e
1788609595060681298	445	1	phase_loop[444]	1788609595050799	9069	de02429a48b6741d	50fca8cb2fb15c5e
1788609595070669633	446	1	phase_loop[445]	1788609595060892	8977	de3fcd58feabad90	50fca8cb2fb15c5e
1788609595080552648	447	1	phase_loop[446]	1788609595070912	8957	a2b1f2526bf3094e	50fca8cb2fb15c5e
1788609595090664106	448	1	phase_loop[447]	1788609595080743	9126	e63d76a9efa84bbe	50fca8cb2fb15c5e
1788609595100883078	449	1	phase_loop[448]	1788609595090900	8970	1f8b634b95722036	50fca8cb2fb15c5e
1788609595110629024	450	1	phase_loop[449]	1788609595101133	8737	ff3cbcfb8d29bfef	50fca8cb2fb15c5e
1788609595120578025	451	1	phase_loop[450]	1788609595110826	9040	d1e0d64d6dd9784f	50fca8cb2fb15c5e
1788609595130631774	452	1	phase_loop[451]	1788609595120769	9099	2fbbd0e611bbc7ba	50fca8cb2fb15c5e
1788609595140673640	453	1	phase_loop[452]	1788609595130830	9040	43fe6ae55cc4e71f	50fca8cb2fb15c5e
1788609595150645725	454	1	phase_loop[453]	1788609595140884	8986	36ca719cec220cdc	50fca8cb2fb15c5e
1788609595160628880	455	1	phase_loop[454]	1788609595150829	9040	1063c15d501b99d2	50fca8cb2fb15c5e
1788609595170692317	456	1	phase_loop[455]	1788609595160823	9045	70cdcb080b76cf57	50fca8cb2fb15c5e
1788609595180555776	457	1	phase_loop[456]	1788609595171014	8854	b254e8811f29ed2c	50fca8cb2fb15c5e
1788609595190767434	458	1	phase_loop[457]	1788609595180740	9128	70986b5255eaa2cf	50fca8cb2fb15c5e
1788609595200726764	459	1	phase_loop[458]	1788609595191047	8823	8394f7a11f06f732	50fca8cb2fb15c5e
1788609595210730188	460	1	phase_loop[459]	1788609595201250	8620	c556d734f0080d98	50fca8cb2fb15c5e
1788609595220637018	461	1	phase_loop[460]	1788609595211022	8847	537898e4f3e74675	50fca8cb2fb15c5e
1788609595230884003	462	1	phase_loop[461]	1788609595220828	9090	874b18d8e252b355	50fca8cb2fb15c5e
1788609595240654776	463	1	phase_loop[462]	1788609595231132	8737	ea20e61f6e595a12	50fca8cb2fb15c5e
1788609595250499470	464	1	phase_loop[463]	1788609595240846	9020	e983b78079ff326b	50fca8cb2fb15c5e
1788609595260650964	465	1	phase_loop[464]	1788609595250681	9189	a8abb874d37a481c	50fca8cb2fb15c5e
1788609595270778903	466	1	phase_loop[465]	1788609595260839	9030	ae28b7482c2fd4ec	50fca8cb2fb15c5e
1788609595280741259	467	1	phase_loop[466]	1788609595271035	8835	6134adfef918497e	50fca8cb2fb15c5e
1788609595290638121	468	1	phase_loop[467]	1788609595280959	8907	85815e3eff7bc2f7	50fca8cb2fb15c5e
1788609595300746102	469	1	phase_loop[468]	1788609595290876	8996	41a548ca0fff78ec	50fca8cb2fb15c5e
1788609595310640850	470	1	phase_loop[469]	1788609595301007	8862	fb1e872c817f15f5	50fca8cb2fb15c5e
1788609595320557229	471	1	phase_loop[470]	1788609595310831	9036	b69600c34dc8ab90	50fca8cb2fb15c5e
1788609595331068114	472	1	phase_loop[471]	1788609595320741	9130	833a5667bb6a285a	50fca8cb2fb15c5e
1788609595340649188	473	1	phase_loop[472]	1788609595331319	8550	9921baecc637db6e	50fca8cb2fb15c5e
1788609595350581917	474	1	phase_loop[473]	1788609595340864	9004	35e8315713f686b6	50fca8cb2fb15c5e
1788609595360714566	475	1	phase_loop[474]	1788609595350770	9103	a3e0e13ee18d23f3	50fca8cb2fb15c5e
1788609595370645532	476	1	phase_loop[475]	1788609595360978	8893	abd60bf835202832	50fca8cb2fb15c5e
1788609595380570908	477	1	phase_loop[476]	1788609595370887	8982	2fad0a07e41f652f	50fca8cb2fb15c5e
1788609595390633905	478	1	phase_loop[477]	1788609595380754	9113	8f0c6e4759fe3822	50fca8cb2fb15c5e
1788609595400857124	479	1	phase_loop[478]	1788609595390890	8981	0062e190c531d2fc	50fca8cb2fb15c5e
1788609595410627907	480	1	phase_loop[479]	1788609595401096	8773	bb6452372433eda4	50fca8cb2fb15c5e
1788609595420508448	481	1	phase_loop[480]	1788609595410816	9050	9d8024b1fe7b6d8b	50fca8cb2fb15c5e
1788609595430790991	482	1	phase_loop[481]	1788609595420692	9178	d944be4b288a2375	50fca8cb2fb15c5e
1788609595440684697	483	1	phase_loop[482]	1788609595431059	8811	1e8ddd1b5d6b1ce8	50fca8cb2fb15c5e
1788609595450639578	484	1	phase_loop[483]	1788609595440888	8981	2e9466d405dd1e1f	50fca8cb2fb15c5e
1788609595460637752	485	1	phase_loop[484]	1788609595450834	9035	f27f67fffe7d740a	50fca8cb2fb15c5e
1788609595470688565	486	1	phase_loop[485]	1788609595460832	9037	bf8247e495a3836c	50fca8cb2fb15c5e
1788609595480509473	487	1	phase_loop[486]	1788609595470927	8940	62fa8e32f3608e5b	50fca8cb2fb15c5e
1788609595490652151	488	1	phase_loop[487]	1788609595480698	9172	6d745b71cdc8fce5	50fca8cb2fb15c5e
1788609595500882214	489	1	phase_loop[488]	1788609595490881	8988	6eae39ded46fc704	50fca8cb2fb15c5e
1788609595510633059	490	1	phase_loop[489]	1788609595501165	8704	9ea8687324cb02b6	50fca8cb2fb15c5e
1788609595520674144	491	1	phase_loop[490]	1788609595510860	9007	37efabd4ea43aaed	50fca8cb2fb15c5e
1788609595530790732	492	1	phase_loop[491]	1788609595520882	8987	80d93f0a2a1be1ac	50fca8cb2fb15c5e
1788609595540665522	493	1	phase_loop[492]	1788609595531072	8799	1881e9de92b78019	50fca8cb2fb15c5e
1788609595550633498	494	1	phase_loop[493]	1788609595540859	9007	8c2cfe177fc4a409	50fca8cb2fb15c5e
1788609595560681867	495	1	phase_loop[494]	1788609595550836	9073	0b225d9f5da7b339	50fca8cb2fb15c5e
1788609595570679470	496	1	phase_loop[495]	1788609595560885	8985	a2c7076dda049b73	50fca8cb2fb15c5e
1788609595580646575	497	1	phase_loop[496]	1788609595570926	8942	fcce0f48bd13d668	50fca8cb2fb15c5e
1788609595590656040	498	1	phase_loop[497]	1788609595580840	9026	b9b5c9e7c3811068	50fca8cb2fb15c5e
1788609595601075111	499	1	phase_loop[498]	1788609595590908	8962	b850afd28ab196e0	50fca8cb2fb15c5e
1788609595610647328	500	1	phase_loop[499]	1788609595601322	8547	5d238d2c40d8b155	50fca8cb2fb15c5e
1788609595620532437	501	1	phase_loop[500]	1788609595610839	9029	0fad34ef741d82c0	50fca8cb2fb15c5e
1788609595630818707	502	1	phase_loop[501]	1788609595620718	9151	e4ecca2ea04ec64a	50fca8cb2fb15c5e
1788609595640639174	503	1	phase_loop[502]	1788609595631071	8799	2dc4b26e920bdc44	50fca8cb2fb15c5e
1788609595650542688	504	1	phase_loop[503]	1788609595640834	9033	0abd7788c5516eaa	50fca8cb2fb15c5e
1788609595660750880	505	1	phase_loop[504]	1788609595650727	9142	8cb3361604d4ea4c	50fca8cb2fb15c5e
1788609595670693408	506	1	phase_loop[505]	1788609595660999	8871	aaffa91a37f846c7	50fca8cb2fb15c5e
1788609595680566906	507	1	phase_loop[506]	1788609595670931	8937	76697c6043e05078	50fca8cb2fb15c5e
1788609595690648968	508	1	phase_loop[507]	1788609595680765	9101	1bc2b7e5197d9884	50fca8cb2fb15c5e
1788609595701561063	509	1	phase_loop[508]	1788609595690882	8990	492d33e3a810d62c	50fca8cb2fb15c5e
1788609595710691894	510	1	phase_loop[509]	1788609595701820	8051	f0e8cf6693d30ef5	50fca8cb2fb15c5e
1788609595720483617	511	1	phase_loop[510]	1788609595710882	8984	7f5a81135200aa5d	50fca8cb2fb15c5e
1788609595730864685	512	1	phase_loop[511]	1788609595720660	9211	7c6a052f65b72ba2	50fca8cb2fb15c5e
1788609595740661939	513	1	phase_loop[512]	1788609595731116	8754	dc42c02013d3875b	50fca8cb2fb15c5e
1788609595750655073	514	1	phase_loop[513]	1788609595740853	9015	fd1b8e90cc6ed4ef	50fca8cb2fb15c5e
1788609595760740652	515	1	phase_loop[514]	1788609595750845	9024	bdcc5e9032399cea	50fca8cb2fb15c5e
1788609595770720541	516	1	phase_loop[515]	1788609595760966	8903	db5c82138fec3fa0	50fca8cb2fb15c5e
1788609595780540537	517	1	phase_loop[516]	1788609595770983	8885	0bf7e1d44ee4db1e	50fca8cb2fb15c5e
1788609595790669068	518	1	phase_loop[517]	1788609595780722	9148	22ff221c9767e3bc	50fca8cb2fb15c5e
1788609595800840269	519	1	phase_loop[518]	1788609595790905	8967	a9fbe6549812a180	50fca8cb2fb15c5e
1788609595810678390	520	1	phase_loop[519]	1788609595801083	8788	221a9b0238616ff7	50fca8cb2fb15c5e
1788609595820502424	521	1	phase_loop[520]	1788609595810893	8974	51e49a9725e96449	50fca8cb2fb15c5e
1788609595830638689	522	1	phase_loop[521]	1788609595820682	9187	69ba0a09cd83f6c5	50fca8cb2fb15c5e
1788609595840796595	523	1	phase_loop[522]	1788609595830826	9043	edb2e4fd4c39c5ed	50fca8cb2fb15c5e
1788609595850687165	524	1	phase_loop[523]	1788609595841072	8796	8a82945327ef3f5d	50fca8cb2fb15c5e
1788609595860626698	525	1	phase_loop[524]	1788609595850912	8958	7edfa2c0f3dbfb05	50fca8cb2fb15c5e
1788609595870749287	526	1	phase_loop[525]	1788609595860844	9026	56fd8f91a1a01afd	50fca8cb2fb15c5e
1788609595880657030	527	1	phase_loop[526]	1788609595871023	8846	2e056303f2553ef5	50fca8cb2fb15c5e
1788609595890694829	528	1	phase_loop[527]	1788609595880847	9057	d3321bc261676ca9	50fca8cb2fb15c5e
1788609595900881850	529	1	phase_loop[528]	1788609595890931	8940	9f9f1ede05e133ad	50fca8cb2fb15c5e
1788609595910639809	530	1	phase_loop[529]	1788609595901147	8724	0dd9f7e1ef07eeb4	50fca8cb2fb15c5e
1788609595920504620	531	1	phase_loop[530]	1788609595910832	9033	aacea184240bab86	50fca8cb2fb15c5e
1788609595930880218	532	1	phase_loop[531]	1788609595920696	9173	5e016386b931aec9	50fca8cb2fb15c5e
1788609595940667954	533	1	phase_loop[532]	1788609595931126	8744	606449fd47494594	50fca8cb2fb15c5e
1788609595950514340	534	1	phase_loop[533]	1788609595940855	9012	231b1f8895505abf	50fca8cb2fb15c5e
1788609595960650485	535	1	phase_loop[534]	1788609595950692	9178	0a1f3feadfc50987	50fca8cb2fb15c5e
1788609595970761262	536	1	phase_loop[535]	1788609595960842	9028	0ff71e29c888eb70	50fca8cb2fb15c5e
1788609595980621745	537	1	phase_loop[536]	1788609595971030	8839	bbe9a9aff3b6ec19	50fca8cb2fb15c5e
1788609595990661116	538	1	phase_loop[537]	1788609595980809	9067	f39707874c9be90c	50fca8cb2fb15c5e
1788609596002343510	539	1	phase_loop[538]	1788609595990899	8972	8b184b61a981545b	50fca8cb2fb15c5e
1788609596010650360	540	1	phase_loop[539]	1788609596002585	7286	63cce29f0e357ef0	50fca8cb2fb15c5e
1788609596020546561	541	1	phase_loop[540]	1788609596010844	9022	9bd6758d7ac576dd	50fca8cb2fb15c5e
1788609596030859691	542	1	phase_loop[541]	1788609596020757	9113	bc941a2caf38c865	50fca8cb2fb15c5e
1788609596040662484	543	1	phase_loop[542]	1788609596031100	8769	a9e44b15dcb68947	50fca8cb2fb15c5e
1788609596050657903	544	1	phase_loop[543]	1788609596040851	9018	c7cda2d8506c1779	50fca8cb2fb15c5e
1788609596060620639	545	1	phase_loop[544]	1788609596050840	9028	3b0c053854f493c3	50fca8cb2fb15c5e
1788609596070717970	546	1	phase_loop[545]	1788609596060811	9059	adcf62d45da56823	50fca8cb2fb15c5e
1788609596080540371	547	1	phase_loop[546]	1788609596070979	8888	5e919b35c9b8f87d	50fca8cb2fb15c5e
1788609596090666176	548	1	phase_loop[547]	1788609596080719	9150	f3cf06ab166076a9	50fca8cb2fb15c5e
1788609596100931626	549	1	phase_loop[548]	1788609596090904	8967	d4951cc862dd1299	50fca8cb2fb15c5e
1788609596110647716	550	1	phase_loop[549]	1788609596101199	8671	9478dd40a73a7324	50fca8cb2fb15c5e
1788609596120626703	551	1	phase_loop[550]	1788609596110832	9035	7059a9d1c41944d1	50fca8cb2fb15c5e
1788609596130761235	552	1	phase_loop[551]	1788609596120818	9051	9feb9482658e3039	50fca8cb2fb15c5e
1788609596140657986	553	1	phase_loop[552]	1788609596131034	8836	45b6c27a49a82586	50fca8cb2fb15c5e
1788609596150636212	554	1	phase_loop[553]	1788609596140847	9021	2467b3efae87b6fe	50fca8cb2fb15c5e
1788609596160701933	555	1	phase_loop[554]	1788609596150878	8990	a9e5cd04de9c3e55	50fca8cb2fb15c5e
1788609596171586516	556	1	phase_loop[555]	1788609596160945	8923	56778f48a1e71f5d	50fca8cb2fb15c5e
1788609596180628498	557	1	phase_loop[556]	1788609596171836	8032	5e1521dc14b2de96	50fca8cb2fb15c5e
1788609596190672699	558	1	phase_loop[557]	1788609596180818	9048	ab6eb9bfdd125b97	50fca8cb2fb15c5e
1788609596200900147	559	1	phase_loop[558]	1788609596190913	8959	48e33b78302e06f3	50fca8cb2fb15c5e
1788609596210664287	560	1	phase_loop[559]	1788609596201143	8728	fa554a6ee333cb0a	50fca8cb2fb15c5e
1788609596220693780	561	1	phase_loop[560]	1788609596210857	9057	8f0f39f2cb4d31f0	50fca8cb2fb15c5e
1788609596230820868	562	1	phase_loop[561]	1788609596220875	8995	2a2f402616f890d3	50fca8cb2fb15c5e
1788609596240773656	563	1	phase_loop[562]	1788609596231073	8797	5eff2602ba0669c9	50fca8cb2fb15c5e
1788609596250506106	564	1	phase_loop[563]	1788609596241018	8849	bc918f820a59f7fc	50fca8cb2fb15c5e
1788609596260627904	565	1	phase_loop[564]	1788609596250689	9181	b67c5d34a8388fd0	50fca8cb2fb15c5e
1788609596270700318	566	1	phase_loop[565]	1788609596260824	9046	25108b49a7a75850	50fca8cb2fb15c5e
1788609596280544470	567	1	phase_loop[566]	1788609596270977	8890	d5eda1a896faefcb	50fca8cb2fb15c5e
1788609596290649926	568	1	phase_loop[567]	1788609596280728	9140	d7cf26db9f4f3250	50fca8cb2fb15c5e
1788609596302089479	569	1	phase_loop[568]	1788609596290885	8987	4a1ae119bfbc08d9	50fca8cb2fb15c5e
1788609596310682121	570	1	phase_loop[569]	1788609596302406	7469	c6676d138ec00859	50fca8cb2fb15c5e
1788609596320667340	571	1	phase_loop[570]	1788609596310877	8993	b92c80916af584d2	50fca8cb2fb15c5e
1788609596330788928	572	1	phase_loop[571]	1788609596320885	8991	9affe05d32fa81c0	50fca8cb2fb15c5e
1788609596340671061	573	1	phase_loop[572]	1788609596331045	8826	3b600eb03cc1c7b7	50fca8cb2fb15c5e
1788609596350582451	574	1	phase_loop[573]	1788609596340864	9003	be99d64b60ab366e	50fca8cb2fb15c5e
1788609596360637081	575	1	phase_loop[574]	1788609596350766	9103	6fcac1ee32f6b65c	50fca8cb2fb15c5e
1788609596370634233	576	1	phase_loop[575]	1788609596360830	9041	ec475b59ae0ca6de	50fca8cb2fb15c5e
1788609596380639951	577	1	phase_loop[576]	1788609596370840	9028	c03d69774956779d	50fca8cb2fb15c5e
1788609596390662230	578	1	phase_loop[577]	1788609596380833	9037	9c34ad1de87cc695	50fca8cb2fb15c5e
1788609596401031035	579	1	phase_loop[578]	1788609596390899	8973	536caf94313013e8	50fca8cb2fb15c5e
1788609596410648849	580	1	phase_loop[579]	1788609596401271	8599	a72d67b0b34c1bee	50fca8cb2fb15c5e
1788609596420511586	581	1	phase_loop[580]	1788609596410835	9032	4c830fd9719c4e3d	50fca8cb2fb15c5e
1788609596430777406	582	1	phase_loop[581]	1788609596420692	9176	7a6c964b2d09fb2a	50fca8cb2fb15c5e
1788609596440689857	583	1	phase_loop[582]	1788609596431037	8833	572fc7084e66bdc6	50fca8cb2fb15c5e
1788609596450650620	584	1	phase_loop[583]	1788609596440907	8963	9af00c23236b9894	50fca8cb2fb15c5e
1788609596460635438	585	1	phase_loop[584]	1788609596450844	9024	887410497475d6b6	50fca8cb2fb15c5e
1788609596470645384	586	1	phase_loop[585]	1788609596460830	9039	856857b7fdb7cfb4	50fca8cb2fb15c5e
1788609596480623239	587	1	phase_loop[586]	1788609596470881	8987	2967eb9092c23445	50fca8cb2fb15c5e
1788609596490642924	588	1	phase_loop[587]	1788609596480825	9041	6060f500cc00819b	50fca8cb2fb15c5e
1788609596500904175	589	1	phase_loop[588]	1788609596490890	8981	53baa8b4abd0059f	50fca8cb2fb15c5e
1788609596510726947	590	1	phase_loop[589]	1788609596501163	8710	7d03ab16cce78459	50fca8cb2fb15c5e
1788609596520641402	591	1	phase_loop[590]	1788609596510968	8901	9a0375e13ce79a20	50fca8cb2fb15c5e
1788609596530835186	592	1	phase_loop[591]	1788609596520829	9042	da02bb51a2a9c2cc	50fca8cb2fb15c5e
1788609596540662155	593	1	phase_loop[592]	1788609596531081	8790	10ff1e16549eb609	50fca8cb2fb15c5e
1788609596550599924	594	1	phase_loop[593]	1788609596540855	9048	ca763eb02ad21a8c	50fca8cb2fb15c5e
1788609596560771256	595	1	phase_loop[594]	1788609596550783	9086	07f8718f77566b68	50fca8cb2fb15c5e
1788609596570702463	596	1	phase_loop[595]	1788609596561009	8861	d688510757bcc8f6	50fca8cb2fb15c5e
1788609596580542597	597	1	phase_loop[596]	1788609596570935	8933	fc402d5dfed12452	50fca8cb2fb15c5e
1788609596590637644	598	1	phase_loop[597]	1788609596580727	9141	1182839b9771df87	50fca8cb2fb15c5e
1788609596601024654	599	1	phase_loop[598]	1788609596590880	8995	b77228eff76d8b36	50fca8cb2fb15c5e
1788609596610658888	600	1	phase_loop[599]	1788609596601284	8587	08256d3f3698b5fa	50fca8cb2fb15c5e
1788609596620640521	601	1	phase_loop[600]	1788609596610851	9018	6b8a6fa26c7521b8	50fca8cb2fb15c5e
1788609596630785242	602	1	phase_loop[601]	1788609596620851	9018	f12cd2460fa2cbd2	50fca8cb2fb15c5e
1788609596640648580	603	1	phase_loop[602]	1788609596631086	8785	aa3a0709b739f912	50fca8cb2fb15c5e
1788609596650519252	604	1	phase_loop[603]	1788609596640875	8990	342820079c498848	50fca8cb2fb15c5e
1788609596660618287	605	1	phase_loop[604]	1788609596650706	9163	687e022e6c7d0aed	50fca8cb2fb15c5e
1788609596670632992	606	1	phase_loop[605]	1788609596660816	9054	10c683f55db8850e	50fca8cb2fb15c5e
1788609596680627939	607	1	phase_loop[606]	1788609596670841	9027	2b00f99c7c4a946f	50fca8cb2fb15c5e
1788609596690657923	608	1	phase_loop[607]	1788609596680818	9050	f623bede17e20a94	50fca8cb2fb15c5e
1788609596700879369	609	1	phase_loop[608]	1788609596690895	8976	91d602f018b324de	50fca8cb2fb15c5e
1788609596710647066	610	1	phase_loop[609]	1788609596701152	8716	c4f70fd6dbdf2c7e	50fca8cb2fb15c5e
1788609596720480147	611	1	phase_loop[610]	1788609596710832	9033	b8409ca7b0389013	50fca8cb2fb15c5e
1788609596730841609	612	1	phase_loop[611]	1788609596720664	9205	de178745a7c6987f	50fca8cb2fb15c5e
1788609596740646747	613	1	phase_loop[612]	1788609596731093	8777	d51283c0c134d412	50fca8cb2fb15c5e
1788609596750662383	614	1	phase_loop[613]	1788609596740839	9031	b0e50b1995229906	50fca8cb2fb15c5e
1788609596760637914	615	1	phase_loop[614]	1788609596750847	9022	b487a4bb26eea494	50fca8cb2fb15c5e
1788609596770774129	616	1	phase_loop[615]	1788609596760826	9045	792483089e198f44	50fca8cb2fb15c5e
1788609596780547978	617	1	phase_loop[616]	1788609596771077	8791	36efb65147412ca3	50fca8cb2fb15c5e
1788609596790619911	618	1	phase_loop[617]	1788609596780730	9135	19f5d56246a59d4f	50fca8cb2fb15c5e
1788609596800835937	619	1	phase_loop[618]	1788609596790871	9000	9ff1552702650c09	50fca8cb2fb15c5e
1788609596810680199	620	1	phase_loop[619]	1788609596801086	8784	e5dfe8312f2a3d24	50fca8cb2fb15c5e
1788609596820632817	621	1	phase_loop[620]	1788609596810908	8961	c3864d0e3bdd449a	50fca8cb2fb15c5e
1788609596830883488	622	1	phase_loop[621]	1788609596820819	9051	217d16c4f1acf08e	50fca8cb2fb15c5e
1788609596840661766	623	1	phase_loop[622]	1788609596831138	8733	e204d320fdf34692	50fca8cb2fb15c5e
1788609596850502972	624	1	phase_loop[623]	1788609596840854	9012	99f13617b9f0775e	50fca8cb2fb15c5e
1788609596860834076	625	1	phase_loop[624]	1788609596850682	9188	3d0528e9b277c0cc	50fca8cb2fb15c5e
1788609596870738392	626	1	phase_loop[625]	1788609596861084	8787	27083489f7c8bc87	50fca8cb2fb15c5e
1788609596880692332	627	1	phase_loop[626]	1788609596870993	8921	7532e112283091f1	50fca8cb2fb15c5e
1788609596890607147	628	1	phase_loop[627]	1788609596880885	8982	1d230f362cb71125	50fca8cb2fb15c5e
1788609596900766947	629	1	phase_loop[628]	1788609596890841	9028	86915b2381197a1f	50fca8cb2fb15c5e
1788609596910658809	630	1	phase_loop[629]	1788609596901032	8837	aa3cb11a06b06164	50fca8cb2fb15c5e
1788609596920680056	631	1	phase_loop[630]	1788609596910854	9014	a1591e65e0995981	50fca8cb2fb15c5e
1788609596930798528	632	1	phase_loop[631]	1788609596920871	8999	bcbea25a8652fd21	50fca8cb2fb15c5e
1788609596940639524	633	1	phase_loop[632]	1788609596931054	8815	bf020f1796807490	50fca8cb2fb15c5e
1788609596950646905	634	1	phase_loop[633]	1788609596940835	9035	3dae803af369442b	50fca8cb2fb15c5e
1788609596961360353	635	1	phase_loop[634]	1788609596950841	9034	faca2177a54cdb41	50fca8cb2fb15c5e
1788609596970968177	636	1	phase_loop[635]	1788609596961881	7991	e21f225d2a12b220	50fca8cb2fb15c5e
1788609596980692833	637	1	phase_loop[636]	1788609596971212	8658	77e9ef57aae88e49	50fca8cb2fb15c5e
1788609596990835600	638	1	phase_loop[637]	1788609596980915	8955	04beea15c362ceff	50fca8cb2fb15c5e
1788609597000862829	639	1	phase_loop[638]	1788609596991096	8776	d4f561e1cca23361	50fca8cb2fb15c5e
1788609597010637489	640	1	phase_loop[639]	1788609597001151	8719	abd8e277b614f23e	50fca8cb2fb15c5e
1788609597020621325	641	1	phase_loop[640]	1788609597010838	9032	08ee1ccc01d42d05	50fca8cb2fb15c5e
1788609597030640198	642	1	phase_loop[641]	1788609597020816	9054	e703e0c3d9f57772	50fca8cb2fb15c5e
1788609597040730536	643	1	phase_loop[642]	1788609597030847	9023	c803847940b35370	50fca8cb2fb15c5e
1788609597050678534	644	1	phase_loop[643]	1788609597040963	8905	9130e5fda86cc1f0	50fca8cb2fb15c5e
1788609597060690123	645	1	phase_loop[644]	1788609597050908	8960	26e5629cefa4b29d	50fca8cb2fb15c5e
1788609597070746637	646	1	phase_loop[645]	1788609597060925	8945	e929a5013548961c	50fca8cb2fb15c5e
1788609597080620746	647	1	phase_loop[646]	1788609597071024	8845	8fae00d35f1d3106	50fca8cb2fb15c5e
1788609597090681668	648	1	phase_loop[647]	1788609597080809	9068	0f310f9731011cc3	50fca8cb2fb15c5e
1788609597100778488	649	1	phase_loop[648]	1788609597090976	8893	ca682bc6704b118d	50fca8cb2fb15c5e
1788609597110765591	650	1	phase_loop[649]	1788609597101081	8787	40fc1d08fa0f4f31	50fca8cb2fb15c5e
1788609597120575137	651	1	phase_loop[650]	1788609597111059	8809	d24242469cb15cec	50fca8cb2fb15c5e
1788609597133615281	652	1	phase_loop[651]	1788609597120777	9093	255bc2f34ba611b4	50fca8cb2fb15c5e
1788609597140616960	653	1	phase_loop[652]	1788609597133857	6012	05ed7c1ef71ed0a0	50fca8cb2fb15c5e
1788609597150648356	654	1	phase_loop[653]	1788609597140819	9049	dc2fd22ae812a512	50fca8cb2fb15c5e
1788609597160668742	655	1	phase_loop[654]	1788609597150837	9031	bdbbc29811472cde	50fca8cb2fb15c5e
1788609597170650223	656	1	phase_loop[655]	1788609597160871	8998	bc32fa73868d595f	50fca8cb2fb15c5e
1788609597180619111	657	1	phase_loop[656]	1788609597170852	9019	5b1162dc8e0c6229	50fca8cb2fb15c5e
1788609597190728966	658	1	phase_loop[657]	1788609597180817	9056	cbcd7e892b849218	50fca8cb2fb15c5e
1788609597201401417	659	1	phase_loop[658]	1788609597191018	8851	5bc6e929e76886d7	50fca8cb2fb15c5e
1788609597210828739	660	1	phase_loop[659]	1788609597201613	8302	618e34c2ada8b8e8	50fca8cb2fb15c5e
1788609597220633045	661	1	phase_loop[660]	1788609597211035	8835	b773b0117edf9c83	50fca8cb2fb15c5e
1788609597230619046	662	1	phase_loop[661]	1788609597220822	9047	8c7d3e3a7368c52b	50fca8cb2fb15c5e
1788609597240755782	663	1	phase_loop[662]	1788609597230834	9036	6425d6659b1e9167	50fca8cb2fb15c5e
1788609597250621725	664	1	phase_loop[663]	1788609597241004	8865	b5f585752d582cf2	50fca8cb2fb15c5e
1788609597260771986	665	1	phase_loop[664]	1788609597250810	9058	4666a2952d8fd018	50fca8cb2fb15c5e
1788609597270677755	666	1	phase_loop[665]	1788609597261067	8803	c67261876f3189bf	50fca8cb2fb15c5e
1788609597280768834	667	1	phase_loop[666]	1788609597270911	8957	63b3da5abd7bfb8d	50fca8cb2fb15c5e
1788609597290657911	668	1	phase_loop[667]	1788609597281021	8847	2d016c7c1bd6b716	50fca8cb2fb15c5e
1788609597300740113	669	1	phase_loop[668]	1788609597290883	8988	16155a76402e9f9b	50fca8cb2fb15c5e
1788609597310661501	670	1	phase_loop[669]	1788609597301046	8823	cca231d0cf752dbf	50fca8cb2fb15c5e
1788609597320537754	671	1	phase_loop[670]	1788609597310852	9016	02a2f01c305b5503	50fca8cb2fb15c5e
1788609597330781763	672	1	phase_loop[671]	1788609597320720	9149	58a8e6ccda894f5c	50fca8cb2fb15c5e
1788609597340674667	673	1	phase_loop[672]	1788609597331070	8801	d71eb2a4aad90c11	50fca8cb2fb15c5e
1788609597350665466	674	1	phase_loop[673]	1788609597340863	9006	6f68d1bc093963a9	50fca8cb2fb15c5e
1788609597360629495	675	1	phase_loop[674]	1788609597350854	9015	c81b0d0af19e4b74	50fca8cb2fb15c5e
1788609597370640122	676	1	phase_loop[675]	1788609597360821	9048	6b3d23749cf18a5d	50fca8cb2fb15c5e
1788609597380632936	677	1	phase_loop[676]	1788609597370843	9026	fb819487055ac471	50fca8cb2fb15c5e
1788609597390660134	678	1	phase_loop[677]	1788609597380823	9044	de460aead32197e2	50fca8cb2fb15c5e
1788609597400899234	679	1	phase_loop[678]	1788609597390894	8976	5c05eb783fca0e73	50fca8cb2fb15c5e
1788609597410664205	680	1	phase_loop[679]	1788609597401182	8689	5b0e70344c9ba0ba	50fca8cb2fb15c5e
1788609597420484722	681	1	phase_loop[680]	1788609597410858	9009	bcb004d81600ce27	50fca8cb2fb15c5e
1788609597433139226	682	1	phase_loop[681]	1788609597420667	9202	a11df6a602dd2e07	50fca8cb2fb15c5e
1788609597440631965	683	1	phase_loop[682]	1788609597433393	6477	25bdc921e7c8b4e2	50fca8cb2fb15c5e
1788609597450639646	684	1	phase_loop[683]	1788609597440844	9025	bca11d7cd21bba60	50fca8cb2fb15c5e
1788609597460631498	685	1	phase_loop[684]	1788609597450831	9038	e18867afc3617009	50fca8cb2fb15c5e
1788609597470767743	686	1	phase_loop[685]	1788609597460824	9046	f0e9c3f717e377b2	50fca8cb2fb15c5e
1788609597480664244	687	1	phase_loop[686]	1788609597471046	8823	5183a5e148c1df8a	50fca8cb2fb15c5e
1788609597490656416	688	1	phase_loop[687]	1788609597480851	9018	c1cd6ac406e56b5c	50fca8cb2fb15c5e
1788609597500875728	689	1	phase_loop[688]	1788609597490887	8982	47f3b097212e3b6c	50fca8cb2fb15c5e
1788609597510667200	690	1	phase_loop[689]	1788609597501159	8711	bbdc725ad221ed83	50fca8cb2fb15c5e
1788609597520652088	691	1	phase_loop[690]	1788609597510860	9010	64c82aa0b19e0427	50fca8cb2fb15c5e
1788609597530841524	692	1	phase_loop[691]	1788609597520935	8934	875cbfe429b1e48b	50fca8cb2fb15c5e
1788609597540706375	693	1	phase_loop[692]	1788609597531091	8823	ae458eeae80fd0bb	50fca8cb2fb15c5e
1788609597550541840	694	1	phase_loop[693]	1788609597540902	8965	76e3c4133d0bd9a2	50fca8cb2fb15c5e
1788609597560632809	695	1	phase_loop[694]	1788609597550725	9144	a200d69e753ca1ba	50fca8cb2fb15c5e
1788609597570659777	696	1	phase_loop[695]	1788609597560833	9035	ded22babbf314279	50fca8cb2fb15c5e
1788609597580637782	697	1	phase_loop[696]	1788609597570915	8954	b4a7c5174c55507f	50fca8cb2fb15c5e
1788609597590646877	698	1	phase_loop[697]	1788609597580853	9015	8eb668555b60f325	50fca8cb2fb15c5e
1788609597600976317	699	1	phase_loop[698]	1788609597590895	8975	829ebbcca4b76ec4	50fca8cb2fb15c5e
1788609597610660967	700	1	phase_loop[699]	1788609597601211	8659	841d55135475ae07	50fca8cb2fb15c5e
1788609597620535777	701	1	phase_loop[700]	1788609597610854	9013	259911d87a5fb890	50fca8cb2fb15c5e
1788609597630765459	702	1	phase_loop[701]	1788609597620737	9133	a4081359980550dc	50fca8cb2fb15c5e
1788609597640671888	703	1	phase_loop[702]	1788609597631042	8828	f853dd4b7ab60b95	50fca8cb2fb15c5e
1788609597650680181	704	1	phase_loop[703]	1788609597640861	9009	994fcb7b2e94777c	50fca8cb2fb15c5e
1788609597660637207	705	1	phase_loop[704]	1788609597650863	9007	732ceb78990047a4	50fca8cb2fb15c5e
1788609597670774694	706	1	phase_loop[705]	1788609597660830	9039	f5365af7eadc23bf	50fca8cb2fb15c5e
1788609597680679470	707	1	phase_loop[706]	1788609597671065	8804	ed6f87b670b2f84d	50fca8cb2fb15c5e
1788609597690650833	708	1	phase_loop[707]	1788609597680877	8990	6b961c01d4968881	50fca8cb2fb15c5e
1788609597700947963	709	1	phase_loop[708]	1788609597690887	8983	e5a0ebf4176843fc	50fca8cb2fb15c5e
1788609597710643433	710	1	phase_loop[709]	1788609597701182	8687	247aadb85569c108	50fca8cb2fb15c5e
1788609597720515307	711	1	phase_loop[710]	1788609597710830	9037	b91084ccec7f8220	50fca8cb2fb15c5e
1788609597731169132	712	1	phase_loop[711]	1788609597720693	9181	b2f86975c36ee5ac	50fca8cb2fb15c5e
1788609597740651509	713	1	phase_loop[712]	1788609597731408	8462	9826f74047e14884	50fca8cb2fb15c5e
1788609597750554462	714	1	phase_loop[713]	1788609597740841	9024	ff76032d3324bd75	50fca8cb2fb15c5e
1788609597760746893	715	1	phase_loop[714]	1788609597750751	9118	819a7707e0a7d35c	50fca8cb2fb15c5e
1788609597770697887	716	1	phase_loop[715]	1788609597760986	8884	2af105fd43d4c009	50fca8cb2fb15c5e
1788609597780657127	717	1	phase_loop[716]	1788609597771039	8829	48aaec89c7c0e7bc	50fca8cb2fb15c5e
1788609597790681751	718	1	phase_loop[717]	1788609597780845	9021	a7be64e5b1572891	50fca8cb2fb15c5e
1788609597800907485	719	1	phase_loop[718]	1788609597790923	8946	3ffbe402c56d8550	50fca8cb2fb15c5e
1788609597810651527	720	1	phase_loop[719]	1788609597801155	8714	ec65120a19ad75a6	50fca8cb2fb15c5e
1788609597820649971	721	1	phase_loop[720]	1788609597810843	9027	c52e89b0ea737928	50fca8cb2fb15c5e
1788609597830792227	722	1	phase_loop[721]	1788609597820840	9031	fed07d8095968a16	50fca8cb2fb15c5e
1788609597840693066	723	1	phase_loop[722]	1788609597831083	8787	5d96f9749437c9ed	50fca8cb2fb15c5e
1788609597850522791	724	1	phase_loop[723]	1788609597840891	8975	075f0e849093fea1	50fca8cb2fb15c5e
1788609597860632085	725	1	phase_loop[724]	1788609597850710	9158	8401382dc07cffe9	50fca8cb2fb15c5e
1788609597870857569	726	1	phase_loop[725]	1788609597860849	9070	32fc764121f4bef3	50fca8cb2fb15c5e
1788609597880652317	727	1	phase_loop[726]	1788609597871110	8759	875bdfe6a23727aa	50fca8cb2fb15c5e
1788609597890659608	728	1	phase_loop[727]	1788609597880840	9027	75442e40a3368509	50fca8cb2fb15c5e
1788609597900881675	729	1	phase_loop[728]	1788609597890906	8965	386f15b277da0833	50fca8cb2fb15c5e
1788609597910651797	730	1	phase_loop[729]	1788609597901120	8750	4210b3c0a8c2e3b9	50fca8cb2fb15c5e
1788609597920700225	731	1	phase_loop[730]	1788609597910842	9026	5110c5744bffb1ba	50fca8cb2fb15c5e
1788609597930841409	732	1	phase_loop[731]	1788609597920914	8955	427e084ef21d6e36	50fca8cb2fb15c5e
1788609597940733632	733	1	phase_loop[732]	1788609597931082	8789	41809195959af558	50fca8cb2fb15c5e
1788609597950643829	734	1	phase_loop[733]	1788609597940954	8915	19d6c89d9b4d6c17	50fca8cb2fb15c5e
1788609597960656360	735	1	phase_loop[734]	1788609597950829	9041	44d4b54435d8a173	50fca8cb2fb15c5e
1788609597970649664	736	1	phase_loop[735]	1788609597960855	9015	a49873ffff91eaad	50fca8cb2fb15c5e
1788609597980622349	737	1	phase_loop[736]	1788609597970875	8993	3fb6ba81c437a953	50fca8cb2fb15c5e
1788609597990620232	738	1	phase_loop[737]	1788609597980807	9060	80f5aa4ddc6ebea5	50fca8cb2fb15c5e
1788609598000750536	739	1	phase_loop[738]	1788609597990889	8981	38af1db2477f5233	50fca8cb2fb15c5e
1788609598010690539	740	1	phase_loop[739]	1788609598001041	8828	10e239eedb186b17	50fca8cb2fb15c5e
1788609598020532837	741	1	phase_loop[740]	1788609598010880	8986	c9a2f3f89a366d7f	50fca8cb2fb15c5e
1788609598030656929	742	1	phase_loop[741]	1788609598020714	9156	b2543be78d73e9f9	50fca8cb2fb15c5e
1788609598040669068	743	1	phase_loop[742]	1788609598030877	8995	556b8adb22dfe848	50fca8cb2fb15c5e
1788609598050558696	744	1	phase_loop[743]	1788609598040864	9003	6c51f552aca9ec15	50fca8cb2fb15c5e
1788609598060614669	745	1	phase_loop[744]	1788609598050742	9127	5a6eed35c7506f1f	50fca8cb2fb15c5e
1788609598071045011	746	1	phase_loop[745]	1788609598060809	9061	280d53b99eb01bf3	50fca8cb2fb15c5e
1788609598080678904	747	1	phase_loop[746]	1788609598071359	8509	811139a116f95177	50fca8cb2fb15c5e
1788609598090797616	748	1	phase_loop[747]	1788609598080889	8980	ac76f37204ce9133	50fca8cb2fb15c5e
1788609598100882874	749	1	phase_loop[748]	1788609598091109	8763	44161bfd96277047	50fca8cb2fb15c5e
1788609598110734960	750	1	phase_loop[749]	1788609598101156	8715	361b10649732c501	50fca8cb2fb15c5e
1788609598120519419	751	1	phase_loop[750]	1788609598110952	8915	4b5b30650b48d4ea	50fca8cb2fb15c5e
1788609598130783586	752	1	phase_loop[751]	1788609598120701	9169	c048d51f96c8c4b4	50fca8cb2fb15c5e
1788609598140670619	753	1	phase_loop[752]	1788609598131035	8835	19433ac6f4e7c3b7	50fca8cb2fb15c5e
1788609598150516554	754	1	phase_loop[753]	1788609598140865	9003	5af570b50a5a6f27	50fca8cb2fb15c5e
1788609598160708294	755	1	phase_loop[754]	1788609598150699	9170	48d67077c8ad0666	50fca8cb2fb15c5e
1788609598170796978	756	1	phase_loop[755]	1788609598160929	8940	18b3400293083c0d	50fca8cb2fb15c5e
1788609598180646871	757	1	phase_loop[756]	1788609598171049	8831	3830fdb071e1718a	50fca8cb2fb15c5e
1788609598191559826	758	1	phase_loop[757]	1788609598180867	9007	2441abffc4d6b4c6	50fca8cb2fb15c5e
1788609598200844729	759	1	phase_loop[758]	1788609598191805	8114	2db7732a884c5a75	50fca8cb2fb15c5e
1788609598210679453	760	1	phase_loop[759]	1788609598201071	8799	8e526d9366772535	50fca8cb2fb15c5e
1788609598220701561	761	1	phase_loop[760]	1788609598210876	8993	e8d67901fe88d8e3	50fca8cb2fb15c5e
1788609598230798872	762	1	phase_loop[761]	1788609598220918	8953	230a513118da18e4	50fca8cb2fb15c5e
1788609598240779312	763	1	phase_loop[762]	1788609598231089	8781	0af8ff2ac9534181	50fca8cb2fb15c5e
1788609598250639364	764	1	phase_loop[763]	1788609598241023	8847	ff9d1fef2e5a1191	50fca8cb2fb15c5e
1788609598260634772	765	1	phase_loop[764]	1788609598250824	9046	d299230bef535d2c	50fca8cb2fb15c5e
1788609598270696325	766	1	phase_loop[765]	1788609598260825	9044	852e988df25da7c4	50fca8cb2fb15c5e
1788609598280548612	767	1	phase_loop[766]	1788609598270937	8931	9c683e88b696cf91	50fca8cb2fb15c5e
1788609598290692011	768	1	phase_loop[767]	1788609598280733	9136	b708c548faa06ed2	50fca8cb2fb15c5e
1788609598300847271	769	1	phase_loop[768]	1788609598290934	8936	cc44c52971d3e29d	50fca8cb2fb15c5e
1788609598310639294	770	1	phase_loop[769]	1788609598301110	8758	0a507446a1c5994a	50fca8cb2fb15c5e
1788609598320481041	771	1	phase_loop[770]	1788609598310831	9035	e0ba81bdbbd82975	50fca8cb2fb15c5e
1788609598330655649	772	1	phase_loop[771]	1788609598320665	9204	ad35fc495d597075	50fca8cb2fb15c5e
1788609598340673249	773	1	phase_loop[772]	1788609598330866	9005	de77b12b69b1655e	50fca8cb2fb15c5e
1788609598350505768	774	1	phase_loop[773]	1788609598340864	9002	295ab236f3628035	50fca8cb2fb15c5e
1788609598360635491	775	1	phase_loop[774]	1788609598350683	9186	60c560d65a9284a4	50fca8cb2fb15c5e
1788609598370765754	776	1	phase_loop[775]	1788609598360828	9043	07f1e938372860e5	50fca8cb2fb15c5e
1788609598380606029	777	1	phase_loop[776]	1788609598371078	8790	ab0ef8725ee0306b	50fca8cb2fb15c5e
1788609598390962851	778	1	phase_loop[777]	1788609598380795	9077	c253b67fff19b5a2	50fca8cb2fb15c5e
1788609598400941808	779	1	phase_loop[778]	1788609598391263	8612	4b2f331b980ead08	50fca8cb2fb15c5e
1788609598410666684	780	1	phase_loop[779]	1788609598401229	8642	7bc0c1e51886b667	50fca8cb2fb15c5e
1788609598420515855	781	1	phase_loop[780]	1788609598410855	9011	5e4b151c59fcfa0a	50fca8cb2fb15c5e
1788609598430895601	782	1	phase_loop[781]	1788609598420697	9172	519294b56b5ed7b8	50fca8cb2fb15c5e
1788609598440653008	783	1	phase_loop[782]	1788609598431143	8725	2f2031ee18125e83	50fca8cb2fb15c5e
1788609598450628418	784	1	phase_loop[783]	1788609598440874	8994	e9c9231d0b807190	50fca8cb2fb15c5e
1788609598460661959	785	1	phase_loop[784]	1788609598450813	9066	ef3bc65e131e9a21	50fca8cb2fb15c5e
1788609598470663408	786	1	phase_loop[785]	1788609598460860	9010	1af5cd4ab0d9b98e	50fca8cb2fb15c5e
1788609598480709993	787	1	phase_loop[786]	1788609598470916	8954	03a071045c5c5057	50fca8cb2fb15c5e
1788609598490642682	788	1	phase_loop[787]	1788609598480902	8964	c1550eee52cc0fb2	50fca8cb2fb15c5e
1788609598500934301	789	1	phase_loop[788]	1788609598490879	8991	4ebdf9fba24add90	50fca8cb2fb15c5e
1788609598510648136	790	1	phase_loop[789]	1788609598501173	8696	2d196c93199a42f7	50fca8cb2fb15c5e
1788609598520638525	791	1	phase_loop[790]	1788609598510839	9031	51a8ec47a741e715	50fca8cb2fb15c5e
1788609598530880800	792	1	phase_loop[791]	1788609598520824	9091	9a94be649efbf811	50fca8cb2fb15c5e
1788609598540657514	793	1	phase_loop[792]	1788609598531126	8742	3465be9283d85d40	50fca8cb2fb15c5e
1788609598550565397	794	1	phase_loop[793]	1788609598540870	8996	70719bc8224e76dd	50fca8cb2fb15c5e
1788609598560634845	795	1	phase_loop[794]	1788609598550756	9114	646b1ecb4dd3515e	50fca8cb2fb15c5e
1788609598570844629	796	1	phase_loop[795]	1788609598560844	9026	7d55922837acba31	50fca8cb2fb15c5e
1788609598580569775	797	1	phase_loop[796]	1788609598571128	8739	c63242c9ff5b1789	50fca8cb2fb15c5e
1788609598590651436	798	1	phase_loop[797]	1788609598580775	9094	08e2ded5398fa039	50fca8cb2fb15c5e
1788609598600894994	799	1	phase_loop[798]	1788609598590887	8983	1aab3136084f65b0	50fca8cb2fb15c5e
1788609598610689863	800	1	phase_loop[799]	1788609598601178	8691	602381275d07f05b	50fca8cb2fb15c5e
1788609598620570193	801	1	phase_loop[800]	1788609598610882	8984	eeff49e8f9c94f2f	50fca8cb2fb15c5e
1788609598630781229	802	1	phase_loop[801]	1788609598620755	9115	41a3b0c6ef17ed01	50fca8cb2fb15c5e
1788609598640764404	803	1	phase_loop[802]	1788609598631036	8835	1a87a1e2896889d1	50fca8cb2fb15c5e
1788609598650541940	804	1	phase_loop[803]	1788609598640973	8893	82741a1b910f8037	50fca8cb2fb15c5e
1788609598660655131	805	1	phase_loop[804]	1788609598650725	9143	ae1c98709f2405b1	50fca8cb2fb15c5e
1788609598670631252	806	1	phase_loop[805]	1788609598660855	9014	d4bcad014ea2efb0	50fca8cb2fb15c5e
1788609598680660444	807	1	phase_loop[806]	1788609598670843	9025	24dfebd230b232d0	50fca8cb2fb15c5e
1788609598690703593	808	1	phase_loop[807]	1788609598680852	9019	a4ea16ef40bd4398	50fca8cb2fb15c5e
1788609598700785815	809	1	phase_loop[808]	1788609598690990	8880	5dac4bd362833aa0	50fca8cb2fb15c5e
1788609598710658080	810	1	phase_loop[809]	1788609598701070	8800	8587326dafc36e27	50fca8cb2fb15c5e
1788609598720535224	811	1	phase_loop[810]	1788609598710851	9015	9d8fb2f1354d9e78	50fca8cb2fb15c5e
1788609598731492995	812	1	phase_loop[811]	1788609598720728	9145	9b2c06a2e116e669	50fca8cb2fb15c5e
1788609598740693137	813	1	phase_loop[812]	1788609598731744	8126	5de48a5b4afc4e86	50fca8cb2fb15c5e
1788609598750532499	814	1	phase_loop[813]	1788609598740882	8985	2ca4098d0ccdf9ce	50fca8cb2fb15c5e
1788609598760682991	815	1	phase_loop[814]	1788609598750813	9065	2dce67668415899d	50fca8cb2fb15c5e
1788609598770686094	816	1	phase_loop[815]	1788609598760875	8995	e75a64a19db8c844	50fca8cb2fb15c5e
1788609598780635725	817	1	phase_loop[816]	1788609598770942	8926	2e04dc7f44b1ee68	50fca8cb2fb15c5e
1788609598790631173	818	1	phase_loop[817]	1788609598780824	9043	77aeda6112a736a9	50fca8cb2fb15c5e
1788609598800864231	819	1	phase_loop[818]	1788609598790869	9000	94316731345b8822	50fca8cb2fb15c5e
1788609598810626999	820	1	phase_loop[819]	1788609598801115	8753	3d47bd7a48b920f2	50fca8cb2fb15c5e
1788609598820636363	821	1	phase_loop[820]	1788609598810818	9052	ffb62ebc5ddd3e59	50fca8cb2fb15c5e
1788609598830837311	822	1	phase_loop[821]	1788609598820824	9046	5758ea60e7ec6413	50fca8cb2fb15c5e
1788609598840679799	823	1	phase_loop[822]	1788609598831081	8788	81d516e87d64816c	50fca8cb2fb15c5e
1788609598850522217	824	1	phase_loop[823]	1788609598840867	9000	ff324db677b16cae	50fca8cb2fb15c5e
1788609598860751589	825	1	phase_loop[824]	1788609598850709	9200	c94df7155d6bdffe	50fca8cb2fb15c5e
1788609598870661935	826	1	phase_loop[825]	1788609598861053	8816	7464147049145894	50fca8cb2fb15c5e
1788609598880748937	827	1	phase_loop[826]	1788609598870915	8954	da1b5e180a79fd2b	50fca8cb2fb15c5e
1788609598890650357	828	1	phase_loop[827]	1788609598881019	8849	f4d6a1b18d94ed7a	50fca8cb2fb15c5e
1788609598900633622	829	1	phase_loop[828]	1788609598890901	8968	a8b314eaee8cfcb3	50fca8cb2fb15c5e
1788609598910663024	830	1	phase_loop[829]	1788609598900875	8995	1257b84c3d223662	50fca8cb2fb15c5e
1788609598920619609	831	1	phase_loop[830]	1788609598910889	8979	5a73742a69d2c826	50fca8cb2fb15c5e
1788609598930761144	832	1	phase_loop[831]	1788609598920803	9067	30e93a14db216d23	50fca8cb2fb15c5e
1788609598940671250	833	1	phase_loop[832]	1788609598931041	8829	37eb1f450cda3880	50fca8cb2fb15c5e
1788609598950506816	834	1	phase_loop[833]	1788609598940864	9003	e9e4e2c9c5a1516f	50fca8cb2fb15c5e
1788609598960629144	835	1	phase_loop[834]	1788609598950691	9179	9d9ba962704e7609	50fca8cb2fb15c5e
1788609598970879826	836	1	phase_loop[835]	1788609598960829	9041	fecc1971bd464bbb	50fca8cb2fb15c5e
1788609598980632915	837	1	phase_loop[836]	1788609598971127	8741	153a78e26c2406e9	50fca8cb2fb15c5e
1788609598990674761	838	1	phase_loop[837]	1788609598980820	9049	c567e1b6bd06068d	50fca8cb2fb15c5e
1788609599000953656	839	1	phase_loop[838]	1788609598990907	8963	d6b2f20e54ef91eb	50fca8cb2fb15c5e
1788609599010653213	840	1	phase_loop[839]	1788609599001199	8671	5a8d86c6172f70fd	50fca8cb2fb15c5e
1788609599020525719	841	1	phase_loop[840]	1788609599010846	9022	ffd5bced4bf2d56b	50fca8cb2fb15c5e
1788609599030815915	842	1	phase_loop[841]	1788609599020710	9159	e86a9c42e8dec1fa	50fca8cb2fb15c5e
1788609599040645699	843	1	phase_loop[842]	1788609599031086	8781	13d854a2059de454	50fca8cb2fb15c5e
1788609599051372863	844	1	phase_loop[843]	1788609599041044	8826	d749e60401ba3fed	50fca8cb2fb15c5e
1788609599060628379	845	1	phase_loop[844]	1788609599051618	8250	fc244c0e631d8a15	50fca8cb2fb15c5e
1788609599070611624	846	1	phase_loop[845]	1788609599060818	9048	a17110a7b49ecb22	50fca8cb2fb15c5e
1788609599080637590	847	1	phase_loop[846]	1788609599070803	9066	2b3b339d3e8dc2de	50fca8cb2fb15c5e
1788609599090831995	848	1	phase_loop[847]	1788609599080834	9038	1c9a6bc95bd6aa1e	50fca8cb2fb15c5e
1788609599100900922	849	1	phase_loop[848]	1788609599091073	8797	87857fdc11b136df	50fca8cb2fb15c5e
1788609599110629675	850	1	phase_loop[849]	1788609599101183	8688	2fb1160c4a7b9492	50fca8cb2fb15c5e
1788609599120710304	851	1	phase_loop[850]	1788609599110822	9047	4e467fde884e6c0c	50fca8cb2fb15c5e
1788609599130793619	852	1	phase_loop[851]	1788609599120903	8966	caf3637f9935cedc	50fca8cb2fb15c5e
1788609599140662307	853	1	phase_loop[852]	1788609599131068	8803	13db11a6dc8a9194	50fca8cb2fb15c5e
1788609599150506969	854	1	phase_loop[853]	1788609599140851	9016	d748406867a0028b	50fca8cb2fb15c5e
1788609599160670686	855	1	phase_loop[854]	1788609599150687	9183	793f7b6d07fe1b66	50fca8cb2fb15c5e
1788609599171126876	856	1	phase_loop[855]	1788609599160886	8982	11cf908c25156d8f	50fca8cb2fb15c5e
1788609599180650290	857	1	phase_loop[856]	1788609599171396	8473	addb04bfa8080025	50fca8cb2fb15c5e
1788609599190678120	858	1	phase_loop[857]	1788609599180864	9036	43aa2d890038cc00	50fca8cb2fb15c5e
1788609599200951905	859	1	phase_loop[858]	1788609599190921	8949	88b2490b8aa1ab8f	50fca8cb2fb15c5e
1788609599210636304	860	1	phase_loop[859]	1788609599201256	8614	592f4ad0be0beb8e	50fca8cb2fb15c5e
1788609599220506565	861	1	phase_loop[860]	1788609599210824	9042	b8601f44ebbf05c4	50fca8cb2fb15c5e
1788609599230796911	862	1	phase_loop[861]	1788609599220685	9184	bbefd837989082d5	50fca8cb2fb15c5e
1788609599240669657	863	1	phase_loop[862]	1788609599231093	8777	c288e01adfdc1e11	50fca8cb2fb15c5e
1788609599250631241	864	1	phase_loop[863]	1788609599240862	9007	24ccb018853d800f	50fca8cb2fb15c5e
1788609599260637459	865	1	phase_loop[864]	1788609599250820	9052	fe02f318a1c0cead	50fca8cb2fb15c5e
1788609599270641754	866	1	phase_loop[865]	1788609599260834	9036	8689e47ae77ee263	50fca8cb2fb15c5e
1788609599280627143	867	1	phase_loop[866]	1788609599270851	9019	9a039f64e0107e2d	50fca8cb2fb15c5e
1788609599290681192	868	1	phase_loop[867]	1788609599280825	9046	cddd92a2cf1bda5c	50fca8cb2fb15c5e
1788609599300935440	869	1	phase_loop[868]	1788609599290918	8953	a5c93b802ffd2d9f	50fca8cb2fb15c5e
1788609599310687467	870	1	phase_loop[869]	1788609599301182	8689	383be69c3ea5225a	50fca8cb2fb15c5e
1788609599320475913	871	1	phase_loop[870]	1788609599310885	8982	3efbc57c28c6b462	50fca8cb2fb15c5e
1788609599330640351	872	1	phase_loop[871]	1788609599320655	9215	26b65e5aae65dfa6	50fca8cb2fb15c5e
1788609599340652460	873	1	phase_loop[872]	1788609599330868	9003	40b5126162236d6f	50fca8cb2fb15c5e
1788609599350670551	874	1	phase_loop[873]	1788609599340844	9025	5c6b38edb06fbeb1	50fca8cb2fb15c5e
1788609599360683162	875	1	phase_loop[874]	1788609599350903	8969	d5f892ea155594f0	50fca8cb2fb15c5e
1788609599370713846	876	1	phase_loop[875]	1788609599360893	8976	e8717a3d7c166f06	50fca8cb2fb15c5e
1788609599380538992	877	1	phase_loop[876]	1788609599370993	8874	ead1dc7be665c7a8	50fca8cb2fb15c5e
1788609599390651231	878	1	phase_loop[877]	1788609599380731	9135	ec7d5e326a2b39e0	50fca8cb2fb15c5e
1788609599400789660	879	1	phase_loop[878]	1788609599390895	8977	a80fa94e9fe0af44	50fca8cb2fb15c5e
1788609599410670882	880	1	phase_loop[879]	1788609599401067	8803	6b655019e7ccdd37	50fca8cb2fb15c5e
1788609599420654577	881	1	phase_loop[880]	1788609599410868	9002	3f0e29ec2c66c546	50fca8cb2fb15c5e
1788609599430911240	882	1	phase_loop[881]	1788609599420846	9025	b847b20e899a5490	50fca8cb2fb15c5e
1788609599440633751	883	1	phase_loop[882]	1788609599431166	8703	2fa10c2abe3d8574	50fca8cb2fb15c5e
1788609599450573774	884	1	phase_loop[883]	1788609599440842	9025	9e26c3b0e815b6a8	50fca8cb2fb15c5e
1788609599460644174	885	1	phase_loop[884]	1788609599450751	9117	959598494983cb64	50fca8cb2fb15c5e
1788609599470726326	886	1	phase_loop[885]	1788609599460835	9034	28ea868d719ccd89	50fca8cb2fb15c5e
1788609599480676859	887	1	phase_loop[886]	1788609599470961	8908	baf06de87e6ce5c7	50fca8cb2fb15c5e
1788609599490634706	888	1	phase_loop[887]	1788609599480872	8995	d8f455d9fb9adc74	50fca8cb2fb15c5e
1788609599500860751	889	1	phase_loop[888]	1788609599490869	9000	d5810eb118098b6d	50fca8cb2fb15c5e
1788609599510692108	890	1	phase_loop[889]	1788609599501100	8771	16b206e0c4cf9976	50fca8cb2fb15c5e
1788609599520587426	891	1	phase_loop[890]	1788609599510884	9014	f10e07b756676625	50fca8cb2fb15c5e
1788609599530854769	892	1	phase_loop[891]	1788609599520784	9086	e7e9ae45bfd27c95	50fca8cb2fb15c5e
1788609599540689663	893	1	phase_loop[892]	1788609599531101	8768	f613ec1811b5c10f	50fca8cb2fb15c5e
1788609599550627252	894	1	phase_loop[893]	1788609599540896	8974	d5c790e3ee8f21da	50fca8cb2fb15c5e
1788609599560629613	895	1	phase_loop[894]	1788609599550824	9044	1b89d2d3ade29335	50fca8cb2fb15c5e
1788609599570616915	896	1	phase_loop[895]	1788609599560815	9056	4770e82767ace054	50fca8cb2fb15c5e
1788609599580619286	897	1	phase_loop[896]	1788609599570828	9041	7950ef3858d0b678	50fca8cb2fb15c5e
1788609599590650462	898	1	phase_loop[897]	1788609599580806	9065	866c8a4bf9b261f2	50fca8cb2fb15c5e
1788609599600986415	899	1	phase_loop[898]	1788609599590886	8986	985aac20d928ce4d	50fca8cb2fb15c5e
1788609599610638122	900	1	phase_loop[899]	1788609599601229	8641	c17d6c40ea7452ca	50fca8cb2fb15c5e
1788609599620505527	901	1	phase_loop[900]	1788609599610830	9037	2127aea4c45114e3	50fca8cb2fb15c5e
1788609599630642343	902	1	phase_loop[901]	1788609599620693	9176	50a6fb6cf34ba265	50fca8cb2fb15c5e
1788609599640661195	903	1	phase_loop[902]	1788609599630869	9002	1e7ce2452c620065	50fca8cb2fb15c5e
1788609599650657695	904	1	phase_loop[903]	1788609599640856	9015	d1b0bee05d1ea819	50fca8cb2fb15c5e
1788609599660631713	905	1	phase_loop[904]	1788609599650861	9008	d8e43c6337e6468b	50fca8cb2fb15c5e
1788609599670789909	906	1	phase_loop[905]	1788609599660820	9050	b525c9a6e049ae40	50fca8cb2fb15c5e
1788609599680635623	907	1	phase_loop[906]	1788609599671053	8815	a140e670433231a1	50fca8cb2fb15c5e
1788609599690773772	908	1	phase_loop[907]	1788609599680837	9030	f19ab9e358a7e72f	50fca8cb2fb15c5e
1788609599700777335	909	1	phase_loop[908]	1788609599691086	8785	08b60c09c90feb6c	50fca8cb2fb15c5e
1788609599710731174	910	1	phase_loop[909]	1788609599701075	8795	4a76f4d6f24ab176	50fca8cb2fb15c5e
1788609599720628035	911	1	phase_loop[910]	1788609599710959	8909	cc11065d910a4b28	50fca8cb2fb15c5e
1788609599730791161	912	1	phase_loop[911]	1788609599720817	9052	13071f44e1140408	50fca8cb2fb15c5e
1788609599740693473	913	1	phase_loop[912]	1788609599731059	8812	8b12dd9c017c02a7	50fca8cb2fb15c5e
1788609599750509020	914	1	phase_loop[913]	1788609599740884	8985	5633905c2e8b5c30	50fca8cb2fb15c5e
1788609599760624776	915	1	phase_loop[914]	1788609599750690	9177	f4b709e1e1ab0888	50fca8cb2fb15c5e
1788609599770765288	916	1	phase_loop[915]	1788609599760820	9051	530e78db0de4daf0	50fca8cb2fb15c5e
1788609599780631732	917	1	phase_loop[916]	1788609599771004	8865	5fe321b863869e5a	50fca8cb2fb15c5e
1788609599790651246	918	1	phase_loop[917]	1788609599780824	9042	bcdd00cc51201566	50fca8cb2fb15c5e
1788609599801047653	919	1	phase_loop[918]	1788609599790895	8974	2fdbbdf1d2c6dadd	50fca8cb2fb15c5e
1788609599810656539	920	1	phase_loop[919]	1788609599801292	8578	b6f09a1150a1ab53	50fca8cb2fb15c5e
1788609599820521009	921	1	phase_loop[920]	1788609599810850	9016	906ea99f405fa9ee	50fca8cb2fb15c5e
1788609599830832205	922	1	phase_loop[921]	1788609599820702	9171	c96cda5eacab0663	50fca8cb2fb15c5e
1788609599840736711	923	1	phase_loop[922]	1788609599831060	8815	c1a438487c810d16	50fca8cb2fb15c5e
1788609599850671374	924	1	phase_loop[923]	1788609599841004	8897	ffb3ae0b902db8f0	50fca8cb2fb15c5e
1788609599860688703	925	1	phase_loop[924]	1788609599850860	9008	062779bc9f5a861c	50fca8cb2fb15c5e
1788609599870670806	926	1	phase_loop[925]	1788609599860921	8947	fe94c934ee30ccf3	50fca8cb2fb15c5e
1788609599880775070	927	1	phase_loop[926]	1788609599870874	8994	c4793e3b5a5f1067	50fca8cb2fb15c5e
1788609599890672352	928	1	phase_loop[927]	1788609599881003	8864	dc116affa48f4aeb	50fca8cb2fb15c5e
1788609599900903897	929	1	phase_loop[928]	1788609599890909	8961	11179dd438acd9b5	50fca8cb2fb15c5e
1788609599910648079	930	1	phase_loop[929]	1788609599901163	8707	c7fc371a6bba0e5c	50fca8cb2fb15c5e
1788609599920582031	931	1	phase_loop[930]	1788609599910839	9027	6d9aefe4c992cfc1	50fca8cb2fb15c5e
1788609599930635619	932	1	phase_loop[931]	1788609599920770	9101	d3c588e1149f369c	50fca8cb2fb15c5e
1788609599940682795	933	1	phase_loop[932]	1788609599930833	9038	2c6e22f0c08b792b	50fca8cb2fb15c5e
1788609599950653155	934	1	phase_loop[933]	1788609599940884	8987	84d437f72a1ed31b	50fca8cb2fb15c5e
1788609599960629707	935	1	phase_loop[934]	1788609599950838	9031	49feeaf432f8c1c6	50fca8cb2fb15c5e
1788609599970851163	936	1	phase_loop[935]	1788609599960829	9040	3c19251316197380	50fca8cb2fb15c5e
1788609599980631414	937	1	phase_loop[936]	1788609599971096	8773	949ed9a6b576309f	50fca8cb2fb15c5e
1788609599993437123	938	1	phase_loop[937]	1788609599980833	9036	3bd5478754b89393	50fca8cb2fb15c5e
1788609600001470636	939	1	phase_loop[938]	1788609599993678	6193	409b9b3b2bcb4e51	50fca8cb2fb15c5e
1788609600010957982	940	1	phase_loop[939]	1788609600001704	8169	eaf4a7c424a6e06f	50fca8cb2fb15c5e
1788609600020630278	941	1	phase_loop[940]	1788609600011283	8586	af706a9073eb3368	50fca8cb2fb15c5e
1788609600031993195	942	1	phase_loop[941]	1788609600020829	9043	6fd4af9985f2f8ca	50fca8cb2fb15c5e
1788609600041129657	943	1	phase_loop[942]	1788609600032222	7647	c7909fc421d8eca6	50fca8cb2fb15c5e
1788609600050693457	944	1	phase_loop[943]	1788609600041320	8549	274c81becc633f19	50fca8cb2fb15c5e
1788609600062117961	945	1	phase_loop[944]	1788609600051148	8720	fa8b53b1d2877041	50fca8cb2fb15c5e
1788609600070879372	946	1	phase_loop[945]	1788609600062373	7495	bbaf2d3201e68f3c	50fca8cb2fb15c5e
1788609600080690220	947	1	phase_loop[946]	1788609600071139	8731	2044381636dcc60c	50fca8cb2fb15c5e
1788609600090828278	948	1	phase_loop[947]	1788609600080900	8972	2bb0cae744f30fc9	50fca8cb2fb15c5e
1788609600100853673	949	1	phase_loop[948]	1788609600091085	8786	6457a1d48d1e5e17	50fca8cb2fb15c5e
1788609600110644383	950	1	phase_loop[949]	1788609600101100	8770	ad0ced7696f1d998	50fca8cb2fb15c5e
1788609600120515966	951	1	phase_loop[950]	1788609600110834	9032	4ca5ef5bc6296968	50fca8cb2fb15c5e
1788609600130763441	952	1	phase_loop[951]	1788609600120695	9173	976e3cd795c35292	50fca8cb2fb15c5e
1788609600140646306	953	1	phase_loop[952]	1788609600131046	8822	59ead90fb564978c	50fca8cb2fb15c5e
1788609600150569487	954	1	phase_loop[953]	1788609600140879	8988	9850834a84cf292d	50fca8cb2fb15c5e
1788609600160752831	955	1	phase_loop[954]	1788609600150763	9107	f958ce0b2f7c0a23	50fca8cb2fb15c5e
1788609600170685209	956	1	phase_loop[955]	1788609600161032	8836	184e3ed45432b6b3	50fca8cb2fb15c5e
1788609600180592831	957	1	phase_loop[956]	1788609600171024	8880	b96c13d083763162	50fca8cb2fb15c5e
1788609600190650607	958	1	phase_loop[957]	1788609600180781	9086	5e6fb5af351e2558	50fca8cb2fb15c5e
1788609600200913250	959	1	phase_loop[958]	1788609600190899	8971	8537738f489bbbb3	50fca8cb2fb15c5e
1788609600210648776	960	1	phase_loop[959]	1788609600201149	8720	5ef6593fe47ebe60	50fca8cb2fb15c5e
1788609600220527062	961	1	phase_loop[960]	1788609600210841	9026	a3db79341746ba50	50fca8cb2fb15c5e
1788609600230752716	962	1	phase_loop[961]	1788609600220715	9153	0a17a3b186069c61	50fca8cb2fb15c5e
1788609600240702547	963	1	phase_loop[962]	1788609600231016	8854	cba72a4fd5993f0c	50fca8cb2fb15c5e
1788609600250634906	964	1	phase_loop[963]	1788609600240903	8966	4f1abcf5f8d44cee	50fca8cb2fb15c5e
1788609600260642266	965	1	phase_loop[964]	1788609600250820	9049	f8dfcab89ac2c6cc	50fca8cb2fb15c5e
1788609600270711634	966	1	phase_loop[965]	1788609600260835	9034	fa4b70a7265af759	50fca8cb2fb15c5e
1788609600280540717	967	1	phase_loop[966]	1788609600270993	8875	9d0267b22c640ebc	50fca8cb2fb15c5e
1788609600290679286	968	1	phase_loop[967]	1788609600280721	9148	1f544b1ec3bebb56	50fca8cb2fb15c5e
1788609600300716753	969	1	phase_loop[968]	1788609600290917	8953	cc56ba223b78d6a0	50fca8cb2fb15c5e
1788609600310668869	970	1	phase_loop[969]	1788609600300992	8885	a9b04ac17c04a0a8	50fca8cb2fb15c5e
1788609600320589154	971	1	phase_loop[970]	1788609600310893	8976	ff1c4b67a1293829	50fca8cb2fb15c5e
1788609600330840437	972	1	phase_loop[971]	1788609600320781	9088	9fe815bc3c33b7be	50fca8cb2fb15c5e
1788609600340657837	973	1	phase_loop[972]	1788609600331091	8779	a48e3d43ea1b4b46	50fca8cb2fb15c5e
1788609600350521365	974	1	phase_loop[973]	1788609600340856	9011	ef45c84c026633dd	50fca8cb2fb15c5e
1788609600360640978	975	1	phase_loop[974]	1788609600350709	9162	e9fdace8349f8ae7	50fca8cb2fb15c5e
1788609600370701810	976	1	phase_loop[975]	1788609600360836	9033	bafb1a71aae24d0a	50fca8cb2fb15c5e
1788609600380639979	977	1	phase_loop[976]	1788609600370940	8929	3b4e2c63bfbd6f3c	50fca8cb2fb15c5e
1788609600390658822	978	1	phase_loop[977]	1788609600380831	9036	884bb8a239b54a65	50fca8cb2fb15c5e
1788609600400968304	979	1	phase_loop[978]	1788609600390898	8977	8df0cb60ed77ca89	50fca8cb2fb15c5e
1788609600410649357	980	1	phase_loop[979]	1788609600401257	8613	8d99080ec21e4f89	50fca8cb2fb15c5e
1788609600420511332	981	1	phase_loop[980]	1788609600410838	9028	a6c83e87054af516	50fca8cb2fb15c5e
1788609600430784315	982	1	phase_loop[981]	1788609600420691	9178	c417eff3d2e6acea	50fca8cb2fb15c5e
1788609600440660317	983	1	phase_loop[982]	1788609600431058	8812	177124a3f9e993d9	50fca8cb2fb15c5e
1788609600450634274	984	1	phase_loop[983]	1788609600440878	8991	6423183b6c206d56	50fca8cb2fb15c5e
1788609600460750050	985	1	phase_loop[984]	1788609600450826	9047	c52912845392c577	50fca8cb2fb15c5e
1788609600470689482	986	1	phase_loop[985]	1788609600461019	8851	6329744dc2c2bfdb	50fca8cb2fb15c5e
1788609600480583858	987	1	phase_loop[986]	1788609600470950	8919	8be27b10a252b841	50fca8cb2fb15c5e
1788609600490636945	988	1	phase_loop[987]	1788609600480781	9086	010ca1403133d17e	50fca8cb2fb15c5e
1788609600500778389	989	1	phase_loop[988]	1788609600490893	8979	76649441e9dc00ea	50fca8cb2fb15c5e
1788609600510716529	990	1	phase_loop[989]	1788609600501036	8880	fdbea50d6fc5cfd3	50fca8cb2fb15c5e
1788609600520513451	991	1	phase_loop[990]	1788609600510945	8921	eaf7c6311382ed5c	50fca8cb2fb15c5e
1788609600530784410	992	1	phase_loop[991]	1788609600520695	9175	289fea4750ca824f	50fca8cb2fb15c5e
1788609600540664550	993	1	phase_loop[992]	1788609600531073	8797	f890bc3c693bfe49	50fca8cb2fb15c5e
1788609600550719280	994	1	phase_loop[993]	1788609600540858	9012	cfd95335897b5742	50fca8cb2fb15c5e
1788609600560721150	995	1	phase_loop[994]	1788609600550935	8934	638ac3051daa37cb	50fca8cb2fb15c5e
1788609600570642608	996	1	phase_loop[995]	1788609600560951	8917	881902e2f099724e	50fca8cb2fb15c5e
1788609600580544929	997	1	phase_loop[996]	1788609600570906	8963	d0804dcaed2cc090	50fca8cb2fb15c5e
1788609600590657178	998	1	phase_loop[997]	1788609600580730	9139	1101f9a904c2dc68	50fca8cb2fb15c5e
1788609600600755962	999	1	phase_loop[998]	1788609600590888	8983	d7710bffaa8f7d4f	50fca8cb2fb15c5e
1788609600610645128	1000	1	phase_loop[999]	1788609600601005	8865	0ed52c6a79ef4fe5	50fca8cb2fb15c5e
1788609600620518194	1001	1	phase_loop[1000]	1788609600610854	9014	7dee9774f8d552f6	50fca8cb2fb15c5e
1788609600630852073	1002	1	phase_loop[1001]	1788609600620703	9168	38167c1409c1c754	50fca8cb2fb15c5e
1788609600640697326	1003	1	phase_loop[1002]	1788609600631099	8772	a2c554fffe0fbb62	50fca8cb2fb15c5e
1788609600650578949	1004	1	phase_loop[1003]	1788609600640927	8942	1ab3298eb2da807e	50fca8cb2fb15c5e
1788609600660637907	1005	1	phase_loop[1004]	1788609600650867	9002	118d51caaf52461b	50fca8cb2fb15c5e
1788609600670777257	1006	1	phase_loop[1005]	1788609600660833	9036	97d040cd73bf0a04	50fca8cb2fb15c5e
1788609600680634714	1007	1	phase_loop[1006]	1788609600671066	8804	93c9338b1b581f79	50fca8cb2fb15c5e
1788609600690626575	1008	1	phase_loop[1007]	1788609600680823	9043	7138b287c61670bd	50fca8cb2fb15c5e
1788609600700945555	1009	1	phase_loop[1008]	1788609600690867	9003	d8d406128a990b38	50fca8cb2fb15c5e
1788609600710644151	1010	1	phase_loop[1009]	1788609600701180	8689	1c6a9d273b0a5797	50fca8cb2fb15c5e
1788609600720486699	1011	1	phase_loop[1010]	1788609600710836	9031	e9f94e019729742c	50fca8cb2fb15c5e
1788609600730799077	1012	1	phase_loop[1011]	1788609600720670	9200	552726f1336871b0	50fca8cb2fb15c5e
1788609600740652276	1013	1	phase_loop[1012]	1788609600731076	8794	813e84a19e8f7f59	50fca8cb2fb15c5e
1788609600750474546	1014	1	phase_loop[1013]	1788609600740837	9029	b80b26e5296f1453	50fca8cb2fb15c5e
1788609600760638343	1015	1	phase_loop[1014]	1788609600750668	9202	0a1607c342e82148	50fca8cb2fb15c5e
1788609600770649330	1016	1	phase_loop[1015]	1788609600760835	9034	3df8607d25f91e6a	50fca8cb2fb15c5e
1788609600780634508	1017	1	phase_loop[1016]	1788609600770854	9015	1d13508f10805d47	50fca8cb2fb15c5e
1788609600790631900	1018	1	phase_loop[1017]	1788609600780817	9050	18cf5c8653707bd9	50fca8cb2fb15c5e
1788609600801605851	1019	1	phase_loop[1018]	1788609600790869	9002	2f5a6c59e067d599	50fca8cb2fb15c5e
1788609600810679723	1020	1	phase_loop[1019]	1788609600801841	8029	36a2bd9066c516ab	50fca8cb2fb15c5e
1788609600820483398	1021	1	phase_loop[1020]	1788609600810875	8992	e08c84919a540e21	50fca8cb2fb15c5e
1788609600830878432	1022	1	phase_loop[1021]	1788609600820676	9193	a8507e6aac168a42	50fca8cb2fb15c5e
1788609600840651419	1023	1	phase_loop[1022]	1788609600831126	8744	57b814921517276f	50fca8cb2fb15c5e
1788609600850675862	1024	1	phase_loop[1023]	1788609600840843	9059	d747163c38c57176	50fca8cb2fb15c5e
1788609600860721495	1025	1	phase_loop[1024]	1788609600850874	8995	672ea5109ecc158e	50fca8cb2fb15c5e
1788609600870663762	1026	1	phase_loop[1025]	1788609600860985	8885	2327ec70b710827b	50fca8cb2fb15c5e
1788609600880620326	1027	1	phase_loop[1026]	1788609600870929	8938	37812e0b0312649c	50fca8cb2fb15c5e
1788609600890652864	1028	1	phase_loop[1027]	1788609600880812	9056	8c0c619937e8a97e	50fca8cb2fb15c5e
1788609600900956896	1029	1	phase_loop[1028]	1788609600890890	8981	e07027e3148ab0e5	50fca8cb2fb15c5e
1788609600910639532	1030	1	phase_loop[1029]	1788609600901211	8657	03795305a0c8db92	50fca8cb2fb15c5e
1788609600920500956	1031	1	phase_loop[1030]	1788609600910826	9040	783696ecfebe00a9	50fca8cb2fb15c5e
1788609600930864521	1032	1	phase_loop[1031]	1788609600920683	9186	afb14476a1681fe6	50fca8cb2fb15c5e
1788609600940641726	1033	1	phase_loop[1032]	1788609600931115	8755	43dd83fc3d59a7bd	50fca8cb2fb15c5e
1788609600952001086	1034	1	phase_loop[1033]	1788609600940831	9038	c6e38990a5b3bb8a	50fca8cb2fb15c5e
1788609600960639735	1035	1	phase_loop[1034]	1788609600952243	7625	f92431aba2e81c2c	50fca8cb2fb15c5e
1788609600970713821	1036	1	phase_loop[1035]	1788609600960843	9026	c791d1a5999119d7	50fca8cb2fb15c5e
1788609600980666508	1037	1	phase_loop[1036]	1788609600971000	8870	ab3aaa534f9c32fc	50fca8cb2fb15c5e
1788609600990595671	1038	1	phase_loop[1037]	1788609600980858	9008	ba7d35c55d71ec60	50fca8cb2fb15c5e
1788609601000916916	1039	1	phase_loop[1038]	1788609600990828	9043	c72b951a6d0e3f7c	50fca8cb2fb15c5e
1788609601010648924	1040	1	phase_loop[1039]	1788609601001172	8698	6f86bb1b9910728c	50fca8cb2fb15c5e
1788609601020662957	1041	1	phase_loop[1040]	1788609601010839	9031	3a059bc30c78c1ea	50fca8cb2fb15c5e
1788609601030798390	1042	1	phase_loop[1041]	1788609601020856	9014	dad3b277de59c111	50fca8cb2fb15c5e
1788609601040671977	1043	1	phase_loop[1042]	1788609601031057	8814	2c880c969d159e44	50fca8cb2fb15c5e
1788609601050462026	1044	1	phase_loop[1043]	1788609601040882	8983	ffc0e80c0ab4a0c1	50fca8cb2fb15c5e
1788609601060643997	1045	1	phase_loop[1044]	1788609601050637	9232	2d06182a34e36d31	50fca8cb2fb15c5e
1788609601070628403	1046	1	phase_loop[1045]	1788609601060849	9020	e5dc62ba0e81e18a	50fca8cb2fb15c5e
1788609601080634050	1047	1	phase_loop[1046]	1788609601070841	9027	8c74c5b022a8a6b7	50fca8cb2fb15c5e
1788609601090644446	1048	1	phase_loop[1047]	1788609601080822	9043	d69cb884ba75bab3	50fca8cb2fb15c5e
1788609601100825085	1049	1	phase_loop[1048]	1788609601090882	8987	c4c10cc3c1fde908	50fca8cb2fb15c5e
1788609601110718660	1050	1	phase_loop[1049]	1788609601101100	8771	3a686532dbb17072	50fca8cb2fb15c5e
1788609601120651058	1051	1	phase_loop[1050]	1788609601110938	8930	3cc9f286a120a986	50fca8cb2fb15c5e
1788609601130871422	1052	1	phase_loop[1051]	1788609601120874	8995	69ceabb75c2a11f6	50fca8cb2fb15c5e
1788609601140660649	1053	1	phase_loop[1052]	1788609601131127	8742	3292978aa37ea31e	50fca8cb2fb15c5e
1788609601150657870	1054	1	phase_loop[1053]	1788609601140851	9016	7bb8de5a85256eb5	50fca8cb2fb15c5e
1788609601160625445	1055	1	phase_loop[1054]	1788609601150849	9020	c33326f1df8485e0	50fca8cb2fb15c5e
1788609601170925479	1056	1	phase_loop[1055]	1788609601160817	9053	897dd50825717a6e	50fca8cb2fb15c5e
1788609601180681444	1057	1	phase_loop[1056]	1788609601171170	8741	21798e0c6131fdfd	50fca8cb2fb15c5e
1788609601190662995	1058	1	phase_loop[1057]	1788609601180872	8997	4a74a0de641af500	50fca8cb2fb15c5e
1788609601200939605	1059	1	phase_loop[1058]	1788609601190898	8972	de9557b8e6c27d52	50fca8cb2fb15c5e
1788609601210652678	1060	1	phase_loop[1059]	1788609601201222	8647	dac11940e37e1984	50fca8cb2fb15c5e
1788609601220510976	1061	1	phase_loop[1060]	1788609601210844	9023	48112fbfc7be2fc6	50fca8cb2fb15c5e
1788609601231109316	1062	1	phase_loop[1061]	1788609601220693	9176	5d4a8f0dd44936d4	50fca8cb2fb15c5e
1788609601240653228	1063	1	phase_loop[1062]	1788609601231355	8515	c0607c8c62212732	50fca8cb2fb15c5e
1788609601250646181	1064	1	phase_loop[1063]	1788609601240847	9022	be286b2c05b4ec47	50fca8cb2fb15c5e
1788609601260632882	1065	1	phase_loop[1064]	1788609601250839	9031	63e0fa6931aa87e4	50fca8cb2fb15c5e
1788609601270746494	1066	1	phase_loop[1065]	1788609601260823	9050	5403db66d91609d1	50fca8cb2fb15c5e
1788609601280632063	1067	1	phase_loop[1066]	1788609601271025	8844	39f2498683c8ce51	50fca8cb2fb15c5e
1788609601290636959	1068	1	phase_loop[1067]	1788609601280828	9039	d2046cd3c00e7930	50fca8cb2fb15c5e
1788609601300952393	1069	1	phase_loop[1068]	1788609601290874	8998	09cf23324129e99c	50fca8cb2fb15c5e
1788609601310748914	1070	1	phase_loop[1069]	1788609601301201	8669	00d1b4cc92d8d54c	50fca8cb2fb15c5e
1788609601320634193	1071	1	phase_loop[1070]	1788609601311002	8867	c679496c4fbf8750	50fca8cb2fb15c5e
1788609601330784714	1072	1	phase_loop[1071]	1788609601320824	9045	952f32b59df29b3b	50fca8cb2fb15c5e
1788609601340678319	1073	1	phase_loop[1072]	1788609601331042	8827	0ab9b002805a4ed3	50fca8cb2fb15c5e
1788609601350572685	1074	1	phase_loop[1073]	1788609601340873	8995	51fb81f99f02cf26	50fca8cb2fb15c5e
1788609601360655408	1075	1	phase_loop[1074]	1788609601350763	9105	232e863c32d68213	50fca8cb2fb15c5e
1788609601370730607	1076	1	phase_loop[1075]	1788609601360854	9016	8aae8ba46209b9bc	50fca8cb2fb15c5e
1788609601380526687	1077	1	phase_loop[1076]	1788609601370974	8893	c56fb9274395970e	50fca8cb2fb15c5e
1788609601390618337	1078	1	phase_loop[1077]	1788609601380717	9149	39ff0cb503172d83	50fca8cb2fb15c5e
1788609601401325082	1079	1	phase_loop[1078]	1788609601390868	9003	e76e53c12fb569d2	50fca8cb2fb15c5e
1788609601410645812	1080	1	phase_loop[1079]	1788609601401599	8271	9e415c852e364fcd	50fca8cb2fb15c5e
1788609601420638374	1081	1	phase_loop[1080]	1788609601410836	9034	8dafffe47251c302	50fca8cb2fb15c5e
1788609601431114232	1082	1	phase_loop[1081]	1788609601420852	9019	eb3dc8f1b9b0b74b	50fca8cb2fb15c5e
1788609601440673113	1083	1	phase_loop[1082]	1788609601431355	8515	d5dcfc4ca0f15e6f	50fca8cb2fb15c5e
1788609601450626731	1084	1	phase_loop[1083]	1788609601440889	8980	db8890b8617aaca6	50fca8cb2fb15c5e
1788609601460661273	1085	1	phase_loop[1084]	1788609601450817	9053	caeef09f463b44c7	50fca8cb2fb15c5e
1788609601470623417	1086	1	phase_loop[1085]	1788609601460877	8992	2543c026faa333d0	50fca8cb2fb15c5e
1788609601480608726	1087	1	phase_loop[1086]	1788609601470845	9024	ee670dcc18903f26	50fca8cb2fb15c5e
1788609601490679817	1088	1	phase_loop[1087]	1788609601480805	9063	725617139d95f754	50fca8cb2fb15c5e
1788609601500862289	1089	1	phase_loop[1088]	1788609601490916	8956	fe8a02701ce35dfa	50fca8cb2fb15c5e
1788609601510715988	1090	1	phase_loop[1089]	1788609601501087	8826	c2d51a8fbcced8d3	50fca8cb2fb15c5e
1788609601520511117	1091	1	phase_loop[1090]	1788609601510921	8945	209e0fd0a1ad3283	50fca8cb2fb15c5e
1788609601530819216	1092	1	phase_loop[1091]	1788609601520693	9176	fe28d13754317049	50fca8cb2fb15c5e
1788609601540655122	1093	1	phase_loop[1092]	1788609601531072	8799	5ea904c239563597	50fca8cb2fb15c5e
1788609601550622587	1094	1	phase_loop[1093]	1788609601540853	9016	642b43a069c020b1	50fca8cb2fb15c5e
1788609601560632832	1095	1	phase_loop[1094]	1788609601550816	9055	25e478ce6d6fc8b6	50fca8cb2fb15c5e
1788609601570671542	1096	1	phase_loop[1095]	1788609601560827	9042	520c9e565b7cb75e	50fca8cb2fb15c5e
1788609601580640119	1097	1	phase_loop[1096]	1788609601570896	8974	1dc3151f4717faee	50fca8cb2fb15c5e
1788609601590689930	1098	1	phase_loop[1097]	1788609601580829	9037	79d6246698d08b40	50fca8cb2fb15c5e
1788609601600916204	1099	1	phase_loop[1098]	1788609601590930	8942	67fea707a534db24	50fca8cb2fb15c5e
1788609601610679523	1100	1	phase_loop[1099]	1788609601601173	8697	d440a6a7c6ce9e58	50fca8cb2fb15c5e
1788609601620654291	1101	1	phase_loop[1100]	1788609601610908	8961	e7117e69c9213fc0	50fca8cb2fb15c5e
1788609601630941521	1102	1	phase_loop[1101]	1788609601620851	9019	c86c4c79d1fbcc03	50fca8cb2fb15c5e
1788609601640675905	1103	1	phase_loop[1102]	1788609601631186	8684	fa2e1cc471b0432f	50fca8cb2fb15c5e
1788609601650534233	1104	1	phase_loop[1103]	1788609601640867	8999	ad15080e21193b14	50fca8cb2fb15c5e
1788609601660633928	1105	1	phase_loop[1104]	1788609601650722	9147	99cb9cc8865ed923	50fca8cb2fb15c5e
1788609601670876213	1106	1	phase_loop[1105]	1788609601660832	9038	fe8106615d9f2780	50fca8cb2fb15c5e
1788609601680532128	1107	1	phase_loop[1106]	1788609601671107	8761	55408d4b1140ba19	50fca8cb2fb15c5e
1788609601690636131	1108	1	phase_loop[1107]	1788609601680719	9148	359aadf3ba0802e8	50fca8cb2fb15c5e
1788609601700740876	1109	1	phase_loop[1108]	1788609601690868	9003	8810ab11dafc9dd5	50fca8cb2fb15c5e
1788609601710644169	1110	1	phase_loop[1109]	1788609601700997	8872	e574f52e30ea1d4c	50fca8cb2fb15c5e
1788609601720635379	1111	1	phase_loop[1110]	1788609601710833	9036	2a275dfb3509b3e7	50fca8cb2fb15c5e
1788609601730791270	1112	1	phase_loop[1111]	1788609601720820	9051	023593e31acfbdb2	50fca8cb2fb15c5e
1788609601740652253	1113	1	phase_loop[1112]	1788609601731085	8784	5390c447ae340472	50fca8cb2fb15c5e
1788609601750483099	1114	1	phase_loop[1113]	1788609601740841	9023	9f5fb6719127d559	50fca8cb2fb15c5e
1788609601760657185	1115	1	phase_loop[1114]	1788609601750662	9206	9cfc0f0f9ff5fc7c	50fca8cb2fb15c5e
1788609601770628437	1116	1	phase_loop[1115]	1788609601760884	8987	b6d7a7cd7600695c	50fca8cb2fb15c5e
1788609601780649714	1117	1	phase_loop[1116]	1788609601770832	9036	ed19e715f3c814cf	50fca8cb2fb15c5e
1788609601790669007	1118	1	phase_loop[1117]	1788609601780849	9018	d0d1aa1bc2844cad	50fca8cb2fb15c5e
1788609601800761779	1119	1	phase_loop[1118]	1788609601790905	8966	d3f1239179b1bc69	50fca8cb2fb15c5e
1788609601810640185	1120	1	phase_loop[1119]	1788609601801030	8839	b5a0ff0f52e7e61e	50fca8cb2fb15c5e
1788609601820472013	1121	1	phase_loop[1120]	1788609601810835	9031	f06de11587d20f72	50fca8cb2fb15c5e
1788609601830794800	1122	1	phase_loop[1121]	1788609601820651	9218	fed5f65912d9008e	50fca8cb2fb15c5e
1788609601840811899	1123	1	phase_loop[1122]	1788609601831060	8875	4fa4e460e64266e0	50fca8cb2fb15c5e
1788609601850659487	1124	1	phase_loop[1123]	1788609601841010	8859	29da99b2eb79b0c7	50fca8cb2fb15c5e
1788609601860729115	1125	1	phase_loop[1124]	1788609601850850	9018	86fee042562ffa53	50fca8cb2fb15c5e
1788609601871011165	1126	1	phase_loop[1125]	1788609601860985	8886	d590b50290e3769e	50fca8cb2fb15c5e
1788609601880640299	1127	1	phase_loop[1126]	1788609601871244	8625	1a74b7b86e0359de	50fca8cb2fb15c5e
1788609601890649533	1128	1	phase_loop[1127]	1788609601880827	9039	786db15ddf97da77	50fca8cb2fb15c5e
1788609601900721466	1129	1	phase_loop[1128]	1788609601890898	8971	310e089e3832eef2	50fca8cb2fb15c5e
1788609601910780324	1130	1	phase_loop[1129]	1788609601900999	8871	79597637f4a6a86a	50fca8cb2fb15c5e
1788609601920547830	1131	1	phase_loop[1130]	1788609601911078	8789	0d94e8ebb8d57b98	50fca8cb2fb15c5e
1788609601931602894	1132	1	phase_loop[1131]	1788609601920737	9132	26c1be801580bab0	50fca8cb2fb15c5e
1788609601940678219	1133	1	phase_loop[1132]	1788609601931839	8031	659c7cb2c7e7c43c	50fca8cb2fb15c5e
1788609601950498806	1134	1	phase_loop[1133]	1788609601940874	8993	8871bb2d4ce4c776	50fca8cb2fb15c5e
1788609601960632235	1135	1	phase_loop[1134]	1788609601950680	9188	acf710eb10a41946	50fca8cb2fb15c5e
1788609601970727291	1136	1	phase_loop[1135]	1788609601960826	9042	f5c5927a0744e7fc	50fca8cb2fb15c5e
1788609601980657435	1137	1	phase_loop[1136]	1788609601971071	8799	3d43e374d7c6489e	50fca8cb2fb15c5e
1788609601990654346	1138	1	phase_loop[1137]	1788609601980845	9021	ce91bb6747b7a5a4	50fca8cb2fb15c5e
1788609602000893265	1139	1	phase_loop[1138]	1788609601990917	8953	fc86f435fd1ee6e4	50fca8cb2fb15c5e
1788609602010659508	1140	1	phase_loop[1139]	1788609602001160	8710	12afccaa444354e6	50fca8cb2fb15c5e
1788609602020652982	1141	1	phase_loop[1140]	1788609602010851	9020	382188cfa40b9d7f	50fca8cb2fb15c5e
1788609602030817019	1142	1	phase_loop[1141]	1788609602020850	9021	3298afd0bbe19cf6	50fca8cb2fb15c5e
1788609602040638677	1143	1	phase_loop[1142]	1788609602031066	8804	31a6059db5d467b4	50fca8cb2fb15c5e
1788609602050540818	1144	1	phase_loop[1143]	1788609602040830	9037	b138439d309ea29b	50fca8cb2fb15c5e
1788609602060771922	1145	1	phase_loop[1144]	1788609602050727	9143	cbbc29f96b50eb83	50fca8cb2fb15c5e
1788609602071136298	1146	1	phase_loop[1145]	1788609602061013	8856	ed1cc8fd952a18d0	50fca8cb2fb15c5e
1788609602080744172	1147	1	phase_loop[1146]	1788609602071371	8499	692774b85a683096	50fca8cb2fb15c5e
1788609602090628619	1148	1	phase_loop[1147]	1788609602081039	8827	b22ceedb3d5f198f	50fca8cb2fb15c5e
1788609602100736289	1149	1	phase_loop[1148]	1788609602090863	9008	80c020eeae928dad	50fca8cb2fb15c5e
1788609602110687483	1150	1	phase_loop[1149]	1788609602101026	8843	9f1a28556e5386fb	50fca8cb2fb15c5e
1788609602120523258	1151	1	phase_loop[1150]	1788609602110880	8988	4ce69b2903b481f5	50fca8cb2fb15c5e
1788609602130755845	1152	1	phase_loop[1151]	1788609602120704	9165	4b70fe3e6127d652	50fca8cb2fb15c5e
1788609602140671050	1153	1	phase_loop[1152]	1788609602131054	8816	0f1adc74d21ee84d	50fca8cb2fb15c5e
1788609602150644206	1154	1	phase_loop[1153]	1788609602140863	9006	b0a9897b5d53b22a	50fca8cb2fb15c5e
1788609602160658730	1155	1	phase_loop[1154]	1788609602150832	9036	5dfecaf918bc9455	50fca8cb2fb15c5e
1788609602170731393	1156	1	phase_loop[1155]	1788609602160856	9058	469be749dbeb2ed7	50fca8cb2fb15c5e
1788609602180621261	1157	1	phase_loop[1156]	1788609602170976	8893	83be2fdaacec1684	50fca8cb2fb15c5e
1788609602190661293	1158	1	phase_loop[1157]	1788609602180810	9067	6f5f95c9fb1b8dd2	50fca8cb2fb15c5e
1788609602200740509	1159	1	phase_loop[1158]	1788609602190900	8970	de9bad389054e3df	50fca8cb2fb15c5e
1788609602210684249	1160	1	phase_loop[1159]	1788609602201019	8850	f02891618f5a3b0f	50fca8cb2fb15c5e
1788609602220523531	1161	1	phase_loop[1160]	1788609602210885	8982	a0b44da9fecb7308	50fca8cb2fb15c5e
1788609602230742391	1162	1	phase_loop[1161]	1788609602220703	9166	e6a1b505208d67a1	50fca8cb2fb15c5e
1788609602240666644	1163	1	phase_loop[1162]	1788609602230992	8876	c770f34c8d26cf98	50fca8cb2fb15c5e
1788609602250614161	1164	1	phase_loop[1163]	1788609602240876	8993	4415ab3fe37362a7	50fca8cb2fb15c5e
1788609602260588138	1165	1	phase_loop[1164]	1788609602250802	9065	3b5d0d028aef2b56	50fca8cb2fb15c5e
1788609602270885788	1166	1	phase_loop[1165]	1788609602260774	9097	8beb7279078ba9a9	50fca8cb2fb15c5e
1788609602280744076	1167	1	phase_loop[1166]	1788609602271105	8766	051d924a299c7c18	50fca8cb2fb15c5e
1788609602290679109	1168	1	phase_loop[1167]	1788609602281035	8836	1d6e008a9eb41fec	50fca8cb2fb15c5e
1788609602300775999	1169	1	phase_loop[1168]	1788609602290918	8954	1b745e5f76eb3de8	50fca8cb2fb15c5e
1788609602310649285	1170	1	phase_loop[1169]	1788609602301112	8758	36adaed93b79596d	50fca8cb2fb15c5e
1788609602320744030	1171	1	phase_loop[1170]	1788609602310841	9028	0fb354f76b512b40	50fca8cb2fb15c5e
1788609602330834127	1172	1	phase_loop[1171]	1788609602320962	8908	cbfd5a0705f3fab4	50fca8cb2fb15c5e
1788609602340645406	1173	1	phase_loop[1172]	1788609602331080	8789	814abf3cdc2fcc4a	50fca8cb2fb15c5e
1788609602350500267	1174	1	phase_loop[1173]	1788609602340837	9031	46229b3d08b7250c	50fca8cb2fb15c5e
1788609602360674002	1175	1	phase_loop[1174]	1788609602350683	9186	8d994909013678f3	50fca8cb2fb15c5e
1788609602370652478	1176	1	phase_loop[1175]	1788609602360880	8988	1467682a85593363	50fca8cb2fb15c5e
1788609602380726845	1177	1	phase_loop[1176]	1788609602370929	8942	f5e00ee02d810e70	50fca8cb2fb15c5e
1788609602391410205	1178	1	phase_loop[1177]	1788609602381027	8843	a54e53c979d5886b	50fca8cb2fb15c5e
1788609602400769839	1179	1	phase_loop[1178]	1788609602391673	8197	7d86aca5c9568a95	50fca8cb2fb15c5e
1788609602410687349	1180	1	phase_loop[1179]	1788609602401085	8784	d253e3fd5cfa1c76	50fca8cb2fb15c5e
1788609602420726078	1181	1	phase_loop[1180]	1788609602410889	8980	7ee372beceaf8545	50fca8cb2fb15c5e
1788609602430665320	1182	1	phase_loop[1181]	1788609602420952	8917	c988fdeeddb9e521	50fca8cb2fb15c5e
1788609602443216557	1183	1	phase_loop[1182]	1788609602430902	8969	3fe34b6b67a3bcf7	50fca8cb2fb15c5e
1788609602452242298	1184	1	phase_loop[1183]	1788609602443461	6406	643f9fd20581dfc4	50fca8cb2fb15c5e
1788609602460683773	1185	1	phase_loop[1184]	1788609602452505	7364	2788965cae286ca1	50fca8cb2fb15c5e
1788609602470738082	1186	1	phase_loop[1185]	1788609602460887	8983	2aa4cc3418b87361	50fca8cb2fb15c5e
1788609602480650783	1187	1	phase_loop[1186]	1788609602471019	8850	144a21a060dea1f8	50fca8cb2fb15c5e
1788609602490708148	1188	1	phase_loop[1187]	1788609602480887	8985	b1f5a59cd4f7579b	50fca8cb2fb15c5e
1788609602501406687	1189	1	phase_loop[1188]	1788609602490932	8986	86ccfcc30e4d26d3	50fca8cb2fb15c5e
1788609602510763094	1190	1	phase_loop[1189]	1788609602501643	8227	9bdef8fa1cfc1e33	50fca8cb2fb15c5e
1788609602520629938	1191	1	phase_loop[1190]	1788609602511059	8810	2baa232c2f685ab8	50fca8cb2fb15c5e
1788609602530729884	1192	1	phase_loop[1191]	1788609602520820	9050	b1131e58c61fb155	50fca8cb2fb15c5e
1788609602540648766	1193	1	phase_loop[1192]	1788609602530963	8908	d200c767d4d9c0b5	50fca8cb2fb15c5e
1788609602550573290	1194	1	phase_loop[1193]	1788609602540902	8965	b0c4e2b798bfe308	50fca8cb2fb15c5e
1788609602560798833	1195	1	phase_loop[1194]	1788609602550769	9099	fddd5543471f275d	50fca8cb2fb15c5e
1788609602571610025	1196	1	phase_loop[1195]	1788609602561228	8642	a0f688a219936781	50fca8cb2fb15c5e
1788609602580626178	1197	1	phase_loop[1196]	1788609602571884	7984	1c74477f7f3ea0c7	50fca8cb2fb15c5e
1788609602590596338	1198	1	phase_loop[1197]	1788609602580814	9053	1fa4ab788de5e749	50fca8cb2fb15c5e
1788609602601378345	1199	1	phase_loop[1198]	1788609602590814	9054	c0827d3122478742	50fca8cb2fb15c5e
1788609602610653909	1200	1	phase_loop[1199]	1788609602601604	8265	829e6440aed4e0b0	50fca8cb2fb15c5e
1788609602620628548	1201	1	phase_loop[1200]	1788609602610841	9028	cbf90d076ae87a7b	50fca8cb2fb15c5e
1788609602630624987	1202	1	phase_loop[1201]	1788609602620817	9051	5db97f595fbd7973	50fca8cb2fb15c5e
1788609602640935351	1203	1	phase_loop[1202]	1788609602630818	9052	bc6606c51d8e02ab	50fca8cb2fb15c5e
1788609602650672079	1204	1	phase_loop[1203]	1788609602641174	8695	ce9b5caffeaed5e7	50fca8cb2fb15c5e
1788609602660638361	1205	1	phase_loop[1204]	1788609602650875	8996	c28b16789a8dbc0b	50fca8cb2fb15c5e
1788609602670879624	1206	1	phase_loop[1205]	1788609602660831	9041	f878432666580da3	50fca8cb2fb15c5e
1788609602680634346	1207	1	phase_loop[1206]	1788609602671116	8753	27bbea93e58094d4	50fca8cb2fb15c5e
1788609602690648719	1208	1	phase_loop[1207]	1788609602680820	9048	e865d63dac849a60	50fca8cb2fb15c5e
1788609602700651641	1209	1	phase_loop[1208]	1788609602690848	9019	dc5544f91d2dc81a	50fca8cb2fb15c5e
1788609602710709236	1210	1	phase_loop[1209]	1788609602700865	9005	f40f288587170f30	50fca8cb2fb15c5e
1788609602720700666	1211	1	phase_loop[1210]	1788609602710911	8957	aefe1f2dd97c4aa6	50fca8cb2fb15c5e
1788609602730795502	1212	1	phase_loop[1211]	1788609602720952	8917	c0f54534db02fa29	50fca8cb2fb15c5e
1788609602740719975	1213	1	phase_loop[1212]	1788609602731064	8806	ffafbb568eff24b7	50fca8cb2fb15c5e
1788609602750629480	1214	1	phase_loop[1213]	1788609602740961	8908	8773c689e4c5d09f	50fca8cb2fb15c5e
1788609602760632512	1215	1	phase_loop[1214]	1788609602750819	9051	7221079a5ee0829f	50fca8cb2fb15c5e
1788609602771138597	1216	1	phase_loop[1215]	1788609602760825	9044	bfb5cc07bdfe760e	50fca8cb2fb15c5e
1788609602780632765	1217	1	phase_loop[1216]	1788609602771359	8510	09cd7f90db3aa224	50fca8cb2fb15c5e
1788609602790752287	1218	1	phase_loop[1217]	1788609602780820	9046	4d34546f687a9f70	50fca8cb2fb15c5e
1788609602801000604	1219	1	phase_loop[1218]	1788609602791027	8844	309aecd88e3635fe	50fca8cb2fb15c5e
1788609602810647982	1220	1	phase_loop[1219]	1788609602801237	8633	c9e543c6c807ee58	50fca8cb2fb15c5e
1788609602820511720	1221	1	phase_loop[1220]	1788609602810835	9031	3e3504dd719e2493	50fca8cb2fb15c5e
1788609602830911163	1222	1	phase_loop[1221]	1788609602820695	9220	5cd47216fc6cbb9a	50fca8cb2fb15c5e
1788609602840668620	1223	1	phase_loop[1222]	1788609602831157	8713	2fba07210e12a90c	50fca8cb2fb15c5e
1788609602850534462	1224	1	phase_loop[1223]	1788609602840856	9010	034fd80b3b3ef157	50fca8cb2fb15c5e
1788609602860638075	1225	1	phase_loop[1224]	1788609602850717	9163	29e72f45a8ae5844	50fca8cb2fb15c5e
1788609602871422686	1226	1	phase_loop[1225]	1788609602860858	9011	1ce773aa1142f146	50fca8cb2fb15c5e
1788609602880630322	1227	1	phase_loop[1226]	1788609602871656	8213	3e9142fb8317b44e	50fca8cb2fb15c5e
1788609602890907313	1228	1	phase_loop[1227]	1788609602880825	9044	e357e34fd62276fd	50fca8cb2fb15c5e
1788609602900834371	1229	1	phase_loop[1228]	1788609602891315	8556	c4c442cde960b8f0	50fca8cb2fb15c5e
1788609602910753654	1230	1	phase_loop[1229]	1788609602901114	8755	5057b9e648108aa8	50fca8cb2fb15c5e
1788609602920509568	1231	1	phase_loop[1230]	1788609602910977	8890	51b75a3cac83b832	50fca8cb2fb15c5e
1788609602930794805	1232	1	phase_loop[1231]	1788609602920689	9181	21347572fa9dbcbf	50fca8cb2fb15c5e
1788609602940672960	1233	1	phase_loop[1232]	1788609602931074	8796	51e9428412076636	50fca8cb2fb15c5e
1788609602950504127	1234	1	phase_loop[1233]	1788609602940863	9003	c03b24cf2901e47b	50fca8cb2fb15c5e
1788609602960647454	1235	1	phase_loop[1234]	1788609602950689	9181	38ba25e4a9c1c3cb	50fca8cb2fb15c5e
1788609602970706302	1236	1	phase_loop[1235]	1788609602960844	9026	e74f8f800b8e08c3	50fca8cb2fb15c5e
1788609602980699966	1237	1	phase_loop[1236]	1788609602970939	8930	189731f3937352ac	50fca8cb2fb15c5e
1788609602990675917	1238	1	phase_loop[1237]	1788609602980887	8979	e791d3ed8b0d0aeb	50fca8cb2fb15c5e
1788609603001018201	1239	1	phase_loop[1238]	1788609602990922	8949	74d76b753770b248	50fca8cb2fb15c5e
1788609603010630403	1240	1	phase_loop[1239]	1788609603001254	8615	6162dd6557498d27	50fca8cb2fb15c5e
1788609603020648553	1241	1	phase_loop[1240]	1788609603010825	9044	e858af88bcab9c42	50fca8cb2fb15c5e
1788609603031652691	1242	1	phase_loop[1241]	1788609603020860	9011	58ebf3d2a5a1dae6	50fca8cb2fb15c5e
1788609603040698901	1243	1	phase_loop[1242]	1788609603031887	7985	16f29943f5bd3e85	50fca8cb2fb15c5e
1788609603050634475	1244	1	phase_loop[1243]	1788609603040923	8945	bdc96bab2f7f79cf	50fca8cb2fb15c5e
1788609603060653838	1245	1	phase_loop[1244]	1788609603050822	9048	8343af5dbb939c4e	50fca8cb2fb15c5e
1788609603070697607	1246	1	phase_loop[1245]	1788609603060846	9022	56b1c8fb6d6e45e6	50fca8cb2fb15c5e
1788609603080511841	1247	1	phase_loop[1246]	1788609603070936	8932	5376e87ca5bc53f9	50fca8cb2fb15c5e
1788609603090664256	1248	1	phase_loop[1247]	1788609603080690	9178	8ff48ba1db280c08	50fca8cb2fb15c5e
1788609603100798145	1249	1	phase_loop[1248]	1788609603090905	8966	a3fb454c23d3f9bb	50fca8cb2fb15c5e
1788609603110661302	1250	1	phase_loop[1249]	1788609603101069	8801	13b3687a783f3946	50fca8cb2fb15c5e
1788609603120512827	1251	1	phase_loop[1250]	1788609603110849	9017	8718c5fbaaa3e91b	50fca8cb2fb15c5e
1788609603131038659	1252	1	phase_loop[1251]	1788609603120693	9174	bbd2b582653b7511	50fca8cb2fb15c5e
1788609603140661591	1253	1	phase_loop[1252]	1788609603131291	8579	eb37705424f9050b	50fca8cb2fb15c5e
1788609603150510381	1254	1	phase_loop[1253]	1788609603140861	9005	7846790b7601d43c	50fca8cb2fb15c5e
1788609603160675810	1255	1	phase_loop[1254]	1788609603150690	9220	24c120c6cf1ad493	50fca8cb2fb15c5e
1788609603170748964	1256	1	phase_loop[1255]	1788609603160864	9008	8e9d1903fd95e213	50fca8cb2fb15c5e
1788609603180631177	1257	1	phase_loop[1256]	1788609603171017	8852	49f96272857533e8	50fca8cb2fb15c5e
1788609603191441698	1258	1	phase_loop[1257]	1788609603180819	9052	f94606fa267cb2d4	50fca8cb2fb15c5e
1788609603201280830	1259	1	phase_loop[1258]	1788609603191701	8171	ebfa2092b65e3a7f	50fca8cb2fb15c5e
1788609603210711157	1260	1	phase_loop[1259]	1788609603201559	8312	d604a00874d30698	50fca8cb2fb15c5e
1788609603220504913	1261	1	phase_loop[1260]	1788609603210899	8967	2c05cefdf4b26d7d	50fca8cb2fb15c5e
1788609603230943469	1262	1	phase_loop[1261]	1788609603220684	9185	501c54a98dbe7d1b	50fca8cb2fb15c5e
1788609603240704894	1263	1	phase_loop[1262]	1788609603231192	8679	d726dbd012e19018	50fca8cb2fb15c5e
1788609603250470225	1264	1	phase_loop[1263]	1788609603240903	8962	3fd88bbab1f31ec6	50fca8cb2fb15c5e
1788609603260640484	1265	1	phase_loop[1264]	1788609603250648	9221	0d8b19c8d9c52538	50fca8cb2fb15c5e
1788609603270796595	1266	1	phase_loop[1265]	1788609603260831	9039	ba37d16ad3ec6549	50fca8cb2fb15c5e
1788609603280732620	1267	1	phase_loop[1266]	1788609603271070	8800	90c6067a5b69241e	50fca8cb2fb15c5e
1788609603290654428	1268	1	phase_loop[1267]	1788609603280976	8890	a1712bb6c2b71167	50fca8cb2fb15c5e
1788609603300778700	1269	1	phase_loop[1268]	1788609603290908	8964	d63b8fa11d472af7	50fca8cb2fb15c5e
1788609603310652136	1270	1	phase_loop[1269]	1788609603301028	8842	4d879b21a24e75b1	50fca8cb2fb15c5e
1788609603320644848	1271	1	phase_loop[1270]	1788609603310845	9025	8bce19564bf2774c	50fca8cb2fb15c5e
1788609603330788737	1272	1	phase_loop[1271]	1788609603320832	9042	85e30f941cbff1c9	50fca8cb2fb15c5e
1788609603340657955	1273	1	phase_loop[1272]	1788609603331072	8796	c111781d77c3a6e3	50fca8cb2fb15c5e
1788609603350573952	1274	1	phase_loop[1273]	1788609603340882	8986	6d9c82dded0327d4	50fca8cb2fb15c5e
1788609603360713122	1275	1	phase_loop[1274]	1788609603350765	9105	58305afd31112fbd	50fca8cb2fb15c5e
1788609603370692419	1276	1	phase_loop[1275]	1788609603360946	8925	ba55e36666adf6df	50fca8cb2fb15c5e
1788609603380572448	1277	1	phase_loop[1276]	1788609603370940	8929	2af5feedc4d3c649	50fca8cb2fb15c5e
1788609603390661111	1278	1	phase_loop[1277]	1788609603380775	9092	7ad346a8216bfa9e	50fca8cb2fb15c5e
1788609603400955235	1279	1	phase_loop[1278]	1788609603390897	8973	7f1445b4505fba30	50fca8cb2fb15c5e
1788609603410648981	1280	1	phase_loop[1279]	1788609603401196	8675	35f82794b23e6420	50fca8cb2fb15c5e
1788609603420514061	1281	1	phase_loop[1280]	1788609603410836	9030	b13608e4e06c8088	50fca8cb2fb15c5e
1788609603430766686	1282	1	phase_loop[1281]	1788609603420696	9173	a17daf9bb33dd2bf	50fca8cb2fb15c5e
1788609603440731164	1283	1	phase_loop[1282]	1788609603431037	8838	9350555e1599c347	50fca8cb2fb15c5e
1788609603450647342	1284	1	phase_loop[1283]	1788609603440957	8913	b54482357a572b1e	50fca8cb2fb15c5e
1788609603460646677	1285	1	phase_loop[1284]	1788609603450836	9033	6e270a10d51ab78f	50fca8cb2fb15c5e
1788609603470620643	1286	1	phase_loop[1285]	1788609603460840	9031	64e7e0bcf415afb4	50fca8cb2fb15c5e
1788609603480642140	1287	1	phase_loop[1286]	1788609603470822	9046	50f6c0599319908f	50fca8cb2fb15c5e
1788609603490762514	1288	1	phase_loop[1287]	1788609603480835	9065	ed6b0b8604cb82df	50fca8cb2fb15c5e
1788609603500874552	1289	1	phase_loop[1288]	1788609603491050	8821	0f58e1801bbd3fc5	50fca8cb2fb15c5e
1788609603510676694	1290	1	phase_loop[1289]	1788609603501151	8719	ed7028c5aa4cfa67	50fca8cb2fb15c5e
1788609603520511998	1291	1	phase_loop[1290]	1788609603510874	8993	fdfa05a0c01cfa24	50fca8cb2fb15c5e
1788609603531659297	1292	1	phase_loop[1291]	1788609603520693	9177	98dbd5c306ee90b1	50fca8cb2fb15c5e
1788609603540669619	1293	1	phase_loop[1292]	1788609603531897	7973	8d6d6c400fcc266d	50fca8cb2fb15c5e
1788609603550477962	1294	1	phase_loop[1293]	1788609603540865	9001	ce1838f45c34f2bd	50fca8cb2fb15c5e
1788609603560640335	1295	1	phase_loop[1294]	1788609603550653	9215	8a659c368d272b49	50fca8cb2fb15c5e
1788609603570705695	1296	1	phase_loop[1295]	1788609603560837	9033	f8ec92fbd1d7b6ba	50fca8cb2fb15c5e
1788609603580671516	1297	1	phase_loop[1296]	1788609603570939	8930	4b48ae115898d625	50fca8cb2fb15c5e
1788609603590649280	1298	1	phase_loop[1297]	1788609603580857	9010	045663d0422e0d32	50fca8cb2fb15c5e
1788609603600947792	1299	1	phase_loop[1298]	1788609603590881	8990	487bffbb3b2a4078	50fca8cb2fb15c5e
1788609603610654222	1300	1	phase_loop[1299]	1788609603601234	8634	d95ce67f4f154b2f	50fca8cb2fb15c5e
1788609603620650681	1301	1	phase_loop[1300]	1788609603610845	9025	ddad5dd172179958	50fca8cb2fb15c5e
1788609603631403593	1302	1	phase_loop[1301]	1788609603620839	9030	3080b4d396170e11	50fca8cb2fb15c5e
1788609603640657807	1303	1	phase_loop[1302]	1788609603631652	8217	9d8f9a766e36e0fd	50fca8cb2fb15c5e
1788609603650474295	1304	1	phase_loop[1303]	1788609603640846	9020	e2212db38c632821	50fca8cb2fb15c5e
1788609603660667878	1305	1	phase_loop[1304]	1788609603650660	9210	5d8466aaf23e8d5b	50fca8cb2fb15c5e
1788609603670838657	1306	1	phase_loop[1305]	1788609603660858	9013	6df9faa79f5dff70	50fca8cb2fb15c5e
1788609603680640769	1307	1	phase_loop[1306]	1788609603671074	8796	40d294b405001c98	50fca8cb2fb15c5e
1788609603690642188	1308	1	phase_loop[1307]	1788609603680856	9011	de2feb864bd910f7	50fca8cb2fb15c5e
1788609603700906003	1309	1	phase_loop[1308]	1788609603690900	8971	c0ea9fb480b9fa69	50fca8cb2fb15c5e
1788609603710654042	1310	1	phase_loop[1309]	1788609603701155	8716	c1d62c0343952d19	50fca8cb2fb15c5e
1788609603720516358	1311	1	phase_loop[1310]	1788609603710844	9022	aa6f56bfe4bad7ee	50fca8cb2fb15c5e
1788609603730849074	1312	1	phase_loop[1311]	1788609603720701	9168	b681aeadecc82773	50fca8cb2fb15c5e
1788609603740651716	1313	1	phase_loop[1312]	1788609603731090	8779	28b69f8aaf922f12	50fca8cb2fb15c5e
1788609603750537506	1314	1	phase_loop[1313]	1788609603740843	9023	25d72926c7e2f014	50fca8cb2fb15c5e
1788609603760628023	1315	1	phase_loop[1314]	1788609603750724	9145	a7f5c7ffdf1e7a5a	50fca8cb2fb15c5e
1788609603771419358	1316	1	phase_loop[1315]	1788609603760827	9046	c36ab5f97754fea1	50fca8cb2fb15c5e
1788609603780654475	1317	1	phase_loop[1316]	1788609603771666	8201	2c3949b6f6568497	50fca8cb2fb15c5e
1788609603790658940	1318	1	phase_loop[1317]	1788609603780845	9023	d25dbe6fc70a8139	50fca8cb2fb15c5e
1788609603800859085	1319	1	phase_loop[1318]	1788609603790899	8973	43918b81360da01d	50fca8cb2fb15c5e
1788609603810649304	1320	1	phase_loop[1319]	1788609603801093	8775	22f5a60675d2273f	50fca8cb2fb15c5e
1788609603820576622	1321	1	phase_loop[1320]	1788609603810844	9060	c1d4cf4cb1f1c704	50fca8cb2fb15c5e
1788609603831549330	1322	1	phase_loop[1321]	1788609603820762	9108	04a3a135b21c2d81	50fca8cb2fb15c5e
1788609603840687144	1323	1	phase_loop[1322]	1788609603831803	8068	a2115ba828b50ea5	50fca8cb2fb15c5e
1788609603850601277	1324	1	phase_loop[1323]	1788609603840897	8969	d9d9672382bd7b7c	50fca8cb2fb15c5e
1788609603860689971	1325	1	phase_loop[1324]	1788609603850830	9038	72c4ddfda61b213c	50fca8cb2fb15c5e
1788609603870621007	1326	1	phase_loop[1325]	1788609603860920	8949	534c358770f1967e	50fca8cb2fb15c5e
1788609603880607447	1327	1	phase_loop[1326]	1788609603870846	9021	c24cbf8457edf46d	50fca8cb2fb15c5e
1788609603890684268	1328	1	phase_loop[1327]	1788609603880798	9068	b97fbf9a03712233	50fca8cb2fb15c5e
1788609603900782070	1329	1	phase_loop[1328]	1788609603890924	8946	d284d9652b476e71	50fca8cb2fb15c5e
1788609603910671827	1330	1	phase_loop[1329]	1788609603901073	8797	f16f0e3e38241abc	50fca8cb2fb15c5e
1788609603920646335	1331	1	phase_loop[1330]	1788609603910864	9006	187bc583d2cae8bc	50fca8cb2fb15c5e
1788609603930824588	1332	1	phase_loop[1331]	1788609603920840	9029	515e80e6cbf1ade4	50fca8cb2fb15c5e
1788609603940651747	1333	1	phase_loop[1332]	1788609603931072	8798	587c306174f206b9	50fca8cb2fb15c5e
1788609603950527909	1334	1	phase_loop[1333]	1788609603940865	9002	6d2e6b59094167ba	50fca8cb2fb15c5e
1788609603960615641	1335	1	phase_loop[1334]	1788609603950716	9154	174a979e0af6703b	50fca8cb2fb15c5e
1788609603970773907	1336	1	phase_loop[1335]	1788609603960807	9063	86c4b22e8ef67c05	50fca8cb2fb15c5e
1788609603980645710	1337	1	phase_loop[1336]	1788609603971022	8848	7aa20c759399b6cf	50fca8cb2fb15c5e
1788609603990716160	1338	1	phase_loop[1337]	1788609603980861	9007	43c728c697559911	50fca8cb2fb15c5e
1788609604000780938	1339	1	phase_loop[1338]	1788609603990983	8887	81131f9863f91798	50fca8cb2fb15c5e
1788609604010724277	1340	1	phase_loop[1339]	1788609604001050	8824	3839ba7930b5dbda	50fca8cb2fb15c5e
1788609604020646886	1341	1	phase_loop[1340]	1788609604010969	8900	67ec0ca6501680f0	50fca8cb2fb15c5e
1788609604030776197	1342	1	phase_loop[1341]	1788609604020842	9028	5d6147510e43677e	50fca8cb2fb15c5e
1788609604040663580	1343	1	phase_loop[1342]	1788609604031056	8814	5c222a7773f8b562	50fca8cb2fb15c5e
1788609604050633469	1344	1	phase_loop[1343]	1788609604040855	9014	07aea5cfa55c164b	50fca8cb2fb15c5e
1788609604060626331	1345	1	phase_loop[1344]	1788609604050823	9046	6499b2773ee41b25	50fca8cb2fb15c5e
1788609604070645233	1346	1	phase_loop[1345]	1788609604060819	9051	c54ed56ae6f9dd6c	50fca8cb2fb15c5e
1788609604080651501	1347	1	phase_loop[1346]	1788609604070841	9027	8d37ea2b2b954628	50fca8cb2fb15c5e
1788609604090652498	1348	1	phase_loop[1347]	1788609604080842	9026	2267c29c64e71d87	50fca8cb2fb15c5e
1788609604100887930	1349	1	phase_loop[1348]	1788609604090912	8958	135bba6e198a3dcd	50fca8cb2fb15c5e
1788609604110631190	1350	1	phase_loop[1349]	1788609604101157	8712	38e58ad191a74df4	50fca8cb2fb15c5e
1788609604120518032	1351	1	phase_loop[1350]	1788609604110826	9039	f969c3604aefd612	50fca8cb2fb15c5e
1788609604131487483	1352	1	phase_loop[1351]	1788609604120698	9173	58badca08afc6e47	50fca8cb2fb15c5e
1788609604140713373	1353	1	phase_loop[1352]	1788609604131731	8140	f9a15ce117ea47ce	50fca8cb2fb15c5e
1788609604150707208	1354	1	phase_loop[1353]	1788609604140970	8941	a9d31a751cbea8c4	50fca8cb2fb15c5e
1788609604160862968	1355	1	phase_loop[1354]	1788609604150938	8932	724664cc928d4ee2	50fca8cb2fb15c5e
1788609604170912608	1356	1	phase_loop[1355]	1788609604161098	8778	431fcab2fceec90b	50fca8cb2fb15c5e
1788609604180649296	1357	1	phase_loop[1356]	1788609604171152	8717	51d33e500181d1f2	50fca8cb2fb15c5e
1788609604190665272	1358	1	phase_loop[1357]	1788609604180838	9029	37e55ae2e1363f55	50fca8cb2fb15c5e
1788609604200941721	1359	1	phase_loop[1358]	1788609604190905	8965	15d51858d10b45e0	50fca8cb2fb15c5e
1788609604210671866	1360	1	phase_loop[1359]	1788609604201266	8604	f853b54b82ba06da	50fca8cb2fb15c5e
1788609604220642497	1361	1	phase_loop[1360]	1788609604210870	9001	9563ec0ac7b6f5d4	50fca8cb2fb15c5e
1788609604230847100	1362	1	phase_loop[1361]	1788609604220830	9039	f7058c8a336fbc39	50fca8cb2fb15c5e
1788609604240779017	1363	1	phase_loop[1362]	1788609604231094	8777	7b08c63c932a2800	50fca8cb2fb15c5e
1788609604250489174	1364	1	phase_loop[1363]	1788609604241016	8850	de02aff1c46b352d	50fca8cb2fb15c5e
1788609604260650596	1365	1	phase_loop[1364]	1788609604250669	9200	85ae0cbb03c16de7	50fca8cb2fb15c5e
1788609604270729571	1366	1	phase_loop[1365]	1788609604260843	9026	89d94eb50913db94	50fca8cb2fb15c5e
1788609604280651770	1367	1	phase_loop[1366]	1788609604270975	8896	6de7dd3359d0c92f	50fca8cb2fb15c5e
1788609604290653519	1368	1	phase_loop[1367]	1788609604280844	9022	97b6509dd5848815	50fca8cb2fb15c5e
1788609604300731142	1369	1	phase_loop[1368]	1788609604290905	8969	f90d3e89d2c81810	50fca8cb2fb15c5e
1788609604310830025	1370	1	phase_loop[1369]	1788609604301029	8840	4d0cbd9329d97e75	50fca8cb2fb15c5e
1788609604320719411	1371	1	phase_loop[1370]	1788609604311054	8815	44635d5d887c1ecc	50fca8cb2fb15c5e
1788609604330793147	1372	1	phase_loop[1371]	1788609604320959	8911	38586087abc1d5f9	50fca8cb2fb15c5e
1788609604340647427	1373	1	phase_loop[1372]	1788609604331067	8802	88c01a20a2e6ece1	50fca8cb2fb15c5e
1788609604350785795	1374	1	phase_loop[1373]	1788609604340850	9018	fce4de80f7a2d93d	50fca8cb2fb15c5e
1788609604360645044	1375	1	phase_loop[1374]	1788609604351044	8825	a544a901d69c3c86	50fca8cb2fb15c5e
1788609604372145401	1376	1	phase_loop[1375]	1788609604360837	9039	d88b3c8a743923bc	50fca8cb2fb15c5e
1788609604380635448	1377	1	phase_loop[1376]	1788609604372469	7399	fab24725afe1e5cc	50fca8cb2fb15c5e
1788609604390755281	1378	1	phase_loop[1377]	1788609604380836	9031	10b40e324eac7db6	50fca8cb2fb15c5e
1788609604400917203	1379	1	phase_loop[1378]	1788609604391033	8839	383d511c234002a1	50fca8cb2fb15c5e
1788609604410637249	1380	1	phase_loop[1379]	1788609604401267	8603	746d7dd4b76b5b03	50fca8cb2fb15c5e
1788609604420638548	1381	1	phase_loop[1380]	1788609604410856	9012	3d9ef3ad736d0350	50fca8cb2fb15c5e
1788609604431538648	1382	1	phase_loop[1381]	1788609604420829	9040	167d88ca9233cef0	50fca8cb2fb15c5e
1788609604441884509	1383	1	phase_loop[1382]	1788609604431795	8076	de1aa3021ac597e7	50fca8cb2fb15c5e
1788609604451222201	1384	1	phase_loop[1383]	1788609604442126	7743	00c4c7029e5163ef	50fca8cb2fb15c5e
1788609604461472741	1385	1	phase_loop[1384]	1788609604451496	8372	29f8d90dce11ca34	50fca8cb2fb15c5e
1788609604471491072	1386	1	phase_loop[1385]	1788609604461716	8162	959f5be0f8956918	50fca8cb2fb15c5e
1788609604481007211	1387	1	phase_loop[1386]	1788609604471723	8183	750ac4bd3082a6ce	50fca8cb2fb15c5e
1788609604491492626	1388	1	phase_loop[1387]	1788609604481229	8644	793c95cea4948da2	50fca8cb2fb15c5e
1788609604501049894	1389	1	phase_loop[1388]	1788609604491724	8147	554f608b8c0b86bc	50fca8cb2fb15c5e
1788609604510637008	1390	1	phase_loop[1389]	1788609604501290	8578	066fc31e915f9d50	50fca8cb2fb15c5e
1788609604520629409	1391	1	phase_loop[1390]	1788609604510949	8921	be550de25b27db4d	50fca8cb2fb15c5e
1788609604532322041	1392	1	phase_loop[1391]	1788609604520821	9049	e46197e4d5edefb4	50fca8cb2fb15c5e
1788609604541644704	1393	1	phase_loop[1392]	1788609604532601	7270	dc25a6f506100435	50fca8cb2fb15c5e
1788609604550677168	1394	1	phase_loop[1393]	1788609604542008	7862	3d54251eed12228b	50fca8cb2fb15c5e
1788609604560665081	1395	1	phase_loop[1394]	1788609604550891	8977	f75a6ffb7b34b748	50fca8cb2fb15c5e
1788609604571009960	1396	1	phase_loop[1395]	1788609604560875	8993	4c21c07d17241624	50fca8cb2fb15c5e
1788609604580630397	1397	1	phase_loop[1396]	1788609604571309	8561	31fc54bb088f9015	50fca8cb2fb15c5e
1788609604590666130	1398	1	phase_loop[1397]	1788609604580841	9027	de0ad590f62eb9dd	50fca8cb2fb15c5e
1788609604601704833	1399	1	phase_loop[1398]	1788609604590929	8940	6dfac5933bb6c53c	50fca8cb2fb15c5e
1788609604610688565	1400	1	phase_loop[1399]	1788609604601964	7906	0e1026cfe0d053dc	50fca8cb2fb15c5e
1788609604620632825	1401	1	phase_loop[1400]	1788609604610903	8966	58b3ef47922a44c2	50fca8cb2fb15c5e
1788609604632041779	1402	1	phase_loop[1401]	1788609604620830	9041	3febde2ae9b28875	50fca8cb2fb15c5e
1788609604640970617	1403	1	phase_loop[1402]	1788609604632364	7509	2eeb6b26769c308d	50fca8cb2fb15c5e
1788609604650643603	1404	1	phase_loop[1403]	1788609604641253	8615	cf3f6ced0f6931ad	50fca8cb2fb15c5e
1788609604660694145	1405	1	phase_loop[1404]	1788609604650844	9024	34b9bc07b21b04fb	50fca8cb2fb15c5e
1788609604672171759	1406	1	phase_loop[1405]	1788609604660916	8953	7d828fe45bf609d6	50fca8cb2fb15c5e
1788609604680753820	1407	1	phase_loop[1406]	1788609604672394	7473	4e11ddf5237509b2	50fca8cb2fb15c5e
1788609604690622798	1408	1	phase_loop[1407]	1788609604680977	8891	193002c4278b090a	50fca8cb2fb15c5e
1788609604701061534	1409	1	phase_loop[1408]	1788609604690812	9060	76cb11078b5015ba	50fca8cb2fb15c5e
1788609604710687562	1410	1	phase_loop[1409]	1788609604701427	8443	cc572398a5712d14	50fca8cb2fb15c5e
1788609604721587162	1411	1	phase_loop[1410]	1788609604710907	8965	b9de2c1a5364ab9c	50fca8cb2fb15c5e
1788609604730628753	1412	1	phase_loop[1411]	1788609604721832	8037	cbdc58134f344a35	50fca8cb2fb15c5e
1788609604740623739	1413	1	phase_loop[1412]	1788609604730816	9052	5eadfc51a88a2983	50fca8cb2fb15c5e
1788609604751538237	1414	1	phase_loop[1413]	1788609604740810	9062	a3c00be6a8bc6826	50fca8cb2fb15c5e
1788609604761013259	1415	1	phase_loop[1414]	1788609604751843	8028	9cc8da57318b68d7	50fca8cb2fb15c5e
1788609604770667139	1416	1	phase_loop[1415]	1788609604761248	8621	b3fff4d8b28b8285	50fca8cb2fb15c5e
1788609604780685780	1417	1	phase_loop[1416]	1788609604770878	8994	16d53ca5a4e26516	50fca8cb2fb15c5e
1788609604790983941	1418	1	phase_loop[1417]	1788609604780907	8962	9eed47759b036fcc	50fca8cb2fb15c5e
1788609604802041780	1419	1	phase_loop[1418]	1788609604791262	8607	034af599e57e5a04	50fca8cb2fb15c5e
1788609604810743878	1420	1	phase_loop[1419]	1788609604802382	7531	841f5d74cbe64563	50fca8cb2fb15c5e
1788609604820644265	1421	1	phase_loop[1420]	1788609604811138	8730	b0566a91c5739a35	50fca8cb2fb15c5e
1788609604832314674	1422	1	phase_loop[1421]	1788609604820847	9024	4eee7d8583da98f7	50fca8cb2fb15c5e
1788609604840655118	1423	1	phase_loop[1422]	1788609604832557	7311	8734ba282d4153e0	50fca8cb2fb15c5e
1788609604850747489	1424	1	phase_loop[1423]	1788609604840861	9007	f213c6438c3c8fa8	50fca8cb2fb15c5e
1788609604860679716	1425	1	phase_loop[1424]	1788609604851058	8811	0f8a36115541a662	50fca8cb2fb15c5e
1788609604870679712	1426	1	phase_loop[1425]	1788609604860892	8976	f44a11969ddcb86f	50fca8cb2fb15c5e
1788609604880647798	1427	1	phase_loop[1426]	1788609604870906	8962	02ac905805f09962	50fca8cb2fb15c5e
1788609604890653034	1428	1	phase_loop[1427]	1788609604880853	9015	509b8db48be5b5bd	50fca8cb2fb15c5e
1788609604900755033	1429	1	phase_loop[1428]	1788609604890905	8967	c105b5d7086ccb5b	50fca8cb2fb15c5e
1788609604910639159	1430	1	phase_loop[1429]	1788609604900999	8870	ba8933898847f81f	50fca8cb2fb15c5e
1788609604920520911	1431	1	phase_loop[1430]	1788609604910836	9030	c97dda691e81c0ff	50fca8cb2fb15c5e
1788609604930778294	1432	1	phase_loop[1431]	1788609604920703	9166	b6d9a44db5ddfc1b	50fca8cb2fb15c5e
1788609604940632073	1433	1	phase_loop[1432]	1788609604931046	8823	f18631adabca016d	50fca8cb2fb15c5e
1788609604950622060	1434	1	phase_loop[1433]	1788609604940850	9019	354d747c39826bcc	50fca8cb2fb15c5e
1788609604960693001	1435	1	phase_loop[1434]	1788609604950826	9044	a8d0eb1e363d2c91	50fca8cb2fb15c5e
1788609604970664062	1436	1	phase_loop[1435]	1788609604960920	8950	f36516d819d1fab1	50fca8cb2fb15c5e
1788609604980657275	1437	1	phase_loop[1436]	1788609604970872	8997	97e5fdc2baf3becd	50fca8cb2fb15c5e
1788609604990630280	1438	1	phase_loop[1437]	1788609604980849	9018	c02ca7d36a0bd884	50fca8cb2fb15c5e
1788609605000750794	1439	1	phase_loop[1438]	1788609604990869	9002	5bdd5bd1a84777e2	50fca8cb2fb15c5e
1788609605010648847	1440	1	phase_loop[1439]	1788609605001016	8854	2b924416210a25f5	50fca8cb2fb15c5e
1788609605020521040	1441	1	phase_loop[1440]	1788609605010852	9015	7dfc878099311467	50fca8cb2fb15c5e
1788609605030644239	1442	1	phase_loop[1441]	1788609605020701	9168	b6e98295a007a262	50fca8cb2fb15c5e
1788609605040711913	1443	1	phase_loop[1442]	1788609605030845	9025	4365b2297a3b4db0	50fca8cb2fb15c5e
1788609605050907109	1444	1	phase_loop[1443]	1788609605040964	8907	48eb699c8232d61d	50fca8cb2fb15c5e
1788609605060652533	1445	1	phase_loop[1444]	1788609605051216	8653	7710bb658145b0f3	50fca8cb2fb15c5e
1788609605070659542	1446	1	phase_loop[1445]	1788609605060861	9008	f5008802d2776b94	50fca8cb2fb15c5e
1788609605080611767	1447	1	phase_loop[1446]	1788609605070907	8963	08ef62c08a35f0e0	50fca8cb2fb15c5e
1788609605091123071	1448	1	phase_loop[1447]	1788609605080824	9044	a951f075fde38525	50fca8cb2fb15c5e
1788609605101067341	1449	1	phase_loop[1448]	1788609605092120	7750	787f8711a7483576	50fca8cb2fb15c5e
1788609605110752751	1450	1	phase_loop[1449]	1788609605101322	8547	447575f8b63afa51	50fca8cb2fb15c5e
1788609605120744742	1451	1	phase_loop[1450]	1788609605111016	8854	b3f8d0440d0d50d0	50fca8cb2fb15c5e
1788609605131668988	1452	1	phase_loop[1451]	1788609605121037	8832	8c178d3a662cd981	50fca8cb2fb15c5e
1788609605140727160	1453	1	phase_loop[1452]	1788609605131903	8009	839e31e8338c342b	50fca8cb2fb15c5e
1788609605150643307	1454	1	phase_loop[1453]	1788609605140930	8940	10dbaec9943f3d24	50fca8cb2fb15c5e
1788609605160673310	1455	1	phase_loop[1454]	1788609605150949	8919	88919bc1fbfdfd96	50fca8cb2fb15c5e
1788609605173051749	1456	1	phase_loop[1455]	1788609605160876	8993	335e840af19f638a	50fca8cb2fb15c5e
1788609605180714419	1457	1	phase_loop[1456]	1788609605173392	6478	8756471a9e2945f1	50fca8cb2fb15c5e
1788609605190768938	1458	1	phase_loop[1457]	1788609605181009	8864	9d96d239e188706f	50fca8cb2fb15c5e
1788609605200735390	1459	1	phase_loop[1458]	1788609605191038	8832	2db8ed2fb5143c95	50fca8cb2fb15c5e
1788609605210726219	1460	1	phase_loop[1459]	1788609605201059	8811	a5d9cc0fca636696	50fca8cb2fb15c5e
1788609605220518852	1461	1	phase_loop[1460]	1788609605210931	8936	9357c706b8be62ec	50fca8cb2fb15c5e
1788609605230793618	1462	1	phase_loop[1461]	1788609605220702	9167	9f5c980be79f013b	50fca8cb2fb15c5e
1788609605240633962	1463	1	phase_loop[1462]	1788609605231077	8792	f56e132a7b05a22a	50fca8cb2fb15c5e
1788609605250491488	1464	1	phase_loop[1463]	1788609605240823	9042	d60d1f726f3f2703	50fca8cb2fb15c5e
1788609605260862476	1465	1	phase_loop[1464]	1788609605250675	9194	7e28e1e39f37fa22	50fca8cb2fb15c5e
1788609605270706917	1466	1	phase_loop[1465]	1788609605261097	8773	6ecbaff5360d0ee8	50fca8cb2fb15c5e
1788609605280529537	1467	1	phase_loop[1466]	1788609605270976	8892	5b538f8447db1db5	50fca8cb2fb15c5e
1788609605290685979	1468	1	phase_loop[1467]	1788609605280803	9063	dce1880ad20f9169	50fca8cb2fb15c5e
1788609605300896403	1469	1	phase_loop[1468]	1788609605290929	8942	5e0a755be448a5d0	50fca8cb2fb15c5e
1788609605310648630	1470	1	phase_loop[1469]	1788609605301178	8691	138e8c4d7f36195e	50fca8cb2fb15c5e
1788609605320575878	1471	1	phase_loop[1470]	1788609605310845	9022	00b10176f36142df	50fca8cb2fb15c5e
1788609605330783447	1472	1	phase_loop[1471]	1788609605320760	9109	da6663a4748fed02	50fca8cb2fb15c5e
1788609605340664116	1473	1	phase_loop[1472]	1788609605331036	8834	a6116ad0f92aec1b	50fca8cb2fb15c5e
1788609605350709418	1474	1	phase_loop[1473]	1788609605340856	9013	84028140e81fc9d6	50fca8cb2fb15c5e
1788609605360627779	1475	1	phase_loop[1474]	1788609605350894	8975	ad988902b3107438	50fca8cb2fb15c5e
1788609605370699521	1476	1	phase_loop[1475]	1788609605360826	9044	dc0a395cd3458a4d	50fca8cb2fb15c5e
1788609605380499829	1477	1	phase_loop[1476]	1788609605370942	8926	a06b475a01b98fbe	50fca8cb2fb15c5e
1788609605390711615	1478	1	phase_loop[1477]	1788609605380693	9175	1ab55ae3927ab788	50fca8cb2fb15c5e
1788609605400735667	1479	1	phase_loop[1478]	1788609605390954	8915	89af0dc6eac6dc4a	50fca8cb2fb15c5e
1788609605410784375	1480	1	phase_loop[1479]	1788609605401006	8863	3d657abdc37a94f5	50fca8cb2fb15c5e
1788609605420582649	1481	1	phase_loop[1480]	1788609605411020	8848	2a4231ca2bcd9c34	50fca8cb2fb15c5e
1788609605431484502	1482	1	phase_loop[1481]	1788609605420773	9096	c8ca589f765567e5	50fca8cb2fb15c5e
1788609605440740659	1483	1	phase_loop[1482]	1788609605431731	8140	0eafd4aabe31b516	50fca8cb2fb15c5e
1788609605450552960	1484	1	phase_loop[1483]	1788609605440978	8890	132e3fb16a57fd74	50fca8cb2fb15c5e
1788609605460609212	1485	1	phase_loop[1484]	1788609605450783	9087	17f8c77f3893ed7c	50fca8cb2fb15c5e
1788609605470931318	1486	1	phase_loop[1485]	1788609605460804	9108	55867c3525a3364c	50fca8cb2fb15c5e
1788609605480642647	1487	1	phase_loop[1486]	1788609605471223	8646	c640a5c82edd8873	50fca8cb2fb15c5e
1788609605490655958	1488	1	phase_loop[1487]	1788609605480832	9033	b5d77400fcf6f474	50fca8cb2fb15c5e
1788609605500930013	1489	1	phase_loop[1488]	1788609605490893	8976	9f1a5c1dfd800048	50fca8cb2fb15c5e
1788609605510931561	1490	1	phase_loop[1489]	1788609605501218	8651	2a9e33e7da4c0c55	50fca8cb2fb15c5e
1788609605520533584	1491	1	phase_loop[1490]	1788609605511163	8705	c7a3a139a4545a8c	50fca8cb2fb15c5e
1788609605530883592	1492	1	phase_loop[1491]	1788609605520719	9151	5ff449cedd77d1a9	50fca8cb2fb15c5e
1788609605540643173	1493	1	phase_loop[1492]	1788609605531132	8739	e441f162235d928b	50fca8cb2fb15c5e
1788609605550519725	1494	1	phase_loop[1493]	1788609605540833	9035	402128199a9705f1	50fca8cb2fb15c5e
1788609605560630821	1495	1	phase_loop[1494]	1788609605550700	9170	e0a082bd69842414	50fca8cb2fb15c5e
1788609605570739172	1496	1	phase_loop[1495]	1788609605560824	9046	76e8449eb3a90b76	50fca8cb2fb15c5e
1788609605580509773	1497	1	phase_loop[1496]	1788609605571024	8843	768159d4aad60589	50fca8cb2fb15c5e
1788609605590649985	1498	1	phase_loop[1497]	1788609605580689	9178	ee37f1c67f792b39	50fca8cb2fb15c5e
1788609605601498497	1499	1	phase_loop[1498]	1788609605590884	8988	8b85c07435a193cc	50fca8cb2fb15c5e
1788609605610841369	1500	1	phase_loop[1499]	1788609605601730	8140	887a663986adcbce	50fca8cb2fb15c5e
1788609605620518683	1501	1	phase_loop[1500]	1788609605611039	8829	17bd70af138ef40b	50fca8cb2fb15c5e
1788609605630661139	1502	1	phase_loop[1501]	1788609605620715	9154	7340c9b1b3960902	50fca8cb2fb15c5e
1788609605640594689	1503	1	phase_loop[1502]	1788609605630851	9016	3fc0a4fe30824de8	50fca8cb2fb15c5e
1788609605650626274	1504	1	phase_loop[1503]	1788609605640779	9091	b0b3cd88e1a0fc3b	50fca8cb2fb15c5e
1788609605660594390	1505	1	phase_loop[1504]	1788609605650810	9057	9dabb2cff83230c3	50fca8cb2fb15c5e
1788609605670751663	1506	1	phase_loop[1505]	1788609605660774	9096	65463dfcd014d00f	50fca8cb2fb15c5e
1788609605680643304	1507	1	phase_loop[1506]	1788609605670990	8880	78be33595e9217b0	50fca8cb2fb15c5e
1788609605690652277	1508	1	phase_loop[1507]	1788609605680854	9014	560a146807d2c848	50fca8cb2fb15c5e
1788609605700939356	1509	1	phase_loop[1508]	1788609605690893	8979	60577c917b6c86c7	50fca8cb2fb15c5e
1788609605710635136	1510	1	phase_loop[1509]	1788609605701173	8696	9b4c0b5f397c017a	50fca8cb2fb15c5e
1788609605720500917	1511	1	phase_loop[1510]	1788609605710823	9042	cbc321876052b070	50fca8cb2fb15c5e
1788609605730782847	1512	1	phase_loop[1511]	1788609605720685	9183	6fe558bb4f17dfd7	50fca8cb2fb15c5e
1788609605740636376	1513	1	phase_loop[1512]	1788609605731052	8818	0437198011876b75	50fca8cb2fb15c5e
1788609605750764173	1514	1	phase_loop[1513]	1788609605740832	9037	86e43ff58254aee5	50fca8cb2fb15c5e
1788609605760643000	1515	1	phase_loop[1514]	1788609605751068	8802	bd92d35748d402f8	50fca8cb2fb15c5e
1788609605771025600	1516	1	phase_loop[1515]	1788609605760842	9027	2d67ce9b5f8bd7d0	50fca8cb2fb15c5e
1788609605780639505	1517	1	phase_loop[1516]	1788609605771303	8565	ec91516052b7f8b4	50fca8cb2fb15c5e
1788609605790646444	1518	1	phase_loop[1517]	1788609605780830	9037	9d6b0f2833e45d94	50fca8cb2fb15c5e
1788609605800954984	1519	1	phase_loop[1518]	1788609605791000	8925	92bd54897636754d	50fca8cb2fb15c5e
1788609605810640414	1520	1	phase_loop[1519]	1788609605801195	8674	8bdc116a701d7b93	50fca8cb2fb15c5e
1788609605820634699	1521	1	phase_loop[1520]	1788609605810828	9041	ef820fdb8a809181	50fca8cb2fb15c5e
1788609605830827299	1522	1	phase_loop[1521]	1788609605820824	9045	e86d2aad6159e5a5	50fca8cb2fb15c5e
1788609605840768243	1523	1	phase_loop[1522]	1788609605831072	8797	4068d5a4d223a15f	50fca8cb2fb15c5e
1788609605850510401	1524	1	phase_loop[1523]	1788609605840992	8876	43300553f15ae849	50fca8cb2fb15c5e
1788609605860641354	1525	1	phase_loop[1524]	1788609605850689	9180	cf67dbd1bf4a19fd	50fca8cb2fb15c5e
1788609605870635930	1526	1	phase_loop[1525]	1788609605860872	8997	378e5b688f87ba2f	50fca8cb2fb15c5e
1788609605880627319	1527	1	phase_loop[1526]	1788609605870838	9031	79519cb8a04f2a52	50fca8cb2fb15c5e
1788609605890663243	1528	1	phase_loop[1527]	1788609605880816	9051	048e0350e3feda65	50fca8cb2fb15c5e
1788609605900716500	1529	1	phase_loop[1528]	1788609605890911	8958	b28c4bf74f6c5ce3	50fca8cb2fb15c5e
1788609605910694314	1530	1	phase_loop[1529]	1788609605900991	8878	34119f39447999fe	50fca8cb2fb15c5e
1788609605920639235	1531	1	phase_loop[1530]	1788609605910891	8977	978dfc70866738f3	50fca8cb2fb15c5e
1788609605930843818	1532	1	phase_loop[1531]	1788609605920854	9015	650fd9c0626e7f52	50fca8cb2fb15c5e
1788609605940676547	1533	1	phase_loop[1532]	1788609605931092	8778	3edcb27041df0e9e	50fca8cb2fb15c5e
1788609605950519436	1534	1	phase_loop[1533]	1788609605940871	8996	8d153f7e8d322f5a	50fca8cb2fb15c5e
1788609605960677551	1535	1	phase_loop[1534]	1788609605950701	9168	2f95595b6d1568db	50fca8cb2fb15c5e
1788609605970627642	1536	1	phase_loop[1535]	1788609605960866	9004	c81a9be890fff943	50fca8cb2fb15c5e
1788609605980634661	1537	1	phase_loop[1536]	1788609605970829	9040	6a9b57a11c1c00ba	50fca8cb2fb15c5e
1788609605990658482	1538	1	phase_loop[1537]	1788609605980824	9043	a23bac10310d923d	50fca8cb2fb15c5e
1788609606001001558	1539	1	phase_loop[1538]	1788609605990912	8961	fe19ac8cff9641f1	50fca8cb2fb15c5e
1788609606010690895	1540	1	phase_loop[1539]	1788609606001238	8631	d90de9c2e796374c	50fca8cb2fb15c5e
1788609606020529425	1541	1	phase_loop[1540]	1788609606010904	8964	4e7eddc74263b0da	50fca8cb2fb15c5e
1788609606030777931	1542	1	phase_loop[1541]	1788609606020714	9154	8eeb2580f300571a	50fca8cb2fb15c5e
1788609606040654573	1543	1	phase_loop[1542]	1788609606031041	8828	65c0897e2cd2d2e0	50fca8cb2fb15c5e
1788609606050654970	1544	1	phase_loop[1543]	1788609606040844	9026	e49ba41b8d163c4c	50fca8cb2fb15c5e
1788609606060633344	1545	1	phase_loop[1544]	1788609606050849	9022	c19df9f9989da943	50fca8cb2fb15c5e
1788609606071407315	1546	1	phase_loop[1545]	1788609606060831	9039	6bf29c8eb853fb30	50fca8cb2fb15c5e
1788609606080671869	1547	1	phase_loop[1546]	1788609606071686	8184	6985b17216ffdcbe	50fca8cb2fb15c5e
1788609606090641968	1548	1	phase_loop[1547]	1788609606080872	8994	88b3ce63291d202c	50fca8cb2fb15c5e
1788609606100745389	1549	1	phase_loop[1548]	1788609606090884	8987	5f95ba16213e09fa	50fca8cb2fb15c5e
1788609606110665353	1550	1	phase_loop[1549]	1788609606101035	8835	113255201c252331	50fca8cb2fb15c5e
1788609606120634581	1551	1	phase_loop[1550]	1788609606110968	8902	789e3ea16e4ac526	50fca8cb2fb15c5e
1788609606130876414	1552	1	phase_loop[1551]	1788609606120830	9085	9293e10f11347277	50fca8cb2fb15c5e
1788609606140673155	1553	1	phase_loop[1552]	1788609606131122	8748	859db0d37e005c08	50fca8cb2fb15c5e
1788609606150516063	1554	1	phase_loop[1553]	1788609606140867	9000	1a85e10136a961a5	50fca8cb2fb15c5e
1788609606160774779	1555	1	phase_loop[1554]	1788609606150710	9159	99dd5fb675ec575c	50fca8cb2fb15c5e
1788609606170849255	1556	1	phase_loop[1555]	1788609606160994	8875	e96afca823d2f491	50fca8cb2fb15c5e
1788609606180634404	1557	1	phase_loop[1556]	1788609606171128	8741	5c35336869ffb7fe	50fca8cb2fb15c5e
1788609606190716094	1558	1	phase_loop[1557]	1788609606180827	9041	a39e90d9dbe26e5d	50fca8cb2fb15c5e
1788609606200927200	1559	1	phase_loop[1558]	1788609606190976	8894	eed434fc9c9feaa2	50fca8cb2fb15c5e
1788609606210648949	1560	1	phase_loop[1559]	1788609606201159	8711	449c6771bf9e80b7	50fca8cb2fb15c5e
1788609606220672779	1561	1	phase_loop[1560]	1788609606210839	9030	3cb50c270c1b18c3	50fca8cb2fb15c5e
1788609606231389743	1562	1	phase_loop[1561]	1788609606220902	8968	ba61a7f68bd5ae2b	50fca8cb2fb15c5e
1788609606240674594	1563	1	phase_loop[1562]	1788609606231613	8258	49622dab9599a5d2	50fca8cb2fb15c5e
1788609606250487485	1564	1	phase_loop[1563]	1788609606240873	8993	65ab4c04bd64f0fc	50fca8cb2fb15c5e
1788609606260634560	1565	1	phase_loop[1564]	1788609606250675	9195	207f32f1663e1569	50fca8cb2fb15c5e
1788609606270659292	1566	1	phase_loop[1565]	1788609606260834	9035	ace649c08c10a7cd	50fca8cb2fb15c5e
1788609606280630924	1567	1	phase_loop[1566]	1788609606270866	9003	53c73d542dad07ba	50fca8cb2fb15c5e
1788609606290674913	1568	1	phase_loop[1567]	1788609606280815	9062	554898693aa5c039	50fca8cb2fb15c5e
1788609606300941283	1569	1	phase_loop[1568]	1788609606290914	8956	5494158889c88e1d	50fca8cb2fb15c5e
1788609606310637864	1570	1	phase_loop[1569]	1788609606301196	8674	078649d7267e7b42	50fca8cb2fb15c5e
1788609606320485321	1571	1	phase_loop[1570]	1788609606310827	9039	0435f073ec993061	50fca8cb2fb15c5e
1788609606330835219	1572	1	phase_loop[1571]	1788609606320671	9197	950382777fa5484a	50fca8cb2fb15c5e
1788609606340641067	1573	1	phase_loop[1572]	1788609606331083	8787	daf74255285052e3	50fca8cb2fb15c5e
1788609606350646052	1574	1	phase_loop[1573]	1788609606340830	9039	492f069cf028b258	50fca8cb2fb15c5e
1788609606360637412	1575	1	phase_loop[1574]	1788609606350834	9035	bbfe01954463b970	50fca8cb2fb15c5e
1788609606370791188	1576	1	phase_loop[1575]	1788609606360836	9032	2604142a921d3dbf	50fca8cb2fb15c5e
1788609606380572400	1577	1	phase_loop[1576]	1788609606371143	8725	98fb49a48d5fac2c	50fca8cb2fb15c5e
1788609606390709435	1578	1	phase_loop[1577]	1788609606380759	9107	d3e505cc26ef8346	50fca8cb2fb15c5e
1788609606400932854	1579	1	phase_loop[1578]	1788609606390969	8901	ffaf4311672e0d3e	50fca8cb2fb15c5e
1788609606410634414	1580	1	phase_loop[1579]	1788609606401179	8689	170f27f4e09213e4	50fca8cb2fb15c5e
1788609606420640672	1581	1	phase_loop[1580]	1788609606410870	9007	bb0e768a7dc39eea	50fca8cb2fb15c5e
1788609606431357715	1582	1	phase_loop[1581]	1788609606420830	9049	365c629cdbe91495	50fca8cb2fb15c5e
1788609606440846833	1583	1	phase_loop[1582]	1788609606431558	8315	f0b5f08789ab7ce9	50fca8cb2fb15c5e
1788609606450657881	1584	1	phase_loop[1583]	1788609606441091	8779	b2b95c15e15b97ba	50fca8cb2fb15c5e
1788609606460666994	1585	1	phase_loop[1584]	1788609606450847	9066	66528109c279568e	50fca8cb2fb15c5e
1788609606470706915	1586	1	phase_loop[1585]	1788609606460861	9008	b55303e6cb4f29c3	50fca8cb2fb15c5e
1788609606480551547	1587	1	phase_loop[1586]	1788609606471005	8862	f572186bdc2bdf15	50fca8cb2fb15c5e
1788609606490650570	1588	1	phase_loop[1587]	1788609606480737	9130	c328f1dee090a8b0	50fca8cb2fb15c5e
1788609606500744944	1589	1	phase_loop[1588]	1788609606490892	8978	c165aef0bef503ed	50fca8cb2fb15c5e
1788609606510668906	1590	1	phase_loop[1589]	1788609606501003	8867	f9c754f010be0bac	50fca8cb2fb15c5e
1788609606520643594	1591	1	phase_loop[1590]	1788609606510864	9006	218f8e01a1f5af1f	50fca8cb2fb15c5e
1788609606530774728	1592	1	phase_loop[1591]	1788609606520834	9036	9a5d8a4bfb4a0c6c	50fca8cb2fb15c5e
1788609606540635089	1593	1	phase_loop[1592]	1788609606531107	8762	bad14279f3bedc9b	50fca8cb2fb15c5e
1788609606550604957	1594	1	phase_loop[1593]	1788609606540868	9002	9bcbf1ff09b874a9	50fca8cb2fb15c5e
1788609606560723838	1595	1	phase_loop[1594]	1788609606550803	9067	caf98272166b0388	50fca8cb2fb15c5e
1788609606570911950	1596	1	phase_loop[1595]	1788609606561025	8849	c00fddfa139b8ee9	50fca8cb2fb15c5e
1788609606580658295	1597	1	phase_loop[1596]	1788609606571257	8611	18286c0e215950f4	50fca8cb2fb15c5e
1788609606590670815	1598	1	phase_loop[1597]	1788609606580865	9009	54c2ced5b93cbf98	50fca8cb2fb15c5e
1788609606600896959	1599	1	phase_loop[1598]	1788609606590911	8958	ce093810581ee835	50fca8cb2fb15c5e
1788609606610674152	1600	1	phase_loop[1599]	1788609606601179	8690	c84f62df30994df8	50fca8cb2fb15c5e
1788609606620518423	1601	1	phase_loop[1600]	1788609606610868	8999	e443aeed0c265e66	50fca8cb2fb15c5e
1788609606630795944	1602	1	phase_loop[1601]	1788609606620700	9169	77f76879c99b60a6	50fca8cb2fb15c5e
1788609606640714456	1603	1	phase_loop[1602]	1788609606631066	8804	fd46493b6f9e8945	50fca8cb2fb15c5e
1788609606650650470	1604	1	phase_loop[1603]	1788609606640923	8946	67cadf64bd366846	50fca8cb2fb15c5e
1788609606660630759	1605	1	phase_loop[1604]	1788609606650840	9028	61086302e8448058	50fca8cb2fb15c5e
1788609606670761872	1606	1	phase_loop[1605]	1788609606660821	9050	5c4d7d7933a864a4	50fca8cb2fb15c5e
1788609606680640689	1607	1	phase_loop[1606]	1788609606671042	8827	c3539e531373e5df	50fca8cb2fb15c5e
1788609606690735313	1608	1	phase_loop[1607]	1788609606680829	9038	f3644ba8ff4a3d61	50fca8cb2fb15c5e
1788609606700744156	1609	1	phase_loop[1608]	1788609606690994	8877	e7edfb0af63524f3	50fca8cb2fb15c5e
1788609606710670542	1610	1	phase_loop[1609]	1788609606701050	8818	7c375da4a830bb11	50fca8cb2fb15c5e
1788609606720590206	1611	1	phase_loop[1610]	1788609606710918	8951	20043859b2798917	50fca8cb2fb15c5e
1788609606731576038	1612	1	phase_loop[1611]	1788609606720777	9093	bd6a5751783ea051	50fca8cb2fb15c5e
1788609606740670729	1613	1	phase_loop[1612]	1788609606731819	8050	697805affa872b1d	50fca8cb2fb15c5e
1788609606750502466	1614	1	phase_loop[1613]	1788609606740863	9004	078942456fbeb317	50fca8cb2fb15c5e
1788609606760671823	1615	1	phase_loop[1614]	1788609606750683	9186	ce8fe573badf57ef	50fca8cb2fb15c5e
1788609606770690374	1616	1	phase_loop[1615]	1788609606760877	8991	3fb9d37c926a871f	50fca8cb2fb15c5e
1788609606780652167	1617	1	phase_loop[1616]	1788609606770943	8927	b3878826a9d2f994	50fca8cb2fb15c5e
1788609606790656411	1618	1	phase_loop[1617]	1788609606780839	9062	9fa1f1ca2b0d392e	50fca8cb2fb15c5e
1788609606800840435	1619	1	phase_loop[1618]	1788609606790912	8960	5280e4ef62fe112e	50fca8cb2fb15c5e
1788609606810631945	1620	1	phase_loop[1619]	1788609606801083	8785	483ad3d86e45b3d5	50fca8cb2fb15c5e
1788609606820637943	1621	1	phase_loop[1620]	1788609606810821	9049	ab5aba2ff03239d9	50fca8cb2fb15c5e
1788609606830863155	1622	1	phase_loop[1621]	1788609606820822	9048	b29ffc2d809114bc	50fca8cb2fb15c5e
1788609606840651239	1623	1	phase_loop[1622]	1788609606831110	8760	7117a9ebfb3f736a	50fca8cb2fb15c5e
1788609606850497604	1624	1	phase_loop[1623]	1788609606840841	9024	dab5e496b26a45ed	50fca8cb2fb15c5e
1788609606860723537	1625	1	phase_loop[1624]	1788609606850675	9193	7d41a8da3e61dc80	50fca8cb2fb15c5e
1788609606870778968	1626	1	phase_loop[1625]	1788609606860978	8891	006d313ad5d1a42c	50fca8cb2fb15c5e
1788609606880922315	1627	1	phase_loop[1626]	1788609606871013	8858	265de43feb05630b	50fca8cb2fb15c5e
1788609606890611773	1628	1	phase_loop[1627]	1788609606881156	8713	8108c06b0131ebd3	50fca8cb2fb15c5e
1788609606900588594	1629	1	phase_loop[1628]	1788609606890800	9067	41a388419672a8ba	50fca8cb2fb15c5e
1788609606910625971	1630	1	phase_loop[1629]	1788609606900779	9091	7b5ea818fb169369	50fca8cb2fb15c5e
1788609606920715726	1631	1	phase_loop[1630]	1788609606910813	9067	c36cea1bd9aacff1	50fca8cb2fb15c5e
1788609606930790684	1632	1	phase_loop[1631]	1788609606920950	8929	51e4725ca942cd06	50fca8cb2fb15c5e
1788609606940715838	1633	1	phase_loop[1632]	1788609606931091	8780	e29ade9a2aae8baa	50fca8cb2fb15c5e
1788609606950658806	1634	1	phase_loop[1633]	1788609606941001	8869	200b5e62466f3016	50fca8cb2fb15c5e
1788609606960676966	1635	1	phase_loop[1634]	1788609606950844	9024	2922a9b9cfaaf541	50fca8cb2fb15c5e
1788609606970687421	1636	1	phase_loop[1635]	1788609606960882	8988	5753e0eec35b7890	50fca8cb2fb15c5e
1788609606980634697	1637	1	phase_loop[1636]	1788609606970911	8958	febf5ff8ad6765c6	50fca8cb2fb15c5e
1788609606990661032	1638	1	phase_loop[1637]	1788609606980817	9051	afb232d50263f4c7	50fca8cb2fb15c5e
1788609607000891765	1639	1	phase_loop[1638]	1788609606990901	8969	f0b6e4d63b1d9b9a	50fca8cb2fb15c5e
1788609607010634082	1640	1	phase_loop[1639]	1788609607001129	8741	d28b1f2092e41554	50fca8cb2fb15c5e
1788609607020562973	1641	1	phase_loop[1640]	1788609607010840	9029	b2d77b9edd1e77d3	50fca8cb2fb15c5e
1788609607031553054	1642	1	phase_loop[1641]	1788609607020752	9120	a9ec774ff63031e8	50fca8cb2fb15c5e
1788609607040660950	1643	1	phase_loop[1642]	1788609607031798	8072	43b25419ac1acd85	50fca8cb2fb15c5e
1788609607050660414	1644	1	phase_loop[1643]	1788609607040870	8999	396f168bc053d419	50fca8cb2fb15c5e
1788609607060652585	1645	1	phase_loop[1644]	1788609607050849	9021	5870210b9e9912f2	50fca8cb2fb15c5e
1788609607070758591	1646	1	phase_loop[1645]	1788609607060846	9022	8237e4aef3ce03f8	50fca8cb2fb15c5e
1788609607080650332	1647	1	phase_loop[1646]	1788609607071034	8835	fb51a29fb8c3f336	50fca8cb2fb15c5e
1788609607090663683	1648	1	phase_loop[1647]	1788609607080839	9029	a3e01e718f6948c5	50fca8cb2fb15c5e
1788609607100670130	1649	1	phase_loop[1648]	1788609607090904	8965	efc15fad654c84ab	50fca8cb2fb15c5e
1788609607110703088	1650	1	phase_loop[1649]	1788609607100905	8965	76af4fc7f11c840e	50fca8cb2fb15c5e
1788609607120794717	1651	1	phase_loop[1650]	1788609607110901	9013	c55373b2ce8b2a94	50fca8cb2fb15c5e
1788609607130848114	1652	1	phase_loop[1651]	1788609607121026	8843	40f0701fcdaab35c	50fca8cb2fb15c5e
1788609607140645937	1653	1	phase_loop[1652]	1788609607131099	8770	2a79c2e001c371a0	50fca8cb2fb15c5e
1788609607150526135	1654	1	phase_loop[1653]	1788609607140840	9027	46cbb4183bb24e1d	50fca8cb2fb15c5e
1788609607160671005	1655	1	phase_loop[1654]	1788609607150707	9163	abc5e17889810e02	50fca8cb2fb15c5e
1788609607170692020	1656	1	phase_loop[1655]	1788609607160883	8986	95f51836f70d52c3	50fca8cb2fb15c5e
1788609607180662049	1657	1	phase_loop[1656]	1788609607170923	8946	1c777acfb307ff85	50fca8cb2fb15c5e
1788609607190714043	1658	1	phase_loop[1657]	1788609607180886	8981	1590656bbe2014d7	50fca8cb2fb15c5e
1788609607200858192	1659	1	phase_loop[1658]	1788609607190994	8877	cefb66e2b88f0563	50fca8cb2fb15c5e
1788609607210692173	1660	1	phase_loop[1659]	1788609607201134	8735	afb668de69f0acea	50fca8cb2fb15c5e
1788609607220546322	1661	1	phase_loop[1660]	1788609607210885	8982	eb4019d1884618a4	50fca8cb2fb15c5e
1788609607230799277	1662	1	phase_loop[1661]	1788609607220745	9124	cebed65c664d4cec	50fca8cb2fb15c5e
1788609607240671370	1663	1	phase_loop[1662]	1788609607231093	8778	e4d2bd89c8698cfa	50fca8cb2fb15c5e
1788609607250635668	1664	1	phase_loop[1663]	1788609607240863	9006	fb835fa53d597251	50fca8cb2fb15c5e
1788609607260645272	1665	1	phase_loop[1664]	1788609607250823	9045	8bceb00effb8a03a	50fca8cb2fb15c5e
1788609607270664393	1666	1	phase_loop[1665]	1788609607260836	9034	af5efe4a7d4b61c3	50fca8cb2fb15c5e
1788609607280624994	1667	1	phase_loop[1666]	1788609607270875	8994	f97bfb0a7ae93d08	50fca8cb2fb15c5e
1788609607290668362	1668	1	phase_loop[1667]	1788609607280821	9046	7aafec99d7d7be83	50fca8cb2fb15c5e
1788609607300760602	1669	1	phase_loop[1668]	1788609607290905	8964	c9498376668b7db6	50fca8cb2fb15c5e
1788609607310672421	1670	1	phase_loop[1669]	1788609607301027	8843	0987b3e92785f145	50fca8cb2fb15c5e
1788609607320509838	1671	1	phase_loop[1670]	1788609607310867	9000	a89c3a9d96382f48	50fca8cb2fb15c5e
1788609607330631805	1672	1	phase_loop[1671]	1788609607320690	9179	5145e3d84e024956	50fca8cb2fb15c5e
1788609607341016809	1673	1	phase_loop[1672]	1788609607330882	8987	08cd9c7e5b394b01	50fca8cb2fb15c5e
1788609607350714212	1674	1	phase_loop[1673]	1788609607341230	8640	d3b6d9d401850d82	50fca8cb2fb15c5e
1788609607360655967	1675	1	phase_loop[1674]	1788609607350927	8941	43a8930654cd83d6	50fca8cb2fb15c5e
1788609607370755641	1676	1	phase_loop[1675]	1788609607360942	8927	baf5579338f65bd5	50fca8cb2fb15c5e
1788609607380613848	1677	1	phase_loop[1676]	1788609607371093	8775	e20c062f2ab7d40c	50fca8cb2fb15c5e
1788609607390754961	1678	1	phase_loop[1677]	1788609607380822	9045	bc851d6791698253	50fca8cb2fb15c5e
1788609607401373177	1679	1	phase_loop[1678]	1788609607391094	8779	b9fb1a8d762b955b	50fca8cb2fb15c5e
1788609607410641297	1680	1	phase_loop[1679]	1788609607401980	7889	d654bc159640c63f	50fca8cb2fb15c5e
1788609607420643266	1681	1	phase_loop[1680]	1788609607410840	9028	8ef6adc3d19867a8	50fca8cb2fb15c5e
1788609607430792013	1682	1	phase_loop[1681]	1788609607420835	9035	2fd36e69d87fb5cb	50fca8cb2fb15c5e
1788609607440648547	1683	1	phase_loop[1682]	1788609607431082	8786	7a5f46117e116f9a	50fca8cb2fb15c5e
1788609607450667078	1684	1	phase_loop[1683]	1788609607440844	9066	bea5024c3641a4da	50fca8cb2fb15c5e
1788609607460667684	1685	1	phase_loop[1684]	1788609607450889	8982	406265e6157e1d7f	50fca8cb2fb15c5e
1788609607470852199	1686	1	phase_loop[1685]	1788609607460893	8977	09acb2b0bdf98e07	50fca8cb2fb15c5e
1788609607480661574	1687	1	phase_loop[1686]	1788609607471100	8771	6333bfb63cec736b	50fca8cb2fb15c5e
1788609607490664635	1688	1	phase_loop[1687]	1788609607480848	9019	1c6bbb8a4d63fcc2	50fca8cb2fb15c5e
1788609607500772916	1689	1	phase_loop[1688]	1788609607490916	8955	b9170affb7e03337	50fca8cb2fb15c5e
1788609607510675897	1690	1	phase_loop[1689]	1788609607501058	8811	4c0e783b86d1093b	50fca8cb2fb15c5e
1788609607520720978	1691	1	phase_loop[1690]	1788609607510880	8988	39417fae1540d29f	50fca8cb2fb15c5e
1788609607530843496	1692	1	phase_loop[1691]	1788609607521010	8861	c3b8fc038949eaa1	50fca8cb2fb15c5e
1788609607540706682	1693	1	phase_loop[1692]	1788609607531093	8776	6318aa3f78843f33	50fca8cb2fb15c5e
1788609607550640072	1694	1	phase_loop[1693]	1788609607540916	8953	69b021c59c65d3e5	50fca8cb2fb15c5e
1788609607560638063	1695	1	phase_loop[1694]	1788609607550827	9042	dcb7d4a85cdef3f5	50fca8cb2fb15c5e
1788609607570640433	1696	1	phase_loop[1695]	1788609607560832	9038	e8b3947b989b835d	50fca8cb2fb15c5e
1788609607580631823	1697	1	phase_loop[1696]	1788609607570846	9023	9874b61dee3e4476	50fca8cb2fb15c5e
1788609607590653689	1698	1	phase_loop[1697]	1788609607580822	9045	b4d27330d8140c4c	50fca8cb2fb15c5e
1788609607600760808	1699	1	phase_loop[1698]	1788609607590900	8969	be638624a533b246	50fca8cb2fb15c5e
1788609607610648631	1700	1	phase_loop[1699]	1788609607601055	8816	4b1303e7d6e40d6f	50fca8cb2fb15c5e
1788609607620505676	1701	1	phase_loop[1700]	1788609607610836	9031	99c45c2c5f4a8535	50fca8cb2fb15c5e
1788609607630775242	1702	1	phase_loop[1701]	1788609607620687	9182	b13e4351bee0f02f	50fca8cb2fb15c5e
1788609607640645111	1703	1	phase_loop[1702]	1788609607631053	8817	c739ad702745112b	50fca8cb2fb15c5e
1788609607650551760	1704	1	phase_loop[1703]	1788609607640833	9035	eaa0e80d0dcd179e	50fca8cb2fb15c5e
1788609607660617700	1705	1	phase_loop[1704]	1788609607650739	9130	dc21da918fc23e97	50fca8cb2fb15c5e
1788609607670879892	1706	1	phase_loop[1705]	1788609607660811	9057	c693483975ed1d40	50fca8cb2fb15c5e
1788609607680600498	1707	1	phase_loop[1706]	1788609607671143	8726	bb802c20a73dda60	50fca8cb2fb15c5e
1788609607690720762	1708	1	phase_loop[1707]	1788609607680791	9075	a65903b466ef92ea	50fca8cb2fb15c5e
1788609607700778537	1709	1	phase_loop[1708]	1788609607690997	8874	a042be30c194483d	50fca8cb2fb15c5e
1788609607710672461	1710	1	phase_loop[1709]	1788609607701046	8825	d628f5e6eda5db44	50fca8cb2fb15c5e
1788609607720521290	1711	1	phase_loop[1710]	1788609607710971	8895	95682fd75c6a31a7	50fca8cb2fb15c5e
1788609607730912898	1712	1	phase_loop[1711]	1788609607720706	9163	06035c3e3c67015d	50fca8cb2fb15c5e
1788609607740653792	1713	1	phase_loop[1712]	1788609607731170	8700	29795eb7d8b76307	50fca8cb2fb15c5e
1788609607750482574	1714	1	phase_loop[1713]	1788609607740848	9018	f5cab5ccf0228308	50fca8cb2fb15c5e
1788609607760628716	1715	1	phase_loop[1714]	1788609607750662	9208	c20d0d875c2aca25	50fca8cb2fb15c5e
1788609607770660291	1716	1	phase_loop[1715]	1788609607760991	8877	9703530350ea6cb5	50fca8cb2fb15c5e
1788609607780713638	1717	1	phase_loop[1716]	1788609607770934	8980	f6e3a41df3225e3e	50fca8cb2fb15c5e
1788609607790650905	1718	1	phase_loop[1717]	1788609607780946	8921	2036b4f04ab9efe0	50fca8cb2fb15c5e
1788609607800713158	1719	1	phase_loop[1718]	1788609607790883	8987	052c59ddb8be2229	50fca8cb2fb15c5e
1788609607810658540	1720	1	phase_loop[1719]	1788609607801003	8866	542741c5d948ace2	50fca8cb2fb15c5e
1788609607820659257	1721	1	phase_loop[1720]	1788609607810844	9025	f638a2d253a3f937	50fca8cb2fb15c5e
1788609607832435536	1722	1	phase_loop[1721]	1788609607820881	8990	e128897b2dba66b8	50fca8cb2fb15c5e
1788609607840700727	1723	1	phase_loop[1722]	1788609607832710	7163	632e0b6611a59326	50fca8cb2fb15c5e
1788609607850629587	1724	1	phase_loop[1723]	1788609607840914	8953	ccc73feb04f36ead	50fca8cb2fb15c5e
1788609607860845842	1725	1	phase_loop[1724]	1788609607850815	9052	80a4d3e346257c0f	50fca8cb2fb15c5e
1788609607870628075	1726	1	phase_loop[1725]	1788609607861069	8809	87d80920e60698e4	50fca8cb2fb15c5e
1788609607880664089	1727	1	phase_loop[1726]	1788609607870835	9033	1398b1ee3648aa79	50fca8cb2fb15c5e
1788609607890665437	1728	1	phase_loop[1727]	1788609607880860	9008	155b80b0bc262229	50fca8cb2fb15c5e
1788609607900910547	1729	1	phase_loop[1728]	1788609607890902	8969	5b8a97448006010b	50fca8cb2fb15c5e
1788609607910645360	1730	1	phase_loop[1729]	1788609607901152	8718	5f108b490df7863b	50fca8cb2fb15c5e
1788609607920547320	1731	1	phase_loop[1730]	1788609607910836	9030	b3f7125743736970	50fca8cb2fb15c5e
1788609607930797890	1732	1	phase_loop[1731]	1788609607920729	9141	3a1bf07a32977fab	50fca8cb2fb15c5e
1788609607940658983	1733	1	phase_loop[1732]	1788609607931073	8797	5ca1b2defa8171d8	50fca8cb2fb15c5e
1788609607950502542	1734	1	phase_loop[1733]	1788609607940852	9015	51b9b5292fa0d755	50fca8cb2fb15c5e
1788609607960633165	1735	1	phase_loop[1734]	1788609607950687	9183	2faa76e16bb24d70	50fca8cb2fb15c5e
1788609607970899364	1736	1	phase_loop[1735]	1788609607960826	9044	93ba01eb4b3ecb01	50fca8cb2fb15c5e
1788609607980532335	1737	1	phase_loop[1736]	1788609607971146	8722	f7477f48e0db8e57	50fca8cb2fb15c5e
1788609607990843259	1738	1	phase_loop[1737]	1788609607980714	9154	11364d82b331d97f	50fca8cb2fb15c5e
1788609608000856590	1739	1	phase_loop[1738]	1788609607991113	8758	8340714141b13638	50fca8cb2fb15c5e
1788609608010655224	1740	1	phase_loop[1739]	1788609608001122	8749	d11c4ca7338e20ef	50fca8cb2fb15c5e
1788609608020511427	1741	1	phase_loop[1740]	1788609608010849	9018	74080780682f8a56	50fca8cb2fb15c5e
1788609608030830527	1742	1	phase_loop[1741]	1788609608020692	9179	373f1b875d3c43bd	50fca8cb2fb15c5e
1788609608040677923	1743	1	phase_loop[1742]	1788609608031096	8774	b211377c87cff832	50fca8cb2fb15c5e
1788609608050474563	1744	1	phase_loop[1743]	1788609608040872	8993	c1e1ce7704e87962	50fca8cb2fb15c5e
1788609608060651233	1745	1	phase_loop[1744]	1788609608050652	9219	66000bce2efd3e74	50fca8cb2fb15c5e
1788609608070718205	1746	1	phase_loop[1745]	1788609608060847	9023	c515b290a6bc0810	50fca8cb2fb15c5e
1788609608080712410	1747	1	phase_loop[1746]	1788609608070961	8907	ba70b2f595d13425	50fca8cb2fb15c5e
1788609608090652802	1748	1	phase_loop[1747]	1788609608080977	8890	3acc082da4df63e8	50fca8cb2fb15c5e
1788609608100890628	1749	1	phase_loop[1748]	1788609608090904	8968	97f2ae134b95fc87	50fca8cb2fb15c5e
1788609608110688000	1750	1	phase_loop[1749]	1788609608101126	8790	0c6bfef02d0791ed	50fca8cb2fb15c5e
1788609608120695479	1751	1	phase_loop[1750]	1788609608110877	8993	549dea1458362a04	50fca8cb2fb15c5e
1788609608130647023	1752	1	phase_loop[1751]	1788609608120890	8982	e664ac657ce8916d	50fca8cb2fb15c5e
1788609608140712933	1753	1	phase_loop[1752]	1788609608130874	8996	9545ed9c283c4155	50fca8cb2fb15c5e
1788609608150649639	1754	1	phase_loop[1753]	1788609608140965	8904	fd83011f921202a5	50fca8cb2fb15c5e
1788609608160697124	1755	1	phase_loop[1754]	1788609608150849	9021	b106572fd02d7663	50fca8cb2fb15c5e
1788609608170947724	1756	1	phase_loop[1755]	1788609608160924	8948	bfd61bac5c9f6385	50fca8cb2fb15c5e
1788609608180708116	1757	1	phase_loop[1756]	1788609608171194	8675	3d8c26eaffbec549	50fca8cb2fb15c5e
1788609608190751874	1758	1	phase_loop[1757]	1788609608180990	8879	5b33a395b921b031	50fca8cb2fb15c5e
1788609608200897936	1759	1	phase_loop[1758]	1788609608191045	8825	c133d9478fe5d467	50fca8cb2fb15c5e
1788609608210629172	1760	1	phase_loop[1759]	1788609608201196	8674	a7f0261681c26f19	50fca8cb2fb15c5e
1788609608220666037	1761	1	phase_loop[1760]	1788609608210829	9041	a7c958f93ee1f678	50fca8cb2fb15c5e
1788609608230700488	1762	1	phase_loop[1761]	1788609608220870	9000	e1690664215c0e21	50fca8cb2fb15c5e
1788609608240666760	1763	1	phase_loop[1762]	1788609608230912	8957	5db42aca8efa99c8	50fca8cb2fb15c5e
1788609608250728372	1764	1	phase_loop[1763]	1788609608240873	8999	46c199eec278bdf6	50fca8cb2fb15c5e
1788609608260701206	1765	1	phase_loop[1764]	1788609608250957	8914	ec3e12a3ef82bad7	50fca8cb2fb15c5e
1788609608272612660	1766	1	phase_loop[1765]	1788609608260929	8947	7e6387596b608442	50fca8cb2fb15c5e
1788609608280655399	1767	1	phase_loop[1766]	1788609608272903	6966	40fa24cdc00df8f2	50fca8cb2fb15c5e
1788609608290692645	1768	1	phase_loop[1767]	1788609608280840	9028	4fac8908b88bd69a	50fca8cb2fb15c5e
1788609608301308948	1769	1	phase_loop[1768]	1788609608290919	8949	9d3899b618cac687	50fca8cb2fb15c5e
1788609608310826309	1770	1	phase_loop[1769]	1788609608301552	8317	a8643bed8837fc10	50fca8cb2fb15c5e
1788609608320534702	1771	1	phase_loop[1770]	1788609608311035	8832	e952bbf8305d8c9a	50fca8cb2fb15c5e
1788609608331458908	1772	1	phase_loop[1771]	1788609608320720	9150	9b88d37f5aa122d0	50fca8cb2fb15c5e
1788609608340680139	1773	1	phase_loop[1772]	1788609608331696	8175	0e5455a517c0221d	50fca8cb2fb15c5e
1788609608350610873	1774	1	phase_loop[1773]	1788609608340892	8978	a224c1255a35409e	50fca8cb2fb15c5e
1788609608360655813	1775	1	phase_loop[1774]	1788609608350802	9066	26ab8e2e8f1acbad	50fca8cb2fb15c5e
1788609608370670096	1776	1	phase_loop[1775]	1788609608360858	9011	033d0a4a0c1e5a3e	50fca8cb2fb15c5e
1788609608380628783	1777	1	phase_loop[1776]	1788609608370887	8983	ae67411bc84d3738	50fca8cb2fb15c5e
1788609608390708690	1778	1	phase_loop[1777]	1788609608380817	9051	65a49e53c74ec263	50fca8cb2fb15c5e
1788609608400937799	1779	1	phase_loop[1778]	1788609608390974	8897	962991bd96ae7a0f	50fca8cb2fb15c5e
1788609608410656972	1780	1	phase_loop[1779]	1788609608401214	8654	6d3de9a181a42347	50fca8cb2fb15c5e
1788609608420644644	1781	1	phase_loop[1780]	1788609608410876	8993	65fc574ae77b07dc	50fca8cb2fb15c5e
1788609608430615935	1782	1	phase_loop[1781]	1788609608420831	9038	4ff4bd92e6e6f4d3	50fca8cb2fb15c5e
1788609608443495614	1783	1	phase_loop[1782]	1788609608430814	9106	df7803e1ca0b50cc	50fca8cb2fb15c5e
1788609608450634491	1784	1	phase_loop[1783]	1788609608443785	6084	43617ca75f8e915b	50fca8cb2fb15c5e
1788609608460620991	1785	1	phase_loop[1784]	1788609608450845	9023	f82994df86f2b168	50fca8cb2fb15c5e
1788609608470718702	1786	1	phase_loop[1785]	1788609608460819	9052	6ac52c7d97be343d	50fca8cb2fb15c5e
1788609608480649295	1787	1	phase_loop[1786]	1788609608471008	8862	e5091126e582f212	50fca8cb2fb15c5e
1788609608490656595	1788	1	phase_loop[1787]	1788609608480990	8877	a032f4473c2afc11	50fca8cb2fb15c5e
1788609608500928164	1789	1	phase_loop[1788]	1788609608490899	8971	60a2822992e08074	50fca8cb2fb15c5e
1788609608510651666	1790	1	phase_loop[1789]	1788609608501188	8683	0d0fc3c8464c604c	50fca8cb2fb15c5e
1788609608520524561	1791	1	phase_loop[1790]	1788609608510843	9024	b0bc031158c809ff	50fca8cb2fb15c5e
1788609608530785390	1792	1	phase_loop[1791]	1788609608520706	9165	4f5fdf57cdb84d91	50fca8cb2fb15c5e
1788609608540682010	1793	1	phase_loop[1792]	1788609608531084	8786	cf1900c3bb0b3c46	50fca8cb2fb15c5e
1788609608550516021	1794	1	phase_loop[1793]	1788609608540877	8989	7f2323fc9785ba4b	50fca8cb2fb15c5e
1788609608560642997	1795	1	phase_loop[1794]	1788609608550700	9169	fcd1888bc7288827	50fca8cb2fb15c5e
1788609608570712985	1796	1	phase_loop[1795]	1788609608560837	9033	6102050a0d75cf2f	50fca8cb2fb15c5e
1788609608580655942	1797	1	phase_loop[1796]	1788609608570930	8940	d52fffee87e602e4	50fca8cb2fb15c5e
1788609608590659704	1798	1	phase_loop[1797]	1788609608580844	9025	b0a6ee93cf3db82d	50fca8cb2fb15c5e
1788609608600865439	1799	1	phase_loop[1798]	1788609608590922	8950	31f6d6ee90046d8e	50fca8cb2fb15c5e
1788609608610643685	1800	1	phase_loop[1799]	1788609608601115	8755	37f634b3b5defa47	50fca8cb2fb15c5e
1788609608620494027	1801	1	phase_loop[1800]	1788609608610836	9031	90b9de271c4b0501	50fca8cb2fb15c5e
1788609608631213555	1802	1	phase_loop[1801]	1788609608620673	9200	2417135554503314	50fca8cb2fb15c5e
1788609608640673197	1803	1	phase_loop[1802]	1788609608631460	8411	70a8239a4e091a7d	50fca8cb2fb15c5e
1788609608650686197	1804	1	phase_loop[1803]	1788609608640879	8987	273aa24e51501c3f	50fca8cb2fb15c5e
1788609608660644032	1805	1	phase_loop[1804]	1788609608650963	8905	574a1360386a5520	50fca8cb2fb15c5e
1788609608670713710	1806	1	phase_loop[1805]	1788609608660839	9030	497b9d43196670fa	50fca8cb2fb15c5e
1788609608680515941	1807	1	phase_loop[1806]	1788609608671004	8864	7450ade5abd4cabe	50fca8cb2fb15c5e
1788609608690659989	1808	1	phase_loop[1807]	1788609608680707	9161	411b931525980091	50fca8cb2fb15c5e
1788609608700757689	1809	1	phase_loop[1808]	1788609608690899	8970	8daa095e936f413c	50fca8cb2fb15c5e
1788609608710680548	1810	1	phase_loop[1809]	1788609608701034	8836	b548cd6c2a10b39f	50fca8cb2fb15c5e
1788609608720627163	1811	1	phase_loop[1810]	1788609608710874	8996	4cd127cd7b664099	50fca8cb2fb15c5e
1788609608730853637	1812	1	phase_loop[1811]	1788609608720818	9052	87fff06dc107c42c	50fca8cb2fb15c5e
1788609608740650257	1813	1	phase_loop[1812]	1788609608731098	8772	4d6801b580cb2451	50fca8cb2fb15c5e
1788609608750512752	1814	1	phase_loop[1813]	1788609608740839	9028	f3e3270e5dbe1745	50fca8cb2fb15c5e
1788609608760643856	1815	1	phase_loop[1814]	1788609608750697	9171	79419eb2c9b248b4	50fca8cb2fb15c5e
1788609608770721839	1816	1	phase_loop[1815]	1788609608760841	9069	f541d572acd6b959	50fca8cb2fb15c5e
1788609608780647994	1817	1	phase_loop[1816]	1788609608770974	8896	044eae90a85d168e	50fca8cb2fb15c5e
1788609608790658880	1818	1	phase_loop[1817]	1788609608780865	9002	77c15b59611418be	50fca8cb2fb15c5e
1788609608801072609	1819	1	phase_loop[1818]	1788609608790905	8964	fa7ee9918789cad7	50fca8cb2fb15c5e
1788609608810665143	1820	1	phase_loop[1819]	1788609608801340	8530	8122c4609f182df2	50fca8cb2fb15c5e
1788609608820570559	1821	1	phase_loop[1820]	1788609608810858	9007	144ab6c141683b4f	50fca8cb2fb15c5e
1788609608830861165	1822	1	phase_loop[1821]	1788609608820753	9116	1c898c010c1fbfad	50fca8cb2fb15c5e
1788609608840660681	1823	1	phase_loop[1822]	1788609608831111	8761	ae3674a3c07864ff	50fca8cb2fb15c5e
1788609608850646750	1824	1	phase_loop[1823]	1788609608840855	9015	24539da6ae32accb	50fca8cb2fb15c5e
1788609608860728951	1825	1	phase_loop[1824]	1788609608850839	9033	eeb1e363b9e49dac	50fca8cb2fb15c5e
1788609608870739186	1826	1	phase_loop[1825]	1788609608860975	8895	998cd7c908f6a5f7	50fca8cb2fb15c5e
1788609608880609766	1827	1	phase_loop[1826]	1788609608870974	8892	fb4b3f3c86e499ed	50fca8cb2fb15c5e
1788609608890638686	1828	1	phase_loop[1827]	1788609608880793	9075	4ff390694cd4deec	50fca8cb2fb15c5e
1788609608900611530	1829	1	phase_loop[1828]	1788609608890826	9042	28d6627b565268b2	50fca8cb2fb15c5e
1788609608910655118	1830	1	phase_loop[1829]	1788609608900800	9070	083f899a46bab4ab	50fca8cb2fb15c5e
1788609608920868567	1831	1	phase_loop[1830]	1788609608910909	8960	ffaeca0ddba787d0	50fca8cb2fb15c5e
1788609608930636023	1832	1	phase_loop[1831]	1788609608921109	8761	56d82ae36ec61742	50fca8cb2fb15c5e
1788609608940710559	1833	1	phase_loop[1832]	1788609608930847	9023	0bd0cf803c770900	50fca8cb2fb15c5e
1788609608950655199	1834	1	phase_loop[1833]	1788609608940961	8910	a7a48c6377a56386	50fca8cb2fb15c5e
1788609608960631440	1835	1	phase_loop[1834]	1788609608950884	8985	0d79970c8d759824	50fca8cb2fb15c5e
1788609608970717749	1836	1	phase_loop[1835]	1788609608960868	9002	d4cabf242faae25b	50fca8cb2fb15c5e
1788609608980543504	1837	1	phase_loop[1836]	1788609608970953	8914	ac8eae7a9337c0ed	50fca8cb2fb15c5e
1788609608990639411	1838	1	phase_loop[1837]	1788609608980734	9133	9884c8d97b594b95	50fca8cb2fb15c5e
1788609609000769984	1839	1	phase_loop[1838]	1788609608990869	9000	891f84200b5338f1	50fca8cb2fb15c5e
1788609609010628231	1840	1	phase_loop[1839]	1788609609001025	8846	57e7d65e60ed8fc1	50fca8cb2fb15c5e
1788609609020636071	1841	1	phase_loop[1840]	1788609609010818	9052	e6e6309018cea64d	50fca8cb2fb15c5e
1788609609030838750	1842	1	phase_loop[1841]	1788609609020825	9044	42bf928da56b673c	50fca8cb2fb15c5e
1788609609040682800	1843	1	phase_loop[1842]	1788609609031083	8787	f9e8ad326db5885b	50fca8cb2fb15c5e
1788609609050515979	1844	1	phase_loop[1843]	1788609609040896	8971	2d12e71e53776b06	50fca8cb2fb15c5e
1788609609060643967	1845	1	phase_loop[1844]	1788609609050698	9171	f519e8cfb6fb93df	50fca8cb2fb15c5e
1788609609070737259	1846	1	phase_loop[1845]	1788609609060849	9021	405799f2b3a7792f	50fca8cb2fb15c5e
1788609609080642635	1847	1	phase_loop[1846]	1788609609071034	8835	0637b005e7dd7e33	50fca8cb2fb15c5e
1788609609090668559	1848	1	phase_loop[1847]	1788609609080833	9035	f409a069c29506da	50fca8cb2fb15c5e
1788609609100765929	1849	1	phase_loop[1848]	1788609609090911	9001	c13788b60ab704ab	50fca8cb2fb15c5e
1788609609110693366	1850	1	phase_loop[1849]	1788609609101033	8838	53a02afcaff5d081	50fca8cb2fb15c5e
1788609609120490037	1851	1	phase_loop[1850]	1788609609110894	8973	4ba058d97c616f3d	50fca8cb2fb15c5e
1788609609130639575	1852	1	phase_loop[1851]	1788609609120672	9198	4d2a565a9a33a0e3	50fca8cb2fb15c5e
1788609609140706737	1853	1	phase_loop[1852]	1788609609130831	9037	a0af73ad61fcc560	50fca8cb2fb15c5e
1788609609150637842	1854	1	phase_loop[1853]	1788609609140953	8916	0baed763e72b7030	50fca8cb2fb15c5e
1788609609160651153	1855	1	phase_loop[1854]	1788609609150825	9042	f0362493faf1f23e	50fca8cb2fb15c5e
1788609609170634506	1856	1	phase_loop[1855]	1788609609160908	8961	38d4009935e0d81a	50fca8cb2fb15c5e
1788609609180657104	1857	1	phase_loop[1856]	1788609609170847	9022	62be15bd004546dd	50fca8cb2fb15c5e
1788609609190650046	1858	1	phase_loop[1857]	1788609609180848	9021	01dda7f8b1e471dd	50fca8cb2fb15c5e
1788609609200879236	1859	1	phase_loop[1858]	1788609609190878	8992	fd17ebff3a07c980	50fca8cb2fb15c5e
1788609609210647692	1860	1	phase_loop[1859]	1788609609201127	8743	4a50136555644a4c	50fca8cb2fb15c5e
1788609609220556665	1861	1	phase_loop[1860]	1788609609210841	9025	01de03e6f97401a9	50fca8cb2fb15c5e
1788609609230772629	1862	1	phase_loop[1861]	1788609609220740	9129	29cb3ed9db5b0306	50fca8cb2fb15c5e
1788609609240653639	1863	1	phase_loop[1862]	1788609609231025	8845	863d639af6d106d8	50fca8cb2fb15c5e
1788609609250649477	1864	1	phase_loop[1863]	1788609609240849	9020	081eada59adbf6e3	50fca8cb2fb15c5e
1788609609260635115	1865	1	phase_loop[1864]	1788609609250850	9019	5d6c1695beeca408	50fca8cb2fb15c5e
1788609609270846661	1866	1	phase_loop[1865]	1788609609260834	9035	594d8abc066cdd55	50fca8cb2fb15c5e
1788609609280517062	1867	1	phase_loop[1866]	1788609609271072	8794	8a8114d787bcfead	50fca8cb2fb15c5e
1788609609290925330	1868	1	phase_loop[1867]	1788609609280695	9172	089d4ba4e2b1c854	50fca8cb2fb15c5e
1788609609300869069	1869	1	phase_loop[1868]	1788609609291202	8668	ab924844b382be6a	50fca8cb2fb15c5e
1788609609310695105	1870	1	phase_loop[1869]	1788609609301140	8730	7c5e8f8409a68700	50fca8cb2fb15c5e
1788609609320643111	1871	1	phase_loop[1870]	1788609609311028	8842	45d8f8e33822f73a	50fca8cb2fb15c5e
1788609609331042092	1872	1	phase_loop[1871]	1788609609320833	9038	28835cda12c69d3f	50fca8cb2fb15c5e
1788609609340677507	1873	1	phase_loop[1872]	1788609609331346	8524	f4694162d7931868	50fca8cb2fb15c5e
1788609609350516367	1874	1	phase_loop[1873]	1788609609340869	8997	0db0cb32b7860c4e	50fca8cb2fb15c5e
1788609609360647921	1875	1	phase_loop[1874]	1788609609350702	9168	ffa3028100ba29e2	50fca8cb2fb15c5e
1788609609370737687	1876	1	phase_loop[1875]	1788609609360874	8995	ca06d42d9bb92e78	50fca8cb2fb15c5e
1788609609380638043	1877	1	phase_loop[1876]	1788609609371014	8855	69299e90c86f4596	50fca8cb2fb15c5e
1788609609390659930	1878	1	phase_loop[1877]	1788609609380826	9042	8b25587c86d6b3f1	50fca8cb2fb15c5e
1788609609401002203	1879	1	phase_loop[1878]	1788609609390904	8965	ac01ad98a4e4a54f	50fca8cb2fb15c5e
1788609609410638640	1880	1	phase_loop[1879]	1788609609401242	8628	876e40351445af39	50fca8cb2fb15c5e
1788609609420527866	1881	1	phase_loop[1880]	1788609609410828	9038	932127f24e8cdd04	50fca8cb2fb15c5e
1788609609431021225	1882	1	phase_loop[1881]	1788609609420715	9201	9ac7444fdc815739	50fca8cb2fb15c5e
1788609609440867780	1883	1	phase_loop[1882]	1788609609431274	8601	bcd5a705eb91109d	50fca8cb2fb15c5e
1788609609450611279	1884	1	phase_loop[1883]	1788609609441101	8768	18041992587a913f	50fca8cb2fb15c5e
1788609609460691887	1885	1	phase_loop[1884]	1788609609450842	9028	c7282541be2dfbaf	50fca8cb2fb15c5e
1788609609470638030	1886	1	phase_loop[1885]	1788609609460955	8915	8e45360813c326e4	50fca8cb2fb15c5e
1788609609480582991	1887	1	phase_loop[1886]	1788609609470870	8997	32952b077f394c13	50fca8cb2fb15c5e
1788609609490670362	1888	1	phase_loop[1887]	1788609609480774	9094	afc73cf28397a97c	50fca8cb2fb15c5e
1788609609500880315	1889	1	phase_loop[1888]	1788609609490910	8962	6f1368a20036e9a8	50fca8cb2fb15c5e
1788609609510651707	1890	1	phase_loop[1889]	1788609609501119	8751	a780fc2dd7b218ea	50fca8cb2fb15c5e
1788609609520522648	1891	1	phase_loop[1890]	1788609609510846	9020	fbf1382144350141	50fca8cb2fb15c5e
1788609609530792304	1892	1	phase_loop[1891]	1788609609520705	9165	16ffeae629b75373	50fca8cb2fb15c5e
1788609609540658496	1893	1	phase_loop[1892]	1788609609531049	8821	0b323809844ca3d5	50fca8cb2fb15c5e
1788609609550647130	1894	1	phase_loop[1893]	1788609609540853	9016	a5819838df1564c7	50fca8cb2fb15c5e
1788609609560642065	1895	1	phase_loop[1894]	1788609609550837	9033	0d6028ccf738c41f	50fca8cb2fb15c5e
1788609609570749444	1896	1	phase_loop[1895]	1788609609560833	9036	76361262a1aaca68	50fca8cb2fb15c5e
1788609609580538730	1897	1	phase_loop[1896]	1788609609571022	8845	e4c7ffb7ba9f6dbd	50fca8cb2fb15c5e
1788609609590895701	1898	1	phase_loop[1897]	1788609609580725	9144	01cb36f472dacd84	50fca8cb2fb15c5e
1788609609600981589	1899	1	phase_loop[1898]	1788609609591162	8709	e612e8bd410bc4e1	50fca8cb2fb15c5e
1788609609610733114	1900	1	phase_loop[1899]	1788609609601236	8635	50b1efc401827b77	50fca8cb2fb15c5e
1788609609620661564	1901	1	phase_loop[1900]	1788609609611028	8841	e737457593ae12f6	50fca8cb2fb15c5e
1788609609630956417	1902	1	phase_loop[1901]	1788609609620848	9022	81f1b6505668b97d	50fca8cb2fb15c5e
1788609609640648399	1903	1	phase_loop[1902]	1788609609631206	8663	3ed46e3cd2fc6952	50fca8cb2fb15c5e
1788609609650519560	1904	1	phase_loop[1903]	1788609609640840	9027	292e2f5c5846a409	50fca8cb2fb15c5e
1788609609660624104	1905	1	phase_loop[1904]	1788609609650706	9164	e97192a119d4db4b	50fca8cb2fb15c5e
1788609609670783250	1906	1	phase_loop[1905]	1788609609660815	9052	572d896213cb698e	50fca8cb2fb15c5e
1788609609680676393	1907	1	phase_loop[1906]	1788609609671044	8826	6b7162a26afc0817	50fca8cb2fb15c5e
1788609609690639649	1908	1	phase_loop[1907]	1788609609680869	9001	ee53b34cc182fbbc	50fca8cb2fb15c5e
1788609609700781833	1909	1	phase_loop[1908]	1788609609690878	8992	a97b0aaa46e649da	50fca8cb2fb15c5e
1788609609710638617	1910	1	phase_loop[1909]	1788609609701071	8798	4e6bc5e64d183402	50fca8cb2fb15c5e
1788609609720542000	1911	1	phase_loop[1910]	1788609609710829	9038	8c20bbb0b22a3d0b	50fca8cb2fb15c5e
1788609609730788872	1912	1	phase_loop[1911]	1788609609720726	9144	18eaeecc073d95e9	50fca8cb2fb15c5e
1788609609740634575	1913	1	phase_loop[1912]	1788609609731059	8811	141572f13eaa88d4	50fca8cb2fb15c5e
1788609609750595557	1914	1	phase_loop[1913]	1788609609740861	9006	95396730feb5ca76	50fca8cb2fb15c5e
1788609609760859562	1915	1	phase_loop[1914]	1788609609750791	9120	a6dd64dcf48fa7c2	50fca8cb2fb15c5e
1788609609770618861	1916	1	phase_loop[1915]	1788609609761095	8774	71150c402080b448	50fca8cb2fb15c5e
1788609609780659934	1917	1	phase_loop[1916]	1788609609770824	9046	11344d90c8db7e8c	50fca8cb2fb15c5e
1788609609790697300	1918	1	phase_loop[1917]	1788609609780853	9013	ee4c1c86a2b9aa54	50fca8cb2fb15c5e
1788609609800924696	1919	1	phase_loop[1918]	1788609609790943	8929	26304efa7019f4ac	50fca8cb2fb15c5e
1788609609810658718	1920	1	phase_loop[1919]	1788609609801158	8711	ed0ef2af56e08d0f	50fca8cb2fb15c5e
1788609609820528717	1921	1	phase_loop[1920]	1788609609810845	9022	d83ef0a7099a20bb	50fca8cb2fb15c5e
1788609609830653488	1922	1	phase_loop[1921]	1788609609820710	9158	a89d344f0fc3fa96	50fca8cb2fb15c5e
1788609609840680194	1923	1	phase_loop[1922]	1788609609830850	9020	b6c4a9130b4ef6e0	50fca8cb2fb15c5e
1788609609850653128	1924	1	phase_loop[1923]	1788609609840965	8905	a45f1df4f33e34c2	50fca8cb2fb15c5e
1788609609862447371	1925	1	phase_loop[1924]	1788609609850839	9028	0ac3e7c690aa1cd7	50fca8cb2fb15c5e
1788609609870668818	1926	1	phase_loop[1925]	1788609609862671	7198	6448512c0984e68a	50fca8cb2fb15c5e
1788609609880627475	1927	1	phase_loop[1926]	1788609609870875	8994	69316efe2f452d8c	50fca8cb2fb15c5e
1788609609890711910	1928	1	phase_loop[1927]	1788609609880815	9054	25feeac1cca3dc14	50fca8cb2fb15c5e
1788609609900748174	1929	1	phase_loop[1928]	1788609609890976	8894	dbb58f8d6d1fae20	50fca8cb2fb15c5e
1788609609910667948	1930	1	phase_loop[1929]	1788609609901044	8826	e9a9a53f4f907067	50fca8cb2fb15c5e
1788609609920609783	1931	1	phase_loop[1930]	1788609609910925	8944	18ce9cce2024fb0c	50fca8cb2fb15c5e
1788609609930972315	1932	1	phase_loop[1931]	1788609609920793	9075	2a37794e577bea6d	50fca8cb2fb15c5e
1788609609940681669	1933	1	phase_loop[1932]	1788609609931214	8656	b1147260fa2a6774	50fca8cb2fb15c5e
1788609609950500291	1934	1	phase_loop[1933]	1788609609940874	8992	14f3cdd363eac271	50fca8cb2fb15c5e
1788609609960638598	1935	1	phase_loop[1934]	1788609609950682	9187	b3a80f36617eaba0	50fca8cb2fb15c5e
1788609609970674592	1936	1	phase_loop[1935]	1788609609960834	9035	b404d05e39ddd640	50fca8cb2fb15c5e
1788609609980645903	1937	1	phase_loop[1936]	1788609609970916	8955	69ac62350cffb570	50fca8cb2fb15c5e
1788609609990629657	1938	1	phase_loop[1937]	1788609609980835	9032	3988a3ad06a88fb4	50fca8cb2fb15c5e
1788609610000719102	1939	1	phase_loop[1938]	1788609609990871	8999	ac0479b7e6dcbec9	50fca8cb2fb15c5e
1788609610010653282	1940	1	phase_loop[1939]	1788609610001113	8757	8ba5a3de054d5616	50fca8cb2fb15c5e
1788609610020504375	1941	1	phase_loop[1940]	1788609610010846	9020	adb9f0b9e7bf8bfd	50fca8cb2fb15c5e
1788609610030787266	1942	1	phase_loop[1941]	1788609610020693	9177	dd1f722a326a266a	50fca8cb2fb15c5e
1788609610040679227	1943	1	phase_loop[1942]	1788609610031058	8812	3402291095f27788	50fca8cb2fb15c5e
1788609610050515382	1944	1	phase_loop[1943]	1788609610040881	8986	d499fe968ec86b03	50fca8cb2fb15c5e
1788609610060750542	1945	1	phase_loop[1944]	1788609610050701	9168	6a096e9b82ef7b27	50fca8cb2fb15c5e
1788609610070707746	1946	1	phase_loop[1945]	1788609610061001	8868	de67966a08c0dc6c	50fca8cb2fb15c5e
1788609610080533962	1947	1	phase_loop[1946]	1788609610070965	8904	73c75c44ae79b28a	50fca8cb2fb15c5e
1788609610090669684	1948	1	phase_loop[1947]	1788609610080719	9179	b525b836453ea119	50fca8cb2fb15c5e
1788609610100894816	1949	1	phase_loop[1948]	1788609610090916	8956	424e9017ac34119e	50fca8cb2fb15c5e
1788609610110667220	1950	1	phase_loop[1949]	1788609610101124	8745	89675d074536f325	50fca8cb2fb15c5e
1788609610120499618	1951	1	phase_loop[1950]	1788609610110857	9009	312437b4a435eddd	50fca8cb2fb15c5e
1788609610130642804	1952	1	phase_loop[1951]	1788609610120679	9191	e9c3da44198775d9	50fca8cb2fb15c5e
1788609610140699246	1953	1	phase_loop[1952]	1788609610130838	9032	e085cd2b0a0fda8d	50fca8cb2fb15c5e
1788609610150643465	1954	1	phase_loop[1953]	1788609610140908	8961	95c608e740ab8523	50fca8cb2fb15c5e
1788609610160665181	1955	1	phase_loop[1954]	1788609610150834	9035	fb6efd964a9ac152	50fca8cb2fb15c5e
1788609610170710001	1956	1	phase_loop[1955]	1788609610160989	8879	0ea6690d8f1a408f	50fca8cb2fb15c5e
1788609610180665582	1957	1	phase_loop[1956]	1788609610170978	8892	e32b3a404ec6b119	50fca8cb2fb15c5e
1788609610191532619	1958	1	phase_loop[1957]	1788609610180874	8994	68eb9d6afd3b07d0	50fca8cb2fb15c5e
1788609610201514219	1959	1	phase_loop[1958]	1788609610191777	8092	339b1809eb52354f	50fca8cb2fb15c5e
1788609610210831161	1960	1	phase_loop[1959]	1788609610201746	8123	d28e28181969ec81	50fca8cb2fb15c5e
1788609610221338176	1961	1	phase_loop[1960]	1788609610211103	8770	1d73b338e8623ac9	50fca8cb2fb15c5e
1788609610230902436	1962	1	phase_loop[1961]	1788609610221565	8303	6bcf8d77619de2c8	50fca8cb2fb15c5e
1788609610240894567	1963	1	phase_loop[1962]	1788609610231136	8736	7f70090b1eb6cc8b	50fca8cb2fb15c5e
1788609610251699306	1964	1	phase_loop[1963]	1788609610241206	8663	1deb0de59f91a7f3	50fca8cb2fb15c5e
1788609610261146434	1965	1	phase_loop[1964]	1788609610251964	7905	40d8b42e862ae856	50fca8cb2fb15c5e
1788609610270955507	1966	1	phase_loop[1965]	1788609610261393	8478	5aa3ad2d18f52d53	50fca8cb2fb15c5e
1788609610280737540	1967	1	phase_loop[1966]	1788609610271236	8636	c6907259f05b4e39	50fca8cb2fb15c5e
1788609610290768123	1968	1	phase_loop[1967]	1788609610281165	8708	7ca87238f2ab2972	50fca8cb2fb15c5e
1788609610301068286	1969	1	phase_loop[1968]	1788609610291041	8827	80030fbe6dd07b40	50fca8cb2fb15c5e
1788609610310677531	1970	1	phase_loop[1969]	1788609610301330	8539	af32f9aa827f3ed5	50fca8cb2fb15c5e
1788609610320497506	1971	1	phase_loop[1970]	1788609610310865	9001	0c63d240e2a3e5cb	50fca8cb2fb15c5e
1788609610330783492	1972	1	phase_loop[1971]	1788609610320683	9185	5667370966a90ccd	50fca8cb2fb15c5e
1788609610340644644	1973	1	phase_loop[1972]	1788609610331060	8810	49ba0e622c410706	50fca8cb2fb15c5e
1788609610350504805	1974	1	phase_loop[1973]	1788609610340834	9032	bb84b67bfe0a066e	50fca8cb2fb15c5e
1788609610360646007	1975	1	phase_loop[1974]	1788609610350686	9184	8c71bcee0222da11	50fca8cb2fb15c5e
1788609610370668996	1976	1	phase_loop[1975]	1788609610360842	9027	5ddd1e3b77aa1223	50fca8cb2fb15c5e
1788609610380566858	1977	1	phase_loop[1976]	1788609610370921	8947	e9dbfdedd673bd13	50fca8cb2fb15c5e
1788609610390704944	1978	1	phase_loop[1977]	1788609610380752	9114	3affcc26f88490bd	50fca8cb2fb15c5e
1788609610401535382	1979	1	phase_loop[1978]	1788609610390965	8904	c3f191f99cfe3b95	50fca8cb2fb15c5e
1788609610410651483	1980	1	phase_loop[1979]	1788609610401818	8052	08ac01a4d8e89f63	50fca8cb2fb15c5e
1788609610420576256	1981	1	phase_loop[1980]	1788609610410843	9058	51529fe09332e780	50fca8cb2fb15c5e
1788609610430779396	1982	1	phase_loop[1981]	1788609610420773	9095	fcde50917c60b9b0	50fca8cb2fb15c5e
1788609610440633815	1983	1	phase_loop[1982]	1788609610431044	8824	7d1f49d72b93c385	50fca8cb2fb15c5e
1788609610450626446	1984	1	phase_loop[1983]	1788609610440847	9022	185c1ad8fa624396	50fca8cb2fb15c5e
1788609610460624457	1985	1	phase_loop[1984]	1788609610450821	9048	75cdd3904a0c9c66	50fca8cb2fb15c5e
1788609610470704815	1986	1	phase_loop[1985]	1788609610460816	9053	b30e914ffaf3c363	50fca8cb2fb15c5e
1788609610480566408	1987	1	phase_loop[1986]	1788609610470985	8884	a6b45c222c5c5fa2	50fca8cb2fb15c5e
1788609610490656684	1988	1	phase_loop[1987]	1788609610480759	9108	6eb47205c4e27242	50fca8cb2fb15c5e
1788609610500718185	1989	1	phase_loop[1988]	1788609610490914	8957	6fe7dc9dbf9aa48e	50fca8cb2fb15c5e
1788609610510659309	1990	1	phase_loop[1989]	1788609610501003	8865	c9f735b6e04030ee	50fca8cb2fb15c5e
1788609610520531713	1991	1	phase_loop[1990]	1788609610510853	9014	62b7f32baeed5c40	50fca8cb2fb15c5e
1788609610530789265	1992	1	phase_loop[1991]	1788609610520714	9158	f9a508558ffb97e1	50fca8cb2fb15c5e
1788609610540647001	1993	1	phase_loop[1992]	1788609610531058	8813	cd92c4d133fb1489	50fca8cb2fb15c5e
1788609610550743940	1994	1	phase_loop[1993]	1788609610540837	9032	aed85bc60a57f2cf	50fca8cb2fb15c5e
1788609610560653053	1995	1	phase_loop[1994]	1788609610551057	8812	5a1e33c18ca8d6ec	50fca8cb2fb15c5e
1788609610570959197	1996	1	phase_loop[1995]	1788609610560845	9025	98b00d2d84088f72	50fca8cb2fb15c5e
1788609610580630390	1997	1	phase_loop[1996]	1788609610571250	8618	db39d6221db1570c	50fca8cb2fb15c5e
1788609610590652677	1998	1	phase_loop[1997]	1788609610580846	9020	a68e025e3014f2db	50fca8cb2fb15c5e
1788609610600765176	1999	1	phase_loop[1998]	1788609610590883	8987	4327e0385e8f0b39	50fca8cb2fb15c5e
1788609610610654090	2000	1	phase_loop[1999]	1788609610601036	8833	b4734d8a837aca34	50fca8cb2fb15c5e
1788609610611318378	2001	1	phase[0]	1788609590625801	19985039	50fca8cb2fb15c5e	9071b7689a17eb24
1788609610611967527	2002	1	thread_loop[0]	1788609590625793	19985672	9071b7689a17eb24	2048b5d6a4a4f891
1788609610613845643	2003	1	HI_task-0	1788609590609947	19999922	2048b5d6a4a4f891	7ea769178954c085
1788609610615016440	2004	1	main	1788609590608260	20005981	7ea769178954c085	-
