#idx     perf      run   period           start             end          rel_st      slack c_duration   c_period     wu_lat
   0       68     1984     1986      9460187638      9460189624           16126      -7902       2000      10000          0
   0       68     1983     1986      9460190707      9460192693           19195       -970       2000      10000          0
   0       68     1983     8087      9460193646      9460201733           22134       6092       2000      10000         10
   0       68     1984     8941      9460202790      9460211730           31277       6948       2000      10000          8
   0       68     1983     9122      9460212609      9460221731           41097       7129       2000      10000          9
   0       68     1983     8996      9460222736      9460231732           51224       7002       2000      10000         10
   0       68     1984     8995      9460232735      9460241730           61223       7002       2000      10000          8
   0       68     1985     8986      9460242748      9460251734           71236       6989       2000      10000         11
   0       68     1983     8879      9460252854      9460261733           81342       6884       2000      10000         10
   0       68     1984     8777      9460262955      9460271732           91443       6782       2000      10000         10
   0       68     1985     9025      9460272707      9460281732          101194       7030       2000      10000          9
   0       68     1984     9004      9460282729      9460291733          111217       7008       2000      10000         10
   0       68     1984     8721      9460293011      9460301732          121499       6726       2000      10000         10
   0       68     1984     8986      9460302745      9460311731          131233       6993       2000      10000          8
   0       68     1984     9119      9460312612      9460321731          141100       7126       2000      10000          9
   0       68     1984     8940      9460322792      9460331732          151280       6945       2000      10000         10
   0       68     1984     8843      9460332888      9460341731          161376       6849       2000      10000          9
   0       68     1985     9059      9460342672      9460351731          171160       7065       2000      10000          9
   0       68     1983     8921      9460352810      9460361731          181298       6928       2000      10000          9
   0       68     1984     8685      9460363046      9460371732          191534       6691       2000      10000          9
   0       68     1984     9029      9460372701      9460381731          201189       7036       2000      10000          8
   0       68     1984     9155      9460382577      9460391732          211064       7160       2000      10000         10
   0       68     1984     8780      9460392952      9460401732          221440       6785       2000      10000         10
   0       68     1984     8957      9460402773      9460411730          231261       6965       2000      10000          8
   0       68     1984     9117      9460412615      9460421731          241102       7123       2000      10000          9
   0       68     1983     8997      9460422737      9460431734          251225       7001       2000      10000         12
   0       68     1984     8971      9460432760      9460441731          261247       6977       2000      10000          8
   0       68     1984     9150      9460442584      9460451734          271072       7153       2000      10000         11
   0       68     1984     8940      9460452794      9460461734          281282       6943       2000      10000         12
   0       68     1985     8855      9460462881      9460471736          291369       6855       2000      10000         14
   0       68     1984     8961      9460472771      9460481732          301259       6966       2000      10000         10
   0       68     1984     9034      9460482698      9460491733          311186       7038       2000      10000         10
   0       68     1983     7772      9460493959      9460501731          322447       5778       2000      10000          9
   0       68     1983     8827      9460502905      9460511732          331393       6832       2000      10000         10
   0       68     1983     8871      9460512860      9460521731          341348       6877       2000      10000          9
   0       68     1983     9029      9460522704      9460531732          351192       7034       2000      10000         10
   0       68     1983     8868      9460532864      9460541732          361351       6875       2000      10000          9
   0       68     1985     9024      9460542708      9460551732          371195       7029       2000      10000          9
   0       68     1983     8902      9460552831      9460561733          381319       6906       2000      10000         10
   0       68     1985     8772      9460562959      9460571731          391447       6777       2000      10000          9
   0       68     1984     9049      9460572682      9460581731          401170       7055       2000      10000          9
   0       68     1984     8890      9460582843      9460591733          411331       6895       2000      10000         11
   0       68     1984     8785      9460592947      9460601733          421435       6790       2000      10000         10
   0       68     1984     9029      9460602702      9460611731          431189       7036       2000      10000          9
   0       68     1984     9173      9460612559      9460621732          441046       7179       2000      10000          9
   0       68     1983     8976      9460622757      9460631733          451245       6980       2000      10000         11
   0       68     1984     8840      9460632891      9460641731          461379       6846       2000      10000          9
   0       68     1984     9131      9460642603      9460651734          471091       7134       2000      10000         11
   0       68     1984     8878      9460652855      9460661733          481343       6882       2000      10000         11
   0       68     1983     8262      9460663470      9460671732          491958       6267       2000      10000          9
   0       68     1985     9037      9460672695      9460681732          501182       7042       2000      10000          9
   0       68     1983     9097      9460682636      9460691733          511124       7102       2000      10000         10
   0       68     1984     8713      9460693020      9460701732          521507       6718       2000      10000         10
   0       68     1984     8970      9460702762      9460711731          531250       6976       2000      10000          9
   0       68     1984     9140      9460712590      9460721731          541078       7147       2000      10000          8
   0       68     1983     9021      9460722711      9460731732          551199       7027       2000      10000          9
   0       68     1984     8917      9460732814      9460741732          561302       6922       2000      10000          9
   0       68     1984     8991      9460742741      9460751731          571228       6997       2000      10000          9
   0       68     1983     8885      9460752847      9460761732          581335       6891       2000      10000          9
   0       68     1983     8858      9460762875      9460771733          591363       6863       2000      10000         10
   0       68     1984     8998      9460772733      9460781731          601220       7005       2000      10000          8
   0       68     1984     9100      9460782632      9460791732          611120       7105       2000      10000         10
   0       68     1984     8781      9460792952      9460801733          621440       6785       2000      10000         11
   0       68     1984     8988      9460802746      9460811735          631234       6991       2000      10000         12
   0       68     1984     8917      9460812815      9460821732          641303       6921       2000      10000         10
   0       68     1983     8913      9460822822      9460831735          651309       6916       2000      10000         13
   0       68     1983     8732      9460833000      9460841732          661488       6738       2000      10000          9
   0       68     1983     9022      9460842709      9460851732          671197       7029       2000      10000          9
   0       68     1984     8915      9460852817      9460861732          681305       6920       2000      10000         10
   0       68     1983     8814      9460862917      9460871732          691405       6820       2000      10000          9
   0       68     1984     8972      9460872761      9460881732          701248       6977       2000      10000         10
   0       68     1984     9039      9460882693      9460891733          711181       7044       2000      10000         10
   0       68     1983     8790      9460892942      9460901732          721430       6796       2000      10000         10
   0       68     1984     8879      9460902852      9460911731          731340       6886       2000      10000          8
   0       68     1985     9108      9460912624      9460921731          741111       7113       2000      10000          9
   0       68     1983     9011      9460922722      9460931733          751210       7016       2000      10000         11
   0       68     1985     8967      9460932766      9460941734          761254       6971       2000      10000         11
   0       68     1984     9001      9460942730      9460951731          771218       7008       2000      10000          9
   0       68     1984     8838      9460952896      9460961734          781384       6841       2000      10000         12
   0       68     1983     8803      9460962929      9460971732          791417       6809       2000      10000         10
   0       68     1984     8975      9460972758      9460981733          801245       6979       2000      10000         10
   0       68     1984     8806      9460982928      9460991734          811416       6809       2000      10000         11
   0       68     1983     8791      9460992942      9461001733          821430       6796       2000      10000         11
   0       68     1984     8990      9461002741      9461011731          831229       6996       2000      10000          9
   0       68     1984     9080      9461012651      9461021731          841139       7086       2000      10000          9
   0       68     1983     8994      9461022738      9461031733          851226       7000       2000      10000         10
   0       68     1984     8837      9461032894      9461041730          861381       6843       2000      10000          8
   0       68     1984     9130      9461042601      9461051731          871089       7137       2000      10000          9
   0       68     1983     8918      9461052815      9461061732          881302       6923       2000      10000         10
   0       68     1983     8740      9461062992      9461071732          891480       6745       2000      10000          9
   0       68     1984     9025      9461072706      9461081731          901194       7031       2000      10000          8
   0       68     1984     9111      9461082622      9461091733          911110       7115       2000      10000         10
   0       68     1983     8940      9461092792      9461101732          921280       6946       2000      10000         10
   0       68     1984     8993      9461102739      9461111732          931226       6999       2000      10000         10
   0       68     1984     8985      9461112747      9461121731          941234       6990       2000      10000          9
   0       68     1983     8900      9461122834      9461131734          951322       6903       2000      10000         12
   0       68     1983     8976      9461132756      9461141732          961244       6980       2000      10000          9
   0       68     1984     9001      9461142730      9461151732          971218       7006       2000      10000          9
   0       68     1984     8910      9461152823      9461161733          981311       6915       2000      10000         10
   0       68     1983     8789      9461162941      9461171731          991429       6796       2000      10000          8
   0       68     1983     9038      9461172693      9461181731         1001180       7045       2000      10000          8
   0       68     1984     9024      9461182709      9461191733         1011197       7028       2000      10000         10
   0       68     1983     8792      9461192941      9461201733         1021429       6797       2000      10000         10
   0       68     1984     9003      9461202728      9461211731         1031216       7009       2000      10000          8
   0       68     1985     9126      9461212605      9461221731         1041092       7132       2000      10000          8
   0       68     1984     8863      9461222870      9461231733         1051357       6868       2000      10000         10
   0       68     1983     8873      9461232859      9461241732         1061347       6878       2000      10000         10
   0       68     1984     9002      9461242730      9461251732         1071218       7008       2000      10000         10
   0       68     1983     8905      9461252835      9461261739         1081322       6903       2000      10000         17
   0       68     1984     8874      9461262858      9461271732         1091346       6880       2000      10000         10
   0       68     1985     8995      9461272738      9461281733         1101226       6998       2000      10000         11
   0       68     1984     8963      9461282771      9461291734         1111259       6966       2000      10000         11
   0       68     1983     8052      9461293680      9461301732         1122168       6058       2000      10000         10
   0       68     1985     8929      9461302801      9461311730         1131289       6936       2000      10000          8
   0       68     1985     9150      9461312582      9461321733         1141070       7155       2000      10000         10
   0       68     1983     9009      9461322723      9461331732         1151211       7015       2000      10000         10
   0       68     1984     8795      9461332936      9461341731         1161424       6801       2000      10000          8
   0       68     1984     9110      9461342625      9461351734         1171113       7113       2000      10000         12
   0       68     1984     8927      9461352805      9461361732         1181293       6933       2000      10000         10
   0       68     1984     8816      9461362915      9461371730         1191402       6823       2000      10000          8
   0       68     1984     9048      9461372682      9461381730         1201170       7055       2000      10000          8
   0       68     1984     9166      9461382567      9461391732         1211054       7170       2000      10000         10
   0       68     1983     8821      9461392911      9461401732         1221398       6827       2000      10000         10
   0       68     1984     9012      9461402720      9461411732         1231208       7017       2000      10000          9
   0       68     1984     9022      9461412711      9461421733         1241198       7027       2000      10000         10
   0       68     1983     9022      9461422711      9461431733         1251199       7027       2000      10000         11
   0       68     1984     8943      9461432788      9461441731         1261276       6948       2000      10000          9
   0       68     1984     9099      9461442634      9461451732         1271121       7104       2000      10000         10
   0       68     1984     8909      9461452824      9461461733         1281312       6913       2000      10000         10
   0       68     1984     8841      9461462893      9461471733         1291381       6844       2000      10000         11
   0       68     1983     8946      9461472786      9461481732         1301274       6952       2000      10000          9
   0       68     1984     9021      9461482711      9461491732         1311199       7026       2000      10000         10
   0       68     1983     8694      9461493038      9461501732         1321526       6700       2000      10000          9
   0       68     1984     9002      9461502729      9461511731         1331217       7009       2000      10000          8
   0       68     1984     9143      9461512588      9461521732         1341076       7148       2000      10000          9
   0       68     1984     9027      9461522706      9461531733         1351193       7032       2000      10000         10
   0       68     1984     8978      9461532754      9461541732         1361242       6983       2000      10000         10
   0       68     1985     8987      9461542747      9461551734         1371235       6989       2000      10000         11
   0       68     1984     8880      9461552855      9461561735         1381343       6883       2000      10000         13
   0       68     1983     8241      9461563490      9461571731         1391978       6247       2000      10000          9
   0       68     1984     8989      9461572743      9461581732         1401231       6994       2000      10000         10
   0       68     1984     9008      9461582725      9461591733         1411213       7012       2000      10000         11
   0       68     1984     8734      9461592999      9461601733         1421486       6739       2000      10000         10
   0       68     1984     9022      9461602708      9461611730         1431196       7029       2000      10000          8
   0       68     1984     9134      9461612599      9461621733         1441086       7138       2000      10000         10
   0       68     1983     8629      9461623104      9461631733         1451592       6634       2000      10000         11
   0       68     1984     8941      9461632789      9461641730         1461277       6947       2000      10000          8
   0       68     1984     9126      9461642607      9461651734         1471095       7130       2000      10000         11
   0       68     1984     8887      9461652846      9461661733         1481334       6891       2000      10000         11
   0       68     1984     8822      9461662908      9461671730         1491396       6829       2000      10000          8
   0       68     1984     9038      9461672693      9461681731         1501181       7044       2000      10000          8
   0       68     1985     9125      9461682608      9461691733         1511095       7129       2000      10000         11
   0       68     1983     6942      9461694790      9461701732         1523278       4947       2000      10000          9
   0       68     1983     8749      9461702983      9461711732         1531471       6754       2000      10000         10
   0       68     1983     8980      9461712752      9461721731         1541239       6986       2000      10000          9
   0       68     1983     8959      9461722777      9461731735         1551264       6961       2000      10000         13
   0       68     1983     8187      9461733545      9461741732         1562033       6193       2000      10000         10
   0       68     1984     8993      9461742740      9461751733         1571228       6997       2000      10000         10
   0       68     1983     8656      9461753077      9461761733         1581565       6660       2000      10000         11
   0       68     1983     7981      9461763751      9461771732         1592239       5987       2000      10000         10
   0       68     1984     8083      9461773650      9461781732         1602137       6088       2000      10000         10
   0       68     1984     8867      9461782867      9461791734         1611355       6870       2000      10000         11
   0       68     1983     7979      9461793754      9461801733         1622242       5984       2000      10000         11
   0       68     1984     8781      9461802951      9461811732         1631439       6786       2000      10000          9
   0       68     1984     8978      9461812754      9461821732         1641242       6984       2000      10000         10
   0       68     1984     8986      9461822746      9461831731         1651233       6992       2000      10000          9
   0       68     1984     8975      9461832756      9461841732         1661244       6981       2000      10000          9
   0       68     1985     9013      9461842721      9461851735         1671209       7016       2000      10000         12
   0       68     1983     8926      9461852806      9461861732         1681293       6932       2000      10000          9
   0       68     1984     8967      9461862765      9461871732         1691253       6972       2000      10000         10
   0       68     1984     8975      9461872755      9461881730         1701243       6982       2000      10000          8
   0       68     1985     9119      9461882613      9461891732         1711101       7124       2000      10000         10
   0       68     1983     8819      9461892914      9461901733         1721401       6823       2000      10000         10
   0       68     1985     8937      9461902795      9461911731         1731282       6942       2000      10000          9
   0       68     1984     9044      9461912689      9461921733         1741176       7049       2000      10000         10
   0       68     1984     8875      9461922857      9461931732         1751345       6880       2000      10000         10
   0       68     1984     8917      9461932818      9461941735         1761306       6918       2000      10000         13
   0       68     1983     8824      9461942910      9461951734         1771398       6827       2000      10000         12
   0       68     1983     8912      9461952820      9461961733         1781308       6918       2000      10000         10
   0       68     1984     8927      9461962803      9461971730         1791291       6934       2000      10000          8
   0       68     1984     9036      9461972694      9461981731         1801182       7043       2000      10000          8
   0       68     1984     9153      9461982580      9461991733         1811068       7157       2000      10000         11
   0       68     1983     8757      9461992977      9462001733         1821464       6761       2000      10000         11
   0       68     1984     8893      9462002839      9462011732         1831326       6898       2000      10000         10
   0       68     1984     9042      9462012691      9462021733         1841179       7047       2000      10000         10
   0       68     1983     8995      9462022737      9462031732         1851225       7001       2000      10000         10
   0       68     1985     8968      9462032763      9462041731         1861250       6975       2000      10000          8
   0       68     1985     9169      9462042564      9462051733         1871052       7173       2000      10000         11
   0       68     1983     8884      9462052849      9462061733         1881337       6888       2000      10000         10
   0       68     1984     8809      9462062926      9462071735         1891414       6811       2000      10000         12
   0       68     1984     9000      9462072731      9462081731         1901219       7005       2000      10000          9
   0       68     1984     9153      9462082583      9462091736         1911071       7154       2000      10000         14
   0       68     1983     6914      9462094818      9462101732         1923306       4919       2000      10000         10
   0       68     1984     8867      9462102864      9462111731         1931352       6873       2000      10000          9
   0       68     1985     9150      9462112582      9462121732         1941070       7154       2000      10000         10
   0       68     1983     8993      9462122739      9462131732         1951227       6999       2000      10000         10
   0       68     1983     8861      9462132871      9462141732         1961359       6867       2000      10000          9
   0       68     1984     9048      9462142684      9462151732         1971172       7052       2000      10000         10
   0       68     1983     8891      9462152843      9462161734         1981331       6894       2000      10000         12
   0       68     1984     8726      9462163006      9462171732         1991494       6731       2000      10000          9
   0       68     1984     9027      9462172704      9462181731         2001192       7033       2000      10000          9
   0       68     1985     9188      9462182546      9462191734         2011034       7191       2000      10000         11
   0       68     1983     8802      9462192931      9462201733         2021419       6807       2000      10000         10
   0       68     1985     9016      9462202715      9462211731         2031203       7022       2000      10000          8
   0       68     1984     9106      9462212627      9462221732         2041114       7111       2000      10000         10
   0       68     1984     8905      9462222828      9462231733         2051316       6909       2000      10000         10
   0       68     1984     8908      9462232826      9462241734         2061314       6910       2000      10000         11
   0       68     1984     8982      9462242751      9462251732         2071239       6985       2000      10000         10
   0       68     1984     8807      9462252926      9462261733         2081413       6812       2000      10000         10
   0       68     1983     8927      9462262804      9462271731         2091291       6934       2000      10000          8
   0       68     1985     8997      9462272735      9462281732         2101222       7002       2000      10000          9
   0       68     1983     9074      9462282659      9462291733         2111147       7079       2000      10000         11
   0       68     1983     8766      9462292966      9462301732         2121453       6772       2000      10000          9
   0       68     1984     8997      9462302735      9462311732         2131223       7002       2000      10000          9
   0       68     1984     9002      9462312729      9462321731         2141217       7009       2000      10000          9
   0       68     1983     9039      9462322694      9462331733         2151182       7043       2000      10000         11
   0       68     1984     8971      9462332760      9462341731         2161248       6977       2000      10000          8
   0       68     1985     9150      9462342582      9462351732         2171070       7155       2000      10000          9
   0       68     1983     8927      9462352807      9462361734         2181295       6931       2000      10000         11
   0       68     1983     8880      9462362853      9462371732         2191341       6884       2000      10000         10
   0       68     1984     9003      9462372728      9462381731         2201216       7009       2000      10000          9
   0       68     1984     9140      9462382597      9462391737         2211085       7140       2000      10000         14
   0       68     1983     8339      9462393394      9462401733         2221882       6344       2000      10000         10
   0       68     1985     9013      9462402718      9462411730         2231206       7019       2000      10000          8
   0       68     1984     9115      9462412616      9462421732         2241104       7121       2000      10000          9
   0       68     1983     9012      9462422721      9462431733         2251209       7017       2000      10000         10
   0       68     1983     8899      9462432833      9462441732         2261320       6905       2000      10000          9
   0       68     1984     9008      9462442727      9462451734         2271214       7011       2000      10000         12
   0       68     1983     8849      9462452885      9462461734         2281372       6853       2000      10000         11
   0       68     1983     8889      9462462843      9462471732         2291331       6895       2000      10000         10
   0       68     1984     9023      9462472710      9462481732         2301198       7028       2000      10000         10
   0       68     1984     8974      9462482760      9462491734         2311247       6977       2000      10000         11
   0       68     1983     8802      9462492930      9462501732         2321418       6808       2000      10000          9
   0       68     1984     8883      9462502848      9462511731         2331336       6889       2000      10000          9
   0       68     1985     9129      9462512603      9462521732         2341091       7134       2000      10000          9
   0       68     1983     9017      9462522715      9462531732         2351202       7024       2000      10000          9
   0       68     1984     8920      9462532812      9462541732         2361300       6925       2000      10000         10
   0       68     1984     8898      9462542835      9462551733         2371322       6903       2000      10000         10
   0       68     1983     8912      9462552821      9462561733         2381309       6917       2000      10000         11
   0       68     1983     8918      9462562812      9462571731         2391300       6925       2000      10000          8
   0       68     1985     8977      9462572755      9462581732         2401243       6982       2000      10000         10
   0       68     1983     8876      9462582858      9462591733         2411345       6880       2000      10000         11
   0       68     1983     8795      9462592938      9462601733         2421426       6800       2000      10000         11
   0       68     1983     8945      9462602786      9462611731         2431274       6952       2000      10000          9
   0       68     1984     8997      9462612734      9462621731         2441222       7003       2000      10000          9
   0       68     1983     9010      9462622722      9462631732         2451210       7016       2000      10000         10
   0       68     1985     8953      9462632778      9462641731         2461266       6959       2000      10000          8
   0       68     1984     9186      9462642548      9462651734         2471036       7188       2000      10000         12
   0       68     1983     8841      9462652892      9462661732         2481380       6846       2000      10000         10
   0       68     1983     8913      9462662819      9462671732         2491307       6919       2000      10000         10
   0       68     1985     8993      9462672738      9462681731         2501226       6999       2000      10000          9
   0       68     1985     9106      9462682626      9462691732         2511114       7111       2000      10000          9
   0       68     1983     8941      9462692791      9462701732         2521279       6947       2000      10000         10
   0       68     1985     8997      9462702733      9462711730         2531221       7004       2000      10000          8
   0       68     1985     9153      9462712578      9462721731         2541066       7158       2000      10000          9
   0       68     1983     9040      9462722696      9462731736         2551184       7042       2000      10000         14
   0       68     1983     8956      9462732776      9462741732         2561264       6961       2000      10000          9
   0       68     1984     9035      9462742699      9462751733         2571186       7038       2000      10000         11
   0       68     1983     8810      9462752924      9462761733         2581411       6814       2000      10000         11
   0       68     1983     8897      9462762835      9462771732         2591323       6903       2000      10000          9
   0       68     1984     8981      9462772749      9462781731         2601237       6988       2000      10000          8
   0       68     1984     9085      9462782648      9462791733         2611136       7089       2000      10000         11
   0       68     1983     8761      9462792972      9462801733         2621460       6766       2000      10000         11
   0       68     1984     8997      9462802734      9462811731         2631222       7004       2000      10000          8
   0       68     1985     9042      9462812690      9462821732         2641178       7047       2000      10000         10
   0       68     1983     8870      9462822862      9462831732         2651350       6876       2000      10000         10
   0       68     1984     8729      9462833002      9462841731         2661490       6734       2000      10000          9
   0       68     1984     9070      9462842665      9462851735         2671153       7072       2000      10000         12
   0       68     1983     8880      9462852854      9462861734         2681342       6884       2000      10000         12
   0       68     1984     7644      9462864088      9462871732         2692575       5649       2000      10000          9
   0       68     1984     9002      9462872730      9462881731         2701217       7008       2000      10000          9
   0       68     1984     8906      9462882826      9462891732         2711314       6911       2000      10000         10
   0       68     1984     8961      9462892771      9462901732         2721259       6966       2000      10000         10
   0       68     1983     8827      9462902905      9462911731         2731393       6833       2000      10000          9
   0       68     1985     9022      9462912710      9462921732         2741197       7027       2000      10000          9
   0       68     1983     8997      9462922735      9462931732         2751223       7003       2000      10000         10
   0       68     1985     8965      9462932766      9462941731         2761254       6971       2000      10000          9
   0       68     1983     9110      9462942623      9462951734         2771111       7114       2000      10000         11
   0       68     1983     8866      9462952867      9462961733         2781355       6871       2000      10000         11
   0       68     1983     8797      9462962934      9462971731         2791422       6803       2000      10000          9
   0       68     1985     9032      9462972699      9462981731         2801187       7038       2000      10000          9
   0       68     1984     9198      9462982534      9462991732         2811022       7203       2000      10000          9
   0       68     1983     8714      9462993018      9463001732         2821505       6720       2000      10000         10
   0       68     1984     8978      9463002754      9463011733         2831242       6983       2000      10000         10
   0       68     1984     9019      9463012713      9463021731         2841201       7025       2000      10000          9
   0       68     1983     8972      9463022759      9463031732         2851247       6979       2000      10000          9
   0       68     1984     8914      9463032817      9463041731         2861305       6919       2000      10000          9
   0       68     1984     9145      9463042591      9463051736         2871079       7147       2000      10000         13
   0       68     1984     8773      9463052961      9463061734         2881449       6777       2000      10000         11
   0       68     1983     8774      9463062958      9463071731         2891445       6780       2000      10000          9
   0       68     1985     9022      9463072708      9463081730         2901196       7029       2000      10000          7
   0       68     1984     9139      9463082595      9463091734         2911083       7142       2000      10000         12
   0       68     1983     8770      9463092962      9463101732         2921450       6776       2000      10000          9
   0       68     1984     8972      9463102758      9463111730         2931246       6980       2000      10000          8
   0       68     1984     9152      9463112579      9463121731         2941067       7159       2000      10000          8
   0       68     1983     9024      9463122708      9463131733         2951196       7030       2000      10000         10
   0       68     1984     8967      9463132763      9463141730         2961250       6975       2000      10000          8
   0       68     1984     9145      9463142590      9463151736         2971078       7147       2000      10000         13
   0       68     1983     8881      9463152851      9463161732         2981339       6886       2000      10000         10
   0       68     1984     8916      9463162816      9463171732         2991304       6921       2000      10000         10
   0       68     1985     8965      9463172766      9463181731         3001254       6970       2000      10000          9
   0       68     1984     9000      9463182732      9463191732         3011220       7005       2000      10000         10
   0       68     1983     8785      9463192947      9463201732         3021435       6791       2000      10000         10
   0       68     1984     8871      9463202860      9463211731         3031348       6877       2000      10000          9
   0       68     1984     9097      9463212634      9463221731         3041122       7103       2000      10000          9
   0       68     1983     8964      9463222770      9463231733         3051258       6968       2000      10000         11
   0       68     1985     8931      9463232799      9463241730         3061287       6937       2000      10000          8
   0       68     1983     9161      9463242571      9463251732         3071058       7167       2000      10000          9
   0       68     1983     8905      9463252826      9463261731         3081314       6912       2000      10000          8
   0       68     1983     8882      9463262849      9463271732         3091337       6888       2000      10000          9
   0       68     1985     9014      9463272716      9463281730         3101204       7021       2000      10000          8
   0       68     1984     9186      9463282545      9463291732         3111033       7192       2000      10000         10
   0       68     1984     7801      9463293931      9463301733         3122419       5806       2000      10000         10
   0       68     1984     8951      9463302781      9463311732         3131269       6956       2000      10000          9
   0       68     1984     8986      9463312745      9463321732         3141233       6992       2000      10000          9
   0       68     1983     9031      9463322704      9463331735         3151191       7035       2000      10000         12
   0       68     1985     8961      9463332769      9463341730         3161257       6968       2000      10000          8
   0       68     1984     9202      9463342534      9463351736         3171022       7203       2000      10000         14
   0       68     1983     8892      9463352842      9463361734         3181330       6896       2000      10000         11
   0       68     1983     8503      9463363228      9463371731         3191716       6510       2000      10000          9
   0       68     1984     8972      9463372759      9463381731         3201247       6979       2000      10000          8
   0       68     1983     9057      9463382676      9463391733         3211164       7062       2000      10000         11
   0       68     1983     8845      9463392887      9463401732         3221375       6851       2000      10000          9
   0       68     1984     8994      9463402737      9463411731         3231224       7001       2000      10000          9
   0       68     1983     9139      9463412593      9463421732         3241081       7145       2000      10000         10
   0       68     1983     9017      9463422715      9463431732         3251203       7023       2000      10000         10
   0       68     1984     8978      9463432752      9463441730         3261240       6986       2000      10000          8
   0       68     1984     9148      9463442584      9463451732         3271072       7153       2000      10000         10
   0       68     1983     8931      9463452800      9463461732         3281288       6937       2000      10000          9
   0       68     1984     8783      9463462949      9463471732         3291437       6789       2000      10000          9
   0       68     1985     8989      9463472742      9463481731         3301230       6995       2000      10000          9
   0       68     1984     9006      9463482726      9463491732         3311214       7011       2000      10000         10
   0       68     1983     8796      9463492937      9463501733         3321424       6801       2000      10000         10
   0       68     1984     8987      9463502744      9463511731         3331232       6994       2000      10000          8
   0       68     1985     9131      9463512599      9463521730         3341087       7138       2000      10000          8
   0       68     1984     9034      9463522698      9463531732         3351185       7040       2000      10000         10
   0       68     1984     8920      9463532815      9463541735         3361303       6922       2000      10000         12
   0       68     1983     8893      9463542839      9463551732         3371327       6898       2000      10000         10
   0       68     1984     8936      9463552797      9463561733         3381285       6940       2000      10000         10
   0       68     1983     8899      9463562832      9463571731         3391320       6905       2000      10000          9
   0       68     1985     9013      9463572717      9463581730         3401205       7020       2000      10000          8
   0       68     1984     9126      9463582607      9463591733         3411094       7130       2000      10000         10
   0       68     1983     8789      9463592943      9463601732         3421431       6795       2000      10000         10
   0       68     1984     8975      9463602757      9463611733         3431245       6979       2000      10000         10
   0       68     1985     9024      9463612708      9463621732         3441196       7028       2000      10000         10
   0       68     1984     8996      9463622738      9463631733         3451226       6999       2000      10000         11
   0       68     1984     8913      9463632818      9463641732         3461306       6918       2000      10000          9
   0       68     1984     9093      9463642640      9463651733         3471128       7097       2000      10000         11
   0       68     1983     8900      9463652831      9463661731         3481318       6907       2000      10000          8
   0       68     1984     8787      9463662945      9463671732         3491433       6792       2000      10000         10
   0       68     1984     9055      9463672677      9463681731         3501165       7060       2000      10000          9
   0       68     1984     9157      9463682578      9463691735         3511066       7159       2000      10000         12
   0       68     1983     6736      9463694995      9463701731         3523483       4742       2000      10000          9
   0       68     1984     8958      9463702773      9463711731         3531261       6964       2000      10000          9
   0       68     1983     8964      9463712767      9463721731         3541255       6970       2000      10000          9
   0       68     2014     9039      9463722694      9463731733         3551182       7013       2000      10000         11
   0       68     1984     8913      9463732817      9463741731         3561305       6920       2000      10000          8
   0       68     1985     9122      9463742609      9463751731         3571097       7128       2000      10000          9
   0       68     1983     8934      9463752800      9463761733         3581287       6938       2000      10000         11
   0       68     1983     8822      9463762911      9463771732         3591398       6827       2000      10000         10
   0       68     1985     8972      9463772759      9463781731         3601247       6977       2000      10000          9
   0       68     1984     8908      9463782825      9463791733         3611313       6912       2000      10000         10
   0       68     1984     8794      9463792937      9463801731         3621425       6800       2000      10000          9
   0       68     1985     8972      9463802759      9463811731         3631247       6978       2000      10000          8
   0       68     1984     9156      9463812576      9463821732         3641064       7161       2000      10000          9
   0       68     1984     8979      9463822753      9463831732         3651241       6985       2000      10000         10
   0       68     1984     8871      9463832861      9463841732         3661349       6877       2000      10000         10
   0       68     1984     8971      9463842762      9463851732         3671249       6975       2000      10000         10
   0       68     1983     8842      9463852889      9463861731         3681377       6849       2000      10000          9
   0       68     1983     8905      9463862827      9463871732         3691315       6911       2000      10000         10
   0       68     1985     9010      9463872721      9463881731         3701209       7015       2000      10000          8
   0       68     1984     9094      9463882637      9463891731         3711125       7101       2000      10000          9
   0       68     1983     9032      9463892700      9463901733         3721188       7037       2000      10000         10
   0       68     1984     8946      9463902786      9463911732         3731274       6951       2000      10000         10
   0       68     1984     9018      9463912713      9463921731         3741201       7024       2000      10000          9
   0       68     1983     9026      9463922706      9463931732         3751194       7032       2000      10000          9
   0       68     1983     8868      9463932864      9463941732         3761352       6874       2000      10000          9
   0       68     1985     8914      9463942818      9463951732         3771306       6918       2000      10000         10
   0       68     1984     8888      9463952844      9463961732         3781332       6893       2000      10000         10
   0       68     1983     8868      9463962866      9463971734         3791353       6872       2000      10000         11
   0       68     1984     9014      9463972717      9463981731         3801205       7020       2000      10000          8
   0       68     1984     9193      9463982542      9463991734         3811029       7195       2000      10000         12
   0       68     1983     8914      9463992818      9464001732         3821306       6920       2000      10000         10
   0       68     1984     8745      9464002991      9464011735         3831479       6746       2000      10000         13
   0       68     1984     8826      9464012905      9464021732         3841393       6831       2000      10000          9
   0       68     1983     8929      9464022804      9464031733         3851292       6934       2000      10000         10
   0       68     1984     8981      9464032749      9464041730         3861237       6988       2000      10000          8
   0       68     1984     9179      9464042557      9464051735         3871044       7181       2000      10000         13
   0       68     1983     8911      9464052822      9464061733         3881309       6916       2000      10000         11
   0       68     1983     8839      9464062893      9464071732         3891380       6844       2000      10000          9
   0       68     1984     9002      9464072730      9464081732         3901217       7008       2000      10000         10
   0       68     1985     9023      9464082709      9464091732         3911197       7027       2000      10000         10
   0       68     1983     7915      9464093818      9464101733         3922306       5920       2000      10000         10
   0       68     1985     8916      9464102815      9464111730         3931303       6922       2000      10000          8
   0       68     1984     9151      9464112581      9464121732         3941068       7156       2000      10000          9
   0       68     1983     9014      9464122720      9464131734         3951208       7018       2000      10000         12
   0       68     1984     8934      9464132797      9464141732         3961285       6940       2000      10000          9
   0       68     1985     8948      9464142784      9464151731         3971272       6953       2000      10000          9
   0       68     1983     8916      9464152818      9464161734         3981306       6920       2000      10000         12
   0       68     1983     8917      9464162814      9464171732         3991302       6923       2000      10000          9
   0       68     1984     8968      9464172762      9464181730         4001250       6974       2000      10000          8
   0       68     1984     9164      9464182569      9464191732         4011056       7169       2000      10000         10
   0       68     1983     8783      9464192949      9464201732         4021437       6789       2000      10000         10
   0       68     1983     8919      9464202813      9464211732         4031300       6925       2000      10000          9
   0       68     1984     9021      9464212710      9464221731         4041198       7027       2000      10000          9
   0       68     1983     8996      9464222738      9464231734         4051226       6999       2000      10000         11
   0       68     1983     8876      9464232855      9464241731         4061343       6882       2000      10000          9
   0       68     1985     9110      9464242622      9464251732         4071109       7116       2000      10000          9
   0       68     1984     8901      9464252832      9464261732         4081319       6906       2000      10000         10
   0       68     1983     8726      9464263005      9464271732         4091493       6732       2000      10000          9
   0       68     1985     8978      9464272754      9464281732         4101241       6983       2000      10000          9
   0       68     1985     9119      9464282614      9464291733         4111102       7122       2000      10000         11
   0       68     1983     8794      9464292938      9464301731         4121425       6800       2000      10000          9
   0       68     1985     8992      9464302739      9464311731         4131226       6998       2000      10000          9
   0       68     1984     9022      9464312711      9464321732         4141198       7026       2000      10000         10
   0       68     1983     9047      9464322685      9464331732         4151173       7053       2000      10000         10
   0       68     1984     8862      9464332869      9464341730         4161356       6869       2000      10000          8
   0       68     1984     9139      9464342594      9464351733         4171082       7143       2000      10000         10
   0       68     1983     8733      9464353000      9464361733         4181487       6738       2000      10000         11
   0       68     1983     8886      9464362845      9464371731         4191333       6892       2000      10000          9
   0       68     1984     9014      9464372717      9464381731         4201205       7020       2000      10000          9
   0       68     1985     8999      9464382734      9464391732         4211221       7003       2000      10000         10
   0       68     1983     8813      9464392919      9464401732         4221407       6818       2000      10000         10
   0       68     1984     8936      9464402794      9464411730         4231282       6942       2000      10000          8
   0       68     1984     9151      9464412580      9464421731         4241068       7158       2000      10000          9
   0       68     1983     8962      9464422771      9464431733         4251259       6967       2000      10000         11
   0       68     1984     8833      9464432899      9464441732         4261387       6838       2000      10000         10
   0       68     1985     9005      9464442726      9464451731         4271214       7010       2000      10000          9
   0       68     1983     8937      9464452799      9464461736         4281287       6939       2000      10000         14
   0       68     1983     8670      9464463061      9464471732         4291549       6676       2000      10000          9
   0       68     1984     9031      9464472701      9464481732         4301189       7036       2000      10000          9
   0       68     1984     9039      9464482694      9464491733         4311182       7043       2000      10000         10
   0       68     1983     7156      9464494576      9464501732         4323063       5162       2000      10000         10
   0       68     1983     8929      9464502803      9464511732         4331291       6935       2000      10000         10
   0       68     1985     9022      9464512709      9464521731         4341197       7027       2000      10000          9
   0       68     1983     8963      9464522770      9464531734         4351258       6968       2000      10000         11
   0       68     1984     8897      9464532835      9464541732         4361323       6902       2000      10000          9
   0       68     1985     9148      9464542583      9464551731         4371071       7154       2000      10000          9
   0       68     1984     8908      9464552824      9464561732         4381312       6914       2000      10000         10
   0       68     1983     8842      9464562889      9464571731         4391376       6849       2000      10000          9
   0       68     1983     9017      9464572714      9464581731         4401202       7024       2000      10000          8
   0       68     1984     9049      9464582683      9464591733         4411171       7054       2000      10000         10
   0       68     1983     8812      9464592920      9464601732         4421408       6817       2000      10000         10
   0       68     1985     8999      9464602735      9464611733         4431223       7002       2000      10000         11
   0       68     1984     9004      9464612727      9464621731         4441215       7011       2000      10000          9
   0       68     1983     9014      9464622719      9464631733         4451206       7020       2000      10000         10
   0       68     1984     9000      9464632733      9464641733         4461220       7005       2000      10000         10
   0       68     1984     9047      9464642689      9464651736         4471177       7048       2000      10000         13
   0       68     1984     8511      9464653225      9464661735         4481712       6512       2000      10000         13
   0       68     1983     8852      9464662880      9464671732         4491368       6857       2000      10000         10
   0       68     1983     8893      9464672838      9464681731         4501326       6899       2000      10000          9
   0       68     1984     8998      9464682734      9464691732         4511222       7004       2000      10000         10
   0       68     1983     8753      9464692980      9464701733         4521467       6757       2000      10000         10
   0       68     1984     9014      9464702717      9464711731         4531204       7021       2000      10000          8
   0       68     1984     9107      9464712623      9464721731         4541111       7114       2000      10000          8
   0       68     1983     9013      9464722719      9464731732         4551207       7019       2000      10000         10
   0       68     1983     8981      9464732751      9464741731         4561238       6987       2000      10000          9
   0       68     1983     9002      9464742731      9464751733         4571219       7007       2000      10000         10
   0       68     1984     8778      9464752955      9464761733         4581442       6781       2000      10000         10
   0       68     1983     8808      9464762925      9464771733         4591413       6813       2000      10000         10
   0       68     1983     8996      9464772736      9464781733         4601224       7002       2000      10000         10
   0       68     1983     8994      9464782738      9464791732         4611226       6999       2000      10000         10
   0       68     1983     8083      9464793652      9464801734         4622139       6086       2000      10000         12
   0       68     1984     8941      9464802791      9464811732         4631279       6946       2000      10000          9
   0       68     1983     8696      9464813037      9464821733         4641525       6701       2000      10000         10
   0       68     1984     8791      9464822942      9464831733         4651430       6795       2000      10000         10
   0       68     1984     8819      9464832914      9464841733         4661402       6823       2000      10000         11
   0       68     1983     8926      9464842809      9464851735         4671297       6929       2000      10000         12
   0       68     1984     8925      9464852808      9464861732         4681295       6929       2000      10000         10
   0       68     1984     8428      9464863304      9464871732         4691792       6434       2000      10000         10
   0       68     1983     9008      9464872722      9464881731         4701210       7016       2000      10000          8
   0       68     1983     9113      9464882619      9464891732         4711106       7119       2000      10000          9
   0       68     1983     8965      9464892766      9464901731         4721254       6972       2000      10000          9
   0       68     1983     8745      9464902987      9464911732         4731474       6751       2000      10000         10
   0       68     1984     9051      9464912680      9464921732         4741168       7057       2000      10000          9
   0       68     1983     8995      9464922738      9464931733         4751226       7000       2000      10000         10
   0       68     1983     8726      9464933016      9464941741         4761504       6721       2000      10000         19
   0       68     1983     9013      9464942721      9464951733         4771209       7018       2000      10000         11
   0       68     1984     8928      9464952804      9464961732         4781292       6933       2000      10000         10
   0       68     1983     8242      9464963491      9464971733         4791979       6247       2000      10000         10
   0       68     1983     8895      9464972836      9464981731         4801324       6901       2000      10000          9
   0       68     1983     8985      9464982747      9464991732         4811235       6991       2000      10000          9
   0       68     1983     9023      9464992709      9465001732         4821196       7029       2000      10000         10
   0       68     1983     8738      9465002993      9465011731         4831481       6745       2000      10000          8
   0       68     1983     9049      9465012683      9465021732         4841171       7055       2000      10000         10
   0       68     1983     8984      9465022748      9465031733         4851236       6990       2000      10000         10
   0       68     1983     8803      9465032928      9465041731         4861416       6810       2000      10000          8
   0       68     1983     9047      9465042684      9465051730         4871172       7055       2000      10000          8
   0       68     1983     8988      9465052745      9465061733         4881232       6993       2000      10000         10
   0       68     1984     8669      9465063062      9465071731         4891550       6675       2000      10000          9
   0       68     1985     8970      9465072761      9465081731         4901249       6975       2000      10000          8
   0       68     1984     8991      9465082741      9465091732         4911229       6997       2000      10000          9
   0       68     1983     8764      9465092968      9465101732         4921456       6770       2000      10000          9
   0       68     1984     8950      9465102780      9465111731         4931268       6957       2000      10000          8
   0       68     1985     9142      9465112589      9465121731         4941077       7147       2000      10000          9
   0       68     1983     8836      9465122896      9465131733         4951384       6841       2000      10000         10
   0       68     1984     8880      9465132851      9465141731         4961338       6886       2000      10000          8
   0       68     1984     9164      9465142568      9465151732         4971056       7169       2000      10000          9
   0       68     1984     8930      9465152804      9465161735         4981292       6932       2000      10000         12
   0       68     1983     8841      9465162891      9465171732         4991379       6847       2000      10000          9
   0       68     1985     9002      9465172728      9465181730         5001216       7009       2000      10000          8
   0       68     1984     9204      9465182528      9465191732         5011016       7209       2000      10000         10
   0       68     1983     8793      9465192940      9465201733         5021428       6797       2000      10000         10
   0       68     1984     8893      9465202838      9465211731         5031326       6899       2000      10000          8
   0       68     1985     9136      9465212596      9465221732         5041084       7141       2000      10000          9
   0       68     1984     9002      9465222730      9465231732         5051218       7007       2000      10000          9
   0       68     1984     8852      9465232880      9465241732         5061368       6857       2000      10000          9
   0       68     1985     9118      9465242616      9465251733         5071103       7121       2000      10000         11
   0       68     1984     8890      9465252841      9465261731         5081329       6896       2000      10000          9
   0       68     1983     8907      9465262825      9465271732         5091312       6912       2000      10000          9
   0       68     1984     8572      9465273160      9465281732         5101647       6577       2000      10000          9
   0       68     1984     9114      9465282619      9465291733         5111107       7117       2000      10000         10
   0       68     1983     7156      9465294575      9465301732         5123063       5162       2000      10000          9
   0       68     1984     8963      9465302769      9465311732         5131257       6968       2000      10000         10
   0       68     1983     8964      9465312769      9465321733         5141256       6969       2000      10000         10
   0       68     1984     8989      9465322744      9465331733         5151232       6993       2000      10000         10
   0       68     1983     8822      9465332909      9465341731         5161397       6829       2000      10000          9
   0       68     1985     8999      9465342735      9465351734         5171222       7002       2000      10000         11
   0       68     1983     8889      9465352845      9465361734         5181333       6893       2000      10000         11
   0       68     1984     8684      9465363047      9465371731         5191535       6690       2000      10000          9
   0       68     1985     9004      9465372728      9465381732         5201215       7009       2000      10000         10
   0       68     1984     8996      9465382738      9465391733         5211225       6999       2000      10000         11
   0       68     1983     8796      9465392936      9465401732         5221423       6802       2000      10000          9
   0       68     1984     9002      9465402729      9465411731         5231217       7009       2000      10000          8
   0       68     1984     9131      9465412601      9465421733         5241089       7136       2000      10000         10
   0       68     1983     8879      9465422853      9465431732         5251341       6885       2000      10000          9
   0       68     1985     8985      9465432746      9465441731         5261233       6992       2000      10000          9
   0       68     1984     9142      9465442592      9465451734         5271080       7145       2000      10000         12
   0       68     1984     8813      9465452922      9465461735         5281409       6815       2000      10000         12
   0       68     1983     8544      9465463188      9465471732         5291676       6550       2000      10000         10
   0       68     1985     9014      9465472718      9465481732         5301206       7018       2000      10000         10
   0       68     1983     8973      9465482758      9465491731         5311246       6980       2000      10000          9
   0       68     1983     8782      9465492950      9465501732         5321438       6787       2000      10000         10
   0       68     1985     8986      9465502745      9465511731         5331233       6992       2000      10000          9
   0       68     1984     9122      9465512609      9465521731         5341097       7128       2000      10000          9
   0       68     1983     8986      9465522747      9465531733         5351235       6991       2000      10000         11
   0       68     1985     8928      9465532804      9465541732         5361291       6933       2000      10000          9
   0       68     1984     9149      9465542583      9465551733         5371071       7154       2000      10000         10
   0       68     1984     8909      9465552825      9465561734         5381313       6913       2000      10000         12
   0       68     1984     8940      9465562793      9465571732         5391281       6945       2000      10000         10
   0       68     1985     8985      9465572746      9465581731         5401234       6991       2000      10000          8
   0       68     1984     9008      9465582724      9465591732         5411212       7013       2000      10000         10
   0       68     1983     8798      9465592934      9465601732         5421422       6804       2000      10000         10
   0       68     1984     8979      9465602753      9465611732         5431240       6985       2000      10000          9
   0       68     1984     8764      9465612968      9465621732         5441455       6769       2000      10000          9
   0       68     1983     8920      9465622812      9465631732         5451300       6926       2000      10000         10
   0       68     1983     8842      9465632889      9465641731         5461377       6849       2000      10000          9
   0       68     1984     9028      9465642706      9465651734         5471194       7031       2000      10000         12
   0       68     1983     8901      9465652832      9465661733         5481320       6906       2000      10000         11
   0       68     1984     8913      9465662819      9465671732         5491306       6918       2000      10000          9
   0       68     1984     9015      9465672718      9465681733         5501206       7019       2000      10000         10
   0       68     1984     8994      9465682738      9465691732         5511226       6998       2000      10000         10
   0       68     1983     7786      9465693947      9465701732         5522434       5791       2000      10000         10
   0       68     1984     8828      9465702903      9465711731         5531391       6834       2000      10000          9
   0       68     1985     9080      9465712652      9465721731         5541139       7085       2000      10000          9
   0       68     1983     9026      9465722707      9465731733         5551195       7031       2000      10000         10
   0       68     1985     8964      9465732767      9465741732         5561255       6969       2000      10000          9
   0       68     1984     8995      9465742739      9465751734         5571227       6998       2000      10000         12
   0       68     1983     8934      9465752800      9465761735         5581288       6937       2000      10000         13
   0       68     1983     8686      9465763046      9465771732         5591534       6691       2000      10000         10
   0       68     1984     8991      9465772739      9465781730         5601227       6997       2000      10000          8
   0       68     1983     8811      9465782922      9465791733         5611410       6815       2000      10000         10
   0       68     1983     8796      9465792936      9465801732         5621423       6802       2000      10000         10
   0       68     1984     8967      9465802763      9465811730         5631251       6974       2000      10000          8
   0       68     1984     9047      9465812685      9465821733         5641173       7052       2000      10000         10
   0       68     1983     9005      9465822727      9465831732         5651215       7011       2000      10000         10
   0       68     1984     8815      9465832915      9465841731         5661403       6821       2000      10000          8
   0       68     1984     9122      9465842612      9465851734         5671099       7125       2000      10000         11
   0       68     1983     8910      9465852823      9465861732         5681310       6915       2000      10000         10
   0       68     1984     8792      9465862940      9465871732         5691427       6798       2000      10000         10
   0       68     1984     9028      9465872703      9465881731         5701191       7034       2000      10000          8
   0       68     1984     9129      9465882605      9465891733         5711093       7132       2000      10000         11
   0       68     1983     8792      9465892940      9465901732         5721428       6798       2000      10000         10
   0       68     1984     8981      9465902751      9465911733         5731239       6986       2000      10000         10
   0       68     1984     8987      9465912746      9465921733         5741233       6991       2000      10000         10
   0       68     1983     8982      9465922752      9465931734         5751240       6985       2000      10000         12
   0       68     1983     8567      9465933165      9465941731         5761652       6573       2000      10000          9
   0       68     1984     8896      9465942836      9465951732         5771323       6901       2000      10000         10
   0       68     1983     8820      9465952913      9465961734         5781401       6824       2000      10000         11
   0       68     1984     8285      9465963447      9465971731         5791934       6290       2000      10000          9
   0       68     1984     9045      9465972687      9465981732         5801175       7051       2000      10000          9
   0       68     1984     9016      9465982716      9465991733         5811204       7021       2000      10000         10
   0       68     1983     8821      9465992912      9466001732         5821399       6826       2000      10000         10
   0       68     1984     8876      9466002856      9466011732         5831344       6881       2000      10000         10
   0       68     1984     8973      9466012758      9466021731         5841246       6979       2000      10000          9
   0       68     1984     9001      9466022731      9466031733         5851219       7006       2000      10000         10
   0       68     1984     8963      9466032771      9466041733         5861258       6966       2000      10000         11
   0       68     1984     9011      9466042721      9466051732         5871208       7017       2000      10000          9
   0       68     1983     8881      9466052852      9466061733         5881339       6886       2000      10000         10
   0       68     1983     8867      9466062865      9466071732         5891352       6873       2000      10000          9
   0       68     1984     8989      9466072744      9466081733         5901231       6994       2000      10000         10
   0       68     1984     8896      9466082836      9466091733         5911324       6901       2000      10000         11
   0       68     1983     7149      9466094582      9466101731         5923070       5155       2000      10000          9
   0       68     1984     8896      9466102835      9466111731         5931323       6903       2000      10000          8
   0       68     1984     9076      9466112655      9466121731         5941142       7082       2000      10000          8
   0       68     1983     8920      9466122811      9466131732         5951299       6926       2000      10000          9
   0       68     1984     8882      9466132849      9466141731         5961337       6888       2000      10000          9
   0       68     1984     9119      9466142614      9466151733         5971101       7124       2000      10000         10
   0       68     1983     8933      9466152799      9466161732         5981286       6939       2000      10000          9
   0       68     1984     8878      9466162853      9466171731         5991341       6884       2000      10000          9
   0       68     1984     9034      9466172696      9466181730         6001184       7041       2000      10000          8
   0       68     1985     9142      9466182590      9466191732         6011077       7147       2000      10000          9
   0       68     1983     8788      9466192944      9466201732         6021432       6794       2000      10000         10
   0       68     1985     8990      9466202742      9466211732         6031230       6995       2000      10000         10
   0       68     1984     8999      9466212732      9466221731         6041220       7006       2000      10000          8
   0       68     1983     9036      9466222699      9466231735         6051186       7039       2000      10000         12
   0       68     1985     8082      9466233650      9466241732         6062138       6086       2000      10000         10
   0       68     1985     9068      9466242663      9466251731         6071151       7074       2000      10000          9
   0       68     1983     8883      9466252849      9466261732         6081336       6889       2000      10000          9
   0       68     1984     8564      9466263169      9466271732         6091656       6568       2000      10000         10
   0       68     1983     8954      9466272779      9466281733         6101266       6959       2000      10000         10
   0       68     1984     9008      9466282725      9466291733         6111213       7012       2000      10000         10
   0       68     1983     8758      9466292974      9466301732         6121462       6764       2000      10000          9
   0       68     1985     8955      9466302775      9466311731         6131263       6962       2000      10000          8
   0       68     1984     9121      9466312611      9466321732         6141098       7127       2000      10000          9
   0       68     1983     9020      9466322712      9466331732         6151200       7026       2000      10000         10
   0       68     1985     8942      9466332789      9466341732         6161277       6948       2000      10000          9
   0       68     1984     8994      9466342739      9466351733         6171227       6998       2000      10000         11
   0       68     1983     8915      9466352818      9466361733         6181306       6920       2000      10000         10
   0       68     1983     8098      9466363634      9466371732         6192122       6104       2000      10000          9
   0       68     1984     9010      9466372724      9466381733         6201211       7014       2000      10000         11
   0       68     1983     9005      9466382728      9466391733         6211216       7010       2000      10000         10
   0       68     1983     7164      9466394568      9466401732         6223056       5170       2000      10000         10
   0       68     1984     8943      9466402788      9466411731         6231276       6950       2000      10000          9
   0       68     1984     9007      9466412725      9466421732         6241213       7012       2000      10000          9
   0       68     1983     8784      9466422948      9466431732         6251436       6790       2000      10000          9
   0       68     1983     9011      9466432720      9466441731         6261208       7017       2000      10000          8
   0       68     1983     8928      9466442804      9466451731         6271291       6935       2000      10000          9
   0       68     1983     8968      9466452763      9466461731         6281251       6976       2000      10000          8
   0       68     1983     9010      9466462722      9466471732         6291209       7017       2000      10000          9
   0       68     1984     8982      9466472757      9466481740         6301245       6980       2000      10000         17
   0       68     1985     8947      9466482784      9466491731         6311272       6952       2000      10000          9
   0       68     1983     8855      9466492877      9466501732         6321364       6861       2000      10000         10
   0       68     1985     8929      9466502802      9466511731         6331290       6934       2000      10000          9
   0       68     1985     9019      9466512712      9466521731         6341199       7025       2000      10000          9
   0       68     1983     8945      9466522790      9466531735         6351278       6948       2000      10000         13
   0       68     1984     8958      9466532773      9466541731         6361261       6964       2000      10000          8
   0       68     1984     9143      9466542589      9466551732         6371077       7148       2000      10000         10
   0       68     1983     8898      9466552834      9466561732         6381322       6904       2000      10000          9
   0       68     1984     8709      9466563027      9466571736         6391515       6710       2000      10000         14
   0       68     1984     8843      9466572889      9466581732         6401376       6848       2000      10000          9
   0       68     1984     9051      9466582687      9466591738         6411175       7050       2000      10000         16
   0       68     1983     7541      9466594191      9466601732         6422679       5547       2000      10000          9
   0       68     1984     8923      9466602807      9466611731         6431295       6931       2000      10000          8
   0       68     1984     9145      9466612586      9466621731         6441074       7151       2000      10000          8
   0       68     1984     9023      9466622710      9466631732         6451197       7028       2000      10000         10
   0       68     1984     8979      9466632753      9466641732         6461241       6985       2000      10000         10
   0       68     1985     8975      9466642756      9466651731         6471244       6981       2000      10000          8
   0       68     1983     8876      9466652856      9466661731         6481343       6882       2000      10000          9
   0       68     1983     8958      9466662772      9466671730         6491260       6966       2000      10000          8
   0       68     1983     8938      9466672792      9466681731         6501280       6945       2000      10000          8
   0       68     1983     9034      9466682698      9466691732         6511185       7041       2000      10000          9
   0       68     1983     9059      9466692673      9466701733         6521161       7065       2000      10000         10
   0       68     1983     9013      9466702718      9466711730         6531205       7020       2000      10000          8
   0       68     1984     8989      9466712748      9466721737         6541236       6989       2000      10000         14
   0       68     1984     8731      9466723001      9466731732         6551489       6736       2000      10000         10
   0       68     1984     8832      9466732901      9466741733         6561389       6837       2000      10000         10
   0       68     1984     8813      9466742918      9466751732         6571406       6819       2000      10000          9
   0       68     1984     8933      9466752799      9466761732         6581287       6938       2000      10000         10
   0       68     1984     8813      9466762919      9466771731         6591406       6818       2000      10000          9
   0       68     1985     8998      9466772732      9466781731         6601220       7004       2000      10000          8
   0       68     1984     9116      9466782615      9466791732         6611103       7122       2000      10000          9
   0       68     1983     8894      9466792838      9466801733         6621326       6899       2000      10000         10
   0       68     1984     8967      9466802765      9466811732         6631253       6973       2000      10000         10
   0       68     1984     8998      9466812735      9466821733         6641222       7002       2000      10000         10
   0       68     1983     8790      9466822942      9466831732         6651430       6796       2000      10000         10
   0       68     1983     7861      9466833872      9466841732         6662360       5866       2000      10000         10
   0       68     1983     8990      9466842748      9466851738         6671235       6990       2000      10000         15
   0       68     1984     8763      9466852969      9466861732         6681457       6768       2000      10000         10
   0       68     1984     8642      9466863093      9466871735         6691580       6645       2000      10000         12
   0       68     1984     8500      9466873231      9466881731         6701719       6505       2000      10000          9
   0       68     1983     9098      9466882636      9466891734         6711124       7102       2000      10000         11
   0       68     1983     7222      9466894510      9466901733         6722998       5227       2000      10000         10
   0       68     1983     9025      9466902707      9466911733         6731195       7031       2000      10000         10
   0       68     1983     8916      9466912816      9466921732         6741304       6922       2000      10000         10
   0       68     1983     9030      9466922702      9466931732         6751190       7036       2000      10000          9
   0       68     1983     9057      9466932675      9466941732         6761163       7063       2000      10000         10
   0       68     1983     9007      9466942726      9466951733         6771214       7012       2000      10000         10
   0       68     1984     8856      9466952876      9466961732         6781364       6861       2000      10000          9
   0       68     1983     8942      9466962789      9466971732         6791277       6949       2000      10000          9
   0       68     1984     8960      9466972771      9466981731         6801258       6966       2000      10000          9
   0       68     1984     9109      9466982624      9466991733         6811112       7114       2000      10000         10
   0       68     1984     8729      9466993003      9467001732         6821491       6734       2000      10000         10
   0       68     1984     8967      9467002764      9467011732         6831252       6973       2000      10000          9
   0       68     1984     9080      9467012654      9467021734         6841142       7083       2000      10000         11
   0       68     1983     8845      9467022888      9467031732         6851376       6850       2000      10000         10
   0       68     1984     9008      9467032724      9467041732         6861212       7013       2000      10000         10
   0       68     1984     8922      9467042812      9467051734         6871300       6924       2000      10000         12
   0       68     1984     8808      9467052925      9467061733         6881413       6812       2000      10000         10
   0       68     1983     8739      9467062992      9467071731         6891480       6746       2000      10000          9
   0       68     1985     9001      9467072730      9467081731         6901217       7007       2000      10000          8
   0       68     1983     9067      9467082665      9467091731         6911153       7073       2000      10000          9
   0       68     1983     8733      9467092999      9467101732         6921487       6738       2000      10000         10
   0       68     1984     8954      9467102777      9467111732         6931265       6959       2000      10000          9
   0       68     1984     8993      9467112738      9467121731         6941226       6999       2000      10000          9
   0       68     1983     8975      9467122757      9467131732         6951245       6981       2000      10000         10
   0       68     1985     8962      9467132769      9467141731         6961257       6968       2000      10000          8
   0       68     1984     9155      9467142579      9467151734         6971067       7158       2000      10000         12
   0       68     1984     8907      9467152826      9467161733         6981314       6911       2000      10000         10
   0       68     1984     8853      9467162880      9467171733         6991368       6857       2000      10000         11
   0       68     1985     9007      9467172724      9467181731         7001211       7013       2000      10000          8
   0       68     1984     9169      9467182565      9467191734         7011053       7172       2000      10000         12
   0       68     1983     8745      9467192986      9467201731         7021474       6752       2000      10000          9
   0       68     1984     8989      9467202742      9467211731         7031229       6996       2000      10000          9
   0       68     1985     9080      9467212652      9467221732         7041140       7084       2000      10000          9
   0       68     1983     8959      9467222773      9467231733         7051261       6964       2000      10000         10
   0       68     1983     8906      9467232826      9467241732         7061313       6912       2000      10000          9
   0       68     1984     8975      9467242758      9467251732         7071245       6980       2000      10000         10
   0       68     1983     8883      9467252851      9467261734         7081338       6887       2000      10000         12
   0       68     1983     8881      9467262850      9467271732         7091338       6887       2000      10000          9
   0       68     1984     8987      9467272744      9467281731         7101231       6993       2000      10000          8
   0       68     1984     9095      9467282637      9467291733         7111125       7100       2000      10000         10
   0       68     1984     8773      9467292959      9467301732         7121447       6778       2000      10000         10
   0       68     1983     8934      9467302798      9467311732         7131286       6940       2000      10000          9
   0       68     1985     9096      9467312636      9467321732         7141124       7101       2000      10000          9
   0       68     1984     8988      9467322743      9467331732         7151231       6994       2000      10000          9
   0       68     1984     8856      9467332875      9467341731         7161363       6861       2000      10000          9
   0       68     1984     9007      9467342728      9467351735         7171216       7010       2000      10000         12
   0       68     1984     8925      9467352808      9467361733         7181296       6929       2000      10000         11
   0       68     1984     8841      9467362890      9467371731         7191378       6847       2000      10000          9
   0       68     1985     8967      9467372765      9467381732         7201253       6971       2000      10000          9
   0       68     1983     8936      9467382796      9467391732         7211284       6942       2000      10000         10
   0       68     1983     8768      9467392963      9467401732         7221451       6774       2000      10000          9
   0       68     1983     8912      9467402819      9467411731         7231307       6919       2000      10000          9
   0       68     1984     9028      9467412704      9467421732         7241192       7033       2000      10000         10
   0       68     1984     8981      9467422751      9467431733         7251239       6986       2000      10000         10
   0       68     1985     8951      9467432780      9467441730         7261268       6957       2000      10000          8
   0       68     1985     9161      9467442573      9467451734         7271061       7164       2000      10000         12
   0       68     1984     8903      9467452830      9467461732         7281318       6907       2000      10000         10
   0       68     1983     8766      9467462967      9467471733         7291455       6770       2000      10000         11
   0       68     1984     8990      9467472741      9467481731         7301229       6996       2000      10000          9
   0       68     1984     9034      9467482699      9467491733         7311187       7038       2000      10000         10
   0       68     1983     8780      9467492952      9467501732         7321439       6786       2000      10000         10
   0       68     1984     8981      9467502750      9467511731         7331238       6988       2000      10000          9
   0       68     1984     9112      9467512620      9467521732         7341108       7117       2000      10000          9
   0       68     1984     9041      9467522695      9467531736         7351183       7043       2000      10000         13
   0       68     1983     8909      9467532823      9467541732         7361310       6915       2000      10000          9
   0       68     1985     8930      9467542803      9467551733         7371291       6933       2000      10000         10
   0       68     1983     8840      9467552893      9467561733         7381381       6845       2000      10000         11
   0       68     1983     8715      9467563017      9467571732         7391504       6721       2000      10000          9
   0       68     1984     9033      9467572698      9467581731         7401186       7039       2000      10000          9
   0       68     1984     9184      9467582549      9467591733         7411037       7188       2000      10000         10
   0       68     1984     8149      9467593583      9467601732         7422070       6154       2000      10000         10
   0       68     1984     9007      9467602723      9467611731         7431211       7014       2000      10000          8
   0       68     1985     9112      9467612619      9467621731         7441107       7118       2000      10000          9
   0       68     1984     9025      9467622709      9467631733         7451196       7029       2000      10000         11
   0       68     1985     8925      9467632805      9467641730         7461293       6931       2000      10000          7
   0       68     1984     9192      9467642539      9467651731         7471027       7198       2000      10000          8
   0       68     1983     8930      9467652805      9467661735         7481293       6933       2000      10000         12
   0       68     1984     8861      9467662871      9467671732         7491358       6866       2000      10000         10
   0       68     1985     9011      9467672721      9467681732         7501209       7015       2000      10000         10
   0       68     1984     8915      9467682817      9467691732         7511305       6919       2000      10000         10
   0       68     1983     8469      9467693263      9467701732         7521751       6474       2000      10000         10
   0       68     1983     8806      9467702925      9467711732         7531413       6812       2000      10000          9
   0       68     1984     9038      9467712694      9467721732         7541182       7043       2000      10000         10
   0       68     1983     8863      9467722869      9467731732         7551357       6868       2000      10000         10
   0       68     1985     8954      9467732776      9467741730         7561264       6961       2000      10000          8
   0       68     1984     9170      9467742562      9467751732         7571050       7175       2000      10000         10
   0       68     1984     8903      9467752829      9467761732         7581317       6909       2000      10000         10
   0       68     1984     8890      9467762843      9467771732         7591331       6895       2000      10000         10
   0       68     1984     9009      9467772722      9467781731         7601210       7015       2000      10000          8
   0       68     1984     9159      9467782574      9467791733         7611062       7163       2000      10000         11
   0       68     1983     8836      9467792896      9467801732         7621384       6842       2000      10000          9
   0       68     1984     8980      9467802753      9467811733         7631241       6984       2000      10000         10
   0       68     1985     9006      9467812725      9467821731         7641213       7012       2000      10000          8
   0       68     1984     8998      9467822736      9467831734         7651223       7002       2000      10000         11
   0       68     1984     8934      9467832797      9467841731         7661285       6940       2000      10000          9
   0       68     1984     9018      9467842721      9467851739         7671208       7017       2000      10000         16
   0       68     1983     8742      9467852991      9467861733         7681479       6747       2000      10000         11
   0       68     1984     8823      9467862908      9467871731         7691396       6829       2000      10000          9
   0       68     1984     9016      9467872715      9467881731         7701202       7022       2000      10000          8
   0       68     1984     9110      9467882622      9467891732         7711109       7116       2000      10000          9
   0       68     1983     8749      9467892983      9467901732         7721471       6754       2000      10000         10
   0       68     1985     8998      9467902733      9467911731         7731220       7004       2000      10000          8
   0       68     1984     9125      9467912607      9467921732         7741095       7131       2000      10000          9
   0       68     1984     9018      9467922714      9467931732         7751202       7024       2000      10000         10
   0       68     1985     8928      9467932803      9467941731         7761291       6934       2000      10000          9
   0       68     1984     9151      9467942580      9467951731         7771068       7157       2000      10000          8
   0       68     1984     8887      9467952845      9467961732         7781332       6893       2000      10000          9
   0       68     1983     8812      9467962920      9467971732         7791408       6817       2000      10000         10
   0       68     1984     9005      9467972727      9467981733         7801215       7010       2000      10000         10
   0       68     1985     8964      9467982769      9467991733         7811257       6968       2000      10000         10
   0       68     1983     8805      9467992928      9468001732         7821415       6810       2000      10000         10
   0       68     1984     8867      9468002865      9468011732         7831353       6871       2000      10000         10
   0       68     1984     9011      9468012721      9468021731         7841209       7015       2000      10000          9
   0       68     1983     8896      9468022835      9468031731         7851323       6903       2000      10000          9
   0       68     1984     8959      9468032772      9468041730         7861259       6966       2000      10000          8
   0       68     1983     9095      9468042639      9468051734         7871127       7099       2000      10000         11
   0       68     1983     8924      9468052808      9468061732         7881296       6930       2000      10000         10
   0       68     1984     8813      9468062919      9468071732         7891407       6818       2000      10000          9
   0       68     1984     9006      9468072725      9468081730         7901213       7013       2000      10000          8
   0       68     1984     9069      9468082663      9468091732         7911151       7074       2000      10000         10
   0       68     1984     7828      9468093904      9468101732         7922392       5834       2000      10000          9
   0       68     1984     8881      9468102851      9468111732         7931339       6886       2000      10000         10
   0       68     1985     8993      9468112739      9468121732         7941227       6998       2000      10000          9
   0       68     1983     9036      9468122695      9468131732         7951183       7043       2000      10000          9
   0       68     1984     8896      9468132836      9468141731         7961323       6901       2000      10000          9
   0       68     1984     9083      9468142653      9468151736         7971141       7084       2000      10000         13
   0       68     1983     8795      9468152938      9468161733         7981426       6799       2000      10000         11
   0       68     1984     8960      9468162772      9468171732         7991260       6965       2000      10000          9
   0       68     1984     8986      9468172745      9468181730         8001232       6992       2000      10000          8
   0       68     1985     9205      9468182527      9468191732         8011015       7210       2000      10000         10
   0       68     1983     8792      9468192940      9468201732         8021428       6798       2000      10000          9
   0       68     1984     8924      9468202806      9468211731         8031294       6930       2000      10000          8
   0       68     1983     9165      9468212566      9468221731         8041054       7171       2000      10000          9
   0       68     1984     9005      9468222728      9468231733         8051215       7009       2000      10000         10
   0       68     1984     8986      9468232744      9468241731         8061232       6993       2000      10000          8
   0       68     1985     9131      9468242600      9468251731         8071088       7136       2000      10000          9
   0       68     1983     8948      9468252785      9468261733         8081273       6953       2000      10000         10
   0       68     1983     8831      9468262901      9468271732         8091389       6837       2000      10000          9
   0       68     1984     8989      9468272742      9468281731         8101230       6995       2000      10000          9
   0       68     1984     9010      9468282722      9468291732         8111210       7015       2000      10000         10
   0       68     1983     8743      9468292989      9468301732         8121476       6749       2000      10000          9
   0       68     1985     9008      9468302723      9468311731         8131211       7014       2000      10000          9
   0       68     1984     9133      9468312598      9468321731         8141086       7139       2000      10000          9
   0       68     1983     9003      9468322729      9468331732         8151217       7009       2000      10000         10
   0       68     1984     8920      9468332812      9468341732         8161299       6926       2000      10000          9
   0       68     1983     8967      9468342765      9468351731         8171252       6973       2000      10000          9
   0       68     1984     8932      9468352800      9468361732         8181288       6938       2000      10000          9
   0       68     1983     8741      9468362991      9468371732         8191479       6747       2000      10000         10
   0       68     1984     9004      9468372726      9468381730         8201214       7011       2000      10000          8
   0       68     1984     9193      9468382540      9468391733         8211027       7197       2000      10000         10
   0       68     1983     8801      9468392931      9468401732         8221418       6807       2000      10000          9
   0       68     1985     8996      9468402736      9468411731         8231223       7001       2000      10000          9
   0       68     1984     9010      9468412721      9468421731         8241208       7017       2000      10000          8
   0       68     1984     8865      9468422867      9468431733         8251355       6870       2000      10000         10
   0       68     1984     8875      9468432855      9468441731         8261343       6882       2000      10000          8
   0       68     1984     9103      9468442628      9468451731         8271116       7109       2000      10000          9
   0       68     1984     8922      9468452811      9468461733         8281299       6926       2000      10000         11
   0       68     1984     8888      9468462844      9468471732         8291332       6893       2000      10000          9
   0       68     1984     9008      9468472723      9468481732         8301211       7013       2000      10000         10
   0       68     1984     9023      9468482709      9468491732         8311196       7028       2000      10000          9
   0       68     1983     8545      9468493188      9468501733         8321676       6549       2000      10000         11
   0       68     1984     8966      9468502766      9468511733         8331254       6971       2000      10000         10
   0       68     1983     8918      9468512814      9468521732         8341301       6924       2000      10000          9
   0       68     1983     9018      9468522714      9468531732         8351202       7023       2000      10000         10
   0       68     1983     8960      9468532771      9468541731         8361258       6967       2000      10000          8
   0       68     1985     9123      9468542609      9468551732         8371097       7127       2000      10000         10
   0       68     1984     8906      9468552827      9468561733         8381315       6910       2000      10000         11
   0       68     1983     8806      9468562925      9468571731         8391413       6812       2000      10000          8
   0       68     1984     9020      9468572711      9468581732         8401199       7026       2000      10000          9
   0       68     1984     8992      9468582740      9468591732         8411228       6997       2000      10000         10
   0       68     1984     8758      9468592974      9468601732         8421461       6764       2000      10000          9
   0       68     1984     9014      9468602716      9468611730         8431204       7022       2000      10000          8
   0       68     1984     9152      9468612582      9468621735         8441070       7155       2000      10000         12
   0       68     1983     8956      9468622775      9468631731         8451263       6963       2000      10000          9
   0       68     1984     8919      9468632814      9468641733         8461301       6923       2000      10000         10
   0       68     1984     8890      9468642845      9468651736         8471333       6892       2000      10000         13
   0       68     1983     8855      9468652879      9468661734         8481367       6859       2000      10000         11
   0       68     1983     8932      9468662800      9468671732         8491288       6937       2000      10000         10
   0       68     1985     8984      9468672746      9468681731         8501234       6990       2000      10000          8
   0       68     1984     9097      9468682636      9468691732         8511123       7101       2000      10000         10
   0       68     1983     8787      9468692944      9468701732         8521432       6794       2000      10000          9
   0       68     1984     8994      9468702738      9468711732         8531226       6999       2000      10000         10
   0       68     1984     9032      9468712699      9468721731         8541187       7038       2000      10000          9
   0       68     1983     9023      9468722711      9468731734         8551199       7027       2000      10000         11
   0       68     1985     8940      9468732791      9468741731         8561279       6945       2000      10000          9
   0       68     1984     9160      9468742573      9468751732         8571060       7165       2000      10000         10
   0       68     1984     8886      9468752847      9468761733         8581334       6890       2000      10000         10
   0       68     1983     8757      9468762976      9468771733         8591464       6761       2000      10000         10
   0       68     1984     9004      9468772727      9468781730         8601214       7011       2000      10000          8
   0       68     1984     9151      9468782584      9468791735         8611072       7153       2000      10000         12
   0       68     1983     6951      9468794783      9468801733         8623270       4955       2000      10000         11
   0       68     1984     8981      9468802753      9468811735         8631241       6984       2000      10000         12
   0       68     1983     8913      9468812819      9468821732         8641307       6918       2000      10000          9
   0       68     1984     8942      9468822790      9468831732         8651278       6947       2000      10000         10
   0       68     1985     8976      9468832755      9468841730         8661242       6982       2000      10000          8
   0       68     1984     9140      9468842591      9468851731         8671078       7147       2000      10000          9
   0       68     1983     8916      9468852818      9468861734         8681305       6920       2000      10000         12
   0       68     1984     8911      9468862821      9468871732         8691308       6917       2000      10000         10
   0       68     1984     9005      9468872727      9468881732         8701215       7010       2000      10000          9
   0       68     1984     9038      9468882694      9468891732         8711182       7043       2000      10000         10
   0       68     1983     8773      9468892959      9468901731         8721446       6779       2000      10000          9
   0       68     1984     9004      9468902727      9468911731         8731214       7010       2000      10000          9
   0       68     1985     9096      9468912637      9468921732         8741124       7100       2000      10000         10
   0       68     1983     9021      9468922712      9468931733         8751200       7026       2000      10000         11
   0       68     1984     8975      9468932758      9468941734         8761246       6979       2000      10000         11
   0       68     1984     8988      9468942744      9468951732         8771232       6993       2000      10000         10
   0       68     1984     8936      9468952798      9468961734         8781285       6939       2000      10000         12
   0       68     1983     8883      9468962849      9468971732         8791336       6889       2000      10000          9
   0       68     1985     8972      9468972758      9468981730         8801245       6979       2000      10000          8
   0       68     1984     9203      9468982528      9468991731         8811015       7209       2000      10000          9
   0       68     1984     8994      9468992737      9469001731         8821225       7000       2000      10000          9
   0       68     1983     8789      9469002942      9469011732         8831430       6795       2000      10000          9
   0       68     1984     9004      9469012728      9469021732         8841215       7010       2000      10000          9
   0       68     1983     9018      9469022715      9469031734         8851203       7022       2000      10000         11
   0       68     1985     8924      9469032807      9469041731         8861295       6929       2000      10000          9
   0       68     1984     9184      9469042547      9469051731         8871035       7190       2000      10000          8
   0       68     1983     8887      9469052845      9469061732         8881333       6892       2000      10000         10
   0       68     1984     8760      9469062974      9469071734         8891462       6763       2000      10000         11
   0       68     1985     9024      9469072707      9469081731         8901194       7030       2000      10000          8
   0       68     1984     9089      9469082644      9469091734         8911132       7093       2000      10000         11
   0       68     1983     8828      9469092905      9469101733         8921393       6833       2000      10000         10
   0       68     1984     8973      9469102762      9469111736         8931250       6975       2000      10000         13
   0       68     1985     8990      9469112742      9469121732         8941230       6993       2000      10000         10
   0       68     1983     8976      9469122756      9469131732         8951244       6982       2000      10000         10
   0       68     1984     8933      9469132798      9469141731         8961286       6939       2000      10000          8
   0       68     1984     9194      9469142537      9469151731         8971025       7200       2000      10000          9
   0       68     1983     8917      9469152815      9469161732         8981303       6923       2000      10000         10
   0       68     1984     8847      9469162885      9469171732         8991373       6852       2000      10000         10
   0       68     1984     9011      9469172721      9469181731         9001208       7016       2000      10000          9
   0       68     1984     9023      9469182709      9469191732         9011197       7028       2000      10000          9
   0       68     1983     8789      9469192944      9469201732         9021431       6794       2000      10000         10
   0       68     1984     8968      9469202762      9469211731         9031250       6975       2000      10000          8
   0       68     1985     9087      9469212646      9469221733         9041134       7090       2000      10000         10
   0       68     1983     9031      9469222702      9469231733         9051190       7036       2000      10000         11
   0       68     1985     8947      9469232785      9469241733         9061273       6951       2000      10000         10
   0       68     1984     8992      9469242739      9469251732         9071227       6998       2000      10000          9
   0       68     1984     8915      9469252817      9469261732         9081305       6921       2000      10000          9
   0       68     1984     8606      9469263125      9469271731         9091613       6612       2000      10000          9
   0       68     1985     8984      9469272747      9469281731         9101235       6990       2000      10000          9
   0       68     1984     9113      9469282619      9469291733         9111107       7118       2000      10000         10
   0       68     1983     8015      9469293716      9469301731         9122204       6021       2000      10000          9
   0       68     1983     8892      9469302839      9469311731         9131327       6899       2000      10000          9
   0       68     1985     9040      9469312693      9469321732         9141180       7043       2000      10000         10
   0       68     1983     8822      9469322910      9469331732         9151398       6828       2000      10000         10
   0       68     1984     8827      9469332904      9469341731         9161392       6833       2000      10000          9
   0       68     1984     9087      9469342647      9469351735         9171135       7090       2000      10000         12
   0       68     1983     8879      9469352853      9469361733         9181341       6884       2000      10000         11
   0       68     1984     8805      9469362927      9469371732         9191415       6810       2000      10000          9
   0       68     1984     8998      9469372733      9469381731         9201221       7005       2000      10000          8
   0       68     1984     9152      9469382580      9469391732         9211068       7157       2000      10000         10
   0       68     1983     8761      9469392971      9469401732         9221459       6767       2000      10000         10
   0       68     1984     9019      9469402713      9469411732         9231200       7025       2000      10000         10
   0       68     1984     8981      9469412751      9469421732         9241239       6986       2000      10000          9
   0       68     1983     9010      9469422722      9469431732         9251210       7016       2000      10000         10
   0       68     1985     8969      9469432762      9469441731         9261250       6974       2000      10000          9
   0       68     1984     9174      9469442563      9469451737         9271050       7175       2000      10000         14
   0       68     1984     8643      9469453093      9469461737         9281581       6644       2000      10000         14
   0       68     1983     8903      9469462829      9469471732         9291317       6908       2000      10000          9
   0       68     1984     8887      9469472845      9469481732         9301333       6892       2000      10000         10
   0       68     1984     8999      9469482734      9469491733         9311221       7004       2000      10000         10
   0       68     1983     8789      9469492943      9469501731         9321430       6795       2000      10000          9
   0       68     1983     8984      9469502746      9469511730         9331234       6992       2000      10000          8
   0       68     1985     9093      9469512638      9469521731         9341126       7098       2000      10000          9
   0       68     1984     8998      9469522734      9469531732         9351222       7004       2000      10000         10
   0       68     1985     8954      9469532778      9469541732         9361266       6959       2000      10000          9
   0       68     1985     8985      9469542747      9469551731         9371235       6989       2000      10000          9
   0       68     1984     8895      9469552837      9469561732         9381325       6900       2000      10000         10
   0       68     1983     8818      9469562913      9469571732         9391401       6825       2000      10000          9
   0       68     1985     9017      9469572715      9469581732         9401203       7022       2000      10000         10
   0       68     1984     9010      9469582722      9469591732         9411210       7015       2000      10000          9
   0       68     1983     8997      9469592736      9469601733         9421224       7001       2000      10000         10
   0       68     1983     8966      9469602766      9469611731         9431253       6972       2000      10000          9
   0       68     1983     9017      9469612715      9469621732         9441203       7023       2000      10000         10
   0       68     1983     8725      9469623007      9469631731         9451494       6731       2000      10000          9
   0       68     1983     8992      9469632739      9469641731         9461227       6999       2000      10000          9
   0       68     1984     8916      9469642815      9469651731         9471303       6922       2000      10000          9
   0       68     1983     8906      9469652827      9469661733         9481315       6911       2000      10000         10
   0       68     1983     8905      9469662827      9469671732         9491315       6910       2000      10000          9
   0       68     1984     9018      9469672714      9469681731         9501201       7023       2000      10000          9
   0       68     1985     9106      9469682626      9469691732         9511114       7110       2000      10000         10
   0       68     1984     8745      9469692986      9469701732         9521474       6751       2000      10000          9
   0       68     1984     8925      9469702806      9469711730         9531293       6932       2000      10000          8
   0       68     1985     9081      9469712650      9469721731         9541138       7087       2000      10000          8
   0       68     1983     9015      9469722720      9469731735         9551208       7018       2000      10000         12
   0       68     1984     8949      9469732781      9469741730         9561269       6956       2000      10000          8
   0       68     1985     9080      9469742652      9469751732         9571140       7085       2000      10000          9
   0       68     1984     8958      9469752775      9469761733         9581263       6962       2000      10000         11
   0       68     1983     8902      9469762832      9469771734         9591320       6905       2000      10000         11
   0       68     1984     8833      9469772898      9469781732         9601386       6838       2000      10000          9
   0       68     1985     9048      9469782684      9469791732         9611171       7053       2000      10000          9
   0       68     1983     8748      9469792984      9469801732         9621472       6753       2000      10000          9
   0       68     1984     8966      9469802764      9469811730         9631252       6973       2000      10000          8
   0       68     1983     9179      9469812553      9469821732         9641040       7185       2000      10000          9
   0       68     1984     9001      9469822731      9469831732         9651219       7006       2000      10000         10
   0       68     1984     8965      9469832768      9469841733         9661256       6969       2000      10000         11
   0       68     1984     9016      9469842716      9469851732         9671204       7021       2000      10000          9
   0       68     1983     8908      9469852823      9469861732         9681311       6914       2000      10000          9
   0       68     1984     8751      9469862981      9469871732         9691469       6756       2000      10000         10
   0       68     1984     9009      9469872724      9469881733         9701212       7013       2000      10000         10
   0       68     1984     9007      9469882727      9469891734         9711214       7011       2000      10000         11
   0       68     1983     8753      9469892980      9469901733         9721468       6757       2000      10000         11
   0       68     1984     8996      9469902736      9469911731         9731224       7002       2000      10000          9
   0       68     1984     9112      9469912620      9469921732         9741108       7118       2000      10000         10
   0       68     1984     8821      9469922912      9469931733         9751400       6826       2000      10000         10
   0       68     1984     8899      9469932832      9469941732         9761320       6906       2000      10000          9
   0       68     1984     9143      9469942588      9469951731         9771076       7149       2000      10000          9
   0       68     1983     8931      9469952803      9469961734         9781291       6935       2000      10000         11
   0       68     1984     8205      9469963526      9469971731         9792014       6211       2000      10000          9
   0       68     1984     9015      9469972716      9469981730         9801204       7022       2000      10000          8
   0       68     1984     9155      9469982577      9469991731         9811065       7160       2000      10000          9
   0       68     1984     8984      9469992751      9470001735         9821239       6986       2000      10000         13
   0       68     1983     8926      9470002806      9470011732         9831293       6932       2000      10000          9
   0       68     1985     9024      9470012707      9470021731         9841194       7030       2000      10000          8
   0       68     1984     8989      9470022745      9470031734         9851233       6992       2000      10000         11
   0       68     1984     8959      9470032772      9470041731         9861260       6965       2000      10000          8
   0       68     1984     9129      9470042603      9470051732         9871091       7134       2000      10000         10
   0       68     1983     8903      9470052829      9470061732         9881317       6909       2000      10000          9
   0       68     1984     8728      9470063006      9470071735         9891494       6731       2000      10000         12
   0       68     1984     8960      9470072771      9470081731         9901258       6966       2000      10000          9
   0       68     1984     9117      9470082615      9470091733         9911103       7122       2000      10000         10
   0       68     1983     8174      9470093559      9470101733         9922046       6179       2000      10000         10
   0       68     1985     8959      9470102773      9470111732         9931261       6964       2000      10000          9
   0       68     1983     9076      9470112656      9470121732         9941144       7081       2000      10000         10
   0       68     1984     9017      9470122716      9470131733         9951204       7021       2000      10000         11
   0       68     1983     8930      9470132801      9470141732         9961289       6937       2000      10000          9
   0       68     1985     8994      9470142740      9470151735         9971228       6996       2000      10000         12
   0       68     1983     8920      9470152814      9470161734         9981302       6923       2000      10000         12
   0       68     1985     8888      9470162843      9470171732         9991331       6893       2000      10000          9
   0       68     1984     8992      9470172740      9470181731        10001227       6998       2000      10000          9
   0       68     1985     9020      9470182712      9470191732        10011200       7024       2000      10000         10
   0       68     1983     8779      9470192953      9470201732        10021441       6784       2000      10000          9
   0       68     1984     9000      9470202731      9470211731        10031219       7007       2000      10000          8
   0       68     1984     9154      9470212580      9470221733        10041067       7158       2000      10000         11
   0       68     1983     8969      9470222763      9470231732        10051250       6975       2000      10000          9
   0       68     1984     8979      9470232754      9470241732        10061242       6983       2000      10000         10
   0       68     1983     9021      9470242713      9470251734        10071201       7024       2000      10000         12
   0       68     1984     8507      9470253227      9470261734        10081715       6510       2000      10000         11
   0       68     1983     7888      9470263843      9470271731        10092331       5895       2000      10000          9
   0       68     1983     9009      9470272723      9470281732        10101210       7016       2000      10000          9
   0       68     1984     8119      9470283614      9470291733        10112102       6124       2000      10000         10
   0       68     1983     9017      9470292718      9470301735        10121205       7020       2000      10000         12
   0       68     1984     8887      9470302845      9470311732        10131332       6892       2000      10000          9
   0       68     1983     8826      9470312905      9470321731        10141393       6832       2000      10000          9
   0       68     1983     8986      9470322746      9470331732        10151234       6992       2000      10000         10
   0       68     1983     8893      9470332840      9470341732        10161327       6898       2000      10000         10
   0       68     1983     8960      9470342775      9470351735        10171263       6963       2000      10000         13
   0       68     1983     8769      9470352962      9470361732        10181450       6775       2000      10000          9
   0       68     1983     8751      9470362982      9470371733        10191469       6756       2000      10000         10
   0       68     1983     8803      9470372928      9470381731        10201416       6810       2000      10000          9
   0       68     1983     9090      9470382641      9470391731        10211129       7097       2000      10000          9
   0       68     1983     9014      9470392719      9470401732        10221206       7019       2000      10000         10
   0       68     1983     9021      9470402716      9470411736        10231204       7023       2000      10000         14
   0       68     1983     8826      9470412906      9470421732        10241394       6831       2000      10000          9
   0       68     1983     8890      9470422843      9470431733        10251331       6894       2000      10000         10
   0       68     1983     8817      9470432914      9470441731        10261401       6824       2000      10000          9
   0       68     1983     9044      9470442689      9470451733        10271177       7049       2000      10000         11
   0       68     1983     8962      9470452770      9470461732        10281258       6968       2000      10000         10
   0       68     1983     8156      9470463575      9470471731        10292063       6162       2000      10000          9
   0       68     1983     8952      9470472780      9470481732        10301268       6958       2000      10000          9
   0       68     1983     9029      9470482702      9470491731        10311190       7036       2000      10000          9
   0       68     1983     8290      9470493441      9470501732        10321929       6297       2000      10000          9
   0       68     1984     8960      9470502772      9470511732        10331259       6966       2000      10000         10
   0       68     1983     9011      9470512720      9470521731        10341208       7019       2000      10000          8
   0       68     1983     8940      9470522792      9470531732        10351280       6946       2000      10000         10
   0       68     1983     8972      9470532760      9470541732        10361248       6979       2000      10000          9
   0       68     1984     8996      9470542735      9470551731        10371223       7002       2000      10000          9
   0       68     1984     9015      9470552717      9470561732        10381205       7021       2000      10000         10
   0       68     1983     8684      9470563049      9470571733        10391537       6689       2000      10000         10
   0       68     1984     8782      9470572953      9470581735        10401440       6784       2000      10000         12
   0       68     1983     8840      9470582893      9470591733        10411381       6845       2000      10000         11
   0       68     1983     8767      9470592965      9470601732        10421453       6772       2000      10000          9
   0       68     1984     8920      9470602811      9470611731        10431299       6926       2000      10000          8
   0       68     1984     9146      9470612586      9470621732        10441074       7151       2000      10000          9
   0       68     1983     9003      9470622730      9470631732        10451218       7008       2000      10000         10
   0       68     1984     8941      9470632789      9470641730        10461277       6948       2000      10000          8
   0       68     1984     9126      9470642609      9470651735        10471097       7128       2000      10000         12
   0       68     1984     8919      9470652815      9470661734        10481302       6923       2000      10000         11
   0       68     1983     8792      9470662940      9470671732        10491427       6797       2000      10000         10
   0       68     1984     9048      9470672684      9470681731        10501171       7053       2000      10000          9
   0       68     1984     9112      9470682620      9470691732        10511108       7118       2000      10000         10
   0       68     1983     8943      9470692789      9470701732        10521277       6949       2000      10000         10
   0       68     1985     8985      9470702750      9470711735        10531238       6986       2000      10000         12
   0       68     1984     9013      9470712719      9470721732        10541206       7019       2000      10000         10
   0       68     1983     9012      9470722720      9470731732        10551208       7018       2000      10000         10
   0       68     1983     8918      9470732813      9470741731        10561300       6925       2000      10000          9
   0       68     1985     8980      9470742752      9470751732        10571240       6984       2000      10000         10
   0       68     1984     8938      9470752795      9470761733        10581283       6942       2000      10000         10
   0       68     1983     8809      9470762924      9470771732        10591411       6814       2000      10000         10
   0       68     1983     9013      9470772719      9470781732        10601207       7019       2000      10000         10
   0       68     1984     9018      9470782715      9470791733        10611202       7023       2000      10000         10
   0       68     1983     8562      9470793172      9470801733        10621659       6566       2000      10000         11
   0       68     1984     9004      9470802727      9470811731        10631214       7011       2000      10000          8
   0       68     1985     9031      9470812701      9470821731        10641188       7036       2000      10000          9
   0       68     1984     9024      9470822710      9470831734        10651197       7028       2000      10000         11
   0       68     1985     8971      9470832761      9470841732        10661248       6976       2000      10000          9
   0       68     1984     9013      9470842718      9470851731        10671206       7019       2000      10000          9
   0       68     1983     8890      9470852847      9470861737        10681335       6890       2000      10000         15
   0       68     1984     7701      9470864030      9470871731        10692518       5707       2000      10000          9
   0       68     1985     9007      9470872725      9470881732        10701213       7011       2000      10000         10
   0       68     1983     8962      9470882771      9470891733        10711258       6967       2000      10000         10
   0       68     1983     8804      9470892928      9470901732        10721416       6809       2000      10000         10
   0       68     1983     8977      9470902754      9470911731        10731241       6984       2000      10000          9
   0       68     1984     9148      9470912584      9470921732        10741072       7153       2000      10000          9
   0       68     1983     8837      9470922898      9470931735        10751385       6840       2000      10000         12
   0       68     1984     8959      9470932772      9470941731        10761260       6965       2000      10000          9
   0       68     1983     9149      9470942583      9470951732        10771071       7155       2000      10000         10
   0       68     1984     8902      9470952830      9470961732        10781318       6907       2000      10000         10
   0       68     1984     8767      9470962965      9470971732        10791453       6772       2000      10000          9
   0       68     1985     8997      9470972733      9470981730        10801221       7004       2000      10000          8
   0       68     1984     9178      9470982554      9470991732        10811042       7183       2000      10000          9
   0       68     1983     8797      9470992936      9471001733        10821424       6802       2000      10000         11
   0       68     1984     8954      9471002778      9471011732        10831266       6959       2000      10000         10
   0       68     1984     9001      9471012730      9471021731        10841218       7008       2000      10000          9
   0       68     1983     9009      9471022726      9471031735        10851214       7012       2000      10000         13
   0       68     1983     8406      9471033327      9471041732        10861814       6411       2000      10000         10
   0       68     1984     8970      9471042762      9471051732        10871250       6975       2000      10000          9
   0       68     1983     8790      9471052942      9471061732        10881430       6796       2000      10000          9
   0       68     1985     8566      9471063166      9471071732        10891653       6571       2000      10000         10
   0       68     1983     8920      9471072812      9471081732        10901300       6925       2000      10000         10
   0       68     1984     9001      9471082731      9471091732        10911219       7007       2000      10000         10
   0       68     1983     8721      9471093010      9471101732        10921498       6727       2000      10000          9
   0       68     1984     8982      9471102749      9471111731        10931237       6989       2000      10000          9
   0       68     1985     9129      9471112603      9471121732        10941091       7134       2000      10000         10
   0       68     1983     9013      9471122719      9471131732        10951207       7019       2000      10000         10
   0       68     1985     8902      9471132830      9471141732        10961317       6907       2000      10000         10
   0       68     1983     8934      9471142798      9471151731        10971286       6941       2000      10000          9
   0       68     1984     8899      9471152834      9471161733        10981322       6903       2000      10000         11
   0       68     1984     8874      9471162858      9471171732        10991345       6880       2000      10000         10
   0       68     1985     9012      9471172721      9471181732        11001209       7016       2000      10000         10
   0       68     1984     9009      9471182722      9471191731        11011210       7016       2000      10000          9
   0       68     1983     8996      9471192737      9471201733        11021225       7002       2000      10000         10
   0       68     1983     8861      9471202870      9471211732        11031358       6868       2000      10000          9
   0       68     1984     8899      9471212833      9471221732        11041321       6904       2000      10000         10
   0       68     1983     8794      9471222938      9471231732        11051426       6799       2000      10000         10
   0       68     1984     8836      9471232895      9471241731        11061383       6841       2000      10000          9
   0       68     1983     8938      9471242796      9471251734        11071283       6942       2000      10000         11
   0       68     1984     8913      9471252820      9471261733        11081308       6918       2000      10000         10
   0       68     1984     8956      9471262774      9471271730        11091262       6963       2000      10000          8
   0       68     1985     9031      9471272700      9471281732        11101188       7036       2000      10000          9
   0       68     1984     9149      9471282582      9471291732        11111070       7155       2000      10000          9
   0       68     1984     8865      9471292867      9471301732        11121355       6870       2000      10000         10
   0       68     1984     8970      9471302762      9471311732        11131250       6976       2000      10000         10
   0       68     1985     9014      9471312718      9471321732        11141205       7019       2000      10000          9
   0       68     1984     8953      9471322783      9471331736        11151271       6954       2000      10000         14
   0       68     1985     8924      9471332806      9471341730        11161294       6931       2000      10000          8
   0       68     1984     9130      9471342601      9471351731        11171089       7135       2000      10000          9
   0       68     1984     8840      9471352893      9471361733        11181381       6844       2000      10000         11
   0       68     1984     8895      9471362841      9471371736        11191329       6896       2000      10000         14
   0       68     1984     8868      9471372864      9471381731        11201352       6872       2000      10000          9
   0       68     1984     9039      9471382694      9471391733        11211182       7043       2000      10000         10
   0       68     1983     7768      9471393963      9471401731        11222451       5774       2000      10000          9
   0       68     1983     8903      9471402827      9471411730        11231315       6911       2000      10000          8
   0       68     1984     9134      9471412597      9471421731        11241085       7140       2000      10000          9
   0       68     1983     8989      9471422743      9471431732        11251231       6995       2000      10000          9
   0       68     1985     8985      9471432746      9471441731        11261234       6991       2000      10000          8
   0       68     1984     9018      9471442717      9471451735        11271205       7021       2000      10000         13
   0       68     1983     8858      9471452874      9471461732        11281362       6863       2000      10000         10
   0       68     1983     8881      9471462851      9471471732        11291339       6887       2000      10000          9
   0       68     1985     8954      9471472778      9471481732        11301265       6958       2000      10000          9
   0       68     1984     9029      9471482704      9471491733        11311192       7033       2000      10000         11
   0       68     1984     8795      9471492936      9471501732        11321424       6801       2000      10000          9
   0       68     1984     8961      9471502770      9471511731        11331257       6968       2000      10000          8
   0       68     1985     9125      9471512607      9471521732        11341094       7130       2000      10000         10
   0       68     1983     8816      9471522916      9471531732        11351404       6821       2000      10000         10
   0       68     1984     8858      9471532873      9471541731        11361361       6864       2000      10000          8
   0       68     1983     8996      9471542738      9471551734        11371226       6999       2000      10000         12
   0       68     1983     8883      9471552850      9471561733        11381338       6888       2000      10000         11
   0       68     1983     8816      9471562915      9471571732        11391403       6821       2000      10000          9
   0       68     1985     9043      9471572689      9471581731        11401176       7048       2000      10000          9
   0       68     1984     9087      9471582647      9471591733        11411134       7090       2000      10000         11
   0       68     1984     8712      9471593019      9471601731        11421507       6718       2000      10000          9
   0       68     1984     8973      9471602758      9471611731        11431246       6979       2000      10000          9
   0       68     1984     8925      9471612807      9471621731        11441294       6931       2000      10000          9
   0       68     1983     8977      9471622756      9471631732        11451243       6982       2000      10000         10
   0       68     1985     8960      9471632770      9471641730        11461257       6967       2000      10000          8
   0       68     1984     9142      9471642591      9471651733        11471078       7147       2000      10000         10
   0       68     1984     8905      9471652834      9471661739        11481322       6904       2000      10000         16
   0       68     1984     8868      9471662866      9471671735        11491354       6871       2000      10000         12
   0       68     1984     9015      9471672717      9471681732        11501204       7019       2000      10000          9
   0       68     1984     9118      9471682615      9471691733        11511102       7122       2000      10000         11
   0       68     1983     8081      9471693651      9471701732        11522138       6087       2000      10000         10
   0       68     1984     8930      9471702801      9471711731        11531289       6936       2000      10000          9
   0       68     1984     9089      9471712643      9471721732        11541131       7094       2000      10000          9
   0       68     1984     9020      9471722713      9471731733        11551201       7024       2000      10000         11
   0       68     1983     8934      9471732797      9471741732        11561285       6940       2000      10000          9
   0       68     1985     9023      9471742711      9471751735        11571199       7025       2000      10000         12
   0       68     1983     8916      9471752819      9471761735        11581307       6918       2000      10000         13
   0       68     1983     8893      9471762839      9471771732        11591326       6899       2000      10000          9
   0       68     1984     8985      9471772747      9471781732        11601234       6990       2000      10000          9
   0       68     1984     9158      9471782575      9471791732        11611063       7163       2000      10000         10
   0       68     1983     8775      9471792957      9471801732        11621445       6781       2000      10000          9
   0       68     1984     9016      9471802715      9471811731        11631203       7023       2000      10000          9
   0       68     1984     9125      9471812610      9471821734        11641097       7128       2000      10000         12
   0       68     1984     8935      9471822798      9471831732        11651285       6940       2000      10000         10
   0       68     1985     8989      9471832742      9471841732        11661230       6995       2000      10000          9
   0       68     1984     8888      9471842845      9471851733        11671333       6891       2000      10000         10
   0       68     1983     8873      9471852862      9471861734        11681349       6876       2000      10000         12
   0       68     1983     8898      9471862835      9471871732        11691322       6903       2000      10000         10
   0       68     1985     9013      9471872719      9471881732        11701207       7017       2000      10000          9
   0       68     1983     9029      9471882703      9471891732        11711191       7034       2000      10000         10
   0       68     1983     8759      9471892975      9471901734        11721462       6763       2000      10000         11
   0       68     1985     8946      9471902786      9471911732        11731274       6950       2000      10000          9
   0       68     1984     8989      9471912744      9471921733        11741232       6993       2000      10000         10
   0       68     1983     8989      9471922744      9471931733        11751232       6994       2000      10000         11
   0       68     1984     8888      9471932845      9471941733        11761333       6892       2000      10000         10
   0       68     1983     8909      9471942825      9471951734        11771313       6913       2000      10000         11
   0       68     1983     8881      9471952853      9471961733        11781341       6885       2000      10000         11
   0       68     1984     8755      9471962977      9471971732        11791465       6761       2000      10000          9
   0       68     1983     9012      9471972720      9471981731        11801207       7019       2000      10000          9
   0       68     1984     9045      9471982688      9471991733        11811176       7049       2000      10000         11
   0       68     1984     8676      9471993056      9472001732        11821544       6682       2000      10000          9
   0       68     1984     6988      9472004744      9472011733        11833232       4993       2000      10000         10
   0       68     1983     7888      9472013849      9472021737        11842337       5889       2000      10000         15
   0       68     1984     8091      9472023640      9472031731        11852128       6098       2000      10000          9
   0       68     1983     8826      9472032905      9472041732        11861393       6832       2000      10000          9
   0       68     1984     8992      9472042739      9472051731        11871227       6998       2000      10000          8
   0       68     1983     8938      9472052794      9472061732        11881282       6943       2000      10000         10
   0       68     1984     8660      9472063071      9472071731        11891559       6666       2000      10000          9
   0       68     1984     8990      9472072740      9472081731        11901228       6997       2000      10000          8
   0       68     1984     9090      9472082643      9472091732        11911130       7094       2000      10000         10
   0       68     1983     8785      9472092947      9472101732        11921435       6790       2000      10000         10
   0       68     1984     8959      9472102772      9472111731        11931260       6965       2000      10000          9
   0       68     1984     9103      9472112628      9472121731        11941116       7109       2000      10000          9
   0       68     1984     9011      9472122721      9472131732        11951209       7016       2000      10000         10
   0       68     1984     8905      9472132828      9472141733        11961316       6909       2000      10000         11
   0       68     1984     8930      9472142801      9472151731        11971289       6937       2000      10000          9
   0       68     1983     8905      9472152828      9472161733        11981316       6909       2000      10000         10
   0       68     1984     8930      9472162811      9472171741        11991298       6927       2000      10000         19
   0       68     1984     8880      9472172861      9472181741        12001349       6876       2000      10000         19
   0       68     1983     8357      9472183375      9472191732        12011863       6362       2000      10000         10
   0       68     1983     8768      9472192964      9472201732        12021452       6773       2000      10000         10
   0       68     1983     8833      9472202898      9472211731        12031386       6840       2000      10000          9
   0       68     1984     9030      9472212701      9472221731        12041189       7037       2000      10000          8
   0       68     1984     9006      9472222726      9472231732        12051214       7012       2000      10000         10
   0       68     1984     8973      9472232759      9472241731        12061246       6979       2000      10000          9
   0       68     1985     9139      9472242596      9472251734        12071083       7141       2000      10000         12
   0       68     1983     8885      9472252847      9472261732        12081335       6891       2000      10000         10
   0       68     1984     9021      9472262709      9472271731        12091197       7028       2000      10000          8
   0       68     1983     9043      9472272688      9472281731        12101176       7050       2000      10000          9
   0       68     1983     9033      9472282703      9472291736        12111191       7035       2000      10000         13
   0       68     1983     8887      9472292846      9472301733        12121334       6892       2000      10000         11
   0       68     1985     8909      9472302822      9472311731        12131309       6915       2000      10000          8
   0       68     1984     9016      9472312716      9472321732        12141204       7021       2000      10000         10
   0       68     1983     9021      9472322711      9472331732        12151198       7027       2000      10000         10
   0       68     1984     8937      9472332794      9472341731        12161281       6943       2000      10000          9
   0       68     1985     9004      9472342729      9472351733        12171217       7007       2000      10000         11
   0       68     1983     8701      9472353036      9472361737        12181524       6702       2000      10000         15
   0       68     1983     8850      9472362882      9472371732        12191369       6856       2000      10000          9
   0       68     1984     9033      9472372698      9472381731        12201185       7040       2000      10000          8
   0       68     1985     9136      9472382596      9472391733        12211084       7140       2000      10000         10
   0       68     1983     8771      9472392960      9472401731        12221448       6778       2000      10000          9
   0       68     1985     9015      9472402716      9472411731        12231204       7021       2000      10000          9
   0       68     1984     9067      9472412666      9472421732        12241153       7072       2000      10000         10
   0       68     1984     8977      9472422755      9472431732        12251243       6982       2000      10000         10
   0       68     1985     8951      9472432780      9472441731        12261268       6957       2000      10000          8
   0       68     1984     9143      9472442590      9472451734        12271078       7148       2000      10000         11
   0       68     1983     8923      9472452810      9472461733        12281298       6928       2000      10000         11
   0       68     1984     8590      9472463142      9472471732        12291630       6596       2000      10000          9
   0       68     1984     8974      9472472759      9472481733        12301246       6979       2000      10000         10
   0       68     1984     8915      9472482818      9472491733        12311306       6919       2000      10000         10
   0       68     1984     7151      9472494582      9472501733        12323070       5155       2000      10000         11
   0       68     1983     8868      9472502863      9472511731        12331351       6875       2000      10000          9
   0       68     1984     9043      9472512689      9472521732        12341176       7047       2000      10000          9
   0       68     1983     8987      9472522746      9472531733        12351234       6992       2000      10000         11
   0       68     1984     8965      9472532765      9472541731        12361253       6972       2000      10000          8
   0       68     1984     9069      9472542664      9472551732        12371151       7074       2000      10000         10
   0       68     1983     8894      9472552837      9472561731        12381325       6900       2000      10000          9
   0       68     1983     8840      9472562892      9472571732        12391380       6845       2000      10000          9
   0       68     1984     8994      9472572736      9472581730        12401224       7001       2000      10000          8
   0       68     1984     9128      9472582605      9472591733        12411092       7133       2000      10000         10
   0       68     1984     8739      9472592993      9472601732        12421481       6744       2000      10000         10
   0       68     1984     8908      9472602825      9472611732        12431312       6913       2000      10000         10
   0       68     1984     9004      9472612727      9472621731        12441215       7011       2000      10000          9
   0       68     1984     9006      9472622726      9472631732        12451214       7012       2000      10000          9
   0       68     1984     8940      9472632792      9472641732        12461280       6944       2000      10000         10
   0       68     1984     9070      9472642664      9472651735        12471152       7073       2000      10000         12
   0       68     1984     6889      9472654846      9472661735        12483334       4891       2000      10000         13
   0       68     1984     8801      9472662932      9472671732        12491419       6805       2000      10000         10
   0       68     1985     8993      9472672738      9472681732        12501226       6998       2000      10000          9
   0       68     1984     9131      9472682602      9472691733        12511090       7136       2000      10000         11
   0       68     1984     8723      9472693009      9472701732        12521497       6728       2000      10000          9
   0       68     1984     8970      9472702761      9472711731        12531249       6976       2000      10000          9
   0       68     1984     9110      9472712621      9472721731        12541109       7116       2000      10000          9
   0       68     1983     8979      9472722753      9472731732        12551241       6985       2000      10000         10
   0       68     1985     8940      9472732791      9472741731        12561279       6946       2000      10000          9
   0       68     1984     9133      9472742598      9472751731        12571086       7139       2000      10000          9
   0       68     1984     8913      9472752821      9472761734        12581309       6917       2000      10000         11
   0       68     1983     8881      9472762851      9472771732        12591339       6887       2000      10000          9
   0       68     1984     9038      9472772696      9472781733        12601183       7041       2000      10000         11
   0       68     1984     8996      9472782736      9472791732        12611224       7001       2000      10000          9
   0       68     1983     8690      9472793042      9472801733        12621530       6695       2000      10000         10
   0       68     1984     8910      9472802821      9472811732        12631309       6915       2000      10000          9
   0       68     1984     9084      9472812647      9472821731        12641135       7090       2000      10000          9
   0       68     1983     9003      9472822730      9472831733        12651217       7008       2000      10000         11
   0       68     1985     8949      9472832782      9472841731        12661270       6954       2000      10000          9
   0       68     1983     9124      9472842608      9472851732        12671095       7131       2000      10000          9
   0       68     1984     8897      9472852836      9472861733        12681324       6901       2000      10000         11
   0       68     1983     8852      9472862880      9472871732        12691368       6858       2000      10000          9
   0       68     1985     9019      9472872712      9472881732        12701200       7025       2000      10000          9
   0       68     1985     9080      9472882653      9472891733        12711141       7084       2000      10000         10
   0       68     1984     8689      9472893042      9472901732        12721530       6695       2000      10000          9
   0       68     1984     9006      9472902725      9472911731        12731213       7012       2000      10000          9
   0       68     1985     8988      9472912743      9472921731        12741231       6994       2000      10000          8
   0       68     1983     9006      9472922728      9472931734        12751216       7010       2000      10000         12
   0       68     1984     8987      9472932744      9472941731        12761232       6994       2000      10000          9
   0       68     1984     9120      9472942618      9472951738        12771106       7119       2000      10000         16
   0       68     1984     8598      9472953135      9472961733        12781623       6603       2000      10000         10
   0       68     1983     8956      9472962777      9472971732        12791265       6960       2000      10000         10
   0       68     1985     8974      9472972757      9472981731        12801245       6979       2000      10000          9
   0       68     1984     9168      9472982564      9472991732        12811052       7173       2000      10000         10
   0       68     1983     8907      9472992826      9473001733        12821314       6912       2000      10000         10
   0       68     1983     9023      9473002708      9473011732        12831196       7029       2000      10000          9
   0       68     1984     9038      9473012694      9473021732        12841182       7044       2000      10000          9
   0       68     1983     8990      9473022742      9473031733        12851230       6996       2000      10000         10
   0       68     1984     8933      9473032798      9473041730        12861285       6940       2000      10000          8
   0       68     1985     9175      9473042557      9473051732        12871045       7180       2000      10000          9
   0       68     1984     8898      9473052834      9473061732        12881322       6903       2000      10000         10
   0       68     1983     8658      9473063074      9473071732        12891561       6664       2000      10000          9
   0       68     1985     8979      9473072754      9473081733        12901242       6983       2000      10000         11
   0       68     1984     9019      9473082715      9473091734        12911203       7022       2000      10000         11
   0       68     1983     8801      9473092936      9473101736        12921423       6802       2000      10000         14
   0       68     1984     9004      9473102727      9473111731        12931214       7011       2000      10000          8
   0       68     1985     9153      9473112578      9473121731        12941065       7159       2000      10000          9
   0       68     1983     9035      9473122698      9473131733        12951186       7040       2000      10000         10
   0       68     1984     8747      9473132983      9473141731        12961471       6753       2000      10000          8
   0       68     1983     8982      9473142750      9473151732        12971237       6988       2000      10000          9
   0       68     1984     8900      9473152833      9473161733        12981321       6904       2000      10000         10
   0       68     1984     8732      9473163000      9473171731        12991487       6737       2000      10000          9
   0       68     1985     8993      9473172737      9473181730        13001225       6999       2000      10000          8
   0       68     1984     9160      9473182573      9473191733        13011061       7164       2000      10000         10
   0       68     1983     8791      9473192942      9473201733        13021430       6796       2000      10000         10
   0       68     1984     8948      9473202784      9473211732        13031272       6953       2000      10000         10
   0       68     1985     9018      9473212712      9473221731        13041200       7025       2000      10000          8
   0       68     1983     9029      9473222703      9473231732        13051191       7035       2000      10000         10
   0       68     1984     8986      9473232746      9473241732        13061234       6991       2000      10000         10
   0       68     1984     9029      9473242703      9473251732        13071191       7035       2000      10000          9
   0       68     1984     8934      9473252800      9473261734        13081288       6937       2000      10000         12
   0       68     1983     8903      9473262828      9473271732        13091316       6909       2000      10000          9
   0       68     1985     9034      9473272696      9473281731        13101184       7041       2000      10000          8
   0       68     1984     9190      9473282546      9473291736        13111034       7191       2000      10000         14
   0       68     1983     7020      9473294712      9473301732        13123200       5026       2000      10000         10
   0       68     1984     8986      9473302746      9473311732        13131233       6992       2000      10000          9
   0       68     1983     8959      9473312773      9473321732        13141261       6965       2000      10000          9
   0       68     1984     9000      9473322732      9473331733        13151220       7006       2000      10000         10
   0       68     1985     8932      9473332799      9473341731        13161287       6937       2000      10000          8
   0       68     1984     9165      9473342567      9473351732        13171055       7170       2000      10000          9
   0       68     1983     8912      9473352820      9473361732        13181308       6918       2000      10000         10
   0       68     1984     8841      9473362890      9473371732        13191378       6847       2000      10000          9
   0       68     1985     8963      9473372769      9473381732        13201257       6968       2000      10000         10
   0       68     1983     8933      9473382800      9473391733        13211288       6938       2000      10000         10
   0       68     1983     8769      9473392963      9473401732        13221451       6774       2000      10000          9
   0       68     1984     8986      9473402744      9473411731        13231232       6993       2000      10000          8
   0       68     1985     9114      9473412620      9473421734        13241107       7117       2000      10000         12
   0       68     1983     8982      9473422750      9473431733        13251238       6988       2000      10000         10
   0       68     1985     8894      9473432838      9473441732        13261325       6899       2000      10000          9
   0       68     1984     8952      9473442783      9473451735        13271271       6954       2000      10000         12
   0       68     1983     8838      9473452898      9473461736        13281386       6839       2000      10000         14
   0       68     1983     8766      9473462966      9473471732        13291454       6771       2000      10000         10
   0       68     1984     9041      9473472690      9473481731        13301177       7047       2000      10000          8
   0       68     1984     8939      9473482793      9473491733        13311281       6944       2000      10000         10
   0       68     1984     8771      9473492961      9473501732        13321449       6776       2000      10000          9
   0       68     1983     8979      9473502753      9473511732        13331240       6985       2000      10000          9
   0       68     1985     9010      9473512722      9473521731        13341210       7015       2000      10000          9
   0       68     1983     9008      9473522725      9473531733        13351212       7014       2000      10000         10
   0       68     1984     8919      9473532813      9473541732        13361301       6924       2000      10000          9
   0       68     1984     8998      9473542738      9473551735        13371225       7000       2000      10000         13
   0       68     1983     8928      9473552806      9473561734        13381294       6932       2000      10000         12
   0       68     1984     8831      9473562902      9473571733        13391390       6835       2000      10000         11
   0       68     1984     9013      9473572717      9473581730        13401205       7020       2000      10000          8
   0       68     1984     9080      9473582657      9473591736        13411144       7080       2000      10000         14
   0       68     1983     8876      9473592856      9473601732        13421344       6882       2000      10000         10
   0       68     1984     8982      9473602753      9473611735        13431241       6984       2000      10000         12
   0       68     1984     8911      9473612821      9473621731        13441308       6916       2000      10000          9
   0       68     1983     9031      9473622702      9473631732        13451190       7036       2000      10000         10
   0       68     1985     8961      9473632770      9473641730        13461258       6967       2000      10000          8
   0       68     1984     9200      9473642533      9473651733        13471020       7204       2000      10000         11
   0       68     1983     8889      9473652844      9473661733        13481332       6894       2000      10000         11
   0       68     1984     8833      9473662898      9473671732        13491386       6838       2000      10000          9
   0       68     1984     9030      9473672702      9473681732        13501190       7035       2000      10000         10
   0       68     1985     9013      9473682720      9473691733        13511208       7016       2000      10000         10
   0       68     1983     8691      9473693040      9473701731        13521528       6697       2000      10000          9
   0       68     1985     9009      9473702722      9473711731        13531210       7015       2000      10000          9
   0       68     1985     9043      9473712690      9473721733        13541178       7047       2000      10000         10
   0       68     1984     8998      9473722736      9473731734        13551224       7001       2000      10000         12
   0       68     1984     8943      9473732788      9473741731        13561276       6948       2000      10000          9
   0       68     1984     8927      9473742807      9473751735        13571295       6930       2000      10000         12
   0       68     1984     8937      9473752796      9473761734        13581284       6941       2000      10000         11
   0       68     1983     8831      9473762901      9473771731        13591389       6837       2000      10000          9
   0       68     1985     8917      9473772813      9473781731        13601301       6922       2000      10000          8
   0       68     1984     9152      9473782581      9473791734        13611069       7156       2000      10000         11
   0       68     1983     8781      9473792951      9473801732        13621439       6787       2000      10000          9
   0       68     1983     8931      9473802800      9473811731        13631288       6938       2000      10000          9
   0       68     1984     9009      9473812723      9473821732        13641211       7014       2000      10000         10
   0       68     1984     9017      9473822718      9473831735        13651206       7020       2000      10000         12
   0       68     1984     8942      9473832789      9473841731        13661276       6949       2000      10000          8
   0       68     1984     9136      9473842598      9473851734        13671086       7139       2000      10000         12
   0       68     1983     8794      9473852939      9473861733        13681426       6799       2000      10000         10
   0       68     1983     8828      9473862904      9473871732        13691392       6833       2000      10000         10
   0       68     1984     9002      9473872729      9473881731        13701217       7008       2000      10000          9
   0       68     1984     9127      9473882605      9473891733        13711093       7132       2000      10000         10
   0       68     1983     8853      9473892879      9473901732        13721367       6859       2000      10000          9
   0       68     1984     8986      9473902748      9473911735        13731236       6989       2000      10000         12
   0       68     1984     9021      9473912712      9473921733        13741200       7025       2000      10000         10
   0       68     1984     8973      9473922759      9473931732        13751246       6979       2000      10000          9
   0       68     1984     8855      9473932875      9473941730        13761363       6862       2000      10000          8
   0       68     1985     9151      9473942580      9473951731        13771068       7156       2000      10000          9
   0       68     1983     8773      9473952962      9473961734        13781449       6776       2000      10000         12
   0       68     1983     8871      9473962862      9473971732        13791349       6876       2000      10000         10
   0       68     1983     9003      9473972730      9473981732        13801217       7008       2000      10000         10
   0       68     1984     9007      9473982725      9473991732        13811213       7012       2000      10000         10
   0       68     1983     8772      9473992961      9474001733        13821449       6777       2000      10000         11
   0       68     1984     8946      9474002785      9474011731        13831273       6952       2000      10000          8
   0       68     1984     8947      9474012785      9474021732        13841273       6952       2000      10000          9
   0       68     1983     8808      9474022925      9474031733        13851412       6813       2000      10000         10
   0       68     1985     8955      9474032777      9474041733        13861265       6959       2000      10000         10
   0       68     1985     8973      9474042761      9474051734        13871249       6976       2000      10000         12
   0       68     1983     8905      9474052829      9474061733        13881317       6909       2000      10000         11
   0       68     1984     7993      9474063738      9474071731        13892226       5999       2000      10000          9
   0       68     1984     8971      9474072761      9474081732        13901249       6976       2000      10000          9
   0       68     1984     9093      9474082639      9474091732        13911127       7099       2000      10000         10
   0       68     1983     8944      9474092789      9474101734        13921277       6949       2000      10000         11
   0       68     1984     8869      9474102863      9474111732        13931351       6875       2000      10000         10
   0       68     1984     9021      9474112713      9474121733        13941200       7025       2000      10000         11
   0       68     1984     8905      9474122828      9474131733        13951316       6910       2000      10000         10
   0       68     1984     8932      9474132798      9474141730        13961285       6940       2000      10000          8
   0       68     1985     9130      9474142603      9474151734        13971091       7133       2000      10000         11
   0       68     1984     8923      9474152810      9474161733        13981298       6927       2000      10000         11
   0       68     1984     8813      9474162918      9474171732        13991406       6818       2000      10000          9
   0       68     1984     8990      9474172741      9474181731        14001229       6997       2000      10000          8
   0       68     1985     9144      9474182588      9474191731        14011075       7149       2000      10000          9
   0       68     1983     8880      9474192851      9474201732        14021339       6886       2000      10000          9
   0       68     1984     9010      9474202724      9474211733        14031211       7014       2000      10000         11
   0       68     1984     8971      9474212761      9474221732        14041249       6977       2000      10000          9
   0       68     1984     8986      9474222746      9474231732        14051234       6991       2000      10000         10
   0       68     1984     8973      9474232758      9474241731        14061246       6979       2000      10000          9
   0       68     1985     9119      9474242618      9474251737        14071105       7119       2000      10000         14
   0       68     1984     8779      9474252952      9474261731        14081440       6785       2000      10000          9
   0       68     1984     8790      9474262943      9474271733        14091431       6794       2000      10000         10
   0       68     1984     8896      9474272836      9474281732        14101324       6901       2000      10000          9
   0       68     1985     9021      9474282713      9474291734        14111200       7024       2000      10000         11
   0       68     1983     8710      9474293021      9474301731        14121508       6717       2000      10000          9
   0       68     1984     8975      9474302757      9474311732        14131245       6980       2000      10000          9
   0       68     1984     9119      9474312613      9474321732        14141101       7125       2000      10000          9
   0       68     1983     9012      9474322721      9474331733        14151208       7017       2000      10000         11
   0       68     1984     8887      9474332845      9474341732        14161333       6892       2000      10000         10
   0       68     1984     9012      9474342720      9474351732        14171208       7017       2000      10000         10
   0       68     1984     8931      9474352801      9474361732        14181289       6936       2000      10000         10
   0       68     1983     8872      9474362860      9474371732        14191348       6877       2000      10000         10
   0       68     1984     9004      9474372729      9474381733        14201217       7008       2000      10000         11
   0       68     1984     9008      9474382724      9474391733        14211212       7013       2000      10000         10
   0       68     1984     8721      9474393012      9474401734        14221500       6725       2000      10000         11
   0       68     1984     8946      9474402785      9474411732        14231273       6951       2000      10000          9
   0       68     1984     8957      9474412775      9474421733        14241263       6962       2000      10000         10
   0       68     1983     8799      9474422933      9474431732        14251421       6805       2000      10000          9
   0       68     1984     8965      9474432766      9474441731        14261254       6970       2000      10000          8
   0       68     1984     9068      9474442663      9474451732        14271151       7073       2000      10000          9
   0       68     1983     8902      9474452829      9474461731        14281317       6908       2000      10000          9
   0       68     1983     8825      9474462906      9474471732        14291394       6831       2000      10000          9
   0       68     1984     8975      9474472757      9474481732        14301244       6981       2000      10000         10
   0       68     1984     9028      9474482705      9474491732        14311193       7032       2000      10000         10
   0       68     1983     8609      9474493124      9474501733        14321612       6613       2000      10000         10
   0       68     1983     8808      9474502923      9474511731        14331411       6815       2000      10000          9
   0       68     1984     9030      9474512702      9474521732        14341190       7034       2000      10000          9
   0       68     1983     8991      9474522743      9474531734        14351231       6995       2000      10000         12
   0       68     1984     8955      9474532775      9474541730        14361263       6962       2000      10000          8
   0       68     1984     9139      9474542599      9474551738        14371086       7138       2000      10000         15
   0       68     1984     8503      9474553230      9474561733        14381717       6508       2000      10000         10
   0       68     1984     8926      9474562806      9474571733        14391294       6931       2000      10000         10
   0       68     1983     8811      9474572920      9474581731        14401408       6818       2000      10000          9
   0       68     1984     9039      9474582694      9474591732        14411181       7043       2000      10000         10
   0       68     1983     8794      9474592938      9474601732        14421426       6799       2000      10000         10
   0       68     1984     8984      9474602747      9474611731        14431235       6990       2000      10000          8
   0       68     1983     9125      9474612606      9474621732        14441094       7132       2000      10000          9
   0       68     1983     9033      9474622700      9474631733        14451187       7039       2000      10000         10
   0       68     1984     8959      9474632772      9474641732        14461260       6965       2000      10000          9
   0       68     1985     9024      9474642708      9474651732        14471195       7028       2000      10000          9
   0       68     1983     8855      9474652877      9474661732        14481365       6861       2000      10000         10
   0       68     1984     8872      9474662860      9474671732        14491348       6877       2000      10000         10
   0       68     1984     9049      9474672684      9474681733        14501172       7052       2000      10000         10
   0       68     1985     9021      9474682712      9474691733        14511200       7025       2000      10000         11
   0       68     1983     8782      9474692952      9474701734        14521440       6786       2000      10000         11
   0       68     1985     8942      9474702789      9474711731        14531277       6947       2000      10000          9
   0       68     1984     9131      9474712601      9474721732        14541088       7136       2000      10000          9
   0       68     1983     8900      9474722833      9474731733        14551321       6905       2000      10000         10
   0       68     1984     8880      9474732851      9474741731        14561339       6886       2000      10000          9
   0       68     1984     9114      9474742620      9474751734        14571108       7117       2000      10000         12
   0       68     1983     8888      9474752847      9474761735        14581335       6891       2000      10000         13
   0       68     1983     8788      9474762945      9474771733        14591432       6793       2000      10000         10
   0       68     1984     8998      9474772733      9474781731        14601220       7005       2000      10000          8
   0       68     1984     9128      9474782605      9474791734        14611093       7132       2000      10000         11
   0       68     1983     8783      9474792950      9474801732        14621437       6788       2000      10000         10
   0       68     1984     8933      9474802798      9474811731        14631286       6940       2000      10000          8
   0       68     1985     9100      9474812632      9474821732        14641120       7105       2000      10000          9
   0       68     1983     9033      9474822701      9474831734        14651189       7037       2000      10000         11
   0       68     1985     8920      9474832811      9474841731        14661299       6926       2000      10000          8
   0       68     1984     9164      9474842568      9474851732        14671056       7169       2000      10000         10
   0       68     1983     8871      9474852865      9474861736        14681353       6873       2000      10000         14
   0       68     1984     8312      9474863420      9474871732        14691908       6317       2000      10000         10
   0       68     1985     8930      9474872802      9474881732        14701290       6933       2000      10000         10
   0       68     1984     9077      9474882656      9474891733        14711144       7081       2000      10000         10
   0       68     1984     8404      9474893328      9474901732        14721816       6409       2000      10000         10
   0       68     1984     8967      9474902764      9474911731        14731252       6973       2000      10000          9
   0       68     1983     9047      9474912687      9474921733        14741174       7051       2000      10000         11
   0       68     1984     8970      9474922763      9474931733        14751251       6975       2000      10000         10
   0       68     1983     8956      9474932776      9474941732        14761264       6962       2000      10000          9
   0       68     1984     9020      9474942712      9474951732        14771200       7025       2000      10000         10
   0       68     1984     8923      9474952811      9474961734        14781298       6927       2000      10000         11
   0       68     1983     8902      9474962829      9474971731        14791317       6908       2000      10000          8
   0       68     1984     8993      9474972738      9474981731        14801226       6999       2000      10000          9
   0       68     1984     8977      9474982756      9474991733        14811244       6981       2000      10000         11
   0       68     1984     8751      9474992981      9475001732        14821469       6756       2000      10000         10
   0       68     1984     9022      9475002709      9475011731        14831196       7028       2000      10000          8
   0       68     1985     9091      9475012641      9475021732        14841129       7095       2000      10000         10
   0       68     1983     8974      9475022758      9475031732        14851246       6980       2000      10000         10
   0       68     1984     8972      9475032758      9475041731        14861246       6979       2000      10000          8
   0       68     1985     9137      9475042597      9475051734        14871084       7140       2000      10000         11
   0       68     1983     8885      9475052849      9475061734        14881337       6888       2000      10000         12
   0       68     1983     8823      9475062910      9475071733        14891398       6828       2000      10000         10
   0       68     1985     9019      9475072712      9475081731        14901199       7025       2000      10000          8
   0       68     1983     9079      9475082653      9475091732        14911141       7085       2000      10000          9
   0       68     1984     9028      9475092705      9475101732        14921193       7033       2000      10000         10
   0       68     1984     8774      9475102956      9475111730        14931444       6781       2000      10000          8
   0       68     1984     9132      9475112599      9475121731        14941087       7138       2000      10000          9
   0       68     1983     9021      9475122711      9475131732        14951199       7027       2000      10000          9
   0       68     1985     8800      9475132932      9475141732        14961420       6804       2000      10000         10
   0       68     1985     9021      9475142710      9475151731        14971198       7027       2000      10000          9
   0       68     1983     8889      9475152844      9475161733        14981331       6894       2000      10000         10
   0       68     1984     8829      9475162903      9475171733        14991391       6834       2000      10000         10
   0       68     1985     8996      9475172734      9475181730        15001222       7003       2000      10000          8
   0       68     1984     9133      9475182599      9475191732        15011087       7138       2000      10000          9
   0       68     1983     8801      9475192932      9475201732        15021420       6806       2000      10000         10
   0       68     1985     8968      9475202768      9475211736        15031256       6969       2000      10000         14
   0       68     1984     8797      9475212935      9475221732        15041423       6802       2000      10000          9
   0       68     1983     9002      9475222732      9475231734        15051220       7006       2000      10000         12
   0       68     1984     8931      9475232801      9475241732        15061289       6936       2000      10000         10
   0       68     1984     9030      9475242700      9475251731        15071188       7037       2000      10000          8
   0       68     1984     8904      9475252828      9475261731        15081315       6910       2000      10000          9
   0       68     1983     8832      9475262899      9475271731        15091386       6839       2000      10000          9
   0       68     1984     9043      9475272689      9475281732        15101176       7049       2000      10000          9
   0       68     1984     9028      9475282704      9475291732        15111192       7033       2000      10000         10
   0       68     1983     7193      9475294539      9475301732        15123027       5199       2000      10000          9
   0       68     1983     8961      9475302770      9475311731        15131258       6969       2000      10000          8
   0       68     1985     9123      9475312608      9475321731        15141096       7129       2000      10000          8
   0       68     1983     9028      9475322705      9475331732        15151192       7034       2000      10000         10
   0       68     1985     8946      9475332787      9475341733        15161275       6950       2000      10000         10
   0       68     1984     8984      9475342751      9475351734        15171239       6987       2000      10000         12
   0       68     1983     8903      9475352842      9475361745        15181330       6896       2000      10000         22
   0       68     1983     8823      9475362909      9475371732        15191397       6828       2000      10000         10
   0       68     1984     8901      9475372832      9475381733        15201320       6905       2000      10000         11
   0       68     1984     8988      9475382745      9475391733        15211233       6992       2000      10000         11
   0       68     1983     8784      9475392948      9475401732        15221436       6789       2000      10000         10
   0       68     1985     8966      9475402765      9475411732        15231253       6971       2000      10000          9
   0       68     1984     9124      9475412607      9475421731        15241095       7129       2000      10000          9
   0       68     1983     8994      9475422740      9475431734        15251227       6998       2000      10000         12
   0       68     1985     8930      9475432801      9475441731        15261289       6935       2000      10000          9
   0       68     1984     9138      9475442593      9475451731        15271081       7144       2000      10000          8
   0       68     1984     8924      9475452809      9475461734        15281297       6928       2000      10000         11
   0       68     1983     8788      9475462944      9475471731        15291431       6794       2000      10000          9
   0       68     1985     9039      9475472693      9475481731        15301180       7044       2000      10000          9
   0       68     1984     9010      9475482723      9475491733        15311211       7014       2000      10000         11
   0       68     1983     8800      9475492931      9475501731        15321419       6807       2000      10000          9
   0       68     1985     9007      9475502728      9475511734        15331215       7009       2000      10000         12
   0       68     1984     8993      9475512746      9475521738        15341233       6992       2000      10000         16
   0       68     1983     9014      9475522718      9475531732        15351206       7020       2000      10000         10
   0       68     1983     8894      9475532837      9475541731        15361324       6901       2000      10000          8
   0       68     1984     9025      9475542707      9475551732        15371195       7031       2000      10000          9
   0       68     1983     8934      9475552798      9475561732        15381286       6939       2000      10000         10
   0       68     1983     8879      9475562853      9475571732        15391341       6885       2000      10000          9
   0       68     1983     9042      9475572691      9475581733        15401179       7047       2000      10000         10
   0       68     1984     9003      9475582731      9475591733        15411219       7006       2000      10000         11
   0       68     1983     8780      9475592952      9475601732        15421440       6785       2000      10000          9
   0       68     1984     8978      9475602753      9475611731        15431241       6984       2000      10000          8
   0       68     1985     9112      9475612619      9475621731        15441107       7118       2000      10000          9
   0       68     1983     9008      9475622724      9475631732        15451211       7014       2000      10000          9
   0       68     1985     8981      9475632751      9475641733        15461239       6985       2000      10000         10
   0       68     1984     9017      9475642715      9475651731        15471202       7023       2000      10000          9
   0       68     1984     8934      9475652799      9475661734        15481287       6938       2000      10000         11
   0       68     1983     8837      9475662895      9475671732        15491383       6842       2000      10000         10
   0       68     1985     9017      9475672716      9475681733        15501204       7021       2000      10000         10
   0       68     1984     8935      9475682798      9475691733        15511286       6939       2000      10000         10
   0       68     1983     8815      9475692917      9475701732        15521405       6821       2000      10000          9
   0       68     1985     8992      9475702739      9475711731        15531226       6998       2000      10000          8
   0       68     1985     9111      9475712621      9475721732        15541108       7115       2000      10000          9
   0       68     1983     8992      9475722741      9475731733        15551229       6997       2000      10000         11
   0       68     1985     8929      9475732802      9475741731        15561290       6935       2000      10000          9
   0       68     1984     9130      9475742601      9475751732        15571089       7136       2000      10000          9
   0       68     1984     8933      9475752800      9475761733        15581288       6938       2000      10000         10
   0       68     1983     8906      9475762826      9475771732        15591313       6913       2000      10000          9
   0       68     1985     8952      9475772778      9475781731        15601266       6958       2000      10000          8
   0       68     1984     9134      9475782599      9475791733        15611087       7138       2000      10000         10
   0       68     1984     8786      9475792946      9475801731        15621434       6791       2000      10000          9
   0       68     1984     9009      9475802723      9475811732        15631211       7014       2000      10000         10
   0       68     1984     8986      9475812746      9475821731        15641233       6991       2000      10000          9
   0       68     1984     9031      9475822709      9475831740        15651197       7029       2000      10000         17
   0       68     1984     8949      9475832783      9475841732        15661271       6953       2000      10000          9
   0       68     1985     9071      9475842663      9475851734        15671150       7073       2000      10000         11
   0       68     1983     8692      9475853043      9475861735        15681531       6694       2000      10000         13
   0       68     1983     8863      9475862870      9475871732        15691358       6868       2000      10000         10
   0       68     1983     9003      9475872729      9475881731        15701217       7009       2000      10000          9
   0       68     1984     9032      9475882701      9475891734        15711189       7036       2000      10000         11
   0       68     1983     8797      9475892935      9475901732        15721423       6802       2000      10000         10
   0       68     1985     8977      9475902754      9475911731        15731242       6982       2000      10000          9
   0       68     1984     9106      9475912626      9475921731        15741113       7112       2000      10000          9
   0       68     1983     9013      9475922719      9475931732        15751206       7019       2000      10000          9
   0       68     1983     8871      9475932861      9475941732        15761348       6878       2000      10000          9
   0       68     1983     9030      9475942705      9475951735        15771192       7033       2000      10000         12
   0       68     1984     8710      9475953023      9475961733        15781511       6714       2000      10000         11
   0       68     1983     7347      9475964388      9475971736        15792876       5349       2000      10000         13
   0       68     1985     7936      9475973796      9475981732        15802284       5939       2000      10000         10
   0       68     1984     8941      9475982792      9475991732        15811279       6946       2000      10000         10
   0       68     1983     6987      9475994746      9476001733        15823234       4992       2000      10000         11
   0       68     1983     8878      9476002854      9476011732        15831342       6883       2000      10000         10
   0       68     1983     8832      9476012900      9476021732        15841388       6837       2000      10000         10
   0       68     1983     8310      9476023423      9476031733        15851911       6315       2000      10000         10
   0       68     1984     8655      9476033076      9476041732        15861564       6661       2000      10000          9
   0       68     1983     8755      9476042981      9476051736        15871468       6756       2000      10000         13
   0       68     1983     8786      9476052947      9476061733        15881435       6791       2000      10000         10
   0       68     1983     8794      9476062938      9476071732        15891425       6800       2000      10000          9
   0       68     1983     8997      9476072734      9476081731        15901222       7004       2000      10000          9
   0       68     1983     9123      9476082610      9476091732        15911097       7129       2000      10000         10
   0       68     1983     8988      9476092745      9476101733        15921233       6993       2000      10000         11
   0       68     1984     8849      9476102882      9476111732        15931370       6855       2000      10000          9
   0       68     1983     8993      9476112739      9476121731        15941226       7000       2000      10000          9
   0       68     1983     8992      9476122741      9476131733        15951228       6997       2000      10000         11
   0       68     1984     8516      9476133216      9476141731        15961703       6522       2000      10000          9
   0       68     1984     8988      9476142744      9476151732        15971232       6994       2000      10000          9
   0       68     1983     8924      9476152809      9476161733        15981297       6929       2000      10000         11
   0       68     1983     8203      9476163530      9476171734        15992018       6207       2000      10000         11
   0       68     1983     8915      9476172816      9476181732        16001304       6921       2000      10000          9
   0       68     1983     9033      9476182699      9476191732        16011187       7039       2000      10000          9
   0       68     1983     8834      9476192897      9476201731        16021385       6840       2000      10000          9
   0       68     1983     8904      9476202828      9476211732        16031316       6910       2000      10000         10
   0       68     1984     8988      9476212744      9476221731        16041231       6994       2000      10000          9
   0       68     1983     8958      9476222774      9476231733        16051262       6964       2000      10000         10
   0       68     1983     8968      9476232764      9476241732        16061252       6974       2000      10000          9
   0       68     1984     9005      9476242728      9476251733        16071216       7010       2000      10000         11
   0       68     1983     8871      9476252862      9476261733        16081350       6876       2000      10000         11
   0       68     1984     8827      9476262905      9476271732        16091392       6832       2000      10000          9
   0       68     1984     9026      9476272705      9476281730        16101193       7032       2000      10000          8
   0       68     1984     9122      9476282613      9476291734        16111101       7124       2000      10000         12
   0       68     1983     8773      9476292959      9476301732        16121447       6779       2000      10000         10
   0       68     1984     9009      9476302722      9476311731        16131210       7014       2000      10000          8
   0       68     1984     9117      9476312615      9476321732        16141103       7123       2000      10000          9
   0       68     1984     8885      9476322849      9476331734        16151337       6889       2000      10000         12
   0       68     1984     8900      9476332831      9476341731        16161319       6906       2000      10000          9
   0       68     1984     8976      9476342756      9476351732        16171244       6982       2000      10000          9
   0       68     1984     8876      9476352857      9476361733        16181344       6880       2000      10000         11
   0       68     1984     8886      9476362846      9476371732        16191334       6890       2000      10000         10
   0       68     1984     9040      9476372691      9476381731        16201179       7046       2000      10000          8
   0       68     1984     9158      9476382573      9476391731        16211061       7164       2000      10000          9
   0       68     1983     8964      9476392768      9476401731        16221255       6970       2000      10000          9
   0       68     1983     8825      9476402907      9476411732        16231395       6831       2000      10000         10
   0       68     1984     8886      9476412846      9476421732        16241334       6892       2000      10000          9
   0       68     1983     9013      9476422721      9476431734        16251209       7016       2000      10000         11
   0       68     1984     8978      9476432753      9476441731        16261241       6984       2000      10000          8
   0       68     1985     9165      9476442568      9476451733        16271056       7168       2000      10000         10
   0       68     1983     8923      9476452810      9476461733        16281298       6928       2000      10000         10
   0       68     1984     8742      9476462991      9476471733        16291478       6747       2000      10000         10
   0       68     1985     8938      9476472794      9476481732        16301282       6942       2000      10000         10
   0       68     1984     9034      9476482699      9476491733        16311187       7038       2000      10000         10
   0       68     1984     6170      9476495561      9476501731        16324049       4176       2000      10000          9
   0       68     1984     8952      9476502779      9476511731        16331267       6958       2000      10000          9
   0       68     1984     9117      9476512614      9476521731        16341102       7123       2000      10000          9
   0       68     1984     9017      9476522716      9476531733        16351203       7022       2000      10000         10
   0       68     1983     8848      9476532885      9476541732        16361372       6853       2000      10000         10
   0       68     1985     9033      9476542699      9476551732        16371187       7038       2000      10000          9
   0       68     1983     8915      9476552820      9476561735        16381308       6917       2000      10000         13
   0       68     1984     8869      9476562863      9476571731        16391350       6875       2000      10000          9
   0       68     1984     8968      9476572764      9476581732        16401252       6973       2000      10000          9
   0       68     1985     9129      9476582603      9476591732        16411091       7134       2000      10000          9
   0       68     1983     8732      9476593000      9476601733        16421488       6738       2000      10000         10
   0       68     1984     9021      9476602711      9476611732        16431199       7027       2000      10000         10
   0       68     1984     9121      9476612612      9476621733        16441100       7126       2000      10000         10
   0       68     1983     8620      9476623113      9476631733        16451600       6625       2000      10000         11
   0       68     1985     8987      9476632745      9476641732        16461233       6991       2000      10000         10
   0       68     1984     8937      9476642794      9476651732        16471282       6942       2000      10000          9
   0       68     1983     8921      9476652811      9476661732        16481299       6927       2000      10000          9
   0       68     1984     8797      9476662934      9476671732        16491422       6802       2000      10000          9
   0       68     1985     9005      9476672726      9476681731        16501214       7011       2000      10000          9
   0       68     1983     9060      9476682671      9476691732        16511159       7066       2000      10000          9
   0       68     1983     8934      9476692798      9476701732        16521286       6939       2000      10000         10
   0       68     1984     8979      9476702753      9476711732        16531240       6985       2000      10000          9
   0       68     1984     9013      9476712719      9476721732        16541207       7018       2000      10000          9
   0       68     1983     9024      9476722708      9476731733        16551196       7030       2000      10000         10
   0       68     1984     8922      9476732809      9476741731        16561297       6928       2000      10000          8
   0       68     1984     9139      9476742596      9476751735        16571083       7142       2000      10000         13
   0       68     1983     8889      9476752845      9476761735        16581333       6892       2000      10000         12
   0       68     1984     8662      9476763071      9476771733        16591559       6667       2000      10000         10
   0       68     1984     9002      9476772728      9476781731        16601216       7009       2000      10000          8
   0       68     1984     9167      9476782567      9476791734        16611054       7171       2000      10000         11
   0       68     1984     6240      9476795493      9476801733        16623980       4244       2000      10000         10
   0       68     1984     8996      9476802735      9476811731        16631223       7001       2000      10000          9
   0       68     1984     9140      9476812591      9476821731        16641078       7147       2000      10000          8
   0       68     1983     9032      9476822700      9476831732        16651188       7037       2000      10000         10
   0       68     1983     8917      9476832816      9476841733        16661304       6922       2000      10000         10
   0       68     1984     9023      9476842709      9476851732        16671197       7028       2000      10000          9
   0       68     1983     8872      9476852860      9476861732        16681348       6878       2000      10000          9
   0       68     1984     8880      9476862852      9476871732        16691340       6885       2000      10000         10
   0       68     1984     8951      9476872780      9476881731        16701268       6958       2000      10000          9
   0       68     1984     9083      9476882650      9476891734        16711138       7087       2000      10000         11
   0       68     1983     8659      9476893074      9476901733        16721562       6664       2000      10000         11
   0       68     1984     9003      9476902729      9476911732        16731217       7008       2000      10000          9
   0       68     1984     9098      9476912634      9476921732        16741122       7103       2000      10000          9
   0       68     1983     8970      9476922762      9476931732        16751250       6976       2000      10000         10
   0       68     1985     8972      9476932761      9476941733        16761248       6976       2000      10000         11
   0       68     1984     8965      9476942768      9476951733        16771256       6969       2000      10000         10
   0       68     1984     8854      9476952879      9476961733        16781367       6859       2000      10000         10
   0       68     1983     8900      9476962832      9476971732        16791319       6906       2000      10000          9
   0       68     1984     8976      9476972755      9476981731        16801243       6981       2000      10000          9
   0       68     1984     8934      9476982798      9476991732        16811286       6939       2000      10000         10
   0       68     1983     8774      9476992958      9477001732        16821445       6780       2000      10000         10
   0       68     1983     8944      9477002788      9477011733        16831276       6950       2000      10000         10
   0       68     1984     8988      9477012744      9477021733        16841232       6993       2000      10000         10
   0       68     1983     8799      9477022934      9477031733        16851422       6804       2000      10000         11
   0       68     1983     8811      9477032922      9477041733        16861410       6816       2000      10000         10
   0       68     1984     8953      9477042780      9477051732        16871267       6957       2000      10000         10
   0       68     1983     8933      9477052798      9477061731        16881286       6940       2000      10000          8
   0       68     1983     8198      9477063533      9477071732        16892021       6204       2000      10000         10
   0       68     1983     7624      9477074107      9477081731        16902595       5630       2000      10000          8
   0       68     1983     8927      9477082806      9477091734        16911294       6931       2000      10000         11
   0       68     1983     7211      9477094521      9477101731        16923008       5217       2000      10000          9
   0       68     1983     8774      9477102957      9477111731        16931445       6780       2000      10000          9
   0       68     1983     8923      9477112808      9477121732        16941296       6929       2000      10000          9
   0       68     1983     9002      9477122736      9477131738        16951224       7001       2000      10000         16
   0       68     1983     8729      9477133004      9477141732        16961491       6734       2000      10000         10
   0       68     1983     8806      9477142927      9477151733        16971415       6811       2000      10000         10
   0       68     1984     8750      9477152983      9477161733        16981471       6754       2000      10000         11
   0       68     1983     8891      9477162840      9477171731        16991328       6898       2000      10000          9
   0       68     1984     9011      9477172720      9477181731        17001208       7017       2000      10000          9
   0       68     1984     9130      9477182603      9477191733        17011091       7134       2000      10000         11
   0       68     1983     8796      9477192936      9477201732        17021424       6802       2000      10000         10
   0       68     1984     8997      9477202733      9477211731        17031221       7004       2000      10000          8
   0       68     1985     9102      9477212629      9477221731        17041117       7108       2000      10000          8
   0       68     1983     8958      9477222776      9477231734        17051263       6962       2000      10000         11
   0       68     1985     8967      9477232767      9477241734        17061255       6970       2000      10000         12
   0       68     1984     9145      9477242587      9477251732        17071075       7151       2000      10000          9
   0       68     1983     8887      9477252848      9477261735        17081336       6889       2000      10000         13
   0       68     1983     8875      9477262857      9477271733        17091345       6880       2000      10000         10
   0       68     1985     8985      9477272747      9477281733        17101235       6989       2000      10000         10
   0       68     1984     8968      9477282766      9477291734        17111253       6971       2000      10000         11
   0       68     1983     8463      9477293270      9477301732        17121758       6468       2000      10000         10
   0       68     1983     8867      9477302865      9477311733        17131353       6872       2000      10000         10
   0       68     1985     9027      9477312705      9477321732        17141192       7031       2000      10000          9
   0       68     2014     8922      9477322810      9477331732        17151298       6897       2000      10000         10
   0       68     1984     8952      9477332778      9477341730        17161266       6959       2000      10000          8
   0       68     1983     9162      9477342570      9477351732        17171058       7168       2000      10000          9
   0       68     1983     8872      9477352860      9477361732        17181347       6878       2000      10000          9
   0       68     1983     8807      9477362926      9477371733        17191413       6812       2000      10000         10
   0       68     1985     8954      9477372777      9477381731        17201265       6959       2000      10000          9
   0       68     1984     9125      9477382608      9477391733        17211096       7130       2000      10000         10
   0       68     1984     8768      9477392965      9477401732        17221452       6773       2000      10000         10
   0       68     1984     9023      9477402709      9477411732        17231197       7029       2000      10000          9
   0       68     1984     9007      9477412725      9477421732        17241212       7013       2000      10000          9
   0       68     1983     8883      9477422852      9477431735        17251340       6886       2000      10000         12
   0       68     1984     8858      9477432874      9477441732        17261361       6863       2000      10000          9
   0       68     1984     9084      9477442652      9477451736        17271140       7085       2000      10000         14
   0       68     1983     8785      9477452949      9477461734        17281437       6788       2000      10000         12
   0       68     1983     8814      9477462919      9477471733        17291406       6818       2000      10000         10
   0       68     1985     8998      9477472733      9477481732        17301221       7003       2000      10000          9
   0       68     1984     8992      9477482741      9477491733        17311228       6997       2000      10000         11
   0       68     1983     8779      9477492953      9477501732        17321441       6784       2000      10000         10
   0       68     1985     9005      9477502726      9477511731        17331214       7011       2000      10000          9
   0       68     1985     9153      9477512579      9477521731        17341066       7158       2000      10000          9
   0       68     1983     9009      9477522724      9477531733        17351211       7014       2000      10000         10
   0       68     1985     8929      9477532802      9477541731        17361290       6935       2000      10000          9
   0       68     1984     9117      9477542614      9477551731        17371102       7123       2000      10000          9
   0       68     1984     8937      9477552797      9477561734        17381285       6940       2000      10000         11
   0       68     1983     8892      9477562840      9477571733        17391328       6897       2000      10000         10
   0       68     1985     8989      9477572744      9477581733        17401232       6993       2000      10000         10
   0       68     1985     8994      9477582738      9477591732        17411226       6999       2000      10000         10
   0       68     1984     8808      9477592924      9477601732        17421411       6814       2000      10000         10
   0       68     1984     8825      9477602906      9477611731        17431394       6831       2000      10000          8
   0       68     1984     8895      9477612836      9477621731        17441323       6902       2000      10000          8
   0       68     1983     8955      9477622777      9477631732        17451265       6960       2000      10000         10
   0       68     1984     8919      9477632811      9477641730        17461299       6926       2000      10000          8
   0       68     1983     9122      9477642612      9477651734        17471100       7126       2000      10000         12
   0       68     1983     8892      9477652841      9477661733        17481329       6897       2000      10000         11
   0       68     1983     8308      9477663423      9477671731        17491911       6315       2000      10000          9
   0       68     1984     8993      9477672737      9477681731        17501225       7000       2000      10000          8
   0       68     1984     9126      9477682606      9477691732        17511094       7131       2000      10000         10
   0       68     1984     8632      9477693100      9477701732        17521588       6637       2000      10000          9
   0       68     1984     8968      9477702764      9477711732        17531251       6974       2000      10000          9
   0       68     1984     8997      9477712735      9477721732        17541223       7002       2000      10000          9
   0       68     1984     8983      9477722752      9477731735        17551239       6986       2000      10000         12
   0       68     1985     8931      9477732799      9477741730        17561287       6937       2000      10000          8
   0       68     1984     9049      9477742688      9477751737        17571176       7050       2000      10000         15
   0       68     1984     8907      9477752827      9477761734        17581314       6910       2000      10000         11
   0       68     1983     8876      9477762855      9477771732        17591343       6882       2000      10000          9
   0       68     1985     8988      9477772743      9477781731        17601231       6993       2000      10000          8
   0       68     1984     9171      9477782562      9477791733        17611050       7175       2000      10000         10
   0       68     1983     8888      9477792844      9477801733        17621332       6894       2000      10000         10
   0       68     1984     8957      9477802773      9477811731        17631261       6963       2000      10000          8
   0       68     1983     9154      9477812578      9477821732        17641066       7160       2000      10000         10
   0       68     1983     8979      9477822753      9477831732        17651241       6985       2000      10000         10
   0       68     1985     8984      9477832747      9477841731        17661234       6990       2000      10000          9
   0       68     1984     9104      9477842630      9477851734        17671118       7108       2000      10000         12
   0       68     1984     8807      9477852925      9477861732        17681413       6813       2000      10000         10
   0       68     1983     8796      9477862937      9477871732        17691424       6801       2000      10000         10
   0       68     1985     9013      9477872721      9477881734        17701209       7016       2000      10000         11
   0       68     1984     9018      9477882714      9477891732        17711202       7024       2000      10000         10
   0       68     1984     7234      9477894500      9477901734        17722988       5236       2000      10000         12
   0       68     1984     9011      9477902720      9477911732        17731208       7017       2000      10000          9
   0       68     1985     9103      9477912629      9477921732        17741117       7108       2000      10000          9
   0       68     1983     8999      9477922732      9477931732        17751220       7005       2000      10000          9
   0       68     1983     8794      9477932937      9477941732        17761425       6800       2000      10000          9
   0       68     1983     8976      9477942760      9477951735        17771248       6978       2000      10000         13
   0       68     1983     8920      9477952814      9477961733        17781301       6924       2000      10000         11
   0       68     1983     8743      9477962989      9477971732        17791477       6749       2000      10000         10
   0       68     1985     9003      9477972728      9477981730        17801216       7009       2000      10000          8
   0       68     1984     9161      9477982572      9477991733        17811060       7165       2000      10000         10
   0       68     1983     8734      9477992998      9478001732        17821486       6739       2000      10000         10
   0       68     1983     8693      9478003039      9478011732        17831527       6699       2000      10000          9
   0       68     1984     8841      9478012890      9478021731        17841378       6847       2000      10000          9
   0       68     1984     9028      9478022708      9478031736        17851195       7030       2000      10000         14
   0       68     1985     8942      9478032789      9478041731        17861276       6948       2000      10000          8
   0       68     1985     9177      9478042555      9478051732        17871043       7181       2000      10000         10
   0       68     1983     8894      9478052839      9478061732        17881326       6899       2000      10000         10
   0       68     1984     8795      9478062937      9478071731        17891424       6800       2000      10000          9
   0       68     1984     9031      9478072700      9478081731        17901188       7037       2000      10000          9
   0       68     1984     9140      9478082595      9478091735        17911082       7142       2000      10000         13
   0       68     1983     7008      9478094725      9478101732        17923212       5013       2000      10000         10
   0       68     1983     8970      9478102761      9478111731        17931249       6977       2000      10000          9
   0       68     1984     9076      9478112657      9478121732        17941144       7081       2000      10000         10
   0       68     1984     8962      9478122771      9478131733        17951258       6967       2000      10000         10
   0       68     1983     8822      9478132910      9478141732        17961398       6827       2000      10000          9
   0       68     1985     8991      9478142741      9478151732        17971229       6996       2000      10000          9
   0       68     1983     8924      9478152809      9478161733        17981297       6928       2000      10000         10
   0       68     1984     8881      9478162851      9478171731        17991339       6887       2000      10000          9
   0       68     1984     8941      9478172790      9478181732        18001278       6947       2000      10000          9
   0       68     1984     9013      9478182720      9478191733        18011207       7018       2000      10000         10
   0       68     1984     8775      9478192957      9478201732        18021445       6780       2000      10000         10
   0       68     1984     9012      9478202719      9478211731        18031207       7018       2000      10000          9
   0       68     1985     9178      9478212557      9478221734        18041045       7180       2000      10000         12
   0       68     1984     8966      9478222767      9478231733        18051255       6971       2000      10000         11
   0       68     1984     8945      9478232791      9478241736        18061279       6946       2000      10000         13
   0       68     1984     8956      9478242776      9478251732        18071264       6960       2000      10000         10
   0       68     1983     8766      9478252967      9478261734        18081455       6770       2000      10000         11
   0       68     1983     8675      9478263057      9478271731        18091545       6681       2000      10000          9
   0       68     1985     9023      9478272708      9478281731        18101196       7029       2000      10000          8
   0       68     1984     9180      9478282552      9478291732        18111040       7185       2000      10000         10
   0       68     1983     8800      9478292933      9478301732        18121421       6805       2000      10000         10
   0       68     1984     8980      9478302752      9478311732        18131240       6985       2000      10000         10
   0       68     1984     9032      9478312699      9478321731        18141187       7038       2000      10000          9
   0       68     1984     9024      9478322710      9478331734        18151198       7027       2000      10000         12
   0       68     1984     8883      9478332848      9478341731        18161335       6889       2000      10000          8
   0       68     1984     9189      9478342543      9478351732        18171031       7194       2000      10000          9
   0       68     1983     8927      9478352806      9478361733        18181294       6931       2000      10000         10
   0       68     1984     8852      9478362881      9478371733        18191368       6856       2000      10000         10
   0       68     1984     9020      9478372710      9478381730        18201198       7028       2000      10000          8
   0       68     1985     9178      9478382558      9478391736        18211046       7178       2000      10000         13
   0       68     1983     7956      9478393780      9478401736        18222267       5958       2000      10000         13
   0       68     1985     9006      9478402730      9478411736        18231218       7007       2000      10000         13
   0       68     1983     8937      9478412795      9478421731        18241282       6942       2000      10000          9
   0       68     1983     9008      9478422724      9478431732        18251212       7014       2000      10000          9
   0       68     1984     8996      9478432734      9478441730        18261222       7003       2000      10000          8
   0       68     1984     9156      9478442575      9478451731        18271063       7162       2000      10000          9
   0       68     1983     8537      9478453196      9478461734        18281684       6542       2000      10000         11
   0       68     1984     8734      9478462998      9478471732        18291485       6739       2000      10000         10
   0       68     1985     9044      9478472688      9478481732        18301176       7049       2000      10000         10
   0       68     1984     8927      9478482806      9478491733        18311294       6931       2000      10000         10
   0       68     1983     8769      9478492963      9478501731        18321450       6775       2000      10000          9
   0       68     1984     8977      9478502753      9478511731        18331241       6984       2000      10000          8
   0       68     1984     9174      9478512557      9478521731        18341045       7180       2000      10000          9
   0       68     1983     9021      9478522712      9478531732        18351199       7027       2000      10000         10
   0       68     1984     8949      9478532783      9478541732        18361271       6954       2000      10000          9
   0       68     1985     8990      9478542744      9478551734        18371232       6993       2000      10000         11
   0       68     1983     8867      9478552865      9478561733        18381353       6872       2000      10000         10
   0       68     1984     8871      9478562861      9478571732        18391349       6876       2000      10000          9
   0       68     1985     8973      9478572758      9478581730        18401245       6979       2000      10000          8
   0       68     1984     9146      9478582588      9478591734        18411075       7150       2000      10000         11
   0       68     1983     8773      9478592959      9478601732        18421446       6779       2000      10000          9
   0       68     1984     8887      9478602844      9478611731        18431332       6894       2000      10000          9
   0       68     1985     9014      9478612718      9478621732        18441205       7020       2000      10000          9
   0       68     1983     8981      9478622751      9478631733        18451239       6986       2000      10000         11
   0       68     1984     8939      9478632792      9478641731        18461279       6945       2000      10000          8
   0       68     1985     9174      9478642559      9478651733        18471047       7177       2000      10000         10
   0       68     1983     8875      9478652856      9478661732        18481344       6882       2000      10000          9
   0       68     1983     8984      9478662748      9478671732        18491236       6991       2000      10000          9
   0       68     1983     8989      9478672746      9478681735        18501234       6992       2000      10000         12
   0       68     1983     8285      9478683447      9478691732        18511934       6291       2000      10000          9
   0       68     1983     8889      9478692843      9478701732        18521331       6895       2000      10000          9
   0       68     1985     8991      9478702743      9478711734        18531230       6994       2000      10000         11
   0       68     1984     8984      9478712748      9478721732        18541236       6988       2000      10000         10
   0       68     1983     9001      9478722731      9478731732        18551218       7007       2000      10000          9
   0       68     1984     8928      9478732803      9478741731        18561291       6934       2000      10000          8
   0       68     1984     9205      9478742527      9478751733        18571015       7210       2000      10000         10
   0       68     1983     8922      9478752811      9478761733        18581299       6926       2000      10000         11
   0       68     1983     8184      9478763548      9478771732        18592036       6190       2000      10000          9
   0       68     1983     8979      9478772752      9478781732        18601240       6986       2000      10000          9
   0       68     1984     8979      9478782754      9478791733        18611242       6983       2000      10000         11
   0       68     1983     8769      9478792963      9478801732        18621451       6774       2000      10000         10
   0       68     1985     8954      9478802777      9478811731        18631265       6960       2000      10000          9
   0       68     1984     9067      9478812665      9478821731        18641153       7073       2000      10000          9
   0       68     1983     8923      9478822808      9478831731        18651296       6929       2000      10000          9
   0       68     1985     8988      9478832744      9478841732        18661232       6993       2000      10000          9
   0       68     1984     9027      9478842705      9478851732        18671193       7032       2000      10000          9
   0       68     1983     8909      9478852826      9478861735        18681314       6911       2000      10000         12
   0       68     1983     8704      9478863028      9478871732        18691516       6710       2000      10000          9
   0       68     1984     9021      9478872710      9478881731        18701198       7027       2000      10000          9
   0       68     1984     9112      9478882621      9478891733        18711109       7117       2000      10000         10
   0       68     1983     8663      9478893070      9478901733        18721558       6667       2000      10000         11
   0       68     1983     8971      9478902761      9478911732        18731248       6977       2000      10000          9
   0       68     1984     9029      9478912703      9478921732        18741191       7034       2000      10000          9
   0       68     1983     8859      9478922875      9478931734        18751363       6862       2000      10000         12
   0       68     1984     8948      9478932783      9478941731        18761271       6954       2000      10000          8
   0       68     1985     9126      9478942606      9478951732        18771093       7132       2000      10000          9
   0       68     1983     8892      9478952839      9478961732        18781327       6898       2000      10000          9
   0       68     1983     8860      9478962872      9478971732        18791359       6866       2000      10000         10
   0       68     1983     8862      9478972869      9478981730        18801356       6869       2000      10000          8
   0       68     1984     9127      9478982606      9478991733        18811094       7131       2000      10000         11
   0       68     1983     8757      9478992976      9479001733        18821464       6761       2000      10000         10
   0       68     1984     9000      9479002735      9479011734        18831222       7003       2000      10000         12
   0       68     1985     8991      9479012741      9479021732        18841229       6996       2000      10000          9
   0       68     1983     8992      9479022740      9479031732        18851227       6999       2000      10000          9
   0       68     1984     8983      9479032748      9479041731        18861236       6989       2000      10000          8
   0       68     1985     9132      9479042605      9479051736        18871092       7132       2000      10000         14
   0       68     1984     8677      9479053056      9479061733        18881544       6682       2000      10000         10
   0       68     1983     8802      9479062929      9479071731        18891417       6807       2000      10000          9
   0       68     1984     8932      9479072800      9479081732        18901288       6937       2000      10000         10
   0       68     1984     9016      9479082717      9479091732        18911204       7020       2000      10000         10
   0       68     1984     8769      9479092963      9479101732        18921451       6774       2000      10000         10
   0       68     1984     8989      9479102741      9479111731        18931229       6996       2000      10000          8
   0       68     1984     9175      9479112557      9479121732        18941045       7180       2000      10000         10
   0       68     1983     9015      9479122718      9479131733        18951206       7020       2000      10000         10
   0       68     1985     8931      9479132800      9479141732        18961288       6936       2000      10000          9
   0       68     1984     8985      9479142747      9479151732        18971235       6990       2000      10000         10
   0       68     1984     8919      9479152813      9479161733        18981301       6923       2000      10000         10
   0       68     1984     8803      9479162928      9479171731        18991416       6809       2000      10000          9
   0       68     1985     8972      9479172761      9479181734        19001249       6975       2000      10000         11
   0       68     1984     8998      9479182735      9479191733        19011223       7002       2000      10000         10
   0       68     1983     8794      9479192941      9479201735        19021429       6797       2000      10000         13
   0       68     1984     8965      9479202767      9479211732        19031254       6971       2000      10000          9
   0       68     1985     8956      9479212775      9479221731        19041262       6961       2000      10000          9
   0       68     1983     8949      9479222783      9479231732        19051271       6955       2000      10000         10
   0       68     1985     8904      9479232827      9479241731        19061315       6908       2000      10000          9
   0       68     1984     9110      9479242621      9479251732        19071109       7116       2000      10000          9
   0       68     1984     8934      9479252798      9479261733        19081286       6939       2000      10000         10
   0       68     1984     8919      9479262813      9479271732        19091300       6924       2000      10000          9
   0       68     1985     8997      9479272734      9479281731        19101222       7002       2000      10000          9
   0       68     1984     9127      9479282606      9479291733        19111094       7131       2000      10000         10
   0       68     1984     8636      9479293096      9479301732        19121583       6642       2000      10000          9
   0       68     1984     8982      9479302749      9479311732        19131237       6989       2000      10000          9
   0       68     1985     9106      9479312625      9479321731        19141113       7112       2000      10000          9
   0       68     1983     8987      9479322744      9479331731        19151232       6994       2000      10000          9
   0       68     1984     8714      9479333017      9479341731        19161505       6720       2000      10000          9
   0       68     1984     9064      9479342669      9479351733        19171157       7068       2000      10000         11
   0       68     1984     8886      9479352847      9479361733        19181335       6890       2000      10000         10
   0       68     1984     8877      9479362856      9479371733        19191344       6881       2000      10000         11
   0       68     1983     8931      9479372801      9479381732        19201289       6935       2000      10000          9
   0       68     1983     9027      9479382706      9479391733        19211194       7032       2000      10000         11
   0       68     1983     8773      9479392958      9479401731        19221446       6779       2000      10000          9
   0       68     1984     8956      9479402775      9479411731        19231263       6963       2000      10000          8
   0       68     1984     9133      9479412598      9479421731        19241085       7139       2000      10000          8
   0       68     1984     8989      9479422744      9479431732        19251232       6994       2000      10000         10
   0       68     1984     8957      9479432775      9479441732        19261263       6962       2000      10000         10
   0       68     1984     8991      9479442740      9479451731        19271228       6997       2000      10000          9
   0       68     1984     8939      9479452793      9479461732        19281281       6944       2000      10000         10
   0       68     1983     8862      9479462869      9479471731        19291357       6869       2000      10000          9
   0       68     1985     9001      9479472732      9479481732        19301219       7005       2000      10000         10
   0       68     1984     8975      9479482757      9479491732        19311245       6980       2000      10000         10
   0       68     1984     8802      9479492931      9479501733        19321419       6806       2000      10000         10
   0       68     1984     8914      9479502817      9479511731        19331304       6920       2000      10000          9
   0       68     1985     9112      9479512621      9479521732        19341109       7116       2000      10000         10
   0       68     1983     8840      9479522900      9479531741        19351388       6838       2000      10000         18
   0       68     1984     8821      9479532910      9479541731        19361398       6827       2000      10000          8
   0       68     1984     9202      9479542531      9479551733        19371018       7207       2000      10000         10
   0       68     1984     8887      9479552846      9479561733        19381334       6891       2000      10000         10
   0       68     1984     8618      9479563114      9479571732        19391602       6623       2000      10000         10
   0       68     1984     8991      9479572740      9479581730        19401227       6997       2000      10000          8
   0       68     1984     9042      9479582691      9479591733        19411179       7046       2000      10000         10
   0       68     1984     8765      9479592967      9479601732        19421455       6771       2000      10000         10
   0       68     1985     8970      9479602761      9479611732        19431249       6975       2000      10000          9
   0       68     1985     9046      9479612686      9479621731        19441173       7051       2000      10000          9
   0       68     1983     8919      9479622814      9479631733        19451302       6924       2000      10000         10
   0       68     1984     8852      9479632879      9479641731        19461367       6858       2000      10000          9
   0       68     1984     9037      9479642697      9479651733        19471184       7041       2000      10000         11
   0       68     1984     8900      9479652832      9479661733        19481320       6905       2000      10000         10
   0       68     1984     8905      9479662828      9479671733        19491315       6910       2000      10000         11
   0       68     1985     8999      9479672732      9479681731        19501220       7004       2000      10000          9
   0       68     1984     9012      9479682721      9479691734        19511209       7015       2000      10000         11
   0       68     1983     8701      9479693031      9479701732        19521518       6707       2000      10000          9
   0       68     1984     8977      9479702755      9479711732        19531242       6983       2000      10000          9
   0       68     1983     9064      9479712669      9479721733        19541156       7069       2000      10000         10
   0       68     1983     8990      9479722743      9479731733        19551230       6995       2000      10000         10
   0       68     1983     8951      9479732780      9479741731        19561268       6958       2000      10000          9
   0       68     1984     8998      9479742734      9479751732        19571222       7004       2000      10000          9
   0       68     1983     8920      9479752812      9479761733        19581300       6926       2000      10000         10
   0       68     1983     8896      9479762835      9479771732        19591323       6902       2000      10000          9
   0       68     1984     9024      9479772709      9479781732        19601196       7029       2000      10000         10
   0       68     1984     8901      9479782830      9479791731        19611318       6907       2000      10000          9
   0       68     1983     8775      9479792958      9479801733        19621446       6779       2000      10000         11
   0       68     1984     8996      9479802735      9479811731        19631223       7002       2000      10000          9
   0       68     1985     9097      9479812637      9479821734        19641125       7100       2000      10000         12
   0       68     1984     8985      9479822746      9479831732        19651234       6991       2000      10000          9
   0       68     1985     8966      9479832765      9479841731        19661253       6972       2000      10000          9
   0       68     1984     9093      9479842641      9479851734        19671129       7096       2000      10000         12
   0       68     1984     8831      9479852902      9479861734        19681390       6835       2000      10000         11
   0       68     1983     8797      9479862935      9479871732        19691422       6803       2000      10000          9
   0       68     1984     9030      9479872701      9479881730        19701188       7036       2000      10000          8
   0       68     1983     9054      9479882679      9479891733        19711167       7059       2000      10000         11
   0       68     1983     8782      9479892950      9479901732        19721437       6788       2000      10000         10
   0       68     1985     8918      9479902812      9479911730        19731300       6924       2000      10000          8
   0       68     1985     9171      9479912561      9479921732        19741049       7176       2000      10000          9
   0       68     1983     9004      9479922728      9479931733        19751216       7009       2000      10000         10
   0       68     1984     8851      9479932881      9479941731        19761368       6856       2000      10000          9
   0       68     1985     9045      9479942688      9479951732        19771175       7049       2000      10000         10
   0       68     1983     8900      9479952833      9479961733        19781321       6905       2000      10000         10
   0       68     1984     8745      9479962987      9479971733        19791475       6750       2000      10000         10
   0       68     1984     9017      9479972713      9479981731        19801201       7024       2000      10000          8
   0       68     1984     9015      9479982718      9479991734        19811206       7018       2000      10000         11
   0       68     1983     8815      9479992917      9480001733        19821405       6820       2000      10000         10
   0       68     1984     8732      9480003003      9480011735        19831490       6735       2000      10000         12
   0       68     1983     8793      9480012939      9480021732        19841427       6797       2000      10000         10
   0       68     1983     8937      9480022797      9480031733        19851284       6941       2000      10000         11
   0       68     1983     8948      9480032784      9480041732        19861271       6954       2000      10000          9
   0       68     1984     9015      9480042718      9480051734        19871206       7019       2000      10000         11
   0       68     1983     8861      9480052872      9480061733        19881360       6865       2000      10000         11
   0       68     1983     8814      9480062917      9480071731        19891405       6820       2000      10000          9
   0       68     1984     9027      9480072705      9480081732        19901192       7033       2000      10000          9
   0       68     1984     9034      9480082699      9480091733        19911187       7038       2000      10000         10
   0       68     1984     8687      9480093045      9480101732        19921533       6692       2000      10000          9
   0       68     1984     9022      9480102709      9480111731        19931197       7028       2000      10000          9
   0       68     1985     9126      9480112605      9480121731        19941093       7131       2000      10000          9
   0       68     1983     8978      9480122755      9480131732        19951242       6984       2000      10000         10
   0       68     1985     8951      9480132780      9480141731        19961268       6957       2000      10000          9
   0       68     1984     9010      9480142724      9480151734        19971212       7013       2000      10000         12
   0       68     1983     8887      9480152847      9480161733        19981334       6891       2000      10000         11
   0       68     1983     8810      9480162922      9480171731        19991409       6816       2000      10000          9
