t_recv_ns	batch_idx	n_span	name	timestamp_us	duration_us	id	parent
1788609879609941539	0	1	calibration	1788609879608908	55	b9ad96a0ac7a0b50	bf200b57fef13c71
1788609879629262078	1	1	phase_loop[0]	1788609879626388	2059	df0babedec6fb50c	97f2b599fbe9ffa3
1788609879632232774	2	1	phase_loop[1]	1788609879629499	2010	c70e5b7824a07c6f	97f2b599fbe9ffa3
1788609879641388074	3	1	phase_loop[2]	1788609879632440	8109	4f7da1e66b4f4e49	97f2b599fbe9ffa3
1788609879651220304	4	1	phase_loop[3]	1788609879641584	8959	5246e375be300de5	97f2b599fbe9ffa3
1788609879661332362	5	1	phase_loop[4]	1788609879651404	9141	57b1a9f0faa7f1d1	97f2b599fbe9ffa3
1788609879671342107	6	1	phase_loop[5]	1788609879661530	9016	e91bb4e446b9ad31	97f2b599fbe9ffa3
1788609879681353696	7	1	phase_loop[6]	1788609879671530	9015	f86a857aba953243	97f2b599fbe9ffa3
1788609879691415770	8	1	phase_loop[7]	1788609879681543	9005	ee540ea43d60bbb8	97f2b599fbe9ffa3
1788609879701518040	9	1	phase_loop[8]	1788609879691647	8902	cf5cfb136badca08	97f2b599fbe9ffa3
1788609879711307299	10	1	phase_loop[9]	1788609879701748	8799	757fcf219f772921	97f2b599fbe9ffa3
1788609879721337051	11	1	phase_loop[10]	1788609879711501	9045	13add510ec98f4ce	97f2b599fbe9ffa3
1788609879731568416	12	1	phase_loop[11]	1788609879721524	9024	2a451ca06592527e	97f2b599fbe9ffa3
1788609879741341684	13	1	phase_loop[12]	1788609879731804	8743	6c2f07c933795625	97f2b599fbe9ffa3
1788609879751219459	14	1	phase_loop[13]	1788609879741540	9004	a56c8f6fcec0737d	97f2b599fbe9ffa3
1788609879761364721	15	1	phase_loop[14]	1788609879751406	9139	504e42c040e928d6	97f2b599fbe9ffa3
1788609879771438066	16	1	phase_loop[15]	1788609879761585	8962	9a9328bd0bfd6cf1	97f2b599fbe9ffa3
1788609879781209200	17	1	phase_loop[16]	1788609879771680	8863	5b3ee5787a0ea4bc	97f2b599fbe9ffa3
1788609879791383306	18	1	phase_loop[17]	1788609879781467	9079	4811ff08898198c5	97f2b599fbe9ffa3
1788609879801596175	19	1	phase_loop[18]	1788609879791603	8942	764fa97ef2e3b64a	97f2b599fbe9ffa3
1788609879811306985	20	1	phase_loop[19]	1788609879801839	8707	552863659be3ab41	97f2b599fbe9ffa3
1788609879821187686	21	1	phase_loop[20]	1788609879811496	9048	76684de2ad7a3500	97f2b599fbe9ffa3
1788609879831505815	22	1	phase_loop[21]	1788609879821371	9176	38b63180205a3cf1	97f2b599fbe9ffa3
1788609879841377749	23	1	phase_loop[22]	1788609879831745	8801	86012c61a73516b8	97f2b599fbe9ffa3
1788609879851226891	24	1	phase_loop[23]	1788609879841568	8975	99682a0aa6339ab6	97f2b599fbe9ffa3
1788609879861327147	25	1	phase_loop[24]	1788609879851409	9136	06f5ddaa40df16ae	97f2b599fbe9ffa3
1788609879871363312	26	1	phase_loop[25]	1788609879861531	9018	f010c73f3bcd82c8	97f2b599fbe9ffa3
1788609879881195391	27	1	phase_loop[26]	1788609879871554	8989	639277233f8812f9	97f2b599fbe9ffa3
1788609879891371090	28	1	phase_loop[27]	1788609879881379	9170	e3f544e97cedefce	97f2b599fbe9ffa3
1788609879901450828	29	1	phase_loop[28]	1788609879891587	8962	f7d82cd0cf646b36	97f2b599fbe9ffa3
1788609879911349182	30	1	phase_loop[29]	1788609879901675	8875	7f209c427515ed23	97f2b599fbe9ffa3
1788609879921307099	31	1	phase_loop[30]	1788609879911565	8981	bb90193b4cd15915	97f2b599fbe9ffa3
1788609879932513247	32	1	phase_loop[31]	1788609879921493	9054	8299429711550bac	97f2b599fbe9ffa3
1788609879941493996	33	1	phase_loop[32]	1788609879932753	7855	a289253420eacc38	97f2b599fbe9ffa3
1788609879951412799	34	1	phase_loop[33]	1788609879941700	8846	68b2a882cb138cf3	97f2b599fbe9ffa3
1788609879961302948	35	1	phase_loop[34]	1788609879951654	8891	44e651c7194cddaa	97f2b599fbe9ffa3
1788609879971450183	36	1	phase_loop[35]	1788609879961499	9049	2bd880f03a65168e	97f2b599fbe9ffa3
1788609879981315305	37	1	phase_loop[36]	1788609879971658	8888	f8f42a034f9e5df2	97f2b599fbe9ffa3
1788609879991401675	38	1	phase_loop[37]	1788609879981503	9044	ecb3ab03bde0bf02	97f2b599fbe9ffa3
1788609880001452167	39	1	phase_loop[38]	1788609879991625	8922	a89e87953aa2e0e7	97f2b599fbe9ffa3
1788609880011290318	40	1	phase_loop[39]	1788609880001752	8793	94f96f3169a2de86	97f2b599fbe9ffa3
1788609880021435760	41	1	phase_loop[40]	1788609880011477	9068	5981f957ec5c0844	97f2b599fbe9ffa3
1788609880031507482	42	1	phase_loop[41]	1788609880021637	8911	e383c4376a50a200	97f2b599fbe9ffa3
1788609880041310446	43	1	phase_loop[42]	1788609880031741	8806	8d9bab255923c646	97f2b599fbe9ffa3
1788609880051171239	44	1	phase_loop[43]	1788609880041496	9047	39f65516f5c91785	97f2b599fbe9ffa3
1788609880061361566	45	1	phase_loop[44]	1788609880051353	9192	b4854cb7ff71de87	97f2b599fbe9ffa3
1788609880071441684	46	1	phase_loop[45]	1788609880061552	8995	c014125bcb3e3a08	97f2b599fbe9ffa3
1788609880081218208	47	1	phase_loop[46]	1788609880071685	8859	4c9777ee0ec37780	97f2b599fbe9ffa3
1788609880091416209	48	1	phase_loop[47]	1788609880081398	9151	16a23519bddc8f13	97f2b599fbe9ffa3
1788609880102026390	49	1	phase_loop[48]	1788609880091648	8901	9cfd0988ded2801e	97f2b599fbe9ffa3
1788609880111303019	50	1	phase_loop[49]	1788609880102263	8282	8f2246ebf77966e9	97f2b599fbe9ffa3
1788609880121235387	51	1	phase_loop[50]	1788609880111489	9055	774c8c31b5c0a959	97f2b599fbe9ffa3
1788609880131570788	52	1	phase_loop[51]	1788609880121431	9117	7b7edcba0ce03c6c	97f2b599fbe9ffa3
1788609880141370105	53	1	phase_loop[52]	1788609880131813	8734	52bd84378c79ebf4	97f2b599fbe9ffa3
1788609880151202325	54	1	phase_loop[53]	1788609880141557	8987	3fe8314c4e5b8c8e	97f2b599fbe9ffa3
1788609880161316357	55	1	phase_loop[54]	1788609880151386	9160	0ab020547dff7ccf	97f2b599fbe9ffa3
1788609880171376187	56	1	phase_loop[55]	1788609880161506	9041	17fadde3e47ad2d7	97f2b599fbe9ffa3
1788609880181341368	57	1	phase_loop[56]	1788609880171608	8938	93b1c7fe0165efc9	97f2b599fbe9ffa3
1788609880191403231	58	1	phase_loop[57]	1788609880181536	9011	42ec889120ea8a6f	97f2b599fbe9ffa3
1788609880201432994	59	1	phase_loop[58]	1788609880191640	8905	24c9602962fca526	97f2b599fbe9ffa3
1788609880211335306	60	1	phase_loop[59]	1788609880201668	8880	9cfdbde623afc1e7	97f2b599fbe9ffa3
1788609880221241275	61	1	phase_loop[60]	1788609880211528	9017	fda0733b939b7e92	97f2b599fbe9ffa3
1788609880231509659	62	1	phase_loop[61]	1788609880221427	9120	60b089041f40cbfc	97f2b599fbe9ffa3
1788609880241354542	63	1	phase_loop[62]	1788609880231746	8802	48edb3069ccc97a0	97f2b599fbe9ffa3
1788609880251374847	64	1	phase_loop[63]	1788609880241541	9007	17c0a215f3414ad4	97f2b599fbe9ffa3
1788609880261399681	65	1	phase_loop[64]	1788609880251608	8938	c204d452f0c7ad45	97f2b599fbe9ffa3
1788609880271534623	66	1	phase_loop[65]	1788609880261615	8984	8ecb4bec0a87dc7a	97f2b599fbe9ffa3
1788609880281318000	67	1	phase_loop[66]	1788609880271793	8753	474ad2e05eee472d	97f2b599fbe9ffa3
1788609880291386306	68	1	phase_loop[67]	1788609880281504	9043	6b4d192d22ade40c	97f2b599fbe9ffa3
1788609880301476583	69	1	phase_loop[68]	1788609880291610	8936	f843f1b7a15b2c10	97f2b599fbe9ffa3
1788609880311360480	70	1	phase_loop[69]	1788609880301710	8836	5efc8eb92bde7992	97f2b599fbe9ffa3
1788609880321304751	71	1	phase_loop[70]	1788609880311555	8992	3fff836302a52955	97f2b599fbe9ffa3
1788609880331500228	72	1	phase_loop[71]	1788609880321488	9060	e195370724ffab54	97f2b599fbe9ffa3
1788609880341453796	73	1	phase_loop[72]	1788609880331735	8811	4259b5382e82d080	97f2b599fbe9ffa3
1788609880351232084	74	1	phase_loop[73]	1788609880341647	8897	19812132ae74019a	97f2b599fbe9ffa3
1788609880361320908	75	1	phase_loop[74]	1788609880351418	9128	2206803cbd071512	97f2b599fbe9ffa3
1788609880371373364	76	1	phase_loop[75]	1788609880361517	9030	ad546640880a1a41	97f2b599fbe9ffa3
1788609880381340028	77	1	phase_loop[76]	1788609880371561	8986	3ab9495a04bca64d	97f2b599fbe9ffa3
1788609880391465151	78	1	phase_loop[77]	1788609880381525	9021	250442a752edb64b	97f2b599fbe9ffa3
1788609880401467763	79	1	phase_loop[78]	1788609880391689	8859	91e6488584e65e03	97f2b599fbe9ffa3
1788609880411357812	80	1	phase_loop[79]	1788609880401722	8824	7dc7fe20e35a1409	97f2b599fbe9ffa3
1788609880421494056	81	1	phase_loop[80]	1788609880411552	8996	3aa5e68880f979c3	97f2b599fbe9ffa3
1788609880431497248	82	1	phase_loop[81]	1788609880421721	8827	0ad379990afcf051	97f2b599fbe9ffa3
1788609880441342242	83	1	phase_loop[82]	1788609880431735	8812	75c1593ffb77504e	97f2b599fbe9ffa3
1788609880451264261	84	1	phase_loop[83]	1788609880441536	9009	e25e8a48ab73b2fe	97f2b599fbe9ffa3
1788609880461338077	85	1	phase_loop[84]	1788609880451446	9100	26277de1ade281b2	97f2b599fbe9ffa3
1788609880471444155	86	1	phase_loop[85]	1788609880461532	9014	7b97a9cc5a242b8e	97f2b599fbe9ffa3
1788609880481217533	87	1	phase_loop[86]	1788609880471686	8857	aeda03ee8b04ba80	97f2b599fbe9ffa3
1788609880491387741	88	1	phase_loop[87]	1788609880481396	9150	9c25f041ff60f4c3	97f2b599fbe9ffa3
1788609880501563029	89	1	phase_loop[88]	1788609880491608	8939	f32d8a733951417d	97f2b599fbe9ffa3
1788609880511313304	90	1	phase_loop[89]	1788609880501785	8760	62cc8ec3d5142837	97f2b599fbe9ffa3
1788609880521231816	91	1	phase_loop[90]	1788609880511501	9043	f313381a3c332d9d	97f2b599fbe9ffa3
1788609880531371146	92	1	phase_loop[91]	1788609880521417	9130	f34fe14c1d5469bf	97f2b599fbe9ffa3
1788609880541343260	93	1	phase_loop[92]	1788609880531585	8961	28ff66e17b266b04	97f2b599fbe9ffa3
1788609880551345491	94	1	phase_loop[93]	1788609880541534	9013	b142f775356dba13	97f2b599fbe9ffa3
1788609880561421712	95	1	phase_loop[94]	1788609880551541	9004	23a2713a745d60d1	97f2b599fbe9ffa3
1788609880571340345	96	1	phase_loop[95]	1788609880561628	8920	ef0f4780629dea3f	97f2b599fbe9ffa3
1788609880581293864	97	1	phase_loop[96]	1788609880571549	8996	f708b04d01752934	97f2b599fbe9ffa3
1788609880591397606	98	1	phase_loop[97]	1788609880581525	9021	77fa182ab8f27ec9	97f2b599fbe9ffa3
1788609880601488104	99	1	phase_loop[98]	1788609880591616	8978	7cf8aa5bd532b40f	97f2b599fbe9ffa3
1788609880611301057	100	1	phase_loop[99]	1788609880601735	8809	5e405e0ecee24a0a	97f2b599fbe9ffa3
1788609880621316062	101	1	phase_loop[100]	1788609880611487	9058	a327d2075a5764d4	97f2b599fbe9ffa3
1788609880631502672	102	1	phase_loop[101]	1788609880621504	9044	36ee466809741233	97f2b599fbe9ffa3
1788609880641335182	103	1	phase_loop[102]	1788609880631735	8812	ae43e0e01746b28b	97f2b599fbe9ffa3
1788609880651219910	104	1	phase_loop[103]	1788609880641523	9020	ff48fc299849533c	97f2b599fbe9ffa3
1788609880661456344	105	1	phase_loop[104]	1788609880651400	9146	5f6969cea28e9224	97f2b599fbe9ffa3
1788609880671455228	106	1	phase_loop[105]	1788609880661663	8884	817a4af92b2e4ab4	97f2b599fbe9ffa3
1788609880681339406	107	1	phase_loop[106]	1788609880671654	8893	7977c7ecc02e2539	97f2b599fbe9ffa3
1788609880691409495	108	1	phase_loop[107]	1788609880681525	9022	67299a2ba7eed7ea	97f2b599fbe9ffa3
1788609880701399233	109	1	phase_loop[108]	1788609880691628	8925	8ff3c7fdae422c11	97f2b599fbe9ffa3
1788609880711316974	110	1	phase_loop[109]	1788609880701650	8896	5da9fba4bd367ef4	97f2b599fbe9ffa3
1788609880721352307	111	1	phase_loop[110]	1788609880711533	9014	461cf3e17fd9d2a6	97f2b599fbe9ffa3
1788609880732217459	112	1	phase_loop[111]	1788609880721565	8984	c6ff8441b655a019	97f2b599fbe9ffa3
1788609880741385854	113	1	phase_loop[112]	1788609880732473	8074	2c36a3bfc85e9c32	97f2b599fbe9ffa3
1788609880751196673	114	1	phase_loop[113]	1788609880741596	8948	be91d152d9911cde	97f2b599fbe9ffa3
1788609880761317829	115	1	phase_loop[114]	1788609880751377	9170	7630de692ee7d912	97f2b599fbe9ffa3
1788609880771507033	116	1	phase_loop[115]	1788609880761517	9029	6bf226711a2ad629	97f2b599fbe9ffa3
1788609880781235306	117	1	phase_loop[116]	1788609880771729	8815	48e3f1f20fd9c7af	97f2b599fbe9ffa3
1788609880791377832	118	1	phase_loop[117]	1788609880781420	9129	33d10fc754442999	97f2b599fbe9ffa3
1788609880801470464	119	1	phase_loop[118]	1788609880791598	8948	9a8b95e520006371	97f2b599fbe9ffa3
1788609880811289608	120	1	phase_loop[119]	1788609880801708	8837	d843e4e439f58dee	97f2b599fbe9ffa3
1788609880821183144	121	1	phase_loop[120]	1788609880811477	9066	f89c4e3fe7f71b8d	97f2b599fbe9ffa3
1788609880831469963	122	1	phase_loop[121]	1788609880821362	9186	a96675bc50bcdb03	97f2b599fbe9ffa3
1788609880841328963	123	1	phase_loop[122]	1788609880831703	8844	ba51ea024533617b	97f2b599fbe9ffa3
1788609880851321375	124	1	phase_loop[123]	1788609880841515	9032	3f8908bf8188e747	97f2b599fbe9ffa3
1788609880861314469	125	1	phase_loop[124]	1788609880851506	9041	f6dd6c2c7606f879	97f2b599fbe9ffa3
1788609880871366263	126	1	phase_loop[125]	1788609880861506	9043	8ee24a36f93e31f5	97f2b599fbe9ffa3
1788609880881238268	127	1	phase_loop[126]	1788609880871582	8962	92aa49cf85372f66	97f2b599fbe9ffa3
1788609880891401703	128	1	phase_loop[127]	1788609880881428	9120	510804b4fe1181f0	97f2b599fbe9ffa3
1788609880901460421	129	1	phase_loop[128]	1788609880891617	8932	45d2447c0fc36a67	97f2b599fbe9ffa3
1788609880911350821	130	1	phase_loop[129]	1788609880901686	8861	61b771685acb4376	97f2b599fbe9ffa3
1788609880921310922	131	1	phase_loop[130]	1788609880911579	8967	6c488fe92af99e96	97f2b599fbe9ffa3
1788609880931591429	132	1	phase_loop[131]	1788609880921506	9097	86f81f4ccd8aafd2	97f2b599fbe9ffa3
1788609880941331504	133	1	phase_loop[132]	1788609880931831	8716	f50132e2920e7d5e	97f2b599fbe9ffa3
1788609880951194301	134	1	phase_loop[133]	1788609880941524	9019	3c7e49138e562be8	97f2b599fbe9ffa3
1788609880961309105	135	1	phase_loop[134]	1788609880951383	9164	33817efdfc5adb2f	97f2b599fbe9ffa3
1788609880971358485	136	1	phase_loop[135]	1788609880961500	9048	7cc777d8b147a5a0	97f2b599fbe9ffa3
1788609880981347882	137	1	phase_loop[136]	1788609880971549	8997	01ed4dadb10249f2	97f2b599fbe9ffa3
1788609880991416027	138	1	phase_loop[137]	1788609880981542	9007	0cbc250ccb2c511a	97f2b599fbe9ffa3
1788609881002050433	139	1	phase_loop[138]	1788609880991648	8902	5c6416309683cf20	97f2b599fbe9ffa3
1788609881011348192	140	1	phase_loop[139]	1788609881002283	8261	20896652846cf8e2	97f2b599fbe9ffa3
1788609881021331367	141	1	phase_loop[140]	1788609881011538	9009	763a0b2e2ccb206d	97f2b599fbe9ffa3
1788609881031529558	142	1	phase_loop[141]	1788609881021520	9028	1535367cda413d48	97f2b599fbe9ffa3
1788609881041318035	143	1	phase_loop[142]	1788609881031792	8754	071000dab66a0565	97f2b599fbe9ffa3
1788609881051205188	144	1	phase_loop[143]	1788609881041503	9040	7bf427ebf9348603	97f2b599fbe9ffa3
1788609881061635328	145	1	phase_loop[144]	1788609881051393	9154	c537b3db5ddfebf9	97f2b599fbe9ffa3
1788609881071394108	146	1	phase_loop[145]	1788609881061897	8651	3ff5baa73e4e4f69	97f2b599fbe9ffa3
1788609881081207472	147	1	phase_loop[146]	1788609881071584	8958	766e4fb9b6ea5594	97f2b599fbe9ffa3
1788609881091415742	148	1	phase_loop[147]	1788609881081402	9147	c40ba7abe41d6b4a	97f2b599fbe9ffa3
1788609881101466555	149	1	phase_loop[148]	1788609881091640	8908	45594f58fbef7911	97f2b599fbe9ffa3
1788609881111287172	150	1	phase_loop[149]	1788609881101702	8844	f7ec6e0767cc6cb7	97f2b599fbe9ffa3
1788609881121217948	151	1	phase_loop[150]	1788609881111487	9056	3847e86975143f98	97f2b599fbe9ffa3
1788609881133333344	152	1	phase_loop[151]	1788609881121403	9144	40e3bbaaef764e8d	97f2b599fbe9ffa3
1788609881141540521	153	1	phase_loop[152]	1788609881133583	6963	f2e3182d5385dac2	97f2b599fbe9ffa3
1788609881151352372	154	1	phase_loop[153]	1788609881141777	8769	d38f43910aa69fbd	97f2b599fbe9ffa3
1788609881161370132	155	1	phase_loop[154]	1788609881151547	8999	d97a7544f988efa4	97f2b599fbe9ffa3
1788609881172089438	156	1	phase_loop[155]	1788609881161571	8979	c8f925e37f3e28ec	97f2b599fbe9ffa3
1788609881181334538	157	1	phase_loop[156]	1788609881172338	8209	208aa366da6ed702	97f2b599fbe9ffa3
1788609881191559530	158	1	phase_loop[157]	1788609881181534	9014	5f5eecbfd42da1d6	97f2b599fbe9ffa3
1788609881202328410	159	1	phase_loop[158]	1788609881191871	8675	9d8a5bbd32e29541	97f2b599fbe9ffa3
1788609881212151252	160	1	phase_loop[159]	1788609881202544	8003	7971e27430c4d417	97f2b599fbe9ffa3
1788609881221445374	161	1	phase_loop[160]	1788609881212442	8103	dd52a86f461a9eeb	97f2b599fbe9ffa3
1788609881232327548	162	1	phase_loop[161]	1788609881221661	8889	1e4666afeaaf8aca	97f2b599fbe9ffa3
1788609881241459794	163	1	phase_loop[162]	1788609881232547	8001	480d52579c1394c2	97f2b599fbe9ffa3
1788609881251330166	164	1	phase_loop[163]	1788609881241743	8802	dcd50b2acb1c8209	97f2b599fbe9ffa3
1788609881261345541	165	1	phase_loop[164]	1788609881251549	9041	ee28fd906f95c294	97f2b599fbe9ffa3
1788609881271356819	166	1	phase_loop[165]	1788609881261540	9006	6bacba700778af2b	97f2b599fbe9ffa3
1788609881281327210	167	1	phase_loop[166]	1788609881271551	8995	cf7ce1968c4ac54e	97f2b599fbe9ffa3
1788609881291377331	168	1	phase_loop[167]	1788609881281517	9032	a9d83063c721ce3e	97f2b599fbe9ffa3
1788609881301335939	169	1	phase_loop[168]	1788609881291599	8947	9c4314bcaa329e29	97f2b599fbe9ffa3
1788609881311361514	170	1	phase_loop[169]	1788609881301559	8988	5d9fb51b469a1bcc	97f2b599fbe9ffa3
1788609881321226586	171	1	phase_loop[170]	1788609881311550	8991	dcd1e5cbbd2e5b55	97f2b599fbe9ffa3
1788609881331471165	172	1	phase_loop[171]	1788609881321408	9139	8f08347db8192eec	97f2b599fbe9ffa3
1788609881341398634	173	1	phase_loop[172]	1788609881331706	8840	8546fdddf1b3e9f7	97f2b599fbe9ffa3
1788609881351299974	174	1	phase_loop[173]	1788609881341590	8953	214106d9d01f7a2f	97f2b599fbe9ffa3
1788609881361423384	175	1	phase_loop[174]	1788609881351484	9063	170293fd3e629d5f	97f2b599fbe9ffa3
1788609881371415646	176	1	phase_loop[175]	1788609881361651	8897	7f041c81689b7708	97f2b599fbe9ffa3
1788609881381479153	177	1	phase_loop[176]	1788609881371612	8936	ceffe38860215b88	97f2b599fbe9ffa3
1788609881391395741	178	1	phase_loop[177]	1788609881381704	8846	aa60c6439e051ceb	97f2b599fbe9ffa3
1788609881401376211	179	1	phase_loop[178]	1788609881391613	8934	cda4182a8f097c14	97f2b599fbe9ffa3
1788609881411300354	180	1	phase_loop[179]	1788609881401596	8947	bef06b776bb03579	97f2b599fbe9ffa3
1788609881421193839	181	1	phase_loop[180]	1788609881411489	9055	618f30f5e0c48cac	97f2b599fbe9ffa3
1788609881431523710	182	1	phase_loop[181]	1788609881421374	9173	8b22d29df5b8928d	97f2b599fbe9ffa3
1788609881441408278	183	1	phase_loop[182]	1788609881431769	8778	657d1c3587c18073	97f2b599fbe9ffa3
1788609881451300010	184	1	phase_loop[183]	1788609881441632	8914	b02a20f1ee22fd72	97f2b599fbe9ffa3
1788609881461322028	185	1	phase_loop[184]	1788609881451486	9060	b504315a77a7ddc3	97f2b599fbe9ffa3
1788609881471367881	186	1	phase_loop[185]	1788609881461532	9015	885f3a57d62269d8	97f2b599fbe9ffa3
1788609881481183770	187	1	phase_loop[186]	1788609881471558	8985	d774becb3ab43c59	97f2b599fbe9ffa3
1788609881491409914	188	1	phase_loop[187]	1788609881481359	9189	ff19bcc8b5e31ed4	97f2b599fbe9ffa3
1788609881501491414	189	1	phase_loop[188]	1788609881491642	8904	514b85e9502b3c16	97f2b599fbe9ffa3
1788609881511325578	190	1	phase_loop[189]	1788609881501719	8830	202981c9c9abc11b	97f2b599fbe9ffa3
1788609881521197923	191	1	phase_loop[190]	1788609881511526	9017	6644242c60fc109e	97f2b599fbe9ffa3
1788609881533378632	192	1	phase_loop[191]	1788609881521378	9173	98fef432f8616a55	97f2b599fbe9ffa3
1788609881541447918	193	1	phase_loop[192]	1788609881533612	6936	481c32f8e8726f67	97f2b599fbe9ffa3
1788609881551196299	194	1	phase_loop[193]	1788609881541659	8885	1787007b4ccc0ae6	97f2b599fbe9ffa3
1788609881561337212	195	1	phase_loop[194]	1788609881551377	9172	e36184d77cf416ca	97f2b599fbe9ffa3
1788609881571369049	196	1	phase_loop[195]	1788609881561533	9014	e4e13222a1ff4c99	97f2b599fbe9ffa3
1788609881581295256	197	1	phase_loop[196]	1788609881571666	8881	f88248c2b0f6910d	97f2b599fbe9ffa3
1788609881591416782	198	1	phase_loop[197]	1788609881581479	9118	dc303b22985ad783	97f2b599fbe9ffa3
1788609881601530995	199	1	phase_loop[198]	1788609881591636	8914	3aa3cc4aaf04a71d	97f2b599fbe9ffa3
1788609881611312799	200	1	phase_loop[199]	1788609881601798	8748	5c56c21cbe9fc0e5	97f2b599fbe9ffa3
1788609881621163744	201	1	phase_loop[200]	1788609881611498	9045	362f0e785998762f	97f2b599fbe9ffa3
1788609881631487062	202	1	phase_loop[201]	1788609881621341	9208	e0d1ba337cd5cb2a	97f2b599fbe9ffa3
1788609881641322176	203	1	phase_loop[202]	1788609881631724	8823	d86b063558301117	97f2b599fbe9ffa3
1788609881651231862	204	1	phase_loop[203]	1788609881641510	9033	c04d4ff5364327aa	97f2b599fbe9ffa3
1788609881661417129	205	1	phase_loop[204]	1788609881651421	9125	b2026384b2663c7f	97f2b599fbe9ffa3
1788609881671385706	206	1	phase_loop[205]	1788609881661622	8924	d85e45547a66933b	97f2b599fbe9ffa3
1788609881681325018	207	1	phase_loop[206]	1788609881671619	8930	ea4489e435ea10e4	97f2b599fbe9ffa3
1788609881691495888	208	1	phase_loop[207]	1788609881681545	9002	740e17fc83883363	97f2b599fbe9ffa3
1788609881701365418	209	1	phase_loop[208]	1788609881691719	8830	0c2b9762669f2856	97f2b599fbe9ffa3
1788609881711341519	210	1	phase_loop[209]	1788609881701596	8949	f65c0d3ce82af334	97f2b599fbe9ffa3
1788609881721257076	211	1	phase_loop[210]	1788609881711530	9014	7e0734d0c82b7f01	97f2b599fbe9ffa3
1788609881731527273	212	1	phase_loop[211]	1788609881721453	9095	db1b3ea8f2266e58	97f2b599fbe9ffa3
1788609881741340857	213	1	phase_loop[212]	1788609881731759	8787	7b9c1dbb4d5897c2	97f2b599fbe9ffa3
1788609881751333189	214	1	phase_loop[213]	1788609881741530	9016	fe7c178494047de7	97f2b599fbe9ffa3
1788609881761296256	215	1	phase_loop[214]	1788609881751524	9022	196568b3095f086b	97f2b599fbe9ffa3
1788609881771363380	216	1	phase_loop[215]	1788609881761489	9060	6935dfc8dbce59d9	97f2b599fbe9ffa3
1788609881781196942	217	1	phase_loop[216]	1788609881771555	8988	17965bb464806a21	97f2b599fbe9ffa3
1788609881791379744	218	1	phase_loop[217]	1788609881781377	9170	15d09bc41e58edd5	97f2b599fbe9ffa3
1788609881801418313	219	1	phase_loop[218]	1788609881791600	8949	2b257ecb0b7131de	97f2b599fbe9ffa3
1788609881811332017	220	1	phase_loop[219]	1788609881801646	8900	fd6d3c217a56e234	97f2b599fbe9ffa3
1788609881821205614	221	1	phase_loop[220]	1788609881811523	9020	53cb7603325988dc	97f2b599fbe9ffa3
1788609881831958765	222	1	phase_loop[221]	1788609881821392	9159	f5c24cbfa66876e5	97f2b599fbe9ffa3
1788609881841321747	223	1	phase_loop[222]	1788609881832187	8360	35fdcd8af214f09f	97f2b599fbe9ffa3
1788609881851223939	224	1	phase_loop[223]	1788609881841512	9030	cc9f2ac64b7e1967	97f2b599fbe9ffa3
1788609881861308645	225	1	phase_loop[224]	1788609881851411	9135	91c8670106c76480	97f2b599fbe9ffa3
1788609881871392931	226	1	phase_loop[225]	1788609881861515	9032	e88fcc3e5d2a2ef3	97f2b599fbe9ffa3
1788609881881333515	227	1	phase_loop[226]	1788609881871625	8921	0388a6593efec7ed	97f2b599fbe9ffa3
1788609881891448790	228	1	phase_loop[227]	1788609881881522	9028	41e5eea77fd8fa28	97f2b599fbe9ffa3
1788609881901418489	229	1	phase_loop[228]	1788609881891678	8871	0fc971861457ff61	97f2b599fbe9ffa3
1788609881911318567	230	1	phase_loop[229]	1788609881901637	8910	57a5baf58fa83079	97f2b599fbe9ffa3
1788609881921368828	231	1	phase_loop[230]	1788609881911505	9085	6b7faa87692aed9c	97f2b599fbe9ffa3
1788609881931493561	232	1	phase_loop[231]	1788609881921555	8994	cf865a669dc4b75b	97f2b599fbe9ffa3
1788609881941454844	233	1	phase_loop[232]	1788609881931723	8823	57db59c90592f681	97f2b599fbe9ffa3
1788609881951214005	234	1	phase_loop[233]	1788609881941643	8901	fcd44e844fb17ad3	97f2b599fbe9ffa3
1788609881961310755	235	1	phase_loop[234]	1788609881951398	9148	1c5f8c11cc2c8d4f	97f2b599fbe9ffa3
1788609881971409318	236	1	phase_loop[235]	1788609881961509	9037	0132b13bd5c2d374	97f2b599fbe9ffa3
1788609881981440293	237	1	phase_loop[236]	1788609881971606	8940	3ed8743d1fc93d9f	97f2b599fbe9ffa3
1788609881991386929	238	1	phase_loop[237]	1788609881981629	8918	f10cbd24a23ad0d5	97f2b599fbe9ffa3
1788609882001387707	239	1	phase_loop[238]	1788609881991614	8935	855b94c14732f3c5	97f2b599fbe9ffa3
1788609882011355562	240	1	phase_loop[239]	1788609882001606	8939	c795807664982e43	97f2b599fbe9ffa3
1788609882021383832	241	1	phase_loop[240]	1788609882011550	8996	5261b7cd2a771ee1	97f2b599fbe9ffa3
1788609882031503555	242	1	phase_loop[241]	1788609882021651	8898	0c2e4b716e222de6	97f2b599fbe9ffa3
1788609882041373506	243	1	phase_loop[242]	1788609882031731	8816	bb3e6dba7aab459e	97f2b599fbe9ffa3
1788609882051344307	244	1	phase_loop[243]	1788609882041580	8965	ac37bde8daef537f	97f2b599fbe9ffa3
1788609882061325839	245	1	phase_loop[244]	1788609882051529	9016	4a92412ca850a922	97f2b599fbe9ffa3
1788609882071383113	246	1	phase_loop[245]	1788609882061517	9029	0db85fd179bcd070	97f2b599fbe9ffa3
1788609882081162813	247	1	phase_loop[246]	1788609882071573	8970	6ad451b3d28e311a	97f2b599fbe9ffa3
1788609882091459932	248	1	phase_loop[247]	1788609882081343	9206	cc832c40db98333d	97f2b599fbe9ffa3
1788609882101387481	249	1	phase_loop[248]	1788609882091685	8862	d123e2cfc6843fbc	97f2b599fbe9ffa3
1788609882111347031	250	1	phase_loop[249]	1788609882101613	8934	ab1e22ee79eb6b11	97f2b599fbe9ffa3
1788609882121230517	251	1	phase_loop[250]	1788609882111533	9010	aecd5fd7e965f4f0	97f2b599fbe9ffa3
1788609882131355260	252	1	phase_loop[251]	1788609882121421	9126	bfabdb1ec19d9184	97f2b599fbe9ffa3
1788609882141337773	253	1	phase_loop[252]	1788609882131584	8962	5e0fec65d98590c8	97f2b599fbe9ffa3
1788609882151185071	254	1	phase_loop[253]	1788609882141528	9014	e41ae65439f88fe4	97f2b599fbe9ffa3
1788609882161295797	255	1	phase_loop[254]	1788609882151373	9173	7ba0136d63e22c28	97f2b599fbe9ffa3
1788609882171347321	256	1	phase_loop[255]	1788609882161491	9060	e57b4f12f6947668	97f2b599fbe9ffa3
1788609882181303204	257	1	phase_loop[256]	1788609882171569	8976	36e202af6377a3dd	97f2b599fbe9ffa3
1788609882191464856	258	1	phase_loop[257]	1788609882181493	9055	b4216ff610f923f2	97f2b599fbe9ffa3
1788609882201400400	259	1	phase_loop[258]	1788609882191717	8832	15a4781b6ccdf046	97f2b599fbe9ffa3
1788609882211321738	260	1	phase_loop[259]	1788609882201629	8917	34a105a920d957db	97f2b599fbe9ffa3
1788609882221259707	261	1	phase_loop[260]	1788609882211544	9000	0a2d8449b069791e	97f2b599fbe9ffa3
1788609882231535235	262	1	phase_loop[261]	1788609882221443	9106	dbf605388ad8f9b3	97f2b599fbe9ffa3
1788609882241333570	263	1	phase_loop[262]	1788609882231765	8782	119314e0713527bd	97f2b599fbe9ffa3
1788609882251295535	264	1	phase_loop[263]	1788609882241529	9051	91ce8a8628885191	97f2b599fbe9ffa3
1788609882261448079	265	1	phase_loop[264]	1788609882251484	9062	fae1b53043071a17	97f2b599fbe9ffa3
1788609882271555669	266	1	phase_loop[265]	1788609882261656	8889	14e2c1ca33070582	97f2b599fbe9ffa3
1788609882281273683	267	1	phase_loop[266]	1788609882271794	8750	3502a87e908042c9	97f2b599fbe9ffa3
1788609882291425787	268	1	phase_loop[267]	1788609882281460	9090	31a7e41040b2e220	97f2b599fbe9ffa3
1788609882302608008	269	1	phase_loop[268]	1788609882291647	8900	5a65b19a78fd5e11	97f2b599fbe9ffa3
1788609882311332253	270	1	phase_loop[269]	1788609882302881	7664	4560492f839b7310	97f2b599fbe9ffa3
1788609882321402963	271	1	phase_loop[270]	1788609882311525	9021	4ce1aba4340ee042	97f2b599fbe9ffa3
1788609882331370779	272	1	phase_loop[271]	1788609882321620	8927	1fe9dc40308d14ed	97f2b599fbe9ffa3
1788609882341468079	273	1	phase_loop[272]	1788609882331565	8981	31aa00cf10b3c8c9	97f2b599fbe9ffa3
1788609882351318803	274	1	phase_loop[273]	1788609882341698	8847	5c2e97265df11555	97f2b599fbe9ffa3
1788609882361333127	275	1	phase_loop[274]	1788609882351505	9041	7f30f66616dfc514	97f2b599fbe9ffa3
1788609882371368681	276	1	phase_loop[275]	1788609882361530	9018	0af0190929972233	97f2b599fbe9ffa3
1788609882381236918	277	1	phase_loop[276]	1788609882371561	8982	3a1bf911047472b1	97f2b599fbe9ffa3
1788609882391422556	278	1	phase_loop[277]	1788609882381418	9130	07a47986559dd40a	97f2b599fbe9ffa3
1788609882401440496	279	1	phase_loop[278]	1788609882391660	8887	b13ae3734704595b	97f2b599fbe9ffa3
1788609882411304225	280	1	phase_loop[279]	1788609882401727	8819	404f4c907ac650a8	97f2b599fbe9ffa3
1788609882421152324	281	1	phase_loop[280]	1788609882411494	9050	69ecc34becafa169	97f2b599fbe9ffa3
1788609882431571593	282	1	phase_loop[281]	1788609882421329	9217	c8c7349222238982	97f2b599fbe9ffa3
1788609882441344540	283	1	phase_loop[282]	1788609882431810	8736	dbf33618f7be111f	97f2b599fbe9ffa3
1788609882451320061	284	1	phase_loop[283]	1788609882441549	8998	0a460b0896bfc10d	97f2b599fbe9ffa3
1788609882461355344	285	1	phase_loop[284]	1788609882451508	9038	c93786858a0024d8	97f2b599fbe9ffa3
1788609882471398402	286	1	phase_loop[285]	1788609882461554	8994	82aa1261225b568f	97f2b599fbe9ffa3
1788609882481204351	287	1	phase_loop[286]	1788609882471611	8933	fe4a7a13dca57174	97f2b599fbe9ffa3
1788609882491476152	288	1	phase_loop[287]	1788609882481386	9166	74cfe8b4ccb3c973	97f2b599fbe9ffa3
1788609882501498541	289	1	phase_loop[288]	1788609882491753	8796	b76066c1d19361f9	97f2b599fbe9ffa3
1788609882511314649	290	1	phase_loop[289]	1788609882501750	8795	188115489f9d346c	97f2b599fbe9ffa3
1788609882521201271	291	1	phase_loop[290]	1788609882511503	9039	9685854527357059	97f2b599fbe9ffa3
1788609882531519850	292	1	phase_loop[291]	1788609882521389	9160	909c4b572399d73c	97f2b599fbe9ffa3
1788609882541364864	293	1	phase_loop[292]	1788609882531755	8791	23a1cb343d14c657	97f2b599fbe9ffa3
1788609882551192885	294	1	phase_loop[293]	1788609882541553	8989	696c5eb840395b89	97f2b599fbe9ffa3
1788609882561310855	295	1	phase_loop[294]	1788609882551374	9170	895e9b432bdb2850	97f2b599fbe9ffa3
1788609882571364372	296	1	phase_loop[295]	1788609882561503	9045	fcf2f1720e243066	97f2b599fbe9ffa3
1788609882581206380	297	1	phase_loop[296]	1788609882571557	9019	3cdaaf328d63c584	97f2b599fbe9ffa3
1788609882591412406	298	1	phase_loop[297]	1788609882581385	9167	8d8ddb2419f4dc1f	97f2b599fbe9ffa3
1788609882601359422	299	1	phase_loop[298]	1788609882591645	8901	208030b49015b055	97f2b599fbe9ffa3
1788609882611372554	300	1	phase_loop[299]	1788609882601608	8938	47d02a865a62c03a	97f2b599fbe9ffa3
1788609882621336863	301	1	phase_loop[300]	1788609882611561	8984	f67dfa759653b69d	97f2b599fbe9ffa3
1788609882631512151	302	1	phase_loop[301]	1788609882621527	9021	64c2fd0164c3a8ec	97f2b599fbe9ffa3
1788609882641426245	303	1	phase_loop[302]	1788609882631740	8804	005ade390e29b99c	97f2b599fbe9ffa3
1788609882651237825	304	1	phase_loop[303]	1788609882641653	8891	edbc0c5bd0371136	97f2b599fbe9ffa3
1788609882661319877	305	1	phase_loop[304]	1788609882651428	9117	9fe9102f9b135d1e	97f2b599fbe9ffa3
1788609882671404433	306	1	phase_loop[305]	1788609882661564	8984	b080586fd652dec0	97f2b599fbe9ffa3
1788609882681172892	307	1	phase_loop[306]	1788609882671594	8949	c39cc1d7f96da950	97f2b599fbe9ffa3
1788609882691403364	308	1	phase_loop[307]	1788609882681365	9181	39b8e36844900383	97f2b599fbe9ffa3
1788609882701405244	309	1	phase_loop[308]	1788609882691619	8926	77c5f47ae95c662f	97f2b599fbe9ffa3
1788609882711320079	310	1	phase_loop[309]	1788609882701643	8903	e51b4ef7eb475e4a	97f2b599fbe9ffa3
1788609882721164151	311	1	phase_loop[310]	1788609882711511	9032	eafda895eae636cf	97f2b599fbe9ffa3
1788609882732449668	312	1	phase_loop[311]	1788609882721341	9206	5b27e81a6d77ccae	97f2b599fbe9ffa3
1788609882741367108	313	1	phase_loop[312]	1788609882732724	7823	760cd73d8294ea4b	97f2b599fbe9ffa3
1788609882751352256	314	1	phase_loop[313]	1788609882741576	8970	0ca9f86469d7ab8e	97f2b599fbe9ffa3
1788609882761306626	315	1	phase_loop[314]	1788609882751540	9005	d47fb4b12196e203	97f2b599fbe9ffa3
1788609882771371796	316	1	phase_loop[315]	1788609882761498	9051	aaea89b24325ffb7	97f2b599fbe9ffa3
1788609882781150464	317	1	phase_loop[316]	1788609882771564	8979	4eab2ceca5df45c3	97f2b599fbe9ffa3
1788609882791404501	318	1	phase_loop[317]	1788609882781329	9223	d66cf7f81cb05d71	97f2b599fbe9ffa3
1788609882801686470	319	1	phase_loop[318]	1788609882791635	8914	9bef06b85fe21df9	97f2b599fbe9ffa3
1788609882811355150	320	1	phase_loop[319]	1788609882802021	8524	68254cdff66e3f77	97f2b599fbe9ffa3
1788609882821278923	321	1	phase_loop[320]	1788609882811553	8991	49b8ddf2742c454e	97f2b599fbe9ffa3
1788609882831465262	322	1	phase_loop[321]	1788609882821471	9078	ef5a7278581c913f	97f2b599fbe9ffa3
1788609882841341434	323	1	phase_loop[322]	1788609882831681	8865	ab15e4023c5bd537	97f2b599fbe9ffa3
1788609882851206546	324	1	phase_loop[323]	1788609882841532	9012	32d447c6f363805c	97f2b599fbe9ffa3
1788609882861309687	325	1	phase_loop[324]	1788609882851388	9157	c71ac31eb063aac6	97f2b599fbe9ffa3
1788609882871358806	326	1	phase_loop[325]	1788609882861510	9037	7f4111df73e44e64	97f2b599fbe9ffa3
1788609882881197448	327	1	phase_loop[326]	1788609882871547	8996	8df00a30b69ab3d5	97f2b599fbe9ffa3
1788609882891371092	328	1	phase_loop[327]	1788609882881379	9169	f2daf908e304562b	97f2b599fbe9ffa3
1788609882901515532	329	1	phase_loop[328]	1788609882891594	8955	c68b081e4645aa8a	97f2b599fbe9ffa3
1788609882911349184	330	1	phase_loop[329]	1788609882901742	8847	863de5c55afddeef	97f2b599fbe9ffa3
1788609882921329333	331	1	phase_loop[330]	1788609882911537	9009	80bbe9fbd4a527e2	97f2b599fbe9ffa3
1788609882931496826	332	1	phase_loop[331]	1788609882921521	9027	b29134732b502785	97f2b599fbe9ffa3
1788609882941344946	333	1	phase_loop[332]	1788609882931729	8817	06fd6e98b3597cbc	97f2b599fbe9ffa3
1788609882951209205	334	1	phase_loop[333]	1788609882941539	9005	0cad3da626c7932d	97f2b599fbe9ffa3
1788609882961302919	335	1	phase_loop[334]	1788609882951394	9151	0c0cd774a95a044b	97f2b599fbe9ffa3
1788609882971416410	336	1	phase_loop[335]	1788609882961492	9054	4aa4bec5ed15fd77	97f2b599fbe9ffa3
1788609882981351083	337	1	phase_loop[336]	1788609882971610	8940	d3d685b38b8642c8	97f2b599fbe9ffa3
1788609882991371398	338	1	phase_loop[337]	1788609882981633	8914	fd21c526ea106449	97f2b599fbe9ffa3
1788609883001395450	339	1	phase_loop[338]	1788609882991590	8956	b26be7704c0a08cb	97f2b599fbe9ffa3
1788609883011300487	340	1	phase_loop[339]	1788609883001625	8921	4d99d9554b9080f8	97f2b599fbe9ffa3
1788609883021218769	341	1	phase_loop[340]	1788609883011512	9032	fe3402276f1441f6	97f2b599fbe9ffa3
1788609883031478366	342	1	phase_loop[341]	1788609883021401	9147	57c53f53a49893c3	97f2b599fbe9ffa3
1788609883041360279	343	1	phase_loop[342]	1788609883031736	8810	e379d0b27522a685	97f2b599fbe9ffa3
1788609883051314328	344	1	phase_loop[343]	1788609883041552	8994	9dfe23c32766bd0e	97f2b599fbe9ffa3
1788609883061305128	345	1	phase_loop[344]	1788609883051503	9044	135d90d7abdaedab	97f2b599fbe9ffa3
1788609883071344949	346	1	phase_loop[345]	1788609883061532	9015	a054206736618e71	97f2b599fbe9ffa3
1788609883081248573	347	1	phase_loop[346]	1788609883071610	8935	b36a5575b64f956b	97f2b599fbe9ffa3
1788609883091407540	348	1	phase_loop[347]	1788609883081435	9112	e7937be16395e394	97f2b599fbe9ffa3
1788609883101502486	349	1	phase_loop[348]	1788609883091624	8922	a0b628264276894c	97f2b599fbe9ffa3
1788609883111285122	350	1	phase_loop[349]	1788609883101738	8809	5189720716c59e81	97f2b599fbe9ffa3
1788609883121193385	351	1	phase_loop[350]	1788609883111471	9072	d592c9e4ad434014	97f2b599fbe9ffa3
1788609883132988044	352	1	phase_loop[351]	1788609883121373	9176	7ef77bdd18bf9407	97f2b599fbe9ffa3
1788609883141362056	353	1	phase_loop[352]	1788609883133788	6758	f3f26988b7c14d4e	97f2b599fbe9ffa3
1788609883151320454	354	1	phase_loop[353]	1788609883141567	8977	d73ad4261a0726db	97f2b599fbe9ffa3
1788609883161293920	355	1	phase_loop[354]	1788609883151560	8986	5bba430a80cb9368	97f2b599fbe9ffa3
1788609883171379869	356	1	phase_loop[355]	1788609883161488	9059	233e045aaa296102	97f2b599fbe9ffa3
1788609883181222769	357	1	phase_loop[356]	1788609883171612	8931	13db181e8330c2d9	97f2b599fbe9ffa3
1788609883191368942	358	1	phase_loop[357]	1788609883181403	9143	eac523f83e7fb244	97f2b599fbe9ffa3
1788609883201435684	359	1	phase_loop[358]	1788609883191592	8955	57a984109f16ffac	97f2b599fbe9ffa3
1788609883211355809	360	1	phase_loop[359]	1788609883201702	8844	27aa9053c230d086	97f2b599fbe9ffa3
1788609883221387466	361	1	phase_loop[360]	1788609883211554	8992	4b60f9f908576988	97f2b599fbe9ffa3
1788609883231488673	362	1	phase_loop[361]	1788609883221619	8928	871db7434a731ea3	97f2b599fbe9ffa3
1788609883241364355	363	1	phase_loop[362]	1788609883231730	8864	92fc7572f11d3c9e	97f2b599fbe9ffa3
1788609883251190292	364	1	phase_loop[363]	1788609883241553	8989	012412fc71c6fb9d	97f2b599fbe9ffa3
1788609883261347466	365	1	phase_loop[364]	1788609883251371	9176	45b71fa3f81cf7f6	97f2b599fbe9ffa3
1788609883271412575	366	1	phase_loop[365]	1788609883261547	9000	ae5695cadd6ffd11	97f2b599fbe9ffa3
1788609883281334294	367	1	phase_loop[366]	1788609883271654	8893	1a9b6f489220b896	97f2b599fbe9ffa3
1788609883291462793	368	1	phase_loop[367]	1788609883281554	8993	1719695ef746e593	97f2b599fbe9ffa3
1788609883301381395	369	1	phase_loop[368]	1788609883291682	8863	48959ad9ce4d41b3	97f2b599fbe9ffa3
1788609883311329404	370	1	phase_loop[369]	1788609883301619	8928	7f53649783262f8b	97f2b599fbe9ffa3
1788609883321248397	371	1	phase_loop[370]	1788609883311516	9028	ecb302ed7fe9a2ff	97f2b599fbe9ffa3
1788609883331307375	372	1	phase_loop[371]	1788609883321431	9114	fd4c2ca0921da031	97f2b599fbe9ffa3
1788609883341387202	373	1	phase_loop[372]	1788609883331495	9052	5a2fbe17b4d246f1	97f2b599fbe9ffa3
1788609883351321334	374	1	phase_loop[373]	1788609883341581	8966	e5a0a80c88d2f6c8	97f2b599fbe9ffa3
1788609883361309428	375	1	phase_loop[374]	1788609883351508	9038	00fdc36998fa9b31	97f2b599fbe9ffa3
1788609883371436384	376	1	phase_loop[375]	1788609883361501	9046	fa3032b237bf9eac	97f2b599fbe9ffa3
1788609883381385535	377	1	phase_loop[376]	1788609883371657	8889	d5f858afc2fd4fc7	97f2b599fbe9ffa3
1788609883391424956	378	1	phase_loop[377]	1788609883381612	8936	8e245d837bf05775	97f2b599fbe9ffa3
1788609883401438558	379	1	phase_loop[378]	1788609883391637	8909	c8392735397c20cf	97f2b599fbe9ffa3
1788609883411319038	380	1	phase_loop[379]	1788609883401658	8889	6843ad9eeb088620	97f2b599fbe9ffa3
1788609883421157389	381	1	phase_loop[380]	1788609883411512	9032	61b2b01915f40274	97f2b599fbe9ffa3
1788609883431407959	382	1	phase_loop[381]	1788609883421336	9212	9c9cdfd00c9dadc5	97f2b599fbe9ffa3
1788609883441556476	383	1	phase_loop[382]	1788609883431612	8933	5a740fc5a6b8175c	97f2b599fbe9ffa3
1788609883451456153	384	1	phase_loop[383]	1788609883441784	8766	31001fec29ea5218	97f2b599fbe9ffa3
1788609883461387600	385	1	phase_loop[384]	1788609883451698	8848	e856291dcaf89d89	97f2b599fbe9ffa3
1788609883471352049	386	1	phase_loop[385]	1788609883461598	8949	1f570f50c8605186	97f2b599fbe9ffa3
1788609883481172306	387	1	phase_loop[386]	1788609883471544	8998	d089813e09e502e3	97f2b599fbe9ffa3
1788609883491360969	388	1	phase_loop[387]	1788609883481351	9199	265dbbdc8bf489b2	97f2b599fbe9ffa3
1788609883501428012	389	1	phase_loop[388]	1788609883491614	8935	44dedfb59c9ea346	97f2b599fbe9ffa3
1788609883511331506	390	1	phase_loop[389]	1788609883501685	8861	2ebd6968240e0cda	97f2b599fbe9ffa3
1788609883521318257	391	1	phase_loop[390]	1788609883511524	9022	415bd6ebc1d3c581	97f2b599fbe9ffa3
1788609883532385722	392	1	phase_loop[391]	1788609883521504	9043	1f9fb1367016ea79	97f2b599fbe9ffa3
1788609883541405695	393	1	phase_loop[392]	1788609883532611	7936	67b84780ad3d2a17	97f2b599fbe9ffa3
1788609883551194382	394	1	phase_loop[393]	1788609883541609	8934	3172962638ed67f5	97f2b599fbe9ffa3
1788609883561315307	395	1	phase_loop[394]	1788609883551375	9172	b416d3fd5e43fda4	97f2b599fbe9ffa3
1788609883571398731	396	1	phase_loop[395]	1788609883561514	9083	09ebf31418a7a75b	97f2b599fbe9ffa3
1788609883581384451	397	1	phase_loop[396]	1788609883571592	8953	f9271592f7522b08	97f2b599fbe9ffa3
1788609883591398273	398	1	phase_loop[397]	1788609883581578	8968	479123c0e77da000	97f2b599fbe9ffa3
1788609883601381267	399	1	phase_loop[398]	1788609883591611	8939	b1aedf0b24e8697c	97f2b599fbe9ffa3
1788609883611361657	400	1	phase_loop[399]	1788609883601607	8939	b176a1c35c16a96f	97f2b599fbe9ffa3
1788609883621183036	401	1	phase_loop[400]	1788609883611557	8987	d7a64ece176f45c1	97f2b599fbe9ffa3
1788609883631506113	402	1	phase_loop[401]	1788609883621363	9186	cfe34c31af2ec67f	97f2b599fbe9ffa3
1788609883641398045	403	1	phase_loop[402]	1788609883631741	8805	6cfe0b11253e2932	97f2b599fbe9ffa3
1788609883651313662	404	1	phase_loop[403]	1788609883641607	8939	3f49af55ec4c18fa	97f2b599fbe9ffa3
1788609883661321914	405	1	phase_loop[404]	1788609883651505	9041	c073c68f459676c5	97f2b599fbe9ffa3
1788609883671431728	406	1	phase_loop[405]	1788609883661532	9016	2f7616c148ea8452	97f2b599fbe9ffa3
1788609883681234291	407	1	phase_loop[406]	1788609883671648	8896	484b8b072f015572	97f2b599fbe9ffa3
1788609883691400141	408	1	phase_loop[407]	1788609883681416	9130	c8cf4a181e8baf44	97f2b599fbe9ffa3
1788609883701559428	409	1	phase_loop[408]	1788609883691625	8922	eeaf19924340d643	97f2b599fbe9ffa3
1788609883711353325	410	1	phase_loop[409]	1788609883701798	8747	16e9cff05de42a7a	97f2b599fbe9ffa3
1788609883721225079	411	1	phase_loop[410]	1788609883711548	8996	d75d056181c38d58	97f2b599fbe9ffa3
1788609883731491209	412	1	phase_loop[411]	1788609883721409	9139	333101330ae18acd	97f2b599fbe9ffa3
1788609883741344397	413	1	phase_loop[412]	1788609883731730	8815	6475329c2dd16e37	97f2b599fbe9ffa3
1788609883751307414	414	1	phase_loop[413]	1788609883741533	9013	0fed45b8f6c0fef4	97f2b599fbe9ffa3
1788609883761286431	415	1	phase_loop[414]	1788609883751505	9042	65fedb61d9a9bd44	97f2b599fbe9ffa3
1788609883771447371	416	1	phase_loop[415]	1788609883761479	9067	b6f73f9251d75adb	97f2b599fbe9ffa3
1788609883781204228	417	1	phase_loop[416]	1788609883771662	8881	62deda4b0f343284	97f2b599fbe9ffa3
1788609883791521885	418	1	phase_loop[417]	1788609883781389	9158	613fa4486ffa9400	97f2b599fbe9ffa3
1788609883801403708	419	1	phase_loop[418]	1788609883791792	8757	840eae2ab578f873	97f2b599fbe9ffa3
1788609883811324495	420	1	phase_loop[419]	1788609883801639	8907	f46485640f25cf4b	97f2b599fbe9ffa3
1788609883821339870	421	1	phase_loop[420]	1788609883811512	9033	daab908ea8f62375	97f2b599fbe9ffa3
1788609883831481053	422	1	phase_loop[421]	1788609883821528	9021	c2614c692a9822b1	97f2b599fbe9ffa3
1788609883841392823	423	1	phase_loop[422]	1788609883831712	8835	537b6a44bd754108	97f2b599fbe9ffa3
1788609883851187401	424	1	phase_loop[423]	1788609883841589	8953	89886b0434b2f161	97f2b599fbe9ffa3
1788609883861309338	425	1	phase_loop[424]	1788609883851374	9172	3b733b34e22f12b7	97f2b599fbe9ffa3
1788609883871474226	426	1	phase_loop[425]	1788609883861565	8983	bfdbcb34ed81222b	97f2b599fbe9ffa3
1788609883881330541	427	1	phase_loop[426]	1788609883871691	8854	b106836131533a21	97f2b599fbe9ffa3
1788609883891372657	428	1	phase_loop[427]	1788609883881521	9025	92cdfb10945db2bd	97f2b599fbe9ffa3
1788609883901605934	429	1	phase_loop[428]	1788609883891592	9010	2a2939642dea26fd	97f2b599fbe9ffa3
1788609883911305493	430	1	phase_loop[429]	1788609883901854	8691	c5523dcde0d37d71	97f2b599fbe9ffa3
1788609883921302874	431	1	phase_loop[430]	1788609883911496	9050	4bd198750900a979	97f2b599fbe9ffa3
1788609883933128382	432	1	phase_loop[431]	1788609883921489	9060	0ac481f8639eb416	97f2b599fbe9ffa3
1788609883941373110	433	1	phase_loop[432]	1788609883933368	7180	c075191234a04a49	97f2b599fbe9ffa3
1788609883951314926	434	1	phase_loop[433]	1788609883941596	8951	d5ccf8d800519a6c	97f2b599fbe9ffa3
1788609883961359286	435	1	phase_loop[434]	1788609883951504	9042	b14e7893688a7841	97f2b599fbe9ffa3
1788609883971420839	436	1	phase_loop[435]	1788609883961564	8984	814f5be16daf6155	97f2b599fbe9ffa3
1788609883981198996	437	1	phase_loop[436]	1788609883971628	8917	40ec96f216cf3249	97f2b599fbe9ffa3
1788609883991406485	438	1	phase_loop[437]	1788609883981378	9168	bc460e1e3bf5e1ce	97f2b599fbe9ffa3
1788609884001460584	439	1	phase_loop[438]	1788609883991616	8931	3830c174748135f0	97f2b599fbe9ffa3
1788609884011316548	440	1	phase_loop[439]	1788609884001681	8865	4e54666ecb5ae086	97f2b599fbe9ffa3
1788609884021256651	441	1	phase_loop[440]	1788609884011509	9035	de1d147b9e5e7550	97f2b599fbe9ffa3
1788609884031471122	442	1	phase_loop[441]	1788609884021478	9068	903627781b74cc22	97f2b599fbe9ffa3
1788609884041341063	443	1	phase_loop[442]	1788609884031713	8835	96d4f776b46898fd	97f2b599fbe9ffa3
1788609884051329848	444	1	phase_loop[443]	1788609884041530	9018	176b851478cc5fce	97f2b599fbe9ffa3
1788609884061323512	445	1	phase_loop[444]	1788609884051522	9024	94580689d7b5cb32	97f2b599fbe9ffa3
1788609884071336253	446	1	phase_loop[445]	1788609884061513	9034	2cdf26120bdb69a0	97f2b599fbe9ffa3
1788609884081298157	447	1	phase_loop[446]	1788609884071528	9019	ee33a806b549d941	97f2b599fbe9ffa3
1788609884091735039	448	1	phase_loop[447]	1788609884081484	9068	8530e5473bafd817	97f2b599fbe9ffa3
1788609884101447192	449	1	phase_loop[448]	1788609884092017	8534	7b147d0bfae26bbb	97f2b599fbe9ffa3
1788609884111400239	450	1	phase_loop[449]	1788609884101674	8873	dc090d0c38c6f684	97f2b599fbe9ffa3
1788609884121333239	451	1	phase_loop[450]	1788609884111631	8915	5162655cd90f7946	97f2b599fbe9ffa3
1788609884131477768	452	1	phase_loop[451]	1788609884121528	9019	b7f3ce6ee3036ca5	97f2b599fbe9ffa3
1788609884141320407	453	1	phase_loop[452]	1788609884131772	8774	c9d5cc03c7ed5c51	97f2b599fbe9ffa3
1788609884151229151	454	1	phase_loop[453]	1788609884141511	9032	75bd0cc38584794d	97f2b599fbe9ffa3
1788609884161316903	455	1	phase_loop[454]	1788609884151418	9128	75bd827c53539e97	97f2b599fbe9ffa3
1788609884171351204	456	1	phase_loop[455]	1788609884161513	9035	5986321a429d0487	97f2b599fbe9ffa3
1788609884181325041	457	1	phase_loop[456]	1788609884171545	9001	c858d14a2111a097	97f2b599fbe9ffa3
1788609884191460974	458	1	phase_loop[457]	1788609884181526	9022	7dac70c8c07eceaf	97f2b599fbe9ffa3
1788609884201458737	459	1	phase_loop[458]	1788609884191745	8804	d5ab9af58e118ca7	97f2b599fbe9ffa3
1788609884211333566	460	1	phase_loop[459]	1788609884201717	8829	7b1ad35b2e636157	97f2b599fbe9ffa3
1788609884221336939	461	1	phase_loop[460]	1788609884211531	9016	1e39dc8741d457f7	97f2b599fbe9ffa3
1788609884232204165	462	1	phase_loop[461]	1788609884221533	9067	f61961b6ae99a8f7	97f2b599fbe9ffa3
1788609884241351679	463	1	phase_loop[462]	1788609884232444	8104	cf282d544cbc0cdd	97f2b599fbe9ffa3
1788609884251535002	464	1	phase_loop[463]	1788609884241583	8962	030b7ce4c0f30a4e	97f2b599fbe9ffa3
1788609884261497788	465	1	phase_loop[464]	1788609884251828	8719	3cbc129c6134f8a6	97f2b599fbe9ffa3
1788609884271451367	466	1	phase_loop[465]	1788609884261735	8813	aaa810a68567db38	97f2b599fbe9ffa3
1788609884281390027	467	1	phase_loop[466]	1788609884271705	8843	ddd3dcedc0ffac03	97f2b599fbe9ffa3
1788609884291365227	468	1	phase_loop[467]	1788609884281601	8948	10019c6164a3bc05	97f2b599fbe9ffa3
1788609884301787020	469	1	phase_loop[468]	1788609884291600	8948	61356cf49a229622	97f2b599fbe9ffa3
1788609884311330955	470	1	phase_loop[469]	1788609884302096	8451	241e1be6f21409ef	97f2b599fbe9ffa3
1788609884321229068	471	1	phase_loop[470]	1788609884311517	9027	4ad483bd4d58091f	97f2b599fbe9ffa3
1788609884331355213	472	1	phase_loop[471]	1788609884321413	9133	3cdc5463ef228fb6	97f2b599fbe9ffa3
1788609884341539538	473	1	phase_loop[472]	1788609884331561	8985	09d873f3812f6d74	97f2b599fbe9ffa3
1788609884351289612	474	1	phase_loop[473]	1788609884341780	8767	d9a50fdd4c400c36	97f2b599fbe9ffa3
1788609884361337188	475	1	phase_loop[474]	1788609884351475	9071	9df13e31f71d95e4	97f2b599fbe9ffa3
1788609884371555267	476	1	phase_loop[475]	1788609884361533	9015	8eeaa397808f60d8	97f2b599fbe9ffa3
1788609884381324617	477	1	phase_loop[476]	1788609884371808	8749	27def87d54d931e7	97f2b599fbe9ffa3
1788609884391363567	478	1	phase_loop[477]	1788609884381516	9032	e576a649e942054d	97f2b599fbe9ffa3
1788609884402073555	479	1	phase_loop[478]	1788609884391596	8950	438f4c4a8b4b149a	97f2b599fbe9ffa3
1788609884411399017	480	1	phase_loop[479]	1788609884402284	8262	10fc71f1fb6997c1	97f2b599fbe9ffa3
1788609884421317218	481	1	phase_loop[480]	1788609884411629	8916	bd01e24f15260edd	97f2b599fbe9ffa3
1788609884431305452	482	1	phase_loop[481]	1788609884421541	9005	bd8e767d04316e19	97f2b599fbe9ffa3
1788609884441534021	483	1	phase_loop[482]	1788609884431503	9043	cc591fe16c4ac436	97f2b599fbe9ffa3
1788609884451289375	484	1	phase_loop[483]	1788609884441786	8758	c880e40605862497	97f2b599fbe9ffa3
1788609884461311012	485	1	phase_loop[484]	1788609884451478	9069	bb10ebcff5cbaf96	97f2b599fbe9ffa3
1788609884471477162	486	1	phase_loop[485]	1788609884461542	9005	55dbf5747a6227ea	97f2b599fbe9ffa3
1788609884481286418	487	1	phase_loop[486]	1788609884471721	8824	1b8224e53f323f50	97f2b599fbe9ffa3
1788609884491311361	488	1	phase_loop[487]	1788609884481479	9066	ddc5d312521f5ca9	97f2b599fbe9ffa3
1788609884501595285	489	1	phase_loop[488]	1788609884491537	9011	b98b67091c472f79	97f2b599fbe9ffa3
1788609884511341230	490	1	phase_loop[489]	1788609884501855	8691	fb8d38a350aec878	97f2b599fbe9ffa3
1788609884521325768	491	1	phase_loop[490]	1788609884511556	8991	7144c0bb79479e91	97f2b599fbe9ffa3
1788609884531518007	492	1	phase_loop[491]	1788609884521536	9011	6aa148e7fc134413	97f2b599fbe9ffa3
1788609884541380564	493	1	phase_loop[492]	1788609884531761	8786	fc4f5dd7bb3fc0cc	97f2b599fbe9ffa3
1788609884551199388	494	1	phase_loop[493]	1788609884541575	8969	650793747e9c07b3	97f2b599fbe9ffa3
1788609884561460117	495	1	phase_loop[494]	1788609884551384	9204	09f09c9b269d2b14	97f2b599fbe9ffa3
1788609884571444153	496	1	phase_loop[495]	1788609884561689	8858	2b411e8b6abd5121	97f2b599fbe9ffa3
1788609884581180541	497	1	phase_loop[496]	1788609884571645	8898	51d9f0da47baf378	97f2b599fbe9ffa3
1788609884591377259	498	1	phase_loop[497]	1788609884581363	9184	6499d59863e43bb6	97f2b599fbe9ffa3
1788609884601470712	499	1	phase_loop[498]	1788609884591597	8955	444ac7e44f923a91	97f2b599fbe9ffa3
1788609884611336705	500	1	phase_loop[499]	1788609884601684	8862	feb90d35f21c1189	97f2b599fbe9ffa3
1788609884621144688	501	1	phase_loop[500]	1788609884611523	9020	cf047351723bca1f	97f2b599fbe9ffa3
1788609884631496089	502	1	phase_loop[501]	1788609884621323	9224	9cb1267dea9cd25d	97f2b599fbe9ffa3
1788609884641374716	503	1	phase_loop[502]	1788609884631732	8814	ff01fb5a70651fc9	97f2b599fbe9ffa3
1788609884651204000	504	1	phase_loop[503]	1788609884641632	8911	a1031e4eb7430fd4	97f2b599fbe9ffa3
1788609884661324043	505	1	phase_loop[504]	1788609884651391	9155	2f421b5f6303a1c2	97f2b599fbe9ffa3
1788609884671433366	506	1	phase_loop[505]	1788609884661524	9021	75b6e2a0de55280d	97f2b599fbe9ffa3
1788609884681226070	507	1	phase_loop[506]	1788609884671672	8872	4c12af55a78af6b9	97f2b599fbe9ffa3
1788609884691409714	508	1	phase_loop[507]	1788609884681410	9138	8f170897b2577e91	97f2b599fbe9ffa3
1788609884701396505	509	1	phase_loop[508]	1788609884691634	8912	f276646a6a2fe0a2	97f2b599fbe9ffa3
1788609884711733609	510	1	phase_loop[509]	1788609884701618	8928	40329d83043696ee	97f2b599fbe9ffa3
1788609884721226827	511	1	phase_loop[510]	1788609884711954	8591	33bb02ca7357cc74	97f2b599fbe9ffa3
1788609884733125112	512	1	phase_loop[511]	1788609884721414	9134	1ebc2c5af4596c78	97f2b599fbe9ffa3
1788609884741361935	513	1	phase_loop[512]	1788609884733367	7179	e9af28307c33bb5d	97f2b599fbe9ffa3
1788609884751331614	514	1	phase_loop[513]	1788609884741563	8982	e90b546973bb9bef	97f2b599fbe9ffa3
1788609884761341980	515	1	phase_loop[514]	1788609884751561	8985	266e28d68c74784f	97f2b599fbe9ffa3
1788609884771399996	516	1	phase_loop[515]	1788609884761539	9009	0e0c35bf057c3129	97f2b599fbe9ffa3
1788609884781340260	517	1	phase_loop[516]	1788609884771703	8843	9114b1bfdfe91144	97f2b599fbe9ffa3
1788609884791419285	518	1	phase_loop[517]	1788609884781529	9020	32de316b2c02fd0f	97f2b599fbe9ffa3
1788609884801592509	519	1	phase_loop[518]	1788609884791637	8912	7bbf8b6a06ca09bc	97f2b599fbe9ffa3
1788609884811329047	520	1	phase_loop[519]	1788609884801839	8706	0c18ab7dd83b4016	97f2b599fbe9ffa3
1788609884821341227	521	1	phase_loop[520]	1788609884811522	9025	e428a323ff5f015f	97f2b599fbe9ffa3
1788609884831498470	522	1	phase_loop[521]	1788609884821532	9017	a4d2cd5efc318014	97f2b599fbe9ffa3
1788609884841336430	523	1	phase_loop[522]	1788609884831728	8817	4fcaffa1af2cedb8	97f2b599fbe9ffa3
1788609884851214386	524	1	phase_loop[523]	1788609884841524	9020	83ae7796dda07ba6	97f2b599fbe9ffa3
1788609884861440019	525	1	phase_loop[524]	1788609884851396	9150	7e3b208be89bdd54	97f2b599fbe9ffa3
1788609884871350225	526	1	phase_loop[525]	1788609884861647	8899	409708aa909a952d	97f2b599fbe9ffa3
1788609884881197313	527	1	phase_loop[526]	1788609884871540	9003	90ddb1d84910feec	97f2b599fbe9ffa3
1788609884891490062	528	1	phase_loop[527]	1788609884881387	9214	d9680b5891f10e07	97f2b599fbe9ffa3
1788609884901703642	529	1	phase_loop[528]	1788609884891714	8838	56a6c0c10c780407	97f2b599fbe9ffa3
1788609884911325925	530	1	phase_loop[529]	1788609884901981	8567	41d48632d8634149	97f2b599fbe9ffa3
1788609884921347772	531	1	phase_loop[530]	1788609884911513	9033	76a15070cf91573d	97f2b599fbe9ffa3
1788609884931497692	532	1	phase_loop[531]	1788609884921551	8994	bb957409ccf73c10	97f2b599fbe9ffa3
1788609884941354448	533	1	phase_loop[532]	1788609884931742	8805	c2aaa42453909ccc	97f2b599fbe9ffa3
1788609884951218948	534	1	phase_loop[533]	1788609884941540	9004	2dd455bb926264be	97f2b599fbe9ffa3
1788609884961350222	535	1	phase_loop[534]	1788609884951404	9142	25b3c4f8a6637e4c	97f2b599fbe9ffa3
1788609884971399001	536	1	phase_loop[535]	1788609884961542	9007	a77dbf66752f7725	97f2b599fbe9ffa3
1788609884981199650	537	1	phase_loop[536]	1788609884971598	8947	d1afe75bbfe57cab	97f2b599fbe9ffa3
1788609884991398833	538	1	phase_loop[537]	1788609884981378	9170	316b0fa8f1615843	97f2b599fbe9ffa3
1788609885001362110	539	1	phase_loop[538]	1788609884991618	8931	06b0f38d0ce27cf7	97f2b599fbe9ffa3
1788609885011347068	540	1	phase_loop[539]	1788609885001586	8961	3dd6000563d158aa	97f2b599fbe9ffa3
1788609885021324521	541	1	phase_loop[540]	1788609885011540	9004	9df642eecbd12635	97f2b599fbe9ffa3
1788609885031488748	542	1	phase_loop[541]	1788609885021518	9031	989bcbac2777405b	97f2b599fbe9ffa3
1788609885041357045	543	1	phase_loop[542]	1788609885031727	8820	cf194c3b68952188	97f2b599fbe9ffa3
1788609885051496706	544	1	phase_loop[543]	1788609885041547	8999	f250666f1591b999	97f2b599fbe9ffa3
1788609885061315840	545	1	phase_loop[544]	1788609885051760	8786	992ced5b758f753d	97f2b599fbe9ffa3
1788609885071442947	546	1	phase_loop[545]	1788609885061606	8941	25f618e579c4131b	97f2b599fbe9ffa3
1788609885081312636	547	1	phase_loop[546]	1788609885071682	8864	8f3012ede2e8c7a8	97f2b599fbe9ffa3
1788609885091369771	548	1	phase_loop[547]	1788609885081500	9050	c9d76d57f3a3c1c2	97f2b599fbe9ffa3
1788609885101383733	549	1	phase_loop[548]	1788609885091625	8923	b1ec3087d8818f23	97f2b599fbe9ffa3
1788609885111318126	550	1	phase_loop[549]	1788609885101611	8935	6541ff13b099011f	97f2b599fbe9ffa3
1788609885121347708	551	1	phase_loop[550]	1788609885111512	9034	b5505bd189382dcf	97f2b599fbe9ffa3
1788609885132461550	552	1	phase_loop[551]	1788609885121533	9015	38d64ded04ea2538	97f2b599fbe9ffa3
1788609885141498525	553	1	phase_loop[552]	1788609885132739	7806	129388a934a523b4	97f2b599fbe9ffa3
1788609885151258838	554	1	phase_loop[553]	1788609885141697	8847	522e286311874479	97f2b599fbe9ffa3
1788609885161307988	555	1	phase_loop[554]	1788609885151446	9099	68cc72435af14b1f	97f2b599fbe9ffa3
1788609885171368568	556	1	phase_loop[555]	1788609885161502	9046	8503e3cffcfbbd1c	97f2b599fbe9ffa3
1788609885181348396	557	1	phase_loop[556]	1788609885171562	8984	0e809130729f549a	97f2b599fbe9ffa3
1788609885191366998	558	1	phase_loop[557]	1788609885181534	9016	8a92974961e0ae73	97f2b599fbe9ffa3
1788609885201597941	559	1	phase_loop[558]	1788609885191593	8958	0d2ef94c0ac16222	97f2b599fbe9ffa3
1788609885211328157	560	1	phase_loop[559]	1788609885201839	8707	d029854236fcda41	97f2b599fbe9ffa3
1788609885221489078	561	1	phase_loop[560]	1788609885211533	9053	04641436e40d109e	97f2b599fbe9ffa3
1788609885231490476	562	1	phase_loop[561]	1788609885221715	8832	f0bcb0de5ce65388	97f2b599fbe9ffa3
1788609885241362300	563	1	phase_loop[562]	1788609885231728	8818	0eb7fe515396e0f6	97f2b599fbe9ffa3
1788609885251300269	564	1	phase_loop[563]	1788609885241558	8986	37d3eabb4b0bdd5d	97f2b599fbe9ffa3
1788609885261328218	565	1	phase_loop[564]	1788609885251480	9067	06bcce9ae1661579	97f2b599fbe9ffa3
1788609885271483939	566	1	phase_loop[565]	1788609885261522	9025	3e05f393702a1a81	97f2b599fbe9ffa3
1788609885281224264	567	1	phase_loop[566]	1788609885271708	8836	c3bd148f211fd398	97f2b599fbe9ffa3
1788609885291393260	568	1	phase_loop[567]	1788609885281406	9143	5176eb81035307d1	97f2b599fbe9ffa3
1788609885301491091	569	1	phase_loop[568]	1788609885291615	8932	06b1439b76a3fac8	97f2b599fbe9ffa3
1788609885311307330	570	1	phase_loop[569]	1788609885301732	8815	0e2b107ce59d307a	97f2b599fbe9ffa3
1788609885321217416	571	1	phase_loop[570]	1788609885311497	9046	ad53dcc7d21d84ed	97f2b599fbe9ffa3
1788609885331491881	572	1	phase_loop[571]	1788609885321400	9149	4713b4b3571d8da5	97f2b599fbe9ffa3
1788609885341353336	573	1	phase_loop[572]	1788609885331732	8814	6fa9e42b5df87c93	97f2b599fbe9ffa3
1788609885351344365	574	1	phase_loop[573]	1788609885341546	9002	af74149b420e0e4b	97f2b599fbe9ffa3
1788609885361353218	575	1	phase_loop[574]	1788609885351539	9007	93543320a26dd724	97f2b599fbe9ffa3
1788609885371677788	576	1	phase_loop[575]	1788609885361547	9003	31e9406de942bb7a	97f2b599fbe9ffa3
1788609885381348452	577	1	phase_loop[576]	1788609885371957	8589	cd6447d3e246b9a6	97f2b599fbe9ffa3
1788609885391471510	578	1	phase_loop[577]	1788609885381630	8918	293ee8bea4f3b480	97f2b599fbe9ffa3
1788609885402014954	579	1	phase_loop[578]	1788609885391706	8842	3235ac3f9cd58567	97f2b599fbe9ffa3
1788609885411293797	580	1	phase_loop[579]	1788609885402239	8306	1df5097018507133	97f2b599fbe9ffa3
1788609885421322938	581	1	phase_loop[580]	1788609885411481	9065	ebf4022a67930a76	97f2b599fbe9ffa3
1788609885431474281	582	1	phase_loop[581]	1788609885421511	9037	8eeaaaaaad625126	97f2b599fbe9ffa3
1788609885441423822	583	1	phase_loop[582]	1788609885431705	8840	0dbc35e58156ed9b	97f2b599fbe9ffa3
1788609885451355148	584	1	phase_loop[583]	1788609885441649	8897	8df915e1bee0c226	97f2b599fbe9ffa3
1788609885461328364	585	1	phase_loop[584]	1788609885451552	8994	c1e0c17fc51ce74b	97f2b599fbe9ffa3
1788609885471373695	586	1	phase_loop[585]	1788609885461526	9020	bda70b778a6c73c4	97f2b599fbe9ffa3
1788609885481328747	587	1	phase_loop[586]	1788609885471565	8983	697ab54d0c9bcc1b	97f2b599fbe9ffa3
1788609885491407161	588	1	phase_loop[587]	1788609885481516	9031	daaa2e3e65cb1422	97f2b599fbe9ffa3
1788609885501426204	589	1	phase_loop[588]	1788609885491645	8902	51b8f3abe1cc5e7b	97f2b599fbe9ffa3
1788609885511344495	590	1	phase_loop[589]	1788609885501657	8890	4184b3b5b33469ae	97f2b599fbe9ffa3
1788609885521397422	591	1	phase_loop[590]	1788609885511538	9009	97da51cfd567e0a3	97f2b599fbe9ffa3
1788609885533106329	592	1	phase_loop[591]	1788609885521629	8921	56823942047e5c5b	97f2b599fbe9ffa3
1788609885541349684	593	1	phase_loop[592]	1788609885533374	7173	efb4e44bb94564a2	97f2b599fbe9ffa3
1788609885551255131	594	1	phase_loop[593]	1788609885541629	8949	0d903d0a534cae48	97f2b599fbe9ffa3
1788609885561386576	595	1	phase_loop[594]	1788609885551449	9097	cc55512ae1161044	97f2b599fbe9ffa3
1788609885571411329	596	1	phase_loop[595]	1788609885561604	8942	f3871f441ab6bcd1	97f2b599fbe9ffa3
1788609885581227558	597	1	phase_loop[596]	1788609885571642	8903	7d99c4fcbffe157a	97f2b599fbe9ffa3
1788609885591372288	598	1	phase_loop[597]	1788609885581408	9140	5fa6b471bf3d7ba7	97f2b599fbe9ffa3
1788609885601425595	599	1	phase_loop[598]	1788609885591591	8955	241aea2d5784688d	97f2b599fbe9ffa3
1788609885611302969	600	1	phase_loop[599]	1788609885601646	8900	86b4569bd0afa405	97f2b599fbe9ffa3
1788609885621205151	601	1	phase_loop[600]	1788609885611491	9053	587eaded6337dd53	97f2b599fbe9ffa3
1788609885631501557	602	1	phase_loop[601]	1788609885621385	9162	71988d60d13baf24	97f2b599fbe9ffa3
1788609885641344487	603	1	phase_loop[602]	1788609885631737	8809	a773831fd966d982	97f2b599fbe9ffa3
1788609885651334915	604	1	phase_loop[603]	1788609885641537	9010	5f98512a5d921946	97f2b599fbe9ffa3
1788609885661302660	605	1	phase_loop[604]	1788609885651527	9018	db5359c0cb55d02e	97f2b599fbe9ffa3
1788609885672234197	606	1	phase_loop[605]	1788609885661493	9057	99d77c90488e2017	97f2b599fbe9ffa3
1788609885681270702	607	1	phase_loop[606]	1788609885672443	8102	af90e683338030cd	97f2b599fbe9ffa3
1788609885691417636	608	1	phase_loop[607]	1788609885681457	9088	ffa28b42e56448ea	97f2b599fbe9ffa3
1788609885701697501	609	1	phase_loop[608]	1788609885691641	8905	acabaae30ce7e507	97f2b599fbe9ffa3
1788609885711342597	610	1	phase_loop[609]	1788609885701961	8585	f6a048b43ee62fac	97f2b599fbe9ffa3
1788609885721335159	611	1	phase_loop[610]	1788609885711572	8975	4adc7c78f3e4b725	97f2b599fbe9ffa3
1788609885731528120	612	1	phase_loop[611]	1788609885721520	9028	f4d827db91182e9a	97f2b599fbe9ffa3
1788609885741375498	613	1	phase_loop[612]	1788609885731766	8781	7e75d02a384432fe	97f2b599fbe9ffa3
1788609885751223066	614	1	phase_loop[613]	1788609885741570	8973	85c69585cdc4fa1a	97f2b599fbe9ffa3
1788609885761314405	615	1	phase_loop[614]	1788609885751405	9141	0c19db497469a6f8	97f2b599fbe9ffa3
1788609885771388190	616	1	phase_loop[615]	1788609885761507	9040	eec5066015c2ec43	97f2b599fbe9ffa3
1788609885781345516	617	1	phase_loop[616]	1788609885771584	8961	10cd3eef3a5d6b29	97f2b599fbe9ffa3
1788609885791389626	618	1	phase_loop[617]	1788609885781534	9014	3ead47dc46af2ee8	97f2b599fbe9ffa3
1788609885802189694	619	1	phase_loop[618]	1788609885791611	8938	07c1f1ca66fca931	97f2b599fbe9ffa3
1788609885811327681	620	1	phase_loop[619]	1788609885802426	8118	227be187b1eb68ae	97f2b599fbe9ffa3
1788609885821330613	621	1	phase_loop[620]	1788609885811518	9030	4c95ef7dee7435a8	97f2b599fbe9ffa3
1788609885833090166	622	1	phase_loop[621]	1788609885821523	9023	845ce5be7a8a0811	97f2b599fbe9ffa3
1788609885841379367	623	1	phase_loop[622]	1788609885833360	7185	824a7056b2cca3cf	97f2b599fbe9ffa3
1788609885851316926	624	1	phase_loop[623]	1788609885841582	8963	ab1e707a5306fce1	97f2b599fbe9ffa3
1788609885861495409	625	1	phase_loop[624]	1788609885851518	9026	14044c01606524a9	97f2b599fbe9ffa3
1788609885871320725	626	1	phase_loop[625]	1788609885861740	8806	b2d9666915cbe1f0	97f2b599fbe9ffa3
1788609885881398058	627	1	phase_loop[626]	1788609885871514	9068	5f9cddc9214bc077	97f2b599fbe9ffa3
1788609885891366164	628	1	phase_loop[627]	1788609885881598	8948	23eb60ac2e7b270c	97f2b599fbe9ffa3
1788609885901321746	629	1	phase_loop[628]	1788609885891558	8987	ed33b5177b424203	97f2b599fbe9ffa3
1788609885911362419	630	1	phase_loop[629]	1788609885901515	9031	7a2bbba467a65062	97f2b599fbe9ffa3
1788609885921386481	631	1	phase_loop[630]	1788609885911552	9002	33d751829c3062a2	97f2b599fbe9ffa3
1788609885931430370	632	1	phase_loop[631]	1788609885921579	8967	fd420c1613817b51	97f2b599fbe9ffa3
1788609885941346438	633	1	phase_loop[632]	1788609885931669	8878	202d6678bc5bd804	97f2b599fbe9ffa3
1788609885951321206	634	1	phase_loop[633]	1788609885941597	8949	f7c04b48180cd81d	97f2b599fbe9ffa3
1788609885961373311	635	1	phase_loop[634]	1788609885951507	9039	7ea18ed79fd133f6	97f2b599fbe9ffa3
1788609885971366965	636	1	phase_loop[635]	1788609885961585	8965	857292d75785b7c2	97f2b599fbe9ffa3
1788609885981202050	637	1	phase_loop[636]	1788609885971567	8976	e8fa3b2076dfaf5c	97f2b599fbe9ffa3
1788609885991404899	638	1	phase_loop[637]	1788609885981384	9163	aca53130d9cacc2d	97f2b599fbe9ffa3
1788609886001514663	639	1	phase_loop[638]	1788609885991627	8919	b88a2d55b8c32c32	97f2b599fbe9ffa3
1788609886011427474	640	1	phase_loop[639]	1788609886001820	8731	d445497242e50730	97f2b599fbe9ffa3
1788609886021295762	641	1	phase_loop[640]	1788609886011682	8864	2a73cbff9911a1c1	97f2b599fbe9ffa3
1788609886032750178	642	1	phase_loop[641]	1788609886021482	9073	b193ac9cc15c5ef1	97f2b599fbe9ffa3
1788609886041409830	643	1	phase_loop[642]	1788609886032984	7562	0a7d73649c1abd84	97f2b599fbe9ffa3
1788609886051202965	644	1	phase_loop[643]	1788609886041602	8941	6ae34731436f8c32	97f2b599fbe9ffa3
1788609886061304032	645	1	phase_loop[644]	1788609886051381	9164	023c339540257a0c	97f2b599fbe9ffa3
1788609886071350286	646	1	phase_loop[645]	1788609886061504	9043	5dec76b975c05439	97f2b599fbe9ffa3
1788609886081362916	647	1	phase_loop[646]	1788609886071548	8999	609f5e64a6ee9e0c	97f2b599fbe9ffa3
1788609886091425761	648	1	phase_loop[647]	1788609886081551	8995	214b5a2142a4efa2	97f2b599fbe9ffa3
1788609886101372827	649	1	phase_loop[648]	1788609886091648	8897	1ebd538780d63e41	97f2b599fbe9ffa3
1788609886111397940	650	1	phase_loop[649]	1788609886101567	8977	edfad102a7643eff	97f2b599fbe9ffa3
1788609886121294411	651	1	phase_loop[650]	1788609886111586	8958	c18c388792a8427e	97f2b599fbe9ffa3
1788609886131282334	652	1	phase_loop[651]	1788609886121492	9053	c372e0025f86852b	97f2b599fbe9ffa3
1788609886141309762	653	1	phase_loop[652]	1788609886131468	9079	a3027f2fcf0df604	97f2b599fbe9ffa3
1788609886151321440	654	1	phase_loop[653]	1788609886141512	9032	380d6870b2c9f2a7	97f2b599fbe9ffa3
1788609886161474346	655	1	phase_loop[654]	1788609886151540	9010	dc76b3a8d08c558b	97f2b599fbe9ffa3
1788609886171484782	656	1	phase_loop[655]	1788609886161794	8753	2204d752a3dd9a1a	97f2b599fbe9ffa3
1788609886181421899	657	1	phase_loop[656]	1788609886171695	8853	e707b512bac8f136	97f2b599fbe9ffa3
1788609886191371600	658	1	phase_loop[657]	1788609886181711	8835	05164148984eacec	97f2b599fbe9ffa3
1788609886201473769	659	1	phase_loop[658]	1788609886191592	8955	964d53916f44ba22	97f2b599fbe9ffa3
1788609886211335274	660	1	phase_loop[659]	1788609886201711	8874	33f63a42c159eaa9	97f2b599fbe9ffa3
1788609886221227326	661	1	phase_loop[660]	1788609886211527	9016	b3bb9bd68f9876bf	97f2b599fbe9ffa3
1788609886231383417	662	1	phase_loop[661]	1788609886221410	9136	2fe30f4079dedab5	97f2b599fbe9ffa3
1788609886241368485	663	1	phase_loop[662]	1788609886231631	8916	9069639236dc703e	97f2b599fbe9ffa3
1788609886251326682	664	1	phase_loop[663]	1788609886241559	8987	d863b68003b135c7	97f2b599fbe9ffa3
1788609886261499304	665	1	phase_loop[664]	1788609886251528	9018	0569c210c7b6915b	97f2b599fbe9ffa3
1788609886272419009	666	1	phase_loop[665]	1788609886261735	8813	587d7297b50e9c13	97f2b599fbe9ffa3
1788609886281327472	667	1	phase_loop[666]	1788609886272663	7883	2a1914ba3c32921c	97f2b599fbe9ffa3
1788609886291525452	668	1	phase_loop[667]	1788609886281542	9011	99e6d37ff06eb163	97f2b599fbe9ffa3
1788609886301535718	669	1	phase_loop[668]	1788609886291761	8786	ddfe95ec54002ae8	97f2b599fbe9ffa3
1788609886311808861	670	1	phase_loop[669]	1788609886301884	8665	2e617308c169b8da	97f2b599fbe9ffa3
1788609886321238438	671	1	phase_loop[670]	1788609886312024	8520	e5c22da100050796	97f2b599fbe9ffa3
1788609886333068865	672	1	phase_loop[671]	1788609886321430	9120	050ceec16508949e	97f2b599fbe9ffa3
1788609886341297522	673	1	phase_loop[672]	1788609886333303	7244	85c6b4977063e48a	97f2b599fbe9ffa3
1788609886351391296	674	1	phase_loop[673]	1788609886341501	9046	932e217fdcfb7697	97f2b599fbe9ffa3
1788609886361306892	675	1	phase_loop[674]	1788609886351609	8937	0fa8bfcb17043f45	97f2b599fbe9ffa3
1788609886371282332	676	1	phase_loop[675]	1788609886361497	9048	1c5a5d78faa408a3	97f2b599fbe9ffa3
1788609886381326211	677	1	phase_loop[676]	1788609886371470	9078	efdd35a97690d349	97f2b599fbe9ffa3
1788609886391412992	678	1	phase_loop[677]	1788609886381520	9028	d5991ad92128072a	97f2b599fbe9ffa3
1788609886401339729	679	1	phase_loop[678]	1788609886391668	8879	a486c28522010d39	97f2b599fbe9ffa3
1788609886411375954	680	1	phase_loop[679]	1788609886401582	8966	8a80018201413b20	97f2b599fbe9ffa3
1788609886421235555	681	1	phase_loop[680]	1788609886411565	8979	f61385d755a4f195	97f2b599fbe9ffa3
1788609886431550256	682	1	phase_loop[681]	1788609886421419	9130	87bc5bbb87d28ff4	97f2b599fbe9ffa3
1788609886441356355	683	1	phase_loop[682]	1788609886431795	8752	f31b2420cd08d231	97f2b599fbe9ffa3
1788609886451257915	684	1	phase_loop[683]	1788609886441558	8987	948f20f534c46071	97f2b599fbe9ffa3
1788609886461456046	685	1	phase_loop[684]	1788609886451449	9099	c2636940f1ce3ed6	97f2b599fbe9ffa3
1788609886471330054	686	1	phase_loop[685]	1788609886461680	8866	a0d6e6749a5f675f	97f2b599fbe9ffa3
1788609886481378672	687	1	phase_loop[686]	1788609886471519	9028	fec973810b61c8d1	97f2b599fbe9ffa3
1788609886491492754	688	1	phase_loop[687]	1788609886481605	8944	c0e6f362049b9b3f	97f2b599fbe9ffa3
1788609886501542344	689	1	phase_loop[688]	1788609886491718	8829	169d24383bc811e8	97f2b599fbe9ffa3
1788609886511310432	690	1	phase_loop[689]	1788609886501784	8761	84f05579f415a526	97f2b599fbe9ffa3
1788609886521258069	691	1	phase_loop[690]	1788609886511525	9019	f12caa1752852f74	97f2b599fbe9ffa3
1788609886531545448	692	1	phase_loop[691]	1788609886521459	9086	f448afedc6744b43	97f2b599fbe9ffa3
1788609886541380783	693	1	phase_loop[692]	1788609886531790	8805	303b2447cbcf2738	97f2b599fbe9ffa3
1788609886551339611	694	1	phase_loop[693]	1788609886541572	8974	1578275bbd975511	97f2b599fbe9ffa3
1788609886561362771	695	1	phase_loop[694]	1788609886551533	9012	19941382bd054fb3	97f2b599fbe9ffa3
1788609886571375842	696	1	phase_loop[695]	1788609886561552	8995	801418ac2ab50d61	97f2b599fbe9ffa3
1788609886581194576	697	1	phase_loop[696]	1788609886571564	8979	a87e5da16fc97d50	97f2b599fbe9ffa3
1788609886591395111	698	1	phase_loop[697]	1788609886581374	9175	555140bcb9b2157d	97f2b599fbe9ffa3
1788609886601449350	699	1	phase_loop[698]	1788609886591619	8928	9e5f164767d6aa74	97f2b599fbe9ffa3
1788609886611328688	700	1	phase_loop[699]	1788609886601673	8874	c7195160ed7274d2	97f2b599fbe9ffa3
1788609886621184982	701	1	phase_loop[700]	1788609886611518	9025	04d1a39354d53c53	97f2b599fbe9ffa3
1788609886631539649	702	1	phase_loop[701]	1788609886621360	9190	ed0b3c7afa5d18b7	97f2b599fbe9ffa3
1788609886641350548	703	1	phase_loop[702]	1788609886631779	8767	d5b0b8eb8b871506	97f2b599fbe9ffa3
1788609886651254793	704	1	phase_loop[703]	1788609886641536	9008	7ca15b696bcf4f4e	97f2b599fbe9ffa3
1788609886661309152	705	1	phase_loop[704]	1788609886651446	9100	8e9524cf0bc5241e	97f2b599fbe9ffa3
1788609886671387396	706	1	phase_loop[705]	1788609886661567	8981	e4e1c3fc9bb72816	97f2b599fbe9ffa3
1788609886681368867	707	1	phase_loop[706]	1788609886671618	8927	e11f8c837f586b3e	97f2b599fbe9ffa3
1788609886691389312	708	1	phase_loop[707]	1788609886681552	8995	1e9ad85a0eeb4356	97f2b599fbe9ffa3
1788609886701416810	709	1	phase_loop[708]	1788609886691643	8908	dc7d17224ed79e57	97f2b599fbe9ffa3
1788609886711352805	710	1	phase_loop[709]	1788609886701644	8902	342c206e6696697a	97f2b599fbe9ffa3
1788609886721248815	711	1	phase_loop[710]	1788609886711538	9005	4fccbeba38c4db85	97f2b599fbe9ffa3
1788609886731515405	712	1	phase_loop[711]	1788609886721432	9117	531056b7813489d6	97f2b599fbe9ffa3
1788609886741342955	713	1	phase_loop[712]	1788609886731752	8794	0c399fb16924406d	97f2b599fbe9ffa3
1788609886751248012	714	1	phase_loop[713]	1788609886741593	8951	fed3f8f3a6f8da31	97f2b599fbe9ffa3
1788609886761349790	715	1	phase_loop[714]	1788609886751431	9115	f81a2b27c3e6830b	97f2b599fbe9ffa3
1788609886771421392	716	1	phase_loop[715]	1788609886761538	9008	6af357b12f311f8d	97f2b599fbe9ffa3
1788609886781328382	717	1	phase_loop[716]	1788609886771667	8878	faec59686e960520	97f2b599fbe9ffa3
1788609886791379144	718	1	phase_loop[717]	1788609886781522	9028	14eac723633bbfbb	97f2b599fbe9ffa3
1788609886801441158	719	1	phase_loop[718]	1788609886791601	8947	dee7ed2c73ed85e6	97f2b599fbe9ffa3
1788609886811368587	720	1	phase_loop[719]	1788609886801682	8863	33c04fbafd9f287a	97f2b599fbe9ffa3
1788609886821343676	721	1	phase_loop[720]	1788609886811560	8987	935af5c81da53dcb	97f2b599fbe9ffa3
1788609886831520717	722	1	phase_loop[721]	1788609886821589	8958	d94070abd561b653	97f2b599fbe9ffa3
1788609886841406276	723	1	phase_loop[722]	1788609886831756	8789	256b4d222d1f6019	97f2b599fbe9ffa3
1788609886851312024	724	1	phase_loop[723]	1788609886841613	8932	b2d598df3d759416	97f2b599fbe9ffa3
1788609886861353248	725	1	phase_loop[724]	1788609886851499	9047	9851314271afc397	97f2b599fbe9ffa3
1788609886871384113	726	1	phase_loop[725]	1788609886861546	9048	19ac6bba5549bf21	97f2b599fbe9ffa3
1788609886881188910	727	1	phase_loop[726]	1788609886871574	8969	4eebea18088a5810	97f2b599fbe9ffa3
1788609886891385688	728	1	phase_loop[727]	1788609886881368	9181	a00173413a9ef689	97f2b599fbe9ffa3
1788609886901497386	729	1	phase_loop[728]	1788609886891623	8924	27049fcf71af6e85	97f2b599fbe9ffa3
1788609886911349713	730	1	phase_loop[729]	1788609886901760	8787	4913f9c35a8334dc	97f2b599fbe9ffa3
1788609886921306056	731	1	phase_loop[730]	1788609886911536	9009	8f5acbce1668bd15	97f2b599fbe9ffa3
1788609886931502374	732	1	phase_loop[731]	1788609886921494	9053	77c27f5746b2aaa7	97f2b599fbe9ffa3
1788609886941356153	733	1	phase_loop[732]	1788609886931745	8803	24fdbbace6e353a6	97f2b599fbe9ffa3
1788609886951227887	734	1	phase_loop[733]	1788609886941545	8999	60c335d0822f952b	97f2b599fbe9ffa3
1788609886961297926	735	1	phase_loop[734]	1788609886951415	9131	367ea965d8c71078	97f2b599fbe9ffa3
1788609886971375679	736	1	phase_loop[735]	1788609886961490	9062	410c54d7afc1338b	97f2b599fbe9ffa3
1788609886981317805	737	1	phase_loop[736]	1788609886971615	8930	44d37843f830eef0	97f2b599fbe9ffa3
1788609886991424273	738	1	phase_loop[737]	1788609886981597	8951	908c3e31ae86c66d	97f2b599fbe9ffa3
1788609887001528045	739	1	phase_loop[738]	1788609886991685	8863	cb7f60ddd35346f9	97f2b599fbe9ffa3
1788609887011300812	740	1	phase_loop[739]	1788609887001808	8738	ec66f96a3067e426	97f2b599fbe9ffa3
1788609887021164410	741	1	phase_loop[740]	1788609887011493	9051	3cc0d45320a8ac17	97f2b599fbe9ffa3
1788609887032152414	742	1	phase_loop[741]	1788609887021344	9204	c1724a91177d7d87	97f2b599fbe9ffa3
1788609887041326979	743	1	phase_loop[742]	1788609887032375	8171	2fbef02324f69a7e	97f2b599fbe9ffa3
1788609887051229101	744	1	phase_loop[743]	1788609887041518	9026	6bbdd8a360f20473	97f2b599fbe9ffa3
1788609887061306964	745	1	phase_loop[744]	1788609887051414	9132	0e0dc0a92d7a3a06	97f2b599fbe9ffa3
1788609887071401839	746	1	phase_loop[745]	1788609887061503	9045	f1172f377e2c6763	97f2b599fbe9ffa3
1788609887081155660	747	1	phase_loop[746]	1788609887071600	8942	63e240e159cc9787	97f2b599fbe9ffa3
1788609887091374770	748	1	phase_loop[747]	1788609887081334	9211	f48ff5852e2505e3	97f2b599fbe9ffa3
1788609887101383834	749	1	phase_loop[748]	1788609887091598	8951	61f2b2b802ea7d84	97f2b599fbe9ffa3
1788609887111323155	750	1	phase_loop[749]	1788609887101661	8885	424ffd44a78939f8	97f2b599fbe9ffa3
1788609887121388655	751	1	phase_loop[750]	1788609887111516	9030	fd3c0720bd33f054	97f2b599fbe9ffa3
1788609887131715379	752	1	phase_loop[751]	1788609887121610	8937	398bbe6b3d361437	97f2b599fbe9ffa3
1788609887141453630	753	1	phase_loop[752]	1788609887132056	8492	0e0cff308c1d3403	97f2b599fbe9ffa3
1788609887151296619	754	1	phase_loop[753]	1788609887141718	8828	567e7ea6e358d2a6	97f2b599fbe9ffa3
1788609887161455666	755	1	phase_loop[754]	1788609887151488	9058	8bae060ea5ddb5d1	97f2b599fbe9ffa3
1788609887171372274	756	1	phase_loop[755]	1788609887161663	8883	52f8e15627d96e98	97f2b599fbe9ffa3
1788609887181179376	757	1	phase_loop[756]	1788609887171571	8972	9519cceedd500ef5	97f2b599fbe9ffa3
1788609887191399308	758	1	phase_loop[757]	1788609887181357	9191	c0e370c8385b54d0	97f2b599fbe9ffa3
1788609887201395416	759	1	phase_loop[758]	1788609887191622	8971	79c67389a5be2eac	97f2b599fbe9ffa3
1788609887211326372	760	1	phase_loop[759]	1788609887201635	8912	424ad485a0f0fc26	97f2b599fbe9ffa3
1788609887221183478	761	1	phase_loop[760]	1788609887211516	9027	52f8de129a4c138a	97f2b599fbe9ffa3
1788609887231479494	762	1	phase_loop[761]	1788609887221368	9182	15b9ba749b71dbb2	97f2b599fbe9ffa3
1788609887241358020	763	1	phase_loop[762]	1788609887231689	8857	ab2e57b8dfb6d53d	97f2b599fbe9ffa3
1788609887251329031	764	1	phase_loop[763]	1788609887241547	9001	7bb8ad242075c618	97f2b599fbe9ffa3
1788609887261331372	765	1	phase_loop[764]	1788609887251520	9026	b6e5d099f4669d4a	97f2b599fbe9ffa3
1788609887271370642	766	1	phase_loop[765]	1788609887261530	9020	9befeea40580eb41	97f2b599fbe9ffa3
1788609887281319692	767	1	phase_loop[766]	1788609887271590	8955	84f0405b05fa0071	97f2b599fbe9ffa3
1788609887291524074	768	1	phase_loop[767]	1788609887281515	9039	0c445287ed1d432a	97f2b599fbe9ffa3
1788609887301473846	769	1	phase_loop[768]	1788609887291783	8766	a995a9de50ca16b6	97f2b599fbe9ffa3
1788609887311317516	770	1	phase_loop[769]	1788609887301700	8845	e5be0234116c1785	97f2b599fbe9ffa3
1788609887321233794	771	1	phase_loop[770]	1788609887311509	9035	4e20cf7103a3bf9c	97f2b599fbe9ffa3
1788609887331481388	772	1	phase_loop[771]	1788609887321417	9131	2d8f524799934246	97f2b599fbe9ffa3
1788609887341339867	773	1	phase_loop[772]	1788609887331775	8771	0ca4e5cc133a4e2c	97f2b599fbe9ffa3
1788609887351213624	774	1	phase_loop[773]	1788609887341528	9016	2d20ba6fa10ab031	97f2b599fbe9ffa3
1788609887361315132	775	1	phase_loop[774]	1788609887351402	9144	d43e62bfc9307b0f	97f2b599fbe9ffa3
1788609887371397003	776	1	phase_loop[775]	1788609887361509	9038	94a14fee020f23ab	97f2b599fbe9ffa3
1788609887381195328	777	1	phase_loop[776]	1788609887371597	8947	b58d108e691087fc	97f2b599fbe9ffa3
1788609887391403437	778	1	phase_loop[777]	1788609887381375	9171	cb3f9eefaffadad2	97f2b599fbe9ffa3
1788609887401477814	779	1	phase_loop[778]	1788609887391638	8909	b451744295cc8a07	97f2b599fbe9ffa3
1788609887411333948	780	1	phase_loop[779]	1788609887401713	8834	2be6baa02913b7ec	97f2b599fbe9ffa3
1788609887421364993	781	1	phase_loop[780]	1788609887411522	9025	1eb6648c83568993	97f2b599fbe9ffa3
1788609887431482050	782	1	phase_loop[781]	1788609887421563	8985	c26dfa2523c3024c	97f2b599fbe9ffa3
1788609887441420510	783	1	phase_loop[782]	1788609887431720	8826	c02eb1d790c0b07e	97f2b599fbe9ffa3
1788609887451320176	784	1	phase_loop[783]	1788609887441658	8887	edd053e86e1219a4	97f2b599fbe9ffa3
1788609887461340551	785	1	phase_loop[784]	1788609887451515	9030	e463fbbb0a84dadc	97f2b599fbe9ffa3
1788609887471375263	786	1	phase_loop[785]	1788609887461629	8916	d82c923d6379356f	97f2b599fbe9ffa3
1788609887481242528	787	1	phase_loop[786]	1788609887471566	8976	c70833949cf6806d	97f2b599fbe9ffa3
1788609887491379112	788	1	phase_loop[787]	1788609887481433	9115	40d8024c0133aa2f	97f2b599fbe9ffa3
1788609887501473947	789	1	phase_loop[788]	1788609887491600	8947	120e339e63f46df2	97f2b599fbe9ffa3
1788609887511334490	790	1	phase_loop[789]	1788609887501712	8834	53cce5f6474fe943	97f2b599fbe9ffa3
1788609887521261979	791	1	phase_loop[790]	1788609887511519	9023	e1433453f1616087	97f2b599fbe9ffa3
1788609887532443659	792	1	phase_loop[791]	1788609887521458	9161	b2d65512988b7aa7	97f2b599fbe9ffa3
1788609887541358383	793	1	phase_loop[792]	1788609887532696	7851	fd0fa14c668c7718	97f2b599fbe9ffa3
1788609887551342038	794	1	phase_loop[793]	1788609887541646	8901	15197943701404d5	97f2b599fbe9ffa3
1788609887561300195	795	1	phase_loop[794]	1788609887551533	9013	1a196aa467a25e09	97f2b599fbe9ffa3
1788609887571372468	796	1	phase_loop[795]	1788609887561490	9056	6d3d018f32587cdd	97f2b599fbe9ffa3
1788609887581264600	797	1	phase_loop[796]	1788609887571627	8917	9e315f1d58e74ba0	97f2b599fbe9ffa3
1788609887591493169	798	1	phase_loop[797]	1788609887581448	9103	69496010807169ea	97f2b599fbe9ffa3
1788609887601332641	799	1	phase_loop[798]	1788609887591731	8817	535f46a39db04c5e	97f2b599fbe9ffa3
1788609887611340963	800	1	phase_loop[799]	1788609887601565	8979	830b5dd6e003eab3	97f2b599fbe9ffa3
1788609887621147313	801	1	phase_loop[800]	1788609887611539	9003	a017bd7beea7cf66	97f2b599fbe9ffa3
1788609887631488725	802	1	phase_loop[801]	1788609887621322	9226	86388c22e1335ba4	97f2b599fbe9ffa3
1788609887641403950	803	1	phase_loop[802]	1788609887631733	8813	e182f48ad3b55535	97f2b599fbe9ffa3
1788609887651179141	804	1	phase_loop[803]	1788609887641601	8942	f84fa672cf0e4c86	97f2b599fbe9ffa3
1788609887661325083	805	1	phase_loop[804]	1788609887651360	9187	629f032a69fcb83b	97f2b599fbe9ffa3
1788609887671349005	806	1	phase_loop[805]	1788609887661522	9026	8af070d0dc1362cd	97f2b599fbe9ffa3
1788609887681208856	807	1	phase_loop[806]	1788609887671539	9004	2783ea36b83c20bf	97f2b599fbe9ffa3
1788609887691365688	808	1	phase_loop[807]	1788609887681395	9151	c1bcdd10c7829581	97f2b599fbe9ffa3
1788609887701380773	809	1	phase_loop[808]	1788609887691578	8971	499611d9cfbf9066	97f2b599fbe9ffa3
1788609887711349500	810	1	phase_loop[809]	1788609887701692	8854	5f065873bf1c75c6	97f2b599fbe9ffa3
1788609887721326082	811	1	phase_loop[810]	1788609887711537	9009	e01a856c9ab111f8	97f2b599fbe9ffa3
1788609887731543259	812	1	phase_loop[811]	1788609887721517	9031	5d9cc09ee337c2d1	97f2b599fbe9ffa3
1788609887741325673	813	1	phase_loop[812]	1788609887731781	8765	d50b3ce9541afa04	97f2b599fbe9ffa3
1788609887751205652	814	1	phase_loop[813]	1788609887741518	9026	c41568d05b36681d	97f2b599fbe9ffa3
1788609887761331116	815	1	phase_loop[814]	1788609887751393	9153	b95e0615c410d92b	97f2b599fbe9ffa3
1788609887771404741	816	1	phase_loop[815]	1788609887761523	9023	d4328bf1ab874828	97f2b599fbe9ffa3
1788609887781342930	817	1	phase_loop[816]	1788609887771606	8939	4ea4bc5232ca795a	97f2b599fbe9ffa3
1788609887791364467	818	1	phase_loop[817]	1788609887781558	8990	620020b603713808	97f2b599fbe9ffa3
1788609887801560554	819	1	phase_loop[818]	1788609887791593	8953	90e8f726dde9e3c6	97f2b599fbe9ffa3
1788609887811327990	820	1	phase_loop[819]	1788609887801783	8764	ccaa54af0f8d8840	97f2b599fbe9ffa3
1788609887821156482	821	1	phase_loop[820]	1788609887811521	9022	24d8d2e18a04400a	97f2b599fbe9ffa3
1788609887831483346	822	1	phase_loop[821]	1788609887821334	9215	aa95d261c0655f32	97f2b599fbe9ffa3
1788609887841337246	823	1	phase_loop[822]	1788609887831723	8823	6fd5fa065c92707e	97f2b599fbe9ffa3
1788609887851326722	824	1	phase_loop[823]	1788609887841530	9016	6012b5a7131f0067	97f2b599fbe9ffa3
1788609887861357707	825	1	phase_loop[824]	1788609887851515	9075	b8984f9897d98bf6	97f2b599fbe9ffa3
1788609887871451490	826	1	phase_loop[825]	1788609887861661	8887	6a9d617c5978a018	97f2b599fbe9ffa3
1788609887881238574	827	1	phase_loop[826]	1788609887871649	8894	8a0096c0ffacc868	97f2b599fbe9ffa3
1788609887891369878	828	1	phase_loop[827]	1788609887881423	9124	9aaebf51e10a5a73	97f2b599fbe9ffa3
1788609887901395563	829	1	phase_loop[828]	1788609887891604	8944	06e3acd04557718a	97f2b599fbe9ffa3
1788609887911322250	830	1	phase_loop[829]	1788609887901636	8909	3fb706388b9142c8	97f2b599fbe9ffa3
1788609887921314141	831	1	phase_loop[830]	1788609887911518	9028	171c1235b0cbd91a	97f2b599fbe9ffa3
1788609887931718582	832	1	phase_loop[831]	1788609887921503	9044	e824560fa92c3338	97f2b599fbe9ffa3
1788609887941362815	833	1	phase_loop[832]	1788609887931981	8567	02527c0cacd84e35	97f2b599fbe9ffa3
1788609887951370105	834	1	phase_loop[833]	1788609887941561	8984	8e8ab393bf529229	97f2b599fbe9ffa3
1788609887961307212	835	1	phase_loop[834]	1788609887951606	8940	f50254d165b43d3a	97f2b599fbe9ffa3
1788609887971372712	836	1	phase_loop[835]	1788609887961509	9037	f436cb630ddd74b0	97f2b599fbe9ffa3
1788609887981224628	837	1	phase_loop[836]	1788609887971565	8978	d8cb60bdd3c41323	97f2b599fbe9ffa3
1788609887991397321	838	1	phase_loop[837]	1788609887981404	9144	5eb5fd4ed43415ea	97f2b599fbe9ffa3
1788609888001490924	839	1	phase_loop[838]	1788609887991619	8932	4ea5dbd14c7c2071	97f2b599fbe9ffa3
1788609888011314026	840	1	phase_loop[839]	1788609888001718	8827	92767c1706f4a220	97f2b599fbe9ffa3
1788609888021335292	841	1	phase_loop[840]	1788609888011506	9040	786b5561b9f72b4e	97f2b599fbe9ffa3
1788609888031521470	842	1	phase_loop[841]	1788609888021535	9013	2c5c0509b945d52e	97f2b599fbe9ffa3
1788609888041319193	843	1	phase_loop[842]	1788609888031766	8780	14c8bfd5f3ce59bb	97f2b599fbe9ffa3
1788609888051193802	844	1	phase_loop[843]	1788609888041510	9033	c5372d6180c0ff29	97f2b599fbe9ffa3
1788609888061371194	845	1	phase_loop[844]	1788609888051377	9171	8965f5bc19aebae8	97f2b599fbe9ffa3
1788609888071407478	846	1	phase_loop[845]	1788609888061569	8976	06956d9a06540a7f	97f2b599fbe9ffa3
1788609888081405811	847	1	phase_loop[846]	1788609888071607	8941	d4798fdf7f212a93	97f2b599fbe9ffa3
1788609888091450662	848	1	phase_loop[847]	1788609888081638	8912	5f58ebb47952aa16	97f2b599fbe9ffa3
1788609888101365156	849	1	phase_loop[848]	1788609888091672	8877	99022dbaad4270c3	97f2b599fbe9ffa3
1788609888111353881	850	1	phase_loop[849]	1788609888101593	8953	3d4917441550ebef	97f2b599fbe9ffa3
1788609888121243929	851	1	phase_loop[850]	1788609888111541	9001	a17aa595a881d8d5	97f2b599fbe9ffa3
1788609888131501693	852	1	phase_loop[851]	1788609888121430	9117	d8f558f4cd3a5bf0	97f2b599fbe9ffa3
1788609888141335915	853	1	phase_loop[852]	1788609888131737	8809	5d46ac4d7c49d126	97f2b599fbe9ffa3
1788609888151304371	854	1	phase_loop[853]	1788609888141533	9014	866ae327bd9c7851	97f2b599fbe9ffa3
1788609888161314406	855	1	phase_loop[854]	1788609888151494	9052	655abd870a908e68	97f2b599fbe9ffa3
1788609888171394654	856	1	phase_loop[855]	1788609888161506	9044	e0230ebcabe3a168	97f2b599fbe9ffa3
1788609888181188781	857	1	phase_loop[856]	1788609888171586	8959	dc0c33deff3b57fc	97f2b599fbe9ffa3
1788609888191417469	858	1	phase_loop[857]	1788609888181367	9233	444cc55eb0d147bd	97f2b599fbe9ffa3
1788609888201543674	859	1	phase_loop[858]	1788609888191639	8908	eadd682ffded91c0	97f2b599fbe9ffa3
1788609888211330477	860	1	phase_loop[859]	1788609888201769	8778	1f18644482ea792b	97f2b599fbe9ffa3
1788609888221193494	861	1	phase_loop[860]	1788609888211522	9021	babe77cd570f5069	97f2b599fbe9ffa3
1788609888233320581	862	1	phase_loop[861]	1788609888221379	9172	91d6608113e2b37e	97f2b599fbe9ffa3
1788609888241360912	863	1	phase_loop[862]	1788609888233575	6973	fe5622ee5f293d69	97f2b599fbe9ffa3
1788609888251386697	864	1	phase_loop[863]	1788609888241548	9001	43bb213edc404efb	97f2b599fbe9ffa3
1788609888261354693	865	1	phase_loop[864]	1788609888251612	8933	e0e2e833ba9509e2	97f2b599fbe9ffa3
1788609888271357133	866	1	phase_loop[865]	1788609888261584	8963	dd96bae866b6dc44	97f2b599fbe9ffa3
1788609888281205182	867	1	phase_loop[866]	1788609888271549	8993	0ad8a53aba19c10b	97f2b599fbe9ffa3
1788609888291378245	868	1	phase_loop[867]	1788609888281385	9159	92d64762603170fb	97f2b599fbe9ffa3
1788609888301381437	869	1	phase_loop[868]	1788609888291610	8939	8ac28a695bc2910c	97f2b599fbe9ffa3
1788609888311326479	870	1	phase_loop[869]	1788609888301614	8933	d236ad4a6752d440	97f2b599fbe9ffa3
1788609888321301188	871	1	phase_loop[870]	1788609888311521	9025	081d63c72ef4f686	97f2b599fbe9ffa3
1788609888331513425	872	1	phase_loop[871]	1788609888321489	9058	033279cbee92871a	97f2b599fbe9ffa3
1788609888341329844	873	1	phase_loop[872]	1788609888331751	8794	aef2db1b8edb336b	97f2b599fbe9ffa3
1788609888351248135	874	1	phase_loop[873]	1788609888341521	9022	d5759d2824c616e9	97f2b599fbe9ffa3
1788609888361311762	875	1	phase_loop[874]	1788609888351431	9116	7d4a3897ad2af544	97f2b599fbe9ffa3
1788609888371358646	876	1	phase_loop[875]	1788609888361506	9042	b808cd1cf79b0156	97f2b599fbe9ffa3
1788609888381349525	877	1	phase_loop[876]	1788609888371553	8995	2efbafbb8d1546e6	97f2b599fbe9ffa3
1788609888391368437	878	1	phase_loop[877]	1788609888381538	9008	5ff63644f75bb263	97f2b599fbe9ffa3
1788609888401385726	879	1	phase_loop[878]	1788609888391591	8958	1ec25d12abff51c6	97f2b599fbe9ffa3
1788609888411355965	880	1	phase_loop[879]	1788609888401640	8906	2410e5a2eab3015e	97f2b599fbe9ffa3
1788609888421147237	881	1	phase_loop[880]	1788609888411552	8991	6449a36437f52a7e	97f2b599fbe9ffa3
1788609888431344967	882	1	phase_loop[881]	1788609888421322	9223	ab4e37f9d67e7b26	97f2b599fbe9ffa3
1788609888441493553	883	1	phase_loop[882]	1788609888431532	9013	b85604a2e6c7a243	97f2b599fbe9ffa3
1788609888451311976	884	1	phase_loop[883]	1788609888441735	8811	1edadb05b3116daa	97f2b599fbe9ffa3
1788609888461320829	885	1	phase_loop[884]	1788609888451522	9023	e5f7fa262e3f9b6b	97f2b599fbe9ffa3
1788609888471391889	886	1	phase_loop[885]	1788609888461510	9038	9dede418e123b19a	97f2b599fbe9ffa3
1788609888481156841	887	1	phase_loop[886]	1788609888471601	8943	9c324934798122d8	97f2b599fbe9ffa3
1788609888491414594	888	1	phase_loop[887]	1788609888481341	9204	e06c574a4e09204d	97f2b599fbe9ffa3
1788609888501529107	889	1	phase_loop[888]	1788609888491638	8910	cf030d8e61cda32e	97f2b599fbe9ffa3
1788609888511315469	890	1	phase_loop[889]	1788609888501766	8783	723d0db364e6967a	97f2b599fbe9ffa3
1788609888521255592	891	1	phase_loop[890]	1788609888511501	9077	83f3155827013e9f	97f2b599fbe9ffa3
1788609888531465755	892	1	phase_loop[891]	1788609888521439	9109	754005da94b94df0	97f2b599fbe9ffa3
1788609888541360662	893	1	phase_loop[892]	1788609888531698	8850	748fcd74302ac4dd	97f2b599fbe9ffa3
1788609888551330211	894	1	phase_loop[893]	1788609888541557	8993	212846489cfa00e8	97f2b599fbe9ffa3
1788609888561351657	895	1	phase_loop[894]	1788609888551536	9010	34d5ec8031330222	97f2b599fbe9ffa3
1788609888571394715	896	1	phase_loop[895]	1788609888561550	8996	f8d47b05896ed5e7	97f2b599fbe9ffa3
1788609888581156721	897	1	phase_loop[896]	1788609888571592	8952	87caf0c49215135d	97f2b599fbe9ffa3
1788609888591362566	898	1	phase_loop[897]	1788609888581332	9215	4a206d1b61fbba39	97f2b599fbe9ffa3
1788609888601429318	899	1	phase_loop[898]	1788609888591607	8940	ad6a7d2e7326c5a6	97f2b599fbe9ffa3
1788609888611326339	900	1	phase_loop[899]	1788609888601676	8871	8c9731b4403e903c	97f2b599fbe9ffa3
1788609888621315906	901	1	phase_loop[900]	1788609888611515	9031	d970eecf2d7d52ef	97f2b599fbe9ffa3
1788609888631498337	902	1	phase_loop[901]	1788609888621504	9044	3029b30e8c37e4d1	97f2b599fbe9ffa3
1788609888641360462	903	1	phase_loop[902]	1788609888631736	8810	c0ed8d020be6a9bb	97f2b599fbe9ffa3
1788609888651251522	904	1	phase_loop[903]	1788609888641557	8987	385201f89246ed1b	97f2b599fbe9ffa3
1788609888661302555	905	1	phase_loop[904]	1788609888651441	9107	43979d6a9c355e12	97f2b599fbe9ffa3
1788609888671388182	906	1	phase_loop[905]	1788609888661497	9051	a7bebc58b52df57f	97f2b599fbe9ffa3
1788609888681347381	907	1	phase_loop[906]	1788609888671580	8967	ee1011c11d38789f	97f2b599fbe9ffa3
1788609888691391711	908	1	phase_loop[907]	1788609888681534	9013	59493c7a07c1d601	97f2b599fbe9ffa3
1788609888701606303	909	1	phase_loop[908]	1788609888691609	8937	4fd9c50e2976c153	97f2b599fbe9ffa3
1788609888711349824	910	1	phase_loop[909]	1788609888701917	8629	6ca715812254acd5	97f2b599fbe9ffa3
1788609888721227539	911	1	phase_loop[910]	1788609888711541	9003	4409915f76646414	97f2b599fbe9ffa3
1788609888732253675	912	1	phase_loop[911]	1788609888721414	9135	3f652d1c72a7f84f	97f2b599fbe9ffa3
1788609888741379137	913	1	phase_loop[912]	1788609888732508	8039	37bffa8c3b226400	97f2b599fbe9ffa3
1788609888751297850	914	1	phase_loop[913]	1788609888741632	8913	d2cc363bb6ec9cf7	97f2b599fbe9ffa3
1788609888761473147	915	1	phase_loop[914]	1788609888751487	9060	81006f4df9b34019	97f2b599fbe9ffa3
1788609888771465719	916	1	phase_loop[915]	1788609888761703	8844	391f8185a94d85bc	97f2b599fbe9ffa3
1788609888781255347	917	1	phase_loop[916]	1788609888771696	8848	e40282b756d7eba7	97f2b599fbe9ffa3
1788609888791406920	918	1	phase_loop[917]	1788609888781442	9109	17ea63258ebc9bc6	97f2b599fbe9ffa3
1788609888801428166	919	1	phase_loop[918]	1788609888791646	8900	3869a6e322380cea	97f2b599fbe9ffa3
1788609888811338302	920	1	phase_loop[919]	1788609888801719	8827	8636023bc78f554c	97f2b599fbe9ffa3
1788609888821195148	921	1	phase_loop[920]	1788609888811527	9015	0b14255e1b8cbf77	97f2b599fbe9ffa3
1788609888831520328	922	1	phase_loop[921]	1788609888821374	9173	21d55f0666d3c747	97f2b599fbe9ffa3
1788609888841315728	923	1	phase_loop[922]	1788609888831764	8783	75567d5b0624b712	97f2b599fbe9ffa3
1788609888851355649	924	1	phase_loop[923]	1788609888841507	9083	6ac82926237ef21d	97f2b599fbe9ffa3
1788609888861321220	925	1	phase_loop[924]	1788609888851546	9001	9ff25d1823005108	97f2b599fbe9ffa3
1788609888871362634	926	1	phase_loop[925]	1788609888861517	9030	f02275caa597edd8	97f2b599fbe9ffa3
1788609888881180346	927	1	phase_loop[926]	1788609888871557	8986	a12dbb7a4f6d38dd	97f2b599fbe9ffa3
1788609888891613090	928	1	phase_loop[927]	1788609888881357	9195	c603971b56a62531	97f2b599fbe9ffa3
1788609888901403289	929	1	phase_loop[928]	1788609888891886	8667	bbb5c3b7ced3c3bb	97f2b599fbe9ffa3
1788609888911402814	930	1	phase_loop[929]	1788609888901622	8923	58204a3ac6f4a75f	97f2b599fbe9ffa3
1788609888921341184	931	1	phase_loop[930]	1788609888911638	8908	28991426b2b297fe	97f2b599fbe9ffa3
1788609888931499078	932	1	phase_loop[931]	1788609888921528	9019	d3c036a616421240	97f2b599fbe9ffa3
1788609888941346286	933	1	phase_loop[932]	1788609888931735	8811	e1085a4adbcaa568	97f2b599fbe9ffa3
1788609888951244569	934	1	phase_loop[933]	1788609888941541	9001	9fe0d6f0d209782b	97f2b599fbe9ffa3
1788609888961330458	935	1	phase_loop[934]	1788609888951433	9114	bbae0a3780af7c34	97f2b599fbe9ffa3
1788609888971374276	936	1	phase_loop[935]	1788609888961528	9018	b54f36364d1b8bf6	97f2b599fbe9ffa3
1788609888981353794	937	1	phase_loop[936]	1788609888971573	8973	59e548893cec2a02	97f2b599fbe9ffa3
1788609888991407742	938	1	phase_loop[937]	1788609888981542	9004	bd4d27994ad3fa68	97f2b599fbe9ffa3
1788609889001468262	939	1	phase_loop[938]	1788609888991630	8916	9301990a458f837c	97f2b599fbe9ffa3
1788609889011314447	940	1	phase_loop[939]	1788609889001705	8840	b9c73ec8e4253579	97f2b599fbe9ffa3
1788609889021330413	941	1	phase_loop[940]	1788609889011510	9037	0039177e9a70325e	97f2b599fbe9ffa3
1788609889031323566	942	1	phase_loop[941]	1788609889021517	9029	ebee54e92167a1d6	97f2b599fbe9ffa3
1788609889041334623	943	1	phase_loop[942]	1788609889031531	9016	c9ecfe3ba8e22dd6	97f2b599fbe9ffa3
1788609889051314150	944	1	phase_loop[943]	1788609889041558	8987	881c960f39ad7792	97f2b599fbe9ffa3
1788609889061538320	945	1	phase_loop[944]	1788609889051510	9037	e9b4aaf9fcc43b88	97f2b599fbe9ffa3
1788609889071340111	946	1	phase_loop[945]	1788609889061800	8746	d6fb0575c7d73b9a	97f2b599fbe9ffa3
1788609889081412424	947	1	phase_loop[946]	1788609889071534	9011	e9909aba38d17a90	97f2b599fbe9ffa3
1788609889091392723	948	1	phase_loop[947]	1788609889081610	8937	d9ed81cbff2f8413	97f2b599fbe9ffa3
1788609889101402788	949	1	phase_loop[948]	1788609889091619	8929	e807d446cbd99ede	97f2b599fbe9ffa3
1788609889111318745	950	1	phase_loop[949]	1788609889101619	8927	b25617b94d6df4cb	97f2b599fbe9ffa3
1788609889121238269	951	1	phase_loop[950]	1788609889111509	9035	e9e8859c40aab8cf	97f2b599fbe9ffa3
1788609889131539835	952	1	phase_loop[951]	1788609889121421	9127	4d16691513dc659a	97f2b599fbe9ffa3
1788609889141346615	953	1	phase_loop[952]	1788609889131779	8766	903e8e955c165beb	97f2b599fbe9ffa3
1788609889151258915	954	1	phase_loop[953]	1788609889141600	8943	8789ffc521b6826a	97f2b599fbe9ffa3
1788609889161324345	955	1	phase_loop[954]	1788609889151445	9099	eb8705fe542ae6cc	97f2b599fbe9ffa3
1788609889171377301	956	1	phase_loop[955]	1788609889161514	9035	49683945bb7e44d7	97f2b599fbe9ffa3
1788609889181260907	957	1	phase_loop[956]	1788609889171576	9003	f6de0409c996df40	97f2b599fbe9ffa3
1788609889191320486	958	1	phase_loop[957]	1788609889181447	9101	81c88d83ec71398e	97f2b599fbe9ffa3
1788609889201402396	959	1	phase_loop[958]	1788609889191567	8980	cdbbd4a4d450e6b0	97f2b599fbe9ffa3
1788609889211424584	960	1	phase_loop[959]	1788609889201625	8923	88ea9a808632ec0c	97f2b599fbe9ffa3
1788609889221290927	961	1	phase_loop[960]	1788609889211691	8854	3fefb06f4a7e5cba	97f2b599fbe9ffa3
1788609889231536908	962	1	phase_loop[961]	1788609889221478	9069	e2f16c6126c7b0ea	97f2b599fbe9ffa3
1788609889241365951	963	1	phase_loop[962]	1788609889231777	8769	56a405a8c052bc4f	97f2b599fbe9ffa3
1788609889251168854	964	1	phase_loop[963]	1788609889241559	8984	f291dc96fa8062f8	97f2b599fbe9ffa3
1788609889261330656	965	1	phase_loop[964]	1788609889251347	9200	670c9d0b8c60d208	97f2b599fbe9ffa3
1788609889271368604	966	1	phase_loop[965]	1788609889261526	9022	3f8d6f17a46aa38d	97f2b599fbe9ffa3
1788609889281322332	967	1	phase_loop[966]	1788609889271563	8984	bcef934fb795dada	97f2b599fbe9ffa3
1788609889291374918	968	1	phase_loop[967]	1788609889281511	9036	e2d9b67cf99025ff	97f2b599fbe9ffa3
1788609889301475774	969	1	phase_loop[968]	1788609889291616	8931	d5365ffc194bcf47	97f2b599fbe9ffa3
1788609889311332690	970	1	phase_loop[969]	1788609889301774	8772	31c84f1d7fddebbb	97f2b599fbe9ffa3
1788609889321334489	971	1	phase_loop[970]	1788609889311518	9028	feb9444272b81def	97f2b599fbe9ffa3
1788609889331537549	972	1	phase_loop[971]	1788609889321521	9027	9c2ea5099ac19e71	97f2b599fbe9ffa3
1788609889341330664	973	1	phase_loop[972]	1788609889331772	8775	2625a3cfb4629f3d	97f2b599fbe9ffa3
1788609889351228296	974	1	phase_loop[973]	1788609889341530	9014	e105c4c25750f97a	97f2b599fbe9ffa3
1788609889361470249	975	1	phase_loop[974]	1788609889351415	9131	5652d1de25f201e7	97f2b599fbe9ffa3
1788609889371427144	976	1	phase_loop[975]	1788609889361705	8842	f93b3b51691d2b70	97f2b599fbe9ffa3
1788609889381197736	977	1	phase_loop[976]	1788609889371626	8918	d3b8eeeeeea7f995	97f2b599fbe9ffa3
1788609889391376931	978	1	phase_loop[977]	1788609889381383	9164	0aeb73b49020373d	97f2b599fbe9ffa3
1788609889402043076	979	1	phase_loop[978]	1788609889391595	8954	c5f7029f34a7acaf	97f2b599fbe9ffa3
1788609889411315857	980	1	phase_loop[979]	1788609889402319	8227	d5ee17c3ef999baa	97f2b599fbe9ffa3
1788609889421189134	981	1	phase_loop[980]	1788609889411511	9032	e9bc5fe6cd5a1e55	97f2b599fbe9ffa3
1788609889431357588	982	1	phase_loop[981]	1788609889421372	9174	542e5bbc228260a2	97f2b599fbe9ffa3
1788609889441382842	983	1	phase_loop[982]	1788609889431546	9007	babc31830bf04cb4	97f2b599fbe9ffa3
1788609889451303137	984	1	phase_loop[983]	1788609889441599	8947	a5482f478e99fae2	97f2b599fbe9ffa3
1788609889461331837	985	1	phase_loop[984]	1788609889451501	9044	920cc0cf3626ef36	97f2b599fbe9ffa3
1788609889471372390	986	1	phase_loop[985]	1788609889461539	9009	f786d0b91617d9fa	97f2b599fbe9ffa3
1788609889481215349	987	1	phase_loop[986]	1788609889471567	8976	6c3fb1afb23b32a0	97f2b599fbe9ffa3
1788609889491396828	988	1	phase_loop[987]	1788609889481398	9150	b11c5cbd03f8f758	97f2b599fbe9ffa3
1788609889501504207	989	1	phase_loop[988]	1788609889491622	8924	f95aa34197d25d4f	97f2b599fbe9ffa3
1788609889511360291	990	1	phase_loop[989]	1788609889501799	8797	60ba47541f0043f8	97f2b599fbe9ffa3
1788609889521222596	991	1	phase_loop[990]	1788609889511564	8980	5345103ae12ec65d	97f2b599fbe9ffa3
1788609889532117073	992	1	phase_loop[991]	1788609889521410	9138	0e917c84ca264d97	97f2b599fbe9ffa3
1788609889541370538	993	1	phase_loop[992]	1788609889532352	8196	37f6ff211edc2fa9	97f2b599fbe9ffa3
1788609889551227924	994	1	phase_loop[993]	1788609889541568	8977	12f04bb01071209f	97f2b599fbe9ffa3
1788609889561312169	995	1	phase_loop[994]	1788609889551449	9099	33bb561acddde12c	97f2b599fbe9ffa3
1788609889571395362	996	1	phase_loop[995]	1788609889561510	9038	a6c51e38fb372915	97f2b599fbe9ffa3
1788609889581348430	997	1	phase_loop[996]	1788609889571596	8951	dbaff8f5599df8fe	97f2b599fbe9ffa3
1788609889591387620	998	1	phase_loop[997]	1788609889581535	9014	0803a4f4aa7cf3ed	97f2b599fbe9ffa3
1788609889601412212	999	1	phase_loop[998]	1788609889591607	8941	3972838f9dccf961	97f2b599fbe9ffa3
1788609889611338729	1000	1	phase_loop[999]	1788609889601636	8910	11582835b8b9879a	97f2b599fbe9ffa3
1788609889621318577	1001	1	phase_loop[1000]	1788609889611533	9012	ae91896d4607d6e8	97f2b599fbe9ffa3
1788609889631517940	1002	1	phase_loop[1001]	1788609889621507	9041	603b59078b9e6772	97f2b599fbe9ffa3
1788609889641329730	1003	1	phase_loop[1002]	1788609889631746	8800	3b5e7319d5aacbe4	97f2b599fbe9ffa3
1788609889651192556	1004	1	phase_loop[1003]	1788609889641526	9018	b0b31d9adafbe8a6	97f2b599fbe9ffa3
1788609889661355030	1005	1	phase_loop[1004]	1788609889651375	9173	8b47a8bf6b9db0ab	97f2b599fbe9ffa3
1788609889671352190	1006	1	phase_loop[1005]	1788609889661557	8991	8297fa42d7361c60	97f2b599fbe9ffa3
1788609889681316238	1007	1	phase_loop[1006]	1788609889671549	8998	2495e43572ac8b7e	97f2b599fbe9ffa3
1788609889691640467	1008	1	phase_loop[1007]	1788609889681508	9041	c721fd63a6d2cdb1	97f2b599fbe9ffa3
1788609889702380462	1009	1	phase_loop[1008]	1788609889692015	8533	28c7236e8bb6666e	97f2b599fbe9ffa3
1788609889711320193	1010	1	phase_loop[1009]	1788609889702636	7909	70ce5f05cfd05288	97f2b599fbe9ffa3
1788609889722174424	1011	1	phase_loop[1010]	1788609889711517	9030	79a4b792270f93d3	97f2b599fbe9ffa3
1788609889731312070	1012	1	phase_loop[1011]	1788609889722407	8139	c9da0f071b6ec3d2	97f2b599fbe9ffa3
1788609889741430730	1013	1	phase_loop[1012]	1788609889731512	9042	d1c628d85252e993	97f2b599fbe9ffa3
1788609889751460883	1014	1	phase_loop[1013]	1788609889741638	8908	e843b9161938a5ab	97f2b599fbe9ffa3
1788609889761336925	1015	1	phase_loop[1014]	1788609889751697	8848	f18a5f0a17f82771	97f2b599fbe9ffa3
1788609889771392756	1016	1	phase_loop[1015]	1788609889761539	9007	c1b74135b1c707bb	97f2b599fbe9ffa3
1788609889781364208	1017	1	phase_loop[1016]	1788609889771633	8914	e8e7620d3ace5a4e	97f2b599fbe9ffa3
1788609889791512074	1018	1	phase_loop[1017]	1788609889781570	8981	8273532a9db9fd9d	97f2b599fbe9ffa3
1788609889801513061	1019	1	phase_loop[1018]	1788609889791755	8792	ab8295a63d599bee	97f2b599fbe9ffa3
1788609889811495775	1020	1	phase_loop[1019]	1788609889801774	8774	2fe3de7aeed5f09e	97f2b599fbe9ffa3
1788609889821250697	1021	1	phase_loop[1020]	1788609889811720	8824	7654d1a3586a404f	97f2b599fbe9ffa3
1788609889831322289	1022	1	phase_loop[1021]	1788609889821436	9109	a236d5e5ac5b92b7	97f2b599fbe9ffa3
1788609889841322866	1023	1	phase_loop[1022]	1788609889831514	9033	5833eadadf4a9d1b	97f2b599fbe9ffa3
1788609889851465601	1024	1	phase_loop[1023]	1788609889841511	9087	a7ea75e8ed2961bd	97f2b599fbe9ffa3
1788609889861384694	1025	1	phase_loop[1024]	1788609889851698	8848	76390a76248a9911	97f2b599fbe9ffa3
1788609889871465864	1026	1	phase_loop[1025]	1788609889861637	8911	f9040504a183445f	97f2b599fbe9ffa3
1788609889881295297	1027	1	phase_loop[1026]	1788609889871706	8839	8d783aeaaba0e77f	97f2b599fbe9ffa3
1788609889891344316	1028	1	phase_loop[1027]	1788609889881484	9064	07ead6ebb9322151	97f2b599fbe9ffa3
1788609889902131931	1029	1	phase_loop[1028]	1788609889891563	8984	6613ba48137a3c77	97f2b599fbe9ffa3
1788609889911381758	1030	1	phase_loop[1029]	1788609889902369	8177	2e3cde7def212187	97f2b599fbe9ffa3
1788609889921307464	1031	1	phase_loop[1030]	1788609889911574	8972	427ad6efced18715	97f2b599fbe9ffa3
1788609889932014807	1032	1	phase_loop[1031]	1788609889921497	9049	0d925471f6e89785	97f2b599fbe9ffa3
1788609889941345177	1033	1	phase_loop[1032]	1788609889932234	8311	f0610852f1e28797	97f2b599fbe9ffa3
1788609889951329333	1034	1	phase_loop[1033]	1788609889941565	8981	874e84b9b40ea785	97f2b599fbe9ffa3
1788609889961379744	1035	1	phase_loop[1034]	1788609889951515	9030	8d1110c59126c686	97f2b599fbe9ffa3
1788609889971363079	1036	1	phase_loop[1035]	1788609889961587	8960	516199dec29e03b5	97f2b599fbe9ffa3
1788609889981332477	1037	1	phase_loop[1036]	1788609889971555	8991	66993f8712d15a77	97f2b599fbe9ffa3
1788609889991308988	1038	1	phase_loop[1037]	1788609889981529	9016	4a37904fe7e4c51e	97f2b599fbe9ffa3
1788609890001604844	1039	1	phase_loop[1038]	1788609889991511	9036	aafd51380655b75c	97f2b599fbe9ffa3
1788609890011501805	1040	1	phase_loop[1039]	1788609890001841	8706	b854ed80957659c9	97f2b599fbe9ffa3
1788609890021424845	1041	1	phase_loop[1040]	1788609890011745	8804	4531bccad16ab6cd	97f2b599fbe9ffa3
1788609890031511835	1042	1	phase_loop[1041]	1788609890021686	8862	83e9d75074411d56	97f2b599fbe9ffa3
1788609890041407023	1043	1	phase_loop[1042]	1788609890031758	8788	3ab08849854b40db	97f2b599fbe9ffa3
1788609890051199246	1044	1	phase_loop[1043]	1788609890041605	8937	91656aafd2657b40	97f2b599fbe9ffa3
1788609890061329087	1045	1	phase_loop[1044]	1788609890051380	9165	b6bda79e83609f22	97f2b599fbe9ffa3
1788609890071389027	1046	1	phase_loop[1045]	1788609890061525	9023	a13957ea027c8bb5	97f2b599fbe9ffa3
1788609890081221065	1047	1	phase_loop[1046]	1788609890071583	8959	6ce798bfd4c5fbe8	97f2b599fbe9ffa3
1788609890091381033	1048	1	phase_loop[1047]	1788609890081403	9147	7cf53a90a6f1f921	97f2b599fbe9ffa3
1788609890101446252	1049	1	phase_loop[1048]	1788609890091607	8941	be7a62dac0fe9d8a	97f2b599fbe9ffa3
1788609890111292037	1050	1	phase_loop[1049]	1788609890101732	8813	c86d174d361eccbf	97f2b599fbe9ffa3
1788609890121227711	1051	1	phase_loop[1050]	1788609890111478	9066	63400eaf97469fd4	97f2b599fbe9ffa3
1788609890131337935	1052	1	phase_loop[1051]	1788609890121415	9131	f17f24a8c96aeb6f	97f2b599fbe9ffa3
1788609890141351396	1053	1	phase_loop[1052]	1788609890131582	8965	85dec2f9556b13ef	97f2b599fbe9ffa3
1788609890151316386	1054	1	phase_loop[1053]	1788609890141545	9004	793774b853091cda	97f2b599fbe9ffa3
1788609890161316322	1055	1	phase_loop[1054]	1788609890151513	9033	d16a90941d99038a	97f2b599fbe9ffa3
1788609890171388324	1056	1	phase_loop[1055]	1788609890161515	9032	5f05fc13b6e40356	97f2b599fbe9ffa3
1788609890181338986	1057	1	phase_loop[1056]	1788609890171606	8981	c847143a0a132e59	97f2b599fbe9ffa3
1788609890191365472	1058	1	phase_loop[1057]	1788609890181547	9000	05fb78e7be223468	97f2b599fbe9ffa3
1788609890201477219	1059	1	phase_loop[1058]	1788609890191588	8958	bf99d28a2c01e197	97f2b599fbe9ffa3
1788609890211323364	1060	1	phase_loop[1059]	1788609890201716	8830	1a3532e7e43b21d0	97f2b599fbe9ffa3
1788609890221322909	1061	1	phase_loop[1060]	1788609890211513	9032	039d2a8c3385c421	97f2b599fbe9ffa3
1788609890231699086	1062	1	phase_loop[1061]	1788609890221510	9039	c658740898cb0e64	97f2b599fbe9ffa3
1788609890241329143	1063	1	phase_loop[1062]	1788609890231965	8583	fd9a39ef055384e8	97f2b599fbe9ffa3
1788609890251307167	1064	1	phase_loop[1063]	1788609890241521	9022	81b5642d928d7958	97f2b599fbe9ffa3
1788609890261304809	1065	1	phase_loop[1064]	1788609890251495	9050	247644eb5074ec1c	97f2b599fbe9ffa3
1788609890271361982	1066	1	phase_loop[1065]	1788609890261505	9045	c2eafe3dcd8d2b2b	97f2b599fbe9ffa3
1788609890281324978	1067	1	phase_loop[1066]	1788609890271556	8991	61cf5bb46851d9b7	97f2b599fbe9ffa3
1788609890291406999	1068	1	phase_loop[1067]	1788609890281513	9033	27ac4787cbae0a93	97f2b599fbe9ffa3
1788609890302569603	1069	1	phase_loop[1068]	1788609890291640	8911	fe97606c9006dfb0	97f2b599fbe9ffa3
1788609890311326839	1070	1	phase_loop[1069]	1788609890302823	7722	7ecdda3917df0e78	97f2b599fbe9ffa3
1788609890321339629	1071	1	phase_loop[1070]	1788609890311520	9026	96615591b0345a8e	97f2b599fbe9ffa3
1788609890331483658	1072	1	phase_loop[1071]	1788609890321564	8985	9b74dc316f6f76aa	97f2b599fbe9ffa3
1788609890341355431	1073	1	phase_loop[1072]	1788609890331721	8826	539c81c6571163f0	97f2b599fbe9ffa3
1788609890351197669	1074	1	phase_loop[1073]	1788609890341548	8996	b1b186ba77cd15ed	97f2b599fbe9ffa3
1788609890361468006	1075	1	phase_loop[1074]	1788609890351379	9168	bbaf06a9931a94b0	97f2b599fbe9ffa3
1788609890371373483	1076	1	phase_loop[1075]	1788609890361691	8857	e94f70b0d6624907	97f2b599fbe9ffa3
1788609890381196444	1077	1	phase_loop[1076]	1788609890371567	8978	5b599af520c68800	97f2b599fbe9ffa3
1788609890391396087	1078	1	phase_loop[1077]	1788609890381378	9170	7f0e98e16de2978e	97f2b599fbe9ffa3
1788609890401518054	1079	1	phase_loop[1078]	1788609890391623	8924	019ebf91225f845e	97f2b599fbe9ffa3
1788609890411338861	1080	1	phase_loop[1079]	1788609890401757	8789	4ed905114655db94	97f2b599fbe9ffa3
1788609890421172863	1081	1	phase_loop[1080]	1788609890411528	9014	33242fa80ddd8fc7	97f2b599fbe9ffa3
1788609890431485520	1082	1	phase_loop[1081]	1788609890421349	9198	42c1180cf728ac8f	97f2b599fbe9ffa3
1788609890441367222	1083	1	phase_loop[1082]	1788609890431728	8818	bef1dd8039f92f21	97f2b599fbe9ffa3
1788609890451339145	1084	1	phase_loop[1083]	1788609890441571	8975	9787ffca32b2fd1b	97f2b599fbe9ffa3
1788609890461326026	1085	1	phase_loop[1084]	1788609890451525	9021	f78fc41c28850d96	97f2b599fbe9ffa3
1788609890471789287	1086	1	phase_loop[1085]	1788609890461520	9030	ba9eaf79f64985a4	97f2b599fbe9ffa3
1788609890481365803	1087	1	phase_loop[1086]	1788609890472119	8428	af8c08fdff066782	97f2b599fbe9ffa3
1788609890491503409	1088	1	phase_loop[1087]	1788609890481556	8990	6caf6324eeebb2e7	97f2b599fbe9ffa3
1788609890501648759	1089	1	phase_loop[1088]	1788609890491735	8814	9a644959996945e5	97f2b599fbe9ffa3
1788609890511370259	1090	1	phase_loop[1089]	1788609890501958	8637	0f4b84e8345f84f4	97f2b599fbe9ffa3
1788609890521340007	1091	1	phase_loop[1090]	1788609890511605	8942	be5876a77e3c873c	97f2b599fbe9ffa3
1788609890531566461	1092	1	phase_loop[1091]	1788609890521526	9022	686d2b714db67e22	97f2b599fbe9ffa3
1788609890541349757	1093	1	phase_loop[1092]	1788609890531803	8743	d5cfacee53f5a5a4	97f2b599fbe9ffa3
1788609890551213245	1094	1	phase_loop[1093]	1788609890541544	9000	f5c9bdbd7566ee9f	97f2b599fbe9ffa3
1788609890561321405	1095	1	phase_loop[1094]	1788609890551398	9149	c17ae4a8f1df3f51	97f2b599fbe9ffa3
1788609890571430728	1096	1	phase_loop[1095]	1788609890561514	9033	d650b07fb8aaf2f3	97f2b599fbe9ffa3
1788609890581361423	1097	1	phase_loop[1096]	1788609890571625	8922	2da9ee46c01f09a2	97f2b599fbe9ffa3
1788609890591404310	1098	1	phase_loop[1097]	1788609890581593	8954	eee4937b4791d60d	97f2b599fbe9ffa3
1788609890601386702	1099	1	phase_loop[1098]	1788609890591627	8921	ad43ef01b24a0150	97f2b599fbe9ffa3
1788609890611327055	1100	1	phase_loop[1099]	1788609890601649	8898	a07573f2ae826c5e	97f2b599fbe9ffa3
1788609890621326330	1101	1	phase_loop[1100]	1788609890611516	9032	c2ef88c1f22b72b7	97f2b599fbe9ffa3
1788609890631347005	1102	1	phase_loop[1101]	1788609890621517	9028	df8f16907e178990	97f2b599fbe9ffa3
1788609890641434777	1103	1	phase_loop[1102]	1788609890631532	9015	fa6924282b4fb4be	97f2b599fbe9ffa3
1788609890651429002	1104	1	phase_loop[1103]	1788609890641663	8884	65fd044f812373ed	97f2b599fbe9ffa3
1788609890661416203	1105	1	phase_loop[1104]	1788609890651627	8919	a091f0229e3553d4	97f2b599fbe9ffa3
1788609890671441236	1106	1	phase_loop[1105]	1788609890661731	8815	ddbd170d1f7648a7	97f2b599fbe9ffa3
1788609890681372382	1107	1	phase_loop[1106]	1788609890671688	8857	c577ef9c670ee313	97f2b599fbe9ffa3
1788609890691386745	1108	1	phase_loop[1107]	1788609890681589	8959	184023b6f17a5275	97f2b599fbe9ffa3
1788609890701346575	1109	1	phase_loop[1108]	1788609890691612	8935	cf604a5140d0000d	97f2b599fbe9ffa3
1788609890711300604	1110	1	phase_loop[1109]	1788609890701567	8977	082e1226a46cd318	97f2b599fbe9ffa3
1788609890721196443	1111	1	phase_loop[1110]	1788609890711495	9050	c1b9dcb109400b2c	97f2b599fbe9ffa3
1788609890731420452	1112	1	phase_loop[1111]	1788609890721377	9168	8e1d7d33e1b52a61	97f2b599fbe9ffa3
1788609890741350085	1113	1	phase_loop[1112]	1788609890731659	8888	8953a0e2cd40582e	97f2b599fbe9ffa3
1788609890751321948	1114	1	phase_loop[1113]	1788609890741556	8989	d8f69811ec22c780	97f2b599fbe9ffa3
1788609890761374653	1115	1	phase_loop[1114]	1788609890751513	9033	2af0367c51bc7feb	97f2b599fbe9ffa3
1788609890771403554	1116	1	phase_loop[1115]	1788609890761577	8974	fc6ff8c54503b1e0	97f2b599fbe9ffa3
1788609890781214312	1117	1	phase_loop[1116]	1788609890771600	8943	fe0cfcab4744f3ce	97f2b599fbe9ffa3
1788609890791442810	1118	1	phase_loop[1117]	1788609890781396	9150	50c92fc2ac755751	97f2b599fbe9ffa3
1788609890801401868	1119	1	phase_loop[1118]	1788609890791686	8862	5e9e3bd3fe631e5e	97f2b599fbe9ffa3
1788609890811411512	1120	1	phase_loop[1119]	1788609890801634	8918	f4317c1cbec3a586	97f2b599fbe9ffa3
1788609890821306810	1121	1	phase_loop[1120]	1788609890811657	8888	7da037434e381128	97f2b599fbe9ffa3
1788609890832517565	1122	1	phase_loop[1121]	1788609890821489	9060	8ead7b361f083b82	97f2b599fbe9ffa3
1788609890841426799	1123	1	phase_loop[1122]	1788609890832756	7850	70cf92bb62159045	97f2b599fbe9ffa3
1788609890851213060	1124	1	phase_loop[1123]	1788609890841622	8921	c5ec1cebe59979b2	97f2b599fbe9ffa3
1788609890861348542	1125	1	phase_loop[1124]	1788609890851392	9153	688aca3c094c87de	97f2b599fbe9ffa3
1788609890871351113	1126	1	phase_loop[1125]	1788609890861537	9010	d7920e33ed93277f	97f2b599fbe9ffa3
1788609890881328176	1127	1	phase_loop[1126]	1788609890871541	9004	d5fdccc2c7f6c1a3	97f2b599fbe9ffa3
1788609890891421077	1128	1	phase_loop[1127]	1788609890881511	9038	b23f5dfd59937c2e	97f2b599fbe9ffa3
1788609890901374264	1129	1	phase_loop[1128]	1788609890891668	8879	59f65962124adf66	97f2b599fbe9ffa3
1788609890911386794	1130	1	phase_loop[1129]	1788609890901643	8904	34552375d62465e9	97f2b599fbe9ffa3
1788609890921309193	1131	1	phase_loop[1130]	1788609890911572	8973	ab49092200dd968b	97f2b599fbe9ffa3
1788609890931489991	1132	1	phase_loop[1131]	1788609890921499	9050	55ac9638a64f5a4d	97f2b599fbe9ffa3
1788609890941376352	1133	1	phase_loop[1132]	1788609890931729	8816	5db0d3e76679b241	97f2b599fbe9ffa3
1788609890951214822	1134	1	phase_loop[1133]	1788609890941565	8979	c98faa8a8614b5a0	97f2b599fbe9ffa3
1788609890961466794	1135	1	phase_loop[1134]	1788609890951402	9144	6f547e9e9cd18e2b	97f2b599fbe9ffa3
1788609890971465648	1136	1	phase_loop[1135]	1788609890961709	8836	02568710c3d894cd	97f2b599fbe9ffa3
1788609890981313246	1137	1	phase_loop[1136]	1788609890971667	8877	b65be6f89e0ccf6b	97f2b599fbe9ffa3
1788609890991421577	1138	1	phase_loop[1137]	1788609890981531	9018	41457c868d7fd2fc	97f2b599fbe9ffa3
1788609891001456629	1139	1	phase_loop[1138]	1788609890991643	8905	6f3af148cf7d7f41	97f2b599fbe9ffa3
1788609891011290260	1140	1	phase_loop[1139]	1788609891001707	8838	20831d621edfe96a	97f2b599fbe9ffa3
1788609891021254578	1141	1	phase_loop[1140]	1788609891011483	9061	cc7f8fe8f8cfcd21	97f2b599fbe9ffa3
1788609891031564209	1142	1	phase_loop[1141]	1788609891021441	9107	c6f7b72c85e00e64	97f2b599fbe9ffa3
1788609891041364568	1143	1	phase_loop[1142]	1788609891031811	8735	86334d2b194aad3d	97f2b599fbe9ffa3
1788609891051409078	1144	1	phase_loop[1143]	1788609891041553	8994	9fc2920315027016	97f2b599fbe9ffa3
1788609891061343279	1145	1	phase_loop[1144]	1788609891051601	8943	250403c321390de6	97f2b599fbe9ffa3
1788609891071373001	1146	1	phase_loop[1145]	1788609891061550	8998	883f37e55da91fd1	97f2b599fbe9ffa3
1788609891081204228	1147	1	phase_loop[1146]	1788609891071565	8978	afaabffeffbc6f3a	97f2b599fbe9ffa3
1788609891091396868	1148	1	phase_loop[1147]	1788609891081385	9161	763a8e5db5bc3e38	97f2b599fbe9ffa3
1788609891101432070	1149	1	phase_loop[1148]	1788609891091627	8927	4ac91b97f7c0d47d	97f2b599fbe9ffa3
1788609891111304434	1150	1	phase_loop[1149]	1788609891101659	8889	b91d6976071c3fdf	97f2b599fbe9ffa3
1788609891121226182	1151	1	phase_loop[1150]	1788609891111511	9033	87b595c5eacb1edd	97f2b599fbe9ffa3
1788609891132196322	1152	1	phase_loop[1151]	1788609891121409	9138	38bb7488ff562302	97f2b599fbe9ffa3
1788609891141394362	1153	1	phase_loop[1152]	1788609891132443	8104	78b47f5f8ac6973b	97f2b599fbe9ffa3
1788609891151251898	1154	1	phase_loop[1153]	1788609891141596	8948	6ab6b6a700e67cb9	97f2b599fbe9ffa3
1788609891161309022	1155	1	phase_loop[1154]	1788609891151438	9108	30d2a5038764b543	97f2b599fbe9ffa3
1788609891171396142	1156	1	phase_loop[1155]	1788609891161508	9087	a9845cbc917c6c90	97f2b599fbe9ffa3
1788609891181316558	1157	1	phase_loop[1156]	1788609891171592	8954	43bcdc7902c92c88	97f2b599fbe9ffa3
1788609891191388940	1158	1	phase_loop[1157]	1788609891181506	9044	41008c9258e2a140	97f2b599fbe9ffa3
1788609891201409565	1159	1	phase_loop[1158]	1788609891191612	8939	e20f642e07e4b338	97f2b599fbe9ffa3
1788609891211347774	1160	1	phase_loop[1159]	1788609891201632	8913	cf3312e5d9f5609b	97f2b599fbe9ffa3
1788609891221189641	1161	1	phase_loop[1160]	1788609891211541	9003	2302ec9752e25366	97f2b599fbe9ffa3
1788609891231509892	1162	1	phase_loop[1161]	1788609891221369	9178	2e3901f38e7ee8ef	97f2b599fbe9ffa3
1788609891241312465	1163	1	phase_loop[1162]	1788609891231750	8796	e1d94c0cefbd5860	97f2b599fbe9ffa3
1788609891251222360	1164	1	phase_loop[1163]	1788609891241510	9034	e8673364baa3e7a7	97f2b599fbe9ffa3
1788609891261388941	1165	1	phase_loop[1164]	1788609891251404	9143	dc8c7fe25de81840	97f2b599fbe9ffa3
1788609891271340235	1166	1	phase_loop[1165]	1788609891261591	8955	efb044816f1fdbba	97f2b599fbe9ffa3
1788609891281402568	1167	1	phase_loop[1166]	1788609891271536	9010	acb72882bd6ed1ed	97f2b599fbe9ffa3
1788609891291417262	1168	1	phase_loop[1167]	1788609891281638	8910	cb315b3a85cbb4ca	97f2b599fbe9ffa3
1788609891301380127	1169	1	phase_loop[1168]	1788609891291655	8894	8f722ebbf941a47b	97f2b599fbe9ffa3
1788609891311325360	1170	1	phase_loop[1169]	1788609891301627	8919	5ca8b3bdf4658af6	97f2b599fbe9ffa3
1788609891321298394	1171	1	phase_loop[1170]	1788609891311514	9031	b2479234acb70391	97f2b599fbe9ffa3
1788609891331528044	1172	1	phase_loop[1171]	1788609891321497	9050	11f6dc8255431a80	97f2b599fbe9ffa3
1788609891341385771	1173	1	phase_loop[1172]	1788609891331767	8781	bca23d71819d4019	97f2b599fbe9ffa3
1788609891351342846	1174	1	phase_loop[1173]	1788609891341581	8965	3f57781d88b5e6a5	97f2b599fbe9ffa3
1788609891361315279	1175	1	phase_loop[1174]	1788609891351539	9008	59bb1fc882902d57	97f2b599fbe9ffa3
1788609891371408271	1176	1	phase_loop[1175]	1788609891361538	9010	cff91fd7ac5a55dd	97f2b599fbe9ffa3
1788609891381404429	1177	1	phase_loop[1176]	1788609891371637	8911	a6e47e2cde8e0b47	97f2b599fbe9ffa3
1788609891391408042	1178	1	phase_loop[1177]	1788609891381619	8931	9aca550400af418f	97f2b599fbe9ffa3
1788609891401495673	1179	1	phase_loop[1178]	1788609891391645	8904	59ec954da34a2cb9	97f2b599fbe9ffa3
1788609891411321911	1180	1	phase_loop[1179]	1788609891401768	8778	99719d9c548ee8a9	97f2b599fbe9ffa3
1788609891421288243	1181	1	phase_loop[1180]	1788609891411514	9031	8e3c97f25333e73e	97f2b599fbe9ffa3
1788609891431547940	1182	1	phase_loop[1181]	1788609891421482	9065	07dac5ed712d94ea	97f2b599fbe9ffa3
1788609891443311179	1183	1	phase_loop[1182]	1788609891431849	8697	d75c4ae01b7b9331	97f2b599fbe9ffa3
1788609891452415481	1184	1	phase_loop[1183]	1788609891443537	7009	c1d030c7d156e80d	97f2b599fbe9ffa3
1788609891462210990	1185	1	phase_loop[1184]	1788609891452642	7908	40c73b76d710456a	97f2b599fbe9ffa3
1788609891471465066	1186	1	phase_loop[1185]	1788609891462433	8113	78f17b47885cbbf6	97f2b599fbe9ffa3
1788609891481339534	1187	1	phase_loop[1186]	1788609891471698	8848	bfc101b67f44c130	97f2b599fbe9ffa3
1788609891491367333	1188	1	phase_loop[1187]	1788609891481534	9011	83aa9c2b6ac9e275	97f2b599fbe9ffa3
1788609891501593556	1189	1	phase_loop[1188]	1788609891491587	9015	507726c2a3c98605	97f2b599fbe9ffa3
1788609891511342307	1190	1	phase_loop[1189]	1788609891501863	8683	ed9ee4d2f61e9ae6	97f2b599fbe9ffa3
1788609891521249988	1191	1	phase_loop[1190]	1788609891511535	9008	9c9fca2a3d7af2d2	97f2b599fbe9ffa3
1788609891531502622	1192	1	phase_loop[1191]	1788609891521438	9110	7b4bbb0fd1fad176	97f2b599fbe9ffa3
1788609891541357603	1193	1	phase_loop[1192]	1788609891531740	8807	4253a822e6fb71c1	97f2b599fbe9ffa3
1788609891551234807	1194	1	phase_loop[1193]	1788609891541567	8976	5f79e91407011863	97f2b599fbe9ffa3
1788609891561317880	1195	1	phase_loop[1194]	1788609891551423	9122	9a90007bd0b294d8	97f2b599fbe9ffa3
1788609891571372559	1196	1	phase_loop[1195]	1788609891561516	9031	f1cc6fd1f028e1f0	97f2b599fbe9ffa3
1788609891581407601	1197	1	phase_loop[1196]	1788609891571620	8926	e080aa137a350b6e	97f2b599fbe9ffa3
1788609891591399952	1198	1	phase_loop[1197]	1788609891581596	8950	b06b1db041877fe8	97f2b599fbe9ffa3
1788609891601373929	1199	1	phase_loop[1198]	1788609891591621	8927	42deed2291e169ad	97f2b599fbe9ffa3
1788609891611442905	1200	1	phase_loop[1199]	1788609891601604	8951	bce3985603afc261	97f2b599fbe9ffa3
1788609891621911547	1201	1	phase_loop[1200]	1788609891611655	8900	51e264b22e674a9f	97f2b599fbe9ffa3
1788609891631517137	1202	1	phase_loop[1201]	1788609891622168	8378	57201cfba1e054bb	97f2b599fbe9ffa3
1788609891641459053	1203	1	phase_loop[1202]	1788609891631757	8791	5c395f67f0e23193	97f2b599fbe9ffa3
1788609891651306991	1204	1	phase_loop[1203]	1788609891641692	8854	e3df0cb693fcdeae	97f2b599fbe9ffa3
1788609891661322296	1205	1	phase_loop[1204]	1788609891651496	9049	b4ddced685ce7a93	97f2b599fbe9ffa3
1788609891671362608	1206	1	phase_loop[1205]	1788609891661520	9027	bd1310966a02b97d	97f2b599fbe9ffa3
1788609891681211207	1207	1	phase_loop[1206]	1788609891671554	8990	550208dd92e1d2af	97f2b599fbe9ffa3
1788609891691411862	1208	1	phase_loop[1207]	1788609891681390	9158	85719fe3beb8ec1c	97f2b599fbe9ffa3
1788609891701316959	1209	1	phase_loop[1208]	1788609891691640	8907	b7bb94ac08396b19	97f2b599fbe9ffa3
1788609891711297708	1210	1	phase_loop[1209]	1788609891701504	9041	0c6001edd949d45d	97f2b599fbe9ffa3
1788609891721310749	1211	1	phase_loop[1210]	1788609891711483	9062	285fcc714467cfc7	97f2b599fbe9ffa3
1788609891731421654	1212	1	phase_loop[1211]	1788609891721498	9054	61a331b72cb203ed	97f2b599fbe9ffa3
1788609891741398566	1213	1	phase_loop[1212]	1788609891731639	8909	65600396bef1ea86	97f2b599fbe9ffa3
1788609891751320074	1214	1	phase_loop[1213]	1788609891741614	8931	5a1dec7a3d9c4db3	97f2b599fbe9ffa3
1788609891761305352	1215	1	phase_loop[1214]	1788609891751511	9035	ff8ad802fba0bbc5	97f2b599fbe9ffa3
1788609891771369499	1216	1	phase_loop[1215]	1788609891761505	9042	c469d4e9752828f7	97f2b599fbe9ffa3
1788609891781339207	1217	1	phase_loop[1216]	1788609891771587	8959	72bec190f3d5e9b2	97f2b599fbe9ffa3
1788609891791568316	1218	1	phase_loop[1217]	1788609891781524	9025	2b54d053c686f4f6	97f2b599fbe9ffa3
1788609891801450569	1219	1	phase_loop[1218]	1788609891791828	8725	5b8426908083524a	97f2b599fbe9ffa3
1788609891811306823	1220	1	phase_loop[1219]	1788609891801675	8870	3c33b3989749b3bc	97f2b599fbe9ffa3
1788609891821206840	1221	1	phase_loop[1220]	1788609891811493	9051	b63b61060be41832	97f2b599fbe9ffa3
1788609891831509959	1222	1	phase_loop[1221]	1788609891821391	9207	4a87e4e8d701d931	97f2b599fbe9ffa3
1788609891841320927	1223	1	phase_loop[1222]	1788609891831752	8794	3e307e2518283ff6	97f2b599fbe9ffa3
1788609891851271900	1224	1	phase_loop[1223]	1788609891841511	9033	f99d85cc886972d8	97f2b599fbe9ffa3
1788609891861349523	1225	1	phase_loop[1224]	1788609891851460	9086	7dee41ee56914416	97f2b599fbe9ffa3
1788609891871382150	1226	1	phase_loop[1225]	1788609891861549	8998	13169a963b36f874	97f2b599fbe9ffa3
1788609891881203358	1227	1	phase_loop[1226]	1788609891871575	8968	3d85a80944f92afb	97f2b599fbe9ffa3
1788609891891379176	1228	1	phase_loop[1227]	1788609891881385	9164	6efe2a78ba4afd83	97f2b599fbe9ffa3
1788609891901685231	1229	1	phase_loop[1228]	1788609891891603	8944	585282ce832ed7e6	97f2b599fbe9ffa3
1788609891911356425	1230	1	phase_loop[1229]	1788609891901935	8612	0f4706f8f1e91d48	97f2b599fbe9ffa3
1788609891921380686	1231	1	phase_loop[1230]	1788609891911553	8994	a8ba339feabea3af	97f2b599fbe9ffa3
1788609891933097308	1232	1	phase_loop[1231]	1788609891921610	8939	02794e244eba8160	97f2b599fbe9ffa3
1788609891941433568	1233	1	phase_loop[1232]	1788609891933374	7175	456d10c835638e3c	97f2b599fbe9ffa3
1788609891951296525	1234	1	phase_loop[1233]	1788609891941656	8889	7874754bbdbfde35	97f2b599fbe9ffa3
1788609891961338890	1235	1	phase_loop[1234]	1788609891951483	9063	e45373f0e52324d4	97f2b599fbe9ffa3
1788609891971365537	1236	1	phase_loop[1235]	1788609891961541	9007	e1ae4938adbc2f80	97f2b599fbe9ffa3
1788609891981274470	1237	1	phase_loop[1236]	1788609891971560	8984	c94d079fb802f4b8	97f2b599fbe9ffa3
1788609891991404001	1238	1	phase_loop[1237]	1788609891981458	9089	f9b7225d8d0d2072	97f2b599fbe9ffa3
1788609892001454432	1239	1	phase_loop[1238]	1788609891991630	8916	fbed26dce77c5c5d	97f2b599fbe9ffa3
1788609892011338428	1240	1	phase_loop[1239]	1788609892001685	8862	fbd7b5850f305733	97f2b599fbe9ffa3
1788609892021217105	1241	1	phase_loop[1240]	1788609892011531	9013	d094fab8d1abe049	97f2b599fbe9ffa3
1788609892031549248	1242	1	phase_loop[1241]	1788609892021399	9149	c0a65b1065b6c61e	97f2b599fbe9ffa3
1788609892041422374	1243	1	phase_loop[1242]	1788609892031785	8760	43d643f8c8878227	97f2b599fbe9ffa3
1788609892051329855	1244	1	phase_loop[1243]	1788609892041619	8928	b955a90699d133c3	97f2b599fbe9ffa3
1788609892061327406	1245	1	phase_loop[1244]	1788609892051522	9024	91def6b92d722db0	97f2b599fbe9ffa3
1788609892071360875	1246	1	phase_loop[1245]	1788609892061520	9027	42f3abf4d3337bc1	97f2b599fbe9ffa3
1788609892081269578	1247	1	phase_loop[1246]	1788609892071585	8960	5383a837e5877af8	97f2b599fbe9ffa3
1788609892093407486	1248	1	phase_loop[1247]	1788609892081459	9092	dd93b93bc327f15c	97f2b599fbe9ffa3
1788609892101408172	1249	1	phase_loop[1248]	1788609892093639	6913	7d70703b11611abb	97f2b599fbe9ffa3
1788609892111343715	1250	1	phase_loop[1249]	1788609892101725	8821	abcf92f831bbd8fe	97f2b599fbe9ffa3
1788609892121214326	1251	1	phase_loop[1250]	1788609892111533	9011	9c1f0a72857851cb	97f2b599fbe9ffa3
1788609892131565536	1252	1	phase_loop[1251]	1788609892121397	9151	115d5a6b08787d4b	97f2b599fbe9ffa3
1788609892141360915	1253	1	phase_loop[1252]	1788609892131800	8746	59612e0a007475c4	97f2b599fbe9ffa3
1788609892151224463	1254	1	phase_loop[1253]	1788609892141556	8988	acfe613c8fe8a97c	97f2b599fbe9ffa3
1788609892161348242	1255	1	phase_loop[1254]	1788609892151416	9172	1f06c6c489904bb8	97f2b599fbe9ffa3
1788609892171391279	1256	1	phase_loop[1255]	1788609892161547	8999	19b478bd1d6afbe2	97f2b599fbe9ffa3
1788609892181209161	1257	1	phase_loop[1256]	1788609892171586	8958	d4c943ec0b77cc6f	97f2b599fbe9ffa3
1788609892191401821	1258	1	phase_loop[1257]	1788609892181393	9154	82baa7572a12387e	97f2b599fbe9ffa3
1788609892201386337	1259	1	phase_loop[1258]	1788609892191613	8937	fef1ef2d310e558c	97f2b599fbe9ffa3
1788609892211297655	1260	1	phase_loop[1259]	1788609892201643	8902	7db8ffb481164921	97f2b599fbe9ffa3
1788609892221333218	1261	1	phase_loop[1260]	1788609892211490	9057	726de93e5be26e7d	97f2b599fbe9ffa3
1788609892231592594	1262	1	phase_loop[1261]	1788609892221531	9017	459cc4a1a87c7f1c	97f2b599fbe9ffa3
1788609892241387943	1263	1	phase_loop[1262]	1788609892231834	8712	b1247a88d656726a	97f2b599fbe9ffa3
1788609892251249026	1264	1	phase_loop[1263]	1788609892241614	8931	3ece75da44d0a5a2	97f2b599fbe9ffa3
1788609892261328833	1265	1	phase_loop[1264]	1788609892251442	9104	069ef3a4d5747711	97f2b599fbe9ffa3
1788609892271383622	1266	1	phase_loop[1265]	1788609892261524	9023	d698ec69d6a75e91	97f2b599fbe9ffa3
1788609892281202425	1267	1	phase_loop[1266]	1788609892271577	8967	dac37fd405d61afb	97f2b599fbe9ffa3
1788609892291404533	1268	1	phase_loop[1267]	1788609892281401	9146	166bbbb3d90fe955	97f2b599fbe9ffa3
1788609892301457338	1269	1	phase_loop[1268]	1788609892291629	8917	dbf4a5c60d75b35b	97f2b599fbe9ffa3
1788609892311314905	1270	1	phase_loop[1269]	1788609892301672	8873	0f2f154e5577a8f0	97f2b599fbe9ffa3
1788609892321259225	1271	1	phase_loop[1270]	1788609892311507	9037	3fdb0735eb42d01b	97f2b599fbe9ffa3
1788609892331592681	1272	1	phase_loop[1271]	1788609892321448	9100	619c5407fe736090	97f2b599fbe9ffa3
1788609892341332295	1273	1	phase_loop[1272]	1788609892331835	8712	3e6a59fbd0e3b4fd	97f2b599fbe9ffa3
1788609892351345495	1274	1	phase_loop[1273]	1788609892341520	9026	aabf31d49951496e	97f2b599fbe9ffa3
1788609892361331785	1275	1	phase_loop[1274]	1788609892351538	9008	b1cdb2c620ec1a83	97f2b599fbe9ffa3
1788609892371346198	1276	1	phase_loop[1275]	1788609892361523	9025	aa76c9ad06c1dbe1	97f2b599fbe9ffa3
1788609892381224374	1277	1	phase_loop[1276]	1788609892371538	9005	b16124e225621c2f	97f2b599fbe9ffa3
1788609892391687795	1278	1	phase_loop[1277]	1788609892381413	9141	8df893e077d0e9cb	97f2b599fbe9ffa3
1788609892401342558	1279	1	phase_loop[1278]	1788609892391928	8621	8ed75863487b008a	97f2b599fbe9ffa3
1788609892411354396	1280	1	phase_loop[1279]	1788609892401570	8977	8619249ad958269a	97f2b599fbe9ffa3
1788609892421181305	1281	1	phase_loop[1280]	1788609892411552	8992	f6f54b44781fa7b3	97f2b599fbe9ffa3
1788609892431411816	1282	1	phase_loop[1281]	1788609892421359	9189	8d65738321045494	97f2b599fbe9ffa3
1788609892441288639	1283	1	phase_loop[1282]	1788609892431620	8926	acd7f27549bad22c	97f2b599fbe9ffa3
1788609892451293053	1284	1	phase_loop[1283]	1788609892441502	9043	0fa175fbfb2e3888	97f2b599fbe9ffa3
1788609892461340158	1285	1	phase_loop[1284]	1788609892451488	9058	93f4e061988c9a46	97f2b599fbe9ffa3
1788609892471403263	1286	1	phase_loop[1285]	1788609892461537	9010	0b4b3ec67e957044	97f2b599fbe9ffa3
1788609892481176971	1287	1	phase_loop[1286]	1788609892471593	8950	7eecef0087fac62a	97f2b599fbe9ffa3
1788609892491409636	1288	1	phase_loop[1287]	1788609892481352	9245	7a19469bab81e9a5	97f2b599fbe9ffa3
1788609892501618567	1289	1	phase_loop[1288]	1788609892491628	8920	53f0f0d79203a3be	97f2b599fbe9ffa3
1788609892511360084	1290	1	phase_loop[1289]	1788609892501866	8679	dc28897df0da07c3	97f2b599fbe9ffa3
1788609892521314624	1291	1	phase_loop[1290]	1788609892511549	8999	eeb42e4df8c509b1	97f2b599fbe9ffa3
1788609892531491825	1292	1	phase_loop[1291]	1788609892521510	9039	73fdd0b0f554c075	97f2b599fbe9ffa3
1788609892541331407	1293	1	phase_loop[1292]	1788609892531728	8823	2e7b161bb85990c0	97f2b599fbe9ffa3
1788609892551193131	1294	1	phase_loop[1293]	1788609892541521	9022	35f79d76bea697cd	97f2b599fbe9ffa3
1788609892561297124	1295	1	phase_loop[1294]	1788609892551372	9173	358de1ff1fe7f8b0	97f2b599fbe9ffa3
1788609892571506796	1296	1	phase_loop[1295]	1788609892561493	9055	cfccbc68d44b1c42	97f2b599fbe9ffa3
1788609892581322513	1297	1	phase_loop[1296]	1788609892571777	8767	0569b31444572301	97f2b599fbe9ffa3
1788609892591405145	1298	1	phase_loop[1297]	1788609892581543	9004	aeb4b880d99119d5	97f2b599fbe9ffa3
1788609892601547560	1299	1	phase_loop[1298]	1788609892591626	8922	49f67c0a2b6df6b1	97f2b599fbe9ffa3
1788609892611345183	1300	1	phase_loop[1299]	1788609892601792	8752	08df5642d6451dbc	97f2b599fbe9ffa3
1788609892621189394	1301	1	phase_loop[1300]	1788609892611532	9011	8c464b11e8b6a1fc	97f2b599fbe9ffa3
1788609892631497843	1302	1	phase_loop[1301]	1788609892621368	9181	51c2e3675d2aa345	97f2b599fbe9ffa3
1788609892641382661	1303	1	phase_loop[1302]	1788609892631735	8812	ca8db34527c9f9c4	97f2b599fbe9ffa3
1788609892651316481	1304	1	phase_loop[1303]	1788609892641579	8967	efc89efd9e97b2ee	97f2b599fbe9ffa3
1788609892661298493	1305	1	phase_loop[1304]	1788609892651507	9038	2b8bb4e02c8d13b6	97f2b599fbe9ffa3
1788609892671313247	1306	1	phase_loop[1305]	1788609892661498	9047	65d3aa9dc074e116	97f2b599fbe9ffa3
1788609892681308994	1307	1	phase_loop[1306]	1788609892671538	9006	b5d391f3de1e1ef8	97f2b599fbe9ffa3
1788609892691369384	1308	1	phase_loop[1307]	1788609892681498	9049	7244a13c3e496ac0	97f2b599fbe9ffa3
1788609892701388546	1309	1	phase_loop[1308]	1788609892691592	8956	76aaffb0cca5d657	97f2b599fbe9ffa3
1788609892711301948	1310	1	phase_loop[1309]	1788609892701621	8925	a07d3a2c3ab98a38	97f2b599fbe9ffa3
1788609892721163743	1311	1	phase_loop[1310]	1788609892711491	9052	fd4d603720b86be6	97f2b599fbe9ffa3
1788609892733265923	1312	1	phase_loop[1311]	1788609892721341	9209	c502364a7a04d30e	97f2b599fbe9ffa3
1788609892741346940	1313	1	phase_loop[1312]	1788609892733505	7042	a43a1bb6ff4e13b8	97f2b599fbe9ffa3
1788609892751306219	1314	1	phase_loop[1313]	1788609892741540	9004	b47a4c5419c178db	97f2b599fbe9ffa3
1788609892761333386	1315	1	phase_loop[1314]	1788609892751566	8980	30099177894889a3	97f2b599fbe9ffa3
1788609892771396872	1316	1	phase_loop[1315]	1788609892761527	9020	b4710a151a3a7a5a	97f2b599fbe9ffa3
1788609892781184225	1317	1	phase_loop[1316]	1788609892771594	8949	825e8b4c66ea241b	97f2b599fbe9ffa3
1788609892791398055	1318	1	phase_loop[1317]	1788609892781362	9184	e4987d2a2657b6f3	97f2b599fbe9ffa3
1788609892801434179	1319	1	phase_loop[1318]	1788609892791612	8935	fe85f217c0826f8d	97f2b599fbe9ffa3
1788609892811366958	1320	1	phase_loop[1319]	1788609892801682	8864	71a961a1d32a860c	97f2b599fbe9ffa3
1788609892821375460	1321	1	phase_loop[1320]	1788609892811564	9025	811434858677221f	97f2b599fbe9ffa3
1788609892831519598	1322	1	phase_loop[1321]	1788609892821595	8953	4e3ddd5a71744d69	97f2b599fbe9ffa3
1788609892841346767	1323	1	phase_loop[1322]	1788609892831756	8790	2077cec2f314508d	97f2b599fbe9ffa3
1788609892851230573	1324	1	phase_loop[1323]	1788609892841539	9004	c4641660f1f6b4cb	97f2b599fbe9ffa3
1788609892861348381	1325	1	phase_loop[1324]	1788609892851415	9134	61db1824546f89b4	97f2b599fbe9ffa3
1788609892871409923	1326	1	phase_loop[1325]	1788609892861544	9002	8de038c650fe044e	97f2b599fbe9ffa3
1788609892881357650	1327	1	phase_loop[1326]	1788609892871630	8915	a21b8363511a6d33	97f2b599fbe9ffa3
1788609892891466392	1328	1	phase_loop[1327]	1788609892881576	8974	143d2b9f82c44acd	97f2b599fbe9ffa3
1788609892901428676	1329	1	phase_loop[1328]	1788609892891691	8863	98418527dea63372	97f2b599fbe9ffa3
1788609892911293957	1330	1	phase_loop[1329]	1788609892901758	8788	48bb23dcda533864	97f2b599fbe9ffa3
1788609892921400123	1331	1	phase_loop[1330]	1788609892911484	9062	2c69efeb60590083	97f2b599fbe9ffa3
1788609892931516770	1332	1	phase_loop[1331]	1788609892921588	8960	3ba63d0e25385a3b	97f2b599fbe9ffa3
1788609892941358266	1333	1	phase_loop[1332]	1788609892931753	8794	e18416910184cf08	97f2b599fbe9ffa3
1788609892951325209	1334	1	phase_loop[1333]	1788609892941547	8999	28487f64e87990e8	97f2b599fbe9ffa3
1788609892961325575	1335	1	phase_loop[1334]	1788609892951517	9030	29296c1deead99de	97f2b599fbe9ffa3
1788609892971383861	1336	1	phase_loop[1335]	1788609892961520	9029	580cdaa1b36937c2	97f2b599fbe9ffa3
1788609892981342479	1337	1	phase_loop[1336]	1788609892971605	8940	4d21535027bea4d8	97f2b599fbe9ffa3
1788609892991376018	1338	1	phase_loop[1337]	1788609892981532	9017	f8052bc0405f9e70	97f2b599fbe9ffa3
1788609893001452778	1339	1	phase_loop[1338]	1788609892991599	8949	4f49e1947276918b	97f2b599fbe9ffa3
1788609893011322688	1340	1	phase_loop[1339]	1788609893001695	8853	fc00b8dc1ff0d23a	97f2b599fbe9ffa3
1788609893021260817	1341	1	phase_loop[1340]	1788609893011512	9031	67d121b068f78ee0	97f2b599fbe9ffa3
1788609893031431726	1342	1	phase_loop[1341]	1788609893021451	9101	29ec972ac58ead95	97f2b599fbe9ffa3
1788609893041356188	1343	1	phase_loop[1342]	1788609893031649	8898	92e331d4837aa651	97f2b599fbe9ffa3
1788609893051387764	1344	1	phase_loop[1343]	1788609893041548	9000	0eb551fb36c1cd0e	97f2b599fbe9ffa3
1788609893061306566	1345	1	phase_loop[1344]	1788609893051613	8932	02464adecc9b01f7	97f2b599fbe9ffa3
1788609893071370472	1346	1	phase_loop[1345]	1788609893061496	9051	63cdba3fb23eb94c	97f2b599fbe9ffa3
1788609893081149730	1347	1	phase_loop[1346]	1788609893071565	8978	ec2a72da57934639	97f2b599fbe9ffa3
1788609893091413665	1348	1	phase_loop[1347]	1788609893081327	9220	537235d8516cad81	97f2b599fbe9ffa3
1788609893101430943	1349	1	phase_loop[1348]	1788609893091637	8910	bf5dd9b2847b7c74	97f2b599fbe9ffa3
1788609893111306854	1350	1	phase_loop[1349]	1788609893101689	8857	647ae6a11bc9e7bb	97f2b599fbe9ffa3
1788609893121321388	1351	1	phase_loop[1350]	1788609893111497	9050	34f7f0963a80c003	97f2b599fbe9ffa3
1788609893131593998	1352	1	phase_loop[1351]	1788609893121515	9034	ab0c0693bbc909c2	97f2b599fbe9ffa3
1788609893141325266	1353	1	phase_loop[1352]	1788609893131832	8714	8cd7cd3092c5f1ac	97f2b599fbe9ffa3
1788609893151292630	1354	1	phase_loop[1353]	1788609893141517	9063	981f93fe0c7bbec4	97f2b599fbe9ffa3
1788609893161339504	1355	1	phase_loop[1354]	1788609893151485	9062	fb547326c55035ce	97f2b599fbe9ffa3
1788609893171382671	1356	1	phase_loop[1355]	1788609893161531	9018	f99debdb7ca9f581	97f2b599fbe9ffa3
1788609893181403567	1357	1	phase_loop[1356]	1788609893171584	8962	b1ecfd7ecc991359	97f2b599fbe9ffa3
1788609893191357966	1358	1	phase_loop[1357]	1788609893181602	8948	16f1e2cd1de18f96	97f2b599fbe9ffa3
1788609893201460105	1359	1	phase_loop[1358]	1788609893191589	8961	9aea453ccbc6bc93	97f2b599fbe9ffa3
1788609893211409224	1360	1	phase_loop[1359]	1788609893201693	8852	0a0f3eeb3bf2d38f	97f2b599fbe9ffa3
1788609893221194464	1361	1	phase_loop[1360]	1788609893211608	8936	3c7c0cd45ffd7875	97f2b599fbe9ffa3
1788609893231499837	1362	1	phase_loop[1361]	1788609893221376	9173	e0e86ec736929bc3	97f2b599fbe9ffa3
1788609893241384645	1363	1	phase_loop[1362]	1788609893231745	8802	a9f5346c5a79401e	97f2b599fbe9ffa3
1788609893251326881	1364	1	phase_loop[1363]	1788609893241594	8951	528a5419e28ec2fd	97f2b599fbe9ffa3
1788609893261321025	1365	1	phase_loop[1364]	1788609893251518	9028	d9a1b598a047482e	97f2b599fbe9ffa3
1788609893271385804	1366	1	phase_loop[1365]	1788609893261513	9037	cda4b6457940999b	97f2b599fbe9ffa3
1788609893281211209	1367	1	phase_loop[1366]	1788609893271583	8961	6b828986133c755d	97f2b599fbe9ffa3
1788609893291511502	1368	1	phase_loop[1367]	1788609893281393	9156	290f6dd1dbc6397e	97f2b599fbe9ffa3
1788609893301422099	1369	1	phase_loop[1368]	1788609893291731	8815	18bea3cc9aa0790c	97f2b599fbe9ffa3
1788609893311330261	1370	1	phase_loop[1369]	1788609893301697	8849	d395082befbc4a00	97f2b599fbe9ffa3
1788609893321217453	1371	1	phase_loop[1370]	1788609893311524	9020	992369d1153d47a6	97f2b599fbe9ffa3
1788609893331437305	1372	1	phase_loop[1371]	1788609893321400	9147	bc9e0026bdbf681e	97f2b599fbe9ffa3
1788609893341349003	1373	1	phase_loop[1372]	1788609893331672	8874	ae88370686dc8a31	97f2b599fbe9ffa3
1788609893351296770	1374	1	phase_loop[1373]	1788609893341543	9006	69eefc6460409df9	97f2b599fbe9ffa3
1788609893361353102	1375	1	phase_loop[1374]	1788609893351506	9042	569433ef74241983	97f2b599fbe9ffa3
1788609893371472534	1376	1	phase_loop[1375]	1788609893361553	8993	4c076b207e967b5f	97f2b599fbe9ffa3
1788609893381196277	1377	1	phase_loop[1376]	1788609893371670	8872	dc984646e0fbd91f	97f2b599fbe9ffa3
1788609893391477725	1378	1	phase_loop[1377]	1788609893381375	9172	24f65bcde4396e7f	97f2b599fbe9ffa3
1788609893401419781	1379	1	phase_loop[1378]	1788609893391755	8794	e00bbaf9d370d36f	97f2b599fbe9ffa3
1788609893411343091	1380	1	phase_loop[1379]	1788609893401655	8892	dcf145fd86a29dde	97f2b599fbe9ffa3
1788609893421327227	1381	1	phase_loop[1380]	1788609893411525	9022	5614fb45bd49c4c8	97f2b599fbe9ffa3
1788609893431518404	1382	1	phase_loop[1381]	1788609893421519	9029	f8a9d281d443b5a5	97f2b599fbe9ffa3
1788609893441363637	1383	1	phase_loop[1382]	1788609893431754	8794	34c9d1547b14527d	97f2b599fbe9ffa3
1788609893451386266	1384	1	phase_loop[1383]	1788609893441578	8967	f934f9420e6c5be4	97f2b599fbe9ffa3
1788609893461460602	1385	1	phase_loop[1384]	1788609893451579	8966	2f719882a4b22729	97f2b599fbe9ffa3
1788609893471380165	1386	1	phase_loop[1385]	1788609893461717	8830	0d77e3db17d8ea4e	97f2b599fbe9ffa3
1788609893481367206	1387	1	phase_loop[1386]	1788609893471572	9022	8f95a79af5437d57	97f2b599fbe9ffa3
1788609893491397730	1388	1	phase_loop[1387]	1788609893481556	8993	7d8d3d90cd22a41c	97f2b599fbe9ffa3
1788609893502271948	1389	1	phase_loop[1388]	1788609893491622	8926	10d4e85dc729facf	97f2b599fbe9ffa3
1788609893511362775	1390	1	phase_loop[1389]	1788609893502530	8015	8f2b425f79677e4c	97f2b599fbe9ffa3
1788609893521250047	1391	1	phase_loop[1390]	1788609893511556	8989	f8dc142014fdd09f	97f2b599fbe9ffa3
1788609893531381652	1392	1	phase_loop[1391]	1788609893521433	9112	1d1fc7be38bc0297	97f2b599fbe9ffa3
1788609893541429849	1393	1	phase_loop[1392]	1788609893531583	8966	539eaaa1d2d82181	97f2b599fbe9ffa3
1788609893551316881	1394	1	phase_loop[1393]	1788609893541656	8890	f699becd43517bcd	97f2b599fbe9ffa3
1788609893561413819	1395	1	phase_loop[1394]	1788609893551507	9041	be9efa77e33508e8	97f2b599fbe9ffa3
1788609893571388698	1396	1	phase_loop[1395]	1788609893561622	8925	922412c43eecb3b8	97f2b599fbe9ffa3
1788609893581209454	1397	1	phase_loop[1396]	1788609893571592	8951	47a93a9a8ca0e7de	97f2b599fbe9ffa3
1788609893591372959	1398	1	phase_loop[1397]	1788609893581398	9152	b672d51fd6c99547	97f2b599fbe9ffa3
1788609893601472052	1399	1	phase_loop[1398]	1788609893591603	8944	12a517b2a2587b8f	97f2b599fbe9ffa3
1788609893611344096	1400	1	phase_loop[1399]	1788609893601711	8835	1e384a651271b53b	97f2b599fbe9ffa3
1788609893621199869	1401	1	phase_loop[1400]	1788609893611535	9008	bc299fedaa93e5dd	97f2b599fbe9ffa3
1788609893631406044	1402	1	phase_loop[1401]	1788609893621382	9163	6741d550d35c451b	97f2b599fbe9ffa3
1788609893641329244	1403	1	phase_loop[1402]	1788609893631644	8902	8e94bb390781e633	97f2b599fbe9ffa3
1788609893651362403	1404	1	phase_loop[1403]	1788609893641518	9028	21a8bf4728a00987	97f2b599fbe9ffa3
1788609893661345386	1405	1	phase_loop[1404]	1788609893651556	8991	6f8d5da22b1930bf	97f2b599fbe9ffa3
1788609893671354259	1406	1	phase_loop[1405]	1788609893661541	9007	99892634e9898221	97f2b599fbe9ffa3
1788609893681225391	1407	1	phase_loop[1406]	1788609893671553	8991	6a7125b976aa7b08	97f2b599fbe9ffa3
1788609893691489365	1408	1	phase_loop[1407]	1788609893681412	9139	cbb4badb950167e3	97f2b599fbe9ffa3
1788609893701414349	1409	1	phase_loop[1408]	1788609893691745	8802	d37fb015b325bf1d	97f2b599fbe9ffa3
1788609893711380431	1410	1	phase_loop[1409]	1788609893701735	8813	72bb59be747de8a7	97f2b599fbe9ffa3
1788609893721318499	1411	1	phase_loop[1410]	1788609893711629	8918	9a598fb58d9ba3f0	97f2b599fbe9ffa3
1788609893731534673	1412	1	phase_loop[1411]	1788609893721507	9041	6019cd4e336a140d	97f2b599fbe9ffa3
1788609893741359959	1413	1	phase_loop[1412]	1788609893731814	8732	41d47eb83fa34543	97f2b599fbe9ffa3
1788609893751226462	1414	1	phase_loop[1413]	1788609893741552	8993	92ff79ccf9ad50a4	97f2b599fbe9ffa3
1788609893761322259	1415	1	phase_loop[1414]	1788609893751408	9139	bad9f3b61a5dcf80	97f2b599fbe9ffa3
1788609893771436550	1416	1	phase_loop[1415]	1788609893761515	9033	3c02ad6cf3a154e1	97f2b599fbe9ffa3
1788609893781326177	1417	1	phase_loop[1416]	1788609893771640	8907	e4aead33cacae4d1	97f2b599fbe9ffa3
1788609893791377851	1418	1	phase_loop[1417]	1788609893781515	9032	2935d5d5d503cad2	97f2b599fbe9ffa3
1788609893801432409	1419	1	phase_loop[1418]	1788609893791594	8952	2d22b92b9758b765	97f2b599fbe9ffa3
1788609893811334510	1420	1	phase_loop[1419]	1788609893801653	8936	2699afd8fe58f47b	97f2b599fbe9ffa3
1788609893821325278	1421	1	phase_loop[1420]	1788609893811524	9024	3bab84ffb1fd96c2	97f2b599fbe9ffa3
1788609893831566420	1422	1	phase_loop[1421]	1788609893821519	9030	c9a27c47d036f0c5	97f2b599fbe9ffa3
1788609893841357140	1423	1	phase_loop[1422]	1788609893831804	8744	b6f938bdecc5581a	97f2b599fbe9ffa3
1788609893851370390	1424	1	phase_loop[1423]	1788609893841578	8966	9160a245dda70cec	97f2b599fbe9ffa3
1788609893861484842	1425	1	phase_loop[1424]	1788609893851570	8977	c8854c25572f13d8	97f2b599fbe9ffa3
1788609893871369720	1426	1	phase_loop[1425]	1788609893861726	8821	e3a84d7c07d8a81a	97f2b599fbe9ffa3
1788609893881276570	1427	1	phase_loop[1426]	1788609893871561	8982	01e6b164e2ca20ae	97f2b599fbe9ffa3
1788609893891391723	1428	1	phase_loop[1427]	1788609893881458	9089	ca1a239c44023e97	97f2b599fbe9ffa3
1788609893901473393	1429	1	phase_loop[1428]	1788609893891622	8923	4373bed6e4f76eda	97f2b599fbe9ffa3
1788609893911361988	1430	1	phase_loop[1429]	1788609893901699	8847	1014f485b6ad7e65	97f2b599fbe9ffa3
1788609893921312560	1431	1	phase_loop[1430]	1788609893911552	8995	a778e2e6e51aaa7d	97f2b599fbe9ffa3
1788609893931664351	1432	1	phase_loop[1431]	1788609893921500	9049	0364979a21426e33	97f2b599fbe9ffa3
1788609893941427489	1433	1	phase_loop[1432]	1788609893931917	8630	23aa3424d6beb728	97f2b599fbe9ffa3
1788609893951307898	1434	1	phase_loop[1433]	1788609893941717	8828	df22f9fed2fbfac6	97f2b599fbe9ffa3
1788609893961343591	1435	1	phase_loop[1434]	1788609893951497	9049	8e9068b2aa463981	97f2b599fbe9ffa3
1788609893971370308	1436	1	phase_loop[1435]	1788609893961537	9011	b85144549b2ebdca	97f2b599fbe9ffa3
1788609893981208117	1437	1	phase_loop[1436]	1788609893971570	8974	8f5e679c1e909c52	97f2b599fbe9ffa3
1788609893991779452	1438	1	phase_loop[1437]	1788609893981393	9160	4809a88afe308979	97f2b599fbe9ffa3
1788609894001389952	1439	1	phase_loop[1438]	1788609893992022	8526	d518ed42b7eda216	97f2b599fbe9ffa3
1788609894011473766	1440	1	phase_loop[1439]	1788609894001600	8948	f6d38e00b3ebd51c	97f2b599fbe9ffa3
1788609894021299712	1441	1	phase_loop[1440]	1788609894011713	8832	d20600e91f72d521	97f2b599fbe9ffa3
1788609894031490729	1442	1	phase_loop[1441]	1788609894021489	9058	db28451c82e77fee	97f2b599fbe9ffa3
1788609894041354717	1443	1	phase_loop[1442]	1788609894031730	8816	ec6a21b90bdab4dc	97f2b599fbe9ffa3
1788609894051217062	1444	1	phase_loop[1443]	1788609894041542	9001	3aad529687ba4b2f	97f2b599fbe9ffa3
1788609894061303612	1445	1	phase_loop[1444]	1788609894051401	9145	72e2dc0c9af4316c	97f2b599fbe9ffa3
1788609894071377176	1446	1	phase_loop[1445]	1788609894061494	9053	e37e460be0c9b6a0	97f2b599fbe9ffa3
1788609894081311938	1447	1	phase_loop[1446]	1788609894071567	8979	17813cafeb688ea5	97f2b599fbe9ffa3
1788609894091441679	1448	1	phase_loop[1447]	1788609894081503	9044	0532bbd54af1d0f4	97f2b599fbe9ffa3
1788609894101415475	1449	1	phase_loop[1448]	1788609894091670	8877	16d3cba4560209c5	97f2b599fbe9ffa3
1788609894111288521	1450	1	phase_loop[1449]	1788609894101653	8894	abafccdc6626db74	97f2b599fbe9ffa3
1788609894121322420	1451	1	phase_loop[1450]	1788609894111478	9069	9f9d8de6cedac572	97f2b599fbe9ffa3
1788609894131507476	1452	1	phase_loop[1451]	1788609894121507	9041	bc3d16d4e12e79d1	97f2b599fbe9ffa3
1788609894141382345	1453	1	phase_loop[1452]	1788609894131744	8851	cbd24d7b0c1928b5	97f2b599fbe9ffa3
1788609894151213671	1454	1	phase_loop[1453]	1788609894141583	8962	42a60d2f4b0e1555	97f2b599fbe9ffa3
1788609894161389589	1455	1	phase_loop[1454]	1788609894151396	9149	8e15fe23c8312526	97f2b599fbe9ffa3
1788609894171433057	1456	1	phase_loop[1455]	1788609894161625	8922	21794ebb35018af3	97f2b599fbe9ffa3
1788609894181228085	1457	1	phase_loop[1456]	1788609894171645	8899	8db763f941af56b1	97f2b599fbe9ffa3
1788609894191403502	1458	1	phase_loop[1457]	1788609894181415	9135	45a441d5fc392a4a	97f2b599fbe9ffa3
1788609894201498277	1459	1	phase_loop[1458]	1788609894191639	8909	dc0a42004c6dd3f9	97f2b599fbe9ffa3
1788609894211333762	1460	1	phase_loop[1459]	1788609894201737	8809	d62450d00182f4ac	97f2b599fbe9ffa3
1788609894221218710	1461	1	phase_loop[1460]	1788609894211528	9016	057fc193c7212189	97f2b599fbe9ffa3
1788609894231504415	1462	1	phase_loop[1461]	1788609894221400	9150	4c36cc2fd2cd04dd	97f2b599fbe9ffa3
1788609894241393922	1463	1	phase_loop[1462]	1788609894231742	8806	e81292e2b9631d30	97f2b599fbe9ffa3
1788609894251241830	1464	1	phase_loop[1463]	1788609894241593	8950	d5c62cb4ce3fd0a9	97f2b599fbe9ffa3
1788609894261303141	1465	1	phase_loop[1464]	1788609894251427	9120	6be9ffe381f89fda	97f2b599fbe9ffa3
1788609894271407665	1466	1	phase_loop[1465]	1788609894261496	9053	97aa8f113992353a	97f2b599fbe9ffa3
1788609894281182124	1467	1	phase_loop[1466]	1788609894271605	8938	ac2d79cdd86d97a2	97f2b599fbe9ffa3
1788609894291415410	1468	1	phase_loop[1467]	1788609894281363	9183	083a3bc45a826a85	97f2b599fbe9ffa3
1788609894301987798	1469	1	phase_loop[1468]	1788609894291658	8894	45ee87f3f8c179f1	97f2b599fbe9ffa3
1788609894311387559	1470	1	phase_loop[1469]	1788609894302213	8333	7f529d4def3aad99	97f2b599fbe9ffa3
1788609894321261526	1471	1	phase_loop[1470]	1788609894311596	8950	26cb45265e18aaa2	97f2b599fbe9ffa3
1788609894331882095	1472	1	phase_loop[1471]	1788609894321450	9098	80d9eed41fa9a6c0	97f2b599fbe9ffa3
1788609894341363841	1473	1	phase_loop[1472]	1788609894332121	8425	6429ddc45e62196d	97f2b599fbe9ffa3
1788609894351255371	1474	1	phase_loop[1473]	1788609894341559	8985	c6f1b3a9a717791c	97f2b599fbe9ffa3
1788609894361345888	1475	1	phase_loop[1474]	1788609894351479	9068	43ebd264a780fede	97f2b599fbe9ffa3
1788609894371374858	1476	1	phase_loop[1475]	1788609894361557	8991	71d46674023bb4ae	97f2b599fbe9ffa3
1788609894381319188	1477	1	phase_loop[1476]	1788609894371570	8976	3b9b4ed899231bbc	97f2b599fbe9ffa3
1788609894391382764	1478	1	phase_loop[1477]	1788609894381507	9040	aa3a6394f824a98a	97f2b599fbe9ffa3
1788609894401398088	1479	1	phase_loop[1478]	1788609894391603	8949	a15aef5dcd29821b	97f2b599fbe9ffa3
1788609894411338061	1480	1	phase_loop[1479]	1788609894401622	8924	bfb44692f00d930c	97f2b599fbe9ffa3
1788609894421361500	1481	1	phase_loop[1480]	1788609894411533	9013	8b22d222f6e12b17	97f2b599fbe9ffa3
1788609894431538250	1482	1	phase_loop[1481]	1788609894421552	8996	1985bc5019aedf02	97f2b599fbe9ffa3
1788609894441299735	1483	1	phase_loop[1482]	1788609894431774	8772	677360c36b74a502	97f2b599fbe9ffa3
1788609894451245558	1484	1	phase_loop[1483]	1788609894441502	9042	4ff11cca227c4fea	97f2b599fbe9ffa3
1788609894461357385	1485	1	phase_loop[1484]	1788609894451436	9110	f5688c7a27569cad	97f2b599fbe9ffa3
1788609894471358523	1486	1	phase_loop[1485]	1788609894461553	9038	99faabb8a6dca7cd	97f2b599fbe9ffa3
1788609894481202683	1487	1	phase_loop[1486]	1788609894471553	8991	b664a6f6eaefce2b	97f2b599fbe9ffa3
1788609894491414509	1488	1	phase_loop[1487]	1788609894481391	9158	6cfaece5947a4232	97f2b599fbe9ffa3
1788609894501465872	1489	1	phase_loop[1488]	1788609894491642	8909	9ca75205a9c4fe6b	97f2b599fbe9ffa3
1788609894511319351	1490	1	phase_loop[1489]	1788609894501702	8845	1f53a5492f5e4f87	97f2b599fbe9ffa3
1788609894521251788	1491	1	phase_loop[1490]	1788609894511506	9037	d617e1d47c28d3b6	97f2b599fbe9ffa3
1788609894531304884	1492	1	phase_loop[1491]	1788609894521448	9099	61f804fb53c66087	97f2b599fbe9ffa3
1788609894541513224	1493	1	phase_loop[1492]	1788609894531499	9047	afaded8df609e591	97f2b599fbe9ffa3
1788609894551211900	1494	1	phase_loop[1493]	1788609894541748	8795	cd6e9fe0a78f86bc	97f2b599fbe9ffa3
1788609894561309530	1495	1	phase_loop[1494]	1788609894551394	9152	1dbe45a5cea0ea25	97f2b599fbe9ffa3
1788609894571480158	1496	1	phase_loop[1495]	1788609894561506	9039	24c8bd563eb85425	97f2b599fbe9ffa3
1788609894581316634	1497	1	phase_loop[1496]	1788609894571724	8822	5555e2a1fddab067	97f2b599fbe9ffa3
1788609894591394818	1498	1	phase_loop[1497]	1788609894581505	9042	cd057ae3d50691e1	97f2b599fbe9ffa3
1788609894601463202	1499	1	phase_loop[1498]	1788609894591636	8911	378cbf6fa80eaef8	97f2b599fbe9ffa3
1788609894611333363	1500	1	phase_loop[1499]	1788609894601696	8851	87732f9813930fbc	97f2b599fbe9ffa3
1788609894621204074	1501	1	phase_loop[1500]	1788609894611529	9014	85f8c535cd1329f7	97f2b599fbe9ffa3
1788609894631489328	1502	1	phase_loop[1501]	1788609894621394	9154	8a0ba434eff83dc1	97f2b599fbe9ffa3
1788609894641365440	1503	1	phase_loop[1502]	1788609894631725	8823	9b9ab4e52f38fe60	97f2b599fbe9ffa3
1788609894651473720	1504	1	phase_loop[1503]	1788609894641562	8987	9c8713e8b9e92928	97f2b599fbe9ffa3
1788609894661329723	1505	1	phase_loop[1504]	1788609894651728	8817	bb449c28cb34fdde	97f2b599fbe9ffa3
1788609894671365997	1506	1	phase_loop[1505]	1788609894661527	9023	f68b5f72e8490794	97f2b599fbe9ffa3
1788609894681308234	1507	1	phase_loop[1506]	1788609894671594	8950	6c17e98afc8c841f	97f2b599fbe9ffa3
1788609894691399792	1508	1	phase_loop[1507]	1788609894681495	9050	926223376ef45957	97f2b599fbe9ffa3
1788609894701458278	1509	1	phase_loop[1508]	1788609894691620	8926	4ecd7a17986a9ca8	97f2b599fbe9ffa3
1788609894711288944	1510	1	phase_loop[1509]	1788609894701692	8853	5ac1a1d23f205e98	97f2b599fbe9ffa3
1788609894721312364	1511	1	phase_loop[1510]	1788609894711483	9063	45a39bec6276b59b	97f2b599fbe9ffa3
1788609894733057779	1512	1	phase_loop[1511]	1788609894721499	9049	afd50087309dea1b	97f2b599fbe9ffa3
1788609894741374152	1513	1	phase_loop[1512]	1788609894733329	7216	431ae81956eeaa4e	97f2b599fbe9ffa3
1788609894751219024	1514	1	phase_loop[1513]	1788609894741565	8979	5bad740577b502fb	97f2b599fbe9ffa3
1788609894761303038	1515	1	phase_loop[1514]	1788609894751403	9142	597d3375be4c5477	97f2b599fbe9ffa3
1788609894771386131	1516	1	phase_loop[1515]	1788609894761499	9049	0998407f96f8d0bf	97f2b599fbe9ffa3
1788609894781356500	1517	1	phase_loop[1516]	1788609894771582	8965	38680ca09dfdc1e8	97f2b599fbe9ffa3
1788609894791416479	1518	1	phase_loop[1517]	1788609894781546	9004	969826301d74318d	97f2b599fbe9ffa3
1788609894801441763	1519	1	phase_loop[1518]	1788609894791635	8978	9f923de3b7d73fbf	97f2b599fbe9ffa3
1788609894811422622	1520	1	phase_loop[1519]	1788609894801701	8845	1c9d3b0dfb04f6a8	97f2b599fbe9ffa3
1788609894821320184	1521	1	phase_loop[1520]	1788609894811625	8921	4d187a6ca6a1b8bd	97f2b599fbe9ffa3
1788609894831505139	1522	1	phase_loop[1521]	1788609894821538	9010	889df1acd42b4c94	97f2b599fbe9ffa3
1788609894841364459	1523	1	phase_loop[1522]	1788609894831741	8805	314bfa6f9edcddca	97f2b599fbe9ffa3
1788609894851217587	1524	1	phase_loop[1523]	1788609894841560	8984	abd4fe712b1c77d0	97f2b599fbe9ffa3
1788609894861339092	1525	1	phase_loop[1524]	1788609894851402	9143	fce6ef07b3f05039	97f2b599fbe9ffa3
1788609894871399251	1526	1	phase_loop[1525]	1788609894861534	9015	9bf9a3bf60a1a2d2	97f2b599fbe9ffa3
1788609894881202435	1527	1	phase_loop[1526]	1788609894871596	8947	05aa7bf4d3f9d5f2	97f2b599fbe9ffa3
1788609894891375658	1528	1	phase_loop[1527]	1788609894881388	9158	65446c0014f1d271	97f2b599fbe9ffa3
1788609894901440756	1529	1	phase_loop[1528]	1788609894891602	8950	2a66c0c57fc30691	97f2b599fbe9ffa3
1788609894911299515	1530	1	phase_loop[1529]	1788609894901736	8809	e72a0a0880163495	97f2b599fbe9ffa3
1788609894921329607	1531	1	phase_loop[1530]	1788609894911488	9059	e39afef1af0a5244	97f2b599fbe9ffa3
1788609894931479206	1532	1	phase_loop[1531]	1788609894921518	9030	f511ac8ba22822ef	97f2b599fbe9ffa3
1788609894941335509	1533	1	phase_loop[1532]	1788609894931723	8822	384ad93e675d2773	97f2b599fbe9ffa3
1788609894951340003	1534	1	phase_loop[1533]	1788609894941523	9026	ddd13365a1e9be50	97f2b599fbe9ffa3
1788609894961320923	1535	1	phase_loop[1534]	1788609894951539	9013	73ac14151b197651	97f2b599fbe9ffa3
1788609894971413423	1536	1	phase_loop[1535]	1788609894961513	9034	cfb7d555cff215d0	97f2b599fbe9ffa3
1788609894981312899	1537	1	phase_loop[1536]	1788609894971629	8915	44273be9e0fa2811	97f2b599fbe9ffa3
1788609894991366055	1538	1	phase_loop[1537]	1788609894981501	9045	56463e0718f5a5d7	97f2b599fbe9ffa3
1788609895001422247	1539	1	phase_loop[1538]	1788609894991591	8955	15b342545c7e5c57	97f2b599fbe9ffa3
1788609895011294901	1540	1	phase_loop[1539]	1788609895001646	8900	6788c976e917bab3	97f2b599fbe9ffa3
1788609895021325595	1541	1	phase_loop[1540]	1788609895011486	9061	e5c7b13dd0b48f8a	97f2b599fbe9ffa3
1788609895031510380	1542	1	phase_loop[1541]	1788609895021525	9024	0c44130c12129beb	97f2b599fbe9ffa3
1788609895041357396	1543	1	phase_loop[1542]	1788609895031745	8800	4d8d2c7bed842ac9	97f2b599fbe9ffa3
1788609895051233878	1544	1	phase_loop[1543]	1788609895041547	8996	9f1b96f1fa7795ce	97f2b599fbe9ffa3
1788609895061318413	1545	1	phase_loop[1544]	1788609895051414	9132	a67ee53328a93090	97f2b599fbe9ffa3
1788609895071353074	1546	1	phase_loop[1545]	1788609895061518	9028	69e86e57e167c3c4	97f2b599fbe9ffa3
1788609895081324345	1547	1	phase_loop[1546]	1788609895071546	9001	6e8217a3823b74a8	97f2b599fbe9ffa3
1788609895091375648	1548	1	phase_loop[1547]	1788609895081510	9037	ca49707d9a4e1eb3	97f2b599fbe9ffa3
1788609895101449302	1549	1	phase_loop[1548]	1788609895091592	8955	2b5e2385cd191dc5	97f2b599fbe9ffa3
1788609895111323921	1550	1	phase_loop[1549]	1788609895101687	8861	9a53117a1820b9de	97f2b599fbe9ffa3
1788609895121370364	1551	1	phase_loop[1550]	1788609895111511	9036	cc3669ec3a735af7	97f2b599fbe9ffa3
1788609895131495817	1552	1	phase_loop[1551]	1788609895121591	9018	e0024cfc123b709c	97f2b599fbe9ffa3
1788609895141342763	1553	1	phase_loop[1552]	1788609895131710	8836	8a9ebbe979a6bf51	97f2b599fbe9ffa3
1788609895151233161	1554	1	phase_loop[1553]	1788609895141533	9010	3f4813d24a6e514c	97f2b599fbe9ffa3
1788609895161331733	1555	1	phase_loop[1554]	1788609895151416	9130	5783d0cbefb5e834	97f2b599fbe9ffa3
1788609895171403063	1556	1	phase_loop[1555]	1788609895161535	9013	d00ce4ad4a6e3c95	97f2b599fbe9ffa3
1788609895181212388	1557	1	phase_loop[1556]	1788609895171596	8948	98ab061c0720d595	97f2b599fbe9ffa3
1788609895191372757	1558	1	phase_loop[1557]	1788609895181396	9151	993d83870d4f77db	97f2b599fbe9ffa3
1788609895201399723	1559	1	phase_loop[1558]	1788609895191592	8955	aad9f572e46a1449	97f2b599fbe9ffa3
1788609895211376545	1560	1	phase_loop[1559]	1788609895201618	8927	1dda0b30cbc6d0f4	97f2b599fbe9ffa3
1788609895221210717	1561	1	phase_loop[1560]	1788609895211573	8971	5681c71f50c3011e	97f2b599fbe9ffa3
1788609895231502183	1562	1	phase_loop[1561]	1788609895221394	9154	d3559767951b998b	97f2b599fbe9ffa3
1788609895241324072	1563	1	phase_loop[1562]	1788609895231739	8807	69f180a291a3a7d5	97f2b599fbe9ffa3
1788609895251352812	1564	1	phase_loop[1563]	1788609895241518	9029	d88d0c85a6a0aade	97f2b599fbe9ffa3
1788609895261310758	1565	1	phase_loop[1564]	1788609895251540	9005	7a6c0a9ee266b279	97f2b599fbe9ffa3
1788609895271356049	1566	1	phase_loop[1565]	1788609895261503	9050	42f1167dad2f4a4f	97f2b599fbe9ffa3
1788609895281264591	1567	1	phase_loop[1566]	1788609895271576	8969	af0bc8e508c0e842	97f2b599fbe9ffa3
1788609895291605311	1568	1	phase_loop[1567]	1788609895281457	9090	d43335a2838edd0a	97f2b599fbe9ffa3
1788609895301430987	1569	1	phase_loop[1568]	1788609895291836	8715	f64640a0f19ac9db	97f2b599fbe9ffa3
1788609895311303191	1570	1	phase_loop[1569]	1788609895301662	8886	9da7a419f4ea9e0f	97f2b599fbe9ffa3
1788609895321308436	1571	1	phase_loop[1570]	1788609895311522	9024	75b9d36f146e259c	97f2b599fbe9ffa3
1788609895331485867	1572	1	phase_loop[1571]	1788609895321496	9054	72a2763a02308322	97f2b599fbe9ffa3
1788609895341358752	1573	1	phase_loop[1572]	1788609895331728	8818	3c5d8b6ddafc257f	97f2b599fbe9ffa3
1788609895351237298	1574	1	phase_loop[1573]	1788609895341549	8996	274a3d5a659bc15d	97f2b599fbe9ffa3
1788609895361321142	1575	1	phase_loop[1574]	1788609895351420	9126	c7cc8b6fe3d47479	97f2b599fbe9ffa3
1788609895371451855	1576	1	phase_loop[1575]	1788609895361513	9034	ea0616f84d8d1dcc	97f2b599fbe9ffa3
1788609895381311445	1577	1	phase_loop[1576]	1788609895371655	8890	5e270271a68770e4	97f2b599fbe9ffa3
1788609895391505547	1578	1	phase_loop[1577]	1788609895381499	9050	dff38919993e576f	97f2b599fbe9ffa3
1788609895402943140	1579	1	phase_loop[1578]	1788609895391816	8733	c19284ee19392075	97f2b599fbe9ffa3
1788609895412261167	1580	1	phase_loop[1579]	1788609895403181	7368	268c249e69f2fbda	97f2b599fbe9ffa3
1788609895421380557	1581	1	phase_loop[1580]	1788609895412585	7960	2e42749db7a1ecee	97f2b599fbe9ffa3
1788609895433268672	1582	1	phase_loop[1581]	1788609895421585	8962	b1784ef8c18c475f	97f2b599fbe9ffa3
1788609895441410234	1583	1	phase_loop[1582]	1788609895433538	7009	97e9005046280b56	97f2b599fbe9ffa3
1788609895451473920	1584	1	phase_loop[1583]	1788609895441647	8901	3eb2a1c19c03c055	97f2b599fbe9ffa3
1788609895461967980	1585	1	phase_loop[1584]	1788609895451694	8896	0a5b89f301b50c23	97f2b599fbe9ffa3
1788609895471618805	1586	1	phase_loop[1585]	1788609895462216	8331	54d9e7595652abfc	97f2b599fbe9ffa3
1788609895481541755	1587	1	phase_loop[1586]	1788609895471869	8677	a84879afa8b19c5a	97f2b599fbe9ffa3
1788609895491496274	1588	1	phase_loop[1587]	1788609895481774	8778	ac50e95c4482fe78	97f2b599fbe9ffa3
1788609895501496159	1589	1	phase_loop[1588]	1788609895491740	8808	fbf4d070c30c094a	97f2b599fbe9ffa3
1788609895511338767	1590	1	phase_loop[1589]	1788609895501730	8817	379160d273cab7f2	97f2b599fbe9ffa3
1788609895521219087	1591	1	phase_loop[1590]	1788609895511529	9015	b340603afb29664b	97f2b599fbe9ffa3
1788609895531342215	1592	1	phase_loop[1591]	1788609895521404	9142	b16d654bd2429792	97f2b599fbe9ffa3
1788609895541411471	1593	1	phase_loop[1592]	1788609895531539	9008	f321bcb58bc2d34c	97f2b599fbe9ffa3
1788609895551348518	1594	1	phase_loop[1593]	1788609895541674	8873	5e40d6597aaed664	97f2b599fbe9ffa3
1788609895561343714	1595	1	phase_loop[1594]	1788609895551534	9012	924934629a7ecc5d	97f2b599fbe9ffa3
1788609895571675477	1596	1	phase_loop[1595]	1788609895561535	9013	992e1bc0f1d6a133	97f2b599fbe9ffa3
1788609895581338996	1597	1	phase_loop[1596]	1788609895572008	8538	365bc09ce555e870	97f2b599fbe9ffa3
1788609895591378977	1598	1	phase_loop[1597]	1788609895581539	9008	90e4b41d248326c6	97f2b599fbe9ffa3
1788609895602110976	1599	1	phase_loop[1598]	1788609895591601	8946	3a78a0e40a092c4e	97f2b599fbe9ffa3
1788609895611378978	1600	1	phase_loop[1599]	1788609895602323	8224	0da49c30554e1772	97f2b599fbe9ffa3
1788609895621305134	1601	1	phase_loop[1600]	1788609895611609	8936	1b4ad42c2d717dba	97f2b599fbe9ffa3
1788609895631433742	1602	1	phase_loop[1601]	1788609895621494	9052	f4bef0b15454be70	97f2b599fbe9ffa3
1788609895641425583	1603	1	phase_loop[1602]	1788609895631690	8858	4c3eb0bbb2979a5d	97f2b599fbe9ffa3
1788609895651345737	1604	1	phase_loop[1603]	1788609895641623	8924	d69a3d3ea859373e	97f2b599fbe9ffa3
1788609895661361873	1605	1	phase_loop[1604]	1788609895651539	9007	8608523e9747ba01	97f2b599fbe9ffa3
1788609895671365165	1606	1	phase_loop[1605]	1788609895661569	8978	32f8e41d5bbb63e7	97f2b599fbe9ffa3
1788609895681313462	1607	1	phase_loop[1606]	1788609895671559	8987	32d5fa3cd8674acb	97f2b599fbe9ffa3
1788609895691420210	1608	1	phase_loop[1607]	1788609895681522	9026	785e0098771555a0	97f2b599fbe9ffa3
1788609895701421598	1609	1	phase_loop[1608]	1788609895691655	8893	76c013da98c3f3e8	97f2b599fbe9ffa3
1788609895711312307	1610	1	phase_loop[1609]	1788609895701696	8850	9fae75966100fb7c	97f2b599fbe9ffa3
1788609895721227291	1611	1	phase_loop[1610]	1788609895711500	9044	20cb5c75a26c74cf	97f2b599fbe9ffa3
1788609895731518067	1612	1	phase_loop[1611]	1788609895721408	9142	3fb7184a888acd82	97f2b599fbe9ffa3
1788609895741323123	1613	1	phase_loop[1612]	1788609895731751	8795	298b1a6da15ea264	97f2b599fbe9ffa3
1788609895751221597	1614	1	phase_loop[1613]	1788609895741517	9027	74d503a7c99f76a5	97f2b599fbe9ffa3
1788609895761400180	1615	1	phase_loop[1614]	1788609895751410	9137	ac1201c4cef74ab1	97f2b599fbe9ffa3
1788609895771424952	1616	1	phase_loop[1615]	1788609895761642	8907	efcab08551de8608	97f2b599fbe9ffa3
1788609895781327453	1617	1	phase_loop[1616]	1788609895771626	8919	a48db5583012da5f	97f2b599fbe9ffa3
1788609895791425955	1618	1	phase_loop[1617]	1788609895781548	9050	993102ecb53294ae	97f2b599fbe9ffa3
1788609895801396605	1619	1	phase_loop[1618]	1788609895791650	8899	2711eb6c82d7c576	97f2b599fbe9ffa3
1788609895811298675	1620	1	phase_loop[1619]	1788609895801638	8908	b22e899d2576271b	97f2b599fbe9ffa3
1788609895821189254	1621	1	phase_loop[1620]	1788609895811486	9057	b123b69dceff9be6	97f2b599fbe9ffa3
1788609895831326128	1622	1	phase_loop[1621]	1788609895821368	9178	b8cf6c25315ea6d8	97f2b599fbe9ffa3
1788609895841465116	1623	1	phase_loop[1622]	1788609895831560	8985	21d95fee060bb73b	97f2b599fbe9ffa3
1788609895851449663	1624	1	phase_loop[1623]	1788609895841700	8847	f789595ec6faef43	97f2b599fbe9ffa3
1788609895861318160	1625	1	phase_loop[1624]	1788609895851641	8905	23a2cd6e84a2c17c	97f2b599fbe9ffa3
1788609895871353632	1626	1	phase_loop[1625]	1788609895861516	9033	204962d411069fdb	97f2b599fbe9ffa3
1788609895881183516	1627	1	phase_loop[1626]	1788609895871548	8996	a7dd051401c2e79c	97f2b599fbe9ffa3
1788609895891383600	1628	1	phase_loop[1627]	1788609895881363	9183	5df1f8c66b996eb6	97f2b599fbe9ffa3
1788609895901541694	1629	1	phase_loop[1628]	1788609895891603	8944	ded4c1171aa3001c	97f2b599fbe9ffa3
1788609895911381627	1630	1	phase_loop[1629]	1788609895901783	8764	0407013d7197b017	97f2b599fbe9ffa3
1788609895921304707	1631	1	phase_loop[1630]	1788609895911588	8958	ffba63020c5847ae	97f2b599fbe9ffa3
1788609895934105277	1632	1	phase_loop[1631]	1788609895921494	9055	d25518459118743f	97f2b599fbe9ffa3
1788609895941378788	1633	1	phase_loop[1632]	1788609895934352	6193	4c38274744a7338b	97f2b599fbe9ffa3
1788609895951225494	1634	1	phase_loop[1633]	1788609895941574	8970	25ce4b3f83462623	97f2b599fbe9ffa3
1788609895961319787	1635	1	phase_loop[1634]	1788609895951409	9137	5769c6b89846131a	97f2b599fbe9ffa3
1788609895971445080	1636	1	phase_loop[1635]	1788609895961510	9037	284b6229dcb94fa9	97f2b599fbe9ffa3
1788609895981305451	1637	1	phase_loop[1636]	1788609895971677	8869	789e88ad817560db	97f2b599fbe9ffa3
1788609895991389906	1638	1	phase_loop[1637]	1788609895981494	9053	441c80edc52d397c	97f2b599fbe9ffa3
1788609896001428435	1639	1	phase_loop[1638]	1788609895991613	8939	8985e96ecfaa81df	97f2b599fbe9ffa3
1788609896011365912	1640	1	phase_loop[1639]	1788609896001656	8890	f322bc13676b4140	97f2b599fbe9ffa3
1788609896021219090	1641	1	phase_loop[1640]	1788609896011558	8987	596d05a2def886f8	97f2b599fbe9ffa3
1788609896031553617	1642	1	phase_loop[1641]	1788609896021398	9150	8b5f4aa5eb65aff3	97f2b599fbe9ffa3
1788609896041316905	1643	1	phase_loop[1642]	1788609896031793	8754	bd7bb8f197ac976a	97f2b599fbe9ffa3
1788609896051224626	1644	1	phase_loop[1643]	1788609896041506	9039	e00c2f730eb1046d	97f2b599fbe9ffa3
1788609896061692516	1645	1	phase_loop[1644]	1788609896051407	9140	60a921dc7419728e	97f2b599fbe9ffa3
1788609896071351326	1646	1	phase_loop[1645]	1788609896061906	8642	58923eacc5d437aa	97f2b599fbe9ffa3
1788609896081361241	1647	1	phase_loop[1646]	1788609896071540	9006	678352cbfd2538d6	97f2b599fbe9ffa3
1788609896091382927	1648	1	phase_loop[1647]	1788609896081588	8960	951a0ecde52e1a8d	97f2b599fbe9ffa3
1788609896101469516	1649	1	phase_loop[1648]	1788609896091604	8943	fee2563b4907c8b5	97f2b599fbe9ffa3
1788609896111334606	1650	1	phase_loop[1649]	1788609896101727	8818	9c261e058941d799	97f2b599fbe9ffa3
1788609896121270090	1651	1	phase_loop[1650]	1788609896111521	9055	99487bda7a13f33e	97f2b599fbe9ffa3
1788609896131353293	1652	1	phase_loop[1651]	1788609896121465	9081	0b18111c91d9b061	97f2b599fbe9ffa3
1788609896141350903	1653	1	phase_loop[1652]	1788609896131590	8956	8253be57db9faaa0	97f2b599fbe9ffa3
1788609896151324890	1654	1	phase_loop[1653]	1788609896141547	8997	aba7663d77e48b73	97f2b599fbe9ffa3
1788609896161313173	1655	1	phase_loop[1654]	1788609896151514	9033	0a011ce9efca4cbc	97f2b599fbe9ffa3
1788609896171409150	1656	1	phase_loop[1655]	1788609896161503	9044	2bf1593fe03ba08c	97f2b599fbe9ffa3
1788609896181210910	1657	1	phase_loop[1656]	1788609896171604	8939	298a756ec4265e38	97f2b599fbe9ffa3
1788609896191397809	1658	1	phase_loop[1657]	1788609896181391	9159	1e630d18d97fdd3b	97f2b599fbe9ffa3
1788609896201621668	1659	1	phase_loop[1658]	1788609896191638	8911	f13fa17cdfa6b40d	97f2b599fbe9ffa3
1788609896211334169	1660	1	phase_loop[1659]	1788609896201863	8684	c6e5bffcf871b3be	97f2b599fbe9ffa3
1788609896221181496	1661	1	phase_loop[1660]	1788609896211523	9019	32ed63c8be81c0c2	97f2b599fbe9ffa3
1788609896234031670	1662	1	phase_loop[1661]	1788609896221361	9188	ae82c24ddc168f00	97f2b599fbe9ffa3
1788609896241340027	1663	1	phase_loop[1662]	1788609896234285	6263	71cf03bc9072725f	97f2b599fbe9ffa3
1788609896251190660	1664	1	phase_loop[1663]	1788609896241530	9014	3f9e5a91cc2302b1	97f2b599fbe9ffa3
1788609896261299451	1665	1	phase_loop[1664]	1788609896251385	9159	789b06af54ac359b	97f2b599fbe9ffa3
1788609896271388264	1666	1	phase_loop[1665]	1788609896261494	9053	23af2726eebd7ac1	97f2b599fbe9ffa3
1788609896281316003	1667	1	phase_loop[1666]	1788609896271609	8938	8f56a60732a2eff8	97f2b599fbe9ffa3
1788609896291414755	1668	1	phase_loop[1667]	1788609896281504	9043	ca7930f18bbd812e	97f2b599fbe9ffa3
1788609896301381057	1669	1	phase_loop[1668]	1788609896291653	8894	956d7116efbb8d9a	97f2b599fbe9ffa3
1788609896311383927	1670	1	phase_loop[1669]	1788609896301643	8903	e53e08dde58816b6	97f2b599fbe9ffa3
1788609896321254989	1671	1	phase_loop[1670]	1788609896311575	8970	180e199f922a1400	97f2b599fbe9ffa3
1788609896331627318	1672	1	phase_loop[1671]	1788609896321445	9104	1901e3ffe519f0d6	97f2b599fbe9ffa3
1788609896341333358	1673	1	phase_loop[1672]	1788609896331866	8681	453a795dcd336bcd	97f2b599fbe9ffa3
1788609896351244465	1674	1	phase_loop[1673]	1788609896341524	9020	fce89f0967167be9	97f2b599fbe9ffa3
1788609896361361873	1675	1	phase_loop[1674]	1788609896351429	9118	5b188905a946610a	97f2b599fbe9ffa3
1788609896371367318	1676	1	phase_loop[1675]	1788609896361556	8991	2015cc29567c6112	97f2b599fbe9ffa3
1788609896381369368	1677	1	phase_loop[1676]	1788609896371555	8991	fb79078f6cab82d4	97f2b599fbe9ffa3
1788609896391450917	1678	1	phase_loop[1677]	1788609896381563	8985	1fe9d6e3cd350eaf	97f2b599fbe9ffa3
1788609896401391951	1679	1	phase_loop[1678]	1788609896391672	8877	672829f776434388	97f2b599fbe9ffa3
1788609896411355538	1680	1	phase_loop[1679]	1788609896401625	8921	5edf756141bf2af4	97f2b599fbe9ffa3
1788609896421355343	1681	1	phase_loop[1680]	1788609896411549	8995	2e726e87dcae63a7	97f2b599fbe9ffa3
1788609896431510832	1682	1	phase_loop[1681]	1788609896421591	8956	27e19dabc09fc791	97f2b599fbe9ffa3
1788609896441370001	1683	1	phase_loop[1682]	1788609896431751	8796	934f038d88d39f5a	97f2b599fbe9ffa3
1788609896451349057	1684	1	phase_loop[1683]	1788609896441581	9011	ce68126642db41a9	97f2b599fbe9ffa3
1788609896461502603	1685	1	phase_loop[1684]	1788609896451539	9009	61266683c396e78a	97f2b599fbe9ffa3
1788609896471476278	1686	1	phase_loop[1685]	1788609896461727	8821	e5cd3208dddfd242	97f2b599fbe9ffa3
1788609896481359944	1687	1	phase_loop[1686]	1788609896471715	8832	25550d849b01a559	97f2b599fbe9ffa3
1788609896491384686	1688	1	phase_loop[1687]	1788609896481574	8973	cb873497009b5519	97f2b599fbe9ffa3
1788609896502090916	1689	1	phase_loop[1688]	1788609896491592	8953	a1eb41abbc887225	97f2b599fbe9ffa3
1788609896512606396	1690	1	phase_loop[1689]	1788609896502326	8220	11295e5a8720a98c	97f2b599fbe9ffa3
1788609896521375575	1691	1	phase_loop[1690]	1788609896512900	7645	c71064db49abcb01	97f2b599fbe9ffa3
1788609896533035438	1692	1	phase_loop[1691]	1788609896521599	8950	cb724d9d3d3fbd38	97f2b599fbe9ffa3
1788609896541545056	1693	1	phase_loop[1692]	1788609896533313	7232	0f78624171b10492	97f2b599fbe9ffa3
1788609896551387864	1694	1	phase_loop[1693]	1788609896541752	8794	ac1e62c7a4fd54f6	97f2b599fbe9ffa3
1788609896561311225	1695	1	phase_loop[1694]	1788609896551602	8945	82b816f9be5e19bd	97f2b599fbe9ffa3
1788609896571539932	1696	1	phase_loop[1695]	1788609896561530	9024	bbf8b2ebbfea4778	97f2b599fbe9ffa3
1788609896581486467	1697	1	phase_loop[1696]	1788609896571796	8752	af93a59f2043b25b	97f2b599fbe9ffa3
1788609896591512331	1698	1	phase_loop[1697]	1788609896581720	8828	bf9703e92d14503d	97f2b599fbe9ffa3
1788609896601398802	1699	1	phase_loop[1698]	1788609896591776	8773	73ad030e13eced51	97f2b599fbe9ffa3
1788609896611320208	1700	1	phase_loop[1699]	1788609896601633	8912	c7de21bb463ba90b	97f2b599fbe9ffa3
1788609896621213001	1701	1	phase_loop[1700]	1788609896611515	9030	d35d2a00ffa260af	97f2b599fbe9ffa3
1788609896631488578	1702	1	phase_loop[1701]	1788609896621398	9152	ebcaf484d29614ff	97f2b599fbe9ffa3
1788609896641340002	1703	1	phase_loop[1702]	1788609896631729	8818	52132ce6640634d0	97f2b599fbe9ffa3
1788609896651241371	1704	1	phase_loop[1703]	1788609896641528	9015	edba4b77045b5d67	97f2b599fbe9ffa3
1788609896661370380	1705	1	phase_loop[1704]	1788609896651423	9121	13c7cfae081cecc1	97f2b599fbe9ffa3
1788609896671371979	1706	1	phase_loop[1705]	1788609896661570	8978	e48ea83eda2d4be0	97f2b599fbe9ffa3
1788609896681204247	1707	1	phase_loop[1706]	1788609896671562	8984	6fcb999d5bd6c619	97f2b599fbe9ffa3
1788609896691403659	1708	1	phase_loop[1707]	1788609896681382	9164	6f2d83c86dd8db1a	97f2b599fbe9ffa3
1788609896701412852	1709	1	phase_loop[1708]	1788609896691641	8910	a1c2ca886eae1d1f	97f2b599fbe9ffa3
1788609896711352764	1710	1	phase_loop[1709]	1788609896701650	8897	f3dfbaa92b8b5d0f	97f2b599fbe9ffa3
1788609896721331870	1711	1	phase_loop[1710]	1788609896711542	9004	6b8f75d47031bc19	97f2b599fbe9ffa3
1788609896731757460	1712	1	phase_loop[1711]	1788609896721558	8991	5ebbf7a1b45ab17f	97f2b599fbe9ffa3
1788609896741435637	1713	1	phase_loop[1712]	1788609896732062	8485	1d8ed7f1f1c3e7ad	97f2b599fbe9ffa3
1788609896751308983	1714	1	phase_loop[1713]	1788609896741658	8889	cef863ade8918548	97f2b599fbe9ffa3
1788609896761407985	1715	1	phase_loop[1714]	1788609896751499	9047	01d1da3e059994a1	97f2b599fbe9ffa3
1788609896771381450	1716	1	phase_loop[1715]	1788609896761605	8943	be353b1443176625	97f2b599fbe9ffa3
1788609896781188060	1717	1	phase_loop[1716]	1788609896771573	9001	86538cef170d2e02	97f2b599fbe9ffa3
1788609896791406248	1718	1	phase_loop[1717]	1788609896781365	9182	2c843a2928fa1940	97f2b599fbe9ffa3
1788609896801489641	1719	1	phase_loop[1718]	1788609896791653	8893	f8c5cd0b0ce8e3b1	97f2b599fbe9ffa3
1788609896811383536	1720	1	phase_loop[1719]	1788609896801718	8829	e2e05b15ccd8bcdd	97f2b599fbe9ffa3
1788609896821220643	1721	1	phase_loop[1720]	1788609896811572	8972	c4ddbb57f004df31	97f2b599fbe9ffa3
1788609896831511739	1722	1	phase_loop[1721]	1788609896821402	9145	c0b68f49eaa957d2	97f2b599fbe9ffa3
1788609896841315784	1723	1	phase_loop[1722]	1788609896831758	8789	3585851e049cac28	97f2b599fbe9ffa3
1788609896851331128	1724	1	phase_loop[1723]	1788609896841504	9042	3f7cc551f5d87521	97f2b599fbe9ffa3
1788609896861428929	1725	1	phase_loop[1724]	1788609896851520	9026	0697674d8a6ddafa	97f2b599fbe9ffa3
1788609896871435557	1726	1	phase_loop[1725]	1788609896861646	8903	a4f4e89b4a04ff54	97f2b599fbe9ffa3
1788609896881257475	1727	1	phase_loop[1726]	1788609896871666	8880	1d3b91502106fc1e	97f2b599fbe9ffa3
1788609896891474952	1728	1	phase_loop[1727]	1788609896881447	9104	0ad5d2966d39c7e2	97f2b599fbe9ffa3
1788609896901478404	1729	1	phase_loop[1728]	1788609896891742	8809	4c9f528d739532a9	97f2b599fbe9ffa3
1788609896911334707	1730	1	phase_loop[1729]	1788609896901711	8834	fc56b09c94e736bd	97f2b599fbe9ffa3
1788609896921346305	1731	1	phase_loop[1730]	1788609896911528	9018	e6f259e9be1bbedd	97f2b599fbe9ffa3
1788609896931505020	1732	1	phase_loop[1731]	1788609896921536	9012	154ec273fa0dbdd9	97f2b599fbe9ffa3
1788609896941331608	1733	1	phase_loop[1732]	1788609896931746	8801	5187915c5f9690dc	97f2b599fbe9ffa3
1788609896951191809	1734	1	phase_loop[1733]	1788609896941521	9023	10c4e1f0f2737905	97f2b599fbe9ffa3
1788609896961322461	1735	1	phase_loop[1734]	1788609896951373	9172	11be1cc9540f37f8	97f2b599fbe9ffa3
1788609896971403720	1736	1	phase_loop[1735]	1788609896961518	9029	d4d0986d514936ea	97f2b599fbe9ffa3
1788609896981219678	1737	1	phase_loop[1736]	1788609896971596	8948	461664638144232c	97f2b599fbe9ffa3
1788609896991366220	1738	1	phase_loop[1737]	1788609896981409	9136	eecf9a88fdc8b3f8	97f2b599fbe9ffa3
1788609897001405239	1739	1	phase_loop[1738]	1788609896991589	8960	920af41ed590368d	97f2b599fbe9ffa3
1788609897011350211	1740	1	phase_loop[1739]	1788609897001633	8914	e7b499a4ff2a4f11	97f2b599fbe9ffa3
1788609897021335027	1741	1	phase_loop[1740]	1788609897011539	9008	4a004ba1ae15a7fc	97f2b599fbe9ffa3
1788609897031480788	1742	1	phase_loop[1741]	1788609897021533	9015	08e0fdf9b6f6856a	97f2b599fbe9ffa3
1788609897041450997	1743	1	phase_loop[1742]	1788609897031716	8829	a69f576f9b778eb4	97f2b599fbe9ffa3
1788609897051409434	1744	1	phase_loop[1743]	1788609897041699	8845	4a5cee161d9e837c	97f2b599fbe9ffa3
1788609897061365015	1745	1	phase_loop[1744]	1788609897051630	8915	dfe8c56157ceb0f5	97f2b599fbe9ffa3
1788609897071403162	1746	1	phase_loop[1745]	1788609897061571	8975	0989ad86847fa286	97f2b599fbe9ffa3
1788609897081215854	1747	1	phase_loop[1746]	1788609897071606	8937	75b856085b030174	97f2b599fbe9ffa3
1788609897091413042	1748	1	phase_loop[1747]	1788609897081407	9143	0fdf092982111b2b	97f2b599fbe9ffa3
1788609897101991270	1749	1	phase_loop[1748]	1788609897091634	8916	082fdfeca994a362	97f2b599fbe9ffa3
1788609897111343401	1750	1	phase_loop[1749]	1788609897102216	8375	178d849c430cb177	97f2b599fbe9ffa3
1788609897121212108	1751	1	phase_loop[1750]	1788609897111532	9011	7027cb252e2313c0	97f2b599fbe9ffa3
1788609897131641605	1752	1	phase_loop[1751]	1788609897121401	9146	0cdbbb3d7a28b426	97f2b599fbe9ffa3
1788609897141366821	1753	1	phase_loop[1752]	1788609897131892	8653	0871736544e7b3ff	97f2b599fbe9ffa3
1788609897151343061	1754	1	phase_loop[1753]	1788609897141558	8986	2ee373eda78c2096	97f2b599fbe9ffa3
1788609897161352635	1755	1	phase_loop[1754]	1788609897151530	9016	e2897758bc3039b8	97f2b599fbe9ffa3
1788609897171396232	1756	1	phase_loop[1755]	1788609897161546	9003	4ac1bc5afb22304e	97f2b599fbe9ffa3
1788609897181296179	1757	1	phase_loop[1756]	1788609897171593	8949	501e0bbc96cb2a74	97f2b599fbe9ffa3
1788609897191376385	1758	1	phase_loop[1757]	1788609897181483	9070	360a4d68b1ecc7ab	97f2b599fbe9ffa3
1788609897201414082	1759	1	phase_loop[1758]	1788609897191619	8930	04aeccd39a3bbf7b	97f2b599fbe9ffa3
1788609897211337122	1760	1	phase_loop[1759]	1788609897201648	8898	40dea6faa3be4a27	97f2b599fbe9ffa3
1788609897221174800	1761	1	phase_loop[1760]	1788609897211537	9006	580202a31591751e	97f2b599fbe9ffa3
1788609897231431631	1762	1	phase_loop[1761]	1788609897221357	9191	b534d587faf729e9	97f2b599fbe9ffa3
1788609897241372094	1763	1	phase_loop[1762]	1788609897231638	8908	c8ca56be2634e751	97f2b599fbe9ffa3
1788609897251190055	1764	1	phase_loop[1763]	1788609897241568	8975	dff6e22dc641016a	97f2b599fbe9ffa3
1788609897261347538	1765	1	phase_loop[1764]	1788609897251373	9174	107f9a67770bbd34	97f2b599fbe9ffa3
1788609897271347453	1766	1	phase_loop[1765]	1788609897261548	8999	dd0a1218cb1bb76d	97f2b599fbe9ffa3
1788609897281238082	1767	1	phase_loop[1766]	1788609897271542	9002	afeeeaf2b7436e71	97f2b599fbe9ffa3
1788609897291500123	1768	1	phase_loop[1767]	1788609897281425	9124	2ca15f1a21f1221f	97f2b599fbe9ffa3
1788609897301457607	1769	1	phase_loop[1768]	1788609897291718	8827	afaf99b6ae4dc391	97f2b599fbe9ffa3
1788609897311324611	1770	1	phase_loop[1769]	1788609897301728	8819	4ff864c96c0512c3	97f2b599fbe9ffa3
1788609897321321701	1771	1	phase_loop[1770]	1788609897311516	9032	94dd3b32f034f359	97f2b599fbe9ffa3
1788609897333019506	1772	1	phase_loop[1771]	1788609897321508	9038	b03d90fecf80de6c	97f2b599fbe9ffa3
1788609897341328725	1773	1	phase_loop[1772]	1788609897333292	7257	487275eff376c67a	97f2b599fbe9ffa3
1788609897351241004	1774	1	phase_loop[1773]	1788609897341515	9030	11fb77a6b480e9a5	97f2b599fbe9ffa3
1788609897361335008	1775	1	phase_loop[1774]	1788609897351423	9122	aa6f13eec3c05add	97f2b599fbe9ffa3
1788609897371531554	1776	1	phase_loop[1775]	1788609897361527	9019	afad1c1e22bea559	97f2b599fbe9ffa3
1788609897381333084	1777	1	phase_loop[1776]	1788609897371732	8813	5b5f00b005b143de	97f2b599fbe9ffa3
1788609897391389927	1778	1	phase_loop[1777]	1788609897381552	8998	1a6f525a749c0eaf	97f2b599fbe9ffa3
1788609897401536810	1779	1	phase_loop[1778]	1788609897391607	8940	b381fefa229de24b	97f2b599fbe9ffa3
1788609897411332599	1780	1	phase_loop[1779]	1788609897401782	8764	d92041b7efba28e3	97f2b599fbe9ffa3
1788609897421187080	1781	1	phase_loop[1780]	1788609897411522	9020	97d882cf512cc847	97f2b599fbe9ffa3
1788609897431545032	1782	1	phase_loop[1781]	1788609897421366	9181	53e90da0a0aa52fc	97f2b599fbe9ffa3
1788609897441596234	1783	1	phase_loop[1782]	1788609897431791	8791	3ef7d89ceaaaf2d9	97f2b599fbe9ffa3
1788609897451489858	1784	1	phase_loop[1783]	1788609897441832	8714	a3394a21e1b82f2d	97f2b599fbe9ffa3
1788609897461307088	1785	1	phase_loop[1784]	1788609897451685	8860	31e03ccb4ca94edf	97f2b599fbe9ffa3
1788609897471386623	1786	1	phase_loop[1785]	1788609897461502	9048	e14256da737caf42	97f2b599fbe9ffa3
1788609897481170721	1787	1	phase_loop[1786]	1788609897471584	8960	d1af1c1df7347db9	97f2b599fbe9ffa3
1788609897491398266	1788	1	phase_loop[1787]	1788609897481350	9197	c5f27e69a8e2dabb	97f2b599fbe9ffa3
1788609897501508109	1789	1	phase_loop[1788]	1788609897491632	8915	273391d05664cd7e	97f2b599fbe9ffa3
1788609897511307184	1790	1	phase_loop[1789]	1788609897501730	8816	be22eb22243aa770	97f2b599fbe9ffa3
1788609897521200328	1791	1	phase_loop[1790]	1788609897511495	9048	57788c99f52422e5	97f2b599fbe9ffa3
1788609897533272771	1792	1	phase_loop[1791]	1788609897521389	9162	5553fb77f7549e62	97f2b599fbe9ffa3
1788609897541364749	1793	1	phase_loop[1792]	1788609897533517	7029	495e0c08ccae70c8	97f2b599fbe9ffa3
1788609897551240450	1794	1	phase_loop[1793]	1788609897541556	8988	4a6e14fd4b2516ea	97f2b599fbe9ffa3
1788609897561359891	1795	1	phase_loop[1794]	1788609897551450	9098	628e50a9418db987	97f2b599fbe9ffa3
1788609897571448043	1796	1	phase_loop[1795]	1788609897561565	8982	71a622cb8562aa47	97f2b599fbe9ffa3
1788609897581347147	1797	1	phase_loop[1796]	1788609897571702	8845	de00f57f89fc6fed	97f2b599fbe9ffa3
1788609897591377901	1798	1	phase_loop[1797]	1788609897581536	9012	9cff25597c8fab28	97f2b599fbe9ffa3
1788609897601423011	1799	1	phase_loop[1798]	1788609897591602	8946	4dd657405dc97b48	97f2b599fbe9ffa3
1788609897611393511	1800	1	phase_loop[1799]	1788609897601643	8902	f9897f0ebac7a35e	97f2b599fbe9ffa3
1788609897621330617	1801	1	phase_loop[1800]	1788609897611585	8960	74ccebee474fcf24	97f2b599fbe9ffa3
1788609897631514911	1802	1	phase_loop[1801]	1788609897621515	9034	e9c7381bac0a23ab	97f2b599fbe9ffa3
1788609897641325198	1803	1	phase_loop[1802]	1788609897631750	8796	082ebb0891015c2a	97f2b599fbe9ffa3
1788609897651172484	1804	1	phase_loop[1803]	1788609897641514	9029	15c17e2914b66bb5	97f2b599fbe9ffa3
1788609897661364062	1805	1	phase_loop[1804]	1788609897651352	9197	db15b34eee439453	97f2b599fbe9ffa3
1788609897671396929	1806	1	phase_loop[1805]	1788609897661561	8986	67026a42af663ba8	97f2b599fbe9ffa3
1788609897681338554	1807	1	phase_loop[1806]	1788609897671586	8963	8afaaf0f8810d1ad	97f2b599fbe9ffa3
1788609897691516756	1808	1	phase_loop[1807]	1788609897681569	8977	d2e5b051c0fdf5be	97f2b599fbe9ffa3
1788609897701535106	1809	1	phase_loop[1808]	1788609897691760	8789	e30f42fff78f2c55	97f2b599fbe9ffa3
1788609897711316809	1810	1	phase_loop[1809]	1788609897701850	8696	622a24130ce4a3f6	97f2b599fbe9ffa3
1788609897721155740	1811	1	phase_loop[1810]	1788609897711503	9040	d72ee845af2d77a5	97f2b599fbe9ffa3
1788609897731490969	1812	1	phase_loop[1811]	1788609897721347	9201	fb105ff87a3fd934	97f2b599fbe9ffa3
1788609897741357892	1813	1	phase_loop[1812]	1788609897731726	8821	d4b931e9ce5445a7	97f2b599fbe9ffa3
1788609897751307332	1814	1	phase_loop[1813]	1788609897741547	8999	a237287a8122f032	97f2b599fbe9ffa3
1788609897761312878	1815	1	phase_loop[1814]	1788609897751494	9052	48dbd5cbd68e36a2	97f2b599fbe9ffa3
1788609897771448149	1816	1	phase_loop[1815]	1788609897761505	9092	f4b9660d548103b0	97f2b599fbe9ffa3
1788609897781163386	1817	1	phase_loop[1816]	1788609897771642	8900	b849c2d73c2a6782	97f2b599fbe9ffa3
1788609897791375512	1818	1	phase_loop[1817]	1788609897781338	9208	1d0dfb0207a36e1c	97f2b599fbe9ffa3
1788609897801444678	1819	1	phase_loop[1818]	1788609897791599	8947	fbc467aaca8b6334	97f2b599fbe9ffa3
1788609897811316101	1820	1	phase_loop[1819]	1788609897801674	8873	52bf99ede0c27695	97f2b599fbe9ffa3
1788609897821170481	1821	1	phase_loop[1820]	1788609897811505	9039	c76771e699d7ba3e	97f2b599fbe9ffa3
1788609897832326582	1822	1	phase_loop[1821]	1788609897821353	9198	6eb68d143923bdb9	97f2b599fbe9ffa3
1788609897841332267	1823	1	phase_loop[1822]	1788609897832572	7978	d87d76bbadc9164c	97f2b599fbe9ffa3
1788609897851369352	1824	1	phase_loop[1823]	1788609897841525	9025	535aaa93d043e56d	97f2b599fbe9ffa3
1788609897861321507	1825	1	phase_loop[1824]	1788609897851587	8958	97104b9ea5dda70b	97f2b599fbe9ffa3
1788609897871342492	1826	1	phase_loop[1825]	1788609897861519	9028	c011aa9cadc768d5	97f2b599fbe9ffa3
1788609897881190520	1827	1	phase_loop[1826]	1788609897871529	9014	13f336b322e71f98	97f2b599fbe9ffa3
1788609897891728132	1828	1	phase_loop[1827]	1788609897881370	9176	ed5b4b06fb8d680d	97f2b599fbe9ffa3
1788609897901552044	1829	1	phase_loop[1828]	1788609897891988	8560	5c780613d04e9e06	97f2b599fbe9ffa3
1788609897911293511	1830	1	phase_loop[1829]	1788609897901791	8756	c020802e755ef1f6	97f2b599fbe9ffa3
1788609897921404246	1831	1	phase_loop[1830]	1788609897911483	9063	2c61b24d6958dc71	97f2b599fbe9ffa3
1788609897931516433	1832	1	phase_loop[1831]	1788609897921600	8948	610d0827d9da1138	97f2b599fbe9ffa3
1788609897941357568	1833	1	phase_loop[1832]	1788609897931755	8791	1c84b6d70775da10	97f2b599fbe9ffa3
1788609897951174587	1834	1	phase_loop[1833]	1788609897941548	8995	51fc26cb79a22c2a	97f2b599fbe9ffa3
1788609897961310369	1835	1	phase_loop[1834]	1788609897951352	9194	d7ee64f8d04afe9c	97f2b599fbe9ffa3
1788609897971386098	1836	1	phase_loop[1835]	1788609897961506	9041	e9684b566518e8b7	97f2b599fbe9ffa3
1788609897981346098	1837	1	phase_loop[1836]	1788609897971578	8968	b58d24aec0095e82	97f2b599fbe9ffa3
1788609897991421435	1838	1	phase_loop[1837]	1788609897981539	9010	301488226ec7ce93	97f2b599fbe9ffa3
1788609898001425669	1839	1	phase_loop[1838]	1788609897991658	8891	7d59d50722dd9bf1	97f2b599fbe9ffa3
1788609898011356613	1840	1	phase_loop[1839]	1788609898001654	8892	050438f313e3db84	97f2b599fbe9ffa3
1788609898021202928	1841	1	phase_loop[1840]	1788609898011552	8991	1c36f6d1f990432c	97f2b599fbe9ffa3
1788609898031511587	1842	1	phase_loop[1841]	1788609898021382	9166	4369a1be57f46df9	97f2b599fbe9ffa3
1788609898041435258	1843	1	phase_loop[1842]	1788609898031751	8796	19af1f4d3ff56048	97f2b599fbe9ffa3
1788609898051322089	1844	1	phase_loop[1843]	1788609898041638	8907	d2434dea70c3d1a2	97f2b599fbe9ffa3
1788609898061348775	1845	1	phase_loop[1844]	1788609898051512	9033	6b50a91db56a567a	97f2b599fbe9ffa3
1788609898071382804	1846	1	phase_loop[1845]	1788609898061546	9001	9ffecb9d52952f2f	97f2b599fbe9ffa3
1788609898081173494	1847	1	phase_loop[1846]	1788609898071586	8957	fd966eded3d36b1c	97f2b599fbe9ffa3
1788609898091424443	1848	1	phase_loop[1847]	1788609898081354	9194	686c5e1977448b54	97f2b599fbe9ffa3
1788609898101352693	1849	1	phase_loop[1848]	1788609898091649	8941	42c8ab6f165650ee	97f2b599fbe9ffa3
1788609898111347468	1850	1	phase_loop[1849]	1788609898101542	9004	e3d785c59d08585e	97f2b599fbe9ffa3
1788609898122003343	1851	1	phase_loop[1850]	1788609898111541	9010	f9ee54e72cfa3f21	97f2b599fbe9ffa3
1788609898131391251	1852	1	phase_loop[1851]	1788609898122239	8308	f77f5955f7c10532	97f2b599fbe9ffa3
1788609898141347123	1853	1	phase_loop[1852]	1788609898131636	8910	3151bab70d204916	97f2b599fbe9ffa3
1788609898151330567	1854	1	phase_loop[1853]	1788609898141537	9010	4c98053aa0eb0ae8	97f2b599fbe9ffa3
1788609898161326455	1855	1	phase_loop[1854]	1788609898151543	9004	01e0320c3097aeda	97f2b599fbe9ffa3
1788609898171391643	1856	1	phase_loop[1855]	1788609898161525	9022	6772b2a206d702a3	97f2b599fbe9ffa3
1788609898181148739	1857	1	phase_loop[1856]	1788609898171598	8945	77478b7851e04930	97f2b599fbe9ffa3
1788609898191367187	1858	1	phase_loop[1857]	1788609898181322	9226	0b84eaae7243560a	97f2b599fbe9ffa3
1788609898202072496	1859	1	phase_loop[1858]	1788609898191603	8945	6ababd02a0b15012	97f2b599fbe9ffa3
1788609898211354253	1860	1	phase_loop[1859]	1788609898202340	8205	bba0e9899baac1be	97f2b599fbe9ffa3
1788609898221360090	1861	1	phase_loop[1860]	1788609898211547	8999	0f1544b24d87725c	97f2b599fbe9ffa3
1788609898231519356	1862	1	phase_loop[1861]	1788609898221549	8998	e6640102493b8ecb	97f2b599fbe9ffa3
1788609898241378705	1863	1	phase_loop[1862]	1788609898231756	8790	3a3663fd5b3c3618	97f2b599fbe9ffa3
1788609898251271027	1864	1	phase_loop[1863]	1788609898241571	8972	6d2372298ee12ad8	97f2b599fbe9ffa3
1788609898261404675	1865	1	phase_loop[1864]	1788609898251459	9086	a698b6d6d03ef4d1	97f2b599fbe9ffa3
1788609898271344236	1866	1	phase_loop[1865]	1788609898261603	8943	3e6da3ac7a96a4b2	97f2b599fbe9ffa3
1788609898281313403	1867	1	phase_loop[1866]	1788609898271539	9007	4412c4c337981d7b	97f2b599fbe9ffa3
1788609898291396896	1868	1	phase_loop[1867]	1788609898281500	9047	5969e8b5e6b95a85	97f2b599fbe9ffa3
1788609898301578304	1869	1	phase_loop[1868]	1788609898291619	8934	2b9c11aaceb21ff0	97f2b599fbe9ffa3
1788609898311318308	1870	1	phase_loop[1869]	1788609898301821	8725	efefb24f0fd8a9d7	97f2b599fbe9ffa3
1788609898321231579	1871	1	phase_loop[1870]	1788609898311505	9039	adf64a06c4c760fe	97f2b599fbe9ffa3
1788609898331623706	1872	1	phase_loop[1871]	1788609898321415	9133	197529d121824f30	97f2b599fbe9ffa3
1788609898341336207	1873	1	phase_loop[1872]	1788609898331862	8685	364edc53bea8f14f	97f2b599fbe9ffa3
1788609898351304252	1874	1	phase_loop[1873]	1788609898341553	8991	b94ac9d08849ba2e	97f2b599fbe9ffa3
1788609898361451836	1875	1	phase_loop[1874]	1788609898351497	9049	99a2f43107bb2a82	97f2b599fbe9ffa3
1788609898371384194	1876	1	phase_loop[1875]	1788609898361669	8879	088b650f84ffc996	97f2b599fbe9ffa3
1788609898381218426	1877	1	phase_loop[1876]	1788609898371578	8966	fef3baabec51268f	97f2b599fbe9ffa3
1788609898391406616	1878	1	phase_loop[1877]	1788609898381400	9146	6922633043896036	97f2b599fbe9ffa3
1788609898401438201	1879	1	phase_loop[1878]	1788609898391632	8913	c9f1453b46949fc1	97f2b599fbe9ffa3
1788609898411406407	1880	1	phase_loop[1879]	1788609898401664	8883	5f33b022b823e76c	97f2b599fbe9ffa3
1788609898421221352	1881	1	phase_loop[1880]	1788609898411663	8880	6a8fd10a17f4e4cd	97f2b599fbe9ffa3
1788609898431532806	1882	1	phase_loop[1881]	1788609898421401	9198	649ba46a6450949c	97f2b599fbe9ffa3
1788609898441324848	1883	1	phase_loop[1882]	1788609898431769	8778	85d41edeef9359da	97f2b599fbe9ffa3
1788609898451350041	1884	1	phase_loop[1883]	1788609898441529	9019	f7004321691e9230	97f2b599fbe9ffa3
1788609898461344365	1885	1	phase_loop[1884]	1788609898451536	9010	b84347cdbd944d5e	97f2b599fbe9ffa3
1788609898471354710	1886	1	phase_loop[1885]	1788609898461534	9012	9ce7ece343754af9	97f2b599fbe9ffa3
1788609898481217336	1887	1	phase_loop[1886]	1788609898471543	9000	bbe948fc96a3373a	97f2b599fbe9ffa3
1788609898491605525	1888	1	phase_loop[1887]	1788609898481399	9152	b50b8d7b3efcda9a	97f2b599fbe9ffa3
1788609898501449866	1889	1	phase_loop[1888]	1788609898491848	8700	9e657b0bf661211f	97f2b599fbe9ffa3
1788609898511348760	1890	1	phase_loop[1889]	1788609898501722	8823	89a518d1e8ce87a5	97f2b599fbe9ffa3
1788609898521315452	1891	1	phase_loop[1890]	1788609898511593	8953	ef18bb65501f717f	97f2b599fbe9ffa3
1788609898531522649	1892	1	phase_loop[1891]	1788609898521511	9037	2fd20fa229ca8265	97f2b599fbe9ffa3
1788609898541345099	1893	1	phase_loop[1892]	1788609898531755	8791	ab13b1c27b69e2ad	97f2b599fbe9ffa3
1788609898551169362	1894	1	phase_loop[1893]	1788609898541536	9007	5ebfa10095b88e53	97f2b599fbe9ffa3
1788609898561320202	1895	1	phase_loop[1894]	1788609898551352	9195	3092b555ac828d7f	97f2b599fbe9ffa3
1788609898571405418	1896	1	phase_loop[1895]	1788609898561513	9035	69cd2553d8aa7ee0	97f2b599fbe9ffa3
1788609898581351231	1897	1	phase_loop[1896]	1788609898571595	8952	b959a210c9a2c30a	97f2b599fbe9ffa3
1788609898591385341	1898	1	phase_loop[1897]	1788609898581543	9004	3766fdb624a12a9e	97f2b599fbe9ffa3
1788609898601481819	1899	1	phase_loop[1898]	1788609898591606	8941	2dbb0826c68cdfd9	97f2b599fbe9ffa3
1788609898611366446	1900	1	phase_loop[1899]	1788609898601721	8825	3378cfc8dda91859	97f2b599fbe9ffa3
1788609898621343007	1901	1	phase_loop[1900]	1788609898611556	8992	2dab3ee33d4b640b	97f2b599fbe9ffa3
1788609898631493637	1902	1	phase_loop[1901]	1788609898621530	9019	bcd659b708042fa1	97f2b599fbe9ffa3
1788609898641334200	1903	1	phase_loop[1902]	1788609898631734	8815	c12480d9a563bbb8	97f2b599fbe9ffa3
1788609898651372768	1904	1	phase_loop[1903]	1788609898641559	8986	bd8e64d0f931ea24	97f2b599fbe9ffa3
1788609898661347255	1905	1	phase_loop[1904]	1788609898651569	8976	aa29570f74a54153	97f2b599fbe9ffa3
1788609898671405581	1906	1	phase_loop[1905]	1788609898661576	8971	9e2e717d2fbe6f33	97f2b599fbe9ffa3
1788609898681210708	1907	1	phase_loop[1906]	1788609898671620	8924	5a649ee5bcb8460a	97f2b599fbe9ffa3
1788609898691368261	1908	1	phase_loop[1907]	1788609898681415	9132	774d3b47d69e96ef	97f2b599fbe9ffa3
1788609898701383916	1909	1	phase_loop[1908]	1788609898691591	8955	ded56df51bbfbcc7	97f2b599fbe9ffa3
1788609898711340850	1910	1	phase_loop[1909]	1788609898701605	8941	b3bb7afd894e0a5d	97f2b599fbe9ffa3
1788609898721216159	1911	1	phase_loop[1910]	1788609898711529	9014	33d428a523d13e43	97f2b599fbe9ffa3
1788609898731636479	1912	1	phase_loop[1911]	1788609898721401	9147	b19d4b4a13d3372f	97f2b599fbe9ffa3
1788609898741357737	1913	1	phase_loop[1912]	1788609898731887	8660	e37c757445089679	97f2b599fbe9ffa3
1788609898751232235	1914	1	phase_loop[1913]	1788609898741544	9001	ed53ae2c948d10cc	97f2b599fbe9ffa3
1788609898761339643	1915	1	phase_loop[1914]	1788609898751420	9167	ec07e2231c024435	97f2b599fbe9ffa3
1788609898771545428	1916	1	phase_loop[1915]	1788609898761538	9008	5d14d35b5aac2933	97f2b599fbe9ffa3
1788609898781278037	1917	1	phase_loop[1916]	1788609898771809	8735	fdb8f1bf218dd707	97f2b599fbe9ffa3
1788609898791392098	1918	1	phase_loop[1917]	1788609898781464	9083	4883090262dadba5	97f2b599fbe9ffa3
1788609898801384950	1919	1	phase_loop[1918]	1788609898791639	8908	5f42208f9d18e40e	97f2b599fbe9ffa3
1788609898811381258	1920	1	phase_loop[1919]	1788609898801648	8899	7605872bb7480f98	97f2b599fbe9ffa3
1788609898821305370	1921	1	phase_loop[1920]	1788609898811594	8952	26ff918fc70e65ba	97f2b599fbe9ffa3
1788609898831518719	1922	1	phase_loop[1921]	1788609898821501	9048	67a1302f3948f639	97f2b599fbe9ffa3
1788609898841375904	1923	1	phase_loop[1922]	1788609898831751	8795	eaa3fb0b6dbbd99f	97f2b599fbe9ffa3
1788609898851211939	1924	1	phase_loop[1923]	1788609898841570	8974	11ec00d31c204d89	97f2b599fbe9ffa3
1788609898861349134	1925	1	phase_loop[1924]	1788609898851393	9152	8aca0bf5d28de51f	97f2b599fbe9ffa3
1788609898871374297	1926	1	phase_loop[1925]	1788609898861539	9008	198cb22028313e88	97f2b599fbe9ffa3
1788609898881348974	1927	1	phase_loop[1926]	1788609898871569	8978	fcb46c40fc42dede	97f2b599fbe9ffa3
1788609898891363006	1928	1	phase_loop[1927]	1788609898881535	9011	106e888980c68bea	97f2b599fbe9ffa3
1788609898901439415	1929	1	phase_loop[1928]	1788609898891586	8960	74f5b789a708ce91	97f2b599fbe9ffa3
1788609898911332789	1930	1	phase_loop[1929]	1788609898901662	8884	39b484e7d0917967	97f2b599fbe9ffa3
1788609898921350628	1931	1	phase_loop[1930]	1788609898911526	9021	958e98c9577cf2c0	97f2b599fbe9ffa3
1788609898931482222	1932	1	phase_loop[1931]	1788609898921552	8995	8d4a40c91fa1ec02	97f2b599fbe9ffa3
1788609898941413467	1933	1	phase_loop[1932]	1788609898931724	8823	2e04e071b37cdf0d	97f2b599fbe9ffa3
1788609898951227070	1934	1	phase_loop[1933]	1788609898941611	8934	cb52827d0cf5d69a	97f2b599fbe9ffa3
1788609898961458693	1935	1	phase_loop[1934]	1788609898951416	9130	9abc180c957640c7	97f2b599fbe9ffa3
1788609898971503513	1936	1	phase_loop[1935]	1788609898961693	8862	c5bae72e06d1aca1	97f2b599fbe9ffa3
1788609898981149279	1937	1	phase_loop[1936]	1788609898971704	8839	fe9c31e73f61e694	97f2b599fbe9ffa3
1788609898991402162	1938	1	phase_loop[1937]	1788609898981325	9221	297acf981a2c5276	97f2b599fbe9ffa3
1788609899001675073	1939	1	phase_loop[1938]	1788609898991639	8908	71219ae374679841	97f2b599fbe9ffa3
1788609899011346778	1940	1	phase_loop[1939]	1788609899001907	8639	9871fe7e47580abc	97f2b599fbe9ffa3
1788609899021295335	1941	1	phase_loop[1940]	1788609899011535	9008	8a32d43386a02338	97f2b599fbe9ffa3
1788609899031519354	1942	1	phase_loop[1941]	1788609899021485	9064	b873f20e997fd8e7	97f2b599fbe9ffa3
1788609899041371380	1943	1	phase_loop[1942]	1788609899031760	8787	b4d255f4cffe46fc	97f2b599fbe9ffa3
1788609899051295241	1944	1	phase_loop[1943]	1788609899041556	8989	1b7839061c13f5de	97f2b599fbe9ffa3
1788609899061406126	1945	1	phase_loop[1944]	1788609899051480	9065	3758b54263c7a77a	97f2b599fbe9ffa3
1788609899071425968	1946	1	phase_loop[1945]	1788609899061608	8939	4c6b7a9ef908b00d	97f2b599fbe9ffa3
1788609899081299625	1947	1	phase_loop[1946]	1788609899071671	8874	0085eb0a5874a6b4	97f2b599fbe9ffa3
1788609899091389820	1948	1	phase_loop[1947]	1788609899081491	9093	d9c1a72519f16927	97f2b599fbe9ffa3
1788609899101392210	1949	1	phase_loop[1948]	1788609899091625	8922	d03ba963b452ced6	97f2b599fbe9ffa3
1788609899111308877	1950	1	phase_loop[1949]	1788609899101620	8928	b0306ab5b29bd512	97f2b599fbe9ffa3
1788609899121304344	1951	1	phase_loop[1950]	1788609899111525	9019	48a4ca93e2f13a1a	97f2b599fbe9ffa3
1788609899131583006	1952	1	phase_loop[1951]	1788609899121516	9033	e860f9c0e8f09e59	97f2b599fbe9ffa3
1788609899141357595	1953	1	phase_loop[1952]	1788609899131823	8723	2c3a98a9f2d11d0d	97f2b599fbe9ffa3
1788609899151249626	1954	1	phase_loop[1953]	1788609899141549	8995	d6f08d25eaac62a9	97f2b599fbe9ffa3
1788609899161337036	1955	1	phase_loop[1954]	1788609899151461	9085	ca4383e67f167392	97f2b599fbe9ffa3
1788609899171384211	1956	1	phase_loop[1955]	1788609899161537	9009	c913b3cb6db51b70	97f2b599fbe9ffa3
1788609899181340203	1957	1	phase_loop[1956]	1788609899171575	8975	c8782a6aecc57d9f	97f2b599fbe9ffa3
1788609899191384562	1958	1	phase_loop[1957]	1788609899181529	9018	68ae025ae44f80f5	97f2b599fbe9ffa3
1788609899201393414	1959	1	phase_loop[1958]	1788609899191605	8943	51e2dfadd389cb6f	97f2b599fbe9ffa3
1788609899211307987	1960	1	phase_loop[1959]	1788609899201628	8917	d72b30b8f03aa668	97f2b599fbe9ffa3
1788609899221425535	1961	1	phase_loop[1960]	1788609899211503	9044	404260858fb53302	97f2b599fbe9ffa3
1788609899231507345	1962	1	phase_loop[1961]	1788609899221624	8922	aa989404e5d06921	97f2b599fbe9ffa3
1788609899241336907	1963	1	phase_loop[1962]	1788609899231751	8796	dffdd0c047eef4d6	97f2b599fbe9ffa3
1788609899251246071	1964	1	phase_loop[1963]	1788609899241530	9013	cb8ae925f3d60929	97f2b599fbe9ffa3
1788609899261340615	1965	1	phase_loop[1964]	1788609899251432	9116	26546b72c2a9f56d	97f2b599fbe9ffa3
1788609899271370246	1966	1	phase_loop[1965]	1788609899261541	9007	d0781bbe272f57cf	97f2b599fbe9ffa3
1788609899281243391	1967	1	phase_loop[1966]	1788609899271560	8985	801bf837ba409800	97f2b599fbe9ffa3
1788609899291462701	1968	1	phase_loop[1967]	1788609899281436	9112	cc67a25b462ba29c	97f2b599fbe9ffa3
1788609899301494727	1969	1	phase_loop[1968]	1788609899291695	8857	56a40f9cb464f208	97f2b599fbe9ffa3
1788609899311305795	1970	1	phase_loop[1969]	1788609899301728	8818	fd1d0dc32aea2dcb	97f2b599fbe9ffa3
1788609899321277416	1971	1	phase_loop[1970]	1788609899311496	9047	0e7b5a913563c9f3	97f2b599fbe9ffa3
1788609899331497257	1972	1	phase_loop[1971]	1788609899321473	9074	8711f23d6adb0844	97f2b599fbe9ffa3
1788609899341414175	1973	1	phase_loop[1972]	1788609899331742	8805	05d051d095de88ad	97f2b599fbe9ffa3
1788609899351179166	1974	1	phase_loop[1973]	1788609899341607	8935	33aed8cb92ab922a	97f2b599fbe9ffa3
1788609899361327371	1975	1	phase_loop[1974]	1788609899351356	9191	163c7f8e4b835117	97f2b599fbe9ffa3
1788609899371437925	1976	1	phase_loop[1975]	1788609899361523	9023	a9f7e1774cb504b6	97f2b599fbe9ffa3
1788609899381291804	1977	1	phase_loop[1976]	1788609899371673	8872	ad0b465d3323fa54	97f2b599fbe9ffa3
1788609899391403040	1978	1	phase_loop[1977]	1788609899381482	9063	5fee3d4bd5bab1d8	97f2b599fbe9ffa3
1788609899401468509	1979	1	phase_loop[1978]	1788609899391625	8921	60425e984dc6669c	97f2b599fbe9ffa3
1788609899411320464	1980	1	phase_loop[1979]	1788609899401780	8766	24b112d8dbebfa19	97f2b599fbe9ffa3
1788609899421318435	1981	1	phase_loop[1980]	1788609899411508	9068	5f24bbe8c488c192	97f2b599fbe9ffa3
1788609899431475397	1982	1	phase_loop[1981]	1788609899421513	9036	c8eeac6d69c7b262	97f2b599fbe9ffa3
1788609899441558349	1983	1	phase_loop[1982]	1788609899431710	8835	ee02b7359d386533	97f2b599fbe9ffa3
1788609899451494834	1984	1	phase_loop[1983]	1788609899441795	8753	84b8c7fc54e0e588	97f2b599fbe9ffa3
1788609899461364603	1985	1	phase_loop[1984]	1788609899451732	8815	51fac7ed1005d704	97f2b599fbe9ffa3
1788609899471362414	1986	1	phase_loop[1985]	1788609899461591	8957	f4fcfe0ee1676747	97f2b599fbe9ffa3
1788609899481323576	1987	1	phase_loop[1986]	1788609899471577	8968	12ae00ab9716fb16	97f2b599fbe9ffa3
1788609899491439510	1988	1	phase_loop[1987]	1788609899481513	9036	521815fc321316cd	97f2b599fbe9ffa3
1788609899501469452	1989	1	phase_loop[1988]	1788609899491665	8882	8eef06b49c5be501	97f2b599fbe9ffa3
1788609899511307601	1990	1	phase_loop[1989]	1788609899501711	8835	fa9be14ba7504d9b	97f2b599fbe9ffa3
1788609899521303338	1991	1	phase_loop[1990]	1788609899511499	9047	c5d09cec62da894b	97f2b599fbe9ffa3
1788609899531594995	1992	1	phase_loop[1991]	1788609899521494	9054	8a36f90501bd9e13	97f2b599fbe9ffa3
1788609899541316453	1993	1	phase_loop[1992]	1788609899531838	8709	dffd2e2ce5c39ef5	97f2b599fbe9ffa3
1788609899551216750	1994	1	phase_loop[1993]	1788609899541504	9040	c12c118081fd7a64	97f2b599fbe9ffa3
1788609899561347583	1995	1	phase_loop[1994]	1788609899551400	9146	3ac9636182465671	97f2b599fbe9ffa3
1788609899571381532	1996	1	phase_loop[1995]	1788609899561549	8998	61af32db610b9be7	97f2b599fbe9ffa3
1788609899581332344	1997	1	phase_loop[1996]	1788609899571575	8970	bc626e566df5f5e4	97f2b599fbe9ffa3
1788609899591405527	1998	1	phase_loop[1997]	1788609899581519	9029	37de3352274089c2	97f2b599fbe9ffa3
1788609899601477288	1999	1	phase_loop[1998]	1788609899591640	8911	f6fad2d9ff71fda6	97f2b599fbe9ffa3
1788609899611359000	2000	1	phase_loop[1999]	1788609899601714	8831	c1378820fc801b18	97f2b599fbe9ffa3
1788609899612137482	2001	1	phase_loop[2000]	1788609899611560	14	a5acdfc8c17b4971	97f2b599fbe9ffa3
1788609899612774085	2002	1	phase[0]	1788609879626383	19985915	97f2b599fbe9ffa3	63fd466105d39914
1788609899613405178	2003	1	thread_loop[0]	1788609879626374	19986561	63fd466105d39914	8799f9d0e6930164
1788609899614333002	2004	1	HI_task-0	1788609879610621	19999952	8799f9d0e6930164	bf200b57fef13c71
1788609899615184542	2005	1	main	1788609879608871	20005782	bf200b57fef13c71	-
