t_recv_ns	batch_idx	n_span	name	timestamp_us	duration_us	id	parent
1788609446154595882	0	1	calibration	1788609446153646	55	21f711ff73d46842	5851557272f1d0c0
1788609446174018380	1	1	phase_loop[0]	1788609446171110	2045	0611f52fd04c596a	1c78b1e9def6a8ad
1788609446177100083	2	1	phase_loop[1]	1788609446174259	2022	f9f0f830bc5f1b0d	1c78b1e9def6a8ad
1788609446185877707	3	1	phase_loop[2]	1788609446177299	7837	e83630a088f5694a	1c78b1e9def6a8ad
1788609446196008045	4	1	phase_loop[3]	1788609446186074	9067	527f8ceb8e01365c	1c78b1e9def6a8ad
1788609446206111873	5	1	phase_loop[4]	1788609446196249	8895	e135a9ee7bcb5bd5	1c78b1e9def6a8ad
1788609446215756381	6	1	phase_loop[5]	1788609446206323	8813	9413d12d51559837	1c78b1e9def6a8ad
1788609446225943447	7	1	phase_loop[6]	1788609446215956	9185	b1d79f99ae4e3514	1c78b1e9def6a8ad
1788609446235963025	8	1	phase_loop[7]	1788609446226139	9000	5205a32d6d5b7ba1	1c78b1e9def6a8ad
1788609446245937889	9	1	phase_loop[8]	1788609446236198	8938	eaaa48b41b9bd2e4	1c78b1e9def6a8ad
1788609446255796743	10	1	phase_loop[9]	1788609446246129	9009	9012789674a6fd79	1c78b1e9def6a8ad
1788609446266077566	11	1	phase_loop[10]	1788609446256017	9125	a22dd151b72a5903	1c78b1e9def6a8ad
1788609446275952430	12	1	phase_loop[11]	1788609446266327	8814	7fe15ffdf7dfdf53	1c78b1e9def6a8ad
1788609446286071067	13	1	phase_loop[12]	1788609446276146	8994	b94291b0a4f95ddc	1c78b1e9def6a8ad
1788609446295994793	14	1	phase_loop[13]	1788609446286266	8874	784e1ffea98d83a4	1c78b1e9def6a8ad
1788609446305966822	15	1	phase_loop[14]	1788609446296239	8901	d31f93172b92cd39	1c78b1e9def6a8ad
1788609446315777163	16	1	phase_loop[15]	1788609446306168	8969	a8e701083e3b4bf0	1c78b1e9def6a8ad
1788609446325922881	17	1	phase_loop[16]	1788609446315973	9167	f45e134a807891e0	1c78b1e9def6a8ad
1788609446335956286	18	1	phase_loop[17]	1788609446326128	9014	f280561b0aa64291	1c78b1e9def6a8ad
1788609446345933674	19	1	phase_loop[18]	1788609446336170	8971	2784d507064c8870	1c78b1e9def6a8ad
1788609446355792869	20	1	phase_loop[19]	1788609446346141	8996	f86a2ef09f0e18dc	1c78b1e9def6a8ad
1788609446366135700	21	1	phase_loop[20]	1788609446356018	9124	9f08f98a4461bc6a	1c78b1e9def6a8ad
1788609446375920153	22	1	phase_loop[21]	1788609446366366	8773	e882fbf312a69cde	1c78b1e9def6a8ad
1788609446385860581	23	1	phase_loop[22]	1788609446376113	9024	151b0182bf97a38d	1c78b1e9def6a8ad
1788609446395933140	24	1	phase_loop[23]	1788609446386093	9046	faa731fdd9f394c8	1c78b1e9def6a8ad
1788609446405949162	25	1	phase_loop[24]	1788609446396169	8971	0a0a9691795332db	1c78b1e9def6a8ad
1788609446415966816	26	1	phase_loop[25]	1788609446406149	8991	22805661a89a9fff	1c78b1e9def6a8ad
1788609446425946970	27	1	phase_loop[26]	1788609446416162	8977	819473414b542469	1c78b1e9def6a8ad
1788609446435925952	28	1	phase_loop[27]	1788609446426142	8998	b1d8a29253ab733d	1c78b1e9def6a8ad
1788609446445927255	29	1	phase_loop[28]	1788609446436137	9004	a33558408402b029	1c78b1e9def6a8ad
1788609446456025543	30	1	phase_loop[29]	1788609446446119	9022	9927a0e2d2b5f206	1c78b1e9def6a8ad
1788609446467128496	31	1	phase_loop[30]	1788609446456255	8882	505ddfb272e7e296	1c78b1e9def6a8ad
1788609446476873734	32	1	phase_loop[31]	1788609446467361	7778	a49f92d6e1028198	1c78b1e9def6a8ad
1788609446485985962	33	1	phase_loop[32]	1788609446477124	8068	fbcf638496bb44bb	1c78b1e9def6a8ad
1788609446496121460	34	1	phase_loop[33]	1788609446486187	8954	a50344c5df396f33	1c78b1e9def6a8ad
1788609446506082678	35	1	phase_loop[34]	1788609446496346	8793	7beee0dd16dce94b	1c78b1e9def6a8ad
1788609446516167440	36	1	phase_loop[35]	1788609446506318	8822	d1ef84347df15328	1c78b1e9def6a8ad
1788609446526243586	37	1	phase_loop[36]	1788609446516444	8694	bc5061b35725dbe7	1c78b1e9def6a8ad
1788609446536024001	38	1	phase_loop[37]	1788609446526496	8643	d18017909b25a580	1c78b1e9def6a8ad
1788609446546280128	39	1	phase_loop[38]	1788609446536234	8908	50735f08e989a2ec	1c78b1e9def6a8ad
1788609446555973087	40	1	phase_loop[39]	1788609446546486	8654	ff683291a4b1c5bf	1c78b1e9def6a8ad
1788609446565911061	41	1	phase_loop[40]	1788609446556201	8939	77df6dcce6039f67	1c78b1e9def6a8ad
1788609446575967549	42	1	phase_loop[41]	1788609446566128	9014	8de8e3cf94aa90da	1c78b1e9def6a8ad
1788609446585822896	43	1	phase_loop[42]	1788609446576167	8970	959ca66fae38cb70	1c78b1e9def6a8ad
1788609446595952403	44	1	phase_loop[43]	1788609446586038	9102	d28b8ba5f01da22c	1c78b1e9def6a8ad
1788609446606194534	45	1	phase_loop[44]	1788609446596183	8958	59603aee6924ded4	1c78b1e9def6a8ad
1788609446615776532	46	1	phase_loop[45]	1788609446606415	8722	616dca65a5226690	1c78b1e9def6a8ad
1788609446625942809	47	1	phase_loop[46]	1788609446615991	9147	ed9e4f207cd5bee8	1c78b1e9def6a8ad
1788609446635948120	48	1	phase_loop[47]	1788609446626137	9003	5ab2d2d0585323f3	1c78b1e9def6a8ad
1788609446645965194	49	1	phase_loop[48]	1788609446636154	8986	1c0054697cca584c	1c78b1e9def6a8ad
1788609446655773372	50	1	phase_loop[49]	1788609446646154	8981	051d237e2e159725	1c78b1e9def6a8ad
1788609446666033687	51	1	phase_loop[50]	1788609446655991	9150	e191debd94b5f7a2	1c78b1e9def6a8ad
1788609446675949929	52	1	phase_loop[51]	1788609446666256	8885	29da39a10a791f34	1c78b1e9def6a8ad
1788609446686121255	53	1	phase_loop[52]	1788609446676142	9000	34f223cfbbfa86c7	1c78b1e9def6a8ad
1788609446695954641	54	1	phase_loop[53]	1788609446686364	8776	383e2c978041051e	1c78b1e9def6a8ad
1788609446705951827	55	1	phase_loop[54]	1788609446696187	8956	c098ba95599096bc	1c78b1e9def6a8ad
1788609446715931810	56	1	phase_loop[55]	1788609446706170	8970	18265a57d567cd5e	1c78b1e9def6a8ad
1788609446725940558	57	1	phase_loop[56]	1788609446716127	9012	5b05f387820282cf	1c78b1e9def6a8ad
1788609446735931011	58	1	phase_loop[57]	1788609446726135	9004	dab5cb93a2ed109b	1c78b1e9def6a8ad
1788609446745902659	59	1	phase_loop[58]	1788609446736135	9003	2a740d3309eb528e	1c78b1e9def6a8ad
1788609446755917328	60	1	phase_loop[59]	1788609446746096	9045	8f3138d416f79745	1c78b1e9def6a8ad
1788609446766126165	61	1	phase_loop[60]	1788609446756111	9032	2d82543d98859b3b	1c78b1e9def6a8ad
1788609446775970031	62	1	phase_loop[61]	1788609446766354	8787	450c5170fd9f9d62	1c78b1e9def6a8ad
1788609446785793417	63	1	phase_loop[62]	1788609446776160	8976	de99868cd5781c94	1c78b1e9def6a8ad
1788609446795906984	64	1	phase_loop[63]	1788609446786008	9131	bbc00d1560ea0632	1c78b1e9def6a8ad
1788609446805943995	65	1	phase_loop[64]	1788609446796115	9025	1461f1e97a3db412	1c78b1e9def6a8ad
1788609446815905003	66	1	phase_loop[65]	1788609446806141	9038	b8fbf23736cb77d0	1c78b1e9def6a8ad
1788609446825915604	67	1	phase_loop[66]	1788609446816095	9045	2036036009ac3e83	1c78b1e9def6a8ad
1788609446836481889	68	1	phase_loop[67]	1788609446826110	9034	b9f1d1d734b42a1d	1c78b1e9def6a8ad
1788609446846029633	69	1	phase_loop[68]	1788609446836724	8416	4f1454a47ecd1b9f	1c78b1e9def6a8ad
1788609446855942599	70	1	phase_loop[69]	1788609446846229	8908	8c8f34d7f3027e9d	1c78b1e9def6a8ad
1788609446866028243	71	1	phase_loop[70]	1788609446856169	8975	367c37c7cc0514be	1c78b1e9def6a8ad
1788609446876013657	72	1	phase_loop[71]	1788609446866253	8887	3c512e19d946b2aa	1c78b1e9def6a8ad
1788609446885822556	73	1	phase_loop[72]	1788609446876215	8921	b2f6273611cb05cf	1c78b1e9def6a8ad
1788609446895949728	74	1	phase_loop[73]	1788609446886008	9131	c58dba79cbcfceb5	1c78b1e9def6a8ad
1788609446906003051	75	1	phase_loop[74]	1788609446896186	8954	b4b8cf0fb615a46f	1c78b1e9def6a8ad
1788609446915797111	76	1	phase_loop[75]	1788609446906253	8883	3c6065c77b1818d4	1c78b1e9def6a8ad
1788609446926045574	77	1	phase_loop[76]	1788609446916010	9130	fdb80cc32df87ba9	1c78b1e9def6a8ad
1788609446935931249	78	1	phase_loop[77]	1788609446926255	8885	6a9f231130a28813	1c78b1e9def6a8ad
1788609446945968190	79	1	phase_loop[78]	1788609446936140	9001	9bcd354304132af3	1c78b1e9def6a8ad
1788609446955847152	80	1	phase_loop[79]	1788609446946161	8974	a0cbc5bfcb78a8a7	1c78b1e9def6a8ad
1788609446966055047	81	1	phase_loop[80]	1788609446956033	9109	9e4923985a92a036	1c78b1e9def6a8ad
1788609446975944499	82	1	phase_loop[81]	1788609446966294	8850	f52d528e82ee5796	1c78b1e9def6a8ad
1788609446985945602	83	1	phase_loop[82]	1788609446976134	9008	f9b0298fb6aa2b6f	1c78b1e9def6a8ad
1788609446995949481	84	1	phase_loop[83]	1788609446986151	8989	cd54826a5b879a99	1c78b1e9def6a8ad
1788609447006051346	85	1	phase_loop[84]	1788609446996186	8957	c0d952839b74587f	1c78b1e9def6a8ad
1788609447015941759	86	1	phase_loop[85]	1788609447006279	8860	07d48acf0bca7937	1c78b1e9def6a8ad
1788609447025923906	87	1	phase_loop[86]	1788609447016130	9011	f8b89ac2eb455fe9	1c78b1e9def6a8ad
1788609447035922415	88	1	phase_loop[87]	1788609447026121	9018	fd89997e49983db7	1c78b1e9def6a8ad
1788609447045920622	89	1	phase_loop[88]	1788609447036126	9013	d65515b31a0f7ac7	1c78b1e9def6a8ad
1788609447055915183	90	1	phase_loop[89]	1788609447046112	9029	bd622f6514f37c3a	1c78b1e9def6a8ad
1788609447066098953	91	1	phase_loop[90]	1788609447056103	9038	83a464c9296e9760	1c78b1e9def6a8ad
1788609447075929863	92	1	phase_loop[91]	1788609447066336	8803	5aabfe444c31e99c	1c78b1e9def6a8ad
1788609447085897483	93	1	phase_loop[92]	1788609447076118	9019	409df93d44473531	1c78b1e9def6a8ad
1788609447095968569	94	1	phase_loop[93]	1788609447086085	9060	d21172958c74656e	1c78b1e9def6a8ad
1788609447105988909	95	1	phase_loop[94]	1788609447096193	8948	a2d0d2d910494d9f	1c78b1e9def6a8ad
1788609447115787478	96	1	phase_loop[95]	1788609447106183	8954	a3c3c034747938eb	1c78b1e9def6a8ad
1788609447125928246	97	1	phase_loop[96]	1788609447115985	9154	33bc47066e2d78b4	1c78b1e9def6a8ad
1788609447136024630	98	1	phase_loop[97]	1788609447126120	9020	d459f9ceb3241597	1c78b1e9def6a8ad
1788609447145940201	99	1	phase_loop[98]	1788609447136287	8894	b1fe3d7f0221a0a9	1c78b1e9def6a8ad
1788609447156009744	100	1	phase_loop[99]	1788609447146131	9007	4e467d471cdfe36c	1c78b1e9def6a8ad
1788609447166043689	101	1	phase_loop[100]	1788609447156244	8896	6ef29307f9c88344	1c78b1e9def6a8ad
1788609447175983066	102	1	phase_loop[101]	1788609447166255	8886	e0838617551a8466	1c78b1e9def6a8ad
1788609447185738483	103	1	phase_loop[102]	1788609447176176	8959	5f1b4dab936284a2	1c78b1e9def6a8ad
1788609447196035568	104	1	phase_loop[103]	1788609447185955	9184	eddcb51387577c06	1c78b1e9def6a8ad
1788609447206011353	105	1	phase_loop[104]	1788609447196306	8834	baeae1f8c84e490a	1c78b1e9def6a8ad
1788609447215936712	106	1	phase_loop[105]	1788609447206226	8912	e452940130775644	1c78b1e9def6a8ad
1788609447225922226	107	1	phase_loop[106]	1788609447216126	9012	15d62a6ed2c2915d	1c78b1e9def6a8ad
1788609447235919402	108	1	phase_loop[107]	1788609447226119	9020	2a7c92f9f1033ac1	1c78b1e9def6a8ad
1788609447245956924	109	1	phase_loop[108]	1788609447236127	9014	f00095f7653bf57a	1c78b1e9def6a8ad
1788609447255770572	110	1	phase_loop[109]	1788609447246154	8982	75e3d94895abb7d2	1c78b1e9def6a8ad
1788609447266082905	111	1	phase_loop[110]	1788609447255986	9154	e6c5ec04dfc4b608	1c78b1e9def6a8ad
1788609447275935447	112	1	phase_loop[111]	1788609447266317	8823	2a0e21e0515a5c5c	1c78b1e9def6a8ad
1788609447285972057	113	1	phase_loop[112]	1788609447276127	9016	29a8d86670ca29a5	1c78b1e9def6a8ad
1788609447295980024	114	1	phase_loop[113]	1788609447286167	8971	9d262090139addb5	1c78b1e9def6a8ad
1788609447306041411	115	1	phase_loop[114]	1788609447296224	8916	a3443dac06f9e44b	1c78b1e9def6a8ad
1788609447315863916	116	1	phase_loop[115]	1788609447306269	8869	02d09951be0dff63	1c78b1e9def6a8ad
1788609447325973104	117	1	phase_loop[116]	1788609447316053	9087	005caa872769c4bc	1c78b1e9def6a8ad
1788609447335928260	118	1	phase_loop[117]	1788609447326182	8960	0f3b6da312b30df8	1c78b1e9def6a8ad
1788609447345992784	119	1	phase_loop[118]	1788609447336137	9002	c16e02d9895b9ca7	1c78b1e9def6a8ad
1788609447355934524	120	1	phase_loop[119]	1788609447346252	8888	74ae7399d8277639	1c78b1e9def6a8ad
1788609447366082817	121	1	phase_loop[120]	1788609447356125	9017	cea2eceda94ec63e	1c78b1e9def6a8ad
1788609447375965245	122	1	phase_loop[121]	1788609447366317	8823	ed6e1269e2fefa11	1c78b1e9def6a8ad
1788609447385788361	123	1	phase_loop[122]	1788609447376153	8983	d52c4f6033623fa2	1c78b1e9def6a8ad
1788609447395932175	124	1	phase_loop[123]	1788609447385990	9149	7d9afcfd010b1163	1c78b1e9def6a8ad
1788609447406027496	125	1	phase_loop[124]	1788609447396169	8971	95970f96f0d481ea	1c78b1e9def6a8ad
1788609447415947786	126	1	phase_loop[125]	1788609447406225	8915	d1dd6685e9bb730a	1c78b1e9def6a8ad
1788609447425922780	127	1	phase_loop[126]	1788609447416141	8999	d86d316bb97325bb	1c78b1e9def6a8ad
1788609447435984679	128	1	phase_loop[127]	1788609447426126	9013	3bc8d459ee02f9ed	1c78b1e9def6a8ad
1788609447445949553	129	1	phase_loop[128]	1788609447436252	8886	9fd97c0cf6550e12	1c78b1e9def6a8ad
1788609447455952861	130	1	phase_loop[129]	1788609447446175	8965	92b5edbd059b44ad	1c78b1e9def6a8ad
1788609447466031741	131	1	phase_loop[130]	1788609447456146	8994	837bd7870d5530a6	1c78b1e9def6a8ad
1788609447475971759	132	1	phase_loop[131]	1788609447466271	8915	da90f208a2b8cc75	1c78b1e9def6a8ad
1788609447485864627	133	1	phase_loop[132]	1788609447476163	8974	15a0f560b1576055	1c78b1e9def6a8ad
1788609447495984335	134	1	phase_loop[133]	1788609447486070	9070	83d01371cf05902e	1c78b1e9def6a8ad
1788609447505952205	135	1	phase_loop[134]	1788609447496267	8874	711b13079014df01	1c78b1e9def6a8ad
1788609447515843831	136	1	phase_loop[135]	1788609447506153	8981	4fdb56d5ff6356eb	1c78b1e9def6a8ad
1788609447525941207	137	1	phase_loop[136]	1788609447516059	9081	ffdf15f5169f7211	1c78b1e9def6a8ad
1788609447535938212	138	1	phase_loop[137]	1788609447526137	9003	6bd8db6706c22526	1c78b1e9def6a8ad
1788609447545914769	139	1	phase_loop[138]	1788609447536144	8995	3303e7f445612499	1c78b1e9def6a8ad
1788609447555754596	140	1	phase_loop[139]	1788609447546109	9026	74b5c4992a942a76	1c78b1e9def6a8ad
1788609447566113468	141	1	phase_loop[140]	1788609447555986	9156	1acf14a034a670f6	1c78b1e9def6a8ad
1788609447575954838	142	1	phase_loop[141]	1788609447566345	8795	6b7a6ce880e69296	1c78b1e9def6a8ad
1788609447585907900	143	1	phase_loop[142]	1788609447576147	8993	c055ad69ac9af284	1c78b1e9def6a8ad
1788609447595908964	144	1	phase_loop[143]	1788609447586098	9041	add37c6dc79553ac	1c78b1e9def6a8ad
1788609447605990640	145	1	phase_loop[144]	1788609447596147	8994	a268ffe3f4395579	1c78b1e9def6a8ad
1788609447615799388	146	1	phase_loop[145]	1788609447606185	8949	f4e247c0721d74ef	1c78b1e9def6a8ad
1788609447625916702	147	1	phase_loop[146]	1788609447616010	9130	c62a5145129d0c5d	1c78b1e9def6a8ad
1788609447635954244	148	1	phase_loop[147]	1788609447626118	9022	89a0ffd2255138b2	1c78b1e9def6a8ad
1788609447645940589	149	1	phase_loop[148]	1788609447636165	8976	9f97e0796f070ee0	1c78b1e9def6a8ad
1788609447655940701	150	1	phase_loop[149]	1788609447646177	8961	b8c34814f3caab9b	1c78b1e9def6a8ad
1788609447666693609	151	1	phase_loop[150]	1788609447656128	9016	dd331500f6a858f3	1c78b1e9def6a8ad
1788609447675960651	152	1	phase_loop[151]	1788609447667033	8107	b2305f448f6a20e2	1c78b1e9def6a8ad
1788609447685863969	153	1	phase_loop[152]	1788609447676156	8981	8fc07f18317dc773	1c78b1e9def6a8ad
1788609447695922100	154	1	phase_loop[153]	1788609447686050	9089	61bb24f36adf88da	1c78b1e9def6a8ad
1788609447705978147	155	1	phase_loop[154]	1788609447696154	8987	fd7f24d002bc368f	1c78b1e9def6a8ad
1788609447715946999	156	1	phase_loop[155]	1788609447706167	8972	b222d42ef9b42761	1c78b1e9def6a8ad
1788609447726036470	157	1	phase_loop[156]	1788609447716142	8998	babbbb0e9e6f98d2	1c78b1e9def6a8ad
1788609447736018998	158	1	phase_loop[157]	1788609447726249	8895	ddc687014b23e8f5	1c78b1e9def6a8ad
1788609447745925312	159	1	phase_loop[158]	1788609447736249	8889	b9fdf702411848f4	1c78b1e9def6a8ad
1788609447755938227	160	1	phase_loop[159]	1788609447746113	9027	a7784e443a3bdfb7	1c78b1e9def6a8ad
1788609447766077162	161	1	phase_loop[160]	1788609447756126	9015	b11d64c5827515e3	1c78b1e9def6a8ad
1788609447775949641	162	1	phase_loop[161]	1788609447766322	8817	ce67571a9c1668e5	1c78b1e9def6a8ad
1788609447785779219	163	1	phase_loop[162]	1788609447776146	8992	c0c922c7c864a1c3	1c78b1e9def6a8ad
1788609447795921100	164	1	phase_loop[163]	1788609447786005	9135	a06a82a8194c2a08	1c78b1e9def6a8ad
1788609447806154714	165	1	phase_loop[164]	1788609447796163	9024	30bfae003b06a5b0	1c78b1e9def6a8ad
1788609447815909580	166	1	phase_loop[165]	1788609447806363	8775	361abb13b25a107d	1c78b1e9def6a8ad
1788609447825902037	167	1	phase_loop[166]	1788609447816135	9005	3f03e00b6723eaa5	1c78b1e9def6a8ad
1788609447836044428	168	1	phase_loop[167]	1788609447826101	9042	723b8fa89784c363	1c78b1e9def6a8ad
1788609447845912319	169	1	phase_loop[168]	1788609447836258	8880	3de06aa5aa845bd3	1c78b1e9def6a8ad
1788609447855785760	170	1	phase_loop[169]	1788609447846100	9036	27aa818a7ce18b43	1c78b1e9def6a8ad
1788609447866129433	171	1	phase_loop[170]	1788609447855988	9154	1ba279d343c0c59d	1c78b1e9def6a8ad
1788609447875968879	172	1	phase_loop[171]	1788609447866381	8760	72c2df93da237d68	1c78b1e9def6a8ad
1788609447885977206	173	1	phase_loop[172]	1788609447876162	8978	83293718cb9fe1ab	1c78b1e9def6a8ad
1788609447895939967	174	1	phase_loop[173]	1788609447886175	8965	4fefe3e849a51e2e	1c78b1e9def6a8ad
1788609447905945468	175	1	phase_loop[174]	1788609447896181	8961	359b9e16282ab91f	1c78b1e9def6a8ad
1788609447915786969	176	1	phase_loop[175]	1788609447906145	8991	7c6adce0c430948c	1c78b1e9def6a8ad
1788609447925972742	177	1	phase_loop[176]	1788609447915998	9142	fe7e36d7e8d56740	1c78b1e9def6a8ad
1788609447935919372	178	1	phase_loop[177]	1788609447926166	8973	9c48df6e214044d2	1c78b1e9def6a8ad
1788609447945949070	179	1	phase_loop[178]	1788609447936125	9016	13963581271d49fe	1c78b1e9def6a8ad
1788609447955822962	180	1	phase_loop[179]	1788609447946168	8969	d5a59f4b50fc3b1c	1c78b1e9def6a8ad
1788609447966465041	181	1	phase_loop[180]	1788609447956011	9135	544108f47d89b291	1c78b1e9def6a8ad
1788609447975955646	182	1	phase_loop[181]	1788609447966734	8406	a88dd2bae55e188d	1c78b1e9def6a8ad
1788609447985839196	183	1	phase_loop[182]	1788609447976159	8978	2448cfa7fbaf5f3a	1c78b1e9def6a8ad
1788609447995916083	184	1	phase_loop[183]	1788609447986029	9111	23b5f44be095a93e	1c78b1e9def6a8ad
1788609448005993932	185	1	phase_loop[184]	1788609447996153	8987	4ead8fee71bf2502	1c78b1e9def6a8ad
1788609448015940471	186	1	phase_loop[185]	1788609448006197	8944	97e1d11388c811c7	1c78b1e9def6a8ad
1788609448025910205	187	1	phase_loop[186]	1788609448016125	9014	9aa7000c9e20d885	1c78b1e9def6a8ad
1788609448035978726	188	1	phase_loop[187]	1788609448026102	9038	750b62299881d08a	1c78b1e9def6a8ad
1788609448045928000	189	1	phase_loop[188]	1788609448036207	8931	f6ac9f0fe04bf6af	1c78b1e9def6a8ad
1788609448055944222	190	1	phase_loop[189]	1788609448046133	9007	7ad80550be0ef9f8	1c78b1e9def6a8ad
1788609448066060173	191	1	phase_loop[190]	1788609448056146	8995	7c13c6f7de620959	1c78b1e9def6a8ad
1788609448075926951	192	1	phase_loop[191]	1788609448066298	8841	cdf9361d4fa6f8b2	1c78b1e9def6a8ad
1788609448085828576	193	1	phase_loop[192]	1788609448076127	9008	13bd0d0ba10b6bea	1c78b1e9def6a8ad
1788609448095961719	194	1	phase_loop[193]	1788609448086019	9121	749d81c182e8fb4e	1c78b1e9def6a8ad
1788609448105997358	195	1	phase_loop[194]	1788609448096179	8962	ec0fb89399541336	1c78b1e9def6a8ad
1788609448115984645	196	1	phase_loop[195]	1788609448106198	8943	7c4c4c4d5f7176b9	1c78b1e9def6a8ad
1788609448125971310	197	1	phase_loop[196]	1788609448116209	8931	ff7145953feea854	1c78b1e9def6a8ad
1788609448135945623	198	1	phase_loop[197]	1788609448126213	8970	9a4f9a524db2578b	1c78b1e9def6a8ad
1788609448145949110	199	1	phase_loop[198]	1788609448136151	8988	d534da93a0927416	1c78b1e9def6a8ad
1788609448155939222	200	1	phase_loop[199]	1788609448146141	8997	39106b60b7f5d135	1c78b1e9def6a8ad
1788609448165914617	201	1	phase_loop[200]	1788609448156159	8981	f57b72e9c119b76f	1c78b1e9def6a8ad
1788609448175963260	202	1	phase_loop[201]	1788609448166107	9033	68fd5f45a37c1595	1c78b1e9def6a8ad
1788609448185905421	203	1	phase_loop[202]	1788609448176164	8976	63bb8787d3ea9246	1c78b1e9def6a8ad
1788609448195910652	204	1	phase_loop[203]	1788609448186093	9045	d13610b1b79adf03	1c78b1e9def6a8ad
1788609448206116513	205	1	phase_loop[204]	1788609448196147	8993	aa60cc073b531063	1c78b1e9def6a8ad
1788609448215779596	206	1	phase_loop[205]	1788609448206341	8794	bdc5d1d0987479bb	1c78b1e9def6a8ad
1788609448225928228	207	1	phase_loop[206]	1788609448216001	9139	a4b2b095b907ed39	1c78b1e9def6a8ad
1788609448235930784	208	1	phase_loop[207]	1788609448226116	9024	5dd608077feee4c1	1c78b1e9def6a8ad
1788609448245943058	209	1	phase_loop[208]	1788609448236140	9000	1df7d57184e5da2a	1c78b1e9def6a8ad
1788609448255769200	210	1	phase_loop[209]	1788609448246136	9001	e26a9f86473c78ab	1c78b1e9def6a8ad
1788609448266004437	211	1	phase_loop[210]	1788609448255991	9152	841222885e166e36	1c78b1e9def6a8ad
1788609448275937871	212	1	phase_loop[211]	1788609448266233	8915	4daacc2ab226316e	1c78b1e9def6a8ad
1788609448285848212	213	1	phase_loop[212]	1788609448276130	9005	09c6998a4dcd0627	1c78b1e9def6a8ad
1788609448295923656	214	1	phase_loop[213]	1788609448286055	9085	3efeeffc6c0cca11	1c78b1e9def6a8ad
1788609448305994933	215	1	phase_loop[214]	1788609448296164	8977	7f2488d4f4978925	1c78b1e9def6a8ad
1788609448315908189	216	1	phase_loop[215]	1788609448306214	8926	347248cbf7fd3dde	1c78b1e9def6a8ad
1788609448325943567	217	1	phase_loop[216]	1788609448316101	9038	121dd55ba62c46b3	1c78b1e9def6a8ad
1788609448336067002	218	1	phase_loop[217]	1788609448326143	9002	d3e828077d1beee0	1c78b1e9def6a8ad
1788609448345946174	219	1	phase_loop[218]	1788609448336302	8837	c6d7e621a71356e0	1c78b1e9def6a8ad
1788609448355790810	220	1	phase_loop[219]	1788609448346137	8998	e3c372363791f43d	1c78b1e9def6a8ad
1788609448366221868	221	1	phase_loop[220]	1788609448356033	9108	e93de29b3e2deb05	1c78b1e9def6a8ad
1788609448375919135	222	1	phase_loop[221]	1788609448366462	8678	61c4cf6dfee35328	1c78b1e9def6a8ad
1788609448385798949	223	1	phase_loop[222]	1788609448376125	9011	10ab96448f523bc2	1c78b1e9def6a8ad
1788609448395915641	224	1	phase_loop[223]	1788609448385998	9143	9d546f6276e91c96	1c78b1e9def6a8ad
1788609448405954746	225	1	phase_loop[224]	1788609448396118	9024	cd745c0388e6079c	1c78b1e9def6a8ad
1788609448415964926	226	1	phase_loop[225]	1788609448406155	8985	eb94c0c5bf6e9a92	1c78b1e9def6a8ad
1788609448425921705	227	1	phase_loop[226]	1788609448416156	8983	e021dddf89568db2	1c78b1e9def6a8ad
1788609448435978203	228	1	phase_loop[227]	1788609448426115	9028	814ef70998fed5bf	1c78b1e9def6a8ad
1788609448445921286	229	1	phase_loop[228]	1788609448436187	8953	e84e14d8e1253948	1c78b1e9def6a8ad
1788609448455909976	230	1	phase_loop[229]	1788609448446122	9017	4fda031ed54d6894	1c78b1e9def6a8ad
1788609448466133621	231	1	phase_loop[230]	1788609448456155	9034	1d56f8291b4e0345	1c78b1e9def6a8ad
1788609448475974510	232	1	phase_loop[231]	1788609448466382	8758	9f0047ab6e670aa2	1c78b1e9def6a8ad
1788609448485961537	233	1	phase_loop[232]	1788609448476177	8963	69b23ad01e529647	1c78b1e9def6a8ad
1788609448495939225	234	1	phase_loop[233]	1788609448486163	8976	f36d64739a9bc25e	1c78b1e9def6a8ad
1788609448505941450	235	1	phase_loop[234]	1788609448496177	8962	90af70101a5d444a	1c78b1e9def6a8ad
1788609448515744438	236	1	phase_loop[235]	1788609448506135	9001	27c8a46c835dbff6	1c78b1e9def6a8ad
1788609448525934038	237	1	phase_loop[236]	1788609448515973	9167	82857c1b73c5721f	1c78b1e9def6a8ad
1788609448535935302	238	1	phase_loop[237]	1788609448526132	9006	d4a1c04d1f57256a	1c78b1e9def6a8ad
1788609448545912930	239	1	phase_loop[238]	1788609448536142	8998	c7893f78df3f3802	1c78b1e9def6a8ad
1788609448555774749	240	1	phase_loop[239]	1788609448546104	9033	e952b75597bdab07	1c78b1e9def6a8ad
1788609448566063067	241	1	phase_loop[240]	1788609448555989	9154	d0c9b99a111740f5	1c78b1e9def6a8ad
1788609448575944904	242	1	phase_loop[241]	1788609448566295	8846	e24f80ff09676921	1c78b1e9def6a8ad
1788609448585857439	243	1	phase_loop[242]	1788609448576135	9003	e7fa93afb2d60ad7	1c78b1e9def6a8ad
1788609448595916061	244	1	phase_loop[243]	1788609448586054	9086	51afffde8549a1fa	1c78b1e9def6a8ad
1788609448606126220	245	1	phase_loop[244]	1788609448596150	8990	908225897c3eeecc	1c78b1e9def6a8ad
1788609448615908529	246	1	phase_loop[245]	1788609448606359	8781	4cd7c62eca543c0d	1c78b1e9def6a8ad
1788609448625957663	247	1	phase_loop[246]	1788609448616095	9046	7d95f628b648927e	1c78b1e9def6a8ad
1788609448635963725	248	1	phase_loop[247]	1788609448626244	8898	c3d3ecd74cac3d06	1c78b1e9def6a8ad
1788609448645912870	249	1	phase_loop[248]	1788609448636178	8962	44cc96a53cd4951c	1c78b1e9def6a8ad
1788609448655772965	250	1	phase_loop[249]	1788609448646102	9034	88c2e3946134cc38	1c78b1e9def6a8ad
1788609448666039371	251	1	phase_loop[250]	1788609448655975	9165	8a6ba10ef5d16b0e	1c78b1e9def6a8ad
1788609448675932520	252	1	phase_loop[251]	1788609448666280	8859	841ccab92d365289	1c78b1e9def6a8ad
1788609448685887125	253	1	phase_loop[252]	1788609448676124	9012	b0d17cc347ad7f7e	1c78b1e9def6a8ad
1788609448695906262	254	1	phase_loop[253]	1788609448686084	9055	298d2ec90824520e	1c78b1e9def6a8ad
1788609448705950306	255	1	phase_loop[254]	1788609448696102	9038	ce055bff832cf1f3	1c78b1e9def6a8ad
1788609448715995613	256	1	phase_loop[255]	1788609448706144	8994	f87a904245ef02e9	1c78b1e9def6a8ad
1788609448725910964	257	1	phase_loop[256]	1788609448716190	8949	02b9baf7427411b7	1c78b1e9def6a8ad
1788609448735919631	258	1	phase_loop[257]	1788609448726124	9016	52d3330df192a72b	1c78b1e9def6a8ad
1788609448745934771	259	1	phase_loop[258]	1788609448736134	9005	de9128af276e0a94	1c78b1e9def6a8ad
1788609448755912690	260	1	phase_loop[259]	1788609448746125	9015	707fcd574cf3e7df	1c78b1e9def6a8ad
1788609448766333148	261	1	phase_loop[260]	1788609448756140	9002	4973406db6abb578	1c78b1e9def6a8ad
1788609448775943520	262	1	phase_loop[261]	1788609448766592	8549	078d419229127a02	1c78b1e9def6a8ad
1788609448785907583	263	1	phase_loop[262]	1788609448776168	8972	b42508b5629da0ac	1c78b1e9def6a8ad
1788609448796062267	264	1	phase_loop[263]	1788609448786107	9075	154ef3e4cb3adf3d	1c78b1e9def6a8ad
1788609448805945136	265	1	phase_loop[264]	1788609448796298	8841	e0c8220827b6e463	1c78b1e9def6a8ad
1788609448815761970	266	1	phase_loop[265]	1788609448806137	8998	beb4b1eef7a53ac8	1c78b1e9def6a8ad
1788609448825955558	267	1	phase_loop[266]	1788609448815972	9168	9bac93c310add16f	1c78b1e9def6a8ad
1788609448836153053	268	1	phase_loop[267]	1788609448826151	8989	2becf35ce43f7f8b	1c78b1e9def6a8ad
1788609448845937917	269	1	phase_loop[268]	1788609448836393	8747	5f297391c93c4b93	1c78b1e9def6a8ad
1788609448855839671	270	1	phase_loop[269]	1788609448846138	8998	284c3679ae1bfedd	1c78b1e9def6a8ad
1788609448866101489	271	1	phase_loop[270]	1788609448856034	9106	31b70310be44db9d	1c78b1e9def6a8ad
1788609448875923262	272	1	phase_loop[271]	1788609448866348	8792	dbc8264c9a8221a7	1c78b1e9def6a8ad
1788609448885795961	273	1	phase_loop[272]	1788609448876123	9013	b7c473a186de3d68	1c78b1e9def6a8ad
1788609448895918845	274	1	phase_loop[273]	1788609448886023	9116	cd84d517573e7a8e	1c78b1e9def6a8ad
1788609448905921962	275	1	phase_loop[274]	1788609448896145	8996	6c73c55450bdece1	1c78b1e9def6a8ad
1788609448915825610	276	1	phase_loop[275]	1788609448906141	8995	d9548caefb03fda6	1c78b1e9def6a8ad
1788609448926091004	277	1	phase_loop[276]	1788609448916013	9130	4f91b5625051ea1c	1c78b1e9def6a8ad
1788609448935950239	278	1	phase_loop[277]	1788609448926322	8818	6271119379355a78	1c78b1e9def6a8ad
1788609448945930312	279	1	phase_loop[278]	1788609448936260	8879	509c18bbc5f29e12	1c78b1e9def6a8ad
1788609448955796489	280	1	phase_loop[279]	1788609448946117	9019	0b2fe04079523bd9	1c78b1e9def6a8ad
1788609448966490716	281	1	phase_loop[280]	1788609448956002	9138	fdb9488c7d12be21	1c78b1e9def6a8ad
1788609448975937749	282	1	phase_loop[281]	1788609448966724	8417	091017f796de6287	1c78b1e9def6a8ad
1788609448985784519	283	1	phase_loop[282]	1788609448976131	9005	4a73a9ac24db62a6	1c78b1e9def6a8ad
1788609448995931799	284	1	phase_loop[283]	1788609448985986	9154	252cc365e0bc834a	1c78b1e9def6a8ad
1788609449005973339	285	1	phase_loop[284]	1788609448996126	9014	22b65a8c99fbca16	1c78b1e9def6a8ad
1788609449015926240	286	1	phase_loop[285]	1788609449006169	8970	635845294ae19c3c	1c78b1e9def6a8ad
1788609449025910221	287	1	phase_loop[286]	1788609449016113	9028	62b307bb420f18d3	1c78b1e9def6a8ad
1788609449035962711	288	1	phase_loop[287]	1788609449026110	9029	d0ac6580c197963b	1c78b1e9def6a8ad
1788609449045930902	289	1	phase_loop[288]	1788609449036172	8966	f0e0bf5b484564c9	1c78b1e9def6a8ad
1788609449056025602	290	1	phase_loop[289]	1788609449046117	9024	2572667ff52c8d2e	1c78b1e9def6a8ad
1788609449066135501	291	1	phase_loop[290]	1788609449056223	8919	5421c0497d151309	1c78b1e9def6a8ad
1788609449076224471	292	1	phase_loop[291]	1788609449066400	8742	950504b1ca9ef475	1c78b1e9def6a8ad
1788609449085925094	293	1	phase_loop[292]	1788609449076453	8685	37a79cb4bc6f86ea	1c78b1e9def6a8ad
1788609449095922920	294	1	phase_loop[293]	1788609449086137	9004	b515021d4d0f3b52	1c78b1e9def6a8ad
1788609449105969369	295	1	phase_loop[294]	1788609449096142	9000	2cf28684d62b4e09	1c78b1e9def6a8ad
1788609449115773138	296	1	phase_loop[295]	1788609449106177	8960	db7671326586b01e	1c78b1e9def6a8ad
1788609449125970984	297	1	phase_loop[296]	1788609449116051	9132	471f9fd4ebb5a4ea	1c78b1e9def6a8ad
1788609449135936008	298	1	phase_loop[297]	1788609449126171	8968	8e705387e5845cbe	1c78b1e9def6a8ad
1788609449145996043	299	1	phase_loop[298]	1788609449136142	8998	1f53b787d238a1d9	1c78b1e9def6a8ad
1788609449155885224	300	1	phase_loop[299]	1788609449146190	8948	0d36a0bc6e380091	1c78b1e9def6a8ad
1788609449167098114	301	1	phase_loop[300]	1788609449156089	9052	35f286dbc2cd1a6c	1c78b1e9def6a8ad
1788609449175926093	302	1	phase_loop[301]	1788609449167403	7737	1b117410b68178a3	1c78b1e9def6a8ad
1788609449185830723	303	1	phase_loop[302]	1788609449176115	9020	d7d92b3cc423ef3e	1c78b1e9def6a8ad
1788609449195927016	304	1	phase_loop[303]	1788609449186028	9111	ab06a074a8dc6e36	1c78b1e9def6a8ad
1788609449206113180	305	1	phase_loop[304]	1788609449196123	9020	b9be803083916199	1c78b1e9def6a8ad
1788609449215926537	306	1	phase_loop[305]	1788609449206385	8753	bc3129f507a0b3ce	1c78b1e9def6a8ad
1788609449225970831	307	1	phase_loop[306]	1788609449216119	9022	f31907297fc5d8f3	1c78b1e9def6a8ad
1788609449236075831	308	1	phase_loop[307]	1788609449226201	8944	02c09bffa6703f29	1c78b1e9def6a8ad
1788609449245990530	309	1	phase_loop[308]	1788609449236303	8837	fa8fb04b5286d173	1c78b1e9def6a8ad
1788609449255755295	310	1	phase_loop[309]	1788609449246192	8944	a6f333d0112412f0	1c78b1e9def6a8ad
1788609449266427450	311	1	phase_loop[310]	1788609449255978	9163	680ca230d8601e33	1c78b1e9def6a8ad
1788609449275926020	312	1	phase_loop[311]	1788609449266740	8402	48dbe9ca2cf6e20b	1c78b1e9def6a8ad
1788609449285787689	313	1	phase_loop[312]	1788609449276118	9019	02880653c508de44	1c78b1e9def6a8ad
1788609449295912777	314	1	phase_loop[313]	1788609449286002	9138	7accccd43f68d9ce	1c78b1e9def6a8ad
1788609449305981548	315	1	phase_loop[314]	1788609449296115	9026	26a7b140c1e9a0e4	1c78b1e9def6a8ad
1788609449315775809	316	1	phase_loop[315]	1788609449306176	8959	22812cfb8ecbdeb5	1c78b1e9def6a8ad
1788609449325943978	317	1	phase_loop[316]	1788609449315980	9160	f6ce4311fb9adfb0	1c78b1e9def6a8ad
1788609449336072783	318	1	phase_loop[317]	1788609449326148	8999	0ae461cc7f377ed1	1c78b1e9def6a8ad
1788609449345919022	319	1	phase_loop[318]	1788609449336310	8829	87882cd4c9f711a0	1c78b1e9def6a8ad
1788609449355927930	320	1	phase_loop[319]	1788609449346112	9026	f7c28931f3f7790e	1c78b1e9def6a8ad
1788609449366082083	321	1	phase_loop[320]	1788609449356120	9020	3c6bdc367aef71e9	1c78b1e9def6a8ad
1788609449375948150	322	1	phase_loop[321]	1788609449366323	8817	8465f8fa38c752d4	1c78b1e9def6a8ad
1788609449385842150	323	1	phase_loop[322]	1788609449376140	8996	a9561a308458fbb5	1c78b1e9def6a8ad
1788609449395912023	324	1	phase_loop[323]	1788609449386038	9101	85719a7ed241248d	1c78b1e9def6a8ad
1788609449406076937	325	1	phase_loop[324]	1788609449396148	8991	d8fac7112ce64099	1c78b1e9def6a8ad
1788609449415915601	326	1	phase_loop[325]	1788609449406281	8857	6cae382e17a15df5	1c78b1e9def6a8ad
1788609449425912416	327	1	phase_loop[326]	1788609449416141	8997	94bae94278fd2532	1c78b1e9def6a8ad
1788609449435934900	328	1	phase_loop[327]	1788609449426111	9029	2ca63431eacb7015	1c78b1e9def6a8ad
1788609449445929891	329	1	phase_loop[328]	1788609449436169	8970	9f63505a274e691f	1c78b1e9def6a8ad
1788609449455930022	330	1	phase_loop[329]	1788609449446129	9048	d3e0b018473a1155	1c78b1e9def6a8ad
1788609449466082953	331	1	phase_loop[330]	1788609449456140	9003	727ef50b94cafc27	1c78b1e9def6a8ad
1788609449475981792	332	1	phase_loop[331]	1788609449466316	8824	52c37c26a0b3672f	1c78b1e9def6a8ad
1788609449486018943	333	1	phase_loop[332]	1788609449476181	8958	27ccf89353e5643d	1c78b1e9def6a8ad
1788609449495923503	334	1	phase_loop[333]	1788609449486219	8919	7c752249caafcfbd	1c78b1e9def6a8ad
1788609449505955885	335	1	phase_loop[334]	1788609449496159	8981	fc5aeed6d623215b	1c78b1e9def6a8ad
1788609449515787737	336	1	phase_loop[335]	1788609449506152	8984	21750c2260d66a7a	1c78b1e9def6a8ad
1788609449525943593	337	1	phase_loop[336]	1788609449515987	9154	66f44d551c21c543	1c78b1e9def6a8ad
1788609449535936320	338	1	phase_loop[337]	1788609449526145	8997	c411b944a489cb19	1c78b1e9def6a8ad
1788609449545935830	339	1	phase_loop[338]	1788609449536145	8995	007858f4e8ed6c44	1c78b1e9def6a8ad
1788609449555756551	340	1	phase_loop[339]	1788609449546119	9018	1d74ec1aa316bff8	1c78b1e9def6a8ad
1788609449566173803	341	1	phase_loop[340]	1788609449555995	9147	409fc0d6b7d8dbc0	1c78b1e9def6a8ad
1788609449575989905	342	1	phase_loop[341]	1788609449566405	8735	5706098efb1798f8	1c78b1e9def6a8ad
1788609449585825484	343	1	phase_loop[342]	1788609449576195	8941	652b94150acda0db	1c78b1e9def6a8ad
1788609449596024492	344	1	phase_loop[343]	1788609449586038	9101	757a7578dfc4bfe4	1c78b1e9def6a8ad
1788609449605997862	345	1	phase_loop[344]	1788609449596307	8833	146cc8db4272148e	1c78b1e9def6a8ad
1788609449615935625	346	1	phase_loop[345]	1788609449606281	8857	2cb518857a9a9019	1c78b1e9def6a8ad
1788609449625929314	347	1	phase_loop[346]	1788609449616143	8996	922291320ae4ed58	1c78b1e9def6a8ad
1788609449635933953	348	1	phase_loop[347]	1788609449626194	8945	5d6184f73a891a82	1c78b1e9def6a8ad
1788609449646116911	349	1	phase_loop[348]	1788609449636129	9013	15726380dcee4520	1c78b1e9def6a8ad
1788609449655957600	350	1	phase_loop[349]	1788609449646323	8819	3a55aa0ca033af40	1c78b1e9def6a8ad
1788609449666060325	351	1	phase_loop[350]	1788609449656146	8996	f43cac67e8f92933	1c78b1e9def6a8ad
1788609449675951560	352	1	phase_loop[351]	1788609449666295	8844	5f37cbe31a0aa0c2	1c78b1e9def6a8ad
1788609449685773914	353	1	phase_loop[352]	1788609449676147	8989	ba02f815aecd419b	1c78b1e9def6a8ad
1788609449695923699	354	1	phase_loop[353]	1788609449685977	9162	86797e84cec233d6	1c78b1e9def6a8ad
1788609449705952063	355	1	phase_loop[354]	1788609449696126	9014	9dac677762d2e627	1c78b1e9def6a8ad
1788609449715937707	356	1	phase_loop[355]	1788609449706144	8995	30ee1d5d79cc702a	1c78b1e9def6a8ad
1788609449725975088	357	1	phase_loop[356]	1788609449716165	8974	acf3fc2106a34633	1c78b1e9def6a8ad
1788609449736119212	358	1	phase_loop[357]	1788609449726199	8941	d173bd7684ff81c3	1c78b1e9def6a8ad
1788609449745920677	359	1	phase_loop[358]	1788609449736382	8757	7c0d833d3f212a0d	1c78b1e9def6a8ad
1788609449755793266	360	1	phase_loop[359]	1788609449746109	9027	9f7254f3b9fd5f0b	1c78b1e9def6a8ad
1788609449766075532	361	1	phase_loop[360]	1788609449755993	9148	d63373cf17e7d69d	1c78b1e9def6a8ad
1788609449775997164	362	1	phase_loop[361]	1788609449766316	8824	fb4c0ddb6fa7906d	1c78b1e9def6a8ad
1788609449785963882	363	1	phase_loop[362]	1788609449776195	8986	09ab3c2e93cfd1db	1c78b1e9def6a8ad
1788609449795956829	364	1	phase_loop[363]	1788609449786160	8979	50995619a11c70a6	1c78b1e9def6a8ad
1788609449806018567	365	1	phase_loop[364]	1788609449796192	8948	696a937630414791	1c78b1e9def6a8ad
1788609449815733748	366	1	phase_loop[365]	1788609449806218	8916	b5c4eb27f8adca9a	1c78b1e9def6a8ad
1788609449825928097	367	1	phase_loop[366]	1788609449815960	9180	dba65f7e09afbe71	1c78b1e9def6a8ad
1788609449836406265	368	1	phase_loop[367]	1788609449826124	9018	3752fd3b1842e0fa	1c78b1e9def6a8ad
1788609449845936104	369	1	phase_loop[368]	1788609449836658	8481	72203f1f1e3e6206	1c78b1e9def6a8ad
1788609449855770060	370	1	phase_loop[369]	1788609449846123	9013	7b6609b48ff01fda	1c78b1e9def6a8ad
1788609449866452835	371	1	phase_loop[370]	1788609449855965	9175	c97f866f1d68ee03	1c78b1e9def6a8ad
1788609449875945604	372	1	phase_loop[371]	1788609449866689	8452	a17b94fc4c4b98e1	1c78b1e9def6a8ad
1788609449886057457	373	1	phase_loop[372]	1788609449876134	9006	162a0ca2421d83db	1c78b1e9def6a8ad
1788609449895924917	374	1	phase_loop[373]	1788609449886286	8854	684da4c10bfc649c	1c78b1e9def6a8ad
1788609449905899569	375	1	phase_loop[374]	1788609449896158	8981	0975948b467e125f	1c78b1e9def6a8ad
1788609449915888679	376	1	phase_loop[375]	1788609449906087	9051	92440845375f0ac1	1c78b1e9def6a8ad
1788609449925901034	377	1	phase_loop[376]	1788609449916076	9064	2490fd714426cabe	1c78b1e9def6a8ad
1788609449936065005	378	1	phase_loop[377]	1788609449926090	9054	6b84e2b2275561d9	1c78b1e9def6a8ad
1788609449946092889	379	1	phase_loop[378]	1788609449936317	8824	96322ecd4c639c3c	1c78b1e9def6a8ad
1788609449955927656	380	1	phase_loop[379]	1788609449946335	8805	6d1483e159807157	1c78b1e9def6a8ad
1788609449966161130	381	1	phase_loop[380]	1788609449956118	9021	b60beaffd7f57bc3	1c78b1e9def6a8ad
1788609449975945863	382	1	phase_loop[381]	1788609449966410	8729	82ae843dbbbcf9b6	1c78b1e9def6a8ad
1788609449985847908	383	1	phase_loop[382]	1788609449976142	8994	c99f727ba8617d07	1c78b1e9def6a8ad
1788609449995920536	384	1	phase_loop[383]	1788609449986037	9103	b1db8cfbd976e4f1	1c78b1e9def6a8ad
1788609450005949081	385	1	phase_loop[384]	1788609449996156	8982	0b4a782530d1a836	1c78b1e9def6a8ad
1788609450015958088	386	1	phase_loop[385]	1788609450006139	9001	e14b58a443cfc5b1	1c78b1e9def6a8ad
1788609450025923844	387	1	phase_loop[386]	1788609450016156	8982	fb34235a17b08125	1c78b1e9def6a8ad
1788609450036000921	388	1	phase_loop[387]	1788609450026137	9003	e6c527c65904ee15	1c78b1e9def6a8ad
1788609450046017152	389	1	phase_loop[388]	1788609450036256	8883	e482bd6e599427e9	1c78b1e9def6a8ad
1788609450055766928	390	1	phase_loop[389]	1788609450046214	8922	27b8ed2852b59886	1c78b1e9def6a8ad
1788609450066056558	391	1	phase_loop[390]	1788609450055968	9174	729befe25ee62a52	1c78b1e9def6a8ad
1788609450075997086	392	1	phase_loop[391]	1788609450066299	8841	798d1fd120b28e62	1c78b1e9def6a8ad
1788609450085922806	393	1	phase_loop[392]	1788609450076198	8942	eb969113d766f71f	1c78b1e9def6a8ad
1788609450095943926	394	1	phase_loop[393]	1788609450086114	9025	d2012b64945e21ad	1c78b1e9def6a8ad
1788609450105956431	395	1	phase_loop[394]	1788609450096176	8962	1320945cf56ca329	1c78b1e9def6a8ad
1788609450115970458	396	1	phase_loop[395]	1788609450106163	9017	96e60c0a764194c2	1c78b1e9def6a8ad
1788609450125949499	397	1	phase_loop[396]	1788609450116165	8975	6b1a1f60308d9a9b	1c78b1e9def6a8ad
1788609450135967163	398	1	phase_loop[397]	1788609450126153	8987	152bb79eb753fb67	1c78b1e9def6a8ad
1788609450145916347	399	1	phase_loop[398]	1788609450136180	8959	d1deb680e5472f64	1c78b1e9def6a8ad
1788609450155859239	400	1	phase_loop[399]	1788609450146106	9031	24b8c4f2fe0803d8	1c78b1e9def6a8ad
1788609450166173706	401	1	phase_loop[400]	1788609450156051	9090	811bc923a32e0a71	1c78b1e9def6a8ad
1788609450175947007	402	1	phase_loop[401]	1788609450166424	8717	de990a2eb2988817	1c78b1e9def6a8ad
1788609450185980511	403	1	phase_loop[402]	1788609450176143	8996	59f43ea53347fc15	1c78b1e9def6a8ad
1788609450195994328	404	1	phase_loop[403]	1788609450186195	8944	c2973568e1ca8c55	1c78b1e9def6a8ad
1788609450205958601	405	1	phase_loop[404]	1788609450196246	8896	d55603b74622c551	1c78b1e9def6a8ad
1788609450215827172	406	1	phase_loop[405]	1788609450206177	8958	0ff2d87949460c8d	1c78b1e9def6a8ad
1788609450225920069	407	1	phase_loop[406]	1788609450216011	9129	9300e20912e6de17	1c78b1e9def6a8ad
1788609450236068301	408	1	phase_loop[407]	1788609450226125	9015	e0d0df0f87699766	1c78b1e9def6a8ad
1788609450245940449	409	1	phase_loop[408]	1788609450236307	8833	2e0a9f04de9bc555	1c78b1e9def6a8ad
1788609450255954676	410	1	phase_loop[409]	1788609450246132	9009	797e0fb52e14a632	1c78b1e9def6a8ad
1788609450266111835	411	1	phase_loop[410]	1788609450256152	8989	fa1819260059e2d1	1c78b1e9def6a8ad
1788609450275943947	412	1	phase_loop[411]	1788609450266368	8773	8552ea1d9dd9aac7	1c78b1e9def6a8ad
1788609450285863936	413	1	phase_loop[412]	1788609450276139	8997	7b0461e72c1ddb75	1c78b1e9def6a8ad
1788609450295976250	414	1	phase_loop[413]	1788609450286051	9088	d159df269d795ff3	1c78b1e9def6a8ad
1788609450305942696	415	1	phase_loop[414]	1788609450296193	8948	4583cc75dd1f1010	1c78b1e9def6a8ad
1788609450315947707	416	1	phase_loop[415]	1788609450306137	9003	a63a7a4bc606fd6d	1c78b1e9def6a8ad
1788609450325925766	417	1	phase_loop[416]	1788609450316133	9006	5a74db13dbd92753	1c78b1e9def6a8ad
1788609450336436685	418	1	phase_loop[417]	1788609450326120	9019	e0f05bba66f89482	1c78b1e9def6a8ad
1788609450345912261	419	1	phase_loop[418]	1788609450336687	8452	6f071adfac34d738	1c78b1e9def6a8ad
1788609450355792725	420	1	phase_loop[419]	1788609450346102	9035	55c8c9cf991e93f9	1c78b1e9def6a8ad
1788609450366415657	421	1	phase_loop[420]	1788609450356010	9131	db5e14a9e2844c65	1c78b1e9def6a8ad
1788609450376069351	422	1	phase_loop[421]	1788609450366691	8449	752427d5529ed1ce	1c78b1e9def6a8ad
1788609450385925148	423	1	phase_loop[422]	1788609450376299	8841	5fda6246abe4d1d9	1c78b1e9def6a8ad
1788609450395948152	424	1	phase_loop[423]	1788609450386113	9026	19cd5416e4a63631	1c78b1e9def6a8ad
1788609450405986966	425	1	phase_loop[424]	1788609450396227	8919	bf408b2895c209a3	1c78b1e9def6a8ad
1788609450415778001	426	1	phase_loop[425]	1788609450406188	8948	64852293fb17d8c7	1c78b1e9def6a8ad
1788609450425946781	427	1	phase_loop[426]	1788609450415983	9157	160e564e03c25a67	1c78b1e9def6a8ad
1788609450435946331	428	1	phase_loop[427]	1788609450426144	8998	24e70ca3ceaf3ab2	1c78b1e9def6a8ad
1788609450446067772	429	1	phase_loop[428]	1788609450436150	9031	f40d080aee97b64d	1c78b1e9def6a8ad
1788609450455761823	430	1	phase_loop[429]	1788609450446269	8866	1f22b4b03171c652	1c78b1e9def6a8ad
1788609450465959017	431	1	phase_loop[430]	1788609450455978	9162	c16e451e9a77160e	1c78b1e9def6a8ad
1788609450475957475	432	1	phase_loop[431]	1788609450466193	8948	5f6f63217e2c6816	1c78b1e9def6a8ad
1788609450485920986	433	1	phase_loop[432]	1788609450476151	8990	90211eebb3fa5265	1c78b1e9def6a8ad
1788609450495951535	434	1	phase_loop[433]	1788609450486114	9025	ab9b1c88c354fc8f	1c78b1e9def6a8ad
1788609450505956074	435	1	phase_loop[434]	1788609450496189	8951	e4b1259fc2aab3d0	1c78b1e9def6a8ad
1788609450515865603	436	1	phase_loop[435]	1788609450506144	8994	6d0a2bce455973fe	1c78b1e9def6a8ad
1788609450526131588	437	1	phase_loop[436]	1788609450516056	9083	33c0fbeebd4e7791	1c78b1e9def6a8ad
1788609450536016079	438	1	phase_loop[437]	1788609450526370	8773	efae149b3b212b0e	1c78b1e9def6a8ad
1788609450545944224	439	1	phase_loop[438]	1788609450536249	8891	03a9112925f8ab1d	1c78b1e9def6a8ad
1788609450555948432	440	1	phase_loop[439]	1788609450546179	8959	0bb9ac77504c932d	1c78b1e9def6a8ad
1788609450566102996	441	1	phase_loop[440]	1788609450556141	8999	b977a1677dfdfb78	1c78b1e9def6a8ad
1788609450575963722	442	1	phase_loop[441]	1788609450566353	8786	9c9a818aadae24f3	1c78b1e9def6a8ad
1788609450585790675	443	1	phase_loop[442]	1788609450576154	8983	5ef69ecd15a9bcc3	1c78b1e9def6a8ad
1788609450595995654	444	1	phase_loop[443]	1788609450586003	9137	902251ce905b5903	1c78b1e9def6a8ad
1788609450605999913	445	1	phase_loop[444]	1788609450596242	8899	3181e058cce7a5ba	1c78b1e9def6a8ad
1788609450615927296	446	1	phase_loop[445]	1788609450606195	8945	986e0556937fb581	1c78b1e9def6a8ad
1788609450625935101	447	1	phase_loop[446]	1788609450616116	9023	a7e17abeead557dd	1c78b1e9def6a8ad
1788609450636016546	448	1	phase_loop[447]	1788609450626134	9006	36a1e1aa2f76e792	1c78b1e9def6a8ad
1788609450645924793	449	1	phase_loop[448]	1788609450636234	8905	dc58180e5669f089	1c78b1e9def6a8ad
1788609450655771573	450	1	phase_loop[449]	1788609450646115	9021	0cdfbbc9a84e520f	1c78b1e9def6a8ad
1788609450666000758	451	1	phase_loop[450]	1788609450655967	9174	4c4c9b3570c45830	1c78b1e9def6a8ad
1788609450675964189	452	1	phase_loop[451]	1788609450666242	8901	e52dc3a2819d712c	1c78b1e9def6a8ad
1788609450686032229	453	1	phase_loop[452]	1788609450676201	8938	a9531b1a132bfa24	1c78b1e9def6a8ad
1788609450696039223	454	1	phase_loop[453]	1788609450686240	8901	9a192eb1aba599b1	1c78b1e9def6a8ad
1788609450706015298	455	1	phase_loop[454]	1788609450696274	8866	63e06697fa162af6	1c78b1e9def6a8ad
1788609450715869071	456	1	phase_loop[455]	1788609450706229	8907	46374db78d8dc65a	1c78b1e9def6a8ad
1788609450725919467	457	1	phase_loop[456]	1788609450716060	9080	54db6cd54863d0e1	1c78b1e9def6a8ad
1788609450735912274	458	1	phase_loop[457]	1788609450726112	9028	68822f87c6a16d40	1c78b1e9def6a8ad
1788609450745922575	459	1	phase_loop[458]	1788609450736125	9014	5261d06d2cf54539	1c78b1e9def6a8ad
1788609450755779975	460	1	phase_loop[459]	1788609450746115	9021	899b5bdec8181925	1c78b1e9def6a8ad
1788609450766181657	461	1	phase_loop[460]	1788609450755998	9144	07578ec19cb49017	1c78b1e9def6a8ad
1788609450775961991	462	1	phase_loop[461]	1788609450766433	8752	444b5c236b712697	1c78b1e9def6a8ad
1788609450785951462	463	1	phase_loop[462]	1788609450776155	8986	4be26f53c2d3f25e	1c78b1e9def6a8ad
1788609450795931534	464	1	phase_loop[463]	1788609450786150	8989	ec9d60ff2980423e	1c78b1e9def6a8ad
1788609450805941845	465	1	phase_loop[464]	1788609450796163	8979	e23519182ad421c2	1c78b1e9def6a8ad
1788609450815770570	466	1	phase_loop[465]	1788609450806137	8999	8a28a7494b0cdf72	1c78b1e9def6a8ad
1788609450826388062	467	1	phase_loop[466]	1788609450815979	9160	932074753555719d	1c78b1e9def6a8ad
1788609450836007731	468	1	phase_loop[467]	1788609450826618	8522	e2dd49513103a751	1c78b1e9def6a8ad
1788609450846192843	469	1	phase_loop[468]	1788609450836230	8911	db1ee5e0c039ebdd	1c78b1e9def6a8ad
1788609450855913303	470	1	phase_loop[469]	1788609450846435	8703	526271377fc65bb3	1c78b1e9def6a8ad
1788609450867117437	471	1	phase_loop[470]	1788609450856113	9029	6c2b43aafc1c01b6	1c78b1e9def6a8ad
1788609450876016591	472	1	phase_loop[471]	1788609450867370	7770	ac061eac716e0937	1c78b1e9def6a8ad
1788609450885919377	473	1	phase_loop[472]	1788609450876224	8915	1bb52e7fbecca1f2	1c78b1e9def6a8ad
1788609450895925940	474	1	phase_loop[473]	1788609450886120	9020	b13de9a616ae7e71	1c78b1e9def6a8ad
1788609450905967439	475	1	phase_loop[474]	1788609450896140	9001	ce745478b9fa9fdd	1c78b1e9def6a8ad
1788609450915945528	476	1	phase_loop[475]	1788609450906204	8936	8b3b40af29e78d1f	1c78b1e9def6a8ad
1788609450926097367	477	1	phase_loop[476]	1788609450916155	8985	8d09021d17202aa3	1c78b1e9def6a8ad
1788609450935979373	478	1	phase_loop[477]	1788609450926321	8818	031f4c0ba89d74f4	1c78b1e9def6a8ad
1788609450946286516	479	1	phase_loop[478]	1788609450936186	8953	3e83353ff04cbb54	1c78b1e9def6a8ad
1788609450955998060	480	1	phase_loop[479]	1788609450946519	8621	5363ba897560412c	1c78b1e9def6a8ad
1788609450965986980	481	1	phase_loop[480]	1788609450956216	8923	e9d2758ffb8fe65d	1c78b1e9def6a8ad
1788609450976281609	482	1	phase_loop[481]	1788609450966199	8941	539e8657ed5398ea	1c78b1e9def6a8ad
1788609450986001298	483	1	phase_loop[482]	1788609450976643	8497	b33c3061ddd8b98e	1c78b1e9def6a8ad
1788609450997448422	484	1	phase_loop[483]	1788609450986237	8902	b7c0e6efb553fdaa	1c78b1e9def6a8ad
1788609451006212099	485	1	phase_loop[484]	1788609450997673	7465	2e85438fa51294ab	1c78b1e9def6a8ad
1788609451015955192	486	1	phase_loop[485]	1788609451006621	8520	d7c70492669a7e7b	1c78b1e9def6a8ad
1788609451025907522	487	1	phase_loop[486]	1788609451016152	8985	e45c8cf48c3e321e	1c78b1e9def6a8ad
1788609451036005388	488	1	phase_loop[487]	1788609451026108	9033	e067184876f2ee73	1c78b1e9def6a8ad
1788609451046126558	489	1	phase_loop[488]	1788609451036216	8927	a8c5f01194db2617	1c78b1e9def6a8ad
1788609451055920849	490	1	phase_loop[489]	1788609451046385	8754	a7d87e20a1b49bd7	1c78b1e9def6a8ad
1788609451067017859	491	1	phase_loop[490]	1788609451056117	9026	b77bfc37a12964a6	1c78b1e9def6a8ad
1788609451076017443	492	1	phase_loop[491]	1788609451067250	7890	5fc54d31c6f9371f	1c78b1e9def6a8ad
1788609451085972428	493	1	phase_loop[492]	1788609451076224	8916	35177d534bb06769	1c78b1e9def6a8ad
1788609451095941259	494	1	phase_loop[493]	1788609451086163	8975	36544ba33d832729	1c78b1e9def6a8ad
1788609451106217663	495	1	phase_loop[494]	1788609451096218	8973	a3d50d20c37069e9	1c78b1e9def6a8ad
1788609451115908808	496	1	phase_loop[495]	1788609451106441	8695	43326ab8e3922fe1	1c78b1e9def6a8ad
1788609451126036791	497	1	phase_loop[496]	1788609451116093	9048	737ca0e3805c5659	1c78b1e9def6a8ad
1788609451137003555	498	1	phase_loop[497]	1788609451126279	8862	225f189073ba0a0a	1c78b1e9def6a8ad
1788609451146107075	499	1	phase_loop[498]	1788609451137250	7890	fb5021899a582a70	1c78b1e9def6a8ad
1788609451155955258	500	1	phase_loop[499]	1788609451146337	8802	082c274937b9a78c	1c78b1e9def6a8ad
1788609451166415711	501	1	phase_loop[500]	1788609451156158	8984	e71300dc0927c2d1	1c78b1e9def6a8ad
1788609451175945701	502	1	phase_loop[501]	1788609451166674	8465	3a80c57f94eef900	1c78b1e9def6a8ad
1788609451185848497	503	1	phase_loop[502]	1788609451176139	8998	8373b96373fb1da8	1c78b1e9def6a8ad
1788609451195932096	504	1	phase_loop[503]	1788609451186070	9070	251dfc7f263ce44c	1c78b1e9def6a8ad
1788609451205969407	505	1	phase_loop[504]	1788609451196181	8960	59cc461148d63c6f	1c78b1e9def6a8ad
1788609451215932106	506	1	phase_loop[505]	1788609451206166	8975	8f968db737de98ee	1c78b1e9def6a8ad
1788609451225975098	507	1	phase_loop[506]	1788609451216120	9022	1f24c611d0502363	1c78b1e9def6a8ad
1788609451235918311	508	1	phase_loop[507]	1788609451226172	8970	0a5a8fd75cad6698	1c78b1e9def6a8ad
1788609451245960992	509	1	phase_loop[508]	1788609451236124	9014	5e2be3f8a4734c9d	1c78b1e9def6a8ad
1788609451255940865	510	1	phase_loop[509]	1788609451246162	8980	7afee57af61942dc	1c78b1e9def6a8ad
1788609451265900068	511	1	phase_loop[510]	1788609451256130	9009	ac7583e93760792c	1c78b1e9def6a8ad
1788609451275967135	512	1	phase_loop[511]	1788609451266087	9056	01fdd0b4ddc00b4c	1c78b1e9def6a8ad
1788609451285759151	513	1	phase_loop[512]	1788609451276164	8971	37e4802435b485fb	1c78b1e9def6a8ad
1788609451295927611	514	1	phase_loop[513]	1788609451285974	9168	5b8d94ae288a9238	1c78b1e9def6a8ad
1788609451305924255	515	1	phase_loop[514]	1788609451296156	8984	c677e8d9f8665b98	1c78b1e9def6a8ad
1788609451315782627	516	1	phase_loop[515]	1788609451306123	9015	c2dbbac4775f40fb	1c78b1e9def6a8ad
1788609451326082777	517	1	phase_loop[516]	1788609451315980	9161	630258fcf89675e6	1c78b1e9def6a8ad
1788609451335998096	518	1	phase_loop[517]	1788609451326293	8849	f19891a1b3ff9627	1c78b1e9def6a8ad
1788609451345931130	519	1	phase_loop[518]	1788609451336252	8887	a1da787580daa2c3	1c78b1e9def6a8ad
1788609451355752432	520	1	phase_loop[519]	1788609451346120	9015	53046683e178f059	1c78b1e9def6a8ad
1788609451366089291	521	1	phase_loop[520]	1788609451355957	9185	077e8234161d10d6	1c78b1e9def6a8ad
1788609451376004941	522	1	phase_loop[521]	1788609451366327	8813	c42273158c5be1ee	1c78b1e9def6a8ad
1788609451385931442	523	1	phase_loop[522]	1788609451376193	8946	bca0b401e36e79a5	1c78b1e9def6a8ad
1788609451395993891	524	1	phase_loop[523]	1788609451386129	9010	62632e312ff42071	1c78b1e9def6a8ad
1788609451406115582	525	1	phase_loop[524]	1788609451396266	8874	dc87c15a919a283a	1c78b1e9def6a8ad
1788609451415781559	526	1	phase_loop[525]	1788609451406388	8748	5b22fa7ac0d29dc1	1c78b1e9def6a8ad
1788609451425928518	527	1	phase_loop[526]	1788609451415985	9155	eebd36777d5888c0	1c78b1e9def6a8ad
1788609451435955550	528	1	phase_loop[527]	1788609451426124	9061	7e176dbc3b3a989f	1c78b1e9def6a8ad
1788609451445939901	529	1	phase_loop[528]	1788609451436169	8971	1b89181bad86e39d	1c78b1e9def6a8ad
1788609451455760781	530	1	phase_loop[529]	1788609451446133	9001	7a253994c9be291c	1c78b1e9def6a8ad
1788609451466367652	531	1	phase_loop[530]	1788609451455952	9188	38ee549decffbc64	1c78b1e9def6a8ad
1788609451475960040	532	1	phase_loop[531]	1788609451466631	8509	28662ed4dc405d8d	1c78b1e9def6a8ad
1788609451486247636	533	1	phase_loop[532]	1788609451476154	8987	7e2ddbb0d387ed2e	1c78b1e9def6a8ad
1788609451495971663	534	1	phase_loop[533]	1788609451486492	8647	78e72646a52cfa10	1c78b1e9def6a8ad
1788609451505937499	535	1	phase_loop[534]	1788609451496207	8931	616af8adbb6ee5b3	1c78b1e9def6a8ad
1788609451515946536	536	1	phase_loop[535]	1788609451506151	8990	3c95ce932de58fd8	1c78b1e9def6a8ad
1788609451525887845	537	1	phase_loop[536]	1788609451516142	8995	180fc3dcc6691386	1c78b1e9def6a8ad
1788609451536016950	538	1	phase_loop[537]	1788609451526079	9060	94b005d2c673dd12	1c78b1e9def6a8ad
1788609451545926790	539	1	phase_loop[538]	1788609451536213	8927	b060c5669d5634b3	1c78b1e9def6a8ad
1788609451555947059	540	1	phase_loop[539]	1788609451546163	8977	1f8920d8eefecd85	1c78b1e9def6a8ad
1788609451566658047	541	1	phase_loop[540]	1788609451556136	9004	6ee4e05cf309e67f	1c78b1e9def6a8ad
1788609451576056126	542	1	phase_loop[541]	1788609451566892	8249	e233dc0605986b82	1c78b1e9def6a8ad
1788609451585928174	543	1	phase_loop[542]	1788609451576282	8856	5235f8aad1e08ffc	1c78b1e9def6a8ad
1788609451595956909	544	1	phase_loop[543]	1788609451586133	9006	876216c898fcc078	1c78b1e9def6a8ad
1788609451606259673	545	1	phase_loop[544]	1788609451596175	8963	eb9886163aaedb24	1c78b1e9def6a8ad
1788609451615956158	546	1	phase_loop[545]	1788609451606480	8659	cfe1938e0a8a3618	1c78b1e9def6a8ad
1788609451625958373	547	1	phase_loop[546]	1788609451616160	8978	5dd49a0ed3a768d6	1c78b1e9def6a8ad
1788609451637083387	548	1	phase_loop[547]	1788609451626199	8941	2c0ba76405cffbcb	1c78b1e9def6a8ad
1788609451646703406	549	1	phase_loop[548]	1788609451637364	7776	5418136cb4c41a1c	1c78b1e9def6a8ad
1788609451658594603	550	1	phase_loop[549]	1788609451647002	8137	19bac08d788551d5	1c78b1e9def6a8ad
1788609451665940541	551	1	phase_loop[550]	1788609451658858	6282	ff4f6a97281b7d27	1c78b1e9def6a8ad
1788609451676181638	552	1	phase_loop[551]	1788609451666221	8921	afef7212ec10e39d	1c78b1e9def6a8ad
1788609451685958626	553	1	phase_loop[552]	1788609451676449	8692	9890bcf8ac5612ca	1c78b1e9def6a8ad
1788609451695921095	554	1	phase_loop[553]	1788609451686149	8990	41f06166578146c6	1c78b1e9def6a8ad
1788609451706054609	555	1	phase_loop[554]	1788609451696165	8976	7767906ebc22b032	1c78b1e9def6a8ad
1788609451715946925	556	1	phase_loop[555]	1788609451706285	8854	f71282cdc7829617	1c78b1e9def6a8ad
1788609451726058677	557	1	phase_loop[556]	1788609451716138	9002	a13a96d50a5ebd86	1c78b1e9def6a8ad
1788609451735955552	558	1	phase_loop[557]	1788609451726258	8881	4dd83b8380583f03	1c78b1e9def6a8ad
1788609451745927850	559	1	phase_loop[558]	1788609451736169	8971	140839bdcfb7167a	1c78b1e9def6a8ad
1788609451755793656	560	1	phase_loop[559]	1788609451746121	9016	a60bf91b7d16a9b6	1c78b1e9def6a8ad
1788609451766087634	561	1	phase_loop[560]	1788609451756010	9181	4b43eed12443f5a7	1c78b1e9def6a8ad
1788609451775938401	562	1	phase_loop[561]	1788609451766325	8815	9c148692addbddb2	1c78b1e9def6a8ad
1788609451785956286	563	1	phase_loop[562]	1788609451776135	9005	b30889275b867394	1c78b1e9def6a8ad
1788609451795932391	564	1	phase_loop[563]	1788609451786169	8972	a2631196c763c59c	1c78b1e9def6a8ad
1788609451806011842	565	1	phase_loop[564]	1788609451796170	8973	d7192bc2258a251a	1c78b1e9def6a8ad
1788609451815898127	566	1	phase_loop[565]	1788609451806238	8903	24ac02e829deab59	1c78b1e9def6a8ad
1788609451825928254	567	1	phase_loop[566]	1788609451816091	9048	86e0b4c7f602ddd2	1c78b1e9def6a8ad
1788609451836028765	568	1	phase_loop[567]	1788609451826135	9007	4b19653bfcbc3424	1c78b1e9def6a8ad
1788609451845937502	569	1	phase_loop[568]	1788609451836262	8877	e8409b46970bfacd	1c78b1e9def6a8ad
1788609451855952411	570	1	phase_loop[569]	1788609451846133	9008	5fef1b92d2aea62b	1c78b1e9def6a8ad
1788609451866320029	571	1	phase_loop[570]	1788609451856142	8998	d99f49a5d7b3c6b9	1c78b1e9def6a8ad
1788609451875921754	572	1	phase_loop[571]	1788609451866575	8565	8f46dc9fbc356477	1c78b1e9def6a8ad
1788609451885855980	573	1	phase_loop[572]	1788609451876113	9024	8c2aa903dd4b18aa	1c78b1e9def6a8ad
1788609451895939979	574	1	phase_loop[573]	1788609451886048	9092	40806d4f68ed4394	1c78b1e9def6a8ad
1788609451905950830	575	1	phase_loop[574]	1788609451896170	8972	530223af6e7ba9fb	1c78b1e9def6a8ad
1788609451915793562	576	1	phase_loop[575]	1788609451906143	8994	2915da241e7ecdab	1c78b1e9def6a8ad
1788609451925937215	577	1	phase_loop[576]	1788609451915988	9151	a7ff9320135e6f57	1c78b1e9def6a8ad
1788609451936365778	578	1	phase_loop[577]	1788609451926136	9004	6c1218a71173645b	1c78b1e9def6a8ad
1788609451945957114	579	1	phase_loop[578]	1788609451936602	8540	68c5300e1dc045ae	1c78b1e9def6a8ad
1788609451956000076	580	1	phase_loop[579]	1788609451946155	8984	dfcf9b40ce5cb4e5	1c78b1e9def6a8ad
1788609451966185598	581	1	phase_loop[580]	1788609451956232	8912	763e70f3c4f8dfe5	1c78b1e9def6a8ad
1788609451975942908	582	1	phase_loop[581]	1788609451966439	8699	50cc9f8d254d4b65	1c78b1e9def6a8ad
1788609451985790449	583	1	phase_loop[582]	1788609451976141	8995	e0f8a6bf813ef9e9	1c78b1e9def6a8ad
1788609451996093284	584	1	phase_loop[583]	1788609451986001	9139	22b0813328fb74b5	1c78b1e9def6a8ad
1788609452006043991	585	1	phase_loop[584]	1788609451996341	8798	3d0916d1a6c75b0a	1c78b1e9def6a8ad
1788609452015910508	586	1	phase_loop[585]	1788609452006264	8874	210ca58c942025e9	1c78b1e9def6a8ad
1788609452025934884	587	1	phase_loop[586]	1788609452016101	9039	ce741dede26da6a9	1c78b1e9def6a8ad
1788609452035906180	588	1	phase_loop[587]	1788609452026130	9011	8da125f26a0a378a	1c78b1e9def6a8ad
1788609452046024184	589	1	phase_loop[588]	1788609452036115	9026	1f516d5241502b10	1c78b1e9def6a8ad
1788609452055863430	590	1	phase_loop[589]	1788609452046219	8917	be41c8e1761b6171	1c78b1e9def6a8ad
1788609452066076123	591	1	phase_loop[590]	1788609452056087	9052	19e4130c7acb4681	1c78b1e9def6a8ad
1788609452075919326	592	1	phase_loop[591]	1788609452066320	8821	299d4934ae78524b	1c78b1e9def6a8ad
1788609452085934094	593	1	phase_loop[592]	1788609452076119	9022	3e73a19d6337f202	1c78b1e9def6a8ad
1788609452095995250	594	1	phase_loop[593]	1788609452086127	9053	4cda6466c8877a0e	1c78b1e9def6a8ad
1788609452105943472	595	1	phase_loop[594]	1788609452096226	8913	ebb4b127bb2ab7b9	1c78b1e9def6a8ad
1788609452115924597	596	1	phase_loop[595]	1788609452106176	8961	0e696a1d5e2e6745	1c78b1e9def6a8ad
1788609452125991354	597	1	phase_loop[596]	1788609452116123	9018	c52ca2a4e218dcc9	1c78b1e9def6a8ad
1788609452135928174	598	1	phase_loop[597]	1788609452126204	8937	89d7b7d971b62ed5	1c78b1e9def6a8ad
1788609452145913697	599	1	phase_loop[598]	1788609452136129	9010	f98df6f7dddaa48f	1c78b1e9def6a8ad
1788609452155955997	600	1	phase_loop[599]	1788609452146124	9015	484f88a638a98281	1c78b1e9def6a8ad
1788609452166066136	601	1	phase_loop[600]	1788609452156182	8959	c4d1d88a2ad9e182	1c78b1e9def6a8ad
1788609452175960556	602	1	phase_loop[601]	1788609452166303	8838	6d96195f1d038c65	1c78b1e9def6a8ad
1788609452185813167	603	1	phase_loop[602]	1788609452176151	8985	8c9057597ae27497	1c78b1e9def6a8ad
1788609452195939226	604	1	phase_loop[603]	1788609452186000	9140	a0e2d58ef04118b8	1c78b1e9def6a8ad
1788609452206114489	605	1	phase_loop[604]	1788609452196185	8955	2c158caacc05d753	1c78b1e9def6a8ad
1788609452215923677	606	1	phase_loop[605]	1788609452206308	8832	e466c7e1396d8753	1c78b1e9def6a8ad
1788609452225919510	607	1	phase_loop[606]	1788609452216108	9031	6e9aade279e259a9	1c78b1e9def6a8ad
1788609452235953975	608	1	phase_loop[607]	1788609452226123	9017	8e91e8dea576a1f4	1c78b1e9def6a8ad
1788609452245945269	609	1	phase_loop[608]	1788609452236166	8969	144ef1c69ff8760c	1c78b1e9def6a8ad
1788609452255951942	610	1	phase_loop[609]	1788609452246137	9004	7efd01e350bcd76c	1c78b1e9def6a8ad
1788609452265978913	611	1	phase_loop[610]	1788609452256139	9000	c3cb2ef57e703df0	1c78b1e9def6a8ad
1788609452276021985	612	1	phase_loop[611]	1788609452266187	8954	8bfee1cdad5cf55a	1c78b1e9def6a8ad
1788609452285955870	613	1	phase_loop[612]	1788609452276234	8904	fb6bdf895c0129ab	1c78b1e9def6a8ad
1788609452296001567	614	1	phase_loop[613]	1788609452286167	8973	5076268b9cb92a37	1c78b1e9def6a8ad
1788609452306015123	615	1	phase_loop[614]	1788609452296235	8907	34d9798c2a2b532e	1c78b1e9def6a8ad
1788609452315754940	616	1	phase_loop[615]	1788609452306235	8902	e882c544ef8f684d	1c78b1e9def6a8ad
1788609452325942385	617	1	phase_loop[616]	1788609452315971	9170	d82ea4ef3e546bb0	1c78b1e9def6a8ad
1788609452335946563	618	1	phase_loop[617]	1788609452326136	9003	41b44b4315f9a04c	1c78b1e9def6a8ad
1788609452345902550	619	1	phase_loop[618]	1788609452336156	8983	620e040872cebb7d	1c78b1e9def6a8ad
1788609452355776081	620	1	phase_loop[619]	1788609452346090	9046	5381b24bd97f019c	1c78b1e9def6a8ad
1788609452366119542	621	1	phase_loop[620]	1788609452355972	9168	16ca5be397ce415d	1c78b1e9def6a8ad
1788609452375939341	622	1	phase_loop[621]	1788609452366363	8776	a75f495abd4d9e8d	1c78b1e9def6a8ad
1788609452385907581	623	1	phase_loop[622]	1788609452376134	9006	5e919a8fdca52e7c	1c78b1e9def6a8ad
1788609452395933330	624	1	phase_loop[623]	1788609452386097	9042	8e3af0e4bafcfd0e	1c78b1e9def6a8ad
1788609452405960251	625	1	phase_loop[624]	1788609452396170	8970	99fabf645d487788	1c78b1e9def6a8ad
1788609452415978676	626	1	phase_loop[625]	1788609452406161	8976	ba684b862d9af71e	1c78b1e9def6a8ad
1788609452425945694	627	1	phase_loop[626]	1788609452416172	9009	b000b5cd9caebd45	1c78b1e9def6a8ad
1788609452435944923	628	1	phase_loop[627]	1788609452426140	8998	dd47b8a556546691	1c78b1e9def6a8ad
1788609452446202150	629	1	phase_loop[628]	1788609452436154	8986	966e7e46b9a253de	1c78b1e9def6a8ad
1788609452455885009	630	1	phase_loop[629]	1788609452446455	8684	c806758f1f4ca26a	1c78b1e9def6a8ad
1788609452466045243	631	1	phase_loop[630]	1788609452456075	9068	cfe118021bf6e662	1c78b1e9def6a8ad
1788609452475976724	632	1	phase_loop[631]	1788609452466266	8874	3edb973bbcac2ce8	1c78b1e9def6a8ad
1788609452485846056	633	1	phase_loop[632]	1788609452476175	8961	2a6f80bdf147c87a	1c78b1e9def6a8ad
1788609452495939634	634	1	phase_loop[633]	1788609452486037	9103	0fdf2aadf869ad30	1c78b1e9def6a8ad
1788609452505991402	635	1	phase_loop[634]	1788609452496182	8957	f1ec22d5739c2fbc	1c78b1e9def6a8ad
1788609452515963940	636	1	phase_loop[635]	1788609452506188	8954	4d7b13f3c7da5097	1c78b1e9def6a8ad
1788609452525941488	637	1	phase_loop[636]	1788609452516156	8985	821a2087c3c85791	1c78b1e9def6a8ad
1788609452536027201	638	1	phase_loop[637]	1788609452526143	8996	72f35c7e076a0096	1c78b1e9def6a8ad
1788609452545919437	639	1	phase_loop[638]	1788609452536254	8884	f53fc1ebcb1ae662	1c78b1e9def6a8ad
1788609452555918365	640	1	phase_loop[639]	1788609452546107	9034	c933bf198cc722d3	1c78b1e9def6a8ad
1788609452566069472	641	1	phase_loop[640]	1788609452556108	9032	0014f9a966bb363a	1c78b1e9def6a8ad
1788609452575979692	642	1	phase_loop[641]	1788609452566321	8819	8822454ddada040d	1c78b1e9def6a8ad
1788609452585776867	643	1	phase_loop[642]	1788609452576173	8963	ce7dd26977207309	1c78b1e9def6a8ad
1788609452596037291	644	1	phase_loop[643]	1788609452585972	9169	89c428d6a8ee4771	1c78b1e9def6a8ad
1788609452606140918	645	1	phase_loop[644]	1788609452596327	8813	a78bf7105ff48f0f	1c78b1e9def6a8ad
1788609452616563700	646	1	phase_loop[645]	1788609452606350	8785	6c765231e944bcea	1c78b1e9def6a8ad
1788609452626164082	647	1	phase_loop[646]	1788609452616805	8333	c4d1147cf894fa8a	1c78b1e9def6a8ad
1788609452636024788	648	1	phase_loop[647]	1788609452626383	8761	3a19667607d29f05	1c78b1e9def6a8ad
1788609452645907827	649	1	phase_loop[648]	1788609452636237	8901	2fd20f6b4b3f67f7	1c78b1e9def6a8ad
1788609452655771549	650	1	phase_loop[649]	1788609452646098	9038	d36dfbe54e0b7ed5	1c78b1e9def6a8ad
1788609452666095353	651	1	phase_loop[650]	1788609452655990	9153	da11a03d897a5d68	1c78b1e9def6a8ad
1788609452675955718	652	1	phase_loop[651]	1788609452666330	8809	3cecd9906fb762fc	1c78b1e9def6a8ad
1788609452685909711	653	1	phase_loop[652]	1788609452676149	8991	1e6094f8e38a2338	1c78b1e9def6a8ad
1788609452695928036	654	1	phase_loop[653]	1788609452686102	9037	6f71e9f000e088f5	1c78b1e9def6a8ad
1788609452705996426	655	1	phase_loop[654]	1788609452696166	8974	1e11c7a48973594f	1c78b1e9def6a8ad
1788609452715843937	656	1	phase_loop[655]	1788609452706192	8945	9bf656a43fd64857	1c78b1e9def6a8ad
1788609452725917667	657	1	phase_loop[656]	1788609452716037	9101	99f85c01938bccd1	1c78b1e9def6a8ad
1788609452735924701	658	1	phase_loop[657]	1788609452726107	9033	1aa404f2d4ec59da	1c78b1e9def6a8ad
1788609452745981088	659	1	phase_loop[658]	1788609452736138	9004	1230374d8a83f8d2	1c78b1e9def6a8ad
1788609452755841213	660	1	phase_loop[659]	1788609452746188	8979	5b6be6f35560256c	1c78b1e9def6a8ad
1788609452766337033	661	1	phase_loop[660]	1788609452756029	9112	9c27586f6f654744	1c78b1e9def6a8ad
1788609452775945191	662	1	phase_loop[661]	1788609452766594	8546	90fbd0f8c0eaab34	1c78b1e9def6a8ad
1788609452785785288	663	1	phase_loop[662]	1788609452776135	9001	5af5c1a56897dcb8	1c78b1e9def6a8ad
1788609452795948187	664	1	phase_loop[663]	1788609452785989	9150	4f8b1847492ab5a5	1c78b1e9def6a8ad
1788609452805955130	665	1	phase_loop[664]	1788609452796182	8958	a2758045577a3381	1c78b1e9def6a8ad
1788609452815932167	666	1	phase_loop[665]	1788609452806149	8990	06a10459c5ff31b9	1c78b1e9def6a8ad
1788609452825929262	667	1	phase_loop[666]	1788609452816120	9020	20483f41531bb81c	1c78b1e9def6a8ad
1788609452836048578	668	1	phase_loop[667]	1788609452826131	9009	229e40671a8b3948	1c78b1e9def6a8ad
1788609452845918101	669	1	phase_loop[668]	1788609452836325	8815	17176823322b22f2	1c78b1e9def6a8ad
1788609452855968547	670	1	phase_loop[669]	1788609452846115	9025	ae27f6f95d1d3d35	1c78b1e9def6a8ad
1788609452866103483	671	1	phase_loop[670]	1788609452856171	8971	9fc52e92b740093c	1c78b1e9def6a8ad
1788609452875957386	672	1	phase_loop[671]	1788609452866339	8802	14d2b537778ed0df	1c78b1e9def6a8ad
1788609452885778297	673	1	phase_loop[672]	1788609452876149	8987	3ac832f4696180c8	1c78b1e9def6a8ad
1788609452895945073	674	1	phase_loop[673]	1788609452886001	9138	7bd2923b0cca1324	1c78b1e9def6a8ad
1788609452905923362	675	1	phase_loop[674]	1788609452896186	8955	a28a3024bf66b1ee	1c78b1e9def6a8ad
1788609452915937710	676	1	phase_loop[675]	1788609452906117	9021	17860dea1055a2b0	1c78b1e9def6a8ad
1788609452926012211	677	1	phase_loop[676]	1788609452916188	8953	84d4c2218fe9a263	1c78b1e9def6a8ad
1788609452935935165	678	1	phase_loop[677]	1788609452926228	8912	7b22a271abaa8d3b	1c78b1e9def6a8ad
1788609452945950485	679	1	phase_loop[678]	1788609452936141	8999	59b83e9250bc5d8f	1c78b1e9def6a8ad
1788609452955762819	680	1	phase_loop[679]	1788609452946156	8980	04a8739397098be1	1c78b1e9def6a8ad
1788609452966059832	681	1	phase_loop[680]	1788609452956002	9140	f44664cb4712f6a9	1c78b1e9def6a8ad
1788609452975995851	682	1	phase_loop[681]	1788609452966304	8836	4df216d44f84b53c	1c78b1e9def6a8ad
1788609452985941729	683	1	phase_loop[682]	1788609452976193	8945	ec051945d3f4a4b6	1c78b1e9def6a8ad
1788609452995909067	684	1	phase_loop[683]	1788609452986127	9013	e9c35e6e9f2ed9a1	1c78b1e9def6a8ad
1788609453006012002	685	1	phase_loop[684]	1788609452996145	8997	99c039aa21e556d5	1c78b1e9def6a8ad
1788609453015774732	686	1	phase_loop[685]	1788609453006220	8916	96ff92f5464ac482	1c78b1e9def6a8ad
1788609453025926861	687	1	phase_loop[686]	1788609453015980	9158	2ca4c0bd157e181f	1c78b1e9def6a8ad
1788609453035972908	688	1	phase_loop[687]	1788609453026122	9018	089f784d332fd9c0	1c78b1e9def6a8ad
1788609453045917103	689	1	phase_loop[688]	1788609453036185	8955	a93a787c5c66df96	1c78b1e9def6a8ad
1788609453055789180	690	1	phase_loop[689]	1788609453046115	9021	9ea164f9c0dee031	1c78b1e9def6a8ad
1788609453066411751	691	1	phase_loop[690]	1788609453055989	9153	d2dd1d6094723fcd	1c78b1e9def6a8ad
1788609453075953412	692	1	phase_loop[691]	1788609453066672	8469	f4bb5ce2bcd6debc	1c78b1e9def6a8ad
1788609453085874211	693	1	phase_loop[692]	1788609453076152	9024	1b38988f57446f1f	1c78b1e9def6a8ad
1788609453095961026	694	1	phase_loop[693]	1788609453086079	9059	5400bd5442ecffc0	1c78b1e9def6a8ad
1788609453105978700	695	1	phase_loop[694]	1788609453096197	8946	dae7e06e30b2c875	1c78b1e9def6a8ad
1788609453115926861	696	1	phase_loop[695]	1788609453106187	8951	5b3457b05b150d98	1c78b1e9def6a8ad
1788609453125905401	697	1	phase_loop[696]	1788609453116119	9021	18071b7fbcc10c3a	1c78b1e9def6a8ad
1788609453136037982	698	1	phase_loop[697]	1788609453126099	9047	a55077e054152870	1c78b1e9def6a8ad
1788609453145975834	699	1	phase_loop[698]	1788609453136264	8876	1a19b131eb715b18	1c78b1e9def6a8ad
1788609453155883299	700	1	phase_loop[699]	1788609453146168	8969	04e3b7d02b69a30e	1c78b1e9def6a8ad
1788609453166090271	701	1	phase_loop[700]	1788609453156078	9064	92b76c6e7ca8eefb	1c78b1e9def6a8ad
1788609453175932372	702	1	phase_loop[701]	1788609453166331	8809	ce26f2ac60494357	1c78b1e9def6a8ad
1788609453185779452	703	1	phase_loop[702]	1788609453176120	9016	1fbc06b1b47d8c1d	1c78b1e9def6a8ad
1788609453195933184	704	1	phase_loop[703]	1788609453186004	9135	6ff51c92b179af74	1c78b1e9def6a8ad
1788609453205952751	705	1	phase_loop[704]	1788609453196159	8981	78668cd3d378c981	1c78b1e9def6a8ad
1788609453215931100	706	1	phase_loop[705]	1788609453206150	8992	da5cf598931cbd33	1c78b1e9def6a8ad
1788609453225905521	707	1	phase_loop[706]	1788609453216121	9020	16b5b861eecf8f1f	1c78b1e9def6a8ad
1788609453235976827	708	1	phase_loop[707]	1788609453226101	9043	83480d49914ca661	1c78b1e9def6a8ad
1788609453245992406	709	1	phase_loop[708]	1788609453236186	8951	47b41be60c262747	1c78b1e9def6a8ad
1788609453255984972	710	1	phase_loop[709]	1788609453246193	8945	d3ac2ae0f66d2b0d	1c78b1e9def6a8ad
1788609453265912936	711	1	phase_loop[710]	1788609453256207	8934	8405a6138e5e91c3	1c78b1e9def6a8ad
1788609453276072027	712	1	phase_loop[711]	1788609453266104	9038	1e20ac390eefd5ab	1c78b1e9def6a8ad
1788609453285978089	713	1	phase_loop[712]	1788609453276279	8860	0fc9948bcf957619	1c78b1e9def6a8ad
1788609453295997025	714	1	phase_loop[713]	1788609453286175	8963	2adff9fcafd783e4	1c78b1e9def6a8ad
1788609453305973310	715	1	phase_loop[714]	1788609453296256	8884	f36bd6905e713fac	1c78b1e9def6a8ad
1788609453315829848	716	1	phase_loop[715]	1788609453306168	8968	3884308b800abe8f	1c78b1e9def6a8ad
1788609453325960406	717	1	phase_loop[716]	1788609453316016	9123	85ce70a06466b653	1c78b1e9def6a8ad
1788609453335913106	718	1	phase_loop[717]	1788609453326161	8979	438b09da5bcc3d03	1c78b1e9def6a8ad
1788609453345957941	719	1	phase_loop[718]	1788609453336124	9015	4ed6a89cc8ceb685	1c78b1e9def6a8ad
1788609453355796345	720	1	phase_loop[719]	1788609453346150	8985	c9dec358f1ee1d50	1c78b1e9def6a8ad
1788609453365939346	721	1	phase_loop[720]	1788609453356000	9141	5c49d5837efed466	1c78b1e9def6a8ad
1788609453375953563	722	1	phase_loop[721]	1788609453366166	8973	e7035086a4d9628f	1c78b1e9def6a8ad
1788609453385854235	723	1	phase_loop[722]	1788609453376146	8990	f07a399a1d3ecee7	1c78b1e9def6a8ad
1788609453395939416	724	1	phase_loop[723]	1788609453386043	9097	67b25fcc515da6b5	1c78b1e9def6a8ad
1788609453406068180	725	1	phase_loop[724]	1788609453396180	8967	1f5b4ec4fd569dde	1c78b1e9def6a8ad
1788609453416036961	726	1	phase_loop[725]	1788609453406298	8884	e528688b00b3d8d1	1c78b1e9def6a8ad
1788609453425934207	727	1	phase_loop[726]	1788609453416225	8918	c52365fe083ed973	1c78b1e9def6a8ad
1788609453436088539	728	1	phase_loop[727]	1788609453426144	9004	d17c873a432e4621	1c78b1e9def6a8ad
1788609453445937102	729	1	phase_loop[728]	1788609453436310	8830	f15b71148200eab1	1c78b1e9def6a8ad
1788609453455828937	730	1	phase_loop[729]	1788609453446136	9001	fdd820d6ab860e73	1c78b1e9def6a8ad
1788609453466115370	731	1	phase_loop[730]	1788609453456018	9123	31386dbe79433a82	1c78b1e9def6a8ad
1788609453475944356	732	1	phase_loop[731]	1788609453466367	8774	2fe3ae2efdab16c5	1c78b1e9def6a8ad
1788609453485871578	733	1	phase_loop[732]	1788609453476140	8996	af48135e5a88bb97	1c78b1e9def6a8ad
1788609453495938415	734	1	phase_loop[733]	1788609453486073	9066	b5682530359a8bc4	1c78b1e9def6a8ad
1788609453506015751	735	1	phase_loop[734]	1788609453496134	9005	adb142a944b17e17	1c78b1e9def6a8ad
1788609453515931512	736	1	phase_loop[735]	1788609453506229	8910	2a30a22ac34d5b29	1c78b1e9def6a8ad
1788609453525919499	737	1	phase_loop[736]	1788609453516123	9017	bb47b63d3ce7d0ac	1c78b1e9def6a8ad
1788609453535946781	738	1	phase_loop[737]	1788609453526122	9019	66a5cd8d720dbe22	1c78b1e9def6a8ad
1788609453545917535	739	1	phase_loop[738]	1788609453536154	8984	62a626698254ced3	1c78b1e9def6a8ad
1788609453555962651	740	1	phase_loop[739]	1788609453546102	9037	f58eb181f064e9e7	1c78b1e9def6a8ad
1788609453566092207	741	1	phase_loop[740]	1788609453556194	8946	96b23e485cb4d6d2	1c78b1e9def6a8ad
1788609453575970696	742	1	phase_loop[741]	1788609453566334	8806	fbb1dfb77d162e15	1c78b1e9def6a8ad
1788609453585924659	743	1	phase_loop[742]	1788609453576208	8930	ac1dc7223874fb31	1c78b1e9def6a8ad
1788609453595938275	744	1	phase_loop[743]	1788609453586114	9025	6a3c1535a773e95d	1c78b1e9def6a8ad
1788609453605953313	745	1	phase_loop[744]	1788609453596181	8961	ebd2b7ac965fffd7	1c78b1e9def6a8ad
1788609453615753885	746	1	phase_loop[745]	1788609453606143	8994	b7f70d947a277c66	1c78b1e9def6a8ad
1788609453625940710	747	1	phase_loop[746]	1788609453615954	9186	fd56ea1158122f53	1c78b1e9def6a8ad
1788609453635905884	748	1	phase_loop[747]	1788609453626142	9000	51896186f8720c2a	1c78b1e9def6a8ad
1788609453646000633	749	1	phase_loop[748]	1788609453636116	9024	1acd39d47c08c6c2	1c78b1e9def6a8ad
1788609453655786698	750	1	phase_loop[749]	1788609453646190	8946	71912c3ba9bdfc14	1c78b1e9def6a8ad
1788609453666064925	751	1	phase_loop[750]	1788609453656003	9139	2b79f6078656e40f	1c78b1e9def6a8ad
1788609453675991376	752	1	phase_loop[751]	1788609453666308	8831	52bb067859e58846	1c78b1e9def6a8ad
1788609453685792779	753	1	phase_loop[752]	1788609453676185	8952	c6c8329e34a59071	1c78b1e9def6a8ad
1788609453695925942	754	1	phase_loop[753]	1788609453685992	9147	40cfa28652c04b79	1c78b1e9def6a8ad
1788609453705998029	755	1	phase_loop[754]	1788609453696157	8983	ea38ee8069030c62	1c78b1e9def6a8ad
1788609453715853605	756	1	phase_loop[755]	1788609453706230	8908	715b69a6d76a85ef	1c78b1e9def6a8ad
1788609453726129277	757	1	phase_loop[756]	1788609453716061	9080	96fbdc0396b3b9f9	1c78b1e9def6a8ad
1788609453735970877	758	1	phase_loop[757]	1788609453726365	8781	493de14278274fae	1c78b1e9def6a8ad
1788609453745957472	759	1	phase_loop[758]	1788609453736184	9000	f0bd45a19f61b3ef	1c78b1e9def6a8ad
1788609453755771088	760	1	phase_loop[759]	1788609453746146	8991	061631366f0cc4e4	1c78b1e9def6a8ad
1788609453766079704	761	1	phase_loop[760]	1788609453755964	9178	0da0adaacf5dc0c4	1c78b1e9def6a8ad
1788609453775952462	762	1	phase_loop[761]	1788609453766324	8817	ee34f0150a226118	1c78b1e9def6a8ad
1788609453785898240	763	1	phase_loop[762]	1788609453776145	8992	90dadae6247f0b5b	1c78b1e9def6a8ad
1788609453795939157	764	1	phase_loop[763]	1788609453786087	9054	3bf96d34319cb5e7	1c78b1e9def6a8ad
1788609453806039638	765	1	phase_loop[764]	1788609453796141	8999	fe31e2ff0195199b	1c78b1e9def6a8ad
1788609453815931904	766	1	phase_loop[765]	1788609453806237	8902	0811743ccdc1bada	1c78b1e9def6a8ad
1788609453825955639	767	1	phase_loop[766]	1788609453816119	9021	90ba0b049a68a1bc	1c78b1e9def6a8ad
1788609453835988581	768	1	phase_loop[767]	1788609453826147	8993	59223d9f2fc74479	1c78b1e9def6a8ad
1788609453845926844	769	1	phase_loop[768]	1788609453836217	8922	b39124b4ba8c9d89	1c78b1e9def6a8ad
1788609453855927235	770	1	phase_loop[769]	1788609453846121	9019	f2f702f860670888	1c78b1e9def6a8ad
1788609453866206995	771	1	phase_loop[770]	1788609453856125	9017	d95795f877f900a1	1c78b1e9def6a8ad
1788609453876122545	772	1	phase_loop[771]	1788609453866445	8695	3e414d413eb67ce6	1c78b1e9def6a8ad
1788609453885947513	773	1	phase_loop[772]	1788609453876353	8786	04788ca81bac8779	1c78b1e9def6a8ad
1788609453895936823	774	1	phase_loop[773]	1788609453886147	8992	ef6e9bcb4393eb71	1c78b1e9def6a8ad
1788609453905952613	775	1	phase_loop[774]	1788609453896174	8965	0c9309c876e79706	1c78b1e9def6a8ad
1788609453915895084	776	1	phase_loop[775]	1788609453906152	8984	13a1aa220ce696ee	1c78b1e9def6a8ad
1788609453925925442	777	1	phase_loop[776]	1788609453916091	9048	a02c3bc794236baa	1c78b1e9def6a8ad
1788609453935956841	778	1	phase_loop[777]	1788609453926119	9021	adf92d11d884c4d1	1c78b1e9def6a8ad
1788609453945908029	779	1	phase_loop[778]	1788609453936159	8982	e5eef17aff2f79f3	1c78b1e9def6a8ad
1788609453955853105	780	1	phase_loop[779]	1788609453946098	9037	f6f978df731fbc0d	1c78b1e9def6a8ad
1788609453966677748	781	1	phase_loop[780]	1788609453956051	9089	15a0fb38d48c0517	1c78b1e9def6a8ad
1788609453975928418	782	1	phase_loop[781]	1788609453966916	8225	13efb3adfb055b5f	1c78b1e9def6a8ad
1788609453985829530	783	1	phase_loop[782]	1788609453976123	9014	114bead368dda89b	1c78b1e9def6a8ad
1788609453995972762	784	1	phase_loop[783]	1788609453986023	9116	e3c16f1727034986	1c78b1e9def6a8ad
1788609454005948335	785	1	phase_loop[784]	1788609453996210	8932	e7fb6ed961d33597	1c78b1e9def6a8ad
1788609454015834179	786	1	phase_loop[785]	1788609454006138	8999	0677d9cb8025797c	1c78b1e9def6a8ad
1788609454026074384	787	1	phase_loop[786]	1788609454016028	9114	680af07188be5734	1c78b1e9def6a8ad
1788609454036021614	788	1	phase_loop[787]	1788609454026307	8835	4a7986834b656877	1c78b1e9def6a8ad
1788609454046066509	789	1	phase_loop[788]	1788609454036236	8903	cdcbf65eb46247ff	1c78b1e9def6a8ad
1788609454055763885	790	1	phase_loop[789]	1788609454046270	8867	128bc4d28455a0e4	1c78b1e9def6a8ad
1788609454066060076	791	1	phase_loop[790]	1788609454055960	9182	4f269f3ede11aa3b	1c78b1e9def6a8ad
1788609454076008518	792	1	phase_loop[791]	1788609454066288	8901	35b377f77f8d940b	1c78b1e9def6a8ad
1788609454085863163	793	1	phase_loop[792]	1788609454076202	8934	99f9072a09a1c9c0	1c78b1e9def6a8ad
1788609454095938746	794	1	phase_loop[793]	1788609454086058	9082	af4012aa257e3875	1c78b1e9def6a8ad
1788609454105939447	795	1	phase_loop[794]	1788609454096164	8976	49d1f9fe36b14b29	1c78b1e9def6a8ad
1788609454115840690	796	1	phase_loop[795]	1788609454106131	9005	7557da30739be6c2	1c78b1e9def6a8ad
1788609454125941521	797	1	phase_loop[796]	1788609454116031	9108	c6792a04e74e1a76	1c78b1e9def6a8ad
1788609454136019669	798	1	phase_loop[797]	1788609454126139	9006	2dd7de58f0e39ee5	1c78b1e9def6a8ad
1788609454145929127	799	1	phase_loop[798]	1788609454136256	8884	4046298705ddfe1a	1c78b1e9def6a8ad
1788609454155940098	800	1	phase_loop[799]	1788609454146127	9012	9e5d77b2975933fb	1c78b1e9def6a8ad
1788609454165910461	801	1	phase_loop[800]	1788609454156137	9003	22f737b2f9a57953	1c78b1e9def6a8ad
1788609454175913216	802	1	phase_loop[801]	1788609454166103	9037	e70e2b7ca8981944	1c78b1e9def6a8ad
1788609454185870696	803	1	phase_loop[802]	1788609454176114	9024	36d084398ddaf4eb	1c78b1e9def6a8ad
1788609454195864133	804	1	phase_loop[803]	1788609454186060	9078	af60f952b4589d6b	1c78b1e9def6a8ad
1788609454205875234	805	1	phase_loop[804]	1788609454196050	9087	44c81112f97e4538	1c78b1e9def6a8ad
1788609454216218485	806	1	phase_loop[805]	1788609454206080	9061	fa2d96ec370550ff	1c78b1e9def6a8ad
1788609454226049254	807	1	phase_loop[806]	1788609454216469	8673	3c20e50d17a58149	1c78b1e9def6a8ad
1788609454235982226	808	1	phase_loop[807]	1788609454226295	8844	4a7951cfc3b03715	1c78b1e9def6a8ad
1788609454245942110	809	1	phase_loop[808]	1788609454236219	8919	93c42bc12b203f4f	1c78b1e9def6a8ad
1788609454255780784	810	1	phase_loop[809]	1788609454246135	9002	f5d5f2921aec2098	1c78b1e9def6a8ad
1788609454266136318	811	1	phase_loop[810]	1788609454255998	9142	93e01ab9310dc162	1c78b1e9def6a8ad
1788609454275945797	812	1	phase_loop[811]	1788609454266379	8762	00bb241cd87b58b8	1c78b1e9def6a8ad
1788609454285963620	813	1	phase_loop[812]	1788609454276134	9005	0249a56e630fb4cc	1c78b1e9def6a8ad
1788609454296013565	814	1	phase_loop[813]	1788609454286156	8983	f35617383b567570	1c78b1e9def6a8ad
1788609454306045996	815	1	phase_loop[814]	1788609454296216	8924	a838b4e81f2c88d5	1c78b1e9def6a8ad
1788609454315950265	816	1	phase_loop[815]	1788609454306285	8856	d97ec2b072af7682	1c78b1e9def6a8ad
1788609454325922552	817	1	phase_loop[816]	1788609454316147	8993	731adc0072b02b9d	1c78b1e9def6a8ad
1788609454335986443	818	1	phase_loop[817]	1788609454326117	9024	11602bf43f836ce3	1c78b1e9def6a8ad
1788609454345925287	819	1	phase_loop[818]	1788609454336201	8938	0f98ac83a42e3fff	1c78b1e9def6a8ad
1788609454355774711	820	1	phase_loop[819]	1788609454346115	9020	4f7b3d713ec9d87b	1c78b1e9def6a8ad
1788609454367645999	821	1	phase_loop[820]	1788609454355980	9163	5986360b9deb632a	1c78b1e9def6a8ad
1788609454376007001	822	1	phase_loop[821]	1788609454367963	7178	ecc48aabd251524a	1c78b1e9def6a8ad
1788609454385833963	823	1	phase_loop[822]	1788609454376212	8925	bb9339d68f8274ed	1c78b1e9def6a8ad
1788609454395923062	824	1	phase_loop[823]	1788609454386045	9094	11bcd5489ca57488	1c78b1e9def6a8ad
1788609454405996711	825	1	phase_loop[824]	1788609454396160	9027	533968c7a81dd563	1c78b1e9def6a8ad
1788609454415785741	826	1	phase_loop[825]	1788609454406193	8943	8d01f49346c08d2d	1c78b1e9def6a8ad
1788609454425929754	827	1	phase_loop[826]	1788609454415990	9150	bbc23d141ac6948e	1c78b1e9def6a8ad
1788609454436180569	828	1	phase_loop[827]	1788609454426127	9015	0d1005f4f9f5bc42	1c78b1e9def6a8ad
1788609454446011419	829	1	phase_loop[828]	1788609454436421	8719	22896280703c2ea7	1c78b1e9def6a8ad
1788609454455938039	830	1	phase_loop[829]	1788609454446208	8932	ca5bbd9944245b59	1c78b1e9def6a8ad
1788609454466065962	831	1	phase_loop[830]	1788609454456132	9011	69a3ba055ca7ee7a	1c78b1e9def6a8ad
1788609454475931076	832	1	phase_loop[831]	1788609454466305	8835	f6905c128fbd5ef3	1c78b1e9def6a8ad
1788609454485873907	833	1	phase_loop[832]	1788609454476121	9016	4deaade2da187126	1c78b1e9def6a8ad
1788609454495916077	834	1	phase_loop[833]	1788609454486066	9074	ba42ec462ce4ac7b	1c78b1e9def6a8ad
1788609454505951274	835	1	phase_loop[834]	1788609454496140	9001	d867686f3e22cefe	1c78b1e9def6a8ad
1788609454515917349	836	1	phase_loop[835]	1788609454506141	8998	60099d399998846d	1c78b1e9def6a8ad
1788609454525986250	837	1	phase_loop[836]	1788609454516151	8987	564abf56f7dc7e93	1c78b1e9def6a8ad
1788609454536103352	838	1	phase_loop[837]	1788609454526194	8946	4006e0ff92a65ff0	1c78b1e9def6a8ad
1788609454545944490	839	1	phase_loop[838]	1788609454536370	8770	27384fa0e76173e0	1c78b1e9def6a8ad
1788609454555892772	840	1	phase_loop[839]	1788609454546133	9002	cf4b33b31c7f93a9	1c78b1e9def6a8ad
1788609454567503826	841	1	phase_loop[840]	1788609454556077	9063	f5b4857ed26ef074	1c78b1e9def6a8ad
1788609454575961923	842	1	phase_loop[841]	1788609454567759	7382	43d7589b0932033d	1c78b1e9def6a8ad
1788609454585921536	843	1	phase_loop[842]	1788609454576155	8984	019f7ac22014ce60	1c78b1e9def6a8ad
1788609454595926285	844	1	phase_loop[843]	1788609454586116	9023	e5ab75728ab75d20	1c78b1e9def6a8ad
1788609454606013691	845	1	phase_loop[844]	1788609454596190	8952	0646bb0a3f996eb0	1c78b1e9def6a8ad
1788609454615771541	846	1	phase_loop[845]	1788609454606210	8925	3e6fd10badc4f94c	1c78b1e9def6a8ad
1788609454625929861	847	1	phase_loop[846]	1788609454615981	9158	b9ba33a4adf0053f	1c78b1e9def6a8ad
1788609454635943788	848	1	phase_loop[847]	1788609454626125	9016	6528a801a22b9207	1c78b1e9def6a8ad
1788609454645895326	849	1	phase_loop[848]	1788609454636155	8984	c6f9a98b4502de62	1c78b1e9def6a8ad
1788609454655770439	850	1	phase_loop[849]	1788609454646089	9047	aec84ad989264bac	1c78b1e9def6a8ad
1788609454667352759	851	1	phase_loop[850]	1788609454655986	9154	25c8bafb58283766	1c78b1e9def6a8ad
1788609454675987720	852	1	phase_loop[851]	1788609454667596	7546	4f09937b9b3f1f75	1c78b1e9def6a8ad
1788609454685958375	853	1	phase_loop[852]	1788609454676178	8963	a6aa9d4153b86bf4	1c78b1e9def6a8ad
1788609454695930211	854	1	phase_loop[853]	1788609454686195	8945	7fec0ad9c2f406c9	1c78b1e9def6a8ad
1788609454705986728	855	1	phase_loop[854]	1788609454696173	8969	2e7691b7e454fa3a	1c78b1e9def6a8ad
1788609454715736273	856	1	phase_loop[855]	1788609454706176	8959	479c8adfecce8fd4	1c78b1e9def6a8ad
1788609454725933096	857	1	phase_loop[856]	1788609454715941	9198	287af5726e6a5947	1c78b1e9def6a8ad
1788609454736083481	858	1	phase_loop[857]	1788609454726136	9059	80efb2e0299a192d	1c78b1e9def6a8ad
1788609454745918478	859	1	phase_loop[858]	1788609454736296	8842	91de8c38df7c798c	1c78b1e9def6a8ad
1788609454755938806	860	1	phase_loop[859]	1788609454746109	9031	55e6f5ab38c86f64	1c78b1e9def6a8ad
1788609454766182488	861	1	phase_loop[860]	1788609454756127	9014	ae31475063499ac7	1c78b1e9def6a8ad
1788609454775934969	862	1	phase_loop[861]	1788609454766431	8710	333f858ee141c436	1c78b1e9def6a8ad
1788609454785798069	863	1	phase_loop[862]	1788609454776118	9018	84b5126484540240	1c78b1e9def6a8ad
1788609454795954906	864	1	phase_loop[863]	1788609454785991	9148	5ca1f5f432707518	1c78b1e9def6a8ad
1788609454805954646	865	1	phase_loop[864]	1788609454796192	8948	00e81ec514d3a495	1c78b1e9def6a8ad
1788609454815962991	866	1	phase_loop[865]	1788609454806150	8992	8a3cc21c79dfc492	1c78b1e9def6a8ad
1788609454825902356	867	1	phase_loop[866]	1788609454816155	8984	89181b75dd54bd88	1c78b1e9def6a8ad
1788609454836308576	868	1	phase_loop[867]	1788609454826097	9045	56d05fa1ed326e4b	1c78b1e9def6a8ad
1788609454846038003	869	1	phase_loop[868]	1788609454836578	8564	3de4656ccb67f750	1c78b1e9def6a8ad
1788609454855787869	870	1	phase_loop[869]	1788609454846236	8900	046245f32ee49790	1c78b1e9def6a8ad
1788609454866089280	871	1	phase_loop[870]	1788609454855983	9158	cdca45f20addd979	1c78b1e9def6a8ad
1788609454876082227	872	1	phase_loop[871]	1788609454866317	8824	1127fa317f20c400	1c78b1e9def6a8ad
1788609454885897807	873	1	phase_loop[872]	1788609454876298	8842	3c0a2b98a19a6804	1c78b1e9def6a8ad
1788609454895931601	874	1	phase_loop[873]	1788609454886090	9050	002d1459bda84bc3	1c78b1e9def6a8ad
1788609454905972127	875	1	phase_loop[874]	1788609454896169	8972	720ba35c7f1db70d	1c78b1e9def6a8ad
1788609454915893889	876	1	phase_loop[875]	1788609454906225	8914	ed2af24360fc980e	1c78b1e9def6a8ad
1788609454926004639	877	1	phase_loop[876]	1788609454916085	9055	0d0d08277d095440	1c78b1e9def6a8ad
1788609454936442789	878	1	phase_loop[877]	1788609454926205	8935	6127710970f62082	1c78b1e9def6a8ad
1788609454945916221	879	1	phase_loop[878]	1788609454936711	8428	930db51d740bf986	1c78b1e9def6a8ad
1788609454955815229	880	1	phase_loop[879]	1788609454946105	9031	e369aa54f720d5bc	1c78b1e9def6a8ad
1788609454966111922	881	1	phase_loop[880]	1788609454956008	9133	b02820bacc42cbf3	1c78b1e9def6a8ad
1788609454975946257	882	1	phase_loop[881]	1788609454966356	8783	4c94c489409523b3	1c78b1e9def6a8ad
1788609454985995230	883	1	phase_loop[882]	1788609454976141	8999	22d21b444079b321	1c78b1e9def6a8ad
1788609454995929205	884	1	phase_loop[883]	1788609454986213	8927	9b65b837adf7d20d	1c78b1e9def6a8ad
1788609455006119255	885	1	phase_loop[884]	1788609454996160	8980	c0fb5330ce30058c	1c78b1e9def6a8ad
1788609455015754593	886	1	phase_loop[885]	1788609455006324	8812	b1b23464583b8e4f	1c78b1e9def6a8ad
1788609455025906471	887	1	phase_loop[886]	1788609455015959	9182	1a5500f90bd9b01e	1c78b1e9def6a8ad
1788609455036096411	888	1	phase_loop[887]	1788609455026117	9028	3300aa8a91e55063	1c78b1e9def6a8ad
1788609455045967115	889	1	phase_loop[888]	1788609455036342	8798	74e10dd1ebc085ba	1c78b1e9def6a8ad
1788609455055929243	890	1	phase_loop[889]	1788609455046161	8980	b15c8df94c417620	1c78b1e9def6a8ad
1788609455066053097	891	1	phase_loop[890]	1788609455056124	9064	e782f224c4e0fbef	1c78b1e9def6a8ad
1788609455075941516	892	1	phase_loop[891]	1788609455066280	8862	978f228905580189	1c78b1e9def6a8ad
1788609455085848679	893	1	phase_loop[892]	1788609455076136	9001	7f2b43b38714f03a	1c78b1e9def6a8ad
1788609455095932668	894	1	phase_loop[893]	1788609455086037	9104	4919c47705e529b5	1c78b1e9def6a8ad
1788609455105940092	895	1	phase_loop[894]	1788609455096133	9007	0613965ab77e0cbe	1c78b1e9def6a8ad
1788609455115946684	896	1	phase_loop[895]	1788609455106137	9004	46eed793ced14e8a	1c78b1e9def6a8ad
1788609455125917989	897	1	phase_loop[896]	1788609455116134	9005	2e02057f29959970	1c78b1e9def6a8ad
1788609455135986910	898	1	phase_loop[897]	1788609455126111	9031	cc952a69d70d913f	1c78b1e9def6a8ad
1788609455145916907	899	1	phase_loop[898]	1788609455136227	8911	a1eeb49c24dcb73b	1c78b1e9def6a8ad
1788609455155899613	900	1	phase_loop[899]	1788609455146105	9032	d9e41474754de217	1c78b1e9def6a8ad
1788609455166152523	901	1	phase_loop[900]	1788609455156100	9041	3c1b5f471c5e58a6	1c78b1e9def6a8ad
1788609455176054617	902	1	phase_loop[901]	1788609455166399	8744	d42776712ed80be4	1c78b1e9def6a8ad
1788609455185919520	903	1	phase_loop[902]	1788609455176285	8855	6c57d45f8557d747	1c78b1e9def6a8ad
1788609455195991156	904	1	phase_loop[903]	1788609455186110	9029	0d7a0bd4e57f024d	1c78b1e9def6a8ad
1788609455205992458	905	1	phase_loop[904]	1788609455196245	8897	e06d509201077b48	1c78b1e9def6a8ad
1788609455215788060	906	1	phase_loop[905]	1788609455206186	8951	ddcdb3cc5a489ee8	1c78b1e9def6a8ad
1788609455225926192	907	1	phase_loop[906]	1788609455215997	9143	1a18692adb555a1f	1c78b1e9def6a8ad
1788609455235922284	908	1	phase_loop[907]	1788609455226117	9025	a0d0895caa0812c9	1c78b1e9def6a8ad
1788609455246048854	909	1	phase_loop[908]	1788609455236124	9014	08454ad497806eb8	1c78b1e9def6a8ad
1788609455255792617	910	1	phase_loop[909]	1788609455246252	8884	e88a7fc422788a4a	1c78b1e9def6a8ad
1788609455266084851	911	1	phase_loop[910]	1788609455256002	9139	3c825a82f64c26be	1c78b1e9def6a8ad
1788609455275950887	912	1	phase_loop[911]	1788609455266320	8820	0410a00ba22405de	1c78b1e9def6a8ad
1788609455285941799	913	1	phase_loop[912]	1788609455276146	8994	45b56e021cad9fa4	1c78b1e9def6a8ad
1788609455295920869	914	1	phase_loop[913]	1788609455286130	9010	aaee2c9a11c09475	1c78b1e9def6a8ad
1788609455305961736	915	1	phase_loop[914]	1788609455296119	9023	557e82c91f31f26a	1c78b1e9def6a8ad
1788609455315940546	916	1	phase_loop[915]	1788609455306177	8964	d83205522cc58cde	1c78b1e9def6a8ad
1788609455325934073	917	1	phase_loop[916]	1788609455316133	9008	87f700bf68c3ade3	1c78b1e9def6a8ad
1788609455336086742	918	1	phase_loop[917]	1788609455326172	8970	8cabfd0c262fb69d	1c78b1e9def6a8ad
1788609455345961725	919	1	phase_loop[918]	1788609455336334	8806	f37f93b0ccdba8c0	1c78b1e9def6a8ad
1788609455355943210	920	1	phase_loop[919]	1788609455346166	8974	e0943ab82924fa8d	1c78b1e9def6a8ad
1788609455366074398	921	1	phase_loop[920]	1788609455356134	9007	33db09c2148ee9aa	1c78b1e9def6a8ad
1788609455375947196	922	1	phase_loop[921]	1788609455366325	8815	3d33df481d2b53f2	1c78b1e9def6a8ad
1788609455385830615	923	1	phase_loop[922]	1788609455376143	8993	275c99bbe33a8a18	1c78b1e9def6a8ad
1788609455395947416	924	1	phase_loop[923]	1788609455386021	9159	cc53c483faf093b6	1c78b1e9def6a8ad
1788609455405975118	925	1	phase_loop[924]	1788609455396146	8994	e03df952cb9ceb1c	1c78b1e9def6a8ad
1788609455415971561	926	1	phase_loop[925]	1788609455406168	8971	45dbf3a765b6ede2	1c78b1e9def6a8ad
1788609455425932717	927	1	phase_loop[926]	1788609455416160	8980	42f6b3bd5afa2b1e	1c78b1e9def6a8ad
1788609455436037927	928	1	phase_loop[927]	1788609455426132	9008	6600b80221564206	1c78b1e9def6a8ad
1788609455445934570	929	1	phase_loop[928]	1788609455436254	8885	6ac34421457073b9	1c78b1e9def6a8ad
1788609455455927857	930	1	phase_loop[929]	1788609455446127	9011	c0da6fef1012b1c1	1c78b1e9def6a8ad
1788609455466039268	931	1	phase_loop[930]	1788609455456163	8978	6c20bcbddd5fcde8	1c78b1e9def6a8ad
1788609455475939609	932	1	phase_loop[931]	1788609455466275	8864	441802875eb0922f	1c78b1e9def6a8ad
1788609455486011475	933	1	phase_loop[932]	1788609455476176	8962	7c9dee6e7c6aa437	1c78b1e9def6a8ad
1788609455496023527	934	1	phase_loop[933]	1788609455486217	8922	5bfa9888a63d5d39	1c78b1e9def6a8ad
1788609455506061429	935	1	phase_loop[934]	1788609455496320	8820	4a8a99e0604dc03f	1c78b1e9def6a8ad
1788609455516033055	936	1	phase_loop[935]	1788609455506292	8848	4b13b5255a839bb1	1c78b1e9def6a8ad
1788609455525933255	937	1	phase_loop[936]	1788609455516229	8910	54d3a68c2bd16922	1c78b1e9def6a8ad
1788609455535954796	938	1	phase_loop[937]	1788609455526129	9010	d9fc65232369d303	1c78b1e9def6a8ad
1788609455545909219	939	1	phase_loop[938]	1788609455536166	8973	04be990c930f2f7b	1c78b1e9def6a8ad
1788609455555878610	940	1	phase_loop[939]	1788609455546107	9030	0c93ff33430be6de	1c78b1e9def6a8ad
1788609455566081385	941	1	phase_loop[940]	1788609455556069	9072	5c18ae572e69200c	1c78b1e9def6a8ad
1788609455575933634	942	1	phase_loop[941]	1788609455566337	8804	616cfbf4a679e0e2	1c78b1e9def6a8ad
1788609455585945526	943	1	phase_loop[942]	1788609455576128	9013	a58e4d5dcb85956f	1c78b1e9def6a8ad
1788609455595935267	944	1	phase_loop[943]	1788609455586141	8997	0835bc240c822f58	1c78b1e9def6a8ad
1788609455605967507	945	1	phase_loop[944]	1788609455596163	8977	0ae4012e7610c9d2	1c78b1e9def6a8ad
1788609455615769762	946	1	phase_loop[945]	1788609455606162	8973	f6def28d5b0db570	1c78b1e9def6a8ad
1788609455625995069	947	1	phase_loop[946]	1788609455615966	9175	8129e6facc09f344	1c78b1e9def6a8ad
1788609455635906751	948	1	phase_loop[947]	1788609455626267	8877	604b3ba3c6df7406	1c78b1e9def6a8ad
1788609455645925536	949	1	phase_loop[948]	1788609455636119	9023	952a096f989408aa	1c78b1e9def6a8ad
1788609455655907111	950	1	phase_loop[949]	1788609455646164	8976	30624a0f3a1e6140	1c78b1e9def6a8ad
1788609455666185409	951	1	phase_loop[950]	1788609455656096	9045	e3cd0a022d4c61ca	1c78b1e9def6a8ad
1788609455675960632	952	1	phase_loop[951]	1788609455666434	8707	a1abd3d0147ff8d8	1c78b1e9def6a8ad
1788609455685782253	953	1	phase_loop[952]	1788609455676148	8988	b200c45ca26b1646	1c78b1e9def6a8ad
1788609455695921938	954	1	phase_loop[953]	1788609455686001	9138	8425a8960d916657	1c78b1e9def6a8ad
1788609455705956173	955	1	phase_loop[954]	1788609455696128	9010	9c268197884b3e22	1c78b1e9def6a8ad
1788609455715930684	956	1	phase_loop[955]	1788609455706141	8999	80d0aa9348398d4f	1c78b1e9def6a8ad
1788609455725982322	957	1	phase_loop[956]	1788609455716119	9064	2fa3f26b9342fae9	1c78b1e9def6a8ad
1788609455736139960	958	1	phase_loop[957]	1788609455726181	8959	539c28757f5340f6	1c78b1e9def6a8ad
1788609455745895276	959	1	phase_loop[958]	1788609455736377	8762	364fb0da51a70fb6	1c78b1e9def6a8ad
1788609455755779626	960	1	phase_loop[959]	1788609455746085	9051	25ae249c9d1a1480	1c78b1e9def6a8ad
1788609455766050730	961	1	phase_loop[960]	1788609455755973	9168	a667f337a9bb3121	1c78b1e9def6a8ad
1788609455775978292	962	1	phase_loop[961]	1788609455766303	8837	fb1c36da82697350	1c78b1e9def6a8ad
1788609455785816585	963	1	phase_loop[962]	1788609455776183	8953	1cdcb7294a81e519	1c78b1e9def6a8ad
1788609455796123807	964	1	phase_loop[963]	1788609455786061	9078	b6719007b3fffe13	1c78b1e9def6a8ad
1788609455805977450	965	1	phase_loop[964]	1788609455796434	8705	faf27a1c1d1a0735	1c78b1e9def6a8ad
1788609455815965016	966	1	phase_loop[965]	1788609455806199	8943	fb0d7db54b55844d	1c78b1e9def6a8ad
1788609455825941892	967	1	phase_loop[966]	1788609455816220	8920	63902ce3175d0707	1c78b1e9def6a8ad
1788609455836411001	968	1	phase_loop[967]	1788609455826140	8999	37d8b5baa37b9923	1c78b1e9def6a8ad
1788609455845921843	969	1	phase_loop[968]	1788609455836656	8483	c9970a74d162a3a8	1c78b1e9def6a8ad
1788609455855783460	970	1	phase_loop[969]	1788609455846116	9020	3ad25772278a7334	1c78b1e9def6a8ad
1788609455866097345	971	1	phase_loop[970]	1788609455856026	9113	a3dcf7b238f575c4	1c78b1e9def6a8ad
1788609455875939976	972	1	phase_loop[971]	1788609455866334	8806	1f8423c2828e5985	1c78b1e9def6a8ad
1788609455885973610	973	1	phase_loop[972]	1788609455876134	9005	7ec7ca771239cb2c	1c78b1e9def6a8ad
1788609455895929866	974	1	phase_loop[973]	1788609455886167	8971	f38575e0965a92e8	1c78b1e9def6a8ad
1788609455905946257	975	1	phase_loop[974]	1788609455896164	8975	0eceb84bdd218b04	1c78b1e9def6a8ad
1788609455915775163	976	1	phase_loop[975]	1788609455906144	8992	2faf10d2d2538967	1c78b1e9def6a8ad
1788609455925997213	977	1	phase_loop[976]	1788609455915983	9156	73c5b57d65c16753	1c78b1e9def6a8ad
1788609455935960503	978	1	phase_loop[977]	1788609455926195	8946	18ac62dc0a3cc542	1c78b1e9def6a8ad
1788609455945933812	979	1	phase_loop[978]	1788609455936180	8960	6d42e42b899f1e41	1c78b1e9def6a8ad
1788609455955844082	980	1	phase_loop[979]	1788609455946157	8980	f5f04292877fa7fa	1c78b1e9def6a8ad
1788609455966117219	981	1	phase_loop[980]	1788609455956045	9098	3e63fa663bdb2206	1c78b1e9def6a8ad
1788609455975976011	982	1	phase_loop[981]	1788609455966376	8765	3ea561c86e9b3440	1c78b1e9def6a8ad
1788609455985872966	983	1	phase_loop[982]	1788609455976169	8966	f2c9a9be7412c51c	1c78b1e9def6a8ad
1788609455995951674	984	1	phase_loop[983]	1788609455986071	9069	f71ee28c12322a24	1c78b1e9def6a8ad
1788609456005944330	985	1	phase_loop[984]	1788609455996188	8952	adfb74bf02e7c5bc	1c78b1e9def6a8ad
1788609456015913631	986	1	phase_loop[985]	1788609456006137	9003	c1a119fdb72be291	1c78b1e9def6a8ad
1788609456025910725	987	1	phase_loop[986]	1788609456016105	9035	5f4561c942acfc53	1c78b1e9def6a8ad
1788609456035957514	988	1	phase_loop[987]	1788609456026107	9034	2c42f144be701dae	1c78b1e9def6a8ad
1788609456046005043	989	1	phase_loop[988]	1788609456036168	8970	fa79577ae90b847c	1c78b1e9def6a8ad
1788609456055956651	990	1	phase_loop[989]	1788609456046193	8992	a8673b24f72c442f	1c78b1e9def6a8ad
1788609456065971328	991	1	phase_loop[990]	1788609456056149	8992	1872f39c499585bf	1c78b1e9def6a8ad
1788609456075951841	992	1	phase_loop[991]	1788609456066177	8963	c60f7d97eb2bbb13	1c78b1e9def6a8ad
1788609456085928566	993	1	phase_loop[992]	1788609456076187	8955	66c8cd7f2cd8026d	1c78b1e9def6a8ad
1788609456095950968	994	1	phase_loop[993]	1788609456086116	9025	4715d477117d824f	1c78b1e9def6a8ad
1788609456105944846	995	1	phase_loop[994]	1788609456096153	8987	fdee3e29b1503fed	1c78b1e9def6a8ad
1788609456115782989	996	1	phase_loop[995]	1788609456106136	9000	46534ee6fa2f7f1a	1c78b1e9def6a8ad
1788609456126037460	997	1	phase_loop[996]	1788609456116010	9129	f04fc2dbef5babe0	1c78b1e9def6a8ad
1788609456136117652	998	1	phase_loop[997]	1788609456126262	8880	5285d4407e67a1c9	1c78b1e9def6a8ad
1788609456145909086	999	1	phase_loop[998]	1788609456136392	8749	e5be33c8e45943e0	1c78b1e9def6a8ad
1788609456156058338	1000	1	phase_loop[999]	1788609456146108	9029	ab6bd148fc24c057	1c78b1e9def6a8ad
1788609456166065892	1001	1	phase_loop[1000]	1788609456156278	8862	1a5133fb913fe194	1c78b1e9def6a8ad
1788609456175943971	1002	1	phase_loop[1001]	1788609456166310	8831	697907e9647ec3b6	1c78b1e9def6a8ad
1788609456185854020	1003	1	phase_loop[1002]	1788609456176143	8994	08f47f446883db6a	1c78b1e9def6a8ad
1788609456195970400	1004	1	phase_loop[1003]	1788609456186046	9094	ecfab119d8ab5ae7	1c78b1e9def6a8ad
1788609456206100366	1005	1	phase_loop[1004]	1788609456196225	8916	e4280cd1e3472128	1c78b1e9def6a8ad
1788609456215776812	1006	1	phase_loop[1005]	1788609456206302	8834	516e83d6c536faa4	1c78b1e9def6a8ad
1788609456226041363	1007	1	phase_loop[1006]	1788609456215970	9169	b4f67beb60c2c0ee	1c78b1e9def6a8ad
1788609456235967723	1008	1	phase_loop[1007]	1788609456226245	8897	14aee6220fe5e1a4	1c78b1e9def6a8ad
1788609456245922667	1009	1	phase_loop[1008]	1788609456236172	8970	fb5899968275af86	1c78b1e9def6a8ad
1788609456255873533	1010	1	phase_loop[1009]	1788609456246116	9022	8e22733791045f69	1c78b1e9def6a8ad
1788609456266023086	1011	1	phase_loop[1010]	1788609456256057	9084	dc312ac9e6bf1b22	1c78b1e9def6a8ad
1788609456275951179	1012	1	phase_loop[1011]	1788609456266250	8892	941dc4eca6fd5830	1c78b1e9def6a8ad
1788609456285980003	1013	1	phase_loop[1012]	1788609456276151	8989	92aedd8ddf8f90fa	1c78b1e9def6a8ad
1788609456296026150	1014	1	phase_loop[1013]	1788609456286209	8933	41ab9a1b1136aefd	1c78b1e9def6a8ad
1788609456306000621	1015	1	phase_loop[1014]	1788609456296296	8844	01435fbd0ea03213	1c78b1e9def6a8ad
1788609456315921531	1016	1	phase_loop[1015]	1788609456306220	8919	47d540ef2cf8510e	1c78b1e9def6a8ad
1788609456325903115	1017	1	phase_loop[1016]	1788609456316113	9023	6b5767e901228100	1c78b1e9def6a8ad
1788609456336088406	1018	1	phase_loop[1017]	1788609456326094	9050	78474ef3625cb7dc	1c78b1e9def6a8ad
1788609456346040064	1019	1	phase_loop[1018]	1788609456336345	8794	b2a2adeed7052be3	1c78b1e9def6a8ad
1788609456355939713	1020	1	phase_loop[1019]	1788609456346275	8864	e04ddfdc4a580e11	1c78b1e9def6a8ad
1788609456366403773	1021	1	phase_loop[1020]	1788609456356136	9008	ae09635a4b63fb81	1c78b1e9def6a8ad
1788609456376026256	1022	1	phase_loop[1021]	1788609456366743	8396	37f322e6b9af5f97	1c78b1e9def6a8ad
1788609456385983966	1023	1	phase_loop[1022]	1788609456376330	8811	8b66b00bf27e37af	1c78b1e9def6a8ad
1788609456395964037	1024	1	phase_loop[1023]	1788609456386228	8954	a857f71e5ca4e45a	1c78b1e9def6a8ad
1788609456406066722	1025	1	phase_loop[1024]	1788609456396167	8972	f9761004d7e1aa34	1c78b1e9def6a8ad
1788609456415787762	1026	1	phase_loop[1025]	1788609456406306	8830	4482706d2dd0d423	1c78b1e9def6a8ad
1788609456425932296	1027	1	phase_loop[1026]	1788609456415999	9141	2ceb6c670e22acda	1c78b1e9def6a8ad
1788609456436183772	1028	1	phase_loop[1027]	1788609456426128	9013	12632cfdc3482060	1c78b1e9def6a8ad
1788609456446065167	1029	1	phase_loop[1028]	1788609456436451	8690	5520ef621cff3f7e	1c78b1e9def6a8ad
1788609456456042934	1030	1	phase_loop[1029]	1788609456446288	8853	5760b71f3e2e21c0	1c78b1e9def6a8ad
1788609456466084262	1031	1	phase_loop[1030]	1788609456456283	8857	7ab3cd85aa982eb4	1c78b1e9def6a8ad
1788609456476009820	1032	1	phase_loop[1031]	1788609456466318	8822	93dff40a44473d15	1c78b1e9def6a8ad
1788609456485826402	1033	1	phase_loop[1032]	1788609456476213	8923	cb3c69c788975336	1c78b1e9def6a8ad
1788609456495979892	1034	1	phase_loop[1033]	1788609456486015	9125	1c29104377ac2f43	1c78b1e9def6a8ad
1788609456507735039	1035	1	phase_loop[1034]	1788609456496265	8873	62bc1f09447557c8	1c78b1e9def6a8ad
1788609456515981745	1036	1	phase_loop[1035]	1788609456508071	7069	183af2e7eb3205bd	1c78b1e9def6a8ad
1788609456526387433	1037	1	phase_loop[1036]	1788609456516245	8895	80c7d4e98585a85a	1c78b1e9def6a8ad
1788609456536082605	1038	1	phase_loop[1037]	1788609456526696	8448	9afe4816c7245713	1c78b1e9def6a8ad
1788609456545945054	1039	1	phase_loop[1038]	1788609456536318	8821	b20e3a3fffa6f70f	1c78b1e9def6a8ad
1788609456555922300	1040	1	phase_loop[1039]	1788609456546146	8993	68f49ec157da03b9	1c78b1e9def6a8ad
1788609456568046307	1041	1	phase_loop[1040]	1788609456556130	9011	6ac283bab4862b29	1c78b1e9def6a8ad
1788609456576079056	1042	1	phase_loop[1041]	1788609456568295	6845	e9fea9115db64494	1c78b1e9def6a8ad
1788609456586446693	1043	1	phase_loop[1042]	1788609456576324	8816	41e61c2364d8afc1	1c78b1e9def6a8ad
1788609456596189014	1044	1	phase_loop[1043]	1788609456586689	8456	45ad67a03cd281fb	1c78b1e9def6a8ad
1788609456607008958	1045	1	phase_loop[1044]	1788609456596442	8700	cb2e0f0cf17ac007	1c78b1e9def6a8ad
1788609456615939089	1046	1	phase_loop[1045]	1788609456607298	7842	b737da2615d0ee1d	1c78b1e9def6a8ad
1788609456625953997	1047	1	phase_loop[1046]	1788609456616136	9006	7045525943fec75c	1c78b1e9def6a8ad
1788609456635902689	1048	1	phase_loop[1047]	1788609456626221	8919	5e28817ca8fac531	1c78b1e9def6a8ad
1788609456645918328	1049	1	phase_loop[1048]	1788609456636102	9037	7359eb5caac8e9c6	1c78b1e9def6a8ad
1788609456656057521	1050	1	phase_loop[1049]	1788609456646128	9015	dd914da802a239b0	1c78b1e9def6a8ad
1788609456665963493	1051	1	phase_loop[1050]	1788609456656293	8847	90c491b153a2b456	1c78b1e9def6a8ad
1788609456677631484	1052	1	phase_loop[1051]	1788609456666209	8932	30ca05e39cf10ea7	1c78b1e9def6a8ad
1788609456686292786	1053	1	phase_loop[1052]	1788609456677930	7210	8be9fefa97da41ea	1c78b1e9def6a8ad
1788609456697217408	1054	1	phase_loop[1053]	1788609456686524	8616	f69d2004057bc194	1c78b1e9def6a8ad
1788609456706028925	1055	1	phase_loop[1054]	1788609456697524	7617	254eab5def028bd6	1c78b1e9def6a8ad
1788609456717202279	1056	1	phase_loop[1055]	1788609456706235	8906	93781380908547c4	1c78b1e9def6a8ad
1788609456727162994	1057	1	phase_loop[1056]	1788609456717436	7746	b87c2dc3724f6b77	1c78b1e9def6a8ad
1788609456736132309	1058	1	phase_loop[1057]	1788609456727486	7655	bc3b10d7e0d9e36a	1c78b1e9def6a8ad
1788609456747090134	1059	1	phase_loop[1058]	1788609456736359	8781	d546e53776de56ac	1c78b1e9def6a8ad
1788609456756074879	1060	1	phase_loop[1059]	1788609456747330	7811	1f6d8b37267f97b1	1c78b1e9def6a8ad
1788609456768370811	1061	1	phase_loop[1060]	1788609456756326	8815	6a91594661b654c2	1c78b1e9def6a8ad
1788609456776929007	1062	1	phase_loop[1061]	1788609456768613	6526	b4eef884b451d905	1c78b1e9def6a8ad
1788609456786155520	1063	1	phase_loop[1062]	1788609456777170	7969	96e63b6ae579df0f	1c78b1e9def6a8ad
1788609456800617520	1064	1	phase_loop[1063]	1788609456786361	8780	8fee3282fbbbc42f	1c78b1e9def6a8ad
1788609456807380111	1065	1	phase_loop[1064]	1788609456800858	4283	52410dcaeb111e0d	1c78b1e9def6a8ad
1788609456815952574	1066	1	phase_loop[1065]	1788609456807644	7496	66dadb3a77740b07	1c78b1e9def6a8ad
1788609456825970558	1067	1	phase_loop[1066]	1788609456816156	8982	f8772703e98c0828	1c78b1e9def6a8ad
1788609456838998728	1068	1	phase_loop[1067]	1788609456826169	8969	c31e008da42f5e55	1c78b1e9def6a8ad
1788609456845990184	1069	1	phase_loop[1068]	1788609456839254	5885	30eee1bab2ecf7c1	1c78b1e9def6a8ad
1788609456855921974	1070	1	phase_loop[1069]	1788609456846200	8938	3561f6a8025b431e	1c78b1e9def6a8ad
1788609456866088279	1071	1	phase_loop[1070]	1788609456856115	9024	a69a610e0e0c67f6	1c78b1e9def6a8ad
1788609456875960125	1072	1	phase_loop[1071]	1788609456866333	8805	bd1174b20cf3ee59	1c78b1e9def6a8ad
1788609456887122980	1073	1	phase_loop[1072]	1788609456876162	8981	8911b53208a57e6c	1c78b1e9def6a8ad
1788609456895992706	1074	1	phase_loop[1073]	1788609456887350	7789	a7f3081324e4348c	1c78b1e9def6a8ad
1788609456906530966	1075	1	phase_loop[1074]	1788609456896264	8877	c255465164e5ae93	1c78b1e9def6a8ad
1788609456916010679	1076	1	phase_loop[1075]	1788609456906765	8375	9ede41842e4e70f5	1c78b1e9def6a8ad
1788609456926033612	1077	1	phase_loop[1076]	1788609456916216	8923	66525640b06658b3	1c78b1e9def6a8ad
1788609456936014936	1078	1	phase_loop[1077]	1788609456926246	8894	476d66c6e331b6c6	1c78b1e9def6a8ad
1788609456946045143	1079	1	phase_loop[1078]	1788609456936266	8874	96dd904ed3793e3b	1c78b1e9def6a8ad
1788609456955930455	1080	1	phase_loop[1079]	1788609456946279	8861	6a2c0635a7f12986	1c78b1e9def6a8ad
1788609456966118010	1081	1	phase_loop[1080]	1788609456956138	9003	28db55964eaa9a36	1c78b1e9def6a8ad
1788609456976363665	1082	1	phase_loop[1081]	1788609456966359	8790	4969382cde74cbc5	1c78b1e9def6a8ad
1788609456985958597	1083	1	phase_loop[1082]	1788609456976722	8416	9bc39346fc3b74b6	1c78b1e9def6a8ad
1788609456996260479	1084	1	phase_loop[1083]	1788609456986270	8875	8cb4ac5895c3c281	1c78b1e9def6a8ad
1788609457005969707	1085	1	phase_loop[1084]	1788609456996530	8609	39f932dd30a135c9	1c78b1e9def6a8ad
1788609457015972121	1086	1	phase_loop[1085]	1788609457006202	8937	ce673374b8071ff0	1c78b1e9def6a8ad
1788609457025942975	1087	1	phase_loop[1086]	1788609457016195	8946	214054388eb2768f	1c78b1e9def6a8ad
1788609457039457217	1088	1	phase_loop[1087]	1788609457026144	8997	f8adfafe64d83183	1c78b1e9def6a8ad
1788609457046109659	1089	1	phase_loop[1088]	1788609457039755	5400	dec0751e111c3faa	1c78b1e9def6a8ad
1788609457056267929	1090	1	phase_loop[1089]	1788609457046406	8817	b4e804adbc558f53	1c78b1e9def6a8ad
1788609457067225493	1091	1	phase_loop[1090]	1788609457056518	8641	ddea69cd6901e258	1c78b1e9def6a8ad
1788609457076748058	1092	1	phase_loop[1091]	1788609457067460	7693	b0f084e8316ff8e6	1c78b1e9def6a8ad
1788609457085945335	1093	1	phase_loop[1092]	1788609457077097	8042	5a267fd810c83f91	1c78b1e9def6a8ad
1788609457096430354	1094	1	phase_loop[1093]	1788609457086163	8976	2bec8d7e63375435	1c78b1e9def6a8ad
1788609457106284717	1095	1	phase_loop[1094]	1788609457096693	8450	2201eb1f442c80ae	1c78b1e9def6a8ad
1788609457116038409	1096	1	phase_loop[1095]	1788609457106594	8545	7c4db036e2af6caa	1c78b1e9def6a8ad
1788609457125969298	1097	1	phase_loop[1096]	1788609457116241	8897	a8ae37a2d9b3fc1d	1c78b1e9def6a8ad
1788609457136028770	1098	1	phase_loop[1097]	1788609457126173	8966	a02f3ba187d96ae6	1c78b1e9def6a8ad
1788609457146035822	1099	1	phase_loop[1098]	1788609457136253	8886	d7dd61c87c62c3a6	1c78b1e9def6a8ad
1788609457156111896	1100	1	phase_loop[1099]	1788609457146293	8856	104c4e1caa170d05	1c78b1e9def6a8ad
1788609457165930311	1101	1	phase_loop[1100]	1788609457156329	8810	9fe8687ac29aed1f	1c78b1e9def6a8ad
1788609457177052588	1102	1	phase_loop[1101]	1788609457166142	8998	d654f3ccf968ee05	1c78b1e9def6a8ad
1788609457186025730	1103	1	phase_loop[1102]	1788609457177316	7824	f5f44f0ee7d8dd88	1c78b1e9def6a8ad
1788609457195924287	1104	1	phase_loop[1103]	1788609457186265	8873	b89fe0e1f9ca9415	1c78b1e9def6a8ad
1788609457205930438	1105	1	phase_loop[1104]	1788609457196162	8976	b9ac9100e6bd3d00	1c78b1e9def6a8ad
1788609457215964663	1106	1	phase_loop[1105]	1788609457206143	8996	85b42d5d883eb86d	1c78b1e9def6a8ad
1788609457225914116	1107	1	phase_loop[1106]	1788609457216160	8980	88b7a3d6b9377a5e	1c78b1e9def6a8ad
1788609457235992334	1108	1	phase_loop[1107]	1788609457226114	9030	5570c76d3879a02c	1c78b1e9def6a8ad
1788609457246034924	1109	1	phase_loop[1108]	1788609457236194	8947	9e5136ee4d52fbf2	1c78b1e9def6a8ad
1788609457256002662	1110	1	phase_loop[1109]	1788609457246261	8877	447cca33c2f52d22	1c78b1e9def6a8ad
1788609457267250888	1111	1	phase_loop[1110]	1788609457256213	8928	9c3ee07a839d5fc4	1c78b1e9def6a8ad
1788609457275950562	1112	1	phase_loop[1111]	1788609457267488	7652	d68b2edc677d17c1	1c78b1e9def6a8ad
1788609457285773205	1113	1	phase_loop[1112]	1788609457276150	8985	5173ddc0ea8549bd	1c78b1e9def6a8ad
1788609457295953195	1114	1	phase_loop[1113]	1788609457286011	9127	9ede21b2eded0fc6	1c78b1e9def6a8ad
1788609457306020422	1115	1	phase_loop[1114]	1788609457296188	8951	f4e020bd7710a613	1c78b1e9def6a8ad
1788609457315947633	1116	1	phase_loop[1115]	1788609457306251	8888	6c6317e84ee9fc3f	1c78b1e9def6a8ad
1788609457326007897	1117	1	phase_loop[1116]	1788609457316144	8995	ea90b07eb1703671	1c78b1e9def6a8ad
1788609457336016563	1118	1	phase_loop[1117]	1788609457326204	8936	ead18c7527782da8	1c78b1e9def6a8ad
1788609457345940898	1119	1	phase_loop[1118]	1788609457336279	8862	4340d5a47ba4358e	1c78b1e9def6a8ad
1788609457355941379	1120	1	phase_loop[1119]	1788609457346134	9006	327ea7ad6890cdb5	1c78b1e9def6a8ad
1788609457366040726	1121	1	phase_loop[1120]	1788609457356132	9007	8a8041f9ac33e581	1c78b1e9def6a8ad
1788609457375965964	1122	1	phase_loop[1121]	1788609457366272	8869	ec925ad66d5cbe97	1c78b1e9def6a8ad
1788609457385909576	1123	1	phase_loop[1122]	1788609457376161	9025	4a2dacea4b9ef52f	1c78b1e9def6a8ad
1788609457396069579	1124	1	phase_loop[1123]	1788609457386102	9037	8405526dc85b52e1	1c78b1e9def6a8ad
1788609457406063026	1125	1	phase_loop[1124]	1788609457396374	8765	f617d0ae79184b87	1c78b1e9def6a8ad
1788609457416170138	1126	1	phase_loop[1125]	1788609457406267	8874	c70b30500a23b0b0	1c78b1e9def6a8ad
1788609457425916477	1127	1	phase_loop[1126]	1788609457416446	8693	23959fd0b583ede5	1c78b1e9def6a8ad
1788609457436101056	1128	1	phase_loop[1127]	1788609457426112	9029	fea40ea70a2e15c0	1c78b1e9def6a8ad
1788609457445930662	1129	1	phase_loop[1128]	1788609457436320	8818	a83f8ffe2f7d0eff	1c78b1e9def6a8ad
1788609457455743096	1130	1	phase_loop[1129]	1788609457446123	9011	5503b86a8775843b	1c78b1e9def6a8ad
1788609457466099721	1131	1	phase_loop[1130]	1788609457455961	9179	a08c55b8b6dc74a4	1c78b1e9def6a8ad
1788609457475942312	1132	1	phase_loop[1131]	1788609457466334	8807	df23910b581f654d	1c78b1e9def6a8ad
1788609457485926762	1133	1	phase_loop[1132]	1788609457476137	9004	31709fc3b9b41bc7	1c78b1e9def6a8ad
1788609457495939586	1134	1	phase_loop[1133]	1788609457486119	9020	701cbe67359cc0e5	1c78b1e9def6a8ad
1788609457505985211	1135	1	phase_loop[1134]	1788609457496179	8960	4f848e9fd213c3fd	1c78b1e9def6a8ad
1788609457515790071	1136	1	phase_loop[1135]	1788609457506211	8925	ac4aef172b94cef4	1c78b1e9def6a8ad
1788609457525930456	1137	1	phase_loop[1136]	1788609457516015	9126	341755da488f5b25	1c78b1e9def6a8ad
1788609457535955463	1138	1	phase_loop[1137]	1788609457526126	9013	cfaf5dba15f6f829	1c78b1e9def6a8ad
1788609457545967926	1139	1	phase_loop[1138]	1788609457536174	8966	5dcad779367f2aac	1c78b1e9def6a8ad
1788609457555782884	1140	1	phase_loop[1139]	1788609457546192	8944	f04b7a2384614aaf	1c78b1e9def6a8ad
1788609457567426329	1141	1	phase_loop[1140]	1788609457555998	9144	543e92f39d3258a6	1c78b1e9def6a8ad
1788609457576003060	1142	1	phase_loop[1141]	1788609457567669	7473	448f929b4e96ffc0	1c78b1e9def6a8ad
1788609457585881269	1143	1	phase_loop[1142]	1788609457576210	8928	0a71294b6dfbac49	1c78b1e9def6a8ad
1788609457595944748	1144	1	phase_loop[1143]	1788609457586071	9067	d839e9f05f34e7cd	1c78b1e9def6a8ad
1788609457605959696	1145	1	phase_loop[1144]	1788609457596178	8963	cf0961de2de39749	1c78b1e9def6a8ad
1788609457615971638	1146	1	phase_loop[1145]	1788609457606162	8978	959d1c4061cca76b	1c78b1e9def6a8ad
1788609457625926061	1147	1	phase_loop[1146]	1788609457616162	8977	342704738c7500a3	1c78b1e9def6a8ad
1788609457635963551	1148	1	phase_loop[1147]	1788609457626124	9019	02b443139e35b766	1c78b1e9def6a8ad
1788609457646032010	1149	1	phase_loop[1148]	1788609457636171	8970	8d8aae539211ed0d	1c78b1e9def6a8ad
1788609457655915118	1150	1	phase_loop[1149]	1788609457646233	8907	bae7d2cba14710f4	1c78b1e9def6a8ad
1788609457666064911	1151	1	phase_loop[1150]	1788609457656105	9035	4964cb6b5238d99c	1c78b1e9def6a8ad
1788609457675927230	1152	1	phase_loop[1151]	1788609457666322	8818	f7b52dd9e82da31a	1c78b1e9def6a8ad
1788609457685762787	1153	1	phase_loop[1152]	1788609457676111	9025	228e8adbb3f0df54	1c78b1e9def6a8ad
1788609457695951614	1154	1	phase_loop[1153]	1788609457685983	9157	c0dc7903c960912e	1c78b1e9def6a8ad
1788609457705960460	1155	1	phase_loop[1154]	1788609457696191	8949	a7c09203e0472634	1c78b1e9def6a8ad
1788609457716042475	1156	1	phase_loop[1155]	1788609457706153	9028	e41b8e3994d61329	1c78b1e9def6a8ad
1788609457725947194	1157	1	phase_loop[1156]	1788609457716278	8862	1c73e9411f06eda4	1c78b1e9def6a8ad
1788609457735953024	1158	1	phase_loop[1157]	1788609457726166	8974	daf9ef1e32f4fc9d	1c78b1e9def6a8ad
1788609457745935280	1159	1	phase_loop[1158]	1788609457736163	8975	f3e3dd6c80ed68e9	1c78b1e9def6a8ad
1788609457755767591	1160	1	phase_loop[1159]	1788609457746124	9012	78f02e6cc97d7c60	1c78b1e9def6a8ad
1788609457766042592	1161	1	phase_loop[1160]	1788609457755977	9163	ad504672c60ad436	1c78b1e9def6a8ad
1788609457775989811	1162	1	phase_loop[1161]	1788609457766283	8859	a1f33c2fe1b708c4	1c78b1e9def6a8ad
1788609457785918966	1163	1	phase_loop[1162]	1788609457776182	8957	edc8af21a654ff29	1c78b1e9def6a8ad
1788609457795919456	1164	1	phase_loop[1163]	1788609457786112	9027	75507be61d555e95	1c78b1e9def6a8ad
1788609457805994057	1165	1	phase_loop[1164]	1788609457796153	8985	89e22b67bff16dc8	1c78b1e9def6a8ad
1788609457815793877	1166	1	phase_loop[1165]	1788609457806279	8858	4ad0510944bce001	1c78b1e9def6a8ad
1788609457825938250	1167	1	phase_loop[1166]	1788609457816001	9138	b802927167118659	1c78b1e9def6a8ad
1788609457835937368	1168	1	phase_loop[1167]	1788609457826130	9013	fc3ed43086bda879	1c78b1e9def6a8ad
1788609457845968546	1169	1	phase_loop[1168]	1788609457836146	8994	4384387e3b78da4b	1c78b1e9def6a8ad
1788609457855755271	1170	1	phase_loop[1169]	1788609457846163	8972	b861b5a21b394a15	1c78b1e9def6a8ad
1788609457867385912	1171	1	phase_loop[1170]	1788609457855949	9190	096edff6af4a30c0	1c78b1e9def6a8ad
1788609457875972932	1172	1	phase_loop[1171]	1788609457867627	7518	ac5ddf2beca8b41d	1c78b1e9def6a8ad
1788609457885734149	1173	1	phase_loop[1172]	1788609457876167	8967	bcadfa16ab1280c5	1c78b1e9def6a8ad
1788609457895981838	1174	1	phase_loop[1173]	1788609457885955	9184	147c59e790ccb521	1c78b1e9def6a8ad
1788609457906019499	1175	1	phase_loop[1174]	1788609457896217	8923	79c18316a20ec1c2	1c78b1e9def6a8ad
1788609457915918216	1176	1	phase_loop[1175]	1788609457906222	8917	0434c411f48097da	1c78b1e9def6a8ad
1788609457925926671	1177	1	phase_loop[1176]	1788609457916109	9030	b729615e60eecb46	1c78b1e9def6a8ad
1788609457936158229	1178	1	phase_loop[1177]	1788609457926118	9025	488907e5da343bee	1c78b1e9def6a8ad
1788609457945916991	1179	1	phase_loop[1178]	1788609457936379	8760	9e633d6d92c7be57	1c78b1e9def6a8ad
1788609457955738051	1180	1	phase_loop[1179]	1788609457946112	9023	5cd19d41a4d30ecd	1c78b1e9def6a8ad
1788609457966162786	1181	1	phase_loop[1180]	1788609457955937	9204	d075dd5daa6cf74d	1c78b1e9def6a8ad
1788609457975980900	1182	1	phase_loop[1181]	1788609457966400	8740	d7e382abf649c552	1c78b1e9def6a8ad
1788609457985758077	1183	1	phase_loop[1182]	1788609457976176	8959	79293e0f10eefc51	1c78b1e9def6a8ad
1788609457995946724	1184	1	phase_loop[1183]	1788609457985980	9159	9ead82d32982dd03	1c78b1e9def6a8ad
1788609458006007068	1185	1	phase_loop[1184]	1788609457996171	8970	db6f9b4b0480d899	1c78b1e9def6a8ad
1788609458015931694	1186	1	phase_loop[1185]	1788609458006272	8867	f51a54df22eee038	1c78b1e9def6a8ad
1788609458025900103	1187	1	phase_loop[1186]	1788609458016123	9016	aa17ebe49c33a210	1c78b1e9def6a8ad
1788609458035949937	1188	1	phase_loop[1187]	1788609458026104	9036	68252eb673e710a9	1c78b1e9def6a8ad
1788609458046009218	1189	1	phase_loop[1188]	1788609458036166	9018	430ca56c8982e0e5	1c78b1e9def6a8ad
1788609458055930027	1190	1	phase_loop[1189]	1788609458046207	8928	886d6035d277b2ee	1c78b1e9def6a8ad
1788609458066462486	1191	1	phase_loop[1190]	1788609458056165	8975	00acd753ac62983e	1c78b1e9def6a8ad
1788609458076026118	1192	1	phase_loop[1191]	1788609458066700	8440	54d35ca8112ac062	1c78b1e9def6a8ad
1788609458085959100	1193	1	phase_loop[1192]	1788609458076232	8908	dad887f6480f810a	1c78b1e9def6a8ad
1788609458095955753	1194	1	phase_loop[1193]	1788609458086149	8990	22e1e48391eaf48e	1c78b1e9def6a8ad
1788609458105949570	1195	1	phase_loop[1194]	1788609458096190	8951	67deb623eb1edec1	1c78b1e9def6a8ad
1788609458115770680	1196	1	phase_loop[1195]	1788609458106141	8995	a982c9abd7cdaa69	1c78b1e9def6a8ad
1788609458125976840	1197	1	phase_loop[1196]	1788609458115970	9171	1bdbc941268a6372	1c78b1e9def6a8ad
1788609458135936352	1198	1	phase_loop[1197]	1788609458126181	8960	0daea6bf68f3e137	1c78b1e9def6a8ad
1788609458145952422	1199	1	phase_loop[1198]	1788609458136140	9000	f5627f6378db1d92	1c78b1e9def6a8ad
1788609458155761229	1200	1	phase_loop[1199]	1788609458146142	8994	3ca661a556979c04	1c78b1e9def6a8ad
1788609458167046324	1201	1	phase_loop[1200]	1788609458155974	9165	3529e28897e9832f	1c78b1e9def6a8ad
1788609458175931700	1202	1	phase_loop[1201]	1788609458167300	7841	a1c4c48c422b3d7f	1c78b1e9def6a8ad
1788609458185797174	1203	1	phase_loop[1202]	1788609458176123	9012	94a2ee7ab8fc6e83	1c78b1e9def6a8ad
1788609458195907011	1204	1	phase_loop[1203]	1788609458186001	9137	c34a1c7def476665	1c78b1e9def6a8ad
1788609458206202882	1205	1	phase_loop[1204]	1788609458196144	8999	ed8cc06d56d0353e	1c78b1e9def6a8ad
1788609458215936906	1206	1	phase_loop[1205]	1788609458206430	8709	37bd42e24c4791e0	1c78b1e9def6a8ad
1788609458226012759	1207	1	phase_loop[1206]	1788609458216125	9015	c0c761a5fc9d82bd	1c78b1e9def6a8ad
1788609458236030983	1208	1	phase_loop[1207]	1788609458226229	8915	436c377a0fbf8442	1c78b1e9def6a8ad
1788609458245936333	1209	1	phase_loop[1208]	1788609458236241	8899	bb7b4df8f7edb68a	1c78b1e9def6a8ad
1788609458255755399	1210	1	phase_loop[1209]	1788609458246132	9004	36415387b8bcf0b6	1c78b1e9def6a8ad
1788609458266057511	1211	1	phase_loop[1210]	1788609458255967	9175	aa6aaf7085653f28	1c78b1e9def6a8ad
1788609458275945037	1212	1	phase_loop[1211]	1788609458266297	8841	bb14d83405998a14	1c78b1e9def6a8ad
1788609458285836480	1213	1	phase_loop[1212]	1788609458276140	8995	79f9ada363de8331	1c78b1e9def6a8ad
1788609458295914006	1214	1	phase_loop[1213]	1788609458286026	9113	6bb57d5024865f98	1c78b1e9def6a8ad
1788609458305958189	1215	1	phase_loop[1214]	1788609458296107	9034	f5c34550f9a2c954	1c78b1e9def6a8ad
1788609458315938791	1216	1	phase_loop[1215]	1788609458306159	8980	9dcd3371e79ca1ce	1c78b1e9def6a8ad
1788609458325928912	1217	1	phase_loop[1216]	1788609458316127	9013	cf16eb620c859ffa	1c78b1e9def6a8ad
1788609458336038769	1218	1	phase_loop[1217]	1788609458326129	9011	64d69fc5a0a3c6bf	1c78b1e9def6a8ad
1788609458345927487	1219	1	phase_loop[1218]	1788609458336252	8887	d404d4c3cc5bf63e	1c78b1e9def6a8ad
1788609458355970488	1220	1	phase_loop[1219]	1788609458346115	9025	350ea0fd998fd22e	1c78b1e9def6a8ad
1788609458365965077	1221	1	phase_loop[1220]	1788609458356207	8932	36991fdf9b01bea5	1c78b1e9def6a8ad
1788609458376075705	1222	1	phase_loop[1221]	1788609458366184	9000	882863d8c7617825	1c78b1e9def6a8ad
1788609458385904069	1223	1	phase_loop[1222]	1788609458376315	8825	3a6d913e0604e22d	1c78b1e9def6a8ad
1788609458396032953	1224	1	phase_loop[1223]	1788609458386104	9035	3a01ad1dba94bdc4	1c78b1e9def6a8ad
1788609458405955094	1225	1	phase_loop[1224]	1788609458396270	8869	e6f69caf06a9ba8b	1c78b1e9def6a8ad
1788609458415783137	1226	1	phase_loop[1225]	1788609458406149	8988	c450a770288eeb63	1c78b1e9def6a8ad
1788609458425928111	1227	1	phase_loop[1226]	1788609458415985	9153	9bed27630e93f45c	1c78b1e9def6a8ad
1788609458435973747	1228	1	phase_loop[1227]	1788609458426123	9019	96cf4b31ed2ce1e6	1c78b1e9def6a8ad
1788609458445953067	1229	1	phase_loop[1228]	1788609458436195	8945	01015c2834fa3a11	1c78b1e9def6a8ad
1788609458455784196	1230	1	phase_loop[1229]	1788609458446154	8983	67c1ec1813e9f291	1c78b1e9def6a8ad
1788609458466078984	1231	1	phase_loop[1230]	1788609458455979	9161	1ad9f0e7469be382	1c78b1e9def6a8ad
1788609458475916906	1232	1	phase_loop[1231]	1788609458466316	8825	bd5612bed31c9d79	1c78b1e9def6a8ad
1788609458485860037	1233	1	phase_loop[1232]	1788609458476131	9007	8363326662694558	1c78b1e9def6a8ad
1788609458495923236	1234	1	phase_loop[1233]	1788609458486048	9091	f37156278b59c744	1c78b1e9def6a8ad
1788609458505986355	1235	1	phase_loop[1234]	1788609458496155	8985	1d5a9aa73ad2ecbb	1c78b1e9def6a8ad
1788609458515860154	1236	1	phase_loop[1235]	1788609458506216	8921	112a5b165dd5b93c	1c78b1e9def6a8ad
1788609458526022742	1237	1	phase_loop[1236]	1788609458516057	9086	0d80895fec8199dc	1c78b1e9def6a8ad
1788609458536214244	1238	1	phase_loop[1237]	1788609458526256	8884	dfdc6405a3c2626a	1c78b1e9def6a8ad
1788609458545982173	1239	1	phase_loop[1238]	1788609458536481	8659	cdd796cf3ad89a83	1c78b1e9def6a8ad
1788609458555781241	1240	1	phase_loop[1239]	1788609458546176	8961	8cf0ad2e7089eac7	1c78b1e9def6a8ad
1788609458566062674	1241	1	phase_loop[1240]	1788609458556006	9134	582925e402f5c7a6	1c78b1e9def6a8ad
1788609458575955861	1242	1	phase_loop[1241]	1788609458566292	8847	49fdf0b0f04db6f6	1c78b1e9def6a8ad
1788609458585831334	1243	1	phase_loop[1242]	1788609458576153	8984	4b41a447ecf96fcf	1c78b1e9def6a8ad
1788609458595919240	1244	1	phase_loop[1243]	1788609458586020	9120	040afa81792a61e1	1c78b1e9def6a8ad
1788609458605923056	1245	1	phase_loop[1244]	1788609458596137	9004	42d67488f26f1518	1c78b1e9def6a8ad
1788609458615933545	1246	1	phase_loop[1245]	1788609458606134	9007	df15dc0659f9eef9	1c78b1e9def6a8ad
1788609458625933634	1247	1	phase_loop[1246]	1788609458616120	9021	e1a0179b8e6f95d8	1c78b1e9def6a8ad
1788609458635938312	1248	1	phase_loop[1247]	1788609458626132	9006	212336bd11c529ca	1c78b1e9def6a8ad
1788609458645901882	1249	1	phase_loop[1248]	1788609458636150	8989	89d0bec6e0d8e2b8	1c78b1e9def6a8ad
1788609458655945544	1250	1	phase_loop[1249]	1788609458646096	9045	318a44e8099a9c7f	1c78b1e9def6a8ad
1788609458666052145	1251	1	phase_loop[1250]	1788609458656146	8995	657a48a195f95c53	1c78b1e9def6a8ad
1788609458675986931	1252	1	phase_loop[1251]	1788609458666287	8854	c2089d17f286f4ac	1c78b1e9def6a8ad
1788609458685944299	1253	1	phase_loop[1252]	1788609458676226	8911	cd19e7d2411c6844	1c78b1e9def6a8ad
1788609458695947625	1254	1	phase_loop[1253]	1788609458686157	8983	b4c11a98e9b9871e	1c78b1e9def6a8ad
1788609458706014020	1255	1	phase_loop[1254]	1788609458696205	8980	269807c994605579	1c78b1e9def6a8ad
1788609458715873863	1256	1	phase_loop[1255]	1788609458706210	8927	ff11c274067f996f	1c78b1e9def6a8ad
1788609458725988950	1257	1	phase_loop[1256]	1788609458716079	9060	08cdd9f7bfcff0cb	1c78b1e9def6a8ad
1788609458735981956	1258	1	phase_loop[1257]	1788609458726184	8960	94896861d3e81cd9	1c78b1e9def6a8ad
1788609458745938503	1259	1	phase_loop[1258]	1788609458736195	8944	e0adb7f150b027ed	1c78b1e9def6a8ad
1788609458755824937	1260	1	phase_loop[1259]	1788609458746127	9009	34016fadac257a85	1c78b1e9def6a8ad
1788609458766136627	1261	1	phase_loop[1260]	1788609458756011	9130	6caa28b13594ddbf	1c78b1e9def6a8ad
1788609458775944552	1262	1	phase_loop[1261]	1788609458766381	8758	7e13f58849290ae4	1c78b1e9def6a8ad
1788609458785811268	1263	1	phase_loop[1262]	1788609458776148	8988	ab1e1055c2ebff38	1c78b1e9def6a8ad
1788609458795917088	1264	1	phase_loop[1263]	1788609458786026	9112	e69fa0ef643f312a	1c78b1e9def6a8ad
1788609458806085937	1265	1	phase_loop[1264]	1788609458796155	8989	2b212ae7679ae3cf	1c78b1e9def6a8ad
1788609458815771380	1266	1	phase_loop[1265]	1788609458806305	8832	719108252acd3a13	1c78b1e9def6a8ad
1788609458826042293	1267	1	phase_loop[1266]	1788609458815985	9155	65f3d062c7a78b07	1c78b1e9def6a8ad
1788609458836278610	1268	1	phase_loop[1267]	1788609458826273	8869	d31a30499b02434f	1c78b1e9def6a8ad
1788609458845953342	1269	1	phase_loop[1268]	1788609458836524	8616	5aacc365c3df0d26	1c78b1e9def6a8ad
1788609458855792607	1270	1	phase_loop[1269]	1788609458846172	8965	1c793e64ec6e6e19	1c78b1e9def6a8ad
1788609458866452016	1271	1	phase_loop[1270]	1788609458856006	9136	8d5b518986fb90d5	1c78b1e9def6a8ad
1788609458875947318	1272	1	phase_loop[1271]	1788609458866667	8473	969577aec97cd434	1c78b1e9def6a8ad
1788609458885840264	1273	1	phase_loop[1272]	1788609458876147	8989	b3cb1da523c787b2	1c78b1e9def6a8ad
1788609458895965150	1274	1	phase_loop[1273]	1788609458886029	9110	00aee39f5362ec7a	1c78b1e9def6a8ad
1788609458905986470	1275	1	phase_loop[1274]	1788609458896228	8912	ae274415b4fa985a	1c78b1e9def6a8ad
1788609458915782292	1276	1	phase_loop[1275]	1788609458906183	8952	19f55875ca817c49	1c78b1e9def6a8ad
1788609458926039869	1277	1	phase_loop[1276]	1788609458916044	9096	7661673eafecdda8	1c78b1e9def6a8ad
1788609458936071027	1278	1	phase_loop[1277]	1788609458926241	8905	981be8f01ca6aa3c	1c78b1e9def6a8ad
1788609458945923837	1279	1	phase_loop[1278]	1788609458936308	8830	3208aa7b6a866b3b	1c78b1e9def6a8ad
1788609458955927473	1280	1	phase_loop[1279]	1788609458946116	9024	8430367f9ab61870	1c78b1e9def6a8ad
1788609458966078158	1281	1	phase_loop[1280]	1788609458956114	9025	247284531f51e95f	1c78b1e9def6a8ad
1788609458975941699	1282	1	phase_loop[1281]	1788609458966321	8818	2e967298d4fd0d63	1c78b1e9def6a8ad
1788609458985776875	1283	1	phase_loop[1282]	1788609458976149	8989	85e9f36a04c656b5	1c78b1e9def6a8ad
1788609458995929263	1284	1	phase_loop[1283]	1788609458985997	9142	c30a1a4c35fc363c	1c78b1e9def6a8ad
1788609459006012550	1285	1	phase_loop[1284]	1788609458996172	8968	79973307c8db16fd	1c78b1e9def6a8ad
1788609459015934181	1286	1	phase_loop[1285]	1788609459006220	8916	7b056c4ff301e69d	1c78b1e9def6a8ad
1788609459025936203	1287	1	phase_loop[1286]	1788609459016181	8957	fc1436ff6f4ccb74	1c78b1e9def6a8ad
1788609459036071188	1288	1	phase_loop[1287]	1788609459026131	9057	2d2b6d443cbe7ef1	1c78b1e9def6a8ad
1788609459045912717	1289	1	phase_loop[1288]	1788609459036308	8832	59c5286230b8b124	1c78b1e9def6a8ad
1788609459055776978	1290	1	phase_loop[1289]	1788609459046102	9034	d11f6252c908d555	1c78b1e9def6a8ad
1788609459066070664	1291	1	phase_loop[1290]	1788609459055972	9168	8fb12c770c0e94d9	1c78b1e9def6a8ad
1788609459075936108	1292	1	phase_loop[1291]	1788609459066310	8831	6122a42db92f35f1	1c78b1e9def6a8ad
1788609459085933532	1293	1	phase_loop[1292]	1788609459076128	9011	f8a7c148f1ba5af3	1c78b1e9def6a8ad
1788609459095909315	1294	1	phase_loop[1293]	1788609459086124	9015	4bbb57645ef3d627	1c78b1e9def6a8ad
1788609459105959289	1295	1	phase_loop[1294]	1788609459096154	8985	119e79c67d6217ad	1c78b1e9def6a8ad
1788609459115775449	1296	1	phase_loop[1295]	1788609459106163	8973	26e44830b4e04e38	1c78b1e9def6a8ad
1788609459125974005	1297	1	phase_loop[1296]	1788609459115992	9147	5eb5e18610d819ce	1c78b1e9def6a8ad
1788609459135962662	1298	1	phase_loop[1297]	1788609459126182	8963	6482f3780129e2ef	1c78b1e9def6a8ad
1788609459146001975	1299	1	phase_loop[1298]	1788609459136172	8966	51c393ece2aaff19	1c78b1e9def6a8ad
1788609459155835769	1300	1	phase_loop[1299]	1788609459146191	8946	d6e14e6a95b360a9	1c78b1e9def6a8ad
1788609459166209928	1301	1	phase_loop[1300]	1788609459156041	9098	839768a5c9a5eafe	1c78b1e9def6a8ad
1788609459175967286	1302	1	phase_loop[1301]	1788609459166459	8683	d5126d9ac47ebe8a	1c78b1e9def6a8ad
1788609459185821269	1303	1	phase_loop[1302]	1788609459176163	8972	a0b4323b7f167e6f	1c78b1e9def6a8ad
1788609459195946966	1304	1	phase_loop[1303]	1788609459186025	9115	6678b85bb6d77482	1c78b1e9def6a8ad
1788609459205942346	1305	1	phase_loop[1304]	1788609459196186	8954	857c623e814293d2	1c78b1e9def6a8ad
1788609459215793663	1306	1	phase_loop[1305]	1788609459206138	8998	d85ff49b565b0cfb	1c78b1e9def6a8ad
1788609459225926664	1307	1	phase_loop[1306]	1788609459216031	9109	3c3499a52ff2d9e7	1c78b1e9def6a8ad
1788609459236047091	1308	1	phase_loop[1307]	1788609459226120	9025	cf4394e78465bc11	1c78b1e9def6a8ad
1788609459246042712	1309	1	phase_loop[1308]	1788609459236280	8860	34f31ffdf4269141	1c78b1e9def6a8ad
1788609459255909138	1310	1	phase_loop[1309]	1788609459246233	8906	8a738b600b5043f0	1c78b1e9def6a8ad
1788609459266083718	1311	1	phase_loop[1310]	1788609459256098	9045	4a728264c5dc2f29	1c78b1e9def6a8ad
1788609459275943601	1312	1	phase_loop[1311]	1788609459266334	8805	617dc745cbf85c4e	1c78b1e9def6a8ad
1788609459285843901	1313	1	phase_loop[1312]	1788609459276135	9002	027efbf682a4bebf	1c78b1e9def6a8ad
1788609459295951664	1314	1	phase_loop[1313]	1788609459286035	9104	662c994560b0bc0a	1c78b1e9def6a8ad
1788609459305931264	1315	1	phase_loop[1314]	1788609459296194	8947	dc886b6410888208	1c78b1e9def6a8ad
1788609459315947594	1316	1	phase_loop[1315]	1788609459306123	9016	d51b49312291a6ae	1c78b1e9def6a8ad
1788609459326090093	1317	1	phase_loop[1316]	1788609459316185	8955	1ac76aa6cf64eefa	1c78b1e9def6a8ad
1788609459335934397	1318	1	phase_loop[1317]	1788609459326308	8834	746a0d64e5df6a99	1c78b1e9def6a8ad
1788609459345917173	1319	1	phase_loop[1318]	1788609459336202	8936	09a19f57b0ef5005	1c78b1e9def6a8ad
1788609459355772769	1320	1	phase_loop[1319]	1788609459346108	9027	08984d6b7bf6d385	1c78b1e9def6a8ad
1788609459366114946	1321	1	phase_loop[1320]	1788609459355986	9202	300fbc9f0f80efb8	1c78b1e9def6a8ad
1788609459375944622	1322	1	phase_loop[1321]	1788609459366365	8775	77f1e503020fc724	1c78b1e9def6a8ad
1788609459385919043	1323	1	phase_loop[1322]	1788609459376134	9005	d6bdda3e8f4ca773	1c78b1e9def6a8ad
1788609459395945442	1324	1	phase_loop[1323]	1788609459386112	9028	68080f504621e2d5	1c78b1e9def6a8ad
1788609459406130822	1325	1	phase_loop[1324]	1788609459396152	8990	0121c7c13e2d5caa	1c78b1e9def6a8ad
1788609459415948555	1326	1	phase_loop[1325]	1788609459406420	8719	2e7f215134a721f0	1c78b1e9def6a8ad
1788609459425912135	1327	1	phase_loop[1326]	1788609459416137	9002	c211dff932f924a6	1c78b1e9def6a8ad
1788609459436050076	1328	1	phase_loop[1327]	1788609459426111	9028	242395ab3cb62c90	1c78b1e9def6a8ad
1788609459445899359	1329	1	phase_loop[1328]	1788609459436283	8856	03c0370ab35572f0	1c78b1e9def6a8ad
1788609459455765795	1330	1	phase_loop[1329]	1788609459446090	9045	6d6aa54ba37f1143	1c78b1e9def6a8ad
1788609459467053365	1331	1	phase_loop[1330]	1788609459455982	9158	b437e727250a1c7b	1c78b1e9def6a8ad
1788609459475957947	1332	1	phase_loop[1331]	1788609459467291	7852	c323135af34d2408	1c78b1e9def6a8ad
1788609459486007189	1333	1	phase_loop[1332]	1788609459476154	8985	60e238d2d3949c7b	1c78b1e9def6a8ad
1788609459495946403	1334	1	phase_loop[1333]	1788609459486230	8910	e2443315183e057a	1c78b1e9def6a8ad
1788609459505954668	1335	1	phase_loop[1334]	1788609459496191	8950	cf9f5d9485827198	1c78b1e9def6a8ad
1788609459515770828	1336	1	phase_loop[1335]	1788609459506154	8981	ff4b80d8f1ea8222	1c78b1e9def6a8ad
1788609459525940709	1337	1	phase_loop[1336]	1788609459515991	9151	9ca9fe9efdc24bc5	1c78b1e9def6a8ad
1788609459535945317	1338	1	phase_loop[1337]	1788609459526135	9007	eb7a79bcfe92541b	1c78b1e9def6a8ad
1788609459545911562	1339	1	phase_loop[1338]	1788609459536157	8982	b737625c7e7b58d5	1c78b1e9def6a8ad
1788609459555939393	1340	1	phase_loop[1339]	1788609459546100	9042	11462dbdc4736235	1c78b1e9def6a8ad
1788609459566068026	1341	1	phase_loop[1340]	1788609459556129	9013	af2c27d6ef43b81a	1c78b1e9def6a8ad
1788609459575958467	1342	1	phase_loop[1341]	1788609459566313	8826	d38d39f7857474c7	1c78b1e9def6a8ad
1788609459585828670	1343	1	phase_loop[1342]	1788609459576142	8995	a012fff75426dfa5	1c78b1e9def6a8ad
1788609459595912378	1344	1	phase_loop[1343]	1788609459586019	9121	9a845d44d5566d93	1c78b1e9def6a8ad
1788609459605955318	1345	1	phase_loop[1344]	1788609459596145	8996	5b9f0450b9691a20	1c78b1e9def6a8ad
1788609459615955107	1346	1	phase_loop[1345]	1788609459606146	8992	c8105afb33a30e62	1c78b1e9def6a8ad
1788609459625930719	1347	1	phase_loop[1346]	1788609459616156	8983	54bda4b9939e5c21	1c78b1e9def6a8ad
1788609459636188317	1348	1	phase_loop[1347]	1788609459626134	9010	7e0f635d57c85165	1c78b1e9def6a8ad
1788609459645999277	1349	1	phase_loop[1348]	1788609459636433	8705	802125164cdcd569	1c78b1e9def6a8ad
1788609459655766234	1350	1	phase_loop[1349]	1788609459646203	8934	e56d0a30041195f0	1c78b1e9def6a8ad
1788609459666100717	1351	1	phase_loop[1350]	1788609459655991	9150	a43a93f38639ac6c	1c78b1e9def6a8ad
1788609459676041364	1352	1	phase_loop[1351]	1788609459666351	8789	8adc7b0554b21ef6	1c78b1e9def6a8ad
1788609459685936955	1353	1	phase_loop[1352]	1788609459676246	8893	e8cb2726f959bc45	1c78b1e9def6a8ad
1788609459695972381	1354	1	phase_loop[1353]	1788609459686121	9058	7857f35b8ba5a2b5	1c78b1e9def6a8ad
1788609459705917626	1355	1	phase_loop[1354]	1788609459696211	8931	cf8d5c912d1c936c	1c78b1e9def6a8ad
1788609459715933776	1356	1	phase_loop[1355]	1788609459706126	9010	5b972c3f87cb26d1	1c78b1e9def6a8ad
1788609459726011412	1357	1	phase_loop[1356]	1788609459716126	9013	15bf85728e458d8b	1c78b1e9def6a8ad
1788609459736031970	1358	1	phase_loop[1357]	1788609459726214	8927	a2832ef2c12dc6df	1c78b1e9def6a8ad
1788609459745933642	1359	1	phase_loop[1358]	1788609459736259	8880	27b5dae3777a930d	1c78b1e9def6a8ad
1788609459755787735	1360	1	phase_loop[1359]	1788609459746119	9016	0db1ca75fa75c48e	1c78b1e9def6a8ad
1788609459765936866	1361	1	phase_loop[1360]	1788609459756001	9140	0cc538d05c413f3d	1c78b1e9def6a8ad
1788609459775952685	1362	1	phase_loop[1361]	1788609459766143	8996	86a60f886daac5af	1c78b1e9def6a8ad
1788609459785941363	1363	1	phase_loop[1362]	1788609459776151	8990	0062fe3df5c31e25	1c78b1e9def6a8ad
1788609459795922676	1364	1	phase_loop[1363]	1788609459786160	8980	d19c3e38fa6b9dbc	1c78b1e9def6a8ad
1788609459805979342	1365	1	phase_loop[1364]	1788609459796161	8978	3f52e5327abb1d94	1c78b1e9def6a8ad
1788609459815729077	1366	1	phase_loop[1365]	1788609459806195	8941	5d7fdb497f479ce2	1c78b1e9def6a8ad
1788609459825959763	1367	1	phase_loop[1366]	1788609459815941	9197	75c35eb333039c1b	1c78b1e9def6a8ad
1788609459836160944	1368	1	phase_loop[1367]	1788609459826185	8955	e2f33c7370976478	1c78b1e9def6a8ad
1788609459845957306	1369	1	phase_loop[1368]	1788609459836459	8681	d33ddb6c2fa5b0f2	1c78b1e9def6a8ad
1788609459855935053	1370	1	phase_loop[1369]	1788609459846149	8991	fb3ffca2de8c94b1	1c78b1e9def6a8ad
1788609459866073364	1371	1	phase_loop[1370]	1788609459856127	9014	df0a06c8ac229656	1c78b1e9def6a8ad
1788609459875955690	1372	1	phase_loop[1371]	1788609459866318	8824	568d30841bdd53d5	1c78b1e9def6a8ad
1788609459885824921	1373	1	phase_loop[1372]	1788609459876147	8988	71fdfd299bd531a5	1c78b1e9def6a8ad
1788609459895929128	1374	1	phase_loop[1373]	1788609459886012	9127	6fc60d1e8aed778d	1c78b1e9def6a8ad
1788609459905965806	1375	1	phase_loop[1374]	1788609459896140	8999	27db3d2b15dca013	1c78b1e9def6a8ad
1788609459915934325	1376	1	phase_loop[1375]	1788609459906165	8975	9e8c9d5240eb17c9	1c78b1e9def6a8ad
1788609459925937550	1377	1	phase_loop[1376]	1788609459916123	9017	31b1498ea1a1f1bf	1c78b1e9def6a8ad
1788609459936458577	1378	1	phase_loop[1377]	1788609459926138	9003	65cc581f67ffb456	1c78b1e9def6a8ad
1788609459945901791	1379	1	phase_loop[1378]	1788609459936692	8447	5c34b38dfdf479e7	1c78b1e9def6a8ad
1788609459955764740	1380	1	phase_loop[1379]	1788609459946093	9042	ee370797f906359c	1c78b1e9def6a8ad
1788609459966154227	1381	1	phase_loop[1380]	1788609459956021	9120	b11b5bc129fb813b	1c78b1e9def6a8ad
1788609459976160828	1382	1	phase_loop[1381]	1788609459966403	8737	cbd62e9090668529	1c78b1e9def6a8ad
1788609459985930481	1383	1	phase_loop[1382]	1788609459976437	8701	48e4b21f61e52358	1c78b1e9def6a8ad
1788609459996032834	1384	1	phase_loop[1383]	1788609459986124	9015	f7aa7606b3671677	1c78b1e9def6a8ad
1788609460005924577	1385	1	phase_loop[1384]	1788609459996294	8845	d334736c4f49424e	1c78b1e9def6a8ad
1788609460015952138	1386	1	phase_loop[1385]	1788609460006136	9003	db632ee02275b13d	1c78b1e9def6a8ad
1788609460026007853	1387	1	phase_loop[1386]	1788609460016143	9039	28a4af95006a5945	1c78b1e9def6a8ad
1788609460035918021	1388	1	phase_loop[1387]	1788609460026204	8938	880b4e269185f777	1c78b1e9def6a8ad
1788609460046041033	1389	1	phase_loop[1388]	1788609460036129	9011	7887a69aeaef5332	1c78b1e9def6a8ad
1788609460055779546	1390	1	phase_loop[1389]	1788609460046237	8898	35ced855ac52e152	1c78b1e9def6a8ad
1788609460066073272	1391	1	phase_loop[1390]	1788609460055994	9147	31aa3a3c6ec83d2d	1c78b1e9def6a8ad
1788609460075947482	1392	1	phase_loop[1391]	1788609460066311	8828	e8719918d4663934	1c78b1e9def6a8ad
1788609460085951558	1393	1	phase_loop[1392]	1788609460076134	9006	eb6b5241c6ead14f	1c78b1e9def6a8ad
1788609460095941258	1394	1	phase_loop[1393]	1788609460086148	8992	55fa68adefabac51	1c78b1e9def6a8ad
1788609460105961825	1395	1	phase_loop[1394]	1788609460096173	8968	11712dea841fc122	1c78b1e9def6a8ad
1788609460115773627	1396	1	phase_loop[1395]	1788609460106154	8981	8f0643ccf9ccbbe8	1c78b1e9def6a8ad
1788609460126097069	1397	1	phase_loop[1396]	1788609460115988	9152	3f398251b43a8e00	1c78b1e9def6a8ad
1788609460135966230	1398	1	phase_loop[1397]	1788609460126336	8804	5bf4f1757fd8af9c	1c78b1e9def6a8ad
1788609460146006666	1399	1	phase_loop[1398]	1788609460136176	8963	1614d121eeaa7806	1c78b1e9def6a8ad
1788609460155946260	1400	1	phase_loop[1399]	1788609460146208	8931	72c33f0b5e9e1b29	1c78b1e9def6a8ad
1788609460166095111	1401	1	phase_loop[1400]	1788609460156142	8998	86582b6f8ebf91b9	1c78b1e9def6a8ad
1788609460175955004	1402	1	phase_loop[1401]	1788609460166339	8802	8af19aa11b957cc1	1c78b1e9def6a8ad
1788609460185828773	1403	1	phase_loop[1402]	1788609460176157	8979	99e794868b3fb2c0	1c78b1e9def6a8ad
1788609460195918532	1404	1	phase_loop[1403]	1788609460186019	9121	55e963e4698f0470	1c78b1e9def6a8ad
1788609460206016467	1405	1	phase_loop[1404]	1788609460196123	9017	3758178a89e495e9	1c78b1e9def6a8ad
1788609460215944088	1406	1	phase_loop[1405]	1788609460206212	8928	87ef8d63aac782b0	1c78b1e9def6a8ad
1788609460225929810	1407	1	phase_loop[1406]	1788609460216131	9009	0d960f04aec62900	1c78b1e9def6a8ad
1788609460236275213	1408	1	phase_loop[1407]	1788609460226128	9016	6a2a62bcfe90d979	1c78b1e9def6a8ad
1788609460245943774	1409	1	phase_loop[1408]	1788609460236550	8590	48e2a75c676eb132	1c78b1e9def6a8ad
1788609460255818655	1410	1	phase_loop[1409]	1788609460246141	8995	409f224ef806fe37	1c78b1e9def6a8ad
1788609460266366172	1411	1	phase_loop[1410]	1788609460256008	9132	64676d087fdf7a41	1c78b1e9def6a8ad
1788609460275923542	1412	1	phase_loop[1411]	1788609460266604	8535	bc7133a44571638d	1c78b1e9def6a8ad
1788609460285920164	1413	1	phase_loop[1412]	1788609460276144	8996	12999891a2b76c8b	1c78b1e9def6a8ad
1788609460295937265	1414	1	phase_loop[1413]	1788609460286126	9013	210fa00bb66edba2	1c78b1e9def6a8ad
1788609460305924640	1415	1	phase_loop[1414]	1788609460296176	8964	8bba41e76c73b347	1c78b1e9def6a8ad
1788609460315945709	1416	1	phase_loop[1415]	1788609460306165	8974	6c9eebb4d6f3d949	1c78b1e9def6a8ad
1788609460325909238	1417	1	phase_loop[1416]	1788609460316142	8996	213661ed9ae69adb	1c78b1e9def6a8ad
1788609460335930898	1418	1	phase_loop[1417]	1788609460326103	9037	ec471afd191c1b35	1c78b1e9def6a8ad
1788609460345942619	1419	1	phase_loop[1418]	1788609460336137	9003	480d8fe5d1a1f5ab	1c78b1e9def6a8ad
1788609460355858108	1420	1	phase_loop[1419]	1788609460346134	9039	54ad7df77febd889	1c78b1e9def6a8ad
1788609460366117639	1421	1	phase_loop[1420]	1788609460356054	9086	b400be9fb7beb400	1c78b1e9def6a8ad
1788609460375930603	1422	1	phase_loop[1421]	1788609460366354	8786	35d0c4bc7327eeb6	1c78b1e9def6a8ad
1788609460385936292	1423	1	phase_loop[1422]	1788609460376120	9019	2b29db6ca0548950	1c78b1e9def6a8ad
1788609460395982799	1424	1	phase_loop[1423]	1788609460386130	9009	1457a03b4f80b762	1c78b1e9def6a8ad
1788609460405957209	1425	1	phase_loop[1424]	1788609460396218	8923	64517ae519cd6642	1c78b1e9def6a8ad
1788609460415863511	1426	1	phase_loop[1425]	1788609460406147	8991	e4873d07f617d136	1c78b1e9def6a8ad
1788609460426106700	1427	1	phase_loop[1426]	1788609460416058	9082	09bf059fb64655e9	1c78b1e9def6a8ad
1788609460436100978	1428	1	phase_loop[1427]	1788609460426342	8801	c78e92ed562e88ab	1c78b1e9def6a8ad
1788609460446062484	1429	1	phase_loop[1428]	1788609460436338	8804	14e06d711d69c496	1c78b1e9def6a8ad
1788609460455909563	1430	1	phase_loop[1429]	1788609460446297	8841	74c8d8c9e3d2c6b1	1c78b1e9def6a8ad
1788609460466139087	1431	1	phase_loop[1430]	1788609460456100	9042	efcba2179897ca07	1c78b1e9def6a8ad
1788609460475968552	1432	1	phase_loop[1431]	1788609460466381	8760	40b52b923cf8aec3	1c78b1e9def6a8ad
1788609460485812495	1433	1	phase_loop[1432]	1788609460476156	8980	1cead9193358f867	1c78b1e9def6a8ad
1788609460495938723	1434	1	phase_loop[1433]	1788609460486006	9134	9590d31fd45812c6	1c78b1e9def6a8ad
1788609460505976994	1435	1	phase_loop[1434]	1788609460496181	8960	bc984cce8229b358	1c78b1e9def6a8ad
1788609460515961865	1436	1	phase_loop[1435]	1788609460506170	8968	f2e48818f591b0f8	1c78b1e9def6a8ad
1788609460525922128	1437	1	phase_loop[1436]	1788609460516159	8980	f8047f768c86d6e0	1c78b1e9def6a8ad
1788609460536085106	1438	1	phase_loop[1437]	1788609460526123	9017	4a89539ca241b2ed	1c78b1e9def6a8ad
1788609460545957152	1439	1	phase_loop[1438]	1788609460536319	8819	0a786b32aed640ca	1c78b1e9def6a8ad
1788609460555997898	1440	1	phase_loop[1439]	1788609460546154	8983	c19f66011addc0ad	1c78b1e9def6a8ad
1788609460567055041	1441	1	phase_loop[1440]	1788609460556197	8942	b8d628ec05486948	1c78b1e9def6a8ad
1788609460575988227	1442	1	phase_loop[1441]	1788609460567299	7840	c70846460021a87d	1c78b1e9def6a8ad
1788609460585876083	1443	1	phase_loop[1442]	1788609460576202	8936	c5e65b8c9c481938	1c78b1e9def6a8ad
1788609460597107406	1444	1	phase_loop[1443]	1788609460586070	9072	385a696392058c3a	1c78b1e9def6a8ad
1788609460606044630	1445	1	phase_loop[1444]	1788609460597357	7783	7807dc01b4a9ccb0	1c78b1e9def6a8ad
1788609460615777693	1446	1	phase_loop[1445]	1788609460606266	8870	5bbfd8a3eb7d07af	1c78b1e9def6a8ad
1788609460625951571	1447	1	phase_loop[1446]	1788609460615999	9140	8e266be3bc723b48	1c78b1e9def6a8ad
1788609460636023987	1448	1	phase_loop[1447]	1788609460626152	8987	0faf1415e2c505d3	1c78b1e9def6a8ad
1788609460646065164	1449	1	phase_loop[1448]	1788609460636243	8897	1ca6a06e41b45c24	1c78b1e9def6a8ad
1788609460656004788	1450	1	phase_loop[1449]	1788609460646308	8832	1545968fdb066262	1c78b1e9def6a8ad
1788609460665924395	1451	1	phase_loop[1450]	1788609460656198	8941	ed99b9d8759f0c5b	1c78b1e9def6a8ad
1788609460675997312	1452	1	phase_loop[1451]	1788609460666116	9023	370e46308a406242	1c78b1e9def6a8ad
1788609460685971702	1453	1	phase_loop[1452]	1788609460676206	8976	b526edea76d941a0	1c78b1e9def6a8ad
1788609460696198070	1454	1	phase_loop[1453]	1788609460686171	8970	c5fb5450e319f718	1c78b1e9def6a8ad
1788609460706186186	1455	1	phase_loop[1454]	1788609460696471	8670	10341ddbf5cc41ad	1c78b1e9def6a8ad
1788609460715963302	1456	1	phase_loop[1455]	1788609460706437	8702	54744c09026d2286	1c78b1e9def6a8ad
1788609460725940568	1457	1	phase_loop[1456]	1788609460716155	8984	d6951196e214f691	1c78b1e9def6a8ad
1788609460735922813	1458	1	phase_loop[1457]	1788609460726144	8996	23a78b11b08de88a	1c78b1e9def6a8ad
1788609460745992324	1459	1	phase_loop[1458]	1788609460736138	9001	d80c8238a6766989	1c78b1e9def6a8ad
1788609460755850323	1460	1	phase_loop[1459]	1788609460746242	8894	cfa14bf746798936	1c78b1e9def6a8ad
1788609460766050281	1461	1	phase_loop[1460]	1788609460756040	9100	3613541150bb1408	1c78b1e9def6a8ad
1788609460775950190	1462	1	phase_loop[1461]	1788609460766298	8842	ca8c3c805bbd073e	1c78b1e9def6a8ad
1788609460785847364	1463	1	phase_loop[1462]	1788609460776167	8969	68105b4e040cfa9d	1c78b1e9def6a8ad
1788609460795949707	1464	1	phase_loop[1463]	1788609460786050	9091	e17c4be7a320b20e	1c78b1e9def6a8ad
1788609460805890623	1465	1	phase_loop[1464]	1788609460796202	8936	8fe87fe426ecec72	1c78b1e9def6a8ad
1788609460816127611	1466	1	phase_loop[1465]	1788609460806078	9063	950c81aa711b47b6	1c78b1e9def6a8ad
1788609460825912833	1467	1	phase_loop[1466]	1788609460816353	8786	4892232f53eee7b7	1c78b1e9def6a8ad
1788609460836226216	1468	1	phase_loop[1467]	1788609460826107	9035	ccc7aaf4b7140cb9	1c78b1e9def6a8ad
1788609460845997010	1469	1	phase_loop[1468]	1788609460836470	8668	585594c2ef8b8cc9	1c78b1e9def6a8ad
1788609460855971631	1470	1	phase_loop[1469]	1788609460846201	8938	986f5a4134b97cec	1c78b1e9def6a8ad
1788609460866038677	1471	1	phase_loop[1470]	1788609460856163	8977	423facb63ddc061b	1c78b1e9def6a8ad
1788609460875912827	1472	1	phase_loop[1471]	1788609460866266	8874	ce6a4c6580ca2a50	1c78b1e9def6a8ad
1788609460886371365	1473	1	phase_loop[1472]	1788609460876113	9036	2711649d41373e96	1c78b1e9def6a8ad
1788609460895932231	1474	1	phase_loop[1473]	1788609460886574	8566	36bc3b7bd8ba6506	1c78b1e9def6a8ad
1788609460905998065	1475	1	phase_loop[1474]	1788609460896143	8996	134162af33b4e4ce	1c78b1e9def6a8ad
1788609460915861615	1476	1	phase_loop[1475]	1788609460906228	8907	9c0c6bb1e270cbbd	1c78b1e9def6a8ad
1788609460925962535	1477	1	phase_loop[1476]	1788609460916076	9063	368642a68d1700d9	1c78b1e9def6a8ad
1788609460937461365	1478	1	phase_loop[1477]	1788609460926180	8965	f2739bd7ea4cdc87	1c78b1e9def6a8ad
1788609460945888843	1479	1	phase_loop[1478]	1788609460937787	7352	6c71ab14b51fd1f7	1c78b1e9def6a8ad
1788609460955792689	1480	1	phase_loop[1479]	1788609460946081	9056	65c929bd07266929	1c78b1e9def6a8ad
1788609460966082147	1481	1	phase_loop[1480]	1788609460956043	9098	82d8fe16481e3eea	1c78b1e9def6a8ad
1788609460975976335	1482	1	phase_loop[1481]	1788609460966352	8788	1944368f68387bc4	1c78b1e9def6a8ad
1788609460985875773	1483	1	phase_loop[1482]	1788609460976171	8966	b5babed2579f44be	1c78b1e9def6a8ad
1788609460995914395	1484	1	phase_loop[1483]	1788609460986064	9075	b7f3620f36f50acd	1c78b1e9def6a8ad
1788609461006067714	1485	1	phase_loop[1484]	1788609460996119	9020	914a778265bbcdba	1c78b1e9def6a8ad
1788609461015944509	1486	1	phase_loop[1485]	1788609461006297	8882	c81309e7d900db48	1c78b1e9def6a8ad
1788609461025950068	1487	1	phase_loop[1486]	1788609461016128	9010	fc975242aa384c3b	1c78b1e9def6a8ad
1788609461035992878	1488	1	phase_loop[1487]	1788609461026149	8993	b7a9ad366882558d	1c78b1e9def6a8ad
1788609461045940257	1489	1	phase_loop[1488]	1788609461036217	8922	ecc2ff1b73582e1f	1c78b1e9def6a8ad
1788609461055870153	1490	1	phase_loop[1489]	1788609461046132	9005	e18ddb1688bc369c	1c78b1e9def6a8ad
1788609461066044071	1491	1	phase_loop[1490]	1788609461056056	9087	8e3c442d715fd686	1c78b1e9def6a8ad
1788609461076017720	1492	1	phase_loop[1491]	1788609461066286	8857	935de1d918a7a8a6	1c78b1e9def6a8ad
1788609461086045370	1493	1	phase_loop[1492]	1788609461076214	8928	8686d31e45bd40d6	1c78b1e9def6a8ad
1788609461095973944	1494	1	phase_loop[1493]	1788609461086288	8852	96380e86fe8a2da3	1c78b1e9def6a8ad
1788609461105953113	1495	1	phase_loop[1494]	1788609461096213	8926	5d489d85593f7c6c	1c78b1e9def6a8ad
1788609461115923225	1496	1	phase_loop[1495]	1788609461106169	8971	73a490d8768e0349	1c78b1e9def6a8ad
1788609461125932551	1497	1	phase_loop[1496]	1788609461116113	9027	825c14c54846ce2d	1c78b1e9def6a8ad
1788609461135956926	1498	1	phase_loop[1497]	1788609461126131	9010	d816fc2c82bdf631	1c78b1e9def6a8ad
1788609461145920595	1499	1	phase_loop[1498]	1788609461136169	8969	8f9acc2258db0860	1c78b1e9def6a8ad
1788609461155945902	1500	1	phase_loop[1499]	1788609461146112	9027	524f54c35ce201ed	1c78b1e9def6a8ad
1788609461166105513	1501	1	phase_loop[1500]	1788609461156154	8988	5e9571a41397eb40	1c78b1e9def6a8ad
1788609461175946671	1502	1	phase_loop[1501]	1788609461166372	8767	63d4351c41a2cba1	1c78b1e9def6a8ad
1788609461185836310	1503	1	phase_loop[1502]	1788609461176137	8998	39d617f18bcdb21a	1c78b1e9def6a8ad
1788609461195957568	1504	1	phase_loop[1503]	1788609461186054	9086	b5296bfdcf047d59	1c78b1e9def6a8ad
1788609461205949301	1505	1	phase_loop[1504]	1788609461196194	8946	49a75206239dc304	1c78b1e9def6a8ad
1788609461215750252	1506	1	phase_loop[1505]	1788609461206145	8990	3125e8e328b74753	1c78b1e9def6a8ad
1788609461225915284	1507	1	phase_loop[1506]	1788609461215954	9184	498ce667cc9310dc	1c78b1e9def6a8ad
1788609461236064034	1508	1	phase_loop[1507]	1788609461226114	9028	84a50925ccc0322c	1c78b1e9def6a8ad
1788609461246052461	1509	1	phase_loop[1508]	1788609461236306	8834	8d176ad30471454a	1c78b1e9def6a8ad
1788609461255864253	1510	1	phase_loop[1509]	1788609461246255	8882	fb343c2e626123a4	1c78b1e9def6a8ad
1788609461266151356	1511	1	phase_loop[1510]	1788609461256099	9041	3bf0401de7cb430f	1c78b1e9def6a8ad
1788609461275975280	1512	1	phase_loop[1511]	1788609461266394	8746	f658c496c805399c	1c78b1e9def6a8ad
1788609461285821157	1513	1	phase_loop[1512]	1788609461276167	8969	ec0b6255819b639a	1c78b1e9def6a8ad
1788609461295918760	1514	1	phase_loop[1513]	1788609461286008	9129	1c9c797d73f75612	1c78b1e9def6a8ad
1788609461305927816	1515	1	phase_loop[1514]	1788609461296160	8979	7ea985dac81faab8	1c78b1e9def6a8ad
1788609461315788861	1516	1	phase_loop[1515]	1788609461306125	9012	8f51b565c337905d	1c78b1e9def6a8ad
1788609461326017914	1517	1	phase_loop[1516]	1788609461316019	9120	7d66b291b1e05849	1c78b1e9def6a8ad
1788609461335962778	1518	1	phase_loop[1517]	1788609461326221	8918	9dd70abd11b5258e	1c78b1e9def6a8ad
1788609461345981322	1519	1	phase_loop[1518]	1788609461336169	9013	f9db5deaa5fc81ab	1c78b1e9def6a8ad
1788609461355739873	1520	1	phase_loop[1519]	1788609461346175	8961	f49350cd1fe67d74	1c78b1e9def6a8ad
1788609461366035722	1521	1	phase_loop[1520]	1788609461355978	9162	6e29875964bc025c	1c78b1e9def6a8ad
1788609461375938006	1522	1	phase_loop[1521]	1788609461366269	8869	dc9ffc03cf408af7	1c78b1e9def6a8ad
1788609461386029949	1523	1	phase_loop[1522]	1788609461376133	9005	bbf14611502c344e	1c78b1e9def6a8ad
1788609461395950867	1524	1	phase_loop[1523]	1788609461386254	8886	80e0f29666a127bf	1c78b1e9def6a8ad
1788609461406050204	1525	1	phase_loop[1524]	1788609461396191	8953	63ececd39011fcc8	1c78b1e9def6a8ad
1788609461415921088	1526	1	phase_loop[1525]	1788609461406285	8855	52f3085d66ff80bc	1c78b1e9def6a8ad
1788609461425923892	1527	1	phase_loop[1526]	1788609461416109	9032	5f60c45003f41aac	1c78b1e9def6a8ad
1788609461435933939	1528	1	phase_loop[1527]	1788609461426119	9022	6c6a126d2675b7bc	1c78b1e9def6a8ad
1788609461445956380	1529	1	phase_loop[1528]	1788609461436142	8996	198008f1b916050e	1c78b1e9def6a8ad
1788609461455933516	1530	1	phase_loop[1529]	1788609461446160	8979	25f0f7297b4313be	1c78b1e9def6a8ad
1788609461465913206	1531	1	phase_loop[1530]	1788609461456128	9010	b7c3c1f91162f5d4	1c78b1e9def6a8ad
1788609461476143130	1532	1	phase_loop[1531]	1788609461466110	9031	c02b714995675d53	1c78b1e9def6a8ad
1788609461485936577	1533	1	phase_loop[1532]	1788609461476406	8729	9a4deff0540a6b17	1c78b1e9def6a8ad
1788609461495933470	1534	1	phase_loop[1533]	1788609461486129	9010	f9e0f0f8e2b8d28f	1c78b1e9def6a8ad
1788609461506045220	1535	1	phase_loop[1534]	1788609461496130	9010	fde960f9b434eeb2	1c78b1e9def6a8ad
1788609461515796507	1536	1	phase_loop[1535]	1788609461506305	8832	63a1ba2da622a795	1c78b1e9def6a8ad
1788609461525938676	1537	1	phase_loop[1536]	1788609461516017	9122	8adbc1672f572e40	1c78b1e9def6a8ad
1788609461536312723	1538	1	phase_loop[1537]	1788609461526140	9003	cba3afb867179457	1c78b1e9def6a8ad
1788609461545918995	1539	1	phase_loop[1538]	1788609461536556	8584	ba30df2490ce79ee	1c78b1e9def6a8ad
1788609461556258628	1540	1	phase_loop[1539]	1788609461546114	9026	c8cd42236d53f942	1c78b1e9def6a8ad
1788609461566123500	1541	1	phase_loop[1540]	1788609461556490	8652	43f1a2f83829729e	1c78b1e9def6a8ad
1788609461575973755	1542	1	phase_loop[1541]	1788609461566372	8768	64e1642a2c390b20	1c78b1e9def6a8ad
1788609461585786979	1543	1	phase_loop[1542]	1788609461576166	8969	de2953032ae90c25	1c78b1e9def6a8ad
1788609461596037733	1544	1	phase_loop[1543]	1788609461586001	9138	22930d578fc41693	1c78b1e9def6a8ad
1788609461606006673	1545	1	phase_loop[1544]	1788609461596291	8849	808d750048790a21	1c78b1e9def6a8ad
1788609461615772107	1546	1	phase_loop[1545]	1788609461606215	8921	1ec0a95787191fc4	1c78b1e9def6a8ad
1788609461625899768	1547	1	phase_loop[1546]	1788609461615968	9171	842d2fcd9ac513f7	1c78b1e9def6a8ad
1788609461635959479	1548	1	phase_loop[1547]	1788609461626103	9041	7c82545661bda07f	1c78b1e9def6a8ad
1788609461645954799	1549	1	phase_loop[1548]	1788609461636170	8969	4393549e916264bd	1c78b1e9def6a8ad
1788609461655786388	1550	1	phase_loop[1549]	1788609461646150	8987	82424fdd1d3850ae	1c78b1e9def6a8ad
1788609461666074503	1551	1	phase_loop[1550]	1788609461656002	9139	0ab5e05954f4bc3b	1c78b1e9def6a8ad
1788609461675954965	1552	1	phase_loop[1551]	1788609461666312	8872	e2958f90b8567c9e	1c78b1e9def6a8ad
1788609461685914086	1553	1	phase_loop[1552]	1788609461676145	8994	99a0bcc0cb638abc	1c78b1e9def6a8ad
1788609461695942819	1554	1	phase_loop[1553]	1788609461686106	9031	c7264871a6a7e549	1c78b1e9def6a8ad
1788609461705953217	1555	1	phase_loop[1554]	1788609461696183	8956	5cfa931b45183c14	1c78b1e9def6a8ad
1788609461715923309	1556	1	phase_loop[1555]	1788609461706183	8953	2eeb15c876650eaf	1c78b1e9def6a8ad
1788609461725988532	1557	1	phase_loop[1556]	1788609461716121	9018	d619c638e98640d6	1c78b1e9def6a8ad
1788609461735990474	1558	1	phase_loop[1557]	1788609461726198	8946	019552ee9020ceea	1c78b1e9def6a8ad
1788609461745961818	1559	1	phase_loop[1558]	1788609461736199	8940	89c0f72e8a39f269	1c78b1e9def6a8ad
1788609461755930477	1560	1	phase_loop[1559]	1788609461746171	8968	7ca605e316be0ac7	1c78b1e9def6a8ad
1788609461766103293	1561	1	phase_loop[1560]	1788609461756121	9020	113e0c1223d22e22	1c78b1e9def6a8ad
1788609461775934863	1562	1	phase_loop[1561]	1788609461766345	8796	662de6fb0eb8944f	1c78b1e9def6a8ad
1788609461785847025	1563	1	phase_loop[1562]	1788609461776133	9005	c8e7b183c995ee3a	1c78b1e9def6a8ad
1788609461795935461	1564	1	phase_loop[1563]	1788609461786042	9098	68247c9752a4d7e3	1c78b1e9def6a8ad
1788609461806121853	1565	1	phase_loop[1564]	1788609461796175	8965	779d203625e9278c	1c78b1e9def6a8ad
1788609461815898047	1566	1	phase_loop[1565]	1788609461806347	8793	5db70e03a580947f	1c78b1e9def6a8ad
1788609461826029685	1567	1	phase_loop[1566]	1788609461816102	9038	e9e72520f3958761	1c78b1e9def6a8ad
1788609461837456268	1568	1	phase_loop[1567]	1788609461826248	8894	17565cb535b37054	1c78b1e9def6a8ad
1788609461845963066	1569	1	phase_loop[1568]	1788609461837692	7448	f23646315ccd78da	1c78b1e9def6a8ad
1788609461856088192	1570	1	phase_loop[1569]	1788609461846187	8954	d14b0ebbb290e126	1c78b1e9def6a8ad
1788609461865981759	1571	1	phase_loop[1570]	1788609461856303	8838	a5ea58aef81c10c0	1c78b1e9def6a8ad
1788609461876985059	1572	1	phase_loop[1571]	1788609461866187	8955	59c9bae7c0a58fbf	1c78b1e9def6a8ad
1788609461886214748	1573	1	phase_loop[1572]	1788609461877187	7952	96b21c5fb85dc87b	1c78b1e9def6a8ad
1788609461897517787	1574	1	phase_loop[1573]	1788609461886540	8602	ca81869473f1b3d3	1c78b1e9def6a8ad
1788609461906123131	1575	1	phase_loop[1574]	1788609461897758	7388	e019bd2d20d51b74	1c78b1e9def6a8ad
1788609461916193443	1576	1	phase_loop[1575]	1788609461906545	8596	53df379de7993556	1c78b1e9def6a8ad
1788609461925950411	1577	1	phase_loop[1576]	1788609461916445	8696	b89fca8696ad8075	1c78b1e9def6a8ad
1788609461936123037	1578	1	phase_loop[1577]	1788609461926153	8987	92d8357bcc927d23	1c78b1e9def6a8ad
1788609461946032233	1579	1	phase_loop[1578]	1788609461936356	8782	5b9dc73d458ec0a1	1c78b1e9def6a8ad
1788609461955798218	1580	1	phase_loop[1579]	1788609461946228	8908	80ff70948d3d85d8	1c78b1e9def6a8ad
1788609461966278006	1581	1	phase_loop[1580]	1788609461956026	9115	3c3539338e9623d5	1c78b1e9def6a8ad
1788609461975979519	1582	1	phase_loop[1581]	1788609461966536	8603	88ff12d6898b8ce3	1c78b1e9def6a8ad
1788609461985939421	1583	1	phase_loop[1582]	1788609461976176	8964	35b560760be04255	1c78b1e9def6a8ad
1788609461995927858	1584	1	phase_loop[1583]	1788609461986128	9011	61ed06aba50361ae	1c78b1e9def6a8ad
1788609462006037003	1585	1	phase_loop[1584]	1788609461996146	9051	5c3f3c80a34a5953	1c78b1e9def6a8ad
1788609462015835500	1586	1	phase_loop[1585]	1788609462006248	8888	c5e8342a45f1dd71	1c78b1e9def6a8ad
1788609462025932983	1587	1	phase_loop[1586]	1788609462016025	9114	defcf4a319afc4ac	1c78b1e9def6a8ad
1788609462036012232	1588	1	phase_loop[1587]	1788609462026132	9009	34e36f532e834714	1c78b1e9def6a8ad
1788609462046016759	1589	1	phase_loop[1588]	1788609462036230	8912	86d128e8b70d31d4	1c78b1e9def6a8ad
1788609462055940833	1590	1	phase_loop[1589]	1788609462046254	8886	fa435e58be111257	1c78b1e9def6a8ad
1788609462066146892	1591	1	phase_loop[1590]	1788609462056126	9015	2e0838cfb3db1455	1c78b1e9def6a8ad
1788609462075984663	1592	1	phase_loop[1591]	1788609462066391	8749	41cd503c045fecdc	1c78b1e9def6a8ad
1788609462085787498	1593	1	phase_loop[1592]	1788609462076177	8959	8842d531a8584f72	1c78b1e9def6a8ad
1788609462095897134	1594	1	phase_loop[1593]	1788609462086001	9138	0bf01e9ab6704517	1c78b1e9def6a8ad
1788609462105968167	1595	1	phase_loop[1594]	1788609462096136	9005	addec1476e1ccf48	1c78b1e9def6a8ad
1788609462115948819	1596	1	phase_loop[1595]	1788609462106170	8968	6c48d770dee25ad8	1c78b1e9def6a8ad
1788609462125932887	1597	1	phase_loop[1596]	1788609462116139	9001	eab70a853aa02fcb	1c78b1e9def6a8ad
1788609462136095443	1598	1	phase_loop[1597]	1788609462126136	9005	68934f0c9b851b81	1c78b1e9def6a8ad
1788609462145942071	1599	1	phase_loop[1598]	1788609462136366	8774	b0615a35b574b09a	1c78b1e9def6a8ad
1788609462156123002	1600	1	phase_loop[1599]	1788609462146133	9006	37e1256425ed2a07	1c78b1e9def6a8ad
1788609462166044752	1601	1	phase_loop[1600]	1788609462156324	8817	05ccdde3ec49280e	1c78b1e9def6a8ad
1788609462175934782	1602	1	phase_loop[1601]	1788609462166285	8857	4fce6ac9304d4b94	1c78b1e9def6a8ad
1788609462185784846	1603	1	phase_loop[1602]	1788609462176127	9010	dcd9ca2c601aadaf	1c78b1e9def6a8ad
1788609462196128997	1604	1	phase_loop[1603]	1788609462186014	9125	2b1cf0188020c7b3	1c78b1e9def6a8ad
1788609462206048713	1605	1	phase_loop[1604]	1788609462196450	8692	023ebc65cfa32934	1c78b1e9def6a8ad
1788609462215847340	1606	1	phase_loop[1605]	1788609462206272	8864	722ceea57d3367c0	1c78b1e9def6a8ad
1788609462225914676	1607	1	phase_loop[1606]	1788609462216082	9058	e1db897a687af033	1c78b1e9def6a8ad
1788609462235951134	1608	1	phase_loop[1607]	1788609462226109	9031	5103410e3058582c	1c78b1e9def6a8ad
1788609462245918039	1609	1	phase_loop[1608]	1788609462236183	8955	01686062e699a93a	1c78b1e9def6a8ad
1788609462255798691	1610	1	phase_loop[1609]	1788609462246115	9020	5114f0b192bf58f6	1c78b1e9def6a8ad
1788609462266061789	1611	1	phase_loop[1610]	1788609462256031	9111	550097e64d9e60a6	1c78b1e9def6a8ad
1788609462275959864	1612	1	phase_loop[1611]	1788609462266298	8842	10f970c470dd7075	1c78b1e9def6a8ad
1788609462285923964	1613	1	phase_loop[1612]	1788609462276153	8986	79ac8579e36afbb3	1c78b1e9def6a8ad
1788609462295956594	1614	1	phase_loop[1613]	1788609462286119	9021	2918b151586830f6	1c78b1e9def6a8ad
1788609462305972252	1615	1	phase_loop[1614]	1788609462296195	8946	0b246db6faa5f9b3	1c78b1e9def6a8ad
1788609462315792129	1616	1	phase_loop[1615]	1788609462306163	8972	ac3fab7954f771e9	1c78b1e9def6a8ad
1788609462325914850	1617	1	phase_loop[1616]	1788609462316008	9132	8a30749469451f34	1c78b1e9def6a8ad
1788609462335952961	1618	1	phase_loop[1617]	1788609462326110	9075	51d4c37490caea98	1c78b1e9def6a8ad
1788609462345948200	1619	1	phase_loop[1618]	1788609462336161	8979	26ef9ba1458795f1	1c78b1e9def6a8ad
1788609462355899517	1620	1	phase_loop[1619]	1788609462346169	8968	3f2212302c4be410	1c78b1e9def6a8ad
1788609462367034978	1621	1	phase_loop[1620]	1788609462356100	9040	9518774787c49f3e	1c78b1e9def6a8ad
1788609462375992810	1622	1	phase_loop[1621]	1788609462367282	7857	05b0b8c20016a3a3	1c78b1e9def6a8ad
1788609462385797599	1623	1	phase_loop[1622]	1788609462376191	8946	e394fe7a9d1296a8	1c78b1e9def6a8ad
1788609462395967218	1624	1	phase_loop[1623]	1788609462386005	9134	63ad5c09d591dd05	1c78b1e9def6a8ad
1788609462405957358	1625	1	phase_loop[1624]	1788609462396204	8936	c120828e3d0a070a	1c78b1e9def6a8ad
1788609462415935535	1626	1	phase_loop[1625]	1788609462406153	8987	f465c9e41122a5fd	1c78b1e9def6a8ad
1788609462425988584	1627	1	phase_loop[1626]	1788609462416131	9009	8ab977107d8b60d1	1c78b1e9def6a8ad
1788609462436872899	1628	1	phase_loop[1627]	1788609462426203	8939	9511eba98912caca	1c78b1e9def6a8ad
1788609462445947062	1629	1	phase_loop[1628]	1788609462437199	7941	536477fdfb5ff173	1c78b1e9def6a8ad
1788609462455926121	1630	1	phase_loop[1629]	1788609462446147	8992	5be41adbff62fc6b	1c78b1e9def6a8ad
1788609462465971505	1631	1	phase_loop[1630]	1788609462456126	9013	332ae3707e0504fa	1c78b1e9def6a8ad
1788609462476034483	1632	1	phase_loop[1631]	1788609462466184	8956	efe3213b643f220e	1c78b1e9def6a8ad
1788609462486103051	1633	1	phase_loop[1632]	1788609462476315	8823	3dc15534fed46961	1c78b1e9def6a8ad
1788609462496027978	1634	1	phase_loop[1633]	1788609462486358	8784	3cbf69cc0245e9e4	1c78b1e9def6a8ad
1788609462505946562	1635	1	phase_loop[1634]	1788609462496268	8872	bb35c28b7db63502	1c78b1e9def6a8ad
1788609462516520428	1636	1	phase_loop[1635]	1788609462506219	8922	7f2d132ef545aba2	1c78b1e9def6a8ad
1788609462525961316	1637	1	phase_loop[1636]	1788609462516791	8349	014d4bf7b58e37df	1c78b1e9def6a8ad
1788609462536123322	1638	1	phase_loop[1637]	1788609462526188	8955	ddb75575da1f033f	1c78b1e9def6a8ad
1788609462546005297	1639	1	phase_loop[1638]	1788609462536349	8790	bea9c453fd53c782	1c78b1e9def6a8ad
1788609462555879076	1640	1	phase_loop[1639]	1788609462546198	8939	47b0acef0fc4fa4c	1c78b1e9def6a8ad
1788609462566358633	1641	1	phase_loop[1640]	1788609462556078	9060	f0a327f46c4f8dc9	1c78b1e9def6a8ad
1788609462575998599	1642	1	phase_loop[1641]	1788609462566579	8562	ab40639d97919a94	1c78b1e9def6a8ad
1788609462585959804	1643	1	phase_loop[1642]	1788609462576203	8936	73ad4b078eb27ffd	1c78b1e9def6a8ad
1788609462596028442	1644	1	phase_loop[1643]	1788609462586152	8988	ad2f6155adc61595	1c78b1e9def6a8ad
1788609462606155041	1645	1	phase_loop[1644]	1788609462596293	8849	b446881d9350a1e2	1c78b1e9def6a8ad
1788609462615942146	1646	1	phase_loop[1645]	1788609462606390	8751	8c2e480cb47014f4	1c78b1e9def6a8ad
1788609462625949227	1647	1	phase_loop[1646]	1788609462616140	8999	7d4562d21fba01e0	1c78b1e9def6a8ad
1788609462637149070	1648	1	phase_loop[1647]	1788609462626154	8987	286a0ea263eef251	1c78b1e9def6a8ad
1788609462645933424	1649	1	phase_loop[1648]	1788609462637379	7761	33a2c8031f8ddac1	1c78b1e9def6a8ad
1788609462655841979	1650	1	phase_loop[1649]	1788609462646121	9016	9319a11bb395cac1	1c78b1e9def6a8ad
1788609462666603441	1651	1	phase_loop[1650]	1788609462656028	9155	89dd0413f4dc8170	1c78b1e9def6a8ad
1788609462677974118	1652	1	phase_loop[1651]	1788609462666850	8288	cd5e0a00f4cd2514	1c78b1e9def6a8ad
1788609462686041322	1653	1	phase_loop[1652]	1788609462678200	6938	4a60a6c0095aa621	1c78b1e9def6a8ad
1788609462696954943	1654	1	phase_loop[1653]	1788609462686243	8901	a02610c0048e800f	1c78b1e9def6a8ad
1788609462705939626	1655	1	phase_loop[1654]	1788609462697202	7937	a7600966b9f2f9e8	1c78b1e9def6a8ad
1788609462716119616	1656	1	phase_loop[1655]	1788609462706151	8992	75247135a95519db	1c78b1e9def6a8ad
1788609462725949382	1657	1	phase_loop[1656]	1788609462716362	8779	b50c082595375ccd	1c78b1e9def6a8ad
1788609462736163336	1658	1	phase_loop[1657]	1788609462726144	8999	570bd8da1287dd76	1c78b1e9def6a8ad
1788609462745917568	1659	1	phase_loop[1658]	1788609462736437	8702	dbfb645b539dedf2	1c78b1e9def6a8ad
1788609462755903259	1660	1	phase_loop[1659]	1788609462746113	9023	f513eeb71c81bdf4	1c78b1e9def6a8ad
1788609462766117464	1661	1	phase_loop[1660]	1788609462756101	9039	27edf3e1bce09d2f	1c78b1e9def6a8ad
1788609462775918886	1662	1	phase_loop[1661]	1788609462766353	8787	20e8f09abd74440b	1c78b1e9def6a8ad
1788609462785790751	1663	1	phase_loop[1662]	1788609462776109	9027	646eed277cf1353c	1c78b1e9def6a8ad
1788609462795972895	1664	1	phase_loop[1663]	1788609462785993	9145	145b13297d4ebfcf	1c78b1e9def6a8ad
1788609462805991789	1665	1	phase_loop[1664]	1788609462796178	8961	5f0387168cb07535	1c78b1e9def6a8ad
1788609462815944518	1666	1	phase_loop[1665]	1788609462806209	8932	a5265b4b5b2d13bc	1c78b1e9def6a8ad
1788609462825920851	1667	1	phase_loop[1666]	1788609462816144	8996	715130ed883ea8c8	1c78b1e9def6a8ad
1788609462837254659	1668	1	phase_loop[1667]	1788609462826115	9028	5989c2d7c1fdfe4d	1c78b1e9def6a8ad
1788609462846011280	1669	1	phase_loop[1668]	1788609462837508	7630	d4c5bdfea3dde140	1c78b1e9def6a8ad
1788609462856068687	1670	1	phase_loop[1669]	1788609462846213	8926	1663426d83492fd4	1c78b1e9def6a8ad
1788609462866107579	1671	1	phase_loop[1670]	1788609462856297	8844	368996e018a04dc1	1c78b1e9def6a8ad
1788609462875985125	1672	1	phase_loop[1671]	1788609462866351	8789	6ffdc16f8f86d1a9	1c78b1e9def6a8ad
1788609462885924869	1673	1	phase_loop[1672]	1788609462876186	8955	461d44d6d4a2f494	1c78b1e9def6a8ad
1788609462895913446	1674	1	phase_loop[1673]	1788609462886114	9025	2fa15cd9facb4ab3	1c78b1e9def6a8ad
1788609462905973458	1675	1	phase_loop[1674]	1788609462896142	8998	c1ab710b92103d89	1c78b1e9def6a8ad
1788609462915768989	1676	1	phase_loop[1675]	1788609462906173	8961	9dee0ab43e0307d4	1c78b1e9def6a8ad
1788609462926012720	1677	1	phase_loop[1676]	1788609462915980	9159	bb84042b0cd4afa1	1c78b1e9def6a8ad
1788609462935914271	1678	1	phase_loop[1677]	1788609462926216	8922	e689df541a414b7a	1c78b1e9def6a8ad
1788609462945930511	1679	1	phase_loop[1678]	1788609462936120	9020	6c73afd6673ac2da	1c78b1e9def6a8ad
1788609462955827083	1680	1	phase_loop[1679]	1788609462946124	9013	99770ba21af2c0e8	1c78b1e9def6a8ad
1788609462966561664	1681	1	phase_loop[1680]	1788609462956019	9121	fd6e6d3d701b0ae2	1c78b1e9def6a8ad
1788609462975935475	1682	1	phase_loop[1681]	1788609462966815	8325	f52014bbe83b18b4	1c78b1e9def6a8ad
1788609462985821107	1683	1	phase_loop[1682]	1788609462976130	9006	1a7c895a27e0fe99	1c78b1e9def6a8ad
1788609462995988082	1684	1	phase_loop[1683]	1788609462986009	9185	3279bf390d7f89dd	1c78b1e9def6a8ad
1788609463006046641	1685	1	phase_loop[1684]	1788609462996231	8913	f2d9877d2e772777	1c78b1e9def6a8ad
1788609463015925890	1686	1	phase_loop[1685]	1788609463006289	8851	5acf49125dc7ee18	1c78b1e9def6a8ad
1788609463025910239	1687	1	phase_loop[1686]	1788609463016118	9023	77093f66287b863a	1c78b1e9def6a8ad
1788609463036244070	1688	1	phase_loop[1687]	1788609463026117	9025	5ec839b9445d0cf2	1c78b1e9def6a8ad
1788609463045959098	1689	1	phase_loop[1688]	1788609463036497	8642	d396cf3171c35843	1c78b1e9def6a8ad
1788609463055795396	1690	1	phase_loop[1689]	1788609463046154	8981	fa7e3278b9ca2f38	1c78b1e9def6a8ad
1788609463066159173	1691	1	phase_loop[1690]	1788609463055996	9145	95c399b154793eec	1c78b1e9def6a8ad
1788609463075941569	1692	1	phase_loop[1691]	1788609463066400	8740	4f8d8c8c168fd20f	1c78b1e9def6a8ad
1788609463085788397	1693	1	phase_loop[1692]	1788609463076133	9003	ce5e6e6e96252d5a	1c78b1e9def6a8ad
1788609463095923411	1694	1	phase_loop[1693]	1788609463086002	9138	9162e2af9a2b2cfb	1c78b1e9def6a8ad
1788609463105963215	1695	1	phase_loop[1694]	1788609463096121	9020	a0ca625ef16cc7cf	1c78b1e9def6a8ad
1788609463115935851	1696	1	phase_loop[1695]	1788609463106164	8974	d562dea3c2b03368	1c78b1e9def6a8ad
1788609463125937041	1697	1	phase_loop[1696]	1788609463116122	9018	4bdf25a970635510	1c78b1e9def6a8ad
1788609463136033052	1698	1	phase_loop[1697]	1788609463126141	8999	f0bb63bd1ec85307	1c78b1e9def6a8ad
1788609463145909616	1699	1	phase_loop[1698]	1788609463136259	8881	1a438b9cf1852faf	1c78b1e9def6a8ad
1788609463155978445	1700	1	phase_loop[1699]	1788609463146096	9043	18b000dc500c7b76	1c78b1e9def6a8ad
1788609463166093481	1701	1	phase_loop[1700]	1788609463156234	8909	9f385cf3f4e85ac0	1c78b1e9def6a8ad
1788609463175993630	1702	1	phase_loop[1701]	1788609463166331	8808	6a7ab13c1aa949a2	1c78b1e9def6a8ad
1788609463185907164	1703	1	phase_loop[1702]	1788609463176226	8913	8b5c6ba44c54856c	1c78b1e9def6a8ad
1788609463195921810	1704	1	phase_loop[1703]	1788609463186095	9045	2fff1a1a100d1a77	1c78b1e9def6a8ad
1788609463205987814	1705	1	phase_loop[1704]	1788609463196175	8965	51903116c5ec0540	1c78b1e9def6a8ad
1788609463215785168	1706	1	phase_loop[1705]	1788609463206185	8951	5401e62f7bafeec0	1c78b1e9def6a8ad
1788609463225981328	1707	1	phase_loop[1706]	1788609463215995	9143	bad482a942096024	1c78b1e9def6a8ad
1788609463236024247	1708	1	phase_loop[1707]	1788609463226189	8952	521562db550a999d	1c78b1e9def6a8ad
1788609463245994319	1709	1	phase_loop[1708]	1788609463236253	8886	6644bc820e81b216	1c78b1e9def6a8ad
1788609463255798345	1710	1	phase_loop[1709]	1788609463246192	8944	b8cd63ba3344079e	1c78b1e9def6a8ad
1788609463266056854	1711	1	phase_loop[1710]	1788609463255995	9146	d5e971af71521300	1c78b1e9def6a8ad
1788609463275963665	1712	1	phase_loop[1711]	1788609463266302	8839	6f1349c36e90ee47	1c78b1e9def6a8ad
1788609463285795605	1713	1	phase_loop[1712]	1788609463276161	8976	40af5af88863037f	1c78b1e9def6a8ad
1788609463295953172	1714	1	phase_loop[1713]	1788609463286023	9115	1101f885d2afb6ff	1c78b1e9def6a8ad
1788609463305940776	1715	1	phase_loop[1714]	1788609463296190	8948	33f889f0e5f92ebd	1c78b1e9def6a8ad
1788609463315889488	1716	1	phase_loop[1715]	1788609463306174	8963	560c561a6d4157d4	1c78b1e9def6a8ad
1788609463326066631	1717	1	phase_loop[1716]	1788609463316083	9097	f164952a7700210c	1c78b1e9def6a8ad
1788609463335960519	1718	1	phase_loop[1717]	1788609463326308	8832	c90aba4fc9347a81	1c78b1e9def6a8ad
1788609463345906174	1719	1	phase_loop[1718]	1788609463336154	8985	edfe116134bccf36	1c78b1e9def6a8ad
1788609463355968450	1720	1	phase_loop[1719]	1788609463346106	9031	e3d1afe62893ad50	1c78b1e9def6a8ad
1788609463365881353	1721	1	phase_loop[1720]	1788609463356165	8972	ebd05e8985510c34	1c78b1e9def6a8ad
1788609463376100427	1722	1	phase_loop[1721]	1788609463366088	9055	29961166a36712b7	1c78b1e9def6a8ad
1788609463386077551	1723	1	phase_loop[1722]	1788609463376345	8798	bb67049b97fc3e44	1c78b1e9def6a8ad
1788609463395932054	1724	1	phase_loop[1723]	1788609463386314	8825	56533e09f072f73e	1c78b1e9def6a8ad
1788609463406076666	1725	1	phase_loop[1724]	1788609463396128	9012	fc496d3ab9eee934	1c78b1e9def6a8ad
1788609463415939845	1726	1	phase_loop[1725]	1788609463406275	8865	62680dfe237ff57d	1c78b1e9def6a8ad
1788609463425931477	1727	1	phase_loop[1726]	1788609463416133	9006	f2b5f33570e26ee8	1c78b1e9def6a8ad
1788609463436013932	1728	1	phase_loop[1727]	1788609463426132	9010	225a37fe204a7ce8	1c78b1e9def6a8ad
1788609463445918539	1729	1	phase_loop[1728]	1788609463436245	8893	7d043f09d555e218	1c78b1e9def6a8ad
1788609463455966689	1730	1	phase_loop[1729]	1788609463446115	9025	d42e54049bf7f240	1c78b1e9def6a8ad
1788609463466094359	1731	1	phase_loop[1730]	1788609463456170	8971	a5aa26883105963e	1c78b1e9def6a8ad
1788609463476092975	1732	1	phase_loop[1731]	1788609463466329	8811	211428570bb524ad	1c78b1e9def6a8ad
1788609463485871603	1733	1	phase_loop[1732]	1788609463476356	8783	372adaa4301653c7	1c78b1e9def6a8ad
1788609463495936504	1734	1	phase_loop[1733]	1788609463486131	9008	c5950c5eedc44aa7	1c78b1e9def6a8ad
1788609463505992068	1735	1	phase_loop[1734]	1788609463496133	9010	a66eb478235349b8	1c78b1e9def6a8ad
1788609463516022293	1736	1	phase_loop[1735]	1788609463506221	8918	572e810856fb2d8a	1c78b1e9def6a8ad
1788609463525929756	1737	1	phase_loop[1736]	1788609463516222	8930	8563975f072fa82b	1c78b1e9def6a8ad
1788609463535938691	1738	1	phase_loop[1737]	1788609463526125	9016	12c90a7c79c565ce	1c78b1e9def6a8ad
1788609463545969197	1739	1	phase_loop[1738]	1788609463536149	8989	f134da11dd094e1e	1c78b1e9def6a8ad
1788609463555777031	1740	1	phase_loop[1739]	1788609463546161	8974	9a08d7a99f38a610	1c78b1e9def6a8ad
1788609463566175475	1741	1	phase_loop[1740]	1788609463555984	9155	763fb064b721d1e0	1c78b1e9def6a8ad
1788609463575951839	1742	1	phase_loop[1741]	1788609463566425	8715	86989d3ed7c23780	1c78b1e9def6a8ad
1788609463585757579	1743	1	phase_loop[1742]	1788609463576149	8986	d695f3cb2d1739c4	1c78b1e9def6a8ad
1788609463595916749	1744	1	phase_loop[1743]	1788609463585961	9179	fcb37a63cb2a62c8	1c78b1e9def6a8ad
1788609463606035913	1745	1	phase_loop[1744]	1788609463596149	8992	72965242b3097feb	1c78b1e9def6a8ad
1788609463615837345	1746	1	phase_loop[1745]	1788609463606235	8901	e6a271f3e6386d95	1c78b1e9def6a8ad
1788609463625976557	1747	1	phase_loop[1746]	1788609463616027	9114	e9a2d9e7d12a8dbf	1c78b1e9def6a8ad
1788609463636086774	1748	1	phase_loop[1747]	1788609463626217	8925	5c51f5806374c1b5	1c78b1e9def6a8ad
1788609463645972506	1749	1	phase_loop[1748]	1788609463636355	8785	42c4100176b26719	1c78b1e9def6a8ad
1788609463655863016	1750	1	phase_loop[1749]	1788609463646176	8991	83c1ea78925f6475	1c78b1e9def6a8ad
1788609463666673902	1751	1	phase_loop[1750]	1788609463656052	9087	0f11eaf4a450fd0c	1c78b1e9def6a8ad
1788609463675931282	1752	1	phase_loop[1751]	1788609463666937	8202	0efca47090c45470	1c78b1e9def6a8ad
1788609463685832844	1753	1	phase_loop[1752]	1788609463676124	9011	6019ab51a44ee5ef	1c78b1e9def6a8ad
1788609463695940196	1754	1	phase_loop[1753]	1788609463686019	9120	90bbe9a918905837	1c78b1e9def6a8ad
1788609463706073236	1755	1	phase_loop[1754]	1788609463696159	8982	dd9b6311ba919b86	1c78b1e9def6a8ad
1788609463715877102	1756	1	phase_loop[1755]	1788609463706270	8867	c8393b0ecfb8b739	1c78b1e9def6a8ad
1788609463725949177	1757	1	phase_loop[1756]	1788609463716064	9075	32d2eb5984aa2456	1c78b1e9def6a8ad
1788609463736097296	1758	1	phase_loop[1757]	1788609463726146	8997	7cf61e592a0ce607	1c78b1e9def6a8ad
1788609463745962679	1759	1	phase_loop[1758]	1788609463736330	8809	9070e1f275b15c6f	1c78b1e9def6a8ad
1788609463755954101	1760	1	phase_loop[1759]	1788609463746154	8986	f2588534404b238c	1c78b1e9def6a8ad
1788609463766064439	1761	1	phase_loop[1760]	1788609463756142	8998	521bcae6cfc1d359	1c78b1e9def6a8ad
1788609463775938729	1762	1	phase_loop[1761]	1788609463766308	8833	b2fbade488a17e6d	1c78b1e9def6a8ad
1788609463785794613	1763	1	phase_loop[1762]	1788609463776138	8999	d0a4ad8be099bc4b	1c78b1e9def6a8ad
1788609463795996615	1764	1	phase_loop[1763]	1788609463786002	9137	2ab363bdf468d480	1c78b1e9def6a8ad
1788609463806009127	1765	1	phase_loop[1764]	1788609463796239	8903	e2443975ebe55145	1c78b1e9def6a8ad
1788609463816238520	1766	1	phase_loop[1765]	1788609463806213	8927	1d35001f78921a42	1c78b1e9def6a8ad
1788609463826002250	1767	1	phase_loop[1766]	1788609463816542	8597	cad33674eaaf1703	1c78b1e9def6a8ad
1788609463836191868	1768	1	phase_loop[1767]	1788609463826223	8921	2d0c3923a7dd0c7d	1c78b1e9def6a8ad
1788609463845950969	1769	1	phase_loop[1768]	1788609463836456	8684	473f3c9f2017cb86	1c78b1e9def6a8ad
1788609463855798709	1770	1	phase_loop[1769]	1788609463846147	8990	5256a5012d032f26	1c78b1e9def6a8ad
1788609463866439722	1771	1	phase_loop[1770]	1788609463856011	9130	6a11a8ed738fb2cd	1c78b1e9def6a8ad
1788609463875956855	1772	1	phase_loop[1771]	1788609463866687	8455	fcb1ba819997047d	1c78b1e9def6a8ad
1788609463885965299	1773	1	phase_loop[1772]	1788609463876150	8990	e2e0b78cf8e544e9	1c78b1e9def6a8ad
1788609463895937294	1774	1	phase_loop[1773]	1788609463886160	8979	2cf1c0c9980501c1	1c78b1e9def6a8ad
1788609463906080905	1775	1	phase_loop[1774]	1788609463896175	8966	f5b8890433d376dd	1c78b1e9def6a8ad
1788609463915949464	1776	1	phase_loop[1775]	1788609463906339	8801	3e6244802a970aa9	1c78b1e9def6a8ad
1788609463925999948	1777	1	phase_loop[1776]	1788609463916139	9002	aa13672c6dfa1586	1c78b1e9def6a8ad
1788609463935958167	1778	1	phase_loop[1777]	1788609463926213	8926	cb7b1ba9dfefca53	1c78b1e9def6a8ad
1788609463945982511	1779	1	phase_loop[1778]	1788609463936188	8951	10208e5c63ab7e14	1c78b1e9def6a8ad
1788609463955778783	1780	1	phase_loop[1779]	1788609463946172	8963	06eac87afb5de0f0	1c78b1e9def6a8ad
1788609463966082928	1781	1	phase_loop[1780]	1788609463955993	9146	a589c54c13e8338f	1c78b1e9def6a8ad
1788609463976003235	1782	1	phase_loop[1781]	1788609463966315	8825	f354f271d70691a0	1c78b1e9def6a8ad
1788609463985843781	1783	1	phase_loop[1782]	1788609463976209	8957	5bc94e97ba06b906	1c78b1e9def6a8ad
1788609463995958747	1784	1	phase_loop[1783]	1788609463986047	9093	d2b7a985dc3601cb	1c78b1e9def6a8ad
1788609464005966189	1785	1	phase_loop[1784]	1788609463996200	8940	cdb7bb52a979fe10	1c78b1e9def6a8ad
1788609464015835269	1786	1	phase_loop[1785]	1788609464006162	8976	c559cbf74cd0bf97	1c78b1e9def6a8ad
1788609464025935257	1787	1	phase_loop[1786]	1788609464016022	9119	22e55a478fc99732	1c78b1e9def6a8ad
1788609464035981322	1788	1	phase_loop[1787]	1788609464026129	9014	e9a4f7dfc0265c63	1c78b1e9def6a8ad
1788609464045951714	1789	1	phase_loop[1788]	1788609464036199	8940	d7631568d1a84879	1c78b1e9def6a8ad
1788609464055947424	1790	1	phase_loop[1789]	1788609464046147	8994	4e20c395cf865cb6	1c78b1e9def6a8ad
1788609464066065055	1791	1	phase_loop[1790]	1788609464056141	9000	7aa25752b8d8a794	1c78b1e9def6a8ad
1788609464075923795	1792	1	phase_loop[1791]	1788609464066302	8836	0bcaebdb7f6d7076	1c78b1e9def6a8ad
1788609464085846968	1793	1	phase_loop[1792]	1788609464076148	8990	c8030002e54dbe82	1c78b1e9def6a8ad
1788609464095947827	1794	1	phase_loop[1793]	1788609464086040	9099	b14d73ea7cc2634c	1c78b1e9def6a8ad
1788609464105958044	1795	1	phase_loop[1794]	1788609464096193	8947	3bb6499204a626b7	1c78b1e9def6a8ad
1788609464115925080	1796	1	phase_loop[1795]	1788609464106148	8993	c8309f446e9e56a0	1c78b1e9def6a8ad
1788609464126017052	1797	1	phase_loop[1796]	1788609464116157	8982	5128b06008b967e7	1c78b1e9def6a8ad
1788609464136066554	1798	1	phase_loop[1797]	1788609464126235	8907	4c585869fee33f00	1c78b1e9def6a8ad
1788609464145906489	1799	1	phase_loop[1798]	1788609464136367	8772	4539f3640f952894	1c78b1e9def6a8ad
1788609464155960279	1800	1	phase_loop[1799]	1788609464146094	9043	f8ea97c69fe3b38c	1c78b1e9def6a8ad
1788609464166074754	1801	1	phase_loop[1800]	1788609464156169	8972	e77fc61219e4c090	1c78b1e9def6a8ad
1788609464175952219	1802	1	phase_loop[1801]	1788609464166313	8828	0377ab2627e32754	1c78b1e9def6a8ad
1788609464185936488	1803	1	phase_loop[1802]	1788609464176155	8985	5cc400e5cd96edbe	1c78b1e9def6a8ad
1788609464195932308	1804	1	phase_loop[1803]	1788609464186125	9013	594be7f164ec16dd	1c78b1e9def6a8ad
1788609464206110353	1805	1	phase_loop[1804]	1788609464196168	8971	4e21326f49ce16e7	1c78b1e9def6a8ad
1788609464215770146	1806	1	phase_loop[1805]	1788609464206307	8829	317c500c8efc74c6	1c78b1e9def6a8ad
1788609464225958391	1807	1	phase_loop[1806]	1788609464215989	9155	52d1bd25e5a4960b	1c78b1e9def6a8ad
1788609464235960654	1808	1	phase_loop[1807]	1788609464226153	8987	94a18bd29c7f270e	1c78b1e9def6a8ad
1788609464245913442	1809	1	phase_loop[1808]	1788609464236192	8946	40ff00d2e7f0fb73	1c78b1e9def6a8ad
1788609464255841364	1810	1	phase_loop[1809]	1788609464246103	9033	c2a78e09502d6b77	1c78b1e9def6a8ad
1788609464267070121	1811	1	phase_loop[1810]	1788609464256036	9107	ef759241e33aa87f	1c78b1e9def6a8ad
1788609464275995542	1812	1	phase_loop[1811]	1788609464267324	7815	c6751349b4b63860	1c78b1e9def6a8ad
1788609464285974911	1813	1	phase_loop[1812]	1788609464276191	8948	30cf288f924b31af	1c78b1e9def6a8ad
1788609464295923782	1814	1	phase_loop[1813]	1788609464286200	8940	82e030d4ab093499	1c78b1e9def6a8ad
1788609464305956833	1815	1	phase_loop[1814]	1788609464296159	8980	5da1805ba165db30	1c78b1e9def6a8ad
1788609464315860238	1816	1	phase_loop[1815]	1788609464306151	9019	3863371faf5ad5e1	1c78b1e9def6a8ad
1788609464326046078	1817	1	phase_loop[1816]	1788609464316050	9091	4927482d4f15e7a1	1c78b1e9def6a8ad
1788609464336128703	1818	1	phase_loop[1817]	1788609464326266	8871	67f236726222a1a7	1c78b1e9def6a8ad
1788609464345904496	1819	1	phase_loop[1818]	1788609464336408	8729	02a372de1ca44e8d	1c78b1e9def6a8ad
1788609464355988733	1820	1	phase_loop[1819]	1788609464346102	9037	9485b3b943e11517	1c78b1e9def6a8ad
1788609464367048601	1821	1	phase_loop[1820]	1788609464356193	8946	ee638fcdf9a37379	1c78b1e9def6a8ad
1788609464375935168	1822	1	phase_loop[1821]	1788609464367295	7842	5f646748eeb548bc	1c78b1e9def6a8ad
1788609464385931890	1823	1	phase_loop[1822]	1788609464376132	9005	a3659b54c522fc4d	1c78b1e9def6a8ad
1788609464395922750	1824	1	phase_loop[1823]	1788609464386136	9003	f776b7b6de0a977a	1c78b1e9def6a8ad
1788609464405970178	1825	1	phase_loop[1824]	1788609464396136	9003	41c6da9e2e9fd4d1	1c78b1e9def6a8ad
1788609464415922596	1826	1	phase_loop[1825]	1788609464406174	8965	17823ff6aefcacc6	1c78b1e9def6a8ad
1788609464425927183	1827	1	phase_loop[1826]	1788609464416121	9018	5c0c0debd60e8bce	1c78b1e9def6a8ad
1788609464436174399	1828	1	phase_loop[1827]	1788609464426127	9015	8eea8e9a500361b1	1c78b1e9def6a8ad
1788609464445960582	1829	1	phase_loop[1828]	1788609464436424	8716	8ace5321806e6056	1c78b1e9def6a8ad
1788609464455789446	1830	1	phase_loop[1829]	1788609464446161	8975	02d52e60493fb18d	1c78b1e9def6a8ad
1788609464466090494	1831	1	phase_loop[1830]	1788609464456004	9137	406a4d6074c161f7	1c78b1e9def6a8ad
1788609464475982147	1832	1	phase_loop[1831]	1788609464466348	8793	1900584f9a1341c3	1c78b1e9def6a8ad
1788609464485927181	1833	1	phase_loop[1832]	1788609464476209	8930	f0cb8d3d102c2f02	1c78b1e9def6a8ad
1788609464495987844	1834	1	phase_loop[1833]	1788609464486119	9022	050f1c664220660a	1c78b1e9def6a8ad
1788609464506054278	1835	1	phase_loop[1834]	1788609464496226	8914	100e9bf430125800	1c78b1e9def6a8ad
1788609464515944538	1836	1	phase_loop[1835]	1788609464506283	8853	70fd0ae3a7e91ed5	1c78b1e9def6a8ad
1788609464525944396	1837	1	phase_loop[1836]	1788609464516136	9003	458f9a3f9fff50ba	1c78b1e9def6a8ad
1788609464536124465	1838	1	phase_loop[1837]	1788609464526141	8999	cecd62effc9022b9	1c78b1e9def6a8ad
1788609464545965281	1839	1	phase_loop[1838]	1788609464536371	8768	226c43ac9d5771ce	1c78b1e9def6a8ad
1788609464555773536	1840	1	phase_loop[1839]	1788609464546163	8972	69b24703b082d693	1c78b1e9def6a8ad
1788609464566058454	1841	1	phase_loop[1840]	1788609464555978	9162	eaba6e51701cffb3	1c78b1e9def6a8ad
1788609464575935830	1842	1	phase_loop[1841]	1788609464566304	8835	918672b3293c25b8	1c78b1e9def6a8ad
1788609464585939505	1843	1	phase_loop[1842]	1788609464576129	9012	5d42e94af3c58d3c	1c78b1e9def6a8ad
1788609464595988696	1844	1	phase_loop[1843]	1788609464586158	8981	d6e6ebfe49423059	1c78b1e9def6a8ad
1788609464605959699	1845	1	phase_loop[1844]	1788609464596232	8908	af5f2e00c3d07d16	1c78b1e9def6a8ad
1788609464615855429	1846	1	phase_loop[1845]	1788609464606166	8970	21a4b88e509d4ce0	1c78b1e9def6a8ad
1788609464625930169	1847	1	phase_loop[1846]	1788609464616048	9091	adfc3850ebfc4e29	1c78b1e9def6a8ad
1788609464636107563	1848	1	phase_loop[1847]	1788609464626139	9002	485e3ede0aef5a11	1c78b1e9def6a8ad
1788609464645961515	1849	1	phase_loop[1848]	1788609464636334	8846	c56975d89f0f746d	1c78b1e9def6a8ad
1788609464655944871	1850	1	phase_loop[1849]	1788609464646153	8986	16d8370a6c470af1	1c78b1e9def6a8ad
1788609464666049608	1851	1	phase_loop[1850]	1788609464656137	9004	3a093a1bd93dca53	1c78b1e9def6a8ad
1788609464675923266	1852	1	phase_loop[1851]	1788609464666286	8854	95c76a7552daca54	1c78b1e9def6a8ad
1788609464685778770	1853	1	phase_loop[1852]	1788609464676119	9017	1c7ad41c5245932c	1c78b1e9def6a8ad
1788609464695925557	1854	1	phase_loop[1853]	1788609464685983	9156	6a5da6d89df4b290	1c78b1e9def6a8ad
1788609464706014393	1855	1	phase_loop[1854]	1788609464696121	9022	9d523f3d51bf2edd	1c78b1e9def6a8ad
1788609464715953305	1856	1	phase_loop[1855]	1788609464706214	8925	626b2444902c6d9f	1c78b1e9def6a8ad
1788609464725917195	1857	1	phase_loop[1856]	1788609464716143	8997	17c6dc35f6b65c2b	1c78b1e9def6a8ad
1788609464736155404	1858	1	phase_loop[1857]	1788609464726113	9030	9895c7f53a5f91d4	1c78b1e9def6a8ad
1788609464745941757	1859	1	phase_loop[1858]	1788609464736402	8738	2fa2a3298b4d3d26	1c78b1e9def6a8ad
1788609464755798564	1860	1	phase_loop[1859]	1788609464746132	9003	8ddac629ed8bc4c8	1c78b1e9def6a8ad
1788609464766112597	1861	1	phase_loop[1860]	1788609464756015	9126	26263658f555fc5b	1c78b1e9def6a8ad
1788609464775929989	1862	1	phase_loop[1861]	1788609464766351	8788	85008dad0397caa4	1c78b1e9def6a8ad
1788609464785985933	1863	1	phase_loop[1862]	1788609464776170	8969	f6864873f2f43942	1c78b1e9def6a8ad
1788609464795986843	1864	1	phase_loop[1863]	1788609464786181	8958	7ced7f16e417491b	1c78b1e9def6a8ad
1788609464805919513	1865	1	phase_loop[1864]	1788609464796238	8904	8bf6989647a0654e	1c78b1e9def6a8ad
1788609464815927196	1866	1	phase_loop[1865]	1788609464806147	8992	385dee39e8582325	1c78b1e9def6a8ad
1788609464825926162	1867	1	phase_loop[1866]	1788609464816126	9014	163fdcb83ed008b5	1c78b1e9def6a8ad
1788609464836071586	1868	1	phase_loop[1867]	1788609464826124	9017	340c35e88a97da03	1c78b1e9def6a8ad
1788609464846046086	1869	1	phase_loop[1868]	1788609464836329	8812	a2b7cdc28a6b662f	1c78b1e9def6a8ad
1788609464855893965	1870	1	phase_loop[1869]	1788609464846243	8893	830ea0a759df1f65	1c78b1e9def6a8ad
1788609464866456520	1871	1	phase_loop[1870]	1788609464856094	9045	5aafb3b7f15397f2	1c78b1e9def6a8ad
1788609464875923828	1872	1	phase_loop[1871]	1788609464866736	8405	ad27df8feee7a3f9	1c78b1e9def6a8ad
1788609464885969322	1873	1	phase_loop[1872]	1788609464876118	9020	7b6c3a6010cc28fe	1c78b1e9def6a8ad
1788609464895914276	1874	1	phase_loop[1873]	1788609464886163	8976	50b4d36bc7f20cfc	1c78b1e9def6a8ad
1788609464906009003	1875	1	phase_loop[1874]	1788609464896145	8996	83073724a27e9405	1c78b1e9def6a8ad
1788609464916071139	1876	1	phase_loop[1875]	1788609464906203	8937	4814b0b5bddab1aa	1c78b1e9def6a8ad
1788609464926067480	1877	1	phase_loop[1876]	1788609464916284	8854	f536c1df3edb67f6	1c78b1e9def6a8ad
1788609464935966417	1878	1	phase_loop[1877]	1788609464926340	8803	b924aa6b780dd9e8	1c78b1e9def6a8ad
1788609464945991773	1879	1	phase_loop[1878]	1788609464936186	8952	257e492f49a8c153	1c78b1e9def6a8ad
1788609464955917480	1880	1	phase_loop[1879]	1788609464946292	8849	87cc829c0aa22ea7	1c78b1e9def6a8ad
1788609464966075838	1881	1	phase_loop[1880]	1788609464956108	9035	8ecceced7c37f45c	1c78b1e9def6a8ad
1788609464976007577	1882	1	phase_loop[1881]	1788609464966310	8884	567e6059830d90b4	1c78b1e9def6a8ad
1788609464985792517	1883	1	phase_loop[1882]	1788609464976204	8933	effda713a4890410	1c78b1e9def6a8ad
1788609464995943221	1884	1	phase_loop[1883]	1788609464985995	9144	880f4b3f7462c799	1c78b1e9def6a8ad
1788609465005991811	1885	1	phase_loop[1884]	1788609464996145	8995	3d18b526fc333dbc	1c78b1e9def6a8ad
1788609465015948306	1886	1	phase_loop[1885]	1788609465006191	8949	6b14553f1d491668	1c78b1e9def6a8ad
1788609465026001836	1887	1	phase_loop[1886]	1788609465016145	8994	ab624191a424f6dd	1c78b1e9def6a8ad
1788609465036090572	1888	1	phase_loop[1887]	1788609465026203	8939	c98d2a16f76980eb	1c78b1e9def6a8ad
1788609465045891212	1889	1	phase_loop[1888]	1788609465036335	8804	e4e67713831e435b	1c78b1e9def6a8ad
1788609465055856253	1890	1	phase_loop[1889]	1788609465046084	9060	bf44a72735b9356b	1c78b1e9def6a8ad
1788609465066032085	1891	1	phase_loop[1890]	1788609465056043	9099	b73a2413df8b80c5	1c78b1e9def6a8ad
1788609465075964194	1892	1	phase_loop[1891]	1788609465066267	8876	555a549fd0fdb6f2	1c78b1e9def6a8ad
1788609465086005330	1893	1	phase_loop[1892]	1788609465076196	8942	38bc79660725bd3c	1c78b1e9def6a8ad
1788609465096122700	1894	1	phase_loop[1893]	1788609465086220	8921	5c601af7face36e2	1c78b1e9def6a8ad
1788609465105896719	1895	1	phase_loop[1894]	1788609465096426	8713	5c43ddeea1c8d215	1c78b1e9def6a8ad
1788609465115874665	1896	1	phase_loop[1895]	1788609465106082	9056	c239307a59dc15b6	1c78b1e9def6a8ad
1788609465125858613	1897	1	phase_loop[1896]	1788609465116069	9069	9a0278a7d37c3ad1	1c78b1e9def6a8ad
1788609465135885492	1898	1	phase_loop[1897]	1788609465126043	9096	dabfb317c6caefed	1c78b1e9def6a8ad
1788609465145962686	1899	1	phase_loop[1898]	1788609465136069	9071	4ad8175f3c1e82f6	1c78b1e9def6a8ad
1788609465156055760	1900	1	phase_loop[1899]	1788609465146166	8975	e2940843d49886ad	1c78b1e9def6a8ad
1788609465166847499	1901	1	phase_loop[1900]	1788609465156299	8843	e3395ae5d2fc3399	1c78b1e9def6a8ad
1788609465175955315	1902	1	phase_loop[1901]	1788609465167129	8011	0c33ecb86b0a7451	1c78b1e9def6a8ad
1788609465185924274	1903	1	phase_loop[1902]	1788609465176147	8994	ae4e0d5249b1b52b	1c78b1e9def6a8ad
1788609465195929833	1904	1	phase_loop[1903]	1788609465186114	9025	5ec5f8e50d595e24	1c78b1e9def6a8ad
1788609465205925583	1905	1	phase_loop[1904]	1788609465196170	8972	16e9f5cca7ac3ffb	1c78b1e9def6a8ad
1788609465215906454	1906	1	phase_loop[1905]	1788609465206114	9022	4a5db80ea17fee49	1c78b1e9def6a8ad
1788609465226333502	1907	1	phase_loop[1906]	1788609465216096	9044	6f8a3c5eca86a932	1c78b1e9def6a8ad
1788609465236029122	1908	1	phase_loop[1907]	1788609465226569	8571	53a3611faf8f6279	1c78b1e9def6a8ad
1788609465246019903	1909	1	phase_loop[1908]	1788609465236285	8855	64990faa985d88dc	1c78b1e9def6a8ad
1788609465255955509	1910	1	phase_loop[1909]	1788609465246254	8883	dca48c9acd9575ca	1c78b1e9def6a8ad
1788609465266483046	1911	1	phase_loop[1910]	1788609465256142	8998	88e6f8c8365a9c99	1c78b1e9def6a8ad
1788609465275930236	1912	1	phase_loop[1911]	1788609465266725	8415	0eba0376fdc1e1f4	1c78b1e9def6a8ad
1788609465285788586	1913	1	phase_loop[1912]	1788609465276125	9011	3911e09062afa175	1c78b1e9def6a8ad
1788609465295961141	1914	1	phase_loop[1913]	1788609465285996	9143	967b41f0adcb8681	1c78b1e9def6a8ad
1788609465305992177	1915	1	phase_loop[1914]	1788609465296193	8993	07c1e20511c68e4d	1c78b1e9def6a8ad
1788609465315936139	1916	1	phase_loop[1915]	1788609465306185	8954	a360791de5b111b1	1c78b1e9def6a8ad
1788609465325980230	1917	1	phase_loop[1916]	1788609465316125	9014	5ce3d49f43bf01ab	1c78b1e9def6a8ad
1788609465336042877	1918	1	phase_loop[1917]	1788609465326178	8962	e329e448356762e7	1c78b1e9def6a8ad
1788609465345933387	1919	1	phase_loop[1918]	1788609465336279	8859	23f2cf52b2fc909b	1c78b1e9def6a8ad
1788609465355771057	1920	1	phase_loop[1919]	1788609465346122	9015	418f7ed02e4ecc51	1c78b1e9def6a8ad
1788609465366030808	1921	1	phase_loop[1920]	1788609465355992	9150	855d41d0d8aef9d8	1c78b1e9def6a8ad
1788609465375963017	1922	1	phase_loop[1921]	1788609465366270	8869	f74e62af9316925f	1c78b1e9def6a8ad
1788609465385869518	1923	1	phase_loop[1922]	1788609465376179	8959	194e03501e65101b	1c78b1e9def6a8ad
1788609465396160026	1924	1	phase_loop[1923]	1788609465386059	9082	0df6c8b9baa7ed35	1c78b1e9def6a8ad
1788609465405980073	1925	1	phase_loop[1924]	1788609465396460	8681	bb52cff8af86e5ab	1c78b1e9def6a8ad
1788609465415783809	1926	1	phase_loop[1925]	1788609465406193	8942	85ea04a498e35850	1c78b1e9def6a8ad
1788609465425931066	1927	1	phase_loop[1926]	1788609465415996	9144	2fcd7b3761e7770c	1c78b1e9def6a8ad
1788609465435952033	1928	1	phase_loop[1927]	1788609465426130	9012	ba395aac4f4bcd97	1c78b1e9def6a8ad
1788609465445937413	1929	1	phase_loop[1928]	1788609465436206	8932	5d70856f7decd93a	1c78b1e9def6a8ad
1788609465455796675	1930	1	phase_loop[1929]	1788609465446133	9003	304cc0eb149c320b	1c78b1e9def6a8ad
1788609465466076583	1931	1	phase_loop[1930]	1788609465456013	9126	17c265bbbcaeb08f	1c78b1e9def6a8ad
1788609465475964729	1932	1	phase_loop[1931]	1788609465466321	8819	fe60f2e03ed5a75a	1c78b1e9def6a8ad
1788609465485934369	1933	1	phase_loop[1932]	1788609465476163	8977	68a6341dcb514929	1c78b1e9def6a8ad
1788609465495922404	1934	1	phase_loop[1933]	1788609465486128	9010	e007b67a47c611af	1c78b1e9def6a8ad
1788609465505958481	1935	1	phase_loop[1934]	1788609465496156	8984	b7430124a20ff6a3	1c78b1e9def6a8ad
1788609465515799447	1936	1	phase_loop[1935]	1788609465506152	8984	f37c296af6082389	1c78b1e9def6a8ad
1788609465525932066	1937	1	phase_loop[1936]	1788609465516020	9121	bbad6ca483b30ef6	1c78b1e9def6a8ad
1788609465536057432	1938	1	phase_loop[1937]	1788609465526127	9013	3e904fc62bc518e6	1c78b1e9def6a8ad
1788609465546004800	1939	1	phase_loop[1938]	1788609465536302	8837	879ca8a235e5b732	1c78b1e9def6a8ad
1788609465555847469	1940	1	phase_loop[1939]	1788609465546234	8904	74cc1d47edb33b1a	1c78b1e9def6a8ad
1788609465566130944	1941	1	phase_loop[1940]	1788609465556046	9097	6cfe730174bd3a01	1c78b1e9def6a8ad
1788609465575943146	1942	1	phase_loop[1941]	1788609465566391	8750	a24e8837ba8199f6	1c78b1e9def6a8ad
1788609465585903489	1943	1	phase_loop[1942]	1788609465576133	9004	461dff3dc3aa613f	1c78b1e9def6a8ad
1788609465595927733	1944	1	phase_loop[1943]	1788609465586113	9026	5d3afb393bf1eb25	1c78b1e9def6a8ad
1788609465605952247	1945	1	phase_loop[1944]	1788609465596170	8969	18fb19684927eb48	1c78b1e9def6a8ad
1788609465615924312	1946	1	phase_loop[1945]	1788609465606146	8992	82d568e952335c49	1c78b1e9def6a8ad
1788609465625934990	1947	1	phase_loop[1946]	1788609465616122	9016	700b6b5a9e12052d	1c78b1e9def6a8ad
1788609465636029567	1948	1	phase_loop[1947]	1788609465626132	9054	1cb4315315fc318e	1c78b1e9def6a8ad
1788609465645948211	1949	1	phase_loop[1948]	1788609465636280	8858	41446b8125869bb1	1c78b1e9def6a8ad
1788609465655946596	1950	1	phase_loop[1949]	1788609465646141	8999	4f0081fb340b8876	1c78b1e9def6a8ad
1788609465666408159	1951	1	phase_loop[1950]	1788609465656143	8998	da15d3d7503129a2	1c78b1e9def6a8ad
1788609465675946080	1952	1	phase_loop[1951]	1788609465666646	8494	25f7426908f11e49	1c78b1e9def6a8ad
1788609465685786526	1953	1	phase_loop[1952]	1788609465676136	9000	63be50e87cbc498c	1c78b1e9def6a8ad
1788609465695915799	1954	1	phase_loop[1953]	1788609465685984	9157	7d6f0060cb10dfc5	1c78b1e9def6a8ad
1788609465705960962	1955	1	phase_loop[1954]	1788609465696129	9012	defe60b54a82e17a	1c78b1e9def6a8ad
1788609465715797139	1956	1	phase_loop[1955]	1788609465706152	8984	f974ee3b78e1125b	1c78b1e9def6a8ad
1788609465726031692	1957	1	phase_loop[1956]	1788609465716015	9125	f3c9cb8105889305	1c78b1e9def6a8ad
1788609465736095361	1958	1	phase_loop[1957]	1788609465726249	8891	e6f65030be8fa2e9	1c78b1e9def6a8ad
1788609465745916409	1959	1	phase_loop[1958]	1788609465736392	8748	8779be4a3540d0e8	1c78b1e9def6a8ad
1788609465755793895	1960	1	phase_loop[1959]	1788609465746109	9027	f6912073894115de	1c78b1e9def6a8ad
1788609465766092539	1961	1	phase_loop[1960]	1788609465756051	9090	45deac1ad033be92	1c78b1e9def6a8ad
1788609465775992397	1962	1	phase_loop[1961]	1788609465766329	8811	c070134327b26273	1c78b1e9def6a8ad
1788609465785814207	1963	1	phase_loop[1962]	1788609465776188	8947	981ca867f09a56f9	1c78b1e9def6a8ad
1788609465795955432	1964	1	phase_loop[1963]	1788609465786028	9112	48f56d6a58352272	1c78b1e9def6a8ad
1788609465806049779	1965	1	phase_loop[1964]	1788609465796190	8949	7a747e96af7ed7f3	1c78b1e9def6a8ad
1788609465815834910	1966	1	phase_loop[1965]	1788609465806243	8894	479b4069ddd95acd	1c78b1e9def6a8ad
1788609465825938233	1967	1	phase_loop[1966]	1788609465816027	9112	b63369c1ddefb861	1c78b1e9def6a8ad
1788609465836397271	1968	1	phase_loop[1967]	1788609465826134	9005	6c2938142ad81aa7	1c78b1e9def6a8ad
1788609465845998794	1969	1	phase_loop[1968]	1788609465836625	8515	eafcde2544644254	1c78b1e9def6a8ad
1788609465855783103	1970	1	phase_loop[1969]	1788609465846198	8938	35fb4f4749c92102	1c78b1e9def6a8ad
1788609465866053092	1971	1	phase_loop[1970]	1788609465855985	9154	d67b5570c8ae1090	1c78b1e9def6a8ad
1788609465875960104	1972	1	phase_loop[1971]	1788609465866294	8847	dabe8d752fd352a9	1c78b1e9def6a8ad
1788609465886021929	1973	1	phase_loop[1972]	1788609465876162	8978	755726030cc526c5	1c78b1e9def6a8ad
1788609465895956292	1974	1	phase_loop[1973]	1788609465886249	8890	8f7171425f1b9784	1c78b1e9def6a8ad
1788609465905910413	1975	1	phase_loop[1974]	1788609465896190	8947	552f68ad9a209d39	1c78b1e9def6a8ad
1788609465915925079	1976	1	phase_loop[1975]	1788609465906112	9028	3539a96e4e15c784	1c78b1e9def6a8ad
1788609465925924315	1977	1	phase_loop[1976]	1788609465916124	9014	70b6684ad3a141d6	1c78b1e9def6a8ad
1788609465935893014	1978	1	phase_loop[1977]	1788609465926118	9021	3dad1fecbe99b19a	1c78b1e9def6a8ad
1788609465946078343	1979	1	phase_loop[1978]	1788609465936089	9052	bd3ec421c21235ce	1c78b1e9def6a8ad
1788609465955954196	1980	1	phase_loop[1979]	1788609465946308	8833	583a122c456ef9d3	1c78b1e9def6a8ad
1788609465966104679	1981	1	phase_loop[1980]	1788609465956150	9037	ecf01477f835b324	1c78b1e9def6a8ad
1788609465975975051	1982	1	phase_loop[1981]	1788609465966351	8790	3336899486494a74	1c78b1e9def6a8ad
1788609465985827990	1983	1	phase_loop[1982]	1788609465976165	8972	7067392041d2d251	1c78b1e9def6a8ad
1788609465995963655	1984	1	phase_loop[1983]	1788609465986015	9124	11624239d9e8a599	1c78b1e9def6a8ad
1788609466005959886	1985	1	phase_loop[1984]	1788609465996208	8932	2891de1bccdb8267	1c78b1e9def6a8ad
1788609466015890812	1986	1	phase_loop[1985]	1788609466006158	8979	ad29b8ce62324242	1c78b1e9def6a8ad
1788609466025933010	1987	1	phase_loop[1986]	1788609466016082	9057	4bb29bbcf17cb5f0	1c78b1e9def6a8ad
1788609466036025603	1988	1	phase_loop[1987]	1788609466026143	8999	cdf67d21dfe70a9c	1c78b1e9def6a8ad
1788609466046006054	1989	1	phase_loop[1988]	1788609466036291	8848	058578f4ffb93b32	1c78b1e9def6a8ad
1788609466055897676	1990	1	phase_loop[1989]	1788609466046219	8919	f7699dcc09d9a185	1c78b1e9def6a8ad
1788609466066078577	1991	1	phase_loop[1990]	1788609466056128	9014	05588ad185fe2b53	1c78b1e9def6a8ad
1788609466076043247	1992	1	phase_loop[1991]	1788609466066315	8825	66c7a04a3cd12360	1c78b1e9def6a8ad
1788609466085842845	1993	1	phase_loop[1992]	1788609466076238	8898	4b6721581a65a0c7	1c78b1e9def6a8ad
1788609466096200481	1994	1	phase_loop[1993]	1788609466086037	9102	e32a0b2c484498c9	1c78b1e9def6a8ad
1788609466106051716	1995	1	phase_loop[1994]	1788609466096451	8688	b15e23696af19b86	1c78b1e9def6a8ad
1788609466115777835	1996	1	phase_loop[1995]	1788609466106307	8828	4b238e5632a1ada0	1c78b1e9def6a8ad
1788609466125928518	1997	1	phase_loop[1996]	1788609466115975	9164	3c57de019c645663	1c78b1e9def6a8ad
1788609466135971157	1998	1	phase_loop[1997]	1788609466126136	9004	b66431d6579d5161	1c78b1e9def6a8ad
1788609466145923775	1999	1	phase_loop[1998]	1788609466136192	8948	ad55e2581042fc6b	1c78b1e9def6a8ad
1788609466155843680	2000	1	phase_loop[1999]	1788609466146115	9021	7a5969f0be3eb8c6	1c78b1e9def6a8ad
1788609466156673834	2001	1	phase_loop[2000]	1788609466156050	15	3ed258d2926b90c2	1c78b1e9def6a8ad
1788609466157665043	2002	1	phase[0]	1788609446171105	19985803	1c78b1e9def6a8ad	3d6d9665f896a2c7
1788609466158689666	2003	1	thread_loop[0]	1788609446171094	19986789	3d6d9665f896a2c7	40f7e39e491de9c4
1788609466160404978	2004	1	HI_task-0	1788609446155212	20000220	40f7e39e491de9c4	5851557272f1d0c0
1788609466161411967	2005	1	main	1788609446153608	20007142	5851557272f1d0c0	-
