t_recv_ns	batch_idx	n_span	name	timestamp_us	duration_us	id	parent
1788609427105689187	0	500	calibration	1788609422091078	74	fb355f4ba944fcb9	a76b21dba0fa4ea8
1788609427105689187	0	500	phase_loop[0]	1788609422115477	2123	9189fb99aa309b25	239a643212c3bada
1788609427105689187	0	500	phase_loop[1]	1788609422117610	2059	ca672b2032ce78d1	239a643212c3bada
1788609427105689187	0	500	phase_loop[2]	1788609422119674	2054	455302eba7d392f6	239a643212c3bada
1788609427105689187	0	500	phase_loop[3]	1788609422121733	9644	baf4a1a354302afe	239a643212c3bada
1788609427105689187	0	500	phase_loop[4]	1788609422131381	9992	6d1f0c2844f88d33	239a643212c3bada
1788609427105689187	0	500	phase_loop[5]	1788609422141377	9994	b423d17b7b740fdf	239a643212c3bada
1788609427105689187	0	500	phase_loop[6]	1788609422151376	9997	d0e4093b8f756dc5	239a643212c3bada
1788609427105689187	0	500	phase_loop[7]	1788609422161377	9995	3f08026c5c799824	239a643212c3bada
1788609427105689187	0	500	phase_loop[8]	1788609422171376	9995	4f9688e182e5ce66	239a643212c3bada
1788609427105689187	0	500	phase_loop[9]	1788609422181375	9997	4bab3066a8660474	239a643212c3bada
1788609427105689187	0	500	phase_loop[10]	1788609422191382	9992	23df1c180b21c54b	239a643212c3bada
1788609427105689187	0	500	phase_loop[11]	1788609422201378	9994	0eed59e645b2930b	239a643212c3bada
1788609427105689187	0	500	phase_loop[12]	1788609422211376	9995	552383f0d9f96a41	239a643212c3bada
1788609427105689187	0	500	phase_loop[13]	1788609422221375	9997	c88c48c7b7f1a996	239a643212c3bada
1788609427105689187	0	500	phase_loop[14]	1788609422231376	9996	4f816c77bdce162a	239a643212c3bada
1788609427105689187	0	500	phase_loop[15]	1788609422241376	9996	ec70a51fc3b759b7	239a643212c3bada
1788609427105689187	0	500	phase_loop[16]	1788609422251376	9995	2e6748b259b8862b	239a643212c3bada
1788609427105689187	0	500	phase_loop[17]	1788609422261375	9997	a4976ff96e469d55	239a643212c3bada
1788609427105689187	0	500	phase_loop[18]	1788609422271376	9995	1863fe647dcf5397	239a643212c3bada
1788609427105689187	0	500	phase_loop[19]	1788609422281375	9997	d51864175103233a	239a643212c3bada
1788609427105689187	0	500	phase_loop[20]	1788609422291376	9996	6fbdfc8353d75ce4	239a643212c3bada
1788609427105689187	0	500	phase_loop[21]	1788609422301375	9995	be0f911d01d3ad80	239a643212c3bada
1788609427105689187	0	500	phase_loop[22]	1788609422311375	9996	2fa4876dc3b30af2	239a643212c3bada
1788609427105689187	0	500	phase_loop[23]	1788609422321375	9996	413f88760a28eaf1	239a643212c3bada
1788609427105689187	0	500	phase_loop[24]	1788609422331375	10001	c851e4bc0fb815e2	239a643212c3bada
1788609427105689187	0	500	phase_loop[25]	1788609422341381	9990	01e260846e42f0f6	239a643212c3bada
1788609427105689187	0	500	phase_loop[26]	1788609422351375	9999	6164a166ccedba1d	239a643212c3bada
1788609427105689187	0	500	phase_loop[27]	1788609422361377	9999	4270f0e2c8f985d9	239a643212c3bada
1788609427105689187	0	500	phase_loop[28]	1788609422371380	9990	3c91d567fca29fa5	239a643212c3bada
1788609427105689187	0	500	phase_loop[29]	1788609422381375	9996	f4bf8bc27266a73b	239a643212c3bada
1788609427105689187	0	500	phase_loop[30]	1788609422391375	9996	4bec83ab54bd3317	239a643212c3bada
1788609427105689187	0	500	phase_loop[31]	1788609422401375	9997	8274861e4cf3aba4	239a643212c3bada
1788609427105689187	0	500	phase_loop[32]	1788609422411375	10053	89245c26f48fc26c	239a643212c3bada
1788609427105689187	0	500	phase_loop[33]	1788609422421433	9939	f0bcc6823f080612	239a643212c3bada
1788609427105689187	0	500	phase_loop[34]	1788609422431376	9995	3c6a7d58911028a7	239a643212c3bada
1788609427105689187	0	500	phase_loop[35]	1788609422441407	9966	1bc712f3056c1035	239a643212c3bada
1788609427105689187	0	500	phase_loop[36]	1788609422451378	9995	ae01ef3ab11c1c37	239a643212c3bada
1788609427105689187	0	500	phase_loop[37]	1788609422461377	10011	e9bf56a11e22236d	239a643212c3bada
1788609427105689187	0	500	phase_loop[38]	1788609422471393	9992	ca7af698f781b48d	239a643212c3bada
1788609427105689187	0	500	phase_loop[39]	1788609422481389	9983	eac9aec8cbe8612e	239a643212c3bada
1788609427105689187	0	500	phase_loop[40]	1788609422491389	9984	5db490d430a9a19c	239a643212c3bada
1788609427105689187	0	500	phase_loop[41]	1788609422501388	9984	c321645e7f3b9cf8	239a643212c3bada
1788609427105689187	0	500	phase_loop[42]	1788609422511376	10008	be8aff35d27bc9b4	239a643212c3bada
1788609427105689187	0	500	phase_loop[43]	1788609422521389	10003	bd7fb31de2dadc7d	239a643212c3bada
1788609427105689187	0	500	phase_loop[44]	1788609422531396	9988	4bff744be93100d6	239a643212c3bada
1788609427105689187	0	500	phase_loop[45]	1788609422541389	9984	8306cf67543d15cb	239a643212c3bada
1788609427105689187	0	500	phase_loop[46]	1788609422551388	9988	a5d94480986dc7f9	239a643212c3bada
1788609427105689187	0	500	phase_loop[47]	1788609422561391	9986	de6d1384a474ee87	239a643212c3bada
1788609427105689187	0	500	phase_loop[48]	1788609422571381	10003	3771895a37c667b1	239a643212c3bada
1788609427105689187	0	500	phase_loop[49]	1788609422581389	9997	b20f9a40956cb773	239a643212c3bada
1788609427105689187	0	500	phase_loop[50]	1788609422591389	10002	64aa65505d8821be	239a643212c3bada
1788609427105689187	0	500	phase_loop[51]	1788609422601396	9979	db3b66cde8b40a83	239a643212c3bada
1788609427105689187	0	500	phase_loop[52]	1788609422611392	9980	47be28bfef943190	239a643212c3bada
1788609427105689187	0	500	phase_loop[53]	1788609422621388	9989	ad344efa4c295e98	239a643212c3bada
1788609427105689187	0	500	phase_loop[54]	1788609422631382	10004	57b5030e84868c80	239a643212c3bada
1788609427105689187	0	500	phase_loop[55]	1788609422641390	9993	94f75ddc5fb3ab42	239a643212c3bada
1788609427105689187	0	500	phase_loop[56]	1788609422651387	9999	3729bf6f650a3804	239a643212c3bada
1788609427105689187	0	500	phase_loop[57]	1788609422661390	9981	d04daeaaae38fe31	239a643212c3bada
1788609427105689187	0	500	phase_loop[58]	1788609422671387	9984	2cab64f9ace07dd8	239a643212c3bada
1788609427105689187	0	500	phase_loop[59]	1788609422681375	9987	dc581a0f4badd53f	239a643212c3bada
1788609427105689187	0	500	phase_loop[60]	1788609422691376	10008	be4775ec7922e70d	239a643212c3bada
1788609427105689187	0	500	phase_loop[61]	1788609422701389	9995	9c0d7ef0de19c904	239a643212c3bada
1788609427105689187	0	500	phase_loop[62]	1788609422711388	9983	4fd6e5c3b238ddbb	239a643212c3bada
1788609427105689187	0	500	phase_loop[63]	1788609422721385	9987	2f23adb41c529d9f	239a643212c3bada
1788609427105689187	0	500	phase_loop[64]	1788609422731387	9984	e4659325d34a9e4a	239a643212c3bada
1788609427105689187	0	500	phase_loop[65]	1788609422741376	10037	f7277af5b0b8abbc	239a643212c3bada
1788609427105689187	0	500	phase_loop[66]	1788609422751419	9972	82b4d5243d459c7a	239a643212c3bada
1788609427105689187	0	500	phase_loop[67]	1788609422761395	9989	e341bcd94c336665	239a643212c3bada
1788609427105689187	0	500	phase_loop[68]	1788609422771389	9984	1b9022b6f368dc80	239a643212c3bada
1788609427105689187	0	500	phase_loop[69]	1788609422781389	9985	a5844932b6d9d174	239a643212c3bada
1788609427105689187	0	500	phase_loop[70]	1788609422791391	9981	ffafe67efb8f368a	239a643212c3bada
1788609427105689187	0	500	phase_loop[71]	1788609422801377	9995	d53abd7cff3c5a32	239a643212c3bada
1788609427105689187	0	500	phase_loop[72]	1788609422811376	10005	8c0ad859f889e3a6	239a643212c3bada
1788609427105689187	0	500	phase_loop[73]	1788609422821385	9999	51c84823136e43f4	239a643212c3bada
1788609427105689187	0	500	phase_loop[74]	1788609422831389	9983	7d4b43ae763fab49	239a643212c3bada
1788609427105689187	0	500	phase_loop[75]	1788609422841388	9984	b0e7aa1c258bf866	239a643212c3bada
1788609427105689187	0	500	phase_loop[76]	1788609422851386	9987	70a3ae38c73cf861	239a643212c3bada
1788609427105689187	0	500	phase_loop[77]	1788609422861377	10007	1003a0b8e0f0616c	239a643212c3bada
1788609427105689187	0	500	phase_loop[78]	1788609422871389	9994	4ee0f93ab28cc56d	239a643212c3bada
1788609427105689187	0	500	phase_loop[79]	1788609422881387	10009	55a6c24a2e303795	239a643212c3bada
1788609427105689187	0	500	phase_loop[80]	1788609422891400	9976	db62903ddb4643d4	239a643212c3bada
1788609427105689187	0	500	phase_loop[81]	1788609422901392	9980	844ef9e81566eda7	239a643212c3bada
1788609427105689187	0	500	phase_loop[82]	1788609422911388	9986	f63d5bb1e5b74866	239a643212c3bada
1788609427105689187	0	500	phase_loop[83]	1788609422921378	10008	dd9aee95c18650c7	239a643212c3bada
1788609427105689187	0	500	phase_loop[84]	1788609422931391	9993	1a828730d90df16f	239a643212c3bada
1788609427105689187	0	500	phase_loop[85]	1788609422941388	9995	08b80d5e3386bb47	239a643212c3bada
1788609427105689187	0	500	phase_loop[86]	1788609422951388	9984	eb09aeed2adea2ba	239a643212c3bada
1788609427105689187	0	500	phase_loop[87]	1788609422961387	9985	79ff70c9b130f458	239a643212c3bada
1788609427105689187	0	500	phase_loop[88]	1788609422971386	9985	5de4c58089feea82	239a643212c3bada
1788609427105689187	0	500	phase_loop[89]	1788609422981376	10008	8479aace87500c7f	239a643212c3bada
1788609427105689187	0	500	phase_loop[90]	1788609422991388	9996	462ace5c1ea85fb5	239a643212c3bada
1788609427105689187	0	500	phase_loop[91]	1788609423001388	9983	f0dcffbc2aa32bf2	239a643212c3bada
1788609427105689187	0	500	phase_loop[92]	1788609423011387	9983	cb3fb4f01c38dd49	239a643212c3bada
1788609427105689187	0	500	phase_loop[93]	1788609423021385	9987	73b5ab44571b103b	239a643212c3bada
1788609427105689187	0	500	phase_loop[94]	1788609423031376	9985	4c1077782e9aba5c	239a643212c3bada
1788609427105689187	0	500	phase_loop[95]	1788609423041377	10008	23ea6649686490ed	239a643212c3bada
1788609427105689187	0	500	phase_loop[96]	1788609423051389	9995	7e07f4df13e779b8	239a643212c3bada
1788609427105689187	0	500	phase_loop[97]	1788609423061388	9986	d4e7c099bedfc4f6	239a643212c3bada
1788609427105689187	0	500	phase_loop[98]	1788609423071391	10017	f0df1d1adcd7bac4	239a643212c3bada
1788609427105689187	0	500	phase_loop[99]	1788609423081425	9949	6761956077ab22ed	239a643212c3bada
1788609427105689187	0	500	phase_loop[100]	1788609423091379	9998	c2ac184f1ae25456	239a643212c3bada
1788609427105689187	0	500	phase_loop[101]	1788609423101381	10004	77cb208daa0fe225	239a643212c3bada
1788609427105689187	0	500	phase_loop[102]	1788609423111389	9995	b94d98502450a5e0	239a643212c3bada
1788609427105689187	0	500	phase_loop[103]	1788609423121388	9984	712618b1a5737ca6	239a643212c3bada
1788609427105689187	0	500	phase_loop[104]	1788609423131387	9985	2366b2b08fc8c3e8	239a643212c3bada
1788609427105689187	0	500	phase_loop[105]	1788609423141388	9984	75aa627b9e8d751f	239a643212c3bada
1788609427105689187	0	500	phase_loop[106]	1788609423151376	10007	4a8ee2bb1b4c9cee	239a643212c3bada
1788609427105689187	0	500	phase_loop[107]	1788609423161388	9996	a4cc6e55d3c0e81e	239a643212c3bada
1788609427105689187	0	500	phase_loop[108]	1788609423171387	9996	dc7da904c885ae22	239a643212c3bada
1788609427105689187	0	500	phase_loop[109]	1788609423181387	9986	b1f41b6f1dec4155	239a643212c3bada
1788609427105689187	0	500	phase_loop[110]	1788609423191388	9985	51ca77f844589516	239a643212c3bada
1788609427105689187	0	500	phase_loop[111]	1788609423201389	9984	72706b77473179a8	239a643212c3bada
1788609427105689187	0	500	phase_loop[112]	1788609423211377	10007	076de2aa00f96670	239a643212c3bada
1788609427105689187	0	500	phase_loop[113]	1788609423221388	9996	061d3c716efb3123	239a643212c3bada
1788609427105689187	0	500	phase_loop[114]	1788609423231389	9995	1e25ae559278d132	239a643212c3bada
1788609427105689187	0	500	phase_loop[115]	1788609423241388	9984	cd16b08ef9be43c2	239a643212c3bada
1788609427105689187	0	500	phase_loop[116]	1788609423251387	9986	eb92a2a81a8c1fc6	239a643212c3bada
1788609427105689187	0	500	phase_loop[117]	1788609423261388	9985	c3fb3c2780069588	239a643212c3bada
1788609427105689187	0	500	phase_loop[118]	1788609423271377	10006	661df6c38af2f8d4	239a643212c3bada
1788609427105689187	0	500	phase_loop[119]	1788609423281388	9997	0dfbf84ddb18608c	239a643212c3bada
1788609427105689187	0	500	phase_loop[120]	1788609423291389	9996	b998cee4251f457d	239a643212c3bada
1788609427105689187	0	500	phase_loop[121]	1788609423301389	9983	d53a8408dfd943dd	239a643212c3bada
1788609427105689187	0	500	phase_loop[122]	1788609423311387	9985	03edda458c060cf7	239a643212c3bada
1788609427105689187	0	500	phase_loop[123]	1788609423321376	9985	a475db8c40251c0a	239a643212c3bada
1788609427105689187	0	500	phase_loop[124]	1788609423331377	10006	4ec6b8425217e5e0	239a643212c3bada
1788609427105689187	0	500	phase_loop[125]	1788609423341387	9997	e2dba56bb3293077	239a643212c3bada
1788609427105689187	0	500	phase_loop[126]	1788609423351388	9985	5192ad58d4fc69fb	239a643212c3bada
1788609427105689187	0	500	phase_loop[127]	1788609423361388	9983	66c26b640469f0b1	239a643212c3bada
1788609427105689187	0	500	phase_loop[128]	1788609423371388	9985	e3cd2c711588ba28	239a643212c3bada
1788609427105689187	0	500	phase_loop[129]	1788609423381377	9995	07b2b46e2c23fcf4	239a643212c3bada
1788609427105689187	0	500	phase_loop[130]	1788609423391376	10008	d630d0fab8fef8da	239a643212c3bada
1788609427105689187	0	500	phase_loop[131]	1788609423401388	10040	b824064b3093337c	239a643212c3bada
1788609427105689187	0	500	phase_loop[132]	1788609423411433	9939	0c669160a6ff353d	239a643212c3bada
1788609427105689187	0	500	phase_loop[133]	1788609423421388	9984	a532bce926f71ca9	239a643212c3bada
1788609427105689187	0	500	phase_loop[134]	1788609423431388	9986	91b645c28e86b63e	239a643212c3bada
1788609427105689187	0	500	phase_loop[135]	1788609423441378	9994	c3f795bc214a3280	239a643212c3bada
1788609427105689187	0	500	phase_loop[136]	1788609423451377	10008	0cd331db6daed8f8	239a643212c3bada
1788609427105689187	0	500	phase_loop[137]	1788609423461389	9994	41697a320c734489	239a643212c3bada
1788609427105689187	0	500	phase_loop[138]	1788609423471387	9985	e3122c8a9b4c8567	239a643212c3bada
1788609427105689187	0	500	phase_loop[139]	1788609423481389	9983	9316e54a88172768	239a643212c3bada
1788609427105689187	0	500	phase_loop[140]	1788609423491387	9986	79f9a970713ed0b2	239a643212c3bada
1788609427105689187	0	500	phase_loop[141]	1788609423501377	10007	0ad0d2bb55b3e226	239a643212c3bada
1788609427105689187	0	500	phase_loop[142]	1788609423511389	9997	5b153cf0003fda3c	239a643212c3bada
1788609427105689187	0	500	phase_loop[143]	1788609423521390	9995	85a44e4a03021945	239a643212c3bada
1788609427105689187	0	500	phase_loop[144]	1788609423531388	9984	500fd281155ff687	239a643212c3bada
1788609427105689187	0	500	phase_loop[145]	1788609423541388	9983	d458053dcb128040	239a643212c3bada
1788609427105689187	0	500	phase_loop[146]	1788609423551386	9986	c6fb683dea09cac3	239a643212c3bada
1788609427105689187	0	500	phase_loop[147]	1788609423561376	10007	578c9bb59568e8e5	239a643212c3bada
1788609427105689187	0	500	phase_loop[148]	1788609423571387	9997	82780cbd7c12ff14	239a643212c3bada
1788609427105689187	0	500	phase_loop[149]	1788609423581389	9993	0806e8ec7f5a3dda	239a643212c3bada
1788609427105689187	0	500	phase_loop[150]	1788609423591387	9986	4bf8ac2490d264fa	239a643212c3bada
1788609427105689187	0	500	phase_loop[151]	1788609423601389	9983	088bcbf7f62059e0	239a643212c3bada
1788609427105689187	0	500	phase_loop[152]	1788609423611388	9983	9a01e04bd1a4e19d	239a643212c3bada
1788609427105689187	0	500	phase_loop[153]	1788609423621375	10009	e5045c2905940442	239a643212c3bada
1788609427105689187	0	500	phase_loop[154]	1788609423631388	9998	1f8c7b71a03869cf	239a643212c3bada
1788609427105689187	0	500	phase_loop[155]	1788609423641391	9981	3aa9cd472a3bf887	239a643212c3bada
1788609427105689187	0	500	phase_loop[156]	1788609423651388	9984	bf0e8525788f6668	239a643212c3bada
1788609427105689187	0	500	phase_loop[157]	1788609423661388	9985	c1f095111693829d	239a643212c3bada
1788609427105689187	0	500	phase_loop[158]	1788609423671377	9983	555a5c63474b0f71	239a643212c3bada
1788609427105689187	0	500	phase_loop[159]	1788609423681376	10006	1c3c0832db65a566	239a643212c3bada
1788609427105689187	0	500	phase_loop[160]	1788609423691387	9997	506ed0d41b57cc20	239a643212c3bada
1788609427105689187	0	500	phase_loop[161]	1788609423701388	9986	935fcb36ff4006c9	239a643212c3bada
1788609427105689187	0	500	phase_loop[162]	1788609423711389	9981	e61601388fa76316	239a643212c3bada
1788609427105689187	0	500	phase_loop[163]	1788609423721384	9990	b319a0987c73facc	239a643212c3bada
1788609427105689187	0	500	phase_loop[164]	1788609423731378	10031	4016403073ebf28e	239a643212c3bada
1788609427105689187	0	500	phase_loop[165]	1788609423741415	9980	af0e0e67bbfcc3ff	239a643212c3bada
1788609427105689187	0	500	phase_loop[166]	1788609423751400	9984	91f02670f8d448b8	239a643212c3bada
1788609427105689187	0	500	phase_loop[167]	1788609423761388	9984	451f74ded42151db	239a643212c3bada
1788609427105689187	0	500	phase_loop[168]	1788609423771388	9983	efdfcd3b915750a7	239a643212c3bada
1788609427105689187	0	500	phase_loop[169]	1788609423781385	9987	5d3cee4782db6fa7	239a643212c3bada
1788609427105689187	0	500	phase_loop[170]	1788609423791377	10015	9515d8c00d7e81b9	239a643212c3bada
1788609427105689187	0	500	phase_loop[171]	1788609423801396	9988	40a879d833ccedd3	239a643212c3bada
1788609427105689187	0	500	phase_loop[172]	1788609423811388	9996	a6f25ab5a6bc4e21	239a643212c3bada
1788609427105689187	0	500	phase_loop[173]	1788609423821388	9984	912794251c9a8d73	239a643212c3bada
1788609427105689187	0	500	phase_loop[174]	1788609423831388	9984	078b373b23f5fb97	239a643212c3bada
1788609427105689187	0	500	phase_loop[175]	1788609423841388	9982	4705fd531b548356	239a643212c3bada
1788609427105689187	0	500	phase_loop[176]	1788609423851374	10011	c8d099ae7503f56f	239a643212c3bada
1788609427105689187	0	500	phase_loop[177]	1788609423861389	9994	3b693abce896272c	239a643212c3bada
1788609427105689187	0	500	phase_loop[178]	1788609423871388	9997	fb4eba1c14f88bf9	239a643212c3bada
1788609427105689187	0	500	phase_loop[179]	1788609423881389	9984	c039f843e37f4689	239a643212c3bada
1788609427105689187	0	500	phase_loop[180]	1788609423891388	9985	bd22e89e4176c899	239a643212c3bada
1788609427105689187	0	500	phase_loop[181]	1788609423901388	9984	6ba9d359f0be1f03	239a643212c3bada
1788609427105689187	0	500	phase_loop[182]	1788609423911376	10005	a533c139d7c7874a	239a643212c3bada
1788609427105689187	0	500	phase_loop[183]	1788609423921386	9999	9752fc7a62df3abf	239a643212c3bada
1788609427105689187	0	500	phase_loop[184]	1788609423931389	9995	c5c134fa9c1d908c	239a643212c3bada
1788609427105689187	0	500	phase_loop[185]	1788609423941389	9982	667692991394171c	239a643212c3bada
1788609427105689187	0	500	phase_loop[186]	1788609423951386	9986	3aa7b7e93f240cd9	239a643212c3bada
1788609427105689187	0	500	phase_loop[187]	1788609423961376	9987	288f7a91fe6201c7	239a643212c3bada
1788609427105689187	0	500	phase_loop[188]	1788609423971378	10006	ae6bd2b468ce014e	239a643212c3bada
1788609427105689187	0	500	phase_loop[189]	1788609423981388	9997	f2588361f9d1b807	239a643212c3bada
1788609427105689187	0	500	phase_loop[190]	1788609423991389	9985	894a92a498deedad	239a643212c3bada
1788609427105689187	0	500	phase_loop[191]	1788609424001391	9981	8987f3683542a6a5	239a643212c3bada
1788609427105689187	0	500	phase_loop[192]	1788609424011387	9983	fb3e745874ebe163	239a643212c3bada
1788609427105689187	0	500	phase_loop[193]	1788609424021374	9998	7cabc6ba4d374f5b	239a643212c3bada
1788609427105689187	0	500	phase_loop[194]	1788609424031377	10009	a4c11035fc522135	239a643212c3bada
1788609427105689187	0	500	phase_loop[195]	1788609424041390	9998	9199b5a9dfffae3e	239a643212c3bada
1788609427105689187	0	500	phase_loop[196]	1788609424051392	9980	0c8c36e9871ab18a	239a643212c3bada
1788609427105689187	0	500	phase_loop[197]	1788609424061387	10022	064ae583c14fe75b	239a643212c3bada
1788609427105689187	0	500	phase_loop[198]	1788609424071427	9945	adc6bf9a92753115	239a643212c3bada
1788609427105689187	0	500	phase_loop[199]	1788609424081377	9996	7de70a07332724de	239a643212c3bada
1788609427105689187	0	500	phase_loop[200]	1788609424091377	10008	1a0f62ede766a493	239a643212c3bada
1788609427105689187	0	500	phase_loop[201]	1788609424101389	9995	c9ca27598b460343	239a643212c3bada
1788609427105689187	0	500	phase_loop[202]	1788609424111388	9984	a3ebe26412706743	239a643212c3bada
1788609427105689187	0	500	phase_loop[203]	1788609424121387	9990	50218719457df643	239a643212c3bada
1788609427105689187	0	500	phase_loop[204]	1788609424131394	9978	0a4987596d5981f7	239a643212c3bada
1788609427105689187	0	500	phase_loop[205]	1788609424141376	10009	fdef9283e48e0112	239a643212c3bada
1788609427105689187	0	500	phase_loop[206]	1788609424151389	9995	5c30c6de2b4ad66f	239a643212c3bada
1788609427105689187	0	500	phase_loop[207]	1788609424161388	9997	b14b2bb7d02516cc	239a643212c3bada
1788609427105689187	0	500	phase_loop[208]	1788609424171389	9984	99bb599695fb2eae	239a643212c3bada
1788609427105689187	0	500	phase_loop[209]	1788609424181390	9980	7f0079322d16c319	239a643212c3bada
1788609427105689187	0	500	phase_loop[210]	1788609424191385	9987	7d25a834ca864ea6	239a643212c3bada
1788609427105689187	0	500	phase_loop[211]	1788609424201376	10008	e8e1a6433d2be5a1	239a643212c3bada
1788609427105689187	0	500	phase_loop[212]	1788609424211388	9996	52d94d09dfebc38e	239a643212c3bada
1788609427105689187	0	500	phase_loop[213]	1788609424221388	9995	d3db51bedc92444e	239a643212c3bada
1788609427105689187	0	500	phase_loop[214]	1788609424231388	9984	7f2a66afcf6706ef	239a643212c3bada
1788609427105689187	0	500	phase_loop[215]	1788609424241388	9984	a8bc1d889c8d6e12	239a643212c3bada
1788609427105689187	0	500	phase_loop[216]	1788609424251387	9986	ce22ae2b98505d3b	239a643212c3bada
1788609427105689187	0	500	phase_loop[217]	1788609424261377	10009	2e3a35b8dd0533ef	239a643212c3bada
1788609427105689187	0	500	phase_loop[218]	1788609424271390	9995	5135300e37aeff6f	239a643212c3bada
1788609427105689187	0	500	phase_loop[219]	1788609424281390	9982	3f9d4894838df071	239a643212c3bada
1788609427105689187	0	500	phase_loop[220]	1788609424291388	9984	2d296547112168de	239a643212c3bada
1788609427105689187	0	500	phase_loop[221]	1788609424301387	9985	adc5cc3f9994bda5	239a643212c3bada
1788609427105689187	0	500	phase_loop[222]	1788609424311376	9983	afa9b4a2bee9b84e	239a643212c3bada
1788609427105689187	0	500	phase_loop[223]	1788609424321374	10010	341727c603869bdc	239a643212c3bada
1788609427105689187	0	500	phase_loop[224]	1788609424331388	9996	f4a117b3df3db26c	239a643212c3bada
1788609427105689187	0	500	phase_loop[225]	1788609424341388	9982	b16ec5b482d9f791	239a643212c3bada
1788609427105689187	0	500	phase_loop[226]	1788609424351384	9987	efe171de345e7b15	239a643212c3bada
1788609427105689187	0	500	phase_loop[227]	1788609424361387	9986	cc524670f1042f59	239a643212c3bada
1788609427105689187	0	500	phase_loop[228]	1788609424371377	9995	dba02d1cd41624eb	239a643212c3bada
1788609427105689187	0	500	phase_loop[229]	1788609424381376	10011	19f5f68dd4f03beb	239a643212c3bada
1788609427105689187	0	500	phase_loop[230]	1788609424391392	10053	704e4fcf7ea9296a	239a643212c3bada
1788609427105689187	0	500	phase_loop[231]	1788609424401449	9923	c75cb7808b0334e9	239a643212c3bada
1788609427105689187	0	500	phase_loop[232]	1788609424411390	9982	c637636d09df7296	239a643212c3bada
1788609427105689187	0	500	phase_loop[233]	1788609424421388	9986	9e06523ced5f7e70	239a643212c3bada
1788609427105689187	0	500	phase_loop[234]	1788609424431378	10005	856be94d695d5256	239a643212c3bada
1788609427105689187	0	500	phase_loop[235]	1788609424441388	9993	3841be9f8e7772b4	239a643212c3bada
1788609427105689187	0	500	phase_loop[236]	1788609424451385	10000	b4316c8f61507732	239a643212c3bada
1788609427105689187	0	500	phase_loop[237]	1788609424461389	9984	4b45aa0439b8b436	239a643212c3bada
1788609427105689187	0	500	phase_loop[238]	1788609424471388	9984	00100eab2ea2e535	239a643212c3bada
1788609427105689187	0	500	phase_loop[239]	1788609424481388	9983	168c3b2df0bcb76e	239a643212c3bada
1788609427105689187	0	500	phase_loop[240]	1788609424491375	10008	26d348d3e598e74f	239a643212c3bada
1788609427105689187	0	500	phase_loop[241]	1788609424501388	9998	6bf90bc058694669	239a643212c3bada
1788609427105689187	0	500	phase_loop[242]	1788609424511390	9995	2ffe5a5969650a0c	239a643212c3bada
1788609427105689187	0	500	phase_loop[243]	1788609424521389	9984	f2a6d2e370f7630e	239a643212c3bada
1788609427105689187	0	500	phase_loop[244]	1788609424531388	9987	66476ce529bfa448	239a643212c3bada
1788609427105689187	0	500	phase_loop[245]	1788609424541391	9980	9d2313d9d79ad2ef	239a643212c3bada
1788609427105689187	0	500	phase_loop[246]	1788609424551375	10010	42ba540bcb662012	239a643212c3bada
1788609427105689187	0	500	phase_loop[247]	1788609424561389	9998	90b9ca8c609f5a96	239a643212c3bada
1788609427105689187	0	500	phase_loop[248]	1788609424571391	9992	fa22724ec663c3da	239a643212c3bada
1788609427105689187	0	500	phase_loop[249]	1788609424581387	9984	5c959b1be388a254	239a643212c3bada
1788609427105689187	0	500	phase_loop[250]	1788609424591387	9985	30177930706df65e	239a643212c3bada
1788609427105689187	0	500	phase_loop[251]	1788609424601376	9983	62bfcad631c3e198	239a643212c3bada
1788609427105689187	0	500	phase_loop[252]	1788609424611376	10005	8720f2cba2a01372	239a643212c3bada
1788609427105689187	0	500	phase_loop[253]	1788609424621386	9998	5d0ac74b3a5b1d80	239a643212c3bada
1788609427105689187	0	500	phase_loop[254]	1788609424631389	9985	3e1b109841dfa7bc	239a643212c3bada
1788609427105689187	0	500	phase_loop[255]	1788609424641389	9981	79142001f278d41f	239a643212c3bada
1788609427105689187	0	500	phase_loop[256]	1788609424651385	9987	6fc187f3cd5fb883	239a643212c3bada
1788609427105689187	0	500	phase_loop[257]	1788609424661375	9998	7ba28b3c8b91e4ec	239a643212c3bada
1788609427105689187	0	500	phase_loop[258]	1788609424671378	10005	9ba570f6ee3922d4	239a643212c3bada
1788609427105689187	0	500	phase_loop[259]	1788609424681387	10002	178123dabfea9aac	239a643212c3bada
1788609427105689187	0	500	phase_loop[260]	1788609424691393	9980	3bb8ad962418bfea	239a643212c3bada
1788609427105689187	0	500	phase_loop[261]	1788609424701388	9988	6d34d8780462b79d	239a643212c3bada
1788609427105689187	0	500	phase_loop[262]	1788609424711391	9980	c9bb5d77ebe13ce0	239a643212c3bada
1788609427105689187	0	500	phase_loop[263]	1788609424721376	10038	66d35d848798d07e	239a643212c3bada
1788609427105689187	0	500	phase_loop[264]	1788609424731419	9974	c6a31bb918ba3794	239a643212c3bada
1788609427105689187	0	500	phase_loop[265]	1788609424741397	9984	5c8a61e97a8a24d9	239a643212c3bada
1788609427105689187	0	500	phase_loop[266]	1788609424751385	9986	05268ab015084753	239a643212c3bada
1788609427105689187	0	500	phase_loop[267]	1788609424761387	9985	c9606ee0e7f54f23	239a643212c3bada
1788609427105689187	0	500	phase_loop[268]	1788609424771387	9984	a388d6d44086d0c4	239a643212c3bada
1788609427105689187	0	500	phase_loop[269]	1788609424781376	10007	216fbac8d02baf9d	239a643212c3bada
1788609427105689187	0	500	phase_loop[270]	1788609424791388	9996	04979f05e32f5671	239a643212c3bada
1788609427105689187	0	500	phase_loop[271]	1788609424801389	9995	8bb245432a694afd	239a643212c3bada
1788609427105689187	0	500	phase_loop[272]	1788609424811387	9984	4802755d2a3c7596	239a643212c3bada
1788609427105689187	0	500	phase_loop[273]	1788609424821388	9985	89f76d5cf2400cf4	239a643212c3bada
1788609427105689187	0	500	phase_loop[274]	1788609424831388	9985	3bedcf0fff82c980	239a643212c3bada
1788609427105689187	0	500	phase_loop[275]	1788609424841378	10004	8fdd8a2cc83b6f15	239a643212c3bada
1788609427105689187	0	500	phase_loop[276]	1788609424851386	9998	0b588f5fa70a1e12	239a643212c3bada
1788609427105689187	0	500	phase_loop[277]	1788609424861388	9993	9c8a5addd6a69458	239a643212c3bada
1788609427105689187	0	500	phase_loop[278]	1788609424871385	9986	0d9cff970e690572	239a643212c3bada
1788609427105689187	0	500	phase_loop[279]	1788609424881385	9987	081fa470903d5fa6	239a643212c3bada
1788609427105689187	0	500	phase_loop[280]	1788609424891386	9987	b12e4407a4cb85bc	239a643212c3bada
1788609427105689187	0	500	phase_loop[281]	1788609424901378	10007	39f542cbcac1debc	239a643212c3bada
1788609427105689187	0	500	phase_loop[282]	1788609424911389	9991	cf65ea22d75856b2	239a643212c3bada
1788609427105689187	0	500	phase_loop[283]	1788609424921384	9988	73c0ed11bd47df8e	239a643212c3bada
1788609427105689187	0	500	phase_loop[284]	1788609424931388	9985	12527e98a724b250	239a643212c3bada
1788609427105689187	0	500	phase_loop[285]	1788609424941389	9982	8dddc6ad107d5da2	239a643212c3bada
1788609427105689187	0	500	phase_loop[286]	1788609424951375	9985	9931dfe7440da075	239a643212c3bada
1788609427105689187	0	500	phase_loop[287]	1788609424961375	10011	1ef27f8e927cab46	239a643212c3bada
1788609427105689187	0	500	phase_loop[288]	1788609424971390	9991	8f716370150a7f7c	239a643212c3bada
1788609427105689187	0	500	phase_loop[289]	1788609424981385	9988	b1c3455a829d8adc	239a643212c3bada
1788609427105689187	0	500	phase_loop[290]	1788609424991388	9985	8e16c266b81e3346	239a643212c3bada
1788609427105689187	0	500	phase_loop[291]	1788609425001391	9985	7fac3db9a534f3a8	239a643212c3bada
1788609427105689187	0	500	phase_loop[292]	1788609425011380	9995	626c39e70f168d6e	239a643212c3bada
1788609427105689187	0	500	phase_loop[293]	1788609425021379	10005	7ea29197432fdd53	239a643212c3bada
1788609427105689187	0	500	phase_loop[294]	1788609425031389	9995	ad8999443f6d1af6	239a643212c3bada
1788609427105689187	0	500	phase_loop[295]	1788609425041387	9987	09bc5a7f53e87800	239a643212c3bada
1788609427105689187	0	500	phase_loop[296]	1788609425051389	10021	4fd17a68ac7cb869	239a643212c3bada
1788609427105689187	0	500	phase_loop[297]	1788609425061429	9946	6f0c2863febafe1f	239a643212c3bada
1788609427105689187	0	500	phase_loop[298]	1788609425071380	10007	73821ecb96fb1320	239a643212c3bada
1788609427105689187	0	500	phase_loop[299]	1788609425081391	9992	eb9af30d1f3dc380	239a643212c3bada
1788609427105689187	0	500	phase_loop[300]	1788609425091387	9996	83a5baab65dcd093	239a643212c3bada
1788609427105689187	0	500	phase_loop[301]	1788609425101387	9984	37f828423c9da4a3	239a643212c3bada
1788609427105689187	0	500	phase_loop[302]	1788609425111387	9985	8e3815b1a11fa826	239a643212c3bada
1788609427105689187	0	500	phase_loop[303]	1788609425121387	9986	825a7470d1732421	239a643212c3bada
1788609427105689187	0	500	phase_loop[304]	1788609425131378	10006	5f9bd00de9814c68	239a643212c3bada
1788609427105689187	0	500	phase_loop[305]	1788609425141388	9993	239ceee680f28f1e	239a643212c3bada
1788609427105689187	0	500	phase_loop[306]	1788609425151385	10000	1b3da8a18a50bc2c	239a643212c3bada
1788609427105689187	0	500	phase_loop[307]	1788609425161390	9983	9f4b3bf969fabfd3	239a643212c3bada
1788609427105689187	0	500	phase_loop[308]	1788609425171388	9984	c05e4920cff93241	239a643212c3bada
1788609427105689187	0	500	phase_loop[309]	1788609425181387	9986	eb3e6b20711c70ba	239a643212c3bada
1788609427105689187	0	500	phase_loop[310]	1788609425191377	10008	249cf5a7db85cd26	239a643212c3bada
1788609427105689187	0	500	phase_loop[311]	1788609425201389	9994	cfb1f008c16eedb4	239a643212c3bada
1788609427105689187	0	500	phase_loop[312]	1788609425211387	9993	120c9cb3f494eb81	239a643212c3bada
1788609427105689187	0	500	phase_loop[313]	1788609425221385	9987	5726c208d9b3826d	239a643212c3bada
1788609427105689187	0	500	phase_loop[314]	1788609425231388	9984	cfb9d18e74543972	239a643212c3bada
1788609427105689187	0	500	phase_loop[315]	1788609425241376	9984	1ddfcad2f5be32f1	239a643212c3bada
1788609427105689187	0	500	phase_loop[316]	1788609425251375	10009	301f9eaad3bf4139	239a643212c3bada
1788609427105689187	0	500	phase_loop[317]	1788609425261388	9996	1e65b888535919c3	239a643212c3bada
1788609427105689187	0	500	phase_loop[318]	1788609425271388	9983	3f6e324c3790bc2f	239a643212c3bada
1788609427105689187	0	500	phase_loop[319]	1788609425281384	9987	52631a48a65dd702	239a643212c3bada
1788609427105689187	0	500	phase_loop[320]	1788609425291387	9985	c4df3a3d969ac0ae	239a643212c3bada
1788609427105689187	0	500	phase_loop[321]	1788609425301377	9995	f5c7d69af061c556	239a643212c3bada
1788609427105689187	0	500	phase_loop[322]	1788609425311376	10005	8d7d07cb0b98257b	239a643212c3bada
1788609427105689187	0	500	phase_loop[323]	1788609425321385	10000	768754071b8a6d1c	239a643212c3bada
1788609427105689187	0	500	phase_loop[324]	1788609425331389	9983	ec5193e938295da4	239a643212c3bada
1788609427105689187	0	500	phase_loop[325]	1788609425341388	9986	1c25c776db516b83	239a643212c3bada
1788609427105689187	0	500	phase_loop[326]	1788609425351390	9982	d1408dabf91e814b	239a643212c3bada
1788609427105689187	0	500	phase_loop[327]	1788609425361376	9997	69634a4c80e457d5	239a643212c3bada
1788609427105689187	0	500	phase_loop[328]	1788609425371377	10006	26fa106b425fb116	239a643212c3bada
1788609427105689187	0	500	phase_loop[329]	1788609425381388	10034	27e594d69e658f02	239a643212c3bada
1788609427105689187	0	500	phase_loop[330]	1788609425391426	9947	1a444d438c58274e	239a643212c3bada
1788609427105689187	0	500	phase_loop[331]	1788609425401393	9979	2f6f14844b10dd9a	239a643212c3bada
1788609427105689187	0	500	phase_loop[332]	1788609425411387	9986	3ec4453f5f4f5686	239a643212c3bada
1788609427105689187	0	500	phase_loop[333]	1788609425421378	10007	c11731132414c3d4	239a643212c3bada
1788609427105689187	0	500	phase_loop[334]	1788609425431389	9994	c3fc903eba35cdbc	239a643212c3bada
1788609427105689187	0	500	phase_loop[335]	1788609425441387	9997	b31cb13674daeff9	239a643212c3bada
1788609427105689187	0	500	phase_loop[336]	1788609425451388	9983	07b110303d414320	239a643212c3bada
1788609427105689187	0	500	phase_loop[337]	1788609425461387	9986	cd74dd192c67706c	239a643212c3bada
1788609427105689187	0	500	phase_loop[338]	1788609425471388	9986	01c35de83b0db5ad	239a643212c3bada
1788609427105689187	0	500	phase_loop[339]	1788609425481379	10010	a1521d20bf705193	239a643212c3bada
1788609427105689187	0	500	phase_loop[340]	1788609425491392	9996	17ec285c9f4da873	239a643212c3bada
1788609427105689187	0	500	phase_loop[341]	1788609425501393	9991	5c0926c3dfd80681	239a643212c3bada
1788609427105689187	0	500	phase_loop[342]	1788609425511388	9984	4d199c91ba82c03d	239a643212c3bada
1788609427105689187	0	500	phase_loop[343]	1788609425521386	9989	25f627c493045b4c	239a643212c3bada
1788609427105689187	0	500	phase_loop[344]	1788609425531391	9981	a35dae23c5c48f6a	239a643212c3bada
1788609427105689187	0	500	phase_loop[345]	1788609425541376	10005	a640011b359352d8	239a643212c3bada
1788609427105689187	0	500	phase_loop[346]	1788609425551385	10009	20c50395f360524b	239a643212c3bada
1788609427105689187	0	500	phase_loop[347]	1788609425561400	9972	261ec63102919bc6	239a643212c3bada
1788609427105689187	0	500	phase_loop[348]	1788609425571387	9984	789a1556d6c58ff5	239a643212c3bada
1788609427105689187	0	500	phase_loop[349]	1788609425581386	9986	843961994abbdcb0	239a643212c3bada
1788609427105689187	0	500	phase_loop[350]	1788609425591376	9987	0ffbfee76ddaa950	239a643212c3bada
1788609427105689187	0	500	phase_loop[351]	1788609425601378	10006	a881d07c1d72b03b	239a643212c3bada
1788609427105689187	0	500	phase_loop[352]	1788609425611388	9992	61d5bb9ce3d4f2bd	239a643212c3bada
1788609427105689187	0	500	phase_loop[353]	1788609425621384	9988	6f36be941c988077	239a643212c3bada
1788609427105689187	0	500	phase_loop[354]	1788609425631388	9983	23f00549d4785c48	239a643212c3bada
1788609427105689187	0	500	phase_loop[355]	1788609425641385	9989	2e956f1991ca8ea2	239a643212c3bada
1788609427105689187	0	500	phase_loop[356]	1788609425651379	9993	772c6815e9b50ab4	239a643212c3bada
1788609427105689187	0	500	phase_loop[357]	1788609425661376	10010	203ba873af741449	239a643212c3bada
1788609427105689187	0	500	phase_loop[358]	1788609425671391	9992	dc8ad93702588c8e	239a643212c3bada
1788609427105689187	0	500	phase_loop[359]	1788609425681387	9984	18521c1ce436b90d	239a643212c3bada
1788609427105689187	0	500	phase_loop[360]	1788609425691387	9985	1f31f4aa2b9a9880	239a643212c3bada
1788609427105689187	0	500	phase_loop[361]	1788609425701387	9983	69f31cbdaef5e000	239a643212c3bada
1788609427105689187	0	500	phase_loop[362]	1788609425711375	10052	299c59569298f46a	239a643212c3bada
1788609427105689187	0	500	phase_loop[363]	1788609425721432	9955	8046951ae7c8b592	239a643212c3bada
1788609427105689187	0	500	phase_loop[364]	1788609425731392	9992	6936704db6b10d71	239a643212c3bada
1788609427105689187	0	500	phase_loop[365]	1788609425741388	9982	626c6ba1178da652	239a643212c3bada
1788609427105689187	0	500	phase_loop[366]	1788609425751384	9987	243e0a6e81efdfbc	239a643212c3bada
1788609427105689187	0	500	phase_loop[367]	1788609425761387	9986	dab71bd2b14828d6	239a643212c3bada
1788609427105689187	0	500	phase_loop[368]	1788609425771377	10007	e6e5c97d46b10158	239a643212c3bada
1788609427105689187	0	500	phase_loop[369]	1788609425781388	9997	972dc9dc2cb8eed8	239a643212c3bada
1788609427105689187	0	500	phase_loop[370]	1788609425791389	9997	845dc49f9f47ae85	239a643212c3bada
1788609427105689187	0	500	phase_loop[371]	1788609425801391	9980	904fb464585731c3	239a643212c3bada
1788609427105689187	0	500	phase_loop[372]	1788609425811387	9985	a56aeafb4550130e	239a643212c3bada
1788609427105689187	0	500	phase_loop[373]	1788609425821387	9986	a45ad3b59bae2bf7	239a643212c3bada
1788609427105689187	0	500	phase_loop[374]	1788609425831378	10005	830167ee8a941a8c	239a643212c3bada
1788609427105689187	0	500	phase_loop[375]	1788609425841387	9996	835b7a7fb9240ee7	239a643212c3bada
1788609427105689187	0	500	phase_loop[376]	1788609425851387	9996	811e96b6e8ea8717	239a643212c3bada
1788609427105689187	0	500	phase_loop[377]	1788609425861387	9986	c759113144dbb984	239a643212c3bada
1788609427105689187	0	500	phase_loop[378]	1788609425871388	9983	b3e87ff392955ee1	239a643212c3bada
1788609427105689187	0	500	phase_loop[379]	1788609425881376	9985	8e7819ecefd1cafa	239a643212c3bada
1788609427105689187	0	500	phase_loop[380]	1788609425891376	10009	4e2e01726cb1e264	239a643212c3bada
1788609427105689187	0	500	phase_loop[381]	1788609425901390	9994	4dcc25f397e12972	239a643212c3bada
1788609427105689187	0	500	phase_loop[382]	1788609425911388	9984	b15c01f14602fe52	239a643212c3bada
1788609427105689187	0	500	phase_loop[383]	1788609425921386	9986	e0ce9804c15cd6ac	239a643212c3bada
1788609427105689187	0	500	phase_loop[384]	1788609425931388	9984	d67c114915a85af4	239a643212c3bada
1788609427105689187	0	500	phase_loop[385]	1788609425941376	9997	a875122a170708e8	239a643212c3bada
1788609427105689187	0	500	phase_loop[386]	1788609425951377	10005	a80fabef54dd18f9	239a643212c3bada
1788609427105689187	0	500	phase_loop[387]	1788609425961386	10000	650fd5c866916b73	239a643212c3bada
1788609427105689187	0	500	phase_loop[388]	1788609425971390	9982	6c15f842ce19ebc8	239a643212c3bada
1788609427105689187	0	500	phase_loop[389]	1788609425981388	9983	2eb094c35b11e5ff	239a643212c3bada
1788609427105689187	0	500	phase_loop[390]	1788609425991386	9987	57f7fbdd8c4b984f	239a643212c3bada
1788609427105689187	0	500	phase_loop[391]	1788609426001377	9995	c2a6b8ccd0da9001	239a643212c3bada
1788609427105689187	0	500	phase_loop[392]	1788609426011377	10007	fc165e1274b847e7	239a643212c3bada
1788609427105689187	0	500	phase_loop[393]	1788609426021389	9995	1264057718ee106e	239a643212c3bada
1788609427105689187	0	500	phase_loop[394]	1788609426031388	9985	6b0cb0185e37be50	239a643212c3bada
1788609427105689187	0	500	phase_loop[395]	1788609426041388	10015	b13101a91294f1f6	239a643212c3bada
1788609427105689187	0	500	phase_loop[396]	1788609426051419	9953	cc11ca3c13d53f57	239a643212c3bada
1788609427105689187	0	500	phase_loop[397]	1788609426061378	10007	11a40060a2f8f97a	239a643212c3bada
1788609427105689187	0	500	phase_loop[398]	1788609426071388	9996	ae58bf82f56717ae	239a643212c3bada
1788609427105689187	0	500	phase_loop[399]	1788609426081388	9997	9a0a10f2db1bad85	239a643212c3bada
1788609427105689187	0	500	phase_loop[400]	1788609426091390	9985	56436df3ef0b57d4	239a643212c3bada
1788609427105689187	0	500	phase_loop[401]	1788609426101390	9984	cd5ea337a2b19e60	239a643212c3bada
1788609427105689187	0	500	phase_loop[402]	1788609426111389	9985	6871717a4aa74d94	239a643212c3bada
1788609427105689187	0	500	phase_loop[403]	1788609426121379	10004	daa2fea6435e9342	239a643212c3bada
1788609427105689187	0	500	phase_loop[404]	1788609426131387	9997	576512cb84290295	239a643212c3bada
1788609427105689187	0	500	phase_loop[405]	1788609426141389	9995	13df0e07cf7aa3f0	239a643212c3bada
1788609427105689187	0	500	phase_loop[406]	1788609426151388	9984	29b7f25e7201059a	239a643212c3bada
1788609427105689187	0	500	phase_loop[407]	1788609426161387	9986	73fff248e631e401	239a643212c3bada
1788609427105689187	0	500	phase_loop[408]	1788609426171388	9983	77d0f9b6e203b0a2	239a643212c3bada
1788609427105689187	0	500	phase_loop[409]	1788609426181376	10009	9da1cce7c8c8e793	239a643212c3bada
1788609427105689187	0	500	phase_loop[410]	1788609426191389	9996	5d60e125bddd0c00	239a643212c3bada
1788609427105689187	0	500	phase_loop[411]	1788609426201389	9983	ce39bcaa1c33d907	239a643212c3bada
1788609427105689187	0	500	phase_loop[412]	1788609426211388	9983	ef0575078357572a	239a643212c3bada
1788609427105689187	0	500	phase_loop[413]	1788609426221385	9987	33283155344dd750	239a643212c3bada
1788609427105689187	0	500	phase_loop[414]	1788609426231376	9985	43dba125c6510be4	239a643212c3bada
1788609427105689187	0	500	phase_loop[415]	1788609426241377	10007	228e338d4c881a31	239a643212c3bada
1788609427105689187	0	500	phase_loop[416]	1788609426251388	9995	1d4e0d4d3cdb1f28	239a643212c3bada
1788609427105689187	0	500	phase_loop[417]	1788609426261387	9989	b3437d17a4e0be40	239a643212c3bada
1788609427105689187	0	500	phase_loop[418]	1788609426271393	9978	ca096a03ff6afa76	239a643212c3bada
1788609427105689187	0	500	phase_loop[419]	1788609426281386	9987	20a5782ba87e47e4	239a643212c3bada
1788609427105689187	0	500	phase_loop[420]	1788609426291376	9998	60dcec6df4dbd6ed	239a643212c3bada
1788609427105689187	0	500	phase_loop[421]	1788609426301378	10006	d3a72d6a1f2fe58d	239a643212c3bada
1788609427105689187	0	500	phase_loop[422]	1788609426311389	9994	c972a5d45a83679e	239a643212c3bada
1788609427105689187	0	500	phase_loop[423]	1788609426321387	9985	e24d19bfbbfc5c81	239a643212c3bada
1788609427105689187	0	500	phase_loop[424]	1788609426331387	9984	4a5aaf0384809b39	239a643212c3bada
1788609427105689187	0	500	phase_loop[425]	1788609426341387	9983	b8654cb5bdee5dee	239a643212c3bada
1788609427105689187	0	500	phase_loop[426]	1788609426351374	10008	a9908eb96a1afc76	239a643212c3bada
1788609427105689187	0	500	phase_loop[427]	1788609426361387	9999	211806a1ed95c0e7	239a643212c3bada
1788609427105689187	0	500	phase_loop[428]	1788609426371390	10031	d574d84f6700604c	239a643212c3bada
1788609427105689187	0	500	phase_loop[429]	1788609426381426	9945	b97ab247f8e78e7d	239a643212c3bada
1788609427105689187	0	500	phase_loop[430]	1788609426391389	9984	06d166d74ec78665	239a643212c3bada
1788609427105689187	0	500	phase_loop[431]	1788609426401390	9982	1838092bee1ddcf4	239a643212c3bada
1788609427105689187	0	500	phase_loop[432]	1788609426411376	10005	ca1480cb4194e108	239a643212c3bada
1788609427105689187	0	500	phase_loop[433]	1788609426421386	9999	f5dcdc5d18f01a0d	239a643212c3bada
1788609427105689187	0	500	phase_loop[434]	1788609426431389	9995	8e614208770e8ce1	239a643212c3bada
1788609427105689187	0	500	phase_loop[435]	1788609426441388	9985	06fca48456119ae0	239a643212c3bada
1788609427105689187	0	500	phase_loop[436]	1788609426451387	9984	60d9942c896681ba	239a643212c3bada
1788609427105689187	0	500	phase_loop[437]	1788609426461387	9987	fdcc82be1932aaa5	239a643212c3bada
1788609427105689187	0	500	phase_loop[438]	1788609426471379	10004	bd7b499a1119ae4d	239a643212c3bada
1788609427105689187	0	500	phase_loop[439]	1788609426481387	9996	1c9139d8853ae4f2	239a643212c3bada
1788609427105689187	0	500	phase_loop[440]	1788609426491387	9997	66fb9a63fb2f1f2e	239a643212c3bada
1788609427105689187	0	500	phase_loop[441]	1788609426501388	9983	aeb48a6eedb34e7c	239a643212c3bada
1788609427105689187	0	500	phase_loop[442]	1788609426511387	9984	6d4083902248fd47	239a643212c3bada
1788609427105689187	0	500	phase_loop[443]	1788609426521374	9989	3479aa6399df6564	239a643212c3bada
1788609427105689187	0	500	phase_loop[444]	1788609426531377	10007	9075f52221f5df11	239a643212c3bada
1788609427105689187	0	500	phase_loop[445]	1788609426541388	9995	71427a601d2c487c	239a643212c3bada
1788609427105689187	0	500	phase_loop[446]	1788609426551388	9983	348daff4cb9346e1	239a643212c3bada
1788609427105689187	0	500	phase_loop[447]	1788609426561387	9986	77c9b03ba462ce53	239a643212c3bada
1788609427105689187	0	500	phase_loop[448]	1788609426571389	9981	4e10ac677bf38154	239a643212c3bada
1788609427105689187	0	500	phase_loop[449]	1788609426581374	9999	5420fcf686cc9952	239a643212c3bada
1788609427105689187	0	500	phase_loop[450]	1788609426591377	10007	a6fe0940665854b7	239a643212c3bada
1788609427105689187	0	500	phase_loop[451]	1788609426601389	9995	48cda81e81f135b0	239a643212c3bada
1788609427105689187	0	500	phase_loop[452]	1788609426611388	9983	6864447fec2b4124	239a643212c3bada
1788609427105689187	0	500	phase_loop[453]	1788609426621386	9986	b1de3c099e4dda34	239a643212c3bada
1788609427105689187	0	500	phase_loop[454]	1788609426631388	9985	89249c54005bd619	239a643212c3bada
1788609427105689187	0	500	phase_loop[455]	1788609426641377	9993	efd59dc9b13df8b5	239a643212c3bada
1788609427105689187	0	500	phase_loop[456]	1788609426651375	10009	a015f9c4ccc1071c	239a643212c3bada
1788609427105689187	0	500	phase_loop[457]	1788609426661388	9993	c7fd17c9d39e3a4d	239a643212c3bada
1788609427105689187	0	500	phase_loop[458]	1788609426671385	9986	9b36d2fa34129ad0	239a643212c3bada
1788609427105689187	0	500	phase_loop[459]	1788609426681388	9983	a47b89e5df038a99	239a643212c3bada
1788609427105689187	0	500	phase_loop[460]	1788609426691385	9988	552b60f88ddf72ff	239a643212c3bada
1788609427105689187	0	500	phase_loop[461]	1788609426701378	10039	e104d2aaa12bef75	239a643212c3bada
1788609427105689187	0	500	phase_loop[462]	1788609426711421	9962	2ba0beacd4ae803f	239a643212c3bada
1788609427105689187	0	500	phase_loop[463]	1788609426721387	9993	6141eed2e030bbf9	239a643212c3bada
1788609427105689187	0	500	phase_loop[464]	1788609426731385	9993	ce1445608df8714c	239a643212c3bada
1788609427105689187	0	500	phase_loop[465]	1788609426741393	9979	3208f54e557351c2	239a643212c3bada
1788609427105689187	0	500	phase_loop[466]	1788609426751388	9985	f1a1b5a39b5a0fbc	239a643212c3bada
1788609427105689187	0	500	phase_loop[467]	1788609426761378	10007	3f58cf2fdd8e7560	239a643212c3bada
1788609427105689187	0	500	phase_loop[468]	1788609426771389	9995	8b5cc27b88157857	239a643212c3bada
1788609427105689187	0	500	phase_loop[469]	1788609426781389	9994	9f3aa6671d675a49	239a643212c3bada
1788609427105689187	0	500	phase_loop[470]	1788609426791387	9994	8bb9f7abd864a02e	239a643212c3bada
1788609427105689187	0	500	phase_loop[471]	1788609426801396	9975	46cc80f5caf21162	239a643212c3bada
1788609427105689187	0	500	phase_loop[472]	1788609426811386	9984	1697d8dd90561787	239a643212c3bada
1788609427105689187	0	500	phase_loop[473]	1788609426821375	10010	8534e386eb877bcf	239a643212c3bada
1788609427105689187	0	500	phase_loop[474]	1788609426831388	9998	2ac52d606018f59c	239a643212c3bada
1788609427105689187	0	500	phase_loop[475]	1788609426841391	9980	d7ce67539993bac3	239a643212c3bada
1788609427105689187	0	500	phase_loop[476]	1788609426851388	9983	9916bedb7f631577	239a643212c3bada
1788609427105689187	0	500	phase_loop[477]	1788609426861387	9986	e9f7e264af4d84e8	239a643212c3bada
1788609427105689187	0	500	phase_loop[478]	1788609426871377	9982	b040e2ffa62679b1	239a643212c3bada
1788609427105689187	0	500	phase_loop[479]	1788609426881374	10009	bd7ab19a03d74290	239a643212c3bada
1788609427105689187	0	500	phase_loop[480]	1788609426891388	9998	fa2c3790478e48ac	239a643212c3bada
1788609427105689187	0	500	phase_loop[481]	1788609426901389	9982	64164e0f5393caa1	239a643212c3bada
1788609427105689187	0	500	phase_loop[482]	1788609426911388	9983	64448756b3b04911	239a643212c3bada
1788609427105689187	0	500	phase_loop[483]	1788609426921384	9991	f58bd6bb45b00707	239a643212c3bada
1788609427105689187	0	500	phase_loop[484]	1788609426931379	9994	f71f4a099a1de3cd	239a643212c3bada
1788609427105689187	0	500	phase_loop[485]	1788609426941378	10003	ff4db8fb993ff9e7	239a643212c3bada
1788609427105689187	0	500	phase_loop[486]	1788609426951385	9997	5cd3f833d7f012bd	239a643212c3bada
1788609427105689187	0	500	phase_loop[487]	1788609426961386	9986	4cd9b5b26fd31792	239a643212c3bada
1788609427105689187	0	500	phase_loop[488]	1788609426971387	9984	480c2180ba086b49	239a643212c3bada
1788609427105689187	0	500	phase_loop[489]	1788609426981387	9984	b13363c96c8d316f	239a643212c3bada
1788609427105689187	0	500	phase_loop[490]	1788609426991376	10008	93f157892f47068b	239a643212c3bada
1788609427105689187	0	500	phase_loop[491]	1788609427001388	9995	ddf86f08e0663992	239a643212c3bada
1788609427105689187	0	500	phase_loop[492]	1788609427011387	9993	1b8f9609e387ef8f	239a643212c3bada
1788609427105689187	0	500	phase_loop[493]	1788609427021384	9988	40ca923bc325b2ad	239a643212c3bada
1788609427105689187	0	500	phase_loop[494]	1788609427031388	10020	19ecb6b311464a0f	239a643212c3bada
1788609427105689187	0	500	phase_loop[495]	1788609427041426	9945	3e3e43a204af767f	239a643212c3bada
1788609427105689187	0	500	phase_loop[496]	1788609427051375	10010	6c41485ba0745e65	239a643212c3bada
1788609427105689187	0	500	phase_loop[497]	1788609427061390	9996	3d20b0fd3d695369	239a643212c3bada
1788609427105689187	0	500	phase_loop[498]	1788609427071390	9994	567de11b09fa22b4	239a643212c3bada
1788609427113970773	1	2	phase_loop[499]	1788609427081388	9985	6eed59a2b7a4ceab	239a643212c3bada
1788609427113970773	1	2	phase_loop[500]	1788609427091378	9996	fcdd2fc53c8d39fb	239a643212c3bada
1788609427115848754	2	1	phase_loop[501]	1788609427101378	9997	f26250a2387d1ceb	239a643212c3bada
1788609432102315895	3	498	phase_loop[502]	1788609427111379	9995	4a10a79bd4213e8f	239a643212c3bada
1788609432102315895	3	498	phase_loop[503]	1788609427121378	9993	0fb5ddfc1809d005	239a643212c3bada
1788609432102315895	3	498	phase_loop[504]	1788609427131377	9996	9a56794479cf2389	239a643212c3bada
1788609432102315895	3	498	phase_loop[505]	1788609427141376	9997	a28548df6e1bd5f0	239a643212c3bada
1788609432102315895	3	498	phase_loop[506]	1788609427151378	9993	fb345e8ccfb053a5	239a643212c3bada
1788609432102315895	3	498	phase_loop[507]	1788609427161376	9996	dac9123a8c52ee6b	239a643212c3bada
1788609432102315895	3	498	phase_loop[508]	1788609427171377	9995	7fd45bb7d5dfb41e	239a643212c3bada
1788609432102315895	3	498	phase_loop[509]	1788609427181376	9996	fc092634693f23e9	239a643212c3bada
1788609432102315895	3	498	phase_loop[510]	1788609427191377	9998	3ce7d70dfc119af1	239a643212c3bada
1788609432102315895	3	498	phase_loop[511]	1788609427201379	9995	95615c55b8a3f034	239a643212c3bada
1788609432102315895	3	498	phase_loop[512]	1788609427211378	9993	143c228caa6f4d3d	239a643212c3bada
1788609432102315895	3	498	phase_loop[513]	1788609427221375	9999	343696e892d179ac	239a643212c3bada
1788609432102315895	3	498	phase_loop[514]	1788609427231378	9994	1bd38cb27f3bea3b	239a643212c3bada
1788609432102315895	3	498	phase_loop[515]	1788609427241377	9998	5f5525a6d993dc45	239a643212c3bada
1788609432102315895	3	498	phase_loop[516]	1788609427251379	9993	7dc8aec4c15ae1c9	239a643212c3bada
1788609432102315895	3	498	phase_loop[517]	1788609427261376	10000	72ee94d6e389ef6a	239a643212c3bada
1788609432102315895	3	498	phase_loop[518]	1788609427271381	9990	1f2e3afe3094ec41	239a643212c3bada
1788609432102315895	3	498	phase_loop[519]	1788609427281376	9996	7634082173a0d7e8	239a643212c3bada
1788609432102315895	3	498	phase_loop[520]	1788609427291376	9997	36eac87ece1e7bbe	239a643212c3bada
1788609432102315895	3	498	phase_loop[521]	1788609427301377	9995	1c5dbf31a454121b	239a643212c3bada
1788609432102315895	3	498	phase_loop[522]	1788609427311377	9995	3bb8aed1a67e56c3	239a643212c3bada
1788609432102315895	3	498	phase_loop[523]	1788609427321375	9998	53117dfa4f4058d6	239a643212c3bada
1788609432102315895	3	498	phase_loop[524]	1788609427331378	9995	3ee79b2a1540aa24	239a643212c3bada
1788609432102315895	3	498	phase_loop[525]	1788609427341377	9995	8c38b1cf9f196b76	239a643212c3bada
1788609432102315895	3	498	phase_loop[526]	1788609427351376	9996	4772757fe992715f	239a643212c3bada
1788609432102315895	3	498	phase_loop[527]	1788609427361376	10035	1fb9f731eab2fd98	239a643212c3bada
1788609432102315895	3	498	phase_loop[528]	1788609427371417	9955	442f5d897194cc06	239a643212c3bada
1788609432102315895	3	498	phase_loop[529]	1788609427381376	9995	61c7db7885afd35a	239a643212c3bada
1788609432102315895	3	498	phase_loop[530]	1788609427391376	9999	eddbd6d525844a5b	239a643212c3bada
1788609432102315895	3	498	phase_loop[531]	1788609427401379	9995	d4f7a87972a032bf	239a643212c3bada
1788609432102315895	3	498	phase_loop[532]	1788609427411377	10006	f86e121c1a75d2d2	239a643212c3bada
1788609432102315895	3	498	phase_loop[533]	1788609427421388	9987	7671df597666e03c	239a643212c3bada
1788609432102315895	3	498	phase_loop[534]	1788609427431379	9996	be38bfc958f73bf3	239a643212c3bada
1788609432102315895	3	498	phase_loop[535]	1788609427441379	9994	86d0202ddba8a6a3	239a643212c3bada
1788609432102315895	3	498	phase_loop[536]	1788609427451378	9994	0d4cd4e7d8c0d5c2	239a643212c3bada
1788609432102315895	3	498	phase_loop[537]	1788609427461376	9997	7ae1283f7e5ec5ac	239a643212c3bada
1788609432102315895	3	498	phase_loop[538]	1788609427471378	9995	a7452acde6095b86	239a643212c3bada
1788609432102315895	3	498	phase_loop[539]	1788609427481377	9995	56dc4450f435b59a	239a643212c3bada
1788609432102315895	3	498	phase_loop[540]	1788609427491377	9997	38297acf366ec007	239a643212c3bada
1788609432102315895	3	498	phase_loop[541]	1788609427501378	9993	50dc329e0ac86263	239a643212c3bada
1788609432102315895	3	498	phase_loop[542]	1788609427511376	9996	fee4cd6fbd253a79	239a643212c3bada
1788609432102315895	3	498	phase_loop[543]	1788609427521376	9999	44b513bb9a0627fe	239a643212c3bada
1788609432102315895	3	498	phase_loop[544]	1788609427531379	9994	ee6d8e4f81cbc4a2	239a643212c3bada
1788609432102315895	3	498	phase_loop[545]	1788609427541376	9997	3894ac03d65ed7e1	239a643212c3bada
1788609432102315895	3	498	phase_loop[546]	1788609427551378	9994	c8bb28cc45be7a7d	239a643212c3bada
1788609432102315895	3	498	phase_loop[547]	1788609427561375	9999	8fb1499d05a2a92c	239a643212c3bada
1788609432102315895	3	498	phase_loop[548]	1788609427571379	9993	031c4dd61d25158a	239a643212c3bada
1788609432102315895	3	498	phase_loop[549]	1788609427581376	9999	d217c7df120e3d5e	239a643212c3bada
1788609432102315895	3	498	phase_loop[550]	1788609427591380	9993	e334494315fdb640	239a643212c3bada
1788609432102315895	3	498	phase_loop[551]	1788609427601377	9995	9d9d5f40c42f8acc	239a643212c3bada
1788609432102315895	3	498	phase_loop[552]	1788609427611377	9995	0a0132533100751f	239a643212c3bada
1788609432102315895	3	498	phase_loop[553]	1788609427621375	9997	9bf68ffc9f57ccb0	239a643212c3bada
1788609432102315895	3	498	phase_loop[554]	1788609427631376	9995	91feef8ef5c9a599	239a643212c3bada
1788609432102315895	3	498	phase_loop[555]	1788609427641376	9995	27dc6273818adb58	239a643212c3bada
1788609432102315895	3	498	phase_loop[556]	1788609427651375	9998	9c57d7f9bb197db6	239a643212c3bada
1788609432102315895	3	498	phase_loop[557]	1788609427661376	9996	fd69e5bb1031eb9d	239a643212c3bada
1788609432102315895	3	498	phase_loop[558]	1788609427671377	9995	9241ea45442f6ac5	239a643212c3bada
1788609432102315895	3	498	phase_loop[559]	1788609427681376	9997	bb054f824b781e90	239a643212c3bada
1788609432102315895	3	498	phase_loop[560]	1788609427691377	10031	0e4c346f3fea4ee8	239a643212c3bada
1788609432102315895	3	498	phase_loop[561]	1788609427701414	9960	16c55f47c125ef31	239a643212c3bada
1788609432102315895	3	498	phase_loop[562]	1788609427711379	9994	1a9d3e2241c148aa	239a643212c3bada
1788609432102315895	3	498	phase_loop[563]	1788609427721377	9995	ee8977e8193ab657	239a643212c3bada
1788609432102315895	3	498	phase_loop[564]	1788609427731377	9997	e1df0ff76670dc8d	239a643212c3bada
1788609432102315895	3	498	phase_loop[565]	1788609427741378	9994	6b3f050fbd262a25	239a643212c3bada
1788609432102315895	3	498	phase_loop[566]	1788609427751376	9995	c003ab6fe022ca6a	239a643212c3bada
1788609432102315895	3	498	phase_loop[567]	1788609427761375	9997	d7d8fd65989238a5	239a643212c3bada
1788609432102315895	3	498	phase_loop[568]	1788609427771376	9999	99563823d10326ca	239a643212c3bada
1788609432102315895	3	498	phase_loop[569]	1788609427781379	9994	fa8e63a8b66aaed8	239a643212c3bada
1788609432102315895	3	498	phase_loop[570]	1788609427791378	9995	db8106e4efa87638	239a643212c3bada
1788609432102315895	3	498	phase_loop[571]	1788609427801377	9996	d6bf93e3b5ad6033	239a643212c3bada
1788609432102315895	3	498	phase_loop[572]	1788609427811377	9996	969201476728b4f2	239a643212c3bada
1788609432102315895	3	498	phase_loop[573]	1788609427821377	9995	4bc90a70ca04629a	239a643212c3bada
1788609432102315895	3	498	phase_loop[574]	1788609427831377	9996	a4c4e19958720e6c	239a643212c3bada
1788609432102315895	3	498	phase_loop[575]	1788609427841378	9995	97ac3af53b785484	239a643212c3bada
1788609432102315895	3	498	phase_loop[576]	1788609427851378	9995	4b5385a053e592e3	239a643212c3bada
1788609432102315895	3	498	phase_loop[577]	1788609427861377	9996	82eed9f2d7ba4981	239a643212c3bada
1788609432102315895	3	498	phase_loop[578]	1788609427871378	9992	b5609fc1026f67ef	239a643212c3bada
1788609432102315895	3	498	phase_loop[579]	1788609427881374	10000	d08c00d15c5674e1	239a643212c3bada
1788609432102315895	3	498	phase_loop[580]	1788609427891379	9994	7ac024f3fadcab74	239a643212c3bada
1788609432102315895	3	498	phase_loop[581]	1788609427901377	9995	3fb8082cea0aaf7c	239a643212c3bada
1788609432102315895	3	498	phase_loop[582]	1788609427911377	9994	779b0b1aa0a78a84	239a643212c3bada
1788609432102315895	3	498	phase_loop[583]	1788609427921375	9997	3d1ded933967b17c	239a643212c3bada
1788609432102315895	3	498	phase_loop[584]	1788609427931377	9996	1fc7e01e4cc43b28	239a643212c3bada
1788609432102315895	3	498	phase_loop[585]	1788609427941377	9994	455d12d19d783c3f	239a643212c3bada
1788609432102315895	3	498	phase_loop[586]	1788609427951375	9998	4fd60a30c95df1f0	239a643212c3bada
1788609432102315895	3	498	phase_loop[587]	1788609427961377	9996	5f0e8f8b7bb40e61	239a643212c3bada
1788609432102315895	3	498	phase_loop[588]	1788609427971377	9994	e0a537f8b55aa553	239a643212c3bada
1788609432102315895	3	498	phase_loop[589]	1788609427981375	9998	76b3090a5cf3d8ad	239a643212c3bada
1788609432102315895	3	498	phase_loop[590]	1788609427991377	9994	de7a0dd0a7a22773	239a643212c3bada
1788609432102315895	3	498	phase_loop[591]	1788609428001376	9997	6e631adcd47459f7	239a643212c3bada
1788609432102315895	3	498	phase_loop[592]	1788609428011378	9996	69e7f3a74fdb790f	239a643212c3bada
1788609432102315895	3	498	phase_loop[593]	1788609428021377	10034	7acd75e6003ba68d	239a643212c3bada
1788609432102315895	3	498	phase_loop[594]	1788609428031417	9958	ce225dc8086d00b7	239a643212c3bada
1788609432102315895	3	498	phase_loop[595]	1788609428041379	9992	2345081721d2e6a2	239a643212c3bada
1788609432102315895	3	498	phase_loop[596]	1788609428051375	9997	8c21bdc0f03c4272	239a643212c3bada
1788609432102315895	3	498	phase_loop[597]	1788609428061376	9997	19e39e0f50dee662	239a643212c3bada
1788609432102315895	3	498	phase_loop[598]	1788609428071378	9995	0da950b52dab836a	239a643212c3bada
1788609432102315895	3	498	phase_loop[599]	1788609428081376	9996	5bcfdc87fa0295ff	239a643212c3bada
1788609432102315895	3	498	phase_loop[600]	1788609428091378	9995	08e58c7074ff3bff	239a643212c3bada
1788609432102315895	3	498	phase_loop[601]	1788609428101376	9996	ad8542a0c4b9ea80	239a643212c3bada
1788609432102315895	3	498	phase_loop[602]	1788609428111377	9997	172dd7c9202d87bb	239a643212c3bada
1788609432102315895	3	498	phase_loop[603]	1788609428121378	9995	cd0a983a3f484c58	239a643212c3bada
1788609432102315895	3	498	phase_loop[604]	1788609428131378	9995	8b5b1d74661ce86c	239a643212c3bada
1788609432102315895	3	498	phase_loop[605]	1788609428141377	9995	41ca1e1126b52e37	239a643212c3bada
1788609432102315895	3	498	phase_loop[606]	1788609428151377	9997	3ee6e16fae7c6c3c	239a643212c3bada
1788609432102315895	3	498	phase_loop[607]	1788609428161377	9996	9a40a6f33579367c	239a643212c3bada
1788609432102315895	3	498	phase_loop[608]	1788609428171376	9994	b8f3b29ebb3822db	239a643212c3bada
1788609432102315895	3	498	phase_loop[609]	1788609428181374	9998	cc76c791c99ff501	239a643212c3bada
1788609432102315895	3	498	phase_loop[610]	1788609428191378	9995	fc51c95b03e5a2c8	239a643212c3bada
1788609432102315895	3	498	phase_loop[611]	1788609428201377	10008	934c8efb843426d2	239a643212c3bada
1788609432102315895	3	498	phase_loop[612]	1788609428211389	9984	93fa903ac734d1e3	239a643212c3bada
1788609432102315895	3	498	phase_loop[613]	1788609428221377	9998	0d91183e26573088	239a643212c3bada
1788609432102315895	3	498	phase_loop[614]	1788609428231380	9993	43631c6e3a060431	239a643212c3bada
1788609432102315895	3	498	phase_loop[615]	1788609428241377	9994	4ba1b64443adb453	239a643212c3bada
1788609432102315895	3	498	phase_loop[616]	1788609428251376	9997	d9c888b2c370a905	239a643212c3bada
1788609432102315895	3	498	phase_loop[617]	1788609428261377	9997	ea6ff84c8f778f14	239a643212c3bada
1788609432102315895	3	498	phase_loop[618]	1788609428271378	9994	ae7b82dddfda0b74	239a643212c3bada
1788609432102315895	3	498	phase_loop[619]	1788609428281376	9998	ddb35ba50b82f697	239a643212c3bada
1788609432102315895	3	498	phase_loop[620]	1788609428291378	9995	c168c29583da5774	239a643212c3bada
1788609432102315895	3	498	phase_loop[621]	1788609428301377	9994	2595c21f3a5d2ec6	239a643212c3bada
1788609432102315895	3	498	phase_loop[622]	1788609428311377	9997	1a37d05b78862d14	239a643212c3bada
1788609432102315895	3	498	phase_loop[623]	1788609428321378	9995	0e9aa198ff250fe9	239a643212c3bada
1788609432102315895	3	498	phase_loop[624]	1788609428331377	9994	8e1b55717d93cf90	239a643212c3bada
1788609432102315895	3	498	phase_loop[625]	1788609428341375	9995	0c0350756f348da8	239a643212c3bada
1788609432102315895	3	498	phase_loop[626]	1788609428351375	10030	299ea69046aa2668	239a643212c3bada
1788609432102315895	3	498	phase_loop[627]	1788609428361411	9963	e9eb712dc6c55418	239a643212c3bada
1788609432102315895	3	498	phase_loop[628]	1788609428371379	9993	0e343c3dafcb669d	239a643212c3bada
1788609432102315895	3	498	phase_loop[629]	1788609428381376	9995	1fa6f96b6ed438a8	239a643212c3bada
1788609432102315895	3	498	phase_loop[630]	1788609428391376	9998	17de5649a6f7b403	239a643212c3bada
1788609432102315895	3	498	phase_loop[631]	1788609428401378	9995	6b9ddd885f0cb62e	239a643212c3bada
1788609432102315895	3	498	phase_loop[632]	1788609428411379	9992	19e904c933d844fc	239a643212c3bada
1788609432102315895	3	498	phase_loop[633]	1788609428421374	9999	2b6039d2e7b1929d	239a643212c3bada
1788609432102315895	3	498	phase_loop[634]	1788609428431378	9995	214273f3310b523b	239a643212c3bada
1788609432102315895	3	498	phase_loop[635]	1788609428441376	9995	8016f882c870c6b1	239a643212c3bada
1788609432102315895	3	498	phase_loop[636]	1788609428451375	9998	a8444245ad8a6601	239a643212c3bada
1788609432102315895	3	498	phase_loop[637]	1788609428461377	9997	2f68f38720b35beb	239a643212c3bada
1788609432102315895	3	498	phase_loop[638]	1788609428471379	9992	324358b31dec17c0	239a643212c3bada
1788609432102315895	3	498	phase_loop[639]	1788609428481375	9997	46b8d1130310f844	239a643212c3bada
1788609432102315895	3	498	phase_loop[640]	1788609428491377	9996	e57276aaa1aff67b	239a643212c3bada
1788609432102315895	3	498	phase_loop[641]	1788609428501376	9995	4b8ff00e4a928435	239a643212c3bada
1788609432102315895	3	498	phase_loop[642]	1788609428511376	9996	d07e925a8511ba86	239a643212c3bada
1788609432102315895	3	498	phase_loop[643]	1788609428521377	9996	3f67b179c3992c40	239a643212c3bada
1788609432102315895	3	498	phase_loop[644]	1788609428531377	9994	d29732f770b75e77	239a643212c3bada
1788609432102315895	3	498	phase_loop[645]	1788609428541375	10000	de532fddb01ff349	239a643212c3bada
1788609432102315895	3	498	phase_loop[646]	1788609428551379	9994	c610d7259daa108b	239a643212c3bada
1788609432102315895	3	498	phase_loop[647]	1788609428561377	9996	1ebba6046ff8cd8a	239a643212c3bada
1788609432102315895	3	498	phase_loop[648]	1788609428571377	9995	528bf19d8a954ecf	239a643212c3bada
1788609432102315895	3	498	phase_loop[649]	1788609428581376	9995	a774a5663941ff8b	239a643212c3bada
1788609432102315895	3	498	phase_loop[650]	1788609428591376	9997	f73d909a85d95fdf	239a643212c3bada
1788609432102315895	3	498	phase_loop[651]	1788609428601378	9993	7962e5aa705a2cf8	239a643212c3bada
1788609432102315895	3	498	phase_loop[652]	1788609428611376	9997	9d30964cfe652766	239a643212c3bada
1788609432102315895	3	498	phase_loop[653]	1788609428621377	9995	c296e8ec9de0e975	239a643212c3bada
1788609432102315895	3	498	phase_loop[654]	1788609428631376	9996	355ed7b603f3dc3e	239a643212c3bada
1788609432102315895	3	498	phase_loop[655]	1788609428641376	9995	7d4cc9c3ad02c717	239a643212c3bada
1788609432102315895	3	498	phase_loop[656]	1788609428651375	9997	cf8b7df6b39dbe5a	239a643212c3bada
1788609432102315895	3	498	phase_loop[657]	1788609428661376	9997	b8946236665a11dc	239a643212c3bada
1788609432102315895	3	498	phase_loop[658]	1788609428671377	9996	4f7039110c244e6f	239a643212c3bada
1788609432102315895	3	498	phase_loop[659]	1788609428681378	10027	829329f9ee9a1d80	239a643212c3bada
1788609432102315895	3	498	phase_loop[660]	1788609428691409	9964	43a3c36634150807	239a643212c3bada
1788609432102315895	3	498	phase_loop[661]	1788609428701377	9995	2b256a1b82626efd	239a643212c3bada
1788609432102315895	3	498	phase_loop[662]	1788609428711378	9994	d7c55d687bb7765f	239a643212c3bada
1788609432102315895	3	498	phase_loop[663]	1788609428721375	9999	bcb27c18957a1aa1	239a643212c3bada
1788609432102315895	3	498	phase_loop[664]	1788609428731379	9994	f171ee0113836c7f	239a643212c3bada
1788609432102315895	3	498	phase_loop[665]	1788609428741377	9996	92f4719162b55e92	239a643212c3bada
1788609432102315895	3	498	phase_loop[666]	1788609428751377	9996	e41fed4c0a586f6c	239a643212c3bada
1788609432102315895	3	498	phase_loop[667]	1788609428761377	10000	180485eefd49e8a7	239a643212c3bada
1788609432102315895	3	498	phase_loop[668]	1788609428771382	9990	a383349bc1cc8244	239a643212c3bada
1788609432102315895	3	498	phase_loop[669]	1788609428781377	9996	49717af18ff2a1a3	239a643212c3bada
1788609432102315895	3	498	phase_loop[670]	1788609428791377	9995	508c824b5bad0dbf	239a643212c3bada
1788609432102315895	3	498	phase_loop[671]	1788609428801376	9997	c41779bc322e5363	239a643212c3bada
1788609432102315895	3	498	phase_loop[672]	1788609428811379	9994	c24f36092194e879	239a643212c3bada
1788609432102315895	3	498	phase_loop[673]	1788609428821377	9995	7bd1053e94463331	239a643212c3bada
1788609432102315895	3	498	phase_loop[674]	1788609428831377	9997	cc913c36b20cc3c7	239a643212c3bada
1788609432102315895	3	498	phase_loop[675]	1788609428841378	9999	fa9ba266b8976eec	239a643212c3bada
1788609432102315895	3	498	phase_loop[676]	1788609428851382	9992	344635e8ad72ce03	239a643212c3bada
1788609432102315895	3	498	phase_loop[677]	1788609428861377	9995	e726afc9c8c54a3b	239a643212c3bada
1788609432102315895	3	498	phase_loop[678]	1788609428871377	9995	16c263b1ad3a3057	239a643212c3bada
1788609432102315895	3	498	phase_loop[679]	1788609428881375	9998	09bd4395ba694010	239a643212c3bada
1788609432102315895	3	498	phase_loop[680]	1788609428891378	9994	c89eaca8099bb822	239a643212c3bada
1788609432102315895	3	498	phase_loop[681]	1788609428901377	9995	b3a74b2611adbeef	239a643212c3bada
1788609432102315895	3	498	phase_loop[682]	1788609428911377	9997	b542a160d277ba47	239a643212c3bada
1788609432102315895	3	498	phase_loop[683]	1788609428921378	9995	e90587890dec88de	239a643212c3bada
1788609432102315895	3	498	phase_loop[684]	1788609428931378	9995	72dc714fce4a9e6c	239a643212c3bada
1788609432102315895	3	498	phase_loop[685]	1788609428941377	9995	ec5f880934ae5185	239a643212c3bada
1788609432102315895	3	498	phase_loop[686]	1788609428951377	9995	2515c1e083efeb7f	239a643212c3bada
1788609432102315895	3	498	phase_loop[687]	1788609428961376	9996	0e169e9da2949de0	239a643212c3bada
1788609432102315895	3	498	phase_loop[688]	1788609428971377	9995	ca5ded68da64a11e	239a643212c3bada
1788609432102315895	3	498	phase_loop[689]	1788609428981376	9997	5072a514eb8a742f	239a643212c3bada
1788609432102315895	3	498	phase_loop[690]	1788609428991378	9997	738b81d45ab9ab83	239a643212c3bada
1788609432102315895	3	498	phase_loop[691]	1788609429001378	9995	84afdd4617a243d5	239a643212c3bada
1788609432102315895	3	498	phase_loop[692]	1788609429011378	10025	789401611ac12407	239a643212c3bada
1788609432102315895	3	498	phase_loop[693]	1788609429021407	9966	9fe95bf2769b8425	239a643212c3bada
1788609432102315895	3	498	phase_loop[694]	1788609429031378	9996	bd1ca6c2ca8d3089	239a643212c3bada
1788609432102315895	3	498	phase_loop[695]	1788609429041378	9994	0b2f0e37f961311e	239a643212c3bada
1788609432102315895	3	498	phase_loop[696]	1788609429051376	9996	29012ddc814e9af7	239a643212c3bada
1788609432102315895	3	498	phase_loop[697]	1788609429061378	9995	dce38272af70d4cd	239a643212c3bada
1788609432102315895	3	498	phase_loop[698]	1788609429071378	9994	c73c756dbfff1f16	239a643212c3bada
1788609432102315895	3	498	phase_loop[699]	1788609429081377	9998	97f8ddf961a292bc	239a643212c3bada
1788609432102315895	3	498	phase_loop[700]	1788609429091380	9994	f888931c931c9745	239a643212c3bada
1788609432102315895	3	498	phase_loop[701]	1788609429101377	9993	b99e51ec5f621958	239a643212c3bada
1788609432102315895	3	498	phase_loop[702]	1788609429111376	9994	7a3a7e61f2bb00d8	239a643212c3bada
1788609432102315895	3	498	phase_loop[703]	1788609429121375	9999	7a9c55b22ac6f02f	239a643212c3bada
1788609432102315895	3	498	phase_loop[704]	1788609429131378	9993	2f86136f84e3e05e	239a643212c3bada
1788609432102315895	3	498	phase_loop[705]	1788609429141376	9995	1a4e850e4f3d995b	239a643212c3bada
1788609432102315895	3	498	phase_loop[706]	1788609429151375	9998	4947622faaa9c202	239a643212c3bada
1788609432102315895	3	498	phase_loop[707]	1788609429161377	9995	095c9dfeedafb0fd	239a643212c3bada
1788609432102315895	3	498	phase_loop[708]	1788609429171377	9995	d135cdcb7d2fb631	239a643212c3bada
1788609432102315895	3	498	phase_loop[709]	1788609429181376	9998	5eff655aea17051d	239a643212c3bada
1788609432102315895	3	498	phase_loop[710]	1788609429191379	9992	a55ac4c4357a74aa	239a643212c3bada
1788609432102315895	3	498	phase_loop[711]	1788609429201375	9998	abd16dbc05f88c43	239a643212c3bada
1788609432102315895	3	498	phase_loop[712]	1788609429211378	9995	8f7073a658fd3980	239a643212c3bada
1788609432102315895	3	498	phase_loop[713]	1788609429221377	9996	6bbb36b1eadbd239	239a643212c3bada
1788609432102315895	3	498	phase_loop[714]	1788609429231378	9996	d03e0c9c8ceee394	239a643212c3bada
1788609432102315895	3	498	phase_loop[715]	1788609429241378	9993	882af54e115c3851	239a643212c3bada
1788609432102315895	3	498	phase_loop[716]	1788609429251375	9996	64225421c488a212	239a643212c3bada
1788609432102315895	3	498	phase_loop[717]	1788609429261375	9998	803676a92e8901d7	239a643212c3bada
1788609432102315895	3	498	phase_loop[718]	1788609429271377	9995	daa6dddb08a14de2	239a643212c3bada
1788609432102315895	3	498	phase_loop[719]	1788609429281377	9995	a6e6d93b1ebc9ebf	239a643212c3bada
1788609432102315895	3	498	phase_loop[720]	1788609429291376	9997	1470a866f3fc225a	239a643212c3bada
1788609432102315895	3	498	phase_loop[721]	1788609429301378	9995	cd97252f8035a68b	239a643212c3bada
1788609432102315895	3	498	phase_loop[722]	1788609429311377	9995	df979e8fbcbcd6aa	239a643212c3bada
1788609432102315895	3	498	phase_loop[723]	1788609429321376	9998	fb537ed5167798df	239a643212c3bada
1788609432102315895	3	498	phase_loop[724]	1788609429331378	9994	eb397608367f8916	239a643212c3bada
1788609432102315895	3	498	phase_loop[725]	1788609429341376	10034	fb7dfc09b3f9ad7d	239a643212c3bada
1788609432102315895	3	498	phase_loop[726]	1788609429351415	9957	b7784a938fe41fd0	239a643212c3bada
1788609432102315895	3	498	phase_loop[727]	1788609429361377	9998	11a5054ae1d8ecb7	239a643212c3bada
1788609432102315895	3	498	phase_loop[728]	1788609429371380	9990	42f0b9c97f3b27f0	239a643212c3bada
1788609432102315895	3	498	phase_loop[729]	1788609429381374	10000	b40e9a2b6f4843a7	239a643212c3bada
1788609432102315895	3	498	phase_loop[730]	1788609429391378	9997	5814bea8e7013577	239a643212c3bada
1788609432102315895	3	498	phase_loop[731]	1788609429401379	9993	29d430733763d787	239a643212c3bada
1788609432102315895	3	498	phase_loop[732]	1788609429411377	9995	3507fb6e61f47efc	239a643212c3bada
1788609432102315895	3	498	phase_loop[733]	1788609429421376	9996	eb60acbe7a28f0df	239a643212c3bada
1788609432102315895	3	498	phase_loop[734]	1788609429431377	9997	0e63297f2cc8b9b2	239a643212c3bada
1788609432102315895	3	498	phase_loop[735]	1788609429441378	9996	92a1e50b7c642b0f	239a643212c3bada
1788609432102315895	3	498	phase_loop[736]	1788609429451379	9994	d2ddd6bcfd26b066	239a643212c3bada
1788609432102315895	3	498	phase_loop[737]	1788609429461376	9995	20ab3dd8a91c9f95	239a643212c3bada
1788609432102315895	3	498	phase_loop[738]	1788609429471376	9995	eee2e7c3f1ced2b1	239a643212c3bada
1788609432102315895	3	498	phase_loop[739]	1788609429481374	9999	6cc0db720b772769	239a643212c3bada
1788609432102315895	3	498	phase_loop[740]	1788609429491378	9995	a7e752cc15a03631	239a643212c3bada
1788609432102315895	3	498	phase_loop[741]	1788609429501377	9995	1cca49aeddad7962	239a643212c3bada
1788609432102315895	3	498	phase_loop[742]	1788609429511376	9996	0fd34fb650a270e6	239a643212c3bada
1788609432102315895	3	498	phase_loop[743]	1788609429521376	9996	c41cb10b52894595	239a643212c3bada
1788609432102315895	3	498	phase_loop[744]	1788609429531376	9996	469dc6564cfcfd5b	239a643212c3bada
1788609432102315895	3	498	phase_loop[745]	1788609429541377	9994	09a02a8d4578ba95	239a643212c3bada
1788609432102315895	3	498	phase_loop[746]	1788609429551376	9997	258903289eb20b60	239a643212c3bada
1788609432102315895	3	498	phase_loop[747]	1788609429561380	9993	694c9d188d679ae7	239a643212c3bada
1788609432102315895	3	498	phase_loop[748]	1788609429571377	9995	60d238249ea8aafa	239a643212c3bada
1788609432102315895	3	498	phase_loop[749]	1788609429581376	9995	a516b43601ffa3d9	239a643212c3bada
1788609432102315895	3	498	phase_loop[750]	1788609429591375	9997	8b784e6711861f2e	239a643212c3bada
1788609432102315895	3	498	phase_loop[751]	1788609429601376	9995	f23b753a1c0221d8	239a643212c3bada
1788609432102315895	3	498	phase_loop[752]	1788609429611376	9995	18dfd40a14404db1	239a643212c3bada
1788609432102315895	3	498	phase_loop[753]	1788609429621375	9997	c2c8ee709b148eeb	239a643212c3bada
1788609432102315895	3	498	phase_loop[754]	1788609429631376	9998	70277b571e174724	239a643212c3bada
1788609432102315895	3	498	phase_loop[755]	1788609429641378	9993	5797394c146092f2	239a643212c3bada
1788609432102315895	3	498	phase_loop[756]	1788609429651375	9998	2a2a1aaeb157376a	239a643212c3bada
1788609432102315895	3	498	phase_loop[757]	1788609429661376	9997	05481a7f4f5f4b61	239a643212c3bada
1788609432102315895	3	498	phase_loop[758]	1788609429671377	10027	5a45c2a82ab34adc	239a643212c3bada
1788609432102315895	3	498	phase_loop[759]	1788609429681409	9963	e76c150026b2bfd3	239a643212c3bada
1788609432102315895	3	498	phase_loop[760]	1788609429691377	9998	d0b27b994563a04c	239a643212c3bada
1788609432102315895	3	498	phase_loop[761]	1788609429701379	9993	cc9025778b9fe085	239a643212c3bada
1788609432102315895	3	498	phase_loop[762]	1788609429711376	9996	8a404c61a974749a	239a643212c3bada
1788609432102315895	3	498	phase_loop[763]	1788609429721376	9996	007bd397af17f1f6	239a643212c3bada
1788609432102315895	3	498	phase_loop[764]	1788609429731375	9997	2c58c6ac95f929f5	239a643212c3bada
1788609432102315895	3	498	phase_loop[765]	1788609429741376	9995	5abba642f2c09c16	239a643212c3bada
1788609432102315895	3	498	phase_loop[766]	1788609429751376	9996	706ccd8e0118e902	239a643212c3bada
1788609432102315895	3	498	phase_loop[767]	1788609429761376	9997	c0bc245cc7436d63	239a643212c3bada
1788609432102315895	3	498	phase_loop[768]	1788609429771377	9995	bcaa01b67e884a62	239a643212c3bada
1788609432102315895	3	498	phase_loop[769]	1788609429781376	9996	e58f0b7ba86acfdb	239a643212c3bada
1788609432102315895	3	498	phase_loop[770]	1788609429791377	9995	9e86c1673b582a39	239a643212c3bada
1788609432102315895	3	498	phase_loop[771]	1788609429801377	9995	e4b972c4cb541d7b	239a643212c3bada
1788609432102315895	3	498	phase_loop[772]	1788609429811376	9997	624702a1205fa520	239a643212c3bada
1788609432102315895	3	498	phase_loop[773]	1788609429821378	9995	016d74296b74eafe	239a643212c3bada
1788609432102315895	3	498	phase_loop[774]	1788609429831377	9995	7fc0d42693ce954e	239a643212c3bada
1788609432102315895	3	498	phase_loop[775]	1788609429841376	9995	4a9f81175ff36179	239a643212c3bada
1788609432102315895	3	498	phase_loop[776]	1788609429851375	9995	145c25497c0d79db	239a643212c3bada
1788609432102315895	3	498	phase_loop[777]	1788609429861375	9998	25817e3214ee99f0	239a643212c3bada
1788609432102315895	3	498	phase_loop[778]	1788609429871377	9996	3bd18178b5f94483	239a643212c3bada
1788609432102315895	3	498	phase_loop[779]	1788609429881377	9994	d1feda3021c5c388	239a643212c3bada
1788609432102315895	3	498	phase_loop[780]	1788609429891376	9997	6d4d521285593a28	239a643212c3bada
1788609432102315895	3	498	phase_loop[781]	1788609429901377	9995	1fc6ba859dc80ebe	239a643212c3bada
1788609432102315895	3	498	phase_loop[782]	1788609429911376	9996	c8532b4455466dbb	239a643212c3bada
1788609432102315895	3	498	phase_loop[783]	1788609429921376	9997	0a3e78bdabfe34ac	239a643212c3bada
1788609432102315895	3	498	phase_loop[784]	1788609429931378	9995	bae45099b7d46d8e	239a643212c3bada
1788609432102315895	3	498	phase_loop[785]	1788609429941377	9994	5b6d4f5f1aba19b0	239a643212c3bada
1788609432102315895	3	498	phase_loop[786]	1788609429951376	9997	a3647f19ece2f285	239a643212c3bada
1788609432102315895	3	498	phase_loop[787]	1788609429961377	9996	8bc3b12b0b5ec9c8	239a643212c3bada
1788609432102315895	3	498	phase_loop[788]	1788609429971376	9994	3620b695d1b3cbd8	239a643212c3bada
1788609432102315895	3	498	phase_loop[789]	1788609429981375	9997	bcd59df38a5e7814	239a643212c3bada
1788609432102315895	3	498	phase_loop[790]	1788609429991377	9997	4596ec3cb58b0164	239a643212c3bada
1788609432102315895	3	498	phase_loop[791]	1788609430001378	10026	635ff23830190b12	239a643212c3bada
1788609432102315895	3	498	phase_loop[792]	1788609430011409	9963	dac85f41e0476a8f	239a643212c3bada
1788609432102315895	3	498	phase_loop[793]	1788609430021376	9998	b6250fcb186d7b26	239a643212c3bada
1788609432102315895	3	498	phase_loop[794]	1788609430031379	9994	f2f3acdffdf4ef65	239a643212c3bada
1788609432102315895	3	498	phase_loop[795]	1788609430041377	9995	57e2de1cf3120fc3	239a643212c3bada
1788609432102315895	3	498	phase_loop[796]	1788609430051376	9995	b7aa2c0cd85c11f8	239a643212c3bada
1788609432102315895	3	498	phase_loop[797]	1788609430061375	9998	e7b5b2ae150391ab	239a643212c3bada
1788609432102315895	3	498	phase_loop[798]	1788609430071377	9994	49c96cae6412793f	239a643212c3bada
1788609432102315895	3	498	phase_loop[799]	1788609430081375	9999	2a99ac67a1452289	239a643212c3bada
1788609432102315895	3	498	phase_loop[800]	1788609430091378	9994	5b5bc3ddf545d006	239a643212c3bada
1788609432102315895	3	498	phase_loop[801]	1788609430101377	9995	03d6346d749ad9ae	239a643212c3bada
1788609432102315895	3	498	phase_loop[802]	1788609430111377	9994	72bdb80214acd9a2	239a643212c3bada
1788609432102315895	3	498	phase_loop[803]	1788609430121376	9996	ed14ea26a164b83d	239a643212c3bada
1788609432102315895	3	498	phase_loop[804]	1788609430131377	9995	be37a3148e31cc94	239a643212c3bada
1788609432102315895	3	498	phase_loop[805]	1788609430141377	9996	786522d3e11267e6	239a643212c3bada
1788609432102315895	3	498	phase_loop[806]	1788609430151377	9995	e660023c091baf98	239a643212c3bada
1788609432102315895	3	498	phase_loop[807]	1788609430161376	9997	64c1b68a55cc3d23	239a643212c3bada
1788609432102315895	3	498	phase_loop[808]	1788609430171377	9996	14812626848d2c0e	239a643212c3bada
1788609432102315895	3	498	phase_loop[809]	1788609430181377	9995	a5ec308f6b87b9d4	239a643212c3bada
1788609432102315895	3	498	phase_loop[810]	1788609430191377	9995	78dc5044b51ba88c	239a643212c3bada
1788609432102315895	3	498	phase_loop[811]	1788609430201376	9995	1eaf261dfc2437f2	239a643212c3bada
1788609432102315895	3	498	phase_loop[812]	1788609430211376	9996	5f527e515b1c2d87	239a643212c3bada
1788609432102315895	3	498	phase_loop[813]	1788609430221375	9997	78fffced139d0317	239a643212c3bada
1788609432102315895	3	498	phase_loop[814]	1788609430231377	9995	0497ac6635fe3ea2	239a643212c3bada
1788609432102315895	3	498	phase_loop[815]	1788609430241377	9995	fd3b46ca3d5942fd	239a643212c3bada
1788609432102315895	3	498	phase_loop[816]	1788609430251376	9997	b6dd4f0546d7c636	239a643212c3bada
1788609432102315895	3	498	phase_loop[817]	1788609430261377	9995	0fc74cce32b3b19a	239a643212c3bada
1788609432102315895	3	498	phase_loop[818]	1788609430271377	9994	35aa0d61a073e508	239a643212c3bada
1788609432102315895	3	498	phase_loop[819]	1788609430281375	9997	da352f52a6878ac3	239a643212c3bada
1788609432102315895	3	498	phase_loop[820]	1788609430291378	9994	0b59ea806e09d86a	239a643212c3bada
1788609432102315895	3	498	phase_loop[821]	1788609430301376	9995	c97272662be3541e	239a643212c3bada
1788609432102315895	3	498	phase_loop[822]	1788609430311375	9997	fb18de163e47bde8	239a643212c3bada
1788609432102315895	3	498	phase_loop[823]	1788609430321377	9997	53071f6f8d1c2f84	239a643212c3bada
1788609432102315895	3	498	phase_loop[824]	1788609430331378	10028	6ab85c3e7e647cfc	239a643212c3bada
1788609432102315895	3	498	phase_loop[825]	1788609430341411	9960	6fd49b1cfc04992f	239a643212c3bada
1788609432102315895	3	498	phase_loop[826]	1788609430351376	10001	34d6f19f7074bf72	239a643212c3bada
1788609432102315895	3	498	phase_loop[827]	1788609430361381	9990	33abb6aacb3c74bd	239a643212c3bada
1788609432102315895	3	498	phase_loop[828]	1788609430371376	9996	a754149d76af4491	239a643212c3bada
1788609432102315895	3	498	phase_loop[829]	1788609430381376	9996	2bc84fecbbf0ae39	239a643212c3bada
1788609432102315895	3	498	phase_loop[830]	1788609430391376	9996	e7da06b885d4f964	239a643212c3bada
1788609432102315895	3	498	phase_loop[831]	1788609430401377	9995	08ed7d84dadb40c5	239a643212c3bada
1788609432102315895	3	498	phase_loop[832]	1788609430411375	9997	5bfe877faf15eb9e	239a643212c3bada
1788609432102315895	3	498	phase_loop[833]	1788609430421376	9995	c0611e051dc36d2e	239a643212c3bada
1788609432102315895	3	498	phase_loop[834]	1788609430431377	9997	aa52bfeff1c3c2d7	239a643212c3bada
1788609432102315895	3	498	phase_loop[835]	1788609430441377	9995	1ade1d70a231d259	239a643212c3bada
1788609432102315895	3	498	phase_loop[836]	1788609430451377	9995	50c6ad2c38fd0675	239a643212c3bada
1788609432102315895	3	498	phase_loop[837]	1788609430461377	9997	f2da06f41ae60c50	239a643212c3bada
1788609432102315895	3	498	phase_loop[838]	1788609430471378	9994	08fa472195fbf55e	239a643212c3bada
1788609432102315895	3	498	phase_loop[839]	1788609430481376	9996	45219094985ea303	239a643212c3bada
1788609432102315895	3	498	phase_loop[840]	1788609430491376	9997	2c74240abaef1df2	239a643212c3bada
1788609432102315895	3	498	phase_loop[841]	1788609430501377	9994	14c5eb9d0271a422	239a643212c3bada
1788609432102315895	3	498	phase_loop[842]	1788609430511376	9997	1018373353ca9195	239a643212c3bada
1788609432102315895	3	498	phase_loop[843]	1788609430521378	9995	eb97aaeb0d013cf8	239a643212c3bada
1788609432102315895	3	498	phase_loop[844]	1788609430531378	9995	115d2b7d6ee08028	239a643212c3bada
1788609432102315895	3	498	phase_loop[845]	1788609430541377	9994	7213ee9fb0e35ab7	239a643212c3bada
1788609432102315895	3	498	phase_loop[846]	1788609430551375	9997	6219afb2c280f3c7	239a643212c3bada
1788609432102315895	3	498	phase_loop[847]	1788609430561376	9998	659554dad3555228	239a643212c3bada
1788609432102315895	3	498	phase_loop[848]	1788609430571378	9994	668185d017b125bf	239a643212c3bada
1788609432102315895	3	498	phase_loop[849]	1788609430581376	9997	b937124825bcc8b0	239a643212c3bada
1788609432102315895	3	498	phase_loop[850]	1788609430591378	9998	fc5050c325638b85	239a643212c3bada
1788609432102315895	3	498	phase_loop[851]	1788609430601380	9993	2f9cff296dc05eb7	239a643212c3bada
1788609432102315895	3	498	phase_loop[852]	1788609430611377	9996	e20b8210b1b1b5d0	239a643212c3bada
1788609432102315895	3	498	phase_loop[853]	1788609430621376	9996	c11f0317ca37ee61	239a643212c3bada
1788609432102315895	3	498	phase_loop[854]	1788609430631376	9995	6e92691d8ba8d078	239a643212c3bada
1788609432102315895	3	498	phase_loop[855]	1788609430641375	9996	36f030b6cc42f643	239a643212c3bada
1788609432102315895	3	498	phase_loop[856]	1788609430651375	9998	d8d2a87daac6b6fd	239a643212c3bada
1788609432102315895	3	498	phase_loop[857]	1788609430661377	10029	441e4c6995de2358	239a643212c3bada
1788609432102315895	3	498	phase_loop[858]	1788609430671411	9961	d5c014e74d56ae35	239a643212c3bada
1788609432102315895	3	498	phase_loop[859]	1788609430681376	9996	77ec67040d3701e8	239a643212c3bada
1788609432102315895	3	498	phase_loop[860]	1788609430691376	9996	9648806b772b5f9b	239a643212c3bada
1788609432102315895	3	498	phase_loop[861]	1788609430701377	9996	16e0d336c363e135	239a643212c3bada
1788609432102315895	3	498	phase_loop[862]	1788609430711377	9994	a0d459218362cc52	239a643212c3bada
1788609432102315895	3	498	phase_loop[863]	1788609430721375	9997	e6bcd378744b38bd	239a643212c3bada
1788609432102315895	3	498	phase_loop[864]	1788609430731377	9996	df12d8c0336edca9	239a643212c3bada
1788609432102315895	3	498	phase_loop[865]	1788609430741377	9996	754a6dc67d3a60a6	239a643212c3bada
1788609432102315895	3	498	phase_loop[866]	1788609430751377	9994	d36c11ac2e7863d6	239a643212c3bada
1788609432102315895	3	498	phase_loop[867]	1788609430761375	9998	345fcecfe34ae0ec	239a643212c3bada
1788609432102315895	3	498	phase_loop[868]	1788609430771379	9993	a03c5f6437b4329d	239a643212c3bada
1788609432102315895	3	498	phase_loop[869]	1788609430781375	9996	6e507ad2e82ffa3f	239a643212c3bada
1788609432102315895	3	498	phase_loop[870]	1788609430791376	9996	8c47d7817ea8ef86	239a643212c3bada
1788609432102315895	3	498	phase_loop[871]	1788609430801376	9996	ca502f43e3a36b52	239a643212c3bada
1788609432102315895	3	498	phase_loop[872]	1788609430811377	9994	eddb57de37c4428b	239a643212c3bada
1788609432102315895	3	498	phase_loop[873]	1788609430821376	9996	9762a3dee270af3e	239a643212c3bada
1788609432102315895	3	498	phase_loop[874]	1788609430831377	9996	a6dad2b255505d8f	239a643212c3bada
1788609432102315895	3	498	phase_loop[875]	1788609430841376	9995	a0f6b6e036ac3ec2	239a643212c3bada
1788609432102315895	3	498	phase_loop[876]	1788609430851375	9997	28dd22e6f7890288	239a643212c3bada
1788609432102315895	3	498	phase_loop[877]	1788609430861376	9998	0527216f19d0539a	239a643212c3bada
1788609432102315895	3	498	phase_loop[878]	1788609430871378	9994	33e3de859616401e	239a643212c3bada
1788609432102315895	3	498	phase_loop[879]	1788609430881376	9995	bd9516c8c509b5b7	239a643212c3bada
1788609432102315895	3	498	phase_loop[880]	1788609430891375	10000	2a632d0bf80ec8de	239a643212c3bada
1788609432102315895	3	498	phase_loop[881]	1788609430901379	9993	52a05e7f2e361e06	239a643212c3bada
1788609432102315895	3	498	phase_loop[882]	1788609430911376	9997	f330d0aaa341109b	239a643212c3bada
1788609432102315895	3	498	phase_loop[883]	1788609430921377	9996	42a363656ec9b17b	239a643212c3bada
1788609432102315895	3	498	phase_loop[884]	1788609430931378	9994	e6dc6d304c956b0e	239a643212c3bada
1788609432102315895	3	498	phase_loop[885]	1788609430941376	9994	425de15e1e776fda	239a643212c3bada
1788609432102315895	3	498	phase_loop[886]	1788609430951375	9998	eb1c0330917f0b76	239a643212c3bada
1788609432102315895	3	498	phase_loop[887]	1788609430961376	9995	6efa5aa57c3a8be8	239a643212c3bada
1788609432102315895	3	498	phase_loop[888]	1788609430971376	9996	baa1b4c1b70be8b8	239a643212c3bada
1788609432102315895	3	498	phase_loop[889]	1788609430981375	9997	074f5eb638104a9e	239a643212c3bada
1788609432102315895	3	498	phase_loop[890]	1788609430991377	10028	56801be835130589	239a643212c3bada
1788609432102315895	3	498	phase_loop[891]	1788609431001410	9964	28107ee6767067fe	239a643212c3bada
1788609432102315895	3	498	phase_loop[892]	1788609431011378	9994	51d2c9fb365876de	239a643212c3bada
1788609432102315895	3	498	phase_loop[893]	1788609431021376	9996	bf269563662f84e9	239a643212c3bada
1788609432102315895	3	498	phase_loop[894]	1788609431031377	9996	3074ddcc87da8f26	239a643212c3bada
1788609432102315895	3	498	phase_loop[895]	1788609431041377	9995	55d90ad99ea8b9ce	239a643212c3bada
1788609432102315895	3	498	phase_loop[896]	1788609431051376	9995	de21baa3b4af52ec	239a643212c3bada
1788609432102315895	3	498	phase_loop[897]	1788609431061376	9997	b907b948abb12d8e	239a643212c3bada
1788609432102315895	3	498	phase_loop[898]	1788609431071377	9995	5e46bd25d0cbaccb	239a643212c3bada
1788609432102315895	3	498	phase_loop[899]	1788609431081376	9997	9064fa6415af320f	239a643212c3bada
1788609432102315895	3	498	phase_loop[900]	1788609431091377	9996	574856f0eac2985b	239a643212c3bada
1788609432102315895	3	498	phase_loop[901]	1788609431101376	9998	a0b2de3b774ea9f9	239a643212c3bada
1788609432102315895	3	498	phase_loop[902]	1788609431111378	9992	816690dc397f9813	239a643212c3bada
1788609432102315895	3	498	phase_loop[903]	1788609431121375	9998	54546af15fe180d5	239a643212c3bada
1788609432102315895	3	498	phase_loop[904]	1788609431131378	9994	6e3311287acaf754	239a643212c3bada
1788609432102315895	3	498	phase_loop[905]	1788609431141376	9996	4b4dce5b82ff7d0f	239a643212c3bada
1788609432102315895	3	498	phase_loop[906]	1788609431151377	9996	a87945d890e3597b	239a643212c3bada
1788609432102315895	3	498	phase_loop[907]	1788609431161377	9995	52868d660b56f2a8	239a643212c3bada
1788609432102315895	3	498	phase_loop[908]	1788609431171376	9997	9c53d3c8467f4cf7	239a643212c3bada
1788609432102315895	3	498	phase_loop[909]	1788609431181377	9995	13cc0255f9610f58	239a643212c3bada
1788609432102315895	3	498	phase_loop[910]	1788609431191376	9999	f2867fe0681d3fbd	239a643212c3bada
1788609432102315895	3	498	phase_loop[911]	1788609431201379	9994	5797dcbe2f20066a	239a643212c3bada
1788609432102315895	3	498	phase_loop[912]	1788609431211377	9996	c9df32ee918b5720	239a643212c3bada
1788609432102315895	3	498	phase_loop[913]	1788609431221377	9995	4ca44715e0a3709e	239a643212c3bada
1788609432102315895	3	498	phase_loop[914]	1788609431231377	9996	0ec57a2341e621a9	239a643212c3bada
1788609432102315895	3	498	phase_loop[915]	1788609431241376	9998	3879762d8a32e73a	239a643212c3bada
1788609432102315895	3	498	phase_loop[916]	1788609431251378	9995	084463c16cc577f3	239a643212c3bada
1788609432102315895	3	498	phase_loop[917]	1788609431261377	9996	c34f095195eca6fd	239a643212c3bada
1788609432102315895	3	498	phase_loop[918]	1788609431271378	9994	88c4592d24b0104c	239a643212c3bada
1788609432102315895	3	498	phase_loop[919]	1788609431281376	9996	0c0f56777270231c	239a643212c3bada
1788609432102315895	3	498	phase_loop[920]	1788609431291377	9996	796d9332773e09b6	239a643212c3bada
1788609432102315895	3	498	phase_loop[921]	1788609431301376	9996	493ad87e7828ba70	239a643212c3bada
1788609432102315895	3	498	phase_loop[922]	1788609431311377	9995	37254bdee85c439f	239a643212c3bada
1788609432102315895	3	498	phase_loop[923]	1788609431321376	10031	8efb5b2cd3b0c86e	239a643212c3bada
1788609432102315895	3	498	phase_loop[924]	1788609431331412	9962	8a768f035b7ef458	239a643212c3bada
1788609432102315895	3	498	phase_loop[925]	1788609431341379	9993	e5819d7167bfa10c	239a643212c3bada
1788609432102315895	3	498	phase_loop[926]	1788609431351376	9995	2bfe30da27ba1ea5	239a643212c3bada
1788609432102315895	3	498	phase_loop[927]	1788609431361376	9998	254d36638f7c3d4d	239a643212c3bada
1788609432102315895	3	498	phase_loop[928]	1788609431371379	9993	151b4f397b1a2eac	239a643212c3bada
1788609432102315895	3	498	phase_loop[929]	1788609431381375	9997	357d4602963c1b17	239a643212c3bada
1788609432102315895	3	498	phase_loop[930]	1788609431391377	9996	a667b2e8c694983d	239a643212c3bada
1788609432102315895	3	498	phase_loop[931]	1788609431401377	9995	bb0c9d6b6c997e59	239a643212c3bada
1788609432102315895	3	498	phase_loop[932]	1788609431411376	9995	6ae7385675d759ff	239a643212c3bada
1788609432102315895	3	498	phase_loop[933]	1788609431421374	10000	92a5208f42b599ef	239a643212c3bada
1788609432102315895	3	498	phase_loop[934]	1788609431431378	9997	d0a87ca68cdef495	239a643212c3bada
1788609432102315895	3	498	phase_loop[935]	1788609431441379	9994	734b0cf40881f344	239a643212c3bada
1788609432102315895	3	498	phase_loop[936]	1788609431451378	9995	360f1fa1d9b091f4	239a643212c3bada
1788609432102315895	3	498	phase_loop[937]	1788609431461377	9996	3a461fa3732d0415	239a643212c3bada
1788609432102315895	3	498	phase_loop[938]	1788609431471378	9994	b9d95f561d40426d	239a643212c3bada
1788609432102315895	3	498	phase_loop[939]	1788609431481376	9999	9776a0a9bab8109a	239a643212c3bada
1788609432102315895	3	498	phase_loop[940]	1788609431491380	9993	5f817258331862b9	239a643212c3bada
1788609432102315895	3	498	phase_loop[941]	1788609431501376	9995	fa502ad0918ef8ba	239a643212c3bada
1788609432102315895	3	498	phase_loop[942]	1788609431511376	9995	a23744b3208eea59	239a643212c3bada
1788609432102315895	3	498	phase_loop[943]	1788609431521375	9998	f43759ef8e541ae6	239a643212c3bada
1788609432102315895	3	498	phase_loop[944]	1788609431531377	9995	f8d889dd4698897c	239a643212c3bada
1788609432102315895	3	498	phase_loop[945]	1788609431541376	9994	f543ac8aef84e74d	239a643212c3bada
1788609432102315895	3	498	phase_loop[946]	1788609431551375	9999	d1afd5461701cdec	239a643212c3bada
1788609432102315895	3	498	phase_loop[947]	1788609431561378	9995	a89c635428c19b06	239a643212c3bada
1788609432102315895	3	498	phase_loop[948]	1788609431571378	9998	2617db1f3579632d	239a643212c3bada
1788609432102315895	3	498	phase_loop[949]	1788609431581379	9993	b48403265ed3b1fa	239a643212c3bada
1788609432102315895	3	498	phase_loop[950]	1788609431591377	9996	29088533bb61be26	239a643212c3bada
1788609432102315895	3	498	phase_loop[951]	1788609431601377	9994	e019cc549861fb5a	239a643212c3bada
1788609432102315895	3	498	phase_loop[952]	1788609431611375	9996	c1f93ef00995920a	239a643212c3bada
1788609432102315895	3	498	phase_loop[953]	1788609431621375	9998	f14e05add0e3d0f5	239a643212c3bada
1788609432102315895	3	498	phase_loop[954]	1788609431631377	9995	99f93fd185d34572	239a643212c3bada
1788609432102315895	3	498	phase_loop[955]	1788609431641376	9997	5458750bf91d8ed4	239a643212c3bada
1788609432102315895	3	498	phase_loop[956]	1788609431651377	10029	563ca5c8a68c4319	239a643212c3bada
1788609432102315895	3	498	phase_loop[957]	1788609431661410	9965	fe80afee4d103348	239a643212c3bada
1788609432102315895	3	498	phase_loop[958]	1788609431671379	9992	ce3f440a54f30c8c	239a643212c3bada
1788609432102315895	3	498	phase_loop[959]	1788609431681376	9997	382289960a56e2ec	239a643212c3bada
1788609432102315895	3	498	phase_loop[960]	1788609431691377	9995	b664250da333bc86	239a643212c3bada
1788609432102315895	3	498	phase_loop[961]	1788609431701376	9997	59385d0af62d07a7	239a643212c3bada
1788609432102315895	3	498	phase_loop[962]	1788609431711377	9994	4921752cc56ad2b0	239a643212c3bada
1788609432102315895	3	498	phase_loop[963]	1788609431721375	9999	aa80e75a830ecaf0	239a643212c3bada
1788609432102315895	3	498	phase_loop[964]	1788609431731378	9994	0ddab78aec1e66de	239a643212c3bada
1788609432102315895	3	498	phase_loop[965]	1788609431741376	9995	b24c2b1d1cb34a2f	239a643212c3bada
1788609432102315895	3	498	phase_loop[966]	1788609431751376	9998	703b2b091e2e22bb	239a643212c3bada
1788609432102315895	3	498	phase_loop[967]	1788609431761377	10000	806851543f13cd75	239a643212c3bada
1788609432102315895	3	498	phase_loop[968]	1788609431771381	9990	3d3443e87c88b0a9	239a643212c3bada
1788609432102315895	3	498	phase_loop[969]	1788609431781376	9997	2e9f4df98b16b853	239a643212c3bada
1788609432102315895	3	498	phase_loop[970]	1788609431791377	9997	132dcc0ddfa792e4	239a643212c3bada
1788609432102315895	3	498	phase_loop[971]	1788609431801377	9994	5b458e6e5883d752	239a643212c3bada
1788609432102315895	3	498	phase_loop[972]	1788609431811377	9994	871724e679cfed5e	239a643212c3bada
1788609432102315895	3	498	phase_loop[973]	1788609431821376	9998	08cd936bc0f44a21	239a643212c3bada
1788609432102315895	3	498	phase_loop[974]	1788609431831378	9994	b090814a83209487	239a643212c3bada
1788609432102315895	3	498	phase_loop[975]	1788609431841376	9995	67bc180e6c323306	239a643212c3bada
1788609432102315895	3	498	phase_loop[976]	1788609431851376	9996	6e187e091eb7b340	239a643212c3bada
1788609432102315895	3	498	phase_loop[977]	1788609431861376	9997	7aed1cc8419c8988	239a643212c3bada
1788609432102315895	3	498	phase_loop[978]	1788609431871379	9993	250927a1075bcc96	239a643212c3bada
1788609432102315895	3	498	phase_loop[979]	1788609431881376	9996	6668edc924ef165b	239a643212c3bada
1788609432102315895	3	498	phase_loop[980]	1788609431891376	9996	f0a129c401eaf9e7	239a643212c3bada
1788609432102315895	3	498	phase_loop[981]	1788609431901376	9995	d8b9f3ebaacc819a	239a643212c3bada
1788609432102315895	3	498	phase_loop[982]	1788609431911376	9996	4a47ca4844e1a9b1	239a643212c3bada
1788609432102315895	3	498	phase_loop[983]	1788609431921376	9999	a3eebf1133d6a52c	239a643212c3bada
1788609432102315895	3	498	phase_loop[984]	1788609431931379	9993	6fa71913e25353d9	239a643212c3bada
1788609432102315895	3	498	phase_loop[985]	1788609431941377	9995	0d736753bb3c06a3	239a643212c3bada
1788609432102315895	3	498	phase_loop[986]	1788609431951376	9997	dc1324de3e5e9d9a	239a643212c3bada
1788609432102315895	3	498	phase_loop[987]	1788609431961377	9996	e98029d1ff097154	239a643212c3bada
1788609432102315895	3	498	phase_loop[988]	1788609431971378	9993	ca5567b857d54265	239a643212c3bada
1788609432102315895	3	498	phase_loop[989]	1788609431981375	10029	f74d7262dbaedf10	239a643212c3bada
1788609432102315895	3	498	phase_loop[990]	1788609431991409	9965	1c02164721457ddf	239a643212c3bada
1788609432102315895	3	498	phase_loop[991]	1788609432001378	9993	70d5930eab1ff060	239a643212c3bada
1788609432102315895	3	498	phase_loop[992]	1788609432011376	9995	c3ab59f1d078cf32	239a643212c3bada
1788609432102315895	3	498	phase_loop[993]	1788609432021376	9996	c91b34b2ae965623	239a643212c3bada
1788609432102315895	3	498	phase_loop[994]	1788609432031376	9996	4112cc1cf786dfc8	239a643212c3bada
1788609432102315895	3	498	phase_loop[995]	1788609432041376	9997	7b467cb462e5b1fe	239a643212c3bada
1788609432102315895	3	498	phase_loop[996]	1788609432051379	9993	175f4284f1da5fbf	239a643212c3bada
1788609432102315895	3	498	phase_loop[997]	1788609432061376	9999	dda290f7e05a9392	239a643212c3bada
1788609432102315895	3	498	phase_loop[998]	1788609432071379	9993	05081a3205c5795a	239a643212c3bada
1788609432102315895	3	498	phase_loop[999]	1788609432081377	9993	c16b31d6e2b45937	239a643212c3bada
1788609432109662958	4	1	phase_loop[1000]	1788609432091375	9998	850604e72811795c	239a643212c3bada
1788609437102943729	5	499	phase_loop[1001]	1788609432101378	9997	7540ddb9dac512f3	239a643212c3bada
1788609437102943729	5	499	phase_loop[1002]	1788609432111380	9992	c58af05655531d0c	239a643212c3bada
1788609437102943729	5	499	phase_loop[1003]	1788609432121377	9996	29f3c4522f7c6f03	239a643212c3bada
1788609437102943729	5	499	phase_loop[1004]	1788609432131377	9996	461b8b3995d2c53e	239a643212c3bada
1788609437102943729	5	499	phase_loop[1005]	1788609432141378	9992	7dceabe020f320a3	239a643212c3bada
1788609437102943729	5	499	phase_loop[1006]	1788609432151375	9996	c1dfcf8114117ccf	239a643212c3bada
1788609437102943729	5	499	phase_loop[1007]	1788609432161376	9996	1e54dc3909afeafc	239a643212c3bada
1788609437102943729	5	499	phase_loop[1008]	1788609432171376	9995	3dcf0735b9982fa7	239a643212c3bada
1788609437102943729	5	499	phase_loop[1009]	1788609432181375	9996	823671ef5839e8d2	239a643212c3bada
1788609437102943729	5	499	phase_loop[1010]	1788609432191375	9998	7cc4c1f5d01ececc	239a643212c3bada
1788609437102943729	5	499	phase_loop[1011]	1788609432201378	9994	c9fee93eccbb6de7	239a643212c3bada
1788609437102943729	5	499	phase_loop[1012]	1788609432211376	9995	7585a006f9e9208f	239a643212c3bada
1788609437102943729	5	499	phase_loop[1013]	1788609432221376	9997	6a100f2c8aa051c1	239a643212c3bada
1788609437102943729	5	499	phase_loop[1014]	1788609432231376	9996	525569532940b236	239a643212c3bada
1788609437102943729	5	499	phase_loop[1015]	1788609432241377	9995	d750d335f1e576ba	239a643212c3bada
1788609437102943729	5	499	phase_loop[1016]	1788609432251376	9995	bb13563fe14ce671	239a643212c3bada
1788609437102943729	5	499	phase_loop[1017]	1788609432261375	9998	34ffb1faaea0a0e2	239a643212c3bada
1788609437102943729	5	499	phase_loop[1018]	1788609432271377	9993	99665bbe91ae5a42	239a643212c3bada
1788609437102943729	5	499	phase_loop[1019]	1788609432281375	9998	49649ddb97893387	239a643212c3bada
1788609437102943729	5	499	phase_loop[1020]	1788609432291377	9994	22978dae5c0172ed	239a643212c3bada
1788609437102943729	5	499	phase_loop[1021]	1788609432301377	9996	59f6c1915d0e49ba	239a643212c3bada
1788609437102943729	5	499	phase_loop[1022]	1788609432311376	9995	380839d778e49d9b	239a643212c3bada
1788609437102943729	5	499	phase_loop[1023]	1788609432321375	10031	ec94afafbe7d0cb2	239a643212c3bada
1788609437102943729	5	499	phase_loop[1024]	1788609432331410	9963	279e5f04aa0fdad9	239a643212c3bada
1788609437102943729	5	499	phase_loop[1025]	1788609432341379	9994	38b681b3e3bf253c	239a643212c3bada
1788609437102943729	5	499	phase_loop[1026]	1788609432351377	9994	a298387b060d4e97	239a643212c3bada
1788609437102943729	5	499	phase_loop[1027]	1788609432361376	9998	d880b93287637268	239a643212c3bada
1788609437102943729	5	499	phase_loop[1028]	1788609432371377	9994	936bf4a8c808ca4b	239a643212c3bada
1788609437102943729	5	499	phase_loop[1029]	1788609432381376	9999	ffab9d0dbd8ef2a7	239a643212c3bada
1788609437102943729	5	499	phase_loop[1030]	1788609432391379	9993	6b7835910ca4b4b7	239a643212c3bada
1788609437102943729	5	499	phase_loop[1031]	1788609432401377	9995	b7431fa689a93c62	239a643212c3bada
1788609437102943729	5	499	phase_loop[1032]	1788609432411375	9996	887bc85f87d9d0b0	239a643212c3bada
1788609437102943729	5	499	phase_loop[1033]	1788609432421375	9997	35bbb3019053a389	239a643212c3bada
1788609437102943729	5	499	phase_loop[1034]	1788609432431377	9996	80357b0ea3942215	239a643212c3bada
1788609437102943729	5	499	phase_loop[1035]	1788609432441377	9994	2b58339463a68273	239a643212c3bada
1788609437102943729	5	499	phase_loop[1036]	1788609432451375	9996	966230315a89e90d	239a643212c3bada
1788609437102943729	5	499	phase_loop[1037]	1788609432461375	9998	418e2087a368ad4c	239a643212c3bada
1788609437102943729	5	499	phase_loop[1038]	1788609432471377	9994	57719863abe5bc09	239a643212c3bada
1788609437102943729	5	499	phase_loop[1039]	1788609432481376	9996	f7b0de70a98ed36a	239a643212c3bada
1788609437102943729	5	499	phase_loop[1040]	1788609432491376	9999	b881f6822c7cc4b8	239a643212c3bada
1788609437102943729	5	499	phase_loop[1041]	1788609432501380	9992	e74db9acd27ba97a	239a643212c3bada
1788609437102943729	5	499	phase_loop[1042]	1788609432511376	9998	facedb15a9a92698	239a643212c3bada
1788609437102943729	5	499	phase_loop[1043]	1788609432521377	9995	d136b8c7e367d3f4	239a643212c3bada
1788609437102943729	5	499	phase_loop[1044]	1788609432531377	9996	ed8caaf29f12faa0	239a643212c3bada
1788609437102943729	5	499	phase_loop[1045]	1788609432541377	9995	c23e2d89d7d4527a	239a643212c3bada
1788609437102943729	5	499	phase_loop[1046]	1788609432551376	9996	e2ae502a33f4c189	239a643212c3bada
1788609437102943729	5	499	phase_loop[1047]	1788609432561377	9996	04ee1ccd04902e7b	239a643212c3bada
1788609437102943729	5	499	phase_loop[1048]	1788609432571377	9994	95d9f2093c0682d7	239a643212c3bada
1788609437102943729	5	499	phase_loop[1049]	1788609432581376	9996	d7742a358f86f05a	239a643212c3bada
1788609437102943729	5	499	phase_loop[1050]	1788609432591376	9995	dcc498fa5e386be1	239a643212c3bada
1788609437102943729	5	499	phase_loop[1051]	1788609432601375	9996	974f02c4434ac7fd	239a643212c3bada
1788609437102943729	5	499	phase_loop[1052]	1788609432611375	9995	0dd03597dd78ddec	239a643212c3bada
1788609437102943729	5	499	phase_loop[1053]	1788609432621375	9998	9b65db706022d810	239a643212c3bada
1788609437102943729	5	499	phase_loop[1054]	1788609432631376	9995	915d14676e2b2fd9	239a643212c3bada
1788609437102943729	5	499	phase_loop[1055]	1788609432641376	9996	253324564a853eb8	239a643212c3bada
1788609437102943729	5	499	phase_loop[1056]	1788609432651375	10027	288aada579eeda95	239a643212c3bada
1788609437102943729	5	499	phase_loop[1057]	1788609432661407	9967	05c7dbdc3bacb73c	239a643212c3bada
1788609437102943729	5	499	phase_loop[1058]	1788609432671379	9992	a318520229b8a7f1	239a643212c3bada
1788609437102943729	5	499	phase_loop[1059]	1788609432681376	10000	f4ca64db9ac8c296	239a643212c3bada
1788609437102943729	5	499	phase_loop[1060]	1788609432691380	9994	6fd158f440379a32	239a643212c3bada
1788609437102943729	5	499	phase_loop[1061]	1788609432701379	9993	cf4ac5b5b4dd3d2a	239a643212c3bada
1788609437102943729	5	499	phase_loop[1062]	1788609432711376	9995	be148bf6ea13aea9	239a643212c3bada
1788609437102943729	5	499	phase_loop[1063]	1788609432721376	9996	f271f293140ab91c	239a643212c3bada
1788609437102943729	5	499	phase_loop[1064]	1788609432731376	9995	a944987de1409f35	239a643212c3bada
1788609437102943729	5	499	phase_loop[1065]	1788609432741376	9995	d239b31632429c1e	239a643212c3bada
1788609437102943729	5	499	phase_loop[1066]	1788609432751375	9996	9f094816b15e3f79	239a643212c3bada
1788609437102943729	5	499	phase_loop[1067]	1788609432761376	9997	1863a5158a008e73	239a643212c3bada
1788609437102943729	5	499	phase_loop[1068]	1788609432771377	9994	e1d60f74c986db61	239a643212c3bada
1788609437102943729	5	499	phase_loop[1069]	1788609432781376	9997	41689a065fcd3a69	239a643212c3bada
1788609437102943729	5	499	phase_loop[1070]	1788609432791377	9995	91aaf584bb6fa992	239a643212c3bada
1788609437102943729	5	499	phase_loop[1071]	1788609432801377	9996	7e8d0922d1f2ed58	239a643212c3bada
1788609437102943729	5	499	phase_loop[1072]	1788609432811376	9995	3895be93a1018344	239a643212c3bada
1788609437102943729	5	499	phase_loop[1073]	1788609432821376	9997	c31eafd7dd700602	239a643212c3bada
1788609437102943729	5	499	phase_loop[1074]	1788609432831377	9994	6b1988a45558adec	239a643212c3bada
1788609437102943729	5	499	phase_loop[1075]	1788609432841376	9995	842f52628a3c5daa	239a643212c3bada
1788609437102943729	5	499	phase_loop[1076]	1788609432851375	9999	7e12b75758eadd45	239a643212c3bada
1788609437102943729	5	499	phase_loop[1077]	1788609432861379	9994	071b0328690d14ce	239a643212c3bada
1788609437102943729	5	499	phase_loop[1078]	1788609432871377	9993	8451698e921662bc	239a643212c3bada
1788609437102943729	5	499	phase_loop[1079]	1788609432881375	9995	40bf37f5a4c9b93a	239a643212c3bada
1788609437102943729	5	499	phase_loop[1080]	1788609432891374	9999	de1caf5662c3a0c3	239a643212c3bada
1788609437102943729	5	499	phase_loop[1081]	1788609432901378	9995	20590a949f6a6ab5	239a643212c3bada
1788609437102943729	5	499	phase_loop[1082]	1788609432911376	9994	71e8671e0309e520	239a643212c3bada
1788609437102943729	5	499	phase_loop[1083]	1788609432921375	9998	26d836c1be363e5b	239a643212c3bada
1788609437102943729	5	499	phase_loop[1084]	1788609432931377	9995	12fe488f34a849b8	239a643212c3bada
1788609437102943729	5	499	phase_loop[1085]	1788609432941377	9997	a699db5ffe27a88e	239a643212c3bada
1788609437102943729	5	499	phase_loop[1086]	1788609432951377	9996	a9446279acfb26e0	239a643212c3bada
1788609437102943729	5	499	phase_loop[1087]	1788609432961378	9996	6506a4aec2a24e52	239a643212c3bada
1788609437102943729	5	499	phase_loop[1088]	1788609432971379	9992	342262d8e9306b18	239a643212c3bada
1788609437102943729	5	499	phase_loop[1089]	1788609432981375	10033	6fa018e186890567	239a643212c3bada
1788609437102943729	5	499	phase_loop[1090]	1788609432991412	9962	74e7404bf34fa6db	239a643212c3bada
1788609437102943729	5	499	phase_loop[1091]	1788609433001379	9996	a5c5e1ac552d30b8	239a643212c3bada
1788609437102943729	5	499	phase_loop[1092]	1788609433011380	9992	640b1baa7e9b2473	239a643212c3bada
1788609437102943729	5	499	phase_loop[1093]	1788609433021377	9999	d98c7cd7a66e4212	239a643212c3bada
1788609437102943729	5	499	phase_loop[1094]	1788609433031379	9994	f7dd66f215ea6e4b	239a643212c3bada
1788609437102943729	5	499	phase_loop[1095]	1788609433041378	9993	cb4bd1b320470087	239a643212c3bada
1788609437102943729	5	499	phase_loop[1096]	1788609433051375	9997	040686e0afec9642	239a643212c3bada
1788609437102943729	5	499	phase_loop[1097]	1788609433061377	9996	6369d708b2c910ca	239a643212c3bada
1788609437102943729	5	499	phase_loop[1098]	1788609433071379	9993	41678d74999e69cf	239a643212c3bada
1788609437102943729	5	499	phase_loop[1099]	1788609433081376	9995	0c59eda6166e7fcc	239a643212c3bada
1788609437102943729	5	499	phase_loop[1100]	1788609433091376	9997	401cc1a80b485a46	239a643212c3bada
1788609437102943729	5	499	phase_loop[1101]	1788609433101378	9995	09b666589272160e	239a643212c3bada
1788609437102943729	5	499	phase_loop[1102]	1788609433111377	9995	a3605da600d200be	239a643212c3bada
1788609437102943729	5	499	phase_loop[1103]	1788609433121376	9997	f571f4746faebee2	239a643212c3bada
1788609437102943729	5	499	phase_loop[1104]	1788609433131377	9996	a58227a00d696927	239a643212c3bada
1788609437102943729	5	499	phase_loop[1105]	1788609433141377	9994	02079903a15b67fd	239a643212c3bada
1788609437102943729	5	499	phase_loop[1106]	1788609433151374	9998	73ef96fbf722ae39	239a643212c3bada
1788609437102943729	5	499	phase_loop[1107]	1788609433161377	9996	52e9d8af8484c86c	239a643212c3bada
1788609437102943729	5	499	phase_loop[1108]	1788609433171378	9994	083a837b7c701c9f	239a643212c3bada
1788609437102943729	5	499	phase_loop[1109]	1788609433181376	9996	51ab212cdc12acf0	239a643212c3bada
1788609437102943729	5	499	phase_loop[1110]	1788609433191376	9996	1dea987cd72fc90e	239a643212c3bada
1788609437102943729	5	499	phase_loop[1111]	1788609433201377	9995	fbf5ceb528ad3390	239a643212c3bada
1788609437102943729	5	499	phase_loop[1112]	1788609433211377	9993	bfa373adf90a9475	239a643212c3bada
1788609437102943729	5	499	phase_loop[1113]	1788609433221375	9999	d613c11d295c2529	239a643212c3bada
1788609437102943729	5	499	phase_loop[1114]	1788609433231377	9995	119987795d207038	239a643212c3bada
1788609437102943729	5	499	phase_loop[1115]	1788609433241377	9998	cf565fcc55bedb6b	239a643212c3bada
1788609437102943729	5	499	phase_loop[1116]	1788609433251378	9994	673a83125666275e	239a643212c3bada
1788609437102943729	5	499	phase_loop[1117]	1788609433261377	9996	0fd71c95f850350b	239a643212c3bada
1788609437102943729	5	499	phase_loop[1118]	1788609433271377	9995	a1bbeea8664917c2	239a643212c3bada
1788609437102943729	5	499	phase_loop[1119]	1788609433281376	9996	67004f9e4ea52833	239a643212c3bada
1788609437102943729	5	499	phase_loop[1120]	1788609433291376	9996	6595336844f93c24	239a643212c3bada
1788609437102943729	5	499	phase_loop[1121]	1788609433301377	9996	e3cd9e0c42674398	239a643212c3bada
1788609437102943729	5	499	phase_loop[1122]	1788609433311377	10032	7beabd39e1ba3a12	239a643212c3bada
1788609437102943729	5	499	phase_loop[1123]	1788609433321413	9960	927d63b50f08e91a	239a643212c3bada
1788609437102943729	5	499	phase_loop[1124]	1788609433331379	9994	f590ec1e95db4978	239a643212c3bada
1788609437102943729	5	499	phase_loop[1125]	1788609433341377	9995	540df05db55bfa64	239a643212c3bada
1788609437102943729	5	499	phase_loop[1126]	1788609433351377	9995	bdf28a5f9fdb1fb8	239a643212c3bada
1788609437102943729	5	499	phase_loop[1127]	1788609433361376	9995	c7718beb2a70f6a7	239a643212c3bada
1788609437102943729	5	499	phase_loop[1128]	1788609433371376	9995	a2d1f891103e0660	239a643212c3bada
1788609437102943729	5	499	phase_loop[1129]	1788609433381376	9996	63fb9c7158daa5e2	239a643212c3bada
1788609437102943729	5	499	phase_loop[1130]	1788609433391376	9996	a6de6f016f845a79	239a643212c3bada
1788609437102943729	5	499	phase_loop[1131]	1788609433401378	9994	8ac67c644583cd7a	239a643212c3bada
1788609437102943729	5	499	phase_loop[1132]	1788609433411375	9997	6a6a1d984dd5f5c8	239a643212c3bada
1788609437102943729	5	499	phase_loop[1133]	1788609433421377	9997	dc58c35df4a75901	239a643212c3bada
1788609437102943729	5	499	phase_loop[1134]	1788609433431378	9994	834c4a9ae404a87f	239a643212c3bada
1788609437102943729	5	499	phase_loop[1135]	1788609433441376	9997	b896ec7711815f84	239a643212c3bada
1788609437102943729	5	499	phase_loop[1136]	1788609433451377	9996	8c1db8c3577f6c93	239a643212c3bada
1788609437102943729	5	499	phase_loop[1137]	1788609433461377	9996	d5aabccf194d4988	239a643212c3bada
1788609437102943729	5	499	phase_loop[1138]	1788609433471377	9997	afd6d19ea3e8c628	239a643212c3bada
1788609437102943729	5	499	phase_loop[1139]	1788609433481378	9992	962bceb856976575	239a643212c3bada
1788609437102943729	5	499	phase_loop[1140]	1788609433491374	9998	ddceefb6e92eaede	239a643212c3bada
1788609437102943729	5	499	phase_loop[1141]	1788609433501377	9995	b698b2b1f373e513	239a643212c3bada
1788609437102943729	5	499	phase_loop[1142]	1788609433511375	9996	fa5ff420a8720ac0	239a643212c3bada
1788609437102943729	5	499	phase_loop[1143]	1788609433521376	9997	7326732c5aec4db2	239a643212c3bada
1788609437102943729	5	499	phase_loop[1144]	1788609433531377	9994	868ac34e0252533e	239a643212c3bada
1788609437102943729	5	499	phase_loop[1145]	1788609433541376	9996	9c95d9b9d06a13db	239a643212c3bada
1788609437102943729	5	499	phase_loop[1146]	1788609433551376	9998	11195989e49cb89d	239a643212c3bada
1788609437102943729	5	499	phase_loop[1147]	1788609433561379	9995	aaae43bd0c40089b	239a643212c3bada
1788609437102943729	5	499	phase_loop[1148]	1788609433571380	9992	ec921e37ac5a0c83	239a643212c3bada
1788609437102943729	5	499	phase_loop[1149]	1788609433581375	9997	c6c0c6441eb26ef2	239a643212c3bada
1788609437102943729	5	499	phase_loop[1150]	1788609433591376	9996	c525a76872ca4735	239a643212c3bada
1788609437102943729	5	499	phase_loop[1151]	1788609433601377	9995	2df650d15badb351	239a643212c3bada
1788609437102943729	5	499	phase_loop[1152]	1788609433611377	9994	ad8ed05c5bcca067	239a643212c3bada
1788609437102943729	5	499	phase_loop[1153]	1788609433621376	9998	3df6df082c3804e8	239a643212c3bada
1788609437102943729	5	499	phase_loop[1154]	1788609433631377	9994	b0e0db2052eeb4d2	239a643212c3bada
1788609437102943729	5	499	phase_loop[1155]	1788609433641377	10038	120e51772787aa50	239a643212c3bada
1788609437102943729	5	499	phase_loop[1156]	1788609433651419	9954	9eccbf0d34d60ff5	239a643212c3bada
1788609437102943729	5	499	phase_loop[1157]	1788609433661378	9995	22f9a7915af4a938	239a643212c3bada
1788609437102943729	5	499	phase_loop[1158]	1788609433671378	9993	e09663b5b16fbf5d	239a643212c3bada
1788609437102943729	5	499	phase_loop[1159]	1788609433681376	9996	09fae234170e4e90	239a643212c3bada
1788609437102943729	5	499	phase_loop[1160]	1788609433691376	9997	9eab42579555385a	239a643212c3bada
1788609437102943729	5	499	phase_loop[1161]	1788609433701379	9993	71467252318b8006	239a643212c3bada
1788609437102943729	5	499	phase_loop[1162]	1788609433711377	9996	824b871752c49dcf	239a643212c3bada
1788609437102943729	5	499	phase_loop[1163]	1788609433721378	9995	a2c689cac39172b0	239a643212c3bada
1788609437102943729	5	499	phase_loop[1164]	1788609433731378	9995	e040035556fde097	239a643212c3bada
1788609437102943729	5	499	phase_loop[1165]	1788609433741378	9994	2f5eaed8bcfd5409	239a643212c3bada
1788609437102943729	5	499	phase_loop[1166]	1788609433751376	9996	37d6f0f8921d97d8	239a643212c3bada
1788609437102943729	5	499	phase_loop[1167]	1788609433761376	9998	6dec52f93a5f26a2	239a643212c3bada
1788609437102943729	5	499	phase_loop[1168]	1788609433771378	9994	ed52501f85906b14	239a643212c3bada
1788609437102943729	5	499	phase_loop[1169]	1788609433781377	9995	f38f3ae603289acc	239a643212c3bada
1788609437102943729	5	499	phase_loop[1170]	1788609433791376	9997	c51147af6aa8bef6	239a643212c3bada
1788609437102943729	5	499	phase_loop[1171]	1788609433801378	9994	63a9c0ffd509342c	239a643212c3bada
1788609437102943729	5	499	phase_loop[1172]	1788609433811376	9995	e16973881ea2dd66	239a643212c3bada
1788609437102943729	5	499	phase_loop[1173]	1788609433821376	9996	24603a871d55a921	239a643212c3bada
1788609437102943729	5	499	phase_loop[1174]	1788609433831377	9994	447af9a872c69707	239a643212c3bada
1788609437102943729	5	499	phase_loop[1175]	1788609433841375	9998	1dc1985aa6df3ae6	239a643212c3bada
1788609437102943729	5	499	phase_loop[1176]	1788609433851377	9995	ea097c19cb1e3894	239a643212c3bada
1788609437102943729	5	499	phase_loop[1177]	1788609433861376	9998	3ba85e81445d3089	239a643212c3bada
1788609437102943729	5	499	phase_loop[1178]	1788609433871378	9993	495a919eca6f4c5a	239a643212c3bada
1788609437102943729	5	499	phase_loop[1179]	1788609433881376	9995	4fe5fe2ce62edc72	239a643212c3bada
1788609437102943729	5	499	phase_loop[1180]	1788609433891376	9997	3e035ff3559b403d	239a643212c3bada
1788609437102943729	5	499	phase_loop[1181]	1788609433901377	9994	0dac653adee64b39	239a643212c3bada
1788609437102943729	5	499	phase_loop[1182]	1788609433911375	9995	35af20fc5028f962	239a643212c3bada
1788609437102943729	5	499	phase_loop[1183]	1788609433921375	9998	0af54e1076b98d18	239a643212c3bada
1788609437102943729	5	499	phase_loop[1184]	1788609433931377	9997	ce14c4ca08e3129e	239a643212c3bada
1788609437102943729	5	499	phase_loop[1185]	1788609433941379	9993	43d9142b6b6c7dc2	239a643212c3bada
1788609437102943729	5	499	phase_loop[1186]	1788609433951376	9995	a20770a36a5b0723	239a643212c3bada
1788609437102943729	5	499	phase_loop[1187]	1788609433961375	9997	3a860de0598b222f	239a643212c3bada
1788609437102943729	5	499	phase_loop[1188]	1788609433971376	10026	426e0d583ae9c840	239a643212c3bada
1788609437102943729	5	499	phase_loop[1189]	1788609433981407	9968	715770f8a983b6e6	239a643212c3bada
1788609437102943729	5	499	phase_loop[1190]	1788609433991380	9992	d03a0590d3c2614c	239a643212c3bada
1788609437102943729	5	499	phase_loop[1191]	1788609434001377	9998	4dcf13ee2d1daff8	239a643212c3bada
1788609437102943729	5	499	phase_loop[1192]	1788609434011379	9993	9be512b75e7b9533	239a643212c3bada
1788609437102943729	5	499	phase_loop[1193]	1788609434021378	9995	6e036a1c99d80f12	239a643212c3bada
1788609437102943729	5	499	phase_loop[1194]	1788609434031377	9995	041950d6dac91def	239a643212c3bada
1788609437102943729	5	499	phase_loop[1195]	1788609434041377	9993	5d84d3c48ab54292	239a643212c3bada
1788609437102943729	5	499	phase_loop[1196]	1788609434051374	9997	1f3666405cd3b090	239a643212c3bada
1788609437102943729	5	499	phase_loop[1197]	1788609434061376	9996	dc9534d387a3e8d8	239a643212c3bada
1788609437102943729	5	499	phase_loop[1198]	1788609434071377	9995	f4e18c30d6f1d779	239a643212c3bada
1788609437102943729	5	499	phase_loop[1199]	1788609434081377	9996	ee71f63e8bbed5ec	239a643212c3bada
1788609437102943729	5	499	phase_loop[1200]	1788609434091377	9995	c8fd94d66534953f	239a643212c3bada
1788609437102943729	5	499	phase_loop[1201]	1788609434101377	9996	ff7dae3d3dc6608c	239a643212c3bada
1788609437102943729	5	499	phase_loop[1202]	1788609434111376	9999	eab4bc8293719e81	239a643212c3bada
1788609437102943729	5	499	phase_loop[1203]	1788609434121380	9994	bc5ce90fcca8ded2	239a643212c3bada
1788609437102943729	5	499	phase_loop[1204]	1788609434131377	9997	2b9c07f7b78d83df	239a643212c3bada
1788609437102943729	5	499	phase_loop[1205]	1788609434141379	9994	3c2ed03cb7c49ce6	239a643212c3bada
1788609437102943729	5	499	phase_loop[1206]	1788609434151376	9996	7c596c8a9ba42563	239a643212c3bada
1788609437102943729	5	499	phase_loop[1207]	1788609434161377	9996	f282d4c513e91ea1	239a643212c3bada
1788609437102943729	5	499	phase_loop[1208]	1788609434171378	9994	cf9806dd4ae235f0	239a643212c3bada
1788609437102943729	5	499	phase_loop[1209]	1788609434181376	9995	a8724ff07c9937e5	239a643212c3bada
1788609437102943729	5	499	phase_loop[1210]	1788609434191375	9997	ba7b3c693737730b	239a643212c3bada
1788609437102943729	5	499	phase_loop[1211]	1788609434201377	9994	c668df532056c364	239a643212c3bada
1788609437102943729	5	499	phase_loop[1212]	1788609434211375	9997	ed767e5c1a5022fe	239a643212c3bada
1788609437102943729	5	499	phase_loop[1213]	1788609434221376	9996	e9cc45ad98cdfc88	239a643212c3bada
1788609437102943729	5	499	phase_loop[1214]	1788609434231377	9995	c255bac49f01a86b	239a643212c3bada
1788609437102943729	5	499	phase_loop[1215]	1788609434241376	9995	afed3b329d5004bf	239a643212c3bada
1788609437102943729	5	499	phase_loop[1216]	1788609434251376	9996	ec3af9b522cf8185	239a643212c3bada
1788609437102943729	5	499	phase_loop[1217]	1788609434261376	9996	dc9ffb38d3a6e674	239a643212c3bada
1788609437102943729	5	499	phase_loop[1218]	1788609434271376	9995	b3fd71be65fa4d84	239a643212c3bada
1788609437102943729	5	499	phase_loop[1219]	1788609434281376	9999	c670bafd0fe1c2ad	239a643212c3bada
1788609437102943729	5	499	phase_loop[1220]	1788609434291379	9994	6dbfb4407a08189c	239a643212c3bada
1788609437102943729	5	499	phase_loop[1221]	1788609434301378	10032	beed23c7016b5656	239a643212c3bada
1788609437102943729	5	499	phase_loop[1222]	1788609434311414	9959	072a9b6e1e5cdeff	239a643212c3bada
1788609437102943729	5	499	phase_loop[1223]	1788609434321378	9993	afbf97913b705b28	239a643212c3bada
1788609437102943729	5	499	phase_loop[1224]	1788609434331375	9999	1ac4b3a384334417	239a643212c3bada
1788609437102943729	5	499	phase_loop[1225]	1788609434341379	9992	4eb221b7ded39110	239a643212c3bada
1788609437102943729	5	499	phase_loop[1226]	1788609434351375	9997	dc5eb44907a9efb6	239a643212c3bada
1788609437102943729	5	499	phase_loop[1227]	1788609434361377	9996	05faf9076d054135	239a643212c3bada
1788609437102943729	5	499	phase_loop[1228]	1788609434371377	9995	89eaffa975efaee1	239a643212c3bada
1788609437102943729	5	499	phase_loop[1229]	1788609434381378	9995	a0c98091edeef1e5	239a643212c3bada
1788609437102943729	5	499	phase_loop[1230]	1788609434391377	9997	30662859c1155239	239a643212c3bada
1788609437102943729	5	499	phase_loop[1231]	1788609434401380	9993	f77702cbfdaf1bca	239a643212c3bada
1788609437102943729	5	499	phase_loop[1232]	1788609434411376	9995	a6f0060102e16d7c	239a643212c3bada
1788609437102943729	5	499	phase_loop[1233]	1788609434421376	9997	ecdf8d58460c39b3	239a643212c3bada
1788609437102943729	5	499	phase_loop[1234]	1788609434431377	9996	cff30e4a9ba7ccb7	239a643212c3bada
1788609437102943729	5	499	phase_loop[1235]	1788609434441378	9995	edbd63ea0e85df31	239a643212c3bada
1788609437102943729	5	499	phase_loop[1236]	1788609434451377	9995	7d27952b1bda6f08	239a643212c3bada
1788609437102943729	5	499	phase_loop[1237]	1788609434461376	9998	91f23efbf9fd1a5e	239a643212c3bada
1788609437102943729	5	499	phase_loop[1238]	1788609434471378	9993	c1fe2c4893ebfc4b	239a643212c3bada
1788609437102943729	5	499	phase_loop[1239]	1788609434481375	9997	07c568d7b01fe6e8	239a643212c3bada
1788609437102943729	5	499	phase_loop[1240]	1788609434491376	9997	8c758b8ace8f5565	239a643212c3bada
1788609437102943729	5	499	phase_loop[1241]	1788609434501378	9994	f86ddebaa923db34	239a643212c3bada
1788609437102943729	5	499	phase_loop[1242]	1788609434511377	9994	8177d0e5b0cad1f5	239a643212c3bada
1788609437102943729	5	499	phase_loop[1243]	1788609434521376	9997	3659f126c368ddcf	239a643212c3bada
1788609437102943729	5	499	phase_loop[1244]	1788609434531377	9994	1de5be737aae6041	239a643212c3bada
1788609437102943729	5	499	phase_loop[1245]	1788609434541376	9995	bd17c52b4e73ee0e	239a643212c3bada
1788609437102943729	5	499	phase_loop[1246]	1788609434551375	9997	ab23ba68f5ee7772	239a643212c3bada
1788609437102943729	5	499	phase_loop[1247]	1788609434561377	9996	ab4853a439c373ca	239a643212c3bada
1788609437102943729	5	499	phase_loop[1248]	1788609434571377	9994	e64ece3a6a3d50d2	239a643212c3bada
1788609437102943729	5	499	phase_loop[1249]	1788609434581375	9999	968a42ebcff82924	239a643212c3bada
1788609437102943729	5	499	phase_loop[1250]	1788609434591378	9994	05907171fb74f8e6	239a643212c3bada
1788609437102943729	5	499	phase_loop[1251]	1788609434601377	9998	01a0550c2540c82a	239a643212c3bada
1788609437102943729	5	499	phase_loop[1252]	1788609434611379	9993	04528a428435a7d9	239a643212c3bada
1788609437102943729	5	499	phase_loop[1253]	1788609434621377	9996	31c4783e99266981	239a643212c3bada
1788609437102943729	5	499	phase_loop[1254]	1788609434631377	10028	84bdf20eb4f5e2e9	239a643212c3bada
1788609437102943729	5	499	phase_loop[1255]	1788609434641410	9961	cb0cb6b6fac5182c	239a643212c3bada
1788609437102943729	5	499	phase_loop[1256]	1788609434651375	9997	0e22d7ed7c973cd0	239a643212c3bada
1788609437102943729	5	499	phase_loop[1257]	1788609434661378	9996	da3ef9822f01cfa6	239a643212c3bada
1788609437102943729	5	499	phase_loop[1258]	1788609434671378	9994	f9db6c5cdc1ef994	239a643212c3bada
1788609437102943729	5	499	phase_loop[1259]	1788609434681376	9997	1fee008fde016c36	239a643212c3bada
1788609437102943729	5	499	phase_loop[1260]	1788609434691377	9996	0b2636feb61d5c32	239a643212c3bada
1788609437102943729	5	499	phase_loop[1261]	1788609434701378	9994	9749e3624f7a180c	239a643212c3bada
1788609437102943729	5	499	phase_loop[1262]	1788609434711376	9996	9ca3f596c58c3df6	239a643212c3bada
1788609437102943729	5	499	phase_loop[1263]	1788609434721377	9996	3a82e3abe67af211	239a643212c3bada
1788609437102943729	5	499	phase_loop[1264]	1788609434731377	9996	62dd980bac4702bd	239a643212c3bada
1788609437102943729	5	499	phase_loop[1265]	1788609434741378	9993	3fa9c2ab949bc53d	239a643212c3bada
1788609437102943729	5	499	phase_loop[1266]	1788609434751375	9998	76d95f338553c9b6	239a643212c3bada
1788609437102943729	5	499	phase_loop[1267]	1788609434761378	9994	eb178d1cfa9539b4	239a643212c3bada
1788609437102943729	5	499	phase_loop[1268]	1788609434771376	9998	ee152102af890942	239a643212c3bada
1788609437102943729	5	499	phase_loop[1269]	1788609434781379	9994	a29ff5f348f5bd9c	239a643212c3bada
1788609437102943729	5	499	phase_loop[1270]	1788609434791377	9996	942ef62bf0a93332	239a643212c3bada
1788609437102943729	5	499	phase_loop[1271]	1788609434801378	9994	a2db42a5b1e10b51	239a643212c3bada
1788609437102943729	5	499	phase_loop[1272]	1788609434811375	9995	4407c1fca3699a26	239a643212c3bada
1788609437102943729	5	499	phase_loop[1273]	1788609434821376	9997	b8382226bfdd7f2b	239a643212c3bada
1788609437102943729	5	499	phase_loop[1274]	1788609434831377	9996	de65e2a71141e85a	239a643212c3bada
1788609437102943729	5	499	phase_loop[1275]	1788609434841378	9993	a3be9f5f3ab7d50c	239a643212c3bada
1788609437102943729	5	499	phase_loop[1276]	1788609434851375	10000	749dfd5d7cacc13a	239a643212c3bada
1788609437102943729	5	499	phase_loop[1277]	1788609434861380	9994	fdfee3e2880b3c0d	239a643212c3bada
1788609437102943729	5	499	phase_loop[1278]	1788609434871377	9994	69b1ae01dc99cb8c	239a643212c3bada
1788609437102943729	5	499	phase_loop[1279]	1788609434881376	9998	7f17786f3ad4fec3	239a643212c3bada
1788609437102943729	5	499	phase_loop[1280]	1788609434891378	9995	e67ed4aa355b3449	239a643212c3bada
1788609437102943729	5	499	phase_loop[1281]	1788609434901378	9993	1342da0f5ff36c6a	239a643212c3bada
1788609437102943729	5	499	phase_loop[1282]	1788609434911375	9997	42d0396c569a1d9a	239a643212c3bada
1788609437102943729	5	499	phase_loop[1283]	1788609434921376	9997	01e6c270176766df	239a643212c3bada
1788609437102943729	5	499	phase_loop[1284]	1788609434931377	9994	e17fc4a8f4c6feda	239a643212c3bada
1788609437102943729	5	499	phase_loop[1285]	1788609434941377	9997	61a0ae002c18e367	239a643212c3bada
1788609437102943729	5	499	phase_loop[1286]	1788609434951378	9994	bb9fc9d935e7510f	239a643212c3bada
1788609437102943729	5	499	phase_loop[1287]	1788609434961377	10040	888ae3619c56722d	239a643212c3bada
1788609437102943729	5	499	phase_loop[1288]	1788609434971422	9951	09d0020daf6d97e3	239a643212c3bada
1788609437102943729	5	499	phase_loop[1289]	1788609434981378	9996	45ebe3747f2f1680	239a643212c3bada
1788609437102943729	5	499	phase_loop[1290]	1788609434991379	9994	514f2a44c12418c5	239a643212c3bada
1788609437102943729	5	499	phase_loop[1291]	1788609435001378	9995	f288b2999b484705	239a643212c3bada
1788609437102943729	5	499	phase_loop[1292]	1788609435011376	9996	460312d8113d91e9	239a643212c3bada
1788609437102943729	5	499	phase_loop[1293]	1788609435021378	9997	54dd972c9c3e1e92	239a643212c3bada
1788609437102943729	5	499	phase_loop[1294]	1788609435031380	9992	78dbda7447af683f	239a643212c3bada
1788609437102943729	5	499	phase_loop[1295]	1788609435041377	9995	35754d4fd1ec39df	239a643212c3bada
1788609437102943729	5	499	phase_loop[1296]	1788609435051376	9996	035dd1c635814a3b	239a643212c3bada
1788609437102943729	5	499	phase_loop[1297]	1788609435061377	9998	5fd61c7315157802	239a643212c3bada
1788609437102943729	5	499	phase_loop[1298]	1788609435071378	9994	9a3bf38cb8e1892d	239a643212c3bada
1788609437102943729	5	499	phase_loop[1299]	1788609435081377	9996	a71880bd4efc5ba3	239a643212c3bada
1788609437102943729	5	499	phase_loop[1300]	1788609435091377	9997	fe018767d4ad4390	239a643212c3bada
1788609437102943729	5	499	phase_loop[1301]	1788609435101378	9995	171052f463d78184	239a643212c3bada
1788609437102943729	5	499	phase_loop[1302]	1788609435111376	9996	b8991c264fb9120e	239a643212c3bada
1788609437102943729	5	499	phase_loop[1303]	1788609435121378	9995	ee999407eff18abb	239a643212c3bada
1788609437102943729	5	499	phase_loop[1304]	1788609435131376	9995	0c67440750051b75	239a643212c3bada
1788609437102943729	5	499	phase_loop[1305]	1788609435141377	9994	3474a088343902b2	239a643212c3bada
1788609437102943729	5	499	phase_loop[1306]	1788609435151375	9997	1508f81e10adca84	239a643212c3bada
1788609437102943729	5	499	phase_loop[1307]	1788609435161377	9995	5ea1e74dc2b59b64	239a643212c3bada
1788609437102943729	5	499	phase_loop[1308]	1788609435171377	9994	db34cee52b65c127	239a643212c3bada
1788609437102943729	5	499	phase_loop[1309]	1788609435181377	9997	b83f868bf5affe61	239a643212c3bada
1788609437102943729	5	499	phase_loop[1310]	1788609435191378	9995	6d2d7f611c5350a0	239a643212c3bada
1788609437102943729	5	499	phase_loop[1311]	1788609435201379	9994	52105ed364100c43	239a643212c3bada
1788609437102943729	5	499	phase_loop[1312]	1788609435211377	9994	2691ac15c893ab10	239a643212c3bada
1788609437102943729	5	499	phase_loop[1313]	1788609435221376	9997	72d3fb5ae8fb167c	239a643212c3bada
1788609437102943729	5	499	phase_loop[1314]	1788609435231377	9993	b7888e8b3eb7708f	239a643212c3bada
1788609437102943729	5	499	phase_loop[1315]	1788609435241375	9998	594182e5d98086fe	239a643212c3bada
1788609437102943729	5	499	phase_loop[1316]	1788609435251377	9995	9624d70bbea6dfce	239a643212c3bada
1788609437102943729	5	499	phase_loop[1317]	1788609435261376	9996	ff13e11fb82d6641	239a643212c3bada
1788609437102943729	5	499	phase_loop[1318]	1788609435271376	9995	404907fc89c62c91	239a643212c3bada
1788609437102943729	5	499	phase_loop[1319]	1788609435281376	9996	e08310abe3d9d633	239a643212c3bada
1788609437102943729	5	499	phase_loop[1320]	1788609435291376	10031	581de5e2d95dc0b5	239a643212c3bada
1788609437102943729	5	499	phase_loop[1321]	1788609435301412	9962	7120e9791b2f9473	239a643212c3bada
1788609437102943729	5	499	phase_loop[1322]	1788609435311378	9994	0fb225d0fab7c2e8	239a643212c3bada
1788609437102943729	5	499	phase_loop[1323]	1788609435321377	9995	97464318178dedf5	239a643212c3bada
1788609437102943729	5	499	phase_loop[1324]	1788609435331377	9995	215f1271eb28e303	239a643212c3bada
1788609437102943729	5	499	phase_loop[1325]	1788609435341377	9995	469331f529376a9a	239a643212c3bada
1788609437102943729	5	499	phase_loop[1326]	1788609435351375	9996	9aff7b411f49bf0c	239a643212c3bada
1788609437102943729	5	499	phase_loop[1327]	1788609435361376	9996	4458717ec4885bed	239a643212c3bada
1788609437102943729	5	499	phase_loop[1328]	1788609435371377	9995	2a27b3d9d22f4151	239a643212c3bada
1788609437102943729	5	499	phase_loop[1329]	1788609435381376	9997	eb4c6c89301326c2	239a643212c3bada
1788609437102943729	5	499	phase_loop[1330]	1788609435391377	9995	1f9e19bbecef2f5c	239a643212c3bada
1788609437102943729	5	499	phase_loop[1331]	1788609435401377	9995	2a405c0e74c04402	239a643212c3bada
1788609437102943729	5	499	phase_loop[1332]	1788609435411376	9996	4cdf53f77fbe6aab	239a643212c3bada
1788609437102943729	5	499	phase_loop[1333]	1788609435421376	9997	084c554bdc8d1ce7	239a643212c3bada
1788609437102943729	5	499	phase_loop[1334]	1788609435431377	9996	012dec2a9f97adfb	239a643212c3bada
1788609437102943729	5	499	phase_loop[1335]	1788609435441378	9994	d30b68d38acdc62d	239a643212c3bada
1788609437102943729	5	499	phase_loop[1336]	1788609435451376	9997	6ae299bdd1ff6d66	239a643212c3bada
1788609437102943729	5	499	phase_loop[1337]	1788609435461378	9995	828c738adcc561f5	239a643212c3bada
1788609437102943729	5	499	phase_loop[1338]	1788609435471376	9994	389895c7194a5a95	239a643212c3bada
1788609437102943729	5	499	phase_loop[1339]	1788609435481376	9996	d9c040f098c633ae	239a643212c3bada
1788609437102943729	5	499	phase_loop[1340]	1788609435491377	9995	41dd89ea57e6bc27	239a643212c3bada
1788609437102943729	5	499	phase_loop[1341]	1788609435501377	9995	f04416c5272011e6	239a643212c3bada
1788609437102943729	5	499	phase_loop[1342]	1788609435511376	9995	8fd0a72b10c9578a	239a643212c3bada
1788609437102943729	5	499	phase_loop[1343]	1788609435521376	9996	d56cce318e2e2488	239a643212c3bada
1788609437102943729	5	499	phase_loop[1344]	1788609435531377	9995	8fde259c6198be95	239a643212c3bada
1788609437102943729	5	499	phase_loop[1345]	1788609435541376	9996	8f95419ff88c83d2	239a643212c3bada
1788609437102943729	5	499	phase_loop[1346]	1788609435551377	9995	291f085f58acf52a	239a643212c3bada
1788609437102943729	5	499	phase_loop[1347]	1788609435561378	9996	eec7fa3fcd0942d4	239a643212c3bada
1788609437102943729	5	499	phase_loop[1348]	1788609435571377	9995	17d2dc7e3b0aa185	239a643212c3bada
1788609437102943729	5	499	phase_loop[1349]	1788609435581377	9995	1fbbb608d7d57ed5	239a643212c3bada
1788609437102943729	5	499	phase_loop[1350]	1788609435591376	9996	df2dbd0334901e7d	239a643212c3bada
1788609437102943729	5	499	phase_loop[1351]	1788609435601377	9995	93ff2b39b5b11b93	239a643212c3bada
1788609437102943729	5	499	phase_loop[1352]	1788609435611376	9996	31728aac7970fec3	239a643212c3bada
1788609437102943729	5	499	phase_loop[1353]	1788609435621377	10036	cb974fe0eba5475e	239a643212c3bada
1788609437102943729	5	499	phase_loop[1354]	1788609435631418	9955	49cdc830a3b2e3d4	239a643212c3bada
1788609437102943729	5	499	phase_loop[1355]	1788609435641379	9997	64977096b0a0ac2c	239a643212c3bada
1788609437102943729	5	499	phase_loop[1356]	1788609435651380	9993	e243b491f6d161a8	239a643212c3bada
1788609437102943729	5	499	phase_loop[1357]	1788609435661377	9996	91c89679df0e28d4	239a643212c3bada
1788609437102943729	5	499	phase_loop[1358]	1788609435671377	9996	5e83daede0a83d28	239a643212c3bada
1788609437102943729	5	499	phase_loop[1359]	1788609435681377	9995	a75a3ce41989d584	239a643212c3bada
1788609437102943729	5	499	phase_loop[1360]	1788609435691377	9997	80802ec5d8861eed	239a643212c3bada
1788609437102943729	5	499	phase_loop[1361]	1788609435701379	9994	77bbb7705f215bd5	239a643212c3bada
1788609437102943729	5	499	phase_loop[1362]	1788609435711377	9999	85a0eba135bb9b64	239a643212c3bada
1788609437102943729	5	499	phase_loop[1363]	1788609435721380	9993	10ddddc0bcd387a0	239a643212c3bada
1788609437102943729	5	499	phase_loop[1364]	1788609435731378	9995	997ac6a82c081be1	239a643212c3bada
1788609437102943729	5	499	phase_loop[1365]	1788609435741378	9996	4c0e9415dec43220	239a643212c3bada
1788609437102943729	5	499	phase_loop[1366]	1788609435751379	9994	29c6921df762ec28	239a643212c3bada
1788609437102943729	5	499	phase_loop[1367]	1788609435761377	9995	6a76e4c7cae0be37	239a643212c3bada
1788609437102943729	5	499	phase_loop[1368]	1788609435771376	9996	78df7646d89ac782	239a643212c3bada
1788609437102943729	5	499	phase_loop[1369]	1788609435781378	9995	6cf9facf60f994ef	239a643212c3bada
1788609437102943729	5	499	phase_loop[1370]	1788609435791377	9996	7122b2b7de8980c0	239a643212c3bada
1788609437102943729	5	499	phase_loop[1371]	1788609435801377	9994	fe95e3085a94839d	239a643212c3bada
1788609437102943729	5	499	phase_loop[1372]	1788609435811376	9995	9a09e11995099fec	239a643212c3bada
1788609437102943729	5	499	phase_loop[1373]	1788609435821376	9997	44a55129a4ea16fc	239a643212c3bada
1788609437102943729	5	499	phase_loop[1374]	1788609435831377	9995	c5221aa20512fd3c	239a643212c3bada
1788609437102943729	5	499	phase_loop[1375]	1788609435841377	9997	463c27c35d8bdb66	239a643212c3bada
1788609437102943729	5	499	phase_loop[1376]	1788609435851377	9994	d2ee83d2ca41af2d	239a643212c3bada
1788609437102943729	5	499	phase_loop[1377]	1788609435861377	9995	8a55aead60843579	239a643212c3bada
1788609437102943729	5	499	phase_loop[1378]	1788609435871376	9995	21a968e62725ff35	239a643212c3bada
1788609437102943729	5	499	phase_loop[1379]	1788609435881375	10000	4fa4d1c1e46c7800	239a643212c3bada
1788609437102943729	5	499	phase_loop[1380]	1788609435891380	9993	4f79e3ed2928a936	239a643212c3bada
1788609437102943729	5	499	phase_loop[1381]	1788609435901378	9995	c033b0634cbb9168	239a643212c3bada
1788609437102943729	5	499	phase_loop[1382]	1788609435911377	9994	bd96ce1a215cf31c	239a643212c3bada
1788609437102943729	5	499	phase_loop[1383]	1788609435921377	9996	eaad282aadff8b56	239a643212c3bada
1788609437102943729	5	499	phase_loop[1384]	1788609435931377	9995	8bece4ff8a452bea	239a643212c3bada
1788609437102943729	5	499	phase_loop[1385]	1788609435941377	9994	629330dd3b2ac46c	239a643212c3bada
1788609437102943729	5	499	phase_loop[1386]	1788609435951375	10031	0ab358bdf41219c4	239a643212c3bada
1788609437102943729	5	499	phase_loop[1387]	1788609435961411	9964	c9d28cb523804442	239a643212c3bada
1788609437102943729	5	499	phase_loop[1388]	1788609435971379	9992	92e18875b7f74b08	239a643212c3bada
1788609437102943729	5	499	phase_loop[1389]	1788609435981375	9996	b2b19a4f638ba494	239a643212c3bada
1788609437102943729	5	499	phase_loop[1390]	1788609435991375	9998	e1e7a0744bbd2368	239a643212c3bada
1788609437102943729	5	499	phase_loop[1391]	1788609436001378	9995	e1ac5a0ca41b1742	239a643212c3bada
1788609437102943729	5	499	phase_loop[1392]	1788609436011377	9993	dbc0a8660df588ac	239a643212c3bada
1788609437102943729	5	499	phase_loop[1393]	1788609436021376	9998	1c0f16901f1a7834	239a643212c3bada
1788609437102943729	5	499	phase_loop[1394]	1788609436031378	9995	13ce8da612161c0f	239a643212c3bada
1788609437102943729	5	499	phase_loop[1395]	1788609436041377	9994	94c6ea0fbfe6ebea	239a643212c3bada
1788609437102943729	5	499	phase_loop[1396]	1788609436051375	9996	14225b990a7c04cd	239a643212c3bada
1788609437102943729	5	499	phase_loop[1397]	1788609436061375	9998	decf8153f9a49002	239a643212c3bada
1788609437102943729	5	499	phase_loop[1398]	1788609436071377	9996	9e2625b60d5fe03a	239a643212c3bada
1788609437102943729	5	499	phase_loop[1399]	1788609436081377	9994	6044a3ea5c3d67d3	239a643212c3bada
1788609437102943729	5	499	phase_loop[1400]	1788609436091376	9996	b68a6b7ae0225e11	239a643212c3bada
1788609437102943729	5	499	phase_loop[1401]	1788609436101377	9995	f5fb3ec776517d6e	239a643212c3bada
1788609437102943729	5	499	phase_loop[1402]	1788609436111376	9995	2d843142f9a2e1cc	239a643212c3bada
1788609437102943729	5	499	phase_loop[1403]	1788609436121376	9998	4deba591de89c09c	239a643212c3bada
1788609437102943729	5	499	phase_loop[1404]	1788609436131378	9995	4609d9bdc157be4c	239a643212c3bada
1788609437102943729	5	499	phase_loop[1405]	1788609436141377	9996	32b9938c91c638a0	239a643212c3bada
1788609437102943729	5	499	phase_loop[1406]	1788609436151377	9995	a2df28674e851932	239a643212c3bada
1788609437102943729	5	499	phase_loop[1407]	1788609436161377	9996	5d74bfce51fda6c4	239a643212c3bada
1788609437102943729	5	499	phase_loop[1408]	1788609436171377	9994	989af6425db69b3a	239a643212c3bada
1788609437102943729	5	499	phase_loop[1409]	1788609436181376	9998	d9df0293ea8ecdce	239a643212c3bada
1788609437102943729	5	499	phase_loop[1410]	1788609436191378	9995	9948e73cfa5864c1	239a643212c3bada
1788609437102943729	5	499	phase_loop[1411]	1788609436201378	9996	2bea7ca961ef4379	239a643212c3bada
1788609437102943729	5	499	phase_loop[1412]	1788609436211379	9992	88fabb44f680c136	239a643212c3bada
1788609437102943729	5	499	phase_loop[1413]	1788609436221376	9996	88636fbb2cef2976	239a643212c3bada
1788609437102943729	5	499	phase_loop[1414]	1788609436231376	9997	299fb68d0ab389c4	239a643212c3bada
1788609437102943729	5	499	phase_loop[1415]	1788609436241378	9995	c08408e9f7010630	239a643212c3bada
1788609437102943729	5	499	phase_loop[1416]	1788609436251376	9996	2c505714c5493186	239a643212c3bada
1788609437102943729	5	499	phase_loop[1417]	1788609436261377	9998	6305ff4410b2565a	239a643212c3bada
1788609437102943729	5	499	phase_loop[1418]	1788609436271379	9995	42ba854281429b36	239a643212c3bada
1788609437102943729	5	499	phase_loop[1419]	1788609436281378	10032	7e012a59ad5649e4	239a643212c3bada
1788609437102943729	5	499	phase_loop[1420]	1788609436291416	9958	5cbfb0a01bcb57ed	239a643212c3bada
1788609437102943729	5	499	phase_loop[1421]	1788609436301380	9992	3dd8411c8a80a072	239a643212c3bada
1788609437102943729	5	499	phase_loop[1422]	1788609436311377	9995	dc3eee0965ea7813	239a643212c3bada
1788609437102943729	5	499	phase_loop[1423]	1788609436321377	9995	c53034cd8dd4ea5b	239a643212c3bada
1788609437102943729	5	499	phase_loop[1424]	1788609436331376	9997	487b40ffdc90f81d	239a643212c3bada
1788609437102943729	5	499	phase_loop[1425]	1788609436341379	9994	eb922169128ef826	239a643212c3bada
1788609437102943729	5	499	phase_loop[1426]	1788609436351377	9998	6874b0d90488817c	239a643212c3bada
1788609437102943729	5	499	phase_loop[1427]	1788609436361380	9996	67e8c19487414d53	239a643212c3bada
1788609437102943729	5	499	phase_loop[1428]	1788609436371381	9993	df86a13e4f2139d2	239a643212c3bada
1788609437102943729	5	499	phase_loop[1429]	1788609436381379	9994	b19c6d369009a73b	239a643212c3bada
1788609437102943729	5	499	phase_loop[1430]	1788609436391377	9996	d55a88dff89b0c41	239a643212c3bada
1788609437102943729	5	499	phase_loop[1431]	1788609436401379	9993	6f00011970fd40cd	239a643212c3bada
1788609437102943729	5	499	phase_loop[1432]	1788609436411376	9996	142b8b732866c430	239a643212c3bada
1788609437102943729	5	499	phase_loop[1433]	1788609436421377	9996	4ad92b375473ee0a	239a643212c3bada
1788609437102943729	5	499	phase_loop[1434]	1788609436431378	9995	5d5bb06687ba73f5	239a643212c3bada
1788609437102943729	5	499	phase_loop[1435]	1788609436441378	9994	f70926f0bef8a184	239a643212c3bada
1788609437102943729	5	499	phase_loop[1436]	1788609436451375	9997	c17951da6f8f7a52	239a643212c3bada
1788609437102943729	5	499	phase_loop[1437]	1788609436461377	9997	a575127e2de870ad	239a643212c3bada
1788609437102943729	5	499	phase_loop[1438]	1788609436471378	9993	1b5cd080a6aa4a03	239a643212c3bada
1788609437102943729	5	499	phase_loop[1439]	1788609436481376	9999	530fbf4f2faf48eb	239a643212c3bada
1788609437102943729	5	499	phase_loop[1440]	1788609436491379	9994	f006231b205c3f6b	239a643212c3bada
1788609437102943729	5	499	phase_loop[1441]	1788609436501378	9995	9d6cf363d276bec8	239a643212c3bada
1788609437102943729	5	499	phase_loop[1442]	1788609436511376	9995	3327005d55466e6d	239a643212c3bada
1788609437102943729	5	499	phase_loop[1443]	1788609436521376	9997	a67e40712bc4610e	239a643212c3bada
1788609437102943729	5	499	phase_loop[1444]	1788609436531377	9994	dd2965dbed1b49ca	239a643212c3bada
1788609437102943729	5	499	phase_loop[1445]	1788609436541376	9995	7744e723457ea059	239a643212c3bada
1788609437102943729	5	499	phase_loop[1446]	1788609436551375	9998	4e54a4b360b82888	239a643212c3bada
1788609437102943729	5	499	phase_loop[1447]	1788609436561378	9995	16725486f8702609	239a643212c3bada
1788609437102943729	5	499	phase_loop[1448]	1788609436571378	9994	748c67ad9c915773	239a643212c3bada
1788609437102943729	5	499	phase_loop[1449]	1788609436581377	9995	fffd739e47c33de4	239a643212c3bada
1788609437102943729	5	499	phase_loop[1450]	1788609436591376	9996	32e393f8cad6135f	239a643212c3bada
1788609437102943729	5	499	phase_loop[1451]	1788609436601377	9996	27687469b9719e96	239a643212c3bada
1788609437102943729	5	499	phase_loop[1452]	1788609436611376	10029	136b3171dae60e94	239a643212c3bada
1788609437102943729	5	499	phase_loop[1453]	1788609436621410	9964	a02be1d25e18bcd8	239a643212c3bada
1788609437102943729	5	499	phase_loop[1454]	1788609436631378	9995	e413f68caf726485	239a643212c3bada
1788609437102943729	5	499	phase_loop[1455]	1788609436641378	9993	3541d45753ee45dc	239a643212c3bada
1788609437102943729	5	499	phase_loop[1456]	1788609436651376	9996	40c12d1a65ef16ff	239a643212c3bada
1788609437102943729	5	499	phase_loop[1457]	1788609436661377	9997	a0d222b224c704f7	239a643212c3bada
1788609437102943729	5	499	phase_loop[1458]	1788609436671379	9995	f22691a036ee6245	239a643212c3bada
1788609437102943729	5	499	phase_loop[1459]	1788609436681378	9994	5533b7dc11004321	239a643212c3bada
1788609437102943729	5	499	phase_loop[1460]	1788609436691433	9942	56fbff6de28d0d7e	239a643212c3bada
1788609437102943729	5	499	phase_loop[1461]	1788609436701381	9991	697f654954ddb867	239a643212c3bada
1788609437102943729	5	499	phase_loop[1462]	1788609436711377	9995	639fb221083ff248	239a643212c3bada
1788609437102943729	5	499	phase_loop[1463]	1788609436721377	9996	e66670b893d6dd36	239a643212c3bada
1788609437102943729	5	499	phase_loop[1464]	1788609436731378	9994	3a75e19d2f1b9b81	239a643212c3bada
1788609437102943729	5	499	phase_loop[1465]	1788609436741377	9996	a92c3a16c949b104	239a643212c3bada
1788609437102943729	5	499	phase_loop[1466]	1788609436751379	9993	da4ed2094f0be9da	239a643212c3bada
1788609437102943729	5	499	phase_loop[1467]	1788609436761377	9996	9cb34cea18ae6ee9	239a643212c3bada
1788609437102943729	5	499	phase_loop[1468]	1788609436771378	9993	a93a4810857e0a44	239a643212c3bada
1788609437102943729	5	499	phase_loop[1469]	1788609436781376	9997	2bc99a9e8ef73846	239a643212c3bada
1788609437102943729	5	499	phase_loop[1470]	1788609436791377	9994	4694b5a73cb4b643	239a643212c3bada
1788609437102943729	5	499	phase_loop[1471]	1788609436801377	9996	06181721d3a70ec7	239a643212c3bada
1788609437102943729	5	499	phase_loop[1472]	1788609436811377	9994	6f1b4e03baa3c564	239a643212c3bada
1788609437102943729	5	499	phase_loop[1473]	1788609436821376	9996	808e74fe95c427e6	239a643212c3bada
1788609437102943729	5	499	phase_loop[1474]	1788609436831376	9996	c636aefed12764a2	239a643212c3bada
1788609437102943729	5	499	phase_loop[1475]	1788609436841376	9997	660dd0319ac63cc7	239a643212c3bada
1788609437102943729	5	499	phase_loop[1476]	1788609436851377	9993	12ec7c560a37d909	239a643212c3bada
1788609437102943729	5	499	phase_loop[1477]	1788609436861375	9997	d48fe1805c9bc58f	239a643212c3bada
1788609437102943729	5	499	phase_loop[1478]	1788609436871377	9995	a2469984a65d2fff	239a643212c3bada
1788609437102943729	5	499	phase_loop[1479]	1788609436881377	9996	351842d277d1a9c1	239a643212c3bada
1788609437102943729	5	499	phase_loop[1480]	1788609436891377	9998	422d32cb73f0c473	239a643212c3bada
1788609437102943729	5	499	phase_loop[1481]	1788609436901379	9993	cb43ea14f422281e	239a643212c3bada
1788609437102943729	5	499	phase_loop[1482]	1788609436911377	9994	ffc2517050f62d44	239a643212c3bada
1788609437102943729	5	499	phase_loop[1483]	1788609436921376	9996	09d5842a68981fb4	239a643212c3bada
1788609437102943729	5	499	phase_loop[1484]	1788609436931377	9994	9af814de73d939c8	239a643212c3bada
1788609437102943729	5	499	phase_loop[1485]	1788609436941376	10029	6be92fe3a2be3050	239a643212c3bada
1788609437102943729	5	499	phase_loop[1486]	1788609436951410	9963	3eb1e4eff6dae54d	239a643212c3bada
1788609437102943729	5	499	phase_loop[1487]	1788609436961378	9994	554f2ed83dab2790	239a643212c3bada
1788609437102943729	5	499	phase_loop[1488]	1788609436971376	9995	6b0790f91dabb9c6	239a643212c3bada
1788609437102943729	5	499	phase_loop[1489]	1788609436981376	9996	1b5ab34c85209e9b	239a643212c3bada
1788609437102943729	5	499	phase_loop[1490]	1788609436991377	9995	878f96eb2b2be87f	239a643212c3bada
1788609437102943729	5	499	phase_loop[1491]	1788609437001377	9994	48f30a5d53d7d3a1	239a643212c3bada
1788609437102943729	5	499	phase_loop[1492]	1788609437011375	9998	c95718201466ee97	239a643212c3bada
1788609437102943729	5	499	phase_loop[1493]	1788609437021377	9995	138611cc1617519c	239a643212c3bada
1788609437102943729	5	499	phase_loop[1494]	1788609437031376	9996	a2501ad39f7d720a	239a643212c3bada
1788609437102943729	5	499	phase_loop[1495]	1788609437041377	10038	64a1ffbaf46697f9	239a643212c3bada
1788609437102943729	5	499	phase_loop[1496]	1788609437051419	9968	2dd8416f37870e3f	239a643212c3bada
1788609437102943729	5	499	phase_loop[1497]	1788609437061392	9982	6ebb5581365a5acb	239a643212c3bada
1788609437102943729	5	499	phase_loop[1498]	1788609437071393	9978	50cae0fd8c3b1138	239a643212c3bada
1788609437102943729	5	499	phase_loop[1499]	1788609437081385	9987	6717ff456d8777c1	239a643212c3bada
1788609437110062067	6	1	phase_loop[1500]	1788609437091377	10000	3446ecd5b41ce53f	239a643212c3bada
1788609442103651610	7	500	phase_loop[1501]	1788609437101382	9992	594e3922c690c047	239a643212c3bada
1788609442103651610	7	500	phase_loop[1502]	1788609437111379	9992	aa9f0dac225f6e9d	239a643212c3bada
1788609442103651610	7	500	phase_loop[1503]	1788609437121375	9997	92b0cbeab4b8bab8	239a643212c3bada
1788609442103651610	7	500	phase_loop[1504]	1788609437131377	9996	b39bf6ca697c060a	239a643212c3bada
1788609442103651610	7	500	phase_loop[1505]	1788609437141378	9994	05749b2dfa53d1ee	239a643212c3bada
1788609442103651610	7	500	phase_loop[1506]	1788609437151376	9996	6424a881cd5e650b	239a643212c3bada
1788609442103651610	7	500	phase_loop[1507]	1788609437161376	9996	6104a663f030af19	239a643212c3bada
1788609442103651610	7	500	phase_loop[1508]	1788609437171377	9997	067eba9a18ed0aa8	239a643212c3bada
1788609442103651610	7	500	phase_loop[1509]	1788609437181379	9996	3d7652831bd62d06	239a643212c3bada
1788609442103651610	7	500	phase_loop[1510]	1788609437191380	9993	29772adb096691c9	239a643212c3bada
1788609442103651610	7	500	phase_loop[1511]	1788609437201378	9993	207a59e8a4e6a6d9	239a643212c3bada
1788609442103651610	7	500	phase_loop[1512]	1788609437211376	9994	b430d57c200802fb	239a643212c3bada
1788609442103651610	7	500	phase_loop[1513]	1788609437221376	9997	7ddbb597a7d7e6b6	239a643212c3bada
1788609442103651610	7	500	phase_loop[1514]	1788609437231377	9996	15afa6e833e3262c	239a643212c3bada
1788609442103651610	7	500	phase_loop[1515]	1788609437241379	9993	5b9822a1c5897249	239a643212c3bada
1788609442103651610	7	500	phase_loop[1516]	1788609437251376	9995	9817b3519c8d4ff3	239a643212c3bada
1788609442103651610	7	500	phase_loop[1517]	1788609437261377	9996	a3ed323a43c72bc5	239a643212c3bada
1788609442103651610	7	500	phase_loop[1518]	1788609437271377	10033	5dc1bd02771fb3a3	239a643212c3bada
1788609442103651610	7	500	phase_loop[1519]	1788609437281417	9958	7623dc0b3d6de485	239a643212c3bada
1788609442103651610	7	500	phase_loop[1520]	1788609437291380	9993	7c87b50843a9b09e	239a643212c3bada
1788609442103651610	7	500	phase_loop[1521]	1788609437301379	9994	50389973bead47b6	239a643212c3bada
1788609442103651610	7	500	phase_loop[1522]	1788609437311378	9996	2ec4044e61e812b9	239a643212c3bada
1788609442103651610	7	500	phase_loop[1523]	1788609437321378	9994	a4e12240dcbf89e5	239a643212c3bada
1788609442103651610	7	500	phase_loop[1524]	1788609437331377	9997	c104afb182e1dbfc	239a643212c3bada
1788609442103651610	7	500	phase_loop[1525]	1788609437341378	9995	64d4a3c8e038b241	239a643212c3bada
1788609442103651610	7	500	phase_loop[1526]	1788609437351377	9994	bb7e041731784108	239a643212c3bada
1788609442103651610	7	500	phase_loop[1527]	1788609437361376	9997	8852d61b1e242b56	239a643212c3bada
1788609442103651610	7	500	phase_loop[1528]	1788609437371378	9993	ac7fec805f1a9d25	239a643212c3bada
1788609442103651610	7	500	phase_loop[1529]	1788609437381375	9998	52a16a89c4bd4300	239a643212c3bada
1788609442103651610	7	500	phase_loop[1530]	1788609437391379	9994	c5675f7c93c06daa	239a643212c3bada
1788609442103651610	7	500	phase_loop[1531]	1788609437401378	9995	0ff5fad5549df08b	239a643212c3bada
1788609442103651610	7	500	phase_loop[1532]	1788609437411377	9993	591074d33f1ec4a7	239a643212c3bada
1788609442103651610	7	500	phase_loop[1533]	1788609437421374	9998	2b8a7b9a926d62c1	239a643212c3bada
1788609442103651610	7	500	phase_loop[1534]	1788609437431377	9997	051a2dcba0bd6ff9	239a643212c3bada
1788609442103651610	7	500	phase_loop[1535]	1788609437441379	9992	2d1c0c30d159e062	239a643212c3bada
1788609442103651610	7	500	phase_loop[1536]	1788609437451376	9996	edab37e2161e4bd9	239a643212c3bada
1788609442103651610	7	500	phase_loop[1537]	1788609437461377	9996	2281762abbeac21e	239a643212c3bada
1788609442103651610	7	500	phase_loop[1538]	1788609437471377	9994	0d9c071d54460952	239a643212c3bada
1788609442103651610	7	500	phase_loop[1539]	1788609437481376	10000	255ae51d09fbb2d9	239a643212c3bada
1788609442103651610	7	500	phase_loop[1540]	1788609437491379	9994	fa052cbc082bb9b1	239a643212c3bada
1788609442103651610	7	500	phase_loop[1541]	1788609437501379	9993	86da3dc9e18a8954	239a643212c3bada
1788609442103651610	7	500	phase_loop[1542]	1788609437511376	9997	3d7aa9f7480b8227	239a643212c3bada
1788609442103651610	7	500	phase_loop[1543]	1788609437521377	9995	be7deb03f21d2024	239a643212c3bada
1788609442103651610	7	500	phase_loop[1544]	1788609437531377	9996	557ef1a57fb12290	239a643212c3bada
1788609442103651610	7	500	phase_loop[1545]	1788609437541378	9995	85f38520b6a6fc72	239a643212c3bada
1788609442103651610	7	500	phase_loop[1546]	1788609437551377	9997	1d6758c2a2450f21	239a643212c3bada
1788609442103651610	7	500	phase_loop[1547]	1788609437561380	9994	439ce374197d220b	239a643212c3bada
1788609442103651610	7	500	phase_loop[1548]	1788609437571379	9993	fba086d41f9574f7	239a643212c3bada
1788609442103651610	7	500	phase_loop[1549]	1788609437581376	9997	0b5752c29ded986e	239a643212c3bada
1788609442103651610	7	500	phase_loop[1550]	1788609437591376	9998	18c217fb01e44a06	239a643212c3bada
1788609442103651610	7	500	phase_loop[1551]	1788609437601379	10035	3f4d44b7096f53c6	239a643212c3bada
1788609442103651610	7	500	phase_loop[1552]	1788609437611419	9956	bfa8fe0f84f702bd	239a643212c3bada
1788609442103651610	7	500	phase_loop[1553]	1788609437621380	9993	9c348fbc1ac78beb	239a643212c3bada
1788609442103651610	7	500	phase_loop[1554]	1788609437631378	9998	898e62454a568004	239a643212c3bada
1788609442103651610	7	500	phase_loop[1555]	1788609437641380	9992	aa4b5eedb2839684	239a643212c3bada
1788609442103651610	7	500	phase_loop[1556]	1788609437651377	9996	761101b7998db163	239a643212c3bada
1788609442103651610	7	500	phase_loop[1557]	1788609437661378	9997	79f03b921e569498	239a643212c3bada
1788609442103651610	7	500	phase_loop[1558]	1788609437671379	9993	3ea52822a138be79	239a643212c3bada
1788609442103651610	7	500	phase_loop[1559]	1788609437681377	9996	3ac14b2ad72354b0	239a643212c3bada
1788609442103651610	7	500	phase_loop[1560]	1788609437691378	9995	26b4c5e8a58aecc5	239a643212c3bada
1788609442103651610	7	500	phase_loop[1561]	1788609437701378	9995	7fe2924ea3de41fa	239a643212c3bada
1788609442103651610	7	500	phase_loop[1562]	1788609437711377	9996	b2e40af796005de5	239a643212c3bada
1788609442103651610	7	500	phase_loop[1563]	1788609437721377	9997	05ad4b71ce07c294	239a643212c3bada
1788609442103651610	7	500	phase_loop[1564]	1788609437731379	10004	24793e085c1ef1f3	239a643212c3bada
1788609442103651610	7	500	phase_loop[1565]	1788609437741387	9986	f65dab509032fa7f	239a643212c3bada
1788609442103651610	7	500	phase_loop[1566]	1788609437751378	9995	541f55cc81260d5e	239a643212c3bada
1788609442103651610	7	500	phase_loop[1567]	1788609437761377	9997	3dabf79e913a0596	239a643212c3bada
1788609442103651610	7	500	phase_loop[1568]	1788609437771378	9996	23a5b85045081e77	239a643212c3bada
1788609442103651610	7	500	phase_loop[1569]	1788609437781378	9995	306e786ef33805aa	239a643212c3bada
1788609442103651610	7	500	phase_loop[1570]	1788609437791377	9996	d508dd6e59c82edc	239a643212c3bada
1788609442103651610	7	500	phase_loop[1571]	1788609437801378	9995	73681e8ae85571b0	239a643212c3bada
1788609442103651610	7	500	phase_loop[1572]	1788609437811378	9996	98fca22136260909	239a643212c3bada
1788609442103651610	7	500	phase_loop[1573]	1788609437821379	9995	9efe3be164065594	239a643212c3bada
1788609442103651610	7	500	phase_loop[1574]	1788609437831378	9995	52b2fc5eb73c5d68	239a643212c3bada
1788609442103651610	7	500	phase_loop[1575]	1788609437841378	9992	5379c02541b157a2	239a643212c3bada
1788609442103651610	7	500	phase_loop[1576]	1788609437851375	9998	02536fdd92f10bb3	239a643212c3bada
1788609442103651610	7	500	phase_loop[1577]	1788609437861377	9996	788474e6f86449b1	239a643212c3bada
1788609442103651610	7	500	phase_loop[1578]	1788609437871378	9994	69c8d392da2aaccf	239a643212c3bada
1788609442103651610	7	500	phase_loop[1579]	1788609437881377	9997	98bb82c1189ad7a2	239a643212c3bada
1788609442103651610	7	500	phase_loop[1580]	1788609437891378	9998	7909cf7f440b735e	239a643212c3bada
1788609442103651610	7	500	phase_loop[1581]	1788609437901381	9993	f463ec5598773cf0	239a643212c3bada
1788609442103651610	7	500	phase_loop[1582]	1788609437911379	9994	b61ee8771e350930	239a643212c3bada
1788609442103651610	7	500	phase_loop[1583]	1788609437921377	9995	9ea8a923c1a57f93	239a643212c3bada
1788609442103651610	7	500	phase_loop[1584]	1788609437931377	10032	29a44004424d3af4	239a643212c3bada
1788609442103651610	7	500	phase_loop[1585]	1788609437941414	9958	f0e60e04128b48bd	239a643212c3bada
1788609442103651610	7	500	phase_loop[1586]	1788609437951376	9997	ec0bd5848aa5102c	239a643212c3bada
1788609442103651610	7	500	phase_loop[1587]	1788609437961377	9995	6002988cb8becae5	239a643212c3bada
1788609442103651610	7	500	phase_loop[1588]	1788609437971377	9997	68c8e3be4286fcfa	239a643212c3bada
1788609442103651610	7	500	phase_loop[1589]	1788609437981379	9993	d9e8531fa3c7d7b2	239a643212c3bada
1788609442103651610	7	500	phase_loop[1590]	1788609437991376	9998	15261e0e1103bcda	239a643212c3bada
1788609442103651610	7	500	phase_loop[1591]	1788609438001378	9995	343f23e86e385409	239a643212c3bada
1788609442103651610	7	500	phase_loop[1592]	1788609438011378	9995	52c99374c7eb20c8	239a643212c3bada
1788609442103651610	7	500	phase_loop[1593]	1788609438021378	9997	19711cf6a2c298f7	239a643212c3bada
1788609442103651610	7	500	phase_loop[1594]	1788609438031379	9995	1afe922ed8aa0f23	239a643212c3bada
1788609442103651610	7	500	phase_loop[1595]	1788609438041378	9995	82ffa024bcd9611c	239a643212c3bada
1788609442103651610	7	500	phase_loop[1596]	1788609438051378	9994	6044c88ec3ec3cd5	239a643212c3bada
1788609442103651610	7	500	phase_loop[1597]	1788609438061377	9997	f665dc226318c96e	239a643212c3bada
1788609442103651610	7	500	phase_loop[1598]	1788609438071378	9995	f59935399f2cc539	239a643212c3bada
1788609442103651610	7	500	phase_loop[1599]	1788609438081377	9995	cf25568086d106f9	239a643212c3bada
1788609442103651610	7	500	phase_loop[1600]	1788609438091376	9999	4bda34dd85bfd484	239a643212c3bada
1788609442103651610	7	500	phase_loop[1601]	1788609438101380	9993	d589e6d7753e8dce	239a643212c3bada
1788609442103651610	7	500	phase_loop[1602]	1788609438111378	9995	3ec48e13678aa90a	239a643212c3bada
1788609442103651610	7	500	phase_loop[1603]	1788609438121377	9996	38b2b17d28292035	239a643212c3bada
1788609442103651610	7	500	phase_loop[1604]	1788609438131378	9995	42ca37bd0c322dcf	239a643212c3bada
1788609442103651610	7	500	phase_loop[1605]	1788609438141378	9996	c4c820f0f283d223	239a643212c3bada
1788609442103651610	7	500	phase_loop[1606]	1788609438151378	9996	020b17feee19405b	239a643212c3bada
1788609442103651610	7	500	phase_loop[1607]	1788609438161378	9994	b2121578bf96f53d	239a643212c3bada
1788609442103651610	7	500	phase_loop[1608]	1788609438171377	9994	d17d4ed4ff1d34eb	239a643212c3bada
1788609442103651610	7	500	phase_loop[1609]	1788609438181376	9999	045ce5088a8ffa0c	239a643212c3bada
1788609442103651610	7	500	phase_loop[1610]	1788609438191379	9996	122b6edc6c0fd421	239a643212c3bada
1788609442103651610	7	500	phase_loop[1611]	1788609438201380	9992	a69f704b06deddcb	239a643212c3bada
1788609442103651610	7	500	phase_loop[1612]	1788609438211376	9997	1ca85a90701197d3	239a643212c3bada
1788609442103651610	7	500	phase_loop[1613]	1788609438221378	9996	5ce0f909d2df5e0c	239a643212c3bada
1788609442103651610	7	500	phase_loop[1614]	1788609438231378	9995	4a942cfe1c144061	239a643212c3bada
1788609442103651610	7	500	phase_loop[1615]	1788609438241377	9994	982d8077013e5c2e	239a643212c3bada
1788609442103651610	7	500	phase_loop[1616]	1788609438251375	9999	940a2fe145989cdb	239a643212c3bada
1788609442103651610	7	500	phase_loop[1617]	1788609438261378	10030	7678aef6957ebcb3	239a643212c3bada
1788609442103651610	7	500	phase_loop[1618]	1788609438271413	9961	24977f3302ab10fd	239a643212c3bada
1788609442103651610	7	500	phase_loop[1619]	1788609438281379	9995	9c38e2a773495914	239a643212c3bada
1788609442103651610	7	500	phase_loop[1620]	1788609438291378	9995	e042993d7e33739e	239a643212c3bada
1788609442103651610	7	500	phase_loop[1621]	1788609438301378	9994	1a3dc7ff17362ee4	239a643212c3bada
1788609442103651610	7	500	phase_loop[1622]	1788609438311377	9996	109b4e5b37261806	239a643212c3bada
1788609442103651610	7	500	phase_loop[1623]	1788609438321377	9998	9e724a62702dea15	239a643212c3bada
1788609442103651610	7	500	phase_loop[1624]	1788609438331379	9993	b45ff195c96b8030	239a643212c3bada
1788609442103651610	7	500	phase_loop[1625]	1788609438341377	9994	db84b63c566063e2	239a643212c3bada
1788609442103651610	7	500	phase_loop[1626]	1788609438351376	9997	4031f04a15055092	239a643212c3bada
1788609442103651610	7	500	phase_loop[1627]	1788609438361378	9995	a6d78703d709ce8a	239a643212c3bada
1788609442103651610	7	500	phase_loop[1628]	1788609438371377	9995	ae11a9681a87e085	239a643212c3bada
1788609442103651610	7	500	phase_loop[1629]	1788609438381376	9997	c68818d198d89313	239a643212c3bada
1788609442103651610	7	500	phase_loop[1630]	1788609438391377	9996	e4fc4466dea1e708	239a643212c3bada
1788609442103651610	7	500	phase_loop[1631]	1788609438401378	9995	e0322e75eb48bc40	239a643212c3bada
1788609442103651610	7	500	phase_loop[1632]	1788609438411377	9995	f9770dfeba4909c7	239a643212c3bada
1788609442103651610	7	500	phase_loop[1633]	1788609438421376	9997	57411c0d76479000	239a643212c3bada
1788609442103651610	7	500	phase_loop[1634]	1788609438431377	9996	8862e54a90e5075b	239a643212c3bada
1788609442103651610	7	500	phase_loop[1635]	1788609438441377	9995	cc62b238a1518115	239a643212c3bada
1788609442103651610	7	500	phase_loop[1636]	1788609438451377	9996	b0f320bd23d54e22	239a643212c3bada
1788609442103651610	7	500	phase_loop[1637]	1788609438461377	9996	8a820b601e37915d	239a643212c3bada
1788609442103651610	7	500	phase_loop[1638]	1788609438471377	9995	5b96b07014b240dd	239a643212c3bada
1788609442103651610	7	500	phase_loop[1639]	1788609438481377	9996	db79f0a89b18ff2d	239a643212c3bada
1788609442103651610	7	500	phase_loop[1640]	1788609438491377	9996	5a1b36b9847d766a	239a643212c3bada
1788609442103651610	7	500	phase_loop[1641]	1788609438501377	9995	37fa300c7bcfcba6	239a643212c3bada
1788609442103651610	7	500	phase_loop[1642]	1788609438511377	9996	9bd7e950e4eeb186	239a643212c3bada
1788609442103651610	7	500	phase_loop[1643]	1788609438521376	9997	bf82ba2a94d96b21	239a643212c3bada
1788609442103651610	7	500	phase_loop[1644]	1788609438531378	9996	b5d1593d4c7f0125	239a643212c3bada
1788609442103651610	7	500	phase_loop[1645]	1788609438541379	9992	9666185cba9a82d1	239a643212c3bada
1788609442103651610	7	500	phase_loop[1646]	1788609438551376	9997	877eb5cb1d836706	239a643212c3bada
1788609442103651610	7	500	phase_loop[1647]	1788609438561377	9995	d4cf73aadef332d4	239a643212c3bada
1788609442103651610	7	500	phase_loop[1648]	1788609438571377	9997	89f4947d4891c95e	239a643212c3bada
1788609442103651610	7	500	phase_loop[1649]	1788609438581378	9994	290498badad4355a	239a643212c3bada
1788609442103651610	7	500	phase_loop[1650]	1788609438591377	10048	d3c7a31d545aad1f	239a643212c3bada
1788609442103651610	7	500	phase_loop[1651]	1788609438601431	9943	7f61d174112d991a	239a643212c3bada
1788609442103651610	7	500	phase_loop[1652]	1788609438611378	9994	ddcf5575fba0de1c	239a643212c3bada
1788609442103651610	7	500	phase_loop[1653]	1788609438621377	9996	c4cd498b7ce84f7f	239a643212c3bada
1788609442103651610	7	500	phase_loop[1654]	1788609438631378	9995	907986d227f096e4	239a643212c3bada
1788609442103651610	7	500	phase_loop[1655]	1788609438641378	9995	bd6650a4134b83a3	239a643212c3bada
1788609442103651610	7	500	phase_loop[1656]	1788609438651377	9995	90a085aefd75d3b2	239a643212c3bada
1788609442103651610	7	500	phase_loop[1657]	1788609438661377	9996	d24ef8fd6bf725a9	239a643212c3bada
1788609442103651610	7	500	phase_loop[1658]	1788609438671377	9994	8f8449f4a2a66af9	239a643212c3bada
1788609442103651610	7	500	phase_loop[1659]	1788609438681376	9997	14a262806cec438a	239a643212c3bada
1788609442103651610	7	500	phase_loop[1660]	1788609438691377	9997	46ce03bf1dde5643	239a643212c3bada
1788609442103651610	7	500	phase_loop[1661]	1788609438701378	9995	6305f358eaee520b	239a643212c3bada
1788609442103651610	7	500	phase_loop[1662]	1788609438711378	9995	d0de60a7d9b49cd1	239a643212c3bada
1788609442103651610	7	500	phase_loop[1663]	1788609438721377	9996	9429e7ee7be293f9	239a643212c3bada
1788609442103651610	7	500	phase_loop[1664]	1788609438731377	9996	6252f16503f3eb12	239a643212c3bada
1788609442103651610	7	500	phase_loop[1665]	1788609438741378	9993	48fc0ae23bb540e3	239a643212c3bada
1788609442103651610	7	500	phase_loop[1666]	1788609438751376	9997	d0c0b874f470214e	239a643212c3bada
1788609442103651610	7	500	phase_loop[1667]	1788609438761378	9994	9c062fe5f3dff110	239a643212c3bada
1788609442103651610	7	500	phase_loop[1668]	1788609438771377	9995	535fb9bc9bdef948	239a643212c3bada
1788609442103651610	7	500	phase_loop[1669]	1788609438781376	9999	595dba65808a192e	239a643212c3bada
1788609442103651610	7	500	phase_loop[1670]	1788609438791380	9994	c98abf8d27a5fd3a	239a643212c3bada
1788609442103651610	7	500	phase_loop[1671]	1788609438801378	9995	5868f887fa5eae4c	239a643212c3bada
1788609442103651610	7	500	phase_loop[1672]	1788609438811377	9996	9b83b80d257d67a5	239a643212c3bada
1788609442103651610	7	500	phase_loop[1673]	1788609438821378	9997	62a6785579f27426	239a643212c3bada
1788609442103651610	7	500	phase_loop[1674]	1788609438831379	9993	38a0babdc89290f3	239a643212c3bada
1788609442103651610	7	500	phase_loop[1675]	1788609438841376	9997	a57d83838301728f	239a643212c3bada
1788609442103651610	7	500	phase_loop[1676]	1788609438851377	9996	0ee248a1f2ec3ef6	239a643212c3bada
1788609442103651610	7	500	phase_loop[1677]	1788609438861377	9996	f9c325ec8d808da8	239a643212c3bada
1788609442103651610	7	500	phase_loop[1678]	1788609438871377	9995	e7f03c9125eb9e2a	239a643212c3bada
1788609442103651610	7	500	phase_loop[1679]	1788609438881377	9995	0b70935ab5541749	239a643212c3bada
1788609442103651610	7	500	phase_loop[1680]	1788609438891377	9996	12a99b0bced980ad	239a643212c3bada
1788609442103651610	7	500	phase_loop[1681]	1788609438901378	9994	3a7d7c56a2ccbeaa	239a643212c3bada
1788609442103651610	7	500	phase_loop[1682]	1788609438911377	9995	b1bba5938f1d3bd4	239a643212c3bada
1788609442103651610	7	500	phase_loop[1683]	1788609438921376	10035	cf3091f72d2f579a	239a643212c3bada
1788609442103651610	7	500	phase_loop[1684]	1788609438931416	9957	51926631c0e15dad	239a643212c3bada
1788609442103651610	7	500	phase_loop[1685]	1788609438941378	9993	9a696630aedbcaab	239a643212c3bada
1788609442103651610	7	500	phase_loop[1686]	1788609438951375	9998	8843c273f46d76de	239a643212c3bada
1788609442103651610	7	500	phase_loop[1687]	1788609438961378	9997	9ccf9702639fa31f	239a643212c3bada
1788609442103651610	7	500	phase_loop[1688]	1788609438971380	9993	0049b9ff7cf6b647	239a643212c3bada
1788609442103651610	7	500	phase_loop[1689]	1788609438981376	9998	f4f07cf94ac295d5	239a643212c3bada
1788609442103651610	7	500	phase_loop[1690]	1788609438991378	9997	92f5dee1ab9a5ed4	239a643212c3bada
1788609442103651610	7	500	phase_loop[1691]	1788609439001380	9993	30712a4ac3f94d12	239a643212c3bada
1788609442103651610	7	500	phase_loop[1692]	1788609439011378	9995	597281a22349de03	239a643212c3bada
1788609442103651610	7	500	phase_loop[1693]	1788609439021377	9996	88997f43ae642b57	239a643212c3bada
1788609442103651610	7	500	phase_loop[1694]	1788609439031378	9994	1ae96c3127321ec1	239a643212c3bada
1788609442103651610	7	500	phase_loop[1695]	1788609439041377	9994	78541a3a91851193	239a643212c3bada
1788609442103651610	7	500	phase_loop[1696]	1788609439051375	9998	7af53bd27b2f5cdc	239a643212c3bada
1788609442103651610	7	500	phase_loop[1697]	1788609439061377	9996	9b32b2ba1867ad90	239a643212c3bada
1788609442103651610	7	500	phase_loop[1698]	1788609439071377	9995	4486297a6ab23ee2	239a643212c3bada
1788609442103651610	7	500	phase_loop[1699]	1788609439081377	9998	73932b419ae7afcd	239a643212c3bada
1788609442103651610	7	500	phase_loop[1700]	1788609439091379	9994	88da8c381b00b41c	239a643212c3bada
1788609442103651610	7	500	phase_loop[1701]	1788609439101378	9995	c10edb6fa363637a	239a643212c3bada
1788609442103651610	7	500	phase_loop[1702]	1788609439111376	9997	fe8cb1b702344b4c	239a643212c3bada
1788609442103651610	7	500	phase_loop[1703]	1788609439121379	9995	3bf5635a0950cf20	239a643212c3bada
1788609442103651610	7	500	phase_loop[1704]	1788609439131379	9994	c1d95b7e8ca1c7d3	239a643212c3bada
1788609442103651610	7	500	phase_loop[1705]	1788609439141377	9994	a40b8d645f0d6bb7	239a643212c3bada
1788609442103651610	7	500	phase_loop[1706]	1788609439151375	9997	c6f8154eb8a3622a	239a643212c3bada
1788609442103651610	7	500	phase_loop[1707]	1788609439161377	9997	5a3c956f9eb449c3	239a643212c3bada
1788609442103651610	7	500	phase_loop[1708]	1788609439171379	9994	873ac199380636c6	239a643212c3bada
1788609442103651610	7	500	phase_loop[1709]	1788609439181377	9996	ec3dae7c806db433	239a643212c3bada
1788609442103651610	7	500	phase_loop[1710]	1788609439191377	9995	11b84fc7b1774f52	239a643212c3bada
1788609442103651610	7	500	phase_loop[1711]	1788609439201377	9995	0a995e0d29a7db61	239a643212c3bada
1788609442103651610	7	500	phase_loop[1712]	1788609439211376	9996	5a02c44ed61af03a	239a643212c3bada
1788609442103651610	7	500	phase_loop[1713]	1788609439221377	9996	d95eeaa930b58d54	239a643212c3bada
1788609442103651610	7	500	phase_loop[1714]	1788609439231378	9997	f0a8635262164588	239a643212c3bada
1788609442103651610	7	500	phase_loop[1715]	1788609439241379	9994	f3b5e797985dec8b	239a643212c3bada
1788609442103651610	7	500	phase_loop[1716]	1788609439251376	10031	cdc94877ffa5b0b2	239a643212c3bada
1788609442103651610	7	500	phase_loop[1717]	1788609439261412	9962	ea3a5681382518d5	239a643212c3bada
1788609442103651610	7	500	phase_loop[1718]	1788609439271379	9994	9e563ca2e5a3ab22	239a643212c3bada
1788609442103651610	7	500	phase_loop[1719]	1788609439281377	9996	b6de5fd3b97b54b2	239a643212c3bada
1788609442103651610	7	500	phase_loop[1720]	1788609439291378	9996	b3bdfe487c84783c	239a643212c3bada
1788609442103651610	7	500	phase_loop[1721]	1788609439301378	9995	711348756a608a2d	239a643212c3bada
1788609442103651610	7	500	phase_loop[1722]	1788609439311378	9995	ad9dcf41835ef532	239a643212c3bada
1788609442103651610	7	500	phase_loop[1723]	1788609439321378	9995	a9d2bbb087da3e32	239a643212c3bada
1788609442103651610	7	500	phase_loop[1724]	1788609439331377	9996	4a4e01c6c97c2841	239a643212c3bada
1788609442103651610	7	500	phase_loop[1725]	1788609439341378	9993	5dcc8855f58ac24a	239a643212c3bada
1788609442103651610	7	500	phase_loop[1726]	1788609439351375	9998	8a3d10d14dfcb690	239a643212c3bada
1788609442103651610	7	500	phase_loop[1727]	1788609439361377	9998	50c710b8b69bdfcc	239a643212c3bada
1788609442103651610	7	500	phase_loop[1728]	1788609439371380	9993	5cbef79fe44d001d	239a643212c3bada
1788609442103651610	7	500	phase_loop[1729]	1788609439381378	9996	1159e64bc7adc434	239a643212c3bada
1788609442103651610	7	500	phase_loop[1730]	1788609439391378	9994	fa0fecaff8389423	239a643212c3bada
1788609442103651610	7	500	phase_loop[1731]	1788609439401377	9997	4e17e3418b5059d2	239a643212c3bada
1788609442103651610	7	500	phase_loop[1732]	1788609439411378	9994	534eea6913621d53	239a643212c3bada
1788609442103651610	7	500	phase_loop[1733]	1788609439421377	9997	f9b76affbd4667be	239a643212c3bada
1788609442103651610	7	500	phase_loop[1734]	1788609439431378	9996	3f302e0ba2835e66	239a643212c3bada
1788609442103651610	7	500	phase_loop[1735]	1788609439441379	9994	2ee4973abb81f788	239a643212c3bada
1788609442103651610	7	500	phase_loop[1736]	1788609439451377	9996	0238c631fd79a64f	239a643212c3bada
1788609442103651610	7	500	phase_loop[1737]	1788609439461378	9996	39ac56adc5d8d1a9	239a643212c3bada
1788609442103651610	7	500	phase_loop[1738]	1788609439471378	9994	3d4f93dcd4c21258	239a643212c3bada
1788609442103651610	7	500	phase_loop[1739]	1788609439481378	9994	af91420f96a4938b	239a643212c3bada
1788609442103651610	7	500	phase_loop[1740]	1788609439491376	9996	62cb40af453b19d1	239a643212c3bada
1788609442103651610	7	500	phase_loop[1741]	1788609439501376	9996	42c1556c53a18d76	239a643212c3bada
1788609442103651610	7	500	phase_loop[1742]	1788609439511376	9997	a360ed79b66f3c04	239a643212c3bada
1788609442103651610	7	500	phase_loop[1743]	1788609439521377	9996	12cf60b7b41affba	239a643212c3bada
1788609442103651610	7	500	phase_loop[1744]	1788609439531377	9998	7d8f87c5f59987c9	239a643212c3bada
1788609442103651610	7	500	phase_loop[1745]	1788609439541379	9993	65997373f31d1ea9	239a643212c3bada
1788609442103651610	7	500	phase_loop[1746]	1788609439551376	9998	fb8ad06b7be877da	239a643212c3bada
1788609442103651610	7	500	phase_loop[1747]	1788609439561378	9995	b9431433f6a3b02a	239a643212c3bada
1788609442103651610	7	500	phase_loop[1748]	1788609439571376	9995	e01f853ca5f4e296	239a643212c3bada
1788609442103651610	7	500	phase_loop[1749]	1788609439581377	10036	6a9ba4d087fad356	239a643212c3bada
1788609442103651610	7	500	phase_loop[1750]	1788609439591418	9956	f0ef74d5a4651311	239a643212c3bada
1788609442103651610	7	500	phase_loop[1751]	1788609439601379	9993	babb3bd0a7db1716	239a643212c3bada
1788609442103651610	7	500	phase_loop[1752]	1788609439611377	9995	d025de4ac92957e3	239a643212c3bada
1788609442103651610	7	500	phase_loop[1753]	1788609439621376	9997	7aca527c694a07b1	239a643212c3bada
1788609442103651610	7	500	phase_loop[1754]	1788609439631378	9995	174e1e7097bb4bc6	239a643212c3bada
1788609442103651610	7	500	phase_loop[1755]	1788609439641378	9994	27fdd9fba2228654	239a643212c3bada
1788609442103651610	7	500	phase_loop[1756]	1788609439651375	9996	96ce6bfd0f91715a	239a643212c3bada
1788609442103651610	7	500	phase_loop[1757]	1788609439661375	9997	96519b2d8d707140	239a643212c3bada
1788609442103651610	7	500	phase_loop[1758]	1788609439671377	9994	f23e3c286486005e	239a643212c3bada
1788609442103651610	7	500	phase_loop[1759]	1788609439681375	9997	eb0b5199d1c7f5da	239a643212c3bada
1788609442103651610	7	500	phase_loop[1760]	1788609439691377	9997	f569a6f5d80ae10c	239a643212c3bada
1788609442103651610	7	500	phase_loop[1761]	1788609439701378	9993	f47700158c2bb808	239a643212c3bada
1788609442103651610	7	500	phase_loop[1762]	1788609439711376	9996	79e8d85281f74b60	239a643212c3bada
1788609442103651610	7	500	phase_loop[1763]	1788609439721376	9997	02786ec02a499991	239a643212c3bada
1788609442103651610	7	500	phase_loop[1764]	1788609439731378	9995	6ea238ce8ed6d870	239a643212c3bada
1788609442103651610	7	500	phase_loop[1765]	1788609439741377	9995	09275d1ce5d69e75	239a643212c3bada
1788609442103651610	7	500	phase_loop[1766]	1788609439751377	9996	4706c8aa82181c4c	239a643212c3bada
1788609442103651610	7	500	phase_loop[1767]	1788609439761377	9996	042b03781fc7ef63	239a643212c3bada
1788609442103651610	7	500	phase_loop[1768]	1788609439771378	9995	0367e9d5cfd17dd6	239a643212c3bada
1788609442103651610	7	500	phase_loop[1769]	1788609439781377	9997	12dddc1d87fec9e2	239a643212c3bada
1788609442103651610	7	500	phase_loop[1770]	1788609439791378	9996	1db01f16c50a7534	239a643212c3bada
1788609442103651610	7	500	phase_loop[1771]	1788609439801378	9994	62d76b54c7ff3976	239a643212c3bada
1788609442103651610	7	500	phase_loop[1772]	1788609439811376	9996	eaa2b77f38fc4dc3	239a643212c3bada
1788609442103651610	7	500	phase_loop[1773]	1788609439821376	10001	f81ba6531de5fd30	239a643212c3bada
1788609442103651610	7	500	phase_loop[1774]	1788609439831381	9992	78caf57fec0f70c9	239a643212c3bada
1788609442103651610	7	500	phase_loop[1775]	1788609439841377	9995	9b7df55ef7d5a766	239a643212c3bada
1788609442103651610	7	500	phase_loop[1776]	1788609439851376	9996	2dd3872799d07793	239a643212c3bada
1788609442103651610	7	500	phase_loop[1777]	1788609439861376	9997	ad803a65c2571028	239a643212c3bada
1788609442103651610	7	500	phase_loop[1778]	1788609439871378	9996	387889d13ed20b28	239a643212c3bada
1788609442103651610	7	500	phase_loop[1779]	1788609439881378	9995	4be35964bd1f291f	239a643212c3bada
1788609442103651610	7	500	phase_loop[1780]	1788609439891377	9997	f4b3950493306295	239a643212c3bada
1788609442103651610	7	500	phase_loop[1781]	1788609439901378	9993	5a33f222e25e7e97	239a643212c3bada
1788609442103651610	7	500	phase_loop[1782]	1788609439911376	10033	4ce5eb0ebd0a99c7	239a643212c3bada
1788609442103651610	7	500	phase_loop[1783]	1788609439921414	9961	b15e3b548c46e9be	239a643212c3bada
1788609442103651610	7	500	phase_loop[1784]	1788609439931379	9994	1e3b092a6972d898	239a643212c3bada
1788609442103651610	7	500	phase_loop[1785]	1788609439941378	9996	171503ead34aa59f	239a643212c3bada
1788609442103651610	7	500	phase_loop[1786]	1788609439951378	9996	bac17f6241d871d2	239a643212c3bada
1788609442103651610	7	500	phase_loop[1787]	1788609439961378	9995	fdf321d7f677d79c	239a643212c3bada
1788609442103651610	7	500	phase_loop[1788]	1788609439971377	9996	4b2394d657abd4ea	239a643212c3bada
1788609442103651610	7	500	phase_loop[1789]	1788609439981377	9996	efe8fd587a95207f	239a643212c3bada
1788609442103651610	7	500	phase_loop[1790]	1788609439991377	9995	e40f2218306737e9	239a643212c3bada
1788609442103651610	7	500	phase_loop[1791]	1788609440001377	9996	8e9b8778976df996	239a643212c3bada
1788609442103651610	7	500	phase_loop[1792]	1788609440011378	9994	f91b2736eabcc565	239a643212c3bada
1788609442103651610	7	500	phase_loop[1793]	1788609440021376	10004	6e912beae3b1a7bb	239a643212c3bada
1788609442103651610	7	500	phase_loop[1794]	1788609440031385	9989	eb14c464e3ecd6d2	239a643212c3bada
1788609442103651610	7	500	phase_loop[1795]	1788609440041377	9996	d4da6a9f19251cc9	239a643212c3bada
1788609442103651610	7	500	phase_loop[1796]	1788609440051378	9995	b50104a1558ad228	239a643212c3bada
1788609442103651610	7	500	phase_loop[1797]	1788609440061377	9995	9e41e96ef3f465f5	239a643212c3bada
1788609442103651610	7	500	phase_loop[1798]	1788609440071376	9996	8a3a95747a2be376	239a643212c3bada
1788609442103651610	7	500	phase_loop[1799]	1788609440081377	9994	54edae1da569ff07	239a643212c3bada
1788609442103651610	7	500	phase_loop[1800]	1788609440091375	9999	877edb55ba85e2d3	239a643212c3bada
1788609442103651610	7	500	phase_loop[1801]	1788609440101379	9994	dfd5676e88b17199	239a643212c3bada
1788609442103651610	7	500	phase_loop[1802]	1788609440111376	9997	28cc5d426deb5b05	239a643212c3bada
1788609442103651610	7	500	phase_loop[1803]	1788609440121377	9996	8862a1cbfc32f3ae	239a643212c3bada
1788609442103651610	7	500	phase_loop[1804]	1788609440131377	9995	e40e18ea5118f060	239a643212c3bada
1788609442103651610	7	500	phase_loop[1805]	1788609440141376	9996	33d4c118b7847735	239a643212c3bada
1788609442103651610	7	500	phase_loop[1806]	1788609440151376	9996	e72c66455cc484bd	239a643212c3bada
1788609442103651610	7	500	phase_loop[1807]	1788609440161377	9997	79e7f72fdb6779af	239a643212c3bada
1788609442103651610	7	500	phase_loop[1808]	1788609440171377	9999	5e0e4133b5acdf47	239a643212c3bada
1788609442103651610	7	500	phase_loop[1809]	1788609440181381	9991	bf7ab9a04c7b0e7b	239a643212c3bada
1788609442103651610	7	500	phase_loop[1810]	1788609440191377	9997	392a42735edf77da	239a643212c3bada
1788609442103651610	7	500	phase_loop[1811]	1788609440201378	9996	dcf7081e0b8c18f4	239a643212c3bada
1788609442103651610	7	500	phase_loop[1812]	1788609440211378	9995	6cd05b658682d569	239a643212c3bada
1788609442103651610	7	500	phase_loop[1813]	1788609440221377	9996	1296c2f899d12d7c	239a643212c3bada
1788609442103651610	7	500	phase_loop[1814]	1788609440231377	9996	aa4a52ed56fb3cb7	239a643212c3bada
1788609442103651610	7	500	phase_loop[1815]	1788609440241378	10028	1e82dcae0f1c0b70	239a643212c3bada
1788609442103651610	7	500	phase_loop[1816]	1788609440251410	9963	e5f40a1125ec536d	239a643212c3bada
1788609442103651610	7	500	phase_loop[1817]	1788609440261378	9997	524ad443b95fe224	239a643212c3bada
1788609442103651610	7	500	phase_loop[1818]	1788609440271379	9993	cb046ccbcd1246e5	239a643212c3bada
1788609442103651610	7	500	phase_loop[1819]	1788609440281376	9996	1f3bfddad929c2a4	239a643212c3bada
1788609442103651610	7	500	phase_loop[1820]	1788609440291376	9996	b21c1e2ccec921a6	239a643212c3bada
1788609442103651610	7	500	phase_loop[1821]	1788609440301377	9996	97c31feaad3e7a64	239a643212c3bada
1788609442103651610	7	500	phase_loop[1822]	1788609440311377	9995	bff3e533903eee9e	239a643212c3bada
1788609442103651610	7	500	phase_loop[1823]	1788609440321377	9995	5fff77734f337b25	239a643212c3bada
1788609442103651610	7	500	phase_loop[1824]	1788609440331376	9996	80392a5f1004776e	239a643212c3bada
1788609442103651610	7	500	phase_loop[1825]	1788609440341377	9996	d3733bca9a9b2d00	239a643212c3bada
1788609442103651610	7	500	phase_loop[1826]	1788609440351378	9996	73e29effa0c1e689	239a643212c3bada
1788609442103651610	7	500	phase_loop[1827]	1788609440361378	9996	8736641b835063b8	239a643212c3bada
1788609442103651610	7	500	phase_loop[1828]	1788609440371378	9994	e351bc3ea62bfcfc	239a643212c3bada
1788609442103651610	7	500	phase_loop[1829]	1788609440381376	9996	45737b4ab983a40a	239a643212c3bada
1788609442103651610	7	500	phase_loop[1830]	1788609440391376	9996	b86fe952634dd1d8	239a643212c3bada
1788609442103651610	7	500	phase_loop[1831]	1788609440401377	9996	29de9714c5a051a3	239a643212c3bada
1788609442103651610	7	500	phase_loop[1832]	1788609440411377	9996	cbf36c7e86fa977c	239a643212c3bada
1788609442103651610	7	500	phase_loop[1833]	1788609440421377	9996	047b0da37327cc77	239a643212c3bada
1788609442103651610	7	500	phase_loop[1834]	1788609440431378	9995	17d0ec2104c374ba	239a643212c3bada
1788609442103651610	7	500	phase_loop[1835]	1788609440441377	9995	a37f33844a137efc	239a643212c3bada
1788609442103651610	7	500	phase_loop[1836]	1788609440451377	9996	c6cad37e5e74ecc0	239a643212c3bada
1788609442103651610	7	500	phase_loop[1837]	1788609440461377	9996	2c0001e755ea42a1	239a643212c3bada
1788609442103651610	7	500	phase_loop[1838]	1788609440471377	9995	acd8cb83a1149772	239a643212c3bada
1788609442103651610	7	500	phase_loop[1839]	1788609440481377	9996	7491ae21f98e40a4	239a643212c3bada
1788609442103651610	7	500	phase_loop[1840]	1788609440491377	9996	f863841d876967c2	239a643212c3bada
1788609442103651610	7	500	phase_loop[1841]	1788609440501378	9996	24220fa14de1b79a	239a643212c3bada
1788609442103651610	7	500	phase_loop[1842]	1788609440511378	9993	d8de09af816fc10b	239a643212c3bada
1788609442103651610	7	500	phase_loop[1843]	1788609440521376	9997	8642ed5eb325bac9	239a643212c3bada
1788609442103651610	7	500	phase_loop[1844]	1788609440531377	9996	3bb08fe2d4129178	239a643212c3bada
1788609442103651610	7	500	phase_loop[1845]	1788609440541377	9993	34defdf3b69185c4	239a643212c3bada
1788609442103651610	7	500	phase_loop[1846]	1788609440551375	9997	db2101949961673a	239a643212c3bada
1788609442103651610	7	500	phase_loop[1847]	1788609440561377	9996	b62c89dc20aa5709	239a643212c3bada
1788609442103651610	7	500	phase_loop[1848]	1788609440571378	10028	deb769620e6396d5	239a643212c3bada
1788609442103651610	7	500	phase_loop[1849]	1788609440581411	9963	2269a361927014fc	239a643212c3bada
1788609442103651610	7	500	phase_loop[1850]	1788609440591379	9994	1ebf763193f3ac9f	239a643212c3bada
1788609442103651610	7	500	phase_loop[1851]	1788609440601378	9995	bb4bef6bd7d7a95c	239a643212c3bada
1788609442103651610	7	500	phase_loop[1852]	1788609440611377	10000	b3420839ac3b7484	239a643212c3bada
1788609442103651610	7	500	phase_loop[1853]	1788609440621382	9991	a48e81efef6b4444	239a643212c3bada
1788609442103651610	7	500	phase_loop[1854]	1788609440631378	9995	9b0b9744f07e2ce9	239a643212c3bada
1788609442103651610	7	500	phase_loop[1855]	1788609440641377	9996	9d259e0f996fe99c	239a643212c3bada
1788609442103651610	7	500	phase_loop[1856]	1788609440651378	9994	81ececc6c027df3b	239a643212c3bada
1788609442103651610	7	500	phase_loop[1857]	1788609440661376	9997	69d99428206c6ed2	239a643212c3bada
1788609442103651610	7	500	phase_loop[1858]	1788609440671377	9995	9e685d9c08a233b1	239a643212c3bada
1788609442103651610	7	500	phase_loop[1859]	1788609440681376	9998	91133bca110f12ec	239a643212c3bada
1788609442103651610	7	500	phase_loop[1860]	1788609440691379	9995	386f4ff09ce63456	239a643212c3bada
1788609442103651610	7	500	phase_loop[1861]	1788609440701378	9994	635477f9a2d617f5	239a643212c3bada
1788609442103651610	7	500	phase_loop[1862]	1788609440711376	9997	1993fcc95f4e5b71	239a643212c3bada
1788609442103651610	7	500	phase_loop[1863]	1788609440721378	9995	6c4538728029cf4d	239a643212c3bada
1788609442103651610	7	500	phase_loop[1864]	1788609440731378	9995	f0ee9f77231c11cc	239a643212c3bada
1788609442103651610	7	500	phase_loop[1865]	1788609440741377	9995	834cfca35a452b3e	239a643212c3bada
1788609442103651610	7	500	phase_loop[1866]	1788609440751376	9995	1a81029d74a7dce3	239a643212c3bada
1788609442103651610	7	500	phase_loop[1867]	1788609440761376	9996	480aade949a50770	239a643212c3bada
1788609442103651610	7	500	phase_loop[1868]	1788609440771377	9994	f35d392a518f7b51	239a643212c3bada
1788609442103651610	7	500	phase_loop[1869]	1788609440781376	9997	d5ef793d2a5286d8	239a643212c3bada
1788609442103651610	7	500	phase_loop[1870]	1788609440791377	9996	3718575fa8f1776b	239a643212c3bada
1788609442103651610	7	500	phase_loop[1871]	1788609440801378	9995	133be30838bdd2a5	239a643212c3bada
1788609442103651610	7	500	phase_loop[1872]	1788609440811378	9993	41afd93750908a86	239a643212c3bada
1788609442103651610	7	500	phase_loop[1873]	1788609440821376	9998	f5e466fc9478b434	239a643212c3bada
1788609442103651610	7	500	phase_loop[1874]	1788609440831378	9995	4877c2dceff385f6	239a643212c3bada
1788609442103651610	7	500	phase_loop[1875]	1788609440841377	9995	dea7a9e4d4e9466c	239a643212c3bada
1788609442103651610	7	500	phase_loop[1876]	1788609440851377	9997	7e2436a38961645f	239a643212c3bada
1788609442103651610	7	500	phase_loop[1877]	1788609440861378	9996	055855f826db09cd	239a643212c3bada
1788609442103651610	7	500	phase_loop[1878]	1788609440871378	9995	b456df61cc65f7b2	239a643212c3bada
1788609442103651610	7	500	phase_loop[1879]	1788609440881377	9995	42b0ba44bf056232	239a643212c3bada
1788609442103651610	7	500	phase_loop[1880]	1788609440891377	9996	b74aeaeabfcdb917	239a643212c3bada
1788609442103651610	7	500	phase_loop[1881]	1788609440901377	10031	ae3d13e6950f3ac5	239a643212c3bada
1788609442103651610	7	500	phase_loop[1882]	1788609440911413	9960	0e71afc1c20a8f4d	239a643212c3bada
1788609442103651610	7	500	phase_loop[1883]	1788609440921377	9996	549b4d5696e9473d	239a643212c3bada
1788609442103651610	7	500	phase_loop[1884]	1788609440931378	9996	e67220bbfd8e578c	239a643212c3bada
1788609442103651610	7	500	phase_loop[1885]	1788609440941378	9995	4a20f0801ad6749c	239a643212c3bada
1788609442103651610	7	500	phase_loop[1886]	1788609440951378	9994	12468055ef9cf591	239a643212c3bada
1788609442103651610	7	500	phase_loop[1887]	1788609440961376	9997	434c4cdb47dac0c6	239a643212c3bada
1788609442103651610	7	500	phase_loop[1888]	1788609440971378	9994	fe31c0269cf994ae	239a643212c3bada
1788609442103651610	7	500	phase_loop[1889]	1788609440981376	9997	d53e751edba3e0e3	239a643212c3bada
1788609442103651610	7	500	phase_loop[1890]	1788609440991378	9995	77efed727408df5e	239a643212c3bada
1788609442103651610	7	500	phase_loop[1891]	1788609441001377	9996	a2e7b36968362d4d	239a643212c3bada
1788609442103651610	7	500	phase_loop[1892]	1788609441011377	9995	842fcd571cdb86b7	239a643212c3bada
1788609442103651610	7	500	phase_loop[1893]	1788609441021377	9996	6dac82af28713696	239a643212c3bada
1788609442103651610	7	500	phase_loop[1894]	1788609441031377	9997	5359db1ff50198ec	239a643212c3bada
1788609442103651610	7	500	phase_loop[1895]	1788609441041378	9993	c955715eca3aaab9	239a643212c3bada
1788609442103651610	7	500	phase_loop[1896]	1788609441051376	9998	f5299408c84062d6	239a643212c3bada
1788609442103651610	7	500	phase_loop[1897]	1788609441061378	9995	9e07bbcb0d7d6739	239a643212c3bada
1788609442103651610	7	500	phase_loop[1898]	1788609441071378	9996	7c887873c5bcffbe	239a643212c3bada
1788609442103651610	7	500	phase_loop[1899]	1788609441081379	9994	5fb5863cbe3cb2fc	239a643212c3bada
1788609442103651610	7	500	phase_loop[1900]	1788609441091377	9999	2ba4df2b57e774d2	239a643212c3bada
1788609442103651610	7	500	phase_loop[1901]	1788609441101380	9993	a96310029b246377	239a643212c3bada
1788609442103651610	7	500	phase_loop[1902]	1788609441111377	9995	75b7e685fba31849	239a643212c3bada
1788609442103651610	7	500	phase_loop[1903]	1788609441121377	9997	7acd8ebdc5903e14	239a643212c3bada
1788609442103651610	7	500	phase_loop[1904]	1788609441131378	9995	f626400ffcaee0c5	239a643212c3bada
1788609442103651610	7	500	phase_loop[1905]	1788609441141377	9995	6518612e386481d4	239a643212c3bada
1788609442103651610	7	500	phase_loop[1906]	1788609441151377	9997	6609eb4ca1b29888	239a643212c3bada
1788609442103651610	7	500	phase_loop[1907]	1788609441161378	9995	3f4980e2a8953098	239a643212c3bada
1788609442103651610	7	500	phase_loop[1908]	1788609441171377	9996	2c656ea57c615280	239a643212c3bada
1788609442103651610	7	500	phase_loop[1909]	1788609441181378	9993	a999d62fa6d19414	239a643212c3bada
1788609442103651610	7	500	phase_loop[1910]	1788609441191376	9997	b8159459aede15d6	239a643212c3bada
1788609442103651610	7	500	phase_loop[1911]	1788609441201377	9996	c06a36e53106a996	239a643212c3bada
1788609442103651610	7	500	phase_loop[1912]	1788609441211376	9996	cd7f1a4a07efa799	239a643212c3bada
1788609442103651610	7	500	phase_loop[1913]	1788609441221376	9997	e176daa0ce905c1b	239a643212c3bada
1788609442103651610	7	500	phase_loop[1914]	1788609441231377	10041	e07004ef31865705	239a643212c3bada
1788609442103651610	7	500	phase_loop[1915]	1788609441241423	9952	85af736028804b8d	239a643212c3bada
1788609442103651610	7	500	phase_loop[1916]	1788609441251380	9992	6401ea739673fba0	239a643212c3bada
1788609442103651610	7	500	phase_loop[1917]	1788609441261377	9996	243b2c3d183980ff	239a643212c3bada
1788609442103651610	7	500	phase_loop[1918]	1788609441271378	9995	7b991d7780164b93	239a643212c3bada
1788609442103651610	7	500	phase_loop[1919]	1788609441281378	9996	c324039367fde91f	239a643212c3bada
1788609442103651610	7	500	phase_loop[1920]	1788609441291378	9995	85fe903e937e634c	239a643212c3bada
1788609442103651610	7	500	phase_loop[1921]	1788609441301377	9994	815e738f5e2da7df	239a643212c3bada
1788609442103651610	7	500	phase_loop[1922]	1788609441311376	9997	ccd91b435f2be449	239a643212c3bada
1788609442103651610	7	500	phase_loop[1923]	1788609441321377	9995	5b2bbd43d04c059b	239a643212c3bada
1788609442103651610	7	500	phase_loop[1924]	1788609441331376	9995	e8d9d4f8d68d85df	239a643212c3bada
1788609442103651610	7	500	phase_loop[1925]	1788609441341375	9996	2819518e3603649c	239a643212c3bada
1788609442103651610	7	500	phase_loop[1926]	1788609441351375	9997	850f8b9735995a98	239a643212c3bada
1788609442103651610	7	500	phase_loop[1927]	1788609441361376	9997	2190a6fe2e636b6f	239a643212c3bada
1788609442103651610	7	500	phase_loop[1928]	1788609441371378	9995	cf778324c29bdc5b	239a643212c3bada
1788609442103651610	7	500	phase_loop[1929]	1788609441381378	9997	4a3fbfc9eee7f154	239a643212c3bada
1788609442103651610	7	500	phase_loop[1930]	1788609441391379	9996	e1e7baa39ecc26da	239a643212c3bada
1788609442103651610	7	500	phase_loop[1931]	1788609441401379	9994	9616219dc8d3877d	239a643212c3bada
1788609442103651610	7	500	phase_loop[1932]	1788609441411377	9994	f7b31215be13ff52	239a643212c3bada
1788609442103651610	7	500	phase_loop[1933]	1788609441421376	9996	306313b78642263b	239a643212c3bada
1788609442103651610	7	500	phase_loop[1934]	1788609441431376	9999	a79b459b1c1eca86	239a643212c3bada
1788609442103651610	7	500	phase_loop[1935]	1788609441441379	9994	60399b978bed4f16	239a643212c3bada
1788609442103651610	7	500	phase_loop[1936]	1788609441451377	9996	ca0aa221e8a7d75d	239a643212c3bada
1788609442103651610	7	500	phase_loop[1937]	1788609441461378	9996	8ad3886019784b3d	239a643212c3bada
1788609442103651610	7	500	phase_loop[1938]	1788609441471378	9994	aba138b12f2c85eb	239a643212c3bada
1788609442103651610	7	500	phase_loop[1939]	1788609441481376	9997	2f61b911301dab9a	239a643212c3bada
1788609442103651610	7	500	phase_loop[1940]	1788609441491378	9996	0ac7988d7a9fffc6	239a643212c3bada
1788609442103651610	7	500	phase_loop[1941]	1788609441501378	9993	2d5d073e45043da4	239a643212c3bada
1788609442103651610	7	500	phase_loop[1942]	1788609441511376	9996	733e7e8e05fb681a	239a643212c3bada
1788609442103651610	7	500	phase_loop[1943]	1788609441521377	9998	3bb4419fed37cf98	239a643212c3bada
1788609442103651610	7	500	phase_loop[1944]	1788609441531378	9994	22a5e4b668cd1cfd	239a643212c3bada
1788609442103651610	7	500	phase_loop[1945]	1788609441541377	9997	9f94bb6f1e634157	239a643212c3bada
1788609442103651610	7	500	phase_loop[1946]	1788609441551378	9996	641ba2f897c6cb96	239a643212c3bada
1788609442103651610	7	500	phase_loop[1947]	1788609441561380	10037	99ccfe9cb2edc1ef	239a643212c3bada
1788609442103651610	7	500	phase_loop[1948]	1788609441571422	9949	d9411acd9886fa0c	239a643212c3bada
1788609442103651610	7	500	phase_loop[1949]	1788609441581376	9997	3d22bed8eb24eb65	239a643212c3bada
1788609442103651610	7	500	phase_loop[1950]	1788609441591377	9996	345878843db199a4	239a643212c3bada
1788609442103651610	7	500	phase_loop[1951]	1788609441601378	9995	b04293ce3ea682b7	239a643212c3bada
1788609442103651610	7	500	phase_loop[1952]	1788609441611377	9995	9289e93ae7da2af5	239a643212c3bada
1788609442103651610	7	500	phase_loop[1953]	1788609441621376	9997	4248b782a7f7061c	239a643212c3bada
1788609442103651610	7	500	phase_loop[1954]	1788609441631377	9995	13bd61eb1f16599b	239a643212c3bada
1788609442103651610	7	500	phase_loop[1955]	1788609441641376	9995	b43ce8498c1593d4	239a643212c3bada
1788609442103651610	7	500	phase_loop[1956]	1788609441651375	9996	4f24e71b7bae4049	239a643212c3bada
1788609442103651610	7	500	phase_loop[1957]	1788609441661376	9996	222f6a6e03a98842	239a643212c3bada
1788609442103651610	7	500	phase_loop[1958]	1788609441671376	9996	df6f607a1e0dba3c	239a643212c3bada
1788609442103651610	7	500	phase_loop[1959]	1788609441681377	9996	eab083995d912680	239a643212c3bada
1788609442103651610	7	500	phase_loop[1960]	1788609441691377	9996	b8ea8a3fd5b431b4	239a643212c3bada
1788609442103651610	7	500	phase_loop[1961]	1788609441701377	9996	3620eb7851f55d9d	239a643212c3bada
1788609442103651610	7	500	phase_loop[1962]	1788609441711377	9994	383707ee16cacb42	239a643212c3bada
1788609442103651610	7	500	phase_loop[1963]	1788609441721376	9999	6348f16bfdc430fe	239a643212c3bada
1788609442103651610	7	500	phase_loop[1964]	1788609441731378	9993	d903754ed059ccc3	239a643212c3bada
1788609442103651610	7	500	phase_loop[1965]	1788609441741376	9996	207c71b3a2b6cd46	239a643212c3bada
1788609442103651610	7	500	phase_loop[1966]	1788609441751376	9996	388250922c41b90c	239a643212c3bada
1788609442103651610	7	500	phase_loop[1967]	1788609441761376	9998	b55401be13df0513	239a643212c3bada
1788609442103651610	7	500	phase_loop[1968]	1788609441771377	9997	0562ee77c120147e	239a643212c3bada
1788609442103651610	7	500	phase_loop[1969]	1788609441781378	9993	1f3f56f37d9227dd	239a643212c3bada
1788609442103651610	7	500	phase_loop[1970]	1788609441791375	9998	0e37095f486c67be	239a643212c3bada
1788609442103651610	7	500	phase_loop[1971]	1788609441801378	9995	76b6fe0fc0cb5520	239a643212c3bada
1788609442103651610	7	500	phase_loop[1972]	1788609441811377	9995	45dc05b9e1ee1e76	239a643212c3bada
1788609442103651610	7	500	phase_loop[1973]	1788609441821376	9997	d59fd8e81e220176	239a643212c3bada
1788609442103651610	7	500	phase_loop[1974]	1788609441831377	9996	073e72b5e782058f	239a643212c3bada
1788609442103651610	7	500	phase_loop[1975]	1788609441841378	9995	6ddde1c2790791e7	239a643212c3bada
1788609442103651610	7	500	phase_loop[1976]	1788609441851378	9995	30ad4d179cca66e5	239a643212c3bada
1788609442103651610	7	500	phase_loop[1977]	1788609441861377	9999	92a48bd4994cafda	239a643212c3bada
1788609442103651610	7	500	phase_loop[1978]	1788609441871380	9993	b8fed2dac7065d3b	239a643212c3bada
1788609442103651610	7	500	phase_loop[1979]	1788609441881377	9995	17b7613b64aac3a5	239a643212c3bada
1788609442103651610	7	500	phase_loop[1980]	1788609441891376	10037	68fe10e3769a71ce	239a643212c3bada
1788609442103651610	7	500	phase_loop[1981]	1788609441901418	9956	a5e853bd2babcbd6	239a643212c3bada
1788609442103651610	7	500	phase_loop[1982]	1788609441911379	9995	877ab8bd436e079b	239a643212c3bada
1788609442103651610	7	500	phase_loop[1983]	1788609441921378	9994	0a493b71c9495c36	239a643212c3bada
1788609442103651610	7	500	phase_loop[1984]	1788609441931377	9996	a7a1736ed6a1337d	239a643212c3bada
1788609442103651610	7	500	phase_loop[1985]	1788609441941377	9997	b9dbf8eff854be6a	239a643212c3bada
1788609442103651610	7	500	phase_loop[1986]	1788609441951378	9993	fa7d1b1a7318d240	239a643212c3bada
1788609442103651610	7	500	phase_loop[1987]	1788609441961375	9997	d7835e254ebd6b5a	239a643212c3bada
1788609442103651610	7	500	phase_loop[1988]	1788609441971376	9996	c7c406a12fa02473	239a643212c3bada
1788609442103651610	7	500	phase_loop[1989]	1788609441981377	9996	382b08a15d55cbb1	239a643212c3bada
1788609442103651610	7	500	phase_loop[1990]	1788609441991377	9996	6338589cd0454d46	239a643212c3bada
1788609442103651610	7	500	phase_loop[1991]	1788609442001377	10013	acc30e751f972481	239a643212c3bada
1788609442103651610	7	500	phase_loop[1992]	1788609442011394	9978	6c488f4a3f284953	239a643212c3bada
1788609442103651610	7	500	phase_loop[1993]	1788609442021376	9997	80a3a71b2911fa61	239a643212c3bada
1788609442103651610	7	500	phase_loop[1994]	1788609442031378	9997	0873be763246582e	239a643212c3bada
1788609442103651610	7	500	phase_loop[1995]	1788609442041379	9993	fba16cf160ecf058	239a643212c3bada
1788609442103651610	7	500	phase_loop[1996]	1788609442051376	9996	6b4950c426025c63	239a643212c3bada
1788609442103651610	7	500	phase_loop[1997]	1788609442061377	9996	7b8b8612c157f25a	239a643212c3bada
1788609442103651610	7	500	phase_loop[1998]	1788609442071377	9995	3e4ac52d19763854	239a643212c3bada
1788609442103651610	7	500	phase_loop[1999]	1788609442081377	9997	58deea6acdf3ce30	239a643212c3bada
1788609442103651610	7	500	HI_task-0	1788609422091450	19999953	7f7356355f16ad75	a76b21dba0fa4ea8
1788609442110869697	8	4	phase_loop[2000]	1788609442091379	2052	0e99c7ab35ca0def	239a643212c3bada
1788609442110869697	8	4	phase[0]	1788609422115473	19977959	239a643212c3bada	a98dbe47ef54fb7f
1788609442110869697	8	4	thread_loop[0]	1788609422115465	19977968	a98dbe47ef54fb7f	7f7356355f16ad75
1788609442110869697	8	4	main	1788609422091032	20005807	a76b21dba0fa4ea8	-
